house,district,census_tract,country,date,wealth_index,hh_size,migrant_num,any_remit,migrant_hh,migrant_loc,hh_months,remit,lat,long
1,banwa(solenzo),bankouma,burkina_faso,2009-11-06,-0.7890646367395264,12,2,1,hh,national,64,1,11.883200619057966,-4.266469868
1,banwa(solenzo),bankouma,burkina_faso,2009-11-06,-0.7890646367395264,12,2,1,hh,national,64,1,11.883200619057966,-4.266469868
1,banwa(solenzo),bankouma,burkina_faso,2009-11-06,-0.7890646367395264,12,2,1,non-hh,national,NA,1,11.883200619057966,-4.266469868
2,banwa(solenzo),bankouma,burkina_faso,2009-11-06,-0.7721264818836506,17,2,1,hh,national,87,NA,11.883200619057966,-4.266469868
2,banwa(solenzo),bankouma,burkina_faso,2009-11-06,-0.7721264818836506,17,2,1,hh,national,87,NA,11.883200619057966,-4.266469868
2,banwa(solenzo),bankouma,burkina_faso,2009-11-06,-0.7721264818836506,17,2,1,non-hh,national,NA,1,11.883200619057966,-4.266469868
3,banwa(solenzo),bankouma,burkina_faso,2009-11-05,4.132523779205559,16,1,NA,hh,national,42,NA,11.883200619057966,-4.266469868
4,banwa(solenzo),bankouma,burkina_faso,2009-11-05,1.7443787706712452,5,1,1,hh,national,24,NA,11.883200619057966,-4.266469868
4,banwa(solenzo),bankouma,burkina_faso,2009-11-05,1.7443787706712452,5,1,1,non-hh,,NA,1,11.883200619057966,-4.266469868
6,banwa(solenzo),bankouma,burkina_faso,2009-11-05,-0.9366006782643141,4,1,1,hh,national,16,NA,11.883200619057966,-4.266469868
6,banwa(solenzo),bankouma,burkina_faso,2009-11-05,-0.9366006782643141,4,1,1,non-hh,national,NA,1,11.883200619057966,-4.266469868
7,banwa(solenzo),bankouma,burkina_faso,2009-11-05,-0.7877432204032524,7,2,1,hh,national,39,1,11.883200619057966,-4.266469868
7,banwa(solenzo),bankouma,burkina_faso,2009-11-05,-0.7877432204032524,7,2,1,hh,national,55,1,11.883200619057966,-4.266469868
8,banwa(solenzo),bankouma,burkina_faso,2009-11-06,1.55446047049226,9,1,NA,hh,national,26,NA,11.883200619057966,-4.266469868
9,banwa(solenzo),bankouma,burkina_faso,2009-11-06,1.5495051592312326,5,2,NA,hh,national,48,NA,11.883200619057966,-4.266469868
9,banwa(solenzo),bankouma,burkina_faso,2009-11-06,1.5495051592312326,5,2,NA,hh,national,119,NA,11.883200619057966,-4.266469868
10,banwa(solenzo),bankouma,burkina_faso,2009-11-05,2.3726636229646503,8,1,1,hh,international,8,NA,11.883200619057966,-4.266469868
10,banwa(solenzo),bankouma,burkina_faso,2009-11-05,2.3726636229646503,8,1,1,non-hh,national,NA,1,11.883200619057966,-4.266469868
11,banwa(solenzo),bankouma,burkina_faso,2009-11-05,1.727268599448288,11,4,1,hh,international,182,1,11.883200619057966,-4.266469868
11,banwa(solenzo),bankouma,burkina_faso,2009-11-05,1.727268599448288,11,4,1,hh,international,38,NA,11.883200619057966,-4.266469868
11,banwa(solenzo),bankouma,burkina_faso,2009-11-05,1.727268599448288,11,4,1,hh,international,126,NA,11.883200619057966,-4.266469868
11,banwa(solenzo),bankouma,burkina_faso,2009-11-05,1.727268599448288,11,4,1,hh,international,40,NA,11.883200619057966,-4.266469868
11,banwa(solenzo),bankouma,burkina_faso,2009-11-05,1.727268599448288,11,4,1,non-hh,national,NA,1,11.883200619057966,-4.266469868
12,banwa(solenzo),bankouma,burkina_faso,2009-11-05,-0.7732076407042385,8,2,1,hh,international,125,NA,11.883200619057966,-4.266469868
12,banwa(solenzo),bankouma,burkina_faso,2009-11-05,-0.7732076407042385,8,2,1,hh,international,125,1,11.883200619057966,-4.266469868
12,banwa(solenzo),bankouma,burkina_faso,2009-11-05,-0.7732076407042385,8,2,1,non-hh,national,NA,1,11.883200619057966,-4.266469868
13,banwa(solenzo),bankouma,burkina_faso,2009-11-05,-0.7851003877307043,11,2,1,hh,international,125,1,11.883200619057966,-4.266469868
13,banwa(solenzo),bankouma,burkina_faso,2009-11-05,-0.7851003877307043,11,2,1,hh,international,184,1,11.883200619057966,-4.266469868
14,banwa(solenzo),bankouma,burkina_faso,2009-11-05,0.2829678670791659,14,4,1,hh,international,64,1,11.883200619057966,-4.266469868
14,banwa(solenzo),bankouma,burkina_faso,2009-11-05,0.2829678670791659,14,4,1,hh,international,122,NA,11.883200619057966,-4.266469868
14,banwa(solenzo),bankouma,burkina_faso,2009-11-05,0.2829678670791659,14,4,1,hh,international,14,NA,11.883200619057966,-4.266469868
14,banwa(solenzo),bankouma,burkina_faso,2009-11-05,0.2829678670791659,14,4,1,hh,international,150,NA,11.883200619057966,-4.266469868
15,banwa(solenzo),bankouma,burkina_faso,2009-11-05,-0.7890646367395264,12,2,1,hh,international,198,1,11.883200619057966,-4.266469868
15,banwa(solenzo),bankouma,burkina_faso,2009-11-05,-0.7890646367395264,12,2,1,hh,international,131,1,11.883200619057966,-4.266469868
16,banwa(solenzo),bankouma,burkina_faso,2009-11-05,3.139256986906988,13,1,NA,hh,international,14,NA,11.883200619057966,-4.266469868
17,banwa(solenzo),bankouma,burkina_faso,2009-11-06,-0.4370207968415578,24,2,1,hh,international,66,1,11.883200619057966,-4.266469868
17,banwa(solenzo),bankouma,burkina_faso,2009-11-06,-0.4370207968415578,24,2,1,hh,international,66,1,11.883200619057966,-4.266469868
17,banwa(solenzo),bankouma,burkina_faso,2009-11-06,-0.4370207968415578,24,2,1,non-hh,national,NA,1,11.883200619057966,-4.266469868
17,banwa(solenzo),bankouma,burkina_faso,2009-11-06,-0.4370207968415578,24,2,1,non-hh,national,NA,1,11.883200619057966,-4.266469868
18,banwa(solenzo),bankouma,burkina_faso,2009-11-06,-0.45819349041140245,13,1,1,hh,international,24,1,11.883200619057966,-4.266469868
28,banwa(solenzo),diontala,burkina_faso,2009-11-07,-0.453238179150375,12,2,1,hh,international,129,NA,11.766716904941084,-4.455623572
28,banwa(solenzo),diontala,burkina_faso,2009-11-07,-0.453238179150375,12,2,1,hh,international,155,1,11.766716904941084,-4.455623572
29,banwa(solenzo),diontala,burkina_faso,2009-11-07,-0.473059424194485,8,1,1,hh,international,12,NA,11.766716904941084,-4.455623572
29,banwa(solenzo),diontala,burkina_faso,2009-11-07,-0.473059424194485,8,1,1,non-hh,national,NA,1,11.766716904941084,-4.455623572
29,banwa(solenzo),diontala,burkina_faso,2009-11-07,-0.473059424194485,8,1,1,non-hh,national,NA,1,11.766716904941084,-4.455623572
39,banwa(solenzo),diontala,burkina_faso,2009-11-08,-0.7811361387218825,4,1,1,hh,international,150,NA,11.766716904941084,-4.455623572
39,banwa(solenzo),diontala,burkina_faso,2009-11-08,-0.7811361387218825,4,1,1,non-hh,national,NA,1,11.766716904941084,-4.455623572
40,banwa(solenzo),diontala,burkina_faso,2009-11-08,-0.7778325978811975,11,2,1,hh,international,184,NA,11.766716904941084,-4.455623572
40,banwa(solenzo),diontala,burkina_faso,2009-11-08,-0.7778325978811975,11,2,1,hh,international,184,1,11.766716904941084,-4.455623572
40,banwa(solenzo),diontala,burkina_faso,2009-11-08,-0.7778325978811975,11,2,1,non-hh,national,NA,1,11.766716904941084,-4.455623572
40,banwa(solenzo),diontala,burkina_faso,2009-11-08,-0.7778325978811975,11,2,1,non-hh,national,NA,1,11.766716904941084,-4.455623572
41,banwa(solenzo),diontala,burkina_faso,2009-11-07,-0.41755993807097713,12,1,1,hh,international,62,NA,11.766716904941084,-4.455623572
41,banwa(solenzo),diontala,burkina_faso,2009-11-07,-0.41755993807097713,12,1,1,non-hh,national,NA,1,11.766716904941084,-4.455623572
42,banwa(solenzo),diontala,burkina_faso,2009-11-07,-0.7679219753591424,8,2,1,hh,international,64,1,11.766716904941084,-4.455623572
42,banwa(solenzo),diontala,burkina_faso,2009-11-07,-0.7679219753591424,8,2,1,hh,international,61,1,11.766716904941084,-4.455623572
42,banwa(solenzo),diontala,burkina_faso,2009-11-07,-0.7679219753591424,8,2,1,non-hh,national,NA,1,11.766716904941084,-4.455623572
43,banwa(solenzo),diontala,burkina_faso,2009-11-07,-0.8009573837659925,9,2,1,hh,international,185,1,11.766716904941084,-4.455623572
43,banwa(solenzo),diontala,burkina_faso,2009-11-07,-0.8009573837659925,9,2,1,hh,international,185,1,11.766716904941084,-4.455623572
43,banwa(solenzo),diontala,burkina_faso,2009-11-07,-0.8009573837659925,9,2,1,non-hh,national,NA,1,11.766716904941084,-4.455623572
44,banwa(solenzo),diontala,burkina_faso,2009-11-07,-0.7726413194172639,11,1,NA,hh,international,105,NA,11.766716904941084,-4.455623572
45,banwa(solenzo),diontala,burkina_faso,2009-11-07,-0.7910467612439374,5,1,NA,hh,international,99,NA,11.766716904941084,-4.455623572
46,banwa(solenzo),diontala,burkina_faso,2009-11-07,0.32261035716738584,8,1,NA,hh,national,120,NA,11.766716904941084,-4.455623572
47,banwa(solenzo),diontala,burkina_faso,2009-11-07,0.5969909551197963,9,1,NA,hh,national,49,NA,11.766716904941084,-4.455623572
48,banwa(solenzo),diontala,burkina_faso,2009-11-07,2.0920979752868627,9,6,1,hh,national,73,NA,11.766716904941084,-4.455623572
48,banwa(solenzo),diontala,burkina_faso,2009-11-07,2.0920979752868627,9,6,1,hh,national,60,NA,11.766716904941084,-4.455623572
48,banwa(solenzo),diontala,burkina_faso,2009-11-07,2.0920979752868627,9,6,1,hh,national,37,NA,11.766716904941084,-4.455623572
48,banwa(solenzo),diontala,burkina_faso,2009-11-07,2.0920979752868627,9,6,1,hh,national,36,NA,11.766716904941084,-4.455623572
48,banwa(solenzo),diontala,burkina_faso,2009-11-07,2.0920979752868627,9,6,1,hh,national,37,NA,11.766716904941084,-4.455623572
48,banwa(solenzo),diontala,burkina_faso,2009-11-07,2.0920979752868627,9,6,1,hh,national,84,1,11.766716904941084,-4.455623572
49,banwa(solenzo),diontala,burkina_faso,2009-11-07,2.054671027893693,12,2,NA,hh,national,24,NA,11.766716904941084,-4.455623572
49,banwa(solenzo),diontala,burkina_faso,2009-11-07,2.054671027893693,12,2,NA,hh,national,37,NA,11.766716904941084,-4.455623572
50,banwa(solenzo),diontala,burkina_faso,2009-11-08,-0.9564219233084241,9,1,1,hh,national,49,NA,11.766716904941084,-4.455623572
50,banwa(solenzo),diontala,burkina_faso,2009-11-08,-0.9564219233084241,9,1,1,non-hh,national,NA,1,11.766716904941084,-4.455623572
51,banwa(solenzo),diontala,burkina_faso,2009-11-07,-0.7860914499829099,18,2,1,hh,national,52,NA,11.766716904941084,-4.455623572
51,banwa(solenzo),diontala,burkina_faso,2009-11-07,-0.7860914499829099,18,2,1,hh,national,74,1,11.766716904941084,-4.455623572
51,banwa(solenzo),diontala,burkina_faso,2009-11-07,-0.7860914499829099,18,2,1,non-hh,national,NA,1,11.766716904941084,-4.455623572
52,banwa(solenzo),diontala,burkina_faso,2009-11-07,-0.7646184345184575,7,1,1,hh,national,27,1,11.766716904941084,-4.455623572
52,banwa(solenzo),diontala,burkina_faso,2009-11-07,-0.7646184345184575,7,1,1,non-hh,national,NA,1,11.766716904941084,-4.455623572
53,banwa(solenzo),diontala,burkina_faso,2009-11-07,-0.8009573837659925,6,1,1,hh,national,27,1,11.766716904941084,-4.455623572
54,banwa(solenzo),diontala,burkina_faso,2009-11-07,0.6267228226859611,12,1,NA,hh,national,46,NA,11.766716904941084,-4.455623572
55,banwa(solenzo),sanakuy,burkina_faso,2009-11-04,-0.7811361387218825,8,1,NA,hh,international,29,NA,12.184773721304458,-4.085154664
56,banwa(solenzo),sanakuy,burkina_faso,2009-11-04,-0.453238179150375,12,1,1,hh,international,79,1,12.184773721304458,-4.085154664
57,banwa(solenzo),sanakuy,burkina_faso,2009-11-03,0.3054319447958238,10,1,1,hh,international,148,1,12.184773721304458,-4.085154664
57,banwa(solenzo),sanakuy,burkina_faso,2009-11-03,0.3054319447958238,10,1,1,non-hh,international,NA,1,12.184773721304458,-4.085154664
58,banwa(solenzo),sanakuy,burkina_faso,2009-11-03,1.7069518232780752,12,2,1,hh,international,366,1,12.184773721304458,-4.085154664
58,banwa(solenzo),sanakuy,burkina_faso,2009-11-03,1.7069518232780752,12,2,1,hh,international,480,NA,12.184773721304458,-4.085154664
58,banwa(solenzo),sanakuy,burkina_faso,2009-11-03,1.7069518232780752,12,2,1,non-hh,international,NA,1,12.184773721304458,-4.085154664
59,banwa(solenzo),sanakuy,burkina_faso,2009-11-04,-0.7910467612439374,10,1,NA,hh,international,48,NA,12.184773721304458,-4.085154664
60,banwa(solenzo),sanakuy,burkina_faso,2009-11-04,0.6635337063393083,8,1,1,hh,international,38,1,12.184773721304458,-4.085154664
61,banwa(solenzo),sanakuy,burkina_faso,2009-11-04,-0.437381183115087,11,3,1,hh,international,108,1,12.184773721304458,-4.085154664
61,banwa(solenzo),sanakuy,burkina_faso,2009-11-04,-0.437381183115087,11,3,1,hh,international,40,1,12.184773721304458,-4.085154664
61,banwa(solenzo),sanakuy,burkina_faso,2009-11-04,-0.437381183115087,11,3,1,hh,international,72,1,12.184773721304458,-4.085154664
62,banwa(solenzo),sanakuy,burkina_faso,2009-11-04,2.372308939940799,6,1,NA,hh,international,207,NA,12.184773721304458,-4.085154664
63,banwa(solenzo),sanakuy,burkina_faso,2009-11-04,0.25027774560725036,9,8,1,hh,international,58,NA,12.184773721304458,-4.085154664
63,banwa(solenzo),sanakuy,burkina_faso,2009-11-04,0.25027774560725036,9,8,1,hh,international,156,NA,12.184773721304458,-4.085154664
63,banwa(solenzo),sanakuy,burkina_faso,2009-11-04,0.25027774560725036,9,8,1,hh,international,7,NA,12.184773721304458,-4.085154664
63,banwa(solenzo),sanakuy,burkina_faso,2009-11-04,0.25027774560725036,9,8,1,hh,international,48,NA,12.184773721304458,-4.085154664
63,banwa(solenzo),sanakuy,burkina_faso,2009-11-04,0.25027774560725036,9,8,1,hh,international,120,NA,12.184773721304458,-4.085154664
63,banwa(solenzo),sanakuy,burkina_faso,2009-11-04,0.25027774560725036,9,8,1,hh,international,225,1,12.184773721304458,-4.085154664
63,banwa(solenzo),sanakuy,burkina_faso,2009-11-04,0.25027774560725036,9,8,1,hh,international,7,NA,12.184773721304458,-4.085154664
63,banwa(solenzo),sanakuy,burkina_faso,2009-11-04,0.25027774560725036,9,8,1,hh,international,10,NA,12.184773721304458,-4.085154664
64,banwa(solenzo),sanakuy,burkina_faso,2009-11-04,-0.7930288857483485,13,1,NA,hh,national,25,NA,12.184773721304458,-4.085154664
65,banwa(solenzo),sanakuy,burkina_faso,2009-11-04,-0.796002072504965,11,2,1,hh,national,72,NA,12.184773721304458,-4.085154664
65,banwa(solenzo),sanakuy,burkina_faso,2009-11-04,-0.796002072504965,11,2,1,hh,national,252,1,12.184773721304458,-4.085154664
66,banwa(solenzo),sanakuy,burkina_faso,2009-11-04,-0.7712255161998274,3,1,1,hh,national,31,1,12.184773721304458,-4.085154664
67,banwa(solenzo),sanakuy,burkina_faso,2009-11-03,-0.42209050836677364,10,2,1,hh,national,145,1,12.184773721304458,-4.085154664
67,banwa(solenzo),sanakuy,burkina_faso,2009-11-03,-0.42209050836677364,10,2,1,hh,national,84,1,12.184773721304458,-4.085154664
68,banwa(solenzo),sanakuy,burkina_faso,2009-11-04,-0.7839677451567553,15,2,1,hh,national,92,NA,12.184773721304458,-4.085154664
68,banwa(solenzo),sanakuy,burkina_faso,2009-11-04,-0.7839677451567553,15,2,1,hh,national,105,NA,12.184773721304458,-4.085154664
68,banwa(solenzo),sanakuy,burkina_faso,2009-11-04,-0.7839677451567553,15,2,1,non-hh,national,NA,1,12.184773721304458,-4.085154664
70,banwa(solenzo),sanakuy,burkina_faso,2009-11-04,-0.776180827460855,7,1,1,hh,national,67,NA,12.184773721304458,-4.085154664
70,banwa(solenzo),sanakuy,burkina_faso,2009-11-04,-0.776180827460855,7,1,1,non-hh,national,NA,1,12.184773721304458,-4.085154664
71,banwa(solenzo),sanakuy,burkina_faso,2009-11-04,0.6445965237907991,16,2,NA,hh,national,273,NA,12.184773721304458,-4.085154664
71,banwa(solenzo),sanakuy,burkina_faso,2009-11-04,0.6445965237907991,16,2,NA,hh,national,263,NA,12.184773721304458,-4.085154664
72,banwa(solenzo),sanakuy,burkina_faso,2009-11-04,1.5693264042753425,12,1,1,hh,national,90,1,12.184773721304458,-4.085154664
82,banwa(solenzo),moara,burkina_faso,2009-11-02,0.044254098351472454,7,1,1,hh,international,186,1,12.793094716472691,-3.341217169
82,banwa(solenzo),moara,burkina_faso,2009-11-02,0.044254098351472454,7,1,1,non-hh,international,NA,1,12.793094716472691,-3.341217169
84,banwa(solenzo),moara,burkina_faso,2009-11-02,-0.9564219233084241,3,1,NA,hh,international,13,NA,12.793094716472691,-3.341217169
85,banwa(solenzo),moara,burkina_faso,2009-11-02,-0.7910467612439374,5,1,1,hh,international,243,1,12.793094716472691,-3.341217169
85,banwa(solenzo),moara,burkina_faso,2009-11-02,-0.7910467612439374,5,1,1,non-hh,national,NA,1,12.793094716472691,-3.341217169
86,banwa(solenzo),moara,burkina_faso,2009-11-02,-0.6285239637369167,4,1,NA,hh,national,19,NA,12.793094716472691,-3.341217169
87,banwa(solenzo),moara,burkina_faso,2009-11-01,-0.9564219233084241,3,1,1,hh,international,146,1,12.793094716472691,-3.341217169
87,banwa(solenzo),moara,burkina_faso,2009-11-01,-0.9564219233084241,3,1,1,non-hh,national,NA,1,12.793094716472691,-3.341217169
88,banwa(solenzo),moara,burkina_faso,2009-11-01,-0.4254884360886211,8,1,NA,hh,national,15,NA,12.793094716472691,-3.341217169
89,banwa(solenzo),moara,burkina_faso,2009-11-01,-0.4202027707435251,12,1,1,hh,national,122,1,12.793094716472691,-3.341217169
89,banwa(solenzo),moara,burkina_faso,2009-11-01,-0.4202027707435251,12,1,1,non-hh,national,NA,1,12.793094716472691,-3.341217169
90,banwa(solenzo),moara,burkina_faso,2009-11-02,-0.969636086671164,11,1,1,hh,national,27,1,12.793094716472691,-3.341217169
91,banwa(solenzo),moara,burkina_faso,2009-11-02,-0.8141715471287323,11,1,NA,hh,international,37,NA,12.793094716472691,-3.341217169
92,banwa(solenzo),moara,burkina_faso,2009-11-02,-0.8009573837659925,6,2,1,hh,international,148,1,12.793094716472691,-3.341217169
92,banwa(solenzo),moara,burkina_faso,2009-11-02,-0.8009573837659925,6,2,1,hh,international,121,1,12.793094716472691,-3.341217169
92,banwa(solenzo),moara,burkina_faso,2009-11-02,-0.8009573837659925,6,2,1,non-hh,national,NA,1,12.793094716472691,-3.341217169
93,banwa(solenzo),moara,burkina_faso,2009-11-02,-0.9366006782643141,6,2,1,hh,international,110,1,12.793094716472691,-3.341217169
93,banwa(solenzo),moara,burkina_faso,2009-11-02,-0.9366006782643141,6,2,1,hh,international,110,1,12.793094716472691,-3.341217169
94,banwa(solenzo),moara,burkina_faso,2009-11-01,-0.966332545830479,14,1,1,hh,international,14,1,12.793094716472691,-3.341217169
94,banwa(solenzo),moara,burkina_faso,2009-11-01,-0.966332545830479,14,1,1,non-hh,international,NA,1,12.793094716472691,-3.341217169
95,banwa(solenzo),moara,burkina_faso,2009-11-01,-0.986153790874589,9,1,1,hh,international,126,1,12.793094716472691,-3.341217169
104,banwa(solenzo),moara,burkina_faso,2009-11-02,-0.9366006782643141,2,1,1,hh,national,138,1,12.793094716472691,-3.341217169
104,banwa(solenzo),moara,burkina_faso,2009-11-02,-0.9366006782643141,2,1,1,non-hh,national,NA,1,12.793094716472691,-3.341217169
105,banwa(solenzo),moara,burkina_faso,2009-11-01,-0.7943503020846223,8,1,1,hh,national,245,1,12.793094716472691,-3.341217169
106,banwa(solenzo),moara,burkina_faso,2009-11-01,-0.9088509352025602,3,1,1,hh,national,77,1,12.793094716472691,-3.341217169
107,banwa(solenzo),moara,burkina_faso,2009-11-01,-0.7811361387218825,8,1,1,hh,national,56,1,12.793094716472691,-3.341217169
108,banwa(solenzo),moara,burkina_faso,2009-11-01,-0.9366006782643141,6,1,1,hh,national,84,1,12.793094716472691,-3.341217169
109,banwa(solenzo),tamouga,burkina_faso,2009-10-31,-0.7910467612439374,10,2,NA,hh,national,12,NA,12.184773721304458,-4.085154664
109,banwa(solenzo),tamouga,burkina_faso,2009-10-31,-0.7910467612439374,10,2,NA,hh,national,12,NA,12.184773721304458,-4.085154664
110,banwa(solenzo),tamouga,burkina_faso,2009-10-31,0.6386155697124272,24,1,NA,hh,national,12,NA,12.184773721304458,-4.085154664
111,banwa(solenzo),tamouga,burkina_faso,2009-10-30,-0.8306892513321573,18,2,1,hh,national,110,1,12.184773721304458,-4.085154664
111,banwa(solenzo),tamouga,burkina_faso,2009-10-30,-0.8306892513321573,18,2,1,hh,national,110,1,12.184773721304458,-4.085154664
112,banwa(solenzo),tamouga,burkina_faso,2009-10-31,-0.8075644654473624,10,1,NA,hh,national,6,NA,12.184773721304458,-4.085154664
113,banwa(solenzo),tamouga,burkina_faso,2009-10-31,-0.4284616228452376,7,1,NA,hh,national,12,NA,12.184773721304458,-4.085154664
122,banwa(solenzo),tamouga,burkina_faso,2009-10-31,-0.7745290570405126,10,1,NA,hh,international,22,NA,12.184773721304458,-4.085154664
124,banwa(solenzo),tamouga,burkina_faso,2009-10-31,2.0846650083953215,22,1,NA,hh,international,389,NA,12.184773721304458,-4.085154664
125,banwa(solenzo),tamouga,burkina_faso,2009-10-31,-0.776180827460855,14,1,NA,hh,international,9,NA,12.184773721304458,-4.085154664
126,banwa(solenzo),tamouga,burkina_faso,2009-10-31,-0.7789337781614258,17,1,NA,hh,international,58,NA,12.184773721304458,-4.085154664
127,banwa(solenzo),tamouga,burkina_faso,2009-10-31,-0.40934827940984586,11,1,NA,hh,international,480,NA,12.184773721304458,-4.085154664
129,banwa(solenzo),tamouga,burkina_faso,2009-10-31,0.9923157284064166,18,2,1,hh,international,13,NA,12.184773721304458,-4.085154664
129,banwa(solenzo),tamouga,burkina_faso,2009-10-31,0.9923157284064166,18,2,1,hh,international,255,1,12.184773721304458,-4.085154664
130,banwa(solenzo),tamouga,burkina_faso,2009-10-31,-0.8009573837659925,9,1,NA,hh,international,54,NA,12.184773721304458,-4.085154664
131,banwa(solenzo),tamouga,burkina_faso,2009-11-01,4.57159673110104,22,1,NA,hh,international,272,NA,12.184773721304458,-4.085154664
132,banwa(solenzo),tamouga,burkina_faso,2009-10-31,-0.44332755662832,5,1,NA,hh,national,6,NA,12.184773721304458,-4.085154664
133,banwa(solenzo),tamouga,burkina_faso,2009-10-31,-0.966332545830479,7,1,NA,hh,national,252,NA,12.184773721304458,-4.085154664
134,banwa(solenzo),tamouga,burkina_faso,2009-10-31,-0.7811361387218825,12,4,1,hh,national,48,NA,12.184773721304458,-4.085154664
134,banwa(solenzo),tamouga,burkina_faso,2009-10-31,-0.7811361387218825,12,4,1,hh,national,48,NA,12.184773721304458,-4.085154664
134,banwa(solenzo),tamouga,burkina_faso,2009-10-31,-0.7811361387218825,12,4,1,hh,national,48,1,12.184773721304458,-4.085154664
134,banwa(solenzo),tamouga,burkina_faso,2009-10-31,-0.7811361387218825,12,4,1,hh,national,48,NA,12.184773721304458,-4.085154664
135,banwa(solenzo),tamouga,burkina_faso,2009-10-31,-0.9811984796135615,17,2,NA,hh,national,16,NA,12.184773721304458,-4.085154664
135,banwa(solenzo),tamouga,burkina_faso,2009-10-31,-0.9811984796135615,17,2,NA,hh,national,16,NA,12.184773721304458,-4.085154664
138,sourou(tougan),domoni,burkina_faso,2009-11-04,-0.9592535297432969,22,2,1,hh,international,49,1,13.4946768661363,-3.162732285
138,sourou(tougan),domoni,burkina_faso,2009-11-04,-0.9592535297432969,22,2,1,hh,international,18,NA,13.4946768661363,-3.162732285
140,sourou(tougan),domoni,burkina_faso,2009-11-04,-0.7811361387218825,8,2,1,hh,international,244,1,13.4946768661363,-3.162732285
140,sourou(tougan),domoni,burkina_faso,2009-11-04,-0.7811361387218825,8,2,1,hh,international,255,NA,13.4946768661363,-3.162732285
140,sourou(tougan),domoni,burkina_faso,2009-11-04,-0.7811361387218825,8,2,1,non-hh,national,NA,1,13.4946768661363,-3.162732285
141,sourou(tougan),domoni,burkina_faso,2009-11-04,-0.9564219233084241,6,3,NA,hh,international,99,NA,13.4946768661363,-3.162732285
141,sourou(tougan),domoni,burkina_faso,2009-11-04,-0.9564219233084241,6,3,NA,hh,international,85,NA,13.4946768661363,-3.162732285
141,sourou(tougan),domoni,burkina_faso,2009-11-04,-0.9564219233084241,6,3,NA,hh,international,40,NA,13.4946768661363,-3.162732285
142,sourou(tougan),domoni,burkina_faso,2009-11-03,-0.7943503020846223,8,4,NA,hh,international,99,NA,13.4946768661363,-3.162732285
142,sourou(tougan),domoni,burkina_faso,2009-11-03,-0.7943503020846223,8,4,NA,hh,international,133,NA,13.4946768661363,-3.162732285
142,sourou(tougan),domoni,burkina_faso,2009-11-03,-0.7943503020846223,8,4,NA,hh,international,131,NA,13.4946768661363,-3.162732285
142,sourou(tougan),domoni,burkina_faso,2009-11-03,-0.7943503020846223,8,4,NA,hh,international,55,NA,13.4946768661363,-3.162732285
143,sourou(tougan),domoni,burkina_faso,2009-11-03,-0.41076408262728226,6,1,1,hh,national,22,NA,13.4946768661363,-3.162732285
143,sourou(tougan),domoni,burkina_faso,2009-11-03,-0.41076408262728226,6,1,1,non-hh,national,NA,1,13.4946768661363,-3.162732285
143,sourou(tougan),domoni,burkina_faso,2009-11-03,-0.41076408262728226,6,1,1,non-hh,national,NA,1,13.4946768661363,-3.162732285
143,sourou(tougan),domoni,burkina_faso,2009-11-03,-0.41076408262728226,6,1,1,non-hh,international,NA,1,13.4946768661363,-3.162732285
144,sourou(tougan),domoni,burkina_faso,2009-11-03,-0.9316453670032867,7,1,NA,hh,national,311,NA,13.4946768661363,-3.162732285
145,sourou(tougan),domoni,burkina_faso,2009-11-04,-0.4168992299028401,7,1,1,hh,international,471,1,13.4946768661363,-3.162732285
146,sourou(tougan),domoni,burkina_faso,2009-11-04,-0.9366006782643141,8,1,1,hh,national,316,NA,13.4946768661363,-3.162732285
146,sourou(tougan),domoni,burkina_faso,2009-11-04,-0.9366006782643141,8,1,1,non-hh,international,NA,1,13.4946768661363,-3.162732285
147,sourou(tougan),domoni,burkina_faso,2009-11-03,-0.7662702049387999,5,1,NA,hh,national,29,NA,13.4946768661363,-3.162732285
148,sourou(tougan),domoni,burkina_faso,2009-11-03,-0.9332971374236292,11,2,1,hh,national,243,NA,13.4946768661363,-3.162732285
148,sourou(tougan),domoni,burkina_faso,2009-11-03,-0.9332971374236292,11,2,1,hh,national,244,1,13.4946768661363,-3.162732285
149,sourou(tougan),domoni,burkina_faso,2009-11-04,-0.952457674299602,14,1,1,hh,national,53,1,13.4946768661363,-3.162732285
150,sourou(tougan),domoni,burkina_faso,2009-11-03,-0.7712255161998274,9,1,1,hh,national,40,NA,13.4946768661363,-3.162732285
150,sourou(tougan),domoni,burkina_faso,2009-11-03,-0.7712255161998274,9,1,1,non-hh,international,NA,1,13.4946768661363,-3.162732285
151,sourou(tougan),domoni,burkina_faso,2009-11-03,0.22819121541524207,12,1,NA,hh,national,15,NA,13.4946768661363,-3.162732285
152,sourou(tougan),domoni,burkina_faso,2009-11-03,-0.940564927273136,11,1,NA,hh,national,97,NA,13.4946768661363,-3.162732285
153,sourou(tougan),domoni,burkina_faso,2009-11-04,-0.7811361387218825,10,1,NA,hh,national,107,NA,13.4946768661363,-3.162732285
163,sourou(tougan),kawara,burkina_faso,2009-10-31,-0.9366006782643141,6,3,1,hh,national,145,1,10.633767554703367,-5.217299505
163,sourou(tougan),kawara,burkina_faso,2009-10-31,-0.9366006782643141,6,3,1,hh,national,49,NA,10.633767554703367,-5.217299505
163,sourou(tougan),kawara,burkina_faso,2009-10-31,-0.9366006782643141,6,3,1,hh,national,196,NA,10.633767554703367,-5.217299505
166,sourou(tougan),kawara,burkina_faso,2009-10-31,-0.8505104963762673,11,1,NA,hh,international,32,NA,10.633767554703367,-5.217299505
167,sourou(tougan),kawara,burkina_faso,2009-10-31,-0.8703317414203773,13,4,1,hh,international,76,NA,10.633767554703367,-5.217299505
167,sourou(tougan),kawara,burkina_faso,2009-10-31,-0.8703317414203773,13,4,1,hh,international,423,1,10.633767554703367,-5.217299505
167,sourou(tougan),kawara,burkina_faso,2009-10-31,-0.8703317414203773,13,4,1,hh,international,61,NA,10.633767554703367,-5.217299505
167,sourou(tougan),kawara,burkina_faso,2009-10-31,-0.8703317414203773,13,4,1,hh,international,14,1,10.633767554703367,-5.217299505
170,sourou(tougan),kawara,burkina_faso,2009-10-30,-1.045617526006919,15,3,1,hh,international,2,NA,10.633767554703367,-5.217299505
170,sourou(tougan),kawara,burkina_faso,2009-10-30,-1.045617526006919,15,3,1,hh,international,135,1,10.633767554703367,-5.217299505
170,sourou(tougan),kawara,burkina_faso,2009-10-30,-1.045617526006919,15,3,1,hh,international,135,NA,10.633767554703367,-5.217299505
172,sourou(tougan),kawara,burkina_faso,2009-10-30,-0.9366006782643141,2,3,NA,hh,international,132,NA,10.633767554703367,-5.217299505
172,sourou(tougan),kawara,burkina_faso,2009-10-30,-0.9366006782643141,2,3,NA,hh,international,48,NA,10.633767554703367,-5.217299505
172,sourou(tougan),kawara,burkina_faso,2009-10-30,-0.9366006782643141,2,3,NA,hh,international,72,NA,10.633767554703367,-5.217299505
173,sourou(tougan),kawara,burkina_faso,2009-10-31,-0.9233865149015741,4,1,1,hh,international,446,1,10.633767554703367,-5.217299505
178,sourou(tougan),kawara,burkina_faso,2009-10-31,-0.9507587104386783,19,2,1,hh,international,205,1,10.633767554703367,-5.217299505
178,sourou(tougan),kawara,burkina_faso,2009-10-31,-0.9507587104386783,19,2,1,hh,international,161,NA,10.633767554703367,-5.217299505
179,sourou(tougan),kawara,burkina_faso,2009-10-31,-0.7646184345184575,7,2,NA,hh,national,195,NA,10.633767554703367,-5.217299505
179,sourou(tougan),kawara,burkina_faso,2009-10-31,-0.7646184345184575,7,2,NA,hh,national,54,NA,10.633767554703367,-5.217299505
183,sourou(tougan),kawara,burkina_faso,2009-10-30,-0.45984526083174504,10,4,1,hh,international,12,1,10.633767554703367,-5.217299505
183,sourou(tougan),kawara,burkina_faso,2009-10-30,-0.45984526083174504,10,4,1,hh,international,48,NA,10.633767554703367,-5.217299505
183,sourou(tougan),kawara,burkina_faso,2009-10-30,-0.45984526083174504,10,4,1,hh,international,36,NA,10.633767554703367,-5.217299505
183,sourou(tougan),kawara,burkina_faso,2009-10-30,-0.45984526083174504,10,4,1,hh,international,48,NA,10.633767554703367,-5.217299505
183,sourou(tougan),kawara,burkina_faso,2009-10-30,-0.45984526083174504,10,4,1,non-hh,international,NA,1,10.633767554703367,-5.217299505
184,sourou(tougan),kawara,burkina_faso,NA,-0.7811361387218825,12,1,NA,hh,national,72,NA,10.633767554703367,-5.217299505
185,sourou(tougan),kawara,burkina_faso,NA,-0.9366006782643141,4,3,1,hh,national,37,NA,10.633767554703367,-5.217299505
185,sourou(tougan),kawara,burkina_faso,NA,-0.9366006782643141,4,3,1,hh,national,17,1,10.633767554703367,-5.217299505
185,sourou(tougan),kawara,burkina_faso,NA,-0.9366006782643141,4,3,1,hh,national,40,1,10.633767554703367,-5.217299505
186,sourou(tougan),kawara,burkina_faso,NA,-0.9217347444812316,5,1,NA,hh,national,74,NA,10.633767554703367,-5.217299505
187,sourou(tougan),kawara,burkina_faso,NA,-0.7930288857483485,13,1,NA,hh,international,244,NA,10.633767554703367,-5.217299505
188,sourou(tougan),kawara,burkina_faso,2009-10-31,-0.7679219753591424,4,2,1,hh,international,355,NA,10.633767554703367,-5.217299505
188,sourou(tougan),kawara,burkina_faso,2009-10-31,-0.7679219753591424,4,2,1,hh,international,315,NA,10.633767554703367,-5.217299505
188,sourou(tougan),kawara,burkina_faso,2009-10-31,-0.7679219753591424,4,2,1,non-hh,national,NA,1,10.633767554703367,-5.217299505
188,sourou(tougan),kawara,burkina_faso,2009-10-31,-0.7679219753591424,4,2,1,non-hh,national,NA,1,10.633767554703367,-5.217299505
189,sourou(tougan),kawara,burkina_faso,2009-10-31,-0.5718918350394596,8,1,1,hh,national,29,1,10.633767554703367,-5.217299505
191,sourou(tougan),koromi,burkina_faso,2009-11-05,-0.7910467612439374,15,1,1,hh,international,99,1,13.131425207249544,-3.370307136
192,sourou(tougan),koromi,burkina_faso,2009-11-05,-0.7712255161998274,6,2,1,hh,international,290,1,13.131425207249544,-3.370307136
192,sourou(tougan),koromi,burkina_faso,2009-11-05,-0.7712255161998274,6,2,1,hh,international,327,1,13.131425207249544,-3.370307136
203,sourou(tougan),koromi,burkina_faso,2009-11-05,-0.946511300786369,10,2,1,hh,national,37,NA,13.131425207249544,-3.370307136
203,sourou(tougan),koromi,burkina_faso,2009-11-05,-0.946511300786369,10,2,1,hh,national,145,1,13.131425207249544,-3.370307136
204,sourou(tougan),koromi,burkina_faso,2009-11-04,-0.4102921482214701,20,2,1,hh,international,291,1,13.131425207249544,-3.370307136
204,sourou(tougan),koromi,burkina_faso,2009-11-04,-0.4102921482214701,20,2,1,hh,international,313,1,13.131425207249544,-3.370307136
205,sourou(tougan),koromi,burkina_faso,2009-11-05,-0.7726413194172639,11,1,1,hh,international,316,1,13.131425207249544,-3.370307136
205,sourou(tougan),koromi,burkina_faso,2009-11-05,-0.7726413194172639,11,1,1,non-hh,international,NA,1,13.131425207249544,-3.370307136
206,sourou(tougan),koromi,burkina_faso,2009-11-05,-0.9299935965829442,5,4,1,hh,international,68,1,13.131425207249544,-3.370307136
206,sourou(tougan),koromi,burkina_faso,2009-11-05,-0.9299935965829442,5,4,1,hh,international,63,1,13.131425207249544,-3.370307136
206,sourou(tougan),koromi,burkina_faso,2009-11-05,-0.9299935965829442,5,4,1,hh,international,75,1,13.131425207249544,-3.370307136
206,sourou(tougan),koromi,burkina_faso,2009-11-05,-0.9299935965829442,5,4,1,hh,international,79,1,13.131425207249544,-3.370307136
208,sourou(tougan),koromi,burkina_faso,2009-11-05,-0.7811361387218825,4,2,1,hh,international,122,NA,13.131425207249544,-3.370307136
208,sourou(tougan),koromi,burkina_faso,2009-11-05,-0.7811361387218825,4,2,1,hh,international,16,1,13.131425207249544,-3.370307136
208,sourou(tougan),koromi,burkina_faso,2009-11-05,-0.7811361387218825,4,2,1,non-hh,international,NA,1,13.131425207249544,-3.370307136
209,sourou(tougan),koromi,burkina_faso,2009-11-05,-0.7712255161998274,6,2,1,hh,international,123,1,13.131425207249544,-3.370307136
209,sourou(tougan),koromi,burkina_faso,2009-11-05,-0.7712255161998274,6,2,1,hh,international,35,1,13.131425207249544,-3.370307136
209,sourou(tougan),koromi,burkina_faso,2009-11-05,-0.7712255161998274,6,2,1,non-hh,international,NA,1,13.131425207249544,-3.370307136
210,sourou(tougan),koromi,burkina_faso,2009-11-05,-0.7613148936777725,4,1,1,hh,international,34,1,13.131425207249544,-3.370307136
210,sourou(tougan),koromi,burkina_faso,2009-11-05,-0.7613148936777725,4,1,1,non-hh,international,NA,1,13.131425207249544,-3.370307136
211,sourou(tougan),koromi,burkina_faso,2009-11-05,0.6148646562246342,7,1,1,hh,international,34,1,13.131425207249544,-3.370307136
211,sourou(tougan),koromi,burkina_faso,2009-11-05,0.6148646562246342,7,1,1,non-hh,national,NA,1,13.131425207249544,-3.370307136
212,sourou(tougan),koromi,burkina_faso,2009-11-05,-0.4215241870797991,7,3,1,hh,international,64,NA,13.131425207249544,-3.370307136
212,sourou(tougan),koromi,burkina_faso,2009-11-05,-0.4215241870797991,7,3,1,hh,international,39,1,13.131425207249544,-3.370307136
212,sourou(tougan),koromi,burkina_faso,2009-11-05,-0.4215241870797991,7,3,1,hh,international,123,1,13.131425207249544,-3.370307136
214,sourou(tougan),koromi,burkina_faso,2009-11-06,-0.9415559895253416,9,2,1,hh,international,240,NA,13.131425207249544,-3.370307136
214,sourou(tougan),koromi,burkina_faso,2009-11-06,-0.9415559895253416,9,2,1,hh,international,30,1,13.131425207249544,-3.370307136
218,sourou(tougan),tougan secteur 6,burkina_faso,2009-11-07,7.056439671595163,1,3,1,hh,national,75,1,13.069049212563538,-3.064919248
218,sourou(tougan),tougan secteur 6,burkina_faso,2009-11-07,7.056439671595163,1,3,1,hh,national,50,1,13.069049212563538,-3.064919248
218,sourou(tougan),tougan secteur 6,burkina_faso,2009-11-07,7.056439671595163,1,3,1,hh,national,97,1,13.069049212563538,-3.064919248
220,sourou(tougan),tougan secteur 6,burkina_faso,2009-11-06,6.460545108986924,10,1,1,hh,international,122,1,13.069049212563538,-3.064919248
221,sourou(tougan),tougan secteur 6,burkina_faso,2009-11-07,6.279877165795918,7,1,1,hh,international,38,NA,13.069049212563538,-3.064919248
221,sourou(tougan),tougan secteur 6,burkina_faso,2009-11-07,6.279877165795918,7,1,1,non-hh,national,NA,1,13.069049212563538,-3.064919248
223,sourou(tougan),tougan secteur 6,burkina_faso,2009-11-07,2.9922336993303587,10,1,NA,hh,international,42,NA,13.069049212563538,-3.064919248
225,sourou(tougan),tougan secteur 6,burkina_faso,2009-11-07,2.4169072857152214,11,1,NA,hh,international,147,NA,13.069049212563538,-3.064919248
226,sourou(tougan),tougan secteur 6,burkina_faso,2009-11-07,3.861015295316,11,5,1,hh,national,115,NA,13.069049212563538,-3.064919248
226,sourou(tougan),tougan secteur 6,burkina_faso,2009-11-07,3.861015295316,11,5,1,hh,national,171,1,13.069049212563538,-3.064919248
226,sourou(tougan),tougan secteur 6,burkina_faso,2009-11-07,3.861015295316,11,5,1,hh,national,39,NA,13.069049212563538,-3.064919248
226,sourou(tougan),tougan secteur 6,burkina_faso,2009-11-07,3.861015295316,11,5,1,hh,national,150,1,13.069049212563538,-3.064919248
226,sourou(tougan),tougan secteur 6,burkina_faso,2009-11-07,3.861015295316,11,5,1,hh,national,122,NA,13.069049212563538,-3.064919248
227,sourou(tougan),tougan secteur 6,burkina_faso,2009-11-06,4.965752853457475,6,1,1,hh,national,111,1,13.069049212563538,-3.064919248
228,sourou(tougan),tougan secteur 6,burkina_faso,2009-11-06,-0.926690055742259,3,1,1,hh,national,14,1,13.069049212563538,-3.064919248
229,sourou(tougan),tougan secteur 6,burkina_faso,2009-11-06,-0.7910467612439374,5,1,1,hh,national,349,NA,13.069049212563538,-3.064919248
229,sourou(tougan),tougan secteur 6,burkina_faso,2009-11-06,-0.7910467612439374,5,1,1,non-hh,national,NA,1,13.069049212563538,-3.064919248
230,sourou(tougan),tougan secteur 6,burkina_faso,2009-11-06,-0.9366006782643141,4,2,1,hh,national,52,1,13.069049212563538,-3.064919248
230,sourou(tougan),tougan secteur 6,burkina_faso,2009-11-06,-0.9366006782643141,4,2,1,hh,national,49,1,13.069049212563538,-3.064919248
231,sourou(tougan),tougan secteur 6,burkina_faso,2009-11-07,-0.7877432204032524,7,1,1,hh,international,107,1,13.069049212563538,-3.064919248
232,sourou(tougan),tougan secteur 6,burkina_faso,2009-11-06,1.5660228634346576,5,1,NA,hh,national,82,NA,13.069049212563538,-3.064919248
233,sourou(tougan),tougan secteur 6,burkina_faso,2009-11-07,3.0016661484693943,7,1,1,hh,international,121,1,13.069049212563538,-3.064919248
234,sourou(tougan),tougan secteur 6,burkina_faso,2009-11-07,1.714880321295719,4,1,1,hh,international,494,1,13.069049212563538,-3.064919248
235,sourou(tougan),tougan secteur 6,burkina_faso,2009-11-06,4.223877526485423,11,4,1,hh,national,135,1,13.069049212563538,-3.064919248
235,sourou(tougan),tougan secteur 6,burkina_faso,2009-11-06,4.223877526485423,11,4,1,hh,national,280,1,13.069049212563538,-3.064919248
235,sourou(tougan),tougan secteur 6,burkina_faso,2009-11-06,4.223877526485423,11,4,1,hh,national,229,1,13.069049212563538,-3.064919248
235,sourou(tougan),tougan secteur 6,burkina_faso,2009-11-06,4.223877526485423,11,4,1,hh,national,278,1,13.069049212563538,-3.064919248
236,sourou(tougan),tougan secteur 6,burkina_faso,2009-11-07,3.120791738764291,12,2,NA,hh,international,155,NA,13.069049212563538,-3.064919248
236,sourou(tougan),tougan secteur 6,burkina_faso,2009-11-07,3.120791738764291,12,2,NA,hh,international,94,NA,13.069049212563538,-3.064919248
238,sourou(tougan),tougan secteur 6,burkina_faso,2009-11-07,1.5633800307621095,9,2,1,hh,national,303,1,13.069049212563538,-3.064919248
238,sourou(tougan),tougan secteur 6,burkina_faso,2009-11-07,1.5633800307621095,9,2,1,hh,national,314,1,13.069049212563538,-3.064919248
242,sourou(tougan),tougan secteur 6,burkina_faso,2009-11-07,7.316128377784626,11,1,1,hh,national,349,1,13.069049212563538,-3.064919248
243,sourou(tougan),tougan secteur 6,burkina_faso,2009-11-07,-0.7745290570405126,5,1,NA,hh,international,265,NA,13.069049212563538,-3.064919248
244,sourou(tougan),tombila,burkina_faso,2009-11-01,-0.9167794332202042,10,1,1,hh,national,15,1,13.068424936855669,-3.071164397
245,sourou(tougan),tombila,burkina_faso,2009-11-01,-0.7943503020846223,8,1,NA,hh,national,55,NA,13.068424936855669,-3.071164397
246,sourou(tougan),tombila,burkina_faso,2009-11-02,0.4164816314796059,13,1,1,hh,international,143,1,13.068424936855669,-3.071164397
247,sourou(tougan),tombila,burkina_faso,2009-11-02,-0.7679219753591424,4,2,1,hh,national,51,1,13.068424936855669,-3.071164397
247,sourou(tougan),tombila,burkina_faso,2009-11-02,-0.7679219753591424,4,2,1,hh,national,54,1,13.068424936855669,-3.071164397
248,sourou(tougan),tombila,burkina_faso,2009-11-01,0.4448920827094967,14,5,1,hh,international,49,NA,13.068424936855669,-3.071164397
248,sourou(tougan),tombila,burkina_faso,2009-11-01,0.4448920827094967,14,5,1,hh,international,37,1,13.068424936855669,-3.071164397
248,sourou(tougan),tombila,burkina_faso,2009-11-01,0.4448920827094967,14,5,1,hh,international,28,1,13.068424936855669,-3.071164397
248,sourou(tougan),tombila,burkina_faso,2009-11-01,0.4448920827094967,14,5,1,hh,international,49,NA,13.068424936855669,-3.071164397
248,sourou(tougan),tombila,burkina_faso,2009-11-01,0.4448920827094967,14,5,1,hh,international,40,1,13.068424936855669,-3.071164397
249,sourou(tougan),tombila,burkina_faso,2009-11-02,-0.9366006782643141,12,1,1,hh,international,83,1,13.068424936855669,-3.071164397
249,sourou(tougan),tombila,burkina_faso,2009-11-02,-0.9366006782643141,12,1,1,non-hh,international,NA,1,13.068424936855669,-3.071164397
250,sourou(tougan),tombila,burkina_faso,2009-11-02,-0.7580113528370875,5,1,NA,hh,international,26,NA,13.068424936855669,-3.071164397
252,sourou(tougan),tombila,burkina_faso,2009-11-02,-0.44332755662832,20,6,1,hh,international,340,1,13.068424936855669,-3.071164397
252,sourou(tougan),tombila,burkina_faso,2009-11-02,-0.44332755662832,20,6,1,hh,international,74,NA,13.068424936855669,-3.071164397
252,sourou(tougan),tombila,burkina_faso,2009-11-02,-0.44332755662832,20,6,1,hh,international,98,NA,13.068424936855669,-3.071164397
252,sourou(tougan),tombila,burkina_faso,2009-11-02,-0.44332755662832,20,6,1,hh,international,375,NA,13.068424936855669,-3.071164397
252,sourou(tougan),tombila,burkina_faso,2009-11-02,-0.44332755662832,20,6,1,hh,international,365,NA,13.068424936855669,-3.071164397
252,sourou(tougan),tombila,burkina_faso,2009-11-02,-0.44332755662832,20,6,1,hh,international,37,1,13.068424936855669,-3.071164397
253,sourou(tougan),tombila,burkina_faso,2009-11-02,-0.44002401578763506,7,2,NA,hh,international,40,NA,13.068424936855669,-3.071164397
253,sourou(tougan),tombila,burkina_faso,2009-11-02,-0.44002401578763506,7,2,NA,hh,international,40,NA,13.068424936855669,-3.071164397
254,sourou(tougan),tombila,burkina_faso,2009-11-02,-0.5789708511266417,12,6,1,hh,international,70,1,13.068424936855669,-3.071164397
254,sourou(tougan),tombila,burkina_faso,2009-11-02,-0.5789708511266417,12,6,1,hh,international,39,1,13.068424936855669,-3.071164397
254,sourou(tougan),tombila,burkina_faso,2009-11-02,-0.5789708511266417,12,6,1,hh,international,478,1,13.068424936855669,-3.071164397
254,sourou(tougan),tombila,burkina_faso,2009-11-02,-0.5789708511266417,12,6,1,hh,international,123,1,13.068424936855669,-3.071164397
254,sourou(tougan),tombila,burkina_faso,2009-11-02,-0.5789708511266417,12,6,1,hh,international,94,1,13.068424936855669,-3.071164397
254,sourou(tougan),tombila,burkina_faso,2009-11-02,-0.5789708511266417,12,6,1,hh,international,797,1,13.068424936855669,-3.071164397
254,sourou(tougan),tombila,burkina_faso,2009-11-02,-0.5789708511266417,12,6,1,non-hh,international,NA,1,13.068424936855669,-3.071164397
255,sourou(tougan),tombila,burkina_faso,2009-11-02,-0.9366006782643141,10,2,NA,hh,international,180,NA,13.068424936855669,-3.071164397
255,sourou(tougan),tombila,burkina_faso,2009-11-02,-0.9366006782643141,10,2,NA,hh,international,207,NA,13.068424936855669,-3.071164397
256,sourou(tougan),tombila,burkina_faso,2009-11-02,-0.7613148936777725,14,3,1,hh,international,130,1,13.068424936855669,-3.071164397
256,sourou(tougan),tombila,burkina_faso,2009-11-02,-0.7613148936777725,14,3,1,hh,international,39,1,13.068424936855669,-3.071164397
256,sourou(tougan),tombila,burkina_faso,2009-11-02,-0.7613148936777725,14,3,1,hh,international,91,1,13.068424936855669,-3.071164397
256,sourou(tougan),tombila,burkina_faso,2009-11-02,-0.7613148936777725,14,3,1,non-hh,international,NA,1,13.068424936855669,-3.071164397
256,sourou(tougan),tombila,burkina_faso,2009-11-02,-0.7613148936777725,14,3,1,non-hh,international,NA,1,13.068424936855669,-3.071164397
257,sourou(tougan),tombila,burkina_faso,2009-11-02,-0.940564927273136,11,2,1,hh,international,45,1,13.068424936855669,-3.071164397
257,sourou(tougan),tombila,burkina_faso,2009-11-02,-0.940564927273136,11,2,1,hh,international,14,NA,13.068424936855669,-3.071164397
258,sourou(tougan),tombila,burkina_faso,2009-11-01,-0.9366006782643141,14,2,NA,hh,international,411,NA,13.068424936855669,-3.071164397
258,sourou(tougan),tombila,burkina_faso,2009-11-01,-0.9366006782643141,14,2,NA,hh,international,364,NA,13.068424936855669,-3.071164397
268,sourou(tougan),tombila,burkina_faso,2009-11-01,-0.7778325978811975,22,7,1,hh,international,122,1,13.068424936855669,-3.071164397
268,sourou(tougan),tombila,burkina_faso,2009-11-01,-0.7778325978811975,22,7,1,hh,international,216,NA,13.068424936855669,-3.071164397
268,sourou(tougan),tombila,burkina_faso,2009-11-01,-0.7778325978811975,22,7,1,hh,international,35,NA,13.068424936855669,-3.071164397
268,sourou(tougan),tombila,burkina_faso,2009-11-01,-0.7778325978811975,22,7,1,hh,international,135,NA,13.068424936855669,-3.071164397
268,sourou(tougan),tombila,burkina_faso,2009-11-01,-0.7778325978811975,22,7,1,hh,international,35,1,13.068424936855669,-3.071164397
268,sourou(tougan),tombila,burkina_faso,2009-11-01,-0.7778325978811975,22,7,1,hh,international,82,NA,13.068424936855669,-3.071164397
268,sourou(tougan),tombila,burkina_faso,2009-11-01,-0.7778325978811975,22,7,1,hh,international,267,1,13.068424936855669,-3.071164397
269,sourou(tougan),tombila,burkina_faso,2009-11-01,-0.4155778135665661,11,1,1,hh,national,27,NA,13.068424936855669,-3.071164397
269,sourou(tougan),tombila,burkina_faso,2009-11-01,-0.4155778135665661,11,1,1,non-hh,international,NA,1,13.068424936855669,-3.071164397
269,sourou(tougan),tombila,burkina_faso,2009-11-01,-0.4155778135665661,11,1,1,non-hh,international,NA,1,13.068424936855669,-3.071164397
269,sourou(tougan),tombila,burkina_faso,2009-11-01,-0.4155778135665661,11,1,1,non-hh,international,NA,1,13.068424936855669,-3.071164397
270,sourou(tougan),tombila,burkina_faso,2009-11-01,0.11561058051026829,17,1,NA,hh,national,33,NA,13.068424936855669,-3.071164397
271,"kadiogo(ouagadougou, la capitale",lao,burkina_faso,2009-11-06,-0.969636086671164,11,2,1,hh,international,108,NA,12.424206793135868,-1.752109988
271,"kadiogo(ouagadougou, la capitale",lao,burkina_faso,2009-11-06,-0.969636086671164,11,2,1,hh,international,105,NA,12.424206793135868,-1.752109988
271,"kadiogo(ouagadougou, la capitale",lao,burkina_faso,2009-11-06,-0.969636086671164,11,2,1,non-hh,national,NA,1,12.424206793135868,-1.752109988
272,"kadiogo(ouagadougou, la capitale",lao,burkina_faso,2009-11-06,0.49904260677042256,12,1,1,hh,international,194,NA,12.424206793135868,-1.752109988
272,"kadiogo(ouagadougou, la capitale",lao,burkina_faso,2009-11-06,0.49904260677042256,12,1,1,non-hh,national,NA,1,12.424206793135868,-1.752109988
272,"kadiogo(ouagadougou, la capitale",lao,burkina_faso,2009-11-06,0.49904260677042256,12,1,1,non-hh,national,NA,1,12.424206793135868,-1.752109988
272,"kadiogo(ouagadougou, la capitale",lao,burkina_faso,2009-11-06,0.49904260677042256,12,1,1,non-hh,national,NA,1,12.424206793135868,-1.752109988
273,"kadiogo(ouagadougou, la capitale",lao,burkina_faso,2009-11-06,-0.6037474074317792,11,1,1,hh,international,149,1,12.424206793135868,-1.752109988
274,"kadiogo(ouagadougou, la capitale",lao,burkina_faso,2009-11-06,-0.4102921482214701,10,1,1,hh,international,14,NA,12.424206793135868,-1.752109988
274,"kadiogo(ouagadougou, la capitale",lao,burkina_faso,2009-11-06,-0.4102921482214701,10,1,1,non-hh,national,NA,1,12.424206793135868,-1.752109988
275,"kadiogo(ouagadougou, la capitale",lao,burkina_faso,2009-11-06,-0.9167794332202042,1,1,1,hh,international,50,1,12.424206793135868,-1.752109988
275,"kadiogo(ouagadougou, la capitale",lao,burkina_faso,2009-11-06,-0.9167794332202042,1,1,1,non-hh,national,NA,1,12.424206793135868,-1.752109988
275,"kadiogo(ouagadougou, la capitale",lao,burkina_faso,2009-11-06,-0.9167794332202042,1,1,1,non-hh,national,NA,1,12.424206793135868,-1.752109988
276,"kadiogo(ouagadougou, la capitale",lao,burkina_faso,2009-11-05,-0.5822743919673268,5,3,1,hh,international,49,NA,12.424206793135868,-1.752109988
276,"kadiogo(ouagadougou, la capitale",lao,burkina_faso,2009-11-05,-0.5822743919673268,5,3,1,hh,international,49,NA,12.424206793135868,-1.752109988
276,"kadiogo(ouagadougou, la capitale",lao,burkina_faso,2009-11-05,-0.5822743919673268,5,3,1,hh,international,49,1,12.424206793135868,-1.752109988
276,"kadiogo(ouagadougou, la capitale",lao,burkina_faso,2009-11-05,-0.5822743919673268,5,3,1,non-hh,national,NA,1,12.424206793135868,-1.752109988
277,"kadiogo(ouagadougou, la capitale",lao,burkina_faso,2009-11-05,-0.9564219233084241,6,1,1,hh,international,37,1,12.424206793135868,-1.752109988
278,"kadiogo(ouagadougou, la capitale",lao,burkina_faso,2009-11-05,-0.7745290570405126,5,1,1,hh,international,12,NA,12.424206793135868,-1.752109988
278,"kadiogo(ouagadougou, la capitale",lao,burkina_faso,2009-11-05,-0.7745290570405126,5,1,1,non-hh,national,NA,1,12.424206793135868,-1.752109988
279,"kadiogo(ouagadougou, la capitale",lao,burkina_faso,2009-11-06,-0.5747234414743325,9,5,1,hh,national,88,1,12.424206793135868,-1.752109988
279,"kadiogo(ouagadougou, la capitale",lao,burkina_faso,2009-11-06,-0.5747234414743325,9,5,1,hh,national,122,1,12.424206793135868,-1.752109988
279,"kadiogo(ouagadougou, la capitale",lao,burkina_faso,2009-11-06,-0.5747234414743325,9,5,1,hh,national,88,NA,12.424206793135868,-1.752109988
279,"kadiogo(ouagadougou, la capitale",lao,burkina_faso,2009-11-06,-0.5747234414743325,9,5,1,hh,national,87,NA,12.424206793135868,-1.752109988
279,"kadiogo(ouagadougou, la capitale",lao,burkina_faso,2009-11-06,-0.5747234414743325,9,5,1,hh,national,93,NA,12.424206793135868,-1.752109988
279,"kadiogo(ouagadougou, la capitale",lao,burkina_faso,2009-11-06,-0.5747234414743325,9,5,1,non-hh,national,NA,1,12.424206793135868,-1.752109988
280,"kadiogo(ouagadougou, la capitale",lao,burkina_faso,2009-11-05,-0.5888814736486967,8,3,1,hh,national,12,1,12.424206793135868,-1.752109988
280,"kadiogo(ouagadougou, la capitale",lao,burkina_faso,2009-11-05,-0.5888814736486967,8,3,1,hh,national,16,1,12.424206793135868,-1.752109988
280,"kadiogo(ouagadougou, la capitale",lao,burkina_faso,2009-11-05,-0.5888814736486967,8,3,1,hh,national,16,NA,12.424206793135868,-1.752109988
280,"kadiogo(ouagadougou, la capitale",lao,burkina_faso,2009-11-05,-0.5888814736486967,8,3,1,non-hh,international,NA,1,12.424206793135868,-1.752109988
281,"kadiogo(ouagadougou, la capitale",lao,burkina_faso,2009-11-06,0.49438306902832446,11,1,1,hh,national,50,1,12.424206793135868,-1.752109988
281,"kadiogo(ouagadougou, la capitale",lao,burkina_faso,2009-11-06,0.49438306902832446,11,1,1,non-hh,international,NA,1,12.424206793135868,-1.752109988
282,"kadiogo(ouagadougou, la capitale",lao,burkina_faso,2009-11-05,-0.7811361387218825,4,2,1,hh,national,122,1,12.424206793135868,-1.752109988
282,"kadiogo(ouagadougou, la capitale",lao,burkina_faso,2009-11-05,-0.7811361387218825,4,2,1,hh,national,40,1,12.424206793135868,-1.752109988
283,"kadiogo(ouagadougou, la capitale",lao,burkina_faso,2009-11-05,-0.9167794332202042,1,2,1,hh,national,301,1,12.424206793135868,-1.752109988
283,"kadiogo(ouagadougou, la capitale",lao,burkina_faso,2009-11-05,-0.9167794332202042,1,2,1,hh,national,246,1,12.424206793135868,-1.752109988
283,"kadiogo(ouagadougou, la capitale",lao,burkina_faso,2009-11-05,-0.9167794332202042,1,2,1,non-hh,national,NA,1,12.424206793135868,-1.752109988
284,"kadiogo(ouagadougou, la capitale",lao,burkina_faso,2009-11-06,-0.9366006782643141,6,2,1,hh,national,51,NA,12.424206793135868,-1.752109988
284,"kadiogo(ouagadougou, la capitale",lao,burkina_faso,2009-11-06,-0.9366006782643141,6,2,1,hh,national,12,1,12.424206793135868,-1.752109988
285,"kadiogo(ouagadougou, la capitale",lao,burkina_faso,2009-11-05,-0.8009573837659925,6,1,1,hh,national,33,NA,12.424206793135868,-1.752109988
285,"kadiogo(ouagadougou, la capitale",lao,burkina_faso,2009-11-05,-0.8009573837659925,6,1,1,non-hh,international,NA,1,12.424206793135868,-1.752109988
286,"kadiogo(ouagadougou, la capitale",lao,burkina_faso,2009-11-06,-0.7910467612439374,5,2,1,hh,national,97,1,12.424206793135868,-1.752109988
286,"kadiogo(ouagadougou, la capitale",lao,burkina_faso,2009-11-06,-0.7910467612439374,5,2,1,hh,national,88,NA,12.424206793135868,-1.752109988
288,"kadiogo(ouagadougou, la capitale",lao,burkina_faso,2009-11-05,-0.5789708511266417,3,2,NA,hh,national,150,NA,12.424206793135868,-1.752109988
288,"kadiogo(ouagadougou, la capitale",lao,burkina_faso,2009-11-05,-0.5789708511266417,3,2,NA,hh,national,124,NA,12.424206793135868,-1.752109988
296,"kadiogo(ouagadougou, la capitale",lao,burkina_faso,2009-11-05,-0.7943503020846223,8,3,1,hh,international,57,1,12.424206793135868,-1.752109988
296,"kadiogo(ouagadougou, la capitale",lao,burkina_faso,2009-11-05,-0.7943503020846223,8,3,1,hh,international,37,NA,12.424206793135868,-1.752109988
296,"kadiogo(ouagadougou, la capitale",lao,burkina_faso,2009-11-05,-0.7943503020846223,8,3,1,hh,international,55,NA,12.424206793135868,-1.752109988
298,"kadiogo(ouagadougou, la capitale",ouagadougou secteur 16,burkina_faso,2009-11-14,2.885075095562927,5,2,1,hh,international,12,1,12.335180808674053,-1.499024703
298,"kadiogo(ouagadougou, la capitale",ouagadougou secteur 16,burkina_faso,2009-11-14,2.885075095562927,5,2,1,hh,international,36,1,12.335180808674053,-1.499024703
298,"kadiogo(ouagadougou, la capitale",ouagadougou secteur 16,burkina_faso,2009-11-14,2.885075095562927,5,2,1,non-hh,international,NA,1,12.335180808674053,-1.499024703
298,"kadiogo(ouagadougou, la capitale",ouagadougou secteur 16,burkina_faso,2009-11-14,2.885075095562927,5,2,1,non-hh,international,NA,1,12.335180808674053,-1.499024703
298,"kadiogo(ouagadougou, la capitale",ouagadougou secteur 16,burkina_faso,2009-11-14,2.885075095562927,5,2,1,non-hh,international,NA,1,12.335180808674053,-1.499024703
300,"kadiogo(ouagadougou, la capitale",ouagadougou secteur 16,burkina_faso,2009-11-13,2.050700625051695,10,1,1,hh,international,360,NA,12.335180808674053,-1.499024703
300,"kadiogo(ouagadougou, la capitale",ouagadougou secteur 16,burkina_faso,2009-11-13,2.050700625051695,10,1,1,non-hh,national,NA,1,12.335180808674053,-1.499024703
300,"kadiogo(ouagadougou, la capitale",ouagadougou secteur 16,burkina_faso,2009-11-13,2.050700625051695,10,1,1,non-hh,national,NA,1,12.335180808674053,-1.499024703
300,"kadiogo(ouagadougou, la capitale",ouagadougou secteur 16,burkina_faso,2009-11-13,2.050700625051695,10,1,1,non-hh,national,NA,1,12.335180808674053,-1.499024703
300,"kadiogo(ouagadougou, la capitale",ouagadougou secteur 16,burkina_faso,2009-11-13,2.050700625051695,10,1,1,non-hh,national,NA,1,12.335180808674053,-1.499024703
300,"kadiogo(ouagadougou, la capitale",ouagadougou secteur 16,burkina_faso,2009-11-13,2.050700625051695,10,1,1,non-hh,national,NA,1,12.335180808674053,-1.499024703
300,"kadiogo(ouagadougou, la capitale",ouagadougou secteur 16,burkina_faso,2009-11-13,2.050700625051695,10,1,1,non-hh,national,NA,1,12.335180808674053,-1.499024703
300,"kadiogo(ouagadougou, la capitale",ouagadougou secteur 16,burkina_faso,2009-11-13,2.050700625051695,10,1,1,non-hh,national,NA,1,12.335180808674053,-1.499024703
300,"kadiogo(ouagadougou, la capitale",ouagadougou secteur 16,burkina_faso,2009-11-13,2.050700625051695,10,1,1,non-hh,national,NA,1,12.335180808674053,-1.499024703
300,"kadiogo(ouagadougou, la capitale",ouagadougou secteur 16,burkina_faso,2009-11-13,2.050700625051695,10,1,1,non-hh,national,NA,1,12.335180808674053,-1.499024703
301,"kadiogo(ouagadougou, la capitale",ouagadougou secteur 16,burkina_faso,2009-11-17,11.916325623861447,9,1,1,hh,international,36,1,12.335180808674053,-1.499024703
301,"kadiogo(ouagadougou, la capitale",ouagadougou secteur 16,burkina_faso,2009-11-17,11.916325623861447,9,1,1,non-hh,national,NA,1,12.335180808674053,-1.499024703
301,"kadiogo(ouagadougou, la capitale",ouagadougou secteur 16,burkina_faso,2009-11-17,11.916325623861447,9,1,1,non-hh,national,NA,1,12.335180808674053,-1.499024703
301,"kadiogo(ouagadougou, la capitale",ouagadougou secteur 16,burkina_faso,2009-11-17,11.916325623861447,9,1,1,non-hh,national,NA,1,12.335180808674053,-1.499024703
301,"kadiogo(ouagadougou, la capitale",ouagadougou secteur 16,burkina_faso,2009-11-17,11.916325623861447,9,1,1,non-hh,national,NA,1,12.335180808674053,-1.499024703
301,"kadiogo(ouagadougou, la capitale",ouagadougou secteur 16,burkina_faso,2009-11-17,11.916325623861447,9,1,1,non-hh,national,NA,1,12.335180808674053,-1.499024703
301,"kadiogo(ouagadougou, la capitale",ouagadougou secteur 16,burkina_faso,2009-11-17,11.916325623861447,9,1,1,non-hh,national,NA,1,12.335180808674053,-1.499024703
301,"kadiogo(ouagadougou, la capitale",ouagadougou secteur 16,burkina_faso,2009-11-17,11.916325623861447,9,1,1,non-hh,national,NA,1,12.335180808674053,-1.499024703
301,"kadiogo(ouagadougou, la capitale",ouagadougou secteur 16,burkina_faso,2009-11-17,11.916325623861447,9,1,1,non-hh,national,NA,1,12.335180808674053,-1.499024703
301,"kadiogo(ouagadougou, la capitale",ouagadougou secteur 16,burkina_faso,2009-11-17,11.916325623861447,9,1,1,non-hh,national,NA,1,12.335180808674053,-1.499024703
302,"kadiogo(ouagadougou, la capitale",ouagadougou secteur 16,burkina_faso,2009-11-13,11.250081743103973,3,1,1,hh,international,132,NA,12.335180808674053,-1.499024703
302,"kadiogo(ouagadougou, la capitale",ouagadougou secteur 16,burkina_faso,2009-11-13,11.250081743103973,3,1,1,non-hh,national,NA,1,12.335180808674053,-1.499024703
302,"kadiogo(ouagadougou, la capitale",ouagadougou secteur 16,burkina_faso,2009-11-13,11.250081743103973,3,1,1,non-hh,national,NA,1,12.335180808674053,-1.499024703
303,"kadiogo(ouagadougou, la capitale",ouagadougou secteur 16,burkina_faso,2009-11-12,11.047729109537501,6,1,1,hh,international,96,NA,12.335180808674053,-1.499024703
303,"kadiogo(ouagadougou, la capitale",ouagadougou secteur 16,burkina_faso,2009-11-12,11.047729109537501,6,1,1,non-hh,international,NA,1,12.335180808674053,-1.499024703
304,"kadiogo(ouagadougou, la capitale",ouagadougou secteur 16,burkina_faso,2009-11-13,8.490221825429082,4,1,1,hh,international,36,1,12.335180808674053,-1.499024703
305,"kadiogo(ouagadougou, la capitale",ouagadougou secteur 16,burkina_faso,2009-11-12,5.971313997717323,6,1,NA,hh,international,110,NA,12.335180808674053,-1.499024703
306,"kadiogo(ouagadougou, la capitale",ouagadougou secteur 16,burkina_faso,2009-11-12,8.970280783702336,10,1,1,hh,international,148,1,12.335180808674053,-1.499024703
307,"kadiogo(ouagadougou, la capitale",ouagadougou secteur 16,burkina_faso,2009-11-12,9.003976900277323,4,1,NA,hh,international,98,NA,12.335180808674053,-1.499024703
308,"kadiogo(ouagadougou, la capitale",ouagadougou secteur 16,burkina_faso,2009-11-13,7.110580613940678,12,2,1,hh,national,120,1,12.335180808674053,-1.499024703
308,"kadiogo(ouagadougou, la capitale",ouagadougou secteur 16,burkina_faso,2009-11-13,7.110580613940678,12,2,1,hh,national,120,1,12.335180808674053,-1.499024703
308,"kadiogo(ouagadougou, la capitale",ouagadougou secteur 16,burkina_faso,2009-11-13,7.110580613940678,12,2,1,non-hh,national,NA,1,12.335180808674053,-1.499024703
308,"kadiogo(ouagadougou, la capitale",ouagadougou secteur 16,burkina_faso,2009-11-13,7.110580613940678,12,2,1,non-hh,national,NA,1,12.335180808674053,-1.499024703
308,"kadiogo(ouagadougou, la capitale",ouagadougou secteur 16,burkina_faso,2009-11-13,7.110580613940678,12,2,1,non-hh,national,NA,1,12.335180808674053,-1.499024703
308,"kadiogo(ouagadougou, la capitale",ouagadougou secteur 16,burkina_faso,2009-11-13,7.110580613940678,12,2,1,non-hh,national,NA,1,12.335180808674053,-1.499024703
308,"kadiogo(ouagadougou, la capitale",ouagadougou secteur 16,burkina_faso,2009-11-13,7.110580613940678,12,2,1,non-hh,national,NA,1,12.335180808674053,-1.499024703
308,"kadiogo(ouagadougou, la capitale",ouagadougou secteur 16,burkina_faso,2009-11-13,7.110580613940678,12,2,1,non-hh,national,NA,1,12.335180808674053,-1.499024703
309,"kadiogo(ouagadougou, la capitale",ouagadougou secteur 16,burkina_faso,2009-11-14,4.4790000074295815,6,1,1,hh,national,36,1,12.335180808674053,-1.499024703
310,"kadiogo(ouagadougou, la capitale",ouagadougou secteur 16,burkina_faso,2009-11-12,11.85005668701751,9,1,NA,hh,national,2,NA,12.335180808674053,-1.499024703
312,"kadiogo(ouagadougou, la capitale",ouagadougou secteur 16,burkina_faso,2009-11-12,2.8320498157298055,5,1,1,hh,national,33,1,12.335180808674053,-1.499024703
313,"kadiogo(ouagadougou, la capitale",ouagadougou secteur 16,burkina_faso,2009-11-12,10.00877368411865,10,1,1,hh,national,13,1,12.335180808674053,-1.499024703
314,"kadiogo(ouagadougou, la capitale",ouagadougou secteur 16,burkina_faso,2009-11-13,4.366030322532835,6,2,1,hh,national,108,1,12.335180808674053,-1.499024703
314,"kadiogo(ouagadougou, la capitale",ouagadougou secteur 16,burkina_faso,2009-11-13,4.366030322532835,6,2,1,hh,national,36,1,12.335180808674053,-1.499024703
314,"kadiogo(ouagadougou, la capitale",ouagadougou secteur 16,burkina_faso,2009-11-13,4.366030322532835,6,2,1,non-hh,national,NA,1,12.335180808674053,-1.499024703
315,"kadiogo(ouagadougou, la capitale",ouagadougou secteur 16,burkina_faso,2009-11-13,8.499855355180415,1,1,1,hh,national,24,1,12.335180808674053,-1.499024703
315,"kadiogo(ouagadougou, la capitale",ouagadougou secteur 16,burkina_faso,2009-11-13,8.499855355180415,1,1,1,non-hh,national,NA,1,12.335180808674053,-1.499024703
316,"kadiogo(ouagadougou, la capitale",ouagadougou secteur 16,burkina_faso,2009-11-13,6.124412626253487,7,1,1,hh,national,24,1,12.335180808674053,-1.499024703
316,"kadiogo(ouagadougou, la capitale",ouagadougou secteur 16,burkina_faso,2009-11-13,6.124412626253487,7,1,1,non-hh,national,NA,1,12.335180808674053,-1.499024703
316,"kadiogo(ouagadougou, la capitale",ouagadougou secteur 16,burkina_faso,2009-11-13,6.124412626253487,7,1,1,non-hh,national,NA,1,12.335180808674053,-1.499024703
325,"kadiogo(ouagadougou, la capitale",ouagadougou secteur 27,burkina_faso,2009-11-18,9.928072900724773,11,1,1,hh,international,60,1,12.399109627372065,-1.477554274
325,"kadiogo(ouagadougou, la capitale",ouagadougou secteur 27,burkina_faso,2009-11-18,9.928072900724773,11,1,1,non-hh,national,NA,1,12.399109627372065,-1.477554274
325,"kadiogo(ouagadougou, la capitale",ouagadougou secteur 27,burkina_faso,2009-11-18,9.928072900724773,11,1,1,non-hh,national,NA,1,12.399109627372065,-1.477554274
325,"kadiogo(ouagadougou, la capitale",ouagadougou secteur 27,burkina_faso,2009-11-18,9.928072900724773,11,1,1,non-hh,national,NA,1,12.399109627372065,-1.477554274
325,"kadiogo(ouagadougou, la capitale",ouagadougou secteur 27,burkina_faso,2009-11-18,9.928072900724773,11,1,1,non-hh,international,NA,1,12.399109627372065,-1.477554274
325,"kadiogo(ouagadougou, la capitale",ouagadougou secteur 27,burkina_faso,2009-11-18,9.928072900724773,11,1,1,non-hh,national,NA,1,12.399109627372065,-1.477554274
325,"kadiogo(ouagadougou, la capitale",ouagadougou secteur 27,burkina_faso,2009-11-18,9.928072900724773,11,1,1,non-hh,international,NA,1,12.399109627372065,-1.477554274
325,"kadiogo(ouagadougou, la capitale",ouagadougou secteur 27,burkina_faso,2009-11-18,9.928072900724773,11,1,1,non-hh,national,NA,1,12.399109627372065,-1.477554274
325,"kadiogo(ouagadougou, la capitale",ouagadougou secteur 27,burkina_faso,2009-11-18,9.928072900724773,11,1,1,non-hh,national,NA,1,12.399109627372065,-1.477554274
325,"kadiogo(ouagadougou, la capitale",ouagadougou secteur 27,burkina_faso,2009-11-18,9.928072900724773,11,1,1,non-hh,national,NA,1,12.399109627372065,-1.477554274
326,"kadiogo(ouagadougou, la capitale",ouagadougou secteur 27,burkina_faso,2009-11-17,4.99573713401254,8,2,1,hh,international,72,1,12.399109627372065,-1.477554274
326,"kadiogo(ouagadougou, la capitale",ouagadougou secteur 27,burkina_faso,2009-11-17,4.99573713401254,8,2,1,hh,international,36,1,12.399109627372065,-1.477554274
326,"kadiogo(ouagadougou, la capitale",ouagadougou secteur 27,burkina_faso,2009-11-17,4.99573713401254,8,2,1,non-hh,national,NA,1,12.399109627372065,-1.477554274
326,"kadiogo(ouagadougou, la capitale",ouagadougou secteur 27,burkina_faso,2009-11-17,4.99573713401254,8,2,1,non-hh,national,NA,1,12.399109627372065,-1.477554274
326,"kadiogo(ouagadougou, la capitale",ouagadougou secteur 27,burkina_faso,2009-11-17,4.99573713401254,8,2,1,non-hh,national,NA,1,12.399109627372065,-1.477554274
326,"kadiogo(ouagadougou, la capitale",ouagadougou secteur 27,burkina_faso,2009-11-17,4.99573713401254,8,2,1,non-hh,national,NA,1,12.399109627372065,-1.477554274
326,"kadiogo(ouagadougou, la capitale",ouagadougou secteur 27,burkina_faso,2009-11-17,4.99573713401254,8,2,1,non-hh,national,NA,1,12.399109627372065,-1.477554274
326,"kadiogo(ouagadougou, la capitale",ouagadougou secteur 27,burkina_faso,2009-11-17,4.99573713401254,8,2,1,non-hh,national,NA,1,12.399109627372065,-1.477554274
326,"kadiogo(ouagadougou, la capitale",ouagadougou secteur 27,burkina_faso,2009-11-17,4.99573713401254,8,2,1,non-hh,national,NA,1,12.399109627372065,-1.477554274
326,"kadiogo(ouagadougou, la capitale",ouagadougou secteur 27,burkina_faso,2009-11-17,4.99573713401254,8,2,1,non-hh,national,NA,1,12.399109627372065,-1.477554274
326,"kadiogo(ouagadougou, la capitale",ouagadougou secteur 27,burkina_faso,2009-11-17,4.99573713401254,8,2,1,non-hh,national,NA,1,12.399109627372065,-1.477554274
326,"kadiogo(ouagadougou, la capitale",ouagadougou secteur 27,burkina_faso,2009-11-17,4.99573713401254,8,2,1,non-hh,national,NA,1,12.399109627372065,-1.477554274
326,"kadiogo(ouagadougou, la capitale",ouagadougou secteur 27,burkina_faso,2009-11-17,4.99573713401254,8,2,1,non-hh,national,NA,1,12.399109627372065,-1.477554274
327,"kadiogo(ouagadougou, la capitale",ouagadougou secteur 27,burkina_faso,2009-11-15,8.84454811172607,4,1,1,hh,international,48,1,12.399109627372065,-1.477554274
327,"kadiogo(ouagadougou, la capitale",ouagadougou secteur 27,burkina_faso,2009-11-15,8.84454811172607,4,1,1,non-hh,national,NA,1,12.399109627372065,-1.477554274
328,"kadiogo(ouagadougou, la capitale",ouagadougou secteur 27,burkina_faso,2009-11-17,12.055074339170215,4,1,1,hh,international,120,1,12.399109627372065,-1.477554274
328,"kadiogo(ouagadougou, la capitale",ouagadougou secteur 27,burkina_faso,2009-11-17,12.055074339170215,4,1,1,non-hh,national,NA,1,12.399109627372065,-1.477554274
328,"kadiogo(ouagadougou, la capitale",ouagadougou secteur 27,burkina_faso,2009-11-17,12.055074339170215,4,1,1,non-hh,national,NA,1,12.399109627372065,-1.477554274
329,"kadiogo(ouagadougou, la capitale",ouagadougou secteur 27,burkina_faso,2009-11-16,12.085907387016608,4,2,NA,hh,international,18,NA,12.399109627372065,-1.477554274
329,"kadiogo(ouagadougou, la capitale",ouagadougou secteur 27,burkina_faso,2009-11-16,12.085907387016608,4,2,NA,hh,international,11,NA,12.399109627372065,-1.477554274
330,"kadiogo(ouagadougou, la capitale",ouagadougou secteur 27,burkina_faso,2009-11-16,10.72610842198847,7,2,1,hh,international,42,NA,12.399109627372065,-1.477554274
330,"kadiogo(ouagadougou, la capitale",ouagadougou secteur 27,burkina_faso,2009-11-16,10.72610842198847,7,2,1,hh,international,110,NA,12.399109627372065,-1.477554274
330,"kadiogo(ouagadougou, la capitale",ouagadougou secteur 27,burkina_faso,2009-11-16,10.72610842198847,7,2,1,non-hh,international,NA,1,12.399109627372065,-1.477554274
331,"kadiogo(ouagadougou, la capitale",ouagadougou secteur 27,burkina_faso,2009-11-16,12.077727190649199,6,1,NA,hh,international,7,NA,12.399109627372065,-1.477554274
332,"kadiogo(ouagadougou, la capitale",ouagadougou secteur 27,burkina_faso,2009-11-15,5.824409520033447,5,2,1,hh,international,108,1,12.399109627372065,-1.477554274
332,"kadiogo(ouagadougou, la capitale",ouagadougou secteur 27,burkina_faso,2009-11-15,5.824409520033447,5,2,1,hh,international,72,NA,12.399109627372065,-1.477554274
332,"kadiogo(ouagadougou, la capitale",ouagadougou secteur 27,burkina_faso,2009-11-15,5.824409520033447,5,2,1,non-hh,international,NA,1,12.399109627372065,-1.477554274
333,"kadiogo(ouagadougou, la capitale",ouagadougou secteur 27,burkina_faso,2009-11-15,12.04714584115257,12,3,1,hh,international,60,NA,12.399109627372065,-1.477554274
333,"kadiogo(ouagadougou, la capitale",ouagadougou secteur 27,burkina_faso,2009-11-15,12.04714584115257,12,3,1,hh,international,24,NA,12.399109627372065,-1.477554274
333,"kadiogo(ouagadougou, la capitale",ouagadougou secteur 27,burkina_faso,2009-11-15,12.04714584115257,12,3,1,hh,international,96,1,12.399109627372065,-1.477554274
334,"kadiogo(ouagadougou, la capitale",ouagadougou secteur 27,burkina_faso,2009-11-15,4.821745220035964,6,1,1,hh,national,72,1,12.399109627372065,-1.477554274
334,"kadiogo(ouagadougou, la capitale",ouagadougou secteur 27,burkina_faso,2009-11-15,4.821745220035964,6,1,1,non-hh,national,NA,1,12.399109627372065,-1.477554274
334,"kadiogo(ouagadougou, la capitale",ouagadougou secteur 27,burkina_faso,2009-11-15,4.821745220035964,6,1,1,non-hh,national,NA,1,12.399109627372065,-1.477554274
334,"kadiogo(ouagadougou, la capitale",ouagadougou secteur 27,burkina_faso,2009-11-15,4.821745220035964,6,1,1,non-hh,national,NA,1,12.399109627372065,-1.477554274
334,"kadiogo(ouagadougou, la capitale",ouagadougou secteur 27,burkina_faso,2009-11-15,4.821745220035964,6,1,1,non-hh,national,NA,1,12.399109627372065,-1.477554274
334,"kadiogo(ouagadougou, la capitale",ouagadougou secteur 27,burkina_faso,2009-11-15,4.821745220035964,6,1,1,non-hh,national,NA,1,12.399109627372065,-1.477554274
334,"kadiogo(ouagadougou, la capitale",ouagadougou secteur 27,burkina_faso,2009-11-15,4.821745220035964,6,1,1,non-hh,national,NA,1,12.399109627372065,-1.477554274
334,"kadiogo(ouagadougou, la capitale",ouagadougou secteur 27,burkina_faso,2009-11-15,4.821745220035964,6,1,1,non-hh,national,NA,1,12.399109627372065,-1.477554274
335,"kadiogo(ouagadougou, la capitale",ouagadougou secteur 27,burkina_faso,2009-11-16,9.750146830342265,1,1,1,hh,national,7,NA,12.399109627372065,-1.477554274
335,"kadiogo(ouagadougou, la capitale",ouagadougou secteur 27,burkina_faso,2009-11-16,9.750146830342265,1,1,1,non-hh,national,NA,1,12.399109627372065,-1.477554274
336,"kadiogo(ouagadougou, la capitale",ouagadougou secteur 27,burkina_faso,2009-11-16,8.837941030044698,4,1,1,hh,national,42,1,12.399109627372065,-1.477554274
337,"kadiogo(ouagadougou, la capitale",ouagadougou secteur 27,burkina_faso,2009-11-16,6.133385618941125,5,1,1,hh,national,88,1,12.399109627372065,-1.477554274
337,"kadiogo(ouagadougou, la capitale",ouagadougou secteur 27,burkina_faso,2009-11-16,6.133385618941125,5,1,1,non-hh,national,NA,1,12.399109627372065,-1.477554274
337,"kadiogo(ouagadougou, la capitale",ouagadougou secteur 27,burkina_faso,2009-11-16,6.133385618941125,5,1,1,non-hh,national,NA,1,12.399109627372065,-1.477554274
337,"kadiogo(ouagadougou, la capitale",ouagadougou secteur 27,burkina_faso,2009-11-16,6.133385618941125,5,1,1,non-hh,national,NA,1,12.399109627372065,-1.477554274
338,"kadiogo(ouagadougou, la capitale",ouagadougou secteur 27,burkina_faso,2009-11-17,8.506739529632506,3,1,1,hh,national,36,1,12.399109627372065,-1.477554274
339,"kadiogo(ouagadougou, la capitale",ouagadougou secteur 27,burkina_faso,2009-11-17,9.559995111972642,2,1,1,hh,national,72,NA,12.399109627372065,-1.477554274
339,"kadiogo(ouagadougou, la capitale",ouagadougou secteur 27,burkina_faso,2009-11-17,9.559995111972642,2,1,1,non-hh,national,NA,1,12.399109627372065,-1.477554274
339,"kadiogo(ouagadougou, la capitale",ouagadougou secteur 27,burkina_faso,2009-11-17,9.559995111972642,2,1,1,non-hh,national,NA,1,12.399109627372065,-1.477554274
340,"kadiogo(ouagadougou, la capitale",ouagadougou secteur 27,burkina_faso,2009-11-17,5.1220869363501205,3,1,1,hh,international,72,1,12.399109627372065,-1.477554274
341,"kadiogo(ouagadougou, la capitale",ouagadougou secteur 27,burkina_faso,2009-11-16,8.112493660476577,3,1,1,hh,national,24,1,12.399109627372065,-1.477554274
341,"kadiogo(ouagadougou, la capitale",ouagadougou secteur 27,burkina_faso,2009-11-16,8.112493660476577,3,1,1,non-hh,national,NA,1,12.399109627372065,-1.477554274
341,"kadiogo(ouagadougou, la capitale",ouagadougou secteur 27,burkina_faso,2009-11-16,8.112493660476577,3,1,1,non-hh,national,NA,1,12.399109627372065,-1.477554274
341,"kadiogo(ouagadougou, la capitale",ouagadougou secteur 27,burkina_faso,2009-11-16,8.112493660476577,3,1,1,non-hh,national,NA,1,12.399109627372065,-1.477554274
341,"kadiogo(ouagadougou, la capitale",ouagadougou secteur 27,burkina_faso,2009-11-16,8.112493660476577,3,1,1,non-hh,national,NA,1,12.399109627372065,-1.477554274
341,"kadiogo(ouagadougou, la capitale",ouagadougou secteur 27,burkina_faso,2009-11-16,8.112493660476577,3,1,1,non-hh,national,NA,1,12.399109627372065,-1.477554274
341,"kadiogo(ouagadougou, la capitale",ouagadougou secteur 27,burkina_faso,2009-11-16,8.112493660476577,3,1,1,non-hh,national,NA,1,12.399109627372065,-1.477554274
342,"kadiogo(ouagadougou, la capitale",ouagadougou secteur 27,burkina_faso,2009-11-19,4.190744537946294,3,1,1,hh,national,1,NA,12.399109627372065,-1.477554274
342,"kadiogo(ouagadougou, la capitale",ouagadougou secteur 27,burkina_faso,2009-11-19,4.190744537946294,3,1,1,non-hh,national,NA,1,12.399109627372065,-1.477554274
352,"kadiogo(ouagadougou, la capitale",ouavougue,burkina_faso,2009-11-04,-0.8257339400711299,17,1,1,hh,international,36,1,12.358802531921251,-1.513194096
352,"kadiogo(ouagadougou, la capitale",ouavougue,burkina_faso,2009-11-04,-0.8257339400711299,17,1,1,non-hh,national,NA,1,12.358802531921251,-1.513194096
353,"kadiogo(ouagadougou, la capitale",ouavougue,burkina_faso,2009-11-04,-0.4413454321239091,12,4,1,hh,international,64,NA,12.358802531921251,-1.513194096
353,"kadiogo(ouagadougou, la capitale",ouavougue,burkina_faso,2009-11-04,-0.4413454321239091,12,4,1,hh,international,31,NA,12.358802531921251,-1.513194096
353,"kadiogo(ouagadougou, la capitale",ouavougue,burkina_faso,2009-11-04,-0.4413454321239091,12,4,1,hh,international,66,NA,12.358802531921251,-1.513194096
353,"kadiogo(ouagadougou, la capitale",ouavougue,burkina_faso,2009-11-04,-0.4413454321239091,12,4,1,hh,international,122,1,12.358802531921251,-1.513194096
353,"kadiogo(ouagadougou, la capitale",ouavougue,burkina_faso,2009-11-04,-0.4413454321239091,12,4,1,non-hh,national,NA,1,12.358802531921251,-1.513194096
353,"kadiogo(ouagadougou, la capitale",ouavougue,burkina_faso,2009-11-04,-0.4413454321239091,12,4,1,non-hh,national,NA,1,12.358802531921251,-1.513194096
354,"kadiogo(ouagadougou, la capitale",ouavougue,burkina_faso,2009-11-04,-0.43341693410626503,10,2,1,hh,international,220,1,12.358802531921251,-1.513194096
354,"kadiogo(ouagadougou, la capitale",ouavougue,burkina_faso,2009-11-04,-0.43341693410626503,10,2,1,hh,international,205,NA,12.358802531921251,-1.513194096
354,"kadiogo(ouagadougou, la capitale",ouavougue,burkina_faso,2009-11-04,-0.43341693410626503,10,2,1,non-hh,national,NA,1,12.358802531921251,-1.513194096
355,"kadiogo(ouagadougou, la capitale",ouavougue,burkina_faso,2009-11-04,-0.5789708511266417,6,2,1,hh,international,129,NA,12.358802531921251,-1.513194096
355,"kadiogo(ouagadougou, la capitale",ouavougue,burkina_faso,2009-11-04,-0.5789708511266417,6,2,1,hh,international,150,NA,12.358802531921251,-1.513194096
355,"kadiogo(ouagadougou, la capitale",ouavougue,burkina_faso,2009-11-04,-0.5789708511266417,6,2,1,non-hh,international,NA,1,12.358802531921251,-1.513194096
356,"kadiogo(ouagadougou, la capitale",ouavougue,burkina_faso,2009-11-04,-0.6879876988692466,7,1,1,hh,international,60,NA,12.358802531921251,-1.513194096
356,"kadiogo(ouagadougou, la capitale",ouavougue,burkina_faso,2009-11-04,-0.6879876988692466,7,1,1,non-hh,national,NA,1,12.358802531921251,-1.513194096
356,"kadiogo(ouagadougou, la capitale",ouavougue,burkina_faso,2009-11-04,-0.6879876988692466,7,1,1,non-hh,national,NA,1,12.358802531921251,-1.513194096
356,"kadiogo(ouagadougou, la capitale",ouavougue,burkina_faso,2009-11-04,-0.6879876988692466,7,1,1,non-hh,national,NA,1,12.358802531921251,-1.513194096
356,"kadiogo(ouagadougou, la capitale",ouavougue,burkina_faso,2009-11-04,-0.6879876988692466,7,1,1,non-hh,national,NA,1,12.358802531921251,-1.513194096
356,"kadiogo(ouagadougou, la capitale",ouavougue,burkina_faso,2009-11-04,-0.6879876988692466,7,1,1,non-hh,international,NA,1,12.358802531921251,-1.513194096
356,"kadiogo(ouagadougou, la capitale",ouavougue,burkina_faso,2009-11-04,-0.6879876988692466,7,1,1,non-hh,national,NA,1,12.358802531921251,-1.513194096
356,"kadiogo(ouagadougou, la capitale",ouavougue,burkina_faso,2009-11-04,-0.6879876988692466,7,1,1,non-hh,national,NA,1,12.358802531921251,-1.513194096
356,"kadiogo(ouagadougou, la capitale",ouavougue,burkina_faso,2009-11-04,-0.6879876988692466,7,1,1,non-hh,national,NA,1,12.358802531921251,-1.513194096
356,"kadiogo(ouagadougou, la capitale",ouavougue,burkina_faso,2009-11-04,-0.6879876988692466,7,1,1,non-hh,national,NA,1,12.358802531921251,-1.513194096
357,"kadiogo(ouagadougou, la capitale",ouavougue,burkina_faso,2009-11-04,-0.9564219233084241,6,4,1,hh,international,108,1,12.358802531921251,-1.513194096
357,"kadiogo(ouagadougou, la capitale",ouavougue,burkina_faso,2009-11-04,-0.9564219233084241,6,4,1,hh,international,36,1,12.358802531921251,-1.513194096
357,"kadiogo(ouagadougou, la capitale",ouavougue,burkina_faso,2009-11-04,-0.9564219233084241,6,4,1,hh,international,72,1,12.358802531921251,-1.513194096
357,"kadiogo(ouagadougou, la capitale",ouavougue,burkina_faso,2009-11-04,-0.9564219233084241,6,4,1,hh,international,360,1,12.358802531921251,-1.513194096
357,"kadiogo(ouagadougou, la capitale",ouavougue,burkina_faso,2009-11-04,-0.9564219233084241,6,4,1,non-hh,national,NA,1,12.358802531921251,-1.513194096
357,"kadiogo(ouagadougou, la capitale",ouavougue,burkina_faso,2009-11-04,-0.9564219233084241,6,4,1,non-hh,national,NA,1,12.358802531921251,-1.513194096
357,"kadiogo(ouagadougou, la capitale",ouavougue,burkina_faso,2009-11-04,-0.9564219233084241,6,4,1,non-hh,national,NA,1,12.358802531921251,-1.513194096
358,"kadiogo(ouagadougou, la capitale",ouavougue,burkina_faso,2009-11-04,0.29221778143308386,7,1,NA,hh,international,480,NA,12.358802531921251,-1.513194096
359,"kadiogo(ouagadougou, la capitale",ouavougue,burkina_faso,2009-11-04,-0.7679219753591424,4,1,NA,hh,international,34,NA,12.358802531921251,-1.513194096
360,"kadiogo(ouagadougou, la capitale",ouavougue,burkina_faso,2009-11-04,-0.9564219233084241,3,1,1,hh,international,12,NA,12.358802531921251,-1.513194096
360,"kadiogo(ouagadougou, la capitale",ouavougue,burkina_faso,2009-11-04,-0.9564219233084241,3,1,1,non-hh,national,NA,1,12.358802531921251,-1.513194096
360,"kadiogo(ouagadougou, la capitale",ouavougue,burkina_faso,2009-11-04,-0.9564219233084241,3,1,1,non-hh,national,NA,1,12.358802531921251,-1.513194096
360,"kadiogo(ouagadougou, la capitale",ouavougue,burkina_faso,2009-11-04,-0.9564219233084241,3,1,1,non-hh,national,NA,1,12.358802531921251,-1.513194096
361,"kadiogo(ouagadougou, la capitale",ouavougue,burkina_faso,2009-11-04,-0.7910467612439374,10,1,1,hh,national,73,1,12.358802531921251,-1.513194096
361,"kadiogo(ouagadougou, la capitale",ouavougue,burkina_faso,2009-11-04,-0.7910467612439374,10,1,1,non-hh,national,NA,1,12.358802531921251,-1.513194096
362,"kadiogo(ouagadougou, la capitale",ouavougue,burkina_faso,2009-11-04,-0.9432077599456841,7,1,1,hh,national,24,1,12.358802531921251,-1.513194096
363,"kadiogo(ouagadougou, la capitale",ouavougue,burkina_faso,2009-11-04,-0.8108680062880473,7,1,1,hh,national,12,NA,12.358802531921251,-1.513194096
363,"kadiogo(ouagadougou, la capitale",ouavougue,burkina_faso,2009-11-04,-0.8108680062880473,7,1,1,non-hh,international,NA,1,12.358802531921251,-1.513194096
364,"kadiogo(ouagadougou, la capitale",ouavougue,burkina_faso,2009-11-04,-0.7811361387218825,6,1,1,hh,national,120,1,12.358802531921251,-1.513194096
364,"kadiogo(ouagadougou, la capitale",ouavougue,burkina_faso,2009-11-04,-0.7811361387218825,6,1,1,non-hh,national,NA,1,12.358802531921251,-1.513194096
364,"kadiogo(ouagadougou, la capitale",ouavougue,burkina_faso,2009-11-04,-0.7811361387218825,6,1,1,non-hh,national,NA,1,12.358802531921251,-1.513194096
364,"kadiogo(ouagadougou, la capitale",ouavougue,burkina_faso,2009-11-04,-0.7811361387218825,6,1,1,non-hh,national,NA,1,12.358802531921251,-1.513194096
364,"kadiogo(ouagadougou, la capitale",ouavougue,burkina_faso,2009-11-04,-0.7811361387218825,6,1,1,non-hh,national,NA,1,12.358802531921251,-1.513194096
365,"kadiogo(ouagadougou, la capitale",ouavougue,burkina_faso,2009-11-04,-0.966332545830479,7,2,1,hh,national,240,1,12.358802531921251,-1.513194096
365,"kadiogo(ouagadougou, la capitale",ouavougue,burkina_faso,2009-11-04,-0.966332545830479,7,2,1,hh,national,192,1,12.358802531921251,-1.513194096
365,"kadiogo(ouagadougou, la capitale",ouavougue,burkina_faso,2009-11-04,-0.966332545830479,7,2,1,non-hh,national,NA,1,12.358802531921251,-1.513194096
365,"kadiogo(ouagadougou, la capitale",ouavougue,burkina_faso,2009-11-04,-0.966332545830479,7,2,1,non-hh,international,NA,1,12.358802531921251,-1.513194096
365,"kadiogo(ouagadougou, la capitale",ouavougue,burkina_faso,2009-11-04,-0.966332545830479,7,2,1,non-hh,national,NA,1,12.358802531921251,-1.513194096
365,"kadiogo(ouagadougou, la capitale",ouavougue,burkina_faso,2009-11-04,-0.966332545830479,7,2,1,non-hh,national,NA,1,12.358802531921251,-1.513194096
366,"kadiogo(ouagadougou, la capitale",ouavougue,burkina_faso,2009-11-04,-0.7943503020846223,8,1,1,hh,national,48,NA,12.358802531921251,-1.513194096
366,"kadiogo(ouagadougou, la capitale",ouavougue,burkina_faso,2009-11-04,-0.7943503020846223,8,1,1,non-hh,national,NA,1,12.358802531921251,-1.513194096
367,"kadiogo(ouagadougou, la capitale",ouavougue,burkina_faso,2009-11-04,-0.6483452087810266,5,2,1,hh,national,300,1,12.358802531921251,-1.513194096
367,"kadiogo(ouagadougou, la capitale",ouavougue,burkina_faso,2009-11-04,-0.6483452087810266,5,2,1,hh,national,360,1,12.358802531921251,-1.513194096
368,"kadiogo(ouagadougou, la capitale",ouavougue,burkina_faso,2009-11-04,-0.9366006782643141,4,2,1,hh,national,51,NA,12.358802531921251,-1.513194096
368,"kadiogo(ouagadougou, la capitale",ouavougue,burkina_faso,2009-11-04,-0.9366006782643141,4,2,1,hh,national,42,NA,12.358802531921251,-1.513194096
368,"kadiogo(ouagadougou, la capitale",ouavougue,burkina_faso,2009-11-04,-0.9366006782643141,4,2,1,non-hh,national,NA,1,12.358802531921251,-1.513194096
368,"kadiogo(ouagadougou, la capitale",ouavougue,burkina_faso,2009-11-04,-0.9366006782643141,4,2,1,non-hh,national,NA,1,12.358802531921251,-1.513194096
368,"kadiogo(ouagadougou, la capitale",ouavougue,burkina_faso,2009-11-04,-0.9366006782643141,4,2,1,non-hh,national,NA,1,12.358802531921251,-1.513194096
369,"kadiogo(ouagadougou, la capitale",ouavougue,burkina_faso,2009-11-04,-0.9167794332202042,1,1,1,hh,national,19,1,12.358802531921251,-1.513194096
369,"kadiogo(ouagadougou, la capitale",ouavougue,burkina_faso,2009-11-04,-0.9167794332202042,1,1,1,non-hh,international,NA,1,12.358802531921251,-1.513194096
379,namentenga(boulsa),bougou,burkina_faso,2009-11-07,-0.966332545830479,14,2,NA,hh,national,24,NA,13.485007288017284,-0.428522595
379,namentenga(boulsa),bougou,burkina_faso,2009-11-07,-0.966332545830479,14,2,NA,hh,national,36,NA,13.485007288017284,-0.428522595
380,namentenga(boulsa),bougou,burkina_faso,2009-11-07,-0.946511300786369,10,1,NA,hh,national,24,NA,13.485007288017284,-0.428522595
386,namentenga(boulsa),bougou,burkina_faso,2009-11-07,-0.9309374653945683,12,1,NA,hh,international,24,NA,13.485007288017284,-0.428522595
387,namentenga(boulsa),bougou,burkina_faso,2009-11-07,-0.9762431683525341,4,2,NA,hh,international,24,NA,13.485007288017284,-0.428522595
387,namentenga(boulsa),bougou,burkina_faso,2009-11-07,-0.9762431683525341,4,2,NA,hh,international,84,NA,13.485007288017284,-0.428522595
388,namentenga(boulsa),bougou,burkina_faso,2009-11-07,-0.7662702049387999,5,1,NA,hh,national,18,NA,13.485007288017284,-0.428522595
389,namentenga(boulsa),bougou,burkina_faso,2009-11-07,-0.4210286559536963,11,1,1,hh,national,12,NA,13.485007288017284,-0.428522595
389,namentenga(boulsa),bougou,burkina_faso,2009-11-07,-0.4210286559536963,11,1,1,non-hh,national,NA,1,13.485007288017284,-0.428522595
389,namentenga(boulsa),bougou,burkina_faso,2009-11-07,-0.4210286559536963,11,1,1,non-hh,national,NA,1,13.485007288017284,-0.428522595
389,namentenga(boulsa),bougou,burkina_faso,2009-11-07,-0.4210286559536963,11,1,1,non-hh,national,NA,1,13.485007288017284,-0.428522595
389,namentenga(boulsa),bougou,burkina_faso,2009-11-07,-0.4210286559536963,11,1,1,non-hh,national,NA,1,13.485007288017284,-0.428522595
389,namentenga(boulsa),bougou,burkina_faso,2009-11-07,-0.4210286559536963,11,1,1,non-hh,national,NA,1,13.485007288017284,-0.428522595
389,namentenga(boulsa),bougou,burkina_faso,2009-11-07,-0.4210286559536963,11,1,1,non-hh,national,NA,1,13.485007288017284,-0.428522595
390,namentenga(boulsa),bougou,burkina_faso,2009-11-07,-0.9247079312378481,14,1,1,hh,international,23,NA,13.485007288017284,-0.428522595
390,namentenga(boulsa),bougou,burkina_faso,2009-11-07,-0.9247079312378481,14,1,1,non-hh,national,NA,1,13.485007288017284,-0.428522595
391,namentenga(boulsa),bougou,burkina_faso,2009-11-07,-0.946511300786369,10,1,1,hh,international,144,1,13.485007288017284,-0.428522595
392,namentenga(boulsa),bougou,burkina_faso,2009-11-08,-1.0357069034848638,7,1,1,hh,international,144,NA,13.485007288017284,-0.428522595
392,namentenga(boulsa),bougou,burkina_faso,2009-11-08,-1.0357069034848638,7,1,1,non-hh,national,NA,1,13.485007288017284,-0.428522595
392,namentenga(boulsa),bougou,burkina_faso,2009-11-08,-1.0357069034848638,7,1,1,non-hh,national,NA,1,13.485007288017284,-0.428522595
393,namentenga(boulsa),bougou,burkina_faso,2009-11-07,-0.9299935965829442,5,1,1,hh,national,12,NA,13.485007288017284,-0.428522595
393,namentenga(boulsa),bougou,burkina_faso,2009-11-07,-0.9299935965829442,5,1,1,non-hh,national,NA,1,13.485007288017284,-0.428522595
394,namentenga(boulsa),bougou,burkina_faso,2009-11-08,-0.6126669677016288,16,1,NA,hh,international,24,NA,13.485007288017284,-0.428522595
395,namentenga(boulsa),bougou,burkina_faso,2009-11-07,-0.4370207968415578,24,1,1,hh,national,12,1,13.485007288017284,-0.428522595
395,namentenga(boulsa),bougou,burkina_faso,2009-11-07,-0.4370207968415578,24,1,1,non-hh,national,NA,1,13.485007288017284,-0.428522595
397,namentenga(boulsa),bougou,burkina_faso,2009-11-07,-0.9299935965829442,10,1,1,hh,international,48,1,13.485007288017284,-0.428522595
399,namentenga(boulsa),bougou,burkina_faso,2009-11-07,-0.9332971374236292,11,2,1,hh,international,156,NA,13.485007288017284,-0.428522595
399,namentenga(boulsa),bougou,burkina_faso,2009-11-07,-0.9332971374236292,11,2,1,hh,international,156,1,13.485007288017284,-0.428522595
400,namentenga(boulsa),bougou,burkina_faso,2009-11-08,-0.9592535297432969,22,1,1,hh,national,12,1,13.485007288017284,-0.428522595
401,namentenga(boulsa),bougou,burkina_faso,2009-11-07,-0.986153790874589,9,1,1,hh,national,36,1,13.485007288017284,-0.428522595
404,namentenga(boulsa),bougou,burkina_faso,2009-11-07,-0.9564219233084241,12,1,NA,hh,international,9,NA,13.485007288017284,-0.428522595
406,namentenga(boulsa),dazanrin,burkina_faso,2009-11-01,-0.9366006782643141,10,1,NA,hh,national,24,NA,12.660287851621774,-0.567514272
407,namentenga(boulsa),dazanrin,burkina_faso,2009-11-01,-0.9514666120473967,22,1,1,hh,international,2,NA,12.660287851621774,-0.567514272
407,namentenga(boulsa),dazanrin,burkina_faso,2009-11-01,-0.9514666120473967,22,1,1,non-hh,national,NA,1,12.660287851621774,-0.567514272
407,namentenga(boulsa),dazanrin,burkina_faso,2009-11-01,-0.9514666120473967,22,1,1,non-hh,national,NA,1,12.660287851621774,-0.567514272
408,namentenga(boulsa),dazanrin,burkina_faso,2009-11-01,-0.44828286788934757,11,1,NA,hh,international,96,NA,12.660287851621774,-0.567514272
409,namentenga(boulsa),dazanrin,burkina_faso,2009-11-01,-0.43011339326558007,11,1,NA,hh,international,72,NA,12.660287851621774,-0.567514272
410,namentenga(boulsa),dazanrin,burkina_faso,2009-11-01,-0.5945446865184424,16,1,NA,hh,national,84,NA,12.660287851621774,-0.567514272
411,namentenga(boulsa),dazanrin,burkina_faso,2009-11-01,-0.8009573837659925,9,1,NA,hh,international,60,NA,12.660287851621774,-0.567514272
412,namentenga(boulsa),dazanrin,burkina_faso,2009-11-01,-0.586403818018183,15,1,NA,hh,international,115,NA,12.660287851621774,-0.567514272
413,namentenga(boulsa),dazanrin,burkina_faso,2009-11-01,-0.5938367849097242,18,2,1,hh,international,30,1,12.660287851621774,-0.567514272
413,namentenga(boulsa),dazanrin,burkina_faso,2009-11-01,-0.5938367849097242,18,2,1,hh,international,30,NA,12.660287851621774,-0.567514272
414,namentenga(boulsa),dazanrin,burkina_faso,2009-11-01,-0.5769887266222308,7,1,NA,hh,international,384,NA,12.660287851621774,-0.567514272
415,namentenga(boulsa),dazanrin,burkina_faso,2009-11-01,-0.952457674299602,14,1,NA,hh,international,12,NA,12.660287851621774,-0.567514272
416,namentenga(boulsa),dazanrin,burkina_faso,2009-11-01,-0.9217347444812316,5,1,1,hh,international,12,NA,12.660287851621774,-0.567514272
416,namentenga(boulsa),dazanrin,burkina_faso,2009-11-01,-0.9217347444812316,5,1,1,non-hh,international,NA,1,12.660287851621774,-0.567514272
417,namentenga(boulsa),dazanrin,burkina_faso,2009-11-01,-0.9134758923795192,5,1,1,hh,international,24,1,12.660287851621774,-0.567514272
428,namentenga(boulsa),dazanrin,burkina_faso,2009-11-01,1.5462016183905476,8,1,NA,hh,national,48,NA,12.660287851621774,-0.567514272
433,namentenga(boulsa),konkoara,burkina_faso,2009-10-30,-0.9217347444812316,5,1,1,hh,national,72,1,12.660540911581375,-0.568371028
434,namentenga(boulsa),konkoara,burkina_faso,2009-10-30,-0.9207436822290263,6,1,NA,hh,national,108,NA,12.660540911581375,-0.568371028
435,namentenga(boulsa),konkoara,burkina_faso,2009-10-30,-0.9366006782643141,14,2,1,hh,international,84,1,12.660540911581375,-0.568371028
435,namentenga(boulsa),konkoara,burkina_faso,2009-10-30,-0.9366006782643141,14,2,1,hh,international,14,NA,12.660540911581375,-0.568371028
436,namentenga(boulsa),konkoara,burkina_faso,2009-10-30,-0.9366006782643141,8,1,NA,hh,international,112,NA,12.660540911581375,-0.568371028
438,namentenga(boulsa),konkoara,burkina_faso,2009-10-30,-0.972278919343712,19,1,NA,hh,national,24,NA,12.660540911581375,-0.568371028
439,namentenga(boulsa),konkoara,burkina_faso,2009-10-30,-0.9564219233084241,12,1,1,hh,international,24,1,12.660540911581375,-0.568371028
440,namentenga(boulsa),konkoara,burkina_faso,2009-10-30,-0.966332545830479,7,2,1,hh,international,39,1,12.660540911581375,-0.568371028
440,namentenga(boulsa),konkoara,burkina_faso,2009-10-30,-0.966332545830479,7,2,1,hh,international,112,NA,12.660540911581375,-0.568371028
441,namentenga(boulsa),konkoara,burkina_faso,2009-10-30,-0.7613148936777725,2,1,1,hh,international,36,1,12.660540911581375,-0.568371028
442,namentenga(boulsa),konkoara,burkina_faso,2009-10-30,-0.9445291762819581,12,1,1,hh,national,180,1,12.660540911581375,-0.568371028
443,namentenga(boulsa),konkoara,burkina_faso,2009-10-30,-0.7890646367395264,12,1,1,hh,national,120,1,12.660540911581375,-0.568371028
443,namentenga(boulsa),konkoara,burkina_faso,2009-10-30,-0.7890646367395264,12,1,1,non-hh,national,NA,1,12.660540911581375,-0.568371028
443,namentenga(boulsa),konkoara,burkina_faso,2009-10-30,-0.7890646367395264,12,1,1,non-hh,international,NA,1,12.660540911581375,-0.568371028
443,namentenga(boulsa),konkoara,burkina_faso,2009-10-30,-0.7890646367395264,12,1,1,non-hh,national,NA,1,12.660540911581375,-0.568371028
444,namentenga(boulsa),konkoara,burkina_faso,2009-10-30,-0.9366006782643141,8,1,NA,hh,national,108,NA,12.660540911581375,-0.568371028
446,namentenga(boulsa),konkoara,burkina_faso,2009-10-30,-0.9167794332202042,5,3,1,hh,national,96,1,12.660540911581375,-0.568371028
446,namentenga(boulsa),konkoara,burkina_faso,2009-10-30,-0.9167794332202042,5,3,1,hh,national,96,NA,12.660540911581375,-0.568371028
446,namentenga(boulsa),konkoara,burkina_faso,2009-10-30,-0.9167794332202042,5,3,1,hh,national,96,1,12.660540911581375,-0.568371028
446,namentenga(boulsa),konkoara,burkina_faso,2009-10-30,-0.9167794332202042,5,3,1,non-hh,international,NA,1,12.660540911581375,-0.568371028
447,namentenga(boulsa),konkoara,burkina_faso,2009-10-30,-0.9531183824677392,17,1,1,hh,national,120,1,12.660540911581375,-0.568371028
453,namentenga(boulsa),konkoara,burkina_faso,2009-10-30,-0.969636086671164,11,4,1,hh,national,91,NA,12.660540911581375,-0.568371028
453,namentenga(boulsa),konkoara,burkina_faso,2009-10-30,-0.969636086671164,11,4,1,hh,national,65,1,12.660540911581375,-0.568371028
453,namentenga(boulsa),konkoara,burkina_faso,2009-10-30,-0.969636086671164,11,4,1,hh,national,65,NA,12.660540911581375,-0.568371028
453,namentenga(boulsa),konkoara,burkina_faso,2009-10-30,-0.969636086671164,11,4,1,hh,international,13,NA,12.660540911581375,-0.568371028
456,namentenga(boulsa),konkoara,burkina_faso,2009-10-30,0.3379210933354525,11,1,NA,hh,international,24,NA,12.660540911581375,-0.568371028
457,namentenga(boulsa),konkoara,burkina_faso,2009-10-30,-0.8901529864644873,15,2,1,hh,international,60,NA,12.660540911581375,-0.568371028
457,namentenga(boulsa),konkoara,burkina_faso,2009-10-30,-0.8901529864644873,15,2,1,hh,international,60,1,12.660540911581375,-0.568371028
458,namentenga(boulsa),konkoara,burkina_faso,2009-10-30,4.726421954368466,31,4,1,hh,international,108,NA,12.660540911581375,-0.568371028
458,namentenga(boulsa),konkoara,burkina_faso,2009-10-30,4.726421954368466,31,4,1,hh,international,2,1,12.660540911581375,-0.568371028
458,namentenga(boulsa),konkoara,burkina_faso,2009-10-30,4.726421954368466,31,4,1,hh,international,12,NA,12.660540911581375,-0.568371028
458,namentenga(boulsa),konkoara,burkina_faso,2009-10-30,4.726421954368466,31,4,1,hh,international,120,1,12.660540911581375,-0.568371028
458,namentenga(boulsa),konkoara,burkina_faso,2009-10-30,4.726421954368466,31,4,1,non-hh,international,NA,1,12.660540911581375,-0.568371028
458,namentenga(boulsa),konkoara,burkina_faso,2009-10-30,4.726421954368466,31,4,1,non-hh,international,NA,1,12.660540911581375,-0.568371028
458,namentenga(boulsa),konkoara,burkina_faso,2009-10-30,4.726421954368466,31,4,1,non-hh,international,NA,1,12.660540911581375,-0.568371028
458,namentenga(boulsa),konkoara,burkina_faso,2009-10-30,4.726421954368466,31,4,1,non-hh,international,NA,1,12.660540911581375,-0.568371028
459,namentenga(boulsa),konkoara,burkina_faso,2009-10-30,-0.43058532767139224,13,1,1,hh,international,36,1,12.660540911581375,-0.568371028
467,namentenga(boulsa),silague,burkina_faso,2009-11-05,-0.9564219233084241,12,1,NA,hh,international,72,NA,12.660540911581375,-0.568371028
470,namentenga(boulsa),silague,burkina_faso,2009-11-05,0.6663653127741811,8,1,1,hh,national,12,1,12.660540911581375,-0.568371028
471,namentenga(boulsa),silague,burkina_faso,2009-11-05,-0.9415559895253416,9,1,1,hh,international,24,1,12.660540911581375,-0.568371028
472,namentenga(boulsa),silague,burkina_faso,2009-11-05,-0.915254722062965,12,2,NA,hh,international,120,NA,12.660540911581375,-0.568371028
472,namentenga(boulsa),silague,burkina_faso,2009-11-05,-0.915254722062965,12,2,NA,hh,international,84,NA,12.660540911581375,-0.568371028
473,namentenga(boulsa),silague,burkina_faso,2009-11-05,-0.5727767120503574,19,1,NA,hh,international,84,NA,12.660540911581375,-0.568371028
474,namentenga(boulsa),silague,burkina_faso,2009-11-05,-0.926690055742259,9,1,1,hh,national,72,1,12.660540911581375,-0.568371028
475,namentenga(boulsa),silague,burkina_faso,2009-11-05,-0.9167794332202042,7,2,1,hh,international,48,1,12.660540911581375,-0.568371028
475,namentenga(boulsa),silague,burkina_faso,2009-11-05,-0.9167794332202042,7,2,1,hh,international,12,NA,12.660540911581375,-0.568371028
476,namentenga(boulsa),silague,burkina_faso,2009-11-05,-1.0555281485289738,16,3,1,hh,international,168,NA,12.660540911581375,-0.568371028
476,namentenga(boulsa),silague,burkina_faso,2009-11-05,-1.0555281485289738,16,3,1,hh,international,168,1,12.660540911581375,-0.568371028
476,namentenga(boulsa),silague,burkina_faso,2009-11-05,-1.0555281485289738,16,3,1,hh,national,36,1,12.660540911581375,-0.568371028
476,namentenga(boulsa),silague,burkina_faso,2009-11-05,-1.0555281485289738,16,3,1,non-hh,national,NA,1,12.660540911581375,-0.568371028
476,namentenga(boulsa),silague,burkina_faso,2009-11-05,-1.0555281485289738,16,3,1,non-hh,national,NA,1,12.660540911581375,-0.568371028
476,namentenga(boulsa),silague,burkina_faso,2009-11-05,-1.0555281485289738,16,3,1,non-hh,national,NA,1,12.660540911581375,-0.568371028
477,namentenga(boulsa),silague,burkina_faso,2009-11-05,-0.9286721802466702,8,1,1,hh,international,36,1,12.660540911581375,-0.568371028
478,namentenga(boulsa),silague,burkina_faso,2009-11-05,-0.9399042191049991,13,3,1,hh,international,144,1,12.660540911581375,-0.568371028
478,namentenga(boulsa),silague,burkina_faso,2009-11-05,-0.9399042191049991,13,3,1,hh,international,132,NA,12.660540911581375,-0.568371028
478,namentenga(boulsa),silague,burkina_faso,2009-11-05,-0.9399042191049991,13,3,1,hh,international,36,NA,12.660540911581375,-0.568371028
479,namentenga(boulsa),silague,burkina_faso,2009-11-05,-0.5938367849097242,9,2,NA,hh,national,120,NA,12.660540911581375,-0.568371028
479,namentenga(boulsa),silague,burkina_faso,2009-11-05,-0.5938367849097242,9,2,NA,hh,national,120,NA,12.660540911581375,-0.568371028
480,namentenga(boulsa),silague,burkina_faso,2009-11-05,-0.9233865149015741,4,1,NA,hh,national,120,NA,12.660540911581375,-0.568371028
481,namentenga(boulsa),silague,burkina_faso,2009-11-05,-0.7698097129823911,10,1,1,hh,national,24,NA,12.660540911581375,-0.568371028
481,namentenga(boulsa),silague,burkina_faso,2009-11-05,-0.7698097129823911,10,1,1,non-hh,national,NA,1,12.660540911581375,-0.568371028
481,namentenga(boulsa),silague,burkina_faso,2009-11-05,-0.7698097129823911,10,1,1,non-hh,national,NA,1,12.660540911581375,-0.568371028
481,namentenga(boulsa),silague,burkina_faso,2009-11-05,-0.7698097129823911,10,1,1,non-hh,national,NA,1,12.660540911581375,-0.568371028
481,namentenga(boulsa),silague,burkina_faso,2009-11-05,-0.7698097129823911,10,1,1,non-hh,national,NA,1,12.660540911581375,-0.568371028
481,namentenga(boulsa),silague,burkina_faso,2009-11-05,-0.7698097129823911,10,1,1,non-hh,national,NA,1,12.660540911581375,-0.568371028
482,namentenga(boulsa),silague,burkina_faso,2009-11-05,-0.9299935965829442,5,2,1,hh,national,120,1,12.660540911581375,-0.568371028
482,namentenga(boulsa),silague,burkina_faso,2009-11-05,-0.9299935965829442,5,2,1,hh,national,12,NA,12.660540911581375,-0.568371028
483,namentenga(boulsa),silague,burkina_faso,2009-11-05,-0.44332755662832,10,1,NA,hh,national,30,NA,12.660540911581375,-0.568371028
484,namentenga(boulsa),silague,burkina_faso,2009-11-05,-0.4113933285016984,8,1,NA,hh,national,72,NA,12.660540911581375,-0.568371028
485,namentenga(boulsa),silague,burkina_faso,2009-11-05,-0.5954885553300667,14,1,1,hh,international,120,1,12.660540911581375,-0.568371028
486,namentenga(boulsa),silague,burkina_faso,2009-11-05,1.7016661579329793,8,1,NA,hh,national,36,NA,12.660540911581375,-0.568371028
495,namentenga(boulsa),tougri secteur 5,burkina_faso,2009-11-10,-0.9564219233084241,3,1,1,hh,national,12,NA,13.313191935108659,-0.526893673
495,namentenga(boulsa),tougri secteur 5,burkina_faso,2009-11-10,-0.9564219233084241,3,1,1,non-hh,international,NA,1,13.313191935108659,-0.526893673
495,namentenga(boulsa),tougri secteur 5,burkina_faso,2009-11-10,-0.9564219233084241,3,1,1,non-hh,international,NA,1,13.313191935108659,-0.526893673
496,namentenga(boulsa),tougri secteur 5,burkina_faso,2009-11-10,-0.45819349041140245,13,1,1,hh,national,36,1,13.313191935108659,-0.526893673
496,namentenga(boulsa),tougri secteur 5,burkina_faso,2009-11-10,-0.45819349041140245,13,1,1,non-hh,national,NA,1,13.313191935108659,-0.526893673
497,namentenga(boulsa),tougri secteur 5,burkina_faso,2009-11-10,-0.44530968113273106,13,1,1,hh,national,24,NA,13.313191935108659,-0.526893673
497,namentenga(boulsa),tougri secteur 5,burkina_faso,2009-11-10,-0.44530968113273106,13,1,1,non-hh,national,NA,1,13.313191935108659,-0.526893673
498,namentenga(boulsa),tougri secteur 5,burkina_faso,2009-11-10,-0.966332545830479,7,1,NA,hh,national,48,NA,13.313191935108659,-0.526893673
499,namentenga(boulsa),tougri secteur 5,burkina_faso,2009-11-10,-0.9167794332202042,2,1,NA,hh,national,18,NA,13.313191935108659,-0.526893673
500,namentenga(boulsa),tougri secteur 5,burkina_faso,2009-11-10,-0.972278919343712,19,1,1,hh,national,36,1,13.313191935108659,-0.526893673
501,namentenga(boulsa),tougri secteur 5,burkina_faso,2009-11-10,-0.949814841627054,8,1,NA,hh,national,84,NA,13.313191935108659,-0.526893673
502,namentenga(boulsa),tougri secteur 5,burkina_faso,2009-11-10,-0.9564219233084241,9,1,1,hh,national,12,1,13.313191935108659,-0.526893673
503,namentenga(boulsa),tougri secteur 5,burkina_faso,2009-11-10,-0.9432077599456841,7,1,NA,hh,international,60,NA,13.313191935108659,-0.526893673
504,namentenga(boulsa),tougri secteur 5,burkina_faso,2009-11-10,-0.9514666120473967,11,1,NA,hh,international,12,NA,13.313191935108659,-0.526893673
505,namentenga(boulsa),tougri secteur 5,burkina_faso,2009-11-10,-0.9422638911340597,16,1,1,hh,international,144,NA,13.313191935108659,-0.526893673
505,namentenga(boulsa),tougri secteur 5,burkina_faso,2009-11-10,-0.9422638911340597,16,1,1,non-hh,national,NA,1,13.313191935108659,-0.526893673
506,namentenga(boulsa),tougri secteur 5,burkina_faso,2009-11-10,1.916812190700321,14,1,NA,hh,international,24,NA,13.313191935108659,-0.526893673
507,namentenga(boulsa),tougri secteur 5,burkina_faso,2009-11-10,-0.9366006782643141,10,1,1,hh,international,36,NA,13.313191935108659,-0.526893673
507,namentenga(boulsa),tougri secteur 5,burkina_faso,2009-11-10,-0.9366006782643141,10,1,1,non-hh,national,NA,1,13.313191935108659,-0.526893673
508,namentenga(boulsa),tougri secteur 5,burkina_faso,2009-11-10,1.7571064804827876,16,1,1,hh,international,120,1,13.313191935108659,-0.526893673
509,namentenga(boulsa),tougri secteur 5,burkina_faso,2009-11-10,-0.9564219233084241,12,1,NA,hh,international,24,NA,13.313191935108659,-0.526893673
510,namentenga(boulsa),tougri secteur 5,burkina_faso,2009-11-10,-0.9479271040038055,18,1,1,hh,international,12,1,13.313191935108659,-0.526893673
512,namentenga(boulsa),tougri secteur 5,burkina_faso,2009-11-10,-0.446631097469005,8,2,1,hh,national,24,1,13.313191935108659,-0.526893673
512,namentenga(boulsa),tougri secteur 5,burkina_faso,2009-11-10,-0.446631097469005,8,2,1,hh,national,24,1,13.313191935108659,-0.526893673
513,namentenga(boulsa),tougri secteur 5,burkina_faso,2009-11-10,-0.9286721802466702,8,1,1,hh,international,24,1,13.313191935108659,-0.526893673
514,namentenga(boulsa),youguin,burkina_faso,2009-11-03,-0.946511300786369,15,3,NA,hh,international,18,NA,12.660540911581375,-0.568371028
514,namentenga(boulsa),youguin,burkina_faso,2009-11-03,-0.946511300786369,15,3,NA,hh,international,18,NA,12.660540911581375,-0.568371028
514,namentenga(boulsa),youguin,burkina_faso,2009-11-03,-0.946511300786369,15,3,NA,hh,international,18,NA,12.660540911581375,-0.568371028
515,namentenga(boulsa),youguin,burkina_faso,2009-11-03,-0.9281058589596956,11,1,1,hh,national,24,NA,12.660540911581375,-0.568371028
515,namentenga(boulsa),youguin,burkina_faso,2009-11-03,-0.9281058589596956,11,1,1,non-hh,national,NA,1,12.660540911581375,-0.568371028
515,namentenga(boulsa),youguin,burkina_faso,2009-11-03,-0.9281058589596956,11,1,1,non-hh,national,NA,1,12.660540911581375,-0.568371028
516,namentenga(boulsa),youguin,burkina_faso,2009-11-02,4.116689647671069,8,1,1,hh,national,72,1,12.660540911581375,-0.568371028
517,namentenga(boulsa),youguin,burkina_faso,2009-11-03,-0.6285239637369167,4,1,NA,hh,international,60,NA,12.660540911581375,-0.568371028
520,namentenga(boulsa),youguin,burkina_faso,2009-11-03,-0.940564927273136,11,2,1,hh,national,60,1,12.660540911581375,-0.568371028
520,namentenga(boulsa),youguin,burkina_faso,2009-11-03,-0.940564927273136,11,2,1,hh,national,12,NA,12.660540911581375,-0.568371028
522,namentenga(boulsa),youguin,burkina_faso,2009-11-03,-0.6351310454182866,13,1,NA,hh,international,12,NA,12.660540911581375,-0.568371028
524,namentenga(boulsa),youguin,burkina_faso,2009-11-03,-0.926690055742259,12,2,1,hh,national,36,1,12.660540911581375,-0.568371028
524,namentenga(boulsa),youguin,burkina_faso,2009-11-03,-0.926690055742259,12,2,1,hh,national,96,1,12.660540911581375,-0.568371028
525,namentenga(boulsa),youguin,burkina_faso,2009-11-03,-0.949814841627054,8,4,1,hh,international,42,NA,12.660540911581375,-0.568371028
525,namentenga(boulsa),youguin,burkina_faso,2009-11-03,-0.949814841627054,8,4,1,hh,international,42,NA,12.660540911581375,-0.568371028
525,namentenga(boulsa),youguin,burkina_faso,2009-11-03,-0.949814841627054,8,4,1,hh,international,98,NA,12.660540911581375,-0.568371028
525,namentenga(boulsa),youguin,burkina_faso,2009-11-03,-0.949814841627054,8,4,1,hh,international,98,1,12.660540911581375,-0.568371028
529,namentenga(boulsa),youguin,burkina_faso,2009-11-03,-0.9415559895253416,9,1,1,hh,national,24,NA,12.660540911581375,-0.568371028
529,namentenga(boulsa),youguin,burkina_faso,2009-11-03,-0.9415559895253416,9,1,1,non-hh,national,NA,1,12.660540911581375,-0.568371028
532,namentenga(boulsa),youguin,burkina_faso,2009-11-03,0.33603335571220394,10,1,NA,hh,international,12,NA,12.660540911581375,-0.568371028
533,namentenga(boulsa),youguin,burkina_faso,2009-11-03,-0.9277912360224876,14,3,NA,hh,international,12,NA,12.660540911581375,-0.568371028
533,namentenga(boulsa),youguin,burkina_faso,2009-11-03,-0.9277912360224876,14,3,NA,hh,international,12,NA,12.660540911581375,-0.568371028
533,namentenga(boulsa),youguin,burkina_faso,2009-11-03,-0.9277912360224876,14,3,NA,hh,international,12,NA,12.660540911581375,-0.568371028
534,namentenga(boulsa),youguin,burkina_faso,2009-11-02,-0.6153098003741768,10,3,NA,hh,international,5,NA,12.660540911581375,-0.568371028
534,namentenga(boulsa),youguin,burkina_faso,2009-11-02,-0.6153098003741768,10,3,NA,hh,international,135,NA,12.660540911581375,-0.568371028
534,namentenga(boulsa),youguin,burkina_faso,2009-11-02,-0.6153098003741768,10,3,NA,hh,international,135,NA,12.660540911581375,-0.568371028
536,namentenga(boulsa),youguin,burkina_faso,2009-11-03,-0.9316453670032867,14,5,1,hh,international,91,1,12.660540911581375,-0.568371028
536,namentenga(boulsa),youguin,burkina_faso,2009-11-03,-0.9316453670032867,14,5,1,hh,international,91,NA,12.660540911581375,-0.568371028
536,namentenga(boulsa),youguin,burkina_faso,2009-11-03,-0.9316453670032867,14,5,1,hh,international,6,NA,12.660540911581375,-0.568371028
536,namentenga(boulsa),youguin,burkina_faso,2009-11-03,-0.9316453670032867,14,5,1,hh,international,14,NA,12.660540911581375,-0.568371028
536,namentenga(boulsa),youguin,burkina_faso,2009-11-03,-0.9316453670032867,14,5,1,hh,international,25,NA,12.660540911581375,-0.568371028
539,namentenga(boulsa),youguin,burkina_faso,2009-11-02,-0.9366006782643141,14,2,NA,hh,international,15,NA,12.660540911581375,-0.568371028
539,namentenga(boulsa),youguin,burkina_faso,2009-11-02,-0.9366006782643141,14,2,NA,hh,international,15,NA,12.660540911581375,-0.568371028
540,namentenga(boulsa),youguin,burkina_faso,2009-11-03,-0.9145770726597475,8,3,1,hh,national,319,NA,12.660540911581375,-0.568371028
540,namentenga(boulsa),youguin,burkina_faso,2009-11-03,-0.9145770726597475,8,3,1,hh,national,37,1,12.660540911581375,-0.568371028
540,namentenga(boulsa),youguin,burkina_faso,2009-11-03,-0.9145770726597475,8,3,1,hh,national,566,NA,12.660540911581375,-0.568371028
550,sanmatenga(kaya),arouem,burkina_faso,2009-11-04,0.15629739416404032,6,2,NA,hh,international,120,NA,13.096810194780764,-1.086335777
550,sanmatenga(kaya),arouem,burkina_faso,2009-11-04,0.15629739416404032,6,2,NA,hh,international,84,NA,13.096810194780764,-1.086335777
551,sanmatenga(kaya),arouem,burkina_faso,2009-11-04,-0.9082846139155856,4,1,NA,hh,international,60,NA,13.096810194780764,-1.086335777
552,sanmatenga(kaya),arouem,burkina_faso,2009-11-04,-0.966332545830479,7,1,NA,hh,international,98,NA,13.096810194780764,-1.086335777
553,sanmatenga(kaya),arouem,burkina_faso,2009-11-05,-0.946511300786369,10,1,1,hh,international,96,NA,13.096810194780764,-1.086335777
553,sanmatenga(kaya),arouem,burkina_faso,2009-11-05,-0.946511300786369,10,1,1,non-hh,national,NA,1,13.096810194780764,-1.086335777
554,sanmatenga(kaya),arouem,burkina_faso,2009-11-04,-0.9366006782643141,8,1,NA,hh,national,60,NA,13.096810194780764,-1.086335777
555,sanmatenga(kaya),arouem,burkina_faso,2009-11-04,-0.5888814736486967,6,1,NA,hh,international,60,NA,13.096810194780764,-1.086335777
556,sanmatenga(kaya),arouem,burkina_faso,2009-11-04,-0.43341693410626503,10,1,NA,hh,national,27,NA,13.096810194780764,-1.086335777
557,sanmatenga(kaya),arouem,burkina_faso,2009-11-04,-0.9167794332202042,6,5,1,hh,international,158,NA,13.096810194780764,-1.086335777
557,sanmatenga(kaya),arouem,burkina_faso,2009-11-04,-0.9167794332202042,6,5,1,hh,international,62,1,13.096810194780764,-1.086335777
557,sanmatenga(kaya),arouem,burkina_faso,2009-11-04,-0.9167794332202042,6,5,1,hh,international,28,NA,13.096810194780764,-1.086335777
557,sanmatenga(kaya),arouem,burkina_faso,2009-11-04,-0.9167794332202042,6,5,1,hh,international,123,1,13.096810194780764,-1.086335777
557,sanmatenga(kaya),arouem,burkina_faso,2009-11-04,-0.9167794332202042,6,5,1,hh,international,150,NA,13.096810194780764,-1.086335777
558,sanmatenga(kaya),arouem,burkina_faso,2009-11-05,-0.5723637694452718,7,1,1,hh,national,54,1,13.096810194780764,-1.086335777
559,sanmatenga(kaya),arouem,burkina_faso,2009-11-05,0.6920114124295338,5,1,1,hh,national,120,1,13.096810194780764,-1.086335777
560,sanmatenga(kaya),arouem,burkina_faso,2009-11-04,-0.7745290570405126,5,1,NA,hh,national,120,NA,13.096810194780764,-1.086335777
561,sanmatenga(kaya),arouem,burkina_faso,2009-11-04,0.3435843062051982,9,1,NA,hh,international,240,NA,13.096810194780764,-1.086335777
562,sanmatenga(kaya),arouem,burkina_faso,2009-11-05,-0.949814841627054,8,1,1,hh,international,96,1,13.096810194780764,-1.086335777
563,sanmatenga(kaya),arouem,burkina_faso,2009-11-04,-1.0158856584407538,6,1,1,hh,national,48,1,13.096810194780764,-1.086335777
564,sanmatenga(kaya),arouem,burkina_faso,2009-11-04,-0.9564219233084241,3,1,1,hh,national,120,1,13.096810194780764,-1.086335777
565,sanmatenga(kaya),arouem,burkina_faso,2009-11-04,-0.966332545830479,21,1,1,hh,national,29,1,13.096810194780764,-1.086335777
566,sanmatenga(kaya),arouem,burkina_faso,2009-11-05,0.10047641893456438,3,1,NA,hh,international,41,NA,13.096810194780764,-1.086335777
567,sanmatenga(kaya),arouem,burkina_faso,2009-11-05,0.28978378394261406,8,2,NA,hh,national,24,NA,13.096810194780764,-1.086335777
567,sanmatenga(kaya),arouem,burkina_faso,2009-11-05,0.28978378394261406,8,2,NA,hh,national,12,NA,13.096810194780764,-1.086335777
568,sanmatenga(kaya),bagbin-noungou,burkina_faso,2009-10-30,-0.5844767525277834,16,1,NA,hh,international,12,NA,12.727129999999999,-1.05162
569,sanmatenga(kaya),bagbin-noungou,burkina_faso,2009-10-29,-0.5839261623876693,7,1,NA,hh,international,84,NA,12.727129999999999,-1.05162
571,sanmatenga(kaya),bagbin-noungou,burkina_faso,2009-10-30,-1.1149918836613035,11,5,1,hh,national,60,1,12.727129999999999,-1.05162
571,sanmatenga(kaya),bagbin-noungou,burkina_faso,2009-10-30,-1.1149918836613035,11,5,1,hh,national,72,NA,12.727129999999999,-1.05162
571,sanmatenga(kaya),bagbin-noungou,burkina_faso,2009-10-30,-1.1149918836613035,11,5,1,hh,national,48,1,12.727129999999999,-1.05162
571,sanmatenga(kaya),bagbin-noungou,burkina_faso,2009-10-30,-1.1149918836613035,11,5,1,hh,national,36,1,12.727129999999999,-1.05162
571,sanmatenga(kaya),bagbin-noungou,burkina_faso,2009-10-30,-1.1149918836613035,11,5,1,hh,national,84,NA,12.727129999999999,-1.05162
573,sanmatenga(kaya),bagbin-noungou,burkina_faso,2009-10-30,-0.8009573837659925,3,4,1,hh,national,120,NA,12.727129999999999,-1.05162
573,sanmatenga(kaya),bagbin-noungou,burkina_faso,2009-10-30,-0.8009573837659925,3,4,1,hh,national,120,NA,12.727129999999999,-1.05162
573,sanmatenga(kaya),bagbin-noungou,burkina_faso,2009-10-30,-0.8009573837659925,3,4,1,hh,national,60,1,12.727129999999999,-1.05162
573,sanmatenga(kaya),bagbin-noungou,burkina_faso,2009-10-30,-0.8009573837659925,3,4,1,hh,national,120,NA,12.727129999999999,-1.05162
575,sanmatenga(kaya),bagbin-noungou,burkina_faso,2009-10-29,-0.7712255161998274,9,1,1,hh,national,121,1,12.727129999999999,-1.05162
575,sanmatenga(kaya),bagbin-noungou,burkina_faso,2009-10-29,-0.7712255161998274,9,1,1,non-hh,national,NA,1,12.727129999999999,-1.05162
588,sanmatenga(kaya),bagbin-noungou,burkina_faso,2009-10-29,-0.9531183824677392,17,3,NA,hh,international,84,NA,12.727129999999999,-1.05162
588,sanmatenga(kaya),bagbin-noungou,burkina_faso,2009-10-29,-0.9531183824677392,17,3,NA,hh,international,120,NA,12.727129999999999,-1.05162
588,sanmatenga(kaya),bagbin-noungou,burkina_faso,2009-10-29,-0.9531183824677392,17,3,NA,hh,international,96,NA,12.727129999999999,-1.05162
589,sanmatenga(kaya),bagbin-noungou,burkina_faso,2009-10-29,-0.9326364292554921,9,3,1,hh,international,102,NA,12.727129999999999,-1.05162
589,sanmatenga(kaya),bagbin-noungou,burkina_faso,2009-10-29,-0.9326364292554921,9,3,1,hh,international,48,1,12.727129999999999,-1.05162
589,sanmatenga(kaya),bagbin-noungou,burkina_faso,2009-10-29,-0.9326364292554921,9,3,1,hh,international,110,1,12.727129999999999,-1.05162
590,sanmatenga(kaya),bagbin-noungou,burkina_faso,2009-10-29,-1.1348131287054135,12,2,NA,hh,international,103,NA,12.727129999999999,-1.05162
590,sanmatenga(kaya),bagbin-noungou,burkina_faso,2009-10-29,-1.1348131287054135,12,2,NA,hh,international,336,NA,12.727129999999999,-1.05162
591,sanmatenga(kaya),bagbin-noungou,burkina_faso,2009-10-29,-1.0555281485289738,16,3,NA,hh,international,180,NA,12.727129999999999,-1.05162
591,sanmatenga(kaya),bagbin-noungou,burkina_faso,2009-10-29,-1.0555281485289738,16,3,NA,hh,international,120,NA,12.727129999999999,-1.05162
591,sanmatenga(kaya),bagbin-noungou,burkina_faso,2009-10-29,-1.0555281485289738,16,3,NA,hh,international,240,NA,12.727129999999999,-1.05162
592,sanmatenga(kaya),bagbin-noungou,burkina_faso,2009-10-29,-0.5945446865184424,16,2,1,hh,international,115,NA,12.727129999999999,-1.05162
592,sanmatenga(kaya),bagbin-noungou,burkina_faso,2009-10-29,-0.5945446865184424,16,2,1,hh,international,306,1,12.727129999999999,-1.05162
593,sanmatenga(kaya),bagbin-noungou,burkina_faso,2009-10-29,-0.5809529756310527,8,1,1,hh,national,36,1,12.727129999999999,-1.05162
593,sanmatenga(kaya),bagbin-noungou,burkina_faso,2009-10-29,-0.5809529756310527,8,1,1,non-hh,national,NA,1,12.727129999999999,-1.05162
594,sanmatenga(kaya),bagbin-noungou,burkina_faso,2009-10-29,-1.2735618440141834,19,2,NA,hh,international,84,NA,12.727129999999999,-1.05162
594,sanmatenga(kaya),bagbin-noungou,burkina_faso,2009-10-29,-1.2735618440141834,19,2,NA,hh,international,84,NA,12.727129999999999,-1.05162
597,sanmatenga(kaya),bagmiougou,burkina_faso,2009-11-05,-0.5921850144893818,13,1,1,hh,national,18,1,13.096810194780764,-1.086335777
597,sanmatenga(kaya),bagmiougou,burkina_faso,2009-11-05,-0.5921850144893818,13,1,1,non-hh,national,NA,1,13.096810194780764,-1.086335777
599,sanmatenga(kaya),bagmiougou,burkina_faso,2009-11-05,-0.20133243297363196,12,2,1,hh,national,15,1,13.096810194780764,-1.086335777
599,sanmatenga(kaya),bagmiougou,burkina_faso,2009-11-05,-0.20133243297363196,12,2,1,hh,national,24,NA,13.096810194780764,-1.086335777
599,sanmatenga(kaya),bagmiougou,burkina_faso,2009-11-05,-0.20133243297363196,12,2,1,non-hh,national,NA,1,13.096810194780764,-1.086335777
600,sanmatenga(kaya),bagmiougou,burkina_faso,2009-11-05,-0.9341230226338004,15,2,1,hh,national,96,1,13.096810194780764,-1.086335777
600,sanmatenga(kaya),bagmiougou,burkina_faso,2009-11-05,-0.9341230226338004,15,2,1,hh,national,60,NA,13.096810194780764,-1.086335777
600,sanmatenga(kaya),bagmiougou,burkina_faso,2009-11-05,-0.9341230226338004,15,2,1,non-hh,national,NA,1,13.096810194780764,-1.086335777
601,sanmatenga(kaya),bagmiougou,burkina_faso,2009-11-05,-0.9299935965829442,5,5,1,hh,international,72,1,13.096810194780764,-1.086335777
601,sanmatenga(kaya),bagmiougou,burkina_faso,2009-11-05,-0.9299935965829442,5,5,1,hh,international,33,1,13.096810194780764,-1.086335777
601,sanmatenga(kaya),bagmiougou,burkina_faso,2009-11-05,-0.9299935965829442,5,5,1,hh,international,36,1,13.096810194780764,-1.086335777
601,sanmatenga(kaya),bagmiougou,burkina_faso,2009-11-05,-0.9299935965829442,5,5,1,hh,international,15,NA,13.096810194780764,-1.086335777
601,sanmatenga(kaya),bagmiougou,burkina_faso,2009-11-05,-0.9299935965829442,5,5,1,hh,international,60,1,13.096810194780764,-1.086335777
601,sanmatenga(kaya),bagmiougou,burkina_faso,2009-11-05,-0.9299935965829442,5,5,1,non-hh,national,NA,1,13.096810194780764,-1.086335777
602,sanmatenga(kaya),bagmiougou,burkina_faso,2009-11-05,0.14638677164198538,14,1,NA,hh,international,20,NA,13.096810194780764,-1.086335777
603,sanmatenga(kaya),bagmiougou,burkina_faso,2009-11-06,-0.5888814736486967,8,1,1,hh,international,120,1,13.096810194780764,-1.086335777
603,sanmatenga(kaya),bagmiougou,burkina_faso,2009-11-06,-0.5888814736486967,8,1,1,non-hh,national,NA,1,13.096810194780764,-1.086335777
607,sanmatenga(kaya),bagmiougou,burkina_faso,2009-11-06,-0.926690055742259,12,1,1,hh,international,41,1,13.096810194780764,-1.086335777
607,sanmatenga(kaya),bagmiougou,burkina_faso,2009-11-06,-0.926690055742259,12,1,1,non-hh,national,NA,1,13.096810194780764,-1.086335777
608,sanmatenga(kaya),bagmiougou,burkina_faso,2009-11-05,-0.925789090058436,16,2,1,hh,international,30,1,13.096810194780764,-1.086335777
608,sanmatenga(kaya),bagmiougou,burkina_faso,2009-11-05,-0.925789090058436,16,2,1,hh,international,18,NA,13.096810194780764,-1.086335777
608,sanmatenga(kaya),bagmiougou,burkina_faso,2009-11-05,-0.925789090058436,16,2,1,non-hh,international,NA,1,13.096810194780764,-1.086335777
609,sanmatenga(kaya),bagmiougou,burkina_faso,2009-11-05,0.49309623325718954,9,1,1,hh,international,70,1,13.096810194780764,-1.086335777
610,sanmatenga(kaya),bagmiougou,burkina_faso,2009-11-05,-0.9283418261626017,19,1,1,hh,national,58,1,13.096810194780764,-1.086335777
610,sanmatenga(kaya),bagmiougou,burkina_faso,2009-11-05,-0.9283418261626017,19,1,1,non-hh,national,NA,1,13.096810194780764,-1.086335777
611,sanmatenga(kaya),bagmiougou,burkina_faso,2009-11-05,-0.5662286221697139,6,1,1,hh,national,71,1,13.096810194780764,-1.086335777
612,sanmatenga(kaya),bagmiougou,burkina_faso,2009-11-05,-0.9227258067334372,13,2,1,hh,national,13,NA,13.096810194780764,-1.086335777
612,sanmatenga(kaya),bagmiougou,burkina_faso,2009-11-05,-0.9227258067334372,13,2,1,hh,national,13,1,13.096810194780764,-1.086335777
613,sanmatenga(kaya),bagmiougou,burkina_faso,2009-11-06,-0.9613772345694516,13,1,NA,hh,national,96,NA,13.096810194780764,-1.086335777
614,sanmatenga(kaya),bagmiougou,burkina_faso,2009-11-05,-0.5888814736486967,20,1,NA,hh,international,396,NA,13.096810194780764,-1.086335777
615,sanmatenga(kaya),bagmiougou,burkina_faso,2009-11-06,-0.9366006782643141,6,1,NA,hh,national,240,NA,13.096810194780764,-1.086335777
616,sanmatenga(kaya),bagmiougou,burkina_faso,2009-11-05,-0.9422638911340597,16,1,1,hh,national,168,1,13.096810194780764,-1.086335777
617,sanmatenga(kaya),bagmiougou,burkina_faso,2009-11-05,-0.6047384696839848,14,1,1,hh,international,84,1,13.096810194780764,-1.086335777
617,sanmatenga(kaya),bagmiougou,burkina_faso,2009-11-05,-0.6047384696839848,14,1,1,non-hh,international,NA,1,13.096810194780764,-1.086335777
618,sanmatenga(kaya),bagmiougou,burkina_faso,2009-11-05,-0.5888814736486967,16,1,1,hh,international,91,1,13.096810194780764,-1.086335777
618,sanmatenga(kaya),bagmiougou,burkina_faso,2009-11-05,-0.5888814736486967,16,1,1,non-hh,national,NA,1,13.096810194780764,-1.086335777
618,sanmatenga(kaya),bagmiougou,burkina_faso,2009-11-05,-0.5888814736486967,16,1,1,non-hh,national,NA,1,13.096810194780764,-1.086335777
624,sanmatenga(kaya),basebrike,burkina_faso,2009-11-08,-0.9366006782643141,6,2,1,hh,national,120,NA,13.096810194780764,-1.086335777
624,sanmatenga(kaya),basebrike,burkina_faso,2009-11-08,-0.9366006782643141,6,2,1,hh,national,51,1,13.096810194780764,-1.086335777
625,sanmatenga(kaya),basebrike,burkina_faso,2009-11-08,-0.9366006782643141,10,1,NA,hh,international,60,NA,13.096810194780764,-1.086335777
626,sanmatenga(kaya),basebrike,burkina_faso,2009-11-07,-0.9432077599456841,7,1,1,hh,national,72,NA,13.096810194780764,-1.086335777
626,sanmatenga(kaya),basebrike,burkina_faso,2009-11-07,-0.9432077599456841,7,1,1,non-hh,national,NA,1,13.096810194780764,-1.086335777
627,sanmatenga(kaya),basebrike,burkina_faso,2009-11-07,-0.20793951465500193,7,3,1,hh,international,17,NA,13.096810194780764,-1.086335777
627,sanmatenga(kaya),basebrike,burkina_faso,2009-11-07,-0.20793951465500193,7,3,1,hh,international,120,NA,13.096810194780764,-1.086335777
627,sanmatenga(kaya),basebrike,burkina_faso,2009-11-07,-0.20793951465500193,7,3,1,hh,international,120,NA,13.096810194780764,-1.086335777
627,sanmatenga(kaya),basebrike,burkina_faso,2009-11-07,-0.20793951465500193,7,3,1,non-hh,international,NA,1,13.096810194780764,-1.086335777
628,sanmatenga(kaya),basebrike,burkina_faso,2009-11-07,-0.7771718897130604,9,2,1,hh,national,120,1,13.096810194780764,-1.086335777
628,sanmatenga(kaya),basebrike,burkina_faso,2009-11-07,-0.7771718897130604,9,2,1,hh,national,60,1,13.096810194780764,-1.086335777
628,sanmatenga(kaya),basebrike,burkina_faso,2009-11-07,-0.7771718897130604,9,2,1,non-hh,national,NA,1,13.096810194780764,-1.086335777
630,sanmatenga(kaya),basebrike,burkina_faso,2009-11-07,-0.9341230226338004,15,2,NA,hh,international,60,NA,13.096810194780764,-1.086335777
630,sanmatenga(kaya),basebrike,burkina_faso,2009-11-07,-0.9341230226338004,15,2,NA,hh,international,60,NA,13.096810194780764,-1.086335777
631,sanmatenga(kaya),basebrike,burkina_faso,2009-11-07,-0.9198288555346825,15,6,1,hh,national,129,NA,13.096810194780764,-1.086335777
631,sanmatenga(kaya),basebrike,burkina_faso,2009-11-07,-0.9198288555346825,15,6,1,hh,national,25,NA,13.096810194780764,-1.086335777
631,sanmatenga(kaya),basebrike,burkina_faso,2009-11-07,-0.9198288555346825,15,6,1,hh,national,26,NA,13.096810194780764,-1.086335777
631,sanmatenga(kaya),basebrike,burkina_faso,2009-11-07,-0.9198288555346825,15,6,1,hh,national,17,NA,13.096810194780764,-1.086335777
631,sanmatenga(kaya),basebrike,burkina_faso,2009-11-07,-0.9198288555346825,15,6,1,hh,national,25,NA,13.096810194780764,-1.086335777
631,sanmatenga(kaya),basebrike,burkina_faso,2009-11-07,-0.9198288555346825,15,6,1,hh,national,93,1,13.096810194780764,-1.086335777
632,sanmatenga(kaya),basebrike,burkina_faso,2009-11-07,-0.9341230226338004,15,1,1,hh,national,25,1,13.096810194780764,-1.086335777
632,sanmatenga(kaya),basebrike,burkina_faso,2009-11-07,-0.9341230226338004,15,1,1,non-hh,national,NA,1,13.096810194780764,-1.086335777
633,sanmatenga(kaya),basebrike,burkina_faso,2009-11-07,-0.9366006782643141,12,2,1,hh,international,31,1,13.096810194780764,-1.086335777
633,sanmatenga(kaya),basebrike,burkina_faso,2009-11-07,-0.9366006782643141,12,2,1,hh,international,17,NA,13.096810194780764,-1.086335777
634,sanmatenga(kaya),basebrike,burkina_faso,2009-11-07,-0.9207436822290263,6,1,1,hh,international,19,1,13.096810194780764,-1.086335777
638,sanmatenga(kaya),basebrike,burkina_faso,2009-11-08,-0.9167794332202042,4,1,1,hh,national,333,1,13.096810194780764,-1.086335777
639,sanmatenga(kaya),basebrike,burkina_faso,2009-11-08,-0.9316453670032867,21,2,1,hh,international,29,1,13.096810194780764,-1.086335777
639,sanmatenga(kaya),basebrike,burkina_faso,2009-11-08,-0.9316453670032867,21,2,1,hh,international,41,1,13.096810194780764,-1.086335777
639,sanmatenga(kaya),basebrike,burkina_faso,2009-11-08,-0.9316453670032867,21,2,1,non-hh,international,NA,1,13.096810194780764,-1.086335777
643,sanmatenga(kaya),basebrike,burkina_faso,2009-11-07,-0.7811361387218825,8,1,1,hh,international,38,1,13.096810194780764,-1.086335777
643,sanmatenga(kaya),basebrike,burkina_faso,2009-11-07,-0.7811361387218825,8,1,1,non-hh,national,NA,1,13.096810194780764,-1.086335777
644,sanmatenga(kaya),basebrike,burkina_faso,2009-11-07,-0.9286721802466702,8,1,1,hh,international,54,NA,13.096810194780764,-1.086335777
644,sanmatenga(kaya),basebrike,burkina_faso,2009-11-07,-0.9286721802466702,8,1,1,non-hh,national,NA,1,13.096810194780764,-1.086335777
645,sanmatenga(kaya),basebrike,burkina_faso,2009-11-08,-0.9337690718294414,13,1,1,hh,national,120,1,13.096810194780764,-1.086335777
645,sanmatenga(kaya),basebrike,burkina_faso,2009-11-08,-0.9337690718294414,13,1,1,non-hh,national,NA,1,13.096810194780764,-1.086335777
646,sanmatenga(kaya),basebrike,burkina_faso,2009-11-07,-0.9564219233084241,18,1,1,hh,national,168,1,13.096810194780764,-1.086335777
647,sanmatenga(kaya),basebrike,burkina_faso,2009-11-07,-0.9415559895253416,9,1,1,hh,international,36,1,13.096810194780764,-1.086335777
647,sanmatenga(kaya),basebrike,burkina_faso,2009-11-07,-0.9415559895253416,9,1,1,non-hh,national,NA,1,13.096810194780764,-1.086335777
648,sanmatenga(kaya),basebrike,burkina_faso,2009-11-07,-0.20133243297363196,10,1,1,hh,national,84,1,13.096810194780764,-1.086335777
652,sanmatenga(kaya),bawenne,burkina_faso,2009-10-31,-0.9531183824677392,17,1,1,hh,national,37,1,13.096810194780764,-1.086335777
652,sanmatenga(kaya),bawenne,burkina_faso,2009-10-31,-0.9531183824677392,17,1,1,non-hh,international,NA,1,13.096810194780764,-1.086335777
653,sanmatenga(kaya),bawenne,burkina_faso,2009-10-31,-0.9366006782643141,22,2,1,hh,national,22,1,13.096810194780764,-1.086335777
653,sanmatenga(kaya),bawenne,burkina_faso,2009-10-31,-0.9366006782643141,22,2,1,hh,national,73,1,13.096810194780764,-1.086335777
654,sanmatenga(kaya),bawenne,burkina_faso,2009-10-31,-0.946511300786369,15,1,1,hh,national,127,1,13.096810194780764,-1.086335777
655,sanmatenga(kaya),bawenne,burkina_faso,2009-10-31,-0.5690602286045868,4,2,1,hh,international,16,1,13.096810194780764,-1.086335777
655,sanmatenga(kaya),bawenne,burkina_faso,2009-10-31,-0.5690602286045868,4,2,1,hh,international,34,NA,13.096810194780764,-1.086335777
656,sanmatenga(kaya),bawenne,burkina_faso,2009-10-31,-0.9366006782643141,20,7,1,hh,international,16,1,13.096810194780764,-1.086335777
656,sanmatenga(kaya),bawenne,burkina_faso,2009-10-31,-0.9366006782643141,20,7,1,hh,international,46,1,13.096810194780764,-1.086335777
656,sanmatenga(kaya),bawenne,burkina_faso,2009-10-31,-0.9366006782643141,20,7,1,hh,international,16,1,13.096810194780764,-1.086335777
656,sanmatenga(kaya),bawenne,burkina_faso,2009-10-31,-0.9366006782643141,20,7,1,hh,international,16,1,13.096810194780764,-1.086335777
656,sanmatenga(kaya),bawenne,burkina_faso,2009-10-31,-0.9366006782643141,20,7,1,hh,international,16,1,13.096810194780764,-1.086335777
656,sanmatenga(kaya),bawenne,burkina_faso,2009-10-31,-0.9366006782643141,20,7,1,hh,international,34,1,13.096810194780764,-1.086335777
656,sanmatenga(kaya),bawenne,burkina_faso,2009-10-31,-0.9366006782643141,20,7,1,hh,international,16,1,13.096810194780764,-1.086335777
657,sanmatenga(kaya),bawenne,burkina_faso,2009-10-31,-0.5987920961707518,20,4,1,hh,international,22,NA,13.096810194780764,-1.086335777
657,sanmatenga(kaya),bawenne,burkina_faso,2009-10-31,-0.5987920961707518,20,4,1,hh,international,94,1,13.096810194780764,-1.086335777
657,sanmatenga(kaya),bawenne,burkina_faso,2009-10-31,-0.5987920961707518,20,4,1,hh,international,121,1,13.096810194780764,-1.086335777
657,sanmatenga(kaya),bawenne,burkina_faso,2009-10-31,-0.5987920961707518,20,4,1,hh,international,70,1,13.096810194780764,-1.086335777
658,sanmatenga(kaya),bawenne,burkina_faso,2009-10-31,1.9120902976299325,21,1,1,hh,national,360,1,13.096810194780764,-1.086335777
659,sanmatenga(kaya),bawenne,burkina_faso,2009-10-31,-0.9343983177038575,17,2,1,hh,national,12,NA,13.096810194780764,-1.086335777
659,sanmatenga(kaya),bawenne,burkina_faso,2009-10-31,-0.9343983177038575,17,2,1,hh,national,12,NA,13.096810194780764,-1.086335777
659,sanmatenga(kaya),bawenne,burkina_faso,2009-10-31,-0.9343983177038575,17,2,1,non-hh,national,NA,1,13.096810194780764,-1.086335777
660,sanmatenga(kaya),bawenne,burkina_faso,2009-10-31,-0.9564219233084241,9,1,1,hh,national,156,1,13.096810194780764,-1.086335777
661,sanmatenga(kaya),bawenne,burkina_faso,2009-10-31,-0.9422638911340597,16,1,1,hh,international,168,1,13.096810194780764,-1.086335777
662,sanmatenga(kaya),bawenne,burkina_faso,2009-10-31,-0.9247079312378481,7,1,1,hh,international,16,NA,13.096810194780764,-1.086335777
662,sanmatenga(kaya),bawenne,burkina_faso,2009-10-31,-0.9247079312378481,7,1,1,non-hh,international,NA,1,13.096810194780764,-1.086335777
663,sanmatenga(kaya),bawenne,burkina_faso,2009-10-31,1.9071349863689047,18,1,1,hh,international,96,NA,13.096810194780764,-1.086335777
663,sanmatenga(kaya),bawenne,burkina_faso,2009-10-31,1.9071349863689047,18,1,1,non-hh,national,NA,1,13.096810194780764,-1.086335777
667,sanmatenga(kaya),bawenne,burkina_faso,2009-10-31,-0.5987920961707518,20,1,NA,hh,national,180,NA,13.096810194780764,-1.086335777
668,sanmatenga(kaya),bawenne,burkina_faso,2009-10-31,-0.6260463081064029,31,2,1,hh,international,48,NA,13.096810194780764,-1.086335777
668,sanmatenga(kaya),bawenne,burkina_faso,2009-10-31,-0.6260463081064029,31,2,1,hh,international,48,1,13.096810194780764,-1.086335777
668,sanmatenga(kaya),bawenne,burkina_faso,2009-10-31,-0.6260463081064029,31,2,1,non-hh,national,NA,1,13.096810194780764,-1.086335777
668,sanmatenga(kaya),bawenne,burkina_faso,2009-10-31,-0.6260463081064029,31,2,1,non-hh,national,NA,1,13.096810194780764,-1.086335777
668,sanmatenga(kaya),bawenne,burkina_faso,2009-10-31,-0.6260463081064029,31,2,1,non-hh,national,NA,1,13.096810194780764,-1.086335777
669,sanmatenga(kaya),bawenne,burkina_faso,2009-10-31,-0.946511300786369,20,2,1,hh,national,120,1,13.096810194780764,-1.086335777
669,sanmatenga(kaya),bawenne,burkina_faso,2009-10-31,-0.946511300786369,20,2,1,hh,national,53,1,13.096810194780764,-1.086335777
670,sanmatenga(kaya),bawenne,burkina_faso,2009-10-31,-0.5809529756310527,16,2,1,hh,national,48,1,13.096810194780764,-1.086335777
670,sanmatenga(kaya),bawenne,burkina_faso,2009-10-31,-0.5809529756310527,16,2,1,hh,national,180,1,13.096810194780764,-1.086335777
672,sanmatenga(kaya),bawenne,burkina_faso,2009-10-31,-0.9366006782643141,28,1,NA,hh,international,240,NA,13.096810194780764,-1.086335777
675,sanmatenga(kaya),bawenne,burkina_faso,2009-10-31,-0.963029004989794,10,1,NA,hh,international,324,NA,13.096810194780764,-1.086335777
676,sanmatenga(kaya),dablo,burkina_faso,2009-10-30,-0.9762431683525341,8,1,1,hh,national,61,1,13.736331794273271,-1.177869042
677,sanmatenga(kaya),dablo,burkina_faso,2009-10-30,-0.5888814736486967,24,1,1,hh,national,251,1,13.736331794273271,-1.177869042
678,sanmatenga(kaya),dablo,burkina_faso,2009-10-30,0.2988248631144539,6,1,1,hh,international,240,1,13.736331794273271,-1.177869042
678,sanmatenga(kaya),dablo,burkina_faso,2009-10-30,0.2988248631144539,6,1,1,non-hh,international,NA,1,13.736331794273271,-1.177869042
678,sanmatenga(kaya),dablo,burkina_faso,2009-10-30,0.2988248631144539,6,1,1,non-hh,international,NA,1,13.736331794273271,-1.177869042
681,sanmatenga(kaya),dablo,burkina_faso,2009-10-30,-0.4383722453672926,9,1,1,hh,national,49,1,13.736331794273271,-1.177869042
683,sanmatenga(kaya),dablo,burkina_faso,2009-10-30,-0.7646184345184575,7,1,1,hh,international,85,1,13.736331794273271,-1.177869042
684,sanmatenga(kaya),dablo,burkina_faso,2009-10-30,-0.9432077599456841,7,2,1,hh,international,13,NA,13.736331794273271,-1.177869042
684,sanmatenga(kaya),dablo,burkina_faso,2009-10-30,-0.9432077599456841,7,2,1,hh,international,168,1,13.736331794273271,-1.177869042
685,sanmatenga(kaya),dablo,burkina_faso,2009-10-30,-0.796002072504965,22,1,NA,hh,international,17,NA,13.736331794273271,-1.177869042
686,sanmatenga(kaya),dablo,burkina_faso,2009-10-30,-0.5769887266222308,7,2,1,hh,international,360,1,13.736331794273271,-1.177869042
686,sanmatenga(kaya),dablo,burkina_faso,2009-10-30,-0.5769887266222308,7,2,1,hh,international,144,NA,13.736331794273271,-1.177869042
688,sanmatenga(kaya),dablo,burkina_faso,2009-10-30,-0.8802423639424322,7,2,1,hh,national,48,1,13.736331794273271,-1.177869042
688,sanmatenga(kaya),dablo,burkina_faso,2009-10-30,-0.8802423639424322,7,2,1,hh,national,48,1,13.736331794273271,-1.177869042
689,sanmatenga(kaya),dablo,burkina_faso,2009-10-30,-0.9217347444812316,5,2,1,hh,international,120,1,13.736331794273271,-1.177869042
689,sanmatenga(kaya),dablo,burkina_faso,2009-10-30,-0.9217347444812316,5,2,1,hh,international,36,1,13.736331794273271,-1.177869042
691,sanmatenga(kaya),dablo,burkina_faso,2009-10-30,-0.473059424194485,12,1,1,hh,national,38,1,13.736331794273271,-1.177869042
695,sanmatenga(kaya),dablo,burkina_faso,2009-10-30,-0.43539905861067607,21,1,1,hh,international,122,1,13.736331794273271,-1.177869042
695,sanmatenga(kaya),dablo,burkina_faso,2009-10-30,-0.43539905861067607,21,1,1,non-hh,international,NA,1,13.736331794273271,-1.177869042
695,sanmatenga(kaya),dablo,burkina_faso,2009-10-30,-0.43539905861067607,21,1,1,non-hh,international,NA,1,13.736331794273271,-1.177869042
696,sanmatenga(kaya),dablo,burkina_faso,2009-10-30,-0.9366006782643141,12,1,1,hh,national,37,NA,13.736331794273271,-1.177869042
696,sanmatenga(kaya),dablo,burkina_faso,2009-10-30,-0.9366006782643141,12,1,1,non-hh,international,NA,1,13.736331794273271,-1.177869042
697,sanmatenga(kaya),dablo,burkina_faso,2009-10-30,-0.9255888754620307,13,1,1,hh,international,12,1,13.736331794273271,-1.177869042
697,sanmatenga(kaya),dablo,burkina_faso,2009-10-30,-0.9255888754620307,13,1,1,non-hh,national,NA,1,13.736331794273271,-1.177869042
697,sanmatenga(kaya),dablo,burkina_faso,2009-10-30,-0.9255888754620307,13,1,1,non-hh,international,NA,1,13.736331794273271,-1.177869042
698,sanmatenga(kaya),dablo,burkina_faso,2009-10-30,-0.9247079312378481,7,1,1,hh,national,63,NA,13.736331794273271,-1.177869042
698,sanmatenga(kaya),dablo,burkina_faso,2009-10-30,-0.9247079312378481,7,1,1,non-hh,international,NA,1,13.736331794273271,-1.177869042
701,sanmatenga(kaya),dablo,burkina_faso,2009-10-30,-0.583218260778951,12,1,1,hh,international,84,1,13.736331794273271,-1.177869042
702,sanmatenga(kaya),dablo,burkina_faso,2009-10-30,-0.5908635981531077,21,2,NA,hh,national,54,NA,13.736331794273271,-1.177869042
702,sanmatenga(kaya),dablo,burkina_faso,2009-10-30,-0.5908635981531077,21,2,NA,hh,international,118,NA,13.736331794273271,-1.177869042
703,sanmatenga(kaya),dake,burkina_faso,2009-11-01,-0.06568913847531024,9,1,NA,hh,international,168,NA,13.714269999999997,-1.0786
705,sanmatenga(kaya),dake,burkina_faso,2009-11-01,-0.4352188654739114,23,1,1,hh,national,32,NA,13.714269999999997,-1.0786
705,sanmatenga(kaya),dake,burkina_faso,2009-11-01,-0.4352188654739114,23,1,1,non-hh,international,NA,1,13.714269999999997,-1.0786
705,sanmatenga(kaya),dake,burkina_faso,2009-11-01,-0.4352188654739114,23,1,1,non-hh,international,NA,1,13.714269999999997,-1.0786
706,sanmatenga(kaya),dake,burkina_faso,2009-11-01,-0.44332755662832,5,1,NA,hh,,NA,NA,13.714269999999997,-1.0786
708,sanmatenga(kaya),dake,burkina_faso,2009-11-01,-0.7910467612439374,15,1,NA,hh,,NA,NA,13.714269999999997,-1.0786
709,sanmatenga(kaya),dake,burkina_faso,2009-11-01,-0.7811361387218825,24,1,NA,NA,NA,NA,NA,13.714269999999997,-1.0786
711,sanmatenga(kaya),dake,burkina_faso,2009-11-01,-0.8455551851152399,21,1,1,hh,international,86,1,13.714269999999997,-1.0786
711,sanmatenga(kaya),dake,burkina_faso,2009-11-01,-0.8455551851152399,21,1,1,non-hh,national,NA,1,13.714269999999997,-1.0786
712,sanmatenga(kaya),dake,burkina_faso,2009-11-01,-0.583218260778951,12,1,1,hh,national,49,1,13.714269999999997,-1.0786
712,sanmatenga(kaya),dake,burkina_faso,2009-11-01,-0.583218260778951,12,1,1,non-hh,international,NA,1,13.714269999999997,-1.0786
713,sanmatenga(kaya),dake,burkina_faso,2009-11-01,-0.9366006782643141,4,2,1,hh,national,133,NA,13.714269999999997,-1.0786
713,sanmatenga(kaya),dake,burkina_faso,2009-11-01,-0.9366006782643141,4,2,1,hh,national,133,1,13.714269999999997,-1.0786
714,sanmatenga(kaya),dake,burkina_faso,2009-11-01,-0.9233865149015741,8,1,1,hh,international,157,1,13.714269999999997,-1.0786
718,sanmatenga(kaya),dake,burkina_faso,2009-11-01,-0.9118241219591767,3,1,1,hh,international,158,1,13.714269999999997,-1.0786
719,sanmatenga(kaya),dake,burkina_faso,2009-11-01,-0.9207436822290263,6,1,1,hh,international,97,NA,13.714269999999997,-1.0786
719,sanmatenga(kaya),dake,burkina_faso,2009-11-01,-0.9207436822290263,6,1,1,non-hh,international,NA,1,13.714269999999997,-1.0786
720,sanmatenga(kaya),dake,burkina_faso,2009-11-01,-0.5809529756310527,8,3,1,hh,international,78,1,13.714269999999997,-1.0786
720,sanmatenga(kaya),dake,burkina_faso,2009-11-01,-0.5809529756310527,8,3,1,hh,international,74,NA,13.714269999999997,-1.0786
720,sanmatenga(kaya),dake,burkina_faso,2009-11-01,-0.5809529756310527,8,3,1,hh,international,76,NA,13.714269999999997,-1.0786
722,sanmatenga(kaya),dake,burkina_faso,2009-11-01,-0.9366006782643141,8,1,1,hh,national,14,1,13.714269999999997,-1.0786
725,sanmatenga(kaya),dake,burkina_faso,2009-11-01,0.1424225226331634,11,1,NA,hh,international,36,NA,13.714269999999997,-1.0786
726,sanmatenga(kaya),dake,burkina_faso,2009-11-01,-0.5743458939496827,19,2,1,hh,national,240,NA,13.714269999999997,-1.0786
726,sanmatenga(kaya),dake,burkina_faso,2009-11-01,-0.5743458939496827,19,2,1,hh,national,36,1,13.714269999999997,-1.0786
727,sanmatenga(kaya),dake,burkina_faso,2009-11-01,-0.9410053993852274,20,1,1,hh,international,120,1,13.714269999999997,-1.0786
727,sanmatenga(kaya),dake,burkina_faso,2009-11-01,-0.9410053993852274,20,1,1,non-hh,international,NA,1,13.714269999999997,-1.0786
728,sanmatenga(kaya),dake,burkina_faso,2009-11-01,-0.926690055742259,12,5,1,hh,international,1,1,13.714269999999997,-1.0786
728,sanmatenga(kaya),dake,burkina_faso,2009-11-01,-0.926690055742259,12,5,1,hh,international,97,1,13.714269999999997,-1.0786
728,sanmatenga(kaya),dake,burkina_faso,2009-11-01,-0.926690055742259,12,5,1,hh,international,97,1,13.714269999999997,-1.0786
728,sanmatenga(kaya),dake,burkina_faso,2009-11-01,-0.926690055742259,12,5,1,hh,international,49,1,13.714269999999997,-1.0786
728,sanmatenga(kaya),dake,burkina_faso,2009-11-01,-0.926690055742259,12,5,1,hh,international,73,1,13.714269999999997,-1.0786
729,sanmatenga(kaya),dake,burkina_faso,2009-11-01,-0.21124305549568695,10,1,1,hh,national,36,1,13.714269999999997,-1.0786
729,sanmatenga(kaya),dake,burkina_faso,2009-11-01,-0.21124305549568695,10,1,1,non-hh,national,NA,1,13.714269999999997,-1.0786
730,sanmatenga(kaya),gounghin,burkina_faso,2009-11-06,-0.9286721802466702,8,2,1,hh,international,108,NA,12.356613297041699,-1.547806352
730,sanmatenga(kaya),gounghin,burkina_faso,2009-11-06,-0.9286721802466702,8,2,1,hh,international,60,1,12.356613297041699,-1.547806352
731,sanmatenga(kaya),gounghin,burkina_faso,2009-11-06,-0.9217347444812316,5,1,1,hh,national,360,1,12.356613297041699,-1.547806352
732,sanmatenga(kaya),gounghin,burkina_faso,2009-11-06,-0.9192570888507179,18,1,NA,hh,national,87,NA,12.356613297041699,-1.547806352
733,sanmatenga(kaya),gounghin,burkina_faso,2009-11-06,-0.9167794332202042,3,1,1,hh,national,132,1,12.356613297041699,-1.547806352
734,sanmatenga(kaya),gounghin,burkina_faso,2009-11-06,-0.2057371540945453,20,1,1,hh,national,69,1,12.356613297041699,-1.547806352
735,sanmatenga(kaya),gounghin,burkina_faso,2009-11-06,-0.966332545830479,7,1,NA,hh,national,72,NA,12.356613297041699,-1.547806352
736,sanmatenga(kaya),gounghin,burkina_faso,2009-11-06,-0.946511300786369,5,1,1,hh,national,72,1,12.356613297041699,-1.547806352
737,sanmatenga(kaya),gounghin,burkina_faso,2009-11-06,-0.9167794332202042,2,1,1,hh,national,24,1,12.356613297041699,-1.547806352
738,sanmatenga(kaya),gounghin,burkina_faso,2009-11-06,-0.9316453670032867,7,1,1,hh,national,120,1,12.356613297041699,-1.547806352
738,sanmatenga(kaya),gounghin,burkina_faso,2009-11-06,-0.9316453670032867,7,1,1,non-hh,national,NA,1,12.356613297041699,-1.547806352
739,sanmatenga(kaya),gounghin,burkina_faso,2009-11-06,0.6306870716947832,14,1,1,hh,international,144,NA,12.356613297041699,-1.547806352
739,sanmatenga(kaya),gounghin,burkina_faso,2009-11-06,0.6306870716947832,14,1,1,non-hh,international,NA,1,12.356613297041699,-1.547806352
740,sanmatenga(kaya),gounghin,burkina_faso,2009-11-06,0.33250956783476,20,6,1,hh,international,120,1,12.356613297041699,-1.547806352
740,sanmatenga(kaya),gounghin,burkina_faso,2009-11-06,0.33250956783476,20,6,1,hh,international,96,1,12.356613297041699,-1.547806352
740,sanmatenga(kaya),gounghin,burkina_faso,2009-11-06,0.33250956783476,20,6,1,hh,international,120,NA,12.356613297041699,-1.547806352
740,sanmatenga(kaya),gounghin,burkina_faso,2009-11-06,0.33250956783476,20,6,1,hh,international,480,NA,12.356613297041699,-1.547806352
740,sanmatenga(kaya),gounghin,burkina_faso,2009-11-06,0.33250956783476,20,6,1,hh,international,360,1,12.356613297041699,-1.547806352
740,sanmatenga(kaya),gounghin,burkina_faso,2009-11-06,0.33250956783476,20,6,1,hh,international,24,1,12.356613297041699,-1.547806352
740,sanmatenga(kaya),gounghin,burkina_faso,2009-11-06,0.33250956783476,20,6,1,non-hh,international,NA,1,12.356613297041699,-1.547806352
741,sanmatenga(kaya),gounghin,burkina_faso,2009-11-06,-0.5888814736486967,16,3,1,hh,international,204,NA,12.356613297041699,-1.547806352
741,sanmatenga(kaya),gounghin,burkina_faso,2009-11-06,-0.5888814736486967,16,3,1,hh,international,180,NA,12.356613297041699,-1.547806352
741,sanmatenga(kaya),gounghin,burkina_faso,2009-11-06,-0.5888814736486967,16,3,1,hh,international,456,NA,12.356613297041699,-1.547806352
741,sanmatenga(kaya),gounghin,burkina_faso,2009-11-06,-0.5888814736486967,16,3,1,non-hh,national,NA,1,12.356613297041699,-1.547806352
742,sanmatenga(kaya),gounghin,burkina_faso,2009-11-06,-0.926690055742259,12,2,1,hh,international,96,1,12.356613297041699,-1.547806352
742,sanmatenga(kaya),gounghin,burkina_faso,2009-11-06,-0.926690055742259,12,2,1,hh,international,180,1,12.356613297041699,-1.547806352
743,sanmatenga(kaya),gounghin,burkina_faso,2009-11-06,-0.9366006782643141,4,1,1,hh,international,35,1,12.356613297041699,-1.547806352
744,sanmatenga(kaya),gounghin,burkina_faso,2009-11-06,-0.5888814736486967,10,1,1,hh,international,117,1,12.356613297041699,-1.547806352
745,sanmatenga(kaya),gounghin,burkina_faso,2009-11-06,-0.8108680062880473,7,5,1,hh,international,240,NA,12.356613297041699,-1.547806352
745,sanmatenga(kaya),gounghin,burkina_faso,2009-11-06,-0.8108680062880473,7,5,1,hh,international,144,1,12.356613297041699,-1.547806352
745,sanmatenga(kaya),gounghin,burkina_faso,2009-11-06,-0.8108680062880473,7,5,1,hh,international,108,NA,12.356613297041699,-1.547806352
745,sanmatenga(kaya),gounghin,burkina_faso,2009-11-06,-0.8108680062880473,7,5,1,hh,international,180,1,12.356613297041699,-1.547806352
745,sanmatenga(kaya),gounghin,burkina_faso,2009-11-06,-0.8108680062880473,7,5,1,hh,international,372,NA,12.356613297041699,-1.547806352
746,sanmatenga(kaya),gounghin,burkina_faso,2009-11-06,0.3153425673178788,7,3,1,hh,international,132,1,12.356613297041699,-1.547806352
746,sanmatenga(kaya),gounghin,burkina_faso,2009-11-06,0.3153425673178788,7,3,1,hh,international,108,1,12.356613297041699,-1.547806352
746,sanmatenga(kaya),gounghin,burkina_faso,2009-11-06,0.3153425673178788,7,3,1,hh,international,12,NA,12.356613297041699,-1.547806352
747,sanmatenga(kaya),gounghin,burkina_faso,2009-11-06,-0.92244264608995,9,2,NA,hh,international,180,NA,12.356613297041699,-1.547806352
747,sanmatenga(kaya),gounghin,burkina_faso,2009-11-06,-0.92244264608995,9,2,NA,hh,international,15,NA,12.356613297041699,-1.547806352
766,sanmatenga(kaya),itaore,burkina_faso,2009-11-08,-1.0555281485289738,8,1,1,hh,national,72,1,13.096810194780764,-1.086335777
768,sanmatenga(kaya),itaore,burkina_faso,2009-11-08,-0.9326364292554921,9,1,1,hh,national,120,1,13.096810194780764,-1.086335777
768,sanmatenga(kaya),itaore,burkina_faso,2009-11-08,-0.9326364292554921,9,1,1,non-hh,international,NA,1,13.096810194780764,-1.086335777
769,sanmatenga(kaya),itaore,burkina_faso,2009-11-08,-0.9564219233084241,3,1,NA,hh,international,12,NA,13.096810194780764,-1.086335777
770,sanmatenga(kaya),itaore,burkina_faso,2009-11-09,-0.9432077599456841,7,1,NA,hh,national,72,NA,13.096810194780764,-1.086335777
771,sanmatenga(kaya),itaore,burkina_faso,2009-11-09,-0.949814841627054,8,1,1,hh,national,12,1,13.096810194780764,-1.086335777
772,sanmatenga(kaya),itaore,burkina_faso,2009-11-09,-1.1744556187936337,14,2,NA,hh,national,216,NA,13.096810194780764,-1.086335777
772,sanmatenga(kaya),itaore,burkina_faso,2009-11-09,-1.1744556187936337,14,2,NA,hh,national,96,NA,13.096810194780764,-1.086335777
773,sanmatenga(kaya),itaore,burkina_faso,2009-11-09,-0.9167794332202042,2,1,1,hh,international,204,NA,13.096810194780764,-1.086335777
773,sanmatenga(kaya),itaore,burkina_faso,2009-11-09,-0.9167794332202042,2,1,1,non-hh,international,NA,1,13.096810194780764,-1.086335777
773,sanmatenga(kaya),itaore,burkina_faso,2009-11-09,-0.9167794332202042,2,1,1,non-hh,international,NA,1,13.096810194780764,-1.086335777
774,sanmatenga(kaya),itaore,burkina_faso,2009-11-08,-0.9326364292554921,18,1,1,hh,national,48,1,13.096810194780764,-1.086335777
775,sanmatenga(kaya),itaore,burkina_faso,2009-11-08,-0.9432077599456841,14,2,1,hh,international,96,NA,13.096810194780764,-1.086335777
775,sanmatenga(kaya),itaore,burkina_faso,2009-11-08,-0.9432077599456841,14,2,1,hh,international,120,1,13.096810194780764,-1.086335777
776,sanmatenga(kaya),itaore,burkina_faso,2009-11-08,-0.5814485067571555,13,3,1,hh,international,96,NA,13.096810194780764,-1.086335777
776,sanmatenga(kaya),itaore,burkina_faso,2009-11-08,-0.5814485067571555,13,3,1,hh,international,96,NA,13.096810194780764,-1.086335777
776,sanmatenga(kaya),itaore,burkina_faso,2009-11-08,-0.5814485067571555,13,3,1,hh,international,84,1,13.096810194780764,-1.086335777
777,sanmatenga(kaya),itaore,burkina_faso,2009-11-08,-0.9233865149015741,8,1,NA,hh,international,96,NA,13.096810194780764,-1.086335777
778,sanmatenga(kaya),itaore,burkina_faso,2009-11-08,-0.926690055742259,6,2,NA,hh,international,180,NA,13.096810194780764,-1.086335777
778,sanmatenga(kaya),itaore,burkina_faso,2009-11-08,-0.926690055742259,6,2,NA,hh,international,96,NA,13.096810194780764,-1.086335777
779,sanmatenga(kaya),itaore,burkina_faso,2009-11-08,-0.9326364292554921,18,1,NA,hh,international,240,NA,13.096810194780764,-1.086335777
780,sanmatenga(kaya),itaore,burkina_faso,2009-11-08,-0.9328841948185436,29,3,1,hh,international,96,NA,13.096810194780764,-1.086335777
780,sanmatenga(kaya),itaore,burkina_faso,2009-11-08,-0.9328841948185436,29,3,1,hh,international,96,NA,13.096810194780764,-1.086335777
780,sanmatenga(kaya),itaore,burkina_faso,2009-11-08,-0.9328841948185436,29,3,1,hh,international,72,1,13.096810194780764,-1.086335777
781,sanmatenga(kaya),itaore,burkina_faso,2009-11-08,-0.4274705605930321,17,5,NA,hh,international,12,NA,13.096810194780764,-1.086335777
781,sanmatenga(kaya),itaore,burkina_faso,2009-11-08,-0.4274705605930321,17,5,NA,hh,international,84,NA,13.096810194780764,-1.086335777
781,sanmatenga(kaya),itaore,burkina_faso,2009-11-08,-0.4274705605930321,17,5,NA,hh,international,144,NA,13.096810194780764,-1.086335777
781,sanmatenga(kaya),itaore,burkina_faso,2009-11-08,-0.4274705605930321,17,5,NA,hh,international,240,NA,13.096810194780764,-1.086335777
781,sanmatenga(kaya),itaore,burkina_faso,2009-11-08,-0.4274705605930321,17,5,NA,hh,international,156,NA,13.096810194780764,-1.086335777
782,sanmatenga(kaya),itaore,burkina_faso,2009-11-08,-1.1149918836613035,11,2,1,hh,international,132,1,13.096810194780764,-1.086335777
782,sanmatenga(kaya),itaore,burkina_faso,2009-11-08,-1.1149918836613035,11,2,1,hh,international,192,1,13.096810194780764,-1.086335777
783,sanmatenga(kaya),itaore,burkina_faso,2009-11-08,0.08561048515148195,7,2,1,hh,international,120,1,13.096810194780764,-1.086335777
783,sanmatenga(kaya),itaore,burkina_faso,2009-11-08,0.08561048515148195,7,2,1,hh,international,120,NA,13.096810194780764,-1.086335777
784,sanmatenga(kaya),kaya secteur 1,burkina_faso,2009-10-30,4.580681468412924,11,2,1,hh,national,180,1,13.096810194780764,-1.086335777
784,sanmatenga(kaya),kaya secteur 1,burkina_faso,2009-10-30,4.580681468412924,11,2,1,hh,national,110,NA,13.096810194780764,-1.086335777
784,sanmatenga(kaya),kaya secteur 1,burkina_faso,2009-10-30,4.580681468412924,11,2,1,non-hh,international,NA,1,13.096810194780764,-1.086335777
786,sanmatenga(kaya),kaya secteur 1,burkina_faso,2009-11-03,4.230484608166793,3,1,1,hh,national,84,1,13.096810194780764,-1.086335777
787,sanmatenga(kaya),kaya secteur 1,burkina_faso,2009-11-03,0.34264043739357397,4,2,1,hh,international,108,1,13.096810194780764,-1.086335777
787,sanmatenga(kaya),kaya secteur 1,burkina_faso,2009-11-03,0.34264043739357397,4,2,1,hh,international,180,1,13.096810194780764,-1.086335777
788,sanmatenga(kaya),kaya secteur 1,burkina_faso,2009-11-03,6.450634486464869,12,1,NA,hh,national,72,NA,13.096810194780764,-1.086335777
790,sanmatenga(kaya),kaya secteur 1,burkina_faso,2009-11-03,4.695376422900121,5,1,NA,hh,international,108,NA,13.096810194780764,-1.086335777
791,sanmatenga(kaya),kaya secteur 1,burkina_faso,2009-11-03,4.412828650717922,6,1,1,hh,national,36,1,13.096810194780764,-1.086335777
792,sanmatenga(kaya),kaya secteur 1,burkina_faso,2009-11-03,3.5673180610204875,5,1,NA,hh,international,120,NA,13.096810194780764,-1.086335777
793,sanmatenga(kaya),kaya secteur 1,burkina_faso,2009-11-03,2.082187352764808,21,1,NA,hh,international,17,NA,13.096810194780764,-1.086335777
794,sanmatenga(kaya),kaya secteur 1,burkina_faso,2009-11-03,3.516081931485772,3,3,1,hh,national,36,1,13.096810194780764,-1.086335777
794,sanmatenga(kaya),kaya secteur 1,burkina_faso,2009-11-03,3.516081931485772,3,3,1,hh,national,60,NA,13.096810194780764,-1.086335777
794,sanmatenga(kaya),kaya secteur 1,burkina_faso,2009-11-03,3.516081931485772,3,3,1,hh,national,60,NA,13.096810194780764,-1.086335777
795,sanmatenga(kaya),kaya secteur 1,burkina_faso,2009-11-03,4.8937869933714575,2,2,1,hh,international,224,NA,13.096810194780764,-1.086335777
795,sanmatenga(kaya),kaya secteur 1,burkina_faso,2009-11-03,4.8937869933714575,2,2,1,hh,international,300,1,13.096810194780764,-1.086335777
797,sanmatenga(kaya),kaya secteur 1,burkina_faso,2009-11-03,7.706750816237962,7,1,1,hh,national,36,1,13.096810194780764,-1.086335777
799,sanmatenga(kaya),kaya secteur 1,burkina_faso,2009-11-03,0.6870561011685064,9,1,1,hh,national,60,1,13.096810194780764,-1.086335777
799,sanmatenga(kaya),kaya secteur 1,burkina_faso,2009-11-03,0.6870561011685064,9,1,1,non-hh,international,NA,1,13.096810194780764,-1.086335777
802,sanmatenga(kaya),kaya secteur 1,burkina_faso,2009-11-03,8.838884898856323,9,1,NA,hh,national,14,NA,13.096810194780764,-1.086335777
803,sanmatenga(kaya),kaya secteur 1,burkina_faso,2009-11-03,8.637126091159296,6,2,NA,hh,national,15,NA,13.096810194780764,-1.086335777
803,sanmatenga(kaya),kaya secteur 1,burkina_faso,2009-11-03,8.637126091159296,6,2,NA,hh,national,63,NA,13.096810194780764,-1.086335777
804,sanmatenga(kaya),kaya secteur 1,burkina_faso,2009-11-03,-0.9564219233084241,6,3,NA,hh,national,45,NA,13.096810194780764,-1.086335777
804,sanmatenga(kaya),kaya secteur 1,burkina_faso,2009-11-03,-0.9564219233084241,6,3,NA,hh,national,54,NA,13.096810194780764,-1.086335777
804,sanmatenga(kaya),kaya secteur 1,burkina_faso,2009-11-03,-0.9564219233084241,6,3,NA,hh,national,27,NA,13.096810194780764,-1.086335777
805,sanmatenga(kaya),kaya secteur 1,burkina_faso,2009-11-03,4.5583825677383,5,2,1,hh,international,39,NA,13.096810194780764,-1.086335777
805,sanmatenga(kaya),kaya secteur 1,burkina_faso,2009-11-03,4.5583825677383,5,2,1,hh,international,14,NA,13.096810194780764,-1.086335777
805,sanmatenga(kaya),kaya secteur 1,burkina_faso,2009-11-03,4.5583825677383,5,2,1,non-hh,international,NA,1,13.096810194780764,-1.086335777
808,sanmatenga(kaya),kaya secteur 1,burkina_faso,2009-11-03,9.429027641365709,14,1,1,hh,international,132,1,13.096810194780764,-1.086335777
808,sanmatenga(kaya),kaya secteur 1,burkina_faso,2009-11-03,9.429027641365709,14,1,1,non-hh,national,NA,1,13.096810194780764,-1.086335777
810,sanmatenga(kaya),kaya secteur 1,burkina_faso,2009-11-03,5.013043657490861,7,1,NA,hh,international,24,NA,13.096810194780764,-1.086335777
811,sanmatenga(kaya),korsimoro secteur 2,burkina_faso,2009-11-08,-0.43341693410626503,18,2,1,hh,international,108,NA,12.82064510163223,-1.072442345
811,sanmatenga(kaya),korsimoro secteur 2,burkina_faso,2009-11-08,-0.43341693410626503,18,2,1,hh,international,240,1,12.82064510163223,-1.072442345
812,sanmatenga(kaya),korsimoro secteur 2,burkina_faso,2009-11-08,-0.5938367849097242,9,1,1,hh,international,18,NA,12.82064510163223,-1.072442345
812,sanmatenga(kaya),korsimoro secteur 2,burkina_faso,2009-11-08,-0.5938367849097242,9,1,1,non-hh,national,NA,1,12.82064510163223,-1.072442345
813,sanmatenga(kaya),korsimoro secteur 2,burkina_faso,2009-11-08,-0.45654171999105997,19,1,1,hh,international,86,1,12.82064510163223,-1.072442345
814,sanmatenga(kaya),korsimoro secteur 2,burkina_faso,2009-11-08,-0.6007742206751627,13,1,1,hh,international,120,1,12.82064510163223,-1.072442345
815,sanmatenga(kaya),korsimoro secteur 2,burkina_faso,2009-11-08,-0.5690602286045868,3,1,1,hh,international,304,1,12.82064510163223,-1.072442345
816,sanmatenga(kaya),korsimoro secteur 2,burkina_faso,2009-11-02,-0.9217347444812316,5,1,1,hh,international,208,1,12.82064510163223,-1.072442345
817,sanmatenga(kaya),korsimoro secteur 2,burkina_faso,2009-11-08,-0.9316453670032867,7,2,1,hh,international,60,1,12.82064510163223,-1.072442345
817,sanmatenga(kaya),korsimoro secteur 2,burkina_faso,2009-11-08,-0.9316453670032867,7,2,1,hh,international,48,NA,12.82064510163223,-1.072442345
817,sanmatenga(kaya),korsimoro secteur 2,burkina_faso,2009-11-08,-0.9316453670032867,7,2,1,non-hh,national,NA,1,12.82064510163223,-1.072442345
818,sanmatenga(kaya),korsimoro secteur 2,burkina_faso,2009-11-08,3.4513032084647133,5,1,1,hh,international,84,1,12.82064510163223,-1.072442345
819,sanmatenga(kaya),korsimoro secteur 2,burkina_faso,2009-11-02,0.9923157284064166,8,1,1,hh,international,81,NA,12.82064510163223,-1.072442345
819,sanmatenga(kaya),korsimoro secteur 2,burkina_faso,2009-11-02,0.9923157284064166,8,1,1,non-hh,international,NA,1,12.82064510163223,-1.072442345
820,sanmatenga(kaya),korsimoro secteur 2,burkina_faso,2009-11-02,1.916812190700321,16,2,1,hh,national,78,1,12.82064510163223,-1.072442345
820,sanmatenga(kaya),korsimoro secteur 2,burkina_faso,2009-11-02,1.916812190700321,16,2,1,hh,national,183,1,12.82064510163223,-1.072442345
821,sanmatenga(kaya),korsimoro secteur 2,burkina_faso,2009-11-08,-0.9366006782643141,10,1,NA,hh,national,42,NA,12.82064510163223,-1.072442345
822,sanmatenga(kaya),korsimoro secteur 2,burkina_faso,2009-11-08,-0.9299935965829442,5,1,NA,hh,national,87,NA,12.82064510163223,-1.072442345
823,sanmatenga(kaya),korsimoro secteur 2,burkina_faso,2009-11-08,-0.9564219233084241,6,1,NA,hh,national,144,NA,12.82064510163223,-1.072442345
824,sanmatenga(kaya),korsimoro secteur 2,burkina_faso,2009-11-08,-0.5973762929533153,17,3,1,hh,national,84,1,12.82064510163223,-1.072442345
824,sanmatenga(kaya),korsimoro secteur 2,burkina_faso,2009-11-08,-0.5973762929533153,17,3,1,hh,national,180,1,12.82064510163223,-1.072442345
824,sanmatenga(kaya),korsimoro secteur 2,burkina_faso,2009-11-08,-0.5973762929533153,17,3,1,hh,national,84,NA,12.82064510163223,-1.072442345
824,sanmatenga(kaya),korsimoro secteur 2,burkina_faso,2009-11-08,-0.5973762929533153,17,3,1,non-hh,national,NA,1,12.82064510163223,-1.072442345
825,sanmatenga(kaya),korsimoro secteur 2,burkina_faso,2009-11-02,-0.9564219233084241,3,1,NA,hh,national,125,NA,12.82064510163223,-1.072442345
826,sanmatenga(kaya),korsimoro secteur 2,burkina_faso,2009-11-08,-0.9207436822290263,12,1,1,hh,national,60,1,12.82064510163223,-1.072442345
827,sanmatenga(kaya),korsimoro secteur 2,burkina_faso,2009-11-02,-0.21124305549568695,5,1,1,hh,national,27,1,12.82064510163223,-1.072442345
828,sanmatenga(kaya),korsimoro secteur 2,burkina_faso,2009-11-08,0.6445965237907991,10,1,1,hh,national,12,1,12.82064510163223,-1.072442345
847,sanmatenga(kaya),mane mossi,burkina_faso,2009-11-08,-0.9366006782643141,8,1,1,hh,national,36,1,12.985760816407712,-1.346525148
848,sanmatenga(kaya),mane mossi,burkina_faso,2009-11-07,-0.9445291762819581,12,1,1,hh,national,180,1,12.985760816407712,-1.346525148
850,sanmatenga(kaya),mane mossi,burkina_faso,2009-11-07,-0.5849172246398747,9,1,1,hh,national,240,1,12.985760816407712,-1.346525148
851,sanmatenga(kaya),mane mossi,burkina_faso,2009-11-08,-0.9366006782643141,6,1,NA,hh,national,12,NA,12.985760816407712,-1.346525148
852,sanmatenga(kaya),mane mossi,burkina_faso,2009-11-07,-0.9035652698574643,1,3,NA,hh,national,36,NA,12.985760816407712,-1.346525148
852,sanmatenga(kaya),mane mossi,burkina_faso,2009-11-07,-0.9035652698574643,1,3,NA,hh,national,24,NA,12.985760816407712,-1.346525148
852,sanmatenga(kaya),mane mossi,burkina_faso,2009-11-07,-0.9035652698574643,1,3,NA,hh,national,60,NA,12.985760816407712,-1.346525148
853,sanmatenga(kaya),mane mossi,burkina_faso,2009-11-07,-0.5662286221697139,6,3,NA,hh,national,120,NA,12.985760816407712,-1.346525148
853,sanmatenga(kaya),mane mossi,burkina_faso,2009-11-07,-0.5662286221697139,6,3,NA,hh,national,120,NA,12.985760816407712,-1.346525148
853,sanmatenga(kaya),mane mossi,burkina_faso,2009-11-07,-0.5662286221697139,6,3,NA,hh,national,300,NA,12.985760816407712,-1.346525148
854,sanmatenga(kaya),mane mossi,burkina_faso,2009-11-07,-0.9207436822290263,6,1,1,hh,national,120,1,12.985760816407712,-1.346525148
855,sanmatenga(kaya),mane mossi,burkina_faso,2009-11-08,-0.8009573837659925,6,2,1,hh,national,264,1,12.985760816407712,-1.346525148
855,sanmatenga(kaya),mane mossi,burkina_faso,2009-11-08,-0.8009573837659925,6,2,1,hh,national,84,1,12.985760816407712,-1.346525148
856,sanmatenga(kaya),mane mossi,burkina_faso,2009-11-08,-0.90602139435445594,18,1,NA,hh,international,300,NA,12.985760816407712,-1.346525148
858,sanmatenga(kaya),mane mossi,burkina_faso,2009-11-07,-1.0158856584407538,12,1,NA,hh,international,216,NA,12.985760816407712,-1.346525148
859,sanmatenga(kaya),mane mossi,burkina_faso,2009-11-07,-0.9167794332202042,4,1,NA,hh,international,156,NA,12.985760816407712,-1.346525148
860,sanmatenga(kaya),mane mossi,burkina_faso,2009-11-07,-0.576493195496128,11,1,NA,hh,international,240,NA,12.985760816407712,-1.346525148
861,sanmatenga(kaya),mane mossi,burkina_faso,2009-11-07,-0.46314880167243,7,1,NA,hh,international,120,NA,12.985760816407712,-1.346525148
862,sanmatenga(kaya),mane mossi,burkina_faso,2009-11-07,-0.7635172542382291,10,1,NA,hh,international,360,NA,12.985760816407712,-1.346525148
863,sanmatenga(kaya),mane mossi,burkina_faso,2009-11-08,-0.9762431683525341,8,1,NA,hh,international,144,NA,12.985760816407712,-1.346525148
864,sanmatenga(kaya),mane mossi,burkina_faso,2009-11-08,-0.5747234414743325,9,1,NA,hh,international,96,NA,12.985760816407712,-1.346525148
865,sanmatenga(kaya),nahi peulh,burkina_faso,2009-11-02,0.1397796899606154,7,1,1,hh,national,72,NA,13.737367582050924,-0.874703977
865,sanmatenga(kaya),nahi peulh,burkina_faso,2009-11-02,0.1397796899606154,7,1,1,non-hh,national,NA,1,13.737367582050924,-0.874703977
866,sanmatenga(kaya),nahi peulh,burkina_faso,2009-11-02,-0.946511300786369,10,1,1,hh,national,36,NA,13.737367582050924,-0.874703977
866,sanmatenga(kaya),nahi peulh,burkina_faso,2009-11-02,-0.946511300786369,10,1,1,non-hh,national,NA,1,13.737367582050924,-0.874703977
867,sanmatenga(kaya),nahi peulh,burkina_faso,2009-11-02,-0.21124305549568695,15,1,1,hh,international,27,1,13.737367582050924,-0.874703977
869,sanmatenga(kaya),nahi peulh,burkina_faso,2009-11-02,-0.9343983177038575,17,1,1,hh,international,60,NA,13.737367582050924,-0.874703977
869,sanmatenga(kaya),nahi peulh,burkina_faso,2009-11-02,-0.9343983177038575,17,1,1,non-hh,national,NA,1,13.737367582050924,-0.874703977
870,sanmatenga(kaya),nahi peulh,burkina_faso,2009-11-02,0.13399849348941667,21,2,1,hh,national,72,NA,13.737367582050924,-0.874703977
870,sanmatenga(kaya),nahi peulh,burkina_faso,2009-11-02,0.13399849348941667,21,2,1,hh,national,96,1,13.737367582050924,-0.874703977
870,sanmatenga(kaya),nahi peulh,burkina_faso,2009-11-02,0.13399849348941667,21,2,1,non-hh,national,NA,1,13.737367582050924,-0.874703977
870,sanmatenga(kaya),nahi peulh,burkina_faso,2009-11-02,0.13399849348941667,21,2,1,non-hh,national,NA,1,13.737367582050924,-0.874703977
871,sanmatenga(kaya),nahi peulh,burkina_faso,2009-11-03,-0.926690055742259,12,1,1,hh,international,14,NA,13.737367582050924,-0.874703977
871,sanmatenga(kaya),nahi peulh,burkina_faso,2009-11-03,-0.926690055742259,12,1,1,non-hh,national,NA,1,13.737367582050924,-0.874703977
875,sanmatenga(kaya),nahi peulh,burkina_faso,2009-11-02,-0.7276301889574663,27,1,1,hh,international,85,1,13.737367582050924,-0.874703977
877,sanmatenga(kaya),nahi peulh,burkina_faso,2009-11-02,-0.9564219233084241,9,1,1,hh,national,121,1,13.737367582050924,-0.874703977
878,sanmatenga(kaya),nahi peulh,burkina_faso,2009-11-02,-0.5775550479092053,10,1,1,hh,national,73,NA,13.737367582050924,-0.874703977
878,sanmatenga(kaya),nahi peulh,burkina_faso,2009-11-02,-0.5775550479092053,10,1,1,non-hh,international,NA,1,13.737367582050924,-0.874703977
879,sanmatenga(kaya),nahi peulh,burkina_faso,2009-11-02,-0.940564927273136,11,1,1,hh,international,85,1,13.737367582050924,-0.874703977
880,sanmatenga(kaya),nahi peulh,burkina_faso,2009-11-03,1.5759334859567125,7,1,1,hh,national,85,1,13.737367582050924,-0.874703977
882,sanmatenga(kaya),nahi peulh,burkina_faso,2009-11-03,-0.9052170402778068,5,2,1,hh,international,66,1,13.737367582050924,-0.874703977
882,sanmatenga(kaya),nahi peulh,burkina_faso,2009-11-03,-0.9052170402778068,5,2,1,hh,international,126,1,13.737367582050924,-0.874703977
884,sanmatenga(kaya),nahi peulh,burkina_faso,2009-11-03,-0.9242124001117453,11,1,1,hh,international,17,NA,13.737367582050924,-0.874703977
884,sanmatenga(kaya),nahi peulh,burkina_faso,2009-11-03,-0.9242124001117453,11,1,1,non-hh,international,NA,1,13.737367582050924,-0.874703977
885,sanmatenga(kaya),nahi peulh,burkina_faso,2009-11-02,-0.9535903168735511,20,1,1,hh,international,31,1,13.737367582050924,-0.874703977
885,sanmatenga(kaya),nahi peulh,burkina_faso,2009-11-02,-0.9535903168735511,20,1,1,non-hh,international,NA,1,13.737367582050924,-0.874703977
885,sanmatenga(kaya),nahi peulh,burkina_faso,2009-11-02,-0.9535903168735511,20,1,1,non-hh,international,NA,1,13.737367582050924,-0.874703977
886,sanmatenga(kaya),nahi peulh,burkina_faso,2009-11-02,-0.23436784138048186,11,1,1,hh,national,60,1,13.737367582050924,-0.874703977
889,sanmatenga(kaya),nahi peulh,burkina_faso,2009-11-02,-0.919611039655077,8,1,1,hh,national,44,1,13.737367582050924,-0.874703977
889,sanmatenga(kaya),nahi peulh,burkina_faso,2009-11-02,-0.919611039655077,8,1,1,non-hh,national,NA,1,13.737367582050924,-0.874703977
889,sanmatenga(kaya),nahi peulh,burkina_faso,2009-11-02,-0.919611039655077,8,1,1,non-hh,international,NA,1,13.737367582050924,-0.874703977
890,sanmatenga(kaya),nahi peulh,burkina_faso,2009-11-02,-0.9445291762819581,12,2,1,hh,international,84,1,13.737367582050924,-0.874703977
890,sanmatenga(kaya),nahi peulh,burkina_faso,2009-11-02,-0.9445291762819581,12,2,1,hh,international,60,1,13.737367582050924,-0.874703977
891,sanmatenga(kaya),nahi peulh,burkina_faso,2009-11-02,-0.9252742525248228,10,1,NA,hh,international,24,NA,13.737367582050924,-0.874703977
901,sanmatenga(kaya),napamboumbou,burkina_faso,2009-11-06,-0.9960644133966439,5,1,1,hh,national,36,1,12.87931,-1.26763
901,sanmatenga(kaya),napamboumbou,burkina_faso,2009-11-06,-0.9960644133966439,5,1,1,non-hh,international,NA,1,12.87931,-1.26763
901,sanmatenga(kaya),napamboumbou,burkina_faso,2009-11-06,-0.9960644133966439,5,1,1,non-hh,national,NA,1,12.87931,-1.26763
902,sanmatenga(kaya),napamboumbou,burkina_faso,2009-11-06,-0.9217347444812316,10,2,1,hh,national,87,1,12.87931,-1.26763
902,sanmatenga(kaya),napamboumbou,burkina_faso,2009-11-06,-0.9217347444812316,10,2,1,hh,national,60,1,12.87931,-1.26763
903,sanmatenga(kaya),napamboumbou,burkina_faso,2009-11-06,-1.1149918836613035,11,1,1,hh,international,120,1,12.87931,-1.26763
903,sanmatenga(kaya),napamboumbou,burkina_faso,2009-11-06,-1.1149918836613035,11,1,1,non-hh,international,NA,1,12.87931,-1.26763
904,sanmatenga(kaya),napamboumbou,burkina_faso,2009-11-06,-0.6087027186928067,12,1,1,hh,national,84,1,12.87931,-1.26763
905,sanmatenga(kaya),napamboumbou,burkina_faso,2009-11-06,0.6201157410045912,10,1,NA,hh,national,60,NA,12.87931,-1.26763
907,sanmatenga(kaya),napamboumbou,burkina_faso,2009-11-06,-1.0753493935730838,9,1,NA,hh,international,72,NA,12.87931,-1.26763
908,sanmatenga(kaya),napamboumbou,burkina_faso,2009-11-06,0.2600519163764492,11,1,1,hh,national,84,1,12.87931,-1.26763
910,sanmatenga(kaya),napamboumbou,burkina_faso,2009-11-06,-0.5987920961707518,15,1,NA,hh,international,180,NA,12.87931,-1.26763
911,sanmatenga(kaya),napamboumbou,burkina_faso,2009-11-06,-0.9247079312378481,7,1,NA,hh,international,156,NA,12.87931,-1.26763
912,sanmatenga(kaya),napamboumbou,burkina_faso,2009-11-06,-1.0158856584407538,6,1,NA,hh,international,120,NA,12.87931,-1.26763
913,sanmatenga(kaya),napamboumbou,burkina_faso,2009-11-06,-0.6087027186928067,21,2,1,hh,international,29,1,12.87931,-1.26763
913,sanmatenga(kaya),napamboumbou,burkina_faso,2009-11-06,-0.6087027186928067,21,2,1,hh,international,120,1,12.87931,-1.26763
914,sanmatenga(kaya),napamboumbou,burkina_faso,2009-11-06,-0.8802423639424322,7,1,NA,hh,international,74,NA,12.87931,-1.26763
915,sanmatenga(kaya),napamboumbou,burkina_faso,2009-11-06,-0.8141715471287323,11,1,NA,hh,international,24,NA,12.87931,-1.26763
916,sanmatenga(kaya),napamboumbou,burkina_faso,2009-11-06,-0.9366006782643141,4,1,NA,hh,international,72,NA,12.87931,-1.26763
917,sanmatenga(kaya),napamboumbou,burkina_faso,2009-11-06,-0.7474514340015763,10,1,NA,hh,international,36,NA,12.87931,-1.26763
918,sanmatenga(kaya),napamboumbou,burkina_faso,2009-11-06,-0.963029004989794,10,1,NA,hh,international,48,NA,12.87931,-1.26763
922,sanmatenga(kaya),niangado,burkina_faso,2009-11-07,0.6514993789910986,14,1,NA,hh,international,36,NA,13.245902265019014,-1.207798996
923,sanmatenga(kaya),niangado,burkina_faso,2009-11-07,-0.584307340176979,23,1,1,hh,national,59,1,13.245902265019014,-1.207798996
924,sanmatenga(kaya),niangado,burkina_faso,2009-11-07,-0.9191113444018641,19,1,1,hh,national,46,NA,13.245902265019014,-1.207798996
924,sanmatenga(kaya),niangado,burkina_faso,2009-11-07,-0.9191113444018641,19,1,1,non-hh,national,NA,1,13.245902265019014,-1.207798996
925,sanmatenga(kaya),niangado,burkina_faso,2009-11-07,-0.9564219233084241,12,3,1,hh,international,72,NA,13.245902265019014,-1.207798996
925,sanmatenga(kaya),niangado,burkina_faso,2009-11-07,-0.9564219233084241,12,3,1,hh,international,72,NA,13.245902265019014,-1.207798996
925,sanmatenga(kaya),niangado,burkina_faso,2009-11-07,-0.9564219233084241,12,3,1,hh,international,60,1,13.245902265019014,-1.207798996
926,sanmatenga(kaya),niangado,burkina_faso,2009-11-07,-0.9514666120473967,11,1,NA,hh,international,12,NA,13.245902265019014,-1.207798996
927,sanmatenga(kaya),niangado,burkina_faso,2009-11-07,0.9890121875657314,26,1,1,hh,international,24,1,13.245902265019014,-1.207798996
934,sanmatenga(kaya),niangado,burkina_faso,2009-11-07,-0.43341693410626503,8,1,NA,hh,national,72,NA,13.245902265019014,-1.207798996
935,sanmatenga(kaya),niangado,burkina_faso,2009-11-07,-0.6285239637369167,8,1,NA,hh,national,96,NA,13.245902265019014,-1.207798996
936,sanmatenga(kaya),niangado,burkina_faso,2009-11-07,-0.9422638911340597,16,1,1,hh,national,24,1,13.245902265019014,-1.207798996
936,sanmatenga(kaya),niangado,burkina_faso,2009-11-07,-0.9422638911340597,16,1,1,non-hh,national,NA,1,13.245902265019014,-1.207798996
937,sanmatenga(kaya),niangado,burkina_faso,2009-11-07,-0.5928457226575187,22,1,NA,hh,national,51,NA,13.245902265019014,-1.207798996
938,sanmatenga(kaya),niangado,burkina_faso,2009-11-07,-0.7771718897130604,9,1,NA,hh,national,15,NA,13.245902265019014,-1.207798996
939,sanmatenga(kaya),niangado,burkina_faso,2009-11-07,-0.7613148936777725,4,1,1,hh,national,36,NA,13.245902265019014,-1.207798996
939,sanmatenga(kaya),niangado,burkina_faso,2009-11-07,-0.7613148936777725,4,1,1,non-hh,international,NA,1,13.245902265019014,-1.207798996
940,sanmatenga(kaya),niangado,burkina_faso,2009-11-07,-0.9366006782643141,4,1,1,hh,national,96,1,13.245902265019014,-1.207798996
941,sanmatenga(kaya),niangado,burkina_faso,2009-11-07,1.7452137334563216,13,1,1,hh,international,36,NA,13.245902265019014,-1.207798996
941,sanmatenga(kaya),niangado,burkina_faso,2009-11-07,1.7452137334563216,13,1,1,non-hh,national,NA,1,13.245902265019014,-1.207798996
942,sanmatenga(kaya),niangado,burkina_faso,2009-11-07,-0.946511300786369,10,1,1,hh,international,108,1,13.245902265019014,-1.207798996
943,sanmatenga(kaya),niangado,burkina_faso,2009-11-07,-0.44002401578763506,21,1,1,hh,international,253,1,13.245902265019014,-1.207798996
944,sanmatenga(kaya),niangado,burkina_faso,2009-11-07,-0.7783045322870097,13,1,NA,hh,international,87,NA,13.245902265019014,-1.207798996
945,sanmatenga(kaya),niangado,burkina_faso,2009-11-07,-0.6037474074317792,11,1,1,hh,international,96,1,13.245902265019014,-1.207798996
946,sanmatenga(kaya),nongo,burkina_faso,2009-11-06,-0.5921850144893818,13,1,NA,hh,international,36,NA,13.558039618750163,-0.259182817
948,sanmatenga(kaya),nongo,burkina_faso,2009-11-07,-0.9316453670032867,7,1,1,hh,national,36,NA,13.558039618750163,-0.259182817
948,sanmatenga(kaya),nongo,burkina_faso,2009-11-07,-0.9316453670032867,7,1,1,non-hh,international,NA,1,13.558039618750163,-0.259182817
950,sanmatenga(kaya),nongo,burkina_faso,2009-11-06,-0.949814841627054,8,1,NA,hh,international,144,NA,13.558039618750163,-0.259182817
952,sanmatenga(kaya),nongo,burkina_faso,2009-11-06,0.8294182219724435,19,1,NA,hh,national,84,NA,13.558039618750163,-0.259182817
953,sanmatenga(kaya),nongo,burkina_faso,2009-11-07,-0.9111162203504584,5,2,NA,hh,national,24,NA,13.558039618750163,-0.259182817
953,sanmatenga(kaya),nongo,burkina_faso,2009-11-07,-0.9111162203504584,5,2,NA,hh,national,72,NA,13.558039618750163,-0.259182817
954,sanmatenga(kaya),nongo,burkina_faso,2009-11-06,-0.5928457226575187,11,2,1,hh,international,36,NA,13.558039618750163,-0.259182817
954,sanmatenga(kaya),nongo,burkina_faso,2009-11-06,-0.5928457226575187,11,2,1,hh,international,24,1,13.558039618750163,-0.259182817
955,sanmatenga(kaya),nongo,burkina_faso,2009-11-06,-0.9309374653945683,12,1,NA,hh,national,60,NA,13.558039618750163,-0.259182817
958,sanmatenga(kaya),nongo,burkina_faso,2009-11-06,-0.21124305549568695,5,3,1,hh,international,36,1,13.558039618750163,-0.259182817
958,sanmatenga(kaya),nongo,burkina_faso,2009-11-06,-0.21124305549568695,5,3,1,hh,international,17,NA,13.558039618750163,-0.259182817
958,sanmatenga(kaya),nongo,burkina_faso,2009-11-06,-0.21124305549568695,5,3,1,hh,international,17,NA,13.558039618750163,-0.259182817
959,sanmatenga(kaya),nongo,burkina_faso,2009-11-06,-0.9564219233084241,12,2,1,hh,international,24,1,13.558039618750163,-0.259182817
959,sanmatenga(kaya),nongo,burkina_faso,2009-11-06,-0.9564219233084241,12,2,1,hh,international,72,1,13.558039618750163,-0.259182817
959,sanmatenga(kaya),nongo,burkina_faso,2009-11-06,-0.9564219233084241,12,2,1,non-hh,national,NA,1,13.558039618750163,-0.259182817
961,sanmatenga(kaya),nongo,burkina_faso,2009-11-06,-0.5987920961707518,10,1,1,hh,national,300,NA,13.558039618750163,-0.259182817
961,sanmatenga(kaya),nongo,burkina_faso,2009-11-06,-0.5987920961707518,10,1,1,non-hh,national,NA,1,13.558039618750163,-0.259182817
962,sanmatenga(kaya),nongo,burkina_faso,2009-11-06,-0.9415559895253416,9,2,1,hh,international,84,1,13.558039618750163,-0.259182817
962,sanmatenga(kaya),nongo,burkina_faso,2009-11-06,-0.9415559895253416,9,2,1,hh,international,24,NA,13.558039618750163,-0.259182817
963,sanmatenga(kaya),nongo,burkina_faso,2009-11-06,-0.9332971374236292,11,4,1,hh,national,144,1,13.558039618750163,-0.259182817
963,sanmatenga(kaya),nongo,burkina_faso,2009-11-06,-0.9332971374236292,11,4,1,hh,national,144,NA,13.558039618750163,-0.259182817
963,sanmatenga(kaya),nongo,burkina_faso,2009-11-06,-0.9332971374236292,11,4,1,hh,national,144,NA,13.558039618750163,-0.259182817
963,sanmatenga(kaya),nongo,burkina_faso,2009-11-06,-0.9332971374236292,11,4,1,hh,national,144,NA,13.558039618750163,-0.259182817
967,sanmatenga(kaya),nongo,burkina_faso,2009-11-06,-0.9326364292554921,9,1,1,hh,national,48,1,13.558039618750163,-0.259182817
968,sanmatenga(kaya),nongo,burkina_faso,2009-11-06,-0.9366006782643141,10,3,1,hh,national,36,NA,13.558039618750163,-0.259182817
968,sanmatenga(kaya),nongo,burkina_faso,2009-11-06,-0.9366006782643141,10,3,1,hh,national,71,1,13.558039618750163,-0.259182817
968,sanmatenga(kaya),nongo,burkina_faso,2009-11-06,-0.9366006782643141,10,3,1,hh,national,10,NA,13.558039618750163,-0.259182817
969,sanmatenga(kaya),nongo,burkina_faso,2009-11-06,-0.7739284132512969,18,4,1,hh,national,30,NA,13.558039618750163,-0.259182817
969,sanmatenga(kaya),nongo,burkina_faso,2009-11-06,-0.7739284132512969,18,4,1,hh,national,13,NA,13.558039618750163,-0.259182817
969,sanmatenga(kaya),nongo,burkina_faso,2009-11-06,-0.7739284132512969,18,4,1,hh,national,241,1,13.558039618750163,-0.259182817
969,sanmatenga(kaya),nongo,burkina_faso,2009-11-06,-0.7739284132512969,18,4,1,hh,national,61,NA,13.558039618750163,-0.259182817
970,sanmatenga(kaya),nongo,burkina_faso,2009-11-06,-0.9192570888507179,9,7,1,hh,international,7,NA,13.558039618750163,-0.259182817
970,sanmatenga(kaya),nongo,burkina_faso,2009-11-06,-0.9192570888507179,9,7,1,hh,international,85,NA,13.558039618750163,-0.259182817
970,sanmatenga(kaya),nongo,burkina_faso,2009-11-06,-0.9192570888507179,9,7,1,hh,international,74,NA,13.558039618750163,-0.259182817
970,sanmatenga(kaya),nongo,burkina_faso,2009-11-06,-0.9192570888507179,9,7,1,hh,international,1,1,13.558039618750163,-0.259182817
970,sanmatenga(kaya),nongo,burkina_faso,2009-11-06,-0.9192570888507179,9,7,1,hh,international,6,1,13.558039618750163,-0.259182817
970,sanmatenga(kaya),nongo,burkina_faso,2009-11-06,-0.9192570888507179,9,7,1,hh,international,57,NA,13.558039618750163,-0.259182817
970,sanmatenga(kaya),nongo,burkina_faso,2009-11-06,-0.9192570888507179,9,7,1,hh,international,97,1,13.558039618750163,-0.259182817
971,sanmatenga(kaya),nongo,burkina_faso,2009-11-06,-0.9250382853219166,17,3,1,hh,international,148,1,13.558039618750163,-0.259182817
971,sanmatenga(kaya),nongo,burkina_faso,2009-11-06,-0.9250382853219166,17,3,1,hh,international,148,NA,13.558039618750163,-0.259182817
971,sanmatenga(kaya),nongo,burkina_faso,2009-11-06,-0.9250382853219166,17,3,1,hh,international,37,NA,13.558039618750163,-0.259182817
971,sanmatenga(kaya),nongo,burkina_faso,2009-11-06,-0.9250382853219166,17,3,1,non-hh,international,NA,1,13.558039618750163,-0.259182817
972,sanmatenga(kaya),nongo,burkina_faso,2009-11-06,-0.92244264608995,9,3,1,hh,international,27,NA,13.558039618750163,-0.259182817
972,sanmatenga(kaya),nongo,burkina_faso,2009-11-06,-0.92244264608995,9,3,1,hh,international,1,NA,13.558039618750163,-0.259182817
972,sanmatenga(kaya),nongo,burkina_faso,2009-11-06,-0.92244264608995,9,3,1,hh,international,9,1,13.558039618750163,-0.259182817
972,sanmatenga(kaya),nongo,burkina_faso,2009-11-06,-0.92244264608995,9,3,1,non-hh,international,NA,1,13.558039618750163,-0.259182817
972,sanmatenga(kaya),nongo,burkina_faso,2009-11-06,-0.92244264608995,9,3,1,non-hh,international,NA,1,13.558039618750163,-0.259182817
974,sanmatenga(kaya),pibaore,burkina_faso,2009-11-03,-0.926690055742259,3,1,1,hh,national,24,1,12.893723404326067,-0.798730118
982,sanmatenga(kaya),pibaore,burkina_faso,2009-11-03,-0.7569101725568592,7,1,1,hh,national,72,NA,12.893723404326067,-0.798730118
982,sanmatenga(kaya),pibaore,burkina_faso,2009-11-03,-0.7569101725568592,7,1,1,non-hh,international,NA,1,12.893723404326067,-0.798730118
983,sanmatenga(kaya),pibaore,burkina_faso,2009-11-03,0.6597582310928112,8,1,NA,hh,national,60,NA,12.893723404326067,-0.798730118
984,sanmatenga(kaya),pibaore,burkina_faso,2009-11-03,-0.453238179150375,6,3,NA,hh,national,120,NA,12.893723404326067,-0.798730118
984,sanmatenga(kaya),pibaore,burkina_faso,2009-11-03,-0.453238179150375,6,3,NA,hh,national,12,NA,12.893723404326067,-0.798730118
984,sanmatenga(kaya),pibaore,burkina_faso,2009-11-03,-0.453238179150375,6,3,NA,hh,national,48,NA,12.893723404326067,-0.798730118
985,sanmatenga(kaya),pibaore,burkina_faso,2009-11-03,-0.9167794332202042,8,1,1,hh,national,12,NA,12.893723404326067,-0.798730118
985,sanmatenga(kaya),pibaore,burkina_faso,2009-11-03,-0.9167794332202042,8,1,1,non-hh,international,NA,1,12.893723404326067,-0.798730118
985,sanmatenga(kaya),pibaore,burkina_faso,2009-11-03,-0.9167794332202042,8,1,1,non-hh,national,NA,1,12.893723404326067,-0.798730118
985,sanmatenga(kaya),pibaore,burkina_faso,2009-11-03,-0.9167794332202042,8,1,1,non-hh,international,NA,1,12.893723404326067,-0.798730118
986,sanmatenga(kaya),pibaore,burkina_faso,2009-11-03,-0.9564219233084241,12,2,NA,hh,national,12,NA,12.893723404326067,-0.798730118
986,sanmatenga(kaya),pibaore,burkina_faso,2009-11-03,-0.9564219233084241,12,2,NA,hh,national,36,NA,12.893723404326067,-0.798730118
987,sanmatenga(kaya),pibaore,burkina_faso,2009-11-03,-0.9762431683525341,8,1,1,hh,national,72,1,12.893723404326067,-0.798730118
988,sanmatenga(kaya),pibaore,burkina_faso,2009-11-03,-0.9960644133966439,10,1,NA,hh,national,24,NA,12.893723404326067,-0.798730118
990,sanmatenga(kaya),pibaore,burkina_faso,2009-11-03,-0.43624854054113793,15,1,1,hh,national,240,1,12.893723404326067,-0.798730118
991,sanmatenga(kaya),pibaore,burkina_faso,2009-11-03,-1.0753493935730838,9,5,1,hh,international,108,1,12.893723404326067,-0.798730118
991,sanmatenga(kaya),pibaore,burkina_faso,2009-11-03,-1.0753493935730838,9,5,1,hh,international,60,NA,12.893723404326067,-0.798730118
991,sanmatenga(kaya),pibaore,burkina_faso,2009-11-03,-1.0753493935730838,9,5,1,hh,international,96,NA,12.893723404326067,-0.798730118
991,sanmatenga(kaya),pibaore,burkina_faso,2009-11-03,-1.0753493935730838,9,5,1,hh,international,84,NA,12.893723404326067,-0.798730118
991,sanmatenga(kaya),pibaore,burkina_faso,2009-11-03,-1.0753493935730838,9,5,1,hh,international,84,NA,12.893723404326067,-0.798730118
992,sanmatenga(kaya),pibaore,burkina_faso,2009-11-03,-0.44332755662832,5,1,1,hh,international,204,1,12.893723404326067,-0.798730118
993,sanmatenga(kaya),pibaore,burkina_faso,2009-11-03,-0.9415559895253416,9,2,1,hh,international,99,1,12.893723404326067,-0.798730118
993,sanmatenga(kaya),pibaore,burkina_faso,2009-11-03,-0.9415559895253416,9,2,1,hh,international,72,1,12.893723404326067,-0.798730118
993,sanmatenga(kaya),pibaore,burkina_faso,2009-11-03,-0.9415559895253416,9,2,1,non-hh,national,NA,1,12.893723404326067,-0.798730118
993,sanmatenga(kaya),pibaore,burkina_faso,2009-11-03,-0.9415559895253416,9,2,1,non-hh,national,NA,1,12.893723404326067,-0.798730118
994,sanmatenga(kaya),pibaore,burkina_faso,2009-11-03,-1.0357069034848638,7,1,NA,hh,international,60,NA,12.893723404326067,-0.798730118
995,sanmatenga(kaya),pibaore,burkina_faso,2009-11-03,-1.1546343737495235,13,2,1,hh,international,72,1,12.893723404326067,-0.798730118
995,sanmatenga(kaya),pibaore,burkina_faso,2009-11-03,-1.1546343737495235,13,2,1,hh,international,84,1,12.893723404326067,-0.798730118
996,sanmatenga(kaya),pibaore,burkina_faso,2009-11-03,-0.9415559895253416,9,1,1,hh,international,60,1,12.893723404326067,-0.798730118
997,sanmatenga(kaya),pibaore,burkina_faso,2009-11-03,0.5243751829161736,10,1,1,hh,international,60,1,12.893723404326067,-0.798730118
998,sanmatenga(kaya),pibaore,burkina_faso,2009-11-03,0.4965649511399086,13,4,1,hh,international,72,NA,12.893723404326067,-0.798730118
998,sanmatenga(kaya),pibaore,burkina_faso,2009-11-03,0.4965649511399086,13,4,1,hh,international,120,1,12.893723404326067,-0.798730118
998,sanmatenga(kaya),pibaore,burkina_faso,2009-11-03,0.4965649511399086,13,4,1,hh,international,96,NA,12.893723404326067,-0.798730118
998,sanmatenga(kaya),pibaore,burkina_faso,2009-11-03,0.4965649511399086,13,4,1,hh,international,72,NA,12.893723404326067,-0.798730118
999,sanmatenga(kaya),pibaore,burkina_faso,2009-11-03,-1.0753493935730838,9,1,1,hh,international,24,1,12.893723404326067,-0.798730118
1000,sanmatenga(kaya),sabouri nakoara,burkina_faso,2009-10-31,-0.9198848540306521,9,1,NA,hh,international,36,NA,13.096810194780764,-1.086335777
1003,sanmatenga(kaya),sabouri nakoara,burkina_faso,2009-10-31,-0.9432077599456841,7,3,1,hh,international,108,NA,13.096810194780764,-1.086335777
1003,sanmatenga(kaya),sabouri nakoara,burkina_faso,2009-10-31,-0.9432077599456841,7,3,1,hh,international,96,NA,13.096810194780764,-1.086335777
1003,sanmatenga(kaya),sabouri nakoara,burkina_faso,2009-10-31,-0.9432077599456841,7,3,1,hh,international,96,1,13.096810194780764,-1.086335777
1004,sanmatenga(kaya),sabouri nakoara,burkina_faso,2009-10-31,-0.926690055742259,6,2,1,hh,international,52,1,13.096810194780764,-1.086335777
1004,sanmatenga(kaya),sabouri nakoara,burkina_faso,2009-10-31,-0.926690055742259,6,2,1,hh,international,25,1,13.096810194780764,-1.086335777
1005,sanmatenga(kaya),sabouri nakoara,burkina_faso,2009-10-31,-1.005975035918699,11,2,1,hh,national,384,1,13.096810194780764,-1.086335777
1005,sanmatenga(kaya),sabouri nakoara,burkina_faso,2009-10-31,-1.005975035918699,11,2,1,hh,national,204,1,13.096810194780764,-1.086335777
1006,sanmatenga(kaya),sabouri nakoara,burkina_faso,2009-10-31,-0.9286721802466702,8,3,1,hh,international,84,1,13.096810194780764,-1.086335777
1006,sanmatenga(kaya),sabouri nakoara,burkina_faso,2009-10-31,-0.9286721802466702,8,3,1,hh,international,48,1,13.096810194780764,-1.086335777
1006,sanmatenga(kaya),sabouri nakoara,burkina_faso,2009-10-31,-0.9286721802466702,8,3,1,hh,international,84,NA,13.096810194780764,-1.086335777
1007,sanmatenga(kaya),sabouri nakoara,burkina_faso,2009-10-31,-0.5888814736486967,8,1,1,hh,international,12,NA,13.096810194780764,-1.086335777
1007,sanmatenga(kaya),sabouri nakoara,burkina_faso,2009-10-31,-0.5888814736486967,8,1,1,non-hh,international,NA,1,13.096810194780764,-1.086335777
1008,sanmatenga(kaya),sabouri nakoara,burkina_faso,2009-10-31,-0.9233865149015741,4,1,NA,hh,national,36,NA,13.096810194780764,-1.086335777
1009,sanmatenga(kaya),sabouri nakoara,burkina_faso,2009-10-31,-0.7712255161998274,6,2,1,hh,international,240,1,13.096810194780764,-1.086335777
1009,sanmatenga(kaya),sabouri nakoara,burkina_faso,2009-10-31,-0.7712255161998274,6,2,1,hh,international,12,NA,13.096810194780764,-1.086335777
1010,sanmatenga(kaya),sabouri nakoara,burkina_faso,2009-10-31,-1.0555281485289738,8,4,NA,hh,national,132,NA,13.096810194780764,-1.086335777
1010,sanmatenga(kaya),sabouri nakoara,burkina_faso,2009-10-31,-1.0555281485289738,8,4,NA,hh,national,132,NA,13.096810194780764,-1.086335777
1010,sanmatenga(kaya),sabouri nakoara,burkina_faso,2009-10-31,-1.0555281485289738,8,4,NA,hh,national,24,NA,13.096810194780764,-1.086335777
1010,sanmatenga(kaya),sabouri nakoara,burkina_faso,2009-10-31,-1.0555281485289738,8,4,NA,hh,national,14,NA,13.096810194780764,-1.086335777
1011,sanmatenga(kaya),sabouri nakoara,burkina_faso,2009-10-31,-0.9762431683525341,4,1,1,hh,national,84,1,13.096810194780764,-1.086335777
1012,sanmatenga(kaya),sabouri nakoara,burkina_faso,2009-10-31,-0.946511300786369,5,1,NA,hh,international,37,NA,13.096810194780764,-1.086335777
1013,sanmatenga(kaya),sabouri nakoara,burkina_faso,2009-10-31,-0.5954885553300667,7,2,NA,hh,national,120,NA,13.096810194780764,-1.086335777
1013,sanmatenga(kaya),sabouri nakoara,burkina_faso,2009-10-31,-0.5954885553300667,7,2,NA,hh,national,120,NA,13.096810194780764,-1.086335777
1014,sanmatenga(kaya),sabouri nakoara,burkina_faso,2009-10-31,-0.9366006782643141,6,1,1,hh,international,24,NA,13.096810194780764,-1.086335777
1014,sanmatenga(kaya),sabouri nakoara,burkina_faso,2009-10-31,-0.9366006782643141,6,1,1,non-hh,international,NA,1,13.096810194780764,-1.086335777
1016,sanmatenga(kaya),sabouri nakoara,burkina_faso,2009-10-31,-0.926690055742259,3,1,NA,hh,international,38,NA,13.096810194780764,-1.086335777
1018,sanmatenga(kaya),sabouri nakoara,burkina_faso,2009-10-31,-0.7712255161998274,9,3,1,hh,national,36,NA,13.096810194780764,-1.086335777
1018,sanmatenga(kaya),sabouri nakoara,burkina_faso,2009-10-31,-0.7712255161998274,9,3,1,hh,national,60,1,13.096810194780764,-1.086335777
1018,sanmatenga(kaya),sabouri nakoara,burkina_faso,2009-10-31,-0.7712255161998274,9,3,1,hh,national,108,NA,13.096810194780764,-1.086335777
1019,sanmatenga(kaya),sabouri nakoara,burkina_faso,2009-10-31,-0.9366006782643141,2,2,1,hh,national,204,1,13.096810194780764,-1.086335777
1019,sanmatenga(kaya),sabouri nakoara,burkina_faso,2009-10-31,-0.9366006782643141,2,2,1,hh,national,36,1,13.096810194780764,-1.086335777
1020,sanmatenga(kaya),sabouri nakoara,burkina_faso,2009-10-31,-0.9366006782643141,4,1,NA,hh,national,85,NA,13.096810194780764,-1.086335777
1024,sanmatenga(kaya),sabouri nakoara,burkina_faso,2009-10-31,-0.9960644133966439,5,2,1,hh,international,360,NA,13.096810194780764,-1.086335777
1024,sanmatenga(kaya),sabouri nakoara,burkina_faso,2009-10-31,-0.9960644133966439,5,2,1,hh,international,120,1,13.096810194780764,-1.086335777
1025,sanmatenga(kaya),sabouri nakoara,burkina_faso,2009-10-31,-1.1546343737495235,13,1,NA,hh,national,16,NA,13.096810194780764,-1.086335777
1026,sanmatenga(kaya),sabouri nakoara,burkina_faso,2009-10-31,0.6706127224264904,11,2,NA,hh,international,52,NA,13.096810194780764,-1.086335777
1026,sanmatenga(kaya),sabouri nakoara,burkina_faso,2009-10-31,0.6706127224264904,11,2,NA,hh,international,7,NA,13.096810194780764,-1.086335777
1027,sanmatenga(kaya),sambtenga,burkina_faso,2009-10-29,-0.9440336451558553,19,2,NA,hh,national,120,NA,12.440933955430461,-0.577565912
1027,sanmatenga(kaya),sambtenga,burkina_faso,2009-10-29,-0.9440336451558553,19,2,NA,hh,national,120,NA,12.440933955430461,-0.577565912
1028,sanmatenga(kaya),sambtenga,burkina_faso,2009-10-30,-0.9366006782643141,18,2,1,hh,national,84,1,12.440933955430461,-0.577565912
1028,sanmatenga(kaya),sambtenga,burkina_faso,2009-10-30,-0.9366006782643141,18,2,1,hh,national,36,1,12.440933955430461,-0.577565912
1028,sanmatenga(kaya),sambtenga,burkina_faso,2009-10-30,-0.9366006782643141,18,2,1,non-hh,international,NA,1,12.440933955430461,-0.577565912
1029,sanmatenga(kaya),sambtenga,burkina_faso,2009-10-29,-0.9564219233084241,9,1,NA,hh,national,120,NA,12.440933955430461,-0.577565912
1030,sanmatenga(kaya),sambtenga,burkina_faso,2009-10-29,-0.5960891991192822,26,2,1,hh,international,72,1,12.440933955430461,-0.577565912
1030,sanmatenga(kaya),sambtenga,burkina_faso,2009-10-29,-0.5960891991192822,26,2,1,hh,international,24,NA,12.440933955430461,-0.577565912
1031,sanmatenga(kaya),sambtenga,burkina_faso,2009-10-29,-0.9564219233084241,15,2,1,hh,international,48,1,12.440933955430461,-0.577565912
1031,sanmatenga(kaya),sambtenga,burkina_faso,2009-10-29,-0.9564219233084241,15,2,1,hh,international,48,1,12.440933955430461,-0.577565912
1031,sanmatenga(kaya),sambtenga,burkina_faso,2009-10-29,-0.9564219233084241,15,2,1,non-hh,national,NA,1,12.440933955430461,-0.577565912
1033,sanmatenga(kaya),sambtenga,burkina_faso,2009-10-29,-0.940564927273136,11,1,1,hh,national,50,1,12.440933955430461,-0.577565912
1035,sanmatenga(kaya),sambtenga,burkina_faso,2009-10-29,-0.5866791130882401,17,8,1,hh,international,72,1,12.440933955430461,-0.577565912
1035,sanmatenga(kaya),sambtenga,burkina_faso,2009-10-29,-0.5866791130882401,17,8,1,hh,international,36,1,12.440933955430461,-0.577565912
1035,sanmatenga(kaya),sambtenga,burkina_faso,2009-10-29,-0.5866791130882401,17,8,1,hh,international,36,1,12.440933955430461,-0.577565912
1035,sanmatenga(kaya),sambtenga,burkina_faso,2009-10-29,-0.5866791130882401,17,8,1,hh,international,52,1,12.440933955430461,-0.577565912
1035,sanmatenga(kaya),sambtenga,burkina_faso,2009-10-29,-0.5866791130882401,17,8,1,hh,international,25,1,12.440933955430461,-0.577565912
1035,sanmatenga(kaya),sambtenga,burkina_faso,2009-10-29,-0.5866791130882401,17,8,1,hh,international,25,1,12.440933955430461,-0.577565912
1035,sanmatenga(kaya),sambtenga,burkina_faso,2009-10-29,-0.5866791130882401,17,8,1,hh,international,42,1,12.440933955430461,-0.577565912
1035,sanmatenga(kaya),sambtenga,burkina_faso,2009-10-29,-0.5866791130882401,17,8,1,hh,international,19,1,12.440933955430461,-0.577565912
1036,sanmatenga(kaya),sambtenga,burkina_faso,2009-10-29,-0.5740155398656143,10,1,1,hh,international,256,1,12.440933955430461,-0.577565912
1037,sanmatenga(kaya),sambtenga,burkina_faso,2009-10-30,-0.9167794332202042,2,1,1,hh,international,84,1,12.440933955430461,-0.577565912
1039,sanmatenga(kaya),sambtenga,burkina_faso,2009-10-30,-0.2211536780177419,3,2,1,hh,national,72,1,12.440933955430461,-0.577565912
1039,sanmatenga(kaya),sambtenga,burkina_faso,2009-10-30,-0.2211536780177419,3,2,1,hh,national,96,1,12.440933955430461,-0.577565912
1041,sanmatenga(kaya),sambtenga,burkina_faso,2009-10-30,-0.946511300786369,10,1,NA,hh,national,21,NA,12.440933955430461,-0.577565912
1044,sanmatenga(kaya),sambtenga,burkina_faso,2009-10-29,-0.9299935965829442,15,5,1,hh,international,144,NA,12.440933955430461,-0.577565912
1044,sanmatenga(kaya),sambtenga,burkina_faso,2009-10-29,-0.9299935965829442,15,5,1,hh,international,36,NA,12.440933955430461,-0.577565912
1044,sanmatenga(kaya),sambtenga,burkina_faso,2009-10-29,-0.9299935965829442,15,5,1,hh,international,24,NA,12.440933955430461,-0.577565912
1044,sanmatenga(kaya),sambtenga,burkina_faso,2009-10-29,-0.9299935965829442,15,5,1,hh,international,48,NA,12.440933955430461,-0.577565912
1044,sanmatenga(kaya),sambtenga,burkina_faso,2009-10-29,-0.9299935965829442,15,5,1,hh,international,144,1,12.440933955430461,-0.577565912
1044,sanmatenga(kaya),sambtenga,burkina_faso,2009-10-29,-0.9299935965829442,15,5,1,non-hh,national,NA,1,12.440933955430461,-0.577565912
1047,sanmatenga(kaya),sambtenga,burkina_faso,2009-10-29,-0.5829351001354638,17,1,NA,hh,international,112,NA,12.440933955430461,-0.577565912
1048,sanmatenga(kaya),sambtenga,burkina_faso,2009-10-29,-0.5747234414743325,9,2,NA,hh,international,228,NA,12.440933955430461,-0.577565912
1048,sanmatenga(kaya),sambtenga,burkina_faso,2009-10-29,-0.5747234414743325,9,2,NA,hh,international,60,NA,12.440933955430461,-0.577565912
1049,sanmatenga(kaya),sambtenga,burkina_faso,2009-10-29,0.6507171519209713,10,2,NA,hh,international,41,NA,12.440933955430461,-0.577565912
1049,sanmatenga(kaya),sambtenga,burkina_faso,2009-10-29,0.6507171519209713,10,2,NA,hh,international,360,NA,12.440933955430461,-0.577565912
1052,sanmatenga(kaya),sambtenga,burkina_faso,2009-10-29,-0.9286721802466702,8,1,NA,hh,national,96,NA,12.440933955430461,-0.577565912
1053,sanmatenga(kaya),sambtenga,burkina_faso,2009-10-29,-0.5839261623876693,14,3,NA,hh,international,24,NA,12.440933955430461,-0.577565912
1053,sanmatenga(kaya),sambtenga,burkina_faso,2009-10-29,-0.5839261623876693,14,3,NA,hh,international,24,NA,12.440933955430461,-0.577565912
1053,sanmatenga(kaya),sambtenga,burkina_faso,2009-10-29,-0.5839261623876693,14,3,NA,hh,international,36,NA,12.440933955430461,-0.577565912
1060,sanmatenga(kaya),sera,burkina_faso,2009-11-04,-1.0753493935730838,9,1,NA,hh,national,144,NA,12.95721,-1.07006
1063,sanmatenga(kaya),sera,burkina_faso,2009-11-04,-0.9432077599456841,14,1,1,hh,international,48,1,12.95721,-1.07006
1065,sanmatenga(kaya),sera,burkina_faso,2009-11-04,-0.9299935965829442,10,2,1,hh,national,12,NA,12.95721,-1.07006
1065,sanmatenga(kaya),sera,burkina_faso,2009-11-04,-0.9299935965829442,10,2,1,hh,national,12,1,12.95721,-1.07006
1066,sanmatenga(kaya),sera,burkina_faso,2009-11-05,-0.9316453670032867,7,1,NA,hh,national,72,NA,12.95721,-1.07006
1067,sanmatenga(kaya),sera,burkina_faso,2009-11-04,-0.9762431683525341,4,1,1,hh,national,48,1,12.95721,-1.07006
1067,sanmatenga(kaya),sera,burkina_faso,2009-11-04,-0.9762431683525341,4,1,1,non-hh,international,NA,1,12.95721,-1.07006
1068,sanmatenga(kaya),sera,burkina_faso,2009-11-04,-0.946511300786369,5,2,NA,hh,national,240,NA,12.95721,-1.07006
1068,sanmatenga(kaya),sera,burkina_faso,2009-11-04,-0.946511300786369,5,2,NA,hh,national,12,NA,12.95721,-1.07006
1069,sanmatenga(kaya),sera,burkina_faso,2009-11-04,-0.6681664538251366,6,2,NA,hh,national,24,NA,12.95721,-1.07006
1069,sanmatenga(kaya),sera,burkina_faso,2009-11-04,-0.6681664538251366,6,2,NA,hh,national,84,NA,12.95721,-1.07006
1070,sanmatenga(kaya),sera,burkina_faso,2009-11-04,-0.8604211188983222,6,1,NA,hh,international,36,NA,12.95721,-1.07006
1071,sanmatenga(kaya),sera,burkina_faso,2009-11-04,-0.9450954975689327,17,2,1,hh,national,36,1,12.95721,-1.07006
1071,sanmatenga(kaya),sera,burkina_faso,2009-11-04,-0.9450954975689327,17,2,1,hh,national,12,1,12.95721,-1.07006
1072,sanmatenga(kaya),sera,burkina_faso,2009-11-04,-0.4383722453672926,9,2,NA,hh,international,240,NA,12.95721,-1.07006
1072,sanmatenga(kaya),sera,burkina_faso,2009-11-04,-0.4383722453672926,9,2,NA,hh,international,480,NA,12.95721,-1.07006
1073,sanmatenga(kaya),sera,burkina_faso,2009-11-04,-0.5987920961707518,15,1,NA,hh,international,360,NA,12.95721,-1.07006
1074,sanmatenga(kaya),sera,burkina_faso,2009-11-04,-0.9366006782643141,14,1,1,hh,international,180,NA,12.95721,-1.07006
1074,sanmatenga(kaya),sera,burkina_faso,2009-11-04,-0.9366006782643141,14,1,1,non-hh,international,NA,1,12.95721,-1.07006
1075,sanmatenga(kaya),sera,burkina_faso,2009-11-05,-0.9484934252907802,13,2,1,hh,international,36,1,12.95721,-1.07006
1075,sanmatenga(kaya),sera,burkina_faso,2009-11-05,-0.9484934252907802,13,2,1,hh,international,123,1,12.95721,-1.07006
1076,sanmatenga(kaya),sera,burkina_faso,2009-11-05,-0.7672726790456863,11,1,1,hh,international,156,1,12.95721,-1.07006
1077,sanmatenga(kaya),sera,burkina_faso,2009-11-05,-0.963029004989794,10,2,1,hh,international,84,1,12.95721,-1.07006
1077,sanmatenga(kaya),sera,burkina_faso,2009-11-05,-0.963029004989794,10,2,1,hh,international,12,1,12.95721,-1.07006
1078,sanmatenga(kaya),sera,burkina_faso,2009-11-05,-1.0753493935730838,9,1,1,hh,international,18,1,12.95721,-1.07006
1079,sanmatenga(kaya),sera,burkina_faso,2009-11-05,-0.7877432204032524,7,1,NA,hh,international,60,NA,12.95721,-1.07006
1091,sanmatenga(kaya),soma peulh,burkina_faso,2009-11-02,-0.583218260778951,12,1,1,hh,national,116,NA,12.908479876971406,-1.077418868
1091,sanmatenga(kaya),soma peulh,burkina_faso,2009-11-02,-0.583218260778951,12,1,1,non-hh,national,NA,1,12.908479876971406,-1.077418868
1092,sanmatenga(kaya),soma peulh,burkina_faso,2009-11-02,-0.5987920961707518,15,1,NA,hh,national,37,NA,12.908479876971406,-1.077418868
1093,sanmatenga(kaya),soma peulh,burkina_faso,2009-11-01,-0.926690055742259,6,1,NA,hh,national,144,NA,12.908479876971406,-1.077418868
1094,sanmatenga(kaya),soma peulh,burkina_faso,2009-11-02,-1.0357069034848638,7,1,NA,hh,international,420,NA,12.908479876971406,-1.077418868
1095,sanmatenga(kaya),soma peulh,burkina_faso,2009-11-01,-0.6087027186928067,3,1,1,hh,international,24,1,12.908479876971406,-1.077418868
1096,sanmatenga(kaya),soma peulh,burkina_faso,2009-11-01,-1.0951706386171938,10,1,1,hh,international,48,1,12.908479876971406,-1.077418868
1097,sanmatenga(kaya),soma peulh,burkina_faso,2009-11-02,-0.986153790874589,9,1,NA,hh,international,13,NA,12.908479876971406,-1.077418868
1098,sanmatenga(kaya),soma peulh,burkina_faso,2009-11-01,0.07524937978751542,25,2,NA,hh,international,12,NA,12.908479876971406,-1.077418868
1098,sanmatenga(kaya),soma peulh,burkina_faso,2009-11-01,0.07524937978751542,25,2,NA,hh,international,24,NA,12.908479876971406,-1.077418868
1099,sanmatenga(kaya),soma peulh,burkina_faso,2009-11-02,-0.5888814736486967,20,2,NA,hh,international,26,NA,12.908479876971406,-1.077418868
1099,sanmatenga(kaya),soma peulh,burkina_faso,2009-11-02,-0.5888814736486967,20,2,NA,hh,international,12,NA,12.908479876971406,-1.077418868
1100,sanmatenga(kaya),soma peulh,burkina_faso,2009-11-02,-0.940564927273136,11,2,1,hh,international,84,1,12.908479876971406,-1.077418868
1100,sanmatenga(kaya),soma peulh,burkina_faso,2009-11-02,-0.940564927273136,11,2,1,hh,international,24,NA,12.908479876971406,-1.077418868
1101,sanmatenga(kaya),soma peulh,burkina_faso,2009-11-02,-0.5987920961707518,10,1,NA,hh,international,114,NA,12.908479876971406,-1.077418868
1102,sanmatenga(kaya),soma peulh,burkina_faso,2009-11-02,-0.9299935965829442,10,2,1,hh,international,192,1,12.908479876971406,-1.077418868
1102,sanmatenga(kaya),soma peulh,burkina_faso,2009-11-02,-0.9299935965829442,10,2,1,hh,international,360,1,12.908479876971406,-1.077418868
1103,sanmatenga(kaya),soma peulh,burkina_faso,2009-11-02,-0.5822743919673268,10,2,1,hh,international,24,1,12.908479876971406,-1.077418868
1103,sanmatenga(kaya),soma peulh,burkina_faso,2009-11-02,-0.5822743919673268,10,2,1,hh,international,96,1,12.908479876971406,-1.077418868
1104,sanmatenga(kaya),soma peulh,burkina_faso,2009-11-01,-1.0951706386171938,10,1,NA,hh,international,19,NA,12.908479876971406,-1.077418868
1105,sanmatenga(kaya),soma peulh,burkina_faso,2009-11-01,-0.9258426393985659,19,4,NA,hh,international,12,NA,12.908479876971406,-1.077418868
1105,sanmatenga(kaya),soma peulh,burkina_faso,2009-11-01,-0.9258426393985659,19,4,NA,hh,international,14,NA,12.908479876971406,-1.077418868
1105,sanmatenga(kaya),soma peulh,burkina_faso,2009-11-01,-0.9258426393985659,19,4,NA,hh,international,8,NA,12.908479876971406,-1.077418868
1105,sanmatenga(kaya),soma peulh,burkina_faso,2009-11-01,-0.9258426393985659,19,4,NA,hh,international,24,NA,12.908479876971406,-1.077418868
1106,sanmatenga(kaya),soma peulh,burkina_faso,2009-11-01,-0.9450954975689327,17,1,NA,hh,international,96,NA,12.908479876971406,-1.077418868
1107,sanmatenga(kaya),soma peulh,burkina_faso,2009-11-01,-0.6384345862589718,27,2,NA,hh,international,108,NA,12.908479876971406,-1.077418868
1107,sanmatenga(kaya),soma peulh,burkina_faso,2009-11-01,-0.6384345862589718,27,2,NA,hh,international,108,NA,12.908479876971406,-1.077418868
1108,sanmatenga(kaya),tanseyga,burkina_faso,2009-10-21,2.2092705854045747,4,1,NA,hh,national,72,NA,13.096810194780764,-1.086335777
1109,sanmatenga(kaya),tanseyga,burkina_faso,2009-10-31,2.2158776670859446,10,1,NA,hh,national,73,NA,13.096810194780764,-1.086335777
1110,sanmatenga(kaya),tanseyga,burkina_faso,2009-10-31,-0.43624854054113793,15,2,NA,hh,national,96,NA,13.096810194780764,-1.086335777
1110,sanmatenga(kaya),tanseyga,burkina_faso,2009-10-31,-0.43624854054113793,15,2,NA,hh,national,60,NA,13.096810194780764,-1.086335777
1111,sanmatenga(kaya),tanseyga,burkina_faso,2009-10-31,-0.7860914499829099,9,3,1,hh,national,36,1,13.096810194780764,-1.086335777
1111,sanmatenga(kaya),tanseyga,burkina_faso,2009-10-31,-0.7860914499829099,9,3,1,hh,national,36,NA,13.096810194780764,-1.086335777
1111,sanmatenga(kaya),tanseyga,burkina_faso,2009-10-31,-0.7860914499829099,9,3,1,hh,national,72,NA,13.096810194780764,-1.086335777
1112,sanmatenga(kaya),tanseyga,burkina_faso,2009-10-31,-0.7811361387218825,10,1,1,hh,international,24,1,13.096810194780764,-1.086335777
1112,sanmatenga(kaya),tanseyga,burkina_faso,2009-10-31,-0.7811361387218825,10,1,1,non-hh,international,NA,1,13.096810194780764,-1.086335777
1115,sanmatenga(kaya),tanseyga,burkina_faso,2009-10-31,-0.9326364292554921,9,1,NA,hh,international,101,NA,13.096810194780764,-1.086335777
1116,sanmatenga(kaya),tanseyga,burkina_faso,2009-10-31,-0.9399042191049991,13,1,NA,hh,national,72,NA,13.096810194780764,-1.086335777
1117,sanmatenga(kaya),tanseyga,burkina_faso,2009-10-31,-0.7811361387218825,6,2,1,hh,international,72,NA,13.096810194780764,-1.086335777
1117,sanmatenga(kaya),tanseyga,burkina_faso,2009-10-31,-0.7811361387218825,6,2,1,hh,international,12,1,13.096810194780764,-1.086335777
1117,sanmatenga(kaya),tanseyga,burkina_faso,2009-10-31,-0.7811361387218825,6,2,1,non-hh,national,NA,1,13.096810194780764,-1.086335777
1119,sanmatenga(kaya),tanseyga,burkina_faso,2009-10-31,-0.9432077599456841,7,2,NA,hh,international,180,NA,13.096810194780764,-1.086335777
1119,sanmatenga(kaya),tanseyga,burkina_faso,2009-10-31,-0.9432077599456841,7,2,NA,hh,international,180,NA,13.096810194780764,-1.086335777
1120,sanmatenga(kaya),tanseyga,burkina_faso,2009-10-31,-0.9366006782643141,14,1,1,hh,national,156,NA,13.096810194780764,-1.086335777
1120,sanmatenga(kaya),tanseyga,burkina_faso,2009-10-31,-0.9366006782643141,14,1,1,non-hh,national,NA,1,13.096810194780764,-1.086335777
1121,sanmatenga(kaya),tanseyga,burkina_faso,2009-10-31,-0.44828286788934757,11,1,1,hh,international,120,1,13.096810194780764,-1.086335777
1122,sanmatenga(kaya),tanseyga,burkina_faso,2009-10-31,-0.9286721802466702,8,3,1,hh,international,72,NA,13.096810194780764,-1.086335777
1122,sanmatenga(kaya),tanseyga,burkina_faso,2009-10-31,-0.9286721802466702,8,3,1,hh,international,62,NA,13.096810194780764,-1.086335777
1122,sanmatenga(kaya),tanseyga,burkina_faso,2009-10-31,-0.9286721802466702,8,3,1,hh,international,180,NA,13.096810194780764,-1.086335777
1122,sanmatenga(kaya),tanseyga,burkina_faso,2009-10-31,-0.9286721802466702,8,3,1,non-hh,national,NA,1,13.096810194780764,-1.086335777
1123,sanmatenga(kaya),tanseyga,burkina_faso,2009-10-30,-0.9281058589596956,11,1,NA,hh,international,48,NA,13.096810194780764,-1.086335777
1125,sanmatenga(kaya),tanseyga,burkina_faso,2009-10-30,-0.7613148936777725,6,1,1,hh,national,84,NA,13.096810194780764,-1.086335777
1125,sanmatenga(kaya),tanseyga,burkina_faso,2009-10-30,-0.7613148936777725,6,1,1,non-hh,international,NA,1,13.096810194780764,-1.086335777
1126,sanmatenga(kaya),tanseyga,burkina_faso,2009-10-31,1.5495051592312326,5,1,NA,hh,national,24,NA,13.096810194780764,-1.086335777
1128,sanmatenga(kaya),tanseyga,burkina_faso,2009-10-31,-0.796002072504965,11,1,NA,hh,international,17,NA,13.096810194780764,-1.086335777
1129,sanmatenga(kaya),tanseyga,burkina_faso,2009-10-31,-0.5928457226575187,11,2,NA,hh,international,84,NA,13.096810194780764,-1.086335777
1129,sanmatenga(kaya),tanseyga,burkina_faso,2009-10-31,-0.5928457226575187,11,2,NA,hh,international,101,NA,13.096810194780764,-1.086335777
1134,sanmatenga(kaya),tanseyga,burkina_faso,2009-10-31,2.2026635037232047,7,1,1,hh,national,60,1,13.096810194780764,-1.086335777
1135,sanmatenga(kaya),yalgo,burkina_faso,2009-11-03,-0.5769887266222308,14,3,1,hh,international,129,1,13.588768431548557,-0.263956546
1135,sanmatenga(kaya),yalgo,burkina_faso,2009-11-03,-0.5769887266222308,14,3,1,hh,international,135,1,13.588768431548557,-0.263956546
1135,sanmatenga(kaya),yalgo,burkina_faso,2009-11-03,-0.5769887266222308,14,3,1,hh,international,18,NA,13.588768431548557,-0.263956546
1136,sanmatenga(kaya),yalgo,burkina_faso,2009-11-04,-0.9252742525248228,10,2,1,hh,national,33,NA,13.588768431548557,-0.263956546
1136,sanmatenga(kaya),yalgo,burkina_faso,2009-11-04,-0.9252742525248228,10,2,1,hh,national,61,1,13.588768431548557,-0.263956546
1136,sanmatenga(kaya),yalgo,burkina_faso,2009-11-04,-0.9252742525248228,10,2,1,non-hh,national,NA,1,13.588768431548557,-0.263956546
1137,sanmatenga(kaya),yalgo,burkina_faso,2009-11-03,-0.2277607596991119,10,1,1,hh,national,36,1,13.588768431548557,-0.263956546
1137,sanmatenga(kaya),yalgo,burkina_faso,2009-11-03,-0.2277607596991119,10,1,1,non-hh,international,NA,1,13.588768431548557,-0.263956546
1138,sanmatenga(kaya),yalgo,burkina_faso,2009-11-03,-0.9332971374236292,11,1,NA,hh,national,180,NA,13.588768431548557,-0.263956546
1139,sanmatenga(kaya),yalgo,burkina_faso,2009-11-03,-0.9445291762819581,12,1,1,hh,international,36,1,13.588768431548557,-0.263956546
1139,sanmatenga(kaya),yalgo,burkina_faso,2009-11-03,-0.9445291762819581,12,1,1,non-hh,national,NA,1,13.588768431548557,-0.263956546
1140,sanmatenga(kaya),yalgo,burkina_faso,2009-11-03,-0.5965050294348928,31,2,1,hh,international,12,1,13.588768431548557,-0.263956546
1140,sanmatenga(kaya),yalgo,burkina_faso,2009-11-03,-0.5965050294348928,31,2,1,hh,international,48,NA,13.588768431548557,-0.263956546
1141,sanmatenga(kaya),yalgo,burkina_faso,2009-11-04,-0.9299935965829442,5,1,NA,hh,international,36,NA,13.588768431548557,-0.263956546
1142,sanmatenga(kaya),yalgo,burkina_faso,2009-11-03,-0.9366006782643141,10,1,1,hh,national,157,1,13.588768431548557,-0.263956546
1143,sanmatenga(kaya),yalgo,burkina_faso,2009-11-04,-0.5726640913398795,13,1,1,hh,international,120,NA,13.588768431548557,-0.263956546
1143,sanmatenga(kaya),yalgo,burkina_faso,2009-11-04,-0.5726640913398795,13,1,1,non-hh,national,NA,1,13.588768431548557,-0.263956546
1144,sanmatenga(kaya),yalgo,burkina_faso,2009-11-04,-0.946511300786369,10,7,1,hh,international,24,1,13.588768431548557,-0.263956546
1144,sanmatenga(kaya),yalgo,burkina_faso,2009-11-04,-0.946511300786369,10,7,1,hh,international,120,1,13.588768431548557,-0.263956546
1144,sanmatenga(kaya),yalgo,burkina_faso,2009-11-04,-0.946511300786369,10,7,1,hh,international,24,1,13.588768431548557,-0.263956546
1144,sanmatenga(kaya),yalgo,burkina_faso,2009-11-04,-0.946511300786369,10,7,1,hh,international,120,1,13.588768431548557,-0.263956546
1144,sanmatenga(kaya),yalgo,burkina_faso,2009-11-04,-0.946511300786369,10,7,1,hh,international,36,1,13.588768431548557,-0.263956546
1144,sanmatenga(kaya),yalgo,burkina_faso,2009-11-04,-0.946511300786369,10,7,1,hh,international,24,1,13.588768431548557,-0.263956546
1144,sanmatenga(kaya),yalgo,burkina_faso,2009-11-04,-0.946511300786369,10,7,1,hh,international,120,1,13.588768431548557,-0.263956546
1144,sanmatenga(kaya),yalgo,burkina_faso,2009-11-04,-0.946511300786369,10,7,1,non-hh,national,NA,1,13.588768431548557,-0.263956546
1145,sanmatenga(kaya),yalgo,burkina_faso,2009-11-04,-0.5778696708464134,13,1,1,hh,international,120,NA,13.588768431548557,-0.263956546
1145,sanmatenga(kaya),yalgo,burkina_faso,2009-11-04,-0.5778696708464134,13,1,1,non-hh,international,NA,1,13.588768431548557,-0.263956546
1146,sanmatenga(kaya),yalgo,burkina_faso,2009-11-03,-0.6058711122579339,20,1,1,hh,national,24,1,13.588768431548557,-0.263956546
1146,sanmatenga(kaya),yalgo,burkina_faso,2009-11-03,-0.6058711122579339,20,1,1,non-hh,international,NA,1,13.588768431548557,-0.263956546
1147,sanmatenga(kaya),yalgo,burkina_faso,2009-11-03,0.15877504979455415,11,2,1,hh,national,38,NA,13.588768431548557,-0.263956546
1147,sanmatenga(kaya),yalgo,burkina_faso,2009-11-03,0.15877504979455415,11,2,1,hh,national,84,1,13.588768431548557,-0.263956546
1148,sanmatenga(kaya),yalgo,burkina_faso,2009-11-04,-0.9139478267853314,6,1,1,hh,national,84,1,13.588768431548557,-0.263956546
1148,sanmatenga(kaya),yalgo,burkina_faso,2009-11-04,-0.9139478267853314,6,1,1,non-hh,international,NA,1,13.588768431548557,-0.263956546
1149,sanmatenga(kaya),yalgo,burkina_faso,2009-11-04,-0.9277912360224876,14,2,1,hh,national,12,1,13.588768431548557,-0.263956546
1149,sanmatenga(kaya),yalgo,burkina_faso,2009-11-04,-0.9277912360224876,14,2,1,hh,national,13,NA,13.588768431548557,-0.263956546
1150,sanmatenga(kaya),yalgo,burkina_faso,2009-11-04,-0.9233865149015741,8,1,1,hh,national,109,1,13.588768431548557,-0.263956546
1151,sanmatenga(kaya),yalgo,burkina_faso,2009-11-04,-0.9244876951818024,25,2,1,hh,international,13,1,13.588768431548557,-0.263956546
1151,sanmatenga(kaya),yalgo,burkina_faso,2009-11-04,-0.9244876951818024,25,2,1,hh,international,13,1,13.588768431548557,-0.263956546
1152,sanmatenga(kaya),yalgo,burkina_faso,2009-11-03,-0.926690055742259,9,1,1,hh,international,121,1,13.588768431548557,-0.263956546
1162,sanmatenga(kaya),zoamba,burkina_faso,2009-11-02,-0.9432077599456841,7,1,1,hh,national,36,1,12.76667,-0.83333
1163,sanmatenga(kaya),zoamba,burkina_faso,2009-11-01,-0.926690055742259,12,2,1,hh,national,258,1,12.76667,-0.83333
1163,sanmatenga(kaya),zoamba,burkina_faso,2009-11-01,-0.926690055742259,12,2,1,hh,national,86,1,12.76667,-0.83333
1164,sanmatenga(kaya),zoamba,burkina_faso,2009-11-01,-0.9564219233084241,6,1,1,hh,national,36,1,12.76667,-0.83333
1169,sanmatenga(kaya),zoamba,burkina_faso,2009-11-01,-0.42775372123651934,12,2,1,hh,international,240,NA,12.76667,-0.83333
1169,sanmatenga(kaya),zoamba,burkina_faso,2009-11-01,-0.42775372123651934,12,2,1,hh,international,600,1,12.76667,-0.83333
1169,sanmatenga(kaya),zoamba,burkina_faso,2009-11-01,-0.42775372123651934,12,2,1,non-hh,international,NA,1,12.76667,-0.83333
1170,sanmatenga(kaya),zoamba,burkina_faso,2009-11-01,-0.5844767525277834,16,1,1,hh,national,89,1,12.76667,-0.83333
1171,sanmatenga(kaya),zoamba,burkina_faso,2009-11-01,-0.9309374653945683,12,1,NA,hh,national,48,NA,12.76667,-0.83333
1172,sanmatenga(kaya),zoamba,burkina_faso,2009-11-01,-0.9233865149015741,8,1,1,hh,national,84,1,12.76667,-0.83333
1173,sanmatenga(kaya),zoamba,burkina_faso,2009-11-01,-0.9564219233084241,9,1,1,hh,international,96,1,12.76667,-0.83333
1174,sanmatenga(kaya),zoamba,burkina_faso,2009-11-01,-0.9217347444812316,10,2,NA,hh,international,180,NA,12.76667,-0.83333
1174,sanmatenga(kaya),zoamba,burkina_faso,2009-11-01,-0.9217347444812316,10,2,NA,hh,international,48,NA,12.76667,-0.83333
1175,sanmatenga(kaya),zoamba,burkina_faso,2009-11-02,-0.946511300786369,10,1,NA,hh,international,60,NA,12.76667,-0.83333
1177,sanmatenga(kaya),zoamba,burkina_faso,2009-11-01,-0.9277912360224876,14,3,NA,hh,international,204,NA,12.76667,-0.83333
1177,sanmatenga(kaya),zoamba,burkina_faso,2009-11-01,-0.9277912360224876,14,3,NA,hh,international,48,NA,12.76667,-0.83333
1177,sanmatenga(kaya),zoamba,burkina_faso,2009-11-01,-0.9277912360224876,14,3,NA,hh,international,240,NA,12.76667,-0.83333
1178,sanmatenga(kaya),zoamba,burkina_faso,2009-11-01,1.7318699599049563,8,1,1,hh,international,240,1,12.76667,-0.83333
1180,sanmatenga(kaya),zoamba,burkina_faso,2009-11-01,1.5650789946230332,12,2,1,hh,international,120,1,12.76667,-0.83333
1180,sanmatenga(kaya),zoamba,burkina_faso,2009-11-01,1.5650789946230332,12,2,1,hh,international,12,1,12.76667,-0.83333
1181,sanmatenga(kaya),zoamba,burkina_faso,2009-11-01,-0.946511300786369,10,1,1,hh,national,30,1,12.76667,-0.83333
1182,sanmatenga(kaya),zoamba,burkina_faso,2009-11-01,-0.2041640394085048,15,1,NA,hh,international,12,NA,12.76667,-0.83333
1183,sanmatenga(kaya),zoamba,burkina_faso,2009-11-01,-0.4215241870797991,7,1,1,hh,international,72,NA,12.76667,-0.83333
1183,sanmatenga(kaya),zoamba,burkina_faso,2009-11-01,-0.4215241870797991,7,1,1,non-hh,international,NA,1,12.76667,-0.83333
1183,sanmatenga(kaya),zoamba,burkina_faso,2009-11-01,-0.4215241870797991,7,1,1,non-hh,national,NA,1,12.76667,-0.83333
1184,sanmatenga(kaya),zoamba,burkina_faso,2009-11-01,-0.9415559895253416,9,2,NA,hh,international,93,NA,12.76667,-0.83333
1184,sanmatenga(kaya),zoamba,burkina_faso,2009-11-01,-0.9415559895253416,9,2,NA,hh,international,15,NA,12.76667,-0.83333
1189,boulkiemdé(koudougou),kokolo,burkina_faso,2009-10-31,0.61457632270367335,13,14,1,hh,international,84,NA,11.496635114800164,-4.722468305
1189,boulkiemdé(koudougou),kokolo,burkina_faso,2009-10-31,0.61457632270367335,13,14,1,hh,international,120,NA,11.496635114800164,-4.722468305
1189,boulkiemdé(koudougou),kokolo,burkina_faso,2009-10-31,0.61457632270367335,13,14,1,hh,international,120,NA,11.496635114800164,-4.722468305
1189,boulkiemdé(koudougou),kokolo,burkina_faso,2009-10-31,0.61457632270367335,13,14,1,hh,international,120,NA,11.496635114800164,-4.722468305
1189,boulkiemdé(koudougou),kokolo,burkina_faso,2009-10-31,0.61457632270367335,13,14,1,hh,international,84,NA,11.496635114800164,-4.722468305
1189,boulkiemdé(koudougou),kokolo,burkina_faso,2009-10-31,0.61457632270367335,13,14,1,hh,international,96,NA,11.496635114800164,-4.722468305
1189,boulkiemdé(koudougou),kokolo,burkina_faso,2009-10-31,0.61457632270367335,13,14,1,hh,international,120,NA,11.496635114800164,-4.722468305
1189,boulkiemdé(koudougou),kokolo,burkina_faso,2009-10-31,0.61457632270367335,13,14,1,hh,international,36,NA,11.496635114800164,-4.722468305
1189,boulkiemdé(koudougou),kokolo,burkina_faso,2009-10-31,0.61457632270367335,13,14,1,hh,international,120,NA,11.496635114800164,-4.722468305
1189,boulkiemdé(koudougou),kokolo,burkina_faso,2009-10-31,0.61457632270367335,13,14,1,hh,international,96,NA,11.496635114800164,-4.722468305
1189,boulkiemdé(koudougou),kokolo,burkina_faso,2009-10-31,0.61457632270367335,13,14,1,hh,international,60,NA,11.496635114800164,-4.722468305
1189,boulkiemdé(koudougou),kokolo,burkina_faso,2009-10-31,0.61457632270367335,13,14,1,hh,international,120,NA,11.496635114800164,-4.722468305
1189,boulkiemdé(koudougou),kokolo,burkina_faso,2009-10-31,0.61457632270367335,13,14,1,hh,international,120,1,11.496635114800164,-4.722468305
1189,boulkiemdé(koudougou),kokolo,burkina_faso,2009-10-31,0.61457632270367335,13,14,1,hh,international,12,NA,11.496635114800164,-4.722468305
1189,boulkiemdé(koudougou),kokolo,burkina_faso,2009-10-31,0.61457632270367335,13,14,1,non-hh,international,NA,1,11.496635114800164,-4.722468305
1189,boulkiemdé(koudougou),kokolo,burkina_faso,2009-10-31,0.61457632270367335,13,14,1,non-hh,international,NA,1,11.496635114800164,-4.722468305
1190,boulkiemdé(koudougou),kokolo,burkina_faso,2009-10-31,-0.9390783338948279,17,1,NA,hh,international,36,NA,11.496635114800164,-4.722468305
1191,boulkiemdé(koudougou),kokolo,burkina_faso,2009-10-31,-0.7712255161998274,9,3,1,hh,international,204,1,11.496635114800164,-4.722468305
1191,boulkiemdé(koudougou),kokolo,burkina_faso,2009-10-31,-0.7712255161998274,9,3,1,hh,international,288,1,11.496635114800164,-4.722468305
1191,boulkiemdé(koudougou),kokolo,burkina_faso,2009-10-31,-0.7712255161998274,9,3,1,hh,international,120,1,11.496635114800164,-4.722468305
1192,boulkiemdé(koudougou),kokolo,burkina_faso,2009-10-31,-0.7877432204032524,7,1,1,hh,international,120,1,11.496635114800164,-4.722468305
1192,boulkiemdé(koudougou),kokolo,burkina_faso,2009-10-31,-0.7877432204032524,7,1,1,non-hh,international,NA,1,11.496635114800164,-4.722468305
1193,boulkiemdé(koudougou),kokolo,burkina_faso,2009-10-31,-0.4202027707435251,4,1,1,hh,international,14,1,11.496635114800164,-4.722468305
1194,boulkiemdé(koudougou),kokolo,burkina_faso,2009-10-31,-0.9397060990747621,10,4,1,hh,international,36,NA,11.496635114800164,-4.722468305
1194,boulkiemdé(koudougou),kokolo,burkina_faso,2009-10-31,-0.9397060990747621,10,4,1,hh,international,36,1,11.496635114800164,-4.722468305
1194,boulkiemdé(koudougou),kokolo,burkina_faso,2009-10-31,-0.9397060990747621,10,4,1,hh,international,24,NA,11.496635114800164,-4.722468305
1194,boulkiemdé(koudougou),kokolo,burkina_faso,2009-10-31,-0.9397060990747621,10,4,1,hh,international,24,NA,11.496635114800164,-4.722468305
1195,boulkiemdé(koudougou),kokolo,burkina_faso,2009-10-31,-0.9564219233084241,9,5,NA,hh,international,67,NA,11.496635114800164,-4.722468305
1195,boulkiemdé(koudougou),kokolo,burkina_faso,2009-10-31,-0.9564219233084241,9,5,NA,hh,international,42,NA,11.496635114800164,-4.722468305
1195,boulkiemdé(koudougou),kokolo,burkina_faso,2009-10-31,-0.9564219233084241,9,5,NA,hh,international,38,NA,11.496635114800164,-4.722468305
1195,boulkiemdé(koudougou),kokolo,burkina_faso,2009-10-31,-0.9564219233084241,9,5,NA,hh,international,13,NA,11.496635114800164,-4.722468305
1195,boulkiemdé(koudougou),kokolo,burkina_faso,2009-10-31,-0.9564219233084241,9,5,NA,hh,international,69,NA,11.496635114800164,-4.722468305
1196,boulkiemdé(koudougou),kokolo,burkina_faso,2009-10-31,-0.9217347444812316,5,1,NA,hh,international,210,NA,11.496635114800164,-4.722468305
1197,boulkiemdé(koudougou),kokolo,burkina_faso,2009-10-31,-0.7877432204032524,7,1,NA,hh,international,66,NA,11.496635114800164,-4.722468305
1198,boulkiemdé(koudougou),kokolo,burkina_faso,2009-10-31,-0.7811361387218825,4,1,NA,hh,national,48,NA,11.496635114800164,-4.722468305
1199,boulkiemdé(koudougou),kokolo,burkina_faso,2009-10-31,-0.7771718897130604,9,1,1,hh,national,72,NA,11.496635114800164,-4.722468305
1199,boulkiemdé(koudougou),kokolo,burkina_faso,2009-10-31,-0.7771718897130604,9,1,1,non-hh,international,NA,1,11.496635114800164,-4.722468305
1200,boulkiemdé(koudougou),kokolo,burkina_faso,2009-10-31,-0.6118081395032546,11,1,1,hh,national,192,1,11.496635114800164,-4.722468305
1201,boulkiemdé(koudougou),kokolo,burkina_faso,2009-10-31,1.6355953411192794,6,1,1,hh,national,204,1,11.496635114800164,-4.722468305
1202,boulkiemdé(koudougou),kokolo,burkina_faso,2009-10-31,-0.7679219753591424,4,1,1,hh,national,86,NA,11.496635114800164,-4.722468305
1202,boulkiemdé(koudougou),kokolo,burkina_faso,2009-10-31,-0.7679219753591424,4,1,1,non-hh,international,NA,1,11.496635114800164,-4.722468305
1203,boulkiemdé(koudougou),kokolo,burkina_faso,2009-10-31,-0.9397060990747621,10,1,1,hh,national,156,1,11.496635114800164,-4.722468305
1204,boulkiemdé(koudougou),kokolo,burkina_faso,2009-10-31,-0.949814841627054,8,2,NA,hh,national,18,NA,11.496635114800164,-4.722468305
1204,boulkiemdé(koudougou),kokolo,burkina_faso,2009-10-31,-0.949814841627054,8,2,NA,hh,national,18,NA,11.496635114800164,-4.722468305
1205,boulkiemdé(koudougou),kokolo,burkina_faso,2009-10-31,-0.7662702049387999,5,1,1,hh,national,122,1,11.496635114800164,-4.722468305
1206,boulkiemdé(koudougou),kokolo,burkina_faso,2009-10-31,-0.21124305549568695,5,1,NA,hh,national,28,NA,11.496635114800164,-4.722468305
1225,boulkiemdé(koudougou),koudougou secteur 9,burkina_faso,2009-11-11,6.852136160028382,5,1,NA,hh,international,73,NA,12.256472130225339,-2.351748273
1226,boulkiemdé(koudougou),koudougou secteur 9,burkina_faso,2009-11-11,12.04516371664816,5,1,1,hh,international,59,1,12.256472130225339,-2.351748273
1226,boulkiemdé(koudougou),koudougou secteur 9,burkina_faso,2009-11-11,12.04516371664816,5,1,1,non-hh,national,NA,1,12.256472130225339,-2.351748273
1227,boulkiemdé(koudougou),koudougou secteur 9,burkina_faso,2009-11-11,7.229353814019525,3,1,NA,hh,international,NA,NA,12.256472130225339,-2.351748273
1228,boulkiemdé(koudougou),koudougou secteur 9,burkina_faso,2009-11-11,7.714164453929242,10,1,1,hh,international,135,1,12.256472130225339,-2.351748273
1228,boulkiemdé(koudougou),koudougou secteur 9,burkina_faso,2009-11-11,7.714164453929242,10,1,1,non-hh,national,NA,1,12.256472130225339,-2.351748273
1228,boulkiemdé(koudougou),koudougou secteur 9,burkina_faso,2009-11-11,7.714164453929242,10,1,1,non-hh,national,NA,1,12.256472130225339,-2.351748273
1228,boulkiemdé(koudougou),koudougou secteur 9,burkina_faso,2009-11-11,7.714164453929242,10,1,1,non-hh,international,NA,1,12.256472130225339,-2.351748273
1229,boulkiemdé(koudougou),koudougou secteur 9,burkina_faso,2009-11-11,7.720771535610612,5,2,NA,hh,international,362,NA,12.256472130225339,-2.351748273
1229,boulkiemdé(koudougou),koudougou secteur 9,burkina_faso,2009-11-11,7.720771535610612,5,2,NA,hh,international,26,NA,12.256472130225339,-2.351748273
1230,boulkiemdé(koudougou),koudougou secteur 9,burkina_faso,2009-11-11,9.715459651515072,6,1,NA,hh,international,26,NA,12.256472130225339,-2.351748273
1231,boulkiemdé(koudougou),koudougou secteur 9,burkina_faso,2009-11-11,5.224755075593012,10,1,1,hh,international,26,1,12.256472130225339,-2.351748273
1231,boulkiemdé(koudougou),koudougou secteur 9,burkina_faso,2009-11-11,5.224755075593012,10,1,1,non-hh,national,NA,1,12.256472130225339,-2.351748273
1232,boulkiemdé(koudougou),koudougou secteur 9,burkina_faso,2009-11-11,0.33603335571220394,5,1,1,hh,international,85,1,12.256472130225339,-2.351748273
1232,boulkiemdé(koudougou),koudougou secteur 9,burkina_faso,2009-11-11,0.33603335571220394,5,1,1,non-hh,international,NA,1,12.256472130225339,-2.351748273
1233,boulkiemdé(koudougou),koudougou secteur 9,burkina_faso,2009-11-11,8.517025470692708,13,1,1,hh,international,241,1,12.256472130225339,-2.351748273
1234,boulkiemdé(koudougou),koudougou secteur 9,burkina_faso,2009-11-11,8.995057340007472,5,2,NA,hh,national,61,NA,12.256472130225339,-2.351748273
1234,boulkiemdé(koudougou),koudougou secteur 9,burkina_faso,2009-11-11,8.995057340007472,5,2,NA,hh,national,129,NA,12.256472130225339,-2.351748273
1235,boulkiemdé(koudougou),koudougou secteur 9,burkina_faso,2009-11-11,3.001910903661775,10,1,NA,hh,national,131,NA,12.256472130225339,-2.351748273
1236,boulkiemdé(koudougou),koudougou secteur 9,burkina_faso,2009-11-11,7.704253831407187,10,2,1,hh,national,13,NA,12.256472130225339,-2.351748273
1236,boulkiemdé(koudougou),koudougou secteur 9,burkina_faso,2009-11-11,7.704253831407187,10,2,1,hh,national,124,1,12.256472130225339,-2.351748273
1236,boulkiemdé(koudougou),koudougou secteur 9,burkina_faso,2009-11-11,7.704253831407187,10,2,1,non-hh,national,NA,1,12.256472130225339,-2.351748273
1237,boulkiemdé(koudougou),koudougou secteur 9,burkina_faso,2009-11-11,9.0000126512685,3,1,NA,hh,national,13,NA,12.256472130225339,-2.351748273
1238,boulkiemdé(koudougou),koudougou secteur 9,burkina_faso,2009-11-11,3.1797690203454225,5,1,1,hh,national,14,1,12.256472130225339,-2.351748273
1238,boulkiemdé(koudougou),koudougou secteur 9,burkina_faso,2009-11-11,3.1797690203454225,5,1,1,non-hh,national,NA,1,12.256472130225339,-2.351748273
1239,boulkiemdé(koudougou),koudougou secteur 9,burkina_faso,2009-11-11,11.051032650378186,4,4,1,hh,national,30,1,12.256472130225339,-2.351748273
1239,boulkiemdé(koudougou),koudougou secteur 9,burkina_faso,2009-11-11,11.051032650378186,4,4,1,hh,national,125,1,12.256472130225339,-2.351748273
1239,boulkiemdé(koudougou),koudougou secteur 9,burkina_faso,2009-11-11,11.051032650378186,4,4,1,hh,national,155,1,12.256472130225339,-2.351748273
1239,boulkiemdé(koudougou),koudougou secteur 9,burkina_faso,2009-11-11,11.051032650378186,4,4,1,hh,national,130,1,12.256472130225339,-2.351748273
1240,boulkiemdé(koudougou),koudougou secteur 9,burkina_faso,2009-11-11,0.5047120586173754,2,1,1,hh,national,27,1,12.256472130225339,-2.351748273
1240,boulkiemdé(koudougou),koudougou secteur 9,burkina_faso,2009-11-11,0.5047120586173754,2,1,1,non-hh,national,NA,1,12.256472130225339,-2.351748273
1241,boulkiemdé(koudougou),koudougou secteur 9,burkina_faso,2009-11-11,0.4782837318918956,7,1,1,hh,national,15,1,12.256472130225339,-2.351748273
1242,boulkiemdé(koudougou),koudougou secteur 9,burkina_faso,2009-11-11,1.0746051418435707,3,1,1,hh,national,38,1,12.256472130225339,-2.351748273
1242,boulkiemdé(koudougou),koudougou secteur 9,burkina_faso,2009-11-11,1.0746051418435707,3,1,1,non-hh,national,NA,1,12.256472130225339,-2.351748273
1244,boulkiemdé(koudougou),nadiolo,burkina_faso,2009-11-05,-0.7679219753591424,4,4,1,hh,international,246,NA,12.09379722026458,-2.452068613
1244,boulkiemdé(koudougou),nadiolo,burkina_faso,2009-11-05,-0.7679219753591424,4,4,1,hh,international,43,NA,12.09379722026458,-2.452068613
1244,boulkiemdé(koudougou),nadiolo,burkina_faso,2009-11-05,-0.7679219753591424,4,4,1,hh,international,43,1,12.09379722026458,-2.452068613
1244,boulkiemdé(koudougou),nadiolo,burkina_faso,2009-11-05,-0.7679219753591424,4,4,1,hh,international,62,NA,12.09379722026458,-2.452068613
1245,boulkiemdé(koudougou),nadiolo,burkina_faso,2009-11-05,1.6831663292251433,18,4,1,hh,international,189,1,12.09379722026458,-2.452068613
1245,boulkiemdé(koudougou),nadiolo,burkina_faso,2009-11-05,1.6831663292251433,18,4,1,hh,international,30,1,12.09379722026458,-2.452068613
1245,boulkiemdé(koudougou),nadiolo,burkina_faso,2009-11-05,1.6831663292251433,18,4,1,hh,international,189,1,12.09379722026458,-2.452068613
1245,boulkiemdé(koudougou),nadiolo,burkina_faso,2009-11-05,1.6831663292251433,18,4,1,hh,international,189,1,12.09379722026458,-2.452068613
1246,boulkiemdé(koudougou),nadiolo,burkina_faso,2009-11-05,-0.3004386581941817,7,3,1,hh,international,96,NA,12.09379722026458,-2.452068613
1246,boulkiemdé(koudougou),nadiolo,burkina_faso,2009-11-05,-0.3004386581941817,7,3,1,hh,international,132,1,12.09379722026458,-2.452068613
1246,boulkiemdé(koudougou),nadiolo,burkina_faso,2009-11-05,-0.3004386581941817,7,3,1,hh,international,23,NA,12.09379722026458,-2.452068613
1248,boulkiemdé(koudougou),nadiolo,burkina_faso,2009-11-05,-0.986153790874589,9,2,1,hh,national,48,NA,12.09379722026458,-2.452068613
1248,boulkiemdé(koudougou),nadiolo,burkina_faso,2009-11-05,-0.986153790874589,9,2,1,hh,national,14,1,12.09379722026458,-2.452068613
1249,boulkiemdé(koudougou),nadiolo,burkina_faso,2009-11-05,-0.7811361387218825,8,3,1,hh,international,122,NA,12.09379722026458,-2.452068613
1249,boulkiemdé(koudougou),nadiolo,burkina_faso,2009-11-05,-0.7811361387218825,8,3,1,hh,international,175,NA,12.09379722026458,-2.452068613
1249,boulkiemdé(koudougou),nadiolo,burkina_faso,2009-11-05,-0.7811361387218825,8,3,1,hh,international,26,1,12.09379722026458,-2.452068613
1249,boulkiemdé(koudougou),nadiolo,burkina_faso,2009-11-05,-0.7811361387218825,8,3,1,non-hh,national,NA,1,12.09379722026458,-2.452068613
1252,boulkiemdé(koudougou),nadiolo,burkina_faso,2009-11-05,1.7099250100346917,9,2,NA,hh,national,57,NA,12.09379722026458,-2.452068613
1252,boulkiemdé(koudougou),nadiolo,burkina_faso,2009-11-05,1.7099250100346917,9,2,NA,hh,national,33,NA,12.09379722026458,-2.452068613
1253,boulkiemdé(koudougou),nadiolo,burkina_faso,2009-11-05,2.7264729605807427,16,3,1,hh,international,44,1,12.09379722026458,-2.452068613
1253,boulkiemdé(koudougou),nadiolo,burkina_faso,2009-11-05,2.7264729605807427,16,3,1,hh,international,44,1,12.09379722026458,-2.452068613
1253,boulkiemdé(koudougou),nadiolo,burkina_faso,2009-11-05,2.7264729605807427,16,3,1,hh,international,56,1,12.09379722026458,-2.452068613
1253,boulkiemdé(koudougou),nadiolo,burkina_faso,2009-11-05,2.7264729605807427,16,3,1,non-hh,national,NA,1,12.09379722026458,-2.452068613
1254,boulkiemdé(koudougou),nadiolo,burkina_faso,2009-11-05,2.0844028954598577,9,9,1,hh,international,250,1,12.09379722026458,-2.452068613
1254,boulkiemdé(koudougou),nadiolo,burkina_faso,2009-11-05,2.0844028954598577,9,9,1,hh,international,34,1,12.09379722026458,-2.452068613
1254,boulkiemdé(koudougou),nadiolo,burkina_faso,2009-11-05,2.0844028954598577,9,9,1,hh,international,250,NA,12.09379722026458,-2.452068613
1254,boulkiemdé(koudougou),nadiolo,burkina_faso,2009-11-05,2.0844028954598577,9,9,1,hh,international,63,NA,12.09379722026458,-2.452068613
1254,boulkiemdé(koudougou),nadiolo,burkina_faso,2009-11-05,2.0844028954598577,9,9,1,hh,international,26,1,12.09379722026458,-2.452068613
1254,boulkiemdé(koudougou),nadiolo,burkina_faso,2009-11-05,2.0844028954598577,9,9,1,hh,international,91,1,12.09379722026458,-2.452068613
1254,boulkiemdé(koudougou),nadiolo,burkina_faso,2009-11-05,2.0844028954598577,9,9,1,hh,international,62,1,12.09379722026458,-2.452068613
1254,boulkiemdé(koudougou),nadiolo,burkina_faso,2009-11-05,2.0844028954598577,9,9,1,hh,international,308,NA,12.09379722026458,-2.452068613
1254,boulkiemdé(koudougou),nadiolo,burkina_faso,2009-11-05,2.0844028954598577,9,9,1,hh,international,26,NA,12.09379722026458,-2.452068613
1254,boulkiemdé(koudougou),nadiolo,burkina_faso,2009-11-05,2.0844028954598577,9,9,1,non-hh,national,NA,1,12.09379722026458,-2.452068613
1255,boulkiemdé(koudougou),nadiolo,burkina_faso,2009-11-05,-1.025796280962809,13,1,1,hh,international,122,1,12.09379722026458,-2.452068613
1256,boulkiemdé(koudougou),nadiolo,burkina_faso,2009-11-05,-0.7877432204032524,7,1,NA,hh,national,46,NA,12.09379722026458,-2.452068613
1257,boulkiemdé(koudougou),nadiolo,burkina_faso,2009-11-04,-0.9397060990747621,20,2,1,hh,international,98,1,12.09379722026458,-2.452068613
1257,boulkiemdé(koudougou),nadiolo,burkina_faso,2009-11-04,-0.9397060990747621,20,2,1,hh,international,46,1,12.09379722026458,-2.452068613
1258,boulkiemdé(koudougou),nadiolo,burkina_faso,2009-11-05,-0.50279129176064985,11,3,1,hh,national,84,1,12.09379722026458,-2.452068613
1258,boulkiemdé(koudougou),nadiolo,burkina_faso,2009-11-05,-0.50279129176064985,11,3,1,hh,national,36,1,12.09379722026458,-2.452068613
1258,boulkiemdé(koudougou),nadiolo,burkina_faso,2009-11-05,-0.50279129176064985,11,3,1,hh,national,36,NA,12.09379722026458,-2.452068613
1260,boulkiemdé(koudougou),nadiolo,burkina_faso,2009-11-05,1.6620236678447593,14,1,NA,hh,international,240,NA,12.09379722026458,-2.452068613
1262,boulkiemdé(koudougou),nadiolo,burkina_faso,2009-11-05,0.6432405268893862,13,1,1,hh,national,82,1,12.09379722026458,-2.452068613
1265,boulkiemdé(koudougou),nadiolo,burkina_faso,2009-11-04,-0.7771718897130604,9,1,NA,hh,international,120,NA,12.09379722026458,-2.452068613
1267,boulkiemdé(koudougou),nadiolo,burkina_faso,2009-11-05,-0.8009573837659925,6,1,1,hh,national,50,1,12.09379722026458,-2.452068613
1268,boulkiemdé(koudougou),nadiolo,burkina_faso,2009-11-05,-0.41524745948249764,13,3,NA,hh,national,39,NA,12.09379722026458,-2.452068613
1268,boulkiemdé(koudougou),nadiolo,burkina_faso,2009-11-05,-0.41524745948249764,13,3,NA,hh,national,14,NA,12.09379722026458,-2.452068613
1268,boulkiemdé(koudougou),nadiolo,burkina_faso,2009-11-05,-0.41524745948249764,13,3,NA,hh,national,110,NA,12.09379722026458,-2.452068613
1278,boulkiemdé(koudougou),sabou secteur 1,burkina_faso,2009-11-08,6.614382207048796,9,4,1,hh,national,300,1,12.060137347471333,-2.225975945
1278,boulkiemdé(koudougou),sabou secteur 1,burkina_faso,2009-11-08,6.614382207048796,9,4,1,hh,national,120,1,12.060137347471333,-2.225975945
1278,boulkiemdé(koudougou),sabou secteur 1,burkina_faso,2009-11-08,6.614382207048796,9,4,1,hh,national,192,1,12.060137347471333,-2.225975945
1278,boulkiemdé(koudougou),sabou secteur 1,burkina_faso,2009-11-08,6.614382207048796,9,4,1,hh,national,276,1,12.060137347471333,-2.225975945
1278,boulkiemdé(koudougou),sabou secteur 1,burkina_faso,2009-11-08,6.614382207048796,9,4,1,non-hh,national,NA,1,12.060137347471333,-2.225975945
1278,boulkiemdé(koudougou),sabou secteur 1,burkina_faso,2009-11-08,6.614382207048796,9,4,1,non-hh,international,NA,1,12.060137347471333,-2.225975945
1278,boulkiemdé(koudougou),sabou secteur 1,burkina_faso,2009-11-08,6.614382207048796,9,4,1,non-hh,international,NA,1,12.060137347471333,-2.225975945
1278,boulkiemdé(koudougou),sabou secteur 1,burkina_faso,2009-11-08,6.614382207048796,9,4,1,non-hh,national,NA,1,12.060137347471333,-2.225975945
1278,boulkiemdé(koudougou),sabou secteur 1,burkina_faso,2009-11-08,6.614382207048796,9,4,1,non-hh,national,NA,1,12.060137347471333,-2.225975945
1278,boulkiemdé(koudougou),sabou secteur 1,burkina_faso,2009-11-08,6.614382207048796,9,4,1,non-hh,national,NA,1,12.060137347471333,-2.225975945
1278,boulkiemdé(koudougou),sabou secteur 1,burkina_faso,2009-11-08,6.614382207048796,9,4,1,non-hh,international,NA,1,12.060137347471333,-2.225975945
1278,boulkiemdé(koudougou),sabou secteur 1,burkina_faso,2009-11-08,6.614382207048796,9,4,1,non-hh,national,NA,1,12.060137347471333,-2.225975945
1278,boulkiemdé(koudougou),sabou secteur 1,burkina_faso,2009-11-08,6.614382207048796,9,4,1,non-hh,national,NA,1,12.060137347471333,-2.225975945
1278,boulkiemdé(koudougou),sabou secteur 1,burkina_faso,2009-11-08,6.614382207048796,9,4,1,non-hh,national,NA,1,12.060137347471333,-2.225975945
1278,boulkiemdé(koudougou),sabou secteur 1,burkina_faso,2009-11-08,6.614382207048796,9,4,1,non-hh,international,NA,1,12.060137347471333,-2.225975945
1278,boulkiemdé(koudougou),sabou secteur 1,burkina_faso,2009-11-08,6.614382207048796,9,4,1,non-hh,national,NA,1,12.060137347471333,-2.225975945
1278,boulkiemdé(koudougou),sabou secteur 1,burkina_faso,2009-11-08,6.614382207048796,9,4,1,non-hh,international,NA,1,12.060137347471333,-2.225975945
1280,boulkiemdé(koudougou),sabou secteur 1,burkina_faso,2009-11-08,2.5055888891362095,4,1,1,hh,national,2,NA,12.060137347471333,-2.225975945
1280,boulkiemdé(koudougou),sabou secteur 1,burkina_faso,2009-11-08,2.5055888891362095,4,1,1,non-hh,national,NA,1,12.060137347471333,-2.225975945
1280,boulkiemdé(koudougou),sabou secteur 1,burkina_faso,2009-11-08,2.5055888891362095,4,1,1,non-hh,national,NA,1,12.060137347471333,-2.225975945
1280,boulkiemdé(koudougou),sabou secteur 1,burkina_faso,2009-11-08,2.5055888891362095,4,1,1,non-hh,national,NA,1,12.060137347471333,-2.225975945
1280,boulkiemdé(koudougou),sabou secteur 1,burkina_faso,2009-11-08,2.5055888891362095,4,1,1,non-hh,national,NA,1,12.060137347471333,-2.225975945
1280,boulkiemdé(koudougou),sabou secteur 1,burkina_faso,2009-11-08,2.5055888891362095,4,1,1,non-hh,national,NA,1,12.060137347471333,-2.225975945
1280,boulkiemdé(koudougou),sabou secteur 1,burkina_faso,2009-11-08,2.5055888891362095,4,1,1,non-hh,national,NA,1,12.060137347471333,-2.225975945
1280,boulkiemdé(koudougou),sabou secteur 1,burkina_faso,2009-11-08,2.5055888891362095,4,1,1,non-hh,national,NA,1,12.060137347471333,-2.225975945
1280,boulkiemdé(koudougou),sabou secteur 1,burkina_faso,2009-11-08,2.5055888891362095,4,1,1,non-hh,national,NA,1,12.060137347471333,-2.225975945
1280,boulkiemdé(koudougou),sabou secteur 1,burkina_faso,2009-11-08,2.5055888891362095,4,1,1,non-hh,national,NA,1,12.060137347471333,-2.225975945
1280,boulkiemdé(koudougou),sabou secteur 1,burkina_faso,2009-11-08,2.5055888891362095,4,1,1,non-hh,national,NA,1,12.060137347471333,-2.225975945
1280,boulkiemdé(koudougou),sabou secteur 1,burkina_faso,2009-11-08,2.5055888891362095,4,1,1,non-hh,national,NA,1,12.060137347471333,-2.225975945
1280,boulkiemdé(koudougou),sabou secteur 1,burkina_faso,2009-11-08,2.5055888891362095,4,1,1,non-hh,national,NA,1,12.060137347471333,-2.225975945
1280,boulkiemdé(koudougou),sabou secteur 1,burkina_faso,2009-11-08,2.5055888891362095,4,1,1,non-hh,national,NA,1,12.060137347471333,-2.225975945
1280,boulkiemdé(koudougou),sabou secteur 1,burkina_faso,2009-11-08,2.5055888891362095,4,1,1,non-hh,national,NA,1,12.060137347471333,-2.225975945
1280,boulkiemdé(koudougou),sabou secteur 1,burkina_faso,2009-11-08,2.5055888891362095,4,1,1,non-hh,national,NA,1,12.060137347471333,-2.225975945
1280,boulkiemdé(koudougou),sabou secteur 1,burkina_faso,2009-11-08,2.5055888891362095,4,1,1,non-hh,national,NA,1,12.060137347471333,-2.225975945
1280,boulkiemdé(koudougou),sabou secteur 1,burkina_faso,2009-11-08,2.5055888891362095,4,1,1,non-hh,national,NA,1,12.060137347471333,-2.225975945
1280,boulkiemdé(koudougou),sabou secteur 1,burkina_faso,2009-11-08,2.5055888891362095,4,1,1,non-hh,national,NA,1,12.060137347471333,-2.225975945
1280,boulkiemdé(koudougou),sabou secteur 1,burkina_faso,2009-11-08,2.5055888891362095,4,1,1,non-hh,national,NA,1,12.060137347471333,-2.225975945
1280,boulkiemdé(koudougou),sabou secteur 1,burkina_faso,2009-11-08,2.5055888891362095,4,1,1,non-hh,national,NA,1,12.060137347471333,-2.225975945
1280,boulkiemdé(koudougou),sabou secteur 1,burkina_faso,2009-11-08,2.5055888891362095,4,1,1,non-hh,national,NA,1,12.060137347471333,-2.225975945
1280,boulkiemdé(koudougou),sabou secteur 1,burkina_faso,2009-11-08,2.5055888891362095,4,1,1,non-hh,national,NA,1,12.060137347471333,-2.225975945
1280,boulkiemdé(koudougou),sabou secteur 1,burkina_faso,2009-11-08,2.5055888891362095,4,1,1,non-hh,national,NA,1,12.060137347471333,-2.225975945
1280,boulkiemdé(koudougou),sabou secteur 1,burkina_faso,2009-11-08,2.5055888891362095,4,1,1,non-hh,national,NA,1,12.060137347471333,-2.225975945
1280,boulkiemdé(koudougou),sabou secteur 1,burkina_faso,2009-11-08,2.5055888891362095,4,1,1,non-hh,national,NA,1,12.060137347471333,-2.225975945
1280,boulkiemdé(koudougou),sabou secteur 1,burkina_faso,2009-11-08,2.5055888891362095,4,1,1,non-hh,national,NA,1,12.060137347471333,-2.225975945
1280,boulkiemdé(koudougou),sabou secteur 1,burkina_faso,2009-11-08,2.5055888891362095,4,1,1,non-hh,national,NA,1,12.060137347471333,-2.225975945
1280,boulkiemdé(koudougou),sabou secteur 1,burkina_faso,2009-11-08,2.5055888891362095,4,1,1,non-hh,national,NA,1,12.060137347471333,-2.225975945
1281,boulkiemdé(koudougou),sabou secteur 1,burkina_faso,2009-11-08,-0.9167794332202042,1,1,1,hh,national,72,1,12.060137347471333,-2.225975945
1281,boulkiemdé(koudougou),sabou secteur 1,burkina_faso,2009-11-08,-0.9167794332202042,1,1,1,non-hh,national,NA,1,12.060137347471333,-2.225975945
1281,boulkiemdé(koudougou),sabou secteur 1,burkina_faso,2009-11-08,-0.9167794332202042,1,1,1,non-hh,national,NA,1,12.060137347471333,-2.225975945
1281,boulkiemdé(koudougou),sabou secteur 1,burkina_faso,2009-11-08,-0.9167794332202042,1,1,1,non-hh,national,NA,1,12.060137347471333,-2.225975945
1281,boulkiemdé(koudougou),sabou secteur 1,burkina_faso,2009-11-08,-0.9167794332202042,1,1,1,non-hh,national,NA,1,12.060137347471333,-2.225975945
1281,boulkiemdé(koudougou),sabou secteur 1,burkina_faso,2009-11-08,-0.9167794332202042,1,1,1,non-hh,national,NA,1,12.060137347471333,-2.225975945
1282,boulkiemdé(koudougou),sabou secteur 1,burkina_faso,2009-11-06,-0.946511300786369,5,1,1,hh,national,60,1,12.060137347471333,-2.225975945
1283,boulkiemdé(koudougou),sabou secteur 1,burkina_faso,2009-11-06,-0.9366006782643141,6,1,NA,hh,national,48,NA,12.060137347471333,-2.225975945
1284,boulkiemdé(koudougou),sabou secteur 1,burkina_faso,2009-11-06,8.307600690107229,1,1,1,hh,national,12,NA,12.060137347471333,-2.225975945
1284,boulkiemdé(koudougou),sabou secteur 1,burkina_faso,2009-11-06,8.307600690107229,1,1,1,non-hh,national,NA,1,12.060137347471333,-2.225975945
1285,boulkiemdé(koudougou),sabou secteur 1,burkina_faso,2009-11-06,-0.7877432204032524,7,2,1,hh,national,96,1,12.060137347471333,-2.225975945
1285,boulkiemdé(koudougou),sabou secteur 1,burkina_faso,2009-11-06,-0.7877432204032524,7,2,1,hh,national,96,1,12.060137347471333,-2.225975945
1285,boulkiemdé(koudougou),sabou secteur 1,burkina_faso,2009-11-06,-0.7877432204032524,7,2,1,non-hh,national,NA,1,12.060137347471333,-2.225975945
1286,boulkiemdé(koudougou),sabou secteur 1,burkina_faso,2009-11-06,0.10371783348380226,8,1,1,hh,national,48,NA,12.060137347471333,-2.225975945
1286,boulkiemdé(koudougou),sabou secteur 1,burkina_faso,2009-11-06,0.10371783348380226,8,1,1,non-hh,national,NA,1,12.060137347471333,-2.225975945
1287,boulkiemdé(koudougou),sabou secteur 1,burkina_faso,2009-11-08,-0.9167794332202042,1,1,1,hh,national,204,1,12.060137347471333,-2.225975945
1287,boulkiemdé(koudougou),sabou secteur 1,burkina_faso,2009-11-08,-0.9167794332202042,1,1,1,non-hh,national,NA,1,12.060137347471333,-2.225975945
1287,boulkiemdé(koudougou),sabou secteur 1,burkina_faso,2009-11-08,-0.9167794332202042,1,1,1,non-hh,international,NA,1,12.060137347471333,-2.225975945
1288,boulkiemdé(koudougou),sabou secteur 1,burkina_faso,2009-11-07,1.5845149397084,24,1,1,hh,international,240,1,12.060137347471333,-2.225975945
1288,boulkiemdé(koudougou),sabou secteur 1,burkina_faso,2009-11-07,1.5845149397084,24,1,1,non-hh,national,NA,NA,12.060137347471333,-2.225975945
1288,boulkiemdé(koudougou),sabou secteur 1,burkina_faso,2009-11-07,1.5845149397084,24,1,1,non-hh,national,NA,NA,12.060137347471333,-2.225975945
1288,boulkiemdé(koudougou),sabou secteur 1,burkina_faso,2009-11-07,1.5845149397084,24,1,1,non-hh,national,NA,1,12.060137347471333,-2.225975945
1288,boulkiemdé(koudougou),sabou secteur 1,burkina_faso,2009-11-07,1.5845149397084,24,1,1,non-hh,national,NA,1,12.060137347471333,-2.225975945
1288,boulkiemdé(koudougou),sabou secteur 1,burkina_faso,2009-11-07,1.5845149397084,24,1,1,non-hh,national,NA,1,12.060137347471333,-2.225975945
1288,boulkiemdé(koudougou),sabou secteur 1,burkina_faso,2009-11-07,1.5845149397084,24,1,1,non-hh,national,NA,NA,12.060137347471333,-2.225975945
1289,boulkiemdé(koudougou),sabou secteur 1,burkina_faso,2009-11-07,4.685465800378066,3,1,1,hh,international,132,1,12.060137347471333,-2.225975945
1289,boulkiemdé(koudougou),sabou secteur 1,burkina_faso,2009-11-07,4.685465800378066,3,1,1,non-hh,national,NA,1,12.060137347471333,-2.225975945
1289,boulkiemdé(koudougou),sabou secteur 1,burkina_faso,2009-11-07,4.685465800378066,3,1,1,non-hh,national,NA,1,12.060137347471333,-2.225975945
1289,boulkiemdé(koudougou),sabou secteur 1,burkina_faso,2009-11-07,4.685465800378066,3,1,1,non-hh,national,NA,1,12.060137347471333,-2.225975945
1290,boulkiemdé(koudougou),sabou secteur 1,burkina_faso,2009-11-07,-0.9167794332202042,1,1,1,hh,international,NA,1,12.060137347471333,-2.225975945
1290,boulkiemdé(koudougou),sabou secteur 1,burkina_faso,2009-11-07,-0.9167794332202042,1,1,1,non-hh,national,NA,1,12.060137347471333,-2.225975945
1290,boulkiemdé(koudougou),sabou secteur 1,burkina_faso,2009-11-07,-0.9167794332202042,1,1,1,non-hh,national,NA,1,12.060137347471333,-2.225975945
1290,boulkiemdé(koudougou),sabou secteur 1,burkina_faso,2009-11-07,-0.9167794332202042,1,1,1,non-hh,national,NA,1,12.060137347471333,-2.225975945
1290,boulkiemdé(koudougou),sabou secteur 1,burkina_faso,2009-11-07,-0.9167794332202042,1,1,1,non-hh,national,NA,1,12.060137347471333,-2.225975945
1290,boulkiemdé(koudougou),sabou secteur 1,burkina_faso,2009-11-07,-0.9167794332202042,1,1,1,non-hh,national,NA,1,12.060137347471333,-2.225975945
1291,boulkiemdé(koudougou),sabou secteur 1,burkina_faso,2009-11-06,1.5594157817532874,6,2,1,hh,international,60,1,12.060137347471333,-2.225975945
1291,boulkiemdé(koudougou),sabou secteur 1,burkina_faso,2009-11-06,1.5594157817532874,6,2,1,hh,international,60,1,12.060137347471333,-2.225975945
1291,boulkiemdé(koudougou),sabou secteur 1,burkina_faso,2009-11-06,1.5594157817532874,6,2,1,non-hh,national,NA,1,12.060137347471333,-2.225975945
1292,boulkiemdé(koudougou),sabou secteur 1,burkina_faso,2009-11-07,6.787002973049098,6,1,1,hh,international,156,1,12.060137347471333,-2.225975945
1292,boulkiemdé(koudougou),sabou secteur 1,burkina_faso,2009-11-07,6.787002973049098,6,1,1,non-hh,national,NA,1,12.060137347471333,-2.225975945
1292,boulkiemdé(koudougou),sabou secteur 1,burkina_faso,2009-11-07,6.787002973049098,6,1,1,non-hh,national,NA,1,12.060137347471333,-2.225975945
1292,boulkiemdé(koudougou),sabou secteur 1,burkina_faso,2009-11-07,6.787002973049098,6,1,1,non-hh,international,NA,1,12.060137347471333,-2.225975945
1292,boulkiemdé(koudougou),sabou secteur 1,burkina_faso,2009-11-07,6.787002973049098,6,1,1,non-hh,national,NA,1,12.060137347471333,-2.225975945
1292,boulkiemdé(koudougou),sabou secteur 1,burkina_faso,2009-11-07,6.787002973049098,6,1,1,non-hh,international,NA,1,12.060137347471333,-2.225975945
1292,boulkiemdé(koudougou),sabou secteur 1,burkina_faso,2009-11-07,6.787002973049098,6,1,1,non-hh,international,NA,1,12.060137347471333,-2.225975945
1293,boulkiemdé(koudougou),sabou secteur 1,burkina_faso,2009-11-06,-0.4994877509199649,16,3,1,hh,international,120,1,12.060137347471333,-2.225975945
1293,boulkiemdé(koudougou),sabou secteur 1,burkina_faso,2009-11-06,-0.4994877509199649,16,3,1,hh,international,168,1,12.060137347471333,-2.225975945
1293,boulkiemdé(koudougou),sabou secteur 1,burkina_faso,2009-11-06,-0.4994877509199649,16,3,1,hh,international,84,1,12.060137347471333,-2.225975945
1293,boulkiemdé(koudougou),sabou secteur 1,burkina_faso,2009-11-06,-0.4994877509199649,16,3,1,non-hh,national,NA,1,12.060137347471333,-2.225975945
1294,boulkiemdé(koudougou),sabou secteur 1,burkina_faso,2009-11-07,0.4910795281876395,6,5,NA,hh,international,24,NA,12.060137347471333,-2.225975945
1294,boulkiemdé(koudougou),sabou secteur 1,burkina_faso,2009-11-07,0.4910795281876395,6,5,NA,hh,international,24,NA,12.060137347471333,-2.225975945
1294,boulkiemdé(koudougou),sabou secteur 1,burkina_faso,2009-11-07,0.4910795281876395,6,5,NA,hh,international,24,NA,12.060137347471333,-2.225975945
1294,boulkiemdé(koudougou),sabou secteur 1,burkina_faso,2009-11-07,0.4910795281876395,6,5,NA,hh,international,24,NA,12.060137347471333,-2.225975945
1294,boulkiemdé(koudougou),sabou secteur 1,burkina_faso,2009-11-07,0.4910795281876395,6,5,NA,hh,international,24,NA,12.060137347471333,-2.225975945
1295,boulkiemdé(koudougou),sabou secteur 1,burkina_faso,2009-11-06,-0.9514666120473967,11,3,1,hh,international,84,NA,12.060137347471333,-2.225975945
1295,boulkiemdé(koudougou),sabou secteur 1,burkina_faso,2009-11-06,-0.9514666120473967,11,3,1,hh,international,84,NA,12.060137347471333,-2.225975945
1295,boulkiemdé(koudougou),sabou secteur 1,burkina_faso,2009-11-06,-0.9514666120473967,11,3,1,hh,international,96,NA,12.060137347471333,-2.225975945
1295,boulkiemdé(koudougou),sabou secteur 1,burkina_faso,2009-11-06,-0.9514666120473967,11,3,1,non-hh,international,NA,1,12.060137347471333,-2.225975945
1296,boulkiemdé(koudougou),sabou secteur 1,burkina_faso,2009-11-06,2.078456521946625,6,3,1,hh,international,120,1,12.060137347471333,-2.225975945
1296,boulkiemdé(koudougou),sabou secteur 1,burkina_faso,2009-11-06,2.078456521946625,6,3,1,hh,international,12,1,12.060137347471333,-2.225975945
1296,boulkiemdé(koudougou),sabou secteur 1,burkina_faso,2009-11-06,2.078456521946625,6,3,1,hh,international,60,1,12.060137347471333,-2.225975945
1296,boulkiemdé(koudougou),sabou secteur 1,burkina_faso,2009-11-06,2.078456521946625,6,3,1,non-hh,international,NA,1,12.060137347471333,-2.225975945
1297,boulkiemdé(koudougou),poesse,burkina_faso,2009-11-10,-0.7811361387218825,8,3,1,hh,international,122,1,12.554480000000002,-2.11213
1297,boulkiemdé(koudougou),poesse,burkina_faso,2009-11-10,-0.7811361387218825,8,3,1,hh,international,98,NA,12.554480000000002,-2.11213
1297,boulkiemdé(koudougou),poesse,burkina_faso,2009-11-10,-0.7811361387218825,8,3,1,hh,international,51,1,12.554480000000002,-2.11213
1297,boulkiemdé(koudougou),poesse,burkina_faso,2009-11-10,-0.7811361387218825,8,3,1,non-hh,international,NA,1,12.554480000000002,-2.11213
1298,boulkiemdé(koudougou),poesse,burkina_faso,2009-11-10,-0.963029004989794,20,2,1,hh,international,28,1,12.554480000000002,-2.11213
1298,boulkiemdé(koudougou),poesse,burkina_faso,2009-11-10,-0.963029004989794,20,2,1,hh,international,73,NA,12.554480000000002,-2.11213
1298,boulkiemdé(koudougou),poesse,burkina_faso,2009-11-10,-0.963029004989794,20,2,1,non-hh,national,NA,1,12.554480000000002,-2.11213
1299,boulkiemdé(koudougou),poesse,burkina_faso,2009-11-10,-0.7855408598427958,20,2,1,hh,international,37,1,12.554480000000002,-2.11213
1299,boulkiemdé(koudougou),poesse,burkina_faso,2009-11-10,-0.7855408598427958,20,2,1,hh,international,38,1,12.554480000000002,-2.11213
1299,boulkiemdé(koudougou),poesse,burkina_faso,2009-11-10,-0.7855408598427958,20,2,1,non-hh,national,NA,1,12.554480000000002,-2.11213
1300,boulkiemdé(koudougou),poesse,burkina_faso,2009-11-10,-0.5888814736486967,14,1,1,hh,international,37,1,12.554480000000002,-2.11213
1301,boulkiemdé(koudougou),poesse,burkina_faso,2009-11-10,-0.7751897652086495,17,2,1,hh,international,77,NA,12.554480000000002,-2.11213
1301,boulkiemdé(koudougou),poesse,burkina_faso,2009-11-10,-0.7751897652086495,17,2,1,hh,international,32,1,12.554480000000002,-2.11213
1302,boulkiemdé(koudougou),poesse,burkina_faso,2009-11-10,-0.6087027186928067,9,5,1,hh,international,300,NA,12.554480000000002,-2.11213
1302,boulkiemdé(koudougou),poesse,burkina_faso,2009-11-10,-0.6087027186928067,9,5,1,hh,international,300,1,12.554480000000002,-2.11213
1302,boulkiemdé(koudougou),poesse,burkina_faso,2009-11-10,-0.6087027186928067,9,5,1,hh,international,300,NA,12.554480000000002,-2.11213
1302,boulkiemdé(koudougou),poesse,burkina_faso,2009-11-10,-0.6087027186928067,9,5,1,hh,international,300,1,12.554480000000002,-2.11213
1302,boulkiemdé(koudougou),poesse,burkina_faso,2009-11-10,-0.6087027186928067,9,5,1,hh,international,25,NA,12.554480000000002,-2.11213
1302,boulkiemdé(koudougou),poesse,burkina_faso,2009-11-10,-0.6087027186928067,9,5,1,non-hh,international,NA,1,12.554480000000002,-2.11213
1303,boulkiemdé(koudougou),poesse,burkina_faso,2009-11-10,-0.9366006782643141,14,1,1,hh,international,241,1,12.554480000000002,-2.11213
1303,boulkiemdé(koudougou),poesse,burkina_faso,2009-11-10,-0.9366006782643141,14,1,1,non-hh,international,NA,1,12.554480000000002,-2.11213
1304,boulkiemdé(koudougou),poesse,burkina_faso,2009-11-10,-0.7811361387218825,4,1,NA,hh,international,114,NA,12.554480000000002,-2.11213
1305,boulkiemdé(koudougou),poesse,burkina_faso,2009-11-10,-0.926690055742259,9,1,1,hh,international,29,1,12.554480000000002,-2.11213
1306,boulkiemdé(koudougou),poesse,burkina_faso,2009-11-10,-0.41062250230553865,17,2,1,hh,national,75,1,12.554480000000002,-2.11213
1306,boulkiemdé(koudougou),poesse,burkina_faso,2009-11-10,-0.41062250230553865,17,2,1,hh,national,76,NA,12.554480000000002,-2.11213
1306,boulkiemdé(koudougou),poesse,burkina_faso,2009-11-10,-0.41062250230553865,17,2,1,non-hh,national,NA,1,12.554480000000002,-2.11213
1307,boulkiemdé(koudougou),poesse,burkina_faso,2009-11-10,-0.5677388122683128,14,3,1,hh,national,74,NA,12.554480000000002,-2.11213
1307,boulkiemdé(koudougou),poesse,burkina_faso,2009-11-10,-0.5677388122683128,14,3,1,hh,national,25,1,12.554480000000002,-2.11213
1307,boulkiemdé(koudougou),poesse,burkina_faso,2009-11-10,-0.5677388122683128,14,3,1,hh,national,25,NA,12.554480000000002,-2.11213
1308,boulkiemdé(koudougou),poesse,burkina_faso,2009-11-10,-0.7732076407042385,8,2,1,hh,national,72,1,12.554480000000002,-2.11213
1308,boulkiemdé(koudougou),poesse,burkina_faso,2009-11-10,-0.7732076407042385,8,2,1,hh,national,252,1,12.554480000000002,-2.11213
1308,boulkiemdé(koudougou),poesse,burkina_faso,2009-11-10,-0.7732076407042385,8,2,1,non-hh,national,NA,1,12.554480000000002,-2.11213
1309,boulkiemdé(koudougou),poesse,burkina_faso,2009-11-10,-0.453238179150375,9,1,1,hh,national,13,1,12.554480000000002,-2.11213
1310,boulkiemdé(koudougou),poesse,burkina_faso,2009-11-10,-0.7646184345184575,7,2,1,hh,national,144,1,12.554480000000002,-2.11213
1310,boulkiemdé(koudougou),poesse,burkina_faso,2009-11-10,-0.7646184345184575,7,2,1,hh,national,120,1,12.554480000000002,-2.11213
1311,boulkiemdé(koudougou),poesse,burkina_faso,2009-11-10,-0.8075644654473624,10,1,NA,hh,national,180,NA,12.554480000000002,-2.11213
1312,boulkiemdé(koudougou),poesse,burkina_faso,2009-11-10,-0.7890646367395264,12,1,NA,hh,national,26,NA,12.554480000000002,-2.11213
1313,boulkiemdé(koudougou),poesse,burkina_faso,2009-11-10,-0.4274705605930321,17,2,1,hh,international,86,1,12.554480000000002,-2.11213
1313,boulkiemdé(koudougou),poesse,burkina_faso,2009-11-10,-0.4274705605930321,17,2,1,hh,national,75,NA,12.554480000000002,-2.11213
1314,boulkiemdé(koudougou),poesse,burkina_faso,2009-11-10,-0.9207436822290263,6,1,NA,hh,national,14,NA,12.554480000000002,-2.11213
1325,boulkiemdé(koudougou),sakoinse,burkina_faso,2009-11-06,-0.8108680062880473,7,1,1,hh,international,54,1,12.188339999999998,-1.96848
1326,boulkiemdé(koudougou),sakoinse,burkina_faso,2009-11-06,4.807894931513648,14,4,1,hh,national,48,1,12.188339999999998,-1.96848
1326,boulkiemdé(koudougou),sakoinse,burkina_faso,2009-11-06,4.807894931513648,14,4,1,hh,national,124,1,12.188339999999998,-1.96848
1326,boulkiemdé(koudougou),sakoinse,burkina_faso,2009-11-06,4.807894931513648,14,4,1,hh,national,14,1,12.188339999999998,-1.96848
1326,boulkiemdé(koudougou),sakoinse,burkina_faso,2009-11-06,4.807894931513648,14,4,1,hh,national,35,NA,12.188339999999998,-1.96848
1327,boulkiemdé(koudougou),sakoinse,burkina_faso,2009-11-06,-0.9762431683525341,8,1,1,hh,international,90,1,12.188339999999998,-1.96848
1328,boulkiemdé(koudougou),sakoinse,burkina_faso,2009-11-06,-0.7910467612439374,5,1,1,hh,international,30,1,12.188339999999998,-1.96848
1329,boulkiemdé(koudougou),sakoinse,burkina_faso,2009-11-06,-0.9762431683525341,4,1,NA,hh,national,99,NA,12.188339999999998,-1.96848
1330,boulkiemdé(koudougou),sakoinse,burkina_faso,2009-11-06,-0.9960644133966439,5,1,1,hh,national,47,1,12.188339999999998,-1.96848
1331,boulkiemdé(koudougou),sakoinse,burkina_faso,2009-11-06,-0.7910467612439374,10,1,1,hh,national,243,1,12.188339999999998,-1.96848
1332,boulkiemdé(koudougou),sakoinse,burkina_faso,2009-11-12,-0.7745290570405126,10,2,1,hh,international,115,1,12.188339999999998,-1.96848
1332,boulkiemdé(koudougou),sakoinse,burkina_faso,2009-11-12,-0.7745290570405126,10,2,1,hh,international,283,1,12.188339999999998,-1.96848
1333,boulkiemdé(koudougou),sakoinse,burkina_faso,2009-11-11,-0.1251528736076401,6,4,1,hh,international,295,1,12.188339999999998,-1.96848
1333,boulkiemdé(koudougou),sakoinse,burkina_faso,2009-11-11,-0.1251528736076401,6,4,1,hh,international,236,NA,12.188339999999998,-1.96848
1333,boulkiemdé(koudougou),sakoinse,burkina_faso,2009-11-11,-0.1251528736076401,6,4,1,hh,international,198,1,12.188339999999998,-1.96848
1333,boulkiemdé(koudougou),sakoinse,burkina_faso,2009-11-11,-0.1251528736076401,6,4,1,hh,international,378,1,12.188339999999998,-1.96848
1333,boulkiemdé(koudougou),sakoinse,burkina_faso,2009-11-11,-0.1251528736076401,6,4,1,non-hh,national,NA,1,12.188339999999998,-1.96848
1336,boulkiemdé(koudougou),sakoinse,burkina_faso,2009-11-06,1.742630064357473,3,1,NA,hh,national,60,NA,12.188339999999998,-1.96848
1337,boulkiemdé(koudougou),sakoinse,burkina_faso,2009-11-06,-0.9052170402778068,5,5,NA,hh,national,6,NA,12.188339999999998,-1.96848
1337,boulkiemdé(koudougou),sakoinse,burkina_faso,2009-11-06,-0.9052170402778068,5,5,NA,hh,national,48,NA,12.188339999999998,-1.96848
1337,boulkiemdé(koudougou),sakoinse,burkina_faso,2009-11-06,-0.9052170402778068,5,5,NA,hh,national,168,NA,12.188339999999998,-1.96848
1337,boulkiemdé(koudougou),sakoinse,burkina_faso,2009-11-06,-0.9052170402778068,5,5,NA,hh,national,60,NA,12.188339999999998,-1.96848
1337,boulkiemdé(koudougou),sakoinse,burkina_faso,2009-11-06,-0.9052170402778068,5,5,NA,hh,national,60,NA,12.188339999999998,-1.96848
1338,boulkiemdé(koudougou),sakoinse,burkina_faso,2009-11-06,-0.4215241870797991,7,1,NA,hh,international,18,NA,12.188339999999998,-1.96848
1340,boulkiemdé(koudougou),sakoinse,burkina_faso,2009-11-06,-0.7643643159922509,15,1,1,hh,national,16,1,12.188339999999998,-1.96848
1341,boulkiemdé(koudougou),sakoinse,burkina_faso,2009-11-06,-0.41194391864181257,11,2,1,hh,international,42,1,12.188339999999998,-1.96848
1341,boulkiemdé(koudougou),sakoinse,burkina_faso,2009-11-06,-0.41194391864181257,11,2,1,hh,international,50,1,12.188339999999998,-1.96848
1341,boulkiemdé(koudougou),sakoinse,burkina_faso,2009-11-06,-0.41194391864181257,11,2,1,non-hh,national,NA,1,12.188339999999998,-1.96848
1345,boulkiemdé(koudougou),sakoinse,burkina_faso,2009-11-06,-0.7910467612439374,15,4,1,hh,international,123,1,12.188339999999998,-1.96848
1345,boulkiemdé(koudougou),sakoinse,burkina_faso,2009-11-06,-0.7910467612439374,15,4,1,hh,international,22,1,12.188339999999998,-1.96848
1345,boulkiemdé(koudougou),sakoinse,burkina_faso,2009-11-06,-0.7910467612439374,15,4,1,hh,international,49,1,12.188339999999998,-1.96848
1345,boulkiemdé(koudougou),sakoinse,burkina_faso,2009-11-06,-0.7910467612439374,15,4,1,hh,international,147,1,12.188339999999998,-1.96848
1349,boulkiemdé(koudougou),sakoinse,burkina_faso,2009-11-02,-0.8604211188983222,6,1,NA,hh,national,37,NA,12.188339999999998,-1.96848
1350,boulkiemdé(koudougou),sakoinse,burkina_faso,2009-11-06,-0.7811361387218825,10,1,1,hh,national,63,1,12.188339999999998,-1.96848
1351,boulgou(tenkodogo),bane,burkina_faso,2009-11-04,-0.7811361387218825,2,2,1,hh,national,108,NA,11.576123367890464,-0.355584147
1351,boulgou(tenkodogo),bane,burkina_faso,2009-11-04,-0.7811361387218825,2,2,1,hh,national,19,NA,11.576123367890464,-0.355584147
1351,boulgou(tenkodogo),bane,burkina_faso,2009-11-04,-0.7811361387218825,2,2,1,non-hh,national,NA,1,11.576123367890464,-0.355584147
1351,boulgou(tenkodogo),bane,burkina_faso,2009-11-04,-0.7811361387218825,2,2,1,non-hh,international,NA,1,11.576123367890464,-0.355584147
1351,boulgou(tenkodogo),bane,burkina_faso,2009-11-04,-0.7811361387218825,2,2,1,non-hh,international,NA,1,11.576123367890464,-0.355584147
1353,boulgou(tenkodogo),bane,burkina_faso,2009-11-04,-0.9366006782643141,2,1,1,hh,national,360,NA,11.576123367890464,-0.355584147
1353,boulgou(tenkodogo),bane,burkina_faso,2009-11-04,-0.9366006782643141,2,1,1,non-hh,international,NA,1,11.576123367890464,-0.355584147
1354,boulgou(tenkodogo),bane,burkina_faso,2009-11-04,-0.7679219753591424,4,2,1,hh,international,12,1,11.576123367890464,-0.355584147
1354,boulgou(tenkodogo),bane,burkina_faso,2009-11-04,-0.7679219753591424,4,2,1,hh,international,12,1,11.576123367890464,-0.355584147
1355,boulgou(tenkodogo),bane,burkina_faso,2009-11-04,-1.018991079251202,14,2,1,hh,international,108,1,11.576123367890464,-0.355584147
1355,boulgou(tenkodogo),bane,burkina_faso,2009-11-04,-1.018991079251202,14,2,1,hh,international,168,NA,11.576123367890464,-0.355584147
1356,boulgou(tenkodogo),bane,burkina_faso,2009-11-04,-0.7613148936777725,3,1,1,hh,international,76,1,11.576123367890464,-0.355584147
1357,boulgou(tenkodogo),bane,burkina_faso,2009-11-04,-0.8802423639424322,7,1,1,hh,national,396,NA,11.576123367890464,-0.355584147
1357,boulgou(tenkodogo),bane,burkina_faso,2009-11-04,-0.8802423639424322,7,1,1,non-hh,international,NA,1,11.576123367890464,-0.355584147
1357,boulgou(tenkodogo),bane,burkina_faso,2009-11-04,-0.8802423639424322,7,1,1,non-hh,international,NA,1,11.576123367890464,-0.355584147
1357,boulgou(tenkodogo),bane,burkina_faso,2009-11-04,-0.8802423639424322,7,1,1,non-hh,international,NA,1,11.576123367890464,-0.355584147
1359,boulgou(tenkodogo),bane,burkina_faso,2009-11-04,-0.8604211188983222,6,1,1,hh,international,180,NA,11.576123367890464,-0.355584147
1359,boulgou(tenkodogo),bane,burkina_faso,2009-11-04,-0.8604211188983222,6,1,1,non-hh,national,NA,1,11.576123367890464,-0.355584147
1361,boulgou(tenkodogo),bane,burkina_faso,2009-11-04,0.6366334452080162,5,1,NA,hh,national,60,NA,11.576123367890464,-0.355584147
1362,boulgou(tenkodogo),bane,burkina_faso,2009-11-04,-0.41925890193190085,9,1,1,hh,international,36,1,11.576123367890464,-0.355584147
1365,boulgou(tenkodogo),bane,burkina_faso,2009-11-04,-0.5127019142827048,6,3,1,hh,national,240,1,11.576123367890464,-0.355584147
1365,boulgou(tenkodogo),bane,burkina_faso,2009-11-04,-0.5127019142827048,6,3,1,hh,national,192,NA,11.576123367890464,-0.355584147
1365,boulgou(tenkodogo),bane,burkina_faso,2009-11-04,-0.5127019142827048,6,3,1,hh,national,156,NA,11.576123367890464,-0.355584147
1366,boulgou(tenkodogo),bane,burkina_faso,2009-11-04,-0.8207786288101024,12,1,1,hh,international,36,1,11.576123367890464,-0.355584147
1367,boulgou(tenkodogo),bane,burkina_faso,2009-11-04,-0.8207786288101024,4,2,1,hh,international,36,1,11.576123367890464,-0.355584147
1367,boulgou(tenkodogo),bane,burkina_faso,2009-11-04,-0.8207786288101024,4,2,1,hh,international,24,NA,11.576123367890464,-0.355584147
1369,boulgou(tenkodogo),bane,burkina_faso,2009-11-04,-0.9366006782643141,4,1,NA,hh,national,55,NA,11.576123367890464,-0.355584147
1371,boulgou(tenkodogo),bane,burkina_faso,2009-11-04,-0.9793485891629818,12,11,1,hh,national,24,NA,11.576123367890464,-0.355584147
1371,boulgou(tenkodogo),bane,burkina_faso,2009-11-04,-0.9793485891629818,12,11,1,hh,national,24,1,11.576123367890464,-0.355584147
1371,boulgou(tenkodogo),bane,burkina_faso,2009-11-04,-0.9793485891629818,12,11,1,hh,national,240,1,11.576123367890464,-0.355584147
1371,boulgou(tenkodogo),bane,burkina_faso,2009-11-04,-0.9793485891629818,12,11,1,hh,national,24,1,11.576123367890464,-0.355584147
1371,boulgou(tenkodogo),bane,burkina_faso,2009-11-04,-0.9793485891629818,12,11,1,hh,national,204,1,11.576123367890464,-0.355584147
1371,boulgou(tenkodogo),bane,burkina_faso,2009-11-04,-0.9793485891629818,12,11,1,hh,international,192,NA,11.576123367890464,-0.355584147
1371,boulgou(tenkodogo),bane,burkina_faso,2009-11-04,-0.9793485891629818,12,11,1,hh,national,24,1,11.576123367890464,-0.355584147
1371,boulgou(tenkodogo),bane,burkina_faso,2009-11-04,-0.9793485891629818,12,11,1,hh,national,300,1,11.576123367890464,-0.355584147
1371,boulgou(tenkodogo),bane,burkina_faso,2009-11-04,-0.9793485891629818,12,11,1,hh,national,12,1,11.576123367890464,-0.355584147
1371,boulgou(tenkodogo),bane,burkina_faso,2009-11-04,-0.9793485891629818,12,11,1,hh,national,36,1,11.576123367890464,-0.355584147
1371,boulgou(tenkodogo),bane,burkina_faso,2009-11-04,-0.9793485891629818,12,11,1,hh,national,120,1,11.576123367890464,-0.355584147
1371,boulgou(tenkodogo),bane,burkina_faso,2009-11-04,-0.9793485891629818,12,11,1,non-hh,international,NA,1,11.576123367890464,-0.355584147
1371,boulgou(tenkodogo),bane,burkina_faso,2009-11-04,-0.9793485891629818,12,11,1,non-hh,national,NA,1,11.576123367890464,-0.355584147
1373,boulgou(tenkodogo),bane,burkina_faso,2009-11-04,-0.49288066923859486,10,4,1,hh,international,24,1,11.576123367890464,-0.355584147
1373,boulgou(tenkodogo),bane,burkina_faso,2009-11-04,-0.49288066923859486,10,4,1,hh,international,36,1,11.576123367890464,-0.355584147
1373,boulgou(tenkodogo),bane,burkina_faso,2009-11-04,-0.49288066923859486,10,4,1,hh,international,24,1,11.576123367890464,-0.355584147
1373,boulgou(tenkodogo),bane,burkina_faso,2009-11-04,-0.49288066923859486,10,4,1,hh,international,36,1,11.576123367890464,-0.355584147
1374,boulgou(tenkodogo),bane,burkina_faso,2009-11-04,-0.9366006782643141,4,2,1,hh,international,48,1,11.576123367890464,-0.355584147
1374,boulgou(tenkodogo),bane,burkina_faso,2009-11-04,-0.9366006782643141,4,2,1,hh,international,48,1,11.576123367890464,-0.355584147
1375,boulgou(tenkodogo),bane,burkina_faso,2009-11-04,-0.7745290570405126,5,1,1,hh,national,246,1,11.576123367890464,-0.355584147
1377,boulgou(tenkodogo),bane,burkina_faso,2009-11-04,3.7725940863548497,3,1,1,hh,national,61,1,11.576123367890464,-0.355584147
1379,boulgou(tenkodogo),bittou secteur 1,burkina_faso,2009-11-03,7.018068299247618,2,1,NA,hh,national,48,NA,11.25581,-0.30545
1382,boulgou(tenkodogo),bittou secteur 1,burkina_faso,2009-11-03,-0.9960644133966439,5,1,NA,hh,international,132,NA,11.25581,-0.30545
1383,boulgou(tenkodogo),bittou secteur 1,burkina_faso,2009-11-03,1.5726299451160275,4,1,1,hh,national,27,1,11.25581,-0.30545
1384,boulgou(tenkodogo),bittou secteur 1,burkina_faso,2009-11-02,1.734701566339829,2,1,1,hh,international,12,NA,11.25581,-0.30545
1384,boulgou(tenkodogo),bittou secteur 1,burkina_faso,2009-11-02,1.734701566339829,2,1,1,non-hh,international,NA,1,11.25581,-0.30545
1385,boulgou(tenkodogo),bittou secteur 1,burkina_faso,2009-11-02,2.032867658345172,7,2,1,hh,international,120,1,11.25581,-0.30545
1385,boulgou(tenkodogo),bittou secteur 1,burkina_faso,2009-11-02,2.032867658345172,7,2,1,hh,international,129,NA,11.25581,-0.30545
1386,boulgou(tenkodogo),bittou secteur 1,burkina_faso,2009-11-02,6.632548744625914,6,1,NA,hh,national,24,NA,11.25581,-0.30545
1387,boulgou(tenkodogo),bittou secteur 1,burkina_faso,2009-11-03,1.913742068050275,5,1,1,hh,international,125,1,11.25581,-0.30545
1388,boulgou(tenkodogo),bittou secteur 1,burkina_faso,2009-11-02,-0.9167794332202042,2,1,NA,hh,international,12,NA,11.25581,-0.30545
1389,boulgou(tenkodogo),bittou secteur 1,burkina_faso,2009-11-02,-0.43341693410626503,4,2,1,hh,international,60,1,11.25581,-0.30545
1389,boulgou(tenkodogo),bittou secteur 1,burkina_faso,2009-11-02,-0.43341693410626503,4,2,1,hh,international,480,1,11.25581,-0.30545
1391,boulgou(tenkodogo),bittou secteur 1,burkina_faso,2009-11-02,1.6098163107072558,17,1,NA,hh,national,98,NA,11.25581,-0.30545
1392,boulgou(tenkodogo),bittou secteur 1,burkina_faso,2009-11-02,1.7214874029770892,5,1,1,hh,international,36,1,11.25581,-0.30545
1393,boulgou(tenkodogo),bittou secteur 1,burkina_faso,2009-11-02,3.1604342288525107,5,2,1,hh,international,60,NA,11.25581,-0.30545
1393,boulgou(tenkodogo),bittou secteur 1,burkina_faso,2009-11-02,3.1604342288525107,5,2,1,hh,international,48,1,11.25581,-0.30545
1394,boulgou(tenkodogo),bittou secteur 1,burkina_faso,2009-11-02,3.1465247767564954,9,1,1,hh,national,116,NA,11.25581,-0.30545
1394,boulgou(tenkodogo),bittou secteur 1,burkina_faso,2009-11-02,3.1465247767564954,9,1,1,non-hh,international,NA,1,11.25581,-0.30545
1395,boulgou(tenkodogo),bittou secteur 1,burkina_faso,2009-11-02,2.9112994977458437,6,1,NA,hh,national,480,NA,11.25581,-0.30545
1398,boulgou(tenkodogo),bittou secteur 1,burkina_faso,2009-11-03,1.5495051592312326,5,1,1,hh,international,183,NA,11.25581,-0.30545
1398,boulgou(tenkodogo),bittou secteur 1,burkina_faso,2009-11-03,1.5495051592312326,5,1,1,non-hh,international,NA,1,11.25581,-0.30545
1398,boulgou(tenkodogo),bittou secteur 1,burkina_faso,2009-11-03,1.5495051592312326,5,1,1,non-hh,international,NA,1,11.25581,-0.30545
1400,boulgou(tenkodogo),bittou secteur 1,burkina_faso,2009-11-03,1.7280944846584592,4,2,NA,hh,national,48,NA,11.25581,-0.30545
1400,boulgou(tenkodogo),bittou secteur 1,burkina_faso,2009-11-03,1.7280944846584592,4,2,NA,hh,national,36,NA,11.25581,-0.30545
1402,boulgou(tenkodogo),bittou secteur 1,burkina_faso,2009-11-03,1.5752727777885756,6,1,1,hh,national,96,NA,11.25581,-0.30545
1402,boulgou(tenkodogo),bittou secteur 1,burkina_faso,2009-11-03,1.5752727777885756,6,1,1,non-hh,national,NA,1,11.25581,-0.30545
1404,boulgou(tenkodogo),bittou secteur 1,burkina_faso,2009-11-03,2.4699698116305115,2,1,1,hh,national,56,NA,11.25581,-0.30545
1404,boulgou(tenkodogo),bittou secteur 1,burkina_faso,2009-11-03,2.4699698116305115,2,1,1,non-hh,national,NA,1,11.25581,-0.30545
1405,boulgou(tenkodogo),gambaghin,burkina_faso,2009-11-12,-1.0753493935730838,9,1,1,hh,international,88,1,11.786085461070222,-0.368035917
1406,boulgou(tenkodogo),gambaghin,burkina_faso,2009-11-12,-0.946511300786369,5,2,1,hh,national,24,NA,11.786085461070222,-0.368035917
1406,boulgou(tenkodogo),gambaghin,burkina_faso,2009-11-12,-0.946511300786369,5,2,1,hh,national,12,NA,11.786085461070222,-0.368035917
1406,boulgou(tenkodogo),gambaghin,burkina_faso,2009-11-12,-0.946511300786369,5,2,1,non-hh,national,NA,1,11.786085461070222,-0.368035917
1407,boulgou(tenkodogo),gambaghin,burkina_faso,2009-11-12,-0.446631097469005,8,3,1,hh,international,12,NA,11.786085461070222,-0.368035917
1407,boulgou(tenkodogo),gambaghin,burkina_faso,2009-11-12,-0.446631097469005,8,3,1,hh,international,60,NA,11.786085461070222,-0.368035917
1407,boulgou(tenkodogo),gambaghin,burkina_faso,2009-11-12,-0.446631097469005,8,3,1,hh,international,12,1,11.786085461070222,-0.368035917
1409,boulgou(tenkodogo),gambaghin,burkina_faso,2009-11-12,-0.9247079312378481,7,1,NA,hh,international,98,NA,11.786085461070222,-0.368035917
1411,boulgou(tenkodogo),gambaghin,burkina_faso,2009-11-12,-0.9991698342070918,13,1,1,hh,international,31,1,11.786085461070222,-0.368035917
1411,boulgou(tenkodogo),gambaghin,burkina_faso,2009-11-12,-0.9991698342070918,13,1,1,non-hh,international,NA,1,11.786085461070222,-0.368035917
1412,boulgou(tenkodogo),gambaghin,burkina_faso,2009-11-12,-0.473059424194485,8,1,NA,hh,national,12,NA,11.786085461070222,-0.368035917
1413,boulgou(tenkodogo),gambaghin,burkina_faso,2009-11-12,-0.9366006782643141,6,1,1,hh,national,63,1,11.786085461070222,-0.368035917
1414,boulgou(tenkodogo),gambaghin,burkina_faso,2009-11-12,-1.0555281485289738,8,3,NA,hh,international,24,NA,11.786085461070222,-0.368035917
1414,boulgou(tenkodogo),gambaghin,burkina_faso,2009-11-12,-1.0555281485289738,8,3,NA,hh,international,36,NA,11.786085461070222,-0.368035917
1414,boulgou(tenkodogo),gambaghin,burkina_faso,2009-11-12,-1.0555281485289738,8,3,NA,hh,international,24,NA,11.786085461070222,-0.368035917
1415,boulgou(tenkodogo),gambaghin,burkina_faso,2009-11-12,-0.5523444043709248,16,1,NA,hh,national,14,NA,11.786085461070222,-0.368035917
1416,boulgou(tenkodogo),gambaghin,burkina_faso,2009-11-12,-0.8009573837659925,9,1,1,hh,national,24,1,11.786085461070222,-0.368035917
1420,boulgou(tenkodogo),gambaghin,burkina_faso,2009-11-12,0.3087354856365089,6,1,1,hh,national,12,1,11.786085461070222,-0.368035917
1421,boulgou(tenkodogo),gambaghin,burkina_faso,2009-11-12,-0.963029004989794,10,2,NA,hh,international,84,NA,11.786085461070222,-0.368035917
1421,boulgou(tenkodogo),gambaghin,burkina_faso,2009-11-12,-0.963029004989794,10,2,NA,hh,international,120,NA,11.786085461070222,-0.368035917
1423,boulgou(tenkodogo),gambaghin,burkina_faso,2009-11-12,-0.7613148936777725,2,2,1,hh,national,120,NA,11.786085461070222,-0.368035917
1423,boulgou(tenkodogo),gambaghin,burkina_faso,2009-11-12,-0.7613148936777725,2,2,1,hh,national,120,1,11.786085461070222,-0.368035917
1424,boulgou(tenkodogo),gambaghin,burkina_faso,2009-11-12,-0.8207786288101024,12,1,NA,hh,international,109,NA,11.786085461070222,-0.368035917
1425,boulgou(tenkodogo),gambaghin,burkina_faso,2009-11-12,-0.6285239637369167,12,1,1,hh,international,61,1,11.786085461070222,-0.368035917
1429,boulgou(tenkodogo),gambaghin,burkina_faso,2009-11-12,-0.46645234251311496,11,1,1,hh,international,24,1,11.786085461070222,-0.368035917
1430,boulgou(tenkodogo),gambaghin,burkina_faso,2009-11-12,-0.45984526083174504,10,1,NA,hh,national,72,NA,11.786085461070222,-0.368035917
1431,boulgou(tenkodogo),gambaghin,burkina_faso,2009-11-12,-0.8009573837659925,3,1,1,hh,national,12,NA,11.786085461070222,-0.368035917
1431,boulgou(tenkodogo),gambaghin,burkina_faso,2009-11-12,-0.8009573837659925,3,1,1,non-hh,national,NA,1,11.786085461070222,-0.368035917
1432,boulgou(tenkodogo),guella,burkina_faso,2009-11-13,-0.5769887266222308,7,2,1,hh,international,48,1,11.786085461070222,-0.368035917
1432,boulgou(tenkodogo),guella,burkina_faso,2009-11-13,-0.5769887266222308,7,2,1,hh,international,24,1,11.786085461070222,-0.368035917
1435,boulgou(tenkodogo),guella,burkina_faso,2009-11-13,-0.7910467612439374,5,1,NA,hh,national,3,NA,11.786085461070222,-0.368035917
1437,boulgou(tenkodogo),guella,burkina_faso,2009-11-13,-0.7745290570405126,5,1,NA,hh,national,105,NA,11.786085461070222,-0.368035917
1438,boulgou(tenkodogo),guella,burkina_faso,2009-11-13,-0.8075644654473624,10,1,1,hh,international,24,1,11.786085461070222,-0.368035917
1439,boulgou(tenkodogo),guella,burkina_faso,2009-11-13,-0.473059424194485,12,1,NA,hh,international,30,NA,11.786085461070222,-0.368035917
1440,boulgou(tenkodogo),guella,burkina_faso,2009-11-13,2.7190614112439935,5,1,1,hh,national,180,1,11.786085461070222,-0.368035917
1441,boulgou(tenkodogo),guella,burkina_faso,2009-11-13,-1.0158856584407538,6,1,NA,hh,national,60,NA,11.786085461070222,-0.368035917
1442,boulgou(tenkodogo),guella,burkina_faso,2009-11-13,-0.7811361387218825,8,1,NA,hh,national,72,NA,11.786085461070222,-0.368035917
1443,boulgou(tenkodogo),guella,burkina_faso,2009-11-13,-0.7613148936777725,2,1,1,hh,international,12,1,11.786085461070222,-0.368035917
1444,boulgou(tenkodogo),guella,burkina_faso,2009-11-13,-0.7481007303150327,1,1,1,hh,national,245,1,11.786085461070222,-0.368035917
1446,boulgou(tenkodogo),guella,burkina_faso,2009-11-13,-0.8009573837659925,9,1,1,hh,international,93,1,11.786085461070222,-0.368035917
1447,boulgou(tenkodogo),guella,burkina_faso,2009-11-13,-0.8505104963762673,11,3,NA,hh,national,204,NA,11.786085461070222,-0.368035917
1447,boulgou(tenkodogo),guella,burkina_faso,2009-11-13,-0.8505104963762673,11,3,NA,hh,national,108,NA,11.786085461070222,-0.368035917
1447,boulgou(tenkodogo),guella,burkina_faso,2009-11-13,-0.8505104963762673,11,3,NA,hh,national,108,NA,11.786085461070222,-0.368035917
1449,boulgou(tenkodogo),guella,burkina_faso,2009-11-13,-0.7811361387218825,4,1,NA,hh,international,12,NA,11.786085461070222,-0.368035917
1452,boulgou(tenkodogo),guella,burkina_faso,2009-11-13,-0.8207786288101024,20,2,1,hh,international,36,NA,11.786085461070222,-0.368035917
1452,boulgou(tenkodogo),guella,burkina_faso,2009-11-13,-0.8207786288101024,20,2,1,hh,international,24,1,11.786085461070222,-0.368035917
1452,boulgou(tenkodogo),guella,burkina_faso,2009-11-13,-0.8207786288101024,20,2,1,non-hh,international,NA,1,11.786085461070222,-0.368035917
1454,boulgou(tenkodogo),guella,burkina_faso,2009-11-13,-0.8207786288101024,12,1,NA,hh,national,100,NA,11.786085461070222,-0.368035917
1455,boulgou(tenkodogo),guella,burkina_faso,2009-11-13,-0.7754729258521367,12,1,NA,hh,international,12,NA,11.786085461070222,-0.368035917
1456,boulgou(tenkodogo),guella,burkina_faso,2009-11-13,-0.8009573837659925,12,1,NA,hh,national,72,NA,11.786085461070222,-0.368035917
1457,boulgou(tenkodogo),guella,burkina_faso,2009-11-13,-0.7662702049387999,5,1,1,hh,international,73,1,11.786085461070222,-0.368035917
1461,boulgou(tenkodogo),tisselin,burkina_faso,2009-11-08,2.3845563699911163,2,1,1,hh,national,60,1,11.786085461070222,-0.368035917
1462,boulgou(tenkodogo),tisselin,burkina_faso,2009-11-08,2.3647351249470066,6,1,NA,hh,international,12,NA,11.786085461070222,-0.368035917
1463,boulgou(tenkodogo),tisselin,burkina_faso,2009-11-08,2.7005615825361575,13,1,1,hh,national,12,1,11.786085461070222,-0.368035917
1464,boulgou(tenkodogo),tisselin,burkina_faso,2009-11-08,-0.8009573837659925,6,1,NA,hh,international,48,NA,11.786085461070222,-0.368035917
1465,boulgou(tenkodogo),tisselin,burkina_faso,2009-11-08,-0.6879876988692466,7,1,NA,hh,international,24,NA,11.786085461070222,-0.368035917
1466,boulgou(tenkodogo),tisselin,burkina_faso,2009-11-08,2.7256684929253634,4,1,NA,hh,national,24,NA,11.786085461070222,-0.368035917
1467,boulgou(tenkodogo),tisselin,burkina_faso,2009-11-08,-1.0158856584407538,6,1,NA,hh,international,60,NA,11.786085461070222,-0.368035917
1468,boulgou(tenkodogo),tisselin,burkina_faso,2009-11-08,-0.8604211188983222,6,1,1,hh,national,36,NA,11.786085461070222,-0.368035917
1468,boulgou(tenkodogo),tisselin,burkina_faso,2009-11-08,-0.8604211188983222,6,1,1,non-hh,national,NA,1,11.786085461070222,-0.368035917
1470,boulgou(tenkodogo),tisselin,burkina_faso,2009-11-08,-0.9564219233084241,3,1,1,hh,international,360,1,11.786085461070222,-0.368035917
1471,boulgou(tenkodogo),tisselin,burkina_faso,2009-11-08,-0.7943503020846223,8,1,1,hh,national,10,1,11.786085461070222,-0.368035917
1472,boulgou(tenkodogo),tisselin,burkina_faso,2009-11-08,-0.7811361387218825,2,1,1,hh,international,12,1,11.786085461070222,-0.368035917
1473,boulgou(tenkodogo),tisselin,burkina_faso,2009-11-08,-0.9366006782643141,4,1,1,hh,national,3,1,11.786085461070222,-0.368035917
1475,boulgou(tenkodogo),tisselin,burkina_faso,2009-11-08,-0.9167794332202042,3,1,NA,hh,national,306,NA,11.786085461070222,-0.368035917
1476,boulgou(tenkodogo),tisselin,burkina_faso,2009-11-08,2.3568066269293624,12,1,NA,hh,national,76,NA,11.786085461070222,-0.368035917
1479,boulgou(tenkodogo),tisselin,burkina_faso,2009-11-08,-0.44002401578763506,7,1,1,hh,national,120,1,11.786085461070222,-0.368035917
1481,boulgou(tenkodogo),tisselin,burkina_faso,2009-11-08,2.379601058730089,5,1,NA,hh,international,348,NA,11.786085461070222,-0.368035917
1482,boulgou(tenkodogo),tisselin,burkina_faso,2009-11-08,-0.9762431683525341,4,1,1,hh,international,180,1,11.786085461070222,-0.368035917
1483,boulgou(tenkodogo),tisselin,burkina_faso,2009-11-08,-0.6712718746355846,14,1,NA,hh,international,120,NA,11.786085461070222,-0.368035917
1486,boulgou(tenkodogo),zankougdgo,burkina_faso,2009-11-06,-1.0951706386171938,10,2,1,hh,international,37,1,11.786085461070222,-0.368035917
1486,boulgou(tenkodogo),zankougdgo,burkina_faso,2009-11-06,-1.0951706386171938,10,2,1,hh,international,139,NA,11.786085461070222,-0.368035917
1487,boulgou(tenkodogo),zankougdgo,burkina_faso,2009-11-06,-0.966332545830479,7,1,1,hh,international,27,1,11.786085461070222,-0.368035917
1488,boulgou(tenkodogo),zankougdgo,burkina_faso,2009-11-06,-1.0158856584407538,6,1,1,hh,international,36,1,11.786085461070222,-0.368035917
1493,boulgou(tenkodogo),zankougdgo,burkina_faso,2009-11-06,-1.0555281485289738,8,2,1,hh,national,12,1,11.786085461070222,-0.368035917
1493,boulgou(tenkodogo),zankougdgo,burkina_faso,2009-11-06,-1.0555281485289738,8,2,1,hh,national,36,NA,11.786085461070222,-0.368035917
1494,boulgou(tenkodogo),zankougdgo,burkina_faso,2009-11-06,-0.9960644133966439,5,1,1,hh,national,12,1,11.786085461070222,-0.368035917
1494,boulgou(tenkodogo),zankougdgo,burkina_faso,2009-11-06,-0.9960644133966439,5,1,1,non-hh,national,NA,1,11.786085461070222,-0.368035917
1496,boulgou(tenkodogo),zankougdgo,burkina_faso,2009-11-06,-0.9960644133966439,5,1,NA,hh,national,12,NA,11.786085461070222,-0.368035917
1497,boulgou(tenkodogo),zankougdgo,burkina_faso,2009-11-06,-0.963029004989794,10,1,1,hh,international,76,1,11.786085461070222,-0.368035917
1498,boulgou(tenkodogo),zankougdgo,burkina_faso,2009-11-06,-0.926690055742259,6,1,NA,hh,national,24,NA,11.786085461070222,-0.368035917
1499,boulgou(tenkodogo),zankougdgo,burkina_faso,2009-11-06,-1.0158856584407538,6,2,1,hh,national,36,NA,11.786085461070222,-0.368035917
1499,boulgou(tenkodogo),zankougdgo,burkina_faso,2009-11-06,-1.0158856584407538,6,2,1,hh,national,24,1,11.786085461070222,-0.368035917
1500,boulgou(tenkodogo),zankougdgo,burkina_faso,2009-11-06,-0.926690055742259,3,1,NA,hh,international,120,NA,11.786085461070222,-0.368035917
1501,boulgou(tenkodogo),zankougdgo,burkina_faso,2009-11-06,-0.9167794332202042,2,1,NA,hh,national,118,NA,11.786085461070222,-0.368035917
1502,boulgou(tenkodogo),zankougdgo,burkina_faso,2009-11-06,-0.9366006782643141,2,1,NA,hh,national,12,NA,11.786085461070222,-0.368035917
1504,boulgou(tenkodogo),zankougdgo,burkina_faso,2009-11-06,-0.946511300786369,5,1,1,hh,international,84,1,11.786085461070222,-0.368035917
1507,boulgou(tenkodogo),zankougdgo,burkina_faso,2009-11-06,-0.7613148936777725,5,1,1,hh,national,248,1,11.786085461070222,-0.368035917
1508,boulgou(tenkodogo),zankougdgo,burkina_faso,2009-11-06,-0.9341230226338004,15,1,1,hh,international,12,1,11.786085461070222,-0.368035917
1509,boulgou(tenkodogo),zankougdgo,burkina_faso,2009-11-06,-0.9564219233084241,12,1,1,hh,international,24,1,11.786085461070222,-0.368035917
1510,boulgou(tenkodogo),zankougdgo,burkina_faso,2009-11-06,-0.9247079312378481,7,1,1,hh,international,24,1,11.786085461070222,-0.368035917
1511,boulgou(tenkodogo),zankougdgo,burkina_faso,2009-11-06,-0.9198848540306521,9,1,NA,hh,national,12,NA,11.786085461070222,-0.368035917
1513,boulgou(tenkodogo),zeke,burkina_faso,2009-11-11,-0.8604211188983222,6,1,NA,hh,international,36,NA,11.786085461070222,-0.368035917
1514,boulgou(tenkodogo),zeke,burkina_faso,2009-11-11,-1.0951706386171938,10,1,NA,hh,national,25,NA,11.786085461070222,-0.368035917
1515,boulgou(tenkodogo),zeke,burkina_faso,2009-11-11,0.339336896552889,3,1,NA,hh,national,180,NA,11.786085461070222,-0.368035917
1516,boulgou(tenkodogo),zeke,burkina_faso,2009-11-11,-0.9762431683525341,4,1,1,hh,international,12,1,11.786085461070222,-0.368035917
1517,boulgou(tenkodogo),zeke,burkina_faso,2009-11-11,-0.7679219753591424,4,1,1,hh,international,17,1,11.786085461070222,-0.368035917
1519,boulgou(tenkodogo),zeke,burkina_faso,2009-11-11,-0.8088858817836364,17,1,1,hh,international,60,1,11.786085461070222,-0.368035917
1522,boulgou(tenkodogo),zeke,burkina_faso,2009-11-11,-0.8108680062880473,7,1,1,hh,national,24,1,11.786085461070222,-0.368035917
1523,boulgou(tenkodogo),zeke,burkina_faso,2009-11-11,-0.7811361387218825,6,1,1,hh,international,336,1,11.786085461070222,-0.368035917
1525,boulgou(tenkodogo),zeke,burkina_faso,2009-11-11,-0.7811361387218825,6,1,NA,hh,international,48,NA,11.786085461070222,-0.368035917
1526,boulgou(tenkodogo),zeke,burkina_faso,2009-11-11,0.4782837318918956,7,1,1,hh,international,66,1,11.786085461070222,-0.368035917
1527,boulgou(tenkodogo),zeke,burkina_faso,2009-11-11,-0.9366006782643141,2,1,NA,hh,national,24,NA,11.786085461070222,-0.368035917
1528,boulgou(tenkodogo),zeke,burkina_faso,2009-11-11,0.4881943544139506,11,1,NA,hh,international,84,NA,11.786085461070222,-0.368035917
1530,boulgou(tenkodogo),zeke,burkina_faso,2009-11-11,-0.9397060990747621,10,1,1,hh,national,72,NA,11.786085461070222,-0.368035917
1530,boulgou(tenkodogo),zeke,burkina_faso,2009-11-11,-0.9397060990747621,10,1,1,non-hh,,NA,1,11.786085461070222,-0.368035917
1531,boulgou(tenkodogo),zeke,burkina_faso,2009-11-11,-0.7811361387218825,10,1,1,hh,national,75,1,11.786085461070222,-0.368035917
1533,boulgou(tenkodogo),zeke,burkina_faso,2009-11-11,-0.44828286788934757,11,1,NA,hh,national,25,NA,11.786085461070222,-0.368035917
1535,boulgou(tenkodogo),zeke,burkina_faso,2009-11-11,-0.9564219233084241,3,1,1,hh,international,24,1,11.786085461070222,-0.368035917
1538,boulgou(tenkodogo),zeke,burkina_faso,2009-11-11,-1.0158856584407538,12,1,1,hh,national,48,1,11.786085461070222,-0.368035917
1539,boulgou(tenkodogo),zeke,burkina_faso,2009-11-11,-1.005975035918699,11,1,1,hh,national,36,1,11.786085461070222,-0.368035917
1540,boulgou(tenkodogo),zonse,burkina_faso,2009-10-31,-1.038812324295312,15,1,NA,hh,international,48,NA,11.35575325177376,-0.635611602
1542,boulgou(tenkodogo),zonse,burkina_faso,2009-10-31,-0.7910467612439374,15,1,1,hh,international,63,1,11.35575325177376,-0.635611602
1545,boulgou(tenkodogo),zonse,burkina_faso,2009-10-31,-0.9167794332202042,2,1,1,hh,national,36,1,11.35575325177376,-0.635611602
1546,boulgou(tenkodogo),zonse,burkina_faso,2009-10-31,-0.9564219233084241,18,1,1,hh,national,12,1,11.35575325177376,-0.635611602
1546,boulgou(tenkodogo),zonse,burkina_faso,2009-10-31,-0.9564219233084241,18,1,1,non-hh,international,NA,1,11.35575325177376,-0.635611602
1546,boulgou(tenkodogo),zonse,burkina_faso,2009-10-31,-0.9564219233084241,18,1,1,non-hh,international,NA,1,11.35575325177376,-0.635611602
1546,boulgou(tenkodogo),zonse,burkina_faso,2009-10-31,-0.9564219233084241,18,1,1,non-hh,national,NA,1,11.35575325177376,-0.635611602
1546,boulgou(tenkodogo),zonse,burkina_faso,2009-10-31,-0.9564219233084241,18,1,1,non-hh,international,NA,1,11.35575325177376,-0.635611602
1547,boulgou(tenkodogo),zonse,burkina_faso,2009-10-31,3.756138508442872,2,1,1,hh,international,48,1,11.35575325177376,-0.635611602
1547,boulgou(tenkodogo),zonse,burkina_faso,2009-10-31,3.756138508442872,2,1,1,non-hh,national,NA,1,11.35575325177376,-0.635611602
1548,boulgou(tenkodogo),zonse,burkina_faso,2009-10-31,-0.9000636089865421,8,1,1,hh,national,36,1,11.35575325177376,-0.635611602
1549,boulgou(tenkodogo),zonse,burkina_faso,2009-10-31,-0.7811361387218825,6,1,NA,hh,national,12,NA,11.35575325177376,-0.635611602
1550,boulgou(tenkodogo),zonse,burkina_faso,2009-10-31,-0.8009573837659925,6,1,1,hh,national,118,1,11.35575325177376,-0.635611602
1552,boulgou(tenkodogo),zonse,burkina_faso,2009-10-31,0.1798973928497941,8,1,1,hh,international,24,1,11.35575325177376,-0.635611602
1555,boulgou(tenkodogo),zonse,burkina_faso,2009-10-31,-0.9564219233084241,3,1,NA,hh,international,12,NA,11.35575325177376,-0.635611602
1556,boulgou(tenkodogo),zonse,burkina_faso,2009-10-31,1.1805165687757275,8,1,NA,hh,national,1,NA,11.35575325177376,-0.635611602
1557,boulgou(tenkodogo),zonse,burkina_faso,2009-10-31,-0.9198848540306521,9,2,1,hh,international,36,1,11.35575325177376,-0.635611602
1557,boulgou(tenkodogo),zonse,burkina_faso,2009-10-31,-0.9198848540306521,9,2,1,hh,international,24,1,11.35575325177376,-0.635611602
1558,boulgou(tenkodogo),zonse,burkina_faso,2009-11-01,-0.8405998738542122,5,1,NA,hh,international,20,NA,11.35575325177376,-0.635611602
1559,boulgou(tenkodogo),zonse,burkina_faso,2009-10-31,2.7256684929253634,4,1,1,hh,international,61,1,11.35575325177376,-0.635611602
1559,boulgou(tenkodogo),zonse,burkina_faso,2009-10-31,2.7256684929253634,4,1,1,non-hh,international,NA,1,11.35575325177376,-0.635611602
1562,boulgou(tenkodogo),zonse,burkina_faso,2009-11-01,5.138863013735202,6,3,NA,hh,national,72,NA,11.35575325177376,-0.635611602
1562,boulgou(tenkodogo),zonse,burkina_faso,2009-11-01,5.138863013735202,6,3,NA,hh,national,12,NA,11.35575325177376,-0.635611602
1562,boulgou(tenkodogo),zonse,burkina_faso,2009-11-01,5.138863013735202,6,3,NA,hh,national,60,NA,11.35575325177376,-0.635611602
1563,boulgou(tenkodogo),zonse,burkina_faso,2009-11-01,-0.7910467612439374,5,1,NA,hh,national,12,NA,11.35575325177376,-0.635611602
1564,boulgou(tenkodogo),zonse,burkina_faso,2009-11-01,-0.47801473545551243,17,1,1,hh,international,21,NA,11.35575325177376,-0.635611602
1564,boulgou(tenkodogo),zonse,burkina_faso,2009-11-01,-0.47801473545551243,17,1,1,non-hh,international,NA,1,11.35575325177376,-0.635611602
1565,boulgou(tenkodogo),zonse,burkina_faso,2009-11-01,-0.7811361387218825,2,1,1,hh,national,65,1,11.35575325177376,-0.635611602
1565,boulgou(tenkodogo),zonse,burkina_faso,2009-11-01,-0.7811361387218825,2,1,1,non-hh,national,NA,1,11.35575325177376,-0.635611602
1567,tuy(houndé),bihoun,burkina_faso,2009-11-01,-0.7276301889574663,9,1,NA,hh,national,27,NA,11.67119878168943,-3.661070784
1568,tuy(houndé),bihoun,burkina_faso,2009-11-01,-0.6483452087810266,5,1,NA,hh,international,105,NA,11.67119878168943,-3.661070784
1570,tuy(houndé),bihoun,burkina_faso,2009-11-01,-0.9564219233084241,6,1,1,hh,national,75,1,11.67119878168943,-3.661070784
1577,tuy(houndé),bihoun,burkina_faso,2009-11-01,-0.7662702049387999,5,1,NA,hh,international,183,NA,11.67119878168943,-3.661070784
1578,tuy(houndé),bihoun,burkina_faso,2009-11-01,-0.4202027707435251,8,2,1,hh,international,123,1,11.67119878168943,-3.661070784
1578,tuy(houndé),bihoun,burkina_faso,2009-11-01,-0.4202027707435251,8,2,1,hh,international,8,NA,11.67119878168943,-3.661070784
1580,tuy(houndé),bihoun,burkina_faso,2009-11-01,3.1293463643849333,16,3,1,hh,national,32,1,11.67119878168943,-3.661070784
1580,tuy(houndé),bihoun,burkina_faso,2009-11-01,3.1293463643849333,16,3,1,hh,national,368,1,11.67119878168943,-3.661070784
1580,tuy(houndé),bihoun,burkina_faso,2009-11-01,3.1293463643849333,16,3,1,hh,national,210,1,11.67119878168943,-3.661070784
1581,tuy(houndé),bihoun,burkina_faso,2009-11-03,1.7290383534700835,9,1,1,hh,national,80,1,11.67119878168943,-3.661070784
1581,tuy(houndé),bihoun,burkina_faso,2009-11-03,1.7290383534700835,9,1,1,non-hh,national,NA,1,11.67119878168943,-3.661070784
1584,tuy(houndé),bihoun,burkina_faso,2009-11-16,2.042778280867227,15,1,NA,hh,national,163,NA,11.67119878168943,-3.661070784
1585,tuy(houndé),bihoun,burkina_faso,2009-11-03,5.470287158279023,1,1,1,hh,international,28,1,11.67119878168943,-3.661070784
1590,tuy(houndé),bihoun,burkina_faso,2009-11-01,-0.473059424194485,8,1,1,hh,international,181,1,11.67119878168943,-3.661070784
1592,tuy(houndé),bihoun,burkina_faso,2009-11-01,-0.7307356097679143,17,1,1,hh,international,95,1,11.67119878168943,-3.661070784
1594,tuy(houndé),lokoa,burkina_faso,2009-11-02,-0.6153098003741768,10,1,1,hh,international,248,1,11.489445114846365,-3.522869838
1595,tuy(houndé),lokoa,burkina_faso,2009-11-02,-0.7662702049387999,5,2,1,hh,international,124,1,11.489445114846365,-3.522869838
1595,tuy(houndé),lokoa,burkina_faso,2009-11-02,-0.7662702049387999,5,2,1,hh,international,27,NA,11.489445114846365,-3.522869838
1596,tuy(houndé),lokoa,burkina_faso,2009-11-02,0.8359135590295679,11,3,1,hh,international,122,1,11.489445114846365,-3.522869838
1596,tuy(houndé),lokoa,burkina_faso,2009-11-02,0.8359135590295679,11,3,1,hh,international,45,1,11.489445114846365,-3.522869838
1596,tuy(houndé),lokoa,burkina_faso,2009-11-02,0.8359135590295679,11,3,1,hh,international,117,1,11.489445114846365,-3.522869838
1597,tuy(houndé),lokoa,burkina_faso,2009-11-02,0.2480124604593521,14,2,1,hh,international,32,NA,11.489445114846365,-3.522869838
1597,tuy(houndé),lokoa,burkina_faso,2009-11-02,0.2480124604593521,14,2,1,hh,international,65,1,11.489445114846365,-3.522869838
1599,tuy(houndé),lokoa,burkina_faso,2009-11-02,-0.8075644654473624,10,1,1,hh,national,78,1,11.489445114846365,-3.522869838
1600,tuy(houndé),lokoa,burkina_faso,2009-11-02,-0.7276301889574663,9,4,1,hh,international,72,NA,11.489445114846365,-3.522869838
1600,tuy(houndé),lokoa,burkina_faso,2009-11-02,-0.7276301889574663,9,4,1,hh,international,122,1,11.489445114846365,-3.522869838
1600,tuy(houndé),lokoa,burkina_faso,2009-11-02,-0.7276301889574663,9,4,1,hh,international,84,1,11.489445114846365,-3.522869838
1600,tuy(houndé),lokoa,burkina_faso,2009-11-02,-0.7276301889574663,9,4,1,hh,international,72,NA,11.489445114846365,-3.522869838
1602,tuy(houndé),lokoa,burkina_faso,2009-11-02,-0.9991698342070918,13,1,NA,hh,international,24,NA,11.489445114846365,-3.522869838
1604,tuy(houndé),lokoa,burkina_faso,2009-11-02,-0.9793485891629818,12,1,NA,hh,international,29,NA,11.489445114846365,-3.522869838
1605,tuy(houndé),lokoa,burkina_faso,2009-11-02,-0.7679219753591424,4,1,NA,hh,national,64,NA,11.489445114846365,-3.522869838
1606,tuy(houndé),lokoa,burkina_faso,2009-11-02,-0.8306892513321573,9,1,1,hh,national,66,1,11.489445114846365,-3.522869838
1607,tuy(houndé),lokoa,burkina_faso,2009-11-02,-1.0555281485289738,8,1,NA,hh,national,66,NA,11.489445114846365,-3.522869838
1610,tuy(houndé),lokoa,burkina_faso,2009-11-02,-0.9167794332202042,4,1,NA,hh,national,15,NA,11.489445114846365,-3.522869838
1611,tuy(houndé),lokoa,burkina_faso,2009-11-02,-0.9762431683525341,8,1,NA,hh,national,36,NA,11.489445114846365,-3.522869838
1615,tuy(houndé),lokoa,burkina_faso,2009-11-02,-0.9366006782643141,20,1,NA,hh,national,16,NA,11.489445114846365,-3.522869838
1616,tuy(houndé),lokoa,burkina_faso,2009-11-02,-0.796002072504965,11,1,1,hh,international,124,1,11.489445114846365,-3.522869838
1617,tuy(houndé),lokoa,burkina_faso,2009-11-02,-0.9233865149015741,8,1,1,hh,national,16,1,11.489445114846365,-3.522869838
1618,tuy(houndé),lokoa,burkina_faso,2009-11-02,2.937542875594967,9,1,1,hh,national,84,1,11.489445114846365,-3.522869838
1619,tuy(houndé),lokoa,burkina_faso,2009-11-02,-0.7811361387218825,8,1,1,hh,international,41,1,11.489445114846365,-3.522869838
1624,tuy(houndé),ouoro,burkina_faso,2009-10-30,-0.946511300786369,5,1,1,hh,international,311,NA,11.489445114846365,-3.522869838
1624,tuy(houndé),ouoro,burkina_faso,2009-10-30,-0.946511300786369,5,1,1,non-hh,national,NA,1,11.489445114846365,-3.522869838
1624,tuy(houndé),ouoro,burkina_faso,2009-10-30,-0.946511300786369,5,1,1,non-hh,national,NA,1,11.489445114846365,-3.522869838
1626,tuy(houndé),ouoro,burkina_faso,2009-10-30,-0.5226125368047598,13,3,1,hh,international,36,1,11.489445114846365,-3.522869838
1626,tuy(houndé),ouoro,burkina_faso,2009-10-30,-0.5226125368047598,13,3,1,hh,international,180,1,11.489445114846365,-3.522869838
1626,tuy(houndé),ouoro,burkina_faso,2009-10-30,-0.5226125368047598,13,3,1,hh,international,216,NA,11.489445114846365,-3.522869838
1627,tuy(houndé),ouoro,burkina_faso,2009-10-31,4.589058304116089,20,2,1,hh,national,168,1,11.489445114846365,-3.522869838
1627,tuy(houndé),ouoro,burkina_faso,2009-10-31,4.589058304116089,20,2,1,hh,national,28,1,11.489445114846365,-3.522869838
1627,tuy(houndé),ouoro,burkina_faso,2009-10-31,4.589058304116089,20,2,1,non-hh,international,NA,1,11.489445114846365,-3.522869838
1627,tuy(houndé),ouoro,burkina_faso,2009-10-31,4.589058304116089,20,2,1,non-hh,international,NA,1,11.489445114846365,-3.522869838
1628,tuy(houndé),ouoro,burkina_faso,2009-10-31,-0.8207786288101024,16,2,1,hh,international,28,1,11.489445114846365,-3.522869838
1628,tuy(houndé),ouoro,burkina_faso,2009-10-31,-0.8207786288101024,16,2,1,hh,international,117,NA,11.489445114846365,-3.522869838
1628,tuy(houndé),ouoro,burkina_faso,2009-10-31,-0.8207786288101024,16,2,1,non-hh,national,NA,1,11.489445114846365,-3.522869838
1629,tuy(houndé),ouoro,burkina_faso,2009-11-06,5.221684952942964,4,5,1,hh,national,130,1,11.489445114846365,-3.522869838
1629,tuy(houndé),ouoro,burkina_faso,2009-11-06,5.221684952942964,4,5,1,hh,international,28,NA,11.489445114846365,-3.522869838
1629,tuy(houndé),ouoro,burkina_faso,2009-11-06,5.221684952942964,4,5,1,hh,national,22,NA,11.489445114846365,-3.522869838
1629,tuy(houndé),ouoro,burkina_faso,2009-11-06,5.221684952942964,4,5,1,hh,national,71,NA,11.489445114846365,-3.522869838
1629,tuy(houndé),ouoro,burkina_faso,2009-11-06,5.221684952942964,4,5,1,hh,international,28,NA,11.489445114846365,-3.522869838
1629,tuy(houndé),ouoro,burkina_faso,2009-11-06,5.221684952942964,4,5,1,non-hh,national,NA,1,11.489445114846365,-3.522869838
1629,tuy(houndé),ouoro,burkina_faso,2009-11-06,5.221684952942964,4,5,1,non-hh,national,NA,1,11.489445114846365,-3.522869838
1630,tuy(houndé),ouoro,burkina_faso,2009-10-30,-0.7662702049387999,5,2,1,hh,national,178,1,11.489445114846365,-3.522869838
1630,tuy(houndé),ouoro,burkina_faso,2009-10-30,-0.7662702049387999,5,2,1,hh,national,12,NA,11.489445114846365,-3.522869838
1630,tuy(houndé),ouoro,burkina_faso,2009-10-30,-0.7662702049387999,5,2,1,non-hh,international,NA,1,11.489445114846365,-3.522869838
1631,tuy(houndé),ouoro,burkina_faso,2009-10-30,-0.7811361387218825,4,2,1,hh,international,14,NA,11.489445114846365,-3.522869838
1631,tuy(houndé),ouoro,burkina_faso,2009-10-30,-0.7811361387218825,4,2,1,hh,international,59,1,11.489445114846365,-3.522869838
1631,tuy(houndé),ouoro,burkina_faso,2009-10-30,-0.7811361387218825,4,2,1,non-hh,national,NA,1,11.489445114846365,-3.522869838
1632,tuy(houndé),ouoro,burkina_faso,2009-10-31,-1.0357069034848638,7,1,NA,hh,international,74,NA,11.489445114846365,-3.522869838
1633,tuy(houndé),ouoro,burkina_faso,2009-10-31,-0.7613148936777725,3,4,1,hh,national,271,1,11.489445114846365,-3.522869838
1633,tuy(houndé),ouoro,burkina_faso,2009-10-31,-0.7613148936777725,3,4,1,hh,national,197,1,11.489445114846365,-3.522869838
1633,tuy(houndé),ouoro,burkina_faso,2009-10-31,-0.7613148936777725,3,4,1,hh,national,160,1,11.489445114846365,-3.522869838
1633,tuy(houndé),ouoro,burkina_faso,2009-10-31,-0.7613148936777725,3,4,1,hh,national,257,1,11.489445114846365,-3.522869838
1633,tuy(houndé),ouoro,burkina_faso,2009-10-31,-0.7613148936777725,3,4,1,non-hh,national,NA,1,11.489445114846365,-3.522869838
1633,tuy(houndé),ouoro,burkina_faso,2009-10-31,-0.7613148936777725,3,4,1,non-hh,national,NA,1,11.489445114846365,-3.522869838
1635,tuy(houndé),ouoro,burkina_faso,2009-10-30,-0.966332545830479,7,1,NA,hh,international,251,NA,11.489445114846365,-3.522869838
1644,tuy(houndé),ouoro,burkina_faso,2009-10-31,2.369690436208034,7,3,1,hh,national,88,1,11.489445114846365,-3.522869838
1644,tuy(houndé),ouoro,burkina_faso,2009-10-31,2.369690436208034,7,3,1,hh,national,76,1,11.489445114846365,-3.522869838
1644,tuy(houndé),ouoro,burkina_faso,2009-10-31,2.369690436208034,7,3,1,hh,national,74,1,11.489445114846365,-3.522869838
1644,tuy(houndé),ouoro,burkina_faso,2009-10-31,2.369690436208034,7,3,1,non-hh,national,NA,1,11.489445114846365,-3.522869838
1645,tuy(houndé),ouoro,burkina_faso,2009-10-31,-0.7811361387218825,4,2,1,hh,national,65,1,11.489445114846365,-3.522869838
1645,tuy(houndé),ouoro,burkina_faso,2009-10-31,-0.7811361387218825,4,2,1,hh,,76,NA,11.489445114846365,-3.522869838
1645,tuy(houndé),ouoro,burkina_faso,2009-10-31,-0.7811361387218825,4,2,1,non-hh,national,NA,1,11.489445114846365,-3.522869838
1647,tuy(houndé),ouoro,burkina_faso,2009-10-31,2.3449138799028963,12,3,1,hh,national,77,1,11.489445114846365,-3.522869838
1647,tuy(houndé),ouoro,burkina_faso,2009-10-31,2.3449138799028963,12,3,1,hh,national,64,NA,11.489445114846365,-3.522869838
1647,tuy(houndé),ouoro,burkina_faso,2009-10-31,2.3449138799028963,12,3,1,hh,national,41,NA,11.489445114846365,-3.522869838
1647,tuy(houndé),ouoro,burkina_faso,2009-10-31,2.3449138799028963,12,3,1,non-hh,national,NA,1,11.489445114846365,-3.522869838
1648,tuy(houndé),pana,burkina_faso,2009-11-04,1.913706769889873,20,1,1,hh,international,271,1,11.489445114846365,-3.522869838
1649,tuy(houndé),pana,burkina_faso,2009-11-04,1.6978906826864821,20,2,NA,hh,international,434,NA,11.489445114846365,-3.522869838
1649,tuy(houndé),pana,burkina_faso,2009-11-04,1.6978906826864821,20,2,NA,hh,international,NA,NA,11.489445114846365,-3.522869838
1650,tuy(houndé),pana,burkina_faso,2009-11-04,-0.4367204749469501,13,1,NA,hh,international,14,NA,11.489445114846365,-3.522869838
1651,tuy(houndé),pana,burkina_faso,2009-11-04,-0.946511300786369,5,1,1,hh,international,141,1,11.489445114846365,-3.522869838
1652,tuy(houndé),pana,burkina_faso,2009-11-04,-0.4185510003231826,15,2,NA,hh,international,40,NA,11.489445114846365,-3.522869838
1652,tuy(houndé),pana,burkina_faso,2009-11-04,-0.4185510003231826,15,2,NA,hh,international,12,NA,11.489445114846365,-3.522869838
1653,tuy(houndé),pana,burkina_faso,2009-11-04,-0.43341693410626503,8,1,NA,hh,international,300,NA,11.489445114846365,-3.522869838
1654,tuy(houndé),pana,burkina_faso,2009-11-11,-0.8108680062880473,7,1,1,hh,international,15,1,11.489445114846365,-3.522869838
1655,tuy(houndé),pana,burkina_faso,2009-11-04,-0.5226125368047598,13,3,NA,hh,international,120,NA,11.489445114846365,-3.522869838
1655,tuy(houndé),pana,burkina_faso,2009-11-04,-0.5226125368047598,13,3,NA,hh,international,276,NA,11.489445114846365,-3.522869838
1655,tuy(houndé),pana,burkina_faso,2009-11-04,-0.5226125368047598,13,3,NA,hh,international,156,NA,11.489445114846365,-3.522869838
1656,tuy(houndé),pana,burkina_faso,2009-11-04,-1.0158856584407538,6,2,1,hh,international,14,NA,11.489445114846365,-3.522869838
1656,tuy(houndé),pana,burkina_faso,2009-11-04,-1.0158856584407538,6,2,1,hh,international,36,1,11.489445114846365,-3.522869838
1657,tuy(houndé),pana,burkina_faso,2009-11-04,0.48797410737719166,20,1,NA,hh,national,250,NA,11.489445114846365,-3.522869838
1658,tuy(houndé),pana,burkina_faso,2009-11-04,-0.7943503020846223,8,1,1,hh,national,63,1,11.489445114846365,-3.522869838
1659,tuy(houndé),pana,burkina_faso,2009-11-04,-0.7877432204032524,7,1,1,hh,national,126,1,11.489445114846365,-3.522869838
1660,tuy(houndé),pana,burkina_faso,2009-11-04,-0.41359568906215516,9,2,1,hh,national,53,1,11.489445114846365,-3.522869838
1660,tuy(houndé),pana,burkina_faso,2009-11-04,-0.41359568906215516,9,2,1,hh,national,50,NA,11.489445114846365,-3.522869838
1661,tuy(houndé),pana,burkina_faso,2009-11-04,-0.7613148936777725,6,1,1,hh,national,14,NA,11.489445114846365,-3.522869838
1661,tuy(houndé),pana,burkina_faso,2009-11-04,-0.7613148936777725,6,1,1,non-hh,international,NA,1,11.489445114846365,-3.522869838
1662,tuy(houndé),pana,burkina_faso,2009-11-04,-0.9366006782643141,6,1,NA,hh,national,14,NA,11.489445114846365,-3.522869838
1663,tuy(houndé),pana,burkina_faso,2009-11-04,1.714880321295719,6,1,1,hh,national,12,1,11.489445114846365,-3.522869838
1663,tuy(houndé),pana,burkina_faso,2009-11-04,1.714880321295719,6,1,1,non-hh,national,NA,1,11.489445114846365,-3.522869838
1663,tuy(houndé),pana,burkina_faso,2009-11-04,1.714880321295719,6,1,1,non-hh,national,NA,1,11.489445114846365,-3.522869838
1664,tuy(houndé),pana,burkina_faso,2009-11-04,1.5693264042753425,3,1,1,hh,national,74,1,11.489445114846365,-3.522869838
1664,tuy(houndé),pana,burkina_faso,2009-11-04,1.5693264042753425,3,1,1,non-hh,national,NA,1,11.489445114846365,-3.522869838
1664,tuy(houndé),pana,burkina_faso,2009-11-04,1.5693264042753425,3,1,1,non-hh,national,NA,1,11.489445114846365,-3.522869838
1665,tuy(houndé),pana,burkina_faso,2009-11-04,1.714880321295719,6,1,1,hh,national,83,NA,11.489445114846365,-3.522869838
1665,tuy(houndé),pana,burkina_faso,2009-11-04,1.714880321295719,6,1,1,non-hh,national,NA,1,11.489445114846365,-3.522869838
1665,tuy(houndé),pana,burkina_faso,2009-11-04,1.714880321295719,6,1,1,non-hh,national,NA,1,11.489445114846365,-3.522869838
1675,tuy(houndé),saho,burkina_faso,2009-11-03,-1.0357069034848638,7,1,1,hh,international,54,1,11.489445114846365,-3.522869838
1677,tuy(houndé),saho,burkina_faso,2009-11-03,-0.7745290570405126,10,2,1,hh,national,55,NA,11.489445114846365,-3.522869838
1677,tuy(houndé),saho,burkina_faso,2009-11-03,-0.7745290570405126,10,2,1,hh,national,74,1,11.489445114846365,-3.522869838
1677,tuy(houndé),saho,burkina_faso,2009-11-03,-0.7745290570405126,10,2,1,non-hh,national,NA,1,11.489445114846365,-3.522869838
1679,tuy(houndé),saho,burkina_faso,2009-11-03,1.6950590762516093,9,4,1,hh,national,16,1,11.489445114846365,-3.522869838
1679,tuy(houndé),saho,burkina_faso,2009-11-03,1.6950590762516093,9,4,1,hh,national,37,1,11.489445114846365,-3.522869838
1679,tuy(houndé),saho,burkina_faso,2009-11-03,1.6950590762516093,9,4,1,hh,national,16,1,11.489445114846365,-3.522869838
1679,tuy(houndé),saho,burkina_faso,2009-11-03,1.6950590762516093,9,4,1,hh,national,73,1,11.489445114846365,-3.522869838
1680,tuy(houndé),saho,burkina_faso,2009-11-03,-0.9960644133966439,5,1,NA,hh,national,42,NA,11.489445114846365,-3.522869838
1681,tuy(houndé),saho,burkina_faso,2009-11-03,2.0477335921282545,11,2,1,hh,national,89,1,11.489445114846365,-3.522869838
1681,tuy(houndé),saho,burkina_faso,2009-11-03,2.0477335921282545,11,2,1,hh,national,106,NA,11.489445114846365,-3.522869838
1682,tuy(houndé),saho,burkina_faso,2009-11-03,-1.0555281485289738,8,1,NA,hh,national,52,NA,11.489445114846365,-3.522869838
1683,tuy(houndé),saho,burkina_faso,2009-11-02,1.6752378312074994,12,1,1,hh,national,86,1,11.489445114846365,-3.522869838
1684,tuy(houndé),saho,burkina_faso,2009-11-02,1.6950590762516093,6,1,1,hh,international,87,1,11.489445114846365,-3.522869838
1686,tuy(houndé),saho,burkina_faso,2009-11-03,1.564371093014315,7,1,1,hh,national,28,1,11.489445114846365,-3.522869838
1686,tuy(houndé),saho,burkina_faso,2009-11-03,1.564371093014315,7,1,1,non-hh,national,NA,1,11.489445114846365,-3.522869838
1688,tuy(houndé),saho,burkina_faso,2009-11-03,-0.9564219233084241,6,1,1,hh,national,51,1,11.489445114846365,-3.522869838
1689,tuy(houndé),saho,burkina_faso,2009-11-03,-0.6879876988692466,14,1,NA,hh,national,60,NA,11.489445114846365,-3.522869838
1690,tuy(houndé),saho,burkina_faso,2009-11-03,-1.0158856584407538,6,1,NA,hh,national,84,NA,11.489445114846365,-3.522869838
1695,tuy(houndé),saho,burkina_faso,2009-11-03,-0.9960644133966439,5,1,NA,hh,international,54,NA,11.489445114846365,-3.522869838
1696,tuy(houndé),saho,burkina_faso,2009-11-03,-1.0357069034848638,7,1,1,hh,international,78,1,11.489445114846365,-3.522869838
1697,tuy(houndé),saho,burkina_faso,2009-11-03,-0.6483452087810266,10,2,1,hh,international,89,1,11.489445114846365,-3.522869838
1697,tuy(houndé),saho,burkina_faso,2009-11-03,-0.6483452087810266,10,2,1,hh,international,91,NA,11.489445114846365,-3.522869838
1698,tuy(houndé),saho,burkina_faso,2009-11-03,-0.9853063745308959,22,1,NA,hh,international,13,NA,11.489445114846365,-3.522869838
1699,tuy(houndé),saho,burkina_faso,2009-11-03,-0.8802423639424322,7,2,1,hh,national,131,1,11.489445114846365,-3.522869838
1699,tuy(houndé),saho,burkina_faso,2009-11-03,-0.8802423639424322,7,2,1,hh,national,23,1,11.489445114846365,-3.522869838
1700,tuy(houndé),saho,burkina_faso,2009-11-03,-1.0753493935730838,9,2,NA,hh,international,22,NA,11.489445114846365,-3.522869838
1700,tuy(houndé),saho,burkina_faso,2009-11-03,-1.0753493935730838,9,2,NA,hh,international,73,NA,11.489445114846365,-3.522869838
1701,tuy(houndé),saho,burkina_faso,2009-11-03,-1.1744556187936337,14,1,NA,hh,international,84,NA,11.489445114846365,-3.522869838
1702,passoré(yako),bokin secteur 2,burkina_faso,2009-11-14,5.0501746436029205,15,1,1,hh,international,36,1,13.00350966077545,-1.792657275
1705,passoré(yako),bokin secteur 2,burkina_faso,2009-11-14,-0.8108680062880473,7,1,NA,hh,national,72,NA,13.00350966077545,-1.792657275
1706,passoré(yako),bokin secteur 2,burkina_faso,2009-11-14,-0.5690602286045868,9,1,NA,hh,international,36,NA,13.00350966077545,-1.792657275
1708,passoré(yako),bokin secteur 2,burkina_faso,2009-11-14,-0.7952941708962467,19,1,NA,hh,national,24,NA,13.00350966077545,-1.792657275
1709,passoré(yako),bokin secteur 2,burkina_faso,2009-11-14,-0.7584832872428997,6,1,1,hh,international,72,NA,13.00350966077545,-1.792657275
1709,passoré(yako),bokin secteur 2,burkina_faso,2009-11-14,-0.7584832872428997,6,1,1,non-hh,national,NA,1,13.00350966077545,-1.792657275
1710,passoré(yako),bokin secteur 2,burkina_faso,2009-11-14,-0.5690602286045868,14,1,1,hh,national,300,1,13.00350966077545,-1.792657275
1712,passoré(yako),bokin secteur 2,burkina_faso,2009-11-13,-0.9564219233084241,15,3,NA,hh,international,120,NA,13.00350966077545,-1.792657275
1712,passoré(yako),bokin secteur 2,burkina_faso,2009-11-13,-0.9564219233084241,15,3,NA,hh,international,96,NA,13.00350966077545,-1.792657275
1712,passoré(yako),bokin secteur 2,burkina_faso,2009-11-13,-0.9564219233084241,15,3,NA,hh,international,96,NA,13.00350966077545,-1.792657275
1713,passoré(yako),bokin secteur 2,burkina_faso,2009-11-14,-0.966332545830479,7,1,1,hh,international,144,1,13.00350966077545,-1.792657275
1713,passoré(yako),bokin secteur 2,burkina_faso,2009-11-14,-0.966332545830479,7,1,1,non-hh,national,NA,1,13.00350966077545,-1.792657275
1714,passoré(yako),bokin secteur 2,burkina_faso,2009-11-13,-0.7877432204032524,7,1,1,hh,national,60,1,13.00350966077545,-1.792657275
1714,passoré(yako),bokin secteur 2,burkina_faso,2009-11-13,-0.7877432204032524,7,1,1,non-hh,national,NA,1,13.00350966077545,-1.792657275
1716,passoré(yako),bokin secteur 2,burkina_faso,2009-11-13,0.23859736906339984,15,1,1,hh,international,24,1,13.00350966077545,-1.792657275
1716,passoré(yako),bokin secteur 2,burkina_faso,2009-11-13,0.23859736906339984,15,1,1,non-hh,national,NA,1,13.00350966077545,-1.792657275
1717,passoré(yako),bokin secteur 2,burkina_faso,2009-11-13,-0.5829351001354638,17,1,1,hh,national,204,1,13.00350966077545,-1.792657275
1718,passoré(yako),bokin secteur 2,burkina_faso,2009-11-14,2.3895116812521437,3,1,1,hh,national,240,1,13.00350966077545,-1.792657275
1718,passoré(yako),bokin secteur 2,burkina_faso,2009-11-14,2.3895116812521437,3,1,1,non-hh,national,NA,1,13.00350966077545,-1.792657275
1718,passoré(yako),bokin secteur 2,burkina_faso,2009-11-14,2.3895116812521437,3,1,1,non-hh,national,NA,1,13.00350966077545,-1.792657275
1718,passoré(yako),bokin secteur 2,burkina_faso,2009-11-14,2.3895116812521437,3,1,1,non-hh,national,NA,1,13.00350966077545,-1.792657275
1721,passoré(yako),bokin secteur 2,burkina_faso,2009-11-13,-0.9147973087157932,9,1,NA,hh,international,84,NA,13.00350966077545,-1.792657275
1722,passoré(yako),bokin secteur 2,burkina_faso,2009-11-13,-0.7836137943523962,17,1,NA,hh,international,180,NA,13.00350966077545,-1.792657275
1724,passoré(yako),bokin secteur 2,burkina_faso,2009-11-13,3.286399980806038,15,1,NA,hh,national,24,NA,13.00350966077545,-1.792657275
1725,passoré(yako),bokin secteur 2,burkina_faso,2009-11-13,0.6377346254882446,22,1,NA,hh,national,96,NA,13.00350966077545,-1.792657275
1727,passoré(yako),bokin secteur 2,burkina_faso,2009-11-13,-0.5888814736486967,12,1,NA,hh,international,240,NA,13.00350966077545,-1.792657275
1728,passoré(yako),bokin secteur 2,burkina_faso,2009-11-13,6.288431791416561,14,1,NA,hh,national,72,NA,13.00350966077545,-1.792657275
1729,passoré(yako),bouria,burkina_faso,2009-11-01,-0.7698097129823911,10,2,1,hh,international,24,1,12.831032143385691,-2.181604187
1729,passoré(yako),bouria,burkina_faso,2009-11-01,-0.7698097129823911,10,2,1,hh,international,36,1,12.831032143385691,-2.181604187
1729,passoré(yako),bouria,burkina_faso,2009-11-01,-0.7698097129823911,10,2,1,non-hh,international,NA,1,12.831032143385691,-2.181604187
1730,passoré(yako),bouria,burkina_faso,2009-11-01,-0.44332755662832,10,2,1,hh,international,120,1,12.831032143385691,-2.181604187
1730,passoré(yako),bouria,burkina_faso,2009-11-01,-0.44332755662832,10,2,1,hh,international,180,1,12.831032143385691,-2.181604187
1731,passoré(yako),bouria,burkina_faso,2009-11-01,-0.9167794332202042,5,1,1,hh,international,24,1,12.831032143385691,-2.181604187
1732,passoré(yako),bouria,burkina_faso,2009-11-01,-0.9415559895253416,9,1,1,hh,international,120,1,12.831032143385691,-2.181604187
1733,passoré(yako),bouria,burkina_faso,2009-11-01,-0.9299935965829442,5,1,1,hh,international,24,1,12.831032143385691,-2.181604187
1734,passoré(yako),bouria,burkina_faso,2009-11-02,-0.5809529756310527,8,1,1,hh,international,102,1,12.831032143385691,-2.181604187
1734,passoré(yako),bouria,burkina_faso,2009-11-02,-0.5809529756310527,8,1,1,non-hh,international,NA,1,12.831032143385691,-2.181604187
1735,passoré(yako),bouria,burkina_faso,2009-11-02,0.2509856472159686,5,1,1,hh,international,88,1,12.831032143385691,-2.181604187
1736,passoré(yako),bouria,burkina_faso,2009-11-02,-0.9233865149015741,4,1,1,hh,national,24,1,12.831032143385691,-2.181604187
1737,passoré(yako),bouria,burkina_faso,2009-11-02,-0.6404167107633827,23,2,NA,hh,international,18,NA,12.831032143385691,-2.181604187
1737,passoré(yako),bouria,burkina_faso,2009-11-02,-0.6404167107633827,23,2,NA,hh,international,113,NA,12.831032143385691,-2.181604187
1738,passoré(yako),bouria,burkina_faso,2009-11-01,-0.7613148936777725,5,1,1,hh,national,12,NA,12.831032143385691,-2.181604187
1738,passoré(yako),bouria,burkina_faso,2009-11-01,-0.7613148936777725,5,1,1,non-hh,international,NA,1,12.831032143385691,-2.181604187
1739,passoré(yako),bouria,burkina_faso,2009-11-02,-0.9233865149015741,4,2,1,hh,national,42,1,12.831032143385691,-2.181604187
1739,passoré(yako),bouria,burkina_faso,2009-11-02,-0.9233865149015741,4,2,1,hh,national,29,NA,12.831032143385691,-2.181604187
1739,passoré(yako),bouria,burkina_faso,2009-11-02,-0.9233865149015741,4,2,1,non-hh,international,NA,1,12.831032143385691,-2.181604187
1740,passoré(yako),bouria,burkina_faso,2009-11-02,-0.446631097469005,8,1,NA,hh,national,25,NA,12.831032143385691,-2.181604187
1741,passoré(yako),bouria,burkina_faso,2009-11-01,-0.7860914499829099,9,1,NA,hh,national,132,NA,12.831032143385691,-2.181604187
1742,passoré(yako),bouria,burkina_faso,2009-11-01,-0.9167794332202042,5,3,1,hh,national,5,NA,12.831032143385691,-2.181604187
1742,passoré(yako),bouria,burkina_faso,2009-11-01,-0.9167794332202042,5,3,1,hh,national,12,1,12.831032143385691,-2.181604187
1742,passoré(yako),bouria,burkina_faso,2009-11-01,-0.9167794332202042,5,3,1,hh,national,84,NA,12.831032143385691,-2.181604187
1742,passoré(yako),bouria,burkina_faso,2009-11-01,-0.9167794332202042,5,3,1,non-hh,international,NA,1,12.831032143385691,-2.181604187
1742,passoré(yako),bouria,burkina_faso,2009-11-01,-0.9167794332202042,5,3,1,non-hh,international,NA,1,12.831032143385691,-2.181604187
1743,passoré(yako),bouria,burkina_faso,2009-11-01,-0.9207436822290263,6,1,NA,hh,national,240,NA,12.831032143385691,-2.181604187
1744,passoré(yako),bouria,burkina_faso,2009-11-01,-0.7811361387218825,12,1,1,hh,national,40,NA,12.831032143385691,-2.181604187
1744,passoré(yako),bouria,burkina_faso,2009-11-01,-0.7811361387218825,12,1,1,non-hh,international,NA,1,12.831032143385691,-2.181604187
1745,passoré(yako),bouria,burkina_faso,2009-11-01,-0.7712255161998274,6,2,NA,hh,national,24,NA,12.831032143385691,-2.181604187
1745,passoré(yako),bouria,burkina_faso,2009-11-01,-0.7712255161998274,6,2,NA,hh,national,72,NA,12.831032143385691,-2.181604187
1746,passoré(yako),bouria,burkina_faso,2009-11-01,-0.9088509352025602,3,3,1,hh,national,84,NA,12.831032143385691,-2.181604187
1746,passoré(yako),bouria,burkina_faso,2009-11-01,-0.9088509352025602,3,3,1,hh,national,12,1,12.831032143385691,-2.181604187
1746,passoré(yako),bouria,burkina_faso,2009-11-01,-0.9088509352025602,3,3,1,hh,national,12,1,12.831032143385691,-2.181604187
1765,passoré(yako),gombre,burkina_faso,2009-11-16,-0.9432077599456841,7,1,1,hh,national,36,1,12.963660718169418,-2.259889575
1766,passoré(yako),gombre,burkina_faso,2009-11-16,-0.6136580299538341,13,2,NA,hh,national,120,NA,12.963660718169418,-2.259889575
1766,passoré(yako),gombre,burkina_faso,2009-11-16,-0.6136580299538341,13,2,NA,hh,national,72,NA,12.963660718169418,-2.259889575
1767,passoré(yako),gombre,burkina_faso,2009-11-16,-0.949814841627054,8,1,1,hh,national,8,1,12.963660718169418,-2.259889575
1768,passoré(yako),gombre,burkina_faso,2009-11-16,-0.926690055742259,9,4,1,hh,national,60,1,12.963660718169418,-2.259889575
1768,passoré(yako),gombre,burkina_faso,2009-11-16,-0.926690055742259,9,4,1,hh,national,180,1,12.963660718169418,-2.259889575
1768,passoré(yako),gombre,burkina_faso,2009-11-16,-0.926690055742259,9,4,1,hh,national,108,1,12.963660718169418,-2.259889575
1768,passoré(yako),gombre,burkina_faso,2009-11-16,-0.926690055742259,9,4,1,hh,national,48,NA,12.963660718169418,-2.259889575
1769,passoré(yako),gombre,burkina_faso,2009-11-16,-0.9432077599456841,7,1,NA,hh,national,81,NA,12.963660718169418,-2.259889575
1770,passoré(yako),gombre,burkina_faso,2009-11-16,0.4939111346225123,13,5,NA,hh,national,159,NA,12.963660718169418,-2.259889575
1770,passoré(yako),gombre,burkina_faso,2009-11-16,0.4939111346225123,13,5,NA,hh,national,159,NA,12.963660718169418,-2.259889575
1770,passoré(yako),gombre,burkina_faso,2009-11-16,0.4939111346225123,13,5,NA,hh,national,60,NA,12.963660718169418,-2.259889575
1770,passoré(yako),gombre,burkina_faso,2009-11-16,0.4939111346225123,13,5,NA,hh,national,126,NA,12.963660718169418,-2.259889575
1770,passoré(yako),gombre,burkina_faso,2009-11-16,0.4939111346225123,13,5,NA,hh,national,126,NA,12.963660718169418,-2.259889575
1771,passoré(yako),gombre,burkina_faso,2009-11-16,-0.9286721802466702,16,2,1,hh,national,72,NA,12.963660718169418,-2.259889575
1771,passoré(yako),gombre,burkina_faso,2009-11-16,-0.9286721802466702,16,2,1,hh,national,24,1,12.963660718169418,-2.259889575
1772,passoré(yako),gombre,burkina_faso,2009-11-16,-0.9445291762819581,12,1,1,hh,national,120,1,12.963660718169418,-2.259889575
1773,passoré(yako),gombre,burkina_faso,2009-11-16,-0.9762431683525341,8,1,NA,hh,national,12,NA,12.963660718169418,-2.259889575
1774,passoré(yako),gombre,burkina_faso,2009-11-16,-0.6002078993881881,18,4,1,hh,international,48,1,12.963660718169418,-2.259889575
1774,passoré(yako),gombre,burkina_faso,2009-11-16,-0.6002078993881881,18,4,1,hh,international,72,1,12.963660718169418,-2.259889575
1774,passoré(yako),gombre,burkina_faso,2009-11-16,-0.6002078993881881,18,4,1,hh,international,36,1,12.963660718169418,-2.259889575
1774,passoré(yako),gombre,burkina_faso,2009-11-16,-0.6002078993881881,18,4,1,hh,international,84,NA,12.963660718169418,-2.259889575
1774,passoré(yako),gombre,burkina_faso,2009-11-16,-0.6002078993881881,18,4,1,non-hh,national,NA,1,12.963660718169418,-2.259889575
1774,passoré(yako),gombre,burkina_faso,2009-11-16,-0.6002078993881881,18,4,1,non-hh,national,NA,1,12.963660718169418,-2.259889575
1775,passoré(yako),gombre,burkina_faso,2009-11-16,0.8311879759942391,16,2,NA,hh,international,264,NA,12.963660718169418,-2.259889575
1775,passoré(yako),gombre,burkina_faso,2009-11-16,0.8311879759942391,16,2,NA,hh,international,252,NA,12.963660718169418,-2.259889575
1776,passoré(yako),gombre,burkina_faso,2009-11-16,-0.5888814736486967,8,1,1,hh,international,120,1,12.963660718169418,-2.259889575
1777,passoré(yako),gombre,burkina_faso,2009-11-16,-0.9564219233084241,3,1,1,hh,international,60,1,12.963660718169418,-2.259889575
1778,passoré(yako),gombre,burkina_faso,2009-11-19,-0.5945446865184424,16,1,1,hh,international,144,1,12.963660718169418,-2.259889575
1779,passoré(yako),gombre,burkina_faso,2009-11-16,-0.9299935965829442,10,1,1,hh,international,244,1,12.963660718169418,-2.259889575
1779,passoré(yako),gombre,burkina_faso,2009-11-16,-0.9299935965829442,10,1,1,non-hh,national,NA,1,12.963660718169418,-2.259889575
1780,passoré(yako),gombre,burkina_faso,2009-11-16,-0.5921850144893818,13,4,1,hh,international,120,1,12.963660718169418,-2.259889575
1780,passoré(yako),gombre,burkina_faso,2009-11-16,-0.5921850144893818,13,4,1,hh,international,120,1,12.963660718169418,-2.259889575
1780,passoré(yako),gombre,burkina_faso,2009-11-16,-0.5921850144893818,13,4,1,hh,international,120,1,12.963660718169418,-2.259889575
1780,passoré(yako),gombre,burkina_faso,2009-11-16,-0.5921850144893818,13,4,1,hh,international,120,1,12.963660718169418,-2.259889575
1781,passoré(yako),gombre,burkina_faso,2009-11-16,-0.919611039655077,8,1,1,hh,international,12,1,12.963660718169418,-2.259889575
1782,passoré(yako),gombre,burkina_faso,2009-11-16,-0.6053991778521217,17,12,1,hh,international,144,NA,12.963660718169418,-2.259889575
1782,passoré(yako),gombre,burkina_faso,2009-11-16,-0.6053991778521217,17,12,1,hh,international,144,NA,12.963660718169418,-2.259889575
1782,passoré(yako),gombre,burkina_faso,2009-11-16,-0.6053991778521217,17,12,1,hh,international,60,NA,12.963660718169418,-2.259889575
1782,passoré(yako),gombre,burkina_faso,2009-11-16,-0.6053991778521217,17,12,1,hh,international,96,NA,12.963660718169418,-2.259889575
1782,passoré(yako),gombre,burkina_faso,2009-11-16,-0.6053991778521217,17,12,1,hh,international,240,1,12.963660718169418,-2.259889575
1782,passoré(yako),gombre,burkina_faso,2009-11-16,-0.6053991778521217,17,12,1,hh,international,144,1,12.963660718169418,-2.259889575
1782,passoré(yako),gombre,burkina_faso,2009-11-16,-0.6053991778521217,17,12,1,hh,international,132,1,12.963660718169418,-2.259889575
1782,passoré(yako),gombre,burkina_faso,2009-11-16,-0.6053991778521217,17,12,1,hh,international,12,NA,12.963660718169418,-2.259889575
1782,passoré(yako),gombre,burkina_faso,2009-11-16,-0.6053991778521217,17,12,1,hh,international,60,NA,12.963660718169418,-2.259889575
1782,passoré(yako),gombre,burkina_faso,2009-11-16,-0.6053991778521217,17,12,1,hh,international,48,NA,12.963660718169418,-2.259889575
1782,passoré(yako),gombre,burkina_faso,2009-11-16,-0.6053991778521217,17,12,1,hh,international,180,1,12.963660718169418,-2.259889575
1782,passoré(yako),gombre,burkina_faso,2009-11-16,-0.6053991778521217,17,12,1,hh,international,144,1,12.963660718169418,-2.259889575
1783,passoré(yako),ilyale,burkina_faso,2009-11-03,-0.7745290570405126,10,3,1,hh,international,180,1,12.963660718169418,-2.259889575
1783,passoré(yako),ilyale,burkina_faso,2009-11-03,-0.7745290570405126,10,3,1,hh,international,36,1,12.963660718169418,-2.259889575
1783,passoré(yako),ilyale,burkina_faso,2009-11-03,-0.7745290570405126,10,3,1,hh,international,36,1,12.963660718169418,-2.259889575
1783,passoré(yako),ilyale,burkina_faso,2009-11-03,-0.7745290570405126,10,3,1,non-hh,international,NA,1,12.963660718169418,-2.259889575
1784,passoré(yako),ilyale,burkina_faso,2009-11-03,-0.949814841627054,8,4,1,hh,international,76,NA,12.963660718169418,-2.259889575
1784,passoré(yako),ilyale,burkina_faso,2009-11-03,-0.949814841627054,8,4,1,hh,international,122,NA,12.963660718169418,-2.259889575
1784,passoré(yako),ilyale,burkina_faso,2009-11-03,-0.949814841627054,8,4,1,hh,international,25,NA,12.963660718169418,-2.259889575
1784,passoré(yako),ilyale,burkina_faso,2009-11-03,-0.949814841627054,8,4,1,hh,international,15,NA,12.963660718169418,-2.259889575
1784,passoré(yako),ilyale,burkina_faso,2009-11-03,-0.949814841627054,8,4,1,non-hh,international,NA,1,12.963660718169418,-2.259889575
1784,passoré(yako),ilyale,burkina_faso,2009-11-03,-0.949814841627054,8,4,1,non-hh,international,NA,1,12.963660718169418,-2.259889575
1785,passoré(yako),ilyale,burkina_faso,2009-11-02,-0.7910467612439374,5,3,1,hh,international,24,1,12.963660718169418,-2.259889575
1785,passoré(yako),ilyale,burkina_faso,2009-11-02,-0.7910467612439374,5,3,1,hh,international,84,1,12.963660718169418,-2.259889575
1785,passoré(yako),ilyale,burkina_faso,2009-11-02,-0.7910467612439374,5,3,1,hh,international,144,1,12.963660718169418,-2.259889575
1786,passoré(yako),ilyale,burkina_faso,2009-11-02,1.8278500061924652,6,6,1,hh,international,36,1,12.963660718169418,-2.259889575
1786,passoré(yako),ilyale,burkina_faso,2009-11-02,1.8278500061924652,6,6,1,hh,international,108,1,12.963660718169418,-2.259889575
1786,passoré(yako),ilyale,burkina_faso,2009-11-02,1.8278500061924652,6,6,1,hh,international,12,1,12.963660718169418,-2.259889575
1786,passoré(yako),ilyale,burkina_faso,2009-11-02,1.8278500061924652,6,6,1,hh,international,10,NA,12.963660718169418,-2.259889575
1786,passoré(yako),ilyale,burkina_faso,2009-11-02,1.8278500061924652,6,6,1,hh,international,60,NA,12.963660718169418,-2.259889575
1786,passoré(yako),ilyale,burkina_faso,2009-11-02,1.8278500061924652,6,6,1,hh,international,NA,1,12.963660718169418,-2.259889575
1786,passoré(yako),ilyale,burkina_faso,2009-11-02,1.8278500061924652,6,6,1,non-hh,,NA,1,12.963660718169418,-2.259889575
1786,passoré(yako),ilyale,burkina_faso,2009-11-02,1.8278500061924652,6,6,1,non-hh,,NA,1,12.963660718169418,-2.259889575
1786,passoré(yako),ilyale,burkina_faso,2009-11-02,1.8278500061924652,6,6,1,non-hh,,NA,1,12.963660718169418,-2.259889575
1786,passoré(yako),ilyale,burkina_faso,2009-11-02,1.8278500061924652,6,6,1,non-hh,,NA,1,12.963660718169418,-2.259889575
1786,passoré(yako),ilyale,burkina_faso,2009-11-02,1.8278500061924652,6,6,1,non-hh,,NA,1,12.963660718169418,-2.259889575
1787,passoré(yako),ilyale,burkina_faso,2009-11-03,-0.7833384992823391,19,5,1,hh,international,36,1,12.963660718169418,-2.259889575
1787,passoré(yako),ilyale,burkina_faso,2009-11-03,-0.7833384992823391,19,5,1,hh,international,12,NA,12.963660718169418,-2.259889575
1787,passoré(yako),ilyale,burkina_faso,2009-11-03,-0.7833384992823391,19,5,1,hh,international,252,1,12.963660718169418,-2.259889575
1787,passoré(yako),ilyale,burkina_faso,2009-11-03,-0.7833384992823391,19,5,1,hh,international,180,1,12.963660718169418,-2.259889575
1787,passoré(yako),ilyale,burkina_faso,2009-11-03,-0.7833384992823391,19,5,1,hh,international,372,1,12.963660718169418,-2.259889575
1787,passoré(yako),ilyale,burkina_faso,2009-11-03,-0.7833384992823391,19,5,1,non-hh,international,NA,1,12.963660718169418,-2.259889575
1788,passoré(yako),ilyale,burkina_faso,2009-11-03,-0.9242124001117453,11,7,1,hh,international,110,NA,12.963660718169418,-2.259889575
1788,passoré(yako),ilyale,burkina_faso,2009-11-03,-0.9242124001117453,11,7,1,hh,international,100,1,12.963660718169418,-2.259889575
1788,passoré(yako),ilyale,burkina_faso,2009-11-03,-0.9242124001117453,11,7,1,hh,international,90,1,12.963660718169418,-2.259889575
1788,passoré(yako),ilyale,burkina_faso,2009-11-03,-0.9242124001117453,11,7,1,hh,international,99,1,12.963660718169418,-2.259889575
1788,passoré(yako),ilyale,burkina_faso,2009-11-03,-0.9242124001117453,11,7,1,hh,international,100,1,12.963660718169418,-2.259889575
1788,passoré(yako),ilyale,burkina_faso,2009-11-03,-0.9242124001117453,11,7,1,hh,international,90,1,12.963660718169418,-2.259889575
1788,passoré(yako),ilyale,burkina_faso,2009-11-03,-0.9242124001117453,11,7,1,hh,international,99,1,12.963660718169418,-2.259889575
1788,passoré(yako),ilyale,burkina_faso,2009-11-03,-0.9242124001117453,11,7,1,non-hh,international,NA,1,12.963660718169418,-2.259889575
1789,passoré(yako),ilyale,burkina_faso,2009-11-03,-0.43341693410626503,16,6,1,hh,international,100,1,12.963660718169418,-2.259889575
1789,passoré(yako),ilyale,burkina_faso,2009-11-03,-0.43341693410626503,16,6,1,hh,international,122,1,12.963660718169418,-2.259889575
1789,passoré(yako),ilyale,burkina_faso,2009-11-03,-0.43341693410626503,16,6,1,hh,international,95,1,12.963660718169418,-2.259889575
1789,passoré(yako),ilyale,burkina_faso,2009-11-03,-0.43341693410626503,16,6,1,hh,international,95,1,12.963660718169418,-2.259889575
1789,passoré(yako),ilyale,burkina_faso,2009-11-03,-0.43341693410626503,16,6,1,hh,international,75,1,12.963660718169418,-2.259889575
1789,passoré(yako),ilyale,burkina_faso,2009-11-03,-0.43341693410626503,16,6,1,hh,international,75,1,12.963660718169418,-2.259889575
1790,passoré(yako),ilyale,burkina_faso,2009-11-03,-1.0357069034848638,7,1,1,hh,,NA,1,12.963660718169418,-2.259889575
1790,passoré(yako),ilyale,burkina_faso,2009-11-03,-1.0357069034848638,7,1,1,non-hh,national,NA,1,12.963660718169418,-2.259889575
1791,passoré(yako),ilyale,burkina_faso,2009-11-03,-1.1348131287054135,12,4,1,hh,international,300,1,12.963660718169418,-2.259889575
1791,passoré(yako),ilyale,burkina_faso,2009-11-03,-1.1348131287054135,12,4,1,hh,international,240,1,12.963660718169418,-2.259889575
1791,passoré(yako),ilyale,burkina_faso,2009-11-03,-1.1348131287054135,12,4,1,hh,international,252,1,12.963660718169418,-2.259889575
1791,passoré(yako),ilyale,burkina_faso,2009-11-03,-1.1348131287054135,12,4,1,hh,international,276,1,12.963660718169418,-2.259889575
1791,passoré(yako),ilyale,burkina_faso,2009-11-03,-1.1348131287054135,12,4,1,non-hh,,NA,1,12.963660718169418,-2.259889575
1791,passoré(yako),ilyale,burkina_faso,2009-11-03,-1.1348131287054135,12,4,1,non-hh,,NA,1,12.963660718169418,-2.259889575
1792,passoré(yako),ilyale,burkina_faso,2009-11-03,-0.7679219753591424,4,1,1,hh,national,12,1,12.963660718169418,-2.259889575
1792,passoré(yako),ilyale,burkina_faso,2009-11-03,-0.7679219753591424,4,1,1,non-hh,national,NA,1,12.963660718169418,-2.259889575
1793,passoré(yako),ilyale,burkina_faso,2009-11-02,-0.940564927273136,11,2,1,hh,national,240,NA,12.963660718169418,-2.259889575
1793,passoré(yako),ilyale,burkina_faso,2009-11-02,-0.940564927273136,11,2,1,hh,national,84,NA,12.963660718169418,-2.259889575
1793,passoré(yako),ilyale,burkina_faso,2009-11-02,-0.940564927273136,11,2,1,non-hh,international,NA,1,12.963660718169418,-2.259889575
1794,passoré(yako),ilyale,burkina_faso,2009-11-03,-0.5928457226575187,11,3,1,hh,national,24,NA,12.963660718169418,-2.259889575
1794,passoré(yako),ilyale,burkina_faso,2009-11-03,-0.5928457226575187,11,3,1,hh,national,180,1,12.963660718169418,-2.259889575
1794,passoré(yako),ilyale,burkina_faso,2009-11-03,-0.5928457226575187,11,3,1,hh,national,12,NA,12.963660718169418,-2.259889575
1794,passoré(yako),ilyale,burkina_faso,2009-11-03,-0.5928457226575187,11,3,1,non-hh,national,NA,1,12.963660718169418,-2.259889575
1794,passoré(yako),ilyale,burkina_faso,2009-11-03,-0.5928457226575187,11,3,1,non-hh,national,NA,1,12.963660718169418,-2.259889575
1794,passoré(yako),ilyale,burkina_faso,2009-11-03,-0.5928457226575187,11,3,1,non-hh,national,NA,1,12.963660718169418,-2.259889575
1795,passoré(yako),ilyale,burkina_faso,2009-11-03,-0.7635172542382291,10,2,NA,hh,national,13,NA,12.963660718169418,-2.259889575
1795,passoré(yako),ilyale,burkina_faso,2009-11-03,-0.7635172542382291,10,2,NA,hh,national,14,NA,12.963660718169418,-2.259889575
1796,passoré(yako),ilyale,burkina_faso,2009-11-03,-0.6483452087810266,5,2,1,hh,,NA,1,12.963660718169418,-2.259889575
1796,passoré(yako),ilyale,burkina_faso,2009-11-03,-0.6483452087810266,5,2,1,hh,,NA,1,12.963660718169418,-2.259889575
1796,passoré(yako),ilyale,burkina_faso,2009-11-03,-0.6483452087810266,5,2,1,non-hh,,NA,1,12.963660718169418,-2.259889575
1796,passoré(yako),ilyale,burkina_faso,2009-11-03,-0.6483452087810266,5,2,1,non-hh,,NA,1,12.963660718169418,-2.259889575
1796,passoré(yako),ilyale,burkina_faso,2009-11-03,-0.6483452087810266,5,2,1,non-hh,,NA,1,12.963660718169418,-2.259889575
1797,passoré(yako),ilyale,burkina_faso,2009-11-03,-0.9514666120473967,11,1,1,hh,national,34,1,12.963660718169418,-2.259889575
1797,passoré(yako),ilyale,burkina_faso,2009-11-03,-0.9514666120473967,11,1,1,non-hh,international,NA,1,12.963660718169418,-2.259889575
1798,passoré(yako),ilyale,burkina_faso,2009-11-03,-0.9960644133966439,5,2,1,hh,international,336,1,12.963660718169418,-2.259889575
1798,passoré(yako),ilyale,burkina_faso,2009-11-03,-0.9960644133966439,5,2,1,hh,international,360,1,12.963660718169418,-2.259889575
1798,passoré(yako),ilyale,burkina_faso,2009-11-03,-0.9960644133966439,5,2,1,non-hh,,NA,1,12.963660718169418,-2.259889575
1798,passoré(yako),ilyale,burkina_faso,2009-11-03,-0.9960644133966439,5,2,1,non-hh,,NA,1,12.963660718169418,-2.259889575
1799,passoré(yako),ilyale,burkina_faso,2009-11-03,-0.8207786288101024,4,3,1,hh,national,122,NA,12.963660718169418,-2.259889575
1799,passoré(yako),ilyale,burkina_faso,2009-11-03,-0.8207786288101024,4,3,1,hh,national,122,1,12.963660718169418,-2.259889575
1799,passoré(yako),ilyale,burkina_faso,2009-11-03,-0.8207786288101024,4,3,1,hh,national,122,NA,12.963660718169418,-2.259889575
1799,passoré(yako),ilyale,burkina_faso,2009-11-03,-0.8207786288101024,4,3,1,non-hh,national,NA,1,12.963660718169418,-2.259889575
1800,passoré(yako),ilyale,burkina_faso,2009-11-03,-1.0158856584407538,6,1,1,hh,,NA,1,12.963660718169418,-2.259889575
1800,passoré(yako),ilyale,burkina_faso,2009-11-03,-1.0158856584407538,6,1,1,non-hh,,NA,1,12.963660718169418,-2.259889575
1800,passoré(yako),ilyale,burkina_faso,2009-11-03,-1.0158856584407538,6,1,1,non-hh,,NA,1,12.963660718169418,-2.259889575
1820,passoré(yako),lantaga,burkina_faso,2009-11-12,-0.8009573837659925,9,1,NA,hh,national,52,NA,12.762932763845306,-2.187679805
1821,passoré(yako),lantaga,burkina_faso,2009-11-11,-0.8108680062880473,7,1,NA,hh,national,37,NA,12.762932763845306,-2.187679805
1822,passoré(yako),lantaga,burkina_faso,2009-11-11,-0.9399042191049991,13,1,1,hh,national,182,1,12.762932763845306,-2.187679805
1823,passoré(yako),lantaga,burkina_faso,2009-11-11,-0.9233865149015741,4,1,1,hh,national,123,1,12.762932763845306,-2.187679805
1824,passoré(yako),lantaga,burkina_faso,2009-11-12,-0.9167794332202042,8,1,1,hh,national,49,1,12.762932763845306,-2.187679805
1825,passoré(yako),lantaga,burkina_faso,2009-11-11,-0.9366006782643141,4,1,NA,hh,national,18,NA,12.762932763845306,-2.187679805
1826,passoré(yako),lantaga,burkina_faso,2009-11-12,-0.2098272522782505,17,1,NA,hh,international,37,NA,12.762932763845306,-2.187679805
1827,passoré(yako),lantaga,burkina_faso,2009-11-11,-0.776180827460855,7,1,1,hh,national,40,1,12.762932763845306,-2.187679805
1828,passoré(yako),lantaga,burkina_faso,2009-11-12,-0.7497525007353751,5,4,1,hh,international,254,1,12.762932763845306,-2.187679805
1828,passoré(yako),lantaga,burkina_faso,2009-11-12,-0.7497525007353751,5,4,1,hh,international,207,NA,12.762932763845306,-2.187679805
1828,passoré(yako),lantaga,burkina_faso,2009-11-12,-0.7497525007353751,5,4,1,hh,international,232,NA,12.762932763845306,-2.187679805
1828,passoré(yako),lantaga,burkina_faso,2009-11-12,-0.7497525007353751,5,4,1,hh,international,185,NA,12.762932763845306,-2.187679805
1829,passoré(yako),lantaga,burkina_faso,2009-11-12,-0.7860914499829099,9,4,NA,hh,international,256,NA,12.762932763845306,-2.187679805
1829,passoré(yako),lantaga,burkina_faso,2009-11-12,-0.7860914499829099,9,4,NA,hh,international,315,NA,12.762932763845306,-2.187679805
1829,passoré(yako),lantaga,burkina_faso,2009-11-12,-0.7860914499829099,9,4,NA,hh,international,207,NA,12.762932763845306,-2.187679805
1829,passoré(yako),lantaga,burkina_faso,2009-11-12,-0.7860914499829099,9,4,NA,hh,international,13,NA,12.762932763845306,-2.187679805
1830,passoré(yako),lantaga,burkina_faso,2009-11-11,-0.7783045322870097,13,1,1,hh,international,253,1,12.762932763845306,-2.187679805
1831,passoré(yako),lantaga,burkina_faso,2009-11-11,-0.7679219753591424,8,2,1,hh,international,182,1,12.762932763845306,-2.187679805
1831,passoré(yako),lantaga,burkina_faso,2009-11-11,-0.7679219753591424,8,2,1,hh,international,448,NA,12.762932763845306,-2.187679805
1832,passoré(yako),lantaga,burkina_faso,2009-11-11,-0.9326364292554921,9,1,1,hh,international,181,NA,12.762932763845306,-2.187679805
1832,passoré(yako),lantaga,burkina_faso,2009-11-11,-0.9326364292554921,9,1,1,non-hh,,NA,1,12.762932763845306,-2.187679805
1833,passoré(yako),lantaga,burkina_faso,2009-11-12,-0.926690055742259,3,1,NA,hh,international,29,NA,12.762932763845306,-2.187679805
1834,passoré(yako),lantaga,burkina_faso,2009-11-12,-0.7910467612439374,10,3,1,hh,international,37,NA,12.762932763845306,-2.187679805
1834,passoré(yako),lantaga,burkina_faso,2009-11-12,-0.7910467612439374,10,3,1,hh,international,25,1,12.762932763845306,-2.187679805
1834,passoré(yako),lantaga,burkina_faso,2009-11-12,-0.7910467612439374,10,3,1,hh,international,61,NA,12.762932763845306,-2.187679805
1835,passoré(yako),lantaga,burkina_faso,2009-11-11,-0.7745290570405126,5,3,1,hh,international,109,1,12.762932763845306,-2.187679805
1835,passoré(yako),lantaga,burkina_faso,2009-11-11,-0.7745290570405126,5,3,1,hh,international,37,NA,12.762932763845306,-2.187679805
1835,passoré(yako),lantaga,burkina_faso,2009-11-11,-0.7745290570405126,5,3,1,hh,international,22,NA,12.762932763845306,-2.187679805
1836,passoré(yako),lantaga,burkina_faso,2009-11-12,-0.7712255161998274,12,2,1,hh,international,121,1,12.762932763845306,-2.187679805
1836,passoré(yako),lantaga,burkina_faso,2009-11-12,-0.7712255161998274,12,2,1,hh,international,73,NA,12.762932763845306,-2.187679805
1836,passoré(yako),lantaga,burkina_faso,2009-11-12,-0.7712255161998274,12,2,1,non-hh,,NA,1,12.762932763845306,-2.187679805
1839,passoré(yako),reanon,burkina_faso,2009-11-12,-0.946511300786369,10,1,1,hh,international,135,1,12.963660718169418,-2.259889575
1846,passoré(yako),reanon,burkina_faso,2009-11-13,-0.5775550479092053,10,1,1,hh,national,122,1,12.963660718169418,-2.259889575
1847,passoré(yako),reanon,burkina_faso,2009-11-13,-0.43341693410626503,14,1,1,hh,national,182,NA,12.963660718169418,-2.259889575
1847,passoré(yako),reanon,burkina_faso,2009-11-13,-0.43341693410626503,14,1,1,non-hh,international,NA,1,12.963660718169418,-2.259889575
1848,passoré(yako),reanon,burkina_faso,2009-11-13,-0.9366006782643141,4,1,1,hh,national,180,1,12.963660718169418,-2.259889575
1849,passoré(yako),reanon,burkina_faso,2009-11-12,0.06744101052771453,8,1,1,hh,national,240,1,12.963660718169418,-2.259889575
1849,passoré(yako),reanon,burkina_faso,2009-11-12,0.06744101052771453,8,1,1,non-hh,international,NA,1,12.963660718169418,-2.259889575
1849,passoré(yako),reanon,burkina_faso,2009-11-12,0.06744101052771453,8,1,1,non-hh,international,NA,1,12.963660718169418,-2.259889575
1850,passoré(yako),reanon,burkina_faso,2009-11-12,-0.9564219233084241,6,1,1,hh,national,122,1,12.963660718169418,-2.259889575
1851,passoré(yako),reanon,burkina_faso,2009-11-13,-0.7910467612439374,10,1,1,hh,national,48,1,12.963660718169418,-2.259889575
1852,passoré(yako),reanon,burkina_faso,2009-11-13,-0.9341230226338004,15,1,NA,hh,national,122,NA,12.963660718169418,-2.259889575
1853,passoré(yako),reanon,burkina_faso,2009-11-13,-0.9316453670032867,7,1,NA,hh,national,87,NA,12.963660718169418,-2.259889575
1854,passoré(yako),reanon,burkina_faso,2009-11-13,-0.7712255161998274,12,1,NA,hh,national,244,NA,12.963660718169418,-2.259889575
1855,passoré(yako),reanon,burkina_faso,2009-11-12,-0.5715378842351005,9,1,1,hh,international,120,NA,12.963660718169418,-2.259889575
1855,passoré(yako),reanon,burkina_faso,2009-11-12,-0.5715378842351005,9,1,1,non-hh,international,NA,1,12.963660718169418,-2.259889575
1856,passoré(yako),reanon,burkina_faso,2009-11-13,-0.9207436822290263,6,1,1,hh,international,75,1,12.963660718169418,-2.259889575
1856,passoré(yako),reanon,burkina_faso,2009-11-13,-0.9207436822290263,6,1,1,non-hh,national,NA,1,12.963660718169418,-2.259889575
1857,passoré(yako),reanon,burkina_faso,2009-11-13,-0.926690055742259,3,1,1,hh,international,132,1,12.963660718169418,-2.259889575
1858,passoré(yako),reanon,burkina_faso,2009-11-13,0.14336032357202222,14,1,NA,hh,international,18,NA,12.963660718169418,-2.259889575
1859,passoré(yako),reanon,burkina_faso,2009-11-12,-0.946511300786369,5,1,NA,hh,international,24,NA,12.963660718169418,-2.259889575
1860,passoré(yako),reanon,burkina_faso,2009-11-12,0.08561048515148195,7,2,NA,hh,international,48,NA,12.963660718169418,-2.259889575
1860,passoré(yako),reanon,burkina_faso,2009-11-12,0.08561048515148195,7,2,NA,hh,international,36,NA,12.963660718169418,-2.259889575
1861,passoré(yako),reanon,burkina_faso,2009-11-13,0.1667453557785013,11,1,1,hh,international,61,1,12.963660718169418,-2.259889575
1862,passoré(yako),reanon,burkina_faso,2009-11-12,-0.7890646367395264,12,2,NA,hh,international,412,NA,12.963660718169418,-2.259889575
1862,passoré(yako),reanon,burkina_faso,2009-11-12,-0.7890646367395264,12,2,NA,hh,international,280,NA,12.963660718169418,-2.259889575
1863,passoré(yako),reanon,burkina_faso,2009-11-12,-0.7910467612439374,15,2,1,hh,international,85,1,12.963660718169418,-2.259889575
1863,passoré(yako),reanon,burkina_faso,2009-11-12,-0.7910467612439374,15,2,1,hh,international,64,1,12.963660718169418,-2.259889575
1873,yatenga(ouahigouya),balongo,burkina_faso,2009-11-03,-0.776180827460855,7,2,1,hh,national,76,1,13.659450000000001,-2.48013
1873,yatenga(ouahigouya),balongo,burkina_faso,2009-11-03,-0.776180827460855,7,2,1,hh,national,57,1,13.659450000000001,-2.48013
1873,yatenga(ouahigouya),balongo,burkina_faso,2009-11-03,-0.776180827460855,7,2,1,non-hh,national,NA,1,13.659450000000001,-2.48013
1874,yatenga(ouahigouya),balongo,burkina_faso,2009-11-02,-0.43341693410626503,6,1,1,hh,national,NA,1,13.659450000000001,-2.48013
1875,yatenga(ouahigouya),balongo,burkina_faso,2009-11-03,-0.8009573837659925,6,1,1,hh,national,348,1,13.659450000000001,-2.48013
1875,yatenga(ouahigouya),balongo,burkina_faso,2009-11-03,-0.8009573837659925,6,1,1,non-hh,international,NA,1,13.659450000000001,-2.48013
1876,yatenga(ouahigouya),balongo,burkina_faso,2009-11-03,-0.7811361387218825,8,1,1,hh,national,72,1,13.659450000000001,-2.48013
1877,yatenga(ouahigouya),balongo,burkina_faso,2009-11-02,-0.4383722453672926,9,2,1,hh,national,84,1,13.659450000000001,-2.48013
1877,yatenga(ouahigouya),balongo,burkina_faso,2009-11-02,-0.4383722453672926,9,2,1,hh,national,120,1,13.659450000000001,-2.48013
1878,yatenga(ouahigouya),balongo,burkina_faso,2009-11-03,-0.5888814736486967,6,2,NA,hh,national,12,NA,13.659450000000001,-2.48013
1878,yatenga(ouahigouya),balongo,burkina_faso,2009-11-03,-0.5888814736486967,6,2,NA,hh,national,72,NA,13.659450000000001,-2.48013
1879,yatenga(ouahigouya),balongo,burkina_faso,2009-11-03,-0.5789708511266417,3,1,NA,hh,international,240,NA,13.659450000000001,-2.48013
1880,yatenga(ouahigouya),balongo,burkina_faso,2009-11-02,-0.9415559895253416,9,2,1,hh,international,36,1,13.659450000000001,-2.48013
1880,yatenga(ouahigouya),balongo,burkina_faso,2009-11-02,-0.9415559895253416,9,2,1,hh,international,120,NA,13.659450000000001,-2.48013
1881,yatenga(ouahigouya),balongo,burkina_faso,2009-11-02,-0.7662702049387999,5,3,1,hh,international,36,1,13.659450000000001,-2.48013
1881,yatenga(ouahigouya),balongo,burkina_faso,2009-11-02,-0.7662702049387999,5,3,1,hh,international,360,1,13.659450000000001,-2.48013
1881,yatenga(ouahigouya),balongo,burkina_faso,2009-11-02,-0.7662702049387999,5,3,1,hh,international,24,1,13.659450000000001,-2.48013
1882,yatenga(ouahigouya),balongo,burkina_faso,2009-11-03,-0.03397514640473433,7,2,1,hh,international,84,1,13.659450000000001,-2.48013
1882,yatenga(ouahigouya),balongo,burkina_faso,2009-11-03,-0.03397514640473433,7,2,1,hh,international,84,1,13.659450000000001,-2.48013
1883,yatenga(ouahigouya),balongo,burkina_faso,2009-11-02,-0.7679219753591424,4,2,1,hh,national,47,NA,13.659450000000001,-2.48013
1883,yatenga(ouahigouya),balongo,burkina_faso,2009-11-02,-0.7679219753591424,4,2,1,hh,national,121,1,13.659450000000001,-2.48013
1884,yatenga(ouahigouya),balongo,burkina_faso,2009-11-02,-0.43341693410626503,6,2,1,hh,international,24,1,13.659450000000001,-2.48013
1884,yatenga(ouahigouya),balongo,burkina_faso,2009-11-02,-0.43341693410626503,6,2,1,hh,international,72,1,13.659450000000001,-2.48013
1885,yatenga(ouahigouya),balongo,burkina_faso,2009-11-03,-0.8168143798012804,19,2,1,hh,international,36,NA,13.659450000000001,-2.48013
1885,yatenga(ouahigouya),balongo,burkina_faso,2009-11-03,-0.8168143798012804,19,2,1,hh,international,144,1,13.659450000000001,-2.48013
1886,yatenga(ouahigouya),balongo,burkina_faso,2009-11-03,-0.9299935965829442,5,2,1,hh,international,156,1,13.659450000000001,-2.48013
1886,yatenga(ouahigouya),balongo,burkina_faso,2009-11-03,-0.9299935965829442,5,2,1,hh,international,636,1,13.659450000000001,-2.48013
1887,yatenga(ouahigouya),balongo,burkina_faso,2009-11-02,-0.7860914499829099,9,3,1,hh,international,120,NA,13.659450000000001,-2.48013
1887,yatenga(ouahigouya),balongo,burkina_faso,2009-11-02,-0.7860914499829099,9,3,1,hh,international,360,NA,13.659450000000001,-2.48013
1887,yatenga(ouahigouya),balongo,burkina_faso,2009-11-02,-0.7860914499829099,9,3,1,hh,international,348,1,13.659450000000001,-2.48013
1888,yatenga(ouahigouya),balongo,burkina_faso,2009-11-03,0.492731298607982,23,2,1,hh,national,120,NA,13.659450000000001,-2.48013
1888,yatenga(ouahigouya),balongo,burkina_faso,2009-11-03,0.492731298607982,23,2,1,hh,national,504,1,13.659450000000001,-2.48013
1888,yatenga(ouahigouya),balongo,burkina_faso,2009-11-03,0.492731298607982,23,2,1,non-hh,international,NA,1,13.659450000000001,-2.48013
1888,yatenga(ouahigouya),balongo,burkina_faso,2009-11-03,0.492731298607982,23,2,1,non-hh,international,NA,1,13.659450000000001,-2.48013
1889,yatenga(ouahigouya),balongo,burkina_faso,2009-11-03,-0.7823749665371393,33,10,1,hh,national,35,NA,13.659450000000001,-2.48013
1889,yatenga(ouahigouya),balongo,burkina_faso,2009-11-03,-0.7823749665371393,33,10,1,hh,national,21,NA,13.659450000000001,-2.48013
1889,yatenga(ouahigouya),balongo,burkina_faso,2009-11-03,-0.7823749665371393,33,10,1,hh,national,110,NA,13.659450000000001,-2.48013
1889,yatenga(ouahigouya),balongo,burkina_faso,2009-11-03,-0.7823749665371393,33,10,1,hh,national,63,1,13.659450000000001,-2.48013
1889,yatenga(ouahigouya),balongo,burkina_faso,2009-11-03,-0.7823749665371393,33,10,1,hh,national,99,NA,13.659450000000001,-2.48013
1889,yatenga(ouahigouya),balongo,burkina_faso,2009-11-03,-0.7823749665371393,33,10,1,hh,national,109,NA,13.659450000000001,-2.48013
1889,yatenga(ouahigouya),balongo,burkina_faso,2009-11-03,-0.7823749665371393,33,10,1,hh,national,75,NA,13.659450000000001,-2.48013
1889,yatenga(ouahigouya),balongo,burkina_faso,2009-11-03,-0.7823749665371393,33,10,1,hh,national,60,NA,13.659450000000001,-2.48013
1889,yatenga(ouahigouya),balongo,burkina_faso,2009-11-03,-0.7823749665371393,33,10,1,hh,national,60,NA,13.659450000000001,-2.48013
1889,yatenga(ouahigouya),balongo,burkina_faso,2009-11-03,-0.7823749665371393,33,10,1,hh,national,52,NA,13.659450000000001,-2.48013
1890,yatenga(ouahigouya),balongo,burkina_faso,2009-11-02,-0.4284616228452376,14,4,1,hh,international,132,NA,13.659450000000001,-2.48013
1890,yatenga(ouahigouya),balongo,burkina_faso,2009-11-02,-0.4284616228452376,14,4,1,hh,international,12,NA,13.659450000000001,-2.48013
1890,yatenga(ouahigouya),balongo,burkina_faso,2009-11-02,-0.4284616228452376,14,4,1,hh,international,12,1,13.659450000000001,-2.48013
1890,yatenga(ouahigouya),balongo,burkina_faso,2009-11-02,-0.4284616228452376,14,4,1,hh,international,120,NA,13.659450000000001,-2.48013
1890,yatenga(ouahigouya),balongo,burkina_faso,2009-11-02,-0.4284616228452376,14,4,1,non-hh,international,NA,1,13.659450000000001,-2.48013
1891,yatenga(ouahigouya),barma-mossi,burkina_faso,2009-11-07,-0.9415559895253416,9,2,1,hh,international,111,1,13.240319999999997,-2.05716
1891,yatenga(ouahigouya),barma-mossi,burkina_faso,2009-11-07,-0.9415559895253416,9,2,1,hh,international,111,1,13.240319999999997,-2.05716
1891,yatenga(ouahigouya),barma-mossi,burkina_faso,2009-11-07,-0.9415559895253416,9,2,1,non-hh,national,NA,1,13.240319999999997,-2.05716
1891,yatenga(ouahigouya),barma-mossi,burkina_faso,2009-11-07,-0.9415559895253416,9,2,1,non-hh,national,NA,1,13.240319999999997,-2.05716
1891,yatenga(ouahigouya),barma-mossi,burkina_faso,2009-11-07,-0.9415559895253416,9,2,1,non-hh,national,NA,1,13.240319999999997,-2.05716
1894,yatenga(ouahigouya),barma-mossi,burkina_faso,2009-11-07,-0.7732076407042385,8,1,1,hh,international,12,1,13.240319999999997,-2.05716
1894,yatenga(ouahigouya),barma-mossi,burkina_faso,2009-11-07,-0.7732076407042385,8,1,1,non-hh,national,NA,1,13.240319999999997,-2.05716
1894,yatenga(ouahigouya),barma-mossi,burkina_faso,2009-11-07,-0.7732076407042385,8,1,1,non-hh,national,NA,1,13.240319999999997,-2.05716
1894,yatenga(ouahigouya),barma-mossi,burkina_faso,2009-11-07,-0.7732076407042385,8,1,1,non-hh,national,NA,1,13.240319999999997,-2.05716
1895,yatenga(ouahigouya),barma-mossi,burkina_faso,2009-11-07,-0.473059424194485,8,2,1,hh,international,60,1,13.240319999999997,-2.05716
1895,yatenga(ouahigouya),barma-mossi,burkina_faso,2009-11-07,-0.473059424194485,8,2,1,hh,international,24,NA,13.240319999999997,-2.05716
1896,yatenga(ouahigouya),barma-mossi,burkina_faso,2009-11-07,-0.4202027707435251,8,1,NA,hh,national,24,NA,13.240319999999997,-2.05716
1899,yatenga(ouahigouya),barma-mossi,burkina_faso,2009-11-07,-0.7745290570405126,5,2,1,hh,international,36,1,13.240319999999997,-2.05716
1899,yatenga(ouahigouya),barma-mossi,burkina_faso,2009-11-07,-0.7745290570405126,5,2,1,hh,international,72,1,13.240319999999997,-2.05716
1899,yatenga(ouahigouya),barma-mossi,burkina_faso,2009-11-07,-0.7745290570405126,5,2,1,non-hh,national,NA,1,13.240319999999997,-2.05716
1900,yatenga(ouahigouya),barma-mossi,burkina_faso,2009-11-07,-0.6037474074317792,11,1,1,hh,international,18,1,13.240319999999997,-2.05716
1901,yatenga(ouahigouya),barma-mossi,burkina_faso,2009-11-07,-0.9332971374236292,11,1,1,hh,national,324,1,13.240319999999997,-2.05716
1901,yatenga(ouahigouya),barma-mossi,burkina_faso,2009-11-07,-0.9332971374236292,11,1,1,non-hh,national,NA,1,13.240319999999997,-2.05716
1902,yatenga(ouahigouya),barma-mossi,burkina_faso,2009-11-07,-0.9167794332202042,2,1,1,hh,national,12,1,13.240319999999997,-2.05716
1902,yatenga(ouahigouya),barma-mossi,burkina_faso,2009-11-07,-0.9167794332202042,2,1,1,non-hh,national,NA,1,13.240319999999997,-2.05716
1903,yatenga(ouahigouya),barma-mossi,burkina_faso,2009-11-07,-0.949814841627054,8,1,1,hh,national,144,NA,13.240319999999997,-2.05716
1903,yatenga(ouahigouya),barma-mossi,burkina_faso,2009-11-07,-0.949814841627054,8,1,1,non-hh,national,NA,1,13.240319999999997,-2.05716
1905,yatenga(ouahigouya),barma-mossi,burkina_faso,2009-11-07,-0.43341693410626503,12,1,1,hh,international,120,1,13.240319999999997,-2.05716
1905,yatenga(ouahigouya),barma-mossi,burkina_faso,2009-11-07,-0.43341693410626503,12,1,1,non-hh,national,NA,1,13.240319999999997,-2.05716
1906,yatenga(ouahigouya),barma-mossi,burkina_faso,2009-11-07,-0.8207786288101024,20,4,1,hh,international,204,1,13.240319999999997,-2.05716
1906,yatenga(ouahigouya),barma-mossi,burkina_faso,2009-11-07,-0.8207786288101024,20,4,1,hh,international,372,1,13.240319999999997,-2.05716
1906,yatenga(ouahigouya),barma-mossi,burkina_faso,2009-11-07,-0.8207786288101024,20,4,1,hh,international,36,NA,13.240319999999997,-2.05716
1906,yatenga(ouahigouya),barma-mossi,burkina_faso,2009-11-07,-0.8207786288101024,20,4,1,hh,international,48,NA,13.240319999999997,-2.05716
1906,yatenga(ouahigouya),barma-mossi,burkina_faso,2009-11-07,-0.8207786288101024,20,4,1,non-hh,national,NA,1,13.240319999999997,-2.05716
1908,yatenga(ouahigouya),barma-mossi,burkina_faso,2009-11-07,-0.9299935965829442,5,1,1,hh,national,60,NA,13.240319999999997,-2.05716
1908,yatenga(ouahigouya),barma-mossi,burkina_faso,2009-11-07,-0.9299935965829442,5,1,1,non-hh,national,NA,1,13.240319999999997,-2.05716
1909,yatenga(ouahigouya),barma-mossi,burkina_faso,2009-11-07,-0.43341693410626503,12,1,1,hh,national,180,NA,13.240319999999997,-2.05716
1909,yatenga(ouahigouya),barma-mossi,burkina_faso,2009-11-07,-0.43341693410626503,12,1,1,non-hh,national,NA,1,13.240319999999997,-2.05716
1909,yatenga(ouahigouya),barma-mossi,burkina_faso,2009-11-07,-0.43341693410626503,12,1,1,non-hh,national,NA,1,13.240319999999997,-2.05716
1910,yatenga(ouahigouya),barma-mossi,burkina_faso,2009-11-07,-0.7877432204032524,7,2,1,hh,national,60,1,13.240319999999997,-2.05716
1910,yatenga(ouahigouya),barma-mossi,burkina_faso,2009-11-07,-0.7877432204032524,7,2,1,hh,national,84,1,13.240319999999997,-2.05716
1910,yatenga(ouahigouya),barma-mossi,burkina_faso,2009-11-07,-0.7877432204032524,7,2,1,non-hh,national,NA,1,13.240319999999997,-2.05716
1910,yatenga(ouahigouya),barma-mossi,burkina_faso,2009-11-07,-0.7877432204032524,7,2,1,non-hh,national,NA,1,13.240319999999997,-2.05716
1911,yatenga(ouahigouya),barma-mossi,burkina_faso,2009-11-07,-0.446631097469005,16,2,1,hh,national,36,NA,13.240319999999997,-2.05716
1911,yatenga(ouahigouya),barma-mossi,burkina_faso,2009-11-07,-0.446631097469005,16,2,1,hh,national,48,1,13.240319999999997,-2.05716
1911,yatenga(ouahigouya),barma-mossi,burkina_faso,2009-11-07,-0.446631097469005,16,2,1,non-hh,national,NA,1,13.240319999999997,-2.05716
1912,yatenga(ouahigouya),barma-mossi,burkina_faso,2009-11-07,-0.059082056793940275,8,2,1,hh,national,24,1,13.240319999999997,-2.05716
1912,yatenga(ouahigouya),barma-mossi,burkina_faso,2009-11-07,-0.059082056793940275,8,2,1,hh,national,24,1,13.240319999999997,-2.05716
1912,yatenga(ouahigouya),barma-mossi,burkina_faso,2009-11-07,-0.059082056793940275,8,2,1,non-hh,national,NA,1,13.240319999999997,-2.05716
1913,yatenga(ouahigouya),barma-mossi,burkina_faso,2009-11-07,-0.949814841627054,8,1,1,hh,international,37,1,13.240319999999997,-2.05716
1913,yatenga(ouahigouya),barma-mossi,burkina_faso,2009-11-07,-0.949814841627054,8,1,1,non-hh,national,NA,1,13.240319999999997,-2.05716
1915,yatenga(ouahigouya),barma-mossi,burkina_faso,2009-11-07,-0.7965526626450792,25,1,1,hh,international,84,NA,13.240319999999997,-2.05716
1915,yatenga(ouahigouya),barma-mossi,burkina_faso,2009-11-07,-0.7965526626450792,25,1,1,non-hh,national,NA,1,13.240319999999997,-2.05716
1919,yatenga(ouahigouya),bidi rimaibe thiou,burkina_faso,2009-11-01,-0.9762431683525341,12,1,1,hh,national,107,1,13.908339999999999,-2.48512
1920,yatenga(ouahigouya),bidi rimaibe thiou,burkina_faso,2009-11-01,-0.6087027186928067,12,3,1,hh,international,96,NA,13.908339999999999,-2.48512
1920,yatenga(ouahigouya),bidi rimaibe thiou,burkina_faso,2009-11-01,-0.6087027186928067,12,3,1,hh,international,84,1,13.908339999999999,-2.48512
1920,yatenga(ouahigouya),bidi rimaibe thiou,burkina_faso,2009-11-01,-0.6087027186928067,12,3,1,hh,international,84,1,13.908339999999999,-2.48512
1921,yatenga(ouahigouya),bidi rimaibe thiou,burkina_faso,2009-11-01,-0.19472535129226198,5,1,1,hh,national,180,NA,13.908339999999999,-2.48512
1921,yatenga(ouahigouya),bidi rimaibe thiou,burkina_faso,2009-11-01,-0.19472535129226198,5,1,1,non-hh,national,NA,1,13.908339999999999,-2.48512
1922,yatenga(ouahigouya),bidi rimaibe thiou,burkina_faso,2009-11-01,-0.9299935965829442,10,1,NA,hh,national,48,NA,13.908339999999999,-2.48512
1924,yatenga(ouahigouya),bidi rimaibe thiou,burkina_faso,2009-11-01,-0.9366006782643141,2,2,1,hh,national,84,1,13.908339999999999,-2.48512
1924,yatenga(ouahigouya),bidi rimaibe thiou,burkina_faso,2009-11-01,-0.9366006782643141,2,2,1,hh,national,84,NA,13.908339999999999,-2.48512
1925,yatenga(ouahigouya),bidi rimaibe thiou,burkina_faso,2009-11-01,-0.5756673102859567,4,1,NA,hh,national,36,NA,13.908339999999999,-2.48512
1926,yatenga(ouahigouya),bidi rimaibe thiou,burkina_faso,2009-11-01,0.6295544291208341,20,4,1,hh,international,72,1,13.908339999999999,-2.48512
1926,yatenga(ouahigouya),bidi rimaibe thiou,burkina_faso,2009-11-01,0.6295544291208341,20,4,1,hh,international,120,1,13.908339999999999,-2.48512
1926,yatenga(ouahigouya),bidi rimaibe thiou,burkina_faso,2009-11-01,0.6295544291208341,20,4,1,hh,international,12,1,13.908339999999999,-2.48512
1926,yatenga(ouahigouya),bidi rimaibe thiou,burkina_faso,2009-11-01,0.6295544291208341,20,4,1,hh,international,132,1,13.908339999999999,-2.48512
1927,yatenga(ouahigouya),bidi rimaibe thiou,burkina_faso,2009-11-01,-0.4697558833537999,23,2,1,hh,international,84,NA,13.908339999999999,-2.48512
1927,yatenga(ouahigouya),bidi rimaibe thiou,burkina_faso,2009-11-01,-0.4697558833537999,23,2,1,hh,international,96,1,13.908339999999999,-2.48512
1929,yatenga(ouahigouya),bidi rimaibe thiou,burkina_faso,2009-11-01,0.24596820966349398,14,2,NA,hh,international,168,NA,13.908339999999999,-2.48512
1929,yatenga(ouahigouya),bidi rimaibe thiou,burkina_faso,2009-11-01,0.24596820966349398,14,2,NA,hh,international,168,NA,13.908339999999999,-2.48512
1931,yatenga(ouahigouya),bidi rimaibe thiou,burkina_faso,2009-11-01,-0.8009573837659925,15,5,1,hh,national,204,NA,13.908339999999999,-2.48512
1931,yatenga(ouahigouya),bidi rimaibe thiou,burkina_faso,2009-11-01,-0.8009573837659925,15,5,1,hh,national,72,1,13.908339999999999,-2.48512
1931,yatenga(ouahigouya),bidi rimaibe thiou,burkina_faso,2009-11-01,-0.8009573837659925,15,5,1,hh,national,72,NA,13.908339999999999,-2.48512
1931,yatenga(ouahigouya),bidi rimaibe thiou,burkina_faso,2009-11-01,-0.8009573837659925,15,5,1,hh,national,204,1,13.908339999999999,-2.48512
1931,yatenga(ouahigouya),bidi rimaibe thiou,burkina_faso,2009-11-01,-0.8009573837659925,15,5,1,hh,national,204,NA,13.908339999999999,-2.48512
1933,yatenga(ouahigouya),bidi rimaibe thiou,burkina_faso,2009-11-01,-0.8207786288101024,12,1,1,hh,national,133,1,13.908339999999999,-2.48512
1936,yatenga(ouahigouya),bidi rimaibe thiou,burkina_faso,2009-11-01,-0.4413454321239091,12,1,1,hh,national,25,1,13.908339999999999,-2.48512
1937,yatenga(ouahigouya),bidi rimaibe thiou,burkina_faso,2009-11-01,-0.6285239637369167,12,1,NA,hh,national,62,NA,13.908339999999999,-2.48512
1938,yatenga(ouahigouya),bidi rimaibe thiou,burkina_faso,2009-11-01,-0.46513092617684093,36,3,1,hh,international,12,NA,13.908339999999999,-2.48512
1938,yatenga(ouahigouya),bidi rimaibe thiou,burkina_faso,2009-11-01,-0.46513092617684093,36,3,1,hh,international,156,1,13.908339999999999,-2.48512
1938,yatenga(ouahigouya),bidi rimaibe thiou,burkina_faso,2009-11-01,-0.46513092617684093,36,3,1,hh,international,96,1,13.908339999999999,-2.48512
1940,yatenga(ouahigouya),bidi rimaibe thiou,burkina_faso,2009-11-01,-0.982850250033904,13,1,1,hh,international,96,1,13.908339999999999,-2.48512
1941,yatenga(ouahigouya),bidi rimaibe thiou,burkina_faso,2009-11-01,-0.5938367849097242,9,1,1,hh,international,12,1,13.908339999999999,-2.48512
1942,yatenga(ouahigouya),bidi rimaibe thiou,burkina_faso,2009-11-01,-0.44783238504743594,30,2,1,hh,international,15,NA,13.908339999999999,-2.48512
1942,yatenga(ouahigouya),bidi rimaibe thiou,burkina_faso,2009-11-01,-0.44783238504743594,30,2,1,hh,international,77,1,13.908339999999999,-2.48512
1943,yatenga(ouahigouya),bidi rimaibe thiou,burkina_faso,2009-11-01,-0.43341693410626503,8,1,NA,hh,international,106,NA,13.908339999999999,-2.48512
1945,yatenga(ouahigouya),bissighin,burkina_faso,2009-11-05,-0.7943503020846223,8,1,1,hh,national,240,1,12.50923,-1.7206
1946,yatenga(ouahigouya),bissighin,burkina_faso,2009-11-06,-0.8059126950270199,13,1,1,hh,international,105,1,12.50923,-1.7206
1946,yatenga(ouahigouya),bissighin,burkina_faso,2009-11-06,-0.8059126950270199,13,1,1,non-hh,national,NA,1,12.50923,-1.7206
1946,yatenga(ouahigouya),bissighin,burkina_faso,2009-11-06,-0.8059126950270199,13,1,1,non-hh,national,NA,1,12.50923,-1.7206
1948,yatenga(ouahigouya),bissighin,burkina_faso,2009-11-05,-0.7811361387218825,6,2,1,hh,international,45,NA,12.50923,-1.7206
1948,yatenga(ouahigouya),bissighin,burkina_faso,2009-11-05,-0.7811361387218825,6,2,1,hh,international,12,1,12.50923,-1.7206
1948,yatenga(ouahigouya),bissighin,burkina_faso,2009-11-05,-0.7811361387218825,6,2,1,non-hh,national,NA,1,12.50923,-1.7206
1949,yatenga(ouahigouya),bissighin,burkina_faso,2009-11-06,-0.7771718897130604,9,1,1,hh,international,60,1,12.50923,-1.7206
1949,yatenga(ouahigouya),bissighin,burkina_faso,2009-11-06,-0.7771718897130604,9,1,1,non-hh,national,NA,1,12.50923,-1.7206
1951,yatenga(ouahigouya),bissighin,burkina_faso,2009-11-06,-0.7662702049387999,5,1,1,hh,national,24,1,12.50923,-1.7206
1951,yatenga(ouahigouya),bissighin,burkina_faso,2009-11-06,-0.7662702049387999,5,1,1,non-hh,national,NA,1,12.50923,-1.7206
1953,yatenga(ouahigouya),bissighin,burkina_faso,2009-11-06,-0.7877432204032524,7,1,1,hh,international,216,1,12.50923,-1.7206
1954,yatenga(ouahigouya),bissighin,burkina_faso,2009-11-06,-0.7877432204032524,7,1,1,hh,national,132,1,12.50923,-1.7206
1955,yatenga(ouahigouya),bissighin,burkina_faso,2009-11-06,0.14336032357202222,6,1,1,hh,national,96,1,12.50923,-1.7206
1956,yatenga(ouahigouya),bissighin,burkina_faso,2009-11-06,-0.949814841627054,8,1,NA,hh,national,24,NA,12.50923,-1.7206
1957,yatenga(ouahigouya),bissighin,burkina_faso,2009-11-06,-0.5789708511266417,9,3,1,hh,national,2,1,12.50923,-1.7206
1957,yatenga(ouahigouya),bissighin,burkina_faso,2009-11-06,-0.5789708511266417,9,3,1,hh,national,96,NA,12.50923,-1.7206
1957,yatenga(ouahigouya),bissighin,burkina_faso,2009-11-06,-0.5789708511266417,9,3,1,hh,national,84,NA,12.50923,-1.7206
1958,yatenga(ouahigouya),bissighin,burkina_faso,2009-11-05,-0.9366006782643141,4,1,NA,hh,international,99,NA,12.50923,-1.7206
1959,yatenga(ouahigouya),bissighin,burkina_faso,2009-11-05,-0.9366006782643141,8,1,1,hh,international,120,1,12.50923,-1.7206
1965,yatenga(ouahigouya),bissighin,burkina_faso,2009-11-05,-0.7580113528370875,5,2,1,hh,international,300,1,12.50923,-1.7206
1965,yatenga(ouahigouya),bissighin,burkina_faso,2009-11-05,-0.7580113528370875,5,2,1,hh,international,84,1,12.50923,-1.7206
1966,yatenga(ouahigouya),bissighin,burkina_faso,2009-11-05,-0.7860914499829099,9,1,1,hh,international,24,1,12.50923,-1.7206
1967,yatenga(ouahigouya),bissighin,burkina_faso,2009-11-05,-0.43624854054113793,15,4,1,hh,national,120,1,12.50923,-1.7206
1967,yatenga(ouahigouya),bissighin,burkina_faso,2009-11-05,-0.43624854054113793,15,4,1,hh,national,312,1,12.50923,-1.7206
1967,yatenga(ouahigouya),bissighin,burkina_faso,2009-11-05,-0.43624854054113793,15,4,1,hh,national,60,1,12.50923,-1.7206
1967,yatenga(ouahigouya),bissighin,burkina_faso,2009-11-05,-0.43624854054113793,15,4,1,hh,national,120,1,12.50923,-1.7206
1968,yatenga(ouahigouya),bissighin,burkina_faso,2009-11-06,-0.7745290570405126,5,1,1,hh,national,120,1,12.50923,-1.7206
1969,yatenga(ouahigouya),bissighin,burkina_faso,2009-11-06,-0.776180827460855,7,2,1,hh,national,84,1,12.50923,-1.7206
1969,yatenga(ouahigouya),bissighin,burkina_faso,2009-11-06,-0.776180827460855,7,2,1,hh,national,84,NA,12.50923,-1.7206
1971,yatenga(ouahigouya),bissighin,burkina_faso,2009-11-05,-0.7811361387218825,8,2,1,hh,international,324,1,12.50923,-1.7206
1971,yatenga(ouahigouya),bissighin,burkina_faso,2009-11-05,-0.7811361387218825,8,2,1,hh,international,420,1,12.50923,-1.7206
1973,yatenga(ouahigouya),boulle,burkina_faso,2009-11-09,-0.7901993449002442,20,1,1,hh,national,360,NA,13.194374569284035,-3.833565665
1973,yatenga(ouahigouya),boulle,burkina_faso,2009-11-09,-0.7901993449002442,20,1,1,non-hh,national,NA,1,13.194374569284035,-3.833565665
1973,yatenga(ouahigouya),boulle,burkina_faso,2009-11-09,-0.7901993449002442,20,1,1,non-hh,national,NA,1,13.194374569284035,-3.833565665
1974,yatenga(ouahigouya),boulle,burkina_faso,2009-11-09,0.6346513207036051,13,2,1,hh,national,51,1,13.194374569284035,-3.833565665
1974,yatenga(ouahigouya),boulle,burkina_faso,2009-11-09,0.6346513207036051,13,2,1,hh,national,35,1,13.194374569284035,-3.833565665
1974,yatenga(ouahigouya),boulle,burkina_faso,2009-11-09,0.6346513207036051,13,2,1,non-hh,national,NA,1,13.194374569284035,-3.833565665
1974,yatenga(ouahigouya),boulle,burkina_faso,2009-11-09,0.6346513207036051,13,2,1,non-hh,national,NA,1,13.194374569284035,-3.833565665
1976,yatenga(ouahigouya),boulle,burkina_faso,2009-11-09,-0.5888814736486967,6,1,1,hh,international,120,1,13.194374569284035,-3.833565665
1976,yatenga(ouahigouya),boulle,burkina_faso,2009-11-09,-0.5888814736486967,6,1,1,non-hh,national,NA,1,13.194374569284035,-3.833565665
1977,yatenga(ouahigouya),boulle,burkina_faso,2009-11-09,-0.7692433916954164,7,1,1,hh,international,108,NA,13.194374569284035,-3.833565665
1977,yatenga(ouahigouya),boulle,burkina_faso,2009-11-09,-0.7692433916954164,7,1,1,non-hh,national,NA,1,13.194374569284035,-3.833565665
1979,yatenga(ouahigouya),boulle,burkina_faso,2009-11-09,-0.43341693410626503,6,1,1,hh,national,108,1,13.194374569284035,-3.833565665
1980,yatenga(ouahigouya),boulle,burkina_faso,2009-11-09,-0.8009573837659925,12,1,1,hh,international,240,NA,13.194374569284035,-3.833565665
1980,yatenga(ouahigouya),boulle,burkina_faso,2009-11-09,-0.8009573837659925,12,1,1,non-hh,national,NA,1,13.194374569284035,-3.833565665
1982,yatenga(ouahigouya),boulle,burkina_faso,2009-11-08,-0.7910467612439374,10,2,1,hh,international,84,1,13.194374569284035,-3.833565665
1982,yatenga(ouahigouya),boulle,burkina_faso,2009-11-08,-0.7910467612439374,10,2,1,hh,international,84,1,13.194374569284035,-3.833565665
1982,yatenga(ouahigouya),boulle,burkina_faso,2009-11-08,-0.7910467612439374,10,2,1,non-hh,national,NA,1,13.194374569284035,-3.833565665
1984,yatenga(ouahigouya),boulle,burkina_faso,2009-11-08,-0.4215241870797991,14,1,1,hh,international,48,1,13.194374569284035,-3.833565665
1984,yatenga(ouahigouya),boulle,burkina_faso,2009-11-08,-0.4215241870797991,14,1,1,non-hh,national,NA,1,13.194374569284035,-3.833565665
1985,yatenga(ouahigouya),boulle,burkina_faso,2009-11-08,-0.42775372123651934,12,1,1,hh,national,12,NA,13.194374569284035,-3.833565665
1985,yatenga(ouahigouya),boulle,burkina_faso,2009-11-08,-0.42775372123651934,12,1,1,non-hh,national,NA,1,13.194374569284035,-3.833565665
1985,yatenga(ouahigouya),boulle,burkina_faso,2009-11-08,-0.42775372123651934,12,1,1,non-hh,international,NA,1,13.194374569284035,-3.833565665
1986,yatenga(ouahigouya),boulle,burkina_faso,2009-11-08,-0.7930288857483485,13,2,1,hh,national,360,NA,13.194374569284035,-3.833565665
1986,yatenga(ouahigouya),boulle,burkina_faso,2009-11-08,-0.7930288857483485,13,2,1,hh,national,480,NA,13.194374569284035,-3.833565665
1986,yatenga(ouahigouya),boulle,burkina_faso,2009-11-08,-0.7930288857483485,13,2,1,non-hh,national,NA,1,13.194374569284035,-3.833565665
1986,yatenga(ouahigouya),boulle,burkina_faso,2009-11-08,-0.7930288857483485,13,2,1,non-hh,national,NA,1,13.194374569284035,-3.833565665
1987,yatenga(ouahigouya),boulle,burkina_faso,2009-11-08,0.46506956852915565,12,1,1,hh,international,24,1,13.194374569284035,-3.833565665
1987,yatenga(ouahigouya),boulle,burkina_faso,2009-11-08,0.46506956852915565,12,1,1,non-hh,national,NA,1,13.194374569284035,-3.833565665
1989,yatenga(ouahigouya),boulle,burkina_faso,2009-11-09,-0.42945268509744305,9,1,NA,hh,national,108,NA,13.194374569284035,-3.833565665
1991,yatenga(ouahigouya),boulle,burkina_faso,2009-11-09,-0.43341693410626503,12,1,1,hh,national,24,1,13.194374569284035,-3.833565665
1991,yatenga(ouahigouya),boulle,burkina_faso,2009-11-09,-0.43341693410626503,12,1,1,non-hh,national,NA,1,13.194374569284035,-3.833565665
1992,yatenga(ouahigouya),boulle,burkina_faso,2009-11-09,-0.43341693410626503,16,2,1,hh,international,36,1,13.194374569284035,-3.833565665
1992,yatenga(ouahigouya),boulle,burkina_faso,2009-11-09,-0.43341693410626503,16,2,1,hh,international,76,1,13.194374569284035,-3.833565665
1992,yatenga(ouahigouya),boulle,burkina_faso,2009-11-09,-0.43341693410626503,16,2,1,non-hh,national,NA,1,13.194374569284035,-3.833565665
1992,yatenga(ouahigouya),boulle,burkina_faso,2009-11-09,-0.43341693410626503,16,2,1,non-hh,national,NA,1,13.194374569284035,-3.833565665
1993,yatenga(ouahigouya),boulle,burkina_faso,2009-11-09,-0.969636086671164,11,1,1,hh,national,86,1,13.194374569284035,-3.833565665
1993,yatenga(ouahigouya),boulle,burkina_faso,2009-11-09,-0.969636086671164,11,1,1,non-hh,national,NA,1,13.194374569284035,-3.833565665
1994,yatenga(ouahigouya),boulle,burkina_faso,2009-11-09,-0.46645234251311496,11,1,1,hh,international,36,1,13.194374569284035,-3.833565665
1994,yatenga(ouahigouya),boulle,burkina_faso,2009-11-09,-0.46645234251311496,11,1,1,non-hh,national,NA,1,13.194374569284035,-3.833565665
1996,yatenga(ouahigouya),boulle,burkina_faso,2009-11-09,-0.7943503020846223,8,1,1,hh,international,84,1,13.194374569284035,-3.833565665
1996,yatenga(ouahigouya),boulle,burkina_faso,2009-11-09,-0.7943503020846223,8,1,1,non-hh,national,NA,1,13.194374569284035,-3.833565665
1996,yatenga(ouahigouya),boulle,burkina_faso,2009-11-09,-0.7943503020846223,8,1,1,non-hh,national,NA,1,13.194374569284035,-3.833565665
1996,yatenga(ouahigouya),boulle,burkina_faso,2009-11-09,-0.7943503020846223,8,1,1,non-hh,national,NA,1,13.194374569284035,-3.833565665
1998,yatenga(ouahigouya),boulle,burkina_faso,2009-11-09,-0.5849172246398747,9,1,1,hh,international,84,1,13.194374569284035,-3.833565665
1998,yatenga(ouahigouya),boulle,burkina_faso,2009-11-09,-0.5849172246398747,9,1,1,non-hh,national,NA,1,13.194374569284035,-3.833565665
1998,yatenga(ouahigouya),boulle,burkina_faso,2009-11-09,-0.5849172246398747,9,1,1,non-hh,national,NA,1,13.194374569284035,-3.833565665
1998,yatenga(ouahigouya),boulle,burkina_faso,2009-11-09,-0.5849172246398747,9,1,1,non-hh,national,NA,1,13.194374569284035,-3.833565665
2000,yatenga(ouahigouya),dinguiri,burkina_faso,2009-10-30,0.4700248797901831,11,2,1,hh,international,84,NA,13.766969999999999,-2.35906
2000,yatenga(ouahigouya),dinguiri,burkina_faso,2009-10-30,0.4700248797901831,11,2,1,hh,international,84,1,13.766969999999999,-2.35906
2001,yatenga(ouahigouya),dinguiri,burkina_faso,2009-10-31,-0.9366006782643141,6,2,NA,hh,international,252,NA,13.766969999999999,-2.35906
2001,yatenga(ouahigouya),dinguiri,burkina_faso,2009-10-31,-0.9366006782643141,6,2,NA,hh,international,348,NA,13.766969999999999,-2.35906
2002,yatenga(ouahigouya),dinguiri,burkina_faso,2009-10-31,-0.6681664538251366,12,1,NA,hh,national,84,NA,13.766969999999999,-2.35906
2003,yatenga(ouahigouya),dinguiri,burkina_faso,2009-10-30,-0.6087027186928067,12,1,NA,hh,national,26,NA,13.766969999999999,-2.35906
2004,yatenga(ouahigouya),dinguiri,burkina_faso,2009-10-30,-0.5820762719370897,19,1,NA,hh,national,27,NA,13.766969999999999,-2.35906
2005,yatenga(ouahigouya),dinguiri,burkina_faso,2009-10-31,-0.437381183115087,11,1,1,hh,national,60,1,13.766969999999999,-2.35906
2009,yatenga(ouahigouya),dinguiri,burkina_faso,2009-10-30,-0.7811361387218825,10,1,NA,hh,international,79,NA,13.766969999999999,-2.35906
2010,yatenga(ouahigouya),dinguiri,burkina_faso,2009-10-30,-0.5809529756310527,8,1,NA,hh,international,73,NA,13.766969999999999,-2.35906
2012,yatenga(ouahigouya),dinguiri,burkina_faso,2009-10-30,-0.4215241870797991,7,1,1,hh,national,18,1,13.766969999999999,-2.35906
2013,yatenga(ouahigouya),dinguiri,burkina_faso,2009-10-30,-0.8009573837659925,15,1,NA,hh,national,13,NA,13.766969999999999,-2.35906
2014,yatenga(ouahigouya),dinguiri,burkina_faso,2009-10-30,0.6267228226859611,15,2,1,hh,national,48,1,13.766969999999999,-2.35906
2014,yatenga(ouahigouya),dinguiri,burkina_faso,2009-10-30,0.6267228226859611,15,2,1,hh,national,168,1,13.766969999999999,-2.35906
2015,yatenga(ouahigouya),dinguiri,burkina_faso,2009-11-01,0.6445965237907991,10,1,NA,hh,international,324,NA,13.766969999999999,-2.35906
2016,yatenga(ouahigouya),dinguiri,burkina_faso,2009-10-30,0.6333299043673313,16,1,1,hh,national,264,1,13.766969999999999,-2.35906
2019,yatenga(ouahigouya),dinguiri,burkina_faso,2009-10-30,-0.7811361387218825,6,1,1,hh,international,168,1,13.766969999999999,-2.35906
2019,yatenga(ouahigouya),dinguiri,burkina_faso,2009-10-30,-0.7811361387218825,6,1,1,non-hh,international,NA,1,13.766969999999999,-2.35906
2020,yatenga(ouahigouya),dinguiri,burkina_faso,2009-10-30,-0.7910467612439374,10,2,1,hh,international,60,1,13.766969999999999,-2.35906
2020,yatenga(ouahigouya),dinguiri,burkina_faso,2009-10-30,-0.7910467612439374,10,2,1,hh,international,60,NA,13.766969999999999,-2.35906
2020,yatenga(ouahigouya),dinguiri,burkina_faso,2009-10-30,-0.7910467612439374,10,2,1,non-hh,international,NA,1,13.766969999999999,-2.35906
2021,yatenga(ouahigouya),dinguiri,burkina_faso,2009-10-30,2.7223649520846784,6,1,1,hh,national,84,1,13.766969999999999,-2.35906
2023,yatenga(ouahigouya),dinguiri,burkina_faso,2009-10-31,-0.7745290570405126,5,1,1,hh,international,360,1,13.766969999999999,-2.35906
2024,yatenga(ouahigouya),dinguiri,burkina_faso,2009-10-30,-0.5789708511266417,6,3,1,hh,international,14,1,13.766969999999999,-2.35906
2024,yatenga(ouahigouya),dinguiri,burkina_faso,2009-10-30,-0.5789708511266417,6,3,1,hh,international,312,1,13.766969999999999,-2.35906
2024,yatenga(ouahigouya),dinguiri,burkina_faso,2009-10-30,-0.5789708511266417,6,3,1,hh,international,204,1,13.766969999999999,-2.35906
2036,yatenga(ouahigouya),mouni,burkina_faso,2009-11-10,-0.7851003877307043,11,4,1,hh,national,70,1,11.83428,-3.433
2036,yatenga(ouahigouya),mouni,burkina_faso,2009-11-10,-0.7851003877307043,11,4,1,hh,national,724,NA,11.83428,-3.433
2036,yatenga(ouahigouya),mouni,burkina_faso,2009-11-10,-0.7851003877307043,11,4,1,hh,national,182,NA,11.83428,-3.433
2036,yatenga(ouahigouya),mouni,burkina_faso,2009-11-10,-0.7851003877307043,11,4,1,hh,national,50,NA,11.83428,-3.433
2037,yatenga(ouahigouya),mouni,burkina_faso,2009-11-10,-0.7712255161998274,6,1,1,hh,national,72,1,11.83428,-3.433
2038,yatenga(ouahigouya),mouni,burkina_faso,2009-11-10,-0.7811361387218825,6,1,1,hh,national,99,1,11.83428,-3.433
2038,yatenga(ouahigouya),mouni,burkina_faso,2009-11-10,-0.7811361387218825,6,1,1,non-hh,international,NA,1,11.83428,-3.433
2039,yatenga(ouahigouya),mouni,burkina_faso,2009-11-10,-0.43341693410626503,8,1,1,hh,national,61,1,11.83428,-3.433
2040,yatenga(ouahigouya),mouni,burkina_faso,2009-11-10,-0.7625537214930294,17,1,NA,hh,national,469,NA,11.83428,-3.433
2041,yatenga(ouahigouya),mouni,burkina_faso,2009-11-10,-0.7943503020846223,8,1,1,hh,national,290,1,11.83428,-3.433
2041,yatenga(ouahigouya),mouni,burkina_faso,2009-11-10,-0.7943503020846223,8,1,1,non-hh,national,NA,1,11.83428,-3.433
2041,yatenga(ouahigouya),mouni,burkina_faso,2009-11-10,-0.7943503020846223,8,1,1,non-hh,national,NA,1,11.83428,-3.433
2041,yatenga(ouahigouya),mouni,burkina_faso,2009-11-10,-0.7943503020846223,8,1,1,non-hh,national,NA,1,11.83428,-3.433
2041,yatenga(ouahigouya),mouni,burkina_faso,2009-11-10,-0.7943503020846223,8,1,1,non-hh,national,NA,1,11.83428,-3.433
2041,yatenga(ouahigouya),mouni,burkina_faso,2009-11-10,-0.7943503020846223,8,1,1,non-hh,national,NA,1,11.83428,-3.433
2042,yatenga(ouahigouya),mouni,burkina_faso,2009-11-10,-0.8207786288101024,4,1,1,hh,national,472,1,11.83428,-3.433
2043,yatenga(ouahigouya),mouni,burkina_faso,2009-11-10,-0.44002401578763506,7,1,1,hh,national,38,1,11.83428,-3.433
2044,yatenga(ouahigouya),mouni,burkina_faso,2009-11-10,-0.776180827460855,7,1,1,hh,international,245,1,11.83428,-3.433
2045,yatenga(ouahigouya),mouni,burkina_faso,2009-11-10,-0.7692433916954164,7,1,1,hh,international,63,1,11.83428,-3.433
2046,yatenga(ouahigouya),mouni,burkina_faso,2009-11-10,-0.7712255161998274,6,1,NA,hh,international,86,NA,11.83428,-3.433
2047,yatenga(ouahigouya),mouni,burkina_faso,2009-11-10,-0.42350631158421004,9,1,NA,hh,international,29,NA,11.83428,-3.433
2048,yatenga(ouahigouya),mouni,burkina_faso,2009-11-10,-0.8009573837659925,6,1,1,hh,international,117,1,11.83428,-3.433
2049,yatenga(ouahigouya),mouni,burkina_faso,2009-11-10,-0.4378216552271784,20,3,1,hh,international,253,1,11.83428,-3.433
2049,yatenga(ouahigouya),mouni,burkina_faso,2009-11-10,-0.4378216552271784,20,3,1,hh,international,87,NA,11.83428,-3.433
2049,yatenga(ouahigouya),mouni,burkina_faso,2009-11-10,-0.4378216552271784,20,3,1,hh,international,87,NA,11.83428,-3.433
2050,yatenga(ouahigouya),mouni,burkina_faso,2009-11-10,-0.41925890193190085,9,2,1,hh,international,301,NA,11.83428,-3.433
2050,yatenga(ouahigouya),mouni,burkina_faso,2009-11-10,-0.41925890193190085,9,2,1,hh,national,14,1,11.83428,-3.433
2050,yatenga(ouahigouya),mouni,burkina_faso,2009-11-10,-0.41925890193190085,9,2,1,non-hh,international,NA,1,11.83428,-3.433
2051,yatenga(ouahigouya),mouni,burkina_faso,2009-11-10,-0.437381183115087,11,2,1,hh,international,73,1,11.83428,-3.433
2051,yatenga(ouahigouya),mouni,burkina_faso,2009-11-10,-0.437381183115087,11,2,1,hh,international,63,NA,11.83428,-3.433
2051,yatenga(ouahigouya),mouni,burkina_faso,2009-11-10,-0.437381183115087,11,2,1,non-hh,international,NA,1,11.83428,-3.433
2052,yatenga(ouahigouya),mouni,burkina_faso,2009-11-10,-0.4413454321239091,12,2,NA,hh,international,74,NA,11.83428,-3.433
2052,yatenga(ouahigouya),mouni,burkina_faso,2009-11-10,-0.4413454321239091,12,2,NA,hh,international,147,NA,11.83428,-3.433
2062,yatenga(ouahigouya),zimba,burkina_faso,2009-11-04,-0.2211536780177419,3,1,1,hh,national,168,1,13.50408,-2.44842
2063,yatenga(ouahigouya),zimba,burkina_faso,2009-11-04,-0.7910467612439374,10,1,1,hh,national,105,1,13.50408,-2.44842
2064,yatenga(ouahigouya),zimba,burkina_faso,2009-11-04,-0.41359568906215516,3,2,1,hh,national,120,1,13.50408,-2.44842
2064,yatenga(ouahigouya),zimba,burkina_faso,2009-11-04,-0.41359568906215516,3,2,1,hh,national,84,1,13.50408,-2.44842
2065,yatenga(ouahigouya),zimba,burkina_faso,2009-11-03,-0.4274705605930321,17,3,1,hh,national,60,1,13.50408,-2.44842
2065,yatenga(ouahigouya),zimba,burkina_faso,2009-11-03,-0.4274705605930321,17,3,1,hh,national,132,1,13.50408,-2.44842
2065,yatenga(ouahigouya),zimba,burkina_faso,2009-11-03,-0.4274705605930321,17,3,1,hh,national,72,1,13.50408,-2.44842
2065,yatenga(ouahigouya),zimba,burkina_faso,2009-11-03,-0.4274705605930321,17,3,1,non-hh,national,NA,1,13.50408,-2.44842
2066,yatenga(ouahigouya),zimba,burkina_faso,2009-11-04,-0.7811361387218825,6,1,1,hh,national,192,1,13.50408,-2.44842
2067,yatenga(ouahigouya),zimba,burkina_faso,2009-11-04,-0.9299935965829442,5,2,1,hh,national,60,1,13.50408,-2.44842
2067,yatenga(ouahigouya),zimba,burkina_faso,2009-11-04,-0.9299935965829442,5,2,1,hh,national,108,1,13.50408,-2.44842
2068,yatenga(ouahigouya),zimba,burkina_faso,2009-11-03,-0.8009573837659925,6,1,1,hh,national,432,1,13.50408,-2.44842
2068,yatenga(ouahigouya),zimba,burkina_faso,2009-11-03,-0.8009573837659925,6,1,1,non-hh,national,NA,1,13.50408,-2.44842
2069,yatenga(ouahigouya),zimba,burkina_faso,2009-11-03,-0.926690055742259,6,1,1,hh,national,120,NA,13.50408,-2.44842
2069,yatenga(ouahigouya),zimba,burkina_faso,2009-11-03,-0.926690055742259,6,1,1,non-hh,national,NA,1,13.50408,-2.44842
2070,yatenga(ouahigouya),zimba,burkina_faso,2009-11-04,-0.8009573837659925,6,2,1,hh,national,132,1,13.50408,-2.44842
2070,yatenga(ouahigouya),zimba,burkina_faso,2009-11-04,-0.8009573837659925,6,2,1,hh,national,132,1,13.50408,-2.44842
2070,yatenga(ouahigouya),zimba,burkina_faso,2009-11-04,-0.8009573837659925,6,2,1,non-hh,national,NA,1,13.50408,-2.44842
2070,yatenga(ouahigouya),zimba,burkina_faso,2009-11-04,-0.8009573837659925,6,2,1,non-hh,national,NA,1,13.50408,-2.44842
2070,yatenga(ouahigouya),zimba,burkina_faso,2009-11-04,-0.8009573837659925,6,2,1,non-hh,national,NA,1,13.50408,-2.44842
2071,yatenga(ouahigouya),zimba,burkina_faso,2009-11-04,-0.43341693410626503,4,1,NA,hh,international,47,NA,13.50408,-2.44842
2072,yatenga(ouahigouya),zimba,burkina_faso,2009-11-04,0.8326100181888829,6,1,1,hh,international,24,NA,13.50408,-2.44842
2072,yatenga(ouahigouya),zimba,burkina_faso,2009-11-04,0.8326100181888829,6,1,1,non-hh,national,NA,1,13.50408,-2.44842
2073,yatenga(ouahigouya),zimba,burkina_faso,2009-11-03,-0.9366006782643141,4,1,1,hh,international,48,NA,13.50408,-2.44842
2073,yatenga(ouahigouya),zimba,burkina_faso,2009-11-03,-0.9366006782643141,4,1,1,non-hh,national,NA,1,13.50408,-2.44842
2074,yatenga(ouahigouya),zimba,burkina_faso,2009-11-04,0.46506956852915565,3,2,NA,hh,international,132,NA,13.50408,-2.44842
2074,yatenga(ouahigouya),zimba,burkina_faso,2009-11-04,0.46506956852915565,3,2,NA,hh,international,48,NA,13.50408,-2.44842
2075,yatenga(ouahigouya),zimba,burkina_faso,2009-11-04,-0.5839261623876693,14,2,1,hh,international,180,1,13.50408,-2.44842
2075,yatenga(ouahigouya),zimba,burkina_faso,2009-11-04,-0.5839261623876693,14,2,1,hh,international,84,NA,13.50408,-2.44842
2075,yatenga(ouahigouya),zimba,burkina_faso,2009-11-04,-0.5839261623876693,14,2,1,non-hh,international,NA,1,13.50408,-2.44842
2076,yatenga(ouahigouya),zimba,burkina_faso,2009-11-04,-0.7778325978811975,11,2,1,hh,international,36,NA,13.50408,-2.44842
2076,yatenga(ouahigouya),zimba,burkina_faso,2009-11-04,-0.7778325978811975,11,2,1,hh,international,216,1,13.50408,-2.44842
2076,yatenga(ouahigouya),zimba,burkina_faso,2009-11-04,-0.7778325978811975,11,2,1,non-hh,international,NA,NA,13.50408,-2.44842
2076,yatenga(ouahigouya),zimba,burkina_faso,2009-11-04,-0.7778325978811975,11,2,1,non-hh,national,NA,1,13.50408,-2.44842
2077,yatenga(ouahigouya),zimba,burkina_faso,2009-11-03,-0.7811361387218825,2,1,1,hh,international,24,NA,13.50408,-2.44842
2077,yatenga(ouahigouya),zimba,burkina_faso,2009-11-03,-0.7811361387218825,2,1,1,non-hh,national,NA,1,13.50408,-2.44842
2078,yatenga(ouahigouya),zimba,burkina_faso,2009-11-04,-0.7662702049387999,5,1,1,hh,international,120,1,13.50408,-2.44842
2079,yatenga(ouahigouya),zimba,burkina_faso,2009-11-03,-0.7662702049387999,5,1,1,hh,international,600,1,13.50408,-2.44842
2079,yatenga(ouahigouya),zimba,burkina_faso,2009-11-03,-0.7662702049387999,5,1,1,non-hh,international,NA,1,13.50408,-2.44842
2081,yatenga(ouahigouya),zongo,burkina_faso,2009-11-10,-0.9366006782643141,8,1,1,hh,national,48,1,13.231849999999998,-1.96395
2081,yatenga(ouahigouya),zongo,burkina_faso,2009-11-10,-0.9366006782643141,8,1,1,non-hh,national,NA,1,13.231849999999998,-1.96395
2081,yatenga(ouahigouya),zongo,burkina_faso,2009-11-10,-0.9366006782643141,8,1,1,non-hh,national,NA,1,13.231849999999998,-1.96395
2082,yatenga(ouahigouya),zongo,burkina_faso,2009-11-10,-0.9332971374236292,11,1,1,hh,international,120,1,13.231849999999998,-1.96395
2082,yatenga(ouahigouya),zongo,burkina_faso,2009-11-10,-0.9332971374236292,11,1,1,non-hh,national,NA,1,13.231849999999998,-1.96395
2083,yatenga(ouahigouya),zongo,burkina_faso,2009-11-10,-0.7745290570405126,10,1,1,hh,national,24,NA,13.231849999999998,-1.96395
2083,yatenga(ouahigouya),zongo,burkina_faso,2009-11-10,-0.7745290570405126,10,1,1,non-hh,national,NA,1,13.231849999999998,-1.96395
2083,yatenga(ouahigouya),zongo,burkina_faso,2009-11-10,-0.7745290570405126,10,1,1,non-hh,national,NA,1,13.231849999999998,-1.96395
2084,yatenga(ouahigouya),zongo,burkina_faso,2009-11-10,-0.4419117534108836,17,1,1,hh,international,12,1,13.231849999999998,-1.96395
2084,yatenga(ouahigouya),zongo,burkina_faso,2009-11-10,-0.4419117534108836,17,1,1,non-hh,national,NA,1,13.231849999999998,-1.96395
2086,yatenga(ouahigouya),zongo,burkina_faso,2009-11-10,-0.453238179150375,18,3,1,hh,international,204,1,13.231849999999998,-1.96395
2086,yatenga(ouahigouya),zongo,burkina_faso,2009-11-10,-0.453238179150375,18,3,1,hh,international,240,NA,13.231849999999998,-1.96395
2086,yatenga(ouahigouya),zongo,burkina_faso,2009-11-10,-0.453238179150375,18,3,1,hh,international,240,NA,13.231849999999998,-1.96395
2086,yatenga(ouahigouya),zongo,burkina_faso,2009-11-10,-0.453238179150375,18,3,1,non-hh,national,NA,1,13.231849999999998,-1.96395
2086,yatenga(ouahigouya),zongo,burkina_faso,2009-11-10,-0.453238179150375,18,3,1,non-hh,national,NA,1,13.231849999999998,-1.96395
2086,yatenga(ouahigouya),zongo,burkina_faso,2009-11-10,-0.453238179150375,18,3,1,non-hh,national,NA,1,13.231849999999998,-1.96395
2087,yatenga(ouahigouya),zongo,burkina_faso,2009-11-10,-0.42460749186443847,14,2,1,hh,international,52,1,13.231849999999998,-1.96395
2087,yatenga(ouahigouya),zongo,burkina_faso,2009-11-10,-0.42460749186443847,14,2,1,hh,international,120,1,13.231849999999998,-1.96395
2087,yatenga(ouahigouya),zongo,burkina_faso,2009-11-10,-0.42460749186443847,14,2,1,non-hh,national,NA,1,13.231849999999998,-1.96395
2087,yatenga(ouahigouya),zongo,burkina_faso,2009-11-10,-0.42460749186443847,14,2,1,non-hh,national,NA,1,13.231849999999998,-1.96395
2087,yatenga(ouahigouya),zongo,burkina_faso,2009-11-10,-0.42460749186443847,14,2,1,non-hh,national,NA,1,13.231849999999998,-1.96395
2089,yatenga(ouahigouya),zongo,burkina_faso,2009-11-10,-0.4284616228452376,14,3,1,hh,international,240,1,13.231849999999998,-1.96395
2089,yatenga(ouahigouya),zongo,burkina_faso,2009-11-10,-0.4284616228452376,14,3,1,hh,international,120,1,13.231849999999998,-1.96395
2089,yatenga(ouahigouya),zongo,burkina_faso,2009-11-10,-0.4284616228452376,14,3,1,hh,international,48,1,13.231849999999998,-1.96395
2089,yatenga(ouahigouya),zongo,burkina_faso,2009-11-10,-0.4284616228452376,14,3,1,non-hh,national,NA,1,13.231849999999998,-1.96395
2089,yatenga(ouahigouya),zongo,burkina_faso,2009-11-10,-0.4284616228452376,14,3,1,non-hh,international,NA,1,13.231849999999998,-1.96395
2090,yatenga(ouahigouya),zongo,burkina_faso,2009-11-10,-0.42620920863567957,18,1,1,hh,national,85,1,13.231849999999998,-1.96395
2090,yatenga(ouahigouya),zongo,burkina_faso,2009-11-10,-0.42620920863567957,18,1,1,non-hh,national,NA,1,13.231849999999998,-1.96395
2090,yatenga(ouahigouya),zongo,burkina_faso,2009-11-10,-0.42620920863567957,18,1,1,non-hh,national,NA,1,13.231849999999998,-1.96395
2090,yatenga(ouahigouya),zongo,burkina_faso,2009-11-10,-0.42620920863567957,18,1,1,non-hh,national,NA,1,13.231849999999998,-1.96395
2091,yatenga(ouahigouya),zongo,burkina_faso,2009-11-10,-0.42775372123651934,12,2,1,hh,international,84,1,13.231849999999998,-1.96395
2091,yatenga(ouahigouya),zongo,burkina_faso,2009-11-10,-0.42775372123651934,12,2,1,hh,international,48,NA,13.231849999999998,-1.96395
2091,yatenga(ouahigouya),zongo,burkina_faso,2009-11-10,-0.42775372123651934,12,2,1,non-hh,national,NA,1,13.231849999999998,-1.96395
2093,yatenga(ouahigouya),zongo,burkina_faso,2009-11-10,-0.7712255161998274,6,1,1,hh,national,60,1,13.231849999999998,-1.96395
2095,yatenga(ouahigouya),zongo,burkina_faso,2009-11-10,-0.7811361387218825,8,2,1,hh,international,120,1,13.231849999999998,-1.96395
2095,yatenga(ouahigouya),zongo,burkina_faso,2009-11-10,-0.7811361387218825,8,2,1,hh,international,120,1,13.231849999999998,-1.96395
2095,yatenga(ouahigouya),zongo,burkina_faso,2009-11-10,-0.7811361387218825,8,2,1,non-hh,national,NA,1,13.231849999999998,-1.96395
2096,yatenga(ouahigouya),zongo,burkina_faso,2009-11-10,0.653151149411441,20,1,1,hh,national,144,1,13.231849999999998,-1.96395
2096,yatenga(ouahigouya),zongo,burkina_faso,2009-11-10,0.653151149411441,20,1,1,non-hh,national,NA,1,13.231849999999998,-1.96395
2098,yatenga(ouahigouya),zongo,burkina_faso,2009-11-11,-0.42350631158421004,9,1,1,hh,national,48,1,13.231849999999998,-1.96395
2098,yatenga(ouahigouya),zongo,burkina_faso,2009-11-11,-0.42350631158421004,9,1,1,non-hh,national,NA,1,13.231849999999998,-1.96395
2099,yatenga(ouahigouya),zongo,burkina_faso,2009-11-10,-0.7896309580265011,17,2,1,hh,national,24,1,13.231849999999998,-1.96395
2099,yatenga(ouahigouya),zongo,burkina_faso,2009-11-10,-0.7896309580265011,17,2,1,hh,national,48,1,13.231849999999998,-1.96395
2099,yatenga(ouahigouya),zongo,burkina_faso,2009-11-10,-0.7896309580265011,17,2,1,non-hh,national,NA,1,13.231849999999998,-1.96395
2100,yatenga(ouahigouya),zongo,burkina_faso,2009-11-10,-0.9299935965829442,5,1,NA,hh,national,48,NA,13.231849999999998,-1.96395
2102,yatenga(ouahigouya),zongo,burkina_faso,2009-11-10,0.6465440677300711,14,1,1,hh,international,48,1,13.231849999999998,-1.96395
2103,yatenga(ouahigouya),zongo,burkina_faso,2009-11-10,-0.9316453670032867,7,1,1,hh,international,48,1,13.231849999999998,-1.96395
2106,yatenga(ouahigouya),zongo,burkina_faso,2009-11-10,-0.7811361387218825,10,1,1,hh,national,240,1,13.231849999999998,-1.96395
5,banwa(solenzo),bankouma,burkina_faso,2009-11-05,-0.7745290570405126,5,0,NA,NA,NA,NA,NA,11.883200619057966,-4.266469868
19,banwa(solenzo),bankouma,burkina_faso,2009-11-05,5.1884161263454764,14,0,NA,NA,NA,NA,NA,11.883200619057966,-4.266469868
20,banwa(solenzo),bankouma,burkina_faso,2009-11-05,-0.8207786288101024,4,0,NA,NA,NA,NA,NA,11.883200619057966,-4.266469868
21,banwa(solenzo),bankouma,burkina_faso,2009-11-05,1.7307373173310072,6,0,1,non-hh,national,NA,1,11.883200619057966,-4.266469868
21,banwa(solenzo),bankouma,burkina_faso,2009-11-05,1.7307373173310072,6,0,1,non-hh,national,NA,1,11.883200619057966,-4.266469868
22,banwa(solenzo),bankouma,burkina_faso,2009-11-05,0.26578945470760396,11,0,NA,NA,NA,NA,NA,11.883200619057966,-4.266469868
23,banwa(solenzo),bankouma,burkina_faso,2009-11-06,-0.7910467612439374,5,0,1,non-hh,international,NA,1,11.883200619057966,-4.266469868
23,banwa(solenzo),bankouma,burkina_faso,2009-11-06,-0.7910467612439374,5,0,1,non-hh,international,NA,1,11.883200619057966,-4.266469868
24,banwa(solenzo),bankouma,burkina_faso,2009-11-05,-0.7811361387218825,6,0,1,non-hh,national,NA,1,11.883200619057966,-4.266469868
25,banwa(solenzo),bankouma,burkina_faso,2009-11-06,0.24603033595494117,6,0,NA,NA,NA,NA,NA,11.883200619057966,-4.266469868
26,banwa(solenzo),bankouma,burkina_faso,2009-11-06,-0.7867993515916281,16,0,1,non-hh,national,NA,1,11.883200619057966,-4.266469868
27,banwa(solenzo),bankouma,burkina_faso,2009-11-06,0.6415887564690437,9,0,NA,NA,NA,NA,NA,11.883200619057966,-4.266469868
30,banwa(solenzo),diontala,burkina_faso,2009-11-07,-0.43341693410626503,8,0,NA,NA,NA,NA,NA,11.766716904941084,-4.455623572
31,banwa(solenzo),diontala,burkina_faso,2009-11-07,5.119041768691092,14,0,1,non-hh,national,NA,1,11.766716904941084,-4.455623572
32,banwa(solenzo),diontala,burkina_faso,2009-11-07,-0.7860914499829099,9,0,1,non-hh,national,NA,1,11.766716904941084,-4.455623572
33,banwa(solenzo),diontala,burkina_faso,2009-11-07,-0.7732076407042385,16,0,1,non-hh,national,NA,1,11.766716904941084,-4.455623572
33,banwa(solenzo),diontala,burkina_faso,2009-11-07,-0.7732076407042385,16,0,1,non-hh,national,NA,1,11.766716904941084,-4.455623572
34,banwa(solenzo),diontala,burkina_faso,2009-11-07,-0.42515808200455263,19,0,NA,NA,NA,NA,NA,11.766716904941084,-4.455623572
35,banwa(solenzo),diontala,burkina_faso,2009-11-07,2.055992444229967,7,0,1,non-hh,international,NA,1,11.766716904941084,-4.455623572
36,banwa(solenzo),diontala,burkina_faso,2009-11-07,-0.8075644654473624,10,0,NA,NA,NA,NA,NA,11.766716904941084,-4.455623572
37,banwa(solenzo),diontala,burkina_faso,2009-11-08,-0.8009573837659925,6,0,NA,NA,NA,NA,NA,11.766716904941084,-4.455623572
38,banwa(solenzo),diontala,burkina_faso,2009-11-08,-0.9960644133966439,5,0,1,non-hh,national,NA,1,11.766716904941084,-4.455623572
69,banwa(solenzo),sanakuy,burkina_faso,2009-11-04,-0.7811361387218825,4,0,NA,NA,NA,NA,NA,12.184773721304458,-4.085154664
73,banwa(solenzo),sanakuy,burkina_faso,2009-11-04,-0.4185510003231826,5,0,1,non-hh,national,NA,1,12.184773721304458,-4.085154664
74,banwa(solenzo),sanakuy,burkina_faso,2009-11-04,-0.7712255161998274,6,0,1,non-hh,international,NA,1,12.184773721304458,-4.085154664
75,banwa(solenzo),sanakuy,burkina_faso,2009-11-04,-0.7613148936777725,4,0,1,non-hh,international,NA,1,12.184773721304458,-4.085154664
76,banwa(solenzo),sanakuy,burkina_faso,2009-11-04,-0.7910467612439374,5,0,NA,NA,NA,NA,NA,12.184773721304458,-4.085154664
77,banwa(solenzo),sanakuy,burkina_faso,2009-11-04,3.1260428235442483,34,0,1,non-hh,national,NA,1,12.184773721304458,-4.085154664
77,banwa(solenzo),sanakuy,burkina_faso,2009-11-04,3.1260428235442483,34,0,1,non-hh,national,NA,1,12.184773721304458,-4.085154664
78,banwa(solenzo),sanakuy,burkina_faso,2009-11-04,-0.7613148936777725,5,0,NA,NA,NA,NA,NA,12.184773721304458,-4.085154664
79,banwa(solenzo),sanakuy,burkina_faso,2009-11-04,-0.7811361387218825,10,0,1,non-hh,national,NA,1,12.184773721304458,-4.085154664
80,banwa(solenzo),sanakuy,burkina_faso,2009-11-04,-0.8009573837659925,6,0,NA,NA,NA,NA,NA,12.184773721304458,-4.085154664
81,banwa(solenzo),sanakuy,burkina_faso,2009-11-03,-0.776180827460855,7,0,NA,NA,NA,NA,NA,12.184773721304458,-4.085154664
83,banwa(solenzo),moara,burkina_faso,2009-11-01,-1.0357069034848638,7,0,NA,NA,NA,NA,NA,12.793094716472691,-3.341217169
96,banwa(solenzo),moara,burkina_faso,2009-11-02,-0.9366006782643141,4,0,NA,NA,NA,NA,NA,12.793094716472691,-3.341217169
97,banwa(solenzo),moara,burkina_faso,2009-11-02,-0.8207786288101024,8,0,NA,NA,NA,NA,NA,12.793094716472691,-3.341217169
98,banwa(solenzo),moara,burkina_faso,2009-11-02,-0.9233865149015741,4,0,NA,NA,NA,NA,NA,12.793094716472691,-3.341217169
99,banwa(solenzo),moara,burkina_faso,2009-11-02,-0.9564219233084241,9,0,NA,NA,NA,NA,NA,12.793094716472691,-3.341217169
100,banwa(solenzo),moara,burkina_faso,2009-11-02,-0.9366006782643141,4,0,NA,NA,NA,NA,NA,12.793094716472691,-3.341217169
101,banwa(solenzo),moara,burkina_faso,2009-11-02,-0.8273857104914724,13,0,NA,NA,NA,NA,NA,12.793094716472691,-3.341217169
102,banwa(solenzo),moara,burkina_faso,2009-11-01,-0.7613148936777725,4,0,NA,NA,NA,NA,NA,12.793094716472691,-3.341217169
103,banwa(solenzo),moara,burkina_faso,2009-11-01,-0.8604211188983222,12,0,NA,NA,NA,NA,NA,12.793094716472691,-3.341217169
114,banwa(solenzo),tamouga,burkina_faso,2009-10-31,-0.9326364292554921,9,0,NA,NA,NA,NA,NA,12.184773721304458,-4.085154664
115,banwa(solenzo),tamouga,burkina_faso,2009-10-31,-0.41359568906215516,6,0,NA,NA,NA,NA,NA,12.184773721304458,-4.085154664
116,banwa(solenzo),tamouga,burkina_faso,2009-10-31,-0.9366006782643141,6,0,NA,NA,NA,NA,NA,12.184773721304458,-4.085154664
117,banwa(solenzo),tamouga,burkina_faso,2009-10-31,-0.9167794332202042,3,0,NA,NA,NA,NA,NA,12.184773721304458,-4.085154664
118,banwa(solenzo),tamouga,burkina_faso,2009-10-31,1.0845157643656256,2,0,NA,NA,NA,NA,NA,12.184773721304458,-4.085154664
119,banwa(solenzo),tamouga,burkina_faso,2009-10-31,-0.7910467612439374,5,0,1,non-hh,international,NA,1,12.184773721304458,-4.085154664
120,banwa(solenzo),tamouga,burkina_faso,2009-10-30,-0.8009573837659925,6,0,NA,NA,NA,NA,NA,12.184773721304458,-4.085154664
121,banwa(solenzo),tamouga,burkina_faso,2009-10-31,-0.7910467612439374,5,0,NA,NA,NA,NA,NA,12.184773721304458,-4.085154664
123,banwa(solenzo),tamouga,burkina_faso,2009-10-31,-0.966332545830479,14,0,NA,NA,NA,NA,NA,12.184773721304458,-4.085154664
128,banwa(solenzo),tamouga,burkina_faso,2009-10-30,-0.7860914499829099,9,0,NA,NA,NA,NA,NA,12.184773721304458,-4.085154664
136,sourou(tougan),domoni,burkina_faso,2009-11-03,-0.7732076407042385,8,0,NA,NA,NA,NA,NA,13.4946768661363,-3.162732285
154,sourou(tougan),domoni,burkina_faso,2009-11-04,-0.9366006782643141,4,0,NA,NA,NA,NA,NA,13.4946768661363,-3.162732285
155,sourou(tougan),domoni,burkina_faso,2009-11-03,-0.9399042191049991,13,0,NA,NA,NA,NA,NA,13.4946768661363,-3.162732285
156,sourou(tougan),domoni,burkina_faso,2009-11-03,-0.7943503020846223,8,0,NA,NA,NA,NA,NA,13.4946768661363,-3.162732285
157,sourou(tougan),domoni,burkina_faso,2009-11-04,0.6049540337025792,8,0,NA,NA,NA,NA,NA,13.4946768661363,-3.162732285
158,sourou(tougan),domoni,burkina_faso,2009-11-03,-0.7890646367395264,12,0,NA,NA,NA,NA,NA,13.4946768661363,-3.162732285
159,sourou(tougan),domoni,burkina_faso,2009-11-03,-0.7712255161998274,6,0,NA,NA,NA,NA,NA,13.4946768661363,-3.162732285
160,sourou(tougan),domoni,burkina_faso,2009-11-03,-0.8207786288101024,4,0,NA,NA,NA,NA,NA,13.4946768661363,-3.162732285
161,sourou(tougan),domoni,burkina_faso,2009-11-04,-0.940564927273136,11,0,NA,NA,NA,NA,NA,13.4946768661363,-3.162732285
162,sourou(tougan),domoni,burkina_faso,2009-11-04,-0.9762431683525341,4,0,NA,NA,NA,NA,NA,13.4946768661363,-3.162732285
164,sourou(tougan),kawara,burkina_faso,2009-10-31,-0.9366006782643141,4,0,NA,NA,NA,NA,NA,10.633767554703367,-5.217299505
165,sourou(tougan),kawara,burkina_faso,2009-10-31,-0.9233865149015741,4,0,NA,NA,NA,NA,NA,10.633767554703367,-5.217299505
168,sourou(tougan),kawara,burkina_faso,2009-10-31,-0.9514666120473967,11,0,NA,NA,NA,NA,NA,10.633767554703367,-5.217299505
169,sourou(tougan),kawara,burkina_faso,2009-10-30,0.6333299043673313,8,0,NA,NA,NA,NA,NA,10.633767554703367,-5.217299505
171,sourou(tougan),kawara,burkina_faso,2009-10-31,-0.8604211188983222,6,0,NA,NA,NA,NA,NA,10.633767554703367,-5.217299505
174,sourou(tougan),kawara,burkina_faso,2009-10-30,-0.9484934252907802,13,0,NA,NA,NA,NA,NA,10.633767554703367,-5.217299505
175,sourou(tougan),kawara,burkina_faso,2009-10-05,-0.7712255161998274,9,0,NA,NA,NA,NA,NA,10.633767554703367,-5.217299505
176,sourou(tougan),kawara,burkina_faso,2009-10-30,5.283740190506927,12,0,NA,NA,NA,NA,NA,10.633767554703367,-5.217299505
177,sourou(tougan),kawara,burkina_faso,2009-10-31,-0.5775550479092053,10,0,NA,NA,NA,NA,NA,10.633767554703367,-5.217299505
180,sourou(tougan),kawara,burkina_faso,2009-10-30,-0.776180827460855,14,0,NA,NA,NA,NA,NA,10.633767554703367,-5.217299505
181,sourou(tougan),kawara,burkina_faso,2009-10-30,0.8411048374935015,11,0,NA,NA,NA,NA,NA,10.633767554703367,-5.217299505
182,sourou(tougan),kawara,burkina_faso,NA,-0.8405998738542122,10,0,NA,NA,NA,NA,NA,10.633767554703367,-5.217299505
190,sourou(tougan),koromi,burkina_faso,2009-11-05,-0.9366006782643141,2,0,1,non-hh,international,NA,1,13.131425207249544,-3.370307136
193,sourou(tougan),koromi,burkina_faso,2009-11-05,-0.9712878570915064,15,0,NA,NA,NA,NA,NA,13.131425207249544,-3.370307136
194,sourou(tougan),koromi,burkina_faso,2009-11-05,-0.9281058589596956,11,0,NA,NA,NA,NA,NA,13.131425207249544,-3.370307136
195,sourou(tougan),koromi,burkina_faso,2009-11-05,-0.949814841627054,8,0,1,non-hh,international,NA,1,13.131425207249544,-3.370307136
196,sourou(tougan),koromi,burkina_faso,2009-11-05,-0.7631168250454188,12,0,NA,NA,NA,NA,NA,13.131425207249544,-3.370307136
197,sourou(tougan),koromi,burkina_faso,2009-11-05,-0.7613148936777725,2,0,NA,NA,NA,NA,NA,13.131425207249544,-3.370307136
198,sourou(tougan),koromi,burkina_faso,2009-11-05,-0.9432077599456841,7,0,NA,NA,NA,NA,NA,13.131425207249544,-3.370307136
199,sourou(tougan),koromi,burkina_faso,2009-11-05,-0.9286721802466702,8,0,1,non-hh,national,NA,1,13.131425207249544,-3.370307136
200,sourou(tougan),koromi,burkina_faso,2009-11-05,-0.7078089439133566,8,0,NA,NA,NA,NA,NA,13.131425207249544,-3.370307136
201,sourou(tougan),koromi,burkina_faso,2009-11-05,-0.7943503020846223,8,0,1,non-hh,international,NA,1,13.131425207249544,-3.370307136
202,sourou(tougan),koromi,burkina_faso,2009-11-05,0.6346859012687441,5,0,NA,NA,NA,NA,NA,13.131425207249544,-3.370307136
207,sourou(tougan),koromi,burkina_faso,2009-11-05,-0.9233865149015741,4,0,NA,NA,NA,NA,NA,13.131425207249544,-3.370307136
213,sourou(tougan),koromi,burkina_faso,2009-11-05,-0.9233865149015741,4,0,1,non-hh,international,NA,1,13.131425207249544,-3.370307136
213,sourou(tougan),koromi,burkina_faso,2009-11-05,-0.9233865149015741,4,0,1,non-hh,international,NA,1,13.131425207249544,-3.370307136
217,sourou(tougan),tougan secteur 6,burkina_faso,2009-11-07,4.2186451224536725,9,0,NA,NA,NA,NA,NA,13.069049212563538,-3.064919248
219,sourou(tougan),tougan secteur 6,burkina_faso,2009-11-07,4.5583825677383,5,0,1,non-hh,international,NA,1,13.069049212563538,-3.064919248
222,sourou(tougan),tougan secteur 6,burkina_faso,2009-11-07,6.4240344708258075,3,0,NA,NA,NA,NA,NA,13.069049212563538,-3.064919248
224,sourou(tougan),tougan secteur 6,burkina_faso,2009-11-07,3.5805322243832274,2,0,1,non-hh,international,NA,1,13.069049212563538,-3.064919248
237,sourou(tougan),tougan secteur 6,burkina_faso,2009-11-07,3.5805322243832274,2,0,NA,NA,NA,NA,NA,13.069049212563538,-3.064919248
239,sourou(tougan),tougan secteur 6,burkina_faso,2009-11-07,8.659284143731668,4,0,NA,NA,NA,NA,NA,13.069049212563538,-3.064919248
240,sourou(tougan),tougan secteur 6,burkina_faso,2009-11-06,4.966622396807689,6,0,NA,NA,NA,NA,NA,13.069049212563538,-3.064919248
241,sourou(tougan),tougan secteur 6,burkina_faso,2009-11-07,-0.9299935965829442,5,0,NA,NA,NA,NA,NA,13.069049212563538,-3.064919248
251,sourou(tougan),tombila,burkina_faso,2009-11-02,0.6663653127741811,7,0,NA,NA,NA,NA,NA,13.068424936855669,-3.071164397
259,sourou(tougan),tombila,burkina_faso,2009-11-01,0.5706247546857635,8,0,NA,NA,NA,NA,NA,13.068424936855669,-3.071164397
260,sourou(tougan),tombila,burkina_faso,2009-11-01,-0.7582654713632941,11,0,1,non-hh,national,NA,1,13.068424936855669,-3.071164397
260,sourou(tougan),tombila,burkina_faso,2009-11-01,-0.7582654713632941,11,0,1,non-hh,international,NA,1,13.068424936855669,-3.071164397
260,sourou(tougan),tombila,burkina_faso,2009-11-01,-0.7582654713632941,11,0,1,non-hh,national,NA,NA,13.068424936855669,-3.071164397
260,sourou(tougan),tombila,burkina_faso,2009-11-01,-0.7582654713632941,11,0,1,non-hh,national,NA,1,13.068424936855669,-3.071164397
260,sourou(tougan),tombila,burkina_faso,2009-11-01,-0.7582654713632941,11,0,1,non-hh,national,NA,1,13.068424936855669,-3.071164397
261,sourou(tougan),tombila,burkina_faso,2009-11-01,3.318686362036354,2,0,NA,NA,NA,NA,NA,13.068424936855669,-3.071164397
262,sourou(tougan),tombila,burkina_faso,2009-11-01,-0.9394322846991869,15,0,NA,NA,NA,NA,NA,13.068424936855669,-3.071164397
263,sourou(tougan),tombila,burkina_faso,2009-11-01,-0.9366006782643141,8,0,NA,NA,NA,NA,NA,13.068424936855669,-3.071164397
264,sourou(tougan),tombila,burkina_faso,2009-11-01,-0.9332971374236292,11,0,NA,NA,NA,NA,NA,13.068424936855669,-3.071164397
265,sourou(tougan),tombila,burkina_faso,2009-11-01,-0.8009573837659925,6,0,NA,NA,NA,NA,NA,13.068424936855669,-3.071164397
266,sourou(tougan),tombila,burkina_faso,2009-11-02,-0.44002401578763506,21,0,NA,NA,NA,NA,NA,13.068424936855669,-3.071164397
267,sourou(tougan),tombila,burkina_faso,2009-11-01,-0.926690055742259,12,0,1,non-hh,national,NA,1,13.068424936855669,-3.071164397
267,sourou(tougan),tombila,burkina_faso,2009-11-01,-0.926690055742259,12,0,1,non-hh,national,NA,1,13.068424936855669,-3.071164397
287,"kadiogo(ouagadougou, la capitale",lao,burkina_faso,2009-11-04,-0.9366006782643141,6,0,1,non-hh,national,NA,1,12.424206793135868,-1.752109988
289,"kadiogo(ouagadougou, la capitale",lao,burkina_faso,2009-11-06,-0.7811361387218825,4,0,1,non-hh,national,NA,1,12.424206793135868,-1.752109988
289,"kadiogo(ouagadougou, la capitale",lao,burkina_faso,2009-11-06,-0.7811361387218825,4,0,1,non-hh,national,NA,1,12.424206793135868,-1.752109988
290,"kadiogo(ouagadougou, la capitale",lao,burkina_faso,2009-11-06,-0.6285239637369167,4,0,1,non-hh,international,NA,1,12.424206793135868,-1.752109988
290,"kadiogo(ouagadougou, la capitale",lao,burkina_faso,2009-11-06,-0.6285239637369167,4,0,1,non-hh,national,NA,1,12.424206793135868,-1.752109988
291,"kadiogo(ouagadougou, la capitale",lao,burkina_faso,2009-11-05,-0.9167794332202042,1,0,1,non-hh,national,NA,1,12.424206793135868,-1.752109988
291,"kadiogo(ouagadougou, la capitale",lao,burkina_faso,2009-11-05,-0.9167794332202042,1,0,1,non-hh,national,NA,1,12.424206793135868,-1.752109988
291,"kadiogo(ouagadougou, la capitale",lao,burkina_faso,2009-11-05,-0.9167794332202042,1,0,1,non-hh,international,NA,1,12.424206793135868,-1.752109988
291,"kadiogo(ouagadougou, la capitale",lao,burkina_faso,2009-11-05,-0.9167794332202042,1,0,1,non-hh,international,NA,1,12.424206793135868,-1.752109988
291,"kadiogo(ouagadougou, la capitale",lao,burkina_faso,2009-11-05,-0.9167794332202042,1,0,1,non-hh,national,NA,NA,12.424206793135868,-1.752109988
291,"kadiogo(ouagadougou, la capitale",lao,burkina_faso,2009-11-05,-0.9167794332202042,1,0,1,non-hh,national,NA,1,12.424206793135868,-1.752109988
292,"kadiogo(ouagadougou, la capitale",lao,burkina_faso,2009-11-04,-0.5822743919673268,5,0,NA,NA,NA,NA,NA,12.424206793135868,-1.752109988
293,"kadiogo(ouagadougou, la capitale",lao,burkina_faso,2009-11-05,-0.9167794332202042,1,0,1,non-hh,national,NA,1,12.424206793135868,-1.752109988
293,"kadiogo(ouagadougou, la capitale",lao,burkina_faso,2009-11-05,-0.9167794332202042,1,0,1,non-hh,national,NA,1,12.424206793135868,-1.752109988
294,"kadiogo(ouagadougou, la capitale",lao,burkina_faso,2009-11-04,-0.7811361387218825,2,0,1,non-hh,national,NA,1,12.424206793135868,-1.752109988
295,"kadiogo(ouagadougou, la capitale",lao,burkina_faso,2009-11-05,-0.926690055742259,3,0,NA,NA,NA,NA,NA,12.424206793135868,-1.752109988
297,"kadiogo(ouagadougou, la capitale",lao,burkina_faso,2009-11-06,-0.9564219233084241,9,0,1,non-hh,national,NA,1,12.424206793135868,-1.752109988
299,"kadiogo(ouagadougou, la capitale",ouagadougou secteur 16,burkina_faso,2009-11-12,4.875617518747689,5,0,1,non-hh,international,NA,1,12.335180808674053,-1.499024703
311,"kadiogo(ouagadougou, la capitale",ouagadougou secteur 16,burkina_faso,2009-11-14,10.493698382159211,2,0,1,non-hh,national,NA,1,12.335180808674053,-1.499024703
311,"kadiogo(ouagadougou, la capitale",ouagadougou secteur 16,burkina_faso,2009-11-14,10.493698382159211,2,0,1,non-hh,national,NA,1,12.335180808674053,-1.499024703
311,"kadiogo(ouagadougou, la capitale",ouagadougou secteur 16,burkina_faso,2009-11-14,10.493698382159211,2,0,1,non-hh,national,NA,1,12.335180808674053,-1.499024703
317,"kadiogo(ouagadougou, la capitale",ouagadougou secteur 16,burkina_faso,2009-11-14,4.518642497517802,4,0,NA,NA,NA,NA,NA,12.335180808674053,-1.499024703
318,"kadiogo(ouagadougou, la capitale",ouagadougou secteur 16,burkina_faso,2009-11-12,8.152136150564798,2,0,1,non-hh,national,NA,1,12.335180808674053,-1.499024703
319,"kadiogo(ouagadougou, la capitale",ouagadougou secteur 16,burkina_faso,2009-11-12,8.98679848790576,10,0,NA,NA,NA,NA,NA,12.335180808674053,-1.499024703
320,"kadiogo(ouagadougou, la capitale",ouagadougou secteur 16,burkina_faso,2009-11-18,9.579816357016753,3,0,1,non-hh,international,NA,1,12.335180808674053,-1.499024703
321,"kadiogo(ouagadougou, la capitale",ouagadougou secteur 16,burkina_faso,2009-11-12,8.142225528042742,3,0,NA,NA,NA,NA,NA,12.335180808674053,-1.499024703
322,"kadiogo(ouagadougou, la capitale",ouagadougou secteur 16,burkina_faso,2009-11-12,8.627516890347746,9,0,NA,NA,NA,NA,NA,12.335180808674053,-1.499024703
323,"kadiogo(ouagadougou, la capitale",ouagadougou secteur 16,burkina_faso,2009-11-12,8.990102028746445,6,0,1,non-hh,international,NA,1,12.335180808674053,-1.499024703
323,"kadiogo(ouagadougou, la capitale",ouagadougou secteur 16,burkina_faso,2009-11-12,8.990102028746445,6,0,1,non-hh,national,NA,1,12.335180808674053,-1.499024703
323,"kadiogo(ouagadougou, la capitale",ouagadougou secteur 16,burkina_faso,2009-11-12,8.990102028746445,6,0,1,non-hh,national,NA,1,12.335180808674053,-1.499024703
323,"kadiogo(ouagadougou, la capitale",ouagadougou secteur 16,burkina_faso,2009-11-12,8.990102028746445,6,0,1,non-hh,national,NA,1,12.335180808674053,-1.499024703
323,"kadiogo(ouagadougou, la capitale",ouagadougou secteur 16,burkina_faso,2009-11-12,8.990102028746445,6,0,1,non-hh,national,NA,1,12.335180808674053,-1.499024703
324,"kadiogo(ouagadougou, la capitale",ouagadougou secteur 16,burkina_faso,2009-11-12,8.98679848790576,5,0,1,non-hh,national,NA,1,12.335180808674053,-1.499024703
324,"kadiogo(ouagadougou, la capitale",ouagadougou secteur 16,burkina_faso,2009-11-12,8.98679848790576,5,0,1,non-hh,national,NA,1,12.335180808674053,-1.499024703
343,"kadiogo(ouagadougou, la capitale",ouagadougou secteur 27,burkina_faso,2009-11-15,9.540173866928532,3,0,1,non-hh,national,NA,1,12.399109627372065,-1.477554274
343,"kadiogo(ouagadougou, la capitale",ouagadougou secteur 27,burkina_faso,2009-11-15,9.540173866928532,3,0,1,non-hh,international,NA,1,12.399109627372065,-1.477554274
343,"kadiogo(ouagadougou, la capitale",ouagadougou secteur 27,burkina_faso,2009-11-15,9.540173866928532,3,0,1,non-hh,international,NA,1,12.399109627372065,-1.477554274
343,"kadiogo(ouagadougou, la capitale",ouagadougou secteur 27,burkina_faso,2009-11-15,9.540173866928532,3,0,1,non-hh,national,NA,1,12.399109627372065,-1.477554274
343,"kadiogo(ouagadougou, la capitale",ouagadougou secteur 27,burkina_faso,2009-11-15,9.540173866928532,3,0,1,non-hh,national,NA,1,12.399109627372065,-1.477554274
344,"kadiogo(ouagadougou, la capitale",ouagadougou secteur 27,burkina_faso,2009-11-16,11.65230937159089,1,0,1,non-hh,national,NA,1,12.399109627372065,-1.477554274
344,"kadiogo(ouagadougou, la capitale",ouagadougou secteur 27,burkina_faso,2009-11-16,11.65230937159089,1,0,1,non-hh,international,NA,1,12.399109627372065,-1.477554274
345,"kadiogo(ouagadougou, la capitale",ouagadougou secteur 27,burkina_faso,2009-11-17,9.579816357016753,1,0,1,non-hh,international,NA,1,12.399109627372065,-1.477554274
345,"kadiogo(ouagadougou, la capitale",ouagadougou secteur 27,burkina_faso,2009-11-17,9.579816357016753,1,0,1,non-hh,national,NA,1,12.399109627372065,-1.477554274
346,"kadiogo(ouagadougou, la capitale",ouagadougou secteur 27,burkina_faso,2009-11-16,3.888608938910625,3,0,1,non-hh,national,NA,1,12.399109627372065,-1.477554274
347,"kadiogo(ouagadougou, la capitale",ouagadougou secteur 27,burkina_faso,2009-11-16,7.0937105195212045,1,0,NA,NA,NA,NA,NA,12.399109627372065,-1.477554274
348,"kadiogo(ouagadougou, la capitale",ouagadougou secteur 27,burkina_faso,2009-11-16,10.01231319216224,5,0,NA,NA,NA,NA,NA,12.399109627372065,-1.477554274
349,"kadiogo(ouagadougou, la capitale",ouagadougou secteur 27,burkina_faso,2009-11-15,9.579816357016753,1,0,1,non-hh,national,NA,1,12.399109627372065,-1.477554274
349,"kadiogo(ouagadougou, la capitale",ouagadougou secteur 27,burkina_faso,2009-11-15,9.579816357016753,1,0,1,non-hh,national,NA,1,12.399109627372065,-1.477554274
349,"kadiogo(ouagadougou, la capitale",ouagadougou secteur 27,burkina_faso,2009-11-15,9.579816357016753,1,0,1,non-hh,national,NA,1,12.399109627372065,-1.477554274
349,"kadiogo(ouagadougou, la capitale",ouagadougou secteur 27,burkina_faso,2009-11-15,9.579816357016753,1,0,1,non-hh,national,NA,1,12.399109627372065,-1.477554274
349,"kadiogo(ouagadougou, la capitale",ouagadougou secteur 27,burkina_faso,2009-11-15,9.579816357016753,1,0,1,non-hh,national,NA,1,12.399109627372065,-1.477554274
349,"kadiogo(ouagadougou, la capitale",ouagadougou secteur 27,burkina_faso,2009-11-15,9.579816357016753,1,0,1,non-hh,national,NA,1,12.399109627372065,-1.477554274
349,"kadiogo(ouagadougou, la capitale",ouagadougou secteur 27,burkina_faso,2009-11-15,9.579816357016753,1,0,1,non-hh,national,NA,1,12.399109627372065,-1.477554274
349,"kadiogo(ouagadougou, la capitale",ouagadougou secteur 27,burkina_faso,2009-11-15,9.579816357016753,1,0,1,non-hh,national,NA,1,12.399109627372065,-1.477554274
349,"kadiogo(ouagadougou, la capitale",ouagadougou secteur 27,burkina_faso,2009-11-15,9.579816357016753,1,0,1,non-hh,national,NA,1,12.399109627372065,-1.477554274
349,"kadiogo(ouagadougou, la capitale",ouagadougou secteur 27,burkina_faso,2009-11-15,9.579816357016753,1,0,1,non-hh,national,NA,1,12.399109627372065,-1.477554274
349,"kadiogo(ouagadougou, la capitale",ouagadougou secteur 27,burkina_faso,2009-11-15,9.579816357016753,1,0,1,non-hh,national,NA,1,12.399109627372065,-1.477554274
350,"kadiogo(ouagadougou, la capitale",ouagadougou secteur 27,burkina_faso,2009-11-15,11.6176221927637,2,0,1,non-hh,national,NA,1,12.399109627372065,-1.477554274
350,"kadiogo(ouagadougou, la capitale",ouagadougou secteur 27,burkina_faso,2009-11-15,11.6176221927637,2,0,1,non-hh,national,NA,1,12.399109627372065,-1.477554274
350,"kadiogo(ouagadougou, la capitale",ouagadougou secteur 27,burkina_faso,2009-11-15,11.6176221927637,2,0,1,non-hh,national,NA,1,12.399109627372065,-1.477554274
350,"kadiogo(ouagadougou, la capitale",ouagadougou secteur 27,burkina_faso,2009-11-15,11.6176221927637,2,0,1,non-hh,national,NA,1,12.399109627372065,-1.477554274
351,"kadiogo(ouagadougou, la capitale",ouagadougou secteur 27,burkina_faso,2009-11-15,9.559995111972642,2,0,1,non-hh,national,NA,1,12.399109627372065,-1.477554274
351,"kadiogo(ouagadougou, la capitale",ouagadougou secteur 27,burkina_faso,2009-11-15,9.559995111972642,2,0,1,non-hh,national,NA,1,12.399109627372065,-1.477554274
351,"kadiogo(ouagadougou, la capitale",ouagadougou secteur 27,burkina_faso,2009-11-15,9.559995111972642,2,0,1,non-hh,national,NA,1,12.399109627372065,-1.477554274
351,"kadiogo(ouagadougou, la capitale",ouagadougou secteur 27,burkina_faso,2009-11-15,9.559995111972642,2,0,1,non-hh,international,NA,1,12.399109627372065,-1.477554274
351,"kadiogo(ouagadougou, la capitale",ouagadougou secteur 27,burkina_faso,2009-11-15,9.559995111972642,2,0,1,non-hh,national,NA,1,12.399109627372065,-1.477554274
351,"kadiogo(ouagadougou, la capitale",ouagadougou secteur 27,burkina_faso,2009-11-15,9.559995111972642,2,0,1,non-hh,national,NA,1,12.399109627372065,-1.477554274
351,"kadiogo(ouagadougou, la capitale",ouagadougou secteur 27,burkina_faso,2009-11-15,9.559995111972642,2,0,1,non-hh,national,NA,1,12.399109627372065,-1.477554274
370,"kadiogo(ouagadougou, la capitale",ouavougue,burkina_faso,2009-11-04,-0.926690055742259,6,0,1,non-hh,national,NA,1,12.358802531921251,-1.513194096
371,"kadiogo(ouagadougou, la capitale",ouavougue,burkina_faso,2009-11-04,-0.9762431683525341,4,0,NA,NA,NA,NA,NA,12.358802531921251,-1.513194096
372,"kadiogo(ouagadougou, la capitale",ouavougue,burkina_faso,2009-11-04,-0.9762431683525341,4,0,NA,NA,NA,NA,NA,12.358802531921251,-1.513194096
373,"kadiogo(ouagadougou, la capitale",ouavougue,burkina_faso,2009-11-04,-0.8604211188983222,12,0,1,non-hh,international,NA,1,12.358802531921251,-1.513194096
374,"kadiogo(ouagadougou, la capitale",ouavougue,burkina_faso,2009-11-04,0.6495518350518266,7,0,1,non-hh,national,NA,1,12.358802531921251,-1.513194096
375,"kadiogo(ouagadougou, la capitale",ouavougue,burkina_faso,2009-11-04,-0.7811361387218825,6,0,1,non-hh,national,NA,1,12.358802531921251,-1.513194096
376,"kadiogo(ouagadougou, la capitale",ouavougue,burkina_faso,2009-11-04,-0.7811361387218825,8,0,1,non-hh,international,NA,1,12.358802531921251,-1.513194096
377,"kadiogo(ouagadougou, la capitale",ouavougue,burkina_faso,2009-11-04,-0.9762431683525341,4,0,NA,NA,NA,NA,NA,12.358802531921251,-1.513194096
378,"kadiogo(ouagadougou, la capitale",ouavougue,burkina_faso,2009-11-04,-0.9366006782643141,6,0,NA,NA,NA,NA,NA,12.358802531921251,-1.513194096
381,namentenga(boulsa),bougou,burkina_faso,2009-11-07,-0.946511300786369,15,0,NA,NA,NA,NA,NA,13.485007288017284,-0.428522595
382,namentenga(boulsa),bougou,burkina_faso,2009-11-07,-0.5822743919673268,5,0,NA,NA,NA,NA,NA,13.485007288017284,-0.428522595
383,namentenga(boulsa),bougou,burkina_faso,2009-11-07,-0.9299935965829442,5,0,NA,NA,NA,NA,NA,13.485007288017284,-0.428522595
384,namentenga(boulsa),bougou,burkina_faso,2009-11-07,-0.7613148936777725,7,0,NA,NA,NA,NA,NA,13.485007288017284,-0.428522595
385,namentenga(boulsa),bougou,burkina_faso,2009-11-07,-0.7613148936777725,6,0,NA,NA,NA,NA,NA,13.485007288017284,-0.428522595
396,namentenga(boulsa),bougou,burkina_faso,2009-11-08,-0.9762431683525341,12,0,NA,NA,NA,NA,NA,13.485007288017284,-0.428522595
398,namentenga(boulsa),bougou,burkina_faso,2009-11-07,-0.9415559895253416,9,0,1,non-hh,national,NA,1,13.485007288017284,-0.428522595
402,namentenga(boulsa),bougou,burkina_faso,2009-11-07,-1.0158856584407538,6,0,1,non-hh,national,NA,1,13.485007288017284,-0.428522595
403,namentenga(boulsa),bougou,burkina_faso,2009-11-07,-0.9233865149015741,8,0,1,non-hh,national,NA,1,13.485007288017284,-0.428522595
403,namentenga(boulsa),bougou,burkina_faso,2009-11-07,-0.9233865149015741,8,0,1,non-hh,national,NA,1,13.485007288017284,-0.428522595
405,namentenga(boulsa),bougou,burkina_faso,2009-11-07,-0.9366006782643141,4,0,NA,NA,NA,NA,NA,13.485007288017284,-0.428522595
418,namentenga(boulsa),dazanrin,burkina_faso,2009-11-01,-0.9564219233084241,6,0,NA,NA,NA,NA,NA,12.660287851621774,-0.567514272
419,namentenga(boulsa),dazanrin,burkina_faso,2009-11-01,-1.005975035918699,11,0,NA,NA,NA,NA,NA,12.660287851621774,-0.567514272
420,namentenga(boulsa),dazanrin,burkina_faso,2009-11-01,-0.9564219233084241,12,0,NA,NA,NA,NA,NA,12.660287851621774,-0.567514272
421,namentenga(boulsa),dazanrin,burkina_faso,2009-11-01,-0.969636086671164,11,0,NA,NA,NA,NA,NA,12.660287851621774,-0.567514272
422,namentenga(boulsa),dazanrin,burkina_faso,2009-11-01,-0.9366006782643141,6,0,NA,NA,NA,NA,NA,12.660287851621774,-0.567514272
423,namentenga(boulsa),dazanrin,burkina_faso,2009-11-01,-0.9299935965829442,5,0,NA,NA,NA,NA,NA,12.660287851621774,-0.567514272
424,namentenga(boulsa),dazanrin,burkina_faso,2009-11-01,-0.9217347444812316,5,0,NA,NA,NA,NA,NA,12.660287851621774,-0.567514272
425,namentenga(boulsa),dazanrin,burkina_faso,2009-11-01,-0.9432077599456841,7,0,NA,NA,NA,NA,NA,12.660287851621774,-0.567514272
426,namentenga(boulsa),dazanrin,burkina_faso,2009-11-01,-0.966332545830479,7,0,NA,NA,NA,NA,NA,12.660287851621774,-0.567514272
427,namentenga(boulsa),dazanrin,burkina_faso,2009-11-01,-0.9366006782643141,8,0,NA,NA,NA,NA,NA,12.660287851621774,-0.567514272
429,namentenga(boulsa),dazanrin,burkina_faso,2009-11-01,-0.946511300786369,5,0,NA,NA,NA,NA,NA,12.660287851621774,-0.567514272
430,namentenga(boulsa),dazanrin,burkina_faso,2009-11-01,-0.9247079312378481,7,0,NA,NA,NA,NA,NA,12.660287851621774,-0.567514272
431,namentenga(boulsa),dazanrin,burkina_faso,2009-11-01,-0.949814841627054,8,0,1,non-hh,national,NA,1,12.660287851621774,-0.567514272
432,namentenga(boulsa),dazanrin,burkina_faso,2009-11-01,-0.9247079312378481,7,0,NA,NA,NA,NA,NA,12.660287851621774,-0.567514272
437,namentenga(boulsa),konkoara,burkina_faso,2009-10-30,-0.7745290570405126,5,0,NA,NA,NA,NA,NA,12.660540911581375,-0.568371028
445,namentenga(boulsa),konkoara,burkina_faso,2009-10-30,-0.9432077599456841,7,0,NA,NA,NA,NA,NA,12.660540911581375,-0.568371028
448,namentenga(boulsa),konkoara,burkina_faso,2009-10-30,0.2688159027775672,11,0,NA,NA,NA,NA,NA,12.660540911581375,-0.568371028
449,namentenga(boulsa),konkoara,burkina_faso,2009-10-30,-0.949814841627054,8,0,NA,NA,NA,NA,NA,12.660540911581375,-0.568371028
450,namentenga(boulsa),konkoara,burkina_faso,2009-10-30,-0.9432077599456841,7,0,NA,NA,NA,NA,NA,12.660540911581375,-0.568371028
451,namentenga(boulsa),konkoara,burkina_faso,2009-10-30,0.6366334452080162,10,0,NA,NA,NA,NA,NA,12.660540911581375,-0.568371028
452,namentenga(boulsa),konkoara,burkina_faso,2009-10-30,-0.9366006782643141,10,0,NA,NA,NA,NA,NA,12.660540911581375,-0.568371028
454,namentenga(boulsa),konkoara,burkina_faso,2009-10-30,-0.9366006782643141,2,0,NA,NA,NA,NA,NA,12.660540911581375,-0.568371028
455,namentenga(boulsa),konkoara,burkina_faso,2009-10-30,-0.9207436822290263,6,0,NA,NA,NA,NA,NA,12.660540911581375,-0.568371028
460,namentenga(boulsa),silague,burkina_faso,2009-11-05,-0.919611039655077,8,0,NA,NA,NA,NA,NA,12.660540911581375,-0.568371028
461,namentenga(boulsa),silague,burkina_faso,2009-11-05,-0.9564219233084241,6,0,NA,NA,NA,NA,NA,12.660540911581375,-0.568371028
462,namentenga(boulsa),silague,burkina_faso,2009-11-05,-0.4268098524248951,10,0,NA,NA,NA,NA,NA,12.660540911581375,-0.568371028
463,namentenga(boulsa),silague,burkina_faso,2009-11-05,-0.5928457226575187,11,0,NA,NA,NA,NA,NA,12.660540911581375,-0.568371028
464,namentenga(boulsa),silague,burkina_faso,2009-11-05,-0.989457331715274,14,0,NA,NA,NA,NA,NA,12.660540911581375,-0.568371028
465,namentenga(boulsa),silague,burkina_faso,2009-11-05,-0.8049216327748143,16,0,1,non-hh,national,NA,1,12.660540911581375,-0.568371028
466,namentenga(boulsa),silague,burkina_faso,2009-11-05,-0.42945268509744305,9,0,1,non-hh,national,NA,1,12.660540911581375,-0.568371028
468,namentenga(boulsa),silague,burkina_faso,2009-11-06,-0.926690055742259,6,0,NA,NA,NA,NA,NA,12.660540911581375,-0.568371028
469,namentenga(boulsa),silague,burkina_faso,2009-11-05,-0.9167794332202042,2,0,1,non-hh,national,NA,1,12.660540911581375,-0.568371028
487,namentenga(boulsa),tougri secteur 5,burkina_faso,2009-11-10,-0.9167794332202042,2,0,1,non-hh,national,NA,1,13.313191935108659,-0.526893673
488,namentenga(boulsa),tougri secteur 5,burkina_faso,2009-11-10,-0.5987920961707518,10,0,NA,NA,NA,NA,NA,13.313191935108659,-0.526893673
489,namentenga(boulsa),tougri secteur 5,burkina_faso,2009-11-10,-0.5839261623876693,14,0,1,non-hh,international,NA,1,13.313191935108659,-0.526893673
490,namentenga(boulsa),tougri secteur 5,burkina_faso,2009-11-10,-0.926690055742259,3,0,NA,NA,NA,NA,NA,13.313191935108659,-0.526893673
491,namentenga(boulsa),tougri secteur 5,burkina_faso,2009-11-10,-0.5769887266222308,7,0,NA,NA,NA,NA,NA,13.313191935108659,-0.526893673
492,namentenga(boulsa),tougri secteur 5,burkina_faso,2009-11-10,-0.949814841627054,8,0,NA,NA,NA,NA,NA,13.313191935108659,-0.526893673
493,namentenga(boulsa),tougri secteur 5,burkina_faso,2009-11-10,-0.9564219233084241,3,0,NA,NA,NA,NA,NA,13.313191935108659,-0.526893673
494,namentenga(boulsa),tougri secteur 5,burkina_faso,2009-11-10,-0.9299935965829442,5,0,NA,NA,NA,NA,NA,13.313191935108659,-0.526893673
511,namentenga(boulsa),tougri secteur 5,burkina_faso,2009-11-10,-0.9366006782643141,4,0,NA,NA,NA,NA,NA,13.313191935108659,-0.526893673
518,namentenga(boulsa),youguin,burkina_faso,2009-11-03,-0.946511300786369,5,0,NA,NA,NA,NA,NA,12.660540911581375,-0.568371028
519,namentenga(boulsa),youguin,burkina_faso,2009-11-03,-0.949814841627054,8,0,NA,NA,NA,NA,NA,12.660540911581375,-0.568371028
521,namentenga(boulsa),youguin,burkina_faso,2009-11-03,-0.9960644133966439,5,0,NA,NA,NA,NA,NA,12.660540911581375,-0.568371028
523,namentenga(boulsa),youguin,burkina_faso,2009-11-03,-0.5868993491442858,19,0,1,non-hh,international,NA,1,12.660540911581375,-0.568371028
526,namentenga(boulsa),youguin,burkina_faso,2009-11-03,-0.9217347444812316,10,0,NA,NA,NA,NA,NA,12.660540911581375,-0.568371028
527,namentenga(boulsa),youguin,burkina_faso,2009-11-03,1.5594157817532874,8,0,NA,NA,NA,NA,NA,12.660540911581375,-0.568371028
528,namentenga(boulsa),youguin,burkina_faso,2009-11-02,-0.9286721802466702,8,0,NA,NA,NA,NA,NA,12.660540911581375,-0.568371028
530,namentenga(boulsa),youguin,burkina_faso,2009-11-03,-0.9432077599456841,7,0,NA,NA,NA,NA,NA,12.660540911581375,-0.568371028
531,namentenga(boulsa),youguin,burkina_faso,2009-11-03,-0.9332971374236292,11,0,1,non-hh,international,NA,1,12.660540911581375,-0.568371028
531,namentenga(boulsa),youguin,burkina_faso,2009-11-03,-0.9332971374236292,11,0,1,non-hh,national,NA,1,12.660540911581375,-0.568371028
531,namentenga(boulsa),youguin,burkina_faso,2009-11-03,-0.9332971374236292,11,0,1,non-hh,national,NA,1,12.660540911581375,-0.568371028
535,namentenga(boulsa),youguin,burkina_faso,2009-11-02,-0.946511300786369,10,0,NA,NA,NA,NA,NA,12.660540911581375,-0.568371028
537,namentenga(boulsa),youguin,burkina_faso,2009-11-03,-0.9762431683525341,4,0,NA,NA,NA,NA,NA,12.660540911581375,-0.568371028
538,namentenga(boulsa),youguin,burkina_faso,2009-11-03,-0.5888814736486967,6,0,NA,NA,NA,NA,NA,12.660540911581375,-0.568371028
541,sanmatenga(kaya),arouem,burkina_faso,2009-11-04,-0.949814841627054,8,0,1,non-hh,international,NA,1,13.096810194780764,-1.086335777
542,sanmatenga(kaya),arouem,burkina_faso,2009-11-04,0.6386155697124272,36,0,1,non-hh,international,NA,1,13.096810194780764,-1.086335777
543,sanmatenga(kaya),arouem,burkina_faso,2009-11-05,-0.9432077599456841,7,0,NA,NA,NA,NA,NA,13.096810194780764,-1.086335777
544,sanmatenga(kaya),arouem,burkina_faso,2009-11-04,-0.9366006782643141,8,0,NA,NA,NA,NA,NA,13.096810194780764,-1.086335777
545,sanmatenga(kaya),arouem,burkina_faso,2009-11-05,-0.9167794332202042,4,0,NA,NA,NA,NA,NA,13.096810194780764,-1.086335777
546,sanmatenga(kaya),arouem,burkina_faso,2009-11-04,0.8304076576284263,19,0,NA,NA,NA,NA,NA,13.096810194780764,-1.086335777
547,sanmatenga(kaya),arouem,burkina_faso,2009-11-05,-0.4168992299028401,7,0,NA,NA,NA,NA,NA,13.096810194780764,-1.086335777
548,sanmatenga(kaya),arouem,burkina_faso,2009-11-04,-0.9366006782643141,8,0,1,non-hh,national,NA,1,13.096810194780764,-1.086335777
549,sanmatenga(kaya),arouem,burkina_faso,2009-11-04,-0.949814841627054,8,0,NA,NA,NA,NA,NA,13.096810194780764,-1.086335777
570,sanmatenga(kaya),bagbin-noungou,burkina_faso,2009-10-30,-1.0357069034848638,7,0,NA,NA,NA,NA,NA,12.727129999999999,-1.05162
572,sanmatenga(kaya),bagbin-noungou,burkina_faso,2009-10-29,-0.8069151691339063,13,0,NA,NA,NA,NA,NA,12.727129999999999,-1.05162
574,sanmatenga(kaya),bagbin-noungou,burkina_faso,2009-10-29,-0.9366006782643141,8,0,NA,NA,NA,NA,NA,12.727129999999999,-1.05162
576,sanmatenga(kaya),bagbin-noungou,burkina_faso,2009-10-29,-0.8069151691339063,13,0,NA,NA,NA,NA,NA,12.727129999999999,-1.05162
577,sanmatenga(kaya),bagbin-noungou,burkina_faso,2009-10-30,-0.9281058589596956,11,0,NA,NA,NA,NA,NA,12.727129999999999,-1.05162
578,sanmatenga(kaya),bagbin-noungou,burkina_faso,2009-10-30,-0.9445291762819581,12,0,NA,NA,NA,NA,NA,12.727129999999999,-1.05162
579,sanmatenga(kaya),bagbin-noungou,burkina_faso,2009-10-29,-0.5888814736486967,10,0,NA,NA,NA,NA,NA,12.727129999999999,-1.05162
580,sanmatenga(kaya),bagbin-noungou,burkina_faso,2009-10-29,-0.946511300786369,5,0,NA,NA,NA,NA,NA,12.727129999999999,-1.05162
581,sanmatenga(kaya),bagbin-noungou,burkina_faso,2009-10-29,-0.8802423639424322,7,0,NA,NA,NA,NA,NA,12.727129999999999,-1.05162
582,sanmatenga(kaya),bagbin-noungou,burkina_faso,2009-10-29,-0.453238179150375,21,0,1,non-hh,national,NA,1,12.727129999999999,-1.05162
582,sanmatenga(kaya),bagbin-noungou,burkina_faso,2009-10-29,-0.453238179150375,21,0,1,non-hh,national,NA,1,12.727129999999999,-1.05162
582,sanmatenga(kaya),bagbin-noungou,burkina_faso,2009-10-29,-0.453238179150375,21,0,1,non-hh,national,NA,1,12.727129999999999,-1.05162
582,sanmatenga(kaya),bagbin-noungou,burkina_faso,2009-10-29,-0.453238179150375,21,0,1,non-hh,national,NA,1,12.727129999999999,-1.05162
583,sanmatenga(kaya),bagbin-noungou,burkina_faso,2009-10-30,-0.9564219233084241,3,0,NA,NA,NA,NA,NA,12.727129999999999,-1.05162
584,sanmatenga(kaya),bagbin-noungou,burkina_faso,2009-10-29,-0.9366006782643141,2,0,NA,NA,NA,NA,NA,12.727129999999999,-1.05162
585,sanmatenga(kaya),bagbin-noungou,burkina_faso,2009-10-29,-0.6186133412148618,7,0,NA,NA,NA,NA,NA,12.727129999999999,-1.05162
586,sanmatenga(kaya),bagbin-noungou,burkina_faso,2009-10-29,-1.0158856584407538,6,0,NA,NA,NA,NA,NA,12.727129999999999,-1.05162
587,sanmatenga(kaya),bagbin-noungou,burkina_faso,2009-10-30,-1.0158856584407538,6,0,1,non-hh,national,NA,1,12.727129999999999,-1.05162
595,sanmatenga(kaya),bagmiougou,burkina_faso,2009-11-05,-0.19472535129226198,5,0,NA,NA,NA,NA,NA,13.096810194780764,-1.086335777
596,sanmatenga(kaya),bagmiougou,burkina_faso,2009-11-06,-0.191421810451577,6,0,NA,NA,NA,NA,NA,13.096810194780764,-1.086335777
598,sanmatenga(kaya),bagmiougou,burkina_faso,2009-11-05,-0.19472535129226198,5,0,NA,NA,NA,NA,NA,13.096810194780764,-1.086335777
604,sanmatenga(kaya),bagmiougou,burkina_faso,2009-11-05,-0.9332971374236292,11,0,1,non-hh,national,NA,1,13.096810194780764,-1.086335777
605,sanmatenga(kaya),bagmiougou,burkina_faso,2009-11-06,-0.5822743919673268,5,0,1,non-hh,international,NA,1,13.096810194780764,-1.086335777
606,sanmatenga(kaya),bagmiougou,burkina_faso,2009-11-05,-0.9299935965829442,5,0,1,non-hh,international,NA,1,13.096810194780764,-1.086335777
619,sanmatenga(kaya),bagmiougou,burkina_faso,2009-11-06,-0.9366006782643141,16,0,NA,NA,NA,NA,NA,13.096810194780764,-1.086335777
620,sanmatenga(kaya),bagmiougou,burkina_faso,2009-11-05,-0.9390783338948279,17,0,1,non-hh,national,NA,1,13.096810194780764,-1.086335777
621,sanmatenga(kaya),bagmiougou,burkina_faso,2009-11-05,-0.23106430053979687,7,0,NA,NA,NA,NA,NA,13.096810194780764,-1.086335777
622,sanmatenga(kaya),basebrike,burkina_faso,2009-11-07,-0.969636086671164,11,0,NA,NA,NA,NA,NA,13.096810194780764,-1.086335777
623,sanmatenga(kaya),basebrike,burkina_faso,2009-11-07,-0.963029004989794,10,0,NA,NA,NA,NA,NA,13.096810194780764,-1.086335777
629,sanmatenga(kaya),basebrike,burkina_faso,2009-11-07,-0.9366006782643141,4,0,NA,NA,NA,NA,NA,13.096810194780764,-1.086335777
635,sanmatenga(kaya),basebrike,burkina_faso,2009-11-07,-0.18811826961089198,4,0,1,non-hh,international,NA,1,13.096810194780764,-1.086335777
636,sanmatenga(kaya),basebrike,burkina_faso,2009-11-07,-0.9281058589596956,11,0,1,non-hh,national,NA,1,13.096810194780764,-1.086335777
637,sanmatenga(kaya),basebrike,burkina_faso,2009-11-07,-0.5800720314068701,14,0,NA,NA,NA,NA,NA,13.096810194780764,-1.086335777
640,sanmatenga(kaya),basebrike,burkina_faso,2009-11-07,-0.9316453670032867,7,0,NA,NA,NA,NA,NA,13.096810194780764,-1.086335777
641,sanmatenga(kaya),basebrike,burkina_faso,2009-11-07,-0.24097492306185186,12,0,1,non-hh,national,NA,1,13.096810194780764,-1.086335777
642,sanmatenga(kaya),basebrike,burkina_faso,2009-11-08,-0.5822743919673268,15,0,1,non-hh,national,NA,1,13.096810194780764,-1.086335777
649,sanmatenga(kaya),bawenne,burkina_faso,2009-10-31,-0.4284616228452376,7,0,1,non-hh,national,NA,1,13.096810194780764,-1.086335777
650,sanmatenga(kaya),bawenne,burkina_faso,2009-10-31,-0.946511300786369,10,0,1,non-hh,international,NA,1,13.096810194780764,-1.086335777
651,sanmatenga(kaya),bawenne,burkina_faso,2009-10-31,-0.926690055742259,3,0,1,non-hh,international,NA,1,13.096810194780764,-1.086335777
664,sanmatenga(kaya),bawenne,burkina_faso,2009-10-31,-0.21124305549568695,5,0,NA,NA,NA,NA,NA,13.096810194780764,-1.086335777
665,sanmatenga(kaya),bawenne,burkina_faso,2009-10-31,1.563820502874201,16,0,NA,NA,NA,NA,NA,13.096810194780764,-1.086335777
666,sanmatenga(kaya),bawenne,burkina_faso,2009-10-31,0.15629739416404032,6,0,1,non-hh,national,NA,1,13.096810194780764,-1.086335777
671,sanmatenga(kaya),bawenne,burkina_faso,2009-10-31,-0.5888814736486967,14,0,NA,NA,NA,NA,NA,13.096810194780764,-1.086335777
673,sanmatenga(kaya),bawenne,burkina_faso,2009-10-31,-0.946511300786369,5,0,NA,NA,NA,NA,NA,13.096810194780764,-1.086335777
674,sanmatenga(kaya),bawenne,burkina_faso,2009-10-31,0.060833928846344504,12,0,1,non-hh,national,NA,1,13.096810194780764,-1.086335777
679,sanmatenga(kaya),dablo,burkina_faso,2009-10-30,-0.7679219753591424,4,0,NA,NA,NA,NA,NA,13.736331794273271,-1.177869042
680,sanmatenga(kaya),dablo,burkina_faso,2009-10-30,-0.9564219233084241,6,0,NA,NA,NA,NA,NA,13.736331794273271,-1.177869042
682,sanmatenga(kaya),dablo,burkina_faso,2009-10-30,0.6295544291208341,20,0,NA,NA,NA,NA,NA,13.736331794273271,-1.177869042
687,sanmatenga(kaya),dablo,burkina_faso,2009-10-30,-0.6205954657192727,18,0,1,non-hh,international,NA,1,13.736331794273271,-1.177869042
690,sanmatenga(kaya),dablo,burkina_faso,2009-10-30,-0.5987920961707518,5,0,NA,NA,NA,NA,NA,13.736331794273271,-1.177869042
692,sanmatenga(kaya),dablo,burkina_faso,2009-10-30,-0.21124305549568695,5,0,NA,NA,NA,NA,NA,13.736331794273271,-1.177869042
693,sanmatenga(kaya),dablo,burkina_faso,2009-10-30,-0.20133243297363196,6,0,NA,NA,NA,NA,NA,13.736331794273271,-1.177869042
694,sanmatenga(kaya),dablo,burkina_faso,2009-10-30,-0.5849172246398747,9,0,NA,NA,NA,NA,NA,13.736331794273271,-1.177869042
699,sanmatenga(kaya),dablo,burkina_faso,2009-10-30,-0.2211536780177419,3,0,NA,NA,NA,NA,NA,13.736331794273271,-1.177869042
700,sanmatenga(kaya),dablo,burkina_faso,2009-10-30,-0.24097492306185186,4,0,NA,NA,NA,NA,NA,13.736331794273271,-1.177869042
704,sanmatenga(kaya),dake,burkina_faso,2009-11-01,-0.7811361387218825,6,0,NA,NA,NA,NA,NA,13.714269999999997,-1.0786
707,sanmatenga(kaya),dake,burkina_faso,2009-11-01,-0.6334792749979441,17,0,NA,NA,NA,NA,NA,13.714269999999997,-1.0786
710,sanmatenga(kaya),dake,burkina_faso,2009-11-01,-0.796002072504965,11,0,1,non-hh,national,NA,1,13.714269999999997,-1.0786
715,sanmatenga(kaya),dake,burkina_faso,2009-11-01,-0.9432077599456841,7,0,1,non-hh,international,NA,1,13.714269999999997,-1.0786
716,sanmatenga(kaya),dake,burkina_faso,2009-11-01,-0.9366006782643141,6,0,1,non-hh,international,NA,1,13.714269999999997,-1.0786
717,sanmatenga(kaya),dake,burkina_faso,2009-11-01,0.1532709460940772,3,0,NA,NA,NA,NA,NA,13.714269999999997,-1.0786
721,sanmatenga(kaya),dake,burkina_faso,2009-11-01,-0.969636086671164,11,0,NA,NA,NA,NA,NA,13.714269999999997,-1.0786
723,sanmatenga(kaya),dake,burkina_faso,2009-11-01,-0.9410053993852274,20,0,1,non-hh,international,NA,1,13.714269999999997,-1.0786
724,sanmatenga(kaya),dake,burkina_faso,2009-11-01,1.0547838967994607,5,0,NA,NA,NA,NA,NA,13.714269999999997,-1.0786
748,sanmatenga(kaya),gounghin,burkina_faso,2009-11-06,-0.9415559895253416,9,0,NA,NA,NA,NA,NA,12.356613297041699,-1.547806352
749,sanmatenga(kaya),gounghin,burkina_faso,2009-11-06,-0.9366006782643141,4,0,NA,NA,NA,NA,NA,12.356613297041699,-1.547806352
750,sanmatenga(kaya),gounghin,burkina_faso,2009-11-06,-0.9564219233084241,3,0,1,non-hh,international,NA,1,12.356613297041699,-1.547806352
751,sanmatenga(kaya),gounghin,burkina_faso,2009-11-06,-0.9432077599456841,14,0,1,non-hh,international,NA,1,12.356613297041699,-1.547806352
752,sanmatenga(kaya),gounghin,burkina_faso,2009-11-06,-0.9366006782643141,12,0,NA,NA,NA,NA,NA,12.356613297041699,-1.547806352
753,sanmatenga(kaya),gounghin,burkina_faso,2009-11-06,-0.7860914499829099,9,0,NA,NA,NA,NA,NA,12.356613297041699,-1.547806352
754,sanmatenga(kaya),gounghin,burkina_faso,2009-11-06,-0.9960644133966439,5,0,NA,NA,NA,NA,NA,12.356613297041699,-1.547806352
755,sanmatenga(kaya),gounghin,burkina_faso,2009-11-06,1.3121164662604003,11,0,NA,NA,NA,NA,NA,12.356613297041699,-1.547806352
756,sanmatenga(kaya),gounghin,burkina_faso,2009-11-06,-0.9366006782643141,4,0,NA,NA,NA,NA,NA,12.356613297041699,-1.547806352
757,sanmatenga(kaya),itaore,burkina_faso,2009-11-08,-0.9960644133966439,5,0,NA,NA,NA,NA,NA,13.096810194780764,-1.086335777
758,sanmatenga(kaya),itaore,burkina_faso,2009-11-09,-0.9217347444812316,5,0,NA,NA,NA,NA,NA,13.096810194780764,-1.086335777
759,sanmatenga(kaya),itaore,burkina_faso,2009-11-08,-0.9762431683525341,4,0,NA,NA,NA,NA,NA,13.096810194780764,-1.086335777
760,sanmatenga(kaya),itaore,burkina_faso,2009-11-09,-0.9960644133966439,5,0,NA,NA,NA,NA,NA,13.096810194780764,-1.086335777
761,sanmatenga(kaya),itaore,burkina_faso,2009-11-09,-0.9326364292554921,9,0,NA,NA,NA,NA,NA,13.096810194780764,-1.086335777
762,sanmatenga(kaya),itaore,burkina_faso,2009-11-08,3.5870775767875402,4,0,1,non-hh,international,NA,1,13.096810194780764,-1.086335777
763,sanmatenga(kaya),itaore,burkina_faso,2009-11-08,-1.1546343737495235,13,0,NA,NA,NA,NA,NA,13.096810194780764,-1.086335777
764,sanmatenga(kaya),itaore,burkina_faso,2009-11-08,-0.969636086671164,11,0,NA,NA,NA,NA,NA,13.096810194780764,-1.086335777
765,sanmatenga(kaya),itaore,burkina_faso,2009-11-08,-0.966332545830479,14,0,1,non-hh,international,NA,1,13.096810194780764,-1.086335777
767,sanmatenga(kaya),itaore,burkina_faso,2009-11-08,-1.0158856584407538,6,0,NA,NA,NA,NA,NA,13.096810194780764,-1.086335777
785,sanmatenga(kaya),kaya secteur 1,burkina_faso,2009-11-03,1.8972243638468498,5,0,NA,NA,NA,NA,NA,13.096810194780764,-1.086335777
789,sanmatenga(kaya),kaya secteur 1,burkina_faso,2009-11-03,6.569588387846184,4,0,NA,NA,NA,NA,NA,13.096810194780764,-1.086335777
796,sanmatenga(kaya),kaya secteur 1,burkina_faso,2009-11-03,6.589409632890294,2,0,NA,NA,NA,NA,NA,13.096810194780764,-1.086335777
798,sanmatenga(kaya),kaya secteur 1,burkina_faso,2009-11-03,2.085490893605493,4,0,NA,NA,NA,NA,NA,13.096810194780764,-1.086335777
800,sanmatenga(kaya),kaya secteur 1,burkina_faso,2009-11-03,1.0055298917691564,4,0,1,non-hh,national,NA,NA,13.096810194780764,-1.086335777
800,sanmatenga(kaya),kaya secteur 1,burkina_faso,2009-11-03,1.0055298917691564,4,0,1,non-hh,national,NA,NA,13.096810194780764,-1.086335777
800,sanmatenga(kaya),kaya secteur 1,burkina_faso,2009-11-03,1.0055298917691564,4,0,1,non-hh,national,NA,1,13.096810194780764,-1.086335777
801,sanmatenga(kaya),kaya secteur 1,burkina_faso,2009-11-03,9.569905734494697,3,0,NA,NA,NA,NA,NA,13.096810194780764,-1.086335777
806,sanmatenga(kaya),kaya secteur 1,burkina_faso,2009-11-03,10.482283223705842,13,0,NA,NA,NA,NA,NA,13.096810194780764,-1.086335777
807,sanmatenga(kaya),kaya secteur 1,burkina_faso,2009-11-03,2.985148444265969,14,0,NA,NA,NA,NA,NA,13.096810194780764,-1.086335777
809,sanmatenga(kaya),kaya secteur 1,burkina_faso,2009-11-03,3.198696139030757,6,0,NA,NA,NA,NA,NA,13.096810194780764,-1.086335777
829,sanmatenga(kaya),korsimoro secteur 2,burkina_faso,2009-11-08,0.4957390659297374,5,0,NA,NA,NA,NA,NA,12.82064510163223,-1.072442345
830,sanmatenga(kaya),korsimoro secteur 2,burkina_faso,2009-11-08,-0.9564219233084241,9,0,NA,NA,NA,NA,NA,12.82064510163223,-1.072442345
831,sanmatenga(kaya),korsimoro secteur 2,burkina_faso,2009-11-08,-0.5968099716663409,12,0,1,non-hh,international,NA,1,12.82064510163223,-1.072442345
832,sanmatenga(kaya),korsimoro secteur 2,burkina_faso,2009-11-08,-0.6219168820555467,11,0,NA,NA,NA,NA,NA,12.82064510163223,-1.072442345
833,sanmatenga(kaya),korsimoro secteur 2,burkina_faso,2009-11-08,-0.7732076407042385,8,0,NA,NA,NA,NA,NA,12.82064510163223,-1.072442345
834,sanmatenga(kaya),korsimoro secteur 2,burkina_faso,2009-11-08,-0.9564219233084241,6,0,NA,NA,NA,NA,NA,12.82064510163223,-1.072442345
835,sanmatenga(kaya),korsimoro secteur 2,burkina_faso,2009-11-08,0.4948014360953206,9,0,NA,NA,NA,NA,NA,12.82064510163223,-1.072442345
836,sanmatenga(kaya),korsimoro secteur 2,burkina_faso,2009-11-08,-0.9233865149015741,8,0,1,non-hh,national,NA,1,12.82064510163223,-1.072442345
837,sanmatenga(kaya),korsimoro secteur 2,burkina_faso,2009-11-08,-0.7877432204032524,7,0,NA,NA,NA,NA,NA,12.82064510163223,-1.072442345
838,sanmatenga(kaya),mane mossi,burkina_faso,2009-11-07,-0.6351310454182866,13,0,NA,NA,NA,NA,NA,12.985760816407712,-1.346525148
839,sanmatenga(kaya),mane mossi,burkina_faso,2009-11-07,-0.5775550479092053,10,0,NA,NA,NA,NA,NA,12.985760816407712,-1.346525148
840,sanmatenga(kaya),mane mossi,burkina_faso,2009-11-07,0.6366334452080162,5,0,NA,NA,NA,NA,NA,12.985760816407712,-1.346525148
841,sanmatenga(kaya),mane mossi,burkina_faso,2009-11-07,0.6069015776418512,8,0,NA,NA,NA,NA,NA,12.985760816407712,-1.346525148
842,sanmatenga(kaya),mane mossi,burkina_faso,2009-11-07,-0.6483452087810266,10,0,NA,NA,NA,NA,NA,12.985760816407712,-1.346525148
843,sanmatenga(kaya),mane mossi,burkina_faso,2009-11-07,-0.9366006782643141,2,0,NA,NA,NA,NA,NA,12.985760816407712,-1.346525148
844,sanmatenga(kaya),mane mossi,burkina_faso,2009-11-07,-0.9366006782643141,4,0,NA,NA,NA,NA,NA,12.985760816407712,-1.346525148
845,sanmatenga(kaya),mane mossi,burkina_faso,2009-11-08,0.034405602120864603,13,0,NA,NA,NA,NA,NA,12.985760816407712,-1.346525148
846,sanmatenga(kaya),mane mossi,burkina_faso,2009-11-08,3.9379286333302606,2,0,NA,NA,NA,NA,NA,12.985760816407712,-1.346525148
849,sanmatenga(kaya),mane mossi,burkina_faso,2009-11-07,-0.7672726790456863,11,0,NA,NA,NA,NA,NA,12.985760816407712,-1.346525148
857,sanmatenga(kaya),mane mossi,burkina_faso,2009-11-08,2.0194200767917927,14,0,NA,NA,NA,NA,NA,12.985760816407712,-1.346525148
868,sanmatenga(kaya),nahi peulh,burkina_faso,2009-11-02,-0.966332545830479,7,0,1,non-hh,national,NA,1,13.737367582050924,-0.874703977
872,sanmatenga(kaya),nahi peulh,burkina_faso,2009-11-02,-0.9299935965829442,5,0,NA,NA,NA,NA,NA,13.737367582050924,-0.874703977
873,sanmatenga(kaya),nahi peulh,burkina_faso,2009-11-02,-0.0458678934312003,6,0,NA,NA,NA,NA,NA,13.737367582050924,-0.874703977
874,sanmatenga(kaya),nahi peulh,burkina_faso,2009-11-02,-0.9445291762819581,12,0,1,non-hh,national,NA,1,13.737367582050924,-0.874703977
876,sanmatenga(kaya),nahi peulh,burkina_faso,2009-11-02,-0.946511300786369,5,0,1,non-hh,international,NA,1,13.737367582050924,-0.874703977
881,sanmatenga(kaya),nahi peulh,burkina_faso,2009-11-03,-0.7712255161998274,9,0,1,non-hh,national,NA,1,13.737367582050924,-0.874703977
883,sanmatenga(kaya),nahi peulh,burkina_faso,2009-11-02,-0.7969931347571704,14,0,NA,NA,NA,NA,NA,13.737367582050924,-0.874703977
887,sanmatenga(kaya),nahi peulh,burkina_faso,2009-11-02,-0.2211536780177419,6,0,NA,NA,NA,NA,NA,13.737367582050924,-0.874703977
888,sanmatenga(kaya),nahi peulh,burkina_faso,2009-11-03,-0.20133243297363196,4,0,NA,NA,NA,NA,NA,13.737367582050924,-0.874703977
892,sanmatenga(kaya),napamboumbou,burkina_faso,2009-11-06,-0.8207786288101024,8,0,NA,NA,NA,NA,NA,12.87931,-1.26763
893,sanmatenga(kaya),napamboumbou,burkina_faso,2009-11-06,-0.949814841627054,16,0,NA,NA,NA,NA,NA,12.87931,-1.26763
894,sanmatenga(kaya),napamboumbou,burkina_faso,2009-11-06,-0.7613148936777725,3,0,NA,NA,NA,NA,NA,12.87931,-1.26763
895,sanmatenga(kaya),napamboumbou,burkina_faso,2009-11-06,-0.4254884360886211,8,0,NA,NA,NA,NA,NA,12.87931,-1.26763
896,sanmatenga(kaya),napamboumbou,burkina_faso,2009-11-06,-0.9233865149015741,4,0,1,non-hh,national,NA,1,12.87931,-1.26763
897,sanmatenga(kaya),napamboumbou,burkina_faso,2009-11-06,-0.9366006782643141,6,0,NA,NA,NA,NA,NA,12.87931,-1.26763
898,sanmatenga(kaya),napamboumbou,burkina_faso,2009-11-06,-0.7613148936777725,3,0,NA,NA,NA,NA,NA,12.87931,-1.26763
899,sanmatenga(kaya),napamboumbou,burkina_faso,2009-11-06,-0.9233865149015741,4,0,NA,NA,NA,NA,NA,12.87931,-1.26763
900,sanmatenga(kaya),napamboumbou,burkina_faso,2009-11-06,-0.7811361387218825,6,0,1,non-hh,international,NA,1,12.87931,-1.26763
906,sanmatenga(kaya),napamboumbou,burkina_faso,2009-11-06,-0.9564219233084241,3,0,NA,NA,NA,NA,NA,12.87931,-1.26763
909,sanmatenga(kaya),napamboumbou,burkina_faso,2009-11-06,-0.9366006782643141,2,0,NA,NA,NA,NA,NA,12.87931,-1.26763
919,sanmatenga(kaya),niangado,burkina_faso,2009-11-07,-0.9762431683525341,8,0,NA,NA,NA,NA,NA,13.245902265019014,-1.207798996
920,sanmatenga(kaya),niangado,burkina_faso,2009-11-07,-0.7712255161998274,9,0,NA,NA,NA,NA,NA,13.245902265019014,-1.207798996
921,sanmatenga(kaya),niangado,burkina_faso,2009-11-07,-0.21124305549568695,5,0,NA,NA,NA,NA,NA,13.245902265019014,-1.207798996
928,sanmatenga(kaya),niangado,burkina_faso,2009-11-07,-0.946511300786369,5,0,NA,NA,NA,NA,NA,13.245902265019014,-1.207798996
929,sanmatenga(kaya),niangado,burkina_faso,2009-11-07,-0.7943503020846223,8,0,NA,NA,NA,NA,NA,13.245902265019014,-1.207798996
930,sanmatenga(kaya),niangado,burkina_faso,2009-11-07,-0.9564219233084241,12,0,NA,NA,NA,NA,NA,13.245902265019014,-1.207798996
931,sanmatenga(kaya),niangado,burkina_faso,2009-11-07,-0.42350631158421004,12,0,NA,NA,NA,NA,NA,13.245902265019014,-1.207798996
932,sanmatenga(kaya),niangado,burkina_faso,2009-11-07,-0.9564219233084241,6,0,NA,NA,NA,NA,NA,13.245902265019014,-1.207798996
933,sanmatenga(kaya),niangado,burkina_faso,2009-11-07,-0.9564219233084241,6,0,NA,NA,NA,NA,NA,13.245902265019014,-1.207798996
947,sanmatenga(kaya),nongo,burkina_faso,2009-11-06,-0.9366006782643141,6,0,NA,NA,NA,NA,NA,13.558039618750163,-0.259182817
949,sanmatenga(kaya),nongo,burkina_faso,2009-11-06,-0.5839261623876693,7,0,NA,NA,NA,NA,NA,13.558039618750163,-0.259182817
951,sanmatenga(kaya),nongo,burkina_faso,2009-11-06,-0.2211536780177419,12,0,NA,NA,NA,NA,NA,13.558039618750163,-0.259182817
956,sanmatenga(kaya),nongo,burkina_faso,2009-11-07,-0.20529668198245396,11,0,NA,NA,NA,NA,NA,13.558039618750163,-0.259182817
957,sanmatenga(kaya),nongo,burkina_faso,2009-11-06,-0.926690055742259,9,0,NA,NA,NA,NA,NA,13.558039618750163,-0.259182817
960,sanmatenga(kaya),nongo,burkina_faso,2009-11-06,-0.5987920961707518,10,0,NA,NA,NA,NA,NA,13.558039618750163,-0.259182817
964,sanmatenga(kaya),nongo,burkina_faso,2009-11-07,-0.9366006782643141,4,0,NA,NA,NA,NA,NA,13.558039618750163,-0.259182817
965,sanmatenga(kaya),nongo,burkina_faso,2009-11-06,-0.191421810451577,3,0,NA,NA,NA,NA,NA,13.558039618750163,-0.259182817
966,sanmatenga(kaya),nongo,burkina_faso,2009-11-07,-0.9415559895253416,9,0,1,non-hh,international,NA,1,13.558039618750163,-0.259182817
973,sanmatenga(kaya),pibaore,burkina_faso,2009-11-03,0.6300263635266461,17,0,NA,NA,NA,NA,NA,12.893723404326067,-0.798730118
975,sanmatenga(kaya),pibaore,burkina_faso,2009-11-03,-0.9167794332202042,1,0,NA,NA,NA,NA,NA,12.893723404326067,-0.798730118
976,sanmatenga(kaya),pibaore,burkina_faso,2009-11-03,-0.9366006782643141,6,0,NA,NA,NA,NA,NA,12.893723404326067,-0.798730118
977,sanmatenga(kaya),pibaore,burkina_faso,2009-11-03,-0.8405998738542122,5,0,NA,NA,NA,NA,NA,12.893723404326067,-0.798730118
978,sanmatenga(kaya),pibaore,burkina_faso,2009-11-03,-0.9167794332202042,2,0,NA,NA,NA,NA,NA,12.893723404326067,-0.798730118
979,sanmatenga(kaya),pibaore,burkina_faso,2009-11-02,-0.9564219233084241,3,0,NA,NA,NA,NA,NA,12.893723404326067,-0.798730118
980,sanmatenga(kaya),pibaore,burkina_faso,2009-11-03,-0.946511300786369,5,0,NA,NA,NA,NA,NA,12.893723404326067,-0.798730118
981,sanmatenga(kaya),pibaore,burkina_faso,2009-11-03,-0.4215241870797991,7,0,1,non-hh,national,NA,1,12.893723404326067,-0.798730118
989,sanmatenga(kaya),pibaore,burkina_faso,2009-11-03,-0.5822743919673268,5,0,NA,NA,NA,NA,NA,12.893723404326067,-0.798730118
1001,sanmatenga(kaya),sabouri nakoara,burkina_faso,2009-10-31,-1.1546343737495235,13,0,NA,NA,NA,NA,NA,13.096810194780764,-1.086335777
1002,sanmatenga(kaya),sabouri nakoara,burkina_faso,2009-10-31,4.8883211711490695,5,0,NA,NA,NA,NA,NA,13.096810194780764,-1.086335777
1015,sanmatenga(kaya),sabouri nakoara,burkina_faso,2009-10-31,-0.9366006782643141,2,0,NA,NA,NA,NA,NA,13.096810194780764,-1.086335777
1017,sanmatenga(kaya),sabouri nakoara,burkina_faso,2009-10-31,-0.963029004989794,10,0,NA,NA,NA,NA,NA,13.096810194780764,-1.086335777
1021,sanmatenga(kaya),sabouri nakoara,burkina_faso,2009-10-31,-0.9564219233084241,3,0,NA,NA,NA,NA,NA,13.096810194780764,-1.086335777
1022,sanmatenga(kaya),sabouri nakoara,burkina_faso,2009-10-31,-0.9366006782643141,6,0,NA,NA,NA,NA,NA,13.096810194780764,-1.086335777
1023,sanmatenga(kaya),sabouri nakoara,burkina_faso,2009-10-31,-0.949814841627054,8,0,NA,NA,NA,NA,NA,13.096810194780764,-1.086335777
1032,sanmatenga(kaya),sambtenga,burkina_faso,2009-10-29,-0.453238179150375,15,0,NA,NA,NA,NA,NA,12.440933955430461,-0.577565912
1034,sanmatenga(kaya),sambtenga,burkina_faso,2009-10-29,-0.5917130800835696,15,0,NA,NA,NA,NA,NA,12.440933955430461,-0.577565912
1038,sanmatenga(kaya),sambtenga,burkina_faso,2009-10-29,-0.9564219233084241,3,0,NA,NA,NA,NA,NA,12.440933955430461,-0.577565912
1040,sanmatenga(kaya),sambtenga,burkina_faso,2009-10-29,-0.9366006782643141,12,0,NA,NA,NA,NA,NA,12.440933955430461,-0.577565912
1042,sanmatenga(kaya),sambtenga,burkina_faso,2009-10-30,-0.926690055742259,3,0,NA,NA,NA,NA,NA,12.440933955430461,-0.577565912
1043,sanmatenga(kaya),sambtenga,burkina_faso,2009-10-29,-0.9564219233084241,6,0,NA,NA,NA,NA,NA,12.440933955430461,-0.577565912
1045,sanmatenga(kaya),sambtenga,burkina_faso,2009-10-29,-0.6020956370114368,16,0,NA,NA,NA,NA,NA,12.440933955430461,-0.577565912
1046,sanmatenga(kaya),sambtenga,burkina_faso,2009-10-29,0.3492475190749439,1,0,NA,NA,NA,NA,NA,12.440933955430461,-0.577565912
1050,sanmatenga(kaya),sambtenga,burkina_faso,2009-10-29,-1.0158856584407538,6,0,NA,NA,NA,NA,NA,12.440933955430461,-0.577565912
1051,sanmatenga(kaya),sambtenga,burkina_faso,2009-10-30,-0.7943503020846223,16,0,1,non-hh,national,NA,1,12.440933955430461,-0.577565912
1054,sanmatenga(kaya),sera,burkina_faso,2009-11-05,-0.963029004989794,10,0,NA,NA,NA,NA,NA,12.95721,-1.07006
1055,sanmatenga(kaya),sera,burkina_faso,2009-11-05,-0.9484934252907802,13,0,NA,NA,NA,NA,NA,12.95721,-1.07006
1056,sanmatenga(kaya),sera,burkina_faso,2009-11-04,-0.9960644133966439,15,0,NA,NA,NA,NA,NA,12.95721,-1.07006
1057,sanmatenga(kaya),sera,burkina_faso,2009-11-05,-1.0158856584407538,6,0,NA,NA,NA,NA,NA,12.95721,-1.07006
1058,sanmatenga(kaya),sera,burkina_faso,2009-11-05,-0.926690055742259,6,0,NA,NA,NA,NA,NA,12.95721,-1.07006
1059,sanmatenga(kaya),sera,burkina_faso,2009-11-04,-1.2735618440141834,19,0,NA,NA,NA,NA,NA,12.95721,-1.07006
1061,sanmatenga(kaya),sera,burkina_faso,2009-11-04,-0.9564219233084241,6,0,NA,NA,NA,NA,NA,12.95721,-1.07006
1062,sanmatenga(kaya),sera,burkina_faso,2009-11-05,-0.926690055742259,3,0,NA,NA,NA,NA,NA,12.95721,-1.07006
1064,sanmatenga(kaya),sera,burkina_faso,2009-11-04,1.3497654199895284,10,0,NA,NA,NA,NA,NA,12.95721,-1.07006
1080,sanmatenga(kaya),sera,burkina_faso,2009-11-05,-0.9762431683525341,4,0,1,non-hh,international,NA,1,12.95721,-1.07006
1081,sanmatenga(kaya),soma peulh,burkina_faso,2009-11-02,-0.9343983177038575,17,0,NA,NA,NA,NA,NA,12.908479876971406,-1.077418868
1082,sanmatenga(kaya),soma peulh,burkina_faso,2009-11-01,-0.9564219233084241,3,0,1,non-hh,international,NA,1,12.908479876971406,-1.077418868
1083,sanmatenga(kaya),soma peulh,burkina_faso,2009-11-01,-0.9366006782643141,2,0,NA,NA,NA,NA,NA,12.908479876971406,-1.077418868
1084,sanmatenga(kaya),soma peulh,burkina_faso,2009-11-01,-0.9217347444812316,5,0,NA,NA,NA,NA,NA,12.908479876971406,-1.077418868
1085,sanmatenga(kaya),soma peulh,burkina_faso,2009-11-02,-1.0357069034848638,7,0,NA,NA,NA,NA,NA,12.908479876971406,-1.077418868
1086,sanmatenga(kaya),soma peulh,burkina_faso,2009-11-02,-0.9299935965829442,5,0,NA,NA,NA,NA,NA,12.908479876971406,-1.077418868
1087,sanmatenga(kaya),soma peulh,burkina_faso,2009-11-02,-0.9762431683525341,4,0,NA,NA,NA,NA,NA,12.908479876971406,-1.077418868
1088,sanmatenga(kaya),soma peulh,burkina_faso,2009-11-02,-0.5822743919673268,10,0,NA,NA,NA,NA,NA,12.908479876971406,-1.077418868
1089,sanmatenga(kaya),soma peulh,burkina_faso,2009-11-01,-0.966332545830479,14,0,NA,NA,NA,NA,NA,12.908479876971406,-1.077418868
1090,sanmatenga(kaya),soma peulh,burkina_faso,2009-11-01,0.07569986262942693,9,0,NA,NA,NA,NA,NA,12.908479876971406,-1.077418868
1113,sanmatenga(kaya),tanseyga,burkina_faso,2009-10-31,-0.4185510003231826,10,0,1,non-hh,international,NA,1,13.096810194780764,-1.086335777
1114,sanmatenga(kaya),tanseyga,burkina_faso,2009-10-31,-0.9432077599456841,7,0,1,non-hh,national,NA,1,13.096810194780764,-1.086335777
1118,sanmatenga(kaya),tanseyga,burkina_faso,2009-10-31,-0.9564219233084241,6,0,NA,NA,NA,NA,NA,13.096810194780764,-1.086335777
1124,sanmatenga(kaya),tanseyga,burkina_faso,2009-10-30,-0.949814841627054,8,0,NA,NA,NA,NA,NA,13.096810194780764,-1.086335777
1127,sanmatenga(kaya),tanseyga,burkina_faso,2009-10-31,-0.9432077599456841,7,0,NA,NA,NA,NA,NA,13.096810194780764,-1.086335777
1130,sanmatenga(kaya),tanseyga,burkina_faso,2009-10-31,-0.9337690718294414,13,0,NA,NA,NA,NA,NA,13.096810194780764,-1.086335777
1131,sanmatenga(kaya),tanseyga,burkina_faso,2009-10-31,-0.7613148936777725,1,0,NA,NA,NA,NA,NA,13.096810194780764,-1.086335777
1132,sanmatenga(kaya),tanseyga,burkina_faso,2009-10-31,-0.9242124001117453,11,0,NA,NA,NA,NA,NA,13.096810194780764,-1.086335777
1133,sanmatenga(kaya),tanseyga,burkina_faso,2009-10-31,-0.9299935965829442,15,0,NA,NA,NA,NA,NA,13.096810194780764,-1.086335777
1153,sanmatenga(kaya),yalgo,burkina_faso,2009-11-03,-0.6153098003741768,10,0,1,non-hh,international,NA,1,13.588768431548557,-0.263956546
1153,sanmatenga(kaya),yalgo,burkina_faso,2009-11-03,-0.6153098003741768,10,0,1,non-hh,international,NA,1,13.588768431548557,-0.263956546
1154,sanmatenga(kaya),yalgo,burkina_faso,2009-11-03,-0.940564927273136,11,0,1,non-hh,national,NA,1,13.588768431548557,-0.263956546
1155,sanmatenga(kaya),yalgo,burkina_faso,2009-11-03,-0.21124305549568695,5,0,NA,NA,NA,NA,NA,13.588768431548557,-0.263956546
1156,sanmatenga(kaya),yalgo,burkina_faso,2009-11-04,-0.7811361387218825,16,0,1,non-hh,international,NA,1,13.588768431548557,-0.263956546
1157,sanmatenga(kaya),yalgo,burkina_faso,2009-11-04,0.2688159027775672,11,0,1,non-hh,international,NA,1,13.588768431548557,-0.263956546
1158,sanmatenga(kaya),yalgo,burkina_faso,2009-11-04,-0.20133243297363196,6,0,1,non-hh,international,NA,1,13.588768431548557,-0.263956546
1159,sanmatenga(kaya),yalgo,burkina_faso,2009-11-04,-0.926690055742259,3,0,NA,NA,NA,NA,NA,13.588768431548557,-0.263956546
1160,sanmatenga(kaya),yalgo,burkina_faso,2009-11-04,-0.5822743919673268,5,0,1,non-hh,national,NA,1,13.588768431548557,-0.263956546
1161,sanmatenga(kaya),yalgo,burkina_faso,2009-11-04,-0.9366006782643141,12,0,1,non-hh,national,NA,1,13.588768431548557,-0.263956546
1165,sanmatenga(kaya),zoamba,burkina_faso,2009-11-01,-0.9564219233084241,3,0,NA,NA,NA,NA,NA,12.76667,-0.83333
1166,sanmatenga(kaya),zoamba,burkina_faso,2009-11-01,-0.9762431683525341,4,0,NA,NA,NA,NA,NA,12.76667,-0.83333
1167,sanmatenga(kaya),zoamba,burkina_faso,2009-11-01,-0.2211536780177419,6,0,NA,NA,NA,NA,NA,12.76667,-0.83333
1168,sanmatenga(kaya),zoamba,burkina_faso,2009-11-01,-0.9366006782643141,2,0,NA,NA,NA,NA,NA,12.76667,-0.83333
1176,sanmatenga(kaya),zoamba,burkina_faso,2009-11-02,-0.9061064551195297,6,0,NA,NA,NA,NA,NA,12.76667,-0.83333
1179,sanmatenga(kaya),zoamba,burkina_faso,2009-11-01,-0.9217347444812316,10,0,NA,NA,NA,NA,NA,12.76667,-0.83333
1185,sanmatenga(kaya),zoamba,burkina_faso,2009-11-01,-0.20133243297363196,2,0,NA,NA,NA,NA,NA,12.76667,-0.83333
1186,sanmatenga(kaya),zoamba,burkina_faso,2009-11-01,-0.9366006782643141,2,0,NA,NA,NA,NA,NA,12.76667,-0.83333
1187,sanmatenga(kaya),zoamba,burkina_faso,2009-11-01,-0.9366006782643141,4,0,NA,NA,NA,NA,NA,12.76667,-0.83333
1188,sanmatenga(kaya),zoamba,burkina_faso,2009-11-01,-0.9366006782643141,4,0,NA,NA,NA,NA,NA,12.76667,-0.83333
1207,boulkiemdé(koudougou),kokolo,burkina_faso,2009-10-31,-0.9167794332202042,1,0,1,non-hh,national,NA,1,11.496635114800164,-4.722468305
1208,boulkiemdé(koudougou),kokolo,burkina_faso,2009-10-31,5.763978661418625,7,0,NA,NA,NA,NA,NA,11.496635114800164,-4.722468305
1209,boulkiemdé(koudougou),kokolo,burkina_faso,2009-10-31,0.6612884826111634,14,0,NA,NA,NA,NA,NA,11.496635114800164,-4.722468305
1210,boulkiemdé(koudougou),kokolo,burkina_faso,2009-10-31,2.2638432377441964,2,0,NA,NA,NA,NA,NA,11.496635114800164,-4.722468305
1211,boulkiemdé(koudougou),kokolo,burkina_faso,2009-10-31,-0.2211536780177419,6,0,NA,NA,NA,NA,NA,11.496635114800164,-4.722468305
1212,boulkiemdé(koudougou),kokolo,burkina_faso,2009-10-31,-0.06568913847531024,6,0,NA,NA,NA,NA,NA,11.496635114800164,-4.722468305
1213,boulkiemdé(koudougou),kokolo,burkina_faso,2009-10-31,-0.9000636089865421,8,0,NA,NA,NA,NA,NA,11.496635114800164,-4.722468305
1214,boulkiemdé(koudougou),kokolo,burkina_faso,2009-10-31,-1.1942768638377437,15,0,NA,NA,NA,NA,NA,11.496635114800164,-4.722468305
1215,boulkiemdé(koudougou),kokolo,burkina_faso,2009-10-31,-0.9167794332202042,1,0,NA,NA,NA,NA,NA,11.496635114800164,-4.722468305
1216,boulkiemdé(koudougou),koudougou secteur 9,burkina_faso,2009-11-11,5.791762985045517,2,0,NA,NA,NA,NA,NA,12.256472130225339,-2.351748273
1217,boulkiemdé(koudougou),koudougou secteur 9,burkina_faso,2009-11-11,4.200655160468349,5,0,NA,NA,NA,NA,NA,12.256472130225339,-2.351748273
1218,boulkiemdé(koudougou),koudougou secteur 9,burkina_faso,2009-11-11,8.98019140622439,10,0,NA,NA,NA,NA,NA,12.256472130225339,-2.351748273
1219,boulkiemdé(koudougou),koudougou secteur 9,burkina_faso,2009-11-11,10.01231319216224,5,0,NA,NA,NA,NA,NA,12.256472130225339,-2.351748273
1220,boulkiemdé(koudougou),koudougou secteur 9,burkina_faso,2009-11-11,11.051032650378186,4,0,NA,NA,NA,NA,NA,12.256472130225339,-2.351748273
1221,boulkiemdé(koudougou),koudougou secteur 9,burkina_faso,2009-11-11,8.307600690107229,2,0,NA,NA,NA,NA,NA,12.256472130225339,-2.351748273
1222,boulkiemdé(koudougou),koudougou secteur 9,burkina_faso,2009-11-11,7.707557372247872,7,0,NA,NA,NA,NA,NA,12.256472130225339,-2.351748273
1223,boulkiemdé(koudougou),koudougou secteur 9,burkina_faso,2009-11-11,12.055074339170215,8,0,NA,NA,NA,NA,NA,12.256472130225339,-2.351748273
1224,boulkiemdé(koudougou),koudougou secteur 9,burkina_faso,2009-11-11,9.569905734494697,3,0,NA,NA,NA,NA,NA,12.256472130225339,-2.351748273
1243,boulkiemdé(koudougou),nadiolo,burkina_faso,2009-11-05,-0.7679219753591424,12,0,NA,NA,NA,NA,NA,12.09379722026458,-2.452068613
1247,boulkiemdé(koudougou),nadiolo,burkina_faso,2009-11-05,1.6851484537295542,7,0,NA,NA,NA,NA,NA,12.09379722026458,-2.452068613
1250,boulkiemdé(koudougou),nadiolo,burkina_faso,2009-11-05,-0.48297004671654,9,0,NA,NA,NA,NA,NA,12.09379722026458,-2.452068613
1251,boulkiemdé(koudougou),nadiolo,burkina_faso,2009-11-05,1.714880321295719,4,0,NA,NA,NA,NA,NA,12.09379722026458,-2.452068613
1259,boulkiemdé(koudougou),nadiolo,burkina_faso,2009-11-05,-0.9366006782643141,4,0,NA,NA,NA,NA,NA,12.09379722026458,-2.452068613
1261,boulkiemdé(koudougou),nadiolo,burkina_faso,2009-11-04,-0.986153790874589,9,0,NA,NA,NA,NA,NA,12.09379722026458,-2.452068613
1263,boulkiemdé(koudougou),nadiolo,burkina_faso,2009-11-05,-0.926690055742259,3,0,NA,NA,NA,NA,NA,12.09379722026458,-2.452068613
1264,boulkiemdé(koudougou),nadiolo,burkina_faso,2009-11-05,-0.48627358755722494,14,0,NA,NA,NA,NA,NA,12.09379722026458,-2.452068613
1266,boulkiemdé(koudougou),nadiolo,burkina_faso,2009-11-05,-0.7811361387218825,8,0,NA,NA,NA,NA,NA,12.09379722026458,-2.452068613
1269,boulkiemdé(koudougou),nadiolo,burkina_faso,2009-11-05,-0.7662702049387999,5,0,NA,NA,NA,NA,NA,12.09379722026458,-2.452068613
1270,boulkiemdé(koudougou),sabou secteur 1,burkina_faso,2009-11-08,4.578106232650132,1,0,1,non-hh,national,NA,1,12.060137347471333,-2.225975945
1270,boulkiemdé(koudougou),sabou secteur 1,burkina_faso,2009-11-08,4.578106232650132,1,0,1,non-hh,national,NA,1,12.060137347471333,-2.225975945
1270,boulkiemdé(koudougou),sabou secteur 1,burkina_faso,2009-11-08,4.578106232650132,1,0,1,non-hh,national,NA,1,12.060137347471333,-2.225975945
1270,boulkiemdé(koudougou),sabou secteur 1,burkina_faso,2009-11-08,4.578106232650132,1,0,1,non-hh,national,NA,1,12.060137347471333,-2.225975945
1270,boulkiemdé(koudougou),sabou secteur 1,burkina_faso,2009-11-08,4.578106232650132,1,0,1,non-hh,national,NA,1,12.060137347471333,-2.225975945
1270,boulkiemdé(koudougou),sabou secteur 1,burkina_faso,2009-11-08,4.578106232650132,1,0,1,non-hh,national,NA,1,12.060137347471333,-2.225975945
1270,boulkiemdé(koudougou),sabou secteur 1,burkina_faso,2009-11-08,4.578106232650132,1,0,1,non-hh,national,NA,1,12.060137347471333,-2.225975945
1270,boulkiemdé(koudougou),sabou secteur 1,burkina_faso,2009-11-08,4.578106232650132,1,0,1,non-hh,national,NA,1,12.060137347471333,-2.225975945
1270,boulkiemdé(koudougou),sabou secteur 1,burkina_faso,2009-11-08,4.578106232650132,1,0,1,non-hh,national,NA,1,12.060137347471333,-2.225975945
1270,boulkiemdé(koudougou),sabou secteur 1,burkina_faso,2009-11-08,4.578106232650132,1,0,1,non-hh,national,NA,1,12.060137347471333,-2.225975945
1270,boulkiemdé(koudougou),sabou secteur 1,burkina_faso,2009-11-08,4.578106232650132,1,0,1,non-hh,national,NA,1,12.060137347471333,-2.225975945
1270,boulkiemdé(koudougou),sabou secteur 1,burkina_faso,2009-11-08,4.578106232650132,1,0,1,non-hh,national,NA,1,12.060137347471333,-2.225975945
1270,boulkiemdé(koudougou),sabou secteur 1,burkina_faso,2009-11-08,4.578106232650132,1,0,1,non-hh,national,NA,1,12.060137347471333,-2.225975945
1270,boulkiemdé(koudougou),sabou secteur 1,burkina_faso,2009-11-08,4.578106232650132,1,0,1,non-hh,national,NA,1,12.060137347471333,-2.225975945
1270,boulkiemdé(koudougou),sabou secteur 1,burkina_faso,2009-11-08,4.578106232650132,1,0,1,non-hh,national,NA,1,12.060137347471333,-2.225975945
1271,boulkiemdé(koudougou),sabou secteur 1,burkina_faso,2009-11-06,-0.7712255161998274,3,0,1,non-hh,national,NA,1,12.060137347471333,-2.225975945
1272,boulkiemdé(koudougou),sabou secteur 1,burkina_faso,2009-11-06,-0.926690055742259,3,0,NA,NA,NA,NA,NA,12.060137347471333,-2.225975945
1273,boulkiemdé(koudougou),sabou secteur 1,burkina_faso,2009-11-06,0.5441964279602836,16,0,1,non-hh,national,NA,1,12.060137347471333,-2.225975945
1274,boulkiemdé(koudougou),sabou secteur 1,burkina_faso,2009-11-06,4.2436011913972544,1,0,NA,NA,NA,NA,NA,12.060137347471333,-2.225975945
1275,boulkiemdé(koudougou),sabou secteur 1,burkina_faso,2009-11-07,7.054068029432984,5,0,1,non-hh,international,NA,1,12.060137347471333,-2.225975945
1275,boulkiemdé(koudougou),sabou secteur 1,burkina_faso,2009-11-07,7.054068029432984,5,0,1,non-hh,international,NA,1,12.060137347471333,-2.225975945
1275,boulkiemdé(koudougou),sabou secteur 1,burkina_faso,2009-11-07,7.054068029432984,5,0,1,non-hh,national,NA,1,12.060137347471333,-2.225975945
1276,boulkiemdé(koudougou),sabou secteur 1,burkina_faso,2009-11-07,1.3884193947021233,5,0,1,non-hh,national,NA,1,12.060137347471333,-2.225975945
1276,boulkiemdé(koudougou),sabou secteur 1,burkina_faso,2009-11-07,1.3884193947021233,5,0,1,non-hh,national,NA,1,12.060137347471333,-2.225975945
1276,boulkiemdé(koudougou),sabou secteur 1,burkina_faso,2009-11-07,1.3884193947021233,5,0,1,non-hh,national,NA,1,12.060137347471333,-2.225975945
1276,boulkiemdé(koudougou),sabou secteur 1,burkina_faso,2009-11-07,1.3884193947021233,5,0,1,non-hh,national,NA,1,12.060137347471333,-2.225975945
1276,boulkiemdé(koudougou),sabou secteur 1,burkina_faso,2009-11-07,1.3884193947021233,5,0,1,non-hh,international,NA,1,12.060137347471333,-2.225975945
1276,boulkiemdé(koudougou),sabou secteur 1,burkina_faso,2009-11-07,1.3884193947021233,5,0,1,non-hh,national,NA,1,12.060137347471333,-2.225975945
1276,boulkiemdé(koudougou),sabou secteur 1,burkina_faso,2009-11-07,1.3884193947021233,5,0,1,non-hh,national,NA,1,12.060137347471333,-2.225975945
1276,boulkiemdé(koudougou),sabou secteur 1,burkina_faso,2009-11-07,1.3884193947021233,5,0,1,non-hh,national,NA,1,12.060137347471333,-2.225975945
1276,boulkiemdé(koudougou),sabou secteur 1,burkina_faso,2009-11-07,1.3884193947021233,5,0,1,non-hh,national,NA,1,12.060137347471333,-2.225975945
1276,boulkiemdé(koudougou),sabou secteur 1,burkina_faso,2009-11-07,1.3884193947021233,5,0,1,non-hh,national,NA,1,12.060137347471333,-2.225975945
1276,boulkiemdé(koudougou),sabou secteur 1,burkina_faso,2009-11-07,1.3884193947021233,5,0,1,non-hh,national,NA,1,12.060137347471333,-2.225975945
1276,boulkiemdé(koudougou),sabou secteur 1,burkina_faso,2009-11-07,1.3884193947021233,5,0,1,non-hh,national,NA,1,12.060137347471333,-2.225975945
1276,boulkiemdé(koudougou),sabou secteur 1,burkina_faso,2009-11-07,1.3884193947021233,5,0,1,non-hh,national,NA,1,12.060137347471333,-2.225975945
1276,boulkiemdé(koudougou),sabou secteur 1,burkina_faso,2009-11-07,1.3884193947021233,5,0,1,non-hh,national,NA,1,12.060137347471333,-2.225975945
1276,boulkiemdé(koudougou),sabou secteur 1,burkina_faso,2009-11-07,1.3884193947021233,5,0,1,non-hh,national,NA,1,12.060137347471333,-2.225975945
1276,boulkiemdé(koudougou),sabou secteur 1,burkina_faso,2009-11-07,1.3884193947021233,5,0,1,non-hh,national,NA,1,12.060137347471333,-2.225975945
1276,boulkiemdé(koudougou),sabou secteur 1,burkina_faso,2009-11-07,1.3884193947021233,5,0,1,non-hh,national,NA,1,12.060137347471333,-2.225975945
1276,boulkiemdé(koudougou),sabou secteur 1,burkina_faso,2009-11-07,1.3884193947021233,5,0,1,non-hh,national,NA,1,12.060137347471333,-2.225975945
1276,boulkiemdé(koudougou),sabou secteur 1,burkina_faso,2009-11-07,1.3884193947021233,5,0,1,non-hh,national,NA,1,12.060137347471333,-2.225975945
1276,boulkiemdé(koudougou),sabou secteur 1,burkina_faso,2009-11-07,1.3884193947021233,5,0,1,non-hh,national,NA,1,12.060137347471333,-2.225975945
1276,boulkiemdé(koudougou),sabou secteur 1,burkina_faso,2009-11-07,1.3884193947021233,5,0,1,non-hh,national,NA,1,12.060137347471333,-2.225975945
1276,boulkiemdé(koudougou),sabou secteur 1,burkina_faso,2009-11-07,1.3884193947021233,5,0,1,non-hh,international,NA,1,12.060137347471333,-2.225975945
1276,boulkiemdé(koudougou),sabou secteur 1,burkina_faso,2009-11-07,1.3884193947021233,5,0,1,non-hh,national,NA,1,12.060137347471333,-2.225975945
1276,boulkiemdé(koudougou),sabou secteur 1,burkina_faso,2009-11-07,1.3884193947021233,5,0,1,non-hh,national,NA,1,12.060137347471333,-2.225975945
1276,boulkiemdé(koudougou),sabou secteur 1,burkina_faso,2009-11-07,1.3884193947021233,5,0,1,non-hh,international,NA,1,12.060137347471333,-2.225975945
1276,boulkiemdé(koudougou),sabou secteur 1,burkina_faso,2009-11-07,1.3884193947021233,5,0,1,non-hh,national,NA,1,12.060137347471333,-2.225975945
1276,boulkiemdé(koudougou),sabou secteur 1,burkina_faso,2009-11-07,1.3884193947021233,5,0,1,non-hh,national,NA,1,12.060137347471333,-2.225975945
1276,boulkiemdé(koudougou),sabou secteur 1,burkina_faso,2009-11-07,1.3884193947021233,5,0,1,non-hh,national,NA,1,12.060137347471333,-2.225975945
1277,boulkiemdé(koudougou),sabou secteur 1,burkina_faso,2009-11-07,6.489675503249421,2,0,1,non-hh,national,NA,1,12.060137347471333,-2.225975945
1277,boulkiemdé(koudougou),sabou secteur 1,burkina_faso,2009-11-07,6.489675503249421,2,0,1,non-hh,national,NA,1,12.060137347471333,-2.225975945
1277,boulkiemdé(koudougou),sabou secteur 1,burkina_faso,2009-11-07,6.489675503249421,2,0,1,non-hh,national,NA,1,12.060137347471333,-2.225975945
1277,boulkiemdé(koudougou),sabou secteur 1,burkina_faso,2009-11-07,6.489675503249421,2,0,1,non-hh,national,NA,1,12.060137347471333,-2.225975945
1277,boulkiemdé(koudougou),sabou secteur 1,burkina_faso,2009-11-07,6.489675503249421,2,0,1,non-hh,national,NA,1,12.060137347471333,-2.225975945
1277,boulkiemdé(koudougou),sabou secteur 1,burkina_faso,2009-11-07,6.489675503249421,2,0,1,non-hh,national,NA,1,12.060137347471333,-2.225975945
1277,boulkiemdé(koudougou),sabou secteur 1,burkina_faso,2009-11-07,6.489675503249421,2,0,1,non-hh,national,NA,1,12.060137347471333,-2.225975945
1277,boulkiemdé(koudougou),sabou secteur 1,burkina_faso,2009-11-07,6.489675503249421,2,0,1,non-hh,national,NA,1,12.060137347471333,-2.225975945
1277,boulkiemdé(koudougou),sabou secteur 1,burkina_faso,2009-11-07,6.489675503249421,2,0,1,non-hh,national,NA,1,12.060137347471333,-2.225975945
1277,boulkiemdé(koudougou),sabou secteur 1,burkina_faso,2009-11-07,6.489675503249421,2,0,1,non-hh,national,NA,1,12.060137347471333,-2.225975945
1277,boulkiemdé(koudougou),sabou secteur 1,burkina_faso,2009-11-07,6.489675503249421,2,0,1,non-hh,national,NA,1,12.060137347471333,-2.225975945
1277,boulkiemdé(koudougou),sabou secteur 1,burkina_faso,2009-11-07,6.489675503249421,2,0,1,non-hh,national,NA,1,12.060137347471333,-2.225975945
1277,boulkiemdé(koudougou),sabou secteur 1,burkina_faso,2009-11-07,6.489675503249421,2,0,1,non-hh,national,NA,1,12.060137347471333,-2.225975945
1277,boulkiemdé(koudougou),sabou secteur 1,burkina_faso,2009-11-07,6.489675503249421,2,0,1,non-hh,national,NA,1,12.060137347471333,-2.225975945
1277,boulkiemdé(koudougou),sabou secteur 1,burkina_faso,2009-11-07,6.489675503249421,2,0,1,non-hh,national,NA,1,12.060137347471333,-2.225975945
1277,boulkiemdé(koudougou),sabou secteur 1,burkina_faso,2009-11-07,6.489675503249421,2,0,1,non-hh,national,NA,1,12.060137347471333,-2.225975945
1277,boulkiemdé(koudougou),sabou secteur 1,burkina_faso,2009-11-07,6.489675503249421,2,0,1,non-hh,national,NA,1,12.060137347471333,-2.225975945
1279,boulkiemdé(koudougou),sabou secteur 1,burkina_faso,2009-11-06,-0.7613148936777725,2,0,1,non-hh,national,NA,1,12.060137347471333,-2.225975945
1279,boulkiemdé(koudougou),sabou secteur 1,burkina_faso,2009-11-06,-0.7613148936777725,2,0,1,non-hh,national,NA,1,12.060137347471333,-2.225975945
1279,boulkiemdé(koudougou),sabou secteur 1,burkina_faso,2009-11-06,-0.7613148936777725,2,0,1,non-hh,national,NA,1,12.060137347471333,-2.225975945
1315,boulkiemdé(koudougou),poesse,burkina_faso,2009-11-10,-0.43341693410626503,18,0,1,non-hh,international,NA,1,12.554480000000002,-2.11213
1316,boulkiemdé(koudougou),poesse,burkina_faso,2009-11-10,-0.926690055742259,9,0,1,non-hh,international,NA,1,12.554480000000002,-2.11213
1317,boulkiemdé(koudougou),poesse,burkina_faso,2009-11-10,-0.9960644133966439,5,0,1,non-hh,international,NA,1,12.554480000000002,-2.11213
1318,boulkiemdé(koudougou),poesse,burkina_faso,2009-11-10,-0.9564219233084241,6,0,1,non-hh,international,NA,1,12.554480000000002,-2.11213
1319,boulkiemdé(koudougou),poesse,burkina_faso,2009-11-10,0.6366334452080162,15,0,1,non-hh,international,NA,1,12.554480000000002,-2.11213
1320,boulkiemdé(koudougou),poesse,burkina_faso,2009-11-10,-0.7811361387218825,10,0,1,non-hh,national,NA,1,12.554480000000002,-2.11213
1321,boulkiemdé(koudougou),poesse,burkina_faso,2009-11-10,-0.8141715471287323,11,0,1,non-hh,national,NA,1,12.554480000000002,-2.11213
1322,boulkiemdé(koudougou),poesse,burkina_faso,2009-11-10,-0.7811361387218825,6,0,NA,NA,NA,NA,NA,12.554480000000002,-2.11213
1323,boulkiemdé(koudougou),poesse,burkina_faso,2009-11-10,-0.9432077599456841,7,0,NA,NA,NA,NA,NA,12.554480000000002,-2.11213
1324,boulkiemdé(koudougou),sakoinse,burkina_faso,2009-11-06,-0.8405998738542122,5,0,NA,NA,NA,NA,NA,12.188339999999998,-1.96848
1334,boulkiemdé(koudougou),sakoinse,burkina_faso,2009-11-10,-0.7811361387218825,14,0,1,non-hh,national,NA,1,12.188339999999998,-1.96848
1335,boulkiemdé(koudougou),sakoinse,burkina_faso,2009-11-03,-0.07890330183805021,11,0,1,non-hh,national,NA,1,12.188339999999998,-1.96848
1339,boulkiemdé(koudougou),sakoinse,burkina_faso,2009-11-06,0.4782837318918956,7,0,NA,NA,NA,NA,NA,12.188339999999998,-1.96848
1342,boulkiemdé(koudougou),sakoinse,burkina_faso,2009-11-06,-0.4284616228452376,21,0,NA,NA,NA,NA,NA,12.188339999999998,-1.96848
1343,boulkiemdé(koudougou),sakoinse,burkina_faso,2009-11-06,-0.9366006782643141,2,0,NA,NA,NA,NA,NA,12.188339999999998,-1.96848
1344,boulkiemdé(koudougou),sakoinse,burkina_faso,2009-11-06,-0.9167794332202042,2,0,NA,NA,NA,NA,NA,12.188339999999998,-1.96848
1346,boulkiemdé(koudougou),sakoinse,burkina_faso,2009-11-06,0.29618809831467136,16,0,1,non-hh,national,NA,1,12.188339999999998,-1.96848
1347,boulkiemdé(koudougou),sakoinse,burkina_faso,2009-11-06,-0.0458678934312003,8,0,1,non-hh,national,NA,1,12.188339999999998,-1.96848
1348,boulkiemdé(koudougou),sakoinse,burkina_faso,2009-11-06,0.2699625388985042,5,0,NA,NA,NA,NA,NA,12.188339999999998,-1.96848
1352,boulgou(tenkodogo),bane,burkina_faso,2009-11-04,-0.7745290570405126,5,0,NA,NA,NA,NA,NA,11.576123367890464,-0.355584147
1358,boulgou(tenkodogo),bane,burkina_faso,2009-11-04,-0.8009573837659925,3,0,NA,NA,NA,NA,NA,11.576123367890464,-0.355584147
1360,boulgou(tenkodogo),bane,burkina_faso,2009-11-04,-0.4102921482214701,5,0,NA,NA,NA,NA,NA,11.576123367890464,-0.355584147
1363,boulgou(tenkodogo),bane,burkina_faso,2009-11-04,-0.8802423639424322,7,0,NA,NA,NA,NA,NA,11.576123367890464,-0.355584147
1364,boulgou(tenkodogo),bane,burkina_faso,2009-11-04,-0.8009573837659925,6,0,NA,NA,NA,NA,NA,11.576123367890464,-0.355584147
1368,boulgou(tenkodogo),bane,burkina_faso,2009-11-04,-0.8009573837659925,6,0,1,non-hh,international,NA,1,11.576123367890464,-0.355584147
1370,boulgou(tenkodogo),bane,burkina_faso,2009-11-04,-0.7745290570405126,5,0,1,non-hh,international,NA,1,11.576123367890464,-0.355584147
1372,boulgou(tenkodogo),bane,burkina_faso,2009-11-04,-0.9167794332202042,1,0,NA,NA,NA,NA,NA,11.576123367890464,-0.355584147
1376,boulgou(tenkodogo),bane,burkina_faso,2009-11-04,2.369690436208034,7,0,NA,NA,NA,NA,NA,11.576123367890464,-0.355584147
1378,boulgou(tenkodogo),bittou secteur 1,burkina_faso,2009-11-02,6.624292829570851,5,0,NA,NA,NA,NA,NA,11.25581,-0.30545
1380,boulgou(tenkodogo),bittou secteur 1,burkina_faso,2009-11-02,2.013046413301062,9,0,NA,NA,NA,NA,NA,11.25581,-0.30545
1381,boulgou(tenkodogo),bittou secteur 1,burkina_faso,2009-11-02,1.8939208230061648,8,0,NA,NA,NA,NA,NA,11.25581,-0.30545
1390,boulgou(tenkodogo),bittou secteur 1,burkina_faso,2009-11-02,-0.9366006782643141,4,0,NA,NA,NA,NA,NA,11.25581,-0.30545
1396,boulgou(tenkodogo),bittou secteur 1,burkina_faso,2009-11-03,1.9337614331246222,17,0,NA,NA,NA,NA,NA,11.25581,-0.30545
1397,boulgou(tenkodogo),bittou secteur 1,burkina_faso,2009-11-02,0.5109007732317494,3,0,NA,NA,NA,NA,NA,11.25581,-0.30545
1399,boulgou(tenkodogo),bittou secteur 1,burkina_faso,2009-11-03,-0.7811361387218825,4,0,1,non-hh,international,NA,1,11.25581,-0.30545
1401,boulgou(tenkodogo),bittou secteur 1,burkina_faso,2009-11-03,-0.7613148936777725,3,0,NA,NA,NA,NA,NA,11.25581,-0.30545
1403,boulgou(tenkodogo),bittou secteur 1,burkina_faso,2009-11-03,10.46741728992276,8,0,NA,NA,NA,NA,NA,11.25581,-0.30545
1408,boulgou(tenkodogo),gambaghin,burkina_faso,2009-11-12,-0.9366006782643141,2,0,NA,NA,NA,NA,NA,11.786085461070222,-0.368035917
1410,boulgou(tenkodogo),gambaghin,burkina_faso,2009-11-12,-0.7679219753591424,4,0,NA,NA,NA,NA,NA,11.786085461070222,-0.368035917
1417,boulgou(tenkodogo),gambaghin,burkina_faso,2009-11-12,-0.9514666120473967,11,0,NA,NA,NA,NA,NA,11.786085461070222,-0.368035917
1418,boulgou(tenkodogo),gambaghin,burkina_faso,2009-11-12,-0.42350631158421004,3,0,NA,NA,NA,NA,NA,11.786085461070222,-0.368035917
1419,boulgou(tenkodogo),gambaghin,burkina_faso,2009-11-12,0.23936112798212406,5,0,NA,NA,NA,NA,NA,11.786085461070222,-0.368035917
1422,boulgou(tenkodogo),gambaghin,burkina_faso,2009-11-12,-0.9564219233084241,9,0,NA,NA,NA,NA,NA,11.786085461070222,-0.368035917
1426,boulgou(tenkodogo),gambaghin,burkina_faso,2009-11-12,-1.0158856584407538,6,0,NA,NA,NA,NA,NA,11.786085461070222,-0.368035917
1427,boulgou(tenkodogo),gambaghin,burkina_faso,2009-11-12,-1.1149918836613035,11,0,NA,NA,NA,NA,NA,11.786085461070222,-0.368035917
1428,boulgou(tenkodogo),gambaghin,burkina_faso,2009-11-12,-0.9167794332202042,1,0,NA,NA,NA,NA,NA,11.786085461070222,-0.368035917
1433,boulgou(tenkodogo),guella,burkina_faso,2009-11-13,0.4981049769360056,4,0,NA,NA,NA,NA,NA,11.786085461070222,-0.368035917
1434,boulgou(tenkodogo),guella,burkina_faso,2009-11-13,-0.8141715471287323,11,0,NA,NA,NA,NA,NA,11.786085461070222,-0.368035917
1436,boulgou(tenkodogo),guella,burkina_faso,2009-11-13,-0.7811361387218825,4,0,NA,NA,NA,NA,NA,11.786085461070222,-0.368035917
1445,boulgou(tenkodogo),guella,burkina_faso,2009-11-12,-0.9960644133966439,5,0,NA,NA,NA,NA,NA,11.786085461070222,-0.368035917
1448,boulgou(tenkodogo),guella,burkina_faso,2009-11-13,-0.9564219233084241,3,0,NA,NA,NA,NA,NA,11.786085461070222,-0.368035917
1450,boulgou(tenkodogo),guella,burkina_faso,2009-11-13,-0.8141715471287323,11,0,NA,NA,NA,NA,NA,11.786085461070222,-0.368035917
1451,boulgou(tenkodogo),guella,burkina_faso,2009-11-13,-0.7811361387218825,2,0,NA,NA,NA,NA,NA,11.786085461070222,-0.368035917
1453,boulgou(tenkodogo),guella,burkina_faso,2009-11-13,-0.7745290570405126,5,0,NA,NA,NA,NA,NA,11.786085461070222,-0.368035917
1458,boulgou(tenkodogo),guella,burkina_faso,2009-11-13,1.6659633338450208,13,0,NA,NA,NA,NA,NA,11.786085461070222,-0.368035917
1459,boulgou(tenkodogo),tisselin,burkina_faso,2009-11-08,-0.7877432204032524,7,0,NA,NA,NA,NA,NA,11.786085461070222,-0.368035917
1460,boulgou(tenkodogo),tisselin,burkina_faso,2009-11-08,0.5672590875536314,6,0,NA,NA,NA,NA,NA,11.786085461070222,-0.368035917
1469,boulgou(tenkodogo),tisselin,burkina_faso,2009-11-08,-0.06568913847531024,9,0,NA,NA,NA,NA,NA,11.786085461070222,-0.368035917
1474,boulgou(tenkodogo),tisselin,burkina_faso,2009-11-08,-0.9397060990747621,10,0,NA,NA,NA,NA,NA,11.786085461070222,-0.368035917
1477,boulgou(tenkodogo),tisselin,burkina_faso,2009-11-08,-0.7910467612439374,5,0,NA,NA,NA,NA,NA,11.786085461070222,-0.368035917
1478,boulgou(tenkodogo),tisselin,burkina_faso,2009-11-08,-0.9762431683525341,4,0,NA,NA,NA,NA,NA,11.786085461070222,-0.368035917
1480,boulgou(tenkodogo),tisselin,burkina_faso,2009-11-08,-0.946511300786369,5,0,NA,NA,NA,NA,NA,11.786085461070222,-0.368035917
1484,boulgou(tenkodogo),tisselin,burkina_faso,2009-11-08,2.5371685449760815,3,0,NA,NA,NA,NA,NA,11.786085461070222,-0.368035917
1485,boulgou(tenkodogo),tisselin,burkina_faso,2009-11-08,-0.6483452087810266,5,0,NA,NA,NA,NA,NA,11.786085461070222,-0.368035917
1489,boulgou(tenkodogo),zankougdgo,burkina_faso,2009-11-06,-0.7613148936777725,6,0,NA,NA,NA,NA,NA,11.786085461070222,-0.368035917
1490,boulgou(tenkodogo),zankougdgo,burkina_faso,2009-11-06,-0.9366006782643141,4,0,NA,NA,NA,NA,NA,11.786085461070222,-0.368035917
1491,boulgou(tenkodogo),zankougdgo,burkina_faso,2009-11-06,-0.9762431683525341,4,0,1,non-hh,national,NA,1,11.786085461070222,-0.368035917
1492,boulgou(tenkodogo),zankougdgo,burkina_faso,2009-11-06,-0.5756673102859567,4,0,NA,NA,NA,NA,NA,11.786085461070222,-0.368035917
1495,boulgou(tenkodogo),zankougdgo,burkina_faso,2009-11-06,-0.9960644133966439,5,0,NA,NA,NA,NA,NA,11.786085461070222,-0.368035917
1503,boulgou(tenkodogo),zankougdgo,burkina_faso,2009-11-06,-1.0357069034848638,7,0,NA,NA,NA,NA,NA,11.786085461070222,-0.368035917
1505,boulgou(tenkodogo),zankougdgo,burkina_faso,2009-11-06,-0.7877432204032524,7,0,NA,NA,NA,NA,NA,11.786085461070222,-0.368035917
1506,boulgou(tenkodogo),zankougdgo,burkina_faso,2009-11-06,-0.9762431683525341,4,0,NA,NA,NA,NA,NA,11.786085461070222,-0.368035917
1512,boulgou(tenkodogo),zankougdgo,burkina_faso,2009-11-06,-0.9422638911340597,16,0,NA,NA,NA,NA,NA,11.786085461070222,-0.368035917
1518,boulgou(tenkodogo),zeke,burkina_faso,2009-11-11,-0.5756673102859567,4,0,NA,NA,NA,NA,NA,11.786085461070222,-0.368035917
1520,boulgou(tenkodogo),zeke,burkina_faso,2009-11-11,-0.7745290570405126,5,0,NA,NA,NA,NA,NA,11.786085461070222,-0.368035917
1521,boulgou(tenkodogo),zeke,burkina_faso,2009-11-11,-1.0357069034848638,14,0,NA,NA,NA,NA,NA,11.786085461070222,-0.368035917
1524,boulgou(tenkodogo),zeke,burkina_faso,2009-11-11,-0.7811361387218825,6,0,NA,NA,NA,NA,NA,11.786085461070222,-0.368035917
1529,boulgou(tenkodogo),zeke,burkina_faso,2009-11-11,-0.7811361387218825,4,0,NA,NA,NA,NA,NA,11.786085461070222,-0.368035917
1532,boulgou(tenkodogo),zeke,burkina_faso,2009-11-11,-0.8075644654473624,10,0,NA,NA,NA,NA,NA,11.786085461070222,-0.368035917
1534,boulgou(tenkodogo),zeke,burkina_faso,2009-11-11,-0.7811361387218825,4,0,NA,NA,NA,NA,NA,11.786085461070222,-0.368035917
1536,boulgou(tenkodogo),zeke,burkina_faso,2009-11-11,-0.9564219233084241,3,0,NA,NA,NA,NA,NA,11.786085461070222,-0.368035917
1537,boulgou(tenkodogo),zeke,burkina_faso,2009-11-11,1.6950590762516093,9,0,NA,NA,NA,NA,NA,11.786085461070222,-0.368035917
1541,boulgou(tenkodogo),zonse,burkina_faso,2009-10-31,-0.4202027707435251,8,0,NA,NA,NA,NA,NA,11.35575325177376,-0.635611602
1543,boulgou(tenkodogo),zonse,burkina_faso,2009-10-31,-0.7910467612439374,5,0,NA,NA,NA,NA,NA,11.35575325177376,-0.635611602
1544,boulgou(tenkodogo),zonse,burkina_faso,2009-10-31,-0.963029004989794,10,0,NA,NA,NA,NA,NA,11.35575325177376,-0.635611602
1551,boulgou(tenkodogo),zonse,burkina_faso,2009-10-31,-0.43341693410626503,2,0,NA,NA,NA,NA,NA,11.35575325177376,-0.635611602
1553,boulgou(tenkodogo),zonse,burkina_faso,2009-10-31,-0.9167794332202042,2,0,NA,NA,NA,NA,NA,11.35575325177376,-0.635611602
1554,boulgou(tenkodogo),zonse,burkina_faso,2009-10-31,2.7124543295626236,4,0,NA,NA,NA,NA,NA,11.35575325177376,-0.635611602
1560,boulgou(tenkodogo),zonse,burkina_faso,2009-10-31,-1.0753493935730838,9,0,NA,NA,NA,NA,NA,11.35575325177376,-0.635611602
1561,boulgou(tenkodogo),zonse,burkina_faso,2009-10-31,-0.926690055742259,3,0,NA,NA,NA,NA,NA,11.35575325177376,-0.635611602
1566,boulgou(tenkodogo),zonse,burkina_faso,2009-11-01,2.070528023928981,8,0,NA,NA,NA,NA,NA,11.35575325177376,-0.635611602
1569,tuy(houndé),bihoun,burkina_faso,2009-11-01,0.4117945480111998,6,0,NA,NA,NA,NA,NA,11.67119878168943,-3.661070784
1571,tuy(houndé),bihoun,burkina_faso,2009-11-01,-0.9564219233084241,6,0,NA,NA,NA,NA,NA,11.67119878168943,-3.661070784
1572,tuy(houndé),bihoun,burkina_faso,2009-11-01,0.08389658843969242,5,0,NA,NA,NA,NA,NA,11.67119878168943,-3.661070784
1573,tuy(houndé),bihoun,burkina_faso,2009-11-01,-0.8802423639424322,7,0,NA,NA,NA,NA,NA,11.67119878168943,-3.661070784
1574,tuy(houndé),bihoun,burkina_faso,2009-11-01,-0.946511300786369,10,0,NA,NA,NA,NA,NA,11.67119878168943,-3.661070784
1575,tuy(houndé),bihoun,burkina_faso,2009-11-01,0.3044880759841996,12,0,NA,NA,NA,NA,NA,11.67119878168943,-3.661070784
1576,tuy(houndé),bihoun,burkina_faso,2009-11-01,0.33603335571220394,10,0,NA,NA,NA,NA,NA,11.67119878168943,-3.661070784
1579,tuy(houndé),bihoun,burkina_faso,2009-11-01,-0.43341693410626503,4,0,NA,NA,NA,NA,NA,11.67119878168943,-3.661070784
1582,tuy(houndé),bihoun,burkina_faso,2009-11-11,3.1267035317123857,14,0,NA,NA,NA,NA,NA,11.67119878168943,-3.661070784
1583,tuy(houndé),bihoun,burkina_faso,2009-11-01,1.7247909438177742,3,0,1,non-hh,national,NA,1,11.67119878168943,-3.661070784
1586,tuy(houndé),bihoun,burkina_faso,2009-10-31,-0.42350631158421004,6,0,NA,NA,NA,NA,NA,11.67119878168943,-3.661070784
1587,tuy(houndé),bihoun,burkina_faso,2009-11-01,-0.46314880167243,14,0,NA,NA,NA,NA,NA,11.67119878168943,-3.661070784
1588,tuy(houndé),bihoun,burkina_faso,2009-11-06,-0.49288066923859486,5,0,NA,NA,NA,NA,NA,11.67119878168943,-3.661070784
1589,tuy(houndé),bihoun,burkina_faso,2009-11-01,-0.8009573837659925,3,0,NA,NA,NA,NA,NA,11.67119878168943,-3.661070784
1591,tuy(houndé),bihoun,burkina_faso,2009-11-01,-0.7811361387218825,4,0,NA,NA,NA,NA,NA,11.67119878168943,-3.661070784
1593,tuy(houndé),bihoun,burkina_faso,2009-11-01,-0.9397060990747621,10,0,NA,NA,NA,NA,NA,11.67119878168943,-3.661070784
1598,tuy(houndé),lokoa,burkina_faso,2009-11-02,-0.7943503020846223,8,0,NA,NA,NA,NA,NA,11.489445114846365,-3.522869838
1601,tuy(houndé),lokoa,burkina_faso,2009-11-02,-0.9960644133966439,10,0,NA,NA,NA,NA,NA,11.489445114846365,-3.522869838
1603,tuy(houndé),lokoa,burkina_faso,2009-11-02,-0.9066706906679121,25,0,NA,NA,NA,NA,NA,11.489445114846365,-3.522869838
1608,tuy(houndé),lokoa,burkina_faso,2009-11-02,-0.14497411865175003,7,0,NA,NA,NA,NA,NA,11.489445114846365,-3.522869838
1609,tuy(houndé),lokoa,burkina_faso,2009-11-02,-0.8604211188983222,6,0,NA,NA,NA,NA,NA,11.489445114846365,-3.522869838
1612,tuy(houndé),lokoa,burkina_faso,2009-11-02,-0.446631097469005,8,0,NA,NA,NA,NA,NA,11.489445114846365,-3.522869838
1613,tuy(houndé),lokoa,burkina_faso,2009-11-02,0.9979789412761622,12,0,NA,NA,NA,NA,NA,11.489445114846365,-3.522869838
1614,tuy(houndé),lokoa,burkina_faso,2009-11-02,-0.7811361387218825,8,0,NA,NA,NA,NA,NA,11.489445114846365,-3.522869838
1620,tuy(houndé),lokoa,burkina_faso,2009-11-02,-0.9366006782643141,4,0,NA,NA,NA,NA,NA,11.489445114846365,-3.522869838
1621,tuy(houndé),ouoro,burkina_faso,2009-11-03,-0.7679219753591424,4,0,NA,NA,NA,NA,NA,11.489445114846365,-3.522869838
1622,tuy(houndé),ouoro,burkina_faso,2009-11-03,-0.7662702049387999,5,0,NA,NA,NA,NA,NA,11.489445114846365,-3.522869838
1623,tuy(houndé),ouoro,burkina_faso,2009-10-30,-0.473059424194485,8,0,NA,NA,NA,NA,NA,11.489445114846365,-3.522869838
1625,tuy(houndé),ouoro,burkina_faso,2009-10-30,-0.9167794332202042,3,0,NA,NA,NA,NA,NA,11.489445114846365,-3.522869838
1634,tuy(houndé),ouoro,burkina_faso,2009-10-31,0.4518554051664157,11,0,1,non-hh,national,NA,1,11.489445114846365,-3.522869838
1634,tuy(houndé),ouoro,burkina_faso,2009-10-31,0.4518554051664157,11,0,1,non-hh,national,NA,NA,11.489445114846365,-3.522869838
1634,tuy(houndé),ouoro,burkina_faso,2009-10-31,0.4518554051664157,11,0,1,non-hh,national,NA,1,11.489445114846365,-3.522869838
1634,tuy(houndé),ouoro,burkina_faso,2009-10-31,0.4518554051664157,11,0,1,non-hh,national,NA,1,11.489445114846365,-3.522869838
1634,tuy(houndé),ouoro,burkina_faso,2009-10-31,0.4518554051664157,11,0,1,non-hh,national,NA,1,11.489445114846365,-3.522869838
1636,tuy(houndé),ouoro,burkina_faso,2009-10-30,-0.9167794332202042,2,0,NA,NA,NA,NA,NA,11.489445114846365,-3.522869838
1637,tuy(houndé),ouoro,burkina_faso,2009-10-30,-1.0753493935730838,9,0,NA,NA,NA,NA,NA,11.489445114846365,-3.522869838
1638,tuy(houndé),ouoro,burkina_faso,2009-10-31,2.56780137822607,16,0,NA,NA,NA,NA,NA,11.489445114846365,-3.522869838
1639,tuy(houndé),ouoro,burkina_faso,2009-10-31,-0.946511300786369,5,0,NA,NA,NA,NA,NA,11.489445114846365,-3.522869838
1640,tuy(houndé),ouoro,burkina_faso,2009-10-31,-0.9432077599456841,7,0,NA,NA,NA,NA,NA,11.489445114846365,-3.522869838
1641,tuy(houndé),ouoro,burkina_faso,2009-10-31,-0.4202027707435251,4,0,1,non-hh,national,NA,1,11.489445114846365,-3.522869838
1641,tuy(houndé),ouoro,burkina_faso,2009-10-31,-0.4202027707435251,4,0,1,non-hh,national,NA,1,11.489445114846365,-3.522869838
1641,tuy(houndé),ouoro,burkina_faso,2009-10-31,-0.4202027707435251,4,0,1,non-hh,national,NA,1,11.489445114846365,-3.522869838
1641,tuy(houndé),ouoro,burkina_faso,2009-10-31,-0.4202027707435251,4,0,1,non-hh,national,NA,1,11.489445114846365,-3.522869838
1641,tuy(houndé),ouoro,burkina_faso,2009-10-31,-0.4202027707435251,4,0,1,non-hh,national,NA,1,11.489445114846365,-3.522869838
1642,tuy(houndé),ouoro,burkina_faso,2009-10-31,0.2790036180703439,3,0,1,non-hh,national,NA,1,11.489445114846365,-3.522869838
1643,tuy(houndé),ouoro,burkina_faso,2009-10-31,-0.5523444043709248,8,0,1,non-hh,national,NA,1,11.489445114846365,-3.522869838
1646,tuy(houndé),ouoro,burkina_faso,2009-10-31,-0.7969931347571704,14,0,1,non-hh,international,NA,1,11.489445114846365,-3.522869838
1646,tuy(houndé),ouoro,burkina_faso,2009-10-31,-0.7969931347571704,14,0,1,non-hh,international,NA,1,11.489445114846365,-3.522869838
1646,tuy(houndé),ouoro,burkina_faso,2009-10-31,-0.7969931347571704,14,0,1,non-hh,international,NA,1,11.489445114846365,-3.522869838
1666,tuy(houndé),pana,burkina_faso,2009-11-04,-1.0158856584407538,6,0,NA,NA,NA,NA,NA,11.489445114846365,-3.522869838
1667,tuy(houndé),pana,burkina_faso,2009-11-04,1.877169700612101,8,0,NA,NA,NA,NA,NA,11.489445114846365,-3.522869838
1668,tuy(houndé),pana,burkina_faso,2009-11-04,-0.7811361387218825,6,0,NA,NA,NA,NA,NA,11.489445114846365,-3.522869838
1669,tuy(houndé),pana,burkina_faso,2009-11-04,0.4898461248342931,7,0,NA,NA,NA,NA,NA,11.489445114846365,-3.522869838
1670,tuy(houndé),pana,burkina_faso,2009-11-04,0.4948014360953206,6,0,NA,NA,NA,NA,NA,11.489445114846365,-3.522869838
1671,tuy(houndé),pana,burkina_faso,2009-11-04,1.7375331727747019,6,0,1,non-hh,national,NA,1,11.489445114846365,-3.522869838
1672,tuy(houndé),pana,burkina_faso,2009-11-04,-0.9366006782643141,6,0,NA,NA,NA,NA,NA,11.489445114846365,-3.522869838
1673,tuy(houndé),pana,burkina_faso,2009-11-04,-0.43341693410626503,6,0,NA,NA,NA,NA,NA,11.489445114846365,-3.522869838
1674,tuy(houndé),pana,burkina_faso,2009-11-04,3.4883321884240184,6,0,1,non-hh,national,NA,1,11.489445114846365,-3.522869838
1676,tuy(houndé),saho,burkina_faso,2009-11-03,-0.7662702049387999,5,0,NA,NA,NA,NA,NA,11.489445114846365,-3.522869838
1678,tuy(houndé),saho,burkina_faso,2009-11-03,-0.796002072504965,11,0,NA,NA,NA,NA,NA,11.489445114846365,-3.522869838
1685,tuy(houndé),saho,burkina_faso,2009-11-03,2.0080911020400345,19,0,NA,NA,NA,NA,NA,11.489445114846365,-3.522869838
1687,tuy(houndé),saho,burkina_faso,2009-11-03,1.714880321295719,6,0,1,non-hh,national,NA,NA,11.489445114846365,-3.522869838
1687,tuy(houndé),saho,burkina_faso,2009-11-03,1.714880321295719,6,0,1,non-hh,national,NA,NA,11.489445114846365,-3.522869838
1687,tuy(houndé),saho,burkina_faso,2009-11-03,1.714880321295719,6,0,1,non-hh,national,NA,1,11.489445114846365,-3.522869838
1691,tuy(houndé),saho,burkina_faso,2009-11-03,-0.9762431683525341,8,0,NA,NA,NA,NA,NA,11.489445114846365,-3.522869838
1692,tuy(houndé),saho,burkina_faso,2009-11-03,-0.7930288857483485,13,0,NA,NA,NA,NA,NA,11.489445114846365,-3.522869838
1693,tuy(houndé),saho,burkina_faso,2009-11-03,-0.453238179150375,18,0,NA,NA,NA,NA,NA,11.489445114846365,-3.522869838
1694,tuy(houndé),saho,burkina_faso,2009-11-03,-0.44828286788934757,11,0,NA,NA,NA,NA,NA,11.489445114846365,-3.522869838
1703,passoré(yako),bokin secteur 2,burkina_faso,2009-11-14,1.5792370267973974,3,0,1,non-hh,national,NA,1,13.00350966077545,-1.792657275
1704,passoré(yako),bokin secteur 2,burkina_faso,2009-11-14,-0.9564219233084241,6,0,NA,NA,NA,NA,NA,13.00350966077545,-1.792657275
1707,passoré(yako),bokin secteur 2,burkina_faso,2009-11-14,6.268610546372451,30,0,NA,NA,NA,NA,NA,13.00350966077545,-1.792657275
1711,passoré(yako),bokin secteur 2,burkina_faso,2009-11-13,-0.9564219233084241,9,0,NA,NA,NA,NA,NA,13.00350966077545,-1.792657275
1715,passoré(yako),bokin secteur 2,burkina_faso,2009-11-14,-0.9564219233084241,3,0,1,non-hh,national,NA,1,13.00350966077545,-1.792657275
1719,passoré(yako),bokin secteur 2,burkina_faso,2009-11-13,-0.9366006782643141,6,0,1,non-hh,national,NA,1,13.00350966077545,-1.792657275
1720,passoré(yako),bokin secteur 2,burkina_faso,2009-11-14,1.5495051592312326,5,0,1,non-hh,national,NA,1,13.00350966077545,-1.792657275
1723,passoré(yako),bokin secteur 2,burkina_faso,2009-11-14,-0.5888814736486967,4,0,1,non-hh,national,NA,1,13.00350966077545,-1.792657275
1726,passoré(yako),bokin secteur 2,burkina_faso,2009-11-13,1.5197732916650677,12,0,1,non-hh,national,NA,1,13.00350966077545,-1.792657275
1747,passoré(yako),bouria,burkina_faso,2009-11-02,-0.5730244776134088,6,0,1,non-hh,international,NA,1,12.831032143385691,-2.181604187
1748,passoré(yako),bouria,burkina_faso,2009-11-01,-0.4413454321239091,12,0,NA,NA,NA,NA,NA,12.831032143385691,-2.181604187
1749,passoré(yako),bouria,burkina_faso,2009-11-01,-0.9009224371849163,1,0,NA,NA,NA,NA,NA,12.831032143385691,-2.181604187
1750,passoré(yako),bouria,burkina_faso,2009-11-01,-0.7692433916954164,7,0,NA,NA,NA,NA,NA,12.831032143385691,-2.181604187
1751,passoré(yako),bouria,burkina_faso,2009-11-01,-0.946511300786369,10,0,NA,NA,NA,NA,NA,12.831032143385691,-2.181604187
1752,passoré(yako),bouria,burkina_faso,2009-11-02,-0.44332755662832,15,0,1,non-hh,international,NA,1,12.831032143385691,-2.181604187
1753,passoré(yako),bouria,burkina_faso,2009-11-01,-0.9564219233084241,15,0,NA,NA,NA,NA,NA,12.831032143385691,-2.181604187
1754,passoré(yako),bouria,burkina_faso,2009-11-01,-0.7811361387218825,8,0,NA,NA,NA,NA,NA,12.831032143385691,-2.181604187
1755,passoré(yako),bouria,burkina_faso,2009-11-01,-0.8009573837659925,9,0,1,non-hh,international,NA,1,12.831032143385691,-2.181604187
1756,passoré(yako),gombre,burkina_faso,2009-11-16,-0.7613148936777725,1,0,1,non-hh,national,NA,1,12.963660718169418,-2.259889575
1757,passoré(yako),gombre,burkina_faso,2009-11-16,-0.9366006782643141,6,0,NA,NA,NA,NA,NA,12.963660718169418,-2.259889575
1758,passoré(yako),gombre,burkina_faso,2009-11-16,-0.9366006782643141,4,0,NA,NA,NA,NA,NA,12.963660718169418,-2.259889575
1759,passoré(yako),gombre,burkina_faso,2009-11-16,-0.9564219233084241,9,0,1,non-hh,national,NA,1,12.963660718169418,-2.259889575
1760,passoré(yako),gombre,burkina_faso,2009-11-16,-0.9366006782643141,4,0,NA,NA,NA,NA,NA,12.963660718169418,-2.259889575
1761,passoré(yako),gombre,burkina_faso,2009-11-16,-0.9366006782643141,6,0,NA,NA,NA,NA,NA,12.963660718169418,-2.259889575
1762,passoré(yako),gombre,burkina_faso,2009-11-16,-0.9299935965829442,5,0,NA,NA,NA,NA,NA,12.963660718169418,-2.259889575
1763,passoré(yako),gombre,burkina_faso,2009-11-16,-0.9514666120473967,11,0,NA,NA,NA,NA,NA,12.963660718169418,-2.259889575
1764,passoré(yako),gombre,burkina_faso,2009-11-16,-0.6012697518012655,21,0,1,non-hh,international,NA,1,12.963660718169418,-2.259889575
1764,passoré(yako),gombre,burkina_faso,2009-11-16,-0.6012697518012655,21,0,1,non-hh,national,NA,1,12.963660718169418,-2.259889575
1801,passoré(yako),ilyale,burkina_faso,2009-11-02,-0.7910467612439374,5,0,NA,NA,NA,NA,NA,12.963660718169418,-2.259889575
1802,passoré(yako),ilyale,burkina_faso,2009-11-02,-0.9167794332202042,2,0,1,non-hh,national,NA,1,12.963660718169418,-2.259889575
1802,passoré(yako),ilyale,burkina_faso,2009-11-02,-0.9167794332202042,2,0,1,non-hh,national,NA,1,12.963660718169418,-2.259889575
1802,passoré(yako),ilyale,burkina_faso,2009-11-02,-0.9167794332202042,2,0,1,non-hh,national,NA,1,12.963660718169418,-2.259889575
1802,passoré(yako),ilyale,burkina_faso,2009-11-02,-0.9167794332202042,2,0,1,non-hh,international,NA,1,12.963660718169418,-2.259889575
1802,passoré(yako),ilyale,burkina_faso,2009-11-02,-0.9167794332202042,2,0,1,non-hh,national,NA,1,12.963660718169418,-2.259889575
1802,passoré(yako),ilyale,burkina_faso,2009-11-02,-0.9167794332202042,2,0,1,non-hh,national,NA,1,12.963660718169418,-2.259889575
1803,passoré(yako),ilyale,burkina_faso,2009-11-02,-0.7692433916954164,7,0,1,non-hh,international,NA,1,12.963660718169418,-2.259889575
1803,passoré(yako),ilyale,burkina_faso,2009-11-02,-0.7692433916954164,7,0,1,non-hh,international,NA,1,12.963660718169418,-2.259889575
1804,passoré(yako),ilyale,burkina_faso,2009-11-02,-0.7877432204032524,7,0,NA,NA,NA,NA,NA,12.963660718169418,-2.259889575
1805,passoré(yako),ilyale,burkina_faso,2009-11-02,-0.9366006782643141,4,0,1,non-hh,national,NA,1,12.963660718169418,-2.259889575
1806,passoré(yako),ilyale,burkina_faso,2009-11-03,-1.1348131287054135,12,0,NA,NA,NA,NA,NA,12.963660718169418,-2.259889575
1807,passoré(yako),ilyale,burkina_faso,2009-11-02,-0.9167794332202042,1,0,NA,NA,NA,NA,NA,12.963660718169418,-2.259889575
1808,passoré(yako),ilyale,burkina_faso,2009-11-02,-0.181511187929522,1,0,1,non-hh,international,NA,1,12.963660718169418,-2.259889575
1809,passoré(yako),ilyale,burkina_faso,2009-11-02,-0.181511187929522,1,0,1,non-hh,national,NA,1,12.963660718169418,-2.259889575
1810,passoré(yako),lantaga,burkina_faso,2009-11-12,-0.8604211188983222,12,0,NA,NA,NA,NA,NA,12.762932763845306,-2.187679805
1811,passoré(yako),lantaga,burkina_faso,2009-11-11,-0.946511300786369,5,0,NA,NA,NA,NA,NA,12.762932763845306,-2.187679805
1812,passoré(yako),lantaga,burkina_faso,2009-11-12,-0.926690055742259,15,0,NA,NA,NA,NA,NA,12.762932763845306,-2.187679805
1813,passoré(yako),lantaga,burkina_faso,2009-11-11,-0.9082846139155856,4,0,NA,NA,NA,NA,NA,12.762932763845306,-2.187679805
1814,passoré(yako),lantaga,burkina_faso,2009-11-11,-0.9247079312378481,7,0,NA,NA,NA,NA,NA,12.762932763845306,-2.187679805
1815,passoré(yako),lantaga,burkina_faso,2009-11-11,-0.9167794332202042,3,0,NA,NA,NA,NA,NA,12.762932763845306,-2.187679805
1816,passoré(yako),lantaga,burkina_faso,2009-11-11,-0.42350631158421004,6,0,NA,NA,NA,NA,NA,12.762932763845306,-2.187679805
1817,passoré(yako),lantaga,burkina_faso,2009-11-12,-0.9366006782643141,8,0,NA,NA,NA,NA,NA,12.762932763845306,-2.187679805
1818,passoré(yako),lantaga,burkina_faso,NA,-0.9233865149015741,4,0,NA,NA,NA,NA,NA,12.762932763845306,-2.187679805
1819,passoré(yako),lantaga,burkina_faso,2009-11-12,-0.6219168820555467,11,0,1,non-hh,international,NA,1,12.762932763845306,-2.187679805
1837,passoré(yako),reanon,burkina_faso,2009-11-12,-0.9762431683525341,4,0,NA,NA,NA,NA,NA,12.963660718169418,-2.259889575
1838,passoré(yako),reanon,burkina_faso,2009-11-13,-0.9167794332202042,2,0,NA,NA,NA,NA,NA,12.963660718169418,-2.259889575
1840,passoré(yako),reanon,burkina_faso,2009-11-13,-0.9200829740608891,7,0,NA,NA,NA,NA,NA,12.963660718169418,-2.259889575
1841,passoré(yako),reanon,burkina_faso,2009-11-13,-0.7712255161998274,9,0,NA,NA,NA,NA,NA,12.963660718169418,-2.259889575
1842,passoré(yako),reanon,burkina_faso,2009-11-13,-0.9366006782643141,8,0,NA,NA,NA,NA,NA,12.963660718169418,-2.259889575
1843,passoré(yako),reanon,burkina_faso,2009-11-13,-0.9316453670032867,7,0,NA,NA,NA,NA,NA,12.963660718169418,-2.259889575
1844,passoré(yako),reanon,burkina_faso,2009-11-13,-0.7692433916954164,14,0,NA,NA,NA,NA,NA,12.963660718169418,-2.259889575
1845,passoré(yako),reanon,burkina_faso,2009-11-12,-0.946511300786369,10,0,NA,NA,NA,NA,NA,12.963660718169418,-2.259889575
1864,yatenga(ouahigouya),balongo,burkina_faso,2009-11-02,-0.7745290570405126,5,0,1,non-hh,international,NA,1,13.659450000000001,-2.48013
1865,yatenga(ouahigouya),balongo,burkina_faso,2009-11-02,-0.946511300786369,5,0,NA,NA,NA,NA,NA,13.659450000000001,-2.48013
1866,yatenga(ouahigouya),balongo,burkina_faso,2009-11-03,-0.7745290570405126,5,0,NA,NA,NA,NA,NA,13.659450000000001,-2.48013
1867,yatenga(ouahigouya),balongo,burkina_faso,2009-11-02,-0.7712255161998274,3,0,NA,NA,NA,NA,NA,13.659450000000001,-2.48013
1868,yatenga(ouahigouya),balongo,burkina_faso,2009-11-02,-0.7745290570405126,5,0,NA,NA,NA,NA,NA,13.659450000000001,-2.48013
1869,yatenga(ouahigouya),balongo,burkina_faso,2009-11-02,-0.7811361387218825,6,0,NA,NA,NA,NA,NA,13.659450000000001,-2.48013
1870,yatenga(ouahigouya),balongo,burkina_faso,2009-11-03,-0.776180827460855,7,0,NA,NA,NA,NA,NA,13.659450000000001,-2.48013
1871,yatenga(ouahigouya),balongo,burkina_faso,2009-11-03,-0.7910467612439374,10,0,NA,NA,NA,NA,NA,13.659450000000001,-2.48013
1872,yatenga(ouahigouya),balongo,burkina_faso,2009-11-02,-0.926690055742259,3,0,NA,NA,NA,NA,NA,13.659450000000001,-2.48013
1892,yatenga(ouahigouya),barma-mossi,burkina_faso,2009-11-07,-0.7811361387218825,14,0,1,non-hh,national,NA,1,13.240319999999997,-2.05716
1892,yatenga(ouahigouya),barma-mossi,burkina_faso,2009-11-07,-0.7811361387218825,14,0,1,non-hh,national,NA,1,13.240319999999997,-2.05716
1892,yatenga(ouahigouya),barma-mossi,burkina_faso,2009-11-07,-0.7811361387218825,14,0,1,non-hh,international,NA,1,13.240319999999997,-2.05716
1893,yatenga(ouahigouya),barma-mossi,burkina_faso,2009-11-07,-0.473059424194485,8,0,1,non-hh,national,NA,1,13.240319999999997,-2.05716
1893,yatenga(ouahigouya),barma-mossi,burkina_faso,2009-11-07,-0.473059424194485,8,0,1,non-hh,national,NA,1,13.240319999999997,-2.05716
1897,yatenga(ouahigouya),barma-mossi,burkina_faso,2009-11-07,-0.43341693410626503,12,0,NA,NA,NA,NA,NA,13.240319999999997,-2.05716
1898,yatenga(ouahigouya),barma-mossi,burkina_faso,2009-11-07,-0.7910467612439374,5,0,1,non-hh,national,NA,1,13.240319999999997,-2.05716
1904,yatenga(ouahigouya),barma-mossi,burkina_faso,2009-11-07,-0.946511300786369,5,0,1,non-hh,national,NA,1,13.240319999999997,-2.05716
1907,yatenga(ouahigouya),barma-mossi,burkina_faso,2009-11-08,-0.8009573837659925,6,0,1,non-hh,international,NA,1,13.240319999999997,-2.05716
1914,yatenga(ouahigouya),barma-mossi,burkina_faso,2009-11-07,-0.9514666120473967,11,0,1,non-hh,national,NA,1,13.240319999999997,-2.05716
1916,yatenga(ouahigouya),barma-mossi,burkina_faso,2009-11-08,-0.9366006782643141,8,0,1,non-hh,national,NA,1,13.240319999999997,-2.05716
1917,yatenga(ouahigouya),barma-mossi,burkina_faso,2009-11-08,-0.8141715471287323,11,0,1,non-hh,national,NA,1,13.240319999999997,-2.05716
1917,yatenga(ouahigouya),barma-mossi,burkina_faso,2009-11-08,-0.8141715471287323,11,0,1,non-hh,national,NA,1,13.240319999999997,-2.05716
1917,yatenga(ouahigouya),barma-mossi,burkina_faso,2009-11-08,-0.8141715471287323,11,0,1,non-hh,international,NA,1,13.240319999999997,-2.05716
1918,yatenga(ouahigouya),bidi rimaibe thiou,burkina_faso,2009-11-01,-0.8009573837659925,6,0,NA,NA,NA,NA,NA,13.908339999999999,-2.48512
1923,yatenga(ouahigouya),bidi rimaibe thiou,burkina_faso,2009-11-01,-0.796002072504965,11,0,NA,NA,NA,NA,NA,13.908339999999999,-2.48512
1928,yatenga(ouahigouya),bidi rimaibe thiou,burkina_faso,2009-11-01,-0.7811361387218825,12,0,1,non-hh,international,NA,1,13.908339999999999,-2.48512
1930,yatenga(ouahigouya),bidi rimaibe thiou,burkina_faso,2009-11-01,-0.43341693410626503,10,0,NA,NA,NA,NA,NA,13.908339999999999,-2.48512
1932,yatenga(ouahigouya),bidi rimaibe thiou,burkina_faso,2009-11-01,-0.7811361387218825,6,0,NA,NA,NA,NA,NA,13.908339999999999,-2.48512
1934,yatenga(ouahigouya),bidi rimaibe thiou,burkina_faso,2009-11-01,-0.7712255161998274,3,0,NA,NA,NA,NA,NA,13.908339999999999,-2.48512
1935,yatenga(ouahigouya),bidi rimaibe thiou,burkina_faso,2009-11-01,-0.4475749662806293,19,0,1,non-hh,international,NA,1,13.908339999999999,-2.48512
1939,yatenga(ouahigouya),bidi rimaibe thiou,burkina_faso,2009-11-01,-0.9167794332202042,2,0,NA,NA,NA,NA,NA,13.908339999999999,-2.48512
1944,yatenga(ouahigouya),bidi rimaibe thiou,burkina_faso,2009-11-01,-0.453238179150375,6,0,NA,NA,NA,NA,NA,13.908339999999999,-2.48512
1947,yatenga(ouahigouya),bissighin,burkina_faso,2009-11-05,-0.7877432204032524,7,0,1,non-hh,national,NA,1,12.50923,-1.7206
1950,yatenga(ouahigouya),bissighin,burkina_faso,2009-11-06,-0.926690055742259,6,0,1,non-hh,national,NA,1,12.50923,-1.7206
1952,yatenga(ouahigouya),bissighin,burkina_faso,2009-11-05,-0.776180827460855,7,0,1,non-hh,national,NA,1,12.50923,-1.7206
1960,yatenga(ouahigouya),bissighin,burkina_faso,2009-11-05,-0.946511300786369,5,0,NA,NA,NA,NA,NA,12.50923,-1.7206
1961,yatenga(ouahigouya),bissighin,burkina_faso,2009-11-06,-0.7860914499829099,9,0,NA,NA,NA,NA,NA,12.50923,-1.7206
1962,yatenga(ouahigouya),bissighin,burkina_faso,2009-11-05,-0.8009573837659925,6,0,NA,NA,NA,NA,NA,12.50923,-1.7206
1963,yatenga(ouahigouya),bissighin,burkina_faso,2009-11-05,-0.7811361387218825,4,0,NA,NA,NA,NA,NA,12.50923,-1.7206
1964,yatenga(ouahigouya),bissighin,burkina_faso,2009-11-06,-0.7910467612439374,10,0,NA,NA,NA,NA,NA,12.50923,-1.7206
1970,yatenga(ouahigouya),bissighin,burkina_faso,2009-11-05,-0.7910467612439374,10,0,NA,NA,NA,NA,NA,12.50923,-1.7206
1972,yatenga(ouahigouya),boulle,burkina_faso,2009-11-09,-0.42460749186443847,14,0,NA,NA,NA,NA,NA,13.194374569284035,-3.833565665
1975,yatenga(ouahigouya),boulle,burkina_faso,2009-11-09,-0.5987920961707518,5,0,NA,NA,NA,NA,NA,13.194374569284035,-3.833565665
1978,yatenga(ouahigouya),boulle,burkina_faso,2009-11-09,-0.4367204749469501,13,0,1,non-hh,national,NA,1,13.194374569284035,-3.833565665
1981,yatenga(ouahigouya),boulle,burkina_faso,2009-11-08,-0.7877432204032524,7,0,1,non-hh,national,NA,1,13.194374569284035,-3.833565665
1983,yatenga(ouahigouya),boulle,burkina_faso,2009-11-08,-0.4096314400533331,4,0,1,non-hh,international,NA,1,13.194374569284035,-3.833565665
1988,yatenga(ouahigouya),boulle,burkina_faso,2009-11-08,0.826002936507513,14,0,1,non-hh,national,NA,1,13.194374569284035,-3.833565665
1988,yatenga(ouahigouya),boulle,burkina_faso,2009-11-08,0.826002936507513,14,0,1,non-hh,national,NA,1,13.194374569284035,-3.833565665
1990,yatenga(ouahigouya),boulle,burkina_faso,2009-11-09,-0.9366006782643141,6,0,1,non-hh,national,NA,1,13.194374569284035,-3.833565665
1990,yatenga(ouahigouya),boulle,burkina_faso,2009-11-09,-0.9366006782643141,6,0,1,non-hh,national,NA,1,13.194374569284035,-3.833565665
1995,yatenga(ouahigouya),boulle,burkina_faso,2009-11-09,-0.7910467612439374,5,0,1,non-hh,national,NA,1,13.194374569284035,-3.833565665
1997,yatenga(ouahigouya),boulle,burkina_faso,2009-11-09,-0.4378216552271784,20,0,1,non-hh,national,NA,1,13.194374569284035,-3.833565665
1997,yatenga(ouahigouya),boulle,burkina_faso,2009-11-09,-0.4378216552271784,20,0,1,non-hh,national,NA,1,13.194374569284035,-3.833565665
1999,yatenga(ouahigouya),dinguiri,burkina_faso,2009-10-31,-0.42492211480164654,11,0,NA,NA,NA,NA,NA,13.766969999999999,-2.35906
2006,yatenga(ouahigouya),dinguiri,burkina_faso,2009-10-31,-0.43341693410626503,12,0,NA,NA,NA,NA,NA,13.766969999999999,-2.35906
2007,yatenga(ouahigouya),dinguiri,burkina_faso,2009-10-30,-0.446631097469005,8,0,NA,NA,NA,NA,NA,13.766969999999999,-2.35906
2008,yatenga(ouahigouya),dinguiri,burkina_faso,2009-10-31,0.4584624868477856,10,0,NA,NA,NA,NA,NA,13.766969999999999,-2.35906
2011,yatenga(ouahigouya),dinguiri,burkina_faso,2009-10-30,-0.7732076407042385,8,0,NA,NA,NA,NA,NA,13.766969999999999,-2.35906
2017,yatenga(ouahigouya),dinguiri,burkina_faso,2009-10-30,-0.986153790874589,9,0,1,non-hh,international,NA,1,13.766969999999999,-2.35906
2018,yatenga(ouahigouya),dinguiri,burkina_faso,2009-11-01,-0.7877432204032524,7,0,1,non-hh,national,NA,1,13.766969999999999,-2.35906
2022,yatenga(ouahigouya),dinguiri,burkina_faso,2009-10-31,0.14336032357202222,4,0,NA,NA,NA,NA,NA,13.766969999999999,-2.35906
2025,yatenga(ouahigouya),dinguiri,burkina_faso,2009-10-30,0.6564546902521262,6,0,NA,NA,NA,NA,NA,13.766969999999999,-2.35906
2026,yatenga(ouahigouya),mouni,burkina_faso,2009-11-10,-0.6020956370114368,8,0,NA,NA,NA,NA,NA,11.83428,-3.433
2027,yatenga(ouahigouya),mouni,burkina_faso,2009-11-10,-0.7679219753591424,4,0,NA,NA,NA,NA,NA,11.83428,-3.433
2028,yatenga(ouahigouya),mouni,burkina_faso,2009-11-10,-0.44332755662832,5,0,NA,NA,NA,NA,NA,11.83428,-3.433
2029,yatenga(ouahigouya),mouni,burkina_faso,2009-11-10,-0.8009573837659925,3,0,NA,NA,NA,NA,NA,11.83428,-3.433
2030,yatenga(ouahigouya),mouni,burkina_faso,2009-11-10,-0.7563595824167451,3,0,NA,NA,NA,NA,NA,11.83428,-3.433
2031,yatenga(ouahigouya),mouni,burkina_faso,2009-11-10,-0.7943503020846223,8,0,NA,NA,NA,NA,NA,11.83428,-3.433
2032,yatenga(ouahigouya),mouni,burkina_faso,2009-11-10,0.9791015650436765,8,0,NA,NA,NA,NA,NA,11.83428,-3.433
2033,yatenga(ouahigouya),mouni,burkina_faso,2009-11-10,-0.4383722453672926,9,0,1,non-hh,national,NA,1,11.83428,-3.433
2033,yatenga(ouahigouya),mouni,burkina_faso,2009-11-10,-0.4383722453672926,9,0,1,non-hh,national,NA,1,11.83428,-3.433
2033,yatenga(ouahigouya),mouni,burkina_faso,2009-11-10,-0.4383722453672926,9,0,1,non-hh,national,NA,1,11.83428,-3.433
2033,yatenga(ouahigouya),mouni,burkina_faso,2009-11-10,-0.4383722453672926,9,0,1,non-hh,national,NA,1,11.83428,-3.433
2033,yatenga(ouahigouya),mouni,burkina_faso,2009-11-10,-0.4383722453672926,9,0,1,non-hh,national,NA,1,11.83428,-3.433
2033,yatenga(ouahigouya),mouni,burkina_faso,2009-11-10,-0.4383722453672926,9,0,1,non-hh,national,NA,1,11.83428,-3.433
2033,yatenga(ouahigouya),mouni,burkina_faso,2009-11-10,-0.4383722453672926,9,0,1,non-hh,national,NA,1,11.83428,-3.433
2034,yatenga(ouahigouya),mouni,burkina_faso,2009-11-10,-0.8009573837659925,9,0,1,non-hh,international,NA,1,11.83428,-3.433
2034,yatenga(ouahigouya),mouni,burkina_faso,2009-11-10,-0.8009573837659925,9,0,1,non-hh,national,NA,1,11.83428,-3.433
2034,yatenga(ouahigouya),mouni,burkina_faso,2009-11-10,-0.8009573837659925,9,0,1,non-hh,national,NA,1,11.83428,-3.433
2035,yatenga(ouahigouya),mouni,burkina_faso,2009-11-10,-0.7811361387218825,6,0,NA,NA,NA,NA,NA,11.83428,-3.433
2053,yatenga(ouahigouya),zimba,burkina_faso,2009-11-03,-0.776180827460855,7,0,NA,NA,NA,NA,NA,13.50408,-2.44842
2054,yatenga(ouahigouya),zimba,burkina_faso,2009-11-04,-0.7745290570405126,5,0,NA,NA,NA,NA,NA,13.50408,-2.44842
2055,yatenga(ouahigouya),zimba,burkina_faso,2009-11-03,-0.44002401578763506,7,0,NA,NA,NA,NA,NA,13.50408,-2.44842
2056,yatenga(ouahigouya),zimba,burkina_faso,2009-11-04,-0.7613148936777725,2,0,NA,NA,NA,NA,NA,13.50408,-2.44842
2057,yatenga(ouahigouya),zimba,burkina_faso,2009-11-03,-0.43341693410626503,12,0,NA,NA,NA,NA,NA,13.50408,-2.44842
2058,yatenga(ouahigouya),zimba,burkina_faso,2009-11-04,-0.7811361387218825,4,0,NA,NA,NA,NA,NA,13.50408,-2.44842
2059,yatenga(ouahigouya),zimba,burkina_faso,2009-11-03,-0.453238179150375,3,0,NA,NA,NA,NA,NA,13.50408,-2.44842
2060,yatenga(ouahigouya),zimba,burkina_faso,2009-11-04,-0.7692433916954164,7,0,NA,NA,NA,NA,NA,13.50408,-2.44842
2061,yatenga(ouahigouya),zimba,burkina_faso,2009-11-04,-0.9564219233084241,6,0,NA,NA,NA,NA,NA,13.50408,-2.44842
2080,yatenga(ouahigouya),zongo,burkina_faso,2009-11-10,-0.5928457226575187,11,0,1,non-hh,national,NA,1,13.231849999999998,-1.96395
2080,yatenga(ouahigouya),zongo,burkina_faso,2009-11-10,-0.5928457226575187,11,0,1,non-hh,national,NA,1,13.231849999999998,-1.96395
2085,yatenga(ouahigouya),zongo,burkina_faso,2009-11-10,-0.6285239637369167,20,0,1,non-hh,national,NA,1,13.231849999999998,-1.96395
2085,yatenga(ouahigouya),zongo,burkina_faso,2009-11-10,-0.6285239637369167,20,0,1,non-hh,national,NA,1,13.231849999999998,-1.96395
2088,yatenga(ouahigouya),zongo,burkina_faso,2009-11-10,-0.42460749186443847,14,0,1,non-hh,international,NA,1,13.231849999999998,-1.96395
2088,yatenga(ouahigouya),zongo,burkina_faso,2009-11-10,-0.42460749186443847,14,0,1,non-hh,national,NA,1,13.231849999999998,-1.96395
2092,yatenga(ouahigouya),zongo,burkina_faso,2009-11-10,-0.7811361387218825,10,0,NA,NA,NA,NA,NA,13.231849999999998,-1.96395
2094,yatenga(ouahigouya),zongo,burkina_faso,2009-11-10,-0.7771718897130604,9,0,NA,NA,NA,NA,NA,13.231849999999998,-1.96395
2097,yatenga(ouahigouya),zongo,burkina_faso,2009-11-11,-0.7890646367395264,12,0,1,non-hh,national,NA,1,13.231849999999998,-1.96395
2101,yatenga(ouahigouya),zongo,burkina_faso,2009-11-10,-0.586403818018183,15,0,NA,NA,NA,NA,NA,13.231849999999998,-1.96395
2104,yatenga(ouahigouya),zongo,burkina_faso,2009-11-10,-0.5888814736486967,10,0,1,non-hh,national,NA,1,13.231849999999998,-1.96395
2105,yatenga(ouahigouya),zongo,burkina_faso,2009-11-10,-0.7844396795625674,13,0,1,non-hh,national,NA,1,13.231849999999998,-1.96395
