house,district,census_tract,country,date,wealth_index,hh_size,migrant_num,any_remit,migrant_hh,migrant_loc,hh_months,remit,lat,long
1,nairobi,buruburu phase 1,kenya,2009-10-24,-2.29570865273186,4,0,NA,NA,NA,NA,NA,-1.278857181,36.87752154
2,nairobi,buruburu phase 1,kenya,2009-10-24,-1.8975078851688376,2,2,1,hh,national,36,1,-1.278857181,36.87752154
2,nairobi,buruburu phase 1,kenya,2009-10-24,-1.8975078851688376,2,2,1,hh,national,6,1,-1.278857181,36.87752154
2,nairobi,buruburu phase 1,kenya,2009-10-24,-1.8975078851688376,2,2,1,non-hh,national,NA,1,-1.278857181,36.87752154
2,nairobi,buruburu phase 1,kenya,2009-10-24,-1.8975078851688376,2,2,1,non-hh,national,NA,1,-1.278857181,36.87752154
3,nairobi,buruburu phase 1,kenya,2009-10-24,-2.811978855865572,4,0,NA,NA,NA,NA,NA,-1.278857181,36.87752154
4,nairobi,buruburu phase 1,kenya,2009-10-24,-3.008395713809652,2,2,1,hh,international,72,1,-1.278857181,36.87752154
4,nairobi,buruburu phase 1,kenya,2009-10-24,-3.008395713809652,2,2,1,hh,national,96,NA,-1.278857181,36.87752154
5,nairobi,buruburu phase 1,kenya,2009-10-24,-3.320279494146605,4,2,1,hh,international,60,1,-1.278857181,36.87752154
5,nairobi,buruburu phase 1,kenya,2009-10-24,-3.320279494146605,4,2,1,hh,international,60,1,-1.278857181,36.87752154
6,nairobi,buruburu phase 1,kenya,2009-10-24,-1.6276999870557454,4,1,1,hh,international,25,1,-1.278857181,36.87752154
7,nairobi,buruburu phase 1,kenya,2009-10-24,-2.492088918141854,4,1,1,hh,international,27,1,-1.278857181,36.87752154
8,nairobi,buruburu phase 1,kenya,2009-10-24,-2.750431672418403,6,3,1,hh,international,2,1,-1.278857181,36.87752154
8,nairobi,buruburu phase 1,kenya,2009-10-24,-2.750431672418403,6,3,1,hh,international,60,1,-1.278857181,36.87752154
8,nairobi,buruburu phase 1,kenya,2009-10-24,-2.750431672418403,6,3,1,hh,international,24,1,-1.278857181,36.87752154
9,nairobi,buruburu phase 1,kenya,2009-10-24,-2.564597876231965,5,1,NA,hh,international,60,NA,-1.278857181,36.87752154
10,nairobi,buruburu phase 1,kenya,2009-10-24,-2.6755660905126457,5,0,NA,NA,NA,NA,NA,-1.278857181,36.87752154
11,nairobi,buruburu phase 1,kenya,2009-10-24,-3.5033945815462353,5,0,NA,NA,NA,NA,NA,-1.278857181,36.87752154
12,nairobi,buruburu phase 1,kenya,2009-11-02,-2.4888793251491834,7,2,1,hh,international,120,1,-1.278857181,36.87752154
12,nairobi,buruburu phase 1,kenya,2009-11-02,-2.4888793251491834,7,2,1,hh,national,96,1,-1.278857181,36.87752154
13,nairobi,buruburu phase 1,kenya,2009-11-03,-3.724496146188941,6,1,1,hh,international,60,1,-1.278857181,36.87752154
14,nairobi,buruburu phase 1,kenya,2009-11-03,-3.3868472189081262,5,2,NA,hh,national,4,NA,-1.278857181,36.87752154
14,nairobi,buruburu phase 1,kenya,2009-11-03,-3.3868472189081262,5,2,NA,hh,international,48,NA,-1.278857181,36.87752154
15,nairobi,buruburu phase 1,kenya,2009-11-03,-2.3497399559383974,2,0,NA,NA,NA,NA,NA,-1.278857181,36.87752154
16,nairobi,buruburu phase 1,kenya,2009-11-02,-2.405191567277471,4,2,1,hh,international,96,1,-1.278857181,36.87752154
16,nairobi,buruburu phase 1,kenya,2009-11-02,-2.405191567277471,4,2,1,hh,international,22,1,-1.278857181,36.87752154
16,nairobi,buruburu phase 1,kenya,2009-11-02,-2.405191567277471,4,2,1,non-hh,international,NA,1,-1.278857181,36.87752154
16,nairobi,buruburu phase 1,kenya,2009-11-02,-2.405191567277471,4,2,1,non-hh,international,NA,1,-1.278857181,36.87752154
17,nairobi,buruburu phase 1,kenya,2009-11-07,0.36944682527299305,4,0,NA,NA,NA,NA,NA,-1.278857181,36.87752154
18,kiambu,mbwa kali,kenya,2009-11-08,-0.19993387405857094,1,3,NA,hh,national,24,NA,-1.170804963,36.83215946
18,kiambu,mbwa kali,kenya,2009-11-08,-0.19993387405857094,1,3,NA,hh,national,26,NA,-1.170804963,36.83215946
18,kiambu,mbwa kali,kenya,2009-11-08,-0.19993387405857094,1,3,NA,hh,national,NA,NA,-1.170804963,36.83215946
19,kiambu,sigona/nyathuwa,kenya,2009-11-08,1.2689531630876953,4,2,1,hh,national,120,1,-1.213613261,36.66018801
19,kiambu,sigona/nyathuwa,kenya,2009-11-08,1.2689531630876953,4,2,1,hh,international,144,1,-1.213613261,36.66018801
20,kiambu,sigona/nyathuwa,kenya,2009-11-08,-0.8971962115788565,1,2,NA,hh,national,252,NA,-1.213613261,36.66018801
20,kiambu,sigona/nyathuwa,kenya,2009-11-08,-0.8971962115788565,1,2,NA,hh,national,324,NA,-1.213613261,36.66018801
21,kiambu,mbwa kali,kenya,2009-11-08,0.045733475226734877,5,0,NA,NA,NA,NA,NA,-1.170804963,36.83215946
22,kiambu,mbwa kali,kenya,2009-11-07,1.459239705857913,3,0,NA,NA,NA,NA,NA,-1.170804963,36.83215946
23,kiambu,guthunguri,kenya,2009-11-08,-1.8975078851688376,2,2,1,hh,national,60,NA,-1.058419348,36.773918020000004
23,kiambu,guthunguri,kenya,2009-11-08,-1.8975078851688376,2,2,1,hh,national,60,NA,-1.058419348,36.773918020000004
23,kiambu,guthunguri,kenya,2009-11-08,-1.8975078851688376,2,2,1,non-hh,international,NA,1,-1.058419348,36.773918020000004
24,kiambu,mbwa kali,kenya,2009-11-06,-3.0774777747749487,7,1,1,hh,international,120,1,-1.170804963,36.83215946
25,kiambu,sigona/nyathuwa,kenya,2009-11-08,0.16982296268246516,7,2,NA,hh,international,12,NA,-1.213613261,36.66018801
25,kiambu,sigona/nyathuwa,kenya,2009-11-08,0.16982296268246516,7,2,NA,hh,international,NA,NA,-1.213613261,36.66018801
26,kiambu,sigona/nyathuwa,kenya,2009-11-08,-2.445297463806225,2,2,NA,hh,international,156,NA,-1.213613261,36.66018801
26,kiambu,sigona/nyathuwa,kenya,2009-11-08,-2.445297463806225,2,2,NA,hh,international,168,NA,-1.213613261,36.66018801
27,kisii,kerera,kenya,2009-11-05,0.10164293858358325,6,1,1,hh,national,360,1,-0.754425695,34.82872552
28,kisii,irianyi,kenya,2009-11-05,3.093204554804688,5,1,1,hh,national,24,1,-0.662238252,34.85472107
29,kisii,kerera,kenya,2009-11-05,-0.4080460383514879,4,0,NA,NA,NA,NA,NA,-0.754425695,34.82872552
30,kisii,bomakombi,kenya,2009-11-05,-1.4799445380000382,6,5,1,hh,national,101,1,-0.70441522,34.69546123
30,kisii,bomakombi,kenya,2009-11-05,-1.4799445380000382,6,5,1,hh,national,NA,1,-0.70441522,34.69546123
30,kisii,bomakombi,kenya,2009-11-05,-1.4799445380000382,6,5,1,hh,national,NA,NA,-0.70441522,34.69546123
31,kisii,kerera,kenya,2009-11-05,2.7093323599652988,5,2,1,hh,national,120,1,-0.754425695,34.82872552
31,kisii,kerera,kenya,2009-11-05,2.7093323599652988,5,2,1,hh,national,NA,1,-0.754425695,34.82872552
31,kisii,kerera,kenya,2009-11-05,2.7093323599652988,5,2,1,non-hh,national,NA,1,-0.754425695,34.82872552
32,kisii,bomakombi,kenya,2009-11-05,-1.2163900327469108,4,0,NA,NA,NA,NA,NA,-0.70441522,34.69546123
33,kisii,bonyanchaire,kenya,2009-11-06,0.9527530176672547,3,0,NA,NA,NA,NA,NA,-0.678288351,34.70904985
34,kisii,bonyanchaire,kenya,2009-11-06,0.660345586574911,4,1,1,hh,national,72,1,-0.678288351,34.70904985
34,kisii,bonyanchaire,kenya,2009-11-06,0.660345586574911,4,1,1,non-hh,national,NA,1,-0.678288351,34.70904985
35,kisii,bonyanchaire,kenya,2009-11-06,0.3393674028764276,7,0,NA,NA,NA,NA,NA,-0.678288351,34.70904985
36,machakos,kaluoki,kenya,2009-11-10,-1.7180253677601496,3,1,1,hh,national,48,1,-1.522391812,37.26633915
37,machakos,kaluoki,kenya,2009-11-10,-0.5810709025501857,3,1,1,hh,national,12,1,-1.522391812,37.26633915
37,machakos,kaluoki,kenya,2009-11-10,-0.5810709025501857,3,1,1,non-hh,national,NA,1,-1.522391812,37.26633915
39,machakos,kaluoki,kenya,2009-11-10,-1.446026458758377,4,2,1,hh,national,24,NA,-1.522391812,37.26633915
39,machakos,kaluoki,kenya,2009-11-10,-1.446026458758377,4,2,1,hh,national,24,1,-1.522391812,37.26633915
40,nakuru,section 58,kenya,2009-11-09,-3.0900108674401845,4,2,1,hh,national,24,1,-0.283812727,36.09431466
40,nakuru,section 58,kenya,2009-11-09,-3.0900108674401845,4,2,1,hh,international,36,1,-0.283812727,36.09431466
41,nakuru,section 58,kenya,2009-11-09,-3.1180849950103124,1,7,1,hh,international,120,1,-0.283812727,36.09431466
41,nakuru,section 58,kenya,2009-11-09,-3.1180849950103124,1,7,1,hh,international,12,1,-0.283812727,36.09431466
41,nakuru,section 58,kenya,2009-11-09,-3.1180849950103124,1,7,1,hh,international,144,1,-0.283812727,36.09431466
41,nakuru,section 58,kenya,2009-11-09,-3.1180849950103124,1,7,1,hh,national,144,1,-0.283812727,36.09431466
41,nakuru,section 58,kenya,2009-11-09,-3.1180849950103124,1,7,1,hh,national,120,1,-0.283812727,36.09431466
41,nakuru,section 58,kenya,2009-11-09,-3.1180849950103124,1,7,1,hh,national,396,1,-0.283812727,36.09431466
41,nakuru,section 58,kenya,2009-11-09,-3.1180849950103124,1,7,1,hh,national,396,1,-0.283812727,36.09431466
42,nakuru,section 58,kenya,2009-11-09,-1.6869519283928793,4,4,NA,hh,international,108,NA,-0.283812727,36.09431466
42,nakuru,section 58,kenya,2009-11-09,-1.6869519283928793,4,4,NA,hh,international,60,NA,-0.283812727,36.09431466
42,nakuru,section 58,kenya,2009-11-09,-1.6869519283928793,4,4,NA,hh,international,10,NA,-0.283812727,36.09431466
42,nakuru,section 58,kenya,2009-11-09,-1.6869519283928793,4,4,NA,hh,national,48,NA,-0.283812727,36.09431466
43,nakuru,section 58,kenya,2009-11-09,-2.265726549480074,6,4,1,hh,national,84,1,-0.283812727,36.09431466
43,nakuru,section 58,kenya,2009-11-09,-2.265726549480074,6,4,1,hh,national,84,1,-0.283812727,36.09431466
43,nakuru,section 58,kenya,2009-11-09,-2.265726549480074,6,4,1,hh,national,132,1,-0.283812727,36.09431466
43,nakuru,section 58,kenya,2009-11-09,-2.265726549480074,6,4,1,hh,national,120,NA,-0.283812727,36.09431466
44,kisii,bomakombi,kenya,2009-11-10,1.0217413426745992,5,0,NA,NA,NA,NA,NA,-0.70441522,34.69546123
45,kisii,bomakombi,kenya,2009-11-10,0.14084321505909525,1,0,NA,NA,NA,NA,NA,-0.70441522,34.69546123
46,kisii,bonyanchaire,kenya,2009-11-09,-0.519108962179938,5,0,NA,NA,NA,NA,NA,-0.678288351,34.70904985
47,kisii,bonyanchaire,kenya,2009-11-08,3.1825372019411424,6,0,1,non-hh,national,NA,1,-0.678288351,34.70904985
48,kisii,bomakombi,kenya,2009-11-10,1.8123433239888584,6,0,NA,NA,NA,NA,NA,-0.70441522,34.69546123
49,kisii,bonyanchaire,kenya,2009-11-08,3.3329343139239698,4,0,NA,NA,NA,NA,NA,-0.678288351,34.70904985
50,kisii,bonyanchaire,kenya,2009-11-08,1.0682707990862563,6,0,1,non-hh,national,NA,1,-0.678288351,34.70904985
51,kisii,bonyanchaire,kenya,2009-11-08,0.49414112952758743,5,0,NA,NA,NA,NA,NA,-0.678288351,34.70904985
52,kisii,bonyanchaire,kenya,2009-11-08,1.6494024360355801,4,0,NA,NA,NA,NA,NA,-0.678288351,34.70904985
53,kisii,bonyanchaire,kenya,2009-11-08,3.1433369254656305,5,0,NA,NA,NA,NA,NA,-0.678288351,34.70904985
54,kisii,bomakombi,kenya,2009-11-09,0.14977001441808807,2,0,1,non-hh,national,NA,1,-0.70441522,34.69546123
55,kisii,bomakombi,kenya,2009-11-10,0.8408221209543043,5,0,1,non-hh,national,NA,1,-0.70441522,34.69546123
56,kisii,bomakombi,kenya,2009-11-08,3.073151606540311,4,0,NA,NA,NA,NA,NA,-0.70441522,34.69546123
57,kisii,bomakombi,kenya,2009-11-09,3.5484322270875883,2,0,1,non-hh,national,NA,1,-0.70441522,34.69546123
58,kisii,bomakombi,kenya,2009-11-09,2.43166652894571,5,0,NA,NA,NA,NA,NA,-0.70441522,34.69546123
59,kisii,bomakombi,kenya,2009-11-08,3.212616624337708,6,0,NA,NA,NA,NA,NA,-0.70441522,34.69546123
60,kisii,nyokabaria,kenya,2009-11-08,0.16859332928258602,6,3,1,hh,national,15,1,-0.674091366,34.77188889
60,kisii,nyokabaria,kenya,2009-11-08,0.16859332928258602,6,3,1,hh,national,72,1,-0.674091366,34.77188889
60,kisii,nyokabaria,kenya,2009-11-08,0.16859332928258602,6,3,1,hh,national,42,1,-0.674091366,34.77188889
60,kisii,nyokabaria,kenya,2009-11-08,0.16859332928258602,6,3,1,non-hh,national,NA,1,-0.674091366,34.77188889
61,kisii,nyokabaria,kenya,2009-11-08,-0.5167999815536716,2,0,NA,NA,NA,NA,NA,-0.674091366,34.77188889
62,kisii,nyokabaria,kenya,2009-11-08,-0.628616663462888,3,0,NA,NA,NA,NA,NA,-0.674091366,34.77188889
63,kisii,nyokabaria,kenya,2009-11-11,0.7110432989551809,1,0,NA,NA,NA,NA,NA,-0.674091366,34.77188889
64,kisii,nyokabaria,kenya,2009-11-10,3.172510727808954,4,0,NA,NA,NA,NA,NA,-0.674091366,34.77188889
65,kisii,nyokabaria,kenya,2009-11-10,0.9878644101766021,6,0,NA,NA,NA,NA,NA,-0.674091366,34.77188889
66,kisii,nyokabaria,kenya,2009-11-08,0.8584258665113935,6,0,NA,NA,NA,NA,NA,-0.674091366,34.77188889
67,kisii,kerera,kenya,2009-11-09,0.07867319784438781,9,3,1,hh,international,180,1,-0.754425695,34.82872552
67,kisii,kerera,kenya,2009-11-09,0.07867319784438781,9,3,1,hh,national,148,NA,-0.754425695,34.82872552
67,kisii,kerera,kenya,2009-11-09,0.07867319784438781,9,3,1,hh,national,125,NA,-0.754425695,34.82872552
67,kisii,kerera,kenya,2009-11-09,0.07867319784438781,9,3,1,non-hh,national,NA,1,-0.754425695,34.82872552
68,kisii,irianyi,kenya,2009-11-08,3.053098658275934,4,9,1,hh,national,24,NA,-0.662238252,34.85472107
68,kisii,irianyi,kenya,2009-11-08,3.053098658275934,4,9,1,hh,national,180,NA,-0.662238252,34.85472107
68,kisii,irianyi,kenya,2009-11-08,3.053098658275934,4,9,1,hh,national,2,1,-0.662238252,34.85472107
68,kisii,irianyi,kenya,2009-11-08,3.053098658275934,4,9,1,hh,national,188,1,-0.662238252,34.85472107
68,kisii,irianyi,kenya,2009-11-08,3.053098658275934,4,9,1,hh,international,24,NA,-0.662238252,34.85472107
68,kisii,irianyi,kenya,2009-11-08,3.053098658275934,4,9,1,hh,national,36,NA,-0.662238252,34.85472107
68,kisii,irianyi,kenya,2009-11-08,3.053098658275934,4,9,1,hh,national,60,NA,-0.662238252,34.85472107
68,kisii,irianyi,kenya,2009-11-08,3.053098658275934,4,9,1,hh,national,180,NA,-0.662238252,34.85472107
68,kisii,irianyi,kenya,2009-11-08,3.053098658275934,4,9,1,hh,international,120,1,-0.662238252,34.85472107
69,kisii,irianyi,kenya,2009-11-08,0.8734655777096763,7,7,1,hh,national,120,1,-0.662238252,34.85472107
69,kisii,irianyi,kenya,2009-11-08,0.8734655777096763,7,7,1,hh,national,60,NA,-0.662238252,34.85472107
69,kisii,irianyi,kenya,2009-11-08,0.8734655777096763,7,7,1,hh,national,72,NA,-0.662238252,34.85472107
69,kisii,irianyi,kenya,2009-11-08,0.8734655777096763,7,7,1,hh,national,12,NA,-0.662238252,34.85472107
69,kisii,irianyi,kenya,2009-11-08,0.8734655777096763,7,7,1,hh,international,72,1,-0.662238252,34.85472107
69,kisii,irianyi,kenya,2009-11-08,0.8734655777096763,7,7,1,hh,international,120,1,-0.662238252,34.85472107
69,kisii,irianyi,kenya,2009-11-08,0.8734655777096763,7,7,1,hh,national,72,1,-0.662238252,34.85472107
69,kisii,irianyi,kenya,2009-11-08,0.8734655777096763,7,7,1,non-hh,national,NA,1,-0.662238252,34.85472107
70,kisii,irianyi,kenya,2009-11-08,1.4898844699738059,6,6,1,hh,international,120,1,-0.662238252,34.85472107
70,kisii,irianyi,kenya,2009-11-08,1.4898844699738059,6,6,1,hh,national,48,NA,-0.662238252,34.85472107
70,kisii,irianyi,kenya,2009-11-08,1.4898844699738059,6,6,1,hh,national,96,NA,-0.662238252,34.85472107
70,kisii,irianyi,kenya,2009-11-08,1.4898844699738059,6,6,1,hh,national,36,NA,-0.662238252,34.85472107
70,kisii,irianyi,kenya,2009-11-08,1.4898844699738059,6,6,1,hh,national,60,1,-0.662238252,34.85472107
70,kisii,irianyi,kenya,2009-11-08,1.4898844699738059,6,6,1,hh,national,60,1,-0.662238252,34.85472107
71,kisii,kerera,kenya,2009-11-09,1.5892435912424487,6,1,1,hh,international,NA,1,-0.754425695,34.82872552
72,kisii,kerera,kenya,2009-11-09,-0.48023665210324507,4,2,NA,hh,international,120,NA,-0.754425695,34.82872552
72,kisii,kerera,kenya,2009-11-09,-0.48023665210324507,4,2,NA,hh,international,24,NA,-0.754425695,34.82872552
73,kisii,kerera,kenya,2009-11-09,0.7230830954741525,7,4,1,hh,national,48,1,-0.754425695,34.82872552
73,kisii,kerera,kenya,2009-11-09,0.7230830954741525,7,4,1,hh,national,24,NA,-0.754425695,34.82872552
73,kisii,kerera,kenya,2009-11-09,0.7230830954741525,7,4,1,hh,international,60,1,-0.754425695,34.82872552
73,kisii,kerera,kenya,2009-11-09,0.7230830954741525,7,4,1,hh,international,120,1,-0.754425695,34.82872552
74,kisii,kerera,kenya,2009-11-09,1.0725906946937882,4,4,1,hh,national,12,1,-0.754425695,34.82872552
74,kisii,kerera,kenya,2009-11-09,1.0725906946937882,4,4,1,hh,international,108,1,-0.754425695,34.82872552
74,kisii,kerera,kenya,2009-11-09,1.0725906946937882,4,4,1,hh,international,180,1,-0.754425695,34.82872552
74,kisii,kerera,kenya,2009-11-09,1.0725906946937882,4,4,1,hh,national,24,NA,-0.754425695,34.82872552
75,kisii,bonyanchaire,kenya,2009-11-08,-0.5551022340090022,3,3,1,hh,international,83,1,-0.678288351,34.70904985
75,kisii,bonyanchaire,kenya,2009-11-08,-0.5551022340090022,3,3,1,hh,national,38,NA,-0.678288351,34.70904985
75,kisii,bonyanchaire,kenya,2009-11-08,-0.5551022340090022,3,3,1,hh,national,18,NA,-0.678288351,34.70904985
76,kisii,bonyanchaire,kenya,2009-11-09,-0.5400625228107194,5,6,1,hh,national,242,1,-0.678288351,34.70904985
76,kisii,bonyanchaire,kenya,2009-11-09,-0.5400625228107194,5,6,1,hh,international,150,1,-0.678288351,34.70904985
76,kisii,bonyanchaire,kenya,2009-11-09,-0.5400625228107194,5,6,1,hh,national,103,1,-0.678288351,34.70904985
76,kisii,bonyanchaire,kenya,2009-11-09,-0.5400625228107194,5,6,1,hh,national,124,1,-0.678288351,34.70904985
76,kisii,bonyanchaire,kenya,2009-11-09,-0.5400625228107194,5,6,1,hh,national,116,1,-0.678288351,34.70904985
76,kisii,bonyanchaire,kenya,2009-11-09,-0.5400625228107194,5,6,1,hh,national,58,1,-0.678288351,34.70904985
77,kisii,bonyanchaire,kenya,2009-11-09,3.133310451333442,7,1,1,hh,international,40,1,-0.678288351,34.70904985
78,kisii,bonyanchaire,kenya,2009-11-09,2.0052709870498373,3,5,1,hh,national,340,NA,-0.678288351,34.70904985
78,kisii,bonyanchaire,kenya,2009-11-09,2.0052709870498373,3,5,1,hh,international,159,NA,-0.678288351,34.70904985
78,kisii,bonyanchaire,kenya,2009-11-09,2.0052709870498373,3,5,1,hh,national,122,NA,-0.678288351,34.70904985
78,kisii,bonyanchaire,kenya,2009-11-09,2.0052709870498373,3,5,1,hh,national,124,NA,-0.678288351,34.70904985
78,kisii,bonyanchaire,kenya,2009-11-09,2.0052709870498373,3,5,1,hh,national,246,1,-0.678288351,34.70904985
79,kisii,kerera,kenya,2009-11-09,3.073151606540311,4,1,NA,hh,international,27,NA,-0.754425695,34.82872552
80,kisii,kerera,kenya,2009-11-09,0.9035450001062417,9,1,1,hh,international,100,1,-0.754425695,34.82872552
80,kisii,kerera,kenya,2009-11-09,0.9035450001062417,9,1,1,non-hh,national,NA,1,-0.754425695,34.82872552
81,kisii,kerera,kenya,2009-11-10,0.868452340643582,5,2,1,hh,international,60,1,-0.754425695,34.82872552
81,kisii,kerera,kenya,2009-11-10,0.868452340643582,5,2,1,hh,international,156,1,-0.754425695,34.82872552
81,kisii,kerera,kenya,2009-11-10,0.868452340643582,5,2,1,non-hh,international,NA,1,-0.754425695,34.82872552
81,kisii,kerera,kenya,2009-11-10,0.868452340643582,5,2,1,non-hh,national,NA,1,-0.754425695,34.82872552
82,kisii,kerera,kenya,2009-11-09,1.9691756801739586,2,1,1,hh,international,20,1,-0.754425695,34.82872552
83,kisii,kerera,kenya,2009-11-10,3.193469296126573,10,1,NA,hh,national,36,NA,-0.754425695,34.82872552
84,kisii,kerera,kenya,2009-11-10,3.2636546150518924,9,1,1,hh,national,107,1,-0.754425695,34.82872552
85,kisii,irianyi,kenya,2009-11-09,1.259615843267385,4,6,1,hh,national,264,1,-0.662238252,34.85472107
85,kisii,irianyi,kenya,2009-11-09,1.259615843267385,4,6,1,hh,national,48,1,-0.662238252,34.85472107
85,kisii,irianyi,kenya,2009-11-09,1.259615843267385,4,6,1,hh,national,72,1,-0.662238252,34.85472107
85,kisii,irianyi,kenya,2009-11-09,1.259615843267385,4,6,1,hh,national,72,1,-0.662238252,34.85472107
85,kisii,irianyi,kenya,2009-11-09,1.259615843267385,4,6,1,hh,national,144,1,-0.662238252,34.85472107
85,kisii,irianyi,kenya,2009-11-09,1.259615843267385,4,6,1,hh,national,60,NA,-0.662238252,34.85472107
86,kisii,irianyi,kenya,2009-11-09,2.8027770833051355,3,2,1,hh,national,36,1,-0.662238252,34.85472107
86,kisii,irianyi,kenya,2009-11-09,2.8027770833051355,3,2,1,hh,national,24,1,-0.662238252,34.85472107
86,kisii,irianyi,kenya,2009-11-09,2.8027770833051355,3,2,1,non-hh,national,NA,1,-0.662238252,34.85472107
86,kisii,irianyi,kenya,2009-11-09,2.8027770833051355,3,2,1,non-hh,international,NA,1,-0.662238252,34.85472107
86,kisii,irianyi,kenya,2009-11-09,2.8027770833051355,3,2,1,non-hh,national,NA,1,-0.662238252,34.85472107
87,kisii,irianyi,kenya,2009-11-09,3.3181636003811668,3,5,1,hh,national,204,1,-0.662238252,34.85472107
87,kisii,irianyi,kenya,2009-11-09,3.3181636003811668,3,5,1,hh,national,120,1,-0.662238252,34.85472107
87,kisii,irianyi,kenya,2009-11-09,3.3181636003811668,3,5,1,hh,national,240,1,-0.662238252,34.85472107
87,kisii,irianyi,kenya,2009-11-09,3.3181636003811668,3,5,1,hh,national,2,1,-0.662238252,34.85472107
87,kisii,irianyi,kenya,2009-11-09,3.3181636003811668,3,5,1,hh,national,360,NA,-0.662238252,34.85472107
88,kisii,bomakombi,kenya,2009-11-10,0.18897029089360007,3,3,1,hh,national,369,1,-0.70441522,34.69546123
88,kisii,bomakombi,kenya,2009-11-10,0.18897029089360007,3,3,1,hh,international,34,1,-0.70441522,34.69546123
88,kisii,bomakombi,kenya,2009-11-10,0.18897029089360007,3,3,1,hh,international,47,NA,-0.70441522,34.69546123
89,kisii,nyokabaria,kenya,2009-11-08,-0.5851816564055679,3,2,1,hh,international,111,1,-0.674091366,34.77188889
89,kisii,nyokabaria,kenya,2009-11-08,-0.5851816564055679,3,2,1,hh,national,7,1,-0.674091366,34.77188889
90,kisii,nyokabaria,kenya,2009-11-08,0.828346444114828,5,3,1,hh,national,120,1,-0.674091366,34.77188889
90,kisii,nyokabaria,kenya,2009-11-08,0.828346444114828,5,3,1,hh,international,44,NA,-0.674091366,34.77188889
90,kisii,nyokabaria,kenya,2009-11-08,0.828346444114828,5,3,1,hh,national,36,NA,-0.674091366,34.77188889
91,kisii,irianyi,kenya,2009-11-08,2.535388502035112,5,2,1,hh,national,120,1,-0.662238252,34.85472107
91,kisii,irianyi,kenya,2009-11-08,2.535388502035112,5,2,1,hh,national,60,1,-0.662238252,34.85472107
91,kisii,irianyi,kenya,2009-11-08,2.535388502035112,5,2,1,non-hh,national,NA,1,-0.662238252,34.85472107
92,kisii,irianyi,kenya,2009-11-09,3.073151606540311,4,1,1,hh,national,28,1,-0.662238252,34.85472107
92,kisii,irianyi,kenya,2009-11-09,3.073151606540311,4,1,1,non-hh,national,NA,1,-0.662238252,34.85472107
93,kisii,bomakombi,kenya,2009-11-10,2.33441633205044,4,2,1,hh,national,249,1,-0.70441522,34.69546123
93,kisii,bomakombi,kenya,2009-11-10,2.33441633205044,4,2,1,hh,international,34,NA,-0.70441522,34.69546123
94,kisii,bomakombi,kenya,2009-11-10,1.769720125621842,4,1,1,hh,national,120,1,-0.70441522,34.69546123
95,kisii,bomakombi,kenya,2009-11-10,0.3092879804798621,6,1,1,hh,national,186,1,-0.70441522,34.69546123
98,kisii,bonyanchaire,kenya,2009-11-08,3.053098658275934,2,3,1,hh,national,60,1,-0.678288351,34.70904985
98,kisii,bonyanchaire,kenya,2009-11-08,3.053098658275934,2,3,1,hh,national,7,1,-0.678288351,34.70904985
99,kisii,bonyanchaire,kenya,2009-11-09,0.8584258665113935,6,1,1,hh,national,63,1,-0.678288351,34.70904985
100,kisii,bomakombi,kenya,2009-11-10,0.24912913568673106,4,3,1,hh,national,100,1,-0.70441522,34.69546123
100,kisii,bomakombi,kenya,2009-11-10,0.24912913568673106,4,3,1,hh,national,82,NA,-0.70441522,34.69546123
100,kisii,bomakombi,kenya,2009-11-10,0.24912913568673106,4,3,1,hh,national,82,NA,-0.70441522,34.69546123
101,kisii,bomakombi,kenya,2009-11-10,3.848320831000001,4,1,1,hh,national,27,1,-0.70441522,34.69546123
102,kisii,bomakombi,kenya,2009-11-10,0.05618958918432876,4,2,1,hh,national,51,1,-0.70441522,34.69546123
102,kisii,bomakombi,kenya,2009-11-10,0.05618958918432876,4,2,1,hh,national,34,1,-0.70441522,34.69546123
103,kisii,bonyanchaire,kenya,2009-11-09,-0.7449882863481838,5,1,1,hh,national,46,1,-0.678288351,34.70904985
104,kisii,bonyanchaire,kenya,2009-11-08,1.5049241811720886,5,1,NA,hh,national,28,NA,-0.678288351,34.70904985
105,kisii,kerera,kenya,2009-11-09,3.192563676073331,5,5,1,hh,national,228,1,-0.754425695,34.82872552
105,kisii,kerera,kenya,2009-11-09,3.192563676073331,5,5,1,hh,national,24,1,-0.754425695,34.82872552
105,kisii,kerera,kenya,2009-11-09,3.192563676073331,5,5,1,hh,national,24,1,-0.754425695,34.82872552
105,kisii,kerera,kenya,2009-11-09,3.192563676073331,5,5,1,hh,national,60,1,-0.754425695,34.82872552
105,kisii,kerera,kenya,2009-11-09,3.192563676073331,5,5,1,hh,national,48,1,-0.754425695,34.82872552
105,kisii,kerera,kenya,2009-11-09,3.192563676073331,5,5,1,non-hh,international,NA,1,-0.754425695,34.82872552
106,kisii,kerera,kenya,2009-11-09,0.9185847113045247,5,1,1,hh,national,12,1,-0.754425695,34.82872552
107,kisii,kerera,kenya,2009-11-09,0.7712021437483119,4,1,1,hh,national,42,1,-0.754425695,34.82872552
108,kisii,kerera,kenya,2009-11-10,1.0867111323869383,6,1,1,hh,national,100,1,-0.754425695,34.82872552
109,kisii,irianyi,kenya,2009-11-08,3.3582694969099207,5,0,NA,NA,NA,NA,NA,-0.662238252,34.85472107
110,kisii,irianyi,kenya,2009-11-09,3.3382165486455437,4,0,NA,NA,NA,NA,NA,-0.662238252,34.85472107
111,kisii,irianyi,kenya,2009-11-09,1.8000685456738874,7,0,NA,NA,NA,NA,NA,-0.662238252,34.85472107
112,kisii,irianyi,kenya,2009-11-08,3.4184283417030525,8,0,1,non-hh,national,NA,1,-0.662238252,34.85472107
113,kisii,kerera,kenya,2009-11-10,1.073636048972844,5,0,NA,NA,NA,NA,NA,-0.754425695,34.82872552
114,kisii,kerera,kenya,2009-11-10,3.113257503069065,6,0,NA,NA,NA,NA,NA,-0.754425695,34.82872552
115,kisii,kerera,kenya,2009-11-10,2.354469280314817,5,0,NA,NA,NA,NA,NA,-0.754425695,34.82872552
116,kisii,kerera,kenya,2009-11-10,2.4517194772100868,6,0,NA,NA,NA,NA,NA,-0.754425695,34.82872552
117,kisii,kerera,kenya,2009-11-09,0.7210697730873694,1,0,NA,NA,NA,NA,NA,-0.754425695,34.82872552
118,kisii,kerera,kenya,2009-11-10,3.033045710011557,2,0,1,non-hh,international,NA,1,-0.754425695,34.82872552
119,kisii,kerera,kenya,2009-11-09,3.6286440201450962,6,0,NA,NA,NA,NA,NA,-0.754425695,34.82872552
120,kisii,kerera,kenya,2009-11-09,3.707950193149362,5,0,NA,NA,NA,NA,NA,-0.754425695,34.82872552
121,kisii,irianyi,kenya,2009-11-08,3.053098658275934,3,4,1,hh,national,70,1,-0.662238252,34.85472107
121,kisii,irianyi,kenya,2009-11-08,3.053098658275934,3,4,1,hh,national,38,1,-0.662238252,34.85472107
121,kisii,irianyi,kenya,2009-11-08,3.053098658275934,3,4,1,hh,national,38,1,-0.662238252,34.85472107
121,kisii,irianyi,kenya,2009-11-08,3.053098658275934,3,4,1,hh,national,12,NA,-0.662238252,34.85472107
121,kisii,irianyi,kenya,2009-11-08,3.053098658275934,3,4,1,non-hh,national,NA,1,-0.662238252,34.85472107
122,kisii,irianyi,kenya,2009-11-08,0.802564082060629,4,4,NA,hh,national,60,NA,-0.662238252,34.85472107
122,kisii,irianyi,kenya,2009-11-08,0.802564082060629,4,4,NA,hh,national,48,NA,-0.662238252,34.85472107
122,kisii,irianyi,kenya,2009-11-08,0.802564082060629,4,4,NA,hh,national,36,NA,-0.662238252,34.85472107
122,kisii,irianyi,kenya,2009-11-08,0.802564082060629,4,4,NA,hh,national,12,NA,-0.662238252,34.85472107
123,kisii,nyokabaria,kenya,2009-11-08,-1.86110343638087,5,1,NA,hh,national,36,NA,-0.674091366,34.77188889
124,kisii,nyokabaria,kenya,2009-11-08,-1.553358182964716,6,1,NA,hh,national,12,NA,-0.674091366,34.77188889
125,kisii,kerera,kenya,2009-11-08,-0.6786269282417121,4,7,1,hh,national,420,1,-0.754425695,34.82872552
125,kisii,kerera,kenya,2009-11-08,-0.6786269282417121,4,7,1,hh,national,396,1,-0.754425695,34.82872552
125,kisii,kerera,kenya,2009-11-08,-0.6786269282417121,4,7,1,hh,national,384,NA,-0.754425695,34.82872552
125,kisii,kerera,kenya,2009-11-08,-0.6786269282417121,4,7,1,hh,national,348,1,-0.754425695,34.82872552
125,kisii,kerera,kenya,2009-11-08,-0.6786269282417121,4,7,1,hh,national,324,1,-0.754425695,34.82872552
125,kisii,kerera,kenya,2009-11-08,-0.6786269282417121,4,7,1,hh,national,324,NA,-0.754425695,34.82872552
125,kisii,kerera,kenya,2009-11-08,-0.6786269282417121,4,7,1,hh,national,28,NA,-0.754425695,34.82872552
127,kisii,bonyanchaire,kenya,2009-11-10,0.05953174722839155,2,4,1,hh,national,27,NA,-0.678288351,34.70904985
127,kisii,bonyanchaire,kenya,2009-11-10,0.05953174722839155,2,4,1,hh,national,19,NA,-0.678288351,34.70904985
127,kisii,bonyanchaire,kenya,2009-11-10,0.05953174722839155,2,4,1,hh,international,39,NA,-0.678288351,34.70904985
127,kisii,bonyanchaire,kenya,2009-11-10,0.05953174722839155,2,4,1,hh,national,49,NA,-0.678288351,34.70904985
127,kisii,bonyanchaire,kenya,2009-11-10,0.05953174722839155,2,4,1,non-hh,national,NA,1,-0.678288351,34.70904985
128,kisii,bonyanchaire,kenya,2009-11-10,0.3247703790190469,1,5,NA,hh,international,36,NA,-0.678288351,34.70904985
128,kisii,bonyanchaire,kenya,2009-11-10,0.3247703790190469,1,5,NA,hh,international,36,NA,-0.678288351,34.70904985
128,kisii,bonyanchaire,kenya,2009-11-10,0.3247703790190469,1,5,NA,hh,international,36,NA,-0.678288351,34.70904985
128,kisii,bonyanchaire,kenya,2009-11-10,0.3247703790190469,1,5,NA,hh,international,36,NA,-0.678288351,34.70904985
128,kisii,bonyanchaire,kenya,2009-11-10,0.3247703790190469,1,5,NA,hh,international,36,NA,-0.678288351,34.70904985
129,kisii,bonyanchaire,kenya,2009-11-09,0.08961116962495713,7,1,1,hh,international,124,1,-0.678288351,34.70904985
130,kisii,bonyanchaire,kenya,2009-11-09,2.0253239353142143,4,1,1,hh,international,63,1,-0.678288351,34.70904985
131,kisii,bonyanchaire,kenya,2009-11-09,3.567919833632638,7,1,NA,hh,international,6,NA,-0.678288351,34.70904985
133,kisii,bomakombi,kenya,2009-11-10,1.6929312544558386,5,2,1,hh,international,66,1,-0.70441522,34.69546123
133,kisii,bomakombi,kenya,2009-11-10,1.6929312544558386,5,2,1,hh,international,47,NA,-0.70441522,34.69546123
134,kisii,bomakombi,kenya,2009-11-10,2.43166652894571,5,1,1,hh,international,69,1,-0.70441522,34.69546123
135,kisii,bomakombi,kenya,2009-11-10,-0.6886534023739006,3,1,1,hh,international,116,1,-0.70441522,34.69546123
136,kisii,bomakombi,kenya,2009-11-10,-0.10696044052109976,3,1,1,hh,international,57,1,-0.70441522,34.69546123
136,kisii,bomakombi,kenya,2009-11-10,-0.10696044052109976,3,1,1,non-hh,national,NA,1,-0.70441522,34.69546123
137,kisii,irianyi,kenya,2009-11-09,0.7982670217182626,3,1,1,hh,international,22,1,-0.662238252,34.85472107
138,kisii,irianyi,kenya,2009-11-09,0.10966411788933411,4,1,NA,hh,international,14,NA,-0.662238252,34.85472107
139,kisii,irianyi,kenya,2009-11-09,0.021895064801239317,3,2,1,hh,international,130,1,-0.662238252,34.85472107
139,kisii,irianyi,kenya,2009-11-09,0.021895064801239317,3,2,1,hh,national,75,1,-0.662238252,34.85472107
140,kisii,irianyi,kenya,2009-11-08,0.8163146751562018,4,2,1,hh,national,24,1,-0.662238252,34.85472107
140,kisii,irianyi,kenya,2009-11-08,0.8163146751562018,4,2,1,hh,international,34,1,-0.662238252,34.85472107
140,kisii,irianyi,kenya,2009-11-08,0.8163146751562018,4,2,1,non-hh,national,NA,1,-0.662238252,34.85472107
141,kisii,irianyi,kenya,2009-11-08,0.16107347368344466,5,1,1,hh,international,114,1,-0.662238252,34.85472107
143,kisii,irianyi,kenya,2009-11-09,-1.9062225699757185,2,2,1,hh,international,49,NA,-0.662238252,34.85472107
143,kisii,irianyi,kenya,2009-11-09,-1.9062225699757185,2,2,1,hh,international,NA,NA,-0.662238252,34.85472107
143,kisii,irianyi,kenya,2009-11-09,-1.9062225699757185,2,2,1,non-hh,international,NA,1,-0.662238252,34.85472107
144,kisii,irianyi,kenya,2009-11-09,0.7882405475860741,2,1,1,hh,international,24,1,-0.662238252,34.85472107
145,kisii,nyokabaria,kenya,2009-11-10,-1.2615091663417592,2,4,1,hh,international,222,1,-0.674091366,34.77188889
145,kisii,nyokabaria,kenya,2009-11-10,-1.2615091663417592,2,4,1,hh,international,144,1,-0.674091366,34.77188889
145,kisii,nyokabaria,kenya,2009-11-10,-1.2615091663417592,2,4,1,hh,international,141,1,-0.674091366,34.77188889
145,kisii,nyokabaria,kenya,2009-11-10,-1.2615091663417592,2,4,1,hh,international,39,NA,-0.674091366,34.77188889
146,kisii,nyokabaria,kenya,2009-11-08,-1.256495929275665,3,3,1,hh,international,134,1,-0.674091366,34.77188889
146,kisii,nyokabaria,kenya,2009-11-08,-1.256495929275665,3,3,1,hh,international,28,1,-0.674091366,34.77188889
146,kisii,nyokabaria,kenya,2009-11-08,-1.256495929275665,3,3,1,hh,international,30,NA,-0.674091366,34.77188889
147,kisii,nyokabaria,kenya,2009-11-08,-0.543070465050376,6,3,1,hh,international,66,1,-0.674091366,34.77188889
147,kisii,nyokabaria,kenya,2009-11-08,-0.543070465050376,6,3,1,hh,national,51,1,-0.674091366,34.77188889
147,kisii,nyokabaria,kenya,2009-11-08,-0.543070465050376,6,3,1,hh,international,36,NA,-0.674091366,34.77188889
148,kisii,nyokabaria,kenya,2009-11-08,0.08961116962495713,5,2,1,hh,international,38,NA,-0.674091366,34.77188889
148,kisii,nyokabaria,kenya,2009-11-08,0.08961116962495713,5,2,1,hh,national,36,1,-0.674091366,34.77188889
149,kisii,nyokabaria,kenya,2009-11-08,-0.6706057489359611,4,4,1,hh,international,112,1,-0.674091366,34.77188889
149,kisii,nyokabaria,kenya,2009-11-08,-0.6706057489359611,4,4,1,hh,international,91,1,-0.674091366,34.77188889
149,kisii,nyokabaria,kenya,2009-11-08,-0.6706057489359611,4,4,1,hh,international,61,1,-0.674091366,34.77188889
149,kisii,nyokabaria,kenya,2009-11-08,-0.6706057489359611,4,4,1,hh,international,39,1,-0.674091366,34.77188889
150,kisii,nyokabaria,kenya,2009-11-08,-1.0198841919013375,3,1,1,hh,international,44,1,-0.674091366,34.77188889
151,kiambu,mutundu,kenya,2009-11-09,-0.6736136911756179,3,5,1,hh,national,54,1,-1.170374442,36.83007059
151,kiambu,mutundu,kenya,2009-11-09,-0.6736136911756179,3,5,1,hh,national,24,1,-1.170374442,36.83007059
151,kiambu,mutundu,kenya,2009-11-09,-0.6736136911756179,3,5,1,hh,national,12,1,-1.170374442,36.83007059
151,kiambu,mutundu,kenya,2009-11-09,-0.6736136911756179,3,5,1,hh,national,6,1,-1.170374442,36.83007059
151,kiambu,mutundu,kenya,2009-11-09,-0.6736136911756179,3,5,1,hh,national,36,NA,-1.170374442,36.83007059
152,kiambu,mutundu,kenya,2009-11-10,1.501916238932432,6,0,NA,NA,NA,NA,NA,-1.170374442,36.83007059
153,kiambu,mutundu,kenya,2009-11-09,3.164489548503203,6,0,NA,NA,NA,NA,NA,-1.170374442,36.83007059
154,kiambu,mutundu,kenya,2009-11-09,1.6794818584321456,5,0,NA,NA,NA,NA,NA,-1.170374442,36.83007059
155,kiambu,mutundu,kenya,2009-11-10,0.4664150967196152,3,1,NA,hh,international,96,NA,-1.170374442,36.83007059
156,kiambu,mutundu,kenya,2009-11-09,0.1838257654887075,2,1,1,hh,international,72,1,-1.170374442,36.83007059
156,kiambu,mutundu,kenya,2009-11-09,0.1838257654887075,2,1,1,non-hh,international,NA,1,-1.170374442,36.83007059
157,kiambu,mutundu,kenya,2009-11-10,-0.20693367290441544,4,1,1,hh,international,98,1,-1.170374442,36.83007059
158,kiambu,mutundu,kenya,2009-11-09,-1.458694595817686,3,1,NA,hh,international,120,NA,-1.170374442,36.83007059
159,kiambu,mutundu,kenya,2009-11-09,-1.0424461748167244,4,9,1,hh,international,66,1,-1.170374442,36.83007059
159,kiambu,mutundu,kenya,2009-11-09,-1.0424461748167244,4,9,1,hh,international,51,1,-1.170374442,36.83007059
159,kiambu,mutundu,kenya,2009-11-09,-1.0424461748167244,4,9,1,hh,international,42,NA,-1.170374442,36.83007059
159,kiambu,mutundu,kenya,2009-11-09,-1.0424461748167244,4,9,1,hh,,72,NA,-1.170374442,36.83007059
159,kiambu,mutundu,kenya,2009-11-09,-1.0424461748167244,4,9,1,hh,international,7,NA,-1.170374442,36.83007059
159,kiambu,mutundu,kenya,2009-11-09,-1.0424461748167244,4,9,1,hh,international,176,1,-1.170374442,36.83007059
159,kiambu,mutundu,kenya,2009-11-09,-1.0424461748167244,4,9,1,hh,international,40,NA,-1.170374442,36.83007059
159,kiambu,mutundu,kenya,2009-11-09,-1.0424461748167244,4,9,1,hh,international,40,NA,-1.170374442,36.83007059
159,kiambu,mutundu,kenya,2009-11-09,-1.0424461748167244,4,9,1,hh,international,40,NA,-1.170374442,36.83007059
160,kiambu,mutundu,kenya,2009-11-10,1.1461181716631708,5,1,NA,hh,national,24,NA,-1.170374442,36.83007059
161,kiambu,mutundu,kenya,2009-11-10,0.4745536716720043,6,2,NA,hh,national,48,NA,-1.170374442,36.83007059
161,kiambu,mutundu,kenya,2009-11-10,0.4745536716720043,6,2,NA,hh,national,36,NA,-1.170374442,36.83007059
162,kiambu,mutundu,kenya,2009-11-10,1.6063590810121653,3,0,1,non-hh,national,NA,1,-1.170374442,36.83007059
163,kiambu,mutundu,kenya,2009-11-10,1.2890061113520723,4,1,1,hh,national,48,1,-1.170374442,36.83007059
164,kiambu,mutundu,kenya,2009-11-09,1.075932852737851,2,2,1,hh,national,240,1,-1.170374442,36.83007059
164,kiambu,mutundu,kenya,2009-11-09,1.075932852737851,2,2,1,hh,international,84,NA,-1.170374442,36.83007059
165,kiambu,mutundu,kenya,2009-11-09,0.5046330940685699,6,1,1,hh,international,12,1,-1.170374442,36.83007059
166,kiambu,mutundu,kenya,2009-11-09,-1.0665097127339767,3,5,1,hh,national,240,1,-1.170374442,36.83007059
166,kiambu,mutundu,kenya,2009-11-09,-1.0665097127339767,3,5,1,hh,national,36,1,-1.170374442,36.83007059
166,kiambu,mutundu,kenya,2009-11-09,-1.0665097127339767,3,5,1,hh,national,120,1,-1.170374442,36.83007059
166,kiambu,mutundu,kenya,2009-11-09,-1.0665097127339767,3,5,1,hh,international,24,1,-1.170374442,36.83007059
166,kiambu,mutundu,kenya,2009-11-09,-1.0665097127339767,3,5,1,hh,international,24,1,-1.170374442,36.83007059
167,kiambu,mutundu,kenya,2009-11-09,-0.04406210462205967,2,0,1,non-hh,international,NA,1,-1.170374442,36.83007059
168,kiambu,mutundu,kenya,2009-11-10,-1.7322787120455319,1,1,1,hh,international,96,1,-1.170374442,36.83007059
169,kiambu,mutundu,kenya,2009-11-09,-0.5147461103591789,5,2,1,hh,international,74,1,-1.170374442,36.83007059
169,kiambu,mutundu,kenya,2009-11-09,-0.5147461103591789,5,2,1,hh,national,54,1,-1.170374442,36.83007059
170,kiambu,mutundu,kenya,2009-11-10,1.1671745836756198,5,0,1,non-hh,international,NA,1,-1.170374442,36.83007059
171,kiambu,mutundu,kenya,2009-11-10,0.027910949280552322,2,2,NA,hh,national,60,NA,-1.170374442,36.83007059
171,kiambu,mutundu,kenya,2009-11-10,0.027910949280552322,2,2,NA,hh,international,12,NA,-1.170374442,36.83007059
172,kiambu,mutundu,kenya,2009-11-09,1.233154015034618,4,0,1,non-hh,national,NA,1,-1.170374442,36.83007059
173,nairobi,outering,kenya,2009-11-04,-1.805866257406117,2,0,NA,NA,NA,NA,NA,-1.267001706,36.88035515
174,nairobi,muthaiga,kenya,2009-11-06,-3.127479816943853,1,0,NA,NA,NA,NA,NA,-1.254882111,36.83204676
175,nairobi,muthaiga,kenya,2009-11-06,-2.3760177649341476,1,2,NA,hh,national,446,NA,-1.254882111,36.83204676
175,nairobi,muthaiga,kenya,2009-11-06,-2.3760177649341476,1,2,NA,hh,national,NA,NA,-1.254882111,36.83204676
176,nairobi,muthaiga,kenya,2009-11-06,-3.406900167172503,2,2,1,hh,international,72,1,-1.254882111,36.83204676
176,nairobi,muthaiga,kenya,2009-11-06,-3.406900167172503,2,2,1,hh,international,12,NA,-1.254882111,36.83204676
177,nairobi,muthaiga,kenya,2009-11-07,-3.7666073375441327,1,1,1,hh,international,120,1,-1.254882111,36.83204676
178,nairobi,muthaiga,kenya,2009-11-06,-1.0249161620141194,1,0,NA,NA,NA,NA,NA,-1.254882111,36.83204676
179,nairobi,muthaiga,kenya,2009-11-07,-3.466153391912392,4,1,NA,hh,international,48,NA,-1.254882111,36.83204676
180,nairobi,muthaiga,kenya,2009-11-07,-0.44937080014495695,2,0,NA,NA,NA,NA,NA,-1.254882111,36.83204676
181,nairobi,muthaiga,kenya,2009-11-06,-2.4493080534591005,3,3,NA,hh,international,144,NA,-1.254882111,36.83204676
181,nairobi,muthaiga,kenya,2009-11-06,-2.4493080534591005,3,3,NA,hh,international,192,NA,-1.254882111,36.83204676
181,nairobi,muthaiga,kenya,2009-11-06,-2.4493080534591005,3,3,NA,hh,national,12,NA,-1.254882111,36.83204676
182,nairobi,muthaiga,kenya,2009-11-07,-1.7165336102696627,1,0,NA,NA,NA,NA,NA,-1.254882111,36.83204676
183,nairobi,muthaiga,kenya,2009-11-07,-3.7726232220234457,2,1,NA,hh,international,120,NA,-1.254882111,36.83204676
184,nairobi,muthaiga,kenya,2009-11-07,-3.7666073375441327,2,1,NA,hh,international,24,NA,-1.254882111,36.83204676
185,nairobi,muthaiga,kenya,2009-11-07,-3.7666073375441327,2,2,NA,hh,national,72,NA,-1.254882111,36.83204676
185,nairobi,muthaiga,kenya,2009-11-07,-3.7666073375441327,2,2,NA,hh,national,24,NA,-1.254882111,36.83204676
186,nairobi,muthaiga,kenya,2009-11-07,-1.6262953430799663,2,0,NA,NA,NA,NA,NA,-1.254882111,36.83204676
187,nairobi,muthaiga,kenya,2009-11-07,-3.4319663525029744,1,1,1,hh,international,240,1,-1.254882111,36.83204676
189,nairobi,muthaiga,kenya,2009-11-07,-3.4109107568253787,3,3,NA,hh,international,24,NA,-1.254882111,36.83204676
189,nairobi,muthaiga,kenya,2009-11-07,-3.4109107568253787,3,3,NA,hh,international,24,NA,-1.254882111,36.83204676
189,nairobi,muthaiga,kenya,2009-11-07,-3.4109107568253787,3,3,NA,hh,international,24,NA,-1.254882111,36.83204676
190,nairobi,muthaiga,kenya,2009-11-06,-1.6864541878730972,1,0,NA,NA,NA,NA,NA,-1.254882111,36.83204676
191,nairobi,outering,kenya,2009-11-04,-1.6714144766748145,5,3,NA,hh,national,24,NA,-1.267001706,36.88035515
191,nairobi,outering,kenya,2009-11-04,-1.6714144766748145,5,3,NA,hh,national,36,NA,-1.267001706,36.88035515
191,nairobi,outering,kenya,2009-11-04,-1.6714144766748145,5,3,NA,hh,national,12,NA,-1.267001706,36.88035515
192,nairobi,outering,kenya,2009-11-04,-1.6714144766748145,5,0,NA,NA,NA,NA,NA,-1.267001706,36.88035515
193,nairobi,outering,kenya,2009-11-04,-2.2537201157550935,4,2,1,hh,national,60,1,-1.267001706,36.88035515
193,nairobi,outering,kenya,2009-11-04,-2.2537201157550935,4,2,1,hh,national,48,NA,-1.267001706,36.88035515
194,nairobi,outering,kenya,2009-11-04,-1.8547603257129635,8,2,1,hh,international,60,1,-1.267001706,36.88035515
194,nairobi,outering,kenya,2009-11-04,-1.8547603257129635,8,2,1,hh,national,24,NA,-1.267001706,36.88035515
195,nairobi,outering,kenya,2009-11-03,-2.4496790486736715,3,2,1,hh,international,13,1,-1.267001706,36.88035515
195,nairobi,outering,kenya,2009-11-03,-2.4496790486736715,3,2,1,hh,international,31,1,-1.267001706,36.88035515
196,nairobi,outering,kenya,2009-11-03,-2.4346393374753887,3,1,1,hh,international,192,1,-1.267001706,36.88035515
197,nairobi,outering,kenya,2009-11-04,-1.7557338867451746,3,0,NA,NA,NA,NA,NA,-1.267001706,36.88035515
199,nairobi,outering,kenya,2009-11-04,-1.6354161971589127,7,1,1,hh,national,38,1,-1.267001706,36.88035515
200,nairobi,outering,kenya,2009-11-03,-2.6877549082346692,5,1,1,hh,international,36,1,-1.267001706,36.88035515
202,nairobi,outering,kenya,2009-11-04,-3.0884735951882947,5,0,1,non-hh,national,NA,1,-1.267001706,36.88035515
203,nairobi,outering,kenya,2009-11-03,-2.762463441377029,3,1,NA,hh,international,48,NA,-1.267001706,36.88035515
204,nairobi,outering,kenya,2009-11-04,-2.3444010702856923,5,0,NA,NA,NA,NA,NA,-1.267001706,36.88035515
205,nairobi,outering,kenya,2009-11-03,-3.1094321635059137,1,2,1,hh,international,96,1,-1.267001706,36.88035515
205,nairobi,outering,kenya,2009-11-03,-3.1094321635059137,1,2,1,hh,international,18,1,-1.267001706,36.88035515
206,nairobi,outering,kenya,2009-11-04,-3.0918145115136078,4,3,NA,hh,national,101,NA,-1.267001706,36.88035515
206,nairobi,outering,kenya,2009-11-04,-3.0918145115136078,4,3,NA,hh,national,48,NA,-1.267001706,36.88035515
206,nairobi,outering,kenya,2009-11-04,-3.0918145115136078,4,3,NA,hh,national,NA,NA,-1.267001706,36.88035515
207,nairobi,outering,kenya,2009-11-04,-2.57911759233888,1,3,1,hh,national,36,1,-1.267001706,36.88035515
207,nairobi,outering,kenya,2009-11-04,-2.57911759233888,1,3,1,hh,national,36,NA,-1.267001706,36.88035515
207,nairobi,outering,kenya,2009-11-04,-2.57911759233888,1,3,1,hh,national,48,NA,-1.267001706,36.88035515
208,nairobi,outering,kenya,2009-11-03,-2.968289817280898,4,2,1,hh,national,112,1,-1.267001706,36.88035515
208,nairobi,outering,kenya,2009-11-03,-2.968289817280898,4,2,1,hh,national,NA,1,-1.267001706,36.88035515
209,nairobi,outering,kenya,2009-11-04,-3.193751573576274,3,0,NA,NA,NA,NA,NA,-1.267001706,36.88035515
210,nairobi,outering,kenya,2009-11-07,-1.6864541878730972,1,0,NA,NA,NA,NA,NA,-1.267001706,36.88035515
211,kiambu,guthunguri,kenya,2009-11-11,-0.9407780729218149,4,1,NA,hh,national,36,NA,-1.058419348,36.773918020000004
212,kiambu,guthunguri,kenya,2009-11-11,-2.5490381699423144,3,1,NA,hh,national,24,NA,-1.058419348,36.773918020000004
213,kiambu,guthunguri,kenya,2009-11-11,-1.0986137658858357,3,0,1,non-hh,international,NA,1,-1.058419348,36.773918020000004
214,kiambu,guthunguri,kenya,2009-11-11,-2.018390916474427,2,0,NA,NA,NA,NA,NA,-1.058419348,36.773918020000004
215,kiambu,guthunguri,kenya,2009-11-11,-0.9797782953725833,5,0,1,non-hh,national,NA,1,-1.058419348,36.773918020000004
216,kiambu,guthunguri,kenya,2009-11-11,-3.0849976303740902,3,0,1,non-hh,national,NA,1,-1.058419348,36.773918020000004
217,kiambu,guthunguri,kenya,2009-11-11,-1.0399371401657145,2,0,NA,NA,NA,NA,NA,-1.058419348,36.773918020000004
218,kiambu,guthunguri,kenya,2009-11-11,-0.9296459247116409,5,0,NA,NA,NA,NA,NA,-1.058419348,36.773918020000004
219,kiambu,guthunguri,kenya,2009-11-11,-1.7065071361374742,2,1,NA,hh,national,7,NA,-1.058419348,36.773918020000004
220,kiambu,guthunguri,kenya,2009-11-11,-2.802569337905783,1,2,NA,hh,international,60,NA,-1.058419348,36.773918020000004
220,kiambu,guthunguri,kenya,2009-11-11,-2.802569337905783,1,2,NA,hh,international,84,NA,-1.058419348,36.773918020000004
221,kiambu,guthunguri,kenya,2009-11-11,-1.6262953430799663,4,0,NA,NA,NA,NA,NA,-1.058419348,36.773918020000004
222,kiambu,guthunguri,kenya,2009-11-11,-2.4346393374753887,3,1,1,hh,international,60,1,-1.058419348,36.773918020000004
223,kiambu,guthunguri,kenya,2009-11-11,-1.6445446472709195,4,1,1,hh,national,48,1,-1.058419348,36.773918020000004
223,kiambu,guthunguri,kenya,2009-11-11,-1.6445446472709195,4,1,1,non-hh,international,NA,1,-1.058419348,36.773918020000004
224,kiambu,guthunguri,kenya,2009-11-11,-1.9582320716812962,4,0,NA,NA,NA,NA,NA,-1.058419348,36.773918020000004
225,kiambu,guthunguri,kenya,2009-11-11,-1.0249161620141194,3,1,NA,hh,national,16,NA,-1.058419348,36.773918020000004
226,kiambu,guthunguri,kenya,2009-11-11,-0.8694870799185097,7,1,1,hh,national,27,1,-1.058419348,36.773918020000004
226,kiambu,guthunguri,kenya,2009-11-11,-0.8694870799185097,7,1,1,non-hh,national,NA,1,-1.058419348,36.773918020000004
227,kiambu,njiku,kenya,2009-11-11,1.5907540280945551,6,1,NA,hh,national,120,NA,-1.175746093,36.75241747
228,kiambu,njiku,kenya,2009-11-11,-0.8313924775209833,3,0,NA,NA,NA,NA,NA,-1.175746093,36.75241747
229,kiambu,njiku,kenya,2009-11-11,-3.103846280472234,4,0,1,non-hh,international,NA,1,-1.175746093,36.75241747
229,kiambu,njiku,kenya,2009-11-11,-3.103846280472234,4,0,1,non-hh,national,NA,1,-1.175746093,36.75241747
229,kiambu,njiku,kenya,2009-11-11,-3.103846280472234,4,0,1,non-hh,national,NA,1,-1.175746093,36.75241747
229,kiambu,njiku,kenya,2009-11-11,-3.103846280472234,4,0,1,non-hh,international,NA,1,-1.175746093,36.75241747
230,kiambu,njiku,kenya,2009-11-11,0.473988329952677,4,0,NA,NA,NA,NA,NA,-1.175746093,36.75241747
231,kiambu,njiku,kenya,2009-11-12,0.5739127929406473,6,1,1,hh,national,72,1,-1.175746093,36.75241747
232,kiambu,njiku,kenya,2009-11-11,-0.18076335361021778,4,1,1,hh,national,62,1,-1.175746093,36.75241747
233,kiambu,njiku,kenya,2009-11-11,2.9021362045737784,3,1,1,hh,national,6,1,-1.175746093,36.75241747
234,kiambu,njiku,kenya,2009-11-12,2.1070475588462094,3,1,1,hh,national,48,1,-1.175746093,36.75241747
234,kiambu,njiku,kenya,2009-11-12,2.1070475588462094,3,1,1,non-hh,national,NA,1,-1.175746093,36.75241747
235,kiambu,njiku,kenya,2009-11-11,-1.2338013180841676,6,0,NA,NA,NA,NA,NA,-1.175746093,36.75241747
236,kiambu,njiku,kenya,2009-11-11,-2.722357544848275,5,0,NA,NA,NA,NA,NA,-1.175746093,36.75241747
237,kiambu,njiku,kenya,2009-11-11,-1.6620196547412736,5,0,NA,NA,NA,NA,NA,-1.175746093,36.75241747
238,kiambu,njiku,kenya,2009-11-11,1.684884739916442,1,0,NA,NA,NA,NA,NA,-1.175746093,36.75241747
239,kiambu,njiku,kenya,2009-11-10,-2.1177500377430696,6,5,1,hh,international,96,NA,-1.175746093,36.75241747
239,kiambu,njiku,kenya,2009-11-10,-2.1177500377430696,6,5,1,hh,international,276,NA,-1.175746093,36.75241747
239,kiambu,njiku,kenya,2009-11-10,-2.1177500377430696,6,5,1,hh,international,96,1,-1.175746093,36.75241747
239,kiambu,njiku,kenya,2009-11-10,-2.1177500377430696,6,5,1,hh,international,96,1,-1.175746093,36.75241747
239,kiambu,njiku,kenya,2009-11-10,-2.1177500377430696,6,5,1,hh,national,12,NA,-1.175746093,36.75241747
240,kiambu,njiku,kenya,2009-11-11,-3.5970628973501704,5,1,NA,hh,international,60,NA,-1.175746093,36.75241747
241,kiambu,njiku,kenya,2009-11-11,-2.4283143110839864,4,0,NA,NA,NA,NA,NA,-1.175746093,36.75241747
242,kiambu,njiku,kenya,2009-11-11,0.816469452519277,4,1,NA,hh,national,84,NA,-1.175746093,36.75241747
243,kiambu,njiku,kenya,2009-11-11,0.856575349048031,4,0,1,non-hh,national,NA,1,-1.175746093,36.75241747
244,kiambu,njiku,kenya,2009-11-11,-1.2401263444755697,3,0,NA,NA,NA,NA,NA,-1.175746093,36.75241747
245,kiambu,njiku,kenya,2009-11-11,-1.5059776534937044,4,0,NA,NA,NA,NA,NA,-1.175746093,36.75241747
246,kiambu,mutundu,kenya,2009-11-10,0.02030827851566136,1,1,1,hh,national,84,1,-1.170374442,36.83007059
247,kiambu,mutundu,kenya,2009-11-10,-1.7259834853820835,1,1,1,hh,national,120,1,-1.170374442,36.83007059
248,kiambu,mutundu,kenya,2009-11-10,0.38732994890892275,4,0,NA,NA,NA,NA,NA,-1.170374442,36.83007059
249,kiambu,mutundu,kenya,2009-11-10,-0.4452234789165871,2,0,1,non-hh,national,NA,1,-1.170374442,36.83007059
250,kiambu,sigona/nyathuwa,kenya,2009-11-11,-1.236442981011288,2,2,1,hh,international,228,1,-1.213613261,36.66018801
250,kiambu,sigona/nyathuwa,kenya,2009-11-11,-1.236442981011288,2,2,1,hh,international,156,1,-1.213613261,36.66018801
251,kiambu,sigona/nyathuwa,kenya,2009-11-10,0.5899579755027056,3,2,1,hh,international,120,1,-1.213613261,36.66018801
251,kiambu,sigona/nyathuwa,kenya,2009-11-10,0.5899579755027056,3,2,1,hh,national,11,NA,-1.213613261,36.66018801
252,kiambu,sigona/nyathuwa,kenya,2009-11-09,-1.0274064636184415,5,2,1,hh,international,62,1,-1.213613261,36.66018801
252,kiambu,sigona/nyathuwa,kenya,2009-11-09,-1.0274064636184415,5,2,1,hh,international,108,1,-1.213613261,36.66018801
252,kiambu,sigona/nyathuwa,kenya,2009-11-09,-1.0274064636184415,5,2,1,non-hh,national,NA,1,-1.213613261,36.66018801
253,kiambu,sigona/nyathuwa,kenya,2009-11-09,-1.095179775252728,7,4,1,hh,national,70,1,-1.213613261,36.66018801
253,kiambu,sigona/nyathuwa,kenya,2009-11-09,-1.095179775252728,7,4,1,hh,national,53,1,-1.213613261,36.66018801
253,kiambu,sigona/nyathuwa,kenya,2009-11-09,-1.095179775252728,7,4,1,hh,international,75,1,-1.213613261,36.66018801
253,kiambu,sigona/nyathuwa,kenya,2009-11-09,-1.095179775252728,7,4,1,hh,international,NA,1,-1.213613261,36.66018801
254,kiambu,sigona/nyathuwa,kenya,2009-11-08,-0.2942610252144322,5,1,1,hh,international,11,1,-1.213613261,36.66018801
255,kiambu,sigona/nyathuwa,kenya,2009-11-09,-1.0189785718480955,8,2,1,hh,national,2,1,-1.213613261,36.66018801
255,kiambu,sigona/nyathuwa,kenya,2009-11-09,-1.0189785718480955,8,2,1,hh,national,96,NA,-1.213613261,36.66018801
256,kiambu,sigona/nyathuwa,kenya,2009-11-09,-0.2541551286856782,5,0,NA,NA,NA,NA,NA,-1.213613261,36.66018801
257,kiambu,sigona/nyathuwa,kenya,2009-11-11,1.0152086662253927,4,0,NA,NA,NA,NA,NA,-1.213613261,36.66018801
258,kiambu,sigona/nyathuwa,kenya,2009-11-11,0.4439708751321472,3,0,NA,NA,NA,NA,NA,-1.213613261,36.66018801
259,kiambu,sigona/nyathuwa,kenya,2009-11-11,1.1060122751344168,2,0,NA,NA,NA,NA,NA,-1.213613261,36.66018801
260,kiambu,sigona/nyathuwa,kenya,2009-11-10,-0.160636631973058,5,0,NA,NA,NA,NA,NA,-1.213613261,36.66018801
261,kiambu,sigona/nyathuwa,kenya,2009-11-12,-0.1486786363872146,6,1,1,hh,national,48,1,-1.213613261,36.66018801
262,kiambu,sigona/nyathuwa,kenya,2009-11-09,0.828346444114828,3,2,1,hh,international,72,1,-1.213613261,36.66018801
262,kiambu,sigona/nyathuwa,kenya,2009-11-09,0.828346444114828,3,2,1,hh,national,12,1,-1.213613261,36.66018801
262,kiambu,sigona/nyathuwa,kenya,2009-11-09,0.828346444114828,3,2,1,non-hh,national,NA,1,-1.213613261,36.66018801
263,kiambu,sigona/nyathuwa,kenya,2009-11-10,0.4707481981165716,3,1,NA,hh,international,156,NA,-1.213613261,36.66018801
264,kiambu,sigona/nyathuwa,kenya,2009-11-09,0.06955822136058004,2,2,1,hh,national,6,1,-1.213613261,36.66018801
264,kiambu,sigona/nyathuwa,kenya,2009-11-09,0.06955822136058004,2,2,1,hh,national,8,1,-1.213613261,36.66018801
264,kiambu,sigona/nyathuwa,kenya,2009-11-09,0.06955822136058004,2,2,1,non-hh,international,NA,1,-1.213613261,36.66018801
265,kiambu,sigona/nyathuwa,kenya,2009-11-10,-1.3391763238321237,7,3,1,hh,international,48,NA,-1.213613261,36.66018801
265,kiambu,sigona/nyathuwa,kenya,2009-11-10,-1.3391763238321237,7,3,1,hh,international,12,NA,-1.213613261,36.66018801
265,kiambu,sigona/nyathuwa,kenya,2009-11-10,-1.3391763238321237,7,3,1,hh,international,12,1,-1.213613261,36.66018801
266,kiambu,sigona/nyathuwa,kenya,2009-11-10,0.9440468514553535,4,1,NA,hh,international,12,NA,-1.213613261,36.66018801
267,kiambu,sigona/nyathuwa,kenya,2009-11-09,-1.9125475963671204,1,1,1,hh,international,84,1,-1.213613261,36.66018801
268,kiambu,sigona/nyathuwa,kenya,2009-11-09,-0.21896544186304162,3,1,1,hh,international,84,1,-1.213613261,36.66018801
269,kiambu,sigona/nyathuwa,kenya,2009-11-11,-1.0574858860150071,3,1,1,hh,national,60,1,-1.213613261,36.66018801
270,kiambu,sigona/nyathuwa,kenya,2009-11-10,-1.0590844683768494,8,5,1,hh,international,84,1,-1.213613261,36.66018801
270,kiambu,sigona/nyathuwa,kenya,2009-11-10,-1.0590844683768494,8,5,1,hh,international,84,NA,-1.213613261,36.66018801
270,kiambu,sigona/nyathuwa,kenya,2009-11-10,-1.0590844683768494,8,5,1,hh,national,60,NA,-1.213613261,36.66018801
270,kiambu,sigona/nyathuwa,kenya,2009-11-10,-1.0590844683768494,8,5,1,hh,national,60,NA,-1.213613261,36.66018801
270,kiambu,sigona/nyathuwa,kenya,2009-11-10,-1.0590844683768494,8,5,1,hh,national,60,NA,-1.213613261,36.66018801
271,kiambu,sigona/nyathuwa,kenya,2009-11-10,-1.5701828051897346,6,1,NA,hh,international,22,NA,-1.213613261,36.66018801
272,kiambu,sigona/nyathuwa,kenya,2009-11-11,0.1297170661537111,5,1,1,hh,international,15,1,-1.213613261,36.66018801
273,kiambu,sigona/nyathuwa,kenya,2009-11-09,-1.3378868833823703,1,4,1,hh,international,96,1,-1.213613261,36.66018801
273,kiambu,sigona/nyathuwa,kenya,2009-11-09,-1.3378868833823703,1,4,1,hh,international,132,NA,-1.213613261,36.66018801
273,kiambu,sigona/nyathuwa,kenya,2009-11-09,-1.3378868833823703,1,4,1,hh,international,96,NA,-1.213613261,36.66018801
273,kiambu,sigona/nyathuwa,kenya,2009-11-09,-1.3378868833823703,1,4,1,hh,international,72,NA,-1.213613261,36.66018801
274,kiambu,sigona/nyathuwa,kenya,2009-11-11,-1.1493227355665459,1,0,NA,NA,NA,NA,NA,-1.213613261,36.66018801
275,kiambu,sigona/nyathuwa,kenya,2009-11-10,-0.618468083448581,5,0,NA,NA,NA,NA,NA,-1.213613261,36.66018801
276,kiambu,sigona/nyathuwa,kenya,2009-11-12,3.164560032248199,2,5,1,hh,national,360,1,-1.213613261,36.66018801
276,kiambu,sigona/nyathuwa,kenya,2009-11-12,3.164560032248199,2,5,1,hh,national,300,1,-1.213613261,36.66018801
276,kiambu,sigona/nyathuwa,kenya,2009-11-12,3.164560032248199,2,5,1,hh,national,336,1,-1.213613261,36.66018801
276,kiambu,sigona/nyathuwa,kenya,2009-11-12,3.164560032248199,2,5,1,hh,national,240,1,-1.213613261,36.66018801
276,kiambu,sigona/nyathuwa,kenya,2009-11-12,3.164560032248199,2,5,1,hh,national,420,1,-1.213613261,36.66018801
277,kiambu,sigona/nyathuwa,kenya,2009-11-11,-0.2942610252144322,3,0,NA,NA,NA,NA,NA,-1.213613261,36.66018801
278,kiambu,sigona/nyathuwa,kenya,2009-11-10,0.037628281500652005,2,3,NA,hh,national,120,NA,-1.213613261,36.66018801
278,kiambu,sigona/nyathuwa,kenya,2009-11-10,0.037628281500652005,2,3,NA,hh,national,144,NA,-1.213613261,36.66018801
278,kiambu,sigona/nyathuwa,kenya,2009-11-10,0.037628281500652005,2,3,NA,hh,national,60,NA,-1.213613261,36.66018801
279,kiambu,sigona/nyathuwa,kenya,2009-11-09,-0.2942610252144322,4,1,1,hh,international,96,1,-1.213613261,36.66018801
280,kiambu,sigona/nyathuwa,kenya,2009-11-09,-1.6002622275863003,4,4,1,hh,international,180,1,-1.213613261,36.66018801
280,kiambu,sigona/nyathuwa,kenya,2009-11-09,-1.6002622275863003,4,4,1,hh,international,72,NA,-1.213613261,36.66018801
280,kiambu,sigona/nyathuwa,kenya,2009-11-09,-1.6002622275863003,4,4,1,hh,international,120,NA,-1.213613261,36.66018801
280,kiambu,sigona/nyathuwa,kenya,2009-11-09,-1.6002622275863003,4,4,1,hh,international,12,NA,-1.213613261,36.66018801
281,kiambu,sigona/nyathuwa,kenya,2009-11-11,-0.27420807695005517,4,3,1,hh,international,60,1,-1.213613261,36.66018801
281,kiambu,sigona/nyathuwa,kenya,2009-11-11,-0.27420807695005517,4,3,1,hh,international,12,NA,-1.213613261,36.66018801
281,kiambu,sigona/nyathuwa,kenya,2009-11-11,-0.27420807695005517,4,3,1,hh,international,12,NA,-1.213613261,36.66018801
282,kiambu,sigona/nyathuwa,kenya,2009-11-10,-0.4949433892158712,8,2,NA,hh,international,36,NA,-1.213613261,36.66018801
282,kiambu,sigona/nyathuwa,kenya,2009-11-10,-0.4949433892158712,8,2,NA,hh,international,48,NA,-1.213613261,36.66018801
283,kiambu,sigona/nyathuwa,kenya,2009-11-11,-0.23410218042130115,4,1,NA,hh,international,15,NA,-1.213613261,36.66018801
284,kiambu,sigona/nyathuwa,kenya,2009-11-11,-1.1392962614343574,2,1,1,hh,international,24,1,-1.213613261,36.66018801
285,kiambu,sigona/nyathuwa,kenya,2009-11-11,-1.5661364982868353,3,1,1,hh,international,12,1,-1.213613261,36.66018801
286,kiambu,sigona/nyathuwa,kenya,2009-11-08,-1.615301938784583,3,5,1,hh,international,144,1,-1.213613261,36.66018801
286,kiambu,sigona/nyathuwa,kenya,2009-11-08,-1.615301938784583,3,5,1,hh,international,60,1,-1.213613261,36.66018801
286,kiambu,sigona/nyathuwa,kenya,2009-11-08,-1.615301938784583,3,5,1,hh,international,84,1,-1.213613261,36.66018801
286,kiambu,sigona/nyathuwa,kenya,2009-11-08,-1.615301938784583,3,5,1,hh,international,132,1,-1.213613261,36.66018801
286,kiambu,sigona/nyathuwa,kenya,2009-11-08,-1.615301938784583,3,5,1,hh,international,48,1,-1.213613261,36.66018801
287,kiambu,sigona/nyathuwa,kenya,2009-11-11,-0.2942610252144322,3,1,1,hh,international,60,1,-1.213613261,36.66018801
288,kiambu,sigona/nyathuwa,kenya,2009-11-12,-0.9831929500768353,2,1,NA,hh,national,96,NA,-1.213613261,36.66018801
289,kiambu,mbwa kali,kenya,2009-11-08,-1.6789367483919182,3,0,1,non-hh,international,NA,1,-1.170804963,36.83215946
289,kiambu,mbwa kali,kenya,2009-11-08,-1.6789367483919182,3,0,1,non-hh,international,NA,1,-1.170804963,36.83215946
289,kiambu,mbwa kali,kenya,2009-11-08,-1.6789367483919182,3,0,1,non-hh,international,NA,1,-1.170804963,36.83215946
290,kiambu,mbwa kali,kenya,2009-11-08,-0.1397750292654399,2,0,NA,NA,NA,NA,NA,-1.170804963,36.83215946
291,kiambu,mbwa kali,kenya,2009-11-06,-0.680995365538156,4,0,NA,NA,NA,NA,NA,-1.170804963,36.83215946
292,kiambu,mbwa kali,kenya,2009-11-08,-2.2650285794846363,4,4,1,hh,national,60,1,-1.170804963,36.83215946
292,kiambu,mbwa kali,kenya,2009-11-08,-2.2650285794846363,4,4,1,hh,international,72,1,-1.170804963,36.83215946
292,kiambu,mbwa kali,kenya,2009-11-08,-2.2650285794846363,4,4,1,hh,international,96,1,-1.170804963,36.83215946
292,kiambu,mbwa kali,kenya,2009-11-08,-2.2650285794846363,4,4,1,hh,international,96,1,-1.170804963,36.83215946
292,kiambu,mbwa kali,kenya,2009-11-08,-2.2650285794846363,4,4,1,non-hh,international,NA,1,-1.170804963,36.83215946
293,kiambu,mbwa kali,kenya,2009-11-06,-0.8013130551244179,2,2,NA,hh,national,72,NA,-1.170804963,36.83215946
293,kiambu,mbwa kali,kenya,2009-11-06,-0.8013130551244179,2,2,NA,hh,national,72,NA,-1.170804963,36.83215946
294,kiambu,mbwa kali,kenya,2009-11-08,-0.680995365538156,4,3,NA,hh,national,120,NA,-1.170804963,36.83215946
294,kiambu,mbwa kali,kenya,2009-11-08,-0.680995365538156,4,3,NA,hh,national,12,NA,-1.170804963,36.83215946
294,kiambu,mbwa kali,kenya,2009-11-08,-0.680995365538156,4,3,NA,hh,national,84,NA,-1.170804963,36.83215946
295,kiambu,mbwa kali,kenya,2009-11-07,-0.18830659649615206,1,3,1,hh,international,123,1,-1.170804963,36.83215946
295,kiambu,mbwa kali,kenya,2009-11-07,-0.18830659649615206,1,3,1,hh,international,86,NA,-1.170804963,36.83215946
295,kiambu,mbwa kali,kenya,2009-11-07,-0.18830659649615206,1,3,1,hh,international,54,NA,-1.170804963,36.83215946
296,kiambu,mbwa kali,kenya,2009-11-07,-0.8054238089798,4,4,1,hh,international,66,1,-1.170804963,36.83215946
296,kiambu,mbwa kali,kenya,2009-11-07,-0.8054238089798,4,4,1,hh,international,62,1,-1.170804963,36.83215946
296,kiambu,mbwa kali,kenya,2009-11-07,-0.8054238089798,4,4,1,hh,international,88,1,-1.170804963,36.83215946
296,kiambu,mbwa kali,kenya,2009-11-07,-0.8054238089798,4,4,1,hh,international,57,1,-1.170804963,36.83215946
297,kiambu,mbwa kali,kenya,2009-11-08,0.18897029089360007,1,1,NA,hh,national,3,NA,-1.170804963,36.83215946
298,kiambu,mbwa kali,kenya,2009-11-08,-0.618468083448581,5,0,NA,NA,NA,NA,NA,-1.170804963,36.83215946
299,kiambu,mbwa kali,kenya,2009-11-09,-0.35671667377257027,3,2,1,hh,national,42,1,-1.170804963,36.83215946
299,kiambu,mbwa kali,kenya,2009-11-09,-0.35671667377257027,3,2,1,hh,national,86,1,-1.170804963,36.83215946
300,kiambu,mbwa kali,kenya,2009-11-06,-0.4174408602850286,6,0,NA,NA,NA,NA,NA,-1.170804963,36.83215946
301,kiambu,mbwa kali,kenya,2009-11-06,-0.14386391323160466,7,0,NA,NA,NA,NA,NA,-1.170804963,36.83215946
302,kiambu,mbwa kali,kenya,2009-11-11,-0.49083263536048893,3,0,NA,NA,NA,NA,NA,-1.170804963,36.83215946
303,kiambu,mbwa kali,kenya,2009-11-08,-0.19993387405857094,1,0,NA,NA,NA,NA,NA,-1.170804963,36.83215946
304,kiambu,mbwa kali,kenya,2009-11-12,-0.6231820939053774,4,2,NA,hh,national,26,NA,-1.170804963,36.83215946
304,kiambu,mbwa kali,kenya,2009-11-12,-0.6231820939053774,4,2,NA,hh,national,41,NA,-1.170804963,36.83215946
305,kiambu,mbwa kali,kenya,2009-11-08,-0.9822873300235933,8,1,NA,hh,national,56,NA,-1.170804963,36.83215946
306,kiambu,mbwa kali,kenya,2009-11-08,-0.8915513223141145,1,0,1,non-hh,national,NA,1,-1.170804963,36.83215946
307,kiambu,mbwa kali,kenya,2009-11-08,0.011064770058289708,3,1,NA,hh,international,179,NA,-1.170804963,36.83215946
308,kiambu,mbwa kali,kenya,2009-11-08,-1.099963356682735,5,1,1,hh,international,168,1,-1.170804963,36.83215946
309,kisii,nyokabaria,kenya,2009-11-09,-0.6757622213468011,5,5,1,hh,international,96,1,-0.674091366,34.77188889
309,kisii,nyokabaria,kenya,2009-11-09,-0.6757622213468011,5,5,1,hh,international,72,1,-0.674091366,34.77188889
309,kisii,nyokabaria,kenya,2009-11-09,-0.6757622213468011,5,5,1,hh,international,48,1,-0.674091366,34.77188889
309,kisii,nyokabaria,kenya,2009-11-09,-0.6757622213468011,5,5,1,hh,national,36,1,-0.674091366,34.77188889
309,kisii,nyokabaria,kenya,2009-11-09,-0.6757622213468011,5,5,1,hh,national,72,NA,-0.674091366,34.77188889
310,kisii,nyokabaria,kenya,2009-11-10,-0.5863833662255777,11,2,1,hh,international,36,NA,-0.674091366,34.77188889
310,kisii,nyokabaria,kenya,2009-11-10,-0.5863833662255777,11,2,1,hh,international,252,NA,-0.674091366,34.77188889
310,kisii,nyokabaria,kenya,2009-11-10,-0.5863833662255777,11,2,1,non-hh,international,NA,1,-0.674091366,34.77188889
310,kisii,nyokabaria,kenya,2009-11-10,-0.5863833662255777,11,2,1,non-hh,national,NA,1,-0.674091366,34.77188889
311,kisii,nyokabaria,kenya,2009-11-08,-0.36101373411493676,3,6,1,hh,national,2,NA,-0.674091366,34.77188889
311,kisii,nyokabaria,kenya,2009-11-08,-0.36101373411493676,3,6,1,hh,national,39,NA,-0.674091366,34.77188889
311,kisii,nyokabaria,kenya,2009-11-08,-0.36101373411493676,3,6,1,hh,national,168,NA,-0.674091366,34.77188889
311,kisii,nyokabaria,kenya,2009-11-08,-0.36101373411493676,3,6,1,hh,national,24,NA,-0.674091366,34.77188889
311,kisii,nyokabaria,kenya,2009-11-08,-0.36101373411493676,3,6,1,hh,international,120,1,-0.674091366,34.77188889
311,kisii,nyokabaria,kenya,2009-11-08,-0.36101373411493676,3,6,1,hh,international,120,1,-0.674091366,34.77188889
312,kisii,nyokabaria,kenya,2009-11-10,1.8981149627851004,3,0,NA,NA,NA,NA,NA,-0.674091366,34.77188889
313,kisii,bomakombi,kenya,2009-11-09,0.3393674028764276,7,0,NA,NA,NA,NA,NA,-0.70441522,34.69546123
314,rachuonyo,atandi,kenya,2009-11-17,1.130075813051669,7,5,1,hh,national,72,1,-1.298984456,36.8069776
314,rachuonyo,atandi,kenya,2009-11-17,1.130075813051669,7,5,1,hh,national,60,1,-1.298984456,36.8069776
314,rachuonyo,atandi,kenya,2009-11-17,1.130075813051669,7,5,1,hh,national,48,1,-1.298984456,36.8069776
314,rachuonyo,atandi,kenya,2009-11-17,1.130075813051669,7,5,1,hh,international,48,1,-1.298984456,36.8069776
314,rachuonyo,atandi,kenya,2009-11-17,1.130075813051669,7,5,1,hh,international,36,1,-1.298984456,36.8069776
315,rachuonyo,atandi,kenya,2009-11-17,-0.6954697350171113,5,2,NA,hh,international,72,NA,-1.298984456,36.8069776
315,rachuonyo,atandi,kenya,2009-11-17,-0.6954697350171113,5,2,NA,hh,national,36,NA,-1.298984456,36.8069776
316,rachuonyo,atandi,kenya,2009-11-17,-2.4820624440096655,6,6,NA,hh,national,NA,NA,-1.298984456,36.8069776
316,rachuonyo,atandi,kenya,2009-11-17,-2.4820624440096655,6,6,NA,hh,national,NA,NA,-1.298984456,36.8069776
316,rachuonyo,atandi,kenya,2009-11-17,-2.4820624440096655,6,6,NA,hh,national,NA,NA,-1.298984456,36.8069776
316,rachuonyo,atandi,kenya,2009-11-17,-2.4820624440096655,6,6,NA,hh,national,NA,NA,-1.298984456,36.8069776
316,rachuonyo,atandi,kenya,2009-11-17,-2.4820624440096655,6,6,NA,hh,national,NA,NA,-1.298984456,36.8069776
316,rachuonyo,atandi,kenya,2009-11-17,-2.4820624440096655,6,6,NA,hh,international,NA,NA,-1.298984456,36.8069776
317,rachuonyo,atandi,kenya,2009-11-17,0.1664938521538989,4,4,1,hh,international,12,1,-1.298984456,36.8069776
317,rachuonyo,atandi,kenya,2009-11-17,0.1664938521538989,4,4,1,hh,national,12,NA,-1.298984456,36.8069776
317,rachuonyo,atandi,kenya,2009-11-17,0.1664938521538989,4,4,1,hh,national,12,NA,-1.298984456,36.8069776
317,rachuonyo,atandi,kenya,2009-11-17,0.1664938521538989,4,4,1,hh,national,15,NA,-1.298984456,36.8069776
318,rachuonyo,atandi,kenya,2009-11-17,-0.470406027535891,11,3,1,hh,national,84,1,-1.298984456,36.8069776
318,rachuonyo,atandi,kenya,2009-11-17,-0.470406027535891,11,3,1,hh,national,36,1,-1.298984456,36.8069776
318,rachuonyo,atandi,kenya,2009-11-17,-0.470406027535891,11,3,1,hh,international,108,1,-1.298984456,36.8069776
319,rachuonyo,nyabola,kenya,2009-11-17,0.4645271975398158,4,1,1,hh,international,51,1,-0.425136583,34.68950586
320,rachuonyo,nyabola,kenya,2009-11-17,-0.34167696257428753,3,1,1,hh,international,12,1,-0.425136583,34.68950586
321,rachuonyo,nyabola,kenya,2009-11-17,-1.318327094809577,6,3,1,hh,international,48,1,-0.425136583,34.68950586
321,rachuonyo,nyabola,kenya,2009-11-17,-1.318327094809577,6,3,1,hh,national,24,NA,-0.425136583,34.68950586
321,rachuonyo,nyabola,kenya,2009-11-17,-1.318327094809577,6,3,1,hh,national,24,NA,-0.425136583,34.68950586
322,rachuonyo,nyabola,kenya,2009-11-17,0.29479487795421916,1,1,1,hh,international,24,1,-0.425136583,34.68950586
322,rachuonyo,nyabola,kenya,2009-11-17,0.29479487795421916,1,1,1,non-hh,national,NA,1,-0.425136583,34.68950586
323,rachuonyo,atandi,kenya,2009-11-17,0.6711203817946834,3,2,1,hh,national,27,NA,-1.298984456,36.8069776
323,rachuonyo,atandi,kenya,2009-11-17,0.6711203817946834,3,2,1,hh,international,NA,1,-1.298984456,36.8069776
324,rachuonyo,atandi,kenya,2009-11-17,-0.36101373411493676,3,1,NA,hh,international,9,NA,-1.298984456,36.8069776
325,rachuonyo,nyabola,kenya,2009-11-17,2.6892794117009218,4,1,1,hh,international,27,1,-0.425136583,34.68950586
326,rachuonyo,atandi,kenya,2009-11-17,0.27141281916127596,5,1,1,hh,national,120,1,-1.298984456,36.8069776
327,rachuonyo,atandi,kenya,2009-11-17,-0.8219976555874426,6,1,NA,hh,international,60,NA,-1.298984456,36.8069776
328,rachuonyo,atandi,kenya,2009-11-17,2.4685440994351056,4,3,1,hh,national,41,1,-1.298984456,36.8069776
328,rachuonyo,atandi,kenya,2009-11-17,2.4685440994351056,4,3,1,hh,national,48,1,-1.298984456,36.8069776
328,rachuonyo,atandi,kenya,2009-11-17,2.4685440994351056,4,3,1,hh,national,NA,1,-1.298984456,36.8069776
329,rachuonyo,nyabola,kenya,2009-11-17,1.7530900992489695,8,2,1,hh,national,30,1,-0.425136583,34.68950586
329,rachuonyo,nyabola,kenya,2009-11-17,1.7530900992489695,8,2,1,hh,national,23,1,-0.425136583,34.68950586
330,rachuonyo,nyabola,kenya,2009-11-17,3.272775469130839,6,1,1,hh,international,207,1,-0.425136583,34.68950586
331,rachuonyo,nyabola,kenya,2009-11-17,3.284877721834461,8,1,1,hh,national,27,1,-0.425136583,34.68950586
332,rachuonyo,atandi,kenya,2009-11-17,3.210292985172917,8,1,1,hh,national,24,1,-1.298984456,36.8069776
333,rachuonyo,nyabola,kenya,2009-11-17,1.4898844699738059,7,1,1,hh,national,360,1,-0.425136583,34.68950586
334,rachuonyo,nyabola,kenya,2009-11-17,3.033045710011557,2,2,1,hh,national,84,1,-0.425136583,34.68950586
334,rachuonyo,nyabola,kenya,2009-11-17,3.033045710011557,2,2,1,hh,national,72,1,-0.425136583,34.68950586
335,rachuonyo,atandi,kenya,2009-11-17,0.030708412208070968,3,1,NA,hh,national,36,NA,-1.298984456,36.8069776
336,rachuonyo,atandi,kenya,2009-11-17,-1.3846045993390608,3,2,NA,hh,national,120,NA,-1.298984456,36.8069776
336,rachuonyo,atandi,kenya,2009-11-17,-1.3846045993390608,3,2,NA,hh,national,120,NA,-1.298984456,36.8069776
337,rachuonyo,atandi,kenya,2009-11-17,1.6930606965852677,3,1,1,hh,national,36,1,-1.298984456,36.8069776
338,rachuonyo,atandi,kenya,2009-11-17,1.2053713964030597,1,2,1,hh,national,24,NA,-1.298984456,36.8069776
338,rachuonyo,atandi,kenya,2009-11-17,1.2053713964030597,1,2,1,hh,national,24,NA,-1.298984456,36.8069776
338,rachuonyo,atandi,kenya,2009-11-17,1.2053713964030597,1,2,1,non-hh,national,NA,1,-1.298984456,36.8069776
339,rachuonyo,atandi,kenya,2009-11-17,-0.531470492382264,1,0,NA,NA,NA,NA,NA,-1.298984456,36.8069776
340,rachuonyo,atandi,kenya,2009-11-17,1.2053713964030597,1,0,NA,NA,NA,NA,NA,-1.298984456,36.8069776
341,rachuonyo,atandi,kenya,2009-11-17,-1.7256544643486091,8,0,NA,NA,NA,NA,NA,-1.298984456,36.8069776
342,rachuonyo,atandi,kenya,2009-11-17,0.719277934810693,4,0,NA,NA,NA,NA,NA,-1.298984456,36.8069776
343,rachuonyo,atandi,kenya,2009-11-17,-1.3545251769424953,5,2,1,hh,national,24,1,-1.298984456,36.8069776
343,rachuonyo,atandi,kenya,2009-11-17,-1.3545251769424953,5,2,1,hh,national,24,NA,-1.298984456,36.8069776
344,rachuonyo,nyabola,kenya,2009-11-17,2.669226463436545,3,0,NA,NA,NA,NA,NA,-0.425136583,34.68950586
345,rachuonyo,nyabola,kenya,2009-11-17,2.669226463436545,3,0,NA,NA,NA,NA,NA,-0.425136583,34.68950586
346,rachuonyo,nyabola,kenya,2009-11-17,1.5901492112956912,8,0,NA,NA,NA,NA,NA,-0.425136583,34.68950586
347,rachuonyo,nyabola,kenya,2009-11-17,2.6892794117009218,4,0,1,non-hh,national,NA,1,-0.425136583,34.68950586
348,rachuonyo,nyabola,kenya,2009-11-17,1.701610585267956,7,0,NA,NA,NA,NA,NA,-0.425136583,34.68950586
349,rachuonyo,nyabola,kenya,2009-11-17,1.5259797768496846,8,0,NA,NA,NA,NA,NA,-0.425136583,34.68950586
350,rachuonyo,nyabola,kenya,2009-11-17,2.2133310085979643,7,0,NA,NA,NA,NA,NA,-0.425136583,34.68950586
351,rachuonyo,atandi,kenya,2009-11-17,-0.5400625228107194,5,2,1,hh,national,24,1,-1.298984456,36.8069776
351,rachuonyo,atandi,kenya,2009-11-17,-0.5400625228107194,5,2,1,hh,national,60,NA,-1.298984456,36.8069776
351,rachuonyo,atandi,kenya,2009-11-17,-0.5400625228107194,5,2,1,non-hh,national,NA,1,-1.298984456,36.8069776
352,rachuonyo,atandi,kenya,2009-11-18,-0.32034919388697825,6,1,NA,hh,international,36,NA,-1.298984456,36.8069776
353,rachuonyo,atandi,kenya,2009-11-18,-1.0198841919013375,1,1,1,hh,international,36,1,-1.298984456,36.8069776
354,rachuonyo,atandi,kenya,2009-11-18,1.9514387599931473,6,0,NA,NA,NA,NA,NA,-1.298984456,36.8069776
356,rachuonyo,atandi,kenya,2009-11-18,2.7093323599652988,5,0,NA,NA,NA,NA,NA,-1.298984456,36.8069776
357,rachuonyo,atandi,kenya,2009-11-18,-0.4621079596811695,9,0,NA,NA,NA,NA,NA,-1.298984456,36.8069776
358,rachuonyo,karianya,kenya,2009-11-18,0.1196905920215226,6,1,1,hh,international,12,1,-0.502554,34.73417442
359,rachuonyo,karianya,kenya,2009-11-20,1.5500433147669368,6,1,NA,hh,international,36,NA,-0.502554,34.73417442
360,rachuonyo,karianya,kenya,2009-11-20,-1.7011229038568088,3,1,1,hh,international,48,1,-0.502554,34.73417442
361,rachuonyo,karianya,kenya,2009-11-18,3.073151606540311,4,1,1,hh,national,66,1,-0.502554,34.73417442
362,rachuonyo,karianya,kenya,2009-11-18,3.1433369254656305,5,1,1,hh,national,30,NA,-0.502554,34.73417442
362,rachuonyo,karianya,kenya,2009-11-18,3.1433369254656305,5,1,1,non-hh,national,NA,1,-0.502554,34.73417442
363,rachuonyo,karianya,kenya,2009-11-18,2.669226463436545,3,2,NA,hh,national,96,NA,-0.502554,34.73417442
363,rachuonyo,karianya,kenya,2009-11-18,2.669226463436545,3,2,NA,hh,national,24,NA,-0.502554,34.73417442
364,rachuonyo,nyabola,kenya,2009-11-18,3.113257503069065,6,1,1,hh,national,84,1,-0.425136583,34.68950586
365,rachuonyo,nyabola,kenya,2009-11-18,3.648696968409473,7,1,NA,hh,national,120,NA,-0.425136583,34.68950586
366,rachuonyo,karianya,kenya,2009-11-18,3.8391999769210545,11,0,NA,NA,NA,NA,NA,-0.502554,34.73417442
367,rachuonyo,karianya,kenya,2009-11-18,2.9049484568535084,9,0,NA,NA,NA,NA,NA,-0.502554,34.73417442
368,rachuonyo,karianya,kenya,2009-11-18,3.4576286181785636,5,0,1,non-hh,national,NA,1,-0.502554,34.73417442
369,rachuonyo,karianya,kenya,2009-11-18,3.3582694969099207,5,0,1,non-hh,national,NA,1,-0.502554,34.73417442
369,rachuonyo,karianya,kenya,2009-11-18,3.3582694969099207,5,0,1,non-hh,national,NA,1,-0.502554,34.73417442
369,rachuonyo,karianya,kenya,2009-11-18,3.3582694969099207,5,0,1,non-hh,,NA,1,-0.502554,34.73417442
370,rachuonyo,karianya,kenya,2009-11-18,3.173416347862196,6,0,NA,NA,NA,NA,NA,-0.502554,34.73417442
371,rachuonyo,karianya,kenya,2009-11-18,1.319774688060516,7,0,NA,NA,NA,NA,NA,-0.502554,34.73417442
372,rachuonyo,ayuang,kenya,2009-11-20,3.667844296620608,2,4,NA,hh,international,60,NA,-0.495313912,34.73284732
372,rachuonyo,ayuang,kenya,2009-11-20,3.667844296620608,2,4,NA,hh,international,60,NA,-0.495313912,34.73284732
372,rachuonyo,ayuang,kenya,2009-11-20,3.667844296620608,2,4,NA,hh,international,60,NA,-0.495313912,34.73284732
372,rachuonyo,ayuang,kenya,2009-11-20,3.667844296620608,2,4,NA,hh,international,60,NA,-0.495313912,34.73284732
373,rachuonyo,ayuang,kenya,2009-11-20,3.113257503069065,4,2,1,hh,national,84,NA,-0.495313912,34.73284732
373,rachuonyo,ayuang,kenya,2009-11-20,3.113257503069065,4,2,1,hh,international,NA,NA,-0.495313912,34.73284732
373,rachuonyo,ayuang,kenya,2009-11-20,3.113257503069065,4,2,1,non-hh,national,NA,1,-0.495313912,34.73284732
374,rachuonyo,ayuang,kenya,2009-11-19,3.212616624337708,6,1,1,hh,international,60,1,-0.495313912,34.73284732
375,rachuonyo,ayuang,kenya,2009-11-19,0.2705303913452522,4,6,1,hh,national,96,NA,-0.495313912,34.73284732
375,rachuonyo,ayuang,kenya,2009-11-19,0.2705303913452522,4,6,1,hh,national,48,1,-0.495313912,34.73284732
375,rachuonyo,ayuang,kenya,2009-11-19,0.2705303913452522,4,6,1,hh,national,84,1,-0.495313912,34.73284732
375,rachuonyo,ayuang,kenya,2009-11-19,0.2705303913452522,4,6,1,hh,international,84,1,-0.495313912,34.73284732
375,rachuonyo,ayuang,kenya,2009-11-19,0.2705303913452522,4,6,1,hh,international,48,NA,-0.495313912,34.73284732
375,rachuonyo,ayuang,kenya,2009-11-19,0.2705303913452522,4,6,1,hh,international,36,NA,-0.495313912,34.73284732
376,rachuonyo,ayuang,kenya,2009-11-19,-0.7709469366515029,2,3,1,hh,international,96,1,-0.495313912,34.73284732
376,rachuonyo,ayuang,kenya,2009-11-19,-0.7709469366515029,2,3,1,hh,international,24,1,-0.495313912,34.73284732
376,rachuonyo,ayuang,kenya,2009-11-19,-0.7709469366515029,2,3,1,hh,international,60,1,-0.495313912,34.73284732
377,rachuonyo,ayuang,kenya,2009-11-10,1.7950553086077932,5,1,1,hh,international,108,NA,-0.495313912,34.73284732
377,rachuonyo,ayuang,kenya,2009-11-10,1.7950553086077932,5,1,1,non-hh,national,NA,1,-0.495313912,34.73284732
378,rachuonyo,ayuang,kenya,2009-11-19,1.259615843267385,4,6,1,hh,international,36,1,-0.495313912,34.73284732
378,rachuonyo,ayuang,kenya,2009-11-19,1.259615843267385,4,6,1,hh,national,240,NA,-0.495313912,34.73284732
378,rachuonyo,ayuang,kenya,2009-11-19,1.259615843267385,4,6,1,hh,national,60,NA,-0.495313912,34.73284732
378,rachuonyo,ayuang,kenya,2009-11-19,1.259615843267385,4,6,1,hh,national,36,NA,-0.495313912,34.73284732
378,rachuonyo,ayuang,kenya,2009-11-19,1.259615843267385,4,6,1,hh,national,24,NA,-0.495313912,34.73284732
378,rachuonyo,ayuang,kenya,2009-11-19,1.259615843267385,4,6,1,hh,national,120,NA,-0.495313912,34.73284732
378,rachuonyo,ayuang,kenya,2009-11-19,1.259615843267385,4,6,1,non-hh,national,NA,1,-0.495313912,34.73284732
379,rachuonyo,ayuang,kenya,2009-11-19,1.299721739796139,6,5,1,hh,international,120,1,-0.495313912,34.73284732
379,rachuonyo,ayuang,kenya,2009-11-19,1.299721739796139,6,5,1,hh,international,108,NA,-0.495313912,34.73284732
379,rachuonyo,ayuang,kenya,2009-11-19,1.299721739796139,6,5,1,hh,international,108,NA,-0.495313912,34.73284732
379,rachuonyo,ayuang,kenya,2009-11-19,1.299721739796139,6,5,1,hh,international,108,NA,-0.495313912,34.73284732
379,rachuonyo,ayuang,kenya,2009-11-19,1.299721739796139,6,5,1,hh,international,108,NA,-0.495313912,34.73284732
379,rachuonyo,ayuang,kenya,2009-11-19,1.299721739796139,6,5,1,non-hh,international,NA,1,-0.495313912,34.73284732
380,rachuonyo,ayuang,kenya,2009-11-19,-0.08551184935442702,9,3,1,hh,national,17,1,-0.495313912,34.73284732
380,rachuonyo,ayuang,kenya,2009-11-19,-0.08551184935442702,9,3,1,hh,national,24,NA,-0.495313912,34.73284732
380,rachuonyo,ayuang,kenya,2009-11-19,-0.08551184935442702,9,3,1,hh,international,NA,NA,-0.495313912,34.73284732
381,rachuonyo,ayuang,kenya,2009-11-20,-1.3757963417014045,3,1,1,hh,international,36,1,-0.495313912,34.73284732
382,rachuonyo,ayuang,kenya,2009-11-20,1.7627875523476837,4,0,NA,NA,NA,NA,NA,-0.495313912,34.73284732
383,rachuonyo,ayuang,kenya,2009-11-20,3.272775469130839,6,0,NA,NA,NA,NA,NA,-0.495313912,34.73284732
384,rachuonyo,ayuang,kenya,2009-11-20,3.082391713759599,8,0,1,non-hh,national,NA,1,-0.495313912,34.73284732
385,rachuonyo,ayuang,kenya,2009-11-19,3.6979237190171736,3,0,NA,NA,NA,NA,NA,-0.495313912,34.73284732
386,rachuonyo,ayuang,kenya,2009-11-20,0.20919238550292374,5,0,1,non-hh,national,NA,1,-0.495313912,34.73284732
387,rachuonyo,ayuang,kenya,2009-11-20,1.4138995470694913,9,0,NA,NA,NA,NA,NA,-0.495313912,34.73284732
388,rachuonyo,ayuang,kenya,2009-11-20,2.26155674703242,6,0,1,non-hh,national,NA,1,-0.495313912,34.73284732
389,rachuonyo,ayuang,kenya,2009-11-20,3.133310451333442,7,1,1,hh,national,48,1,-0.495313912,34.73284732
390,rachuonyo,ayuang,kenya,2009-11-20,3.293734037448458,5,1,1,hh,national,72,1,-0.495313912,34.73284732
400,rachuonyo,ayuang,kenya,2009-11-19,0.8734655777096763,7,5,1,hh,national,120,1,-0.495313912,34.73284732
400,rachuonyo,ayuang,kenya,2009-11-19,0.8734655777096763,7,5,1,hh,national,96,1,-0.495313912,34.73284732
400,rachuonyo,ayuang,kenya,2009-11-19,0.8734655777096763,7,5,1,hh,national,48,NA,-0.495313912,34.73284732
400,rachuonyo,ayuang,kenya,2009-11-19,0.8734655777096763,7,5,1,hh,national,24,NA,-0.495313912,34.73284732
400,rachuonyo,ayuang,kenya,2009-11-19,0.8734655777096763,7,5,1,hh,national,24,NA,-0.495313912,34.73284732
401,rachuonyo,ayuang,kenya,2009-11-19,3.6286440201450962,6,2,1,hh,national,96,1,-0.495313912,34.73284732
401,rachuonyo,ayuang,kenya,2009-11-19,3.6286440201450962,6,2,1,hh,national,12,NA,-0.495313912,34.73284732
402,rachuonyo,ayuang,kenya,2009-11-19,3.5684851753519653,3,2,1,hh,national,99,1,-0.495313912,34.73284732
402,rachuonyo,ayuang,kenya,2009-11-19,3.5684851753519653,3,2,1,hh,national,NA,NA,-0.495313912,34.73284732
403,rachuonyo,ayuang,kenya,2009-11-19,3.687897244884985,4,3,1,hh,national,24,NA,-0.495313912,34.73284732
403,rachuonyo,ayuang,kenya,2009-11-19,3.687897244884985,4,3,1,hh,national,12,NA,-0.495313912,34.73284732
403,rachuonyo,ayuang,kenya,2009-11-19,3.687897244884985,4,3,1,hh,national,96,NA,-0.495313912,34.73284732
403,rachuonyo,ayuang,kenya,2009-11-19,3.687897244884985,4,3,1,non-hh,national,NA,1,-0.495313912,34.73284732
404,rachuonyo,ayuang,kenya,2009-11-18,3.447602144046375,3,1,1,hh,national,108,1,-0.495313912,34.73284732
404,rachuonyo,ayuang,kenya,2009-11-18,3.447602144046375,3,1,1,non-hh,national,NA,1,-0.495313912,34.73284732
405,rachuonyo,karianya,kenya,2009-11-18,3.3983753934386756,7,1,1,hh,national,8,1,-0.502554,34.73417442
406,rachuonyo,karianya,kenya,2009-11-18,-1.1717730613746524,6,1,1,hh,international,108,1,-0.502554,34.73417442
407,rachuonyo,karianya,kenya,2009-11-18,-2.287086822575451,3,1,1,hh,international,22,NA,-0.502554,34.73417442
407,rachuonyo,karianya,kenya,2009-11-18,-2.287086822575451,3,1,1,non-hh,international,NA,1,-0.502554,34.73417442
408,nakuru,morop,kenya,2009-11-10,1.4068064991000717,6,1,NA,hh,national,60,NA,-0.110336674,35.94205931
409,nakuru,morop,kenya,2009-11-12,2.1715692554600996,2,1,1,hh,national,48,1,-0.110336674,35.94205931
410,nakuru,morop,kenya,2009-11-12,1.3466476543069406,5,1,1,hh,national,84,1,-0.110336674,35.94205931
411,nakuru,london,kenya,2009-11-10,-3.0900108674401845,4,2,1,hh,national,156,1,-0.275922368,36.07027959
411,nakuru,london,kenya,2009-11-10,-3.0900108674401845,4,2,1,hh,national,156,1,-0.275922368,36.07027959
412,nakuru,london,kenya,2009-11-10,-0.7381062846783657,1,1,NA,hh,national,9,NA,-0.275922368,36.07027959
413,nakuru,london,kenya,2009-11-12,-1.7251864417740612,1,3,NA,hh,national,58,NA,-0.275922368,36.07027959
413,nakuru,london,kenya,2009-11-12,-1.7251864417740612,1,3,NA,hh,national,58,NA,-0.275922368,36.07027959
413,nakuru,london,kenya,2009-11-12,-1.7251864417740612,1,3,NA,hh,national,58,NA,-0.275922368,36.07027959
414,nakuru,london,kenya,2009-11-12,-3.12009028983675,1,4,NA,hh,national,64,NA,-0.275922368,36.07027959
414,nakuru,london,kenya,2009-11-12,-3.12009028983675,1,4,NA,hh,national,64,NA,-0.275922368,36.07027959
414,nakuru,london,kenya,2009-11-12,-3.12009028983675,1,4,NA,hh,national,64,NA,-0.275922368,36.07027959
414,nakuru,london,kenya,2009-11-12,-3.12009028983675,1,4,NA,hh,national,64,NA,-0.275922368,36.07027959
415,nakuru,london,kenya,2009-11-14,-2.711661397388524,2,4,NA,hh,national,360,NA,-0.275922368,36.07027959
415,nakuru,london,kenya,2009-11-14,-2.711661397388524,2,4,NA,hh,national,148,NA,-0.275922368,36.07027959
415,nakuru,london,kenya,2009-11-14,-2.711661397388524,2,4,NA,hh,national,24,NA,-0.275922368,36.07027959
415,nakuru,london,kenya,2009-11-14,-2.711661397388524,2,4,NA,hh,national,12,NA,-0.275922368,36.07027959
416,nakuru,london,kenya,2009-11-10,-3.054918207977525,5,2,NA,hh,national,36,NA,-0.275922368,36.07027959
416,nakuru,london,kenya,2009-11-10,-3.054918207977525,5,2,NA,hh,national,36,NA,-0.275922368,36.07027959
418,nakuru,plant breeding,kenya,2009-11-12,-0.3253811639997599,2,1,NA,hh,national,46,NA,-0.275922368,36.07027959
419,nakuru,plant breeding,kenya,2009-11-14,-1.047078034651869,1,2,NA,hh,national,70,NA,-0.275922368,36.07027959
419,nakuru,plant breeding,kenya,2009-11-14,-1.047078034651869,1,2,NA,hh,national,34,NA,-0.275922368,36.07027959
420,nakuru,plant breeding,kenya,2009-11-14,-1.7256544643486091,2,1,NA,hh,national,24,NA,-0.275922368,36.07027959
421,rachuonyo,karianya,kenya,2009-11-18,2.5711315467431066,7,0,NA,NA,NA,NA,NA,-0.502554,34.73417442
422,nakuru,plant breeding,kenya,2009-11-14,-1.6654956195554782,3,3,1,hh,national,70,1,-0.275922368,36.07027959
422,nakuru,plant breeding,kenya,2009-11-14,-1.6654956195554782,3,3,1,hh,national,43,1,-0.275922368,36.07027959
422,nakuru,plant breeding,kenya,2009-11-14,-1.6654956195554782,3,3,1,hh,national,29,NA,-0.275922368,36.07027959
423,nakuru,plant breeding,kenya,2009-11-14,-1.78581330914174,1,1,NA,hh,national,10,NA,-0.275922368,36.07027959
424,nakuru,plant breeding,kenya,2009-11-14,-0.2861808875242482,3,1,1,hh,national,24,1,-0.275922368,36.07027959
425,nakuru,plant breeding,kenya,2009-11-14,-2.1297324888100437,6,1,NA,hh,national,24,NA,-0.275922368,36.07027959
426,nakuru,ngondu,kenya,2009-11-14,-2.45962099828078,3,3,1,hh,national,36,1,-0.369182194,35.94336408
426,nakuru,ngondu,kenya,2009-11-14,-2.45962099828078,3,3,1,hh,national,48,1,-0.369182194,35.94336408
426,nakuru,ngondu,kenya,2009-11-14,-2.45962099828078,3,3,1,hh,national,12,NA,-0.369182194,35.94336408
427,nakuru,ngondu,kenya,2009-11-11,0.24493468030299015,2,2,1,hh,national,120,1,-0.369182194,35.94336408
427,nakuru,ngondu,kenya,2009-11-11,0.24493468030299015,2,2,1,hh,national,180,1,-0.369182194,35.94336408
428,nakuru,ngondu,kenya,2009-11-12,2.8276177842515033,1,4,NA,hh,national,348,NA,-0.369182194,35.94336408
428,nakuru,ngondu,kenya,2009-11-12,2.8276177842515033,1,4,NA,hh,national,36,NA,-0.369182194,35.94336408
428,nakuru,ngondu,kenya,2009-11-12,2.8276177842515033,1,4,NA,hh,national,120,NA,-0.369182194,35.94336408
428,nakuru,ngondu,kenya,2009-11-12,2.8276177842515033,1,4,NA,hh,national,120,NA,-0.369182194,35.94336408
429,nakuru,morop,kenya,2009-11-13,2.8497029978159376,4,1,1,hh,national,24,1,-0.110336674,35.94205931
430,nakuru,morop,kenya,2009-11-10,0.47902818060004365,2,1,1,hh,national,48,1,-0.110336674,35.94205931
431,nakuru,plant breeding,kenya,2009-11-14,-0.08474578482723594,6,0,NA,NA,NA,NA,NA,-0.275922368,36.07027959
432,nakuru,plant breeding,kenya,2009-11-14,-0.746283810686214,6,0,NA,NA,NA,NA,NA,-0.275922368,36.07027959
433,nakuru,london,kenya,2009-11-10,-2.6635343215540197,6,0,NA,NA,NA,NA,NA,-0.275922368,36.07027959
434,nakuru,london,kenya,2009-11-10,-2.9906517461715416,4,0,NA,NA,NA,NA,NA,-0.275922368,36.07027959
435,nakuru,london,kenya,2009-11-10,-3.0699579191758075,5,0,NA,NA,NA,NA,NA,-0.275922368,36.07027959
436,nakuru,london,kenya,2009-11-10,-0.7080268622818002,2,0,NA,NA,NA,NA,NA,-0.275922368,36.07027959
437,nakuru,london,kenya,2009-11-10,-1.139314994481045,3,0,NA,NA,NA,NA,NA,-0.275922368,36.07027959
438,nakuru,ngondu,kenya,2009-11-12,3.152457779544577,2,0,NA,NA,NA,NA,NA,-0.369182194,35.94336408
439,nakuru,ngondu,kenya,2009-11-12,1.410398140477884,1,0,NA,NA,NA,NA,NA,-0.369182194,35.94336408
440,nakuru,ngondu,kenya,2009-11-13,1.3631826840014112,4,0,NA,NA,NA,NA,NA,-0.369182194,35.94336408
441,nakuru,ngondu,kenya,2009-11-13,-0.19594262033455156,5,0,NA,NA,NA,NA,NA,-0.369182194,35.94336408
442,nakuru,ngondu,kenya,2009-11-12,0.19912620715521756,1,0,NA,NA,NA,NA,NA,-0.369182194,35.94336408
443,nakuru,ngondu,kenya,2009-11-11,-0.2861808875242482,2,0,NA,NA,NA,NA,NA,-0.369182194,35.94336408
444,nakuru,ngondu,kenya,2009-11-13,1.2228120461507723,5,0,NA,NA,NA,NA,NA,-0.369182194,35.94336408
445,nakuru,plant breeding,kenya,2009-11-14,-0.3253811639997599,2,0,NA,NA,NA,NA,NA,-0.275922368,36.07027959
446,nakuru,plant breeding,kenya,2009-11-14,-0.2861808875242482,1,0,1,non-hh,national,NA,1,-0.275922368,36.07027959
447,nakuru,morop,kenya,2009-11-10,-1.8158927315383055,1,0,NA,NA,NA,NA,NA,-0.110336674,35.94205931
448,nakuru,plant breeding,kenya,2009-11-14,-1.78581330914174,1,0,NA,NA,NA,NA,NA,-0.275922368,36.07027959
449,nakuru,morop,kenya,2009-11-10,-1.0988500865716886,11,0,NA,NA,NA,NA,NA,-0.110336674,35.94205931
450,nakuru,morop,kenya,2009-11-11,1.4068064991000717,6,1,1,hh,national,8,1,-0.110336674,35.94205931
451,nakuru,morop,kenya,2009-11-11,2.6740899559874998,8,1,1,hh,national,24,1,-0.110336674,35.94205931
452,nakuru,london,kenya,2009-11-10,-1.7209589302269959,5,0,NA,NA,NA,NA,NA,-0.275922368,36.07027959
453,nakuru,plant breeding,kenya,2009-11-14,-2.412797403676113,4,1,NA,hh,international,27,NA,-0.275922368,36.07027959
454,nakuru,plant breeding,kenya,2009-11-14,-2.877917638412336,6,1,NA,hh,international,48,NA,-0.275922368,36.07027959
455,nakuru,plant breeding,kenya,2009-11-14,-3.11855301758486,4,1,NA,hh,international,22,NA,-0.275922368,36.07027959
456,nakuru,plant breeding,kenya,2009-11-14,-0.9700945676337192,4,4,NA,hh,national,219,NA,-0.275922368,36.07027959
456,nakuru,plant breeding,kenya,2009-11-14,-0.9700945676337192,4,4,NA,hh,international,63,NA,-0.275922368,36.07027959
456,nakuru,plant breeding,kenya,2009-11-14,-0.9700945676337192,4,4,NA,hh,national,NA,NA,-0.275922368,36.07027959
456,nakuru,plant breeding,kenya,2009-11-14,-0.9700945676337192,4,4,NA,hh,national,NA,NA,-0.275922368,36.07027959
457,nakuru,plant breeding,kenya,2009-11-14,-2.1898913336031747,5,1,1,hh,international,14,NA,-0.275922368,36.07027959
457,nakuru,plant breeding,kenya,2009-11-14,-2.1898913336031747,5,1,1,non-hh,national,NA,1,-0.275922368,36.07027959
458,nakuru,london,kenya,2009-11-10,-2.928390287407193,5,1,1,hh,international,74,1,-0.275922368,36.07027959
459,nakuru,london,kenya,2009-11-10,-3.054918207977525,5,1,1,hh,international,72,1,-0.275922368,36.07027959
460,nakuru,london,kenya,2009-11-10,-3.1043344019147394,3,2,NA,hh,international,36,NA,-0.275922368,36.07027959
460,nakuru,london,kenya,2009-11-10,-3.1043344019147394,3,2,NA,hh,international,24,NA,-0.275922368,36.07027959
461,nakuru,section 58,kenya,2009-11-14,-3.19685683496071,7,0,NA,NA,NA,NA,NA,-0.283812727,36.09431466
462,nakuru,section 58,kenya,2009-11-11,-2.9826305668657906,4,3,1,hh,international,48,NA,-0.283812727,36.09431466
462,nakuru,section 58,kenya,2009-11-11,-2.9826305668657906,4,3,1,hh,international,48,1,-0.283812727,36.09431466
462,nakuru,section 58,kenya,2009-11-11,-2.9826305668657906,4,3,1,hh,international,48,1,-0.283812727,36.09431466
463,nakuru,section 58,kenya,2009-11-13,-2.9705987979071646,5,2,1,hh,international,120,1,-0.283812727,36.09431466
463,nakuru,section 58,kenya,2009-11-13,-2.9705987979071646,5,2,1,hh,international,120,1,-0.283812727,36.09431466
464,nakuru,section 58,kenya,2009-11-10,-2.3718745470051616,7,1,1,hh,international,108,1,-0.283812727,36.09431466
465,nakuru,section 58,kenya,2009-11-12,-2.3619807011490837,2,1,1,hh,international,84,1,-0.283812727,36.09431466
466,nakuru,section 58,kenya,2009-11-13,-2.9963811599613632,4,3,1,hh,national,24,1,-0.283812727,36.09431466
466,nakuru,section 58,kenya,2009-11-13,-2.9963811599613632,4,3,1,hh,national,24,NA,-0.283812727,36.09431466
466,nakuru,section 58,kenya,2009-11-13,-2.9963811599613632,4,3,1,hh,international,60,NA,-0.283812727,36.09431466
467,nakuru,section 58,kenya,2009-11-11,-3.649200562837551,4,2,NA,hh,international,24,NA,-0.283812727,36.09431466
467,nakuru,section 58,kenya,2009-11-11,-3.649200562837551,4,2,NA,hh,national,6,NA,-0.283812727,36.09431466
468,nakuru,morop,kenya,2009-11-10,1.4068064991000717,6,1,NA,hh,national,60,NA,-0.110336674,35.94205931
469,nakuru,section 58,kenya,2009-11-11,-2.9826305668657906,4,3,1,hh,international,264,1,-0.283812727,36.09431466
469,nakuru,section 58,kenya,2009-11-11,-2.9826305668657906,4,3,1,hh,national,12,NA,-0.283812727,36.09431466
469,nakuru,section 58,kenya,2009-11-11,-2.9826305668657906,4,3,1,hh,national,12,NA,-0.283812727,36.09431466
470,nairobi,kileleshwa,kenya,2009-11-24,-2.928390287407193,4,0,NA,NA,NA,NA,NA,-1.277725066,36.79054034
471,nairobi,kileleshwa,kenya,2009-11-24,-3.784654990982072,1,0,NA,NA,NA,NA,NA,-1.277725066,36.79054034
472,nairobi,kileleshwa,kenya,2009-11-23,-3.511988702230968,4,1,NA,hh,international,180,NA,-1.277725066,36.79054034
473,nairobi,kileleshwa,kenya,2009-11-24,-3.7726232220234457,2,2,1,hh,international,60,NA,-1.277725066,36.79054034
473,nairobi,kileleshwa,kenya,2009-11-24,-3.7726232220234457,2,2,1,hh,international,60,NA,-1.277725066,36.79054034
473,nairobi,kileleshwa,kenya,2009-11-24,-3.7726232220234457,2,2,1,non-hh,international,NA,1,-1.277725066,36.79054034
474,nairobi,kileleshwa,kenya,2009-11-24,-3.7537161565170334,5,1,1,hh,international,120,1,-1.277725066,36.79054034
475,nairobi,kileleshwa,kenya,2009-11-23,-3.776633811676321,1,4,NA,hh,international,180,NA,-1.277725066,36.79054034
475,nairobi,kileleshwa,kenya,2009-11-23,-3.776633811676321,1,4,NA,hh,international,120,NA,-1.277725066,36.79054034
475,nairobi,kileleshwa,kenya,2009-11-23,-3.776633811676321,1,4,NA,hh,international,132,NA,-1.277725066,36.79054034
475,nairobi,kileleshwa,kenya,2009-11-23,-3.776633811676321,1,4,NA,hh,international,84,NA,-1.277725066,36.79054034
476,nairobi,kileleshwa,kenya,2009-11-24,-2.6165338909663305,1,0,NA,NA,NA,NA,NA,-1.277725066,36.79054034
477,nairobi,kileleshwa,kenya,2009-11-23,-3.756580863411944,2,1,NA,hh,international,60,NA,-1.277725066,36.79054034
478,nairobi,kileleshwa,kenya,2009-11-23,-3.127479816943853,1,1,1,hh,international,84,1,-1.277725066,36.79054034
479,nairobi,kileleshwa,kenya,2009-11-23,-3.673264100754803,2,1,NA,hh,international,24,NA,-1.277725066,36.79054034
480,nairobi,kileleshwa,kenya,2009-11-23,-3.3868472189081262,5,1,NA,hh,international,24,NA,-1.277725066,36.79054034
481,nairobi,kileleshwa,kenya,2009-11-23,-3.100037341572373,1,0,NA,NA,NA,NA,NA,-1.277725066,36.79054034
482,nairobi,kileleshwa,kenya,2009-11-23,-3.486206340176769,3,0,NA,NA,NA,NA,NA,-1.277725066,36.79054034
484,machakos,makadara,kenya,2009-12-11,-3.1808144763492083,5,1,NA,hh,international,16,NA,-1.296292895,36.87271104
485,machakos,makadara,kenya,2009-11-12,-1.5661364982868353,3,2,NA,hh,international,57,NA,-1.296292895,36.87271104
485,machakos,makadara,kenya,2009-11-12,-1.5661364982868353,3,2,NA,hh,international,25,NA,-1.296292895,36.87271104
486,machakos,makadara,kenya,2009-11-12,1.0899171993677528,6,0,NA,NA,NA,NA,NA,-1.296292895,36.87271104
487,machakos,makadara,kenya,2009-11-12,-1.7256544643486091,4,0,NA,NA,NA,NA,NA,-1.296292895,36.87271104
488,machakos,makadara,kenya,2009-11-12,-1.765760360877363,4,0,NA,NA,NA,NA,NA,-1.296292895,36.87271104
489,machakos,makadara,kenya,2009-11-12,-0.8013130551244179,2,0,NA,NA,NA,NA,NA,-1.296292895,36.87271104
490,machakos,makadara,kenya,2009-11-12,-2.0206871717431274,2,0,NA,NA,NA,NA,NA,-1.296292895,36.87271104
491,machakos,makadara,kenya,2009-11-12,-1.3158149233160372,3,0,NA,NA,NA,NA,NA,-1.296292895,36.87271104
492,machakos,makadara,kenya,2009-11-12,1.2655302411961906,2,0,NA,NA,NA,NA,NA,-1.296292895,36.87271104
493,machakos,makadara,kenya,2009-11-12,0.5388014004313,1,0,NA,NA,NA,NA,NA,-1.296292895,36.87271104
494,thika,mabanda,kenya,2009-11-18,-0.7788061253879113,8,2,1,hh,national,36,1,-1.041188884,37.0787284
494,thika,mabanda,kenya,2009-11-18,-0.7788061253879113,8,2,1,hh,national,43,NA,-1.041188884,37.0787284
495,thika,mabanda,kenya,2009-11-18,1.1060122751344168,4,1,NA,hh,national,183,NA,-1.041188884,37.0787284
496,thika,mabanda,kenya,2009-11-18,1.1962505423241132,5,1,1,hh,national,60,1,-1.041188884,37.0787284
497,thika,muirini,kenya,2009-11-21,-0.6111503249467511,1,1,NA,hh,national,122,NA,-0.923809304,37.00615886
498,thika,githuguchu,kenya,2009-11-19,-1.0399371401657145,4,1,NA,hh,national,24,NA,-1.016283022,36.91457325
499,thika,githuguchu,kenya,2009-11-19,-1.1392962614343574,2,1,1,hh,international,38,1,-1.016283022,36.91457325
500,thika,githuguchu,kenya,2009-11-19,-0.3404021421513552,5,5,1,hh,national,12,1,-1.016283022,36.91457325
500,thika,githuguchu,kenya,2009-11-19,-0.3404021421513552,5,5,1,hh,national,48,NA,-1.016283022,36.91457325
500,thika,githuguchu,kenya,2009-11-19,-0.3404021421513552,5,5,1,hh,national,48,1,-1.016283022,36.91457325
500,thika,githuguchu,kenya,2009-11-19,-0.3404021421513552,5,5,1,hh,national,48,NA,-1.016283022,36.91457325
500,thika,githuguchu,kenya,2009-11-19,-0.3404021421513552,5,5,1,hh,national,24,NA,-1.016283022,36.91457325
501,nakuru,section 58,kenya,2009-11-12,-2.4827664133098937,1,8,1,hh,international,300,1,-0.283812727,36.09431466
501,nakuru,section 58,kenya,2009-11-12,-2.4827664133098937,1,8,1,hh,international,96,1,-0.283812727,36.09431466
501,nakuru,section 58,kenya,2009-11-12,-2.4827664133098937,1,8,1,hh,international,168,1,-0.283812727,36.09431466
501,nakuru,section 58,kenya,2009-11-12,-2.4827664133098937,1,8,1,hh,international,168,1,-0.283812727,36.09431466
501,nakuru,section 58,kenya,2009-11-12,-2.4827664133098937,1,8,1,hh,international,96,1,-0.283812727,36.09431466
501,nakuru,section 58,kenya,2009-11-12,-2.4827664133098937,1,8,1,hh,national,36,1,-0.283812727,36.09431466
501,nakuru,section 58,kenya,2009-11-12,-2.4827664133098937,1,8,1,hh,national,60,1,-0.283812727,36.09431466
501,nakuru,section 58,kenya,2009-11-12,-2.4827664133098937,1,8,1,hh,national,24,NA,-0.283812727,36.09431466
502,nakuru,section 58,kenya,2009-11-10,-3.3868472189081262,3,7,1,hh,national,12,NA,-0.283812727,36.09431466
502,nakuru,section 58,kenya,2009-11-10,-3.3868472189081262,3,7,1,hh,national,8,NA,-0.283812727,36.09431466
502,nakuru,section 58,kenya,2009-11-10,-3.3868472189081262,3,7,1,hh,national,336,1,-0.283812727,36.09431466
502,nakuru,section 58,kenya,2009-11-10,-3.3868472189081262,3,7,1,hh,national,342,NA,-0.283812727,36.09431466
502,nakuru,section 58,kenya,2009-11-10,-3.3868472189081262,3,7,1,hh,national,78,1,-0.283812727,36.09431466
502,nakuru,section 58,kenya,2009-11-10,-3.3868472189081262,3,7,1,hh,national,NA,1,-0.283812727,36.09431466
502,nakuru,section 58,kenya,2009-11-10,-3.3868472189081262,3,7,1,hh,national,NA,1,-0.283812727,36.09431466
503,nakuru,section 58,kenya,2009-11-11,-1.0549955844106849,1,0,NA,NA,NA,NA,NA,-0.283812727,36.09431466
504,nakuru,section 58,kenya,2009-11-11,-0.16985445166200536,3,0,NA,NA,NA,NA,NA,-0.283812727,36.09431466
505,nakuru,section 58,kenya,2009-11-15,-0.1397750292654399,2,0,NA,NA,NA,NA,NA,-0.283812727,36.09431466
506,nairobi,kileleshwa,kenya,2009-11-23,-3.5223016470526476,2,0,NA,NA,NA,NA,NA,-1.277725066,36.79054034
507,garissa,kamour,kenya,2009-11-15,2.353242783757468,8,2,NA,hh,national,22,NA,-0.448509961,39.65421677
507,garissa,kamour,kenya,2009-11-15,2.353242783757468,8,2,NA,hh,national,34,NA,-0.448509961,39.65421677
508,garissa,kamour,kenya,2009-11-15,-1.0390315201124725,7,1,1,hh,national,82,1,-0.448509961,39.65421677
509,garissa,kamour,kenya,2009-11-15,2.7694912047584297,8,2,NA,hh,national,34,NA,-0.448509961,39.65421677
509,garissa,kamour,kenya,2009-11-15,2.7694912047584297,8,2,NA,hh,,22,NA,-0.448509961,39.65421677
510,garissa,kamour,kenya,2009-11-14,-2.2836768837732335,4,2,1,hh,international,58,1,-0.448509961,39.65421677
510,garissa,kamour,kenya,2009-11-14,-2.2836768837732335,4,2,1,hh,,22,NA,-0.448509961,39.65421677
511,garissa,kamour,kenya,2009-11-14,2.7694912047584297,8,1,NA,hh,international,34,NA,-0.448509961,39.65421677
512,garissa,hidaya,kenya,2009-11-10,-0.28939753266347695,8,1,NA,hh,international,58,NA,-0.448244644,39.65445633
513,garissa,hidaya,kenya,2009-11-10,0.709816802397832,4,1,1,hh,international,226,1,-0.448244644,39.65445633
514,garissa,hidaya,kenya,2009-11-13,-1.5505314453692247,3,1,1,hh,international,57,1,-0.448244644,39.65445633
515,garissa,hidaya,kenya,2009-11-13,-2.29570865273186,4,1,1,hh,international,58,1,-0.448244644,39.65445633
516,garissa,hidaya,kenya,2009-11-11,0.46663612191318865,1,2,NA,hh,national,106,NA,-0.448244644,39.65445633
516,garissa,hidaya,kenya,2009-11-11,0.46663612191318865,1,2,NA,hh,national,34,NA,-0.448244644,39.65445633
517,garissa,hidaya,kenya,2009-11-11,0.46663612191318865,1,3,NA,hh,national,19,NA,-0.448244644,39.65445633
517,garissa,hidaya,kenya,2009-11-11,0.46663612191318865,1,3,NA,hh,national,84,NA,-0.448244644,39.65445633
517,garissa,hidaya,kenya,2009-11-11,0.46663612191318865,1,3,NA,hh,national,NA,NA,-0.448244644,39.65445633
518,garissa,hidaya,kenya,2009-11-11,0.46663612191318865,1,2,NA,hh,national,131,NA,-0.448244644,39.65445633
518,garissa,hidaya,kenya,2009-11-11,0.46663612191318865,1,2,NA,hh,national,35,NA,-0.448244644,39.65445633
519,garissa,hidaya,kenya,2009-11-11,0.709816802397832,4,2,1,hh,national,34,1,-0.448244644,39.65445633
519,garissa,hidaya,kenya,2009-11-11,0.709816802397832,4,2,1,hh,national,22,NA,-0.448244644,39.65445633
520,garissa,town centre,kenya,2009-11-08,-2.268637172574951,5,2,1,hh,national,175,1,-0.448509961,39.65421677
520,garissa,town centre,kenya,2009-11-08,-2.268637172574951,5,2,1,hh,national,35,NA,-0.448509961,39.65421677
521,garissa,town centre,kenya,2009-11-09,2.2138894230673514,5,1,NA,hh,national,24,NA,-0.448509961,39.65421677
522,garissa,town centre,kenya,2009-11-08,0.7699756471909629,7,1,NA,hh,national,27,NA,-0.448509961,39.65421677
523,garissa,town centre,kenya,2009-11-09,2.293083938964337,5,1,NA,hh,national,34,NA,-0.448509961,39.65421677
524,garissa,town centre,kenya,2009-11-08,2.293083938964337,5,2,1,hh,national,30,1,-0.448509961,39.65421677
524,garissa,town centre,kenya,2009-11-08,2.293083938964337,5,2,1,hh,national,20,1,-0.448509961,39.65421677
525,garissa,kamour,kenya,2009-11-14,-2.2435709872444796,5,2,1,hh,international,58,1,-0.448509961,39.65421677
525,garissa,kamour,kenya,2009-11-14,-2.2435709872444796,5,2,1,hh,,46,1,-0.448509961,39.65421677
526,garissa,kamour,kenya,2009-11-14,2.313136887228714,4,0,NA,NA,NA,NA,NA,-0.448509961,39.65421677
527,garissa,kamour,kenya,2009-11-14,2.819623575419372,7,0,NA,NA,NA,NA,NA,-0.448509961,39.65421677
528,garissa,kamour,kenya,2009-11-14,-0.0194573396791779,4,1,NA,NA,NA,NA,NA,-0.448509961,39.65421677
529,garissa,kamour,kenya,2009-11-16,2.3432163096252796,5,0,NA,NA,NA,NA,NA,-0.448509961,39.65421677
530,garissa,kamour,kenya,2009-11-16,2.7895441530228067,9,0,NA,NA,NA,NA,NA,-0.448509961,39.65421677
531,garissa,kamour,kenya,2009-11-16,-0.07961618447230884,3,0,NA,NA,NA,NA,NA,-0.448509961,39.65421677
532,garissa,kamour,kenya,2009-11-16,0.8100815437197169,9,0,NA,NA,NA,NA,NA,-0.448509961,39.65421677
533,garissa,town centre,kenya,2009-11-08,2.252978042435583,3,2,NA,hh,national,34,NA,-0.448509961,39.65421677
533,garissa,town centre,kenya,2009-11-08,2.252978042435583,3,2,NA,hh,national,22,NA,-0.448509961,39.65421677
534,garissa,hidaya,kenya,2009-11-13,-2.313756306169799,2,3,1,hh,international,58,1,-0.448244644,39.65445633
534,garissa,hidaya,kenya,2009-11-13,-2.313756306169799,2,3,1,hh,international,34,1,-0.448244644,39.65445633
534,garissa,hidaya,kenya,2009-11-13,-2.313756306169799,2,3,1,hh,international,34,1,-0.448244644,39.65445633
535,garissa,hidaya,kenya,2009-11-12,-0.19993387405857094,1,0,NA,NA,NA,NA,NA,-0.448244644,39.65445633
536,garissa,hidaya,kenya,2009-11-10,-0.17807728172077064,1,0,NA,NA,NA,NA,NA,-0.448244644,39.65445633
537,garissa,hidaya,kenya,2009-11-10,2.27303099069996,4,0,NA,NA,NA,NA,NA,-0.448244644,39.65445633
538,garissa,hidaya,kenya,2009-11-12,0.709816802397832,4,0,NA,NA,NA,NA,NA,-0.448244644,39.65445633
539,garissa,town centre,kenya,2009-11-12,-1.7556222296378945,2,1,NA,hh,national,15,NA,-0.448509961,39.65421677
540,garissa,town centre,kenya,2009-11-11,-2.911337977134215,8,3,1,hh,international,24,1,-0.448509961,39.65421677
540,garissa,town centre,kenya,2009-11-11,-2.911337977134215,8,3,1,hh,international,48,1,-0.448509961,39.65421677
540,garissa,town centre,kenya,2009-11-11,-2.911337977134215,8,3,1,hh,international,24,1,-0.448509961,39.65421677
541,garissa,town centre,kenya,2009-11-09,-2.1506910571276636,4,6,NA,hh,international,240,NA,-0.448509961,39.65421677
541,garissa,town centre,kenya,2009-11-09,-2.1506910571276636,4,6,NA,hh,national,60,NA,-0.448509961,39.65421677
541,garissa,town centre,kenya,2009-11-09,-2.1506910571276636,4,6,NA,hh,national,60,NA,-0.448509961,39.65421677
541,garissa,town centre,kenya,2009-11-09,-2.1506910571276636,4,6,NA,hh,national,60,NA,-0.448509961,39.65421677
541,garissa,town centre,kenya,2009-11-09,-2.1506910571276636,4,6,NA,hh,national,60,NA,-0.448509961,39.65421677
541,garissa,town centre,kenya,2009-11-09,-2.1506910571276636,4,6,NA,hh,national,NA,NA,-0.448509961,39.65421677
542,garissa,town centre,kenya,2009-11-09,-0.7633222145239762,7,1,1,hh,national,24,1,-0.448509961,39.65421677
543,garissa,town centre,kenya,2009-11-10,-2.94477673703859,10,3,1,hh,international,60,1,-0.448509961,39.65421677
543,garissa,town centre,kenya,2009-11-10,-2.94477673703859,10,3,1,hh,international,60,1,-0.448509961,39.65421677
543,garissa,town centre,kenya,2009-11-10,-2.94477673703859,10,3,1,hh,international,60,1,-0.448509961,39.65421677
544,garissa,jaribu,kenya,2009-11-13,-0.002922309984707383,3,0,NA,NA,NA,NA,NA,-0.44980003,39.63990781
545,rachuonyo,kamanga,kenya,2009-11-19,2.8497029978159376,8,0,NA,NA,NA,NA,NA,-0.400624514,34.66554334
546,garissa,jaribu,kenya,2009-11-13,-1.98267629315253,7,0,NA,NA,NA,NA,NA,-0.44980003,39.63990781
547,garissa,jaribu,kenya,2009-11-13,-1.5661364982868353,3,0,1,non-hh,national,NA,1,-0.44980003,39.63990781
548,garissa,jaribu,kenya,2009-11-13,-1.8024061254281858,9,2,1,hh,national,12,NA,-0.44980003,39.63990781
548,garissa,jaribu,kenya,2009-11-13,-1.8024061254281858,9,2,1,hh,national,48,1,-0.44980003,39.63990781
548,garissa,jaribu,kenya,2009-11-13,-1.8024061254281858,9,2,1,non-hh,international,NA,1,-0.44980003,39.63990781
549,garissa,town centre,kenya,2009-11-09,-2.184609136369324,5,3,1,hh,international,30,1,-0.448509961,39.65421677
549,garissa,town centre,kenya,2009-11-09,-2.184609136369324,5,3,1,hh,international,48,1,-0.448509961,39.65421677
549,garissa,town centre,kenya,2009-11-09,-2.184609136369324,5,3,1,hh,international,30,NA,-0.448509961,39.65421677
549,garissa,town centre,kenya,2009-11-09,-2.184609136369324,5,3,1,non-hh,international,NA,1,-0.448509961,39.65421677
550,garissa,town centre,kenya,2009-11-09,-1.0249161620141194,1,1,1,hh,national,120,1,-0.448509961,39.65421677
551,garissa,town centre,kenya,2009-11-10,-0.05871540274666537,12,1,NA,hh,national,12,NA,-0.448509961,39.65421677
552,garissa,town centre,kenya,2009-11-11,-2.911337977134215,4,0,NA,NA,NA,NA,NA,-0.448509961,39.65421677
553,garissa,town centre,kenya,2009-11-09,-0.9045984724278573,3,0,NA,NA,NA,NA,NA,-0.448509961,39.65421677
554,garissa,town centre,kenya,2009-11-10,-0.7903077360625115,4,1,1,hh,national,NA,1,-0.448509961,39.65421677
555,garissa,jaribu,kenya,2009-11-12,-2.124450291576193,12,5,1,hh,national,72,1,-0.44980003,39.63990781
555,garissa,jaribu,kenya,2009-11-12,-2.124450291576193,12,5,1,hh,international,48,NA,-0.44980003,39.63990781
555,garissa,jaribu,kenya,2009-11-12,-2.124450291576193,12,5,1,hh,international,48,NA,-0.44980003,39.63990781
555,garissa,jaribu,kenya,2009-11-12,-2.124450291576193,12,5,1,hh,international,120,1,-0.44980003,39.63990781
555,garissa,jaribu,kenya,2009-11-12,-2.124450291576193,12,5,1,hh,international,48,NA,-0.44980003,39.63990781
556,garissa,jaribu,kenya,2009-11-12,-1.6262953430799663,2,1,1,hh,national,26,1,-0.44980003,39.63990781
557,garissa,jaribu,kenya,2009-11-12,-1.445818808700573,5,0,NA,NA,NA,NA,NA,-0.44980003,39.63990781
558,garissa,jaribu,kenya,2009-11-13,-2.6910958245599823,7,3,1,hh,international,132,1,-0.44980003,39.63990781
558,garissa,jaribu,kenya,2009-11-13,-2.6910958245599823,7,3,1,hh,international,132,NA,-0.44980003,39.63990781
558,garissa,jaribu,kenya,2009-11-13,-2.6910958245599823,7,3,1,hh,international,120,NA,-0.44980003,39.63990781
559,garissa,jaribu,kenya,2009-11-12,-1.5661364982868353,3,1,1,hh,international,84,1,-0.44980003,39.63990781
560,garissa,town centre,kenya,2009-11-09,-1.475332889377811,4,1,1,hh,international,24,1,-0.448509961,39.65421677
561,garissa,town centre,kenya,2009-11-09,-1.4452534669812456,5,1,1,hh,international,60,1,-0.448509961,39.65421677
562,garissa,town centre,kenya,2009-11-09,-0.6623823703808893,9,2,NA,hh,international,31,NA,-0.448509961,39.65421677
562,garissa,town centre,kenya,2009-11-09,-0.6623823703808893,9,2,NA,hh,international,18,NA,-0.448509961,39.65421677
563,garissa,town centre,kenya,2009-11-09,-2.8414929365428097,3,0,NA,NA,NA,NA,NA,-0.448509961,39.65421677
564,garissa,town centre,kenya,2009-11-09,-1.5059776534937044,4,1,NA,hh,national,14,NA,-0.448509961,39.65421677
565,garissa,town centre,kenya,2009-11-09,-2.8414929365428097,2,1,NA,hh,national,15,NA,-0.448509961,39.65421677
566,garissa,town centre,kenya,2009-11-09,-0.861471899917549,1,1,NA,hh,national,9,NA,-0.448509961,39.65421677
567,garissa,town centre,kenya,2009-11-10,-1.6096570495198408,1,1,1,hh,national,10,1,-0.448509961,39.65421677
568,garissa,town centre,kenya,2009-11-10,-0.7803544868067989,4,1,NA,hh,national,7,NA,-0.448509961,39.65421677
569,garissa,town centre,kenya,2009-11-09,-1.458694595817686,1,3,NA,hh,international,63,NA,-0.448509961,39.65421677
569,garissa,town centre,kenya,2009-11-09,-1.458694595817686,1,3,NA,hh,international,43,NA,-0.448509961,39.65421677
569,garissa,town centre,kenya,2009-11-09,-1.458694595817686,1,3,NA,hh,international,14,NA,-0.448509961,39.65421677
570,garissa,town centre,kenya,2009-11-10,0.5305651952367658,7,1,1,hh,national,15,1,-0.448509961,39.65421677
571,garissa,jaribu,kenya,2009-11-13,-1.455279941113434,7,1,1,hh,national,31,1,-0.44980003,39.63990781
572,garissa,jaribu,kenya,2009-11-14,-1.7256544643486091,4,0,NA,NA,NA,NA,NA,-0.44980003,39.63990781
573,garissa,jaribu,kenya,2009-11-13,-2.805397629666931,8,2,1,hh,international,26,1,-0.44980003,39.63990781
573,garissa,jaribu,kenya,2009-11-13,-2.805397629666931,8,2,1,hh,international,16,NA,-0.44980003,39.63990781
574,rachuonyo,kamanga,kenya,2009-11-19,1.4298372822879553,2,3,NA,hh,national,28,NA,-0.400624514,34.66554334
574,rachuonyo,kamanga,kenya,2009-11-19,1.4298372822879553,2,3,NA,hh,national,43,NA,-0.400624514,34.66554334
574,rachuonyo,kamanga,kenya,2009-11-19,1.4298372822879553,2,3,NA,hh,national,34,NA,-0.400624514,34.66554334
575,rachuonyo,kamanga,kenya,2009-11-19,3.667844296620608,3,0,1,non-hh,national,NA,1,-0.400624514,34.66554334
576,rachuonyo,kamanga,kenya,2009-11-19,3.6436837313433794,9,0,NA,NA,NA,NA,NA,-0.400624514,34.66554334
577,rachuonyo,kamanga,kenya,2009-11-19,3.667844296620608,2,0,NA,NA,NA,NA,NA,-0.400624514,34.66554334
578,rachuonyo,kamanga,kenya,2009-11-19,3.6979237190171736,3,0,NA,NA,NA,NA,NA,-0.400624514,34.66554334
579,rachuonyo,kamanga,kenya,2009-11-19,3.6286440201450962,4,0,NA,NA,NA,NA,NA,-0.400624514,34.66554334
580,rachuonyo,kamanga,kenya,2009-11-19,1.501916238932432,6,0,NA,NA,NA,NA,NA,-0.400624514,34.66554334
581,rachuonyo,kamanga,kenya,2009-11-19,0.888505288907959,8,1,1,hh,international,36,1,-0.400624514,34.66554334
582,rachuonyo,kamanga,kenya,2009-11-19,1.4898844699738059,2,1,1,hh,international,190,1,-0.400624514,34.66554334
582,rachuonyo,kamanga,kenya,2009-11-19,1.4898844699738059,2,1,1,non-hh,national,NA,1,-0.400624514,34.66554334
583,rachuonyo,kamanga,kenya,2009-11-19,1.4898844699738059,4,1,1,hh,international,156,1,-0.400624514,34.66554334
583,rachuonyo,kamanga,kenya,2009-11-19,1.4898844699738059,4,1,1,non-hh,national,NA,1,-0.400624514,34.66554334
584,rachuonyo,kamanga,kenya,2009-11-19,-0.5120312409959719,3,1,1,hh,international,60,1,-0.400624514,34.66554334
585,rachuonyo,kamanga,kenya,2009-11-19,0.24223587997542256,1,1,1,hh,international,60,1,-0.400624514,34.66554334
586,rachuonyo,kamanga,kenya,2009-11-19,-1.9169652208316346,1,1,NA,hh,international,24,NA,-0.400624514,34.66554334
587,rachuonyo,kamanga,kenya,2009-11-19,2.5063263567990686,10,1,1,hh,international,24,1,-0.400624514,34.66554334
588,rachuonyo,kamanga,kenya,2009-11-19,0.1632537203177935,3,1,1,hh,international,48,1,-0.400624514,34.66554334
589,rachuonyo,kamanga,kenya,2009-11-19,-1.8987027143765771,3,1,1,hh,international,34,1,-0.400624514,34.66554334
590,rachuonyo,kamanga,kenya,2009-11-19,1.1036886359696259,5,2,1,hh,national,144,1,-0.400624514,34.66554334
590,rachuonyo,kamanga,kenya,2009-11-19,1.1036886359696259,5,2,1,hh,national,84,1,-0.400624514,34.66554334
591,rachuonyo,kamanga,kenya,2009-11-19,3.153363399597819,8,1,NA,hh,national,67,NA,-0.400624514,34.66554334
592,rachuonyo,kamanga,kenya,2009-11-19,3.1433369254656305,10,2,NA,hh,national,18,NA,-0.400624514,34.66554334
592,rachuonyo,kamanga,kenya,2009-11-19,3.1433369254656305,10,2,NA,hh,national,22,NA,-0.400624514,34.66554334
593,rachuonyo,kamanga,kenya,2009-11-19,1.5892435912424487,3,3,1,hh,national,72,1,-0.400624514,34.66554334
593,rachuonyo,kamanga,kenya,2009-11-19,1.5892435912424487,3,3,1,hh,national,36,1,-0.400624514,34.66554334
593,rachuonyo,kamanga,kenya,2009-11-19,1.5892435912424487,3,3,1,hh,national,72,1,-0.400624514,34.66554334
594,rachuonyo,kamanga,kenya,2009-11-19,0.08961116962495713,5,1,1,hh,international,24,1,-0.400624514,34.66554334
595,rachuonyo,kamanga,kenya,2009-11-19,3.6979237190171736,3,1,1,hh,national,18,1,-0.400624514,34.66554334
595,rachuonyo,kamanga,kenya,2009-11-19,3.6979237190171736,3,1,1,non-hh,national,NA,1,-0.400624514,34.66554334
596,rachuonyo,kamanga,kenya,2009-11-19,3.172510727808954,4,4,1,hh,national,70,1,-0.400624514,34.66554334
596,rachuonyo,kamanga,kenya,2009-11-19,3.172510727808954,4,4,1,hh,national,37,NA,-0.400624514,34.66554334
596,rachuonyo,kamanga,kenya,2009-11-19,3.172510727808954,4,4,1,hh,national,29,NA,-0.400624514,34.66554334
596,rachuonyo,kamanga,kenya,2009-11-19,3.172510727808954,4,4,1,hh,national,42,NA,-0.400624514,34.66554334
597,nakuru,ngondu,kenya,2009-11-12,3.022232868966468,6,1,1,hh,international,60,1,-0.369182194,35.94336408
598,nakuru,ngondu,kenya,2009-11-12,-0.9282976173174968,7,2,NA,hh,national,36,NA,-0.369182194,35.94336408
598,nakuru,ngondu,kenya,2009-11-12,-0.9282976173174968,7,2,NA,hh,international,12,NA,-0.369182194,35.94336408
599,nakuru,ngondu,kenya,2009-11-12,3.212616624337708,6,0,NA,NA,NA,NA,NA,-0.369182194,35.94336408
600,nakuru,ngondu,kenya,2009-11-13,-0.9684035138462508,2,1,1,hh,international,108,1,-0.369182194,35.94336408
601,nakuru,ngondu,kenya,2009-11-13,2.2381702079417756,3,2,1,hh,national,228,1,-0.369182194,35.94336408
601,nakuru,ngondu,kenya,2009-11-13,2.2381702079417756,3,2,1,hh,international,120,1,-0.369182194,35.94336408
602,nakuru,london,kenya,2009-11-10,-3.0957402812300066,4,1,NA,hh,international,27,NA,-0.275922368,36.07027959
603,nakuru,london,kenya,2009-11-10,-2.0968137239970357,2,2,NA,hh,international,33,NA,-0.275922368,36.07027959
603,nakuru,london,kenya,2009-11-10,-2.0968137239970357,2,2,NA,hh,international,24,NA,-0.275922368,36.07027959
604,nakuru,morop,kenya,2009-11-12,0.6685139119511028,3,3,1,hh,international,60,1,-0.110336674,35.94205931
604,nakuru,morop,kenya,2009-11-12,0.6685139119511028,3,3,1,hh,national,84,1,-0.110336674,35.94205931
604,nakuru,morop,kenya,2009-11-12,0.6685139119511028,3,3,1,hh,national,24,1,-0.110336674,35.94205931
605,nakuru,morop,kenya,2009-11-10,0.7286727567442337,4,2,NA,hh,international,24,NA,-0.110336674,35.94205931
605,nakuru,morop,kenya,2009-11-10,0.7286727567442337,4,2,NA,hh,national,48,NA,-0.110336674,35.94205931
606,nakuru,morop,kenya,2009-11-10,1.480198274175532,5,6,1,hh,national,228,1,-0.110336674,35.94205931
606,nakuru,morop,kenya,2009-11-10,1.480198274175532,5,6,1,hh,international,60,1,-0.110336674,35.94205931
606,nakuru,morop,kenya,2009-11-10,1.480198274175532,5,6,1,hh,national,240,NA,-0.110336674,35.94205931
606,nakuru,morop,kenya,2009-11-10,1.480198274175532,5,6,1,hh,national,240,NA,-0.110336674,35.94205931
606,nakuru,morop,kenya,2009-11-10,1.480198274175532,5,6,1,hh,national,216,NA,-0.110336674,35.94205931
606,nakuru,morop,kenya,2009-11-10,1.480198274175532,5,6,1,hh,national,120,NA,-0.110336674,35.94205931
607,nakuru,section 58,kenya,2009-11-11,-0.6374322372418848,3,0,NA,NA,NA,NA,NA,-0.283812727,36.09431466
608,nakuru,section 58,kenya,2009-11-10,-2.992455390244965,4,0,NA,NA,NA,NA,NA,-0.283812727,36.09431466
609,nakuru,section 58,kenya,2009-11-10,-1.7680693415036293,5,0,NA,NA,NA,NA,NA,-0.283812727,36.09431466
610,nakuru,section 58,kenya,2009-11-10,-1.2257848546804517,2,7,1,hh,national,120,1,-0.283812727,36.09431466
610,nakuru,section 58,kenya,2009-11-10,-1.2257848546804517,2,7,1,hh,national,6,1,-0.283812727,36.09431466
610,nakuru,section 58,kenya,2009-11-10,-1.2257848546804517,2,7,1,hh,national,72,1,-0.283812727,36.09431466
610,nakuru,section 58,kenya,2009-11-10,-1.2257848546804517,2,7,1,hh,national,72,1,-0.283812727,36.09431466
610,nakuru,section 58,kenya,2009-11-10,-1.2257848546804517,2,7,1,hh,national,72,1,-0.283812727,36.09431466
610,nakuru,section 58,kenya,2009-11-10,-1.2257848546804517,2,7,1,hh,national,36,1,-0.283812727,36.09431466
610,nakuru,section 58,kenya,2009-11-10,-1.2257848546804517,2,7,1,hh,national,NA,NA,-0.283812727,36.09431466
611,nakuru,section 58,kenya,2009-11-10,-2.6002705071612553,3,2,NA,hh,national,48,NA,-0.283812727,36.09431466
611,nakuru,section 58,kenya,2009-11-10,-2.6002705071612553,3,2,NA,hh,national,48,NA,-0.283812727,36.09431466
612,nakuru,section 58,kenya,2009-11-11,-3.649200562837551,4,1,1,hh,national,48,1,-0.283812727,36.09431466
613,nakuru,section 58,kenya,2009-11-11,-2.6931837425049516,2,1,NA,hh,national,24,NA,-0.283812727,36.09431466
614,nakuru,section 58,kenya,2009-11-11,-3.2467027349321613,4,1,1,hh,national,18,1,-0.283812727,36.09431466
614,nakuru,section 58,kenya,2009-11-11,-3.2467027349321613,4,1,1,non-hh,national,NA,1,-0.283812727,36.09431466
614,nakuru,section 58,kenya,2009-11-11,-3.2467027349321613,4,1,1,non-hh,national,NA,1,-0.283812727,36.09431466
614,nakuru,section 58,kenya,2009-11-11,-3.2467027349321613,4,1,1,non-hh,national,NA,1,-0.283812727,36.09431466
615,nakuru,section 58,kenya,2009-11-11,-1.0984090344707607,2,1,NA,hh,national,24,NA,-0.283812727,36.09431466
616,nakuru,section 58,kenya,2009-11-14,-3.2601206493534742,12,1,1,hh,international,108,1,-0.283812727,36.09431466
618,nakuru,london,kenya,2009-11-10,-2.527181577604514,3,2,NA,hh,national,36,NA,-0.275922368,36.07027959
618,nakuru,london,kenya,2009-11-10,-2.527181577604514,3,2,NA,hh,international,24,NA,-0.275922368,36.07027959
619,nakuru,london,kenya,2009-11-10,-1.7071387883361218,2,3,NA,hh,national,96,NA,-0.275922368,36.07027959
619,nakuru,london,kenya,2009-11-10,-1.7071387883361218,2,3,NA,hh,national,72,NA,-0.275922368,36.07027959
619,nakuru,london,kenya,2009-11-10,-1.7071387883361218,2,3,NA,hh,international,12,NA,-0.275922368,36.07027959
620,lugari,pan paper,kenya,2009-11-22,2.858823851894884,5,5,1,hh,national,60,NA,0.686881781,34.99065085
620,lugari,pan paper,kenya,2009-11-22,2.858823851894884,5,5,1,hh,national,24,NA,0.686881781,34.99065085
620,lugari,pan paper,kenya,2009-11-22,2.858823851894884,5,5,1,hh,national,12,NA,0.686881781,34.99065085
620,lugari,pan paper,kenya,2009-11-22,2.858823851894884,5,5,1,hh,national,6,NA,0.686881781,34.99065085
620,lugari,pan paper,kenya,2009-11-22,2.858823851894884,5,5,1,hh,international,24,1,0.686881781,34.99065085
621,lugari,pan paper,kenya,2009-11-22,3.0345561468636633,8,3,NA,hh,national,2,NA,0.686881781,34.99065085
621,lugari,pan paper,kenya,2009-11-22,3.0345561468636633,8,3,NA,hh,national,12,NA,0.686881781,34.99065085
621,lugari,pan paper,kenya,2009-11-22,3.0345561468636633,8,3,NA,hh,national,72,NA,0.686881781,34.99065085
622,lugari,pan paper,kenya,2009-11-22,2.9944502503349093,6,3,NA,hh,national,1,NA,0.686881781,34.99065085
622,lugari,pan paper,kenya,2009-11-22,2.9944502503349093,6,3,NA,hh,national,36,NA,0.686881781,34.99065085
622,lugari,pan paper,kenya,2009-11-22,2.9944502503349093,6,3,NA,hh,national,5,NA,0.686881781,34.99065085
623,lugari,pan paper,kenya,2009-11-22,3.2146924029091415,3,0,NA,NA,NA,NA,NA,0.686881781,34.99065085
624,lugari,pan paper,kenya,2009-11-22,3.4553277820816652,11,1,NA,hh,national,23,NA,0.686881781,34.99065085
625,lugari,pan paper,kenya,2009-11-22,2.858823851894884,5,1,1,hh,national,40,1,0.686881781,34.99065085
626,lugari,pan paper,kenya,2009-11-22,2.78362529590347,5,2,NA,hh,national,12,NA,0.686881781,34.99065085
626,lugari,pan paper,kenya,2009-11-22,2.78362529590347,5,2,NA,hh,national,48,NA,0.686881781,34.99065085
627,lugari,pan paper,kenya,2009-11-22,2.1672064036393404,4,1,1,hh,national,204,1,0.686881781,34.99065085
628,lugari,pan paper,kenya,2009-11-22,2.158085549560394,7,2,NA,hh,national,9,NA,0.686881781,34.99065085
628,lugari,pan paper,kenya,2009-11-22,2.158085549560394,7,2,NA,hh,national,9,NA,0.686881781,34.99065085
629,lugari,pan paper,kenya,2009-11-22,3.244771825305707,4,1,1,hh,national,84,1,0.686881781,34.99065085
630,lugari,pan paper,kenya,2009-11-22,2.8497029978159376,8,0,NA,NA,NA,NA,NA,0.686881781,34.99065085
631,lugari,pan paper,kenya,2009-11-22,3.2748512477022724,5,0,NA,NA,NA,NA,NA,0.686881781,34.99065085
632,lugari,pan paper,kenya,2009-11-22,3.243866205252465,1,0,NA,NA,NA,NA,NA,0.686881781,34.99065085
633,lugari,pan paper,kenya,2009-11-22,2.78362529590347,5,0,NA,NA,NA,NA,NA,0.686881781,34.99065085
634,lugari,pan paper,kenya,2009-11-22,2.7978786401888525,8,0,NA,NA,NA,NA,NA,0.686881781,34.99065085
635,lugari,pan paper,kenya,2009-11-22,3.0245296727314748,5,0,NA,NA,NA,NA,NA,0.686881781,34.99065085
636,lugari,pan paper,kenya,2009-11-22,2.333189835493091,7,0,NA,NA,NA,NA,NA,0.686881781,34.99065085
637,lugari,bendera,kenya,2009-11-23,3.244771825305707,6,0,NA,NA,NA,NA,NA,0.651269818,34.87616289
638,lugari,bendera,kenya,2009-11-23,3.113257503069065,4,0,NA,NA,NA,NA,NA,0.651269818,34.87616289
639,lugari,bendera,kenya,2009-11-23,2.382809581589868,2,0,NA,NA,NA,NA,NA,0.651269818,34.87616289
640,lugari,bendera,kenya,2009-11-23,2.7093323599652988,5,0,NA,NA,NA,NA,NA,0.651269818,34.87616289
641,lugari,bendera,kenya,2009-11-23,3.0245296727314748,5,0,NA,NA,NA,NA,NA,0.651269818,34.87616289
642,lugari,bendera,kenya,2009-11-23,2.418904888465747,4,0,NA,NA,NA,NA,NA,0.651269818,34.87616289
643,lugari,bendera,kenya,2009-11-23,2.3559797171669232,11,0,1,non-hh,national,NA,1,0.651269818,34.87616289
656,lugari,mlimani,kenya,2009-11-20,0.7794367796038242,5,0,NA,NA,NA,NA,NA,0.651451675,34.87612009
657,lugari,mlimani,kenya,2009-11-20,2.0628153122579156,4,0,NA,NA,NA,NA,NA,0.651451675,34.87612009
658,lugari,mlimani,kenya,2009-11-20,2.6970090820681034,6,0,NA,NA,NA,NA,NA,0.651451675,34.87612009
659,lugari,mlimani,kenya,2009-11-20,3.33320331157945,5,0,NA,NA,NA,NA,NA,0.651451675,34.87612009
660,lugari,mlimani,kenya,2009-11-20,3.3140515241777844,3,0,NA,NA,NA,NA,NA,0.651451675,34.87612009
661,lugari,mlimani,kenya,2009-11-20,3.78816198620687,9,0,NA,NA,NA,NA,NA,0.651451675,34.87612009
662,lugari,mlimani,kenya,2009-11-20,3.244771825305707,6,0,NA,NA,NA,NA,NA,0.651451675,34.87612009
663,lugari,mlimani,kenya,2009-11-20,1.5772118222838227,4,0,1,non-hh,national,NA,1,0.651451675,34.87612009
678,lugari,mwamba,kenya,2009-11-21,1.2816505020744997,4,0,NA,NA,NA,NA,NA,0.633755504,35.0218391
679,lugari,mwamba,kenya,2009-11-21,1.4649120960062731,5,0,NA,NA,NA,NA,NA,0.633755504,35.0218391
680,lugari,mwamba,kenya,2009-11-21,2.798665007101753,3,0,NA,NA,NA,NA,NA,0.633755504,35.0218391
681,lugari,mwamba,kenya,2009-11-21,2.0227281487758493,5,0,NA,NA,NA,NA,NA,0.633755504,35.0218391
682,lugari,mwamba,kenya,2009-11-21,1.0149876410318193,2,0,NA,NA,NA,NA,NA,0.633755504,35.0218391
683,lugari,mwamba,kenya,2009-11-21,0.01853963247620327,5,0,NA,NA,NA,NA,NA,0.633755504,35.0218391
697,nairobi,kilimani,kenya,2009-11-21,-3.6371687938789243,5,0,NA,NA,NA,NA,NA,-1.283550951,36.79040057
698,nairobi,kilimani,kenya,2009-11-23,-3.127479816943853,1,0,NA,NA,NA,NA,NA,-1.283550951,36.79040057
699,nairobi,kilimani,kenya,2009-11-23,-3.75156762634585,3,0,NA,NA,NA,NA,NA,-1.283550951,36.79040057
700,nairobi,kilimani,kenya,2009-12-23,-2.173313726845439,4,0,NA,NA,NA,NA,NA,-1.283550951,36.79040057
701,nairobi,kilimani,kenya,2009-11-21,-3.6171158456145474,4,0,1,non-hh,national,NA,1,-1.283550951,36.79040057
702,nairobi,kilimani,kenya,2009-11-23,-2.9733030543469923,5,0,NA,NA,NA,NA,NA,-1.283550951,36.79040057
703,nairobi,kilimani,kenya,2009-11-23,-3.607089371482359,6,2,NA,hh,international,36,NA,-1.283550951,36.79040057
703,nairobi,kilimani,kenya,2009-11-23,-3.607089371482359,6,2,NA,hh,international,36,NA,-1.283550951,36.79040057
704,nairobi,kilimani,kenya,2009-11-21,-3.776633811676321,1,2,NA,hh,national,49,NA,-1.283550951,36.79040057
704,nairobi,kilimani,kenya,2009-11-21,-3.776633811676321,1,2,NA,hh,international,38,NA,-1.283550951,36.79040057
705,nairobi,kilimani,kenya,2009-11-21,-3.776633811676321,1,0,NA,NA,NA,NA,NA,-1.283550951,36.79040057
706,nairobi,kilimani,kenya,2009-11-21,-3.7816470487424154,1,0,NA,NA,NA,NA,NA,-1.283550951,36.79040057
707,nairobi,kilimani,kenya,2009-11-21,-1.6864541878730972,1,0,NA,NA,NA,NA,NA,-1.283550951,36.79040057
708,nairobi,kilimani,kenya,2009-11-24,-3.7794985185712324,2,3,NA,hh,international,60,NA,-1.283550951,36.79040057
708,nairobi,kilimani,kenya,2009-11-24,-3.7794985185712324,2,3,NA,hh,international,36,NA,-1.283550951,36.79040057
708,nairobi,kilimani,kenya,2009-11-24,-3.7794985185712324,2,3,NA,hh,international,36,NA,-1.283550951,36.79040057
709,nairobi,kilimani,kenya,2009-11-23,-3.178711862377991,7,1,NA,hh,international,12,NA,-1.283550951,36.79040057
710,nairobi,kilimani,kenya,2009-11-23,-3.5033945815462353,5,2,1,hh,international,180,1,-1.283550951,36.79040057
710,nairobi,kilimani,kenya,2009-11-23,-3.5033945815462353,5,2,1,hh,international,36,NA,-1.283550951,36.79040057
711,nairobi,kilimani,kenya,2009-11-23,-3.7880926392559653,1,3,NA,hh,international,96,NA,-1.283550951,36.79040057
711,nairobi,kilimani,kenya,2009-11-23,-3.7880926392559653,1,3,NA,hh,international,96,NA,-1.283550951,36.79040057
711,nairobi,kilimani,kenya,2009-11-23,-3.7880926392559653,1,3,NA,hh,international,96,NA,-1.283550951,36.79040057
712,nairobi,kilimani,kenya,2009-11-22,-3.7880926392559653,1,0,1,non-hh,international,NA,1,-1.283550951,36.79040057
713,nairobi,rusinga,kenya,2009-11-23,-3.7623102772017663,4,1,NA,hh,international,60,NA,-1.396492153,36.83163364
714,nairobi,rusinga,kenya,2009-11-22,-3.2087912847745566,2,1,NA,hh,international,36,NA,-1.396492153,36.83163364
715,nairobi,rusinga,kenya,2009-11-21,-3.7726232220234457,2,1,1,hh,international,144,1,-1.396492153,36.83163364
716,nairobi,rusinga,kenya,2009-11-21,-3.6964220186188133,5,1,1,hh,international,30,1,-1.396492153,36.83163364
717,nairobi,rusinga,kenya,2009-11-21,-3.4711666289784864,5,1,NA,hh,international,120,NA,-1.396492153,36.83163364
718,nairobi,rusinga,kenya,2009-11-21,-3.506259288441146,4,1,1,hh,international,147,1,-1.396492153,36.83163364
719,nairobi,rusinga,kenya,2009-11-21,-3.4126295809623253,4,2,1,hh,international,36,1,-1.396492153,36.83163364
719,nairobi,rusinga,kenya,2009-11-21,-3.4126295809623253,4,2,1,hh,international,3,NA,-1.396492153,36.83163364
720,nairobi,rusinga,kenya,2009-11-21,-3.4040354602775924,5,1,NA,hh,international,18,NA,-1.396492153,36.83163364
722,nairobi,rusinga,kenya,2009-11-22,-3.7666073375441327,2,0,NA,NA,NA,NA,NA,-1.396492153,36.83163364
723,nairobi,rusinga,kenya,2009-11-23,-3.7666073375441327,2,1,NA,hh,international,60,NA,-1.396492153,36.83163364
725,nairobi,rusinga,kenya,2009-11-21,-3.649200562837551,4,0,NA,NA,NA,NA,NA,-1.396492153,36.83163364
726,nairobi,rusinga,kenya,2009-11-21,-3.736527915147567,7,1,NA,hh,international,12,NA,-1.396492153,36.83163364
727,nairobi,rusinga,kenya,2009-11-24,-3.511988702230968,4,2,1,hh,international,96,NA,-1.396492153,36.83163364
727,nairobi,rusinga,kenya,2009-11-24,-3.511988702230968,4,2,1,hh,international,60,1,-1.396492153,36.83163364
728,nairobi,rusinga,kenya,2009-11-22,-3.7451220358323,6,2,NA,hh,international,84,NA,-1.396492153,36.83163364
728,nairobi,rusinga,kenya,2009-11-22,-3.7451220358323,6,2,NA,hh,international,NA,NA,-1.396492153,36.83163364
729,nairobi,rusinga,kenya,2009-11-24,-3.7726232220234457,2,0,NA,NA,NA,NA,NA,-1.396492153,36.83163364
730,nairobi,rusinga,kenya,2009-11-22,-2.8362500438406286,3,0,NA,NA,NA,NA,NA,-1.396492153,36.83163364
731,nairobi,rusinga,kenya,2009-11-22,-2.5490381699423144,3,0,NA,NA,NA,NA,NA,-1.396492153,36.83163364
732,nairobi,rusinga,kenya,2009-11-21,-1.7097354621768326,1,0,NA,NA,NA,NA,NA,-1.396492153,36.83163364
733,nairobi,rusinga,kenya,2009-11-22,-3.7666073375441327,2,0,NA,NA,NA,NA,NA,-1.396492153,36.83163364
734,nairobi,rusinga,kenya,2009-11-21,-3.4369795895690687,1,0,NA,NA,NA,NA,NA,-1.396492153,36.83163364
735,nairobi,maili saba,kenya,2009-11-22,-0.8213660033887948,5,0,NA,NA,NA,NA,NA,-1.255299966,36.91591022
736,nairobi,maili saba,kenya,2009-11-22,0.05773990895171521,4,0,NA,NA,NA,NA,NA,-1.255299966,36.91591022
737,nairobi,maili saba,kenya,2009-11-22,0.7794367796038242,5,0,NA,NA,NA,NA,NA,-1.255299966,36.91591022
738,nairobi,maili saba,kenya,2009-11-22,-0.16284252195643178,1,0,NA,NA,NA,NA,NA,-1.255299966,36.91591022
739,nairobi,maili saba,kenya,2009-11-22,-0.7365976148879401,6,0,NA,NA,NA,NA,NA,-1.255299966,36.91591022
740,nairobi,maili saba,kenya,2009-11-22,2.1020155887334275,1,3,NA,hh,national,36,NA,-1.255299966,36.91591022
740,nairobi,maili saba,kenya,2009-11-22,2.1020155887334275,1,3,NA,hh,national,24,NA,-1.255299966,36.91591022
740,nairobi,maili saba,kenya,2009-11-22,2.1020155887334275,1,3,NA,hh,national,48,NA,-1.255299966,36.91591022
741,nairobi,maili saba,kenya,2009-11-22,2.1621744335265594,2,0,NA,NA,NA,NA,NA,-1.255299966,36.91591022
742,nairobi,maili saba,kenya,2009-11-21,-0.9407780729218149,4,0,NA,NA,NA,NA,NA,-1.255299966,36.91591022
743,nairobi,maili saba,kenya,2009-11-22,-1.0249161620141194,1,1,NA,hh,national,36,NA,-1.255299966,36.91591022
744,nairobi,maili saba,kenya,2009-11-22,-1.5494982047267098,4,0,NA,NA,NA,NA,NA,-1.255299966,36.91591022
745,nairobi,maili saba,kenya,2009-11-22,-2.2744234014181766,4,1,NA,hh,national,8,NA,-1.255299966,36.91591022
746,nairobi,maili saba,kenya,2009-11-22,-0.8013130551244179,2,2,NA,hh,national,6,NA,-1.255299966,36.91591022
746,nairobi,maili saba,kenya,2009-11-22,-0.8013130551244179,2,2,NA,hh,national,6,NA,-1.255299966,36.91591022
747,nairobi,maili saba,kenya,2009-11-22,-0.7666770372845055,3,2,NA,hh,national,6,NA,-1.255299966,36.91591022
747,nairobi,maili saba,kenya,2009-11-22,-0.7666770372845055,3,2,NA,hh,national,6,NA,-1.255299966,36.91591022
748,nairobi,maili saba,kenya,2009-11-22,-2.4011809776245956,7,2,1,hh,national,12,NA,-1.255299966,36.91591022
748,nairobi,maili saba,kenya,2009-11-22,-2.4011809776245956,7,2,1,hh,national,24,1,-1.255299966,36.91591022
749,nairobi,muthaiga,kenya,2009-11-06,-3.5223016470526476,2,3,1,hh,international,144,1,-1.254882111,36.83204676
749,nairobi,muthaiga,kenya,2009-11-06,-3.5223016470526476,2,3,1,hh,international,72,NA,-1.254882111,36.83204676
749,nairobi,muthaiga,kenya,2009-11-06,-3.5223016470526476,2,3,1,hh,international,36,1,-1.254882111,36.83204676
750,nairobi,buruburu phase 1,kenya,2009-11-06,-3.756580863411944,2,4,1,hh,national,120,1,-1.278857181,36.87752154
750,nairobi,buruburu phase 1,kenya,2009-11-06,-3.756580863411944,2,4,1,hh,national,156,1,-1.278857181,36.87752154
750,nairobi,buruburu phase 1,kenya,2009-11-06,-3.756580863411944,2,4,1,hh,national,144,1,-1.278857181,36.87752154
750,nairobi,buruburu phase 1,kenya,2009-11-06,-3.756580863411944,2,4,1,hh,national,96,NA,-1.278857181,36.87752154
751,nairobi,buruburu phase 1,kenya,2009-11-02,-3.6572217421433013,2,2,1,hh,international,36,1,-1.278857181,36.87752154
751,nairobi,buruburu phase 1,kenya,2009-11-02,-3.6572217421433013,2,2,1,hh,national,12,NA,-1.278857181,36.87752154
752,nairobi,muthaiga,kenya,2009-11-09,-3.75156762634585,3,1,NA,hh,international,60,NA,-1.254882111,36.83204676
753,nairobi,muthaiga,kenya,2009-11-09,-1.6864541878730972,1,0,NA,NA,NA,NA,NA,-1.254882111,36.83204676
754,garissa,jaribu,kenya,2009-11-12,-2.033148942147387,4,0,NA,NA,NA,NA,NA,-0.44980003,39.63990781
755,garissa,jaribu,kenya,2009-11-12,-1.7256544643486091,2,0,NA,NA,NA,NA,NA,-0.44980003,39.63990781
756,garissa,jaribu,kenya,2009-11-12,-1.6654956195554782,3,0,NA,NA,NA,NA,NA,-0.44980003,39.63990781
757,garissa,jaribu,kenya,2009-11-12,-0.9387667787905873,4,0,NA,NA,NA,NA,NA,-0.44980003,39.63990781
758,garissa,jaribu,kenya,2009-11-12,-2.4011809776245956,7,5,NA,hh,international,122,NA,-0.44980003,39.63990781
758,garissa,jaribu,kenya,2009-11-12,-2.4011809776245956,7,5,NA,hh,national,72,NA,-0.44980003,39.63990781
758,garissa,jaribu,kenya,2009-11-12,-2.4011809776245956,7,5,NA,hh,national,113,NA,-0.44980003,39.63990781
758,garissa,jaribu,kenya,2009-11-12,-2.4011809776245956,7,5,NA,hh,international,99,NA,-0.44980003,39.63990781
758,garissa,jaribu,kenya,2009-11-12,-2.4011809776245956,7,5,NA,hh,international,56,NA,-0.44980003,39.63990781
759,garissa,jaribu,kenya,2009-11-12,-1.5451779299692159,5,0,NA,NA,NA,NA,NA,-0.44980003,39.63990781
760,garissa,jaribu,kenya,2009-11-12,-1.41517404458468,3,3,1,hh,international,37,1,-0.44980003,39.63990781
760,garissa,jaribu,kenya,2009-11-12,-1.41517404458468,3,3,1,hh,international,17,NA,-0.44980003,39.63990781
760,garissa,jaribu,kenya,2009-11-12,-1.41517404458468,3,3,1,hh,international,17,NA,-0.44980003,39.63990781
761,garissa,town centre,kenya,2009-11-10,-1.8423810104884886,3,2,1,hh,international,40,1,-0.448509961,39.65421677
761,garissa,town centre,kenya,2009-11-10,-1.8423810104884886,3,2,1,hh,national,20,NA,-0.448509961,39.65421677
762,garissa,town centre,kenya,2009-11-10,-2.8615458848071866,2,3,1,hh,international,80,1,-0.448509961,39.65421677
762,garissa,town centre,kenya,2009-11-10,-2.8615458848071866,2,3,1,hh,international,38,1,-0.448509961,39.65421677
762,garissa,town centre,kenya,2009-11-10,-2.8615458848071866,2,3,1,hh,international,30,NA,-0.448509961,39.65421677
762,garissa,town centre,kenya,2009-11-10,-2.8615458848071866,2,3,1,non-hh,international,NA,1,-0.448509961,39.65421677
763,garissa,jaribu,kenya,2009-11-13,-0.5487299214135999,4,1,1,hh,international,28,1,-0.44980003,39.63990781
764,garissa,kamour,kenya,2009-11-15,-2.2933630795715074,5,1,1,hh,national,54,1,-0.448509961,39.65421677
765,garissa,kamour,kenya,2009-11-15,0.0023858775228532414,7,1,NA,hh,international,57,NA,-0.448509961,39.65421677
766,garissa,kamour,kenya,2009-11-15,-0.5731594843463089,6,2,NA,hh,national,40,NA,-0.448509961,39.65421677
766,garissa,kamour,kenya,2009-11-15,-0.5731594843463089,6,2,NA,hh,national,19,NA,-0.448509961,39.65421677
767,garissa,market,kenya,2009-11-09,-2.4136807691577697,3,1,1,hh,international,37,1,-0.440424441,39.66017825
768,garissa,market,kenya,2009-11-07,-2.193438616583537,5,2,1,hh,international,40,1,-0.440424441,39.66017825
768,garissa,market,kenya,2009-11-07,-2.193438616583537,5,2,1,hh,international,45,1,-0.440424441,39.66017825
769,garissa,hidaya,kenya,2009-11-12,-0.6333183291394402,10,1,1,hh,national,28,1,-0.448244644,39.65445633
770,garissa,hidaya,kenya,2009-11-11,-1.626793083599748,10,2,1,hh,national,56,1,-0.448244644,39.65445633
770,garissa,hidaya,kenya,2009-11-11,-1.626793083599748,10,2,1,hh,national,27,1,-0.448244644,39.65445633
771,garissa,market,kenya,2009-11-07,-0.12373774009075172,8,0,NA,NA,NA,NA,NA,-0.440424441,39.66017825
772,garissa,market,kenya,2009-11-08,0.3796027415346106,7,0,NA,NA,NA,NA,NA,-0.440424441,39.66017825
773,garissa,market,kenya,2009-11-07,1.5393042470946305,5,0,NA,NA,NA,NA,NA,-0.440424441,39.66017825
774,garissa,hidaya,kenya,2009-11-11,-0.6333183291394402,5,0,NA,NA,NA,NA,NA,-0.448244644,39.65445633
775,garissa,kamour,kenya,2009-11-15,-1.41517404458468,3,1,1,hh,national,28,1,-0.448509961,39.65421677
776,garissa,market,kenya,2009-11-08,-0.7536360187257021,6,3,1,hh,national,45,1,-0.440424441,39.66017825
776,garissa,market,kenya,2009-11-08,-0.7536360187257021,6,3,1,hh,international,19,1,-0.440424441,39.66017825
776,garissa,market,kenya,2009-11-08,-0.7536360187257021,6,3,1,hh,national,28,NA,-0.440424441,39.66017825
777,garissa,town centre,kenya,2009-11-07,-0.7235565963291366,7,1,1,hh,international,48,1,-0.448509961,39.65421677
778,garissa,town centre,kenya,2009-11-09,2.6383606741270778,3,1,1,hh,international,14,1,-0.448509961,39.65421677
779,garissa,town centre,kenya,2009-11-08,-0.6333183291394402,5,1,1,hh,international,32,1,-0.448509961,39.65421677
780,garissa,town centre,kenya,2009-11-09,1.4784684034748914,6,1,1,hh,international,16,1,-0.448509961,39.65421677
781,garissa,town centre,kenya,2009-11-09,-1.0039575936965002,3,1,1,hh,international,40,1,-0.448509961,39.65421677
782,garissa,market,kenya,2009-11-09,-1.4452534669812456,5,1,1,hh,international,50,1,-0.440424441,39.66017825
782,garissa,market,kenya,2009-11-09,-1.4452534669812456,5,1,1,non-hh,international,NA,1,-0.440424441,39.66017825
783,garissa,market,kenya,2009-11-07,2.7586783637133405,5,1,1,hh,international,32,1,-0.440424441,39.66017825
784,garissa,market,kenya,2009-11-08,-2.6877549082346692,5,1,1,hh,international,40,1,-0.440424441,39.66017825
785,garissa,kamour,kenya,2009-11-14,-0.9738781712999347,7,1,1,hh,international,85,1,-0.448509961,39.65421677
786,garissa,kamour,kenya,2009-11-14,-1.3550151997915492,4,3,1,hh,international,14,1,-0.448509961,39.65421677
786,garissa,kamour,kenya,2009-11-14,-1.3550151997915492,4,3,1,hh,international,43,1,-0.448509961,39.65421677
786,garissa,kamour,kenya,2009-11-14,-1.3550151997915492,4,3,1,hh,international,16,1,-0.448509961,39.65421677
787,garissa,kamour,kenya,2009-11-14,0.08372431582717693,10,1,1,hh,international,50,1,-0.448509961,39.65421677
788,garissa,kamour,kenya,2009-11-14,-1.0039575936965002,3,1,1,hh,international,57,1,-0.448509961,39.65421677
789,garissa,hidaya,kenya,2009-11-12,-1.5054123117743765,3,1,1,hh,international,66,1,-0.448244644,39.65445633
790,garissa,hidaya,kenya,2009-11-12,1.638551711255993,9,1,NA,hh,international,31,NA,-0.448244644,39.65445633
791,garissa,hidaya,kenya,2009-11-12,-2.1032003493938407,8,3,1,hh,national,28,1,-0.448244644,39.65445633
791,garissa,hidaya,kenya,2009-11-12,-2.1032003493938407,8,3,1,hh,national,19,1,-0.448244644,39.65445633
791,garissa,hidaya,kenya,2009-11-12,-2.1032003493938407,8,3,1,hh,international,37,1,-0.448244644,39.65445633
792,garissa,hidaya,kenya,2009-11-11,0.5597599687489192,3,0,NA,NA,NA,NA,NA,-0.448244644,39.65445633
793,garissa,hidaya,kenya,2009-11-11,2.1229741570510465,3,0,NA,NA,NA,NA,NA,-0.448244644,39.65445633
794,garissa,market,kenya,2009-11-08,2.234490299723447,20,0,NA,NA,NA,NA,NA,-0.440424441,39.66017825
795,nairobi,eastleigh,kenya,2009-11-22,-0.9647573172209882,2,0,NA,NA,NA,NA,NA,-1.269577908,36.84078563
796,nairobi,eastleigh,kenya,2009-11-22,-2.5139455104796546,4,0,NA,NA,NA,NA,NA,-1.269577908,36.84078563
797,nairobi,eastleigh,kenya,2009-11-22,-3.078447121056106,8,0,NA,NA,NA,NA,NA,-1.269577908,36.84078563
798,nairobi,eastleigh,kenya,2009-11-22,-0.881524848181926,2,0,NA,NA,NA,NA,NA,-1.269577908,36.84078563
799,nairobi,eastleigh,kenya,2009-11-22,-2.2694101643520828,3,0,NA,NA,NA,NA,NA,-1.269577908,36.84078563
800,nairobi,eastleigh,kenya,2009-11-22,-2.4738396139509007,4,0,NA,NA,NA,NA,NA,-1.269577908,36.84078563
801,nairobi,eastleigh,kenya,2009-11-22,-2.718399672350562,7,0,NA,NA,NA,NA,NA,-1.269577908,36.84078563
803,nairobi,eastleigh,kenya,2009-11-22,-3.079352741109348,4,1,1,hh,international,564,1,-1.269577908,36.84078563
804,nairobi,eastleigh,kenya,2009-11-22,-3.691408781552719,7,2,1,hh,international,74,1,-1.269577908,36.84078563
804,nairobi,eastleigh,kenya,2009-11-22,-3.691408781552719,7,2,1,hh,international,51,1,-1.269577908,36.84078563
805,nairobi,eastleigh,kenya,2009-11-22,-3.75156762634585,3,1,1,hh,international,15,1,-1.269577908,36.84078563
806,nairobi,eastleigh,kenya,2009-11-22,-0.2514842638310621,10,1,1,hh,international,32,1,-1.269577908,36.84078563
807,nairobi,eastleigh,kenya,2009-11-22,-2.3311675915070564,4,2,1,hh,international,70,NA,-1.269577908,36.84078563
807,nairobi,eastleigh,kenya,2009-11-22,-2.3311675915070564,4,2,1,hh,international,NA,1,-1.269577908,36.84078563
808,nairobi,eastleigh,kenya,2009-11-22,-2.314321647889127,12,2,1,hh,international,96,1,-1.269577908,36.84078563
808,nairobi,eastleigh,kenya,2009-11-22,-2.314321647889127,12,2,1,hh,international,96,1,-1.269577908,36.84078563
809,nairobi,eastleigh,kenya,2009-11-22,-3.5619702378875107,9,1,1,hh,international,12,1,-1.269577908,36.84078563
810,nairobi,eastleigh,kenya,2009-11-22,0.15499224147929885,12,1,NA,hh,international,24,NA,-1.269577908,36.84078563
811,nairobi,kibarage,kenya,2009-11-20,0.6591190900175621,3,2,NA,hh,national,12,NA,-1.250681394,36.75244144
811,nairobi,kibarage,kenya,2009-11-20,0.6591190900175621,3,2,NA,hh,international,48,NA,-1.250681394,36.75244144
813,nairobi,kibarage,kenya,2009-11-20,0.5388014004313,1,2,1,hh,national,6,1,-1.250681394,36.75244144
813,nairobi,kibarage,kenya,2009-11-20,0.5388014004313,1,2,1,hh,international,36,NA,-1.250681394,36.75244144
814,nairobi,kibarage,kenya,2009-11-21,-0.6973973384124281,4,4,NA,hh,national,60,NA,-1.250681394,36.75244144
814,nairobi,kibarage,kenya,2009-11-21,-0.6973973384124281,4,4,NA,hh,national,24,NA,-1.250681394,36.75244144
814,nairobi,kibarage,kenya,2009-11-21,-0.6973973384124281,4,4,NA,hh,national,24,NA,-1.250681394,36.75244144
814,nairobi,kibarage,kenya,2009-11-21,-0.6973973384124281,4,4,NA,hh,national,24,NA,-1.250681394,36.75244144
815,nairobi,kibarage,kenya,2009-11-21,-0.44937080014495695,2,1,1,hh,national,12,1,-1.250681394,36.75244144
816,nairobi,kibarage,kenya,2009-11-20,0.11789875374484626,5,1,1,hh,national,50,1,-1.250681394,36.75244144
818,nairobi,kibarage,kenya,2009-11-20,0.5087219780347345,1,0,NA,NA,NA,NA,NA,-1.250681394,36.75244144
819,nairobi,kibarage,kenya,2009-11-21,0.5989602452244311,2,1,NA,hh,national,180,NA,-1.250681394,36.75244144
820,nairobi,kibarage,kenya,2009-11-21,0.7794367796038242,5,0,NA,NA,NA,NA,NA,-1.250681394,36.75244144
821,nairobi,kibarage,kenya,2009-11-20,0.5989602452244311,2,1,NA,hh,national,40,NA,-1.250681394,36.75244144
822,nairobi,kibarage,kenya,2009-11-20,0.719277934810693,4,0,NA,NA,NA,NA,NA,-1.250681394,36.75244144
823,nairobi,kibarage,kenya,2009-11-20,0.6591190900175621,3,0,NA,NA,NA,NA,NA,-1.250681394,36.75244144
824,nairobi,kibarage,kenya,2009-11-21,-0.29570108993183974,10,0,NA,NA,NA,NA,NA,-1.250681394,36.75244144
825,nairobi,kibarage,kenya,2009-11-21,1.410398140477884,1,0,NA,NA,NA,NA,NA,-1.250681394,36.75244144
826,nairobi,kibarage,kenya,2009-11-21,2.071936166336862,1,3,NA,hh,national,12,NA,-1.250681394,36.75244144
826,nairobi,kibarage,kenya,2009-11-21,2.071936166336862,1,3,NA,hh,national,12,NA,-1.250681394,36.75244144
826,nairobi,kibarage,kenya,2009-11-21,2.071936166336862,1,3,NA,hh,national,12,NA,-1.250681394,36.75244144
827,machakos,kanzia,kenya,2009-11-14,1.5299903665025598,5,1,1,hh,national,36,1,-1.522119854,37.26569689
828,machakos,kanzia,kenya,2009-11-14,1.5099374182381828,4,2,1,hh,national,12,1,-1.522119854,37.26569689
828,machakos,kanzia,kenya,2009-11-14,1.5099374182381828,4,2,1,hh,national,5,1,-1.522119854,37.26569689
829,machakos,kanzia,kenya,2009-11-14,0.9200366482456037,4,1,1,hh,national,195,1,-1.522119854,37.26569689
830,machakos,kanzia,kenya,2009-11-14,0.7663370818583345,2,1,1,hh,national,70,1,-1.522119854,37.26569689
831,machakos,kanzia,kenya,2009-11-14,1.4748447587755231,3,1,1,hh,national,27,1,-1.522119854,37.26569689
832,machakos,kanzia,kenya,2009-11-14,0.8584258665113935,6,1,1,hh,national,26,1,-1.522119854,37.26569689
833,machakos,kanzia,kenya,2009-11-14,1.4898844699738059,4,1,NA,hh,national,36,NA,-1.522119854,37.26569689
834,machakos,kanzia,kenya,2009-11-14,0.7511491954839349,4,1,NA,hh,national,4,NA,-1.522119854,37.26569689
835,machakos,kanzia,kenya,2009-11-14,0.9477585136478479,8,6,1,hh,international,349,1,-1.522119854,37.26569689
835,machakos,kanzia,kenya,2009-11-14,0.9477585136478479,8,6,1,hh,national,48,1,-1.522119854,37.26569689
835,machakos,kanzia,kenya,2009-11-14,0.9477585136478479,8,6,1,hh,national,25,NA,-1.522119854,37.26569689
835,machakos,kanzia,kenya,2009-11-14,0.9477585136478479,8,6,1,hh,national,27,NA,-1.522119854,37.26569689
835,machakos,kanzia,kenya,2009-11-14,0.9477585136478479,8,6,1,hh,national,16,NA,-1.522119854,37.26569689
835,machakos,kanzia,kenya,2009-11-14,0.9477585136478479,8,6,1,hh,national,26,NA,-1.522119854,37.26569689
836,machakos,kanzia,kenya,2009-11-14,0.5046330940685699,4,1,1,hh,international,39,1,-1.522119854,37.26569689
836,machakos,kanzia,kenya,2009-11-14,0.5046330940685699,4,1,1,non-hh,national,NA,1,-1.522119854,37.26569689
836,machakos,kanzia,kenya,2009-11-14,0.5046330940685699,4,1,1,non-hh,national,NA,1,-1.522119854,37.26569689
837,machakos,kanzia,kenya,2009-11-14,0.828346444114828,5,1,1,hh,international,108,1,-1.522119854,37.26569689
838,machakos,kanzia,kenya,2009-11-14,0.8082934958504511,2,3,1,hh,international,48,1,-1.522119854,37.26569689
838,machakos,kanzia,kenya,2009-11-14,0.8082934958504511,2,3,1,hh,national,132,1,-1.522119854,37.26569689
838,machakos,kanzia,kenya,2009-11-14,0.8082934958504511,2,3,1,hh,national,96,1,-1.522119854,37.26569689
839,machakos,kanzia,kenya,2009-11-14,1.4748447587755231,3,6,1,hh,national,37,1,-1.522119854,37.26569689
839,machakos,kanzia,kenya,2009-11-14,1.4748447587755231,3,6,1,hh,national,64,1,-1.522119854,37.26569689
839,machakos,kanzia,kenya,2009-11-14,1.4748447587755231,3,6,1,hh,international,73,1,-1.522119854,37.26569689
839,machakos,kanzia,kenya,2009-11-14,1.4748447587755231,3,6,1,hh,international,14,1,-1.522119854,37.26569689
839,machakos,kanzia,kenya,2009-11-14,1.4748447587755231,3,6,1,hh,international,25,NA,-1.522119854,37.26569689
839,machakos,kanzia,kenya,2009-11-14,1.4748447587755231,3,6,1,hh,international,25,NA,-1.522119854,37.26569689
840,machakos,kanzia,kenya,2009-11-14,1.4898844699738059,3,1,1,hh,international,15,1,-1.522119854,37.26569689
841,machakos,kanzia,kenya,2009-11-14,0.5037274740153277,2,1,NA,hh,international,156,NA,-1.522119854,37.26569689
842,machakos,kanzia,kenya,2009-11-14,2.1255886766360996,6,0,NA,NA,NA,NA,NA,-1.522119854,37.26569689
843,machakos,kanzia,kenya,2009-11-14,2.0253239353142143,4,0,NA,NA,NA,NA,NA,-1.522119854,37.26569689
844,machakos,kaluoki,kenya,2009-11-10,-2.5339984587440316,1,0,NA,NA,NA,NA,NA,-1.522391812,37.26633915
845,machakos,kaluoki,kenya,2009-11-10,-2.2668322235580596,3,1,1,hh,national,15,1,-1.522391812,37.26633915
846,machakos,kaluoki,kenya,2009-11-10,1.3549821414729863,6,0,NA,NA,NA,NA,NA,-1.522391812,37.26633915
847,machakos,kaluoki,kenya,2009-11-10,-1.6488573259953527,6,1,NA,hh,national,36,NA,-1.522391812,37.26633915
848,machakos,kaluoki,kenya,2009-11-10,0.4444742492754388,4,1,NA,hh,national,3,NA,-1.522391812,37.26633915
849,machakos,kaluoki,kenya,2009-11-10,-1.0198841919013375,3,1,NA,hh,national,23,NA,-1.522391812,37.26633915
850,machakos,kaluoki,kenya,2009-11-10,0.8492818201952288,2,1,1,hh,national,3,1,-1.522391812,37.26633915
851,machakos,kaluoki,kenya,2009-11-10,1.1143467623004624,2,0,NA,NA,NA,NA,NA,-1.522391812,37.26633915
852,nairobi,loresho,kenya,2009-11-21,-1.9530715742712073,2,1,NA,hh,international,60,NA,-1.253745825,36.75036738
853,machakos,kaluoki,kenya,2009-11-10,-0.962758624581509,3,1,NA,hh,national,60,NA,-1.522391812,37.26633915
854,machakos,kaluoki,kenya,2009-11-10,-1.78581330914174,3,0,NA,NA,NA,NA,NA,-1.522391812,37.26633915
855,machakos,kaluoki,kenya,2009-11-10,-0.6111503249467511,3,0,NA,NA,NA,NA,NA,-1.522391812,37.26633915
856,machakos,kaluoki,kenya,2009-11-10,-0.6312032732111281,4,0,1,non-hh,national,NA,1,-1.522391812,37.26633915
857,machakos,kaluoki,kenya,2009-11-10,-1.3255011191143111,7,1,1,hh,national,216,1,-1.522391812,37.26633915
858,machakos,kaluoki,kenya,2009-11-10,-1.1543547056793277,3,1,1,hh,international,9,1,-1.522391812,37.26633915
859,machakos,kaluoki,kenya,2009-11-11,-1.7560375725450028,6,2,1,hh,national,180,1,-1.522391812,37.26633915
859,machakos,kaluoki,kenya,2009-11-11,-1.7560375725450028,6,2,1,hh,international,84,NA,-1.522391812,37.26633915
860,machakos,kaluoki,kenya,2009-11-11,0.051328268392964616,4,8,1,hh,international,251,1,-1.522391812,37.26633915
860,machakos,kaluoki,kenya,2009-11-11,0.051328268392964616,4,8,1,hh,international,251,1,-1.522391812,37.26633915
860,machakos,kaluoki,kenya,2009-11-11,0.051328268392964616,4,8,1,hh,international,251,1,-1.522391812,37.26633915
860,machakos,kaluoki,kenya,2009-11-11,0.051328268392964616,4,8,1,hh,international,251,1,-1.522391812,37.26633915
860,machakos,kaluoki,kenya,2009-11-11,0.051328268392964616,4,8,1,hh,international,251,1,-1.522391812,37.26633915
860,machakos,kaluoki,kenya,2009-11-11,0.051328268392964616,4,8,1,hh,international,251,1,-1.522391812,37.26633915
860,machakos,kaluoki,kenya,2009-11-11,0.051328268392964616,4,8,1,hh,national,106,1,-1.522391812,37.26633915
860,machakos,kaluoki,kenya,2009-11-11,0.051328268392964616,4,8,1,hh,national,106,1,-1.522391812,37.26633915
861,machakos,kanzia,kenya,2009-11-14,0.4104685308440773,3,0,NA,NA,NA,NA,NA,-1.522119854,37.26569689
862,machakos,kanzia,kenya,2009-11-14,0.2960696983771516,5,0,NA,NA,NA,NA,NA,-1.522119854,37.26569689
863,machakos,kanzia,kenya,2009-11-14,0.6571100169547227,2,0,NA,NA,NA,NA,NA,-1.522119854,37.26569689
864,machakos,kaluoki,kenya,2009-11-10,-2.4553239379384135,5,2,1,hh,international,38,NA,-1.522391812,37.26633915
864,machakos,kaluoki,kenya,2009-11-10,-2.4553239379384135,5,2,1,hh,international,77,NA,-1.522391812,37.26633915
864,machakos,kaluoki,kenya,2009-11-10,-2.4553239379384135,5,2,1,non-hh,international,NA,1,-1.522391812,37.26633915
865,machakos,kaluoki,kenya,2009-11-10,-1.6664012396087202,4,1,NA,hh,international,4,NA,-1.522391812,37.26633915
866,machakos,kaluoki,kenya,2009-11-10,-1.436132612902299,5,1,NA,hh,international,96,NA,-1.522391812,37.26633915
867,machakos,kaluoki,kenya,2009-11-10,-1.7981487639001947,3,1,1,hh,international,126,1,-1.522391812,37.26633915
867,machakos,kaluoki,kenya,2009-11-10,-1.7981487639001947,3,1,1,non-hh,national,NA,1,-1.522391812,37.26633915
869,nairobi,loresho,kenya,2009-11-20,-3.4244464969038333,3,4,1,hh,international,204,1,-1.253745825,36.75036738
869,nairobi,loresho,kenya,2009-11-20,-3.4244464969038333,3,4,1,hh,international,204,1,-1.253745825,36.75036738
869,nairobi,loresho,kenya,2009-11-20,-3.4244464969038333,3,4,1,hh,national,180,1,-1.253745825,36.75036738
869,nairobi,loresho,kenya,2009-11-20,-3.4244464969038333,3,4,1,hh,national,156,1,-1.253745825,36.75036738
870,nairobi,loresho,kenya,2009-11-20,-3.4119134042385975,7,1,NA,hh,international,3,NA,-1.253745825,36.75036738
872,nairobi,loresho,kenya,2009-11-20,-3.3868472189081262,4,3,1,hh,,120,1,-1.253745825,36.75036738
872,nairobi,loresho,kenya,2009-11-20,-3.3868472189081262,4,3,1,hh,,96,1,-1.253745825,36.75036738
872,nairobi,loresho,kenya,2009-11-20,-3.3868472189081262,4,3,1,hh,,48,1,-1.253745825,36.75036738
873,nairobi,loresho,kenya,2009-11-20,-3.133592728783143,7,1,1,hh,international,36,1,-1.253745825,36.75036738
875,nairobi,loresho,kenya,2009-11-21,-2.9584697098037585,2,2,NA,hh,international,24,NA,-1.253745825,36.75036738
875,nairobi,loresho,kenya,2009-11-21,-2.9584697098037585,2,2,NA,hh,international,12,NA,-1.253745825,36.75036738
876,nairobi,loresho,kenya,2009-11-20,-3.5162857625733346,3,2,1,hh,international,NA,1,-1.253745825,36.75036738
876,nairobi,loresho,kenya,2009-11-20,-3.5162857625733346,3,2,1,hh,international,NA,1,-1.253745825,36.75036738
877,nairobi,loresho,kenya,2009-11-21,-2.9584697098037585,2,3,NA,hh,international,38,NA,-1.253745825,36.75036738
877,nairobi,loresho,kenya,2009-11-21,-2.9584697098037585,2,3,NA,hh,international,24,NA,-1.253745825,36.75036738
877,nairobi,loresho,kenya,2009-11-21,-2.9584697098037585,2,3,NA,hh,international,NA,NA,-1.253745825,36.75036738
878,nairobi,loresho,kenya,2009-11-20,-3.7666073375441327,2,3,1,hh,international,96,1,-1.253745825,36.75036738
878,nairobi,loresho,kenya,2009-11-20,-3.7666073375441327,2,3,1,hh,international,72,1,-1.253745825,36.75036738
878,nairobi,loresho,kenya,2009-11-20,-3.7666073375441327,2,3,1,hh,international,48,1,-1.253745825,36.75036738
879,nairobi,loresho,kenya,2009-11-19,-3.534333416011274,1,1,1,hh,international,120,1,-1.253745825,36.75036738
880,nairobi,loresho,kenya,2009-11-24,-3.506259288441146,4,2,1,hh,international,72,1,-1.253745825,36.75036738
880,nairobi,loresho,kenya,2009-11-24,-3.506259288441146,4,2,1,hh,international,72,1,-1.253745825,36.75036738
881,nairobi,loresho,kenya,2009-11-23,-3.474174571218143,6,3,1,hh,international,60,1,-1.253745825,36.75036738
881,nairobi,loresho,kenya,2009-11-23,-3.474174571218143,6,3,1,hh,international,48,1,-1.253745825,36.75036738
881,nairobi,loresho,kenya,2009-11-23,-3.474174571218143,6,3,1,hh,international,24,1,-1.253745825,36.75036738
882,nairobi,loresho,kenya,2009-11-21,-3.776633811676321,2,2,NA,hh,international,120,NA,-1.253745825,36.75036738
882,nairobi,loresho,kenya,2009-11-21,-3.776633811676321,2,2,NA,hh,international,48,NA,-1.253745825,36.75036738
883,nairobi,loresho,kenya,2009-11-23,-0.5727934593308524,8,4,1,hh,international,120,1,-1.253745825,36.75036738
883,nairobi,loresho,kenya,2009-11-23,-0.5727934593308524,8,4,1,hh,international,120,1,-1.253745825,36.75036738
883,nairobi,loresho,kenya,2009-11-23,-0.5727934593308524,8,4,1,hh,international,96,NA,-1.253745825,36.75036738
883,nairobi,loresho,kenya,2009-11-23,-0.5727934593308524,8,4,1,hh,international,96,NA,-1.253745825,36.75036738
884,nairobi,loresho,kenya,2009-11-22,-2.34090884048421,5,2,1,hh,international,120,1,-1.253745825,36.75036738
884,nairobi,loresho,kenya,2009-11-22,-2.34090884048421,5,2,1,hh,international,96,1,-1.253745825,36.75036738
885,nairobi,loresho,kenya,2009-11-23,-3.059931445043619,7,2,1,hh,international,60,NA,-1.253745825,36.75036738
885,nairobi,loresho,kenya,2009-11-23,-3.059931445043619,7,2,1,hh,international,60,1,-1.253745825,36.75036738
886,nairobi,loresho,kenya,2009-11-23,-2.877588243418688,2,2,1,hh,international,156,1,-1.253745825,36.75036738
886,nairobi,loresho,kenya,2009-11-23,-2.877588243418688,2,2,1,hh,international,120,1,-1.253745825,36.75036738
887,machakos,mbondoni,kenya,2009-11-09,-0.2641816028178667,6,1,1,hh,national,5,1,-0.971685469,37.99497116
888,machakos,mbondoni,kenya,2009-11-09,-0.9383240914496853,5,2,1,hh,international,51,1,-0.971685469,37.99497116
888,machakos,mbondoni,kenya,2009-11-09,-0.9383240914496853,5,2,1,hh,national,25,1,-0.971685469,37.99497116
889,machakos,mbondoni,kenya,2009-11-09,-1.7379899191070638,6,2,1,hh,international,254,1,-0.971685469,37.99497116
889,machakos,mbondoni,kenya,2009-11-09,-1.7379899191070638,6,2,1,hh,international,120,1,-0.971685469,37.99497116
890,machakos,mbondoni,kenya,2009-11-10,0.3411888319719998,4,1,NA,hh,national,92,NA,-0.971685469,37.99497116
891,machakos,mususye,kenya,2009-11-13,0.8183199699826396,5,1,1,hh,international,121,1,-1.521255838,37.26570298
892,machakos,mususye,kenya,2009-11-13,1.3036270646621053,2,4,1,hh,international,372,1,-1.521255838,37.26570298
892,machakos,mususye,kenya,2009-11-13,1.3036270646621053,2,4,1,hh,international,180,NA,-1.521255838,37.26570298
892,machakos,mususye,kenya,2009-11-13,1.3036270646621053,2,4,1,hh,international,336,NA,-1.521255838,37.26570298
892,machakos,mususye,kenya,2009-11-13,1.3036270646621053,2,4,1,hh,international,312,NA,-1.521255838,37.26570298
893,machakos,mususye,kenya,2009-11-13,0.828346444114828,4,2,1,hh,national,28,NA,-1.521255838,37.26570298
893,machakos,mususye,kenya,2009-11-13,0.828346444114828,4,2,1,hh,international,156,1,-1.521255838,37.26570298
893,machakos,mususye,kenya,2009-11-13,0.828346444114828,4,2,1,non-hh,national,NA,1,-1.521255838,37.26570298
894,machakos,mususye,kenya,2009-11-13,0.594916354439494,1,2,1,hh,international,87,1,-1.521255838,37.26570298
894,machakos,mususye,kenya,2009-11-13,0.594916354439494,1,2,1,hh,national,76,1,-1.521255838,37.26570298
895,machakos,mususye,kenya,2009-11-13,-0.3183245631316846,3,1,1,hh,international,108,1,-1.521255838,37.26570298
896,machakos,mususye,kenya,2009-11-13,-0.3062927941730584,4,2,1,hh,international,120,1,-1.521255838,37.26570298
896,machakos,mususye,kenya,2009-11-13,-0.3062927941730584,4,2,1,hh,international,72,NA,-1.521255838,37.26570298
897,machakos,mususye,kenya,2009-11-13,-0.21209014531525522,5,1,NA,hh,international,120,NA,-1.521255838,37.26570298
898,machakos,mususye,kenya,2009-11-13,2.0052709870498373,3,2,1,hh,national,27,1,-1.521255838,37.26570298
898,machakos,mususye,kenya,2009-11-13,2.0052709870498373,3,2,1,hh,national,73,NA,-1.521255838,37.26570298
899,machakos,mususye,kenya,2009-11-13,1.5299903665025598,5,2,1,hh,national,14,1,-1.521255838,37.26570298
899,machakos,mususye,kenya,2009-11-13,1.5299903665025598,5,2,1,hh,national,14,1,-1.521255838,37.26570298
900,machakos,mususye,kenya,2009-11-13,0.6049976867009883,4,2,1,hh,national,48,1,-1.521255838,37.26570298
900,machakos,mususye,kenya,2009-11-13,0.6049976867009883,4,2,1,hh,national,48,1,-1.521255838,37.26570298
901,machakos,mususye,kenya,2009-11-13,1.1461181716631708,5,1,NA,hh,national,173,NA,-1.521255838,37.26570298
902,machakos,mususye,kenya,2009-11-13,0.36727700064454577,3,1,NA,hh,national,3,NA,-1.521255838,37.26570298
903,machakos,mususye,kenya,2009-11-13,1.1060122751344168,4,1,1,hh,national,15,1,-1.521255838,37.26570298
904,machakos,mususye,kenya,2009-11-13,1.0859593268700398,4,2,1,hh,national,42,1,-1.521255838,37.26570298
904,machakos,mususye,kenya,2009-11-13,1.0859593268700398,4,2,1,hh,national,24,1,-1.521255838,37.26570298
905,machakos,mususye,kenya,2009-11-13,1.295609663592756,5,0,NA,NA,NA,NA,NA,-1.521255838,37.26570298
906,machakos,mususye,kenya,2009-11-13,-0.2856669045296992,8,0,NA,NA,NA,NA,NA,-1.521255838,37.26570298
907,machakos,mususye,kenya,2009-11-13,0.38732994890892275,8,0,NA,NA,NA,NA,NA,-1.521255838,37.26570298
908,nairobi,loresho,kenya,2009-11-23,-2.935074603495319,8,2,1,hh,international,156,1,-1.253745825,36.75036738
908,nairobi,loresho,kenya,2009-11-23,-2.935074603495319,8,2,1,hh,international,120,NA,-1.253745825,36.75036738
909,machakos,kanzia,kenya,2009-11-14,2.0453768835785913,5,0,NA,NA,NA,NA,NA,-1.522119854,37.26569689
910,machakos,mbondoni,kenya,2009-11-09,1.5299903665025598,5,1,1,hh,national,80,1,-0.971685469,37.99497116
911,machakos,mbondoni,kenya,2009-11-09,-0.3805080386801092,5,1,1,hh,national,70,1,-0.971685469,37.99497116
912,machakos,mbondoni,kenya,2009-11-09,-0.24104302088271212,10,1,1,hh,national,240,1,-0.971685469,37.99497116
913,machakos,mbondoni,kenya,2009-11-09,0.3211358837076228,5,1,1,hh,national,276,1,-0.971685469,37.99497116
914,machakos,mbondoni,kenya,2009-11-09,0.3050935250961212,7,1,1,hh,national,66,1,-0.971685469,37.99497116
915,machakos,mbondoni,kenya,2009-11-09,1.4898844699738059,4,4,1,hh,national,59,1,-0.971685469,37.99497116
915,machakos,mbondoni,kenya,2009-11-09,1.4898844699738059,4,4,1,hh,national,47,1,-0.971685469,37.99497116
915,machakos,mbondoni,kenya,2009-11-09,1.4898844699738059,4,4,1,hh,national,47,1,-0.971685469,37.99497116
915,machakos,mbondoni,kenya,2009-11-09,1.4898844699738059,4,4,1,hh,national,35,1,-0.971685469,37.99497116
916,machakos,mbondoni,kenya,2009-11-09,0.5046330940685699,8,2,NA,hh,national,23,NA,-0.971685469,37.99497116
916,machakos,mbondoni,kenya,2009-11-09,0.5046330940685699,8,2,NA,hh,national,23,NA,-0.971685469,37.99497116
917,machakos,mbondoni,kenya,2009-11-09,-0.9483505655818738,5,0,NA,NA,NA,NA,NA,-0.971685469,37.99497116
918,machakos,mbondoni,kenya,2009-11-09,0.26097703891449175,2,1,NA,hh,international,60,NA,-0.971685469,37.99497116
919,machakos,mbondoni,kenya,2009-11-09,-0.9684035138462508,3,1,1,hh,national,276,1,-0.971685469,37.99497116
920,machakos,mbondoni,kenya,2009-11-11,-2.4613398224177265,2,1,1,hh,international,91,1,-0.971685469,37.99497116
921,machakos,mbondoni,kenya,2009-11-09,0.34429380157163314,2,2,1,hh,international,15,1,-0.971685469,37.99497116
921,machakos,mbondoni,kenya,2009-11-09,0.34429380157163314,2,2,1,hh,national,120,1,-0.971685469,37.99497116
922,machakos,mbondoni,kenya,2009-11-09,-2.4553239379384135,3,2,1,hh,national,73,1,-0.971685469,37.99497116
922,machakos,mbondoni,kenya,2009-11-09,-2.4553239379384135,3,2,1,hh,national,40,NA,-0.971685469,37.99497116
923,machakos,mbondoni,kenya,2009-11-09,0.32614912077371705,7,1,1,hh,national,154,1,-0.971685469,37.99497116
923,machakos,mbondoni,kenya,2009-11-09,0.32614912077371705,7,1,1,non-hh,national,NA,1,-0.971685469,37.99497116
924,machakos,mbondoni,kenya,2009-11-09,-0.9142605535324329,7,2,NA,hh,national,16,NA,-0.971685469,37.99497116
924,machakos,mbondoni,kenya,2009-11-09,-0.9142605535324329,7,2,NA,hh,national,52,NA,-0.971685469,37.99497116
925,machakos,mbondoni,kenya,2009-11-09,-0.3404021421513552,5,1,1,hh,national,15,1,-0.971685469,37.99497116
926,machakos,mbondoni,kenya,2009-11-09,-0.3955477498783919,3,1,1,hh,national,69,1,-0.971685469,37.99497116
926,machakos,mbondoni,kenya,2009-11-09,-0.3955477498783919,3,1,1,non-hh,national,NA,1,-0.971685469,37.99497116
927,machakos,mususye,kenya,2009-11-13,-1.0828388643820126,3,0,1,non-hh,national,NA,1,-1.521255838,37.26570298
928,machakos,mususye,kenya,2009-11-13,2.194868375508177,5,0,NA,NA,NA,NA,NA,-1.521255838,37.26570298
929,machakos,mususye,kenya,2009-11-13,1.4898844699738059,4,0,NA,NA,NA,NA,NA,-1.521255838,37.26570298
930,machakos,mususye,kenya,2009-11-14,0.40134767676513083,6,0,NA,NA,NA,NA,NA,-1.521255838,37.26570298
931,machakos,makadara,kenya,2009-11-12,0.5989602452244311,2,2,NA,hh,national,660,NA,-1.296292895,36.87271104
931,machakos,makadara,kenya,2009-11-12,0.5989602452244311,2,2,NA,hh,national,540,NA,-1.296292895,36.87271104
932,machakos,makadara,kenya,2009-11-12,-1.3759737681091682,2,1,1,hh,national,4,1,-1.296292895,36.87271104
932,machakos,makadara,kenya,2009-11-12,-1.3759737681091682,2,1,1,non-hh,national,NA,1,-1.296292895,36.87271104
933,machakos,makadara,kenya,2009-11-12,-2.425244515541848,4,2,1,hh,national,38,1,-1.296292895,36.87271104
933,machakos,makadara,kenya,2009-11-12,-2.425244515541848,4,2,1,hh,national,16,NA,-1.296292895,36.87271104
934,machakos,makadara,kenya,2009-11-12,-1.5962159206834008,5,1,NA,hh,national,24,NA,-1.296292895,36.87271104
935,machakos,makadara,kenya,2009-11-12,1.3256890859893216,3,1,1,hh,national,15,1,-1.296292895,36.87271104
936,machakos,makadara,kenya,2009-11-11,-1.6864541878730972,1,1,NA,hh,national,36,NA,-1.296292895,36.87271104
938,machakos,makadara,kenya,2009-11-12,-2.8591105885351156,3,1,1,hh,international,38,1,-1.296292895,36.87271104
939,machakos,makadara,kenya,2009-11-12,-0.1608312278252041,3,1,1,hh,international,84,1,-1.296292895,36.87271104
940,machakos,makadara,kenya,2009-11-12,-0.7186472805947801,3,3,1,hh,international,64,NA,-1.296292895,36.87271104
940,machakos,makadara,kenya,2009-11-12,-0.7186472805947801,3,3,1,hh,international,86,NA,-1.296292895,36.87271104
940,machakos,makadara,kenya,2009-11-12,-0.7186472805947801,3,3,1,hh,international,85,1,-1.296292895,36.87271104
941,machakos,makadara,kenya,2009-11-12,-3.11587804943086,3,3,1,hh,national,158,1,-1.296292895,36.87271104
941,machakos,makadara,kenya,2009-11-12,-3.11587804943086,3,3,1,hh,national,137,1,-1.296292895,36.87271104
941,machakos,makadara,kenya,2009-11-12,-3.11587804943086,3,3,1,hh,international,15,NA,-1.296292895,36.87271104
942,thika,juja,kenya,2009-11-21,-3.320279494146605,4,1,1,hh,international,36,1,-1.097205267,37.02491062
943,thika,majengo,kenya,2009-11-20,-1.1192433131699804,1,2,1,hh,international,28,1,-1.280655187,36.84627548
943,thika,majengo,kenya,2009-11-20,-1.1192433131699804,1,2,1,hh,international,15,1,-1.280655187,36.84627548
944,thika,majengo,kenya,2009-11-20,-0.8995665023150752,3,1,1,hh,international,22,1,-1.280655187,36.84627548
945,thika,mabanda,kenya,2009-11-18,1.5299903665025598,5,3,1,hh,national,53,1,-1.041188884,37.0787284
945,thika,mabanda,kenya,2009-11-18,1.5299903665025598,5,3,1,hh,national,64,1,-1.041188884,37.0787284
945,thika,mabanda,kenya,2009-11-18,1.5299903665025598,5,3,1,hh,national,20,1,-1.041188884,37.0787284
946,thika,muirini,kenya,2009-11-19,0.888505288907959,6,1,1,hh,national,58,1,-0.923809304,37.00615886
946,thika,muirini,kenya,2009-11-19,0.888505288907959,6,1,1,non-hh,national,NA,1,-0.923809304,37.00615886
947,thika,muirini,kenya,2009-11-19,0.7964165042549,3,6,1,hh,national,245,1,-0.923809304,37.00615886
947,thika,muirini,kenya,2009-11-19,0.7964165042549,3,6,1,hh,national,126,1,-0.923809304,37.00615886
947,thika,muirini,kenya,2009-11-19,0.7964165042549,3,6,1,hh,national,240,1,-0.923809304,37.00615886
947,thika,muirini,kenya,2009-11-19,0.7964165042549,3,6,1,hh,national,360,1,-0.923809304,37.00615886
947,thika,muirini,kenya,2009-11-19,0.7964165042549,3,6,1,hh,national,60,NA,-0.923809304,37.00615886
947,thika,muirini,kenya,2009-11-19,0.7964165042549,3,6,1,hh,national,12,NA,-0.923809304,37.00615886
948,thika,muirini,kenya,2009-11-19,1.7549494120790392,3,1,1,hh,national,44,1,-0.923809304,37.00615886
949,thika,muirini,kenya,2009-11-20,0.05953174722839155,3,3,1,hh,national,NA,1,-0.923809304,37.00615886
949,thika,muirini,kenya,2009-11-20,0.05953174722839155,3,3,1,hh,national,NA,NA,-0.923809304,37.00615886
949,thika,muirini,kenya,2009-11-20,0.05953174722839155,3,3,1,hh,national,NA,NA,-0.923809304,37.00615886
950,thika,muirini,kenya,2009-11-19,0.030708412208070968,3,1,1,hh,national,34,1,-0.923809304,37.00615886
951,thika,muirini,kenya,2009-11-19,0.5208805687775142,4,1,1,hh,national,82,1,-0.923809304,37.00615886
951,thika,muirini,kenya,2009-11-19,0.5208805687775142,4,1,1,non-hh,national,NA,1,-0.923809304,37.00615886
952,thika,mabanda,kenya,2009-11-18,-0.6929871510835175,5,1,NA,hh,national,24,NA,-1.041188884,37.0787284
953,thika,juja,kenya,2009-11-21,-0.7837154411222675,5,2,NA,hh,national,12,NA,-1.097205267,37.02491062
954,thika,juja,kenya,2009-11-21,-2.3311675915070564,4,2,1,hh,national,24,1,-1.097205267,37.02491062
954,thika,juja,kenya,2009-11-21,-2.3311675915070564,4,2,1,hh,national,96,1,-1.097205267,37.02491062
955,thika,juja,kenya,2009-11-21,-2.301088169110491,3,1,1,hh,national,18,1,-1.097205267,37.02491062
956,thika,majengo,kenya,2009-11-20,-0.9647573172209882,2,1,NA,hh,national,60,NA,-1.280655187,36.84627548
957,thika,majengo,kenya,2009-11-20,-0.44937080014495695,2,1,1,hh,national,249,1,-1.280655187,36.84627548
958,thika,majengo,kenya,2009-11-20,-1.535491734170942,2,1,1,hh,national,84,1,-1.280655187,36.84627548
959,thika,mabanda,kenya,2009-11-18,0.5862008258128562,5,1,NA,hh,national,12,NA,-1.041188884,37.0787284
960,thika,mabanda,kenya,2009-11-18,-0.9948367396175539,3,1,NA,hh,national,84,NA,-1.041188884,37.0787284
961,thika,guthunguri,kenya,2009-11-19,-1.6262953430799663,2,1,1,hh,national,8,1,-1.058419348,36.773918020000004
962,thika,guthunguri,kenya,2009-11-19,-0.6086677410131573,4,1,1,hh,national,24,1,-1.058419348,36.773918020000004
963,thika,mabanda,kenya,2009-11-18,-0.30930073641271494,3,7,1,hh,national,180,1,-1.041188884,37.0787284
963,thika,mabanda,kenya,2009-11-18,-0.30930073641271494,3,7,1,hh,national,60,NA,-1.041188884,37.0787284
963,thika,mabanda,kenya,2009-11-18,-0.30930073641271494,3,7,1,hh,national,96,NA,-1.041188884,37.0787284
963,thika,mabanda,kenya,2009-11-18,-0.30930073641271494,3,7,1,hh,national,144,NA,-1.041188884,37.0787284
963,thika,mabanda,kenya,2009-11-18,-0.30930073641271494,3,7,1,hh,national,156,1,-1.041188884,37.0787284
963,thika,mabanda,kenya,2009-11-18,-0.30930073641271494,3,7,1,hh,national,168,NA,-1.041188884,37.0787284
963,thika,mabanda,kenya,2009-11-18,-0.30930073641271494,3,7,1,hh,national,144,NA,-1.041188884,37.0787284
964,thika,juja,kenya,2009-11-20,-1.536998413193536,2,4,NA,hh,national,504,NA,-1.097205267,37.02491062
964,thika,juja,kenya,2009-11-20,-1.536998413193536,2,4,NA,hh,national,444,NA,-1.097205267,37.02491062
964,thika,juja,kenya,2009-11-20,-1.536998413193536,2,4,NA,hh,national,420,NA,-1.097205267,37.02491062
964,thika,juja,kenya,2009-11-20,-1.536998413193536,2,4,NA,hh,national,396,NA,-1.097205267,37.02491062
965,thika,juja,kenya,2009-11-21,-0.9597253471082063,4,2,1,hh,national,12,1,-1.097205267,37.02491062
965,thika,juja,kenya,2009-11-21,-0.9597253471082063,4,2,1,hh,national,12,1,-1.097205267,37.02491062
966,thika,muirini,kenya,2009-11-19,2.4598954338789123,8,1,1,hh,national,276,1,-0.923809304,37.00615886
967,thika,muirini,kenya,2009-11-19,-0.3143139734788092,2,5,NA,hh,national,36,NA,-0.923809304,37.00615886
967,thika,muirini,kenya,2009-11-19,-0.3143139734788092,2,5,NA,hh,national,60,NA,-0.923809304,37.00615886
967,thika,muirini,kenya,2009-11-19,-0.3143139734788092,2,5,NA,hh,national,36,NA,-0.923809304,37.00615886
967,thika,muirini,kenya,2009-11-19,-0.3143139734788092,2,5,NA,hh,national,36,NA,-0.923809304,37.00615886
967,thika,muirini,kenya,2009-11-19,-0.3143139734788092,2,5,NA,hh,national,72,NA,-0.923809304,37.00615886
968,thika,majengo,kenya,2009-11-20,-1.2793266209510816,5,1,1,hh,international,54,1,-1.280655187,36.84627548
968,thika,majengo,kenya,2009-11-20,-1.2793266209510816,5,1,1,non-hh,national,NA,1,-1.280655187,36.84627548
969,thika,majengo,kenya,2009-11-20,-2.8615458848071866,2,1,1,hh,international,12,1,-1.280655187,36.84627548
969,thika,majengo,kenya,2009-11-20,-2.8615458848071866,2,1,1,non-hh,international,NA,1,-1.280655187,36.84627548
969,thika,majengo,kenya,2009-11-20,-2.8615458848071866,2,1,1,non-hh,international,NA,1,-1.280655187,36.84627548
970,thika,majengo,kenya,2009-11-20,-3.178711862377991,3,2,1,hh,international,180,1,-1.280655187,36.84627548
970,thika,majengo,kenya,2009-11-20,-3.178711862377991,3,2,1,hh,international,168,1,-1.280655187,36.84627548
971,thika,mabanda,kenya,2009-11-18,0.35524523168591954,4,1,1,hh,international,12,1,-1.041188884,37.0787284
972,thika,mabanda,kenya,2009-11-18,-0.8761406159012606,3,1,NA,hh,international,24,NA,-1.041188884,37.0787284
973,thika,githuguchu,kenya,2009-11-19,-3.106053226051686,2,1,NA,hh,international,12,NA,-1.016283022,36.91457325
974,thika,githuguchu,kenya,2009-11-19,-1.7639567168039396,4,1,1,hh,international,12,1,-1.016283022,36.91457325
975,thika,muirini,kenya,2009-11-19,-0.2942610252144322,4,4,1,hh,international,48,1,-0.923809304,37.00615886
975,thika,muirini,kenya,2009-11-19,-0.2942610252144322,4,4,1,hh,international,192,1,-0.923809304,37.00615886
975,thika,muirini,kenya,2009-11-19,-0.2942610252144322,4,4,1,hh,international,36,1,-0.923809304,37.00615886
975,thika,muirini,kenya,2009-11-19,-0.2942610252144322,4,4,1,hh,national,36,NA,-0.923809304,37.00615886
976,thika,majengo,kenya,2009-11-20,-1.6864541878730972,1,0,NA,NA,NA,NA,NA,-1.280655187,36.84627548
977,thika,majengo,kenya,2009-11-20,-1.6778310743139329,5,2,1,hh,international,109,1,-1.280655187,36.84627548
977,thika,majengo,kenya,2009-11-20,-1.6778310743139329,5,2,1,hh,international,124,1,-1.280655187,36.84627548
978,thika,majengo,kenya,2009-11-20,-1.6285022886594178,8,3,1,hh,international,120,1,-1.280655187,36.84627548
978,thika,majengo,kenya,2009-11-20,-1.6285022886594178,8,3,1,hh,national,49,1,-1.280655187,36.84627548
978,thika,majengo,kenya,2009-11-20,-1.6285022886594178,8,3,1,hh,national,62,1,-1.280655187,36.84627548
979,thika,githuguchu,kenya,2009-11-19,-1.0599900884300915,1,1,NA,hh,international,72,NA,-1.016283022,36.91457325
980,thika,githuguchu,kenya,2009-11-19,-2.9856385091054474,6,1,NA,hh,international,20,NA,-1.016283022,36.91457325
981,thika,githuguchu,kenya,2009-11-19,-1.7480163932392523,4,1,1,hh,international,67,NA,-1.016283022,36.91457325
981,thika,githuguchu,kenya,2009-11-19,-1.7480163932392523,4,1,1,non-hh,national,NA,1,-1.016283022,36.91457325
982,thika,mabanda,kenya,2009-11-18,-0.21896544186304162,3,1,NA,hh,international,95,NA,-1.041188884,37.0787284
983,thika,juja,kenya,2009-11-21,-1.0825520713454784,1,3,1,hh,international,89,1,-1.097205267,37.02491062
983,thika,juja,kenya,2009-11-21,-1.0825520713454784,1,3,1,hh,national,300,1,-1.097205267,37.02491062
983,thika,juja,kenya,2009-11-21,-1.0825520713454784,1,3,1,hh,national,300,1,-1.097205267,37.02491062
984,thika,mabanda,kenya,2009-11-18,-1.1042036019716976,5,1,1,hh,international,24,1,-1.041188884,37.0787284
985,thika,githuguchu,kenya,2009-11-19,3.5684851753519653,1,6,1,hh,international,67,1,-1.016283022,36.91457325
985,thika,githuguchu,kenya,2009-11-19,3.5684851753519653,1,6,1,hh,international,30,NA,-1.016283022,36.91457325
985,thika,githuguchu,kenya,2009-11-19,3.5684851753519653,1,6,1,hh,international,17,NA,-1.016283022,36.91457325
985,thika,githuguchu,kenya,2009-11-19,3.5684851753519653,1,6,1,hh,international,48,1,-1.016283022,36.91457325
985,thika,githuguchu,kenya,2009-11-19,3.5684851753519653,1,6,1,hh,international,36,NA,-1.016283022,36.91457325
985,thika,githuguchu,kenya,2009-11-19,3.5684851753519653,1,6,1,hh,international,48,NA,-1.016283022,36.91457325
986,thika,muirini,kenya,2009-11-19,-0.8320241297196311,4,1,1,hh,international,25,1,-0.923809304,37.00615886
987,thika,muirini,kenya,2009-11-19,-1.1593492096987343,2,1,NA,hh,international,39,NA,-0.923809304,37.00615886
988,thika,muirini,kenya,2009-11-19,-1.8574019886400837,7,3,1,hh,international,96,1,-0.923809304,37.00615886
988,thika,muirini,kenya,2009-11-19,-1.8574019886400837,7,3,1,hh,international,264,NA,-0.923809304,37.00615886
988,thika,muirini,kenya,2009-11-19,-1.8574019886400837,7,3,1,hh,international,36,1,-0.923809304,37.00615886
989,thika,muirini,kenya,2009-11-19,-0.2942610252144322,3,1,1,hh,international,47,1,-0.923809304,37.00615886
990,thika,muirini,kenya,2009-11-19,-1.1342830243682631,3,1,1,hh,international,84,1,-0.923809304,37.00615886
991,thika,githuguchu,kenya,2009-11-19,-0.40056098694448616,4,0,NA,NA,NA,NA,NA,-1.016283022,36.91457325
992,thika,githuguchu,kenya,2009-11-19,-1.7789964280022224,3,0,NA,NA,NA,NA,NA,-1.016283022,36.91457325
993,thika,majengo,kenya,2009-11-20,-1.9582320716812962,4,0,NA,NA,NA,NA,NA,-1.280655187,36.84627548
994,thika,majengo,kenya,2009-11-20,-0.9296459247116409,5,0,NA,NA,NA,NA,NA,-1.280655187,36.84627548
995,thika,majengo,kenya,2009-11-20,-2.788925269609796,5,0,NA,NA,NA,NA,NA,-1.280655187,36.84627548
996,thika,githuguchu,kenya,2009-11-19,0.4319391061735211,4,0,1,non-hh,national,NA,1,-1.016283022,36.91457325
997,thika,githuguchu,kenya,2009-11-19,0.7242492181210851,3,0,NA,NA,NA,NA,NA,-1.016283022,36.91457325
998,thika,mabanda,kenya,2009-11-18,-1.2702057668721352,2,0,1,non-hh,national,NA,1,-1.041188884,37.0787284
999,thika,juja,kenya,2009-11-21,2.4589898138256703,2,5,NA,hh,national,258,NA,-1.097205267,37.02491062
999,thika,juja,kenya,2009-11-21,2.4589898138256703,2,5,NA,hh,national,173,NA,-1.097205267,37.02491062
999,thika,juja,kenya,2009-11-21,2.4589898138256703,2,5,NA,hh,national,178,NA,-1.097205267,37.02491062
999,thika,juja,kenya,2009-11-21,2.4589898138256703,2,5,NA,hh,national,179,NA,-1.097205267,37.02491062
999,thika,juja,kenya,2009-11-21,2.4589898138256703,2,5,NA,hh,national,28,NA,-1.097205267,37.02491062
1000,thika,mabanda,kenya,2009-11-18,0.3411888319719998,4,0,NA,NA,NA,NA,NA,-1.041188884,37.0787284
1001,thika,muirini,kenya,2009-11-19,0.2234125651109245,3,0,NA,NA,NA,NA,NA,-0.923809304,37.00615886
1002,thika,githuguchu,kenya,2009-11-19,-1.1392962614343574,2,0,NA,NA,NA,NA,NA,-1.016283022,36.91457325
1003,thika,githuguchu,kenya,2009-11-19,-0.3604550904157322,4,0,NA,NA,NA,NA,NA,-1.016283022,36.91457325
1004,thika,mabanda,kenya,2009-11-18,-1.1493227355665459,2,1,1,hh,international,204,1,-1.041188884,37.0787284
1005,thika,juja,kenya,2009-11-20,-1.7881222897680062,4,1,1,hh,international,64,1,-1.097205267,37.02491062
1005,thika,juja,kenya,2009-11-20,-1.7881222897680062,4,1,1,non-hh,national,NA,1,-1.097205267,37.02491062
1006,thika,juja,kenya,2009-11-20,-2.345938342537582,4,1,1,hh,international,50,1,-1.097205267,37.02491062
1007,thika,juja,kenya,2009-11-21,-2.851519410674998,5,1,NA,hh,international,34,NA,-1.097205267,37.02491062
1008,thika,majengo,kenya,2009-11-20,-1.438732929905575,4,1,1,hh,international,108,1,-1.280655187,36.84627548
1009,thika,majengo,kenya,2009-11-20,-1.3002851892687006,1,1,NA,hh,international,36,NA,-1.280655187,36.84627548
1010,thika,mabanda,kenya,2009-11-18,1.7133346700432186,4,1,1,hh,international,24,1,-1.041188884,37.0787284
1011,thika,mabanda,kenya,2009-11-18,-1.369564888140778,5,2,1,hh,international,144,1,-1.041188884,37.0787284
1011,thika,mabanda,kenya,2009-11-18,-1.369564888140778,5,2,1,hh,international,48,1,-1.041188884,37.0787284
1012,thika,githuguchu,kenya,2009-11-19,-0.519537386023589,3,1,NA,hh,international,60,NA,-1.016283022,36.91457325
1013,thika,githuguchu,kenya,2009-11-19,-1.8041646483795077,2,1,NA,hh,international,24,NA,-1.016283022,36.91457325
1014,thika,mabanda,kenya,2009-11-18,0.07457145842667429,3,1,NA,hh,international,NA,NA,-1.041188884,37.0787284
1015,thika,mabanda,kenya,2009-11-18,2.7293853082296757,4,1,1,hh,international,7,1,-1.041188884,37.0787284
1016,thika,juja,kenya,2009-11-20,-2.488078328488979,7,1,1,hh,international,348,1,-1.097205267,37.02491062
1017,thika,juja,kenya,2009-11-20,1.720757913479091,2,1,NA,hh,international,24,NA,-1.097205267,37.02491062
1018,thika,juja,kenya,2009-11-21,-3.054918207977525,5,1,1,hh,international,12,1,-1.097205267,37.02491062
1019,thika,muirini,kenya,2009-11-19,1.1853184481386827,2,1,1,hh,international,60,1,-0.923809304,37.00615886
1019,thika,muirini,kenya,2009-11-19,1.1853184481386827,2,1,1,non-hh,national,NA,1,-0.923809304,37.00615886
1020,thika,muirini,kenya,2009-11-19,-1.6890911348981823,4,1,1,hh,international,24,1,-0.923809304,37.00615886
1021,thika,majengo,kenya,2009-11-20,-1.6864541878730972,2,0,NA,NA,NA,NA,NA,-1.280655187,36.84627548
1022,thika,majengo,kenya,2009-11-20,-1.7771901955825757,5,0,NA,NA,NA,NA,NA,-1.280655187,36.84627548
1023,thika,mabanda,kenya,2009-11-18,1.1862240681919247,7,0,NA,NA,NA,NA,NA,-1.041188884,37.0787284
1024,thika,muirini,kenya,2009-11-19,-0.12394539014855577,3,0,NA,NA,NA,NA,NA,-0.923809304,37.00615886
1025,thika,majengo,kenya,2009-11-20,-0.9905911364176732,4,2,NA,hh,national,360,NA,-1.280655187,36.84627548
1025,thika,majengo,kenya,2009-11-20,-0.9905911364176732,4,2,NA,hh,,360,NA,-1.280655187,36.84627548
1026,thika,majengo,kenya,2009-11-20,0.6846062543046711,5,1,1,hh,national,120,1,-1.280655187,36.84627548
1027,thika,majengo,kenya,2009-11-20,-1.7079104967104983,4,1,1,hh,national,12,NA,-1.280655187,36.84627548
1027,thika,majengo,kenya,2009-11-20,-1.7079104967104983,4,1,1,non-hh,national,NA,1,-1.280655187,36.84627548
1028,thika,mabanda,kenya,2009-11-18,-0.28222925625580597,6,1,1,hh,national,24,1,-1.041188884,37.0787284
1029,thika,githuguchu,kenya,2009-11-19,-1.1643624467648286,1,1,NA,hh,national,36,NA,-1.016283022,36.91457325
1030,thika,githuguchu,kenya,2009-11-19,-1.1493227355665459,2,2,NA,hh,national,180,NA,-1.016283022,36.91457325
1030,thika,githuguchu,kenya,2009-11-19,-1.1493227355665459,2,2,NA,hh,national,360,NA,-1.016283022,36.91457325
1031,thika,juja,kenya,2009-11-21,-0.7745945870433213,1,6,NA,hh,national,120,NA,-1.097205267,37.02491062
1031,thika,juja,kenya,2009-11-21,-0.7745945870433213,1,6,NA,hh,national,120,NA,-1.097205267,37.02491062
1031,thika,juja,kenya,2009-11-21,-0.7745945870433213,1,6,NA,hh,national,120,NA,-1.097205267,37.02491062
1031,thika,juja,kenya,2009-11-21,-0.7745945870433213,1,6,NA,hh,national,120,NA,-1.097205267,37.02491062
1031,thika,juja,kenya,2009-11-21,-0.7745945870433213,1,6,NA,hh,national,120,NA,-1.097205267,37.02491062
1031,thika,juja,kenya,2009-11-21,-0.7745945870433213,1,6,NA,hh,national,120,NA,-1.097205267,37.02491062
1032,thika,majengo,kenya,2009-11-20,0.5382980262880086,1,1,NA,hh,national,121,NA,-1.280655187,36.84627548
1033,thika,majengo,kenya,2009-11-20,-0.44937080014495695,2,5,NA,hh,national,60,NA,-1.280655187,36.84627548
1033,thika,majengo,kenya,2009-11-20,-0.44937080014495695,2,5,NA,hh,national,60,NA,-1.280655187,36.84627548
1033,thika,majengo,kenya,2009-11-20,-0.44937080014495695,2,5,NA,hh,national,60,NA,-1.280655187,36.84627548
1033,thika,majengo,kenya,2009-11-20,-0.44937080014495695,2,5,NA,hh,national,60,NA,-1.280655187,36.84627548
1033,thika,majengo,kenya,2009-11-20,-0.44937080014495695,2,5,NA,hh,national,60,NA,-1.280655187,36.84627548
1034,thika,muirini,kenya,2009-11-19,1.1962505423241132,5,0,NA,NA,NA,NA,NA,-0.923809304,37.00615886
1035,thika,muirini,kenya,2009-11-19,-1.1342830243682631,3,0,NA,NA,NA,NA,NA,-0.923809304,37.00615886
1036,thika,mabanda,kenya,2009-11-19,1.259615843267385,4,0,NA,NA,NA,NA,NA,-1.041188884,37.0787284
1037,thika,mabanda,kenya,2009-11-18,0.9123316263868435,2,0,NA,NA,NA,NA,NA,-1.041188884,37.0787284
1038,thika,mabanda,kenya,2009-11-18,-0.3925398076387352,4,0,NA,NA,NA,NA,NA,-1.041188884,37.0787284
1039,thika,juja,kenya,2009-11-20,0.90944066498836,6,0,NA,NA,NA,NA,NA,-1.097205267,37.02491062
1040,thika,juja,kenya,2009-11-20,-0.7411542103312869,3,0,NA,NA,NA,NA,NA,-1.097205267,37.02491062
1041,thika,juja,kenya,2009-11-20,-1.6864541878730972,3,0,NA,NA,NA,NA,NA,-1.097205267,37.02491062
1042,thika,juja,kenya,2009-11-20,-1.6864541878730972,1,0,NA,NA,NA,NA,NA,-1.097205267,37.02491062
1043,thika,majengo,kenya,2009-11-20,-1.6076470387913684,5,0,NA,NA,NA,NA,NA,-1.280655187,36.84627548
1044,malindi,gongoni,kenya,2009-11-27,3.3140515241777844,9,2,NA,hh,national,156,NA,-3.826004893,39.76446172
1044,malindi,gongoni,kenya,2009-11-27,3.3140515241777844,9,2,NA,hh,national,NA,NA,-3.826004893,39.76446172
1045,malindi,gongoni,kenya,2009-11-27,0.9951557179610158,5,1,NA,hh,national,40,NA,-3.826004893,39.76446172
1046,thika,githuguchu,kenya,2009-11-19,1.6185366467261135,4,0,NA,NA,NA,NA,NA,-1.016283022,36.91457325
1047,thika,mabanda,kenya,2009-11-18,-0.2942610252144322,4,0,NA,NA,NA,NA,NA,-1.041188884,37.0787284
1048,thika,mabanda,kenya,2009-11-18,1.3030238392082802,6,0,NA,NA,NA,NA,NA,-1.041188884,37.0787284
1049,thika,juja,kenya,2009-11-20,0.30041293181917755,3,0,NA,NA,NA,NA,NA,-1.097205267,37.02491062
1050,thika,juja,kenya,2009-11-20,-0.1397750292654399,2,0,NA,NA,NA,NA,NA,-1.097205267,37.02491062
1051,thika,juja,kenya,2009-11-20,-1.6563747654765317,3,0,NA,NA,NA,NA,NA,-1.097205267,37.02491062
1052,thika,juja,kenya,2009-11-20,-0.9797782953725833,5,0,NA,NA,NA,NA,NA,-1.097205267,37.02491062
1053,thika,juja,kenya,2009-11-20,0.07016303815944414,4,0,NA,NA,NA,NA,NA,-1.097205267,37.02491062
1054,thika,githuguchu,kenya,2009-11-19,-1.8794602317308982,4,0,NA,NA,NA,NA,NA,-1.016283022,36.91457325
1055,malindi,musufini,kenya,2009-11-27,-2.2987165949715163,3,1,NA,hh,national,50,NA,-3.223163803,40.08609972
1056,malindi,musufini,kenya,2009-11-27,-0.8438742859153987,6,2,NA,hh,national,40,NA,-3.223163803,40.08609972
1056,malindi,musufini,kenya,2009-11-27,-0.8438742859153987,6,2,NA,hh,national,40,NA,-3.223163803,40.08609972
1057,malindi,majengo,kenya,2009-11-26,-3.0699579191758075,5,2,NA,hh,national,16,NA,-1.280655187,36.84627548
1057,malindi,majengo,kenya,2009-11-26,-3.0699579191758075,5,2,NA,hh,national,13,NA,-1.280655187,36.84627548
1058,malindi,majengo,kenya,2009-11-26,-0.4978111838397562,1,4,NA,hh,national,50,NA,-1.280655187,36.84627548
1058,malindi,majengo,kenya,2009-11-26,-0.4978111838397562,1,4,NA,hh,national,50,NA,-1.280655187,36.84627548
1058,malindi,majengo,kenya,2009-11-26,-0.4978111838397562,1,4,NA,hh,national,50,NA,-1.280655187,36.84627548
1058,malindi,majengo,kenya,2009-11-26,-0.4978111838397562,1,4,NA,hh,national,50,NA,-1.280655187,36.84627548
1059,malindi,majengo,kenya,2009-11-26,-2.8013870400140557,5,1,NA,hh,national,144,NA,-1.280655187,36.84627548
1060,malindi,barani,kenya,2009-11-29,-0.6603038506779757,8,1,1,hh,international,28,1,-3.22414082,40.08627707
1061,malindi,gongoni,kenya,2009-11-27,2.2228986200390177,2,1,1,hh,international,28,1,-3.826004893,39.76446172
1062,malindi,gongoni,kenya,2009-11-29,2.7414170771883017,11,1,NA,hh,international,252,NA,-3.826004893,39.76446172
1063,malindi,gongoni,kenya,2009-11-27,-0.861471899917549,4,1,1,hh,international,14,1,-3.826004893,39.76446172
1063,malindi,gongoni,kenya,2009-11-27,-0.861471899917549,4,1,1,non-hh,international,NA,1,-3.826004893,39.76446172
1064,malindi,musufini,kenya,2009-11-28,3.447602144046375,3,2,1,hh,national,48,1,-3.223163803,40.08609972
1064,malindi,musufini,kenya,2009-11-28,3.447602144046375,3,2,1,hh,international,12,1,-3.223163803,40.08609972
1065,malindi,musufini,kenya,2009-11-28,-1.0597826897800142,5,1,1,hh,international,300,1,-3.223163803,40.08609972
1066,malindi,musufini,kenya,2009-11-28,3.0440894613042677,6,1,1,hh,international,60,1,-3.223163803,40.08609972
1067,malindi,majengo,kenya,2009-11-26,-2.31354993951475,3,1,1,hh,international,NA,1,-1.280655187,36.84627548
1068,malindi,majengo,kenya,2009-11-26,-2.432835693401965,4,1,1,hh,international,120,1,-1.280655187,36.84627548
1069,malindi,majengo,kenya,2009-11-26,-3.1218939339101732,1,1,1,hh,international,48,1,-1.280655187,36.84627548
1070,malindi,kwa haidari,kenya,2009-11-29,-0.9140596048407181,1,1,1,hh,international,60,1,-3.219793069,40.11219331
1071,malindi,kwa haidari,kenya,2009-11-29,0.4004420567118888,4,1,1,hh,international,180,1,-3.219793069,40.11219331
1072,malindi,kwa haidari,kenya,2009-11-29,0.28102998717886873,4,1,1,hh,international,72,1,-3.219793069,40.11219331
1072,malindi,kwa haidari,kenya,2009-11-29,0.28102998717886873,4,1,1,non-hh,national,NA,1,-3.219793069,40.11219331
1073,malindi,musufini,kenya,2009-11-28,3.3181636003811668,2,1,1,hh,international,84,1,-3.223163803,40.08609972
1073,malindi,musufini,kenya,2009-11-28,3.3181636003811668,2,1,1,non-hh,national,NA,1,-3.223163803,40.08609972
1074,malindi,gongoni,kenya,2009-11-27,-0.7445151646467558,6,2,NA,hh,,240,NA,-3.826004893,39.76446172
1074,malindi,gongoni,kenya,2009-11-27,-0.7445151646467558,6,2,NA,hh,international,12,NA,-3.826004893,39.76446172
1075,malindi,gongoni,kenya,2009-11-27,3.304025050045596,4,1,1,hh,international,300,1,-3.826004893,39.76446172
1076,malindi,kwa haidari,kenya,2009-11-28,0.36124178023637676,7,1,1,hh,international,40,1,-3.219793069,40.11219331
1077,malindi,kwa haidari,kenya,2009-11-28,-1.8373490403757067,3,1,1,hh,international,60,1,-3.219793069,40.11219331
1078,malindi,gongoni,kenya,2009-11-27,-0.35913253295526054,7,1,1,hh,international,8,1,-3.826004893,39.76446172
1079,malindi,kwa haidari,kenya,2009-11-28,0.131947801363879,3,1,NA,hh,international,84,NA,-3.219793069,40.11219331
1080,malindi,kwa haidari,kenya,2009-11-28,1.2346644518867242,4,1,NA,hh,national,120,NA,-3.219793069,40.11219331
1081,malindi,gongoni,kenya,2009-11-27,2.0828682605222926,7,1,NA,hh,national,120,NA,-3.826004893,39.76446172
1082,malindi,gongoni,kenya,2009-11-27,2.1872593519037173,7,1,NA,hh,national,108,NA,-3.826004893,39.76446172
1083,malindi,gongoni,kenya,2009-11-27,-1.1291371590260584,4,1,1,hh,national,18,1,-3.826004893,39.76446172
1084,malindi,barani,kenya,2009-11-26,-0.9639861223490742,5,1,NA,hh,national,360,NA,-3.22414082,40.08627707
1085,malindi,barani,kenya,2009-11-26,2.523127502285345,8,1,1,hh,national,240,1,-3.22414082,40.08627707
1086,malindi,barani,kenya,2009-11-30,0.3044041855431969,9,1,NA,hh,national,3,NA,-3.22414082,40.08627707
1087,malindi,barani,kenya,2009-11-30,-1.110908826003935,2,0,NA,NA,NA,NA,NA,-3.22414082,40.08627707
1088,malindi,barani,kenya,2009-11-30,-1.8373490403757067,6,1,1,hh,national,50,1,-3.22414082,40.08627707
1089,malindi,majengo,kenya,2009-11-26,-1.8703613147017395,16,1,1,hh,national,156,NA,-1.280655187,36.84627548
1089,malindi,majengo,kenya,2009-11-26,-1.8703613147017395,16,1,1,non-hh,national,NA,1,-1.280655187,36.84627548
1090,malindi,majengo,kenya,2009-11-26,-1.0198841919013375,4,2,NA,hh,national,30,NA,-1.280655187,36.84627548
1090,malindi,majengo,kenya,2009-11-26,-1.0198841919013375,4,2,NA,hh,national,24,NA,-1.280655187,36.84627548
1091,malindi,barani,kenya,2009-11-28,1.9937356674105817,11,1,1,hh,international,25,1,-3.22414082,40.08627707
1092,malindi,barani,kenya,2009-11-28,-0.7842807828415952,5,1,NA,hh,national,12,NA,-3.22414082,40.08627707
1093,malindi,gongoni,kenya,2009-11-27,-0.519108962179938,5,3,1,hh,national,12,1,-3.826004893,39.76446172
1093,malindi,gongoni,kenya,2009-11-27,-0.519108962179938,5,3,1,hh,national,36,1,-3.826004893,39.76446172
1093,malindi,gongoni,kenya,2009-11-27,-0.519108962179938,5,3,1,hh,national,12,NA,-3.826004893,39.76446172
1093,malindi,gongoni,kenya,2009-11-27,-0.519108962179938,5,3,1,non-hh,national,NA,1,-3.826004893,39.76446172
1094,malindi,gongoni,kenya,2009-11-27,2.59161974375526,4,6,1,hh,national,72,1,-3.826004893,39.76446172
1094,malindi,gongoni,kenya,2009-11-27,2.59161974375526,4,6,1,hh,national,72,NA,-3.826004893,39.76446172
1094,malindi,gongoni,kenya,2009-11-27,2.59161974375526,4,6,1,hh,national,72,NA,-3.826004893,39.76446172
1094,malindi,gongoni,kenya,2009-11-27,2.59161974375526,4,6,1,hh,national,72,NA,-3.826004893,39.76446172
1094,malindi,gongoni,kenya,2009-11-27,2.59161974375526,4,6,1,hh,national,72,1,-3.826004893,39.76446172
1094,malindi,gongoni,kenya,2009-11-27,2.59161974375526,4,6,1,hh,national,72,NA,-3.826004893,39.76446172
1095,malindi,gongoni,kenya,2009-11-27,2.1414240415851418,11,1,NA,hh,,60,NA,-3.826004893,39.76446172
1096,malindi,kwa haidari,kenya,2009-11-29,2.1029002376178396,2,1,NA,hh,national,37,NA,-3.219793069,40.11219331
1097,malindi,majengo,kenya,2009-11-26,0.10198003607459388,1,2,NA,hh,national,120,NA,-1.280655187,36.84627548
1098,malindi,majengo,kenya,2009-11-26,-1.6770593659395563,3,2,1,hh,national,12,1,-1.280655187,36.84627548
1098,malindi,majengo,kenya,2009-11-26,-1.6770593659395563,3,2,1,hh,national,12,NA,-1.280655187,36.84627548
1099,malindi,majengo,kenya,2009-11-26,-2.6354601939838918,5,2,1,hh,national,360,1,-1.280655187,36.84627548
1099,malindi,majengo,kenya,2009-11-26,-2.6354601939838918,5,2,1,hh,national,360,NA,-1.280655187,36.84627548
1100,malindi,musufini,kenya,2009-11-28,2.7963682033367463,2,1,1,hh,national,240,1,-3.223163803,40.08609972
1101,malindi,gongoni,kenya,2009-11-28,-1.6477529353201223,4,0,NA,NA,NA,NA,NA,-3.826004893,39.76446172
1102,malindi,gongoni,kenya,2009-11-27,0.7141343470714336,4,0,NA,NA,NA,NA,NA,-3.826004893,39.76446172
1103,malindi,gongoni,kenya,2009-11-29,2.518042984540816,1,0,NA,NA,NA,NA,NA,-3.826004893,39.76446172
1104,malindi,gongoni,kenya,2009-11-27,2.1621744335265594,8,0,NA,NA,NA,NA,NA,-3.826004893,39.76446172
1105,malindi,kwa haidari,kenya,2009-11-29,1.9127375074401727,3,0,NA,NA,NA,NA,NA,-3.219793069,40.11219331
1106,malindi,kwa haidari,kenya,2009-11-20,2.1029002376178396,6,0,NA,NA,NA,NA,NA,-3.219793069,40.11219331
1107,malindi,musufini,kenya,2009-11-27,-0.2971782238776469,4,0,NA,NA,NA,NA,NA,-3.223163803,40.08609972
1108,malindi,majengo,kenya,2009-11-26,-2.971496821927346,9,0,NA,NA,NA,NA,NA,-1.280655187,36.84627548
1109,malindi,majengo,kenya,2009-11-26,-2.3217727695735153,2,0,NA,NA,NA,NA,NA,-1.280655187,36.84627548
1110,malindi,musufini,kenya,2009-11-27,-0.8889934195102469,3,1,1,hh,international,50,1,-3.223163803,40.08609972
1111,malindi,majengo,kenya,2009-11-26,0.6230237831416834,12,1,1,hh,international,84,1,-1.280655187,36.84627548
1112,malindi,majengo,kenya,2009-11-26,-1.4903726005760938,7,1,NA,hh,international,25,NA,-1.280655187,36.84627548
1113,malindi,barani,kenya,2009-11-30,-0.16518619911137816,3,1,1,hh,international,6,1,-3.22414082,40.08627707
1114,malindi,barani,kenya,2009-11-26,-1.6563747654765317,3,1,1,hh,international,38,1,-3.22414082,40.08627707
1115,malindi,barani,kenya,2009-11-30,-2.2836768837732335,3,1,1,hh,international,76,1,-3.22414082,40.08627707
1116,malindi,kwa haidari,kenya,2009-11-28,-1.581149595903845,4,1,NA,hh,international,121,NA,-3.219793069,40.11219331
1117,malindi,musufini,kenya,2009-11-27,0.28102998717886873,5,3,NA,hh,national,120,NA,-3.223163803,40.08609972
1117,malindi,musufini,kenya,2009-11-27,0.28102998717886873,5,3,NA,hh,national,62,NA,-3.223163803,40.08609972
1117,malindi,musufini,kenya,2009-11-27,0.28102998717886873,5,3,NA,hh,international,138,NA,-3.223163803,40.08609972
1118,malindi,musufini,kenya,2009-11-27,-0.8700371261455577,8,1,NA,hh,national,60,NA,-3.223163803,40.08609972
1119,malindi,musufini,kenya,2009-11-27,-0.12273662542767783,4,6,NA,hh,national,168,NA,-3.223163803,40.08609972
1119,malindi,musufini,kenya,2009-11-27,-0.12273662542767783,4,6,NA,hh,national,96,NA,-3.223163803,40.08609972
1119,malindi,musufini,kenya,2009-11-27,-0.12273662542767783,4,6,NA,hh,national,96,NA,-3.223163803,40.08609972
1119,malindi,musufini,kenya,2009-11-27,-0.12273662542767783,4,6,NA,hh,national,108,NA,-3.223163803,40.08609972
1119,malindi,musufini,kenya,2009-11-27,-0.12273662542767783,4,6,NA,hh,national,96,NA,-3.223163803,40.08609972
1119,malindi,musufini,kenya,2009-11-27,-0.12273662542767783,4,6,NA,hh,national,48,NA,-3.223163803,40.08609972
1120,malindi,kwa haidari,kenya,2009-11-28,0.5007067980337738,6,1,1,hh,international,85,1,-3.219793069,40.11219331
1121,malindi,kwa haidari,kenya,2009-11-28,0.7499226989265859,8,2,NA,hh,international,22,NA,-3.219793069,40.11219331
1121,malindi,kwa haidari,kenya,2009-11-28,0.7499226989265859,8,2,NA,hh,international,NA,NA,-3.219793069,40.11219331
1122,malindi,kwa haidari,kenya,2009-11-28,-1.8674284627722721,4,1,NA,hh,international,36,NA,-3.219793069,40.11219331
1123,malindi,gongoni,kenya,2009-11-27,0.11955930368272433,5,2,1,hh,international,30,1,-3.826004893,39.76446172
1123,malindi,gongoni,kenya,2009-11-27,0.11955930368272433,5,2,1,hh,international,6,NA,-3.826004893,39.76446172
1124,malindi,gongoni,kenya,2009-11-27,2.8296500495515606,11,1,1,hh,international,31,1,-3.826004893,39.76446172
1125,malindi,barani,kenya,2009-11-26,2.2223332783196903,3,2,NA,hh,international,18,NA,-3.22414082,40.08627707
1125,malindi,barani,kenya,2009-11-26,2.2223332783196903,3,2,NA,hh,international,12,NA,-3.22414082,40.08627707
1126,malindi,barani,kenya,2009-11-26,-1.0831480062941017,8,3,1,hh,international,36,1,-3.22414082,40.08627707
1126,malindi,barani,kenya,2009-11-26,-1.0831480062941017,8,3,1,hh,international,36,1,-3.22414082,40.08627707
1126,malindi,barani,kenya,2009-11-26,-1.0831480062941017,8,3,1,hh,international,48,1,-3.22414082,40.08627707
1127,malindi,barani,kenya,2009-11-26,-0.63022442828141,10,2,1,hh,national,120,1,-3.22414082,40.08627707
1127,malindi,barani,kenya,2009-11-26,-0.63022442828141,10,2,1,hh,international,3,NA,-3.22414082,40.08627707
1128,malindi,barani,kenya,2009-11-26,0.07334496186932526,7,1,NA,hh,international,1,NA,-3.22414082,40.08627707
1129,malindi,majengo,kenya,2009-11-26,-2.4546922857397657,2,1,1,hh,international,24,1,-1.280655187,36.84627548
1129,malindi,majengo,kenya,2009-11-26,-2.4546922857397657,2,1,1,non-hh,international,NA,1,-1.280655187,36.84627548
1130,malindi,majengo,kenya,2009-11-26,-1.825919205670494,2,1,1,hh,international,120,1,-1.280655187,36.84627548
1130,malindi,majengo,kenya,2009-11-26,-1.825919205670494,2,1,1,non-hh,international,NA,1,-1.280655187,36.84627548
1131,malindi,majengo,kenya,2009-11-26,-2.452888641666342,1,1,1,hh,international,63,1,-1.280655187,36.84627548
1132,malindi,majengo,kenya,2009-11-26,-2.2240833806994305,9,2,1,hh,international,29,1,-1.280655187,36.84627548
1132,malindi,majengo,kenya,2009-11-26,-2.2240833806994305,9,2,1,hh,international,28,1,-1.280655187,36.84627548
1133,malindi,musufini,kenya,2009-11-28,-1.6563747654765317,3,1,1,hh,national,180,1,-3.223163803,40.08609972
1134,malindi,musufini,kenya,2009-11-27,-1.4812517464971473,1,1,1,hh,international,360,1,-3.223163803,40.08609972
1135,malindi,musufini,kenya,2009-11-26,-1.783109052701912,3,3,1,hh,international,180,1,-3.223163803,40.08609972
1135,malindi,musufini,kenya,2009-11-26,-1.783109052701912,3,3,1,hh,international,180,NA,-3.223163803,40.08609972
1135,malindi,musufini,kenya,2009-11-26,-1.783109052701912,3,3,1,hh,international,180,NA,-3.223163803,40.08609972
1136,malindi,musufini,kenya,2009-11-30,-2.1976863946808423,7,2,NA,hh,international,48,NA,-3.223163803,40.08609972
1136,malindi,musufini,kenya,2009-11-30,-2.1976863946808423,7,2,NA,hh,national,8,NA,-3.223163803,40.08609972
1137,malindi,barani,kenya,2009-11-26,-2.073686268716603,7,2,1,hh,international,24,1,-3.22414082,40.08627707
1137,malindi,barani,kenya,2009-11-26,-2.073686268716603,7,2,1,hh,national,6,1,-3.22414082,40.08627707
1138,malindi,barani,kenya,2009-11-30,-0.8444396276347264,4,1,1,hh,international,60,1,-3.22414082,40.08627707
1139,malindi,barani,kenya,2009-11-26,-2.477321605837136,8,1,1,hh,international,3,NA,-3.22414082,40.08627707
1139,malindi,barani,kenya,2009-11-26,-2.477321605837136,8,1,1,non-hh,international,NA,1,-3.22414082,40.08627707
1140,malindi,kwa haidari,kenya,2009-11-28,1.3549214546705968,6,1,1,hh,national,12,1,-3.219793069,40.11219331
1141,malindi,kwa haidari,kenya,2009-11-28,-0.105027354318247,2,1,NA,hh,national,24,NA,-3.219793069,40.11219331
1142,thika,githuguchu,kenya,2009-11-19,-0.8088855477844767,3,0,NA,NA,NA,NA,NA,-1.016283022,36.91457325
1143,malindi,musufini,kenya,2009-11-27,-0.29840834644280173,2,2,1,hh,national,336,1,-3.223163803,40.08609972
1143,malindi,musufini,kenya,2009-11-27,-0.29840834644280173,2,2,1,hh,national,48,NA,-3.223163803,40.08609972
1143,malindi,musufini,kenya,2009-11-27,-0.29840834644280173,2,2,1,non-hh,national,NA,1,-3.223163803,40.08609972
1144,malindi,gongoni,kenya,2009-11-27,0.7499226989265859,4,1,1,hh,international,8,1,-3.826004893,39.76446172
1145,malindi,gongoni,kenya,2009-11-27,-2.254162803095996,4,0,NA,NA,NA,NA,NA,-3.826004893,39.76446172
1146,malindi,musufini,kenya,2009-11-29,-0.5436454036690711,9,0,NA,NA,NA,NA,NA,-3.223163803,40.08609972
1147,malindi,barani,kenya,2009-11-30,-0.4192913777483915,5,1,1,hh,national,48,1,-3.22414082,40.08627707
1148,malindi,kwa haidari,kenya,2009-11-28,-1.0249161620141194,1,2,NA,hh,national,25,NA,-3.219793069,40.11219331
1148,malindi,kwa haidari,kenya,2009-11-28,-1.0249161620141194,1,2,NA,hh,national,25,NA,-3.219793069,40.11219331
1149,malindi,kwa haidari,kenya,2009-11-28,2.638581699320652,6,1,NA,hh,national,121,NA,-3.219793069,40.11219331
1150,malindi,musufini,kenya,2009-11-29,-2.531988448015559,5,1,NA,hh,national,86,NA,-3.223163803,40.08609972
1151,malindi,musufini,kenya,2009-11-29,-0.4036863248307811,1,1,NA,hh,national,241,NA,-3.223163803,40.08609972
1152,malindi,majengo,kenya,2009-11-26,-0.22576769325525564,3,0,NA,NA,NA,NA,NA,-1.280655187,36.84627548
1153,malindi,musufini,kenya,2009-11-27,-2.314321647889127,6,0,NA,NA,NA,NA,NA,-3.223163803,40.08609972
1154,malindi,barani,kenya,2009-11-26,-2.073686268716603,7,0,NA,NA,NA,NA,NA,-3.22414082,40.08627707
1155,malindi,barani,kenya,2009-11-26,-1.3255011191143111,7,0,NA,NA,NA,NA,NA,-3.22414082,40.08627707
1156,malindi,barani,kenya,2009-11-26,-0.6503506014222631,2,0,NA,NA,NA,NA,NA,-3.22414082,40.08627707
1157,malindi,barani,kenya,2009-11-26,-1.1542430485720474,1,0,NA,NA,NA,NA,NA,-3.22414082,40.08627707
1158,malindi,kwa haidari,kenya,2009-11-28,0.33751688541306496,4,0,NA,NA,NA,NA,NA,-3.219793069,40.11219331
1159,malindi,kwa haidari,kenya,2009-11-28,-0.4885710766204689,3,0,NA,NA,NA,NA,NA,-3.219793069,40.11219331
1160,malindi,musufini,kenya,2009-11-27,2.5873226834128933,1,0,NA,NA,NA,NA,NA,-3.223163803,40.08609972
1161,malindi,musufini,kenya,2009-11-27,-2.3951650931452826,6,0,NA,NA,NA,NA,NA,-3.223163803,40.08609972
1162,malindi,majengo,kenya,2009-11-26,-2.1511887976474453,7,0,NA,NA,NA,NA,NA,-1.280655187,36.84627548
1163,malindi,majengo,kenya,2009-11-26,-3.0699579191758075,4,0,NA,NA,NA,NA,NA,-1.280655187,36.84627548
1164,malindi,barani,kenya,2009-11-26,1.136411004696067,5,0,NA,NA,NA,NA,NA,-3.22414082,40.08627707
1165,malindi,kwa haidari,kenya,2009-11-28,2.223217927204102,4,0,NA,NA,NA,NA,NA,-3.219793069,40.11219331
1166,malindi,kwa haidari,kenya,2009-11-28,0.6811833324131669,6,0,NA,NA,NA,NA,NA,-3.219793069,40.11219331
1167,malindi,gongoni,kenya,2009-11-27,0.7900285954553399,8,0,NA,NA,NA,NA,NA,-3.826004893,39.76446172
1168,malindi,kwa haidari,kenya,2009-11-28,2.2228986200390177,1,1,1,hh,national,120,1,-3.219793069,40.11219331
1169,malindi,gongoni,kenya,2009-11-27,0.5096066269191466,3,0,NA,NA,NA,NA,NA,-3.826004893,39.76446172
1170,malindi,gongoni,kenya,2009-11-27,-0.22602204273111703,4,0,NA,NA,NA,NA,NA,-3.826004893,39.76446172
1171,malindi,kwa haidari,kenya,2009-11-28,-1.1799674996824387,5,0,NA,NA,NA,NA,NA,-3.219793069,40.11219331
1172,malindi,gongoni,kenya,2009-11-27,2.6174021058094588,1,0,NA,NA,NA,NA,NA,-3.826004893,39.76446172
1173,malindi,gongoni,kenya,2009-11-27,2.6174021058094588,1,0,NA,NA,NA,NA,NA,-3.826004893,39.76446172
1174,malindi,barani,kenya,2009-11-26,-0.8438742859153987,3,0,NA,NA,NA,NA,NA,-3.22414082,40.08627707
1175,malindi,barani,kenya,2009-11-26,2.1621744335265594,2,0,NA,NA,NA,NA,NA,-3.22414082,40.08627707
1176,malindi,majengo,kenya,2009-11-26,-1.4184033038027128,12,0,NA,NA,NA,NA,NA,-1.280655187,36.84627548
1177,malindi,majengo,kenya,2009-11-26,-2.169278051306308,5,0,NA,NA,NA,NA,NA,-1.280655187,36.84627548
1178,embu,kairuri,kenya,2009-11-20,3.5885381236163423,4,1,1,hh,national,38,1,-0.424974285,37.46462153
1179,embu,kairuri,kenya,2009-11-20,-1.1072115442113541,6,1,1,hh,national,13,1,-0.424974285,37.46462153
1180,embu,kairuri,kenya,2009-11-20,3.5343694166209825,9,1,NA,hh,international,14,NA,-0.424974285,37.46462153
1181,embu,kairuri,kenya,2009-11-21,-0.06308115477783843,2,1,1,hh,international,27,1,-0.424974285,37.46462153
1182,embu,kairuri,kenya,2009-11-20,1.2228120461507723,5,1,1,hh,international,27,1,-0.424974285,37.46462153
1183,embu,kiangucu,kenya,2009-11-26,-3.079984393307996,5,4,1,hh,international,41,1,-0.523215993,37.45247101
1183,embu,kiangucu,kenya,2009-11-26,-3.079984393307996,5,4,1,hh,international,30,1,-0.523215993,37.45247101
1183,embu,kiangucu,kenya,2009-11-26,-3.079984393307996,5,4,1,hh,international,28,1,-0.523215993,37.45247101
1183,embu,kiangucu,kenya,2009-11-26,-3.079984393307996,5,4,1,hh,international,15,1,-0.523215993,37.45247101
1184,embu,kiangucu,kenya,2009-11-27,1.928071730803241,1,1,1,hh,international,38,1,-0.523215993,37.45247101
1185,embu,kiangucu,kenya,2009-11-26,0.639929808050725,5,2,1,hh,international,42,1,-0.523215993,37.45247101
1185,embu,kiangucu,kenya,2009-11-26,0.639929808050725,5,2,1,hh,international,28,1,-0.523215993,37.45247101
1187,embu,kiangucu,kenya,2009-11-26,0.23591085358402053,1,1,1,hh,international,61,1,-0.523215993,37.45247101
1188,embu,kairuri,kenya,2009-11-20,0.6449430451168192,4,1,1,hh,international,27,1,-0.424974285,37.46462153
1189,embu,kiangucu,kenya,2009-11-27,-2.440284226740131,3,4,1,hh,international,14,1,-0.523215993,37.45247101
1189,embu,kiangucu,kenya,2009-11-27,-2.440284226740131,3,4,1,hh,national,76,1,-0.523215993,37.45247101
1189,embu,kiangucu,kenya,2009-11-27,-2.440284226740131,3,4,1,hh,national,15,NA,-0.523215993,37.45247101
1189,embu,kiangucu,kenya,2009-11-27,-2.440284226740131,3,4,1,hh,national,17,NA,-0.523215993,37.45247101
1190,embu,kiangucu,kenya,2009-11-27,-1.1192433131699804,4,1,1,hh,international,12,1,-0.523215993,37.45247101
1191,embu,kiangucu,kenya,2009-11-27,-3.1100638157045615,2,1,1,hh,international,40,1,-0.523215993,37.45247101
1192,embu,kiangucu,kenya,2009-11-26,1.2127855720185838,6,1,1,hh,national,14,1,-0.523215993,37.45247101
1193,embu,manyatta,kenya,2009-11-21,3.132183806086626,2,0,NA,NA,NA,NA,NA,-0.430576281,37.47760539
1194,embu,manyatta,kenya,2009-11-21,1.8141647530844305,2,0,NA,NA,NA,NA,NA,-0.430576281,37.47760539
1195,embu,manyatta,kenya,2009-11-21,0.5041297199252783,2,0,NA,NA,NA,NA,NA,-0.430576281,37.47760539
1196,embu,manyatta,kenya,2009-11-21,-2.0933077869405174,4,0,1,non-hh,national,NA,1,-0.430576281,37.47760539
1196,embu,manyatta,kenya,2009-11-21,-2.0933077869405174,4,0,1,non-hh,national,NA,NA,-0.430576281,37.47760539
1197,embu,kau,kenya,2009-11-25,1.5500433147669368,2,1,1,hh,national,25,1,-2.486505577,40.43775301
1198,embu,kau,kenya,2009-11-25,3.073151606540311,4,3,1,hh,national,62,1,-2.486505577,40.43775301
1198,embu,kau,kenya,2009-11-25,3.073151606540311,4,3,1,hh,national,42,NA,-2.486505577,40.43775301
1198,embu,kau,kenya,2009-11-25,3.073151606540311,4,3,1,hh,national,52,1,-2.486505577,40.43775301
1199,embu,kau,kenya,2009-11-25,2.0253239353142143,4,1,1,hh,national,12,1,-2.486505577,40.43775301
1200,embu,kau,kenya,2009-11-25,1.9651650905210831,1,1,1,hh,national,38,1,-2.486505577,40.43775301
1201,embu,kau,kenya,2009-11-24,3.073151606540311,4,2,NA,hh,national,8,NA,-2.486505577,40.43775301
1201,embu,kau,kenya,2009-11-24,3.073151606540311,4,2,NA,hh,national,12,NA,-2.486505577,40.43775301
1202,embu,kau,kenya,2009-11-24,0.49068859108883806,2,1,NA,hh,national,13,NA,-2.486505577,40.43775301
1203,embu,kau,kenya,2009-11-24,-1.1192433131699804,4,2,1,hh,national,74,1,-2.486505577,40.43775301
1203,embu,kau,kenya,2009-11-24,-1.1192433131699804,4,2,1,hh,national,13,1,-2.486505577,40.43775301
1204,embu,kau,kenya,2009-11-24,3.113257503069065,10,0,1,non-hh,national,NA,1,-2.486505577,40.43775301
1204,embu,kau,kenya,2009-11-24,3.113257503069065,10,0,1,non-hh,national,NA,NA,-2.486505577,40.43775301
1205,embu,kau,kenya,2009-11-25,1.093477132032499,4,5,1,hh,international,12,1,-2.486505577,40.43775301
1205,embu,kau,kenya,2009-11-25,1.093477132032499,4,5,1,hh,international,11,NA,-2.486505577,40.43775301
1205,embu,kau,kenya,2009-11-25,1.093477132032499,4,5,1,hh,international,11,NA,-2.486505577,40.43775301
1205,embu,kau,kenya,2009-11-25,1.093477132032499,4,5,1,hh,international,11,NA,-2.486505577,40.43775301
1205,embu,kau,kenya,2009-11-25,1.093477132032499,4,5,1,hh,international,11,NA,-2.486505577,40.43775301
1206,embu,kau,kenya,2009-11-25,1.5199638923703713,6,2,1,hh,international,60,1,-2.486505577,40.43775301
1206,embu,kau,kenya,2009-11-25,1.5199638923703713,6,2,1,hh,international,14,1,-2.486505577,40.43775301
1207,embu,kau,kenya,2009-11-24,-0.40457157659736165,6,2,1,hh,international,60,1,-2.486505577,40.43775301
1207,embu,kau,kenya,2009-11-24,-0.40457157659736165,6,2,1,hh,national,6,1,-2.486505577,40.43775301
1208,embu,kiangucu,kenya,2009-11-26,2.389710114953593,6,1,1,hh,international,27,1,-0.523215993,37.45247101
1209,embu,kiangucu,kenya,2009-11-27,-1.8824681739705549,3,1,1,hh,international,38,1,-0.523215993,37.45247101
1210,embu,kiangucu,kenya,2009-11-26,-0.9383240914496853,4,1,1,hh,international,14,1,-0.523215993,37.45247101
1211,embu,kiangucu,kenya,2009-11-26,2.5068463518904367,6,1,1,hh,international,37,1,-0.523215993,37.45247101
1212,embu,matakare,kenya,2009-11-22,0.07863779046694469,3,0,1,non-hh,national,NA,1,-0.540014726,37.45160569
1213,embu,manyatta,kenya,2009-11-21,-1.6262953430799663,2,1,NA,hh,international,14,NA,-0.430576281,37.47760539
1214,embu,manyatta,kenya,2009-11-21,2.1029002376178396,4,1,1,hh,international,17,1,-0.430576281,37.47760539
1215,embu,manyatta,kenya,2009-11-21,-1.6262953430799663,2,1,1,hh,national,66,1,-0.430576281,37.47760539
1216,embu,manyatta,kenya,2009-11-21,2.5068463518904367,6,4,1,hh,national,40,1,-0.430576281,37.47760539
1216,embu,manyatta,kenya,2009-11-21,2.5068463518904367,6,4,1,hh,national,29,NA,-0.430576281,37.47760539
1216,embu,manyatta,kenya,2009-11-21,2.5068463518904367,6,4,1,hh,national,38,NA,-0.430576281,37.47760539
1216,embu,manyatta,kenya,2009-11-21,2.5068463518904367,6,4,1,hh,national,18,NA,-0.430576281,37.47760539
1217,embu,manyatta,kenya,2009-11-21,2.6970090820681034,4,1,1,hh,international,26,1,-0.430576281,37.47760539
1218,embu,matakare,kenya,2009-11-23,0.40968216393117607,4,1,1,hh,international,41,1,-0.540014726,37.45160569
1219,embu,kau,kenya,2009-11-25,-1.1072115442113541,6,1,1,hh,international,14,1,-2.486505577,40.43775301
1220,embu,kau,kenya,2009-11-24,0.36124178023637676,7,1,1,hh,international,42,1,-2.486505577,40.43775301
1220,embu,kau,kenya,2009-11-24,0.36124178023637676,7,1,1,non-hh,national,NA,1,-2.486505577,40.43775301
1220,embu,kau,kenya,2009-11-24,0.36124178023637676,7,1,1,non-hh,national,NA,NA,-2.486505577,40.43775301
1221,embu,kau,kenya,2009-11-24,3.0681383694742164,5,0,NA,NA,NA,NA,NA,-2.486505577,40.43775301
1222,embu,kau,kenya,2009-11-25,1.2428649944151493,4,0,NA,NA,NA,NA,NA,-2.486505577,40.43775301
1223,embu,kau,kenya,2009-11-24,3.232669572602085,7,0,1,non-hh,national,NA,1,-2.486505577,40.43775301
1223,embu,kau,kenya,2009-11-24,3.232669572602085,7,0,1,non-hh,national,NA,NA,-2.486505577,40.43775301
1224,embu,manyatta,kenya,2009-11-21,1.2378330243023674,4,1,1,hh,international,38,1,-0.430576281,37.47760539
1225,embu,kairuri,kenya,2009-11-20,0.8866547714445965,5,1,1,hh,national,63,1,-0.424974285,37.46462153
1226,embu,matakare,kenya,2009-11-23,0.895775625523543,1,2,NA,hh,national,13,NA,-0.540014726,37.45160569
1226,embu,matakare,kenya,2009-11-23,0.895775625523543,1,2,NA,hh,national,13,NA,-0.540014726,37.45160569
1227,embu,matakare,kenya,2009-11-22,1.3371921455710103,2,2,1,hh,national,41,1,-0.540014726,37.45160569
1227,embu,matakare,kenya,2009-11-22,1.3371921455710103,2,2,1,hh,national,54,1,-0.540014726,37.45160569
1228,embu,matakare,kenya,2009-11-22,-1.1192433131699804,6,1,NA,hh,international,8,NA,-0.540014726,37.45160569
1229,embu,matakare,kenya,2009-11-23,-3.2087912847745566,1,1,1,hh,international,18,1,-0.540014726,37.45160569
1230,embu,kiangucu,kenya,2009-11-27,2.411613580681333,4,1,1,hh,national,26,1,-0.523215993,37.45247101
1231,embu,kiangucu,kenya,2009-11-26,2.3596306925570274,3,1,1,hh,national,7,1,-0.523215993,37.45247101
1232,embu,kiangucu,kenya,2009-11-26,0.2960696983771516,5,0,NA,NA,NA,NA,NA,-0.523215993,37.45247101
1233,embu,kiangucu,kenya,2009-11-27,1.368780413474643,3,0,NA,NA,NA,NA,NA,-0.523215993,37.45247101
1234,embu,kiangucu,kenya,2009-11-27,-1.0590844683768494,6,0,NA,NA,NA,NA,NA,-0.523215993,37.45247101
1235,embu,kairuri,kenya,2009-11-20,-1.692099077137839,3,1,1,hh,international,36,1,-0.424974285,37.46462153
1236,embu,kairuri,kenya,2009-11-20,-1.1342830243682631,3,2,1,hh,international,36,1,-0.424974285,37.46462153
1236,embu,kairuri,kenya,2009-11-20,-1.1342830243682631,3,2,1,hh,international,96,1,-0.424974285,37.46462153
1236,embu,kairuri,kenya,2009-11-20,-1.1342830243682631,3,2,1,non-hh,national,NA,1,-0.424974285,37.46462153
1237,embu,kairuri,kenya,2009-11-20,3.5985645977485308,3,1,NA,hh,international,14,NA,-0.424974285,37.46462153
1238,embu,kairuri,kenya,2009-11-20,-0.32034919388697825,6,0,1,non-hh,national,NA,1,-0.424974285,37.46462153
1238,embu,kairuri,kenya,2009-11-20,-0.32034919388697825,6,0,1,non-hh,national,NA,1,-0.424974285,37.46462153
1239,embu,kairuri,kenya,2009-11-02,2.962074024173337,4,0,NA,NA,NA,NA,NA,-0.424974285,37.46462153
1240,embu,kairuri,kenya,2009-11-20,0.49608320538588163,2,0,1,non-hh,national,NA,1,-0.424974285,37.46462153
1241,embu,kairuri,kenya,2009-11-20,2.4667404553616827,7,0,1,non-hh,national,NA,1,-0.424974285,37.46462153
1242,embu,kairuri,kenya,2009-11-20,-1.1312750821286064,4,0,NA,NA,NA,NA,NA,-0.424974285,37.46462153
1243,embu,kairuri,kenya,2009-11-20,2.901915179380205,2,0,1,non-hh,national,NA,1,-0.424974285,37.46462153
1244,embu,kairuri,kenya,2009-11-20,1.9903519226142763,5,1,1,hh,national,17,1,-0.424974285,37.46462153
1245,embu,kairuri,kenya,2009-11-20,3.073151606540311,4,0,NA,NA,NA,NA,NA,-0.424974285,37.46462153
1246,embu,kairuri,kenya,2009-11-20,-1.947433889174731,4,0,NA,NA,NA,NA,NA,-0.424974285,37.46462153
1247,embu,kairuri,kenya,2009-11-20,3.0915125678385453,5,0,NA,NA,NA,NA,NA,-0.424974285,37.46462153
1248,embu,kairuri,kenya,2009-11-20,1.1776741795092365,3,0,1,non-hh,national,NA,1,-0.424974285,37.46462153
1249,embu,kiangucu,kenya,2009-11-26,2.3997365890857814,5,0,NA,NA,NA,NA,NA,-0.523215993,37.45247101
1250,embu,kairuri,kenya,2009-11-20,0.7663370818583345,2,1,1,hh,national,27,1,-0.424974285,37.46462153
1251,embu,kiangucu,kenya,2009-11-26,1.1466108427461394,2,3,1,hh,national,62,1,-0.523215993,37.45247101
1251,embu,kiangucu,kenya,2009-11-26,1.1466108427461394,2,3,1,hh,national,51,1,-0.523215993,37.45247101
1251,embu,kiangucu,kenya,2009-11-26,1.1466108427461394,2,3,1,hh,national,54,1,-0.523215993,37.45247101
1252,embu,matakare,kenya,2009-11-23,1.9127375074401727,3,0,1,non-hh,national,NA,1,-0.540014726,37.45160569
1252,embu,matakare,kenya,2009-11-23,1.9127375074401727,3,0,1,non-hh,national,NA,1,-0.540014726,37.45160569
1253,embu,matakare,kenya,2009-11-23,1.2836266640294753,7,1,1,hh,international,17,1,-0.540014726,37.45160569
1254,embu,matakare,kenya,2009-11-22,-0.8439969402938243,1,1,1,hh,national,37,1,-0.540014726,37.45160569
1255,embu,matakare,kenya,2009-11-22,-2.564077881140597,1,1,1,hh,international,74,1,-0.540014726,37.45160569
1256,embu,matakare,kenya,2009-11-22,0.6210244876200357,5,1,NA,hh,international,16,NA,-0.540014726,37.45160569
1257,embu,matakare,kenya,2009-11-22,-1.0590844683768494,4,2,1,hh,national,26,NA,-0.540014726,37.45160569
1257,embu,matakare,kenya,2009-11-22,-1.0590844683768494,4,2,1,hh,international,27,1,-0.540014726,37.45160569
1258,embu,matakare,kenya,2009-11-23,-2.5339984587440316,3,1,1,hh,national,80,1,-0.540014726,37.45160569
1259,embu,matakare,kenya,2009-11-23,1.6494024360355801,2,1,NA,hh,national,24,NA,-0.540014726,37.45160569
1260,embu,kau,kenya,2009-11-25,3.4986401347605605,12,0,NA,NA,NA,NA,NA,-2.486505577,40.43775301
1261,embu,kau,kenya,2009-11-25,2.8428829798338895,5,0,NA,NA,NA,NA,NA,-2.486505577,40.43775301
1262,embu,kau,kenya,2009-11-25,2.37467040375531,5,0,NA,NA,NA,NA,NA,-2.486505577,40.43775301
1263,embu,kau,kenya,2009-11-25,1.2829708909439033,8,0,NA,NA,NA,NA,NA,-2.486505577,40.43775301
1264,embu,kau,kenya,2009-11-24,1.297104982088944,5,0,1,non-hh,national,NA,1,-2.486505577,40.43775301
1264,embu,kau,kenya,2009-11-24,1.297104982088944,5,0,1,non-hh,national,NA,NA,-2.486505577,40.43775301
1264,embu,kau,kenya,2009-11-24,1.297104982088944,5,0,1,non-hh,national,NA,NA,-2.486505577,40.43775301
1265,embu,manyatta,kenya,2009-11-21,-0.9597253471082063,2,2,1,hh,national,24,1,-0.430576281,37.47760539
1265,embu,manyatta,kenya,2009-11-21,-0.9597253471082063,2,2,1,hh,national,48,1,-0.430576281,37.47760539
1266,embu,manyatta,kenya,2009-11-21,-1.1498880772858733,3,1,NA,hh,national,24,NA,-0.430576281,37.47760539
1267,embu,manyatta,kenya,2009-11-21,-1.0249161620141194,1,1,1,hh,national,29,1,-0.430576281,37.47760539
1267,embu,manyatta,kenya,2009-11-21,-1.0249161620141194,1,1,1,non-hh,national,NA,1,-0.430576281,37.47760539
1268,embu,manyatta,kenya,2009-11-21,-0.3955477498783919,3,3,1,hh,national,51,1,-0.430576281,37.47760539
1268,embu,manyatta,kenya,2009-11-21,-0.3955477498783919,3,3,1,hh,national,26,1,-0.430576281,37.47760539
1268,embu,manyatta,kenya,2009-11-21,-0.3955477498783919,3,3,1,hh,national,13,NA,-0.430576281,37.47760539
1269,embu,manyatta,kenya,2009-11-21,3.1823161767475683,3,2,NA,hh,national,18,NA,-0.430576281,37.47760539
1269,embu,manyatta,kenya,2009-11-21,3.1823161767475683,3,2,NA,hh,national,8,NA,-0.430576281,37.47760539
1270,embu,manyatta,kenya,2009-11-21,0.22920562955178303,1,0,NA,NA,NA,NA,NA,-0.430576281,37.47760539
1271,embu,manyatta,kenya,2009-11-21,-0.8439969402938243,1,0,1,non-hh,national,NA,1,-0.430576281,37.47760539
1272,embu,manyatta,kenya,2009-11-21,0.5161361536502587,2,0,1,non-hh,national,NA,1,-0.430576281,37.47760539
1273,embu,manyatta,kenya,2009-11-21,0.40968216393117607,4,0,1,non-hh,national,NA,1,-0.430576281,37.47760539
1274,embu,manyatta,kenya,2009-11-21,-1.1192433131699804,3,0,NA,NA,NA,NA,NA,-0.430576281,37.47760539
1275,embu,manyatta,kenya,2009-11-21,-0.24607499099549424,5,0,1,non-hh,national,NA,1,-0.430576281,37.47760539
1276,embu,manyatta,kenya,2009-11-21,-1.0771574570484346,1,0,NA,NA,NA,NA,NA,-0.430576281,37.47760539
1277,embu,kiangucu,kenya,2009-11-27,-0.39769628004957513,5,2,1,hh,national,14,1,-0.523215993,37.45247101
1277,embu,kiangucu,kenya,2009-11-27,-0.39769628004957513,5,2,1,hh,international,25,1,-0.523215993,37.45247101
1278,embu,matakare,kenya,2009-11-23,-2.3436293619113155,7,0,NA,NA,NA,NA,NA,-0.540014726,37.45160569
1279,embu,matakare,kenya,2009-11-22,-0.08474578482723594,6,0,NA,NA,NA,NA,NA,-0.540014726,37.45160569
1280,embu,matakare,kenya,2009-11-22,-0.3253811639997599,6,0,1,non-hh,national,NA,1,-0.540014726,37.45160569
1280,embu,matakare,kenya,2009-11-22,-0.3253811639997599,6,0,1,non-hh,national,NA,1,-0.540014726,37.45160569
1281,embu,matakare,kenya,2009-11-22,-1.1342830243682631,3,1,1,hh,national,60,1,-0.540014726,37.45160569
1282,embu,matakare,kenya,2009-11-22,-0.42841223182733795,4,0,NA,NA,NA,NA,NA,-0.540014726,37.45160569
1283,embu,matakare,kenya,2009-11-22,1.8525786626470415,2,0,NA,NA,NA,NA,NA,-0.540014726,37.45160569
1284,embu,matakare,kenya,2009-11-22,0.2893644743449142,2,0,NA,NA,NA,NA,NA,-0.540014726,37.45160569
1285,siaya,yombura,kenya,2009-12-07,3.5985645977485308,3,0,NA,NA,NA,NA,NA,0.065231303,34.28678507
1286,siaya,yombura,kenya,2009-12-07,-0.5791657719262546,3,3,1,hh,international,251,1,0.065231303,34.28678507
1286,siaya,yombura,kenya,2009-12-07,-0.5791657719262546,3,3,1,hh,international,143,NA,0.065231303,34.28678507
1286,siaya,yombura,kenya,2009-12-07,-0.5791657719262546,3,3,1,hh,international,66,1,0.065231303,34.28678507
1287,siaya,yombura,kenya,2009-12-07,2.7685855847051877,2,3,1,hh,national,60,1,0.065231303,34.28678507
1287,siaya,yombura,kenya,2009-12-07,2.7685855847051877,2,3,1,hh,national,24,1,0.065231303,34.28678507
1287,siaya,yombura,kenya,2009-12-07,2.7685855847051877,2,3,1,hh,international,96,NA,0.065231303,34.28678507
1288,siaya,yombura,kenya,2009-12-07,0.43444777514325034,5,2,1,hh,national,48,NA,0.065231303,34.28678507
1288,siaya,yombura,kenya,2009-12-07,0.43444777514325034,5,2,1,hh,international,36,1,0.065231303,34.28678507
1289,siaya,yombura,kenya,2009-12-07,0.802564082060629,4,1,1,hh,international,24,1,0.065231303,34.28678507
1290,siaya,yombura,kenya,2009-12-07,2.759464730626241,5,4,1,hh,national,96,1,0.065231303,34.28678507
1290,siaya,yombura,kenya,2009-12-07,2.759464730626241,5,4,1,hh,national,60,1,0.065231303,34.28678507
1290,siaya,yombura,kenya,2009-12-07,2.759464730626241,5,4,1,hh,international,36,1,0.065231303,34.28678507
1290,siaya,yombura,kenya,2009-12-07,2.759464730626241,5,4,1,hh,international,NA,NA,0.065231303,34.28678507
1291,siaya,yombura,kenya,2009-12-07,2.669226463436545,3,1,NA,hh,international,96,NA,0.065231303,34.28678507
1292,siaya,yombura,kenya,2009-12-07,3.272775469130839,3,0,NA,NA,NA,NA,NA,0.065231303,34.28678507
1293,siaya,yombura,kenya,2009-12-07,0.9156737964248447,4,1,NA,hh,international,42,NA,0.065231303,34.28678507
1294,siaya,yombura,kenya,2009-12-07,3.172510727808954,4,1,1,hh,international,250,1,0.065231303,34.28678507
1295,siaya,yombura,kenya,2009-12-07,-1.1350785649162072,7,6,1,hh,international,186,1,0.065231303,34.28678507
1295,siaya,yombura,kenya,2009-12-07,-1.1350785649162072,7,6,1,hh,international,79,NA,0.065231303,34.28678507
1295,siaya,yombura,kenya,2009-12-07,-1.1350785649162072,7,6,1,hh,international,70,NA,0.065231303,34.28678507
1295,siaya,yombura,kenya,2009-12-07,-1.1350785649162072,7,6,1,hh,international,70,NA,0.065231303,34.28678507
1295,siaya,yombura,kenya,2009-12-07,-1.1350785649162072,7,6,1,hh,national,129,1,0.065231303,34.28678507
1296,siaya,yombura,kenya,2009-12-07,-0.12838151469241987,6,1,1,hh,international,82,1,0.065231303,34.28678507
1297,siaya,yombura,kenya,2009-12-07,0.9517691033007234,7,1,1,hh,international,186,1,0.065231303,34.28678507
1298,siaya,yombura,kenya,2009-12-07,3.173416347862196,6,0,NA,NA,NA,NA,NA,0.065231303,34.28678507
1299,siaya,yombura,kenya,2009-12-07,1.2454772929318136,5,1,1,hh,national,18,1,0.065231303,34.28678507
1300,siaya,yombura,kenya,2009-12-07,0.93206841720423,3,2,NA,hh,national,82,NA,0.065231303,34.28678507
1300,siaya,yombura,kenya,2009-12-07,0.93206841720423,3,2,NA,hh,national,71,NA,0.065231303,34.28678507
1301,siaya,yombura,kenya,2009-12-07,3.6587234425416617,5,0,NA,NA,NA,NA,NA,0.065231303,34.28678507
1302,siaya,yombura,kenya,2009-12-07,3.2034957702587614,7,0,NA,NA,NA,NA,NA,0.065231303,34.28678507
1303,siaya,yombura,kenya,2009-12-07,3.0336505268104212,2,0,NA,NA,NA,NA,NA,0.065231303,34.28678507
1304,siaya,yombura,kenya,2009-12-07,3.093204554804688,5,0,NA,NA,NA,NA,NA,0.065231303,34.28678507
1305,siaya,yombura,kenya,2009-12-07,2.558782366624802,7,0,NA,NA,NA,NA,NA,0.065231303,34.28678507
1306,siaya,yombura,kenya,2009-12-07,2.000966313855226,7,0,NA,NA,NA,NA,NA,0.065231303,34.28678507
1307,siaya,uhanya,kenya,2009-12-07,-0.9989256235837183,6,0,NA,NA,NA,NA,NA,0.065231303,34.28678507
1308,siaya,awello,kenya,2009-12-08,1.7867384105203326,4,0,NA,NA,NA,NA,NA,0.065469979,34.28796477
1309,siaya,awello,kenya,2009-12-08,1.0220713248644462,1,2,1,hh,national,108,NA,0.065469979,34.28796477
1309,siaya,awello,kenya,2009-12-08,1.0220713248644462,1,2,1,hh,national,72,1,0.065469979,34.28796477
1310,siaya,awello,kenya,2009-11-08,1.709561280828711,6,0,NA,NA,NA,NA,NA,0.065469979,34.28796477
1311,siaya,awello,kenya,2009-12-08,3.173416347862196,6,2,NA,hh,national,20,NA,0.065469979,34.28796477
1311,siaya,awello,kenya,2009-12-08,3.173416347862196,6,2,NA,hh,national,36,NA,0.065469979,34.28796477
1312,siaya,awello,kenya,2009-12-08,1.5182340216697308,5,2,1,hh,national,108,1,0.065469979,34.28796477
1312,siaya,awello,kenya,2009-12-08,1.5182340216697308,5,2,1,hh,national,84,NA,0.065469979,34.28796477
1312,siaya,awello,kenya,2009-12-08,1.5182340216697308,5,2,1,non-hh,national,NA,1,0.065469979,34.28796477
1313,siaya,awello,kenya,2009-12-08,-0.30029624562260127,7,1,1,hh,national,12,1,0.065469979,34.28796477
1314,siaya,awello,kenya,2009-12-08,1.0950093051575087,2,1,1,hh,national,84,NA,0.065469979,34.28796477
1314,siaya,awello,kenya,2009-12-08,1.0950093051575087,2,1,1,non-hh,national,NA,1,0.065469979,34.28796477
1315,siaya,awello,kenya,2009-12-08,1.5801227371635027,5,1,1,hh,national,12,NA,0.065469979,34.28796477
1315,siaya,awello,kenya,2009-12-08,1.5801227371635027,5,1,1,non-hh,national,NA,1,0.065469979,34.28796477
1316,siaya,awello,kenya,2009-12-08,2.4990957103544247,5,1,NA,hh,national,60,NA,0.065469979,34.28796477
1317,siaya,awello,kenya,2009-12-08,0.16358009221649178,4,4,1,hh,international,84,1,0.065469979,34.28796477
1317,siaya,awello,kenya,2009-12-08,0.16358009221649178,4,4,1,hh,international,72,1,0.065469979,34.28796477
1317,siaya,awello,kenya,2009-12-08,0.16358009221649178,4,4,1,hh,international,24,NA,0.065469979,34.28796477
1317,siaya,awello,kenya,2009-12-08,0.16358009221649178,4,4,1,hh,international,36,NA,0.065469979,34.28796477
1318,siaya,awello,kenya,2009-12-08,3.667844296620608,2,1,NA,hh,international,60,NA,0.065469979,34.28796477
1319,siaya,awello,kenya,2009-12-08,2.0767471112560703,1,1,1,hh,international,72,1,0.065469979,34.28796477
1320,siaya,awello,kenya,2009-12-08,0.11542114273312509,4,1,1,hh,international,84,1,0.065469979,34.28796477
1321,siaya,ukwala 'b',kenya,2009-12-09,-1.7469044065309611,4,2,1,hh,international,126,NA,0.196054801,34.18935761
1321,siaya,ukwala 'b',kenya,2009-12-09,-1.7469044065309611,4,2,1,hh,national,71,1,0.196054801,34.18935761
1322,siaya,ukwala 'b',kenya,2009-12-09,1.9736827191462047,3,0,NA,NA,NA,NA,NA,0.196054801,34.18935761
1323,siaya,ukwala 'b',kenya,2009-12-09,2.579307503411933,9,0,NA,NA,NA,NA,NA,0.196054801,34.18935761
1324,siaya,uhanya,kenya,2009-12-07,3.272775469130839,3,1,1,hh,national,71,1,0.065231303,34.28678507
1325,siaya,uhanya,kenya,2009-12-07,3.5735696930964944,8,1,1,hh,national,59,1,0.065231303,34.28678507
1326,siaya,uhanya,kenya,2009-12-07,3.053098658275934,2,1,NA,hh,national,23,NA,0.065231303,34.28678507
1327,siaya,sinaga,kenya,2009-12-05,3.21352224439095,11,0,NA,NA,NA,NA,NA,0.056656404,34.51714114
1328,siaya,sinaga,kenya,2009-12-05,3.116362472668698,2,0,NA,NA,NA,NA,NA,0.056656404,34.51714114
1329,siaya,sinaga,kenya,2009-12-05,3.908479675793132,5,0,NA,NA,NA,NA,NA,0.056656404,34.51714114
1330,siaya,uhanya,kenya,2009-12-07,1.4898844699738059,2,0,NA,NA,NA,NA,NA,0.065231303,34.28678507
1331,siaya,uhanya,kenya,2009-12-07,0.8113080402770658,6,1,NA,hh,international,59,NA,0.065231303,34.28678507
1332,siaya,uhanya,kenya,2009-12-06,1.4284711291494692,4,1,NA,hh,international,66,NA,0.065231303,34.28678507
1334,siaya,uhanya,kenya,2009-12-07,1.5892435912424487,3,3,1,hh,international,130,NA,0.065231303,34.28678507
1334,siaya,uhanya,kenya,2009-12-07,1.5892435912424487,3,3,1,hh,national,54,1,0.065231303,34.28678507
1334,siaya,uhanya,kenya,2009-12-07,1.5892435912424487,3,3,1,hh,national,52,NA,0.065231303,34.28678507
1335,siaya,uhanya,kenya,2009-12-07,-1.8811563846452473,4,1,1,hh,international,203,1,0.065231303,34.28678507
1336,siaya,uhanya,kenya,2009-12-07,-0.23633446123439905,2,1,1,hh,international,59,1,0.065231303,34.28678507
1337,siaya,uhanya,kenya,2009-12-07,0.8133067329165453,3,3,1,hh,international,54,NA,0.065231303,34.28678507
1337,siaya,uhanya,kenya,2009-12-07,0.8133067329165453,3,3,1,hh,international,95,1,0.065231303,34.28678507
1337,siaya,uhanya,kenya,2009-12-07,0.8133067329165453,3,3,1,hh,international,45,NA,0.065231303,34.28678507
1338,siaya,uhanya,kenya,2009-12-07,0.8107945836009147,3,2,1,hh,international,46,1,0.065231303,34.28678507
1338,siaya,uhanya,kenya,2009-12-07,0.8107945836009147,3,2,1,hh,international,95,1,0.065231303,34.28678507
1339,siaya,uhanya,kenya,2009-12-07,2.669226463436545,2,2,1,hh,national,300,1,0.065231303,34.28678507
1339,siaya,uhanya,kenya,2009-12-07,2.669226463436545,2,2,1,hh,national,288,1,0.065231303,34.28678507
1340,siaya,uhanya,kenya,2009-11-07,2.4389368655612933,2,0,NA,NA,NA,NA,NA,0.065231303,34.28678507
1341,siaya,sinaga,kenya,2009-11-07,1.7333876183075956,5,0,NA,NA,NA,NA,NA,0.056656404,34.51714114
1342,siaya,sinaga,kenya,2009-11-07,3.212616624337708,6,0,NA,NA,NA,NA,NA,0.056656404,34.51714114
1343,siaya,uhanya,kenya,2009-12-07,2.498623521831671,5,0,NA,NA,NA,NA,NA,0.065231303,34.28678507
1344,siaya,yombura,kenya,2009-11-07,3.6587234425416617,5,0,NA,NA,NA,NA,NA,0.065231303,34.28678507
1345,siaya,yombura,kenya,2009-12-07,-1.0785414816926029,2,2,1,hh,international,191,1,0.065231303,34.28678507
1345,siaya,yombura,kenya,2009-12-07,-1.0785414816926029,2,2,1,hh,international,190,1,0.065231303,34.28678507
1346,siaya,yombura,kenya,2009-12-07,-0.07458421435952717,3,1,1,hh,international,119,1,0.065231303,34.28678507
1347,siaya,yombura,kenya,2009-12-07,0.6471126562925815,4,1,1,hh,international,96,1,0.065231303,34.28678507
1347,siaya,yombura,kenya,2009-12-07,0.6471126562925815,4,1,1,non-hh,national,NA,1,0.065231303,34.28678507
1348,siaya,yombura,kenya,2009-12-07,-0.8958289651062854,3,3,1,hh,national,246,1,0.065231303,34.28678507
1348,siaya,yombura,kenya,2009-12-07,-0.8958289651062854,3,3,1,hh,national,172,1,0.065231303,34.28678507
1348,siaya,yombura,kenya,2009-12-07,-0.8958289651062854,3,3,1,hh,national,123,1,0.065231303,34.28678507
1350,siaya,yombura,kenya,2009-12-07,-0.1397750292654399,2,1,1,hh,national,67,1,0.065231303,34.28678507
1350,siaya,yombura,kenya,2009-12-07,-0.1397750292654399,2,1,1,non-hh,national,NA,1,0.065231303,34.28678507
1351,siaya,yombura,kenya,2009-12-07,1.3256890859893216,3,1,1,hh,national,108,1,0.065231303,34.28678507
1351,siaya,yombura,kenya,2009-12-07,1.3256890859893216,3,1,1,non-hh,national,NA,1,0.065231303,34.28678507
1352,siaya,yombura,kenya,2009-12-07,3.053098658275934,3,1,1,hh,national,243,1,0.065231303,34.28678507
1353,siaya,yombura,kenya,2009-12-07,3.0831780806724995,6,2,1,hh,national,71,1,0.065231303,34.28678507
1353,siaya,yombura,kenya,2009-12-07,3.0831780806724995,6,2,1,hh,national,58,1,0.065231303,34.28678507
1353,siaya,yombura,kenya,2009-12-07,3.0831780806724995,6,2,1,non-hh,national,NA,1,0.065231303,34.28678507
1354,siaya,yombura,kenya,2009-12-07,2.4685440994351056,6,1,NA,hh,national,70,NA,0.065231303,34.28678507
1355,siaya,sinaga,kenya,2009-12-05,3.033045710011557,2,1,NA,hh,national,12,NA,0.056656404,34.51714114
1356,siaya,awello,kenya,2009-12-08,-1.8130016957800112,3,4,1,hh,international,96,1,0.065469979,34.28796477
1356,siaya,awello,kenya,2009-12-08,-1.8130016957800112,3,4,1,hh,international,48,NA,0.065469979,34.28796477
1356,siaya,awello,kenya,2009-12-08,-1.8130016957800112,3,4,1,hh,international,72,1,0.065469979,34.28796477
1356,siaya,awello,kenya,2009-12-08,-1.8130016957800112,3,4,1,hh,international,72,1,0.065469979,34.28796477
1357,siaya,awello,kenya,2009-12-08,0.17911296310635827,3,2,1,hh,national,96,1,0.065469979,34.28796477
1357,siaya,awello,kenya,2009-12-08,0.17911296310635827,3,2,1,hh,international,60,1,0.065469979,34.28796477
1358,siaya,awello,kenya,2009-12-08,0.5062340925483748,3,2,1,hh,international,5,NA,0.065469979,34.28796477
1358,siaya,awello,kenya,2009-12-08,0.5062340925483748,3,2,1,hh,international,4,1,0.065469979,34.28796477
1359,siaya,awello,kenya,2009-12-08,0.190226378269845,4,0,NA,NA,NA,NA,NA,0.065469979,34.28796477
1360,siaya,awello,kenya,2009-12-08,2.137126981242775,3,0,NA,NA,NA,NA,NA,0.065469979,34.28796477
1361,siaya,sinaga,kenya,2009-11-05,3.7580825638103046,5,1,1,hh,national,36,1,0.056656404,34.51714114
1363,siaya,sinaga,kenya,2009-12-05,-0.39558426794722823,4,1,1,hh,national,83,1,0.056656404,34.51714114
1364,siaya,sinaga,kenya,2009-12-05,3.153363399597819,8,2,NA,hh,national,91,NA,0.056656404,34.51714114
1364,siaya,sinaga,kenya,2009-12-05,3.153363399597819,8,2,NA,hh,national,NA,NA,0.056656404,34.51714114
1365,siaya,sinaga,kenya,2009-12-05,3.152457779544577,2,0,NA,NA,NA,NA,NA,0.056656404,34.51714114
1366,siaya,awello,kenya,2009-12-08,0.4324424803168126,4,1,NA,hh,international,60,NA,0.065469979,34.28796477
1367,siaya,awello,kenya,2009-12-08,0.8133067329165453,3,1,NA,hh,international,36,NA,0.065469979,34.28796477
1368,siaya,awello,kenya,2009-12-09,-1.7759884857625656,4,1,1,hh,international,7,1,0.065469979,34.28796477
1369,siaya,ukwala 'b',kenya,2009-12-05,-0.40056098694448616,2,1,1,hh,international,63,1,0.196054801,34.18935761
1370,siaya,ukwala 'b',kenya,2009-12-09,0.35030968605094626,3,1,1,hh,international,47,1,0.196054801,34.18935761
1371,siaya,awello,kenya,2009-12-08,0.41869188722123984,4,2,1,hh,international,72,1,0.065469979,34.28796477
1371,siaya,awello,kenya,2009-12-08,0.41869188722123984,4,2,1,hh,international,36,NA,0.065469979,34.28796477
1372,siaya,awello,kenya,2009-12-08,1.2729444168117148,5,1,1,hh,international,60,1,0.065469979,34.28796477
1373,siaya,awello,kenya,2009-12-08,3.687897244884985,4,0,NA,NA,NA,NA,NA,0.065469979,34.28796477
1374,siaya,awello,kenya,2009-12-08,3.4384812899674295,6,0,NA,NA,NA,NA,NA,0.065469979,34.28796477
1375,siaya,awello,kenya,2009-12-18,0.7375428352058042,6,0,NA,NA,NA,NA,NA,0.065469979,34.28796477
1376,siaya,ukwala 'b',kenya,2009-12-09,1.8743235978775614,3,0,NA,NA,NA,NA,NA,0.196054801,34.18935761
1377,siaya,ukwala 'b',kenya,2009-12-09,3.0831780806724995,3,0,NA,NA,NA,NA,NA,0.196054801,34.18935761
1378,siaya,ukwala 'b',kenya,2009-12-09,1.3230767874726572,10,0,NA,NA,NA,NA,NA,0.196054801,34.18935761
1379,siaya,uhanya,kenya,2009-12-07,1.2454772929318136,5,1,NA,hh,national,35,NA,0.065231303,34.28678507
1380,siaya,uhanya,kenya,2009-12-07,3.6286440201450962,4,0,NA,NA,NA,NA,NA,0.065231303,34.28678507
1381,siaya,uhanya,kenya,2009-12-07,0.8304553684882008,2,0,NA,NA,NA,NA,NA,0.065231303,34.28678507
1382,siaya,uhanya,kenya,2009-12-07,0.7391174265253089,4,0,NA,NA,NA,NA,NA,0.065231303,34.28678507
1383,siaya,uhanya,kenya,2009-12-07,3.728003141413739,4,0,NA,NA,NA,NA,NA,0.065231303,34.28678507
1384,siaya,ukwala 'b',kenya,2009-12-09,3.192563676073331,5,1,1,hh,national,64,1,0.196054801,34.18935761
1384,siaya,ukwala 'b',kenya,2009-12-09,3.192563676073331,5,1,1,non-hh,national,NA,1,0.196054801,34.18935761
1385,siaya,ukwala 'b',kenya,2009-12-09,-0.3805080386801092,4,1,1,hh,national,34,1,0.196054801,34.18935761
1386,siaya,ukwala 'b',kenya,2009-12-09,-1.0991903649056034,4,2,1,hh,national,83,1,0.196054801,34.18935761
1386,siaya,ukwala 'b',kenya,2009-12-09,-1.0991903649056034,4,2,1,hh,national,102,1,0.196054801,34.18935761
1387,siaya,ukwala 'b',kenya,2009-12-09,3.053098658275934,3,1,1,hh,national,35,1,0.196054801,34.18935761
1388,siaya,ukwala 'b',kenya,2009-12-09,0.5287936593457989,3,1,1,hh,national,82,1,0.196054801,34.18935761
1389,siaya,ukwala 'b',kenya,2009-12-09,2.7485326364408107,2,1,1,hh,national,58,1,0.196054801,34.18935761
1390,siaya,ukwala 'b',kenya,2009-12-09,-1.1392962614343574,4,1,1,hh,national,238,1,0.196054801,34.18935761
1391,siaya,ukwala 'b',kenya,2009-12-09,3.2689323905829357,3,1,1,hh,international,55,1,0.196054801,34.18935761
1391,siaya,ukwala 'b',kenya,2009-12-09,3.2689323905829357,3,1,1,non-hh,national,NA,1,0.196054801,34.18935761
1392,siaya,ukwala 'b',kenya,2009-12-09,-1.7071387883361218,3,1,1,hh,international,107,1,0.196054801,34.18935761
1392,siaya,ukwala 'b',kenya,2009-12-09,-1.7071387883361218,3,1,1,non-hh,national,NA,1,0.196054801,34.18935761
1393,siaya,sinaga,kenya,2009-12-05,-0.6986798765060891,2,4,1,hh,national,108,NA,0.056656404,34.51714114
1393,siaya,sinaga,kenya,2009-12-05,-0.6986798765060891,2,4,1,hh,international,84,NA,0.056656404,34.51714114
1393,siaya,sinaga,kenya,2009-12-05,-0.6986798765060891,2,4,1,hh,international,72,NA,0.056656404,34.51714114
1393,siaya,sinaga,kenya,2009-12-05,-0.6986798765060891,2,4,1,hh,national,96,1,0.056656404,34.51714114
1394,siaya,sinaga,kenya,2009-12-05,3.172510727808954,4,2,1,hh,international,96,1,0.056656404,34.51714114
1394,siaya,sinaga,kenya,2009-12-05,3.172510727808954,4,2,1,hh,international,48,1,0.056656404,34.51714114
1395,siaya,sinaga,kenya,2009-12-05,-1.8364656748940498,4,2,1,hh,international,106,1,0.056656404,34.51714114
1395,siaya,sinaga,kenya,2009-12-05,-1.8364656748940498,4,2,1,hh,international,65,1,0.056656404,34.51714114
1395,siaya,sinaga,kenya,2009-12-05,-1.8364656748940498,4,2,1,non-hh,national,NA,1,0.056656404,34.51714114
1395,siaya,sinaga,kenya,2009-12-05,-1.8364656748940498,4,2,1,non-hh,national,NA,1,0.056656404,34.51714114
1396,siaya,sinaga,kenya,2009-12-05,-0.2767860655907072,4,3,1,hh,international,48,1,0.056656404,34.51714114
1396,siaya,sinaga,kenya,2009-12-05,-0.2767860655907072,4,3,1,hh,international,48,1,0.056656404,34.51714114
1396,siaya,sinaga,kenya,2009-12-05,-0.2767860655907072,4,3,1,hh,national,12,1,0.056656404,34.51714114
1397,siaya,sinaga,kenya,2009-12-05,0.828346444114828,3,2,NA,hh,international,43,NA,0.056656404,34.51714114
1397,siaya,sinaga,kenya,2009-12-05,0.828346444114828,3,2,NA,hh,international,58,NA,0.056656404,34.51714114
1398,siaya,sinaga,kenya,2009-12-05,0.050081872115970594,2,6,1,hh,national,407,NA,0.056656404,34.51714114
1398,siaya,sinaga,kenya,2009-12-05,0.050081872115970594,2,6,1,hh,national,366,NA,0.056656404,34.51714114
1398,siaya,sinaga,kenya,2009-12-05,0.050081872115970594,2,6,1,hh,national,343,NA,0.056656404,34.51714114
1398,siaya,sinaga,kenya,2009-12-05,0.050081872115970594,2,6,1,hh,national,320,NA,0.056656404,34.51714114
1398,siaya,sinaga,kenya,2009-12-05,0.050081872115970594,2,6,1,hh,international,97,NA,0.056656404,34.51714114
1398,siaya,sinaga,kenya,2009-12-05,0.050081872115970594,2,6,1,hh,,131,1,0.056656404,34.51714114
1399,siaya,sinaga,kenya,2009-12-05,0.23910266155454257,11,1,1,hh,international,60,1,0.056656404,34.51714114
1399,siaya,sinaga,kenya,2009-12-05,0.23910266155454257,11,1,1,non-hh,national,NA,1,0.056656404,34.51714114
1400,siaya,sinaga,kenya,2009-12-05,0.8505083167525778,5,1,1,hh,international,30,1,0.056656404,34.51714114
1401,siaya,sinaga,kenya,2009-12-05,-0.4280989866158649,5,1,NA,hh,international,88,NA,0.056656404,34.51714114
1402,siaya,sinaga,kenya,2009-12-05,0.33479238659659033,4,3,1,hh,international,72,NA,0.056656404,34.51714114
1402,siaya,sinaga,kenya,2009-12-05,0.33479238659659033,4,3,1,hh,national,97,1,0.056656404,34.51714114
1402,siaya,sinaga,kenya,2009-12-05,0.33479238659659033,4,3,1,hh,national,NA,NA,0.056656404,34.51714114
1403,siaya,sinaga,kenya,2009-12-05,3.113257503069065,6,1,1,hh,national,82,1,0.056656404,34.51714114
1404,siaya,sinaga,kenya,2009-12-05,0.08961116962495713,5,1,1,hh,national,36,1,0.056656404,34.51714114
1405,siaya,sinaga,kenya,2009-12-05,3.5985645977485308,3,2,1,hh,national,96,NA,0.056656404,34.51714114
1405,siaya,sinaga,kenya,2009-12-05,3.5985645977485308,3,2,1,hh,national,96,NA,0.056656404,34.51714114
1405,siaya,sinaga,kenya,2009-12-05,3.5985645977485308,3,2,1,non-hh,national,NA,1,0.056656404,34.51714114
1406,siaya,ukwala 'b',kenya,2009-12-09,-2.3338045385321413,4,4,1,hh,international,190,1,0.196054801,34.18935761
1406,siaya,ukwala 'b',kenya,2009-12-09,-2.3338045385321413,4,4,1,hh,international,71,NA,0.196054801,34.18935761
1406,siaya,ukwala 'b',kenya,2009-12-09,-2.3338045385321413,4,4,1,hh,international,30,NA,0.196054801,34.18935761
1406,siaya,ukwala 'b',kenya,2009-12-09,-2.3338045385321413,4,4,1,hh,international,40,NA,0.196054801,34.18935761
1406,siaya,ukwala 'b',kenya,2009-12-09,-2.3338045385321413,4,4,1,non-hh,national,NA,1,0.196054801,34.18935761
1407,siaya,ukwala 'b',kenya,2009-12-09,2.489069236222236,3,0,NA,NA,NA,NA,NA,0.196054801,34.18935761
1408,lugari,township,kenya,2009-11-25,-1.2459963334420485,2,2,1,hh,national,108,NA,0.6475208,34.87395182
1408,lugari,township,kenya,2009-11-25,-1.2459963334420485,2,2,1,hh,national,108,1,0.6475208,34.87395182
1409,lugari,township,kenya,2009-11-24,2.406600343615239,5,0,NA,NA,NA,NA,NA,0.6475208,34.87395182
1410,lugari,muyunchi,kenya,2009-11-27,3.5283792788232113,1,1,1,hh,international,312,1,0.651269818,34.87616289
1411,lugari,mlimani,kenya,2009-11-27,1.1812108311258305,9,2,NA,hh,international,48,NA,0.651451675,34.87612009
1411,lugari,mlimani,kenya,2009-11-27,1.1812108311258305,9,2,NA,hh,international,24,NA,0.651451675,34.87612009
1412,lugari,muyunchi,kenya,2009-11-27,3.0788810203301327,10,1,NA,hh,international,36,NA,0.651269818,34.87616289
1413,lugari,township,kenya,2009-11-24,1.3491649561452033,7,2,1,hh,international,24,1,0.6475208,34.87395182
1413,lugari,township,kenya,2009-11-24,1.3491649561452033,7,2,1,hh,international,24,NA,0.6475208,34.87395182
1414,lugari,mlimani,kenya,2009-11-26,1.4658209320565534,3,2,1,hh,international,120,1,0.651451675,34.87612009
1414,lugari,mlimani,kenya,2009-11-26,1.4658209320565534,3,2,1,hh,international,59,NA,0.651451675,34.87612009
1415,lugari,mlimani,kenya,2009-11-27,1.0684129971387097,3,1,1,hh,international,36,NA,0.651451675,34.87612009
1415,lugari,mlimani,kenya,2009-11-27,1.0684129971387097,3,1,1,non-hh,international,NA,1,0.651451675,34.87612009
1416,kilifi,kiwandani,kenya,2009-12-07,-0.8739537083119642,5,1,NA,hh,international,14,NA,-3.609861016,39.8623924
1417,kilifi,kiwandani,kenya,2009-12-07,-2.853524705501436,4,2,1,hh,international,48,1,-3.609861016,39.8623924
1417,kilifi,kiwandani,kenya,2009-12-07,-2.853524705501436,4,2,1,hh,international,48,NA,-3.609861016,39.8623924
1418,kilifi,kiwandani,kenya,2009-12-07,-1.311452071495278,6,1,1,hh,international,28,1,-3.609861016,39.8623924
1419,kilifi,kiwandani,kenya,2009-12-07,-2.886612070137658,1,1,1,hh,international,62,1,-3.609861016,39.8623924
1420,kilifi,kiwandani,kenya,2009-12-07,-3.501246051375052,3,1,1,hh,international,60,1,-3.609861016,39.8623924
1421,kilifi,kiwandani,kenya,2009-12-07,1.0859593268700398,2,1,1,hh,international,37,1,-3.609861016,39.8623924
1421,kilifi,kiwandani,kenya,2009-12-07,1.0859593268700398,2,1,1,non-hh,international,NA,1,-3.609861016,39.8623924
1422,kilifi,kiwandani,kenya,2009-12-07,-3.0699579191758075,6,1,NA,hh,national,12,NA,-3.609861016,39.8623924
1423,kilifi,kiwandani,kenya,2009-12-07,-0.7317593883977462,3,1,1,hh,national,74,1,-3.609861016,39.8623924
1424,kilifi,kiwandani,kenya,2009-12-07,2.037767859974132,3,1,NA,hh,national,12,NA,-3.609861016,39.8623924
1425,kilifi,kiwandani,kenya,2009-12-09,-2.782516389641406,4,1,NA,hh,national,24,NA,-3.609861016,39.8623924
1426,kilifi,kiwandani,kenya,2009-12-06,-0.3458220916820449,3,1,1,hh,national,24,1,-3.609861016,39.8623924
1427,kilifi,kiwandani,kenya,2009-12-07,-1.9828826598075793,6,1,1,hh,national,24,1,-3.609861016,39.8623924
1428,kilifi,kiwandani,kenya,2009-12-07,-2.2235180389801026,4,0,1,non-hh,national,NA,1,-3.609861016,39.8623924
1429,kilifi,kiwandani,kenya,2009-12-07,-2.7211752469565478,3,1,1,hh,national,49,1,-3.609861016,39.8623924
1430,kilifi,kiwandani,kenya,2009-12-07,-2.331799243705704,5,0,NA,NA,NA,NA,NA,-3.609861016,39.8623924
1431,kilifi,kiwandani,kenya,2009-12-07,-3.0871461605452732,5,0,NA,NA,NA,NA,NA,-3.609861016,39.8623924
1432,kilifi,kiwandani,kenya,2009-12-06,0.654671194670795,5,0,NA,NA,NA,NA,NA,-3.609861016,39.8623924
1433,kilifi,kiwandani,kenya,2009-12-07,0.4294345380771561,6,0,NA,NA,NA,NA,NA,-3.609861016,39.8623924
1435,kilifi,kiwandani,kenya,2009-12-06,0.4444742492754388,8,0,NA,NA,NA,NA,NA,-3.609861016,39.8623924
1436,kilifi,kiwandani,kenya,2009-12-07,-3.100037341572373,4,0,NA,NA,NA,NA,NA,-3.609861016,39.8623924
1437,lugari,township,kenya,2009-11-26,0.43444777514325034,5,1,1,hh,international,87,1,0.6475208,34.87395182
1437,lugari,township,kenya,2009-11-26,0.43444777514325034,5,1,1,non-hh,national,NA,1,0.6475208,34.87395182
1438,lugari,township,kenya,2009-11-26,2.0076884375775665,3,1,1,hh,international,63,1,0.6475208,34.87395182
1439,lugari,mwamba,kenya,2009-11-26,2.0277413858419435,4,3,1,hh,national,107,1,0.633755504,35.0218391
1439,lugari,mwamba,kenya,2009-11-26,2.0277413858419435,4,3,1,hh,national,30,NA,0.633755504,35.0218391
1439,lugari,mwamba,kenya,2009-11-26,2.0277413858419435,4,3,1,hh,national,35,NA,0.633755504,35.0218391
1440,lugari,mwamba,kenya,2009-11-26,2.649173515172168,2,0,NA,NA,NA,NA,NA,0.633755504,35.0218391
1441,lugari,mwamba,kenya,2009-11-26,3.184612980512576,2,1,NA,hh,international,23,NA,0.633755504,35.0218391
1442,lugari,township,kenya,2009-11-25,0.8166020807953873,10,1,NA,hh,international,53,NA,0.6475208,34.87395182
1443,lugari,township,kenya,2009-11-25,-1.0681920457377334,2,4,1,hh,national,83,1,0.6475208,34.87395182
1443,lugari,township,kenya,2009-11-25,-1.0681920457377334,2,4,1,hh,national,44,1,0.6475208,34.87395182
1443,lugari,township,kenya,2009-11-25,-1.0681920457377334,2,4,1,hh,national,66,NA,0.6475208,34.87395182
1443,lugari,township,kenya,2009-11-25,-1.0681920457377334,2,4,1,hh,national,49,1,0.6475208,34.87395182
1444,kilifi,kisumu  ndogo,kenya,2009-11-07,-2.030330790478136,3,1,1,hh,international,72,1,-1.253957244,36.88794055
1445,kilifi,kisumu  ndogo,kenya,2009-12-07,-2.518958747545749,5,2,1,hh,international,36,1,-1.253957244,36.88794055
1445,kilifi,kisumu  ndogo,kenya,2009-12-07,-2.518958747545749,5,2,1,hh,international,24,NA,-1.253957244,36.88794055
1446,kilifi,kisumu  ndogo,kenya,2009-12-07,-3.526312236705523,1,1,NA,hh,international,36,NA,-1.253957244,36.88794055
1447,kilifi,kisumu  ndogo,kenya,2009-12-07,-0.0194573396791779,4,2,1,hh,international,48,1,-1.253957244,36.88794055
1447,kilifi,kisumu  ndogo,kenya,2009-12-07,-0.0194573396791779,4,2,1,hh,international,48,NA,-1.253957244,36.88794055
1448,kilifi,kisumu  ndogo,kenya,2009-12-07,0.29798630450132335,3,1,NA,hh,national,4,NA,-1.253957244,36.88794055
1449,kilifi,kisumu  ndogo,kenya,2009-12-07,-3.2087912847745566,1,1,1,hh,national,12,1,-1.253957244,36.88794055
1450,kilifi,kisumu  ndogo,kenya,2009-12-07,-1.5451779299692159,5,1,NA,hh,national,24,NA,-1.253957244,36.88794055
1451,kilifi,kisumu  ndogo,kenya,2009-12-07,2.2824921231128212,4,1,1,hh,national,54,1,-1.253957244,36.88794055
1452,kilifi,kisumu  ndogo,kenya,2009-12-07,-0.38506463412345604,2,1,NA,hh,national,24,NA,-1.253957244,36.88794055
1453,kilifi,kisumu  ndogo,kenya,2009-12-07,1.4234391590366877,2,1,1,hh,national,24,1,-1.253957244,36.88794055
1454,kilifi,kisumu  ndogo,kenya,2009-12-09,-2.123387209337083,2,0,NA,NA,NA,NA,NA,-1.253957244,36.88794055
1455,kilifi,kisumu  ndogo,kenya,2009-12-07,-2.2668322235580596,2,0,NA,NA,NA,NA,NA,-1.253957244,36.88794055
1456,kilifi,kisumu  ndogo,kenya,2009-12-07,-0.4452234789165871,1,0,NA,NA,NA,NA,NA,-1.253957244,36.88794055
1457,kilifi,kisumu  ndogo,kenya,2009-12-07,0.6325742466197817,2,0,NA,NA,NA,NA,NA,-1.253957244,36.88794055
1458,kilifi,kisumu  ndogo,kenya,2009-12-09,-0.4452234789165871,1,0,NA,NA,NA,NA,NA,-1.253957244,36.88794055
1459,kilifi,kisumu  ndogo,kenya,2009-12-07,-3.11587804943086,3,0,NA,NA,NA,NA,NA,-1.253957244,36.88794055
1460,kilifi,kisumu  ndogo,kenya,2009-12-07,-1.1543547056793277,1,0,NA,NA,NA,NA,NA,-1.253957244,36.88794055
1461,kilifi,kisumu  ndogo,kenya,2009-12-07,-1.0775575673260716,1,0,NA,NA,NA,NA,NA,-1.253957244,36.88794055
1462,kilifi,kisumu  ndogo,kenya,2009-12-09,-1.5061853035515083,1,0,NA,NA,NA,NA,NA,-1.253957244,36.88794055
1463,kilifi,kisumu  ndogo,kenya,2009-12-07,-3.6763690703544363,2,0,NA,NA,NA,NA,NA,-1.253957244,36.88794055
1464,kilifi,kisumu  ndogo,kenya,2009-12-07,-0.12273662542767783,1,0,NA,NA,NA,NA,NA,-1.253957244,36.88794055
1465,nairobi,loresho,kenya,2009-11-20,-3.512943604529272,5,2,1,hh,international,48,1,-1.253745825,36.75036738
1465,nairobi,loresho,kenya,2009-11-20,-3.512943604529272,5,2,1,hh,international,24,NA,-1.253745825,36.75036738
1466,nairobi,loresho,kenya,2009-11-20,-3.5223016470526476,2,1,NA,hh,international,24,NA,-1.253745825,36.75036738
1467,nairobi,loresho,kenya,2009-11-23,-3.5102698780940216,3,2,1,hh,international,72,1,-1.253745825,36.75036738
1467,nairobi,loresho,kenya,2009-11-23,-3.5102698780940216,3,2,1,hh,international,48,1,-1.253745825,36.75036738
1468,nairobi,loresho,kenya,2009-11-20,-2.9644855942830715,2,2,1,hh,international,96,1,-1.253745825,36.75036738
1468,nairobi,loresho,kenya,2009-11-20,-2.9644855942830715,2,2,1,hh,national,60,NA,-1.253745825,36.75036738
1469,nairobi,loresho,kenya,2009-11-23,-3.00067822030373,3,1,NA,hh,international,24,NA,-1.253745825,36.75036738
1470,nairobi,loresho,kenya,2009-11-23,-3.3968736930403147,5,1,NA,hh,international,60,NA,-1.253745825,36.75036738
1471,nairobi,kibarage,kenya,2009-11-20,-1.5621026674995508,3,1,NA,hh,international,120,NA,-1.250681394,36.75244144
1472,lugari,mlimani,kenya,2009-11-26,1.3284961938108173,5,4,1,hh,international,30,1,0.651451675,34.87612009
1472,lugari,mlimani,kenya,2009-11-26,1.3284961938108173,5,4,1,hh,national,12,NA,0.651451675,34.87612009
1472,lugari,mlimani,kenya,2009-11-26,1.3284961938108173,5,4,1,hh,international,54,1,0.651451675,34.87612009
1472,lugari,mlimani,kenya,2009-11-26,1.3284961938108173,5,4,1,hh,international,54,1,0.651451675,34.87612009
1473,lugari,township,kenya,2009-11-26,3.0831780806724995,3,0,NA,NA,NA,NA,NA,0.6475208,34.87395182
1474,lugari,township,kenya,2009-11-26,0.8433861553131108,5,1,1,hh,international,96,1,0.6475208,34.87395182
1474,lugari,township,kenya,2009-11-26,0.8433861553131108,5,1,1,non-hh,national,NA,1,0.6475208,34.87395182
1475,lugari,mlimani,kenya,2009-11-26,2.186358191041006,7,1,1,hh,international,6,1,0.651451675,34.87612009
1476,lugari,township,kenya,2009-11-24,0.819752323430095,6,2,NA,hh,national,72,NA,0.6475208,34.87395182
1476,lugari,township,kenya,2009-11-24,0.819752323430095,6,2,NA,hh,national,36,NA,0.6475208,34.87395182
1477,lugari,township,kenya,2009-11-24,2.6993058858331103,3,0,NA,NA,NA,NA,NA,0.6475208,34.87395182
1478,lugari,township,kenya,2009-11-24,2.418904888465747,5,0,NA,NA,NA,NA,NA,0.6475208,34.87395182
1479,lugari,township,kenya,2009-11-24,2.5259936801015708,5,0,NA,NA,NA,NA,NA,0.6475208,34.87395182
1480,lugari,township,kenya,2009-11-24,2.659540267638271,10,2,1,hh,national,48,1,0.6475208,34.87395182
1480,lugari,township,kenya,2009-11-24,2.659540267638271,10,2,1,hh,national,12,1,0.6475208,34.87395182
1481,lugari,township,kenya,2009-11-24,2.403865177267464,3,5,1,hh,national,240,1,0.6475208,34.87395182
1481,lugari,township,kenya,2009-11-24,2.403865177267464,3,5,1,hh,national,24,NA,0.6475208,34.87395182
1481,lugari,township,kenya,2009-11-24,2.403865177267464,3,5,1,hh,national,12,1,0.6475208,34.87395182
1481,lugari,township,kenya,2009-11-24,2.403865177267464,3,5,1,hh,national,24,NA,0.6475208,34.87395182
1481,lugari,township,kenya,2009-11-24,2.403865177267464,3,5,1,hh,national,24,NA,0.6475208,34.87395182
1482,lugari,township,kenya,2009-11-24,1.946964251065108,5,0,NA,NA,NA,NA,NA,0.6475208,34.87395182
1483,lugari,township,kenya,2009-11-25,1.1060122751344168,3,7,NA,hh,national,60,NA,0.6475208,34.87395182
1483,lugari,township,kenya,2009-11-25,1.1060122751344168,3,7,NA,hh,national,60,NA,0.6475208,34.87395182
1483,lugari,township,kenya,2009-11-25,1.1060122751344168,3,7,NA,hh,national,60,NA,0.6475208,34.87395182
1483,lugari,township,kenya,2009-11-25,1.1060122751344168,3,7,NA,hh,national,60,NA,0.6475208,34.87395182
1483,lugari,township,kenya,2009-11-25,1.1060122751344168,3,7,NA,hh,national,60,NA,0.6475208,34.87395182
1483,lugari,township,kenya,2009-11-25,1.1060122751344168,3,7,NA,hh,national,36,NA,0.6475208,34.87395182
1483,lugari,township,kenya,2009-11-25,1.1060122751344168,3,7,NA,hh,national,24,NA,0.6475208,34.87395182
1484,lugari,township,kenya,2009-11-24,2.342650967905952,5,1,NA,hh,national,14,NA,0.6475208,34.87395182
1485,lugari,township,kenya,2009-11-26,2.0678472823706975,8,1,1,hh,international,60,NA,0.6475208,34.87395182
1485,lugari,township,kenya,2009-11-26,2.0678472823706975,8,1,1,non-hh,national,NA,1,0.6475208,34.87395182
1486,kilifi,mtondia,kenya,2009-12-07,-3.486206340176769,1,1,1,hh,international,18,1,-3.575678316,39.86724913
1487,kilifi,mtondia,kenya,2009-12-07,-1.751224681288455,1,0,1,non-hh,international,NA,1,-3.575678316,39.86724913
1489,kilifi,mtondia,kenya,2009-12-12,-3.3653986277414534,1,0,1,non-hh,international,NA,1,-3.575678316,39.86724913
1490,kilifi,mtondia,kenya,2009-12-09,-3.106053226051686,2,1,1,hh,international,36,1,-3.575678316,39.86724913
1491,kilifi,mtondia,kenya,2009-12-08,-2.3237827803019875,2,0,1,non-hh,international,NA,1,-3.575678316,39.86724913
1492,kilifi,mtondia,kenya,2009-12-10,-2.2235180389801026,2,1,NA,hh,national,24,NA,-3.575678316,39.86724913
1493,kilifi,mtondia,kenya,2009-12-10,-2.3311675915070564,1,1,NA,hh,national,48,NA,-3.575678316,39.86724913
1494,kilifi,mtondia,kenya,2009-12-10,-2.5339984587440316,1,3,1,hh,national,60,1,-3.575678316,39.86724913
1494,kilifi,mtondia,kenya,2009-12-10,-2.5339984587440316,1,3,1,hh,national,60,NA,-3.575678316,39.86724913
1494,kilifi,mtondia,kenya,2009-12-10,-2.5339984587440316,1,3,1,hh,national,55,NA,-3.575678316,39.86724913
1495,kilifi,mtondia,kenya,2009-12-10,-1.626793083599748,5,1,1,hh,national,50,1,-3.575678316,39.86724913
1496,kilifi,mtondia,kenya,2009-12-10,2.313136887228714,2,0,NA,NA,NA,NA,NA,-3.575678316,39.86724913
1497,kilifi,mtondia,kenya,2009-12-09,0.6320892100815765,8,1,1,hh,national,36,1,-3.575678316,39.86724913
1498,kilifi,mtondia,kenya,2009-12-08,-1.417691963975283,1,1,1,hh,national,12,1,-3.575678316,39.86724913
1500,kilifi,mtondia,kenya,2009-12-10,-0.85710904809679,1,0,NA,NA,NA,NA,NA,-3.575678316,39.86724913
1501,kilifi,mtondia,kenya,2009-12-08,-0.07961618447230884,3,0,NA,NA,NA,NA,NA,-3.575678316,39.86724913
1502,kilifi,mtondia,kenya,2009-12-10,0.5388014004313,1,0,NA,NA,NA,NA,NA,-3.575678316,39.86724913
1503,kilifi,mtondia,kenya,2009-12-08,-0.40723263831614503,6,0,NA,NA,NA,NA,NA,-3.575678316,39.86724913
1504,kilifi,mtondia,kenya,2009-12-08,-1.6654956195554782,6,0,NA,NA,NA,NA,NA,-3.575678316,39.86724913
1505,kilifi,mtondia,kenya,2009-12-08,-0.48835005142689514,6,0,NA,NA,NA,NA,NA,-3.575678316,39.86724913
1506,kilifi,makiwo,kenya,2009-12-08,-0.7803544868067989,4,1,1,hh,international,48,1,-3.579764276,39.89489589
1507,kilifi,makiwo,kenya,2009-12-09,-2.296911645954625,1,1,NA,hh,international,12,NA,-3.579764276,39.89489589
1508,kilifi,makiwo,kenya,2009-12-09,0.6591190900175621,3,1,1,hh,international,60,1,-3.579764276,39.89489589
1509,kilifi,makiwo,kenya,2009-12-08,-3.0900108674401845,4,1,NA,hh,international,36,NA,-3.579764276,39.89489589
1511,kilifi,makiwo,kenya,2009-12-09,-2.7813340917496787,2,1,1,hh,national,60,1,-3.579764276,39.89489589
1512,kilifi,makiwo,kenya,2009-12-09,-3.426047495383638,2,1,NA,hh,national,84,NA,-3.579764276,39.89489589
1513,kilifi,makiwo,kenya,2009-12-09,-2.173313726845439,1,1,NA,hh,national,24,NA,-3.579764276,39.89489589
1514,kilifi,makiwo,kenya,2009-12-09,-0.680552678197254,1,1,NA,hh,national,12,NA,-3.579764276,39.89489589
1515,kilifi,makiwo,kenya,2009-12-09,-1.4056601950166565,2,1,1,hh,national,12,1,-3.579764276,39.89489589
1516,kilifi,makiwo,kenya,2009-12-08,0.42472022847144314,2,1,1,hh,national,48,1,-3.579764276,39.89489589
1517,kilifi,makiwo,kenya,2009-12-09,-0.5300329118360011,4,0,NA,NA,NA,NA,NA,-3.579764276,39.89489589
1518,kilifi,makiwo,kenya,2009-12-08,2.1409244913442067,4,0,NA,NA,NA,NA,NA,-3.579764276,39.89489589
1519,kilifi,makiwo,kenya,2009-12-08,-3.0677509735963553,7,0,NA,NA,NA,NA,NA,-3.579764276,39.89489589
1520,kilifi,makiwo,kenya,2009-12-08,1.1355263558116548,4,0,NA,NA,NA,NA,NA,-3.579764276,39.89489589
1521,kilifi,makiwo,kenya,2009-12-09,2.1020155887334275,1,0,NA,NA,NA,NA,NA,-3.579764276,39.89489589
1522,kilifi,makiwo,kenya,2009-12-09,0.11690809016559617,9,0,NA,NA,NA,NA,NA,-3.579764276,39.89489589
1523,kilifi,makiwo,kenya,2009-12-08,-2.6394707836367672,8,0,NA,NA,NA,NA,NA,-3.579764276,39.89489589
1524,kilifi,makiwo,kenya,2009-12-08,-0.38506463412345604,2,0,NA,NA,NA,NA,NA,-3.579764276,39.89489589
1525,kilifi,makiwo,kenya,2009-12-08,0.40936285676609163,1,0,NA,NA,NA,NA,NA,-3.579764276,39.89489589
1526,kilifi,mtwapa,kenya,2009-12-09,-0.9574195944972621,7,0,NA,NA,NA,NA,NA,-3.946691482,39.74501658
1527,kilifi,mtwapa,kenya,2009-12-09,-3.3503589165431706,3,0,1,non-hh,international,NA,1,-3.946691482,39.74501658
1528,kilifi,mtwapa,kenya,2009-12-08,-2.6047037727607187,1,1,1,hh,international,24,1,-3.946691482,39.74501658
1529,kilifi,mtwapa,kenya,2009-11-09,-3.6763690703544363,2,0,NA,NA,NA,NA,NA,-3.946691482,39.74501658
1530,kilifi,mtwapa,kenya,2009-12-09,-2.7910202875479526,6,2,NA,hh,international,48,NA,-3.946691482,39.74501658
1530,kilifi,mtwapa,kenya,2009-12-09,-2.7910202875479526,6,2,NA,hh,international,48,NA,-3.946691482,39.74501658
1531,kilifi,mtwapa,kenya,2009-12-08,-3.6763690703544363,6,1,NA,hh,international,48,NA,-3.946691482,39.74501658
1532,kilifi,mtwapa,kenya,2009-12-09,-3.526312236705523,1,1,1,hh,international,36,1,-3.946691482,39.74501658
1533,kilifi,mtwapa,kenya,2009-12-09,-3.31541600159565,8,1,NA,hh,national,48,NA,-3.946691482,39.74501658
1534,kilifi,mtwapa,kenya,2009-12-09,-3.7666073375441327,1,1,NA,hh,national,12,NA,-3.946691482,39.74501658
1535,kilifi,mtwapa,kenya,2009-12-09,-1.1543547056793277,1,1,1,hh,national,24,1,-3.946691482,39.74501658
1536,kilifi,mtwapa,kenya,2009-12-08,-3.7666073375441327,1,1,NA,hh,international,12,NA,-3.946691482,39.74501658
1537,kilifi,mtwapa,kenya,2009-12-08,-2.810590517211534,1,0,1,non-hh,international,NA,1,-3.946691482,39.74501658
1538,kilifi,mtwapa,kenya,2009-12-08,-3.435733691181912,6,1,1,hh,international,48,1,-3.946691482,39.74501658
1539,kilifi,mtwapa,kenya,2009-12-08,-2.503919036347466,3,1,1,hh,international,24,1,-3.946691482,39.74501658
1540,kilifi,mtwapa,kenya,2009-12-09,-3.3704118648075476,1,1,NA,hh,international,12,NA,-3.946691482,39.74501658
1541,kilifi,mtwapa,kenya,2009-12-09,-2.928390287407193,2,1,1,hh,international,12,1,-3.946691482,39.74501658
1542,kilifi,mtwapa,kenya,2009-12-10,-3.7666073375441327,3,0,NA,NA,NA,NA,NA,-3.946691482,39.74501658
1543,kilifi,mtwapa,kenya,2009-12-08,-1.1693944168776105,1,0,NA,NA,NA,NA,NA,-3.946691482,39.74501658
1544,kilifi,mtwapa,kenya,2009-12-08,-3.0918145115136078,6,0,NA,NA,NA,NA,NA,-3.946691482,39.74501658
1545,kilifi,mtwapa,kenya,2009-12-08,-3.0918145115136078,3,1,1,hh,international,8,1,-3.946691482,39.74501658
1546,kilifi,mtwapa,kenya,2009-12-08,-2.762463441377029,5,0,1,non-hh,international,NA,1,-3.946691482,39.74501658
1547,kilifi,mtwapa,kenya,2009-12-09,-3.100037341572373,1,0,NA,NA,NA,NA,NA,-3.946691482,39.74501658
1548,kilifi,mtondia,kenya,2009-12-09,-0.25918709879845986,5,0,NA,NA,NA,NA,NA,-3.575678316,39.86724913
1550,kakamega,mayakolo,kenya,2009-12-13,2.2250684446674645,7,4,1,hh,national,192,1,0.275181264,34.76077413
1550,kakamega,mayakolo,kenya,2009-12-13,2.2250684446674645,7,4,1,hh,national,192,1,0.275181264,34.76077413
1550,kakamega,mayakolo,kenya,2009-12-13,2.2250684446674645,7,4,1,hh,national,144,NA,0.275181264,34.76077413
1550,kakamega,mayakolo,kenya,2009-12-13,2.2250684446674645,7,4,1,hh,national,156,NA,0.275181264,34.76077413
1551,kakamega,mayakolo,kenya,2009-12-13,2.6548005715681318,8,5,NA,hh,national,59,NA,0.275181264,34.76077413
1551,kakamega,mayakolo,kenya,2009-12-13,2.6548005715681318,8,5,NA,hh,national,59,NA,0.275181264,34.76077413
1551,kakamega,mayakolo,kenya,2009-12-13,2.6548005715681318,8,5,NA,hh,national,83,NA,0.275181264,34.76077413
1551,kakamega,mayakolo,kenya,2009-12-13,2.6548005715681318,8,5,NA,hh,national,59,NA,0.275181264,34.76077413
1551,kakamega,mayakolo,kenya,2009-12-13,2.6548005715681318,8,5,NA,hh,national,59,NA,0.275181264,34.76077413
1552,kakamega,mayakolo,kenya,2009-12-13,2.403592401375582,6,1,1,hh,national,12,1,0.275181264,34.76077413
1553,kakamega,mayakolo,kenya,2009-12-13,2.6713962880649915,4,0,NA,NA,NA,NA,NA,0.275181264,34.76077413
1554,kakamega,mayakolo,kenya,2009-12-13,3.152457779544577,1,4,1,hh,national,62,1,0.275181264,34.76077413
1554,kakamega,mayakolo,kenya,2009-12-13,3.152457779544577,1,4,1,hh,national,62,1,0.275181264,34.76077413
1554,kakamega,mayakolo,kenya,2009-12-13,3.152457779544577,1,4,1,hh,national,62,NA,0.275181264,34.76077413
1554,kakamega,mayakolo,kenya,2009-12-13,3.152457779544577,1,4,1,hh,national,62,NA,0.275181264,34.76077413
1555,kakamega,mayakolo,kenya,2009-12-14,2.413722505054706,3,1,1,hh,national,36,1,0.275181264,34.76077413
1556,kakamega,mayakolo,kenya,2009-12-13,2.452410382471911,8,1,1,hh,national,36,1,0.275181264,34.76077413
1557,kakamega,mayakolo,kenya,2009-12-13,0.8403782130734543,6,0,NA,NA,NA,NA,NA,0.275181264,34.76077413
1558,kakamega,mayakolo,kenya,2009-12-12,2.1692724516950928,5,0,NA,NA,NA,NA,NA,0.275181264,34.76077413
1559,kakamega,mayakolo,kenya,2009-12-13,2.0053916338125592,6,0,NA,NA,NA,NA,NA,0.275181264,34.76077413
1560,kakamega,mayakolo,kenya,2009-12-13,2.8173267716543653,8,0,NA,NA,NA,NA,NA,0.275181264,34.76077413
1561,kakamega,mayakolo,kenya,2009-12-13,2.9021362045737784,1,1,NA,hh,international,18,NA,0.275181264,34.76077413
1562,kakamega,mayakolo,kenya,2009-12-13,-2.3760177649341476,1,1,1,hh,international,105,1,0.275181264,34.76077413
1563,kakamega,mayakolo,kenya,2009-12-13,1.2119040728522659,4,0,NA,NA,NA,NA,NA,0.275181264,34.76077413
1564,kakamega,mayakolo,kenya,2009-12-13,-0.39601426939286166,11,2,NA,hh,national,71,NA,0.275181264,34.76077413
1564,kakamega,mayakolo,kenya,2009-12-13,-0.39601426939286166,11,2,NA,hh,national,35,NA,0.275181264,34.76077413
1565,kakamega,mayakolo,kenya,2009-12-13,1.6193230136390142,3,0,NA,NA,NA,NA,NA,0.275181264,34.76077413
1566,kakamega,mayakolo,kenya,2009-12-13,1.399080861064782,2,0,NA,NA,NA,NA,NA,0.275181264,34.76077413
1567,kakamega,mayakolo,kenya,2009-12-13,2.7872473492578,7,6,1,hh,national,131,1,0.275181264,34.76077413
1567,kakamega,mayakolo,kenya,2009-12-13,2.7872473492578,7,6,1,hh,national,23,1,0.275181264,34.76077413
1567,kakamega,mayakolo,kenya,2009-12-13,2.7872473492578,7,6,1,hh,national,71,1,0.275181264,34.76077413
1567,kakamega,mayakolo,kenya,2009-12-13,2.7872473492578,7,6,1,hh,national,23,1,0.275181264,34.76077413
1567,kakamega,mayakolo,kenya,2009-12-13,2.7872473492578,7,6,1,hh,national,12,NA,0.275181264,34.76077413
1567,kakamega,mayakolo,kenya,2009-12-13,2.7872473492578,7,6,1,hh,national,12,NA,0.275181264,34.76077413
1568,kakamega,likwilo,kenya,2009-12-12,-0.7226385343187998,6,0,1,non-hh,national,NA,1,0.275181264,34.76077413
1569,kakamega,likwilo,kenya,2009-12-12,0.5438333705440819,1,0,NA,NA,NA,NA,NA,0.275181264,34.76077413
1570,kakamega,likwilo,kenya,2009-12-12,0.35030968605094626,2,0,NA,NA,NA,NA,NA,0.275181264,34.76077413
1571,kakamega,likwilo,kenya,2009-12-12,0.28102998717886873,2,0,NA,NA,NA,NA,NA,0.275181264,34.76077413
1572,kakamega,likwilo,kenya,2009-12-12,1.669455384299957,7,0,NA,NA,NA,NA,NA,0.275181264,34.76077413
1573,kakamega,likwilo,kenya,2009-12-12,-0.7650412346125608,4,0,1,non-hh,national,NA,1,0.275181264,34.76077413
1574,kakamega,likwilo,kenya,2009-12-12,0.5007067980337738,3,0,NA,NA,NA,NA,NA,0.275181264,34.76077413
1575,kakamega,likwilo,kenya,2009-12-12,-1.0167661701563828,8,1,1,hh,national,47,NA,0.275181264,34.76077413
1575,kakamega,likwilo,kenya,2009-12-12,-1.0167661701563828,8,1,1,non-hh,national,NA,1,0.275181264,34.76077413
1576,kakamega,likwilo,kenya,2009-12-12,0.2605039172130636,5,1,1,hh,national,59,1,0.275181264,34.76077413
1577,kakamega,likwilo,kenya,2009-12-12,3.113257503069065,4,1,NA,hh,national,6,NA,0.275181264,34.76077413
1578,kakamega,likwilo,kenya,2009-12-12,-1.0198841919013375,5,4,1,hh,national,18,NA,0.275181264,34.76077413
1578,kakamega,likwilo,kenya,2009-12-12,-1.0198841919013375,5,4,1,hh,national,19,NA,0.275181264,34.76077413
1578,kakamega,likwilo,kenya,2009-12-12,-1.0198841919013375,5,4,1,hh,national,7,NA,0.275181264,34.76077413
1578,kakamega,likwilo,kenya,2009-12-12,-1.0198841919013375,5,4,1,hh,national,7,NA,0.275181264,34.76077413
1578,kakamega,likwilo,kenya,2009-12-12,-1.0198841919013375,5,4,1,non-hh,national,NA,1,0.275181264,34.76077413
1579,kakamega,likwilo,kenya,2009-12-12,3.133310451333442,7,1,NA,hh,national,12,NA,0.275181264,34.76077413
1580,kakamega,likwilo,kenya,2009-12-12,-0.7788061253879113,6,1,1,hh,national,83,1,0.275181264,34.76077413
1581,kakamega,likwilo,kenya,2009-12-12,-0.37749349425349427,7,1,1,hh,national,10,1,0.275181264,34.76077413
1582,kakamega,likwilo,kenya,2009-12-12,1.9445089168028808,8,3,NA,hh,national,2,NA,0.275181264,34.76077413
1582,kakamega,likwilo,kenya,2009-12-12,1.9445089168028808,8,3,NA,hh,national,2,NA,0.275181264,34.76077413
1582,kakamega,likwilo,kenya,2009-12-12,1.9445089168028808,8,3,NA,hh,national,24,NA,0.275181264,34.76077413
1583,kakamega,likwilo,kenya,2009-12-12,2.4216400548135213,6,1,NA,hh,national,35,NA,0.275181264,34.76077413
1584,kakamega,likwilo,kenya,2009-12-12,1.7722374274601045,4,3,1,hh,international,23,1,0.275181264,34.76077413
1584,kakamega,likwilo,kenya,2009-12-12,1.7722374274601045,4,3,1,hh,national,24,NA,0.275181264,34.76077413
1584,kakamega,likwilo,kenya,2009-12-12,1.7722374274601045,4,3,1,hh,national,12,NA,0.275181264,34.76077413
1584,kakamega,likwilo,kenya,2009-12-12,1.7722374274601045,4,3,1,non-hh,national,NA,1,0.275181264,34.76077413
1585,kakamega,likwilo,kenya,2009-12-12,-1.6846505437996737,4,1,1,hh,international,12,1,0.275181264,34.76077413
1585,kakamega,likwilo,kenya,2009-12-12,-1.6846505437996737,4,1,1,non-hh,national,NA,1,0.275181264,34.76077413
1586,kakamega,likwilo,kenya,2009-12-11,-0.27420807695005517,4,2,1,hh,international,47,1,0.275181264,34.76077413
1586,kakamega,likwilo,kenya,2009-12-11,-0.27420807695005517,4,2,1,hh,international,83,NA,0.275181264,34.76077413
1587,kakamega,shipalo,kenya,2009-12-14,3.21352224439095,11,1,1,hh,international,6,1,0.208604266,34.75376078
1587,kakamega,shipalo,kenya,2009-12-14,3.21352224439095,11,1,1,non-hh,national,NA,1,0.208604266,34.75376078
1588,kakamega,shipalo,kenya,2009-12-14,-1.3378868833823703,1,1,1,hh,international,12,1,0.208604266,34.75376078
1588,kakamega,shipalo,kenya,2009-12-14,-1.3378868833823703,1,1,1,non-hh,national,NA,1,0.208604266,34.75376078
1589,kakamega,shipalo,kenya,2009-12-15,3.4375756699141866,4,1,NA,hh,international,96,NA,0.208604266,34.75376078
1590,kakamega,shipalo,kenya,2009-12-15,0.4647323136372585,2,2,1,hh,international,132,1,0.208604266,34.75376078
1590,kakamega,shipalo,kenya,2009-12-15,0.4647323136372585,2,2,1,hh,international,18,1,0.208604266,34.75376078
1590,kakamega,shipalo,kenya,2009-12-15,0.4647323136372585,2,2,1,non-hh,national,NA,1,0.208604266,34.75376078
1591,kakamega,shipalo,kenya,2009-12-14,3.3974697733854327,2,1,NA,hh,international,128,NA,0.208604266,34.75376078
1592,kakamega,shipalo,kenya,2009-12-15,3.001274300648848,1,0,NA,NA,NA,NA,NA,0.208604266,34.75376078
1593,kakamega,shipalo,kenya,2009-12-15,2.8829888763626443,7,0,NA,NA,NA,NA,NA,0.208604266,34.75376078
1594,kakamega,shipalo,kenya,2009-12-15,2.8428829798338895,5,0,NA,NA,NA,NA,NA,0.208604266,34.75376078
1595,kakamega,shipalo,kenya,2009-12-14,2.847896216899984,7,0,NA,NA,NA,NA,NA,0.208604266,34.75376078
1596,kakamega,shipalo,kenya,2009-12-14,3.278057703852413,1,0,1,non-hh,national,NA,1,0.208604266,34.75376078
1597,kakamega,shipalo,kenya,2009-12-15,2.141239057446158,3,0,NA,NA,NA,NA,NA,0.208604266,34.75376078
1598,kakamega,shipalo,kenya,2009-12-15,3.0145031985992863,7,0,NA,NA,NA,NA,NA,0.208604266,34.75376078
1599,kakamega,shipalo,kenya,2009-12-15,0.34464963759800193,5,1,1,hh,national,28,NA,0.208604266,34.75376078
1599,kakamega,shipalo,kenya,2009-12-15,0.34464963759800193,5,1,1,non-hh,national,NA,1,0.208604266,34.75376078
1600,kakamega,shipalo,kenya,2009-12-15,0.7982670217182626,3,2,NA,hh,national,6,NA,0.208604266,34.75376078
1600,kakamega,shipalo,kenya,2009-12-15,0.7982670217182626,3,2,NA,hh,national,36,NA,0.208604266,34.75376078
1601,kakamega,shipalo,kenya,2009-12-15,2.7827241350407586,2,3,1,hh,national,60,1,0.208604266,34.75376078
1601,kakamega,shipalo,kenya,2009-12-15,2.7827241350407586,2,3,1,hh,national,60,1,0.208604266,34.75376078
1601,kakamega,shipalo,kenya,2009-12-15,2.7827241350407586,2,3,1,hh,national,60,1,0.208604266,34.75376078
1602,kakamega,shipalo,kenya,2009-12-15,2.8027770833051355,4,2,NA,hh,national,60,NA,0.208604266,34.75376078
1602,kakamega,shipalo,kenya,2009-12-15,2.8027770833051355,4,2,NA,hh,national,96,NA,0.208604266,34.75376078
1603,kakamega,shipalo,kenya,2009-12-15,2.942021075908959,5,3,1,hh,national,108,1,0.208604266,34.75376078
1603,kakamega,shipalo,kenya,2009-12-15,2.942021075908959,5,3,1,hh,national,24,1,0.208604266,34.75376078
1603,kakamega,shipalo,kenya,2009-12-15,2.942021075908959,5,3,1,hh,national,6,NA,0.208604266,34.75376078
1604,kakamega,shipalo,kenya,2009-12-14,3.3181636003811668,3,2,1,hh,national,132,1,0.208604266,34.75376078
1604,kakamega,shipalo,kenya,2009-12-14,3.3181636003811668,3,2,1,hh,national,24,1,0.208604266,34.75376078
1605,kakamega,shipalo,kenya,2009-12-14,2.8820832563094014,2,2,1,hh,national,NA,1,0.208604266,34.75376078
1605,kakamega,shipalo,kenya,2009-12-14,2.8820832563094014,2,2,1,hh,national,12,NA,0.208604266,34.75376078
1605,kakamega,shipalo,kenya,2009-12-14,2.8820832563094014,2,2,1,non-hh,national,NA,1,0.208604266,34.75376078
1606,kakamega,shipalo,kenya,2009-12-15,1.2696423173995735,6,1,1,hh,national,84,NA,0.208604266,34.75376078
1606,kakamega,shipalo,kenya,2009-12-15,1.2696423173995735,6,1,1,non-hh,national,NA,1,0.208604266,34.75376078
1606,kakamega,shipalo,kenya,2009-12-15,1.2696423173995735,6,1,1,non-hh,national,NA,1,0.208604266,34.75376078
1606,kakamega,shipalo,kenya,2009-12-15,1.2696423173995735,6,1,1,non-hh,national,NA,1,0.208604266,34.75376078
1607,kakamega,shipalo,kenya,2009-12-14,2.1562787686444405,5,3,1,hh,national,120,NA,0.208604266,34.75376078
1607,kakamega,shipalo,kenya,2009-12-14,2.1562787686444405,5,3,1,hh,national,60,1,0.208604266,34.75376078
1607,kakamega,shipalo,kenya,2009-12-14,2.1562787686444405,5,3,1,hh,national,108,NA,0.208604266,34.75376078
1607,kakamega,shipalo,kenya,2009-12-14,2.1562787686444405,5,3,1,non-hh,national,NA,1,0.208604266,34.75376078
1608,kakamega,shipalo,kenya,2009-12-14,-0.3862147812473333,4,5,1,hh,international,40,1,0.208604266,34.75376078
1608,kakamega,shipalo,kenya,2009-12-14,-0.3862147812473333,4,5,1,hh,national,144,NA,0.208604266,34.75376078
1608,kakamega,shipalo,kenya,2009-12-14,-0.3862147812473333,4,5,1,hh,national,72,NA,0.208604266,34.75376078
1608,kakamega,shipalo,kenya,2009-12-14,-0.3862147812473333,4,5,1,hh,national,72,NA,0.208604266,34.75376078
1608,kakamega,shipalo,kenya,2009-12-14,-0.3862147812473333,4,5,1,hh,national,89,NA,0.208604266,34.75376078
1609,kakamega,musakhwe,kenya,2009-12-15,3.6286440201450962,4,1,1,hh,national,36,1,0.275181264,34.76077413
1610,kakamega,musakhwe,kenya,2009-12-12,1.8738504761761337,5,1,NA,hh,international,120,NA,0.275181264,34.76077413
1611,kakamega,musakhwe,kenya,2009-12-12,2.1715692554600996,6,3,NA,hh,international,34,NA,0.275181264,34.76077413
1611,kakamega,musakhwe,kenya,2009-12-12,2.1715692554600996,6,3,NA,hh,international,34,NA,0.275181264,34.76077413
1611,kakamega,musakhwe,kenya,2009-12-12,2.1715692554600996,6,3,NA,hh,international,34,NA,0.275181264,34.76077413
1612,kakamega,musakhwe,kenya,2009-12-12,2.141489833063534,3,3,1,hh,international,120,1,0.275181264,34.76077413
1612,kakamega,musakhwe,kenya,2009-12-12,2.141489833063534,3,3,1,hh,international,120,1,0.275181264,34.76077413
1612,kakamega,musakhwe,kenya,2009-12-12,2.141489833063534,3,3,1,hh,international,120,NA,0.275181264,34.76077413
1612,kakamega,musakhwe,kenya,2009-12-12,2.141489833063534,3,3,1,non-hh,international,NA,1,0.275181264,34.76077413
1613,kakamega,musakhwe,kenya,2009-12-12,-2.4613398224177265,2,3,1,hh,international,672,1,0.275181264,34.76077413
1613,kakamega,musakhwe,kenya,2009-12-12,-2.4613398224177265,2,3,1,hh,international,348,NA,0.275181264,34.76077413
1613,kakamega,musakhwe,kenya,2009-12-12,-2.4613398224177265,2,3,1,hh,international,324,NA,0.275181264,34.76077413
1614,kakamega,musakhwe,kenya,2009-12-15,-0.9487506758595108,5,2,1,hh,international,3,1,0.275181264,34.76077413
1614,kakamega,musakhwe,kenya,2009-12-15,-0.9487506758595108,5,2,1,hh,national,48,NA,0.275181264,34.76077413
1615,kakamega,matere,kenya,2009-12-14,3.053098658275934,2,0,NA,NA,NA,NA,NA,0.285207843,34.75153374
1616,kakamega,matere,kenya,2009-12-14,3.6979237190171736,3,0,NA,NA,NA,NA,NA,0.285207843,34.75153374
1617,kakamega,matere,kenya,2009-12-14,3.038058947077651,3,0,NA,NA,NA,NA,NA,0.285207843,34.75153374
1618,kakamega,matere,kenya,2009-12-14,3.3329343139239698,4,0,NA,NA,NA,NA,NA,0.285207843,34.75153374
1619,kakamega,matere,kenya,2009-12-14,0.7375428352058042,4,0,NA,NA,NA,NA,NA,0.285207843,34.75153374
1620,kakamega,matere,kenya,2009-12-14,1.7607109286501759,6,0,NA,NA,NA,NA,NA,0.285207843,34.75153374
1621,kakamega,matere,kenya,2009-12-14,0.38201860071730076,1,0,NA,NA,NA,NA,NA,0.285207843,34.75153374
1622,kakamega,matere,kenya,2009-12-14,3.1825372019411424,3,0,NA,NA,NA,NA,NA,0.285207843,34.75153374
1623,kakamega,matere,kenya,2009-12-14,-1.0574858860150071,6,2,1,hh,national,48,NA,0.285207843,34.75153374
1623,kakamega,matere,kenya,2009-12-14,-1.0574858860150071,6,2,1,hh,national,36,NA,0.285207843,34.75153374
1623,kakamega,matere,kenya,2009-12-14,-1.0574858860150071,6,2,1,non-hh,national,NA,1,0.285207843,34.75153374
1623,kakamega,matere,kenya,2009-12-14,-1.0574858860150071,6,2,1,non-hh,national,NA,1,0.285207843,34.75153374
1624,kakamega,matere,kenya,2009-12-14,2.9520662830878357,7,3,1,hh,national,120,1,0.285207843,34.75153374
1624,kakamega,matere,kenya,2009-12-14,2.9520662830878357,7,3,1,hh,national,35,NA,0.285207843,34.75153374
1624,kakamega,matere,kenya,2009-12-14,2.9520662830878357,7,3,1,hh,national,71,NA,0.285207843,34.75153374
1625,kakamega,matere,kenya,2009-12-14,1.9751915646532716,2,2,NA,hh,national,360,NA,0.285207843,34.75153374
1625,kakamega,matere,kenya,2009-12-14,1.9751915646532716,2,2,NA,hh,national,96,NA,0.285207843,34.75153374
1626,kakamega,matere,kenya,2009-12-14,3.968638520586263,6,2,1,hh,national,12,1,0.285207843,34.75153374
1626,kakamega,matere,kenya,2009-12-14,3.968638520586263,6,2,1,hh,national,12,NA,0.285207843,34.75153374
1627,kakamega,matere,kenya,2009-12-14,-1.0424461748167244,5,1,1,hh,national,120,1,0.285207843,34.75153374
1628,kakamega,matere,kenya,2009-12-14,3.173416347862196,9,1,1,hh,national,36,1,0.285207843,34.75153374
1629,kakamega,matere,kenya,2009-12-14,3.748961709731358,8,1,1,hh,national,120,1,0.285207843,34.75153374
1629,kakamega,matere,kenya,2009-12-14,3.748961709731358,8,1,1,non-hh,national,NA,1,0.285207843,34.75153374
1630,kakamega,matere,kenya,2009-12-14,3.212616624337708,4,1,1,hh,national,35,1,0.285207843,34.75153374
1630,kakamega,matere,kenya,2009-12-14,3.212616624337708,4,1,1,non-hh,national,NA,1,0.285207843,34.75153374
1630,kakamega,matere,kenya,2009-12-14,3.212616624337708,4,1,1,non-hh,national,NA,1,0.285207843,34.75153374
1630,kakamega,matere,kenya,2009-12-14,3.212616624337708,4,1,1,non-hh,national,NA,1,0.285207843,34.75153374
1631,kakamega,matere,kenya,2009-12-14,3.6085910718807193,5,4,NA,hh,national,120,NA,0.285207843,34.75153374
1631,kakamega,matere,kenya,2009-12-14,3.6085910718807193,5,4,NA,hh,national,84,NA,0.285207843,34.75153374
1631,kakamega,matere,kenya,2009-12-14,3.6085910718807193,5,4,NA,hh,national,36,NA,0.285207843,34.75153374
1631,kakamega,matere,kenya,2009-12-14,3.6085910718807193,5,4,NA,hh,national,144,NA,0.285207843,34.75153374
1632,kakamega,matere,kenya,2009-12-14,0.8384765477939518,4,1,NA,hh,international,NA,NA,0.285207843,34.75153374
1633,kakamega,matere,kenya,2009-12-14,0.43444777514325034,5,1,1,hh,international,120,1,0.285207843,34.75153374
1633,kakamega,matere,kenya,2009-12-14,0.43444777514325034,5,1,1,non-hh,national,NA,1,0.285207843,34.75153374
1634,kakamega,matere,kenya,2009-12-14,-0.6886534023739006,2,1,1,hh,international,36,1,0.285207843,34.75153374
1635,kakamega,musakhwe,kenya,2009-12-15,3.0831780806724995,3,0,NA,NA,NA,NA,NA,0.275181264,34.76077413
1636,kakamega,musakhwe,kenya,2009-12-15,3.2636546150518924,9,0,NA,NA,NA,NA,NA,0.275181264,34.76077413
1637,kakamega,musakhwe,kenya,2009-12-15,3.2426960467342734,5,0,NA,NA,NA,NA,NA,0.275181264,34.76077413
1638,kakamega,musakhwe,kenya,2009-12-15,2.1471534553749634,5,0,NA,NA,NA,NA,NA,0.275181264,34.76077413
1639,kakamega,musakhwe,kenya,2009-12-15,3.293734037448458,5,0,1,non-hh,national,NA,1,0.275181264,34.76077413
1640,kakamega,musakhwe,kenya,2009-12-15,3.809120554524489,5,0,1,non-hh,national,NA,1,0.275181264,34.76077413
1641,kakamega,musakhwe,kenya,2009-12-15,3.929438244110752,7,0,NA,NA,NA,NA,NA,0.275181264,34.76077413
1642,kakamega,musakhwe,kenya,2009-12-15,3.728003141413739,4,1,1,hh,national,15,1,0.275181264,34.76077413
1643,kakamega,musakhwe,kenya,2009-12-15,2.1715692554600996,4,1,1,hh,national,NA,1,0.275181264,34.76077413
1644,kakamega,musakhwe,kenya,2009-12-15,1.5199638923703713,3,4,1,hh,national,12,1,0.275181264,34.76077413
1644,kakamega,musakhwe,kenya,2009-12-15,1.5199638923703713,3,4,1,hh,national,24,NA,0.275181264,34.76077413
1644,kakamega,musakhwe,kenya,2009-12-15,1.5199638923703713,3,4,1,hh,national,24,NA,0.275181264,34.76077413
1644,kakamega,musakhwe,kenya,2009-12-15,1.5199638923703713,3,4,1,hh,national,24,NA,0.275181264,34.76077413
1644,kakamega,musakhwe,kenya,2009-12-15,1.5199638923703713,3,4,1,non-hh,national,NA,1,0.275181264,34.76077413
1645,kakamega,musakhwe,kenya,2009-12-15,1.4898844699738059,6,1,1,hh,national,36,1,0.275181264,34.76077413
1646,kakamega,musakhwe,kenya,2009-12-15,3.1433369254656305,5,2,1,hh,national,12,1,0.275181264,34.76077413
1646,kakamega,musakhwe,kenya,2009-12-15,3.1433369254656305,5,2,1,hh,national,12,NA,0.275181264,34.76077413
1646,kakamega,musakhwe,kenya,2009-12-15,3.1433369254656305,5,2,1,non-hh,national,NA,1,0.275181264,34.76077413
1647,kakamega,musakhwe,kenya,2009-12-15,3.6581581008223343,5,1,1,hh,national,36,1,0.275181264,34.76077413
1647,kakamega,musakhwe,kenya,2009-12-15,3.6581581008223343,5,1,1,non-hh,national,NA,1,0.275181264,34.76077413
1648,kakamega,musakhwe,kenya,2009-12-15,3.6085910718807193,5,2,NA,hh,national,59,NA,0.275181264,34.76077413
1648,kakamega,musakhwe,kenya,2009-12-15,3.6085910718807193,5,2,NA,hh,national,47,NA,0.275181264,34.76077413
1649,kakamega,musakhwe,kenya,2009-12-15,2.081330988270403,2,1,1,hh,national,120,1,0.275181264,34.76077413
1650,migori,manywanda,kenya,2009-12-12,0.24045096894868662,2,1,NA,hh,international,240,NA,-0.14525758,34.47078471
1652,migori,manywanda,kenya,2009-12-12,0.8976261429869055,2,1,NA,hh,international,18,NA,-0.14525758,34.47078471
1653,migori,manywanda,kenya,2009-12-12,1.4598050475772404,1,1,1,hh,international,40,1,-0.14525758,34.47078471
1654,migori,manywanda,kenya,2009-12-12,0.8133067329165453,3,1,NA,hh,international,30,NA,-0.14525758,34.47078471
1655,migori,manywanda,kenya,2009-12-12,2.581158020875295,5,1,1,hh,national,175,1,-0.14525758,34.47078471
1656,migori,manywanda,kenya,2009-12-12,0.828346444114828,3,1,1,hh,national,15,1,-0.14525758,34.47078471
1657,migori,manywanda,kenya,2009-12-13,3.78816198620687,3,0,NA,NA,NA,NA,NA,-0.14525758,34.47078471
1658,migori,manywanda,kenya,2009-12-13,1.9446674473001007,3,0,NA,NA,NA,NA,NA,-0.14525758,34.47078471
1659,migori,manywanda,kenya,2009-12-13,3.3181636003811668,3,0,NA,NA,NA,NA,NA,-0.14525758,34.47078471
1660,migori,ngere a & b,kenya,2009-12-13,3.6377648742240427,1,1,1,hh,national,108,1,-0.760685911,34.57716418
1661,migori,manyera,kenya,2009-12-14,4.088956210172525,8,0,NA,NA,NA,NA,NA,-1.062359051,34.47956637
1662,migori,manyera,kenya,2009-12-14,3.233575192655327,8,0,NA,NA,NA,NA,NA,-1.062359051,34.47956637
1663,migori,manyera,kenya,2009-12-14,3.113257503069065,4,0,NA,NA,NA,NA,NA,-1.062359051,34.47956637
1664,migori,manyera,kenya,2009-12-14,2.411613580681333,4,1,1,hh,national,59,1,-1.062359051,34.47956637
1665,migori,manyera,kenya,2009-12-14,0.9277055653834709,3,1,1,hh,national,48,1,-1.062359051,34.47956637
1667,migori,kimaiga,kenya,2009-12-11,0.23042449481649813,3,1,1,hh,international,60,1,-1.054740122,34.4754613
1668,migori,kimaiga,kenya,2009-12-11,0.2705303913452522,5,2,1,hh,national,12,1,-1.054740122,34.4754613
1668,migori,kimaiga,kenya,2009-12-11,0.2705303913452522,5,2,1,hh,international,12,NA,-1.054740122,34.4754613
1669,migori,kimaiga,kenya,2009-12-11,1.2263299647206787,9,1,NA,hh,international,12,NA,-1.054740122,34.4754613
1670,migori,kimaiga,kenya,2009-12-11,0.43444777514325034,5,2,1,hh,international,48,1,-1.054740122,34.4754613
1670,migori,kimaiga,kenya,2009-12-11,0.43444777514325034,5,2,1,hh,national,24,NA,-1.054740122,34.4754613
1671,migori,ngere a & b,kenya,2009-12-13,3.304930670098838,6,0,NA,NA,NA,NA,NA,-0.760685911,34.57716418
1672,migori,ngere a & b,kenya,2009-12-13,3.6085910718807193,5,2,NA,hh,national,60,NA,-0.760685911,34.57716418
1672,migori,ngere a & b,kenya,2009-12-13,3.6085910718807193,5,2,NA,hh,national,24,NA,-0.760685911,34.57716418
1673,migori,ngere a & b,kenya,2009-12-13,1.689508332564334,8,1,1,hh,national,108,1,-0.760685911,34.57716418
1674,migori,ngere a & b,kenya,2009-12-13,0.9678114619122251,5,1,1,hh,national,60,1,-0.760685911,34.57716418
1675,migori,ngere a & b,kenya,2009-12-13,0.8524099820320805,7,1,1,hh,national,60,1,-0.760685911,34.57716418
1676,migori,ngere a & b,kenya,2009-12-13,0.6401800830184232,4,1,1,hh,national,12,1,-0.760685911,34.57716418
1677,migori,manyera,kenya,2009-12-14,3.8784002533965665,9,0,NA,NA,NA,NA,NA,-1.062359051,34.47956637
1678,migori,manyera,kenya,2009-12-14,3.212616624337708,6,0,NA,NA,NA,NA,NA,-1.062359051,34.47956637
1679,migori,manyera,kenya,2009-12-14,2.1431428657220883,8,0,NA,NA,NA,NA,NA,-1.062359051,34.47956637
1680,migori,manyera,kenya,2009-12-14,3.1433369254656305,5,0,NA,NA,NA,NA,NA,-1.062359051,34.47956637
1681,migori,lichota,kenya,2009-12-10,2.8487973777626956,7,1,1,hh,international,96,1,-1.114080965,34.48229518
1682,migori,lichota,kenya,2009-12-10,3.8182414086034355,7,1,1,hh,international,24,NA,-1.114080965,34.48229518
1682,migori,lichota,kenya,2009-12-10,3.8182414086034355,7,1,1,non-hh,national,NA,1,-1.114080965,34.48229518
1683,migori,lichota,kenya,2009-12-10,-0.2152788655568032,9,1,1,hh,international,36,1,-1.114080965,34.48229518
1684,migori,lichota,kenya,2009-12-10,2.255027220301308,7,1,1,hh,international,48,1,-1.114080965,34.48229518
1685,migori,lichota,kenya,2009-12-10,3.1324048312802,2,1,1,hh,international,60,1,-1.114080965,34.48229518
1685,migori,lichota,kenya,2009-12-10,3.1324048312802,2,1,1,non-hh,national,NA,1,-1.114080965,34.48229518
1686,migori,lichota,kenya,2009-12-10,1.5901492112956912,8,1,1,hh,international,59,1,-1.114080965,34.48229518
1686,migori,lichota,kenya,2009-12-10,1.5901492112956912,8,1,1,non-hh,national,NA,1,-1.114080965,34.48229518
1687,migori,lichota,kenya,2009-12-10,3.125289272027691,11,1,1,hh,international,46,1,-1.114080965,34.48229518
1688,migori,lichota,kenya,2009-12-10,2.7751182611543936,8,1,1,hh,international,166,1,-1.114080965,34.48229518
1689,migori,lichota,kenya,2009-12-10,0.3135009947689172,12,1,1,hh,international,119,1,-1.114080965,34.48229518
1690,migori,lichota,kenya,2009-12-10,0.24045096894868662,3,1,1,hh,international,83,1,-1.114080965,34.48229518
1691,migori,manywanda,kenya,2009-12-12,3.848320831000001,8,1,NA,hh,national,14,NA,-0.14525758,34.47078471
1692,migori,manywanda,kenya,2009-12-12,1.5099374182381828,4,2,NA,hh,national,12,NA,-0.14525758,34.47078471
1692,migori,manywanda,kenya,2009-12-12,1.5099374182381828,4,2,NA,hh,national,48,NA,-0.14525758,34.47078471
1693,migori,manywanda,kenya,2009-12-12,3.7790411321279236,9,0,NA,NA,NA,NA,NA,-0.14525758,34.47078471
1694,migori,manywanda,kenya,2009-12-12,3.272775469130839,3,0,NA,NA,NA,NA,NA,-0.14525758,34.47078471
1695,migori,manywanda,kenya,2009-12-12,3.212616624337708,2,0,NA,NA,NA,NA,NA,-0.14525758,34.47078471
1696,migori,manywanda,kenya,2009-12-12,3.5985645977485308,3,0,NA,NA,NA,NA,NA,-0.14525758,34.47078471
1697,migori,manywanda,kenya,2009-12-12,3.6286440201450962,6,0,NA,NA,NA,NA,NA,-0.14525758,34.47078471
1698,migori,manywanda,kenya,2009-12-12,-0.29397121923119907,7,0,NA,NA,NA,NA,NA,-0.14525758,34.47078471
1699,migori,manywanda,kenya,2009-12-12,1.6102021595600682,6,0,NA,NA,NA,NA,NA,-0.14525758,34.47078471
1700,migori,kimaiga,kenya,2009-12-11,-1.100886517819952,6,4,1,hh,international,36,1,-1.054740122,34.4754613
1700,migori,kimaiga,kenya,2009-12-11,-1.100886517819952,6,4,1,hh,national,84,NA,-1.054740122,34.4754613
1700,migori,kimaiga,kenya,2009-12-11,-1.100886517819952,6,4,1,hh,national,48,NA,-1.054740122,34.4754613
1700,migori,kimaiga,kenya,2009-12-11,-1.100886517819952,6,4,1,hh,national,48,NA,-1.054740122,34.4754613
1701,migori,ngere a & b,kenya,2009-12-13,0.9126658541851882,3,1,1,hh,international,48,1,-0.760685911,34.57716418
1702,migori,ngere a & b,kenya,2009-12-13,3.4776815664429415,2,0,NA,NA,NA,NA,NA,-0.760685911,34.57716418
1703,migori,kimaiga,kenya,2009-12-11,-2.336812480771798,3,2,1,hh,national,24,1,-1.054740122,34.4754613
1703,migori,kimaiga,kenya,2009-12-11,-2.336812480771798,3,2,1,hh,international,36,1,-1.054740122,34.4754613
1704,migori,kimaiga,kenya,2009-12-11,0.4143948268788733,3,1,1,hh,national,60,1,-1.054740122,34.4754613
1704,migori,kimaiga,kenya,2009-12-11,0.4143948268788733,3,1,1,non-hh,national,NA,1,-1.054740122,34.4754613
1705,migori,kimaiga,kenya,2009-12-11,1.8184629039160585,10,1,NA,hh,national,48,NA,-1.054740122,34.4754613
1706,migori,kimaiga,kenya,2009-12-11,0.2705303913452522,3,2,1,hh,national,84,1,-1.054740122,34.4754613
1706,migori,kimaiga,kenya,2009-12-11,0.2705303913452522,3,2,1,hh,national,60,NA,-1.054740122,34.4754613
1707,migori,kimaiga,kenya,2009-12-11,0.8192023977986633,3,1,NA,hh,national,84,NA,-1.054740122,34.4754613
1708,migori,lichota,kenya,2009-12-14,1.574203880044166,3,1,1,hh,national,24,1,-1.114080965,34.48229518
1709,migori,manyera,kenya,2009-12-14,0.9521213654686069,4,1,1,hh,national,100,1,-1.062359051,34.47956637
1711,migori,manywanda,kenya,2009-12-12,3.0407485449789546,3,1,1,hh,national,24,1,-0.14525758,34.47078471
1711,migori,manywanda,kenya,2009-12-12,3.0407485449789546,3,1,1,non-hh,national,NA,1,-0.14525758,34.47078471
1712,migori,lichota,kenya,2009-12-10,1.6302551078244452,10,0,NA,NA,NA,NA,NA,-1.114080965,34.48229518
1713,migori,manywanda,kenya,2009-12-12,0.828346444114828,3,1,1,hh,national,26,NA,-0.14525758,34.47078471
1713,migori,manywanda,kenya,2009-12-12,0.828346444114828,3,1,1,non-hh,national,NA,1,-0.14525758,34.47078471
1714,migori,manywanda,kenya,2009-12-12,0.3441071505596961,4,2,1,hh,national,46,1,-0.14525758,34.47078471
1714,migori,manywanda,kenya,2009-12-12,0.3441071505596961,4,2,1,hh,national,42,1,-0.14525758,34.47078471
1715,migori,kimaiga,kenya,2009-12-12,3.283972101781219,1,0,NA,NA,NA,NA,NA,-1.054740122,34.4754613
1716,migori,lichota,kenya,2009-12-10,2.2574446708290368,7,0,NA,NA,NA,NA,NA,-1.114080965,34.48229518
1717,migori,lichota,kenya,2009-12-10,3.6979237190171736,3,0,NA,NA,NA,NA,NA,-1.114080965,34.48229518
1718,migori,lichota,kenya,2009-12-10,3.848320831000001,4,0,NA,NA,NA,NA,NA,-1.114080965,34.48229518
1719,migori,lichota,kenya,2009-12-10,3.728003141413739,4,0,NA,NA,NA,NA,NA,-1.114080965,34.48229518
1720,migori,lichota,kenya,2009-12-10,3.728003141413739,4,0,NA,NA,NA,NA,NA,-1.114080965,34.48229518
1721,migori,lichota,kenya,2009-12-10,3.184612980512576,3,0,NA,NA,NA,NA,NA,-1.114080965,34.48229518
1722,migori,lichota,kenya,2009-12-10,3.1295386534639733,7,0,NA,NA,NA,NA,NA,-1.114080965,34.48229518
1723,migori,lichota,kenya,2009-12-10,2.535388502035112,5,1,1,hh,national,47,1,-1.114080965,34.48229518
1724,migori,kimaiga,kenya,2009-12-11,2.555441450299489,6,1,1,hh,national,12,1,-1.054740122,34.4754613
1725,migori,kimaiga,kenya,2009-12-11,-0.581384146304136,6,1,NA,hh,national,36,NA,-1.054740122,34.4754613
1726,migori,kimaiga,kenya,2009-12-11,3.5684851753519653,3,1,1,hh,national,12,1,-1.054740122,34.4754613
1727,vihiga,mbale/nyembe,kenya,2009-12-16,2.7800482337080843,7,2,NA,hh,international,240,NA,0.090242818,34.72120122
1727,vihiga,mbale/nyembe,kenya,2009-12-16,2.7800482337080843,7,2,NA,hh,international,240,NA,0.090242818,34.72120122
1728,migori,kimaiga,kenya,2009-12-11,0.828346444114828,4,0,NA,NA,NA,NA,NA,-1.054740122,34.4754613
1729,migori,kimaiga,kenya,2009-12-11,2.0745506859219147,2,0,NA,NA,NA,NA,NA,-1.054740122,34.4754613
1730,migori,kimaiga,kenya,2009-12-11,2.8629359280982674,4,0,NA,NA,NA,NA,NA,-1.054740122,34.4754613
1731,migori,kimaiga,kenya,2009-12-11,0.4706273756372082,5,0,NA,NA,NA,NA,NA,-1.054740122,34.4754613
1732,migori,kimaiga,kenya,2009-12-11,1.28642812271142,4,0,NA,NA,NA,NA,NA,-1.054740122,34.4754613
1733,migori,lichota,kenya,2009-12-10,-0.6706057489359611,4,2,1,hh,international,48,1,-1.114080965,34.48229518
1733,migori,lichota,kenya,2009-12-10,-0.6706057489359611,4,2,1,hh,international,108,1,-1.114080965,34.48229518
1734,migori,manyera,kenya,2009-12-14,3.6085910718807193,5,1,1,hh,national,40,1,-1.062359051,34.47956637
1735,migori,manyera,kenya,2009-12-14,1.5934891944423297,7,1,1,hh,national,48,1,-1.062359051,34.47956637
1736,migori,manyera,kenya,2009-12-14,1.9902312758515543,3,1,1,hh,international,58,1,-1.062359051,34.47956637
1736,migori,manyera,kenya,2009-12-14,1.9902312758515543,3,1,1,non-hh,national,NA,1,-1.062359051,34.47956637
1737,migori,manyera,kenya,2009-12-14,3.053098658275934,3,1,1,hh,international,59,1,-1.062359051,34.47956637
1738,migori,manyera,kenya,2009-12-14,2.119669819516763,5,1,1,hh,international,48,1,-1.062359051,34.47956637
1739,migori,manyera,kenya,2009-12-14,1.9313138702550494,9,1,NA,hh,international,60,NA,-1.062359051,34.47956637
1740,migori,manyera,kenya,2009-12-14,3.848320831000001,8,1,NA,hh,international,144,NA,-1.062359051,34.47956637
1741,migori,manyera,kenya,2009-12-14,3.3140515241777844,3,1,1,hh,international,84,1,-1.062359051,34.47956637
1742,migori,manyera,kenya,2009-12-14,3.728003141413739,2,1,1,hh,international,78,1,-1.062359051,34.47956637
1742,migori,manyera,kenya,2009-12-14,3.728003141413739,2,1,1,non-hh,national,NA,1,-1.062359051,34.47956637
1742,migori,manyera,kenya,2009-12-14,3.728003141413739,2,1,1,non-hh,national,NA,1,-1.062359051,34.47956637
1742,migori,manyera,kenya,2009-12-14,3.728003141413739,2,1,1,non-hh,international,NA,1,-1.062359051,34.47956637
1742,migori,manyera,kenya,2009-12-14,3.728003141413739,2,1,1,non-hh,international,NA,1,-1.062359051,34.47956637
1742,migori,manyera,kenya,2009-12-14,3.728003141413739,2,1,1,non-hh,international,NA,1,-1.062359051,34.47956637
1742,migori,manyera,kenya,2009-12-14,3.728003141413739,2,1,1,non-hh,international,NA,1,-1.062359051,34.47956637
1743,migori,manyera,kenya,2009-12-14,-0.33106257133333816,9,1,1,hh,international,76,1,-1.062359051,34.47956637
1744,migori,manyera,kenya,2009-12-14,0.14977001441808807,6,1,1,hh,national,42,1,-1.062359051,34.47956637
1745,migori,manywanda,kenya,2009-12-15,-0.38922272348698994,3,2,1,hh,national,40,1,-0.14525758,34.47078471
1745,migori,manywanda,kenya,2009-12-15,-0.38922272348698994,3,2,1,hh,international,60,NA,-0.14525758,34.47078471
1746,migori,manywanda,kenya,2009-12-12,0.3156495249401004,7,2,1,hh,national,46,1,-0.14525758,34.47078471
1746,migori,manywanda,kenya,2009-12-12,0.3156495249401004,7,2,1,hh,international,18,NA,-0.14525758,34.47078471
1747,migori,ngere a & b,kenya,2009-12-13,-0.8821565003805738,3,1,1,hh,international,48,1,-0.760685911,34.57716418
1747,migori,ngere a & b,kenya,2009-12-13,-0.8821565003805738,3,1,1,non-hh,national,NA,1,-0.760685911,34.57716418
1748,migori,ngere a & b,kenya,2009-12-13,0.2705303913452522,6,1,1,hh,international,120,1,-0.760685911,34.57716418
1748,migori,ngere a & b,kenya,2009-12-13,0.2705303913452522,6,1,1,non-hh,national,NA,1,-0.760685911,34.57716418
1749,migori,ngere a & b,kenya,2009-12-13,1.842422746385424,5,1,1,hh,international,48,1,-0.760685911,34.57716418
1750,migori,ngere a & b,kenya,2009-12-13,0.8147732996049282,6,1,1,hh,international,144,1,-0.760685911,34.57716418
1751,migori,ngere a & b,kenya,2009-12-13,-1.65290121678029,1,1,1,hh,international,108,1,-0.760685911,34.57716418
1751,migori,ngere a & b,kenya,2009-12-13,-1.65290121678029,1,1,1,non-hh,national,NA,1,-0.760685911,34.57716418
1752,migori,ngere a & b,kenya,2009-12-13,0.805786877317404,5,1,NA,hh,international,84,NA,-0.760685911,34.57716418
1753,migori,ngere a & b,kenya,2009-12-13,0.03947879896401457,1,1,1,hh,international,12,1,-0.760685911,34.57716418
1754,migori,ngere a & b,kenya,2009-12-13,3.272775469130839,6,0,NA,NA,NA,NA,NA,-0.760685911,34.57716418
1755,migori,ngere a & b,kenya,2009-12-13,3.5684851753519653,3,3,1,hh,national,2,1,-0.760685911,34.57716418
1755,migori,ngere a & b,kenya,2009-12-13,3.5684851753519653,3,3,1,hh,national,NA,1,-0.760685911,34.57716418
1755,migori,ngere a & b,kenya,2009-12-13,3.5684851753519653,3,3,1,hh,national,108,1,-0.760685911,34.57716418
1756,migori,ngere a & b,kenya,2009-12-13,3.06143314544198,4,0,NA,NA,NA,NA,NA,-0.760685911,34.57716418
1757,migori,lichota,kenya,2009-12-10,2.5253620279029234,6,2,1,hh,national,54,1,-1.114080965,34.48229518
1757,migori,lichota,kenya,2009-12-10,2.5253620279029234,6,2,1,hh,national,63,1,-1.114080965,34.48229518
1758,migori,lichota,kenya,2009-12-10,3.098217791870782,7,1,1,hh,national,36,1,-1.114080965,34.48229518
1758,migori,lichota,kenya,2009-12-10,3.098217791870782,7,1,1,non-hh,national,NA,1,-1.114080965,34.48229518
1759,migori,lichota,kenya,2009-12-10,2.798665007101753,3,1,1,hh,national,48,1,-1.114080965,34.48229518
1759,migori,lichota,kenya,2009-12-10,2.798665007101753,3,1,1,non-hh,national,NA,1,-1.114080965,34.48229518
1760,migori,lichota,kenya,2009-12-10,3.173416347862196,9,1,1,hh,national,108,1,-1.114080965,34.48229518
1761,migori,lichota,kenya,2009-12-10,2.2107695319356115,2,1,NA,hh,national,36,NA,-1.114080965,34.48229518
1762,migori,kimaiga,kenya,2009-12-11,-0.6284945575807694,6,2,NA,hh,international,60,NA,-1.054740122,34.4754613
1762,migori,kimaiga,kenya,2009-12-11,-0.6284945575807694,6,2,NA,hh,national,84,NA,-1.054740122,34.4754613
1763,migori,kimaiga,kenya,2009-12-11,3.173416347862196,6,1,1,hh,international,84,1,-1.054740122,34.4754613
1764,migori,kimaiga,kenya,2009-12-11,2.7685855847051877,1,2,1,hh,international,12,1,-1.054740122,34.4754613
1764,migori,kimaiga,kenya,2009-12-11,2.7685855847051877,1,2,1,hh,international,36,NA,-1.054740122,34.4754613
1765,vihiga,idohi,kenya,2009-12-15,1.637785646728802,3,1,NA,hh,international,56,NA,0.084078524,34.7227277
1766,vihiga,idohi,kenya,2009-12-15,1.926415055380173,5,1,1,hh,international,145,1,0.084078524,34.7227277
1767,vihiga,idohi,kenya,2009-12-15,1.809310046515556,3,0,1,non-hh,national,NA,1,0.084078524,34.7227277
1768,vihiga,idohi,kenya,2009-12-15,2.947034312975054,7,0,NA,NA,NA,NA,NA,0.084078524,34.7227277
1769,vihiga,idohi,kenya,2009-12-15,2.4517194772100868,8,3,1,hh,national,108,1,0.084078524,34.7227277
1769,vihiga,idohi,kenya,2009-12-15,2.4517194772100868,8,3,1,hh,national,156,1,0.084078524,34.7227277
1769,vihiga,idohi,kenya,2009-12-15,2.4517194772100868,8,3,1,hh,national,7,NA,0.084078524,34.7227277
1770,vihiga,ikengero,kenya,2009-12-18,-0.06593873495001557,2,0,NA,NA,NA,NA,NA,0.046629774,34.72621267
1771,vihiga,idohi,kenya,2009-12-15,3.3582694969099207,5,0,1,non-hh,national,NA,1,0.084078524,34.7227277
1772,vihiga,mbale/nyembe,kenya,2009-12-16,0.819752323430095,6,2,1,hh,international,84,1,0.090242818,34.72120122
1772,vihiga,mbale/nyembe,kenya,2009-12-16,0.819752323430095,6,2,1,hh,international,132,1,0.090242818,34.72120122
1773,vihiga,ikengero,kenya,2009-12-17,2.579307503411933,12,1,NA,hh,national,24,NA,0.046629774,34.72621267
1774,vihiga,magina,kenya,2009-12-20,3.667844296620608,2,0,NA,NA,NA,NA,NA,-0.960800433,36.62619657
1775,migori,kimaiga,kenya,2009-12-11,2.2443975207152946,6,0,NA,NA,NA,NA,NA,-1.054740122,34.4754613
1776,vihiga,mbale/nyembe,kenya,2009-12-16,-0.9296459247116409,5,1,1,hh,national,24,1,0.090242818,34.72120122
1777,vihiga,mbale/nyembe,kenya,2009-12-16,-0.29818732124922825,6,6,1,hh,national,120,1,0.090242818,34.72120122
1777,vihiga,mbale/nyembe,kenya,2009-12-16,-0.29818732124922825,6,6,1,hh,national,144,NA,0.090242818,34.72120122
1777,vihiga,mbale/nyembe,kenya,2009-12-16,-0.29818732124922825,6,6,1,hh,national,60,NA,0.090242818,34.72120122
1777,vihiga,mbale/nyembe,kenya,2009-12-16,-0.29818732124922825,6,6,1,hh,national,48,NA,0.090242818,34.72120122
1777,vihiga,mbale/nyembe,kenya,2009-12-16,-0.29818732124922825,6,6,1,hh,national,72,NA,0.090242818,34.72120122
1777,vihiga,mbale/nyembe,kenya,2009-12-16,-0.29818732124922825,6,6,1,hh,national,240,NA,0.090242818,34.72120122
1778,vihiga,mbale/nyembe,kenya,2009-12-16,0.4800661820080259,8,5,1,hh,national,121,1,0.090242818,34.72120122
1778,vihiga,mbale/nyembe,kenya,2009-12-16,0.4800661820080259,8,5,1,hh,national,96,NA,0.090242818,34.72120122
1778,vihiga,mbale/nyembe,kenya,2009-12-16,0.4800661820080259,8,5,1,hh,national,60,NA,0.090242818,34.72120122
1778,vihiga,mbale/nyembe,kenya,2009-12-16,0.4800661820080259,8,5,1,hh,national,72,NA,0.090242818,34.72120122
1778,vihiga,mbale/nyembe,kenya,2009-12-16,0.4800661820080259,8,5,1,hh,national,12,NA,0.090242818,34.72120122
1779,vihiga,mbale/nyembe,kenya,2009-12-16,1.9940759457444963,6,0,NA,NA,NA,NA,NA,0.090242818,34.72120122
1780,vihiga,mbale/nyembe,kenya,2009-12-16,3.272775469130839,3,0,1,non-hh,national,NA,1,0.090242818,34.72120122
1781,vihiga,idohi,kenya,2009-12-15,-0.43064040934105163,1,6,NA,hh,international,516,NA,0.084078524,34.7227277
1781,vihiga,idohi,kenya,2009-12-15,-0.43064040934105163,1,6,NA,hh,national,348,NA,0.084078524,34.7227277
1781,vihiga,idohi,kenya,2009-12-15,-0.43064040934105163,1,6,NA,hh,national,456,NA,0.084078524,34.7227277
1781,vihiga,idohi,kenya,2009-12-15,-0.43064040934105163,1,6,NA,hh,national,384,NA,0.084078524,34.7227277
1781,vihiga,idohi,kenya,2009-12-15,-0.43064040934105163,1,6,NA,hh,national,48,NA,0.084078524,34.7227277
1781,vihiga,idohi,kenya,2009-12-15,-0.43064040934105163,1,6,NA,hh,international,48,NA,0.084078524,34.7227277
1782,vihiga,idohi,kenya,2009-12-15,0.10966411788933411,4,4,1,hh,national,240,1,0.084078524,34.7227277
1782,vihiga,idohi,kenya,2009-12-15,0.10966411788933411,4,4,1,hh,national,120,1,0.084078524,34.7227277
1782,vihiga,idohi,kenya,2009-12-15,0.10966411788933411,4,4,1,hh,international,180,NA,0.084078524,34.7227277
1782,vihiga,idohi,kenya,2009-12-15,0.10966411788933411,4,4,1,hh,international,84,NA,0.084078524,34.7227277
1783,vihiga,idohi,kenya,2009-12-15,-0.5832783966259445,3,6,1,hh,national,60,NA,0.084078524,34.7227277
1783,vihiga,idohi,kenya,2009-12-15,-0.5832783966259445,3,6,1,hh,national,120,NA,0.084078524,34.7227277
1783,vihiga,idohi,kenya,2009-12-15,-0.5832783966259445,3,6,1,hh,national,96,1,0.084078524,34.7227277
1783,vihiga,idohi,kenya,2009-12-15,-0.5832783966259445,3,6,1,hh,national,60,1,0.084078524,34.7227277
1783,vihiga,idohi,kenya,2009-12-15,-0.5832783966259445,3,6,1,hh,national,108,1,0.084078524,34.7227277
1783,vihiga,idohi,kenya,2009-12-15,-0.5832783966259445,3,6,1,hh,international,60,1,0.084078524,34.7227277
1784,vihiga,idohi,kenya,2009-12-15,0.9828324400638202,4,0,NA,NA,NA,NA,NA,0.084078524,34.7227277
1785,vihiga,idohi,kenya,2009-12-15,2.8428829798338895,5,5,1,hh,national,15,NA,0.084078524,34.7227277
1785,vihiga,idohi,kenya,2009-12-15,2.8428829798338895,5,5,1,hh,national,89,1,0.084078524,34.7227277
1785,vihiga,idohi,kenya,2009-12-15,2.8428829798338895,5,5,1,hh,national,110,1,0.084078524,34.7227277
1785,vihiga,idohi,kenya,2009-12-15,2.8428829798338895,5,5,1,hh,national,25,1,0.084078524,34.7227277
1785,vihiga,idohi,kenya,2009-12-15,2.8428829798338895,5,5,1,hh,national,125,1,0.084078524,34.7227277
1785,vihiga,idohi,kenya,2009-12-15,2.8428829798338895,5,5,1,non-hh,national,NA,1,0.084078524,34.7227277
1786,vihiga,idohi,kenya,2009-12-15,1.904403020274127,8,6,1,hh,national,36,1,0.084078524,34.7227277
1786,vihiga,idohi,kenya,2009-12-15,1.904403020274127,8,6,1,hh,national,48,1,0.084078524,34.7227277
1786,vihiga,idohi,kenya,2009-12-15,1.904403020274127,8,6,1,hh,national,24,1,0.084078524,34.7227277
1786,vihiga,idohi,kenya,2009-12-15,1.904403020274127,8,6,1,hh,national,36,1,0.084078524,34.7227277
1786,vihiga,idohi,kenya,2009-12-15,1.904403020274127,8,6,1,hh,national,12,1,0.084078524,34.7227277
1786,vihiga,idohi,kenya,2009-12-15,1.904403020274127,8,6,1,hh,national,12,1,0.084078524,34.7227277
1787,vihiga,idohi,kenya,2009-12-15,2.4216400548135213,6,3,1,hh,national,372,1,0.084078524,34.7227277
1787,vihiga,idohi,kenya,2009-12-15,2.4216400548135213,6,3,1,hh,national,24,1,0.084078524,34.7227277
1787,vihiga,idohi,kenya,2009-12-15,2.4216400548135213,6,3,1,hh,international,168,1,0.084078524,34.7227277
1787,vihiga,idohi,kenya,2009-12-15,2.4216400548135213,6,3,1,non-hh,national,NA,1,0.084078524,34.7227277
1788,vihiga,idohi,kenya,2009-12-15,1.0924313643634855,3,0,NA,NA,NA,NA,NA,0.084078524,34.7227277
1789,vihiga,mbale/nyembe,kenya,2009-12-16,-0.3944414729182379,2,0,NA,NA,NA,NA,NA,0.090242818,34.72120122
1790,vihiga,mbale/nyembe,kenya,2009-12-17,-2.3676636115427403,7,1,1,hh,international,18,1,0.090242818,34.72120122
1791,vihiga,mbale/nyembe,kenya,2009-12-16,0.4161038544272942,2,1,1,hh,international,348,1,0.090242818,34.72120122
1791,vihiga,mbale/nyembe,kenya,2009-12-16,0.4161038544272942,2,1,1,non-hh,national,NA,1,0.090242818,34.72120122
1792,vihiga,idohi,kenya,2009-12-15,1.6328102805444202,5,0,NA,NA,NA,NA,NA,0.084078524,34.7227277
1793,vihiga,idohi,kenya,2009-12-15,0.10463214777655233,4,0,NA,NA,NA,NA,NA,0.084078524,34.7227277
1794,vihiga,mbale/nyembe,kenya,2009-12-16,2.34642276577542,1,2,NA,hh,national,12,NA,0.090242818,34.72120122
1794,vihiga,mbale/nyembe,kenya,2009-12-16,2.34642276577542,1,2,NA,hh,national,12,NA,0.090242818,34.72120122
1795,vihiga,mbale/nyembe,kenya,2009-12-16,-2.472035969877477,5,2,1,hh,international,48,1,0.090242818,34.72120122
1795,vihiga,mbale/nyembe,kenya,2009-12-16,-2.472035969877477,5,2,1,hh,international,36,NA,0.090242818,34.72120122
1796,vihiga,mbale/nyembe,kenya,2009-12-16,-0.3855400087928911,2,0,NA,NA,NA,NA,NA,0.090242818,34.72120122
1797,vihiga,idohi,kenya,2009-12-15,1.8743235978775614,6,1,NA,hh,national,408,NA,0.084078524,34.7227277
1798,vihiga,mbale/nyembe,kenya,2009-12-16,2.947255338168627,7,2,1,hh,national,24,1,0.090242818,34.72120122
1798,vihiga,mbale/nyembe,kenya,2009-12-16,2.947255338168627,7,2,1,hh,national,36,NA,0.090242818,34.72120122
1799,vihiga,idohi,kenya,2009-12-15,0.10164293858358325,6,2,NA,hh,international,180,NA,0.084078524,34.7227277
1799,vihiga,idohi,kenya,2009-12-15,0.10164293858358325,6,2,NA,hh,international,264,NA,0.084078524,34.7227277
1800,vihiga,mbale/nyembe,kenya,2009-12-16,-0.4881940823402521,2,5,1,hh,international,396,1,0.090242818,34.72120122
1801,vihiga,mbale/nyembe,kenya,2009-12-16,1.669121156501612,9,5,1,hh,,NA,1,0.090242818,34.72120122
1801,vihiga,mbale/nyembe,kenya,2009-12-16,1.669121156501612,9,5,1,hh,,NA,1,0.090242818,34.72120122
1801,vihiga,mbale/nyembe,kenya,2009-12-16,1.669121156501612,9,5,1,hh,,NA,1,0.090242818,34.72120122
1801,vihiga,mbale/nyembe,kenya,2009-12-16,1.669121156501612,9,5,1,hh,,NA,1,0.090242818,34.72120122
1801,vihiga,mbale/nyembe,kenya,2009-12-16,1.669121156501612,9,5,1,hh,,NA,1,0.090242818,34.72120122
1802,vihiga,mbale/nyembe,kenya,2009-12-16,-1.6194784619404483,7,0,NA,NA,NA,NA,NA,0.090242818,34.72120122
1803,vihiga,idohi,kenya,2009-12-15,0.1648097256163708,9,4,1,hh,national,24,NA,0.084078524,34.7227277
1803,vihiga,idohi,kenya,2009-12-15,0.1648097256163708,9,4,1,hh,national,36,1,0.084078524,34.7227277
1803,vihiga,idohi,kenya,2009-12-15,0.1648097256163708,9,4,1,hh,national,36,NA,0.084078524,34.7227277
1803,vihiga,idohi,kenya,2009-12-15,0.1648097256163708,9,4,1,hh,national,12,1,0.084078524,34.7227277
1803,vihiga,idohi,kenya,2009-12-15,0.1648097256163708,9,4,1,non-hh,national,NA,1,0.084078524,34.7227277
1804,vihiga,idohi,kenya,2009-12-15,3.0681383694742164,5,0,NA,NA,NA,NA,NA,0.084078524,34.7227277
1805,vihiga,idohi,kenya,2009-12-15,-1.0252214423140684,5,1,1,hh,,84,1,0.084078524,34.7227277
1805,vihiga,idohi,kenya,2009-12-15,-1.0252214423140684,5,1,1,non-hh,national,NA,1,0.084078524,34.7227277
1806,vihiga,idohi,kenya,2009-12-15,1.4054361876826102,5,7,1,hh,national,12,1,0.084078524,34.7227277
1806,vihiga,idohi,kenya,2009-12-15,1.4054361876826102,5,7,1,hh,national,36,NA,0.084078524,34.7227277
1806,vihiga,idohi,kenya,2009-12-15,1.4054361876826102,5,7,1,hh,national,60,1,0.084078524,34.7227277
1806,vihiga,idohi,kenya,2009-12-15,1.4054361876826102,5,7,1,hh,national,84,NA,0.084078524,34.7227277
1806,vihiga,idohi,kenya,2009-12-15,1.4054361876826102,5,7,1,hh,national,7,NA,0.084078524,34.7227277
1806,vihiga,idohi,kenya,2009-12-15,1.4054361876826102,5,7,1,hh,national,7,NA,0.084078524,34.7227277
1806,vihiga,idohi,kenya,2009-12-15,1.4054361876826102,5,7,1,hh,national,7,NA,0.084078524,34.7227277
1806,vihiga,idohi,kenya,2009-12-15,1.4054361876826102,5,7,1,non-hh,national,NA,1,0.084078524,34.7227277
1807,vihiga,magina,kenya,2009-12-20,2.681258232395171,6,0,NA,NA,NA,NA,NA,-0.960800433,36.62619657
1808,vihiga,magina,kenya,2009-12-20,1.7068223362445343,1,0,NA,NA,NA,NA,NA,-0.960800433,36.62619657
1809,vihiga,ikengero,kenya,2009-12-18,2.4589898138256703,3,0,1,non-hh,national,NA,1,0.046629774,34.72621267
1810,vihiga,ikengero,kenya,2009-12-18,-2.2910616949783025,5,0,NA,NA,NA,NA,NA,0.046629774,34.72621267
1811,vihiga,ikengero,kenya,2009-12-18,0.7872445023598136,8,2,1,hh,national,24,1,0.046629774,34.72621267
1811,vihiga,ikengero,kenya,2009-12-18,0.7872445023598136,8,2,1,hh,national,60,NA,0.046629774,34.72621267
1811,vihiga,ikengero,kenya,2009-12-18,0.7872445023598136,8,2,1,non-hh,international,NA,1,0.046629774,34.72621267
1812,vihiga,ikengero,kenya,2009-12-18,1.5691906429780718,2,3,1,hh,international,48,1,0.046629774,34.72621267
1812,vihiga,ikengero,kenya,2009-12-18,1.5691906429780718,2,3,1,hh,international,48,NA,0.046629774,34.72621267
1812,vihiga,ikengero,kenya,2009-12-18,1.5691906429780718,2,3,1,hh,international,24,NA,0.046629774,34.72621267
1812,vihiga,ikengero,kenya,2009-12-18,1.5691906429780718,2,3,1,non-hh,national,NA,1,0.046629774,34.72621267
1813,vihiga,mbale/nyembe,kenya,2009-12-16,1.8893633090758442,7,0,1,non-hh,national,NA,1,0.090242818,34.72120122
1813,vihiga,mbale/nyembe,kenya,2009-12-16,1.8893633090758442,7,0,1,non-hh,national,NA,1,0.090242818,34.72120122
1813,vihiga,mbale/nyembe,kenya,2009-12-16,1.8893633090758442,7,0,1,non-hh,national,NA,1,0.090242818,34.72120122
1814,vihiga,ikengero,kenya,2009-12-16,0.8925941728741238,1,3,1,hh,national,240,1,0.046629774,34.72621267
1814,vihiga,ikengero,kenya,2009-12-16,0.8925941728741238,1,3,1,hh,national,186,NA,0.046629774,34.72621267
1814,vihiga,ikengero,kenya,2009-12-16,0.8925941728741238,1,3,1,hh,national,174,NA,0.046629774,34.72621267
1815,vihiga,ikengero,kenya,2009-12-18,0.46984100872430723,5,2,1,hh,national,19,NA,0.046629774,34.72621267
1815,vihiga,ikengero,kenya,2009-12-18,0.46984100872430723,5,2,1,hh,national,19,NA,0.046629774,34.72621267
1815,vihiga,ikengero,kenya,2009-12-18,0.46984100872430723,5,2,1,non-hh,national,NA,1,0.046629774,34.72621267
1816,vihiga,idohi,kenya,2009-12-15,0.6261519449785349,9,1,1,hh,international,144,1,0.084078524,34.7227277
1817,vihiga,idohi,kenya,2009-12-15,-0.7185264581154169,5,4,1,hh,national,12,1,0.084078524,34.7227277
1817,vihiga,idohi,kenya,2009-12-15,-0.7185264581154169,5,4,1,hh,national,6,NA,0.084078524,34.7227277
1817,vihiga,idohi,kenya,2009-12-15,-0.7185264581154169,5,4,1,hh,international,12,NA,0.084078524,34.7227277
1817,vihiga,idohi,kenya,2009-12-15,-0.7185264581154169,5,4,1,hh,international,18,NA,0.084078524,34.7227277
1818,vihiga,ikengero,kenya,2009-12-17,-2.0056841710900044,8,1,NA,hh,international,48,NA,0.046629774,34.72621267
1819,vihiga,ikengero,kenya,2009-12-17,-2.663104320108386,4,1,1,hh,international,60,1,0.046629774,34.72621267
1820,vihiga,ikengero,kenya,2009-12-17,-0.9848102654853654,5,0,NA,NA,NA,NA,NA,0.046629774,34.72621267
1821,vihiga,mbale/nyembe,kenya,2009-12-16,2.878652638123157,1,3,NA,hh,international,216,NA,0.090242818,34.72120122
1821,vihiga,mbale/nyembe,kenya,2009-12-16,2.878652638123157,1,3,NA,hh,international,216,NA,0.090242818,34.72120122
1821,vihiga,mbale/nyembe,kenya,2009-12-16,2.878652638123157,1,3,NA,hh,international,216,NA,0.090242818,34.72120122
1822,vihiga,mbale/nyembe,kenya,2009-12-17,3.33320331157945,5,1,NA,hh,international,120,NA,0.090242818,34.72120122
1823,vihiga,mbale/nyembe,kenya,2009-12-17,0.05953174722839155,3,5,1,hh,national,360,1,0.090242818,34.72120122
1823,vihiga,mbale/nyembe,kenya,2009-12-17,0.05953174722839155,3,5,1,hh,national,300,NA,0.090242818,34.72120122
1823,vihiga,mbale/nyembe,kenya,2009-12-17,0.05953174722839155,3,5,1,hh,national,288,NA,0.090242818,34.72120122
1823,vihiga,mbale/nyembe,kenya,2009-12-17,0.05953174722839155,3,5,1,hh,national,288,NA,0.090242818,34.72120122
1823,vihiga,mbale/nyembe,kenya,2009-12-17,0.05953174722839155,3,5,1,hh,international,108,NA,0.090242818,34.72120122
1824,vihiga,liamidi,kenya,2009-12-19,0.7949248636741997,4,2,1,hh,international,36,1,-0.022113269,34.74408902
1824,vihiga,liamidi,kenya,2009-12-19,0.7949248636741997,4,2,1,hh,international,24,1,-0.022113269,34.74408902
1825,vihiga,liamidi,kenya,2009-12-19,0.6038072311982292,10,2,1,hh,international,144,1,-0.022113269,34.74408902
1825,vihiga,liamidi,kenya,2009-12-19,0.6038072311982292,10,2,1,hh,international,48,1,-0.022113269,34.74408902
1826,vihiga,liamidi,kenya,2009-12-19,2.9221891528381554,4,0,NA,NA,NA,NA,NA,-0.022113269,34.74408902
1827,vihiga,liamidi,kenya,2009-12-19,2.141489833063534,6,1,1,hh,international,72,NA,-0.022113269,34.74408902
1827,vihiga,liamidi,kenya,2009-12-19,2.141489833063534,6,1,1,non-hh,national,NA,1,-0.022113269,34.74408902
1828,vihiga,liamidi,kenya,2009-12-19,-0.321047415290143,5,1,1,hh,national,12,1,-0.022113269,34.74408902
1829,vihiga,liamidi,kenya,2009-12-19,0.3948057978896603,3,2,1,hh,international,368,1,-0.022113269,34.74408902
1829,vihiga,liamidi,kenya,2009-12-19,0.3948057978896603,3,2,1,hh,international,NA,1,-0.022113269,34.74408902
1830,vihiga,liamidi,kenya,2009-12-19,0.042768383171878366,11,3,1,hh,international,96,1,-0.022113269,34.74408902
1830,vihiga,liamidi,kenya,2009-12-19,0.042768383171878366,11,3,1,hh,international,96,1,-0.022113269,34.74408902
1830,vihiga,liamidi,kenya,2009-12-19,0.042768383171878366,11,3,1,hh,international,1,NA,-0.022113269,34.74408902
1831,vihiga,magina,kenya,2009-12-20,0.4143948268788733,2,1,1,hh,international,108,1,-0.960800433,36.62619657
1832,vihiga,magina,kenya,2009-12-20,-1.1292697873021689,5,1,1,hh,international,192,1,-0.960800433,36.62619657
1833,vihiga,magina,kenya,2009-12-20,1.9926487263792836,3,1,1,hh,national,24,1,-0.960800433,36.62619657
1834,vihiga,magina,kenya,2009-12-19,3.133310451333442,7,2,1,hh,national,76,1,-0.960800433,36.62619657
1834,vihiga,magina,kenya,2009-12-19,3.133310451333442,7,2,1,hh,national,NA,NA,-0.960800433,36.62619657
1835,vihiga,magina,kenya,2009-12-19,3.2426960467342734,5,0,1,non-hh,national,NA,1,-0.960800433,36.62619657
1836,vihiga,magina,kenya,2009-12-19,3.5444216374347133,3,3,1,hh,national,132,1,-0.960800433,36.62619657
1836,vihiga,magina,kenya,2009-12-19,3.5444216374347133,3,3,1,hh,national,60,NA,-0.960800433,36.62619657
1836,vihiga,magina,kenya,2009-12-19,3.5444216374347133,3,3,1,hh,national,192,NA,-0.960800433,36.62619657
1837,vihiga,liamidi,kenya,2009-12-19,3.1825372019411424,6,2,1,hh,national,48,NA,-0.022113269,34.74408902
1837,vihiga,liamidi,kenya,2009-12-19,3.1825372019411424,6,2,1,hh,national,37,NA,-0.022113269,34.74408902
1837,vihiga,liamidi,kenya,2009-12-19,3.1825372019411424,6,2,1,non-hh,international,NA,1,-0.022113269,34.74408902
1838,vihiga,liamidi,kenya,2009-12-19,3.0430721841437456,5,5,1,hh,international,92,1,-0.022113269,34.74408902
1838,vihiga,liamidi,kenya,2009-12-19,3.0430721841437456,5,5,1,hh,national,60,NA,-0.022113269,34.74408902
1838,vihiga,liamidi,kenya,2009-12-19,3.0430721841437456,5,5,1,hh,national,144,NA,-0.022113269,34.74408902
1838,vihiga,liamidi,kenya,2009-12-19,3.0430721841437456,5,5,1,hh,national,109,NA,-0.022113269,34.74408902
1838,vihiga,liamidi,kenya,2009-12-19,3.0430721841437456,5,5,1,hh,national,40,NA,-0.022113269,34.74408902
1838,vihiga,liamidi,kenya,2009-12-19,3.0430721841437456,5,5,1,non-hh,national,NA,1,-0.022113269,34.74408902
1839,vihiga,liamidi,kenya,2009-12-19,1.2820652708906612,3,1,1,hh,international,72,NA,-0.022113269,34.74408902
1839,vihiga,liamidi,kenya,2009-12-19,1.2820652708906612,3,1,1,non-hh,national,NA,1,-0.022113269,34.74408902
1840,vihiga,ikengero,kenya,2009-12-19,-0.2473310783717388,2,0,NA,NA,NA,NA,NA,0.046629774,34.72621267
1841,vihiga,ikengero,kenya,2009-12-18,3.1433369254656305,10,2,1,hh,,NA,1,0.046629774,34.72621267
1842,vihiga,ikengero,kenya,2009-12-17,-0.5295825932024651,2,1,1,hh,international,97,1,0.046629774,34.72621267
1842,vihiga,ikengero,kenya,2009-12-17,-0.5295825932024651,2,1,1,non-hh,national,NA,1,0.046629774,34.72621267
1843,vihiga,liamidi,kenya,2009-12-18,2.1562787686444405,5,1,1,hh,international,60,1,-0.022113269,34.74408902
1843,vihiga,liamidi,kenya,2009-12-18,2.1562787686444405,5,1,1,non-hh,international,NA,1,-0.022113269,34.74408902
1844,vihiga,liamidi,kenya,2009-12-18,3.3482430227777322,6,1,1,hh,,NA,1,-0.022113269,34.74408902
1845,vihiga,magina,kenya,2009-12-18,1.2546026062012907,5,0,1,non-hh,national,NA,1,-0.960800433,36.62619657
1846,vihiga,liamidi,kenya,2009-12-17,2.896120320094466,9,3,1,hh,national,60,NA,-0.022113269,34.74408902
1846,vihiga,liamidi,kenya,2009-12-17,2.896120320094466,9,3,1,hh,national,48,NA,-0.022113269,34.74408902
1846,vihiga,liamidi,kenya,2009-12-17,2.896120320094466,9,3,1,hh,national,36,NA,-0.022113269,34.74408902
1846,vihiga,liamidi,kenya,2009-12-17,2.896120320094466,9,3,1,non-hh,national,NA,1,-0.022113269,34.74408902
1847,vihiga,liamidi,kenya,2009-12-17,3.6828840078188914,5,1,1,hh,national,36,1,-0.022113269,34.74408902
1848,vihiga,liamidi,kenya,2009-12-17,2.140725415194359,8,2,1,hh,national,36,1,-0.022113269,34.74408902
1848,vihiga,liamidi,kenya,2009-12-17,2.140725415194359,8,2,1,hh,international,60,1,-0.022113269,34.74408902
1849,vihiga,liamidi,kenya,2009-12-17,1.574203880044166,3,0,NA,NA,NA,NA,NA,-0.022113269,34.74408902
1850,vihiga,ikengero,kenya,2009-12-18,0.29439861935512013,11,1,1,hh,national,5,1,0.046629774,34.72621267
1851,vihiga,liamidi,kenya,2009-12-14,3.173416347862196,6,0,NA,NA,NA,NA,NA,-0.022113269,34.74408902
1852,vihiga,magina,kenya,2009-12-14,2.669226463436545,6,1,NA,hh,international,168,NA,-0.960800433,36.62619657
1853,vihiga,magina,kenya,2009-12-14,2.8027770833051355,5,0,NA,NA,NA,NA,NA,-0.960800433,36.62619657
1854,vihiga,magina,kenya,2009-12-14,2.181344953974912,5,0,NA,NA,NA,NA,NA,-0.960800433,36.62619657
1855,vihiga,liamidi,kenya,2009-12-14,3.728003141413739,8,0,NA,NA,NA,NA,NA,-0.022113269,34.74408902
1856,vihiga,liamidi,kenya,2009-12-14,3.6197172207861033,1,4,1,hh,,172,1,-0.022113269,34.74408902
1856,vihiga,liamidi,kenya,2009-12-14,3.6197172207861033,1,4,1,hh,,144,NA,-0.022113269,34.74408902
1856,vihiga,liamidi,kenya,2009-12-14,3.6197172207861033,1,4,1,hh,,73,NA,-0.022113269,34.74408902
1856,vihiga,liamidi,kenya,2009-12-14,3.6197172207861033,1,4,1,hh,,73,NA,-0.022113269,34.74408902
1857,vihiga,liamidi,kenya,2009-12-14,3.0681383694742164,5,1,NA,hh,,207,NA,-0.022113269,34.74408902
1858,vihiga,liamidi,kenya,2009-12-14,2.520999176082164,6,0,1,non-hh,national,NA,1,-0.022113269,34.74408902
1859,vihiga,magina,kenya,2009-12-20,0.5579719208796532,2,1,1,hh,international,96,1,-0.960800433,36.62619657
1860,vihiga,magina,kenya,2009-12-20,-0.531470492382264,7,6,1,hh,national,144,1,-0.960800433,36.62619657
1860,vihiga,magina,kenya,2009-12-20,-0.531470492382264,7,6,1,hh,national,120,1,-0.960800433,36.62619657
1860,vihiga,magina,kenya,2009-12-20,-0.531470492382264,7,6,1,hh,national,108,1,-0.960800433,36.62619657
1860,vihiga,magina,kenya,2009-12-20,-0.531470492382264,7,6,1,hh,national,24,NA,-0.960800433,36.62619657
1860,vihiga,magina,kenya,2009-12-20,-0.531470492382264,7,6,1,hh,national,48,NA,-0.960800433,36.62619657
1860,vihiga,magina,kenya,2009-12-20,-0.531470492382264,7,6,1,hh,national,72,NA,-0.960800433,36.62619657
1861,vihiga,ikengero,kenya,2009-12-19,1.1827061496220181,4,2,1,hh,national,41,NA,0.046629774,34.72621267
1861,vihiga,ikengero,kenya,2009-12-19,1.1827061496220181,4,2,1,hh,national,41,NA,0.046629774,34.72621267
1861,vihiga,ikengero,kenya,2009-12-19,1.1827061496220181,4,2,1,non-hh,national,NA,1,0.046629774,34.72621267
1862,vihiga,magina,kenya,2009-12-20,2.7877373721068532,3,1,1,hh,national,24,1,-0.960800433,36.62619657
1862,vihiga,magina,kenya,2009-12-20,2.7877373721068532,3,1,1,non-hh,national,NA,1,-0.960800433,36.62619657
1863,vihiga,magina,kenya,2009-12-20,-0.667168100662068,6,3,1,hh,international,36,1,-0.960800433,36.62619657
1863,vihiga,magina,kenya,2009-12-20,-0.667168100662068,6,3,1,hh,international,36,1,-0.960800433,36.62619657
1863,vihiga,magina,kenya,2009-12-20,-0.667168100662068,6,3,1,hh,international,36,1,-0.960800433,36.62619657
1863,vihiga,magina,kenya,2009-12-20,-0.667168100662068,6,3,1,non-hh,national,NA,1,-0.960800433,36.62619657
1864,vihiga,magina,kenya,2009-12-20,1.1466108427461394,2,1,1,hh,international,NA,1,-0.960800433,36.62619657
1865,vihiga,magina,kenya,2009-12-20,0.2569664492616164,3,2,1,hh,international,185,1,-0.960800433,36.62619657
1865,vihiga,magina,kenya,2009-12-20,0.2569664492616164,3,2,1,hh,international,181,NA,-0.960800433,36.62619657
1866,vihiga,magina,kenya,2009-12-20,1.257904705613432,9,2,1,hh,national,56,1,-0.960800433,36.62619657
1866,vihiga,magina,kenya,2009-12-20,1.257904705613432,9,2,1,hh,national,30,NA,-0.960800433,36.62619657
1866,vihiga,magina,kenya,2009-12-20,1.257904705613432,9,2,1,non-hh,national,NA,1,-0.960800433,36.62619657
1867,vihiga,magina,kenya,2009-12-20,1.2669285323324015,12,1,1,hh,national,61,NA,-0.960800433,36.62619657
1867,vihiga,magina,kenya,2009-12-20,1.2669285323324015,12,1,1,non-hh,national,NA,1,-0.960800433,36.62619657
1868,vihiga,magina,kenya,2009-12-20,3.3140515241777844,6,0,NA,NA,NA,NA,NA,-0.960800433,36.62619657
1869,vihiga,liamidi,kenya,2009-12-20,-1.2501528186077582,4,1,1,hh,international,120,1,-0.022113269,34.74408902
1870,vihiga,magina,kenya,2009-12-20,1.9601518534549889,1,1,NA,hh,international,240,NA,-0.960800433,36.62619657
1871,vihiga,magina,kenya,2009-12-20,1.5391112205815063,1,1,1,hh,international,108,1,-0.960800433,36.62619657
1872,vihiga,ikengero,kenya,2009-12-17,-1.5567416763532942,6,1,NA,hh,international,14,NA,0.046629774,34.72621267
1873,vihiga,ikengero,kenya,2009-12-17,0.40134767676513083,6,1,1,hh,international,36,1,0.046629774,34.72621267
1874,vihiga,ikengero,kenya,2009-12-17,-0.5368529298180486,5,0,1,non-hh,national,NA,1,0.046629774,34.72621267
1875,vihiga,ikengero,kenya,2009-12-17,2.371662461515654,6,1,1,hh,national,2,1,0.046629774,34.72621267
1876,vihiga,ikengero,kenya,2009-12-17,-0.3654870605285141,4,0,1,non-hh,national,NA,1,0.046629774,34.72621267
1876,vihiga,ikengero,kenya,2009-12-17,-0.3654870605285141,4,0,1,non-hh,national,NA,1,0.046629774,34.72621267
1877,vihiga,ikengero,kenya,2009-12-18,-3.099405689373725,2,1,NA,hh,international,60,NA,0.046629774,34.72621267
1878,vihiga,magina,kenya,2009-12-19,3.1825372019411424,6,0,NA,NA,NA,NA,NA,-0.960800433,36.62619657
1879,vihiga,magina,kenya,2009-12-19,-0.17789864671530678,5,1,1,hh,international,48,1,-0.960800433,36.62619657
1880,vihiga,ikengero,kenya,2009-12-18,-1.6262953430799663,4,2,1,hh,national,78,1,0.046629774,34.72621267
1880,vihiga,ikengero,kenya,2009-12-18,-1.6262953430799663,4,2,1,hh,national,NA,1,0.046629774,34.72621267
1881,mombasa,ganjoni,kenya,2009-12-18,-2.791227937605757,3,1,1,hh,international,39,1,-4.063406982,39.65985288
1882,mombasa,ganjoni,kenya,2009-12-17,-1.398535751024555,2,1,1,hh,international,18,1,-4.063406982,39.65985288
1883,mombasa,ganjoni,kenya,2009-12-17,-3.0819896881344335,4,1,1,hh,international,36,1,-4.063406982,39.65985288
1884,mombasa,ganjoni,kenya,2009-12-18,-3.528317531531961,3,1,NA,hh,international,24,NA,-4.063406982,39.65985288
1885,mombasa,ganjoni,kenya,2009-12-17,-2.8293225400032833,5,0,NA,NA,NA,NA,NA,-4.063406982,39.65985288
1886,mombasa,ganjoni,kenya,2009-12-17,-3.6763690703544363,6,2,NA,hh,international,NA,NA,-4.063406982,39.65985288
1886,mombasa,ganjoni,kenya,2009-12-17,-3.6763690703544363,6,2,NA,hh,international,60,NA,-4.063406982,39.65985288
1887,mombasa,ganjoni,kenya,2009-12-21,-2.8013870400140557,5,1,NA,hh,international,15,NA,-4.063406982,39.65985288
1888,mombasa,ganjoni,kenya,2009-12-20,-3.501246051375052,3,1,NA,hh,international,24,NA,-4.063406982,39.65985288
1889,mombasa,ganjoni,kenya,2009-12-21,-3.2087912847745566,1,1,NA,hh,national,18,NA,-4.063406982,39.65985288
1890,mombasa,ganjoni,kenya,2009-12-20,-3.320279494146605,2,0,1,non-hh,national,NA,1,-4.063406982,39.65985288
1891,mombasa,ganjoni,kenya,2009-12-19,-3.736527915147567,2,1,NA,hh,national,10,NA,-4.063406982,39.65985288
1892,mombasa,ganjoni,kenya,2009-12-20,-2.6910958245599823,7,0,1,non-hh,national,NA,1,-4.063406982,39.65985288
1893,mombasa,ganjoni,kenya,2009-12-17,-1.78581330914174,1,1,1,hh,national,86,1,-4.063406982,39.65985288
1894,mombasa,ganjoni,kenya,2009-12-17,-1.5059776534937044,4,1,1,hh,national,120,1,-4.063406982,39.65985288
1895,mombasa,ganjoni,kenya,2009-12-17,-2.8983108650106275,3,0,NA,NA,NA,NA,NA,-4.063406982,39.65985288
1896,mombasa,ganjoni,kenya,2009-12-17,-3.2902000717500397,3,0,NA,NA,NA,NA,NA,-4.063406982,39.65985288
1897,mombasa,ganjoni,kenya,2009-12-20,-3.7666073375441327,1,0,NA,NA,NA,NA,NA,-4.063406982,39.65985288
1898,mombasa,ganjoni,kenya,2009-12-17,-3.051708614984854,5,0,NA,NA,NA,NA,NA,-4.063406982,39.65985288
1899,mombasa,ganjoni,kenya,2009-12-17,-3.2400677010890973,7,0,NA,NA,NA,NA,NA,-4.063406982,39.65985288
1901,mombasa,ganjoni,kenya,2009-12-17,-3.2552571568025193,9,0,NA,NA,NA,NA,NA,-4.063406982,39.65985288
1902,mombasa,ganjoni,kenya,2009-12-17,-2.482848810922567,4,0,NA,NA,NA,NA,NA,-4.063406982,39.65985288
1903,mombasa,nyali,kenya,2009-12-20,-3.526312236705523,1,2,NA,hh,international,9,NA,-4.05187597,39.69310018
1903,mombasa,nyali,kenya,2009-12-20,-3.526312236705523,1,2,NA,hh,international,9,NA,-4.05187597,39.69310018
1904,mombasa,nyali,kenya,2009-12-20,-3.526312236705523,1,1,1,hh,international,240,1,-4.05187597,39.69310018
1905,mombasa,nyali,kenya,2009-12-20,-3.2601206493534742,6,0,1,non-hh,national,NA,1,-4.05187597,39.69310018
1906,mombasa,nyali,kenya,2009-12-19,-3.486206340176769,4,1,1,hh,international,240,1,-4.05187597,39.69310018
1907,mombasa,nyali,kenya,2009-12-19,-3.486206340176769,2,1,NA,hh,international,37,NA,-4.05187597,39.69310018
1908,mombasa,nyali,kenya,2009-12-20,-3.534333416011274,1,1,NA,hh,international,636,NA,-4.05187597,39.69310018
1909,mombasa,nyali,kenya,2009-12-20,-3.4982381091353956,4,0,1,non-hh,international,NA,1,-4.05187597,39.69310018
1910,mombasa,nyali,kenya,2009-12-19,-3.1180849950103124,1,1,NA,hh,international,60,NA,-4.05187597,39.69310018
1911,mombasa,nyali,kenya,2009-12-20,-2.473371591376353,1,1,1,hh,national,60,1,-4.05187597,39.69310018
1912,mombasa,nyali,kenya,2009-12-19,-3.1180849950103124,1,0,NA,NA,NA,NA,NA,-4.05187597,39.69310018
1913,mombasa,nyali,kenya,2009-12-20,-0.8836399041102381,5,0,NA,NA,NA,NA,NA,-4.05187597,39.69310018
1914,mombasa,nyali,kenya,2009-12-20,-3.506259288441146,2,1,NA,hh,international,9,NA,-4.05187597,39.69310018
1915,mombasa,nyali,kenya,2009-12-19,-2.7013299487499753,1,3,NA,hh,international,4,NA,-4.05187597,39.69310018
1915,mombasa,nyali,kenya,2009-12-19,-2.7013299487499753,1,3,NA,hh,international,4,NA,-4.05187597,39.69310018
1915,mombasa,nyali,kenya,2009-12-19,-2.7013299487499753,1,3,NA,hh,international,4,NA,-4.05187597,39.69310018
1916,mombasa,nyali,kenya,2009-12-19,-3.5162857625733346,2,1,NA,hh,national,3,NA,-4.05187597,39.69310018
1917,mombasa,nyali,kenya,2009-12-19,-3.486206340176769,3,0,NA,NA,NA,NA,NA,-4.05187597,39.69310018
1918,mombasa,nyali,kenya,2009-12-19,-3.1100638157045615,1,2,NA,hh,international,8,NA,-4.05187597,39.69310018
1918,mombasa,nyali,kenya,2009-12-19,-3.1100638157045615,1,2,NA,hh,international,8,NA,-4.05187597,39.69310018
1919,mombasa,nyali,kenya,2009-12-20,-3.466153391912392,4,2,NA,hh,international,40,NA,-4.05187597,39.69310018
1919,mombasa,nyali,kenya,2009-12-20,-3.466153391912392,4,2,NA,hh,international,18,NA,-4.05187597,39.69310018
1920,mombasa,nyali,kenya,2009-12-20,-3.3057298057973763,4,1,1,hh,international,7,1,-4.05187597,39.69310018
1921,mombasa,nyali,kenya,2009-12-18,-2.8894813847964143,4,1,NA,hh,international,24,NA,-4.05187597,39.69310018
1922,mombasa,nyali,kenya,2009-12-20,-3.534333416011274,1,1,NA,hh,international,240,NA,-4.05187597,39.69310018
1923,mombasa,nyali,kenya,2009-12-19,-3.5223016470526476,2,0,1,non-hh,international,NA,1,-4.05187597,39.69310018
1924,mombasa,kisimani,kenya,2009-12-21,-2.4738396139509007,6,0,NA,NA,NA,NA,NA,-4.025637365,39.69565977
1925,mombasa,kisimani,kenya,2009-12-20,-3.526312236705523,1,1,NA,hh,national,14,NA,-4.025637365,39.69565977
1926,mombasa,kisimani,kenya,2009-12-21,-2.8013870400140557,5,1,NA,hh,national,9,NA,-4.025637365,39.69565977
1927,mombasa,kisimani,kenya,2009-12-17,-0.46987406704286994,5,0,1,non-hh,international,NA,1,-4.025637365,39.69565977
1928,mombasa,kisimani,kenya,2009-12-21,-0.861471899917549,3,1,1,hh,national,24,1,-4.025637365,39.69565977
1929,mombasa,kisimani,kenya,2009-12-21,-2.3658586625258486,3,0,1,non-hh,national,NA,1,-4.025637365,39.69565977
1930,mombasa,kisimani,kenya,2009-12-21,-0.4717117578667701,2,0,1,non-hh,national,NA,1,-4.025637365,39.69565977
1931,mombasa,kisimani,kenya,2009-12-17,1.2655302411961906,4,0,NA,NA,NA,NA,NA,-4.025637365,39.69565977
1932,mombasa,kisimani,kenya,2009-12-17,1.090972563936134,3,0,NA,NA,NA,NA,NA,-4.025637365,39.69565977
1933,mombasa,kisimani,kenya,2009-12-21,-2.123952551056411,3,1,1,hh,international,24,1,-4.025637365,39.69565977
1934,mombasa,kisimani,kenya,2009-12-21,-0.7411542103312869,3,1,NA,hh,national,12,NA,-4.025637365,39.69565977
1936,mombasa,kisimani,kenya,2009-12-21,0.43478805347716515,5,1,1,hh,national,37,1,-4.025637365,39.69565977
1937,mombasa,kisimani,kenya,2009-12-21,-1.218059216645162,5,0,NA,NA,NA,NA,NA,-4.025637365,39.69565977
1938,mombasa,kisimani,kenya,2009-12-17,2.132095011129993,6,0,NA,NA,NA,NA,NA,-4.025637365,39.69565977
1939,mombasa,kisimani,kenya,2009-12-20,-0.861471899917549,1,0,NA,NA,NA,NA,NA,-4.025637365,39.69565977
1940,mombasa,kisimani,kenya,2009-12-21,-3.218817758906745,1,0,NA,NA,NA,NA,NA,-4.025637365,39.69565977
1941,mombasa,kisimani,kenya,2009-12-21,-3.776633811676321,1,0,NA,NA,NA,NA,NA,-4.025637365,39.69565977
1942,mombasa,kisimani,kenya,2009-12-22,-1.0030395316861631,1,0,NA,NA,NA,NA,NA,-4.025637365,39.69565977
1943,mombasa,kisimani,kenya,2009-12-17,-0.32490578933032505,3,0,NA,NA,NA,NA,NA,-4.025637365,39.69565977
1944,mombasa,kisimani,kenya,2009-12-21,-2.2836768837732335,1,2,NA,hh,international,25,NA,-4.025637365,39.69565977
1944,mombasa,kisimani,kenya,2009-12-21,-2.2836768837732335,1,2,NA,hh,international,37,NA,-4.025637365,39.69565977
1945,mombasa,mnazi moja,kenya,2009-12-22,-3.100037341572373,1,1,1,hh,international,60,1,-4.063707862,39.66663648
1946,mombasa,mnazi moja,kenya,2009-12-17,-3.75156762634585,3,2,NA,hh,international,24,NA,-4.063707862,39.66663648
1946,mombasa,mnazi moja,kenya,2009-12-17,-3.75156762634585,3,2,NA,hh,international,144,NA,-4.063707862,39.66663648
1947,mombasa,mnazi moja,kenya,2009-12-17,-3.691408781552719,7,2,1,hh,international,12,1,-4.063707862,39.66663648
1947,mombasa,mnazi moja,kenya,2009-12-17,-3.691408781552719,7,2,1,hh,international,36,NA,-4.063707862,39.66663648
1948,mombasa,mnazi moja,kenya,2009-12-22,-3.0248387855809593,7,1,1,hh,international,180,1,-4.063707862,39.66663648
1949,mombasa,mnazi moja,kenya,2009-12-17,-3.756580863411944,2,1,NA,hh,international,32,NA,-4.063707862,39.66663648
1950,mombasa,mnazi moja,kenya,2009-12-17,-2.0925985596446397,7,2,1,hh,international,25,1,-4.063707862,39.66663648
1950,mombasa,mnazi moja,kenya,2009-12-17,-2.0925985596446397,7,2,1,hh,international,25,NA,-4.063707862,39.66663648
1951,mombasa,mnazi moja,kenya,2009-12-17,-2.66332534530196,3,1,NA,hh,international,24,NA,-4.063707862,39.66663648
1952,mombasa,mnazi moja,kenya,2009-12-17,-2.4262385325125533,1,1,NA,hh,international,26,NA,-4.063707862,39.66663648
1953,mombasa,mnazi moja,kenya,2009-12-21,-3.178711862377991,3,1,1,hh,international,32,1,-4.063707862,39.66663648
1954,mombasa,mnazi moja,kenya,2009-12-18,-2.026196844385536,5,1,1,hh,international,50,1,-4.063707862,39.66663648
1955,mombasa,mnazi moja,kenya,2009-12-17,-2.036716478209308,5,1,1,hh,international,38,1,-4.063707862,39.66663648
1957,mombasa,mnazi moja,kenya,2009-12-21,-2.2066733787649286,2,2,NA,hh,international,36,NA,-4.063707862,39.66663648
1957,mombasa,mnazi moja,kenya,2009-12-21,-2.2066733787649286,2,2,NA,hh,international,24,NA,-4.063707862,39.66663648
1958,mombasa,mnazi moja,kenya,2009-12-21,-3.3563748010224836,2,1,1,hh,international,32,1,-4.063707862,39.66663648
1959,mombasa,mnazi moja,kenya,2009-12-17,-3.0499049709114305,4,0,1,non-hh,international,NA,1,-4.063707862,39.66663648
1960,mombasa,mnazi moja,kenya,2009-12-21,-3.426047495383638,4,1,NA,hh,international,33,NA,-4.063707862,39.66663648
1961,mombasa,mnazi moja,kenya,2009-12-17,-1.6002622275863003,1,2,1,hh,national,73,1,-4.063707862,39.66663648
1961,mombasa,mnazi moja,kenya,2009-12-17,-1.6002622275863003,1,2,1,hh,national,73,NA,-4.063707862,39.66663648
1962,mombasa,mnazi moja,kenya,2009-12-22,-2.6755660905126457,2,1,1,hh,national,24,1,-4.063707862,39.66663648
1963,mombasa,mnazi moja,kenya,2009-12-17,-3.3503589165431706,2,0,NA,NA,NA,NA,NA,-4.063707862,39.66663648
1964,mombasa,mnazi moja,kenya,2009-12-17,-3.7064484927510017,3,0,NA,NA,NA,NA,NA,-4.063707862,39.66663648
1965,mombasa,mnazi moja,kenya,2009-12-17,-3.6362631738256823,8,0,NA,NA,NA,NA,NA,-4.063707862,39.66663648
1966,mombasa,bamburi,kenya,2009-12-21,-0.9989256235837183,6,0,1,non-hh,national,NA,1,-4.003897815,39.69829208
1967,mombasa,bamburi,kenya,2009-12-18,-1.331238479804679,7,1,NA,hh,national,120,NA,-4.003897815,39.69829208
1968,mombasa,bamburi,kenya,2009-12-18,-1.6262953430799663,2,0,1,non-hh,national,NA,1,-4.003897815,39.69829208
1969,mombasa,bamburi,kenya,2009-12-19,-2.4738396139509007,8,0,1,non-hh,national,NA,1,-4.003897815,39.69829208
1970,mombasa,bamburi,kenya,2009-12-18,-1.898073226888165,9,1,NA,hh,international,36,NA,-4.003897815,39.69829208
1971,mombasa,bamburi,kenya,2009-12-21,-1.0039575936965002,3,0,NA,NA,NA,NA,NA,-4.003897815,39.69829208
1972,mombasa,bamburi,kenya,2009-12-19,-2.5339984587440316,3,1,1,hh,national,50,1,-4.003897815,39.69829208
1973,mombasa,bamburi,kenya,2009-12-18,-2.5139455104796546,4,1,NA,hh,national,17,NA,-4.003897815,39.69829208
1974,mombasa,bamburi,kenya,2009-12-18,-3.198764810642368,2,1,NA,hh,national,8,NA,-4.003897815,39.69829208
1975,mombasa,bamburi,kenya,2009-12-18,-3.0549369410242124,4,1,NA,hh,international,62,NA,-4.003897815,39.69829208
1976,mombasa,bamburi,kenya,2009-12-18,-3.6162102255613053,9,0,NA,NA,NA,NA,NA,-4.003897815,39.69829208
1977,mombasa,bamburi,kenya,2009-12-19,-2.7211752469565478,3,1,NA,hh,national,31,NA,-4.003897815,39.69829208
1978,mombasa,bamburi,kenya,2009-12-18,-2.0355791578438933,5,2,NA,hh,international,168,NA,-4.003897815,39.69829208
1978,mombasa,bamburi,kenya,2009-12-18,-2.0355791578438933,5,2,NA,hh,international,180,NA,-4.003897815,39.69829208
1979,mombasa,bamburi,kenya,2009-12-18,-2.045559423991313,11,1,1,hh,international,24,1,-4.003897815,39.69829208
1980,mombasa,bamburi,kenya,2009-12-18,-3.426047495383638,2,0,NA,NA,NA,NA,NA,-4.003897815,39.69829208
1981,mombasa,bamburi,kenya,2009-12-20,-2.1032003493938407,4,1,1,hh,international,56,1,-4.003897815,39.69829208
1982,mombasa,bamburi,kenya,2009-12-19,-1.6053367747623473,4,0,NA,NA,NA,NA,NA,-4.003897815,39.69829208
1983,mombasa,bamburi,kenya,2009-12-17,-2.4352709896740365,5,0,NA,NA,NA,NA,NA,-4.003897815,39.69829208
1984,mombasa,bamburi,kenya,2009-12-17,-1.6096570495198408,1,0,NA,NA,NA,NA,NA,-4.003897815,39.69829208
1985,mombasa,bamburi,kenya,2009-12-17,-3.0699579191758075,5,0,NA,NA,NA,NA,NA,-4.003897815,39.69829208
1986,mombasa,bamburi,kenya,2009-12-17,-1.5061853035515083,1,0,NA,NA,NA,NA,NA,-4.003897815,39.69829208
1987,mombasa,bamburi,kenya,2009-12-19,-1.5601563310575461,5,0,NA,NA,NA,NA,NA,-4.003897815,39.69829208
1988,mombasa,tudor,kenya,2009-12-18,0.719277934810693,4,0,NA,NA,NA,NA,NA,-4.040374335,39.66426192
1989,mombasa,tudor,kenya,2009-12-18,0.4444742492754388,5,3,1,hh,international,120,1,-4.040374335,39.66426192
1989,mombasa,tudor,kenya,2009-12-18,0.4444742492754388,5,3,1,hh,international,120,NA,-4.040374335,39.66426192
1989,mombasa,tudor,kenya,2009-12-18,0.4444742492754388,5,3,1,hh,international,120,NA,-4.040374335,39.66426192
1990,mombasa,tudor,kenya,2009-12-18,1.0152086662253927,2,0,NA,NA,NA,NA,NA,-4.040374335,39.66426192
1991,mombasa,tudor,kenya,2009-12-19,-0.948119023660863,1,0,NA,NA,NA,NA,NA,-4.040374335,39.66426192
1992,mombasa,tudor,kenya,2009-12-18,-1.0440634902252541,7,1,NA,hh,national,8,NA,-4.040374335,39.66426192
1993,mombasa,tudor,kenya,2009-12-18,-1.78581330914174,1,1,NA,hh,national,2,NA,-4.040374335,39.66426192
1994,mombasa,tudor,kenya,2009-12-18,-3.0918145115136078,3,1,1,hh,national,29,1,-4.040374335,39.66426192
1995,mombasa,tudor,kenya,2009-12-18,-2.443760191554335,5,1,NA,hh,national,41,NA,-4.040374335,39.66426192
1996,mombasa,tudor,kenya,2009-12-18,-1.6955750419520437,5,0,NA,NA,NA,NA,NA,-4.040374335,39.66426192
1997,mombasa,tudor,kenya,2009-12-19,-1.260302423673813,6,1,NA,hh,national,24,NA,-4.040374335,39.66426192
1998,mombasa,tudor,kenya,2009-12-19,-1.419287952687125,1,3,NA,hh,national,108,NA,-4.040374335,39.66426192
1998,mombasa,tudor,kenya,2009-12-19,-1.419287952687125,1,3,NA,hh,national,108,NA,-4.040374335,39.66426192
1998,mombasa,tudor,kenya,2009-12-19,-1.419287952687125,1,3,NA,hh,national,108,NA,-4.040374335,39.66426192
1999,mombasa,tudor,kenya,2009-12-19,0.37258318053640305,5,0,NA,NA,NA,NA,NA,-4.040374335,39.66426192
2000,mombasa,tudor,kenya,2009-12-20,-1.6488573259953527,2,1,1,hh,international,19,1,-4.040374335,39.66426192
2001,mombasa,tudor,kenya,2009-12-18,-0.9822873300235933,2,1,1,hh,international,25,1,-4.040374335,39.66426192
2002,mombasa,tudor,kenya,2009-12-18,-2.5741043552727856,1,0,1,non-hh,national,NA,1,-4.040374335,39.66426192
2003,mombasa,tudor,kenya,2009-12-19,-3.3443430320638576,3,1,NA,hh,national,36,NA,-4.040374335,39.66426192
2004,mombasa,tudor,kenya,2009-12-18,-2.5741043552727856,1,0,NA,NA,NA,NA,NA,-4.040374335,39.66426192
2005,mombasa,tudor,kenya,2009-12-19,-2.7865269792942815,3,2,1,hh,international,84,1,-4.040374335,39.66426192
2005,mombasa,tudor,kenya,2009-12-19,-2.7865269792942815,3,2,1,hh,international,60,1,-4.040374335,39.66426192
2007,mombasa,tudor,kenya,2009-12-19,-0.5901917566291321,3,3,1,hh,international,96,1,-4.040374335,39.66426192
2007,mombasa,tudor,kenya,2009-12-19,-0.5901917566291321,3,3,1,hh,,NA,1,-4.040374335,39.66426192
2007,mombasa,tudor,kenya,2009-12-19,-0.5901917566291321,3,3,1,hh,,NA,1,-4.040374335,39.66426192
2008,thika,mabanda,kenya,2009-11-18,-0.045545508351723996,5,0,NA,NA,NA,NA,NA,-1.041188884,37.0787284
2009,nakuru,morop,kenya,2009-11-12,-0.6716005436046153,4,2,NA,hh,national,48,NA,-0.110336674,35.94205931
2009,nakuru,morop,kenya,2009-11-12,-0.6716005436046153,4,2,NA,hh,national,24,NA,-0.110336674,35.94205931
2010,machakos,kaluoki,kenya,2009-11-10,-0.8313924775209833,3,2,1,hh,national,62,1,-1.522391812,37.26633915
2010,machakos,kaluoki,kenya,2009-11-10,-0.8313924775209833,3,2,1,hh,national,40,1,-1.522391812,37.26633915
2011,embu,kiangucu,kenya,2009-11-27,1.7657193329115728,2,1,1,hh,international,87,1,-0.523215993,37.45247101
2012,siaya,yombura,kenya,2009-12-07,0.396347173440934,1,2,1,hh,national,12,1,0.065231303,34.28678507
2012,siaya,yombura,kenya,2009-12-07,0.396347173440934,1,2,1,hh,national,96,1,0.065231303,34.28678507
2013,mombasa,mnazi moja,kenya,2009-12-22,-3.106053226051686,2,1,1,hh,international,24,1,-4.063707862,39.66663648
2014,siaya,sinaga,kenya,2009-12-05,3.1374180683462938,3,3,1,hh,national,240,1,0.056656404,34.51714114
2014,siaya,sinaga,kenya,2009-12-05,3.1374180683462938,3,3,1,hh,national,60,1,0.056656404,34.51714114
2014,siaya,sinaga,kenya,2009-12-05,3.1374180683462938,3,3,1,hh,national,120,1,0.056656404,34.51714114
2015,migori,manyera,kenya,2009-12-14,0.9477585136478479,4,1,1,hh,national,72,1,-1.062359051,34.47956637
