,house,department,census_tract,country,hh_size,migrant_num,wealth_index,remit,lat,long,lat_SPEI,long_SPEI,NDVI_lat,NDVI_lon,sev_lat,sev_lon,pop_cent_lat,pop_cent_long,annual_frequency,severity,autocorrelation,avg_area,NDVI_mean,SVI_severity
0,1171,nioro,sonkorong,senegal,7,2,-1.51786772793973,1.0,13.76929622,-15.58749555,13.75,-15.6,13.75,-15.6,13.75,-15.6,13.7751637,-15.63622426,0.6,-0.6784610350926717,-0.05526315789473687,27201247.482161015,0.22837879872717082,-0.0368865267847663
1,384,mbour,thiarene h2,senegal,7,0,-3.10019005523989,,15.7668346,-13.47659022,15.75,-13.5,15.75,-13.5,15.75,-13.5,15.71702669,-13.36263999,0.6,-0.17001124223073324,0.2956140350877194,32654612.379142936,0.16650075567132303,0.25679245919352783
2,1727,bignona,hilole,senegal,7,1,-1.72774817956823,0.0,12.85643014,-16.67789504,12.85,-16.7,12.85,-16.7,12.85,-16.7,12.89534328,-16.73379647,0.0,0.0,,0.0,0.17512177641256,0.0
3,1402,matam,boinadji roumde,senegal,12,2,-2.43723877919777,1.0,15.66051954,-13.35041654,15.65,-13.35,15.65,-13.35,15.65,-13.35,15.6680352,-13.36263999,0.8,-0.16032558679580688,0.46071428571428574,24715000.212572217,0.154766297982673,0.1382486800476584
4,1514,kanel,gouriki samba diane,senegal,10,2,-3.19728626974746,1.0,15.43742604,-12.95155738,15.45,-12.95,15.45,-12.95,15.45,-12.95,15.38130032,-13.36263999,0.8,-0.19217804074287415,0.46071428571428574,46524090.52397067,0.1516191447405645,0.3151612221831078
5,1750,bakel,moudery,senegal,7,2,0.0466176831696105,0.0,15.06745915,-12.5787737,15.05,-12.6,15.05,-12.6,15.05,-12.6,15.03429087,-12.41480008,1.4,-0.23966022900172643,0.02304582210242589,56275223.146604724,0.17344823063226483,0.6472790437029939
6,1508,kanel,sinthiane dioude,senegal,33,5,-1.34645758960981,1.0,16.59843864,-14.88228312,16.6,-14.9,16.6,-14.9,16.6,-14.9,16.47147469,-14.92254071,0.0,0.0,,0.0,0.14821663601983334,0.0
7,1747,bakel,ndiaye counda,senegal,14,3,-1.90457681735586,1.0,14.1372415,-15.49080373,14.15,-15.5,14.15,-15.5,14.15,-15.5,14.13637726,-15.5307987,0.4,-0.7484819293022156,-0.036206896551724155,40611737.75569371,0.22504927905881528,1.1801021729815546
8,1522,kanel,sinthiane dioude,senegal,13,2,-1.98916277844878,1.0,16.59843864,-14.88228312,16.6,-14.9,16.6,-14.9,16.6,-14.9,16.47147469,-14.92254071,0.0,0.0,,0.0,0.14821663601983334,0.0
9,1865,podor,yelitare,senegal,14,2,-2.05905330056609,1.0,16.52936484,-15.20234492,16.55,-15.2,16.55,-15.2,16.55,-15.2,16.47147469,-15.27583107,0.6,-0.15982850392659506,-0.05526315789473685,48192634.69637356,0.15593374637773602,0.6734216227747559
10,1896,podor,mery,senegal,7,1,-1.45158269252145,1.0,16.42777753,-14.09801568,16.45,-14.1,16.45,-14.1,16.45,-14.1,16.42033799,-14.01712506,0.6,-0.2016923427581787,-0.05526315789473683,87642230.13625772,0.14516387759546714,0.1830651687237986
11,1229,diourbel,thierno kandji,senegal,10,1,-1.71278922589878,1.0,14.6563661,-16.23464222,14.65,-16.25,14.65,-16.25,14.65,-16.25,14.66195934,-16.23192106,0.4,-0.32031071186065674,-0.036206896551724155,40611737.75569371,0.20315482194846746,0.31515939206315724
12,921,bambeye,paye baridian,senegal,13,5,-1.75083613499743,1.0,14.71688363,-17.46683875,14.7,-17.45,14.75,-17.399999999999977,14.7,-17.45,14.72094534,-17.45998489,0.0,0.0,,0.0,0.1047905545263934,0.0
13,1776,kolda,doumanssou,senegal,13,1,-1.11473712000969,1.0,12.90032016,-14.9476098,12.9,-14.95,12.9,-14.95,12.9,-14.95,12.89534328,-14.93936134,1.4,-0.3709653786250523,0.023045822102425884,206637103.51180014,0.28989676015717697,1.000373210194063
14,1772,kolda,damassou,senegal,9,0,-1.98796774537222,,12.90032016,-14.9476098,12.9,-14.95,12.9,-14.95,12.9,-14.95,12.89534328,-14.93936134,1.4,-0.3709653786250523,0.023045822102425884,206637103.51180014,0.28989676015717697,1.000373210194063
15,1643,nioro,keur amath drame,senegal,24,4,-2.420559705769,1.0,13.78607662,-15.79470889,13.8,-15.8,13.8,-15.8,13.8,-15.8,13.7751637,-15.78133054,0.6,-0.6014266014099121,-0.05526315789473687,27201247.482161015,0.2223787366110958,-0.018317626021133404
16,1590,kanel,sorry,senegal,6,0,-3.45906424442952,,15.20066949,-12.94539215,15.2,-12.95,15.2,-12.95,15.2,-12.95,15.23872587,-13.36263999,0.8,-0.18054533004760742,0.19285714285714292,56480806.52208929,0.17427296939413736,0.28027011736422464
17,1880,podor,dodele,senegal,4,3,-1.40742305844117,1.0,16.50354464,-14.42019001,16.5,-14.4,16.5,-14.4,16.5,-14.4,16.47147469,-14.56250057,0.6,-0.22772661844889322,-0.05526315789473683,87642230.13625772,0.13799019896814188,0.6664631656013654
18,939,kebemer,medina,senegal,12,2,-2.55367291637621,1.0,,,,,,,,,14.72402296,-17.45998489,,,,,,
19,1029,louga,montagne,senegal,10,1,-1.7698183583087,1.0,15.62330287,-16.21748196,15.6,-16.2,15.6,-16.2,15.6,-16.2,15.6680352,-16.23192106,1.0,-0.21260757446289064,-0.09545454545454547,31439893.328834556,0.18679746179105042,0.5037426263545909
20,832,diourbel,medinatoul,senegal,7,1,-0.258797686676105,1.0,14.73727345,-16.24237956,14.75,-16.25,14.75,-16.25,14.75,-16.25,14.74391863,-16.24558632,0.6,-0.12891010443369547,-0.055263157894736854,56652732.24892815,0.21241840067868403,0.19563670137163727
21,2,dakar,grand medine,senegal,5,1,-0.49010264044386,1.0,14.74795,-17.44715,14.75,-17.45,15.599999999999994,-16.599999999999966,14.75,-17.45,14.74391863,-17.45998489,0.0,0.0,,0.0,0.17583396515261224,0.0
22,1551,matam,mango,senegal,2,0,1.19574530999332,,15.60094582,-13.322622,15.6,-13.3,15.6,-13.3,15.6,-13.3,15.6680352,-13.36263999,0.4,-0.28786253929138184,0.48103448275862065,45684180.71793652,0.15144391499366563,0.01543036411523599
23,1781,kolda,doumassou,senegal,5,1,0.874811596474885,1.0,12.90032016,-14.9476098,12.9,-14.95,12.9,-14.95,12.9,-14.95,12.89534328,-14.93936134,1.4,-0.3709653786250523,0.023045822102425884,206637103.51180014,0.28989676015717697,1.000373210194063
24,731,gossas,keur el hadji,senegal,3,1,-0.0938905115838952,1.0,14.49623916,-16.0640894,14.5,-16.05,14.5,-16.05,14.5,-16.05,14.50274052,-16.09656209,0.4,-0.4366685152053833,-0.036206896551724155,40611737.75569371,0.20658793774428785,0.3662766276201639
25,1782,kolda,doumanssou,senegal,8,1,1.33072991037169,1.0,12.90032016,-14.9476098,12.9,-14.95,12.9,-14.95,12.9,-14.95,12.89534328,-14.93936134,1.4,-0.3709653786250523,0.023045822102425884,206637103.51180014,0.28989676015717697,1.000373210194063
26,1387,matam,boinadji roumbe,senegal,8,0,0.619748596985106,1.0,,,,,,,,,14.72402296,-17.45998489,,,,,,
27,350,thies,mbour i,senegal,10,1,1.78508331330359,0.0,14.68562239,-17.45034661,14.7,-17.45,14.75,-17.399999999999977,14.7,-17.45,14.66195934,-17.45998489,0.0,0.0,,0.0,0.1047905545263934,0.0
28,1141,kaolack,thiakho djigane,senegal,14,1,-2.27400761729345,1.0,13.99933823,-16.17799307,14.0,-16.2,14.0,-16.2,14.0,-16.2,13.9836423,-16.18754008,0.4,-0.4148802161216736,-0.036206896551724155,40611737.75569371,0.22369397877268424,0.5999461328221787
29,1890,st-louis,dodele,senegal,5,3,0.736232800513952,1.0,16.50354464,-14.42019001,16.5,-14.4,16.5,-14.4,16.5,-14.4,16.47147469,-14.56250057,0.6,-0.22772661844889322,-0.05526315789473683,87642230.13625772,0.13799019896814188,0.6664631656013654
30,415,guediawaye,cite des enseignants,senegal,6,1,1.41099255307871,1.0,14.77683245,-17.40519022,14.8,-17.4,14.75,-17.399999999999977,14.8,-17.4,14.77734506,-17.39599836,0.4,0.0,-0.036206896551724155,69691.75401648635,0.1047905545263934,
31,819,foundiougne,passy,senegal,10,4,-0.13295188544698,1.0,13.98543687,-16.25698786,14.0,-16.25,14.0,-16.25,14.0,-16.25,13.9836423,-16.26717045,0.4,-0.31245875358581543,-0.036206896551724155,40611737.75569371,0.22111232687087093,0.43504136653959846
32,1777,kolda,doumansou,senegal,8,1,0.197701741498011,0.0,12.90032016,-14.9476098,12.9,-14.95,12.9,-14.95,12.9,-14.95,12.89534328,-14.93936134,1.4,-0.3709653786250523,0.023045822102425884,206637103.51180014,0.28989676015717697,1.000373210194063
33,1554,matam,mango,senegal,2,0,0.271464349318792,,15.60094582,-13.322622,15.6,-13.3,15.6,-13.3,15.6,-13.3,15.6680352,-13.36263999,0.4,-0.28786253929138184,0.48103448275862065,45684180.71793652,0.15144391499366563,0.01543036411523599
34,1742,bakel,ndiaye counda,senegal,19,1,-0.0263347783050982,1.0,14.1372415,-15.49080373,14.15,-15.5,14.15,-15.5,14.15,-15.5,14.13637726,-15.5307987,0.4,-0.7484819293022156,-0.036206896551724155,40611737.75569371,0.22504927905881528,1.1801021729815546
35,152,thies,hersent,senegal,5,1,0.680671257260141,1.0,14.77685,-16.90942,14.8,-16.9,14.8,-16.9,14.8,-16.9,14.77734506,-16.92877566,0.6,-0.19322280089060465,-0.055263157894736833,49588632.547858596,0.1991877948177714,0.1308559818970757
36,1860,podor,fanaye,senegal,13,6,-0.945163096017145,1.0,16.52599054,-15.22269493,16.55,-15.2,16.55,-15.2,16.55,-15.2,16.47147469,-15.27583107,0.6,-0.15982850392659506,-0.05526315789473685,48192634.69637356,0.15593374637773602,0.6734216227747559
37,21,dakar,grand medine,senegal,10,0,-1.617198946902,,14.74795,-17.44715,14.75,-17.45,15.599999999999994,-16.599999999999966,14.75,-17.45,14.74391863,-17.45998489,0.0,0.0,,0.0,0.17583396515261224,0.0
38,1435,matam,thiambe,senegal,14,2,-0.688034614667447,1.0,15.63263924,-13.3254062,15.65,-13.35,15.65,-13.35,15.65,-13.35,15.6680352,-13.36263999,0.8,-0.16032558679580688,0.46071428571428574,24715000.212572217,0.154766297982673,0.1382486800476584
39,145,thies,hersent,senegal,2,0,0.005757474798852,,14.77685,-16.90942,14.8,-16.9,14.8,-16.9,14.8,-16.9,14.77734506,-16.92877566,0.6,-0.19322280089060465,-0.055263157894736833,49588632.547858596,0.1991877948177714,0.1308559818970757
40,1312,mbacke,darou khoudouss,senegal,12,3,1.1650634875751,1.0,14.8653417,-15.87905597,14.85,-15.9,14.85,-15.9,14.85,-15.9,14.85551526,-15.88108409,0.2,-0.06695318222045898,-0.017796610169491522,88734721.23539704,0.19541316933321964,0.4296550142673737
41,143,thies,hersent,senegal,5,0,1.40838604605758,,14.77685,-16.90942,14.8,-16.9,14.8,-16.9,14.8,-16.9,14.77734506,-16.92877566,0.6,-0.19322280089060465,-0.055263157894736833,49588632.547858596,0.1991877948177714,0.1308559818970757
42,1739,bakel,moudery,senegal,32,1,-0.101772167257113,0.0,15.06745915,-12.5787737,15.05,-12.6,15.05,-12.6,15.05,-12.6,15.03429087,-12.41480008,1.4,-0.23966022900172643,0.02304582210242589,56275223.146604724,0.17344823063226483,0.6472790437029939
43,441,dakar,arafat,senegal,6,0,0.707994674194319,,14.71105977,-17.4688686,14.7,-17.45,14.75,-17.399999999999977,14.7,-17.45,14.72094534,-17.45998489,0.0,0.0,,0.0,0.1047905545263934,0.0
44,725,gossas,keur el hadj,senegal,10,1,0.557689664190603,1.0,,,,,,,,,14.72402296,-17.45998489,,,,,,
45,153,thies,hersent,senegal,20,1,0.412665568489378,1.0,14.77685,-16.90942,14.8,-16.9,14.8,-16.9,14.8,-16.9,14.77734506,-16.92877566,0.6,-0.19322280089060465,-0.055263157894736833,49588632.547858596,0.1991877948177714,0.1308559818970757
46,854,diourbel,medinatoul nord,senegal,9,1,1.92524498939435,1.0,14.65733141,-16.23486005,14.65,-16.25,14.65,-16.25,14.65,-16.25,14.66195934,-16.23192106,0.4,-0.32031071186065674,-0.036206896551724155,40611737.75569371,0.20315482194846746,0.31515939206315724
47,927,kebemer,medina,senegal,7,0,1.93301060296294,1.0,,,,,,,,,14.72402296,-17.45998489,,,,,,
48,823,foundiougne,passy leona,senegal,5,3,1.94595329224392,1.0,13.98148365,-16.3182542,14.0,-16.3,14.0,-16.3,14.0,-16.3,13.9817835,-16.26780651,0.4,-0.29182225465774536,-0.036206896551724155,40611737.75569371,0.21943748493279638,0.33093483947087843
49,1704,ziguinchor,diefaye,senegal,3,0,2.22679892856043,,12.57853941,-16.25514132,12.6,-16.25,12.6,-16.25,12.6,-16.25,12.56804369,-16.24558632,0.6,-0.4940914710362752,-0.055263157894736854,27409102.90320934,0.14540575872282602,-0.5067443792794513
50,466,guediawaye,hlm las palmas,senegal,8,0,1.42116140507264,,14.77009217,-17.40633211,14.75,-17.4,14.75,-17.4,14.75,-17.4,14.77252754,-17.39599836,0.4,0.0,-0.036206896551724155,69691.75401648635,0.1047905545263934,0.7159638211632261
51,78,pikine,cite la rochette,senegal,3,0,-0.618415799750727,,14.75619,-17.36858,14.75,-17.35,14.75,-17.35,14.75,-17.35,14.76581033,-17.34454455,0.0,0.0,,0.0,0.14700023032453297,0.0
52,941,kebemer,medina,senegal,6,1,1.40468813483445,1.0,,,,,,,,,14.72402296,-17.45998489,,,,,,
53,627,rufisque,niagha ouolof,senegal,7,1,1.30609570455045,0.0,14.80539524,-17.23892342,14.8,-17.25,14.8,-17.25,14.8,-17.25,14.81724179,-17.22764196,0.4,0.0,-0.036206896551724155,108414.2033981107,0.21121838802929951,0.5477543569909434
54,1774,kolda,doumanssou,senegal,19,1,-0.720517090909232,1.0,12.90032016,-14.9476098,12.9,-14.95,12.9,-14.95,12.9,-14.95,12.89534328,-14.93936134,1.4,-0.3709653786250523,0.023045822102425884,206637103.51180014,0.28989676015717697,1.000373210194063
55,1444,matam,thiambe,senegal,10,3,1.39652719925141,1.0,15.63263924,-13.3254062,15.65,-13.35,15.65,-13.35,15.65,-13.35,15.6680352,-13.36263999,0.8,-0.16032558679580688,0.46071428571428574,24715000.212572217,0.154766297982673,0.1382486800476584
56,954,louga,ndianguene ndiagne,senegal,5,1,1.34367259965267,1.0,,,,,,,,,14.72402296,-17.45998489,,,,,,
57,726,gossas,keur el hadji,senegal,6,2,-0.0707097129827541,1.0,14.49623916,-16.0640894,14.5,-16.05,14.5,-16.05,14.5,-16.05,14.50274052,-16.09656209,0.4,-0.4366685152053833,-0.036206896551724155,40611737.75569371,0.20658793774428785,0.3662766276201639
58,18,dakar,grand medine,senegal,5,1,0.667901027669024,0.0,14.74795,-17.44715,14.75,-17.45,15.599999999999994,-16.599999999999966,14.75,-17.45,14.74391863,-17.45998489,0.0,0.0,,0.0,0.17583396515261224,0.0
59,1001,louga,artillerie,senegal,7,1,1.49767988101554,1.0,15.62705619,-16.2230668,15.65,-16.2,15.65,-16.2,15.65,-16.2,15.6680352,-16.23192106,1.0,-0.20137252807617187,-0.09545454545454547,31439893.328834556,0.18265390029051903,0.4195682598965685
60,344,thies,mbour i,senegal,7,1,1.55980478956426,1.0,14.68562239,-17.45034661,14.7,-17.45,14.75,-17.399999999999977,14.7,-17.45,14.66195934,-17.45998489,0.0,0.0,,0.0,0.1047905545263934,0.0
61,348,thies,mbour i,senegal,2,1,1.55980478956426,1.0,14.68562239,-17.45034661,14.7,-17.45,14.75,-17.399999999999977,14.7,-17.45,14.66195934,-17.45998489,0.0,0.0,,0.0,0.1047905545263934,0.0
62,991,louga,artillerie,senegal,10,0,1.27895915324775,,15.62705619,-16.2230668,15.65,-16.2,15.65,-16.2,15.65,-16.2,15.6680352,-16.23192106,1.0,-0.20137252807617187,-0.09545454545454547,31439893.328834556,0.18265390029051903,0.4195682598965685
63,1771,kolda,doumansou,senegal,8,0,1.38250066749562,,12.90032016,-14.9476098,12.9,-14.95,12.9,-14.95,12.9,-14.95,12.89534328,-14.93936134,1.4,-0.3709653786250523,0.023045822102425884,206637103.51180014,0.28989676015717697,1.000373210194063
64,1981,podor,dodele,senegal,20,3,-0.226021984354549,1.0,16.50354464,-14.42019001,16.5,-14.4,16.5,-14.4,16.5,-14.4,16.47147469,-14.56250057,0.6,-0.22772661844889322,-0.05526315789473683,87642230.13625772,0.13799019896814188,0.6664631656013654
65,251,dakar,gueule tapee,senegal,11,0,0.860899568391183,,14.68287,-17.45728,14.7,-17.45,14.75,-17.399999999999977,14.7,-17.45,14.66195934,-17.45998489,0.0,0.0,,0.0,0.1047905545263934,0.0
66,809,foundiougne,passy leona,senegal,2,1,2.12715094217768,1.0,13.98148365,-16.3182542,14.0,-16.3,14.0,-16.3,14.0,-16.3,13.9817835,-16.26780651,0.4,-0.29182225465774536,-0.036206896551724155,40611737.75569371,0.21943748493279638,0.33093483947087843
67,736,gossas,keur el hadji,senegal,6,2,2.01843235221743,1.0,14.49623916,-16.0640894,14.5,-16.05,14.5,-16.05,14.5,-16.05,14.50274052,-16.09656209,0.4,-0.4366685152053833,-0.036206896551724155,40611737.75569371,0.20658793774428785,0.3662766276201639
68,1364,matam,guidjilogne lodiou,senegal,11,3,0.720534243110851,1.0,15.9373344,-13.35219736,15.95,-13.35,15.95,-13.35,15.95,-13.35,16.0110665,-13.36263999,0.6,-0.17210543155670166,0.2956140350877193,69908285.96822166,0.15722013875900648,0.5708981717969052
69,940,kebemer,medina,senegal,6,1,1.35143821322126,0.0,,,,,,,,,14.72402296,-17.45998489,,,,,,
70,44,dakar,mermoz ambassade,senegal,6,0,2.45589919373176,,14.68949,-17.47308,14.7,-17.45,14.75,-17.399999999999977,14.7,-17.45,14.66195934,-17.45998489,0.0,0.0,,0.0,0.1047905545263934,0.0
71,1888,podor,dodele,senegal,16,4,-0.312125031245667,0.0,16.50354464,-14.42019001,16.5,-14.4,16.5,-14.4,16.5,-14.4,16.47147469,-14.56250057,0.6,-0.22772661844889322,-0.05526315789473683,87642230.13625772,0.13799019896814188,0.6664631656013654
72,999,louga,artillerie,senegal,8,1,0.254429108055185,1.0,15.62705619,-16.2230668,15.65,-16.2,15.65,-16.2,15.65,-16.2,15.6680352,-16.23192106,1.0,-0.20137252807617187,-0.09545454545454547,31439893.328834556,0.18265390029051903,0.4195682598965685
73,1893,podor,mery,senegal,8,0,1.18320122173341,,16.42777753,-14.09801568,16.45,-14.1,16.45,-14.1,16.45,-14.1,16.42033799,-14.01712506,0.6,-0.2016923427581787,-0.05526315789473683,87642230.13625772,0.14516387759546714,0.1830651687237986
74,947,louga,nianguene ndiagne,senegal,8,4,2.0667517255331,1.0,15.60326241,-16.16011688,15.6,-16.15,15.6,-16.15,15.6,-16.15,15.6680352,-16.18754008,1.0,-0.25725340843200684,-0.09545454545454547,36149875.23038695,0.18879058913015065,0.5827442118191232
75,605,rufisque,diokoul kaw,senegal,2,1,1.22718839612382,0.0,14.71694283,-17.29013219,14.7,-17.3,14.75,-17.299999999999983,14.7,-17.3,14.72094534,-17.34454455,0.0,0.0,,0.0,0.18609469526940595,0.0
76,930,kebemer,medina,senegal,3,0,1.62192969811298,,,,,,,,,,14.72402296,-17.45998489,,,,,,
77,147,thies,hersent,senegal,14,0,1.83851825013094,,14.77685,-16.90942,14.8,-16.9,14.8,-16.9,14.8,-16.9,14.77734506,-16.92877566,0.6,-0.19322280089060465,-0.055263157894736833,49588632.547858596,0.1991877948177714,0.1308559818970757
78,1019,louga,keur serigne louga,senegal,3,0,1.38250066749562,,15.60644218,-16.23380986,15.6,-16.25,15.6,-16.25,15.6,-16.25,15.6680352,-16.23192106,1.0,-0.22567317485809327,-0.09545454545454547,31439893.328834556,0.18382095623999536,0.4819329187522632
79,987,louga,artellerie,senegal,2,0,0.842428828372228,,,,,,,,,,14.72402296,-17.45998489,,,,,,
80,140,thies,hersent,senegal,10,1,1.99383052150274,1.0,14.77685,-16.90942,14.8,-16.9,14.8,-16.9,14.8,-16.9,14.77734506,-16.92877566,0.6,-0.19322280089060465,-0.055263157894736833,49588632.547858596,0.1991877948177714,0.1308559818970757
81,1039,louga,montagne,senegal,14,2,1.89418253511999,1.0,15.62330287,-16.21748196,15.6,-16.2,15.6,-16.2,15.6,-16.2,15.6680352,-16.23192106,1.0,-0.21260757446289064,-0.09545454545454547,31439893.328834556,0.18679746179105042,0.5037426263545909
82,112,pikine,cite lobatt fall,senegal,2,0,2.82744639675038,,14.74682,-17.40995,14.75,-17.4,14.75,-17.4,14.75,-17.4,14.74391863,-17.39599836,0.4,0.0,-0.036206896551724155,69691.75401648635,0.1047905545263934,0.7159638211632261
83,1041,louga,montagne,senegal,8,1,0.686002823497469,1.0,15.62330287,-16.21748196,15.6,-16.2,15.6,-16.2,15.6,-16.2,15.6680352,-16.23192106,1.0,-0.21260757446289064,-0.09545454545454547,31439893.328834556,0.18679746179105042,0.5037426263545909
84,1058,louga,santhiaba centre,senegal,14,2,1.17541763899989,1.0,15.6277561,-16.22782692,15.65,-16.25,15.65,-16.25,15.65,-16.25,15.6680352,-16.23192106,1.0,-0.22147805690765382,-0.09545454545454547,31439893.328834556,0.17943069117445687,0.4266692509039231
85,1740,bakel,mouderi,senegal,21,3,0.736065470248031,1.0,15.06857796,-12.59097186,15.05,-12.6,15.05,-12.6,15.05,-12.6,15.03429087,-12.41480008,1.4,-0.23966022900172643,0.02304582210242589,56275223.146604724,0.17344823063226483,0.6472790437029939
86,659,mbour,tefess,senegal,5,0,2.01066673864884,,14.4094197,-16.97209534,14.4,-16.95,14.450000000000003,-16.94999999999999,14.4,-16.95,14.47252629,-16.98407509,0.0,0.0,,0.0,0.20757044342676587,0.0
87,1749,bakel,mouderi,senegal,23,1,0.551909491335759,1.0,15.06857796,-12.59097186,15.05,-12.6,15.05,-12.6,15.05,-12.6,15.03429087,-12.41480008,1.4,-0.23966022900172643,0.02304582210242589,56275223.146604724,0.17344823063226483,0.6472790437029939
88,101,pikine,cite lobatt fall,senegal,5,0,3.1151097499944,,14.74682,-17.40995,14.75,-17.4,14.75,-17.4,14.75,-17.4,14.74391863,-17.39599836,0.4,0.0,-0.036206896551724155,69691.75401648635,0.1047905545263934,0.7159638211632261
89,340,thies,mbour i,senegal,4,0,2.67371700550841,1.0,14.68562239,-17.45034661,14.7,-17.45,14.75,-17.399999999999977,14.7,-17.45,14.66195934,-17.45998489,0.0,0.0,,0.0,0.1047905545263934,0.0
90,662,mbour,tefess,senegal,5,0,2.12325741431257,,14.4094197,-16.97209534,14.4,-16.95,14.450000000000003,-16.94999999999999,14.4,-16.95,14.47252629,-16.98407509,0.0,0.0,,0.0,0.20757044342676587,0.0
91,1610,matam,diandioly,senegal,57,0,1.15751925816342,1.0,15.54077403,-13.24904558,15.55,-13.25,15.55,-13.25,15.55,-13.25,15.6680352,-13.36263999,0.6,-0.19497605164845785,0.29561403508771933,34455759.65059786,0.14055469494761255,0.1009059454995454
92,541,dakar,hlm 5,senegal,11,2,2.59097768141738,1.0,,,,,,,,,14.72402296,-17.45998489,,,,,,
93,1748,bakel,modery,senegal,33,3,0.923194562689744,1.0,15.05700084,-12.59669046,15.05,-12.6,15.05,-12.6,15.05,-12.6,15.03429087,-12.41480008,1.4,-0.23966022900172643,0.02304582210242589,56275223.146604724,0.17344823063226483,0.6472790437029939
94,69,pikine,ousmane faye 05,senegal,8,1,1.43427142461955,1.0,14.8268,-17.27016,14.85,-17.25,14.75,-17.24999999999997,14.85,-17.25,14.81724179,-17.22764196,0.4,0.0,-0.036206896551724155,108414.2033981107,0.2075499964908114,
95,1817,st-louis,pikine,senegal,9,5,1.92524498939435,1.0,16.11042196,-16.49496496,16.1,-16.5,16.1,-16.5,16.1,-16.5,16.0110665,-16.49789432,0.0,0.0,,0.0,0.1404882058810358,0.0
96,1844,st-louis,sor nord,senegal,5,3,2.65137689806197,1.0,16.03200409,-16.47188231,16.05,-16.45,16.05,-16.45,16.05,-16.45,16.0110665,-16.45109143,0.0,0.0,,0.0,0.15915969174752542,0.0
97,938,kebemer,medina,senegal,10,2,0.478919795001742,0.0,,,,,,,,,14.72402296,-17.45998489,,,,,,
98,1026,louga,keur serigne louga,senegal,6,6,2.01843235221743,1.0,15.60644218,-16.23380986,15.6,-16.25,15.6,-16.25,15.6,-16.25,15.6680352,-16.23192106,1.0,-0.22567317485809327,-0.09545454545454547,31439893.328834556,0.18382095623999536,0.4819329187522632
99,3042,dakar,liberte 6,senegal,4,0,2.67371700550841,,14.73104,-17.46105,14.75,-17.45,15.599999999999994,-16.599999999999966,14.75,-17.45,14.72402296,-17.45998489,0.0,0.0,,0.0,0.17583396515261224,0.0
100,550,pikine,samba niang,senegal,17,0,2.32978245185782,,14.80972717,-15.90288816,14.8,-15.9,14.8,-15.9,14.8,-15.9,14.81724179,-15.88108409,0.2,-0.030669331550598145,-0.017796610169491522,88734721.23539704,0.21091337244339783,0.5545915366157987
101,1856,podor,yelitare,senegal,20,2,0.823279284172193,1.0,16.52936484,-15.20234492,16.55,-15.2,16.55,-15.2,16.55,-15.2,16.47147469,-15.27583107,0.6,-0.15982850392659506,-0.05526315789473685,48192634.69637356,0.15593374637773602,0.6734216227747559
102,1732,bakel,moudery,senegal,26,1,0.725711318823244,1.0,15.06745915,-12.5787737,15.05,-12.6,15.05,-12.6,15.05,-12.6,15.03429087,-12.41480008,1.4,-0.23966022900172643,0.02304582210242589,56275223.146604724,0.17344823063226483,0.6472790437029939
103,1040,louga,montagne,senegal,27,2,1.06560819510351,1.0,15.62330287,-16.21748196,15.6,-16.2,15.6,-16.2,15.6,-16.2,15.6680352,-16.23192106,1.0,-0.21260757446289064,-0.09545454545454547,31439893.328834556,0.18679746179105042,0.5037426263545909
104,1006,louga,keur serigne louga,senegal,4,0,2.08698550921927,,15.60644218,-16.23380986,15.6,-16.25,15.6,-16.25,15.6,-16.25,15.6680352,-16.23192106,1.0,-0.22567317485809327,-0.09545454545454547,31439893.328834556,0.18382095623999536,0.4819329187522632
105,668,mbour,tefess,senegal,10,1,1.99383052150274,0.0,14.4094197,-16.97209534,14.4,-16.95,14.450000000000003,-16.94999999999999,14.4,-16.95,14.47252629,-16.98407509,0.0,0.0,,0.0,0.20757044342676587,0.0
106,497,dakar,pa unite 11,senegal,5,0,2.12325741431257,,14.75896766,-17.43245729,14.75,-17.45,15.599999999999994,-16.599999999999966,14.75,-17.45,14.76581033,-17.45998489,0.0,0.0,,0.0,0.17583396515261224,0.0
107,281,dakar,liberte 6,senegal,10,2,1.81652639943409,0.0,14.73104,-17.46105,14.75,-17.45,15.599999999999994,-16.599999999999966,14.75,-17.45,14.72402296,-17.45998489,0.0,0.0,,0.0,0.17583396515261224,0.0
108,472,guediawaye,hlm las palmas,senegal,10,3,2.06361410388922,1.0,14.77009217,-17.40633211,14.75,-17.4,14.75,-17.4,14.75,-17.4,14.77252754,-17.39599836,0.4,0.0,-0.036206896551724155,69691.75401648635,0.1047905545263934,0.7159638211632261
109,276,dakar,liberte 6,senegal,5,3,2.74968751932925,1.0,14.73104,-17.46105,14.75,-17.45,15.599999999999994,-16.599999999999966,14.75,-17.45,14.72402296,-17.45998489,0.0,0.0,,0.0,0.17583396515261224,0.0
110,161,dakar,hlm 6 nimzat,senegal,4,2,2.08055726076615,1.0,14.72704,-17.4436,14.75,-17.45,15.599999999999994,-16.599999999999966,14.75,-17.45,14.72402296,-17.45998489,0.0,0.0,,0.0,0.17583396515261224,0.0
111,1848,st-louis,sor nord,senegal,5,2,1.40322693951012,1.0,16.03200409,-16.47188231,16.05,-16.45,16.05,-16.45,16.05,-16.45,16.0110665,-16.45109143,0.0,0.0,,0.0,0.15915969174752542,0.0
112,1769,kolda,damanssou,senegal,11,0,1.31262811454324,,12.90032016,-14.9476098,12.9,-14.95,12.9,-14.95,12.9,-14.95,12.89534328,-14.93936134,1.4,-0.3709653786250523,0.023045822102425884,206637103.51180014,0.28989676015717697,1.000373210194063
113,534,dakar,hlm 5,senegal,10,3,2.37824305804586,0.0,,,,,,,,,14.72402296,-17.45998489,,,,,,
114,397,guediawaye,cite des enseignants,senegal,6,2,1.45857392305169,1.0,14.77683245,-17.40519022,14.8,-17.4,14.75,-17.399999999999977,14.8,-17.4,14.77734506,-17.39599836,0.4,0.0,-0.036206896551724155,69691.75401648635,0.1047905545263934,
115,209,dakar,sacre coeur 1,senegal,9,0,2.73037622714301,,14.7166,-17.4627,14.7,-17.45,14.75,-17.399999999999977,14.7,-17.45,14.72094534,-17.45998489,0.0,0.0,,0.0,0.1047905545263934,0.0
116,866,diourbel,medinatoul nord,senegal,18,2,2.56499841554815,1.0,14.65733141,-16.23486005,14.65,-16.25,14.65,-16.25,14.65,-16.25,14.66195934,-16.23192106,0.4,-0.32031071186065674,-0.036206896551724155,40611737.75569371,0.20315482194846746,0.31515939206315724
117,737,gossas,keur el hadji,senegal,21,2,-0.0124676112183308,1.0,14.49623916,-16.0640894,14.5,-16.05,14.5,-16.05,14.5,-16.05,14.50274052,-16.09656209,0.4,-0.4366685152053833,-0.036206896551724155,40611737.75569371,0.20658793774428785,0.3662766276201639
118,113,pikine,cite lobatt fall,senegal,10,1,2.55892911748352,1.0,14.74682,-17.40995,14.75,-17.4,14.75,-17.4,14.75,-17.4,14.74391863,-17.39599836,0.4,0.0,-0.036206896551724155,69691.75401648635,0.1047905545263934,0.7159638211632261
119,641,dakar,hlm 4,senegal,15,1,1.7388702637482,1.0,14.71207849,-17.44431032,14.7,-17.45,14.75,-17.399999999999977,14.7,-17.45,14.72094534,-17.45998489,0.0,0.0,,0.0,0.1047905545263934,0.0
120,342,thies,mbour i,senegal,4,0,1.55980478956426,,14.68562239,-17.45034661,14.7,-17.45,14.75,-17.399999999999977,14.7,-17.45,14.66195934,-17.45998489,0.0,0.0,,0.0,0.1047905545263934,0.0
121,137,thies,hersent,senegal,4,2,3.28521366625875,1.0,14.77685,-16.90942,14.8,-16.9,14.8,-16.9,14.8,-16.9,14.77734506,-16.92877566,0.6,-0.19322280089060465,-0.055263157894736833,49588632.547858596,0.1991877948177714,0.1308559818970757
122,1751,bakel,mouderi,senegal,44,6,0.211919376323183,1.0,15.06857796,-12.59097186,15.05,-12.6,15.05,-12.6,15.05,-12.6,15.03429087,-12.41480008,1.4,-0.23966022900172643,0.02304582210242589,56275223.146604724,0.17344823063226483,0.6472790437029939
123,1529,kanel,yirla,senegal,21,0,2.50662219310694,,15.60553632,-13.18272101,15.6,-13.2,15.6,-13.2,15.6,-13.2,15.6680352,-13.36263999,0.8,-0.1700524091720581,0.1928571428571428,26065860.66616341,0.14886990226419286,0.05713420509071172
124,1015,louga,keur serigne louga s,senegal,9,1,1.92524498939435,1.0,,,,,,,,,14.72402296,-17.45998489,,,,,,
125,540,dakar,hlm 5,senegal,5,1,2.01066673864884,1.0,,,,,,,,,14.72402296,-17.45998489,,,,,,
126,391,mbour,thiarene h2,senegal,7,1,-2.62708154379858,0.0,15.7668346,-13.47659022,15.75,-13.5,15.75,-13.5,15.75,-13.5,15.71702669,-13.36263999,0.6,-0.17001124223073324,0.2956140350877194,32654612.379142936,0.16650075567132303,0.25679245919352783
127,1135,kaolack,raymon hamady baid,senegal,8,0,-2.72809531036566,,13.95111667,-16.14733245,13.95,-16.15,13.95,-16.15,13.95,-16.15,13.9817835,-16.18754008,0.4,-0.3201567530632019,-0.036206896551724155,40611737.75569371,0.22268367709248307,0.7443154987247709
128,1621,matam,wodabe,senegal,11,0,-4.35996919767323,,15.54077403,-13.24904558,15.55,-13.25,15.55,-13.25,15.55,-13.25,15.6680352,-13.36263999,0.6,-0.19497605164845785,0.29561403508771933,34455759.65059786,0.14055469494761255,0.1009059454995454
129,1802,sedhiou,sare seiny diallo,senegal,16,1,-4.35753515034197,1.0,13.08996882,-15.08650342,13.1,-15.1,13.1,-15.1,13.1,-15.1,13.09404416,-14.93936134,1.2,-0.5283254583676656,0.06851851851851849,240708649.29910997,0.2890563325726518,0.9755693642121975
130,878,fatick,berefji de diane,senegal,3,2,-4.09954382304021,1.0,14.5609965,-16.33790165,14.55,-16.35,14.55,-16.35,14.55,-16.35,14.50274052,-16.39672928,0.4,-0.3570250868797302,-0.036206896551724155,40611737.75569371,0.2078647452324723,0.30765874105070645
131,1635,nioro,keur amath drame,senegal,10,1,-3.04417178985243,1.0,13.78607662,-15.79470889,13.8,-15.8,13.8,-15.8,13.8,-15.8,13.7751637,-15.78133054,0.6,-0.6014266014099121,-0.05526315789473687,27201247.482161015,0.2223787366110958,-0.018317626021133404
132,1613,matam,wodabe,senegal,8,1,-4.28074147297397,0.0,15.54077403,-13.24904558,15.55,-13.25,15.55,-13.25,15.55,-13.25,15.6680352,-13.36263999,0.6,-0.19497605164845785,0.29561403508771933,34455759.65059786,0.14055469494761255,0.1009059454995454
133,1798,sedhiou,boufaraghor,senegal,3,0,-3.48070211472796,,13.22542691,-15.64955829,13.25,-15.65,13.25,-15.65,13.25,-15.65,13.1909904,-15.63622426,0.6,-0.8894116878509521,-0.05526315789473684,112725836.15395944,0.26269749922996855,0.9119901409314366
134,1389,matam,mbanane,senegal,6,0,-4.13431268742331,,15.65658872,-13.38544875,15.65,-13.4,15.65,-13.4,15.65,-13.4,15.6680352,-13.36263999,0.8,-0.13803201913833618,0.46071428571428574,24715000.212572217,0.1570107896213982,0.09144425182822019
135,1143,kaolack,paymar amady baidy,senegal,15,1,-3.04124760079003,1.0,13.95111667,-16.14733245,13.95,-16.15,13.95,-16.15,13.95,-16.15,13.9817835,-16.18754008,0.4,-0.3201567530632019,-0.036206896551724155,40611737.75569371,0.22268367709248307,0.7443154987247709
136,1721,bignona,kouba,senegal,8,0,-3.52323245393006,,12.86870668,-16.64374447,12.85,-16.65,12.85,-16.65,12.85,-16.65,12.89534328,-16.73379647,0.0,0.0,,0.0,0.16163827129606945,0.0
137,1794,sedhiou,badending doulo,senegal,4,2,-2.28087104410956,1.0,13.11899479,-15.37373823,13.1,-15.35,13.1,-15.35,13.1,-15.35,13.09404416,-15.40508637,1.2,-0.5187013943990072,0.06851851851851849,240708649.29910997,0.28670983715254805,0.932401544360371
138,382,mbour,thiarene h2,senegal,16,0,-2.76036836382586,,15.7668346,-13.47659022,15.75,-13.5,15.75,-13.5,15.75,-13.5,15.71702669,-13.36263999,0.6,-0.17001124223073324,0.2956140350877194,32654612.379142936,0.16650075567132303,0.25679245919352783
139,870,fatick,beredji de diane,senegal,1,0,-3.91086860070395,,,,,,,,,,14.72402296,-17.45998489,,,,,,
140,1623,matam,wodabe,senegal,11,1,-3.82861394520705,0.0,15.54077403,-13.24904558,15.55,-13.25,15.55,-13.25,15.55,-13.25,15.6680352,-13.36263999,0.6,-0.19497605164845785,0.29561403508771933,34455759.65059786,0.14055469494761255,0.1009059454995454
141,383,mbour,thiarene h2,senegal,3,0,-3.55835825041385,,15.7668346,-13.47659022,15.75,-13.5,15.75,-13.5,15.75,-13.5,15.71702669,-13.36263999,0.6,-0.17001124223073324,0.2956140350877194,32654612.379142936,0.16650075567132303,0.25679245919352783
142,1737,bakel,ndiaye counda,senegal,5,0,-3.05557369902596,1.0,14.1372415,-15.49080373,14.15,-15.5,14.15,-15.5,14.15,-15.5,14.13637726,-15.5307987,0.4,-0.7484819293022156,-0.036206896551724155,40611737.75569371,0.22504927905881528,1.1801021729815546
143,1391,matam,mbanane,senegal,6,0,-4.79844904421329,,15.65658872,-13.38544875,15.65,-13.4,15.65,-13.4,15.65,-13.4,15.6680352,-13.36263999,0.8,-0.13803201913833618,0.46071428571428574,24715000.212572217,0.1570107896213982,0.09144425182822019
144,1155,nioro,sonkorong,senegal,10,0,-2.36833352900427,,13.76929622,-15.58749555,13.75,-15.6,13.75,-15.6,13.75,-15.6,13.7751637,-15.63622426,0.6,-0.6784610350926717,-0.05526315789473687,27201247.482161015,0.22837879872717082,-0.0368865267847663
145,1788,sedhiou,sare demba,senegal,10,0,-3.12182792553833,,12.83614418,-15.13488937,12.85,-15.15,12.85,-15.15,12.85,-15.15,12.89534328,-15.27583107,1.0,-0.3849172115325928,0.12272727272727271,288724525.65228415,0.29241330004256,1.2889255796827774
146,392,mbour,thiarene h2,senegal,7,3,-4.40412883175351,0.0,15.7668346,-13.47659022,15.75,-13.5,15.75,-13.5,15.75,-13.5,15.71702669,-13.36263999,0.6,-0.17001124223073324,0.2956140350877194,32654612.379142936,0.16650075567132303,0.25679245919352783
147,1622,matam,wodabe,senegal,9,0,-3.27180863067279,,15.54077403,-13.24904558,15.55,-13.25,15.55,-13.25,15.55,-13.25,15.6680352,-13.36263999,0.6,-0.19497605164845785,0.29561403508771933,34455759.65059786,0.14055469494761255,0.1009059454995454
148,1138,kaolack,payemar biram,senegal,5,0,-2.65296692236054,,13.95111667,-16.14733245,13.95,-16.15,13.95,-16.15,13.95,-16.15,13.9817835,-16.18754008,0.4,-0.3201567530632019,-0.036206896551724155,40611737.75569371,0.22268367709248307,0.7443154987247709
149,1517,kanel,dirou dirou,senegal,12,0,-3.6474822710275,,15.28333636,-12.96397454,15.3,-12.95,15.3,-12.95,15.3,-12.95,15.23872587,-13.36263999,0.8,-0.17583227157592773,0.46071428571428574,46524090.52397067,0.16492759112283747,0.31747885640388196
150,1765,bakel,woyndou coly,senegal,12,1,-3.36494159874423,1.0,14.09665984,-12.93232536,14.1,-12.95,14.1,-12.95,14.1,-12.95,14.0770377,-13.36263999,2.0,-0.25033280849456785,0.39000000000000007,134921197.570466,0.23900209221788968,0.3072172073525416
151,1724,bignona,kuba loulou,senegal,5,1,-3.4947845824121,0.0,12.86870668,-16.64374447,12.85,-16.65,12.85,-16.65,12.85,-16.65,12.89534328,-16.73379647,0.0,0.0,,0.0,0.16163827129606945,0.0
152,1516,kanel,dirou dirou,senegal,19,2,-3.69428729677009,1.0,15.28333636,-12.96397454,15.3,-12.95,15.3,-12.95,15.3,-12.95,15.23872587,-13.36263999,0.8,-0.17583227157592773,0.46071428571428574,46524090.52397067,0.16492759112283747,0.31747885640388196
153,1729,bignona,couba,senegal,3,2,-3.41857720617924,0.0,12.86870668,-16.64374447,12.85,-16.65,12.85,-16.65,12.85,-16.65,12.89534328,-16.73379647,0.0,0.0,,0.0,0.16163827129606945,0.0
154,1791,sedhiou,boufaraghore,senegal,6,0,-3.16715338292197,,13.22542691,-15.64955829,13.25,-15.65,13.25,-15.65,13.25,-15.65,13.1909904,-15.63622426,0.6,-0.8894116878509521,-0.05526315789473684,112725836.15395944,0.26269749922996855,0.9119901409314366
155,1575,ranerou,teguinguel,senegal,10,0,-3.85872542639279,,15.00226737,-14.67912165,15.0,-14.7,15.0,-14.7,15.0,-14.7,15.03429087,-14.76136369,0.4,-0.1965271234512329,-0.03620689655172413,48087754.75601864,0.19756251154319449,-0.12812182152847945
156,1148,kaolack,paymarwolof,senegal,6,1,-2.67207591160144,1.0,13.86394,-16.14206,13.85,-16.15,13.85,-16.15,13.85,-16.15,13.91746854,-16.18754008,0.4,-0.4038808345794678,-0.036206896551724155,40611737.75569371,0.21724551674197848,0.39138982429237756
157,1712,bignona,hilole,senegal,9,0,-2.9611840879292,,12.85643014,-16.67789504,12.85,-16.7,12.85,-16.7,12.85,-16.7,12.89534328,-16.73379647,0.0,0.0,,0.0,0.17512177641256,0.0
158,1619,matam,wodabe,senegal,6,0,-3.1008991564096,,15.54077403,-13.24904558,15.55,-13.25,15.55,-13.25,15.55,-13.25,15.6680352,-13.36263999,0.6,-0.19497605164845785,0.29561403508771933,34455759.65059786,0.14055469494761255,0.1009059454995454
159,1167,nioro,sonkorong,senegal,16,1,-3.09301835791396,1.0,13.76929622,-15.58749555,13.75,-15.6,13.75,-15.6,13.75,-15.6,13.7751637,-15.63622426,0.6,-0.6784610350926717,-0.05526315789473687,27201247.482161015,0.22837879872717082,-0.0368865267847663
160,873,fatick,belky diane,senegal,8,1,-3.94666973774926,1.0,,,,,,,,,14.72402296,-17.45998489,,,,,,
161,1615,matam,wodabe,senegal,8,0,-3.96226694064065,,15.54077403,-13.24904558,15.55,-13.25,15.55,-13.25,15.55,-13.25,15.6680352,-13.36263999,0.6,-0.19497605164845785,0.29561403508771933,34455759.65059786,0.14055469494761255,0.1009059454995454
162,1614,matam,wodabe,senegal,14,0,-4.89706475793382,,15.54077403,-13.24904558,15.55,-13.25,15.55,-13.25,15.55,-13.25,15.6680352,-13.36263999,0.6,-0.19497605164845785,0.29561403508771933,34455759.65059786,0.14055469494761255,0.1009059454995454
163,1172,nioro,sonkorong,senegal,13,1,-2.76945112588939,1.0,13.76929622,-15.58749555,13.75,-15.6,13.75,-15.6,13.75,-15.6,13.7751637,-15.63622426,0.6,-0.6784610350926717,-0.05526315789473687,27201247.482161015,0.22837879872717082,-0.0368865267847663
164,389,mbour,thiarene h2,senegal,8,1,-3.68285934269636,1.0,15.7668346,-13.47659022,15.75,-13.5,15.75,-13.5,15.75,-13.5,15.71702669,-13.36263999,0.6,-0.17001124223073324,0.2956140350877194,32654612.379142936,0.16650075567132303,0.25679245919352783
165,876,fatick,belky,senegal,17,6,-2.8825794847221,1.0,14.5609965,-16.33790165,14.55,-16.35,14.55,-16.35,14.55,-16.35,14.50274052,-16.39672928,0.4,-0.3570250868797302,-0.036206896551724155,40611737.75569371,0.2078647452324723,0.30765874105070645
166,1793,sedhiou,boufaradong,senegal,15,0,-3.95437681781662,,13.22542691,-15.64955829,13.25,-15.65,13.25,-15.65,13.25,-15.65,13.1909904,-15.63622426,0.6,-0.8894116878509521,-0.05526315789473684,112725836.15395944,0.26269749922996855,0.9119901409314366
167,871,fatick,belky,senegal,16,4,-2.91104904100425,1.0,14.5609965,-16.33790165,14.55,-16.35,14.55,-16.35,14.55,-16.35,14.50274052,-16.39672928,0.4,-0.3570250868797302,-0.036206896551724155,40611737.75569371,0.2078647452324723,0.30765874105070645
168,1730,bignona,hilole,senegal,8,5,-2.44218598264168,1.0,12.85643014,-16.67789504,12.85,-16.7,12.85,-16.7,12.85,-16.7,12.89534328,-16.73379647,0.0,0.0,,0.0,0.17512177641256,0.0
169,1405,matam,mbaname,senegal,9,1,-3.69047046574001,0.0,,,,,,,,,14.72402296,-17.45998489,,,,,,
170,1156,nioro,sonkorong,senegal,7,0,-2.23600344223632,,13.76929622,-15.58749555,13.75,-15.6,13.75,-15.6,13.75,-15.6,13.7751637,-15.63622426,0.6,-0.6784610350926717,-0.05526315789473687,27201247.482161015,0.22837879872717082,-0.0368865267847663
171,1525,kanel,gouricky samba diome,senegal,11,1,-3.76812660142591,1.0,15.43737252,-12.9487353,15.45,-12.95,15.45,-12.95,15.45,-12.95,15.38130032,-13.36263999,0.8,-0.19217804074287415,0.46071428571428574,46524090.52397067,0.1516191447405645,0.3151612221831078
172,1719,bignona,hilole,senegal,7,2,-2.40058448138138,0.0,12.85643014,-16.67789504,12.85,-16.7,12.85,-16.7,12.85,-16.7,12.89534328,-16.73379647,0.0,0.0,,0.0,0.17512177641256,0.0
173,877,fatick,belky,senegal,6,1,-4.32647269606761,1.0,14.5609965,-16.33790165,14.55,-16.35,14.55,-16.35,14.55,-16.35,14.50274052,-16.39672928,0.4,-0.3570250868797302,-0.036206896551724155,40611737.75569371,0.2078647452324723,0.30765874105070645
174,869,fatick,beredji de diane,senegal,18,0,-4.03992307632655,,,,,,,,,,14.72402296,-17.45998489,,,,,,
175,1683,bakel,madina ii,senegal,7,0,-4.4101683657838,,13.87045621,-13.53422477,13.85,-13.55,13.85,-13.55,13.85,-13.55,13.91746854,-13.6728487,1.0,-0.2286271333694458,-0.09545454545454544,41228356.89564966,0.23970002093026946,0.5285893964674099
176,874,fatick,beredji de diane,senegal,6,0,-4.86765826869396,,,,,,,,,,14.72402296,-17.45998489,,,,,,
177,396,mbour,thiarene h2,senegal,9,1,-4.39879726551618,1.0,15.7668346,-13.47659022,15.75,-13.5,15.75,-13.5,15.75,-13.5,15.71702669,-13.36263999,0.6,-0.17001124223073324,0.2956140350877194,32654612.379142936,0.16650075567132303,0.25679245919352783
178,1718,bignona,hilole,senegal,8,1,-3.04417178985243,0.0,12.85643014,-16.67789504,12.85,-16.7,12.85,-16.7,12.85,-16.7,12.89534328,-16.73379647,0.0,0.0,,0.0,0.17512177641256,0.0
179,1758,bakel,senobode,senegal,4,0,-4.12050340107485,,14.09665984,-12.93232536,14.1,-12.95,14.1,-12.95,14.1,-12.95,14.0770377,-13.36263999,2.0,-0.25033280849456785,0.39000000000000007,134921197.570466,0.23900209221788968,0.3072172073525416
180,1164,nioro,ndakhar,senegal,7,1,-4.07797306187274,1.0,13.76929622,-15.58749555,13.75,-15.6,13.75,-15.6,13.75,-15.6,13.7751637,-15.63622426,0.6,-0.6784610350926717,-0.05526315789473687,27201247.482161015,0.22837879872717082,-0.0368865267847663
181,1803,sedhiou,boufaradong,senegal,15,2,-3.26391850784877,0.0,13.22542691,-15.64955829,13.25,-15.65,13.25,-15.65,13.25,-15.65,13.1909904,-15.63622426,0.6,-0.8894116878509521,-0.05526315789473684,112725836.15395944,0.26269749922996855,0.9119901409314366
182,1528,kanel,gouriky samba diome,senegal,27,1,-3.40493343470576,0.0,15.43737252,-12.9487353,15.45,-12.95,15.45,-12.95,15.45,-12.95,15.38130032,-13.36263999,0.8,-0.19217804074287415,0.46071428571428574,46524090.52397067,0.1516191447405645,0.3151612221831078
183,1796,sedhiou,sare seny diallo,senegal,7,1,-3.68778514322368,0.0,13.08996882,-15.08650342,13.1,-15.1,13.1,-15.1,13.1,-15.1,13.09404416,-14.93936134,1.2,-0.5283254583676656,0.06851851851851849,240708649.29910997,0.2890563325726518,0.9755693642121975
184,1161,nioro,sonkorong,senegal,8,1,-4.34702650839225,1.0,13.76929622,-15.58749555,13.75,-15.6,13.75,-15.6,13.75,-15.6,13.7751637,-15.63622426,0.6,-0.6784610350926717,-0.05526315789473687,27201247.482161015,0.22837879872717082,-0.0368865267847663
185,1801,sedhiou,boufaraghor,senegal,12,1,-3.80695466926886,0.0,13.22542691,-15.64955829,13.25,-15.65,13.25,-15.65,13.25,-15.65,13.1909904,-15.63622426,0.6,-0.8894116878509521,-0.05526315789473684,112725836.15395944,0.26269749922996855,0.9119901409314366
186,1736,bakel,ndiaye counda,senegal,9,0,-4.09058009994752,1.0,14.1372415,-15.49080373,14.15,-15.5,14.15,-15.5,14.15,-15.5,14.13637726,-15.5307987,0.4,-0.7484819293022156,-0.036206896551724155,40611737.75569371,0.22504927905881528,1.1801021729815546
187,875,fatick,beredji de diane,senegal,10,4,-3.59987164077313,1.0,,,,,,,,,14.72402296,-17.45998489,,,,,,
188,1728,bignona,hilole,senegal,3,3,-3.39195224537264,0.0,12.85643014,-16.67789504,12.85,-16.7,12.85,-16.7,12.85,-16.7,12.89534328,-16.73379647,0.0,0.0,,0.0,0.17512177641256,0.0
189,1452,kanel,gourel yero njiba,senegal,15,0,-3.1941524949869,,15.41865156,-13.18384815,15.4,-13.2,15.4,-13.2,15.4,-13.2,15.38130032,-13.36263999,0.8,-0.0967683494091034,0.46071428571428574,46524090.52397067,0.17408198753632792,0.19752567701829973
190,1682,bakel,medina ii,senegal,7,0,-4.22293118181975,,13.87045621,-13.53422477,13.85,-13.55,13.85,-13.55,13.85,-13.55,13.91746854,-13.6728487,1.0,-0.2286271333694458,-0.09545454545454544,41228356.89564966,0.23970002093026946,0.5285893964674099
191,1390,matam,mbaname,senegal,12,1,-3.27180863067279,1.0,,,,,,,,,14.72402296,-17.45998489,,,,,,
192,1800,sedhiou,boufaraghore,senegal,19,1,-3.47128053612487,1.0,13.22542691,-15.64955829,13.25,-15.65,13.25,-15.65,13.25,-15.65,13.1909904,-15.63622426,0.6,-0.8894116878509521,-0.05526315789473684,112725836.15395944,0.26269749922996855,0.9119901409314366
193,1869,podor,fanaye,senegal,9,0,-3.67315876431289,,16.52599054,-15.22269493,16.55,-15.2,16.55,-15.2,16.55,-15.2,16.47147469,-15.27583107,0.6,-0.15982850392659506,-0.05526315789473685,48192634.69637356,0.15593374637773602,0.6734216227747559
194,1170,nioro,sonkorong,senegal,9,1,-4.08944094680049,1.0,13.76929622,-15.58749555,13.75,-15.6,13.75,-15.6,13.75,-15.6,13.7751637,-15.63622426,0.6,-0.6784610350926717,-0.05526315789473687,27201247.482161015,0.22837879872717082,-0.0368865267847663
195,4714,bignona,hilole,senegal,10,0,-4.254856094412,,12.85643014,-16.67789504,12.85,-16.7,12.85,-16.7,12.85,-16.7,12.89534328,-16.73379647,0.0,0.0,,0.0,0.17512177641256,0.0
196,1688,bakel,gourel aga,senegal,9,1,-4.04130172127578,0.0,14.90671456,-12.46035504,14.9,-12.45,14.9,-12.45,14.9,-12.45,14.85551526,-12.41480008,1.6,-0.2751201391220093,-0.017307692307692305,49264038.12997783,0.18182981714623297,0.6932334000701483
197,1674,bakel,madina ii,senegal,14,0,-4.29541024179325,,13.87045621,-13.53422477,13.85,-13.55,13.85,-13.55,13.85,-13.55,13.91746854,-13.6728487,1.0,-0.2286271333694458,-0.09545454545454544,41228356.89564966,0.23970002093026946,0.5285893964674099
198,1790,sedhiou,boufaraghore,senegal,3,0,-2.96651565416653,,13.22542691,-15.64955829,13.25,-15.65,13.25,-15.65,13.25,-15.65,13.1909904,-15.63622426,0.6,-0.8894116878509521,-0.05526315789473684,112725836.15395944,0.26269749922996855,0.9119901409314366
199,390,mbour,thiarene h2,senegal,20,3,-3.71244263248146,1.0,15.7668346,-13.47659022,15.75,-13.5,15.75,-13.5,15.75,-13.5,15.71702669,-13.36263999,0.6,-0.17001124223073324,0.2956140350877194,32654612.379142936,0.16650075567132303,0.25679245919352783
200,1518,kanel,samba mali,senegal,29,2,-3.23030000431923,0.0,15.28333636,-12.96397454,15.3,-12.95,15.3,-12.95,15.3,-12.95,15.23872587,-13.36263999,0.8,-0.17583227157592773,0.46071428571428574,46524090.52397067,0.16492759112283747,0.31747885640388196
201,1686,bignona,kaldeme,senegal,28,3,-2.86778783982955,1.0,14.90671456,-12.46035504,14.9,-12.45,14.9,-12.45,14.9,-12.45,14.85551526,-12.41480008,1.6,-0.2751201391220093,-0.017307692307692305,49264038.12997783,0.18182981714623297,0.6932334000701483
202,1902,podor,mery,senegal,4,0,-2.20606239790684,,16.42777753,-14.09801568,16.45,-14.1,16.45,-14.1,16.45,-14.1,16.42033799,-14.01712506,0.6,-0.2016923427581787,-0.05526315789473683,87642230.13625772,0.14516387759546714,0.1830651687237986
203,1576,ranerou,boko mbarodi,senegal,16,0,-4.09702539968781,,15.00226737,-14.67912165,15.0,-14.7,15.0,-14.7,15.0,-14.7,15.03429087,-14.76136369,0.4,-0.1965271234512329,-0.03620689655172413,48087754.75601864,0.19756251154319449,-0.12812182152847945
204,1761,bakel,leva diolfoube,senegal,16,2,-2.91955859695348,0.0,14.09665984,-12.93232536,14.1,-12.95,14.1,-12.95,14.1,-12.95,14.0770377,-13.36263999,2.0,-0.25033280849456785,0.39000000000000007,134921197.570466,0.23900209221788968,0.3072172073525416
205,1752,bakel,diol foube,senegal,10,0,-3.65164239789706,,14.09665984,-12.93232536,14.1,-12.95,14.1,-12.95,14.1,-12.95,14.0770377,-13.36263999,2.0,-0.25033280849456785,0.39000000000000007,134921197.570466,0.23900209221788968,0.3072172073525416
206,1144,kaolack,paymarwolof,senegal,13,1,-2.57094177452851,1.0,13.86394,-16.14206,13.85,-16.15,13.85,-16.15,13.85,-16.15,13.91746854,-16.18754008,0.4,-0.4038808345794678,-0.036206896551724155,40611737.75569371,0.21724551674197848,0.39138982429237756
207,1157,nioro,sonkorong,senegal,7,0,-3.75407017864196,,13.76929622,-15.58749555,13.75,-15.6,13.75,-15.6,13.75,-15.6,13.7751637,-15.63622426,0.6,-0.6784610350926717,-0.05526315789473687,27201247.482161015,0.22837879872717082,-0.0368865267847663
208,395,mbour,thiarene h2,senegal,14,1,-4.12050340107485,0.0,15.7668346,-13.47659022,15.75,-13.5,15.75,-13.5,15.75,-13.5,15.71702669,-13.36263999,0.6,-0.17001124223073324,0.2956140350877194,32654612.379142936,0.16650075567132303,0.25679245919352783
209,1789,sedhiou,sare babou,senegal,11,0,-4.37935718669451,,13.21366863,-15.64226666,13.2,-15.65,13.2,-15.65,13.2,-15.65,13.1909904,-15.63622426,0.6,-0.9026562770207723,-0.05526315789473684,112725836.15395944,0.26487532412132103,0.8133014585033566
210,1799,sedhiou,boufaraghor,senegal,20,0,-2.95542192049712,,13.22542691,-15.64955829,13.25,-15.65,13.25,-15.65,13.25,-15.65,13.1909904,-15.63622426,0.6,-0.8894116878509521,-0.05526315789473684,112725836.15395944,0.26269749922996855,0.9119901409314366
211,1153,nioro,sonkorong,senegal,6,0,-2.57531078667465,,13.76929622,-15.58749555,13.75,-15.6,13.75,-15.6,13.75,-15.6,13.7751637,-15.63622426,0.6,-0.6784610350926717,-0.05526315789473687,27201247.482161015,0.22837879872717082,-0.0368865267847663
212,1173,nioro,leona,senegal,12,1,-4.48178496743941,1.0,14.72956183,-16.45421075,14.75,-16.45,14.75,-16.45,14.75,-16.45,14.72402296,-16.45109143,0.6,-0.1732077201207479,-0.055263157894736854,56652732.24892815,0.2106700793517958,0.11088883375863534
213,393,mbour,thiarene,senegal,20,2,-3.65697396413439,1.0,15.7668346,-13.47659022,15.75,-13.5,15.75,-13.5,15.75,-13.5,15.71702669,-13.36263999,0.6,-0.17001124223073324,0.2956140350877194,32654612.379142936,0.16650075567132303,0.25679245919352783
214,1687,bakel,madina ii,senegal,10,2,-2.78239381517037,1.0,13.87045621,-13.53422477,13.85,-13.55,13.85,-13.55,13.85,-13.55,13.91746854,-13.6728487,1.0,-0.2286271333694458,-0.09545454545454544,41228356.89564966,0.23970002093026946,0.5285893964674099
215,1584,ranerou,womo doro,senegal,7,0,-4.67351792947922,,15.00226737,-14.67912165,15.0,-14.7,15.0,-14.7,15.0,-14.7,15.03429087,-14.76136369,0.4,-0.1965271234512329,-0.03620689655172413,48087754.75601864,0.19756251154319449,-0.12812182152847945
216,1165,nioro,ndakhar,senegal,5,2,-3.06472560217707,1.0,13.76929622,-15.58749555,13.75,-15.6,13.75,-15.6,13.75,-15.6,13.7751637,-15.63622426,0.6,-0.6784610350926717,-0.05526315789473687,27201247.482161015,0.22837879872717082,-0.0368865267847663
217,1158,nioro,ndakar,senegal,12,0,-3.65164239789706,,13.76929622,-15.58749555,13.75,-15.6,13.75,-15.6,13.75,-15.6,13.7751637,-15.63622426,0.6,-0.6784610350926717,-0.05526315789473687,27201247.482161015,0.22837879872717082,-0.0368865267847663
218,1160,nioro,sakorong,senegal,13,1,-3.6801119541792,0.0,13.76929622,-15.58749555,13.75,-15.6,13.75,-15.6,13.75,-15.6,13.7751637,-15.63622426,0.6,-0.6784610350926717,-0.05526315789473687,27201247.482161015,0.22837879872717082,-0.0368865267847663
219,1863,podor,fanaye,senegal,10,1,-2.52354002955071,1.0,16.52599054,-15.22269493,16.55,-15.2,16.55,-15.2,16.55,-15.2,16.47147469,-15.27583107,0.6,-0.15982850392659506,-0.05526315789473685,48192634.69637356,0.15593374637773602,0.6734216227747559
220,872,fatick,belky de diane,senegal,20,2,-3.04420259875835,0.0,14.5609965,-16.33790165,14.55,-16.35,14.55,-16.35,14.55,-16.35,14.50274052,-16.39672928,0.4,-0.3570250868797302,-0.036206896551724155,40611737.75569371,0.2078647452324723,0.30765874105070645
221,1757,bakel,sithiou doube,senegal,11,0,-3.68270485217142,,14.09665984,-12.93232536,14.1,-12.95,14.1,-12.95,14.1,-12.95,14.0770377,-13.36263999,2.0,-0.25033280849456785,0.39000000000000007,134921197.570466,0.23900209221788968,0.3072172073525416
222,1755,bakel,woyndoucoly,senegal,7,0,-3.16222758239464,,14.09665984,-12.93232536,14.1,-12.95,14.1,-12.95,14.1,-12.95,14.0770377,-13.36263999,2.0,-0.25033280849456785,0.39000000000000007,134921197.570466,0.23900209221788968,0.3072172073525416
223,1756,bakel,sinthiou omar lili,senegal,7,0,-3.00534372200948,,14.09665984,-12.93232536,14.1,-12.95,14.1,-12.95,14.1,-12.95,14.0770377,-13.36263999,2.0,-0.25033280849456785,0.39000000000000007,134921197.570466,0.23900209221788968,0.3072172073525416
224,1145,kaolack,baymar,senegal,9,1,-2.19717537439337,1.0,13.95111667,-16.14733245,13.95,-16.15,13.95,-16.15,13.95,-16.15,13.9817835,-16.18754008,0.4,-0.3201567530632019,-0.036206896551724155,40611737.75569371,0.22268367709248307,0.7443154987247709
225,1805,sedhiou,badinding doulo,senegal,7,1,-3.34946476635869,1.0,13.11899479,-15.37373823,13.1,-15.35,13.1,-15.35,13.1,-15.35,13.09404416,-15.40508637,1.2,-0.5187013943990072,0.06851851851851849,240708649.29910997,0.28670983715254805,0.932401544360371
226,1152,kaolack,payemar wolof,senegal,15,1,-2.20562228559859,1.0,13.95111667,-16.14733245,13.95,-16.15,13.95,-16.15,13.95,-16.15,13.9817835,-16.18754008,0.4,-0.3201567530632019,-0.036206896551724155,40611737.75569371,0.22268367709248307,0.7443154987247709
227,1577,ranerou,wouro alassane g sow,senegal,19,0,-2.99721473263938,,15.00226737,-14.67912165,15.0,-14.7,15.0,-14.7,15.0,-14.7,15.03429087,-14.76136369,0.4,-0.1965271234512329,-0.03620689655172413,48087754.75601864,0.19756251154319449,-0.12812182152847945
228,1689,bakel,ndiaye be,senegal,10,1,-2.99397262174186,1.0,14.90671456,-12.46035504,14.9,-12.45,14.9,-12.45,14.9,-12.45,14.85551526,-12.41480008,1.6,-0.2751201391220093,-0.017307692307692305,49264038.12997783,0.18182981714623297,0.6932334000701483
229,1690,bakel,sinthiou maboube,senegal,11,1,-4.35996919767323,0.0,14.23,-13.34,14.25,-13.35,14.25,-13.35,14.25,-13.35,14.22169871,-13.36263999,1.4,-0.15429394585745676,0.18477088948787065,180466626.61379772,0.22885473390838001,0.25320546218996026
230,1795,sedhiou,sare seny diallo,senegal,8,1,-2.17732952986169,1.0,13.08996882,-15.08650342,13.1,-15.1,13.1,-15.1,13.1,-15.1,13.09404416,-14.93936134,1.2,-0.5283254583676656,0.06851851851851849,240708649.29910997,0.2890563325726518,0.9755693642121975
231,795,mbacke,guede bousso,senegal,7,2,-1.50791931269919,1.0,14.89820198,-15.86724177,14.9,-15.85,14.9,-15.85,14.9,-15.85,14.85551526,-15.88108409,0.2,-0.07495784759521484,-0.017796610169491522,88734721.23539704,0.2087404012816917,0.45797913261875534
232,1675,bakel,maleme hamady seyd,senegal,4,0,-3.52196422990217,,14.90671456,-12.46035504,14.9,-12.45,14.9,-12.45,14.9,-12.45,14.85551526,-12.41480008,1.6,-0.2751201391220093,-0.017307692307692305,49264038.12997783,0.18182981714623297,0.6932334000701483
233,1151,kaolack,payemar wolof,senegal,9,1,-1.894997742855,1.0,13.95111667,-16.14733245,13.95,-16.15,13.95,-16.15,13.95,-16.15,13.9817835,-16.18754008,0.4,-0.3201567530632019,-0.036206896551724155,40611737.75569371,0.22268367709248307,0.7443154987247709
234,1762,bakel,leva diolfoube,senegal,9,3,-2.19717537439337,1.0,14.09665984,-12.93232536,14.1,-12.95,14.1,-12.95,14.1,-12.95,14.0770377,-13.36263999,2.0,-0.25033280849456785,0.39000000000000007,134921197.570466,0.23900209221788968,0.3072172073525416
235,1524,kanel,dirou dirou,senegal,6,4,-2.41624982919535,0.0,15.28333636,-12.96397454,15.3,-12.95,15.3,-12.95,15.3,-12.95,15.23872587,-13.36263999,0.8,-0.17583227157592773,0.46071428571428574,46524090.52397067,0.16492759112283747,0.31747885640388196
236,394,mbour,thiarene h2,senegal,14,1,-3.63712811960271,0.0,15.7668346,-13.47659022,15.75,-13.5,15.75,-13.5,15.75,-13.5,15.71702669,-13.36263999,0.6,-0.17001124223073324,0.2956140350877194,32654612.379142936,0.16650075567132303,0.25679245919352783
237,1864,podor,fanaye,senegal,7,3,-1.79145622860714,0.0,16.52599054,-15.22269493,16.55,-15.2,16.55,-15.2,16.55,-15.2,16.47147469,-15.27583107,0.6,-0.15982850392659506,-0.05526315789473685,48192634.69637356,0.15593374637773602,0.6734216227747559
238,1680,bakel,tata,senegal,6,2,-4.1771999587261,0.0,14.09934118,-13.41426652,14.1,-13.4,14.1,-13.4,14.1,-13.4,14.0770377,-13.36263999,1.6,-0.24419091641902924,0.27115384615384613,168249433.68008414,0.2374941998206796,0.20434185219351103
239,1713,bignona,hilole,senegal,2,0,-3.94423155166841,,12.85643014,-16.67789504,12.85,-16.7,12.85,-16.7,12.85,-16.7,12.89534328,-16.73379647,0.0,0.0,,0.0,0.17512177641256,0.0
240,1166,nioro,ndakhar,senegal,2,0,-3.57931782844849,,13.76929622,-15.58749555,13.75,-15.6,13.75,-15.6,13.75,-15.6,13.7751637,-15.63622426,0.6,-0.6784610350926717,-0.05526315789473687,27201247.482161015,0.22837879872717082,-0.0368865267847663
241,1763,bakel,leva diolfoube,senegal,8,1,-1.72716526573986,1.0,14.09665984,-12.93232536,14.1,-12.95,14.1,-12.95,14.1,-12.95,14.0770377,-13.36263999,2.0,-0.25033280849456785,0.39000000000000007,134921197.570466,0.23900209221788968,0.3072172073525416
242,1725,bignona,matate,senegal,8,4,-2.38893606102849,0.0,12.92758641,-16.73593231,12.95,-16.75,12.450000000000003,-16.74999999999997,12.95,-16.75,12.92259068,-16.73379647,0.0,0.0,,0.0,0.21635748696884294,0.0
243,1676,bakel,gourel ndiaybe,senegal,8,0,-4.34702650839225,,14.70299833,-12.3344197,14.7,-12.35,14.7,-12.35,14.7,-12.35,14.72094534,-12.41480008,1.4,-0.2945646899087088,0.02304582210242589,56275223.146604724,0.19467287497617672,0.6714386886694549
244,1855,podor,fanaye,senegal,8,0,-3.38841960013127,,16.52599054,-15.22269493,16.55,-15.2,16.55,-15.2,16.55,-15.2,16.47147469,-15.27583107,0.6,-0.15982850392659506,-0.05526315789473685,48192634.69637356,0.15593374637773602,0.6734216227747559
245,1169,nioro,sonkorong,senegal,9,0,-3.26576909664251,,13.76929622,-15.58749555,13.75,-15.6,13.75,-15.6,13.75,-15.6,13.7751637,-15.63622426,0.6,-0.6784610350926717,-0.05526315789473687,27201247.482161015,0.22837879872717082,-0.0368865267847663
246,1797,sedhiou,sare demba,senegal,21,0,-3.68242753208615,,12.83614418,-15.13488937,12.85,-15.15,12.85,-15.15,12.85,-15.15,12.89534328,-15.27583107,1.0,-0.3849172115325928,0.12272727272727271,288724525.65228415,0.29241330004256,1.2889255796827774
247,388,mbour,thiarene h2,senegal,14,0,-2.74202496721998,,15.7668346,-13.47659022,15.75,-13.5,15.75,-13.5,15.75,-13.5,15.71702669,-13.36263999,0.6,-0.17001124223073324,0.2956140350877194,32654612.379142936,0.16650075567132303,0.25679245919352783
248,1723,bignona,kouba,senegal,6,2,-2.39781104796402,1.0,12.86870668,-16.64374447,12.85,-16.65,12.85,-16.65,12.85,-16.65,12.89534328,-16.73379647,0.0,0.0,,0.0,0.16163827129606945,0.0
249,1150,kaolack,paymar,senegal,28,6,-1.70090746999067,1.0,13.95111667,-16.14733245,13.95,-16.15,13.95,-16.15,13.95,-16.15,13.9817835,-16.18754008,0.4,-0.3201567530632019,-0.036206896551724155,40611737.75569371,0.22268367709248307,0.7443154987247709
250,1715,bignona,hilole,senegal,5,0,-3.4363271800503,,12.85643014,-16.67789504,12.85,-16.7,12.85,-16.7,12.85,-16.7,12.89534328,-16.73379647,0.0,0.0,,0.0,0.17512177641256,0.0
251,1717,bignona,kouba,senegal,8,0,-3.63601438609975,,12.86870668,-16.64374447,12.85,-16.65,12.85,-16.65,12.85,-16.65,12.89534328,-16.73379647,0.0,0.0,,0.0,0.16163827129606945,0.0
252,1685,bakel,tata,senegal,17,1,-3.71478425528861,0.0,14.09934118,-13.41426652,14.1,-13.4,14.1,-13.4,14.1,-13.4,14.0770377,-13.36263999,1.6,-0.24419091641902924,0.27115384615384613,168249433.68008414,0.2374941998206796,0.20434185219351103
253,1159,nioro,ndakar,senegal,10,0,-2.22306075295534,,13.76929622,-15.58749555,13.75,-15.6,13.75,-15.6,13.75,-15.6,13.7751637,-15.63622426,0.6,-0.6784610350926717,-0.05526315789473687,27201247.482161015,0.22837879872717082,-0.0368865267847663
254,1764,bakel,woyndoul coly,senegal,12,1,-4.71234599732217,0.0,14.09665984,-12.93232536,14.1,-12.95,14.1,-12.95,14.1,-12.95,14.0770377,-13.36263999,2.0,-0.25033280849456785,0.39000000000000007,134921197.570466,0.23900209221788968,0.3072172073525416
255,1678,bakel,diare cede,senegal,14,0,-3.81832576953648,,14.90671456,-12.46035504,14.9,-12.45,14.9,-12.45,14.9,-12.45,14.85551526,-12.41480008,1.6,-0.2751201391220093,-0.017307692307692305,49264038.12997783,0.18182981714623297,0.6932334000701483
256,1163,nioro,leona,senegal,23,5,-3.18007002730275,1.0,14.72956183,-16.45421075,14.75,-16.45,14.75,-16.45,14.75,-16.45,14.72402296,-16.45109143,0.6,-0.1732077201207479,-0.055263157894736854,56652732.24892815,0.2106700793517958,0.11088883375863534
257,1162,nioro,sonkorong,senegal,15,3,-3.02198637769839,1.0,13.76929622,-15.58749555,13.75,-15.6,13.75,-15.6,13.75,-15.6,13.7751637,-15.63622426,0.6,-0.6784610350926717,-0.05526315789473687,27201247.482161015,0.22837879872717082,-0.0368865267847663
258,1806,sedhiou,bougna samba diallo,senegal,11,1,-3.22694102879956,1.0,13.06056704,-15.63748198,13.05,-15.65,13.05,-15.65,13.05,-15.65,13.03005916,-15.63622426,0.6,-0.965633233388265,-0.05526315789473684,112725836.15395944,0.2655733677008075,1.0798099126129654
259,1149,kaolack,paymar,senegal,22,2,-2.99351682141624,0.0,13.95111667,-16.14733245,13.95,-16.15,13.95,-16.15,13.95,-16.15,13.9817835,-16.18754008,0.4,-0.3201567530632019,-0.036206896551724155,40611737.75569371,0.22268367709248307,0.7443154987247709
260,1510,kanel,samba mali,senegal,11,0,-4.13596865245781,,15.28333636,-12.96397454,15.3,-12.95,15.3,-12.95,15.3,-12.95,15.23872587,-13.36263999,0.8,-0.17583227157592773,0.46071428571428574,46524090.52397067,0.16492759112283747,0.31747885640388196
261,1381,matam,founde samba mali,senegal,9,0,-3.49210402390149,,15.65365113,-13.25520908,15.65,-13.25,15.65,-13.25,15.65,-13.25,15.6680352,-13.36263999,0.6,-0.23294568061828613,0.29561403508771933,30754841.71624437,0.1588035546050995,0.044391301112194054
262,1684,bakel,,senegal,14,1,-3.16842160694987,1.0,,,,,,,,,14.72402296,-17.45998489,,,,,,
263,1379,matam,fonde samba mali,senegal,15,0,-4.10198200912105,1.0,15.65365113,-13.25520908,15.65,-13.25,15.65,-13.25,15.65,-13.25,15.6680352,-13.36263999,0.6,-0.23294568061828613,0.29561403508771933,30754841.71624437,0.1588035546050995,0.044391301112194054
264,1753,bakel,leva diolfoube,senegal,16,1,-3.12664162544921,0.0,14.09665984,-12.93232536,14.1,-12.95,14.1,-12.95,14.1,-12.95,14.0770377,-13.36263999,2.0,-0.25033280849456785,0.39000000000000007,134921197.570466,0.23900209221788968,0.3072172073525416
265,1147,kaolack,paye mare amary ba,senegal,18,1,-1.82843534083852,1.0,13.95111667,-16.14733245,13.95,-16.15,13.95,-16.15,13.95,-16.15,13.9817835,-16.18754008,0.4,-0.3201567530632019,-0.036206896551724155,40611737.75569371,0.22268367709248307,0.7443154987247709
266,1720,bignona,kouba,senegal,13,1,-3.13634220383268,1.0,12.86870668,-16.64374447,12.85,-16.65,12.85,-16.65,12.85,-16.65,12.89534328,-16.73379647,0.0,0.0,,0.0,0.16163827129606945,0.0
267,1792,sedhiou,boufaraghor,senegal,10,0,-3.66301349816468,,13.22542691,-15.64955829,13.25,-15.65,13.25,-15.65,13.25,-15.65,13.1909904,-15.63622426,0.6,-0.8894116878509521,-0.05526315789473684,112725836.15395944,0.26269749922996855,0.9119901409314366
268,1142,kaolack,payemar abdoulaye,senegal,6,1,-2.86667205114181,0.0,13.95111667,-16.14733245,13.95,-16.15,13.95,-16.15,13.95,-16.15,13.9817835,-16.18754008,0.4,-0.3201567530632019,-0.036206896551724155,40611737.75569371,0.22268367709248307,0.7443154987247709
269,1754,bakel,sinthiou body,senegal,14,0,-3.16222758239464,,14.09665984,-12.93232536,14.1,-12.95,14.1,-12.95,14.1,-12.95,14.0770377,-13.36263999,2.0,-0.25033280849456785,0.39000000000000007,134921197.570466,0.23900209221788968,0.3072172073525416
270,1760,bakel,leva diavabel,senegal,13,2,-2.36801887290235,1.0,14.09665984,-12.93232536,14.1,-12.95,14.1,-12.95,14.1,-12.95,14.0770377,-13.36263999,2.0,-0.25033280849456785,0.39000000000000007,134921197.570466,0.23900209221788968,0.3072172073525416
271,1378,matam,fonde samba mali,senegal,10,0,-4.81225833056175,,15.65365113,-13.25520908,15.65,-13.25,15.65,-13.25,15.65,-13.25,15.6680352,-13.36263999,0.6,-0.23294568061828613,0.29561403508771933,30754841.71624437,0.1588035546050995,0.044391301112194054
272,1743,bakel,moudery,senegal,25,1,-3.53279079368701,0.0,15.06745915,-12.5787737,15.05,-12.6,15.05,-12.6,15.05,-12.6,15.03429087,-12.41480008,1.4,-0.23966022900172643,0.02304582210242589,56275223.146604724,0.17344823063226483,0.6472790437029939
273,1759,bakel,lena diolfoude,senegal,24,1,-3.43609827374781,1.0,14.09665984,-12.93232536,14.1,-12.95,14.1,-12.95,14.1,-12.95,14.0770377,-13.36263999,2.0,-0.25033280849456785,0.39000000000000007,134921197.570466,0.23900209221788968,0.3072172073525416
274,1380,matam,fonde samba mali,senegal,9,0,-5.79953189692474,,15.65365113,-13.25520908,15.65,-13.25,15.65,-13.25,15.65,-13.25,15.6680352,-13.36263999,0.6,-0.23294568061828613,0.29561403508771933,30754841.71624437,0.1588035546050995,0.044391301112194054
275,1168,nioro,sonkorong,senegal,20,1,-1.71144687668833,1.0,13.76929622,-15.58749555,13.75,-15.6,13.75,-15.6,13.75,-15.6,13.7751637,-15.63622426,0.6,-0.6784610350926717,-0.05526315789473687,27201247.482161015,0.22837879872717082,-0.0368865267847663
276,1673,bakel,tata,senegal,13,1,-4.37134029794085,1.0,14.09934118,-13.41426652,14.1,-13.4,14.1,-13.4,14.1,-13.4,14.0770377,-13.36263999,1.6,-0.24419091641902924,0.27115384615384613,168249433.68008414,0.2374941998206796,0.20434185219351103
277,1681,bakel,kaldeme,senegal,19,2,-2.26533981697238,1.0,14.90671456,-12.46035504,14.9,-12.45,14.9,-12.45,14.9,-12.45,14.85551526,-12.41480008,1.6,-0.2751201391220093,-0.017307692307692305,49264038.12997783,0.18182981714623297,0.6932334000701483
278,1515,kanel,dirou dirou,senegal,13,1,-3.67854472530186,0.0,15.28333636,-12.96397454,15.3,-12.95,15.3,-12.95,15.3,-12.95,15.23872587,-13.36263999,0.8,-0.17583227157592773,0.46071428571428574,46524090.52397067,0.16492759112283747,0.31747885640388196
279,1527,kanel,gouriki samba diom,senegal,17,4,-3.60477139640026,1.0,15.43737252,-12.9487353,15.45,-12.95,15.45,-12.95,15.45,-12.95,15.38130032,-13.36263999,0.8,-0.19217804074287415,0.46071428571428574,46524090.52397067,0.1516191447405645,0.3151612221831078
280,1616,matam,wouro adama,senegal,18,0,-3.86365122692012,,15.54077403,-13.24904558,15.55,-13.25,15.55,-13.25,15.55,-13.25,15.6680352,-13.36263999,0.6,-0.19497605164845785,0.29561403508771933,34455759.65059786,0.14055469494761255,0.1009059454995454
281,1804,sedhiou,badeding,senegal,7,1,-3.66951088770537,1.0,13.11899479,-15.37373823,13.1,-15.35,13.1,-15.35,13.1,-15.35,13.09404416,-15.40508637,1.2,-0.5187013943990072,0.06851851851851849,240708649.29910997,0.28670983715254805,0.932401544360371
282,1899,podor,sourboty,senegal,3,0,-2.46777267746787,,16.22157694,-14.05861088,16.2,-14.05,16.2,-14.05,16.2,-14.05,16.42033799,-14.01712506,0.6,-0.1820420821507772,-0.05526315789473683,87642230.13625772,0.15335236441328534,0.49980195410805733
283,1136,kaolack,payemar wolof,senegal,5,1,-3.08902176295505,1.0,13.95111667,-16.14733245,13.95,-16.15,13.95,-16.15,13.95,-16.15,13.9817835,-16.18754008,0.4,-0.3201567530632019,-0.036206896551724155,40611737.75569371,0.22268367709248307,0.7443154987247709
284,1854,podor,fanaye,senegal,6,0,-2.3203505289201,,16.52599054,-15.22269493,16.55,-15.2,16.55,-15.2,16.55,-15.2,16.47147469,-15.27583107,0.6,-0.15982850392659506,-0.05526315789473685,48192634.69637356,0.15593374637773602,0.6734216227747559
285,1132,kaolack,thiakho djigane,senegal,14,0,-2.27483151007927,,13.99933823,-16.17799307,14.0,-16.2,14.0,-16.2,14.0,-16.2,13.9836423,-16.18754008,0.4,-0.4148802161216736,-0.036206896551724155,40611737.75569371,0.22369397877268424,0.5999461328221787
286,1137,kaolack,payemar diouf,senegal,12,0,-2.05031001422679,,13.95111667,-16.14733245,13.95,-16.15,13.95,-16.15,13.95,-16.15,13.9817835,-16.18754008,0.4,-0.3201567530632019,-0.036206896551724155,40611737.75569371,0.22268367709248307,0.7443154987247709
287,1597,kanel,sorry,senegal,3,1,-4.09954382304021,1.0,15.20066949,-12.94539215,15.2,-12.95,15.2,-12.95,15.2,-12.95,15.23872587,-13.36263999,0.8,-0.18054533004760742,0.19285714285714292,56480806.52208929,0.17427296939413736,0.28027011736422464
288,1716,bignona,hilole,senegal,16,1,-2.51318587812593,0.0,12.85643014,-16.67789504,12.85,-16.7,12.85,-16.7,12.85,-16.7,12.89534328,-16.73379647,0.0,0.0,,0.0,0.17512177641256,0.0
289,1722,bignona,kuba,senegal,5,1,-2.41999851530285,0.0,12.86870668,-16.64374447,12.85,-16.65,12.85,-16.65,12.85,-16.65,12.89534328,-16.73379647,0.0,0.0,,0.0,0.16163827129606945,0.0
290,1726,bignona,hilole,senegal,16,1,-3.03178057491638,0.0,12.85643014,-16.67789504,12.85,-16.7,12.85,-16.7,12.85,-16.7,12.89534328,-16.73379647,0.0,0.0,,0.0,0.17512177641256,0.0
291,712,tiwaouane,khandane,senegal,11,4,-1.12539258344421,1.0,,,,,,,,,14.72402296,-17.45998489,,,,,,
292,915,bambeye,ndiayalla,senegal,6,0,-3.11045682527071,,14.97599298,-16.44924477,15.0,-16.45,15.0,-16.45,15.0,-16.45,15.03429087,-16.45109143,0.8,-0.24850812554359436,-0.075,43538475.11259475,0.21185944126193518,0.4080215995429991
293,1535,kanel,yirla,senegal,10,1,-3.58535736247878,0.0,15.60553632,-13.18272101,15.6,-13.2,15.6,-13.2,15.6,-13.2,15.6680352,-13.36263999,0.8,-0.1700524091720581,0.1928571428571428,26065860.66616341,0.14886990226419286,0.05713420509071172
294,1735,bakel,mouderi,senegal,4,0,-3.70833895554832,,15.06857796,-12.59097186,15.05,-12.6,15.05,-12.6,15.05,-12.6,15.03429087,-12.41480008,1.4,-0.23966022900172643,0.02304582210242589,56275223.146604724,0.17344823063226483,0.6472790437029939
295,386,mbour,thiarene h2,senegal,17,0,-3.03345426262613,,15.7668346,-13.47659022,15.75,-13.5,15.75,-13.5,15.75,-13.5,15.71702669,-13.36263999,0.6,-0.17001124223073324,0.2956140350877194,32654612.379142936,0.16650075567132303,0.25679245919352783
296,1679,bakel,sinthiou maboude,senegal,6,0,-2.95091845127514,,14.27579465,-12.80623101,14.3,-12.8,14.3,-12.8,14.3,-12.8,14.27248759,-12.41480008,1.8,-0.30563249852922225,0.46830065359477124,149879709.1546017,0.2252989101808617,0.5599234346659228
297,1881,podor,dodel,senegal,2,2,-3.55302668417653,1.0,,,,,,,,,14.72402296,-17.45998489,,,,,,
298,1330,kanel,aoure,senegal,7,1,-3.34946476635869,0.0,15.14596428,-12.94689277,15.15,-12.95,15.15,-12.95,15.15,-12.95,15.23872587,-13.36263999,0.8,-0.20756706595420837,0.19285714285714292,56480806.52208929,0.17407560827176505,0.2201866143609424
299,824,foundiougne,passy leona,senegal,15,3,-2.25541747615779,1.0,13.98148365,-16.3182542,14.0,-16.3,14.0,-16.3,14.0,-16.3,13.9817835,-16.26780651,0.4,-0.29182225465774536,-0.036206896551724155,40611737.75569371,0.21943748493279638,0.33093483947087843
300,1646,nioro,medina ndiayenne,senegal,6,0,-2.43618331548135,,13.78607662,-15.79470889,13.8,-15.8,13.8,-15.8,13.8,-15.8,13.7751637,-15.78133054,0.6,-0.6014266014099121,-0.05526315789473687,27201247.482161015,0.2223787366110958,-0.018317626021133404
301,810,foundiougne,passy leona,senegal,4,0,-1.13224567234449,,13.98148365,-16.3182542,14.0,-16.3,14.0,-16.3,14.0,-16.3,13.9817835,-16.26780651,0.4,-0.29182225465774536,-0.036206896551724155,40611737.75569371,0.21943748493279638,0.33093483947087843
302,1542,kanel,yirla,senegal,14,1,-3.88461080495476,0.0,15.60553632,-13.18272101,15.6,-13.2,15.6,-13.2,15.6,-13.2,15.6680352,-13.36263999,0.8,-0.1700524091720581,0.1928571428571428,26065860.66616341,0.14886990226419286,0.05713420509071172
303,1731,bignona,kouba,senegal,7,0,-3.03772649011214,,12.86870668,-16.64374447,12.85,-16.65,12.85,-16.65,12.85,-16.65,12.89534328,-16.73379647,0.0,0.0,,0.0,0.16163827129606945,0.0
304,1768,kolda,damanssou,senegal,6,1,-0.866538797824547,1.0,12.90032016,-14.9476098,12.9,-14.95,12.9,-14.95,12.9,-14.95,12.89534328,-14.93936134,1.4,-0.3709653786250523,0.023045822102425884,206637103.51180014,0.28989676015717697,1.000373210194063
305,1779,kolda,doumanssou,senegal,7,1,-1.65729651114275,0.0,12.90032016,-14.9476098,12.9,-14.95,12.9,-14.95,12.9,-14.95,12.89534328,-14.93936134,1.4,-0.3709653786250523,0.023045822102425884,206637103.51180014,0.28989676015717697,1.000373210194063
306,1780,kolda,doumassou,senegal,7,1,-2.61148434090718,1.0,12.90032016,-14.9476098,12.9,-14.95,12.9,-14.95,12.9,-14.95,12.89534328,-14.93936134,1.4,-0.3709653786250523,0.023045822102425884,206637103.51180014,0.28989676015717697,1.000373210194063
307,1787,kolda,doumanssou,senegal,8,1,-2.38441255835742,0.0,12.90032016,-14.9476098,12.9,-14.95,12.9,-14.95,12.9,-14.95,12.89534328,-14.93936134,1.4,-0.3709653786250523,0.023045822102425884,206637103.51180014,0.28989676015717697,1.000373210194063
308,1784,kolda,doumanssou,senegal,6,1,-1.84362117043849,1.0,12.90032016,-14.9476098,12.9,-14.95,12.9,-14.95,12.9,-14.95,12.89534328,-14.93936134,1.4,-0.3709653786250523,0.023045822102425884,206637103.51180014,0.28989676015717697,1.000373210194063
309,1778,kolda,doumassou,senegal,15,2,-2.66436883153408,1.0,12.90032016,-14.9476098,12.9,-14.95,12.9,-14.95,12.9,-14.95,12.89534328,-14.93936134,1.4,-0.3709653786250523,0.023045822102425884,206637103.51180014,0.28989676015717697,1.000373210194063
310,1786,kolda,doumanssou,senegal,12,1,-2.27849553027952,0.0,12.90032016,-14.9476098,12.9,-14.95,12.9,-14.95,12.9,-14.95,12.89534328,-14.93936134,1.4,-0.3709653786250523,0.023045822102425884,206637103.51180014,0.28989676015717697,1.000373210194063
311,1783,kolda,doumanssou,senegal,13,0,-2.37233646614392,,12.90032016,-14.9476098,12.9,-14.95,12.9,-14.95,12.9,-14.95,12.89534328,-14.93936134,1.4,-0.3709653786250523,0.023045822102425884,206637103.51180014,0.28989676015717697,1.000373210194063
312,1647,nioro,keur birame ba,senegal,3,1,-3.08949724723607,1.0,13.78607662,-15.79470889,13.8,-15.8,13.8,-15.8,13.8,-15.8,13.7751637,-15.78133054,0.6,-0.6014266014099121,-0.05526315789473687,27201247.482161015,0.2223787366110958,-0.018317626021133404
313,1540,kanel,yirla,senegal,4,0,-2.35374428879049,1.0,15.60553632,-13.18272101,15.6,-13.2,15.6,-13.2,15.6,-13.2,15.6680352,-13.36263999,0.8,-0.1700524091720581,0.1928571428571428,26065860.66616341,0.14886990226419286,0.05713420509071172
314,1500,matam,diamel,senegal,7,1,-3.52629340414632,1.0,15.83897387,-13.22043021,15.85,-13.2,15.85,-13.2,15.85,-13.2,15.71702669,-13.36263999,0.8,-0.17065495252609253,0.19285714285714287,52655255.40438127,0.16015655117127092,0.32330553063730366
315,1534,kanel,yirla,senegal,5,0,-3.05557369902596,,15.60553632,-13.18272101,15.6,-13.2,15.6,-13.2,15.6,-13.2,15.6680352,-13.36263999,0.8,-0.1700524091720581,0.1928571428571428,26065860.66616341,0.14886990226419286,0.05713420509071172
316,1337,kanel,aoure,senegal,13,3,-2.58559896234522,1.0,15.14596428,-12.94689277,15.15,-12.95,15.15,-12.95,15.15,-12.95,15.23872587,-13.36263999,0.8,-0.20756706595420837,0.19285714285714292,56480806.52208929,0.17407560827176505,0.2201866143609424
317,1933,podor,ndiorna,senegal,20,0,-3.84128695903604,,16.59379009,-14.99088615,16.6,-15.0,16.6,-15.0,16.6,-15.0,16.47147469,-14.93936134,0.0,0.0,,0.0,0.15861178140788185,0.0
318,813,foundiougne,escale,senegal,9,1,-3.27180863067279,1.0,14.75636795,-17.14230905,14.75,-17.15,14.75,-17.15,14.75,-17.15,14.76581033,-17.22764196,0.4,-0.23244976997375488,-0.036206896551724134,46465212.46949579,0.21277517922346564,0.7460713613946405
319,816,foundiougne,passy,senegal,8,0,-3.83561984219298,,13.98543687,-16.25698786,14.0,-16.25,14.0,-16.25,14.0,-16.25,13.9836423,-16.26717045,0.4,-0.31245875358581543,-0.036206896551724155,40611737.75569371,0.22111232687087093,0.43504136653959846
320,1882,podor,dolele,senegal,7,1,-1.79145622860714,0.0,,,,,,,,,14.72402296,-17.45998489,,,,,,
321,926,kebemer,medina,senegal,15,0,-2.2780200459985,,,,,,,,,,14.72402296,-17.45998489,,,,,,
322,925,kebemer,medina,senegal,8,3,-0.263228316649477,1.0,,,,,,,,,14.72402296,-17.45998489,,,,,,
323,1951,podor,ndiorna,senegal,3,2,-1.58437320011141,1.0,16.59379009,-14.99088615,16.6,-15.0,16.6,-15.0,16.6,-15.0,16.47147469,-14.93936134,0.0,0.0,,0.0,0.15861178140788185,0.0
324,1937,podor,ndiorna,senegal,12,0,-2.39365297627924,,16.59379009,-14.99088615,16.6,-15.0,16.6,-15.0,16.6,-15.0,16.47147469,-14.93936134,0.0,0.0,,0.0,0.15861178140788185,0.0
325,1923,podor,nanaye,senegal,4,0,-2.10500496041312,,16.24874342,-14.10811085,16.25,-14.1,16.25,-14.1,16.25,-14.1,16.42033799,-14.01712506,0.8,-0.1521018147468567,-0.07499999999999998,67380541.52758224,0.15275634748350336,0.6490141175309769
326,1608,kanel,sorry (roumbe),senegal,10,0,-2.86143335981122,,15.20066949,-12.94539215,15.2,-12.95,15.2,-12.95,15.2,-12.95,15.23872587,-13.36263999,0.8,-0.18054533004760742,0.19285714285714292,56480806.52208929,0.17427296939413736,0.28027011736422464
327,698,tiwaouane,ndiandiakhoune,senegal,1,0,-2.04309099232576,,,,,,,,,,14.72402296,-17.45998489,,,,,,
328,1134,kaolack,thiakao djiguane,senegal,10,0,-2.2068416937646,,13.99933823,-16.17799307,14.0,-16.2,14.0,-16.2,14.0,-16.2,13.9836423,-16.18754008,0.4,-0.4148802161216736,-0.036206896551724155,40611737.75569371,0.22369397877268424,0.5999461328221787
329,812,foundiougne,passy,senegal,11,4,-1.22491789664447,1.0,13.98543687,-16.25698786,14.0,-16.25,14.0,-16.25,14.0,-16.25,13.9836423,-16.26717045,0.4,-0.31245875358581543,-0.036206896551724155,40611737.75569371,0.22111232687087093,0.43504136653959846
330,1785,kolda,doumanssou,senegal,8,1,-0.409011660055073,1.0,12.90032016,-14.9476098,12.9,-14.95,12.9,-14.95,12.9,-14.95,12.89534328,-14.93936134,1.4,-0.3709653786250523,0.023045822102425884,206637103.51180014,0.28989676015717697,1.000373210194063
331,1775,kolda,doumansou,senegal,5,0,0.66436495319903,,12.90032016,-14.9476098,12.9,-14.95,12.9,-14.95,12.9,-14.95,12.89534328,-14.93936134,1.4,-0.3709653786250523,0.023045822102425884,206637103.51180014,0.28989676015717697,1.000373210194063
332,1767,kolda,doumanssou,senegal,8,0,-0.633533155907546,,12.90032016,-14.9476098,12.9,-14.95,12.9,-14.95,12.9,-14.95,12.89534328,-14.93936134,1.4,-0.3709653786250523,0.023045822102425884,206637103.51180014,0.28989676015717697,1.000373210194063
333,1140,kaolack,thiakho djigane,senegal,7,1,-2.17093781498405,0.0,13.99933823,-16.17799307,14.0,-16.2,14.0,-16.2,14.0,-16.2,13.9836423,-16.18754008,0.4,-0.4148802161216736,-0.036206896551724155,40611737.75569371,0.22369397877268424,0.5999461328221787
334,1146,kaolack,thiakhodjiguane,senegal,15,0,-2.3812629543773,,13.99933823,-16.17799307,14.0,-16.2,14.0,-16.2,14.0,-16.2,13.9836423,-16.18754008,0.4,-0.4148802161216736,-0.036206896551724155,40611737.75569371,0.22369397877268424,0.5999461328221787
335,1133,kaolack,thiakho djigane,senegal,5,0,-1.92984041855626,,13.99933823,-16.17799307,14.0,-16.2,14.0,-16.2,14.0,-16.2,13.9836423,-16.18754008,0.4,-0.4148802161216736,-0.036206896551724155,40611737.75569371,0.22369397877268424,0.5999461328221787
336,865,diourbel,medinatoul,senegal,3,1,0.0455232448867795,1.0,14.73727345,-16.24237956,14.75,-16.25,14.75,-16.25,14.75,-16.25,14.74391863,-16.24558632,0.6,-0.12891010443369547,-0.055263157894736854,56652732.24892815,0.21241840067868403,0.19563670137163727
337,818,foundiougne,passy escale,senegal,8,2,-0.0633498355984127,0.0,14.10973778,-16.69116823,14.1,-16.7,14.1,-16.7,14.1,-16.7,14.13637726,-16.73379647,0.2,-0.3528595566749573,-0.017796610169491522,100753.74472822403,0.12422926974309886,-0.052130638702302494
338,1853,podor,fanaye,senegal,8,1,-0.871887523954205,1.0,16.52599054,-15.22269493,16.55,-15.2,16.55,-15.2,16.55,-15.2,16.47147469,-15.27583107,0.6,-0.15982850392659506,-0.05526315789473685,48192634.69637356,0.15593374637773602,0.6734216227747559
339,1952,podor,ndiorna,senegal,14,2,-0.331355524369175,1.0,16.59379009,-14.99088615,16.6,-15.0,16.6,-15.0,16.6,-15.0,16.47147469,-14.93936134,0.0,0.0,,0.0,0.15861178140788185,0.0
340,1861,podor,fanaye,senegal,6,1,-0.0983871173114819,1.0,16.52599054,-15.22269493,16.55,-15.2,16.55,-15.2,16.55,-15.2,16.47147469,-15.27583107,0.6,-0.15982850392659506,-0.05526315789473685,48192634.69637356,0.15593374637773602,0.6734216227747559
341,1536,kanel,yirla,senegal,9,1,-3.32492556189237,0.0,15.60553632,-13.18272101,15.6,-13.2,15.6,-13.2,15.6,-13.2,15.6680352,-13.36263999,0.8,-0.1700524091720581,0.1928571428571428,26065860.66616341,0.14886990226419286,0.05713420509071172
342,1944,podor,ndiorna,senegal,13,2,-1.71871741231039,1.0,16.59379009,-14.99088615,16.6,-15.0,16.6,-15.0,16.6,-15.0,16.47147469,-14.93936134,0.0,0.0,,0.0,0.15861178140788185,0.0
343,928,kebemer,medina,senegal,9,0,0.540115136101594,,,,,,,,,,14.72402296,-17.45998489,,,,,,
344,1533,kanel,yirla,senegal,9,0,-1.33003099990569,,15.60553632,-13.18272101,15.6,-13.2,15.6,-13.2,15.6,-13.2,15.6680352,-13.36263999,0.8,-0.1700524091720581,0.1928571428571428,26065860.66616341,0.14886990226419286,0.05713420509071172
345,1943,podor,ndiorna,senegal,14,2,0.335638614626994,1.0,16.59379009,-14.99088615,16.6,-15.0,16.6,-15.0,16.6,-15.0,16.47147469,-14.93936134,0.0,0.0,,0.0,0.15861178140788185,0.0
346,6,dakar,grand medine,senegal,5,0,-0.32076558284586,1.0,14.74795,-17.44715,14.75,-17.45,15.599999999999994,-16.599999999999966,14.75,-17.45,14.74391863,-17.45998489,0.0,0.0,,0.0,0.17583396515261224,0.0
347,765,diourbel,medinatoul,senegal,15,0,-0.115120592722344,,14.73727345,-16.24237956,14.75,-16.25,14.75,-16.25,14.75,-16.25,14.74391863,-16.24558632,0.6,-0.12891010443369547,-0.055263157894736854,56652732.24892815,0.21241840067868403,0.19563670137163727
348,811,foundiougne,escale,senegal,9,2,-1.39737143258711,1.0,14.75636795,-17.14230905,14.75,-17.15,14.75,-17.15,14.75,-17.15,14.76581033,-17.22764196,0.4,-0.23244976997375488,-0.036206896551724134,46465212.46949579,0.21277517922346564,0.7460713613946405
349,55,pikine,ousmane faye 05,senegal,6,0,-1.51385563611596,,14.8268,-17.27016,14.85,-17.25,14.75,-17.24999999999997,14.85,-17.25,14.81724179,-17.22764196,0.4,0.0,-0.036206896551724155,108414.2033981107,0.2075499964908114,
350,1934,podor,ndiorna,senegal,20,2,-1.48534327127749,0.0,16.59379009,-14.99088615,16.6,-15.0,16.6,-15.0,16.6,-15.0,16.47147469,-14.93936134,0.0,0.0,,0.0,0.15861178140788185,0.0
351,1419,matam,moderne 2,senegal,12,1,1.31439947545313,1.0,15.61359152,-13.32345921,15.6,-13.3,15.6,-13.3,15.6,-13.3,15.6680352,-13.36263999,0.4,-0.28786253929138184,0.48103448275862065,45684180.71793652,0.15144391499366563,0.01543036411523599
352,1139,kaolack,thiakho djigane,senegal,16,1,-1.41851550231321,1.0,13.99933823,-16.17799307,14.0,-16.2,14.0,-16.2,14.0,-16.2,13.9836423,-16.18754008,0.4,-0.4148802161216736,-0.036206896551724155,40611737.75569371,0.22369397877268424,0.5999461328221787
353,805,foundiougne,passy,senegal,4,0,-0.46226856786919,1.0,13.98543687,-16.25698786,14.0,-16.25,14.0,-16.25,14.0,-16.25,13.9836423,-16.26717045,0.4,-0.31245875358581543,-0.036206896551724155,40611737.75569371,0.22111232687087093,0.43504136653959846
354,1946,podor,ndiarno,senegal,10,2,-0.808203866133107,0.0,16.59379009,-14.99088615,16.6,-15.0,16.6,-15.0,16.6,-15.0,16.47147469,-14.93936134,0.0,0.0,,0.0,0.15861178140788185,0.0
355,1967,st-louis,bouleydi,senegal,4,1,-1.98161117568019,1.0,16.58435183,-15.45257669,16.6,-15.45,16.6,-15.45,16.6,-15.45,16.47147469,-15.40508637,0.0,0.0,,0.0,0.17078814899918124,0.0
356,1741,bakel,ndiaye counda,senegal,8,2,0.0854351552045342,1.0,14.1372415,-15.49080373,14.15,-15.5,14.15,-15.5,14.15,-15.5,14.13637726,-15.5307987,0.4,-0.7484819293022156,-0.036206896551724155,40611737.75569371,0.22504927905881528,1.1801021729815546
357,12,dakar,grand medine,senegal,4,0,0.501540827522105,,14.74795,-17.44715,14.75,-17.45,15.599999999999994,-16.599999999999966,14.75,-17.45,14.74391863,-17.45998489,0.0,0.0,,0.0,0.17583396515261224,0.0
358,808,foundiougne,passy,senegal,11,0,-0.585426418983866,,13.98543687,-16.25698786,14.0,-16.25,14.0,-16.25,14.0,-16.25,13.9836423,-16.26717045,0.4,-0.31245875358581543,-0.036206896551724155,40611737.75569371,0.22111232687087093,0.43504136653959846
359,355,thies,mbour 1,senegal,7,1,-0.0839036479230501,0.0,14.68562239,-17.45034661,14.7,-17.45,14.75,-17.399999999999977,14.7,-17.45,14.66195934,-17.45998489,0.0,0.0,,0.0,0.1047905545263934,0.0
360,821,foundiougne,escale,senegal,13,2,-0.058018269361084,1.0,14.75636795,-17.14230905,14.75,-17.15,14.75,-17.15,14.75,-17.15,14.76581033,-17.22764196,0.4,-0.23244976997375488,-0.036206896551724134,46465212.46949579,0.21277517922346564,0.7460713613946405
361,1956,dagana,bouleydi,senegal,8,0,-0.801738050209911,,16.58435183,-15.45257669,16.6,-15.45,16.6,-15.45,16.6,-15.45,16.47147469,-15.40508637,0.0,0.0,,0.0,0.17078814899918124,0.0
362,1060,louga,santhiaba centre,senegal,7,1,1.8986334583755,1.0,15.6277561,-16.22782692,15.65,-16.25,15.65,-16.25,15.65,-16.25,15.6680352,-16.23192106,1.0,-0.22147805690765382,-0.09545454545454547,31439893.328834556,0.17943069117445687,0.4266692509039231
363,1595,kanel,sorry,senegal,8,1,-1.27826024278176,1.0,15.20066949,-12.94539215,15.2,-12.95,15.2,-12.95,15.2,-12.95,15.23872587,-13.36263999,0.8,-0.18054533004760742,0.19285714285714292,56480806.52208929,0.17427296939413736,0.28027011736422464
364,807,foundiougne,escale,senegal,10,0,-0.648522582615176,,14.75636795,-17.14230905,14.75,-17.15,14.75,-17.15,14.75,-17.15,14.76581033,-17.22764196,0.4,-0.23244976997375488,-0.036206896551724134,46465212.46949579,0.21277517922346564,0.7460713613946405
365,1275,mbacke,khayra,senegal,22,3,1.65272236203682,1.0,14.823157881171742,-15.90761198,14.8,-15.9,14.8,-15.9,14.8,-15.9,14.81724179,-15.88108409,0.2,-0.030669331550598145,-0.017796610169491522,88734721.23539704,0.21091337244339783,0.5545915366157987
366,814,foundiougne,escale,senegal,7,1,1.30547371363323,1.0,14.75636795,-17.14230905,14.75,-17.15,14.75,-17.15,14.75,-17.15,14.76581033,-17.22764196,0.4,-0.23244976997375488,-0.036206896551724134,46465212.46949579,0.21277517922346564,0.7460713613946405
367,1940,podor,ndiorna,senegal,9,1,-2.43136318961708,0.0,16.59379009,-14.99088615,16.6,-15.0,16.6,-15.0,16.6,-15.0,16.47147469,-14.93936134,0.0,0.0,,0.0,0.15861178140788185,0.0
368,542,dakar,hlm 5,senegal,7,1,1.26923418364648,1.0,,,,,,,,,14.72402296,-17.45998489,,,,,,
369,1966,st-louis,bouleydji,senegal,11,2,-1.31746452616721,1.0,16.58435183,-15.45257669,16.6,-15.45,16.6,-15.45,16.6,-15.45,16.47147469,-15.40508637,0.0,0.0,,0.0,0.17078814899918124,0.0
370,1849,st-louis,sor nord,senegal,12,1,-0.634314314651848,1.0,16.03200409,-16.47188231,16.05,-16.45,16.05,-16.45,16.05,-16.45,16.0110665,-16.45109143,0.0,0.0,,0.0,0.15915969174752542,0.0
371,817,foundiougne,passy leona,senegal,10,2,0.634861248197051,1.0,13.98148365,-16.3182542,14.0,-16.3,14.0,-16.3,14.0,-16.3,13.9817835,-16.26780651,0.4,-0.29182225465774536,-0.036206896551724155,40611737.75569371,0.21943748493279638,0.33093483947087843
372,545,dakar,hlm 5,senegal,6,1,1.84686270125157,1.0,,,,,,,,,14.72402296,-17.45998489,,,,,,
373,1858,podor,fanaye,senegal,5,1,-2.14483842562208,1.0,16.52599054,-15.22269493,16.55,-15.2,16.55,-15.2,16.55,-15.2,16.47147469,-15.27583107,0.6,-0.15982850392659506,-0.05526315789473685,48192634.69637356,0.15593374637773602,0.6734216227747559
374,1070,kebemer,affe leye 1,senegal,8,0,-2.75964221136897,,15.80634938,-16.29988776,15.8,-16.3,15.8,-16.3,15.8,-16.3,15.71702669,-16.26780651,0.8,-0.2785879969596863,-0.07500000000000004,37650997.735654265,0.17205813517475146,0.24934578182447642
375,1212,mbacke,madiyana 1,senegal,6,2,-1.34650039816614,1.0,14.9198,-15.8823,14.9,-15.9,14.9,-15.9,14.9,-15.9,14.85551526,-15.88108409,0.2,-0.08189427852630615,-0.017796610169491522,88734721.23539704,0.19760650366240864,0.3011360268655398
376,1620,matam,wodabe,senegal,4,0,-2.88666172700387,,15.54077403,-13.24904558,15.55,-13.25,15.55,-13.25,15.55,-13.25,15.6680352,-13.36263999,0.6,-0.19497605164845785,0.29561403508771933,34455759.65059786,0.14055469494761255,0.1009059454995454
377,1080,kebemer,affe leye,senegal,5,0,-2.21112346104036,,15.80634938,-16.29988776,15.8,-16.3,15.8,-16.3,15.8,-16.3,15.71702669,-16.26780651,0.8,-0.2785879969596863,-0.07500000000000004,37650997.735654265,0.17205813517475146,0.24934578182447642
378,1076,kebemer,affe leye,senegal,8,1,-2.44901766862538,1.0,15.80634938,-16.29988776,15.8,-16.3,15.8,-16.3,15.8,-16.3,15.71702669,-16.26780651,0.8,-0.2785879969596863,-0.07500000000000004,37650997.735654265,0.17205813517475146,0.24934578182447642
379,1268,mbacke,keur niang khayra,senegal,7,1,-1.00706628779819,1.0,14.823157881171742,-15.90761198,14.8,-15.9,14.8,-15.9,14.8,-15.9,14.81724179,-15.88108409,0.2,-0.030669331550598145,-0.017796610169491522,88734721.23539704,0.21091337244339783,0.5545915366157987
380,906,bambeye,baridian,senegal,10,1,-3.07430467667792,1.0,14.71688363,-17.46683875,14.7,-17.45,14.75,-17.399999999999977,14.7,-17.45,14.72094534,-17.45998489,0.0,0.0,,0.0,0.1047905545263934,0.0
381,1216,mbacke,touba madiyana,senegal,5,0,0.573980139032154,,14.9198,-15.8823,14.9,-15.9,14.9,-15.9,14.9,-15.9,14.85551526,-15.88108409,0.2,-0.08189427852630615,-0.017796610169491522,88734721.23539704,0.19760650366240864,0.3011360268655398
382,796,nioro,guede bousso,senegal,10,1,-1.85717507237806,1.0,14.89820198,-15.86724177,14.9,-15.85,14.9,-15.85,14.9,-15.85,14.85551526,-15.88108409,0.2,-0.07495784759521484,-0.017796610169491522,88734721.23539704,0.2087404012816917,0.45797913261875534
383,1078,kebemer,affe leye 1,senegal,14,1,-1.02154975718662,1.0,15.80634938,-16.29988776,15.8,-16.3,15.8,-16.3,15.8,-16.3,15.71702669,-16.26780651,0.8,-0.2785879969596863,-0.07500000000000004,37650997.735654265,0.17205813517475146,0.24934578182447642
384,1857,podor,fanaye,senegal,3,1,-0.866237485814821,0.0,16.52599054,-15.22269493,16.55,-15.2,16.55,-15.2,16.55,-15.2,16.47147469,-15.27583107,0.6,-0.15982850392659506,-0.05526315789473685,48192634.69637356,0.15593374637773602,0.6734216227747559
385,1401,matam,boynadji roumde,senegal,13,2,-3.295901983468,1.0,15.66051954,-13.35041654,15.65,-13.35,15.65,-13.35,15.65,-13.35,15.6680352,-13.36263999,0.8,-0.16032558679580688,0.46071428571428574,24715000.212572217,0.154766297982673,0.1382486800476584
386,1081,kebemer,nguene seye,senegal,5,1,-2.32311188649344,1.0,15.36305,-16.22797,15.35,-16.25,15.35,-16.25,15.35,-16.25,15.38130032,-16.23192106,1.2,-0.14546525478363037,-0.1166666666666667,30431244.908496004,0.19820373921006,0.5750353205195374
387,1644,nioro,damba malick,senegal,23,3,-2.16265768942744,1.0,13.78607662,-15.79470889,13.8,-15.8,13.8,-15.8,13.8,-15.8,13.7751637,-15.78133054,0.6,-0.6014266014099121,-0.05526315789473687,27201247.482161015,0.2223787366110958,-0.018317626021133404
388,911,bambeye,baridian,senegal,18,2,-1.06037782502957,1.0,14.71688363,-17.46683875,14.7,-17.45,14.75,-17.399999999999977,14.7,-17.45,14.72094534,-17.45998489,0.0,0.0,,0.0,0.1047905545263934,0.0
389,789,mbacke,guede bousso,senegal,8,0,-0.4141099580479,,14.89820198,-15.86724177,14.9,-15.85,14.9,-15.85,14.9,-15.85,14.85551526,-15.88108409,0.2,-0.07495784759521484,-0.017796610169491522,88734721.23539704,0.2087404012816917,0.45797913261875534
390,794,mbacke,guede bousso,senegal,11,3,-0.866287552165235,1.0,14.89820198,-15.86724177,14.9,-15.85,14.9,-15.85,14.9,-15.85,14.85551526,-15.88108409,0.2,-0.07495784759521484,-0.017796610169491522,88734721.23539704,0.2087404012816917,0.45797913261875534
391,1250,mbacke,darou khoudoss,senegal,9,1,0.338108538016339,1.0,14.8653417,-15.87905597,14.85,-15.9,14.85,-15.9,14.85,-15.9,14.85551526,-15.88108409,0.2,-0.06695318222045898,-0.017796610169491522,88734721.23539704,0.19541316933321964,0.4296550142673737
392,703,tiwaouane,khandane,senegal,9,0,-1.81719022261746,,,,,,,,,,14.72402296,-17.45998489,,,,,,
393,637,rufisque,niagha ouolof,senegal,12,2,-0.0384342749625632,1.0,14.80539524,-17.23892342,14.8,-17.25,14.8,-17.25,14.8,-17.25,14.81724179,-17.22764196,0.4,0.0,-0.036206896551724155,108414.2033981107,0.21121838802929951,0.5477543569909434
394,700,tiwaouane,khandane,senegal,8,1,-2.42957758980371,0.0,,,,,,,,,14.72402296,-17.45998489,,,,,,
395,1642,nioro,keur amath drame,senegal,15,0,-2.46997724666002,,13.78607662,-15.79470889,13.8,-15.8,13.8,-15.8,13.8,-15.8,13.7751637,-15.78133054,0.6,-0.6014266014099121,-0.05526315789473687,27201247.482161015,0.2223787366110958,-0.018317626021133404
396,1242,mbacke,drou khoudoss,senegal,13,1,-0.192469842701496,1.0,14.8653417,-15.87905597,14.85,-15.9,14.85,-15.9,14.85,-15.9,14.85551526,-15.88108409,0.2,-0.06695318222045898,-0.017796610169491522,88734721.23539704,0.19541316933321964,0.4296550142673737
397,1215,mbacke,madiyana,senegal,9,3,-0.452938025890849,0.0,14.9198,-15.8823,14.9,-15.9,14.9,-15.9,14.9,-15.9,14.85551526,-15.88108409,0.2,-0.08189427852630615,-0.017796610169491522,88734721.23539704,0.19760650366240864,0.3011360268655398
398,1585,ranerou,wourou doro,senegal,30,2,-2.12006883574786,1.0,15.00226737,-14.67912165,15.0,-14.7,15.0,-14.7,15.0,-14.7,15.03429087,-14.76136369,0.4,-0.1965271234512329,-0.03620689655172413,48087754.75601864,0.19756251154319449,-0.12812182152847945
399,1214,mbacke,madiyana,senegal,7,1,1.80824864420862,1.0,14.9198,-15.8823,14.9,-15.9,14.9,-15.9,14.9,-15.9,14.85551526,-15.88108409,0.2,-0.08189427852630615,-0.017796610169491522,88734721.23539704,0.19760650366240864,0.3011360268655398
400,1272,mbacke,khayra,senegal,9,1,1.71342947678868,1.0,14.823157881171742,-15.90761198,14.8,-15.9,14.8,-15.9,14.8,-15.9,14.81724179,-15.88108409,0.2,-0.030669331550598145,-0.017796610169491522,88734721.23539704,0.21091337244339783,0.5545915366157987
401,919,bambeye,baridian,senegal,17,2,-1.68612268859251,1.0,14.71688363,-17.46683875,14.7,-17.45,14.75,-17.399999999999977,14.7,-17.45,14.72094534,-17.45998489,0.0,0.0,,0.0,0.1047905545263934,0.0
402,920,bambeye,baridian,senegal,19,2,-1.69636600052197,1.0,14.71688363,-17.46683875,14.7,-17.45,14.75,-17.399999999999977,14.7,-17.45,14.72094534,-17.45998489,0.0,0.0,,0.0,0.1047905545263934,0.0
403,1766,bakel,sinthiou,senegal,23,0,-2.29756857445849,,15.36926899,-13.13837955,15.35,-13.15,15.35,-13.15,15.35,-13.15,15.38130032,-13.36263999,0.6,-0.13163244724273682,0.2956140350877194,61154240.63180222,0.16681855154747224,0.18305023427250497
404,1243,mbacke,darou khoudoss,senegal,18,0,1.02094856025161,,14.8653417,-15.87905597,14.85,-15.9,14.85,-15.9,14.85,-15.9,14.85551526,-15.88108409,0.2,-0.06695318222045898,-0.017796610169491522,88734721.23539704,0.19541316933321964,0.4296550142673737
405,1481,matam,hodio,senegal,18,2,-2.48711051435972,1.0,16.05755556,-13.72019879,16.05,-13.7,16.05,-13.7,16.05,-13.7,16.0110665,-13.6728487,0.6,-0.18328376611073813,-0.055263157894736806,31792169.6249615,0.14350105402980165,0.07684000194064988
406,1344,matam,sinthiou cire mato,senegal,26,2,0.418871282652338,1.0,16.04509141,-13.72755926,16.05,-13.75,16.05,-13.75,16.05,-13.75,16.0110665,-13.6728487,0.6,-0.18443707625071207,-0.055263157894736806,31792169.6249615,0.1459155613254634,0.05577000884684254
407,1239,mbacke,darou khoudoss,senegal,6,2,1.11019205093809,0.0,14.8653417,-15.87905597,14.85,-15.9,14.85,-15.9,14.85,-15.9,14.85551526,-15.88108409,0.2,-0.06695318222045898,-0.017796610169491522,88734721.23539704,0.19541316933321964,0.4296550142673737
408,1471,kanel,asnde balla,senegal,14,0,-2.05905330056609,,14.47940917,-14.51631588,14.5,-14.5,14.5,-14.5,14.5,-14.5,14.47252629,-14.56250057,1.0,-0.21906211376190185,-0.09545454545454549,255080663.30926532,0.21874186004948312,0.4714134171233225
409,1204,mbacke,madiyana,senegal,5,0,-1.19508165465946,,14.9198,-15.8823,14.9,-15.9,14.9,-15.9,14.9,-15.9,14.85551526,-15.88108409,0.2,-0.08189427852630615,-0.017796610169491522,88734721.23539704,0.19760650366240864,0.3011360268655398
410,1851,podor,yelitane,senegal,1,0,-0.622679137233813,,,,,,,,,,14.72402296,-17.45998489,,,,,,
411,801,mbacke,guede,senegal,3,1,0.625750896156086,1.0,14.89820198,-15.86724177,14.9,-15.85,14.9,-15.85,14.9,-15.85,14.85551526,-15.88108409,0.2,-0.07495784759521484,-0.017796610169491522,88734721.23539704,0.2087404012816917,0.45797913261875534
412,1850,podor,yetarre,senegal,1,0,-0.622679137233813,,16.52936484,-15.20234492,16.55,-15.2,16.55,-15.2,16.55,-15.2,16.47147469,-15.27583107,0.6,-0.15982850392659506,-0.05526315789473685,48192634.69637356,0.15593374637773602,0.6734216227747559
413,1924,podor,nanaye,senegal,11,2,-1.58775825005704,1.0,16.24874342,-14.10811085,16.25,-14.1,16.25,-14.1,16.25,-14.1,16.42033799,-14.01712506,0.8,-0.1521018147468567,-0.07499999999999998,67380541.52758224,0.15275634748350336,0.6490141175309769
414,699,tiwaouane,khandane,senegal,5,0,-1.56162159631001,,,,,,,,,,14.72402296,-17.45998489,,,,,,
415,1915,podor,nanaye,senegal,6,1,-1.4891425363365,1.0,16.24874342,-14.10811085,16.25,-14.1,16.25,-14.1,16.25,-14.1,16.42033799,-14.01712506,0.8,-0.1521018147468567,-0.07499999999999998,67380541.52758224,0.15275634748350336,0.6490141175309769
416,1919,podor,nanaye,senegal,5,5,-0.554785557785894,1.0,16.24874342,-14.10811085,16.25,-14.1,16.25,-14.1,16.25,-14.1,16.42033799,-14.01712506,0.8,-0.1521018147468567,-0.07499999999999998,67380541.52758224,0.15275634748350336,0.6490141175309769
417,1131,kaolack,sara ndiougary,senegal,6,2,-1.57946880522383,1.0,,,,,,,,,14.72402296,-17.45998489,,,,,,
418,1879,podor,dodele,senegal,6,2,-2.32070450931851,1.0,16.50354464,-14.42019001,16.5,-14.4,16.5,-14.4,16.5,-14.4,16.47147469,-14.56250057,0.6,-0.22772661844889322,-0.05526315789473683,87642230.13625772,0.13799019896814188,0.6664631656013654
419,958,louga,mbodjiene,senegal,10,2,-2.80941135702797,1.0,14.23001387,-16.86834878,14.25,-16.85,14.25,-16.85,14.25,-16.85,14.22169871,-16.92877566,0.4,0.0,-0.036206896551724155,124021.92331881705,0.22192485985706842,0.7154283909429164
420,1459,kanel,medina torobe,senegal,6,1,-3.14551551262353,1.0,15.41865156,-13.18384815,15.4,-13.2,15.4,-13.2,15.4,-13.2,15.38130032,-13.36263999,0.8,-0.0967683494091034,0.46071428571428574,46524090.52397067,0.17408198753632792,0.19752567701829973
421,1356,matam,agnam civol,senegal,5,2,-0.702742650094642,1.0,16.00801046,-13.68783836,16.0,-13.7,16.0,-13.7,16.0,-13.7,16.0110665,-13.6728487,0.4,-0.31820470094680786,-0.03620689655172412,47665098.4684764,0.15609126016307415,0.4452895588499679
422,960,louga,ndieuk,senegal,3,0,-0.866237485814821,,15.41529756,-16.07521462,15.4,-16.1,15.4,-16.1,15.4,-16.1,15.38130032,-16.09656209,1.0,-0.13866031169891357,-0.09545454545454543,35678353.149476305,0.20108135906133404,0.46624307139741994
423,907,bambeye,paye baridian,senegal,6,0,-3.02253391955399,,14.71688363,-17.46683875,14.7,-17.45,14.75,-17.399999999999977,14.7,-17.45,14.72094534,-17.45998489,0.0,0.0,,0.0,0.1047905545263934,0.0
424,1566,matam,mango,senegal,4,1,-1.9992656546885,1.0,15.60094582,-13.322622,15.6,-13.3,15.6,-13.3,15.6,-13.3,15.6680352,-13.36263999,0.4,-0.28786253929138184,0.48103448275862065,45684180.71793652,0.15144391499366563,0.01543036411523599
425,1354,matam,agnam civol,senegal,6,1,-3.61145232673891,0.0,16.00801046,-13.68783836,16.0,-13.7,16.0,-13.7,16.0,-13.7,16.0110665,-13.6728487,0.4,-0.31820470094680786,-0.03620689655172412,47665098.4684764,0.15609126016307415,0.4452895588499679
426,1327,kanel,aoure,senegal,6,0,-3.45906424442952,,15.14596428,-12.94689277,15.15,-12.95,15.15,-12.95,15.15,-12.95,15.23872587,-13.36263999,0.8,-0.20756706595420837,0.19285714285714292,56480806.52208929,0.17407560827176505,0.2201866143609424
427,1484,matam,asnde balla,senegal,4,2,-0.882970961225684,1.0,14.47940917,-14.51631588,14.5,-14.5,14.5,-14.5,14.5,-14.5,14.47252629,-14.56250057,1.0,-0.21906211376190185,-0.09545454545454549,255080663.30926532,0.21874186004948312,0.4714134171233225
428,1470,kanel,asnde balla,senegal,13,0,-2.48982606703877,,14.47940917,-14.51631588,14.5,-14.5,14.5,-14.5,14.5,-14.5,14.47252629,-14.56250057,1.0,-0.21906211376190185,-0.09545454545454549,255080663.30926532,0.21874186004948312,0.4714134171233225
429,1873,podor,dolele,senegal,18,4,-2.18398441530015,1.0,,,,,,,,,14.72402296,-17.45998489,,,,,,
430,8083,matam,diamel,senegal,7,0,-2.92269237171405,,15.83897387,-13.22043021,15.85,-13.2,15.85,-13.2,15.85,-13.2,15.71702669,-13.36263999,0.8,-0.17065495252609253,0.19285714285714287,52655255.40438127,0.16015655117127092,0.32330553063730366
431,706,tiwaouane,khandane,senegal,2,2,-1.69897993955031,1.0,,,,,,,,,14.72402296,-17.45998489,,,,,,
432,1434,matam,golere,senegal,4,2,-2.38276344211302,0.0,16.24895647,-14.10938504,16.25,-14.1,16.25,-14.1,16.25,-14.1,16.42033799,-14.01712506,0.8,-0.1521018147468567,-0.07499999999999998,67380541.52758224,0.15275634748350336,0.6490141175309769
433,1891,podor,sourboty mery,senegal,7,0,-2.26456474004845,,16.22157694370984,-14.09291881,16.2,-14.1,16.2,-14.1,16.2,-14.1,16.42033799,-14.01712506,0.8,-0.14679557085037231,-0.07499999999999998,67380541.52758224,0.16257231860629903,0.5971275199775935
434,722,gossas,keur el hadj,senegal,6,0,-0.882970961225684,,,,,,,,,,14.72402296,-17.45998489,,,,,,
435,961,louga,ndieuk,senegal,6,0,-1.55669579578268,,15.41529756,-16.07521462,15.4,-16.1,15.4,-16.1,15.4,-16.1,15.38130032,-16.09656209,1.0,-0.13866031169891357,-0.09545454545454543,35678353.149476305,0.20108135906133404,0.46624307139741994
436,1874,podor,dodele,senegal,13,0,-2.0513154115928,,16.50354464,-14.42019001,16.5,-14.4,16.5,-14.4,16.5,-14.4,16.47147469,-14.56250057,0.6,-0.22772661844889322,-0.05526315789473683,87642230.13625772,0.13799019896814188,0.6664631656013654
437,1260,mbacke,khaira,senegal,3,0,-1.89961766830575,,14.823157881171742,-15.90761198,14.8,-15.9,14.8,-15.9,14.8,-15.9,14.81724179,-15.88108409,0.2,-0.030669331550598145,-0.017796610169491522,88734721.23539704,0.21091337244339783,0.5545915366157987
438,1526,kanel,gouricky samba diome,senegal,12,1,-2.99563159214919,1.0,15.43737252,-12.9487353,15.45,-12.95,15.45,-12.95,15.45,-12.95,15.38130032,-13.36263999,0.8,-0.19217804074287415,0.46071428571428574,46524090.52397067,0.1516191447405645,0.3151612221831078
439,959,louga,ndieuk,senegal,6,0,-2.31466497528823,,15.41529756,-16.07521462,15.4,-16.1,15.4,-16.1,15.4,-16.1,15.38130032,-16.09656209,1.0,-0.13866031169891357,-0.09545454545454543,35678353.149476305,0.20108135906133404,0.46624307139741994
440,1448,kanel,medina torobe,senegal,14,0,-3.05775650069791,,15.41865156,-13.18384815,15.4,-13.2,15.4,-13.2,15.4,-13.2,15.38130032,-13.36263999,0.8,-0.0967683494091034,0.46071428571428574,46524090.52397067,0.17408198753632792,0.19752567701829973
441,754,diourbel,medinatoul,senegal,9,1,-0.994123598517202,0.0,14.73727345,-16.24237956,14.75,-16.25,14.75,-16.25,14.75,-16.25,14.74391863,-16.24558632,0.6,-0.12891010443369547,-0.055263157894736854,56652732.24892815,0.21241840067868403,0.19563670137163727
442,1907,podor,mery,senegal,4,2,-0.866237485814821,1.0,16.42777753,-14.09801568,16.45,-14.1,16.45,-14.1,16.45,-14.1,16.42033799,-14.01712506,0.6,-0.2016923427581787,-0.05526315789473683,87642230.13625772,0.14516387759546714,0.1830651687237986
443,1894,podor,mery,senegal,8,1,-1.12509127143448,0.0,16.42777753,-14.09801568,16.45,-14.1,16.45,-14.1,16.45,-14.1,16.42033799,-14.01712506,0.6,-0.2016923427581787,-0.05526315789473683,87642230.13625772,0.14516387759546714,0.1830651687237986
444,1322,kanel,aoure,senegal,5,0,-2.34658988788048,,15.14596428,-12.94689277,15.15,-12.95,15.15,-12.95,15.15,-12.95,15.23872587,-13.36263999,0.8,-0.20756706595420837,0.19285714285714292,56480806.52208929,0.17407560827176505,0.2201866143609424
445,387,mbour,thiarene h2,senegal,7,0,-1.6145060869369,,15.7668346,-13.47659022,15.75,-13.5,15.75,-13.5,15.75,-13.5,15.71702669,-13.36263999,0.6,-0.17001124223073324,0.2956140350877194,32654612.379142936,0.16650075567132303,0.25679245919352783
446,359,thies,mbour i,senegal,4,0,-1.1939679211565,,14.68562239,-17.45034661,14.7,-17.45,14.75,-17.399999999999977,14.7,-17.45,14.66195934,-17.45998489,0.0,0.0,,0.0,0.1047905545263934,0.0
447,951,louga,mbodjiene,senegal,9,1,-1.77951893669216,1.0,14.23001387,-16.86834878,14.25,-16.85,14.25,-16.85,14.25,-16.85,14.22169871,-16.92877566,0.4,0.0,-0.036206896551724155,124021.92331881705,0.22192485985706842,0.7154283909429164
448,702,tiwaouane,khandane,senegal,6,0,-1.61339235343394,,,,,,,,,,14.72402296,-17.45998489,,,,,,
449,740,gossas,keur el hadji,senegal,5,1,-1.93483120806396,1.0,14.49623916,-16.0640894,14.5,-16.05,14.5,-16.05,14.5,-16.05,14.50274052,-16.09656209,0.4,-0.4366685152053833,-0.036206896551724155,40611737.75569371,0.20658793774428785,0.3662766276201639
450,711,tiwaouane,khandane,senegal,15,2,-2.17553750409493,1.0,,,,,,,,,14.72402296,-17.45998489,,,,,,
451,1111,kaolack,sara ndiougary,senegal,2,0,-1.39182585554978,,,,,,,,,,14.72402296,-17.45998489,,,,,,
452,1492,matam,diamel,senegal,14,0,-2.45028589265328,,15.83897387,-13.22043021,15.85,-13.2,15.85,-13.2,15.85,-13.2,15.71702669,-13.36263999,0.8,-0.17065495252609253,0.19285714285714287,52655255.40438127,0.16015655117127092,0.32330553063730366
453,746,diourbel,medinatoul,senegal,10,0,-1.45681830173507,,14.73727345,-16.24237956,14.75,-16.25,14.75,-16.25,14.75,-16.25,14.74391863,-16.24558632,0.6,-0.12891010443369547,-0.055263157894736854,56652732.24892815,0.21241840067868403,0.19563670137163727
454,1225,diourbel,thierno kandji,senegal,10,2,-0.4141099580479,0.0,14.6563661,-16.23464222,14.65,-16.25,14.65,-16.25,14.65,-16.25,14.66195934,-16.23192106,0.4,-0.32031071186065674,-0.036206896551724155,40611737.75569371,0.20315482194846746,0.31515939206315724
455,914,bambeye,pape baridian,senegal,8,1,-1.49457088723396,1.0,14.71688363,-17.46683875,14.7,-17.45,14.75,-17.399999999999977,14.7,-17.45,14.72094534,-17.45998489,0.0,0.0,,0.0,0.1047905545263934,0.0
456,1476,matam,hodio,senegal,6,2,0.0946905290704043,1.0,16.05755556,-13.72019879,16.05,-13.7,16.05,-13.7,16.05,-13.7,16.0110665,-13.6728487,0.6,-0.18328376611073813,-0.055263157894736806,31792169.6249615,0.14350105402980165,0.07684000194064988
457,1900,podor,mery,senegal,3,1,-1.27297358044389,1.0,16.42777753,-14.09801568,16.45,-14.1,16.45,-14.1,16.45,-14.1,16.42033799,-14.01712506,0.6,-0.2016923427581787,-0.05526315789473683,87642230.13625772,0.14516387759546714,0.1830651687237986
458,1487,matam,ndiakar,senegal,5,3,-1.91511212946191,1.0,,,,,,,,,14.72402296,-17.45998489,,,,,,
459,1200,mbacke,touba madiyana,senegal,6,0,-2.48137915583355,,14.9198,-15.8823,14.9,-15.9,14.9,-15.9,14.9,-15.9,14.85551526,-15.88108409,0.2,-0.08189427852630615,-0.017796610169491522,88734721.23539704,0.19760650366240864,0.3011360268655398
460,729,gossas,keur el hadji,senegal,5,1,-0.855647544291506,1.0,14.49623916,-16.0640894,14.5,-16.05,14.5,-16.05,14.5,-16.05,14.50274052,-16.09656209,0.4,-0.4366685152053833,-0.036206896551724155,40611737.75569371,0.20658793774428785,0.3662766276201639
461,895,bambeye,leona,senegal,8,1,-2.18579487085959,1.0,14.72956183,-16.45421075,14.75,-16.45,14.75,-16.45,14.75,-16.45,14.72402296,-16.45109143,0.6,-0.1732077201207479,-0.055263157894736854,56652732.24892815,0.2106700793517958,0.11088883375863534
462,705,tiwaouane,khandane,senegal,16,1,-2.074403367022,0.0,,,,,,,,,14.72402296,-17.45998489,,,,,,
463,1480,matam,ndiakir,senegal,5,1,-0.969779000062685,1.0,16.02259398,-13.70369001,16.0,-13.7,16.0,-13.7,16.0,-13.7,16.0110665,-13.6728487,0.4,-0.31820470094680786,-0.03620689655172412,47665098.4684764,0.15609126016307415,0.4452895588499679
464,1289,mbacke,mbacke khewar,senegal,9,3,-1.81243721228153,1.0,14.80411689,-15.91020024,14.8,-15.9,14.8,-15.9,14.8,-15.9,14.81724179,-15.88108409,0.2,-0.030669331550598145,-0.017796610169491522,88734721.23539704,0.21091337244339783,0.5545915366157987
465,748,diourbel,medinatoul,senegal,6,1,-1.11060780204605,1.0,14.73727345,-16.24237956,14.75,-16.25,14.75,-16.25,14.75,-16.25,14.74391863,-16.24558632,0.6,-0.12891010443369547,-0.055263157894736854,56652732.24892815,0.21241840067868403,0.19563670137163727
466,1898,podor,mery,senegal,5,1,-1.50492503865875,1.0,16.42777753,-14.09801568,16.45,-14.1,16.45,-14.1,16.45,-14.1,16.42033799,-14.01712506,0.6,-0.2016923427581787,-0.05526315789473683,87642230.13625772,0.14516387759546714,0.1830651687237986
467,1425,matam,golere,senegal,8,0,-3.30082778399532,,16.24895647,-14.10938504,16.25,-14.1,16.25,-14.1,16.25,-14.1,16.42033799,-14.01712506,0.8,-0.1521018147468567,-0.07499999999999998,67380541.52758224,0.15275634748350336,0.6490141175309769
468,708,tiwaouane,khandane,senegal,7,2,-1.42726890297285,1.0,,,,,,,,,14.72402296,-17.45998489,,,,,,
469,778,diourbel,medinatoul,senegal,17,2,-1.82426616805955,0.0,14.73727345,-16.24237956,14.75,-16.25,14.75,-16.25,14.75,-16.25,14.74391863,-16.24558632,0.6,-0.12891010443369547,-0.055263157894736854,56652732.24892815,0.21241840067868403,0.19563670137163727
470,1910,podor,ndiouganabe,senegal,31,4,-2.47506831316911,1.0,16.42777753,-14.09801568,16.45,-14.1,16.45,-14.1,16.45,-14.1,16.42033799,-14.01712506,0.6,-0.2016923427581787,-0.05526315789473683,87642230.13625772,0.14516387759546714,0.1830651687237986
471,1485,matam,asnde balla,senegal,8,1,-1.56273532981297,0.0,14.47940917,-14.51631588,14.5,-14.5,14.5,-14.5,14.5,-14.5,14.47252629,-14.56250057,1.0,-0.21906211376190185,-0.09545454545454549,255080663.30926532,0.21874186004948312,0.4714134171233225
472,1088,kebemer,affe leye 2,senegal,4,1,-1.6708003467319,1.0,15.80634938,-16.29988776,15.8,-16.3,15.8,-16.3,15.8,-16.3,15.71702669,-16.26780651,0.8,-0.2785879969596863,-0.07500000000000004,37650997.735654265,0.17205813517475146,0.24934578182447642
473,1437,matam,thiambe,senegal,4,1,-2.39836064500441,1.0,15.63263924,-13.3254062,15.65,-13.35,15.65,-13.35,15.65,-13.35,15.6680352,-13.36263999,0.8,-0.16032558679580688,0.46071428571428574,24715000.212572217,0.154766297982673,0.1382486800476584
474,1218,diourbel,thierno kandji,senegal,8,0,-0.955295530674253,,14.6563661,-16.23464222,14.65,-16.25,14.65,-16.25,14.65,-16.25,14.66195934,-16.23192106,0.4,-0.32031071186065674,-0.036206896551724155,40611737.75569371,0.20315482194846746,0.31515939206315724
475,1458,kanel,medina torobe,senegal,18,3,-1.17686202855841,1.0,15.41865156,-13.18384815,15.4,-13.2,15.4,-13.2,15.4,-13.2,15.38130032,-13.36263999,0.8,-0.0967683494091034,0.46071428571428574,46524090.52397067,0.17408198753632792,0.19752567701829973
476,371,mbour,chateau d'eau,senegal,9,0,-0.452938025890849,,14.65934807,-17.43678063,14.65,-17.45,14.75,-17.349999999999966,14.65,-17.45,14.66195934,-17.45998489,0.0,0.0,,0.0,0.14700023032453297,0.0
477,744,diourbel,medinatoul,senegal,7,0,-1.00706628779819,,14.73727345,-16.24237956,14.75,-16.25,14.75,-16.25,14.75,-16.25,14.74391863,-16.24558632,0.6,-0.12891010443369547,-0.055263157894736854,56652732.24892815,0.21241840067868403,0.19563670137163727
478,843,diourbel,medinatoul ouest,senegal,4,1,-1.40742305844117,1.0,14.65849563,-16.23483977,14.65,-16.25,14.65,-16.25,14.65,-16.25,14.66195934,-16.23192106,0.4,-0.32031071186065674,-0.036206896551724155,40611737.75569371,0.20315482194846746,0.31515939206315724
479,1463,kanel,medina torobe,senegal,11,3,-3.02126569552609,1.0,15.41865156,-13.18384815,15.4,-13.2,15.4,-13.2,15.4,-13.2,15.38130032,-13.36263999,0.8,-0.0967683494091034,0.46071428571428574,46524090.52397067,0.17408198753632792,0.19752567701829973
480,1462,kanel,medina torobe,senegal,9,1,-3.49789231227247,1.0,15.41865156,-13.18384815,15.4,-13.2,15.4,-13.2,15.4,-13.2,15.38130032,-13.36263999,0.8,-0.0967683494091034,0.46071428571428574,46524090.52397067,0.17408198753632792,0.19752567701829973
481,1224,diourbel,thierno kandji,senegal,10,3,-1.09920589287251,1.0,14.6563661,-16.23464222,14.65,-16.25,14.65,-16.25,14.65,-16.25,14.66195934,-16.23192106,0.4,-0.32031071186065674,-0.036206896551724155,40611737.75569371,0.20315482194846746,0.31515939206315724
482,1645,nioro,medina ndiayenne,senegal,11,3,-1.58775825005704,1.0,13.78607662,-15.79470889,13.8,-15.8,13.8,-15.8,13.8,-15.8,13.7751637,-15.78133054,0.6,-0.6014266014099121,-0.05526315789473687,27201247.482161015,0.2223787366110958,-0.018317626021133404
483,719,tiwaouane,khandane,senegal,8,7,-0.959424848637899,1.0,,,,,,,,,14.72402296,-17.45998489,,,,,,
484,1537,kanel,yirla,senegal,9,1,-2.77875120060987,1.0,15.60553632,-13.18272101,15.6,-13.2,15.6,-13.2,15.6,-13.2,15.6680352,-13.36263999,0.8,-0.1700524091720581,0.1928571428571428,26065860.66616341,0.14886990226419286,0.05713420509071172
485,4083,kebemer,nguene seye,senegal,37,5,-1.37123076339138,1.0,15.36305,-16.22797,15.35,-16.25,15.35,-16.25,15.35,-16.25,15.38130032,-16.23192106,1.2,-0.14546525478363037,-0.1166666666666667,30431244.908496004,0.19820373921006,0.5750353205195374
486,1334,kanel,aoure,senegal,9,1,-2.90604971602514,1.0,15.14596428,-12.94689277,15.15,-12.95,15.15,-12.95,15.15,-12.95,15.23872587,-13.36263999,0.8,-0.20756706595420837,0.19285714285714292,56480806.52208929,0.17407560827176505,0.2201866143609424
487,1632,nioro,keur birame ba,senegal,14,0,-2.51657092807156,,13.78607662,-15.79470889,13.8,-15.8,13.8,-15.8,13.8,-15.8,13.7751637,-15.78133054,0.6,-0.6014266014099121,-0.05526315789473687,27201247.482161015,0.2223787366110958,-0.018317626021133404
488,1489,matam,diamel,senegal,3,1,-2.83489096987994,0.0,15.83897387,-13.22043021,15.85,-13.2,15.85,-13.2,15.85,-13.2,15.71702669,-13.36263999,0.8,-0.17065495252609253,0.19285714285714287,52655255.40438127,0.16015655117127092,0.32330553063730366
489,718,tiwaouane,khandame,senegal,33,7,-0.805272016983458,1.0,15.05201106,-16.64404554,15.05,-16.65,15.05,-16.65,15.05,-16.65,15.03429087,-16.73379647,0.8,-0.3220977485179901,-0.075,43538475.11259475,0.19504842545939255,0.3899955113770345
490,477,mbour,darou salam,senegal,8,1,-2.37095374377949,1.0,15.44284137,-14.05528102,15.45,-14.05,15.45,-14.05,15.45,-14.05,15.38130032,-14.01712506,0.4,-0.21544945240020752,-0.03620689655172412,47665098.4684764,0.19054119811583461,0.6258698845293006
491,1532,kanel,yula,senegal,21,0,-2.35958264351188,,15.60553632,-13.18272101,15.6,-13.2,15.6,-13.2,15.6,-13.2,15.6680352,-13.36263999,0.8,-0.1700524091720581,0.1928571428571428,26065860.66616341,0.14886990226419286,0.05713420509071172
492,1079,kebemer,affe leye 1,senegal,14,1,-3.28283478493158,0.0,15.80634938,-16.29988776,15.8,-16.3,15.8,-16.3,15.8,-16.3,15.71702669,-16.26780651,0.8,-0.2785879969596863,-0.07500000000000004,37650997.735654265,0.17205813517475146,0.24934578182447642
493,478,mbour,darou salam,senegal,13,0,-2.21957037224558,,15.44284137,-14.05528102,15.45,-14.05,15.45,-14.05,15.45,-14.05,15.38130032,-14.01712506,0.4,-0.21544945240020752,-0.03620689655172412,47665098.4684764,0.19054119811583461,0.6258698845293006
494,1069,kebemer,affe leye,senegal,16,5,-2.21193152460662,1.0,15.80634938,-16.29988776,15.8,-16.3,15.8,-16.3,15.8,-16.3,15.71702669,-16.26780651,0.8,-0.2785879969596863,-0.07500000000000004,37650997.735654265,0.17205813517475146,0.24934578182447642
495,1446,kanel,medina torobe,senegal,4,0,-2.99020324125173,,15.41865156,-13.18384815,15.4,-13.2,15.4,-13.2,15.4,-13.2,15.38130032,-13.36263999,0.8,-0.0967683494091034,0.46071428571428574,46524090.52397067,0.17408198753632792,0.19752567701829973
496,1504,matam,diamel,senegal,14,6,-3.63533609383595,1.0,15.83897387,-13.22043021,15.85,-13.2,15.85,-13.2,15.85,-13.2,15.71702669,-13.36263999,0.8,-0.17065495252609253,0.19285714285714287,52655255.40438127,0.16015655117127092,0.32330553063730366
497,1073,kebemer,nguene seye,senegal,10,2,-3.66010773889496,1.0,15.36305,-16.22797,15.35,-16.25,15.35,-16.25,15.35,-16.25,15.38130032,-16.23192106,1.2,-0.14546525478363037,-0.1166666666666667,30431244.908496004,0.19820373921006,0.5750353205195374
498,1443,matam,thiambe,senegal,8,0,-1.65067964116944,1.0,15.63263924,-13.3254062,15.65,-13.35,15.65,-13.35,15.65,-13.35,15.6680352,-13.36263999,0.8,-0.16032558679580688,0.46071428571428574,24715000.212572217,0.154766297982673,0.1382486800476584
499,701,tiwaouane,khandane,senegal,9,0,-2.69033861564293,1.0,,,,,,,,,14.72402296,-17.45998489,,,,,,
500,1382,matam,guidjilogne lodiou,senegal,15,0,-3.9250010585449,,15.9373344,-13.35219736,15.95,-13.35,15.95,-13.35,15.95,-13.35,16.0110665,-13.36263999,0.6,-0.17210543155670166,0.2956140350877193,69908285.96822166,0.15722013875900648,0.5708981717969052
501,158,dakar,hlm 6 nimzat,senegal,1,0,-1.23011893637253,,14.72704,-17.4436,14.75,-17.45,15.599999999999994,-16.599999999999966,14.75,-17.45,14.72402296,-17.45998489,0.0,0.0,,0.0,0.17583396515261224,0.0
502,1429,matam,thiambe,senegal,7,0,-2.37780683267977,,15.63263924,-13.3254062,15.65,-13.35,15.65,-13.35,15.65,-13.35,15.6680352,-13.36263999,0.8,-0.16032558679580688,0.46071428571428574,24715000.212572217,0.154766297982673,0.1382486800476584
503,1428,matam,badel,senegal,12,1,-2.92934655673091,1.0,15.96479168,-13.59455201,15.95,-13.6,15.95,-13.6,15.95,-13.6,16.0110665,-13.6728487,0.6,-0.14407789707183838,0.2956140350877193,69908285.96822166,0.16332740203840718,0.762616218833181
504,1544,kanel,yirla,senegal,8,1,-2.01599913009936,0.0,15.60553632,-13.18272101,15.6,-13.2,15.6,-13.2,15.6,-13.2,15.6680352,-13.36263999,0.8,-0.1700524091720581,0.1928571428571428,26065860.66616341,0.14886990226419286,0.05713420509071172
505,1498,matam,diamel,senegal,9,0,-3.0069367166626,,15.83897387,-13.22043021,15.85,-13.2,15.85,-13.2,15.85,-13.2,15.71702669,-13.36263999,0.8,-0.17065495252609253,0.19285714285714287,52655255.40438127,0.16015655117127092,0.32330553063730366
506,721,gossas,keur el hadji,senegal,7,1,-2.43731547877699,1.0,14.49623916,-16.0640894,14.5,-16.05,14.5,-16.05,14.5,-16.05,14.50274052,-16.09656209,0.4,-0.4366685152053833,-0.036206896551724155,40611737.75569371,0.20658793774428785,0.3662766276201639
507,715,tiwaouane,khandane,senegal,18,6,-1.59552386362563,1.0,,,,,,,,,14.72402296,-17.45998489,,,,,,
508,1362,matam,agnam civol,senegal,6,2,-2.01248734374985,1.0,16.00801046,-13.68783836,16.0,-13.7,16.0,-13.7,16.0,-13.7,16.0110665,-13.6728487,0.4,-0.31820470094680786,-0.03620689655172412,47665098.4684764,0.15609126016307415,0.4452895588499679
509,1638,nioro,samba malick,senegal,19,2,-1.07447338773456,1.0,13.78607662,-15.79470889,13.8,-15.8,13.8,-15.8,13.8,-15.8,13.7751637,-15.78133054,0.6,-0.6014266014099121,-0.05526315789473687,27201247.482161015,0.2223787366110958,-0.018317626021133404
510,709,tiwaouane,khandane,senegal,14,3,-1.97250249398926,1.0,,,,,,,,,14.72402296,-17.45998489,,,,,,
511,1494,matam,diamel,senegal,14,3,-1.79570373687066,1.0,15.83897387,-13.22043021,15.85,-13.2,15.85,-13.2,15.85,-13.2,15.71702669,-13.36263999,0.8,-0.17065495252609253,0.19285714285714287,52655255.40438127,0.16015655117127092,0.32330553063730366
512,730,gossas,keur el hadj,senegal,10,2,-1.63435193146858,1.0,,,,,,,,,14.72402296,-17.45998489,,,,,,
513,3016,dakar,pa unite 11,senegal,3,0,-0.933303679977404,,14.75896766,-17.43245729,14.75,-17.45,15.599999999999994,-16.599999999999966,14.75,-17.45,14.76581033,-17.45998489,0.0,0.0,,0.0,0.17583396515261224,0.0
514,487,mbour,darou salam,senegal,13,0,-1.27562065180131,,15.44284137,-14.05528102,15.45,-14.05,15.45,-14.05,15.45,-14.05,15.38130032,-14.01712506,0.4,-0.21544945240020752,-0.03620689655172412,47665098.4684764,0.19054119811583461,0.6258698845293006
515,912,bambeye,paye baridian,senegal,10,0,-1.93483120806396,,14.71688363,-17.46683875,14.7,-17.45,14.75,-17.399999999999977,14.7,-17.45,14.72094534,-17.45998489,0.0,0.0,,0.0,0.1047905545263934,0.0
516,1087,kebemer,affe leye 2,senegal,15,1,-1.39167650745015,1.0,15.80634938,-16.29988776,15.8,-16.3,15.8,-16.3,15.8,-16.3,15.71702669,-16.26780651,0.8,-0.2785879969596863,-0.07500000000000004,37650997.735654265,0.17205813517475146,0.24934578182447642
517,1602,kanel,sorry,senegal,9,1,-3.08881895497227,0.0,15.20066949,-12.94539215,15.2,-12.95,15.2,-12.95,15.2,-12.95,15.23872587,-13.36263999,0.8,-0.18054533004760742,0.19285714285714292,56480806.52208929,0.17427296939413736,0.28027011736422464
518,923,bambeye,paye baridian,senegal,12,2,-2.39232111097412,1.0,14.71688363,-17.46683875,14.7,-17.45,14.75,-17.399999999999977,14.7,-17.45,14.72094534,-17.45998489,0.0,0.0,,0.0,0.1047905545263934,0.0
519,1466,kanel,medina torobe,senegal,22,3,-1.47386258438439,1.0,15.41865156,-13.18384815,15.4,-13.2,15.4,-13.2,15.4,-13.2,15.38130032,-13.36263999,0.8,-0.0967683494091034,0.46071428571428574,46524090.52397067,0.17408198753632792,0.19752567701829973
520,1926,podor,fanaye,senegal,8,3,-1.36090716797536,1.0,16.52599054,-15.22269493,16.55,-15.2,16.55,-15.2,16.55,-15.2,16.47147469,-15.27583107,0.6,-0.15982850392659506,-0.05526315789473685,48192634.69637356,0.15593374637773602,0.6734216227747559
521,1555,matam,dar salam,senegal,5,2,-1.64039146549887,0.0,15.44284137,-14.05528102,15.45,-14.05,15.45,-14.05,15.45,-14.05,15.38130032,-14.01712506,0.4,-0.21544945240020752,-0.03620689655172412,47665098.4684764,0.19054119811583461,0.6258698845293006
522,1901,podor,ndiouganabe,senegal,9,4,-1.17686202855841,1.0,16.42777753,-14.09801568,16.45,-14.1,16.45,-14.1,16.45,-14.1,16.42033799,-14.01712506,0.6,-0.2016923427581787,-0.05526315789473683,87642230.13625772,0.14516387759546714,0.1830651687237986
523,1672,kaffrine,darou nandjigui,senegal,23,1,-1.692594033233,1.0,14.1046257,-15.54985414,14.1,-15.55,14.1,-15.55,14.1,-15.55,14.0770377,-15.5307987,0.4,-0.7507490515708923,-0.036206896551724155,40611737.75569371,0.21317983731244286,0.9624330451177321
524,933,kebemer,medina,senegal,8,2,-0.986512475473548,0.0,,,,,,,,,14.72402296,-17.45998489,,,,,,
525,1453,kanel,medina torobe,senegal,15,1,-2.8642974591198,1.0,15.41865156,-13.18384815,15.4,-13.2,15.4,-13.2,15.4,-13.2,15.38130032,-13.36263999,0.8,-0.0967683494091034,0.46071428571428574,46524090.52397067,0.17408198753632792,0.19752567701829973
526,1454,kanel,medina torobe,senegal,12,0,-2.03595151472154,,15.41865156,-13.18384815,15.4,-13.2,15.4,-13.2,15.4,-13.2,15.38130032,-13.36263999,0.8,-0.0967683494091034,0.46071428571428574,46524090.52397067,0.17408198753632792,0.19752567701829973
527,704,tiwaouane,khandane,senegal,7,1,-1.51786772793973,0.0,,,,,,,,,14.72402296,-17.45998489,,,,,,
528,1564,matam,mango,senegal,3,1,0.363278784096414,1.0,15.60094582,-13.322622,15.6,-13.3,15.6,-13.3,15.6,-13.3,15.6680352,-13.36263999,0.4,-0.28786253929138184,0.48103448275862065,45684180.71793652,0.15144391499366563,0.01543036411523599
529,1904,podor,mery,senegal,12,5,-2.09372124153947,1.0,16.42777753,-14.09801568,16.45,-14.1,16.45,-14.1,16.45,-14.1,16.42033799,-14.01712506,0.6,-0.2016923427581787,-0.05526315789473683,87642230.13625772,0.14516387759546714,0.1830651687237986
530,717,tiwaouane,khandame,senegal,22,4,-0.666970137238097,1.0,15.05201106,-16.64404554,15.05,-16.65,15.05,-16.65,15.05,-16.65,15.03429087,-16.73379647,0.8,-0.3220977485179901,-0.075,43538475.11259475,0.19504842545939255,0.3899955113770345
531,1388,matam,boynadji roumbe,senegal,5,0,-3.15585434022894,,,,,,,,,,14.72402296,-17.45998489,,,,,,
532,1906,podor,ndiouganabe mery,senegal,8,5,-0.709563857357063,1.0,16.42777753,-14.09801568,16.45,-14.1,16.45,-14.1,16.45,-14.1,16.42033799,-14.01712506,0.6,-0.2016923427581787,-0.05526315789473683,87642230.13625772,0.14516387759546714,0.1830651687237986
533,934,kebemer,medina,senegal,5,1,-0.897485239520033,1.0,,,,,,,,,14.72402296,-17.45998489,,,,,,
534,714,tiwaouane,khandane,senegal,10,1,-2.10321293464636,0.0,,,,,,,,,14.72402296,-17.45998489,,,,,,
535,1640,nioro,keur birame ba,senegal,17,1,-2.81458843274037,1.0,13.78607662,-15.79470889,13.8,-15.8,13.8,-15.8,13.8,-15.8,13.7751637,-15.78133054,0.6,-0.6014266014099121,-0.05526315789473687,27201247.482161015,0.2223787366110958,-0.018317626021133404
536,1714,podor,nanaye,senegal,11,0,-1.28040354280628,,16.24874342,-14.10811085,16.25,-14.1,16.25,-14.1,16.25,-14.1,16.42033799,-14.01712506,0.8,-0.1521018147468567,-0.07499999999999998,67380541.52758224,0.15275634748350336,0.6490141175309769
537,1085,kebemer,affe 1,senegal,5,1,-0.81426331369891,1.0,15.80634938,-16.29988776,15.8,-16.3,15.8,-16.3,15.8,-16.3,15.71702669,-16.26780651,0.8,-0.2785879969596863,-0.07500000000000004,37650997.735654265,0.17205813517475146,0.24934578182447642
538,4258,mbacke,mbacke khewar,senegal,4,3,-0.851754016426389,0.0,14.80411689,-15.91020024,14.8,-15.9,14.8,-15.9,14.8,-15.9,14.81724179,-15.88108409,0.2,-0.030669331550598145,-0.017796610169491522,88734721.23539704,0.21091337244339783,0.5545915366157987
539,1897,podor,ndiouganabe mery,senegal,10,0,-3.48002382246416,,16.42777753,-14.09801568,16.45,-14.1,16.45,-14.1,16.45,-14.1,16.42033799,-14.01712506,0.6,-0.2016923427581787,-0.05526315789473683,87642230.13625772,0.14516387759546714,0.1830651687237986
540,1332,kanel,aoure,senegal,4,1,-3.30375197305772,1.0,15.14596428,-12.94689277,15.15,-12.95,15.15,-12.95,15.15,-12.95,15.23872587,-13.36263999,0.8,-0.20756706595420837,0.19285714285714292,56480806.52208929,0.17407560827176505,0.2201866143609424
541,981,louga,keur serigne louga,senegal,8,1,0.454907397647111,1.0,15.60644218,-16.23380986,15.6,-16.25,15.6,-16.25,15.6,-16.25,15.6680352,-16.23192106,1.0,-0.22567317485809327,-0.09545454545454547,31439893.328834556,0.18382095623999536,0.4819329187522632
542,1455,kanel,medina torobe,senegal,10,0,-2.74315713051561,,15.41865156,-13.18384815,15.4,-13.2,15.4,-13.2,15.4,-13.2,15.38130032,-13.36263999,0.8,-0.0967683494091034,0.46071428571428574,46524090.52397067,0.17408198753632792,0.19752567701829973
543,107,pikine,cite lobatt fall,senegal,6,3,-0.70566683915704,1.0,14.74682,-17.40995,14.75,-17.4,14.75,-17.4,14.75,-17.4,14.74391863,-17.39599836,0.4,0.0,-0.036206896551724155,69691.75401648635,0.1047905545263934,0.7159638211632261
544,1340,kanel,aoure,senegal,20,1,-2.64439850727272,1.0,15.14596428,-12.94689277,15.15,-12.95,15.15,-12.95,15.15,-12.95,15.23872587,-13.36263999,0.8,-0.20756706595420837,0.19285714285714292,56480806.52208929,0.17407560827176505,0.2201866143609424
545,956,louga,nianguene ndiaye,senegal,5,0,-0.866237485814821,,,,,,,,,,14.72402296,-17.45998489,,,,,,
546,562,pikine,samba niang,senegal,6,1,-1.6457230317362,0.0,14.80972717,-15.90288816,14.8,-15.9,14.8,-15.9,14.8,-15.9,14.81724179,-15.88108409,0.2,-0.030669331550598145,-0.017796610169491522,88734721.23539704,0.21091337244339783,0.5545915366157987
547,1086,kebemer,affe leye,senegal,13,2,-1.77089047717151,1.0,15.80634938,-16.29988776,15.8,-16.3,15.8,-16.3,15.8,-16.3,15.71702669,-16.26780651,0.8,-0.2785879969596863,-0.07500000000000004,37650997.735654265,0.17205813517475146,0.24934578182447642
548,1884,podor,dodele,senegal,36,2,-0.676889646639226,1.0,16.50354464,-14.42019001,16.5,-14.4,16.5,-14.4,16.5,-14.4,16.47147469,-14.56250057,0.6,-0.22772661844889322,-0.05526315789473683,87642230.13625772,0.13799019896814188,0.6664631656013654
549,1903,podor,ndianganabe,senegal,10,1,-1.46794592642737,1.0,,,,,,,,,14.72402296,-17.45998489,,,,,,
550,1895,podor,mery,senegal,6,0,-2.7895655124963,,16.42777753,-14.09801568,16.45,-14.1,16.45,-14.1,16.45,-14.1,16.42033799,-14.01712506,0.6,-0.2016923427581787,-0.05526315789473683,87642230.13625772,0.14516387759546714,0.1830651687237986
551,770,diourbel,medinatoul,senegal,15,1,0.237470217726597,1.0,14.73727345,-16.24237956,14.75,-16.25,14.75,-16.25,14.75,-16.25,14.74391863,-16.24558632,0.6,-0.12891010443369547,-0.055263157894736854,56652732.24892815,0.21241840067868403,0.19563670137163727
552,763,diourbel,madinatoul,senegal,9,2,-1.57946880522383,1.0,,,,,,,,,14.72402296,-17.45998489,,,,,,
553,1219,diourbel,thierno kandji,senegal,4,1,-0.258797686676105,1.0,14.6563661,-16.23464222,14.65,-16.25,14.65,-16.25,14.65,-16.25,14.66195934,-16.23192106,0.4,-0.32031071186065674,-0.036206896551724155,40611737.75569371,0.20315482194846746,0.31515939206315724
554,1461,kanel,medina torobe,senegal,26,2,-3.96892182607911,1.0,15.41865156,-13.18384815,15.4,-13.2,15.4,-13.2,15.4,-13.2,15.38130032,-13.36263999,0.8,-0.0967683494091034,0.46071428571428574,46524090.52397067,0.17408198753632792,0.19752567701829973
555,762,diourbel,medinatoul,senegal,9,0,0.353954421255444,,14.73727345,-16.24237956,14.75,-16.25,14.75,-16.25,14.75,-16.25,14.74391863,-16.24558632,0.6,-0.12891010443369547,-0.055263157894736854,56652732.24892815,0.21241840067868403,0.19563670137163727
556,692,tiwaouane,ndiandakhoune,senegal,6,1,-0.336453822362003,1.0,14.95366585,-16.81168094,14.95,-16.8,14.95,-16.8,14.95,-16.8,15.03429087,-16.79291761,0.8,-0.2366732954978943,-0.075,43538475.11259475,0.18710302971744586,0.27134429912987645
557,682,tiwaouane,ndiantakhoune,senegal,4,1,0.563311331505443,1.0,14.95366585,-16.81168094,14.95,-16.8,14.95,-16.8,14.95,-16.8,15.03429087,-16.79291761,0.8,-0.2366732954978943,-0.075,43538475.11259475,0.18710302971744586,0.27134429912987645
558,758,diourbel,medinatoul est,senegal,12,1,-2.53807571348481,1.0,,,,,,,,,14.72402296,-17.45998489,,,,,,
559,515,dakar,liberte 1,senegal,8,0,1.13353923591534,,14.71053471,-17.46092585,14.7,-17.45,14.75,-17.399999999999977,14.7,-17.45,14.72094534,-17.45998489,0.0,0.0,,0.0,0.1047905545263934,0.0
560,1834,st-louis,sor nord,senegal,5,0,-0.878383318873349,,16.03200409,-16.47188231,16.05,-16.45,16.05,-16.45,16.05,-16.45,16.0110665,-16.45109143,0.0,0.0,,0.0,0.15915969174752542,0.0
561,1395,matam,boinadji roumde,senegal,16,0,0.65455973736697,1.0,15.66051954,-13.35041654,15.65,-13.35,15.65,-13.35,15.65,-13.35,15.6680352,-13.36263999,0.8,-0.16032558679580688,0.46071428571428574,24715000.212572217,0.154766297982673,0.1382486800476584
562,1393,matam,boybadji roumde,senegal,7,1,-2.388765741284,1.0,,,,,,,,,14.72402296,-17.45998489,,,,,,
563,784,mbacke,guede bousso,senegal,1,0,-0.573017151415745,,14.89820198,-15.86724177,14.9,-15.85,14.9,-15.85,14.9,-15.85,14.85551526,-15.88108409,0.2,-0.07495784759521484,-0.017796610169491522,88734721.23539704,0.2087404012816917,0.45797913261875534
564,973,louga,keur serigne louga,senegal,1,1,1.67628899309311,0.0,15.60644218,-16.23380986,15.6,-16.25,15.6,-16.25,15.6,-16.25,15.6680352,-16.23192106,1.0,-0.22567317485809327,-0.09545454545454547,31439893.328834556,0.18382095623999536,0.4819329187522632
565,445,dakar,arafat,senegal,6,0,-0.615491610688329,,14.71105977,-17.4688686,14.7,-17.45,14.75,-17.399999999999977,14.7,-17.45,14.72094534,-17.45998489,0.0,0.0,,0.0,0.1047905545263934,0.0
566,1302,mbacke,darou khoudouss,senegal,8,0,-0.181885474875201,,14.8653417,-15.87905597,14.85,-15.9,14.85,-15.9,14.85,-15.9,14.85551526,-15.88108409,0.2,-0.06695318222045898,-0.017796610169491522,88734721.23539704,0.19541316933321964,0.4296550142673737
567,428,guediawaye,parcelles ass u 4,senegal,3,0,0.568096366044195,,14.76143208,-17.4405089,14.75,-17.45,15.599999999999994,-16.599999999999966,14.75,-17.45,14.76581033,-17.45998489,0.0,0.0,,0.0,0.17583396515261224,0.0
568,51,dakar,mermoz ambassade,senegal,4,0,2.57372076237607,,14.68949,-17.47308,14.7,-17.45,14.75,-17.399999999999977,14.7,-17.45,14.66195934,-17.45998489,0.0,0.0,,0.0,0.1047905545263934,0.0
569,426,guediawaye,parcelles ass u 4,senegal,1,0,1.01861921693791,,14.76143208,-17.4405089,14.75,-17.45,15.599999999999994,-16.599999999999966,14.75,-17.45,14.76581033,-17.45998489,0.0,0.0,,0.0,0.17583396515261224,0.0
570,1417,matam,moderne 3,senegal,5,1,0.575608220349324,1.0,15.61359152,-13.32345921,15.6,-13.3,15.6,-13.3,15.6,-13.3,15.6680352,-13.36263999,0.4,-0.28786253929138184,0.48103448275862065,45684180.71793652,0.15144391499366563,0.01543036411523599
571,1315,mbacke,darou khoudouss 1,senegal,26,3,0.960938788057887,1.0,14.8653417,-15.87905597,14.85,-15.9,14.85,-15.9,14.85,-15.9,14.85551526,-15.88108409,0.2,-0.06695318222045898,-0.017796610169491522,88734721.23539704,0.19541316933321964,0.4296550142673737
572,1117,kaolack,sara ndiougary,senegal,5,1,0.608346687811572,1.0,,,,,,,,,14.72402296,-17.45998489,,,,,,
573,414,guediawaye,cite des enseignants,senegal,6,0,2.72513950588275,,14.77683245,-17.40519022,14.8,-17.4,14.75,-17.399999999999977,14.8,-17.4,14.77734506,-17.39599836,0.4,0.0,-0.036206896551724155,69691.75401648635,0.1047905545263934,
574,144,thies,hersent,senegal,1,0,2.13580150257248,,14.77685,-16.90942,14.8,-16.9,14.8,-16.9,14.8,-16.9,14.77734506,-16.92877566,0.6,-0.19322280089060465,-0.055263157894736833,49588632.547858596,0.1991877948177714,0.1308559818970757
575,1559,matam,mango,senegal,14,1,-0.870749071228766,1.0,15.60094582,-13.322622,15.6,-13.3,15.6,-13.3,15.6,-13.3,15.6680352,-13.36263999,0.4,-0.28786253929138184,0.48103448275862065,45684180.71793652,0.15144391499366563,0.01543036411523599
576,1550,matam,mango,senegal,3,0,-1.93956240257947,,15.60094582,-13.322622,15.6,-13.3,15.6,-13.3,15.6,-13.3,15.6680352,-13.36263999,0.4,-0.28786253929138184,0.48103448275862065,45684180.71793652,0.15144391499366563,0.01543036411523599
577,773,diourbel,medinatoul,senegal,9,2,-0.978031305256096,1.0,14.73727345,-16.24237956,14.75,-16.25,14.75,-16.25,14.75,-16.25,14.74391863,-16.24558632,0.6,-0.12891010443369547,-0.055263157894736854,56652732.24892815,0.21241840067868403,0.19563670137163727
578,669,mbour,tefess,senegal,4,2,1.47311746162743,1.0,14.4094197,-16.97209534,14.4,-16.95,14.450000000000003,-16.94999999999999,14.4,-16.95,14.47252629,-16.98407509,0.0,0.0,,0.0,0.20757044342676587,0.0
579,432,guediawaye,parcelles ass u 4,senegal,1,1,1.01861921693791,0.0,14.76143208,-17.4405089,14.75,-17.45,15.599999999999994,-16.599999999999966,14.75,-17.45,14.76581033,-17.45998489,0.0,0.0,,0.0,0.17583396515261224,0.0
580,3074,dakar,zone b batiement,senegal,4,0,3.2704220213662,,,,,,,,,,14.72402296,-17.45998489,,,,,,
581,3018,dakar,pa unite 11,senegal,1,0,0.483503987247762,,14.75896766,-17.43245729,14.75,-17.45,15.599999999999994,-16.599999999999966,14.75,-17.45,14.76581033,-17.45998489,0.0,0.0,,0.0,0.17583396515261224,0.0
582,503,dakar,pa unite 11,senegal,2,0,0.056414498419821,,14.75896766,-17.43245729,14.75,-17.45,15.599999999999994,-16.599999999999966,14.75,-17.45,14.76581033,-17.45998489,0.0,0.0,,0.0,0.17583396515261224,0.0
583,1198,mbacke,madiyana,senegal,7,0,0.724830891340418,,14.9198,-15.8823,14.9,-15.9,14.9,-15.9,14.9,-15.9,14.85551526,-15.88108409,0.2,-0.08189427852630615,-0.017796610169491522,88734721.23539704,0.19760650366240864,0.3011360268655398
584,96,pikine,cite lobatt fall,senegal,7,1,1.93301060296294,0.0,14.74682,-17.40995,14.75,-17.4,14.75,-17.4,14.75,-17.4,14.74391863,-17.39599836,0.4,0.0,-0.036206896551724155,69691.75401648635,0.1047905545263934,0.7159638211632261
585,1247,mbacke,darou khoudoss,senegal,5,1,1.94595329224392,1.0,14.8653417,-15.87905597,14.85,-15.9,14.85,-15.9,14.85,-15.9,14.85551526,-15.88108409,0.2,-0.06695318222045898,-0.017796610169491522,88734721.23539704,0.19541316933321964,0.4296550142673737
586,526,dakar,liberte,senegal,6,0,1.22718839612382,1.0,14.71053471,-17.46092585,14.7,-17.45,14.75,-17.399999999999977,14.7,-17.45,14.72094534,-17.45998489,0.0,0.0,,0.0,0.1047905545263934,0.0
587,1263,mbacke,khayra (fama gueye),senegal,12,0,0.286975528302583,,14.823157881171742,-15.90761198,14.8,-15.9,14.8,-15.9,14.8,-15.9,14.81724179,-15.88108409,0.2,-0.030669331550598145,-0.017796610169491522,88734721.23539704,0.21091337244339783,0.5545915366157987
588,1694,ziguinchor,diefaye,senegal,5,0,0.519943935360276,,12.57853941,-16.25514132,12.6,-16.25,12.6,-16.25,12.6,-16.25,12.56804369,-16.24558632,0.6,-0.4940914710362752,-0.055263157894736854,27409102.90320934,0.14540575872282602,-0.5067443792794513
589,848,diourbel,medinatoul nord,senegal,2,0,0.863306945566114,,14.65733141,-16.23486005,14.65,-16.25,14.65,-16.25,14.65,-16.25,14.66195934,-16.23192106,0.4,-0.32031071186065674,-0.036206896551724155,40611737.75569371,0.20315482194846746,0.31515939206315724
590,420,guediawaye,parcelles ass u 4,senegal,3,0,0.707994674194319,,14.76143208,-17.4405089,14.75,-17.45,15.599999999999994,-16.599999999999966,14.75,-17.45,14.76581033,-17.45998489,0.0,0.0,,0.0,0.17583396515261224,0.0
591,743,diourbel,medinatoul,senegal,6,0,-0.226803143098851,,14.73727345,-16.24237956,14.75,-16.25,14.75,-16.25,14.75,-16.25,14.74391863,-16.24558632,0.6,-0.12891010443369547,-0.055263157894736854,56652732.24892815,0.21241840067868403,0.19563670137163727
592,455,dakar,arafat,senegal,3,1,0.707994674194319,1.0,14.71105977,-17.4688686,14.7,-17.45,14.75,-17.399999999999977,14.7,-17.45,14.72094534,-17.45998489,0.0,0.0,,0.0,0.1047905545263934,0.0
593,988,kebemer,artillerie,senegal,7,0,1.17541763899989,,15.62705619,-16.2230668,15.65,-16.2,15.65,-16.2,15.65,-16.2,15.6680352,-16.23192106,1.0,-0.20137252807617187,-0.09545454545454547,31439893.328834556,0.18265390029051903,0.4195682598965685
594,820,foundiougne,escale,senegal,2,2,1.43427142461955,1.0,14.75636795,-17.14230905,14.75,-17.15,14.75,-17.15,14.75,-17.15,14.76581033,-17.22764196,0.4,-0.23244976997375488,-0.036206896551724134,46465212.46949579,0.21277517922346564,0.7460713613946405
595,427,guediawaye,parcelles ass u 4,senegal,1,0,1.01861921693791,,14.76143208,-17.4405089,14.75,-17.45,15.599999999999994,-16.599999999999966,14.75,-17.45,14.76581033,-17.45998489,0.0,0.0,,0.0,0.17583396515261224,0.0
596,769,diourbel,medinatoul,senegal,7,1,-0.223317404393725,0.0,14.73727345,-16.24237956,14.75,-16.25,14.75,-16.25,14.75,-16.25,14.74391863,-16.24558632,0.6,-0.12891010443369547,-0.055263157894736854,56652732.24892815,0.21241840067868403,0.19563670137163727
597,1016,louga,keur serigne louga,senegal,6,0,1.39514666983961,,15.60644218,-16.23380986,15.6,-16.25,15.6,-16.25,15.6,-16.25,15.6680352,-16.23192106,1.0,-0.22567317485809327,-0.09545454545454547,31439893.328834556,0.18382095623999536,0.4819329187522632
598,243,dakar,dieuppeul 4,senegal,7,2,2.50900731597116,1.0,14.71807,-17.45718,14.7,-17.45,14.75,-17.399999999999977,14.7,-17.45,14.72094534,-17.45998489,0.0,0.0,,0.0,0.1047905545263934,0.0
599,565,pikine,samba niang,senegal,7,2,1.17152411113477,1.0,14.80972717,-15.90288816,14.8,-15.9,14.8,-15.9,14.8,-15.9,14.81724179,-15.88108409,0.2,-0.030669331550598145,-0.017796610169491522,88734721.23539704,0.21091337244339783,0.5545915366157987
600,654,dakar,hlm 4,senegal,2,0,0.632411211428038,,14.71207849,-17.44431032,14.7,-17.45,14.75,-17.399999999999977,14.7,-17.45,14.72094534,-17.45998489,0.0,0.0,,0.0,0.1047905545263934,0.0
601,3017,dakar,pa unite 11,senegal,7,2,2.02360942792982,1.0,14.75896766,-17.43245729,14.75,-17.45,15.599999999999994,-16.599999999999966,14.75,-17.45,14.76581033,-17.45998489,0.0,0.0,,0.0,0.17583396515261224,0.0
602,751,diourbel,medinatoul,senegal,4,1,1.40449251819247,1.0,14.73727345,-16.24237956,14.75,-16.25,14.75,-16.25,14.75,-16.25,14.74391863,-16.24558632,0.6,-0.12891010443369547,-0.055263157894736854,56652732.24892815,0.21241840067868403,0.19563670137163727
603,136,thies,hersent,senegal,6,1,-0.0472968301723565,1.0,14.77685,-16.90942,14.8,-16.9,14.8,-16.9,14.8,-16.9,14.77734506,-16.92877566,0.6,-0.19322280089060465,-0.055263157894736833,49588632.547858596,0.1991877948177714,0.1308559818970757
604,1326,kanel,aoure,senegal,11,4,-1.25698574828483,1.0,15.14596428,-12.94689277,15.15,-12.95,15.15,-12.95,15.15,-12.95,15.23872587,-13.36263999,0.8,-0.20756706595420837,0.19285714285714292,56480806.52208929,0.17407560827176505,0.2201866143609424
605,566,pikine,samba niang,senegal,4,1,0.965613836433745,0.0,14.80972717,-15.90288816,14.8,-15.9,14.8,-15.9,14.8,-15.9,14.81724179,-15.88108409,0.2,-0.030669331550598145,-0.017796610169491522,88734721.23539704,0.21091337244339783,0.5545915366157987
606,11,dakar,grand medine,senegal,2,0,-0.412446504757963,,14.74795,-17.44715,14.75,-17.45,15.599999999999994,-16.599999999999966,14.75,-17.45,14.74391863,-17.45998489,0.0,0.0,,0.0,0.17583396515261224,0.0
607,345,thies,mbour i,senegal,1,0,1.55980478956426,,14.68562239,-17.45034661,14.7,-17.45,14.75,-17.399999999999977,14.7,-17.45,14.66195934,-17.45998489,0.0,0.0,,0.0,0.1047905545263934,0.0
608,10,dakar,grand medine,senegal,5,1,0.184250544771788,0.0,14.74795,-17.44715,14.75,-17.45,15.599999999999994,-16.599999999999966,14.75,-17.45,14.74391863,-17.45998489,0.0,0.0,,0.0,0.17583396515261224,0.0
609,1338,kanel,aoure,senegal,12,1,-0.0767492470130426,1.0,15.14596428,-12.94689277,15.15,-12.95,15.15,-12.95,15.15,-12.95,15.23872587,-13.36263999,0.8,-0.20756706595420837,0.19285714285714292,56480806.52208929,0.17407560827176505,0.2201866143609424
610,598,dakar,hlm 4,senegal,1,1,1.67628899309311,0.0,14.71207849,-17.44431032,14.7,-17.45,14.75,-17.399999999999977,14.7,-17.45,14.72094534,-17.45998489,0.0,0.0,,0.0,0.1047905545263934,0.0
611,1093,kaolack,ndorong,senegal,1,0,1.55980478956426,,14.08694396,-16.35938655,14.1,-16.35,14.1,-16.35,14.1,-16.35,14.0770377,-16.39672928,0.4,-0.39639490842819214,-0.036206896551724155,40611737.75569371,0.1928555006388203,-0.046086894811284834
612,883,bambeye,leona,senegal,6,0,1.22718839612382,1.0,14.72956183,-16.45421075,14.75,-16.45,14.75,-16.45,14.75,-16.45,14.72402296,-16.45109143,0.6,-0.1732077201207479,-0.055263157894736854,56652732.24892815,0.2106700793517958,0.11088883375863534
613,236,dakar,dieuppeul 4,senegal,9,3,2.43135118028526,1.0,14.71807,-17.45718,14.7,-17.45,14.75,-17.399999999999977,14.7,-17.45,14.72094534,-17.45998489,0.0,0.0,,0.0,0.1047905545263934,0.0
614,1047,louga,montagne,senegal,5,1,1.27895915324775,0.0,15.62330287,-16.21748196,15.6,-16.2,15.6,-16.2,15.6,-16.2,15.6680352,-16.23192106,1.0,-0.21260757446289064,-0.09545454545454547,31439893.328834556,0.18679746179105042,0.5037426263545909
615,448,dakar,arafat,senegal,13,0,-0.137725840794923,,14.71105977,-17.4688686,14.7,-17.45,14.75,-17.399999999999977,14.7,-17.45,14.72094534,-17.45998489,0.0,0.0,,0.0,0.1047905545263934,0.0
616,1303,mbacke,darou khoudoss,senegal,9,1,1.43555497246683,0.0,14.8653417,-15.87905597,14.85,-15.9,14.85,-15.9,14.85,-15.9,14.85551526,-15.88108409,0.2,-0.06695318222045898,-0.017796610169491522,88734721.23539704,0.19541316933321964,0.4296550142673737
617,578,pikine,cite icotaf,senegal,2,0,0.39444594238833,,14.7155408,-17.26173081,14.7,-17.25,14.75,-17.24999999999997,14.7,-17.25,14.72094534,-17.22764196,0.4,0.0,-0.036206896551724155,108414.2033981107,0.2075499964908114,
618,984,louga,keur serigne louga,senegal,3,3,1.30484453180972,0.0,15.60644218,-16.23380986,15.6,-16.25,15.6,-16.25,15.6,-16.25,15.6680352,-16.23192106,1.0,-0.22567317485809327,-0.09545454545454547,31439893.328834556,0.18382095623999536,0.4819329187522632
619,15,dakar,grand medine,senegal,4,0,0.552682402822523,,14.74795,-17.44715,14.75,-17.45,15.599999999999994,-16.599999999999966,14.75,-17.45,14.74391863,-17.45998489,0.0,0.0,,0.0,0.17583396515261224,0.0
620,146,thies,hersent,senegal,4,0,1.38250066749562,,14.77685,-16.90942,14.8,-16.9,14.8,-16.9,14.8,-16.9,14.77734506,-16.92877566,0.6,-0.19322280089060465,-0.055263157894736833,49588632.547858596,0.1991877948177714,0.1308559818970757
621,990,louga,artellerie,senegal,12,0,1.24918024682067,,,,,,,,,,14.72402296,-17.45998489,,,,,,
622,728,gossas,keur el hadji,senegal,8,1,0.692042357527758,1.0,14.49623916,-16.0640894,14.5,-16.05,14.5,-16.05,14.5,-16.05,14.50274052,-16.09656209,0.4,-0.4366685152053833,-0.036206896551724155,40611737.75569371,0.20658793774428785,0.3662766276201639
623,114,pikine,cite lobatt fall,senegal,7,2,2.70291925956768,1.0,14.74682,-17.40995,14.75,-17.4,14.75,-17.4,14.75,-17.4,14.74391863,-17.39599836,0.4,0.0,-0.036206896551724155,69691.75401648635,0.1047905545263934,0.7159638211632261
624,670,mbour,tefess,senegal,4,0,0.597600071046174,,14.4094197,-16.97209534,14.4,-16.95,14.450000000000003,-16.94999999999999,14.4,-16.95,14.47252629,-16.98407509,0.0,0.0,,0.0,0.20757044342676587,0.0
625,19,dakar,grand medine,senegal,1,1,0.372454091691481,1.0,14.74795,-17.44715,14.75,-17.45,15.599999999999994,-16.599999999999966,14.75,-17.45,14.74391863,-17.45998489,0.0,0.0,,0.0,0.17583396515261224,0.0
626,1872,podor,dodele,senegal,11,2,0.714494709080563,1.0,16.50354464,-14.42019001,16.5,-14.4,16.5,-14.4,16.5,-14.4,16.47147469,-14.56250057,0.6,-0.22772661844889322,-0.05526315789473683,87642230.13625772,0.13799019896814188,0.6664631656013654
627,1483,matam,asnde balla,senegal,12,3,-0.286756464571167,1.0,14.47940917,-14.51631588,14.5,-14.5,14.5,-14.5,14.5,-14.5,14.47252629,-14.56250057,1.0,-0.21906211376190185,-0.09545454545454549,255080663.30926532,0.21874186004948312,0.4714134171233225
628,1838,st-louis,sor nord,senegal,15,1,0.95539192122318,1.0,16.03200409,-16.47188231,16.05,-16.45,16.05,-16.45,16.05,-16.45,16.0110665,-16.45109143,0.0,0.0,,0.0,0.15915969174752542,0.0
629,1415,matam,moderne 3,senegal,2,0,1.38250066749562,,15.61359152,-13.32345921,15.6,-13.3,15.6,-13.3,15.6,-13.3,15.6680352,-13.36263999,0.4,-0.28786253929138184,0.48103448275862065,45684180.71793652,0.15144391499366563,0.01543036411523599
630,32,dakar,ngaparou,senegal,5,0,1.32683638250657,1.0,14.46352,-17.05669,14.45,-17.05,14.5,-17.049999999999983,14.45,-17.05,14.47252629,-16.98407509,0.0,0.0,,0.0,0.19843707938592897,0.0
631,502,dakar,pa unite 11,senegal,5,1,-1.01696211483428,1.0,14.75896766,-17.43245729,14.75,-17.45,15.599999999999994,-16.599999999999966,14.75,-17.45,14.76581033,-17.45998489,0.0,0.0,,0.0,0.17583396515261224,0.0
632,86,pikine,cite la rochette,senegal,10,2,0.656223917070387,1.0,14.75619,-17.36858,14.75,-17.35,14.75,-17.35,14.75,-17.35,14.76581033,-17.34454455,0.0,0.0,,0.0,0.14700023032453297,0.0
633,716,tiwaouane,khandane,senegal,13,5,-0.700102421418424,1.0,,,,,,,,,14.72402296,-17.45998489,,,,,,
634,1852,podor,fanaye,senegal,6,0,0.619748596985106,,16.52599054,-15.22269493,16.55,-15.2,16.55,-15.2,16.55,-15.2,16.47147469,-15.27583107,0.6,-0.15982850392659506,-0.05526315789473685,48192634.69637356,0.15593374637773602,0.6734216227747559
635,995,louga,artillerie,senegal,4,0,1.33072991037169,,15.62705619,-16.2230668,15.65,-16.2,15.65,-16.2,15.65,-16.2,15.6680352,-16.23192106,1.0,-0.20137252807617187,-0.09545454545454547,31439893.328834556,0.18265390029051903,0.4195682598965685
636,1328,kanel,aoure,senegal,7,0,-0.148365848668652,,15.14596428,-12.94689277,15.15,-12.95,15.15,-12.95,15.15,-12.95,15.23872587,-13.36263999,0.8,-0.20756706595420837,0.19285714285714292,56480806.52208929,0.17407560827176505,0.2201866143609424
637,1032,louga,montagne,senegal,6,1,0.271464349318792,1.0,15.62330287,-16.21748196,15.6,-16.2,15.6,-16.2,15.6,-16.2,15.6680352,-16.23192106,1.0,-0.21260757446289064,-0.09545454545454547,31439893.328834556,0.18679746179105042,0.5037426263545909
638,613,rufisque,diokoul kaw,senegal,12,0,1.83205762657127,,14.71694283,-17.29013219,14.7,-17.3,14.75,-17.299999999999983,14.7,-17.3,14.72094534,-17.34454455,0.0,0.0,,0.0,0.18609469526940595,0.0
639,1262,mbacke,keur niang khayra,senegal,6,2,0.544545766074965,1.0,14.823157881171742,-15.90761198,14.8,-15.9,14.8,-15.9,14.8,-15.9,14.81724179,-15.88108409,0.2,-0.030669331550598145,-0.017796610169491522,88734721.23539704,0.21091337244339783,0.5545915366157987
640,697,tiwaouane,ndiandiakhoune,senegal,7,0,0.634232066373538,1.0,,,,,,,,,14.72402296,-17.45998489,,,,,,
641,720,foundiougne,keur el hadji,senegal,6,1,-0.0432334879629261,0.0,14.49623916,-16.0640894,14.5,-16.05,14.5,-16.05,14.5,-16.05,14.50274052,-16.09656209,0.4,-0.4366685152053833,-0.036206896551724155,40611737.75569371,0.20658793774428785,0.3662766276201639
642,1562,matam,mango,senegal,14,1,-0.0456867927386835,1.0,15.60094582,-13.322622,15.6,-13.3,15.6,-13.3,15.6,-13.3,15.6680352,-13.36263999,0.4,-0.28786253929138184,0.48103448275862065,45684180.71793652,0.15144391499366563,0.01543036411523599
643,1507,matam,diamel,senegal,6,1,-1.11953429027943,1.0,15.83897387,-13.22043021,15.85,-13.2,15.85,-13.2,15.85,-13.2,15.71702669,-13.36263999,0.8,-0.17065495252609253,0.19285714285714287,52655255.40438127,0.16015655117127092,0.32330553063730366
644,1505,matam,diamel,senegal,8,1,-1.13506551741661,1.0,15.83897387,-13.22043021,15.85,-13.2,15.85,-13.2,15.85,-13.2,15.71702669,-13.36263999,0.8,-0.17065495252609253,0.19285714285714287,52655255.40438127,0.16015655117127092,0.32330553063730366
645,779,diourbel,medinatoul,senegal,4,1,-0.589750626826608,1.0,14.73727345,-16.24237956,14.75,-16.25,14.75,-16.25,14.75,-16.25,14.74391863,-16.24558632,0.6,-0.12891010443369547,-0.055263157894736854,56652732.24892815,0.21241840067868403,0.19563670137163727
646,1114,kaolack,sara ndiougary,senegal,5,0,1.9843827590658,,,,,,,,,,14.72402296,-17.45998489,,,,,,
647,1371,matam,guindjilogne lodiou,senegal,8,2,0.140687932907471,1.0,,,,,,,,,14.72402296,-17.45998489,,,,,,
648,1066,louga,santhiaba centre,senegal,5,1,1.27895915324775,1.0,15.6277561,-16.22782692,15.65,-16.25,15.65,-16.25,15.65,-16.25,15.6680352,-16.23192106,1.0,-0.22147805690765382,-0.09545454545454547,31439893.328834556,0.17943069117445687,0.4266692509039231
649,1342,kanel,aoure,senegal,20,5,-1.36986446511465,1.0,15.14596428,-12.94689277,15.15,-12.95,15.15,-12.95,15.15,-12.95,15.23872587,-13.36263999,0.8,-0.20756706595420837,0.19285714285714292,56480806.52208929,0.17407560827176505,0.2201866143609424
650,1426,matam,golere,senegal,15,0,-0.611895285609107,,16.24895647,-14.10938504,16.25,-14.1,16.25,-14.1,16.25,-14.1,16.42033799,-14.01712506,0.8,-0.1521018147468567,-0.07499999999999998,67380541.52758224,0.15275634748350336,0.6490141175309769
651,1309,mbacke,darou khoudoss i,senegal,9,3,0.717065277771828,1.0,14.8653417,-15.87905597,14.85,-15.9,14.85,-15.9,14.85,-15.9,14.85551526,-15.88108409,0.2,-0.06695318222045898,-0.017796610169491522,88734721.23539704,0.19541316933321964,0.4296550142673737
652,1020,louga,keur serigne louga,senegal,4,1,0.606670674623683,1.0,15.60644218,-16.23380986,15.6,-16.25,15.6,-16.25,15.6,-16.25,15.6680352,-16.23192106,1.0,-0.22567317485809327,-0.09545454545454547,31439893.328834556,0.18382095623999536,0.4819329187522632
653,696,tiwaouane,ndiandakhoune,senegal,6,3,1.30484453180972,1.0,14.95366585,-16.81168094,14.95,-16.8,14.95,-16.8,14.95,-16.8,15.03429087,-16.79291761,0.8,-0.2366732954978943,-0.075,43538475.11259475,0.18710302971744586,0.27134429912987645
654,527,dakar,liberte 1,senegal,2,1,2.33034044280829,1.0,14.71053471,-17.46092585,14.7,-17.45,14.75,-17.399999999999977,14.7,-17.45,14.72094534,-17.45998489,0.0,0.0,,0.0,0.1047905545263934,0.0
655,1199,mbacke,touba madiyana,senegal,13,0,1.03304805690908,,14.9198,-15.8823,14.9,-15.9,14.9,-15.9,14.9,-15.9,14.85551526,-15.88108409,0.2,-0.08189427852630615,-0.017796610169491522,88734721.23539704,0.19760650366240864,0.3011360268655398
656,850,diourbel,medinatoul,senegal,7,0,0.364631663988481,,14.73727345,-16.24237956,14.75,-16.25,14.75,-16.25,14.75,-16.25,14.74391863,-16.24558632,0.6,-0.12891010443369547,-0.055263157894736854,56652732.24892815,0.21241840067868403,0.19563670137163727
657,453,dakar,arafat,senegal,6,0,-0.226803143098851,1.0,14.71105977,-17.4688686,14.7,-17.45,14.75,-17.399999999999977,14.7,-17.45,14.72094534,-17.45998489,0.0,0.0,,0.0,0.1047905545263934,0.0
658,3066,dakar,arafat,senegal,4,1,-0.508021196602582,1.0,14.71105977,-17.4688686,14.7,-17.45,14.75,-17.399999999999977,14.7,-17.45,14.72094534,-17.45998489,0.0,0.0,,0.0,0.1047905545263934,0.0
659,1553,matam,mango,senegal,9,0,0.116152077946997,,15.60094582,-13.322622,15.6,-13.3,15.6,-13.3,15.6,-13.3,15.6680352,-13.36263999,0.4,-0.28786253929138184,0.48103448275862065,45684180.71793652,0.15144391499366563,0.01543036411523599
660,1430,matam,badel,senegal,1,0,0.182993901746468,,15.96479168,-13.59455201,15.95,-13.6,15.95,-13.6,15.95,-13.6,16.0110665,-13.6728487,0.6,-0.14407789707183838,0.2956140350877193,69908285.96822166,0.16332740203840718,0.762616218833181
661,1310,mbacke,darou khoudoss,senegal,13,1,0.732442014384072,1.0,14.8653417,-15.87905597,14.85,-15.9,14.85,-15.9,14.85,-15.9,14.85551526,-15.88108409,0.2,-0.06695318222045898,-0.017796610169491522,88734721.23539704,0.19541316933321964,0.4296550142673737
662,103,pikine,cite lobatt fall,senegal,1,1,2.74197572302885,1.0,14.74682,-17.40995,14.75,-17.4,14.75,-17.4,14.75,-17.4,14.74391863,-17.39599836,0.4,0.0,-0.036206896551724155,69691.75401648635,0.1047905545263934,0.7159638211632261
663,13,dakar,grand medine,senegal,5,0,0.785650809880216,,14.74795,-17.44715,14.75,-17.45,15.599999999999994,-16.599999999999966,14.75,-17.45,14.74391863,-17.45998489,0.0,0.0,,0.0,0.17583396515261224,0.0
664,83,pikine,cite la rochette,senegal,8,1,0.812649921945146,1.0,14.75619,-17.36858,14.75,-17.35,14.75,-17.35,14.75,-17.35,14.76581033,-17.34454455,0.0,0.0,,0.0,0.14700023032453297,0.0
665,376,mbour,chateau d'eau,senegal,8,0,1.22718839612382,,14.65934807,-17.43678063,14.65,-17.45,14.75,-17.349999999999966,14.65,-17.45,14.66195934,-17.45998489,0.0,0.0,,0.0,0.14700023032453297,0.0
666,686,tiwaouane,ndiandakhoune,senegal,8,0,-0.232061518384838,,14.95366585,-16.81168094,14.95,-16.8,14.95,-16.8,14.95,-16.8,15.03429087,-16.79291761,0.8,-0.2366732954978943,-0.075,43538475.11259475,0.18710302971744586,0.27134429912987645
667,1436,matam,badel,senegal,12,1,-0.912374562204485,1.0,15.96479168,-13.59455201,15.95,-13.6,15.95,-13.6,15.95,-13.6,16.0110665,-13.6728487,0.6,-0.14407789707183838,0.2956140350877193,69908285.96822166,0.16332740203840718,0.762616218833181
668,733,gossas,keur el hadji,senegal,5,1,-1.89131275613344,1.0,14.49623916,-16.0640894,14.5,-16.05,14.5,-16.05,14.5,-16.05,14.50274052,-16.09656209,0.4,-0.4366685152053833,-0.036206896551724155,40611737.75569371,0.20658793774428785,0.3662766276201639
669,1221,diourbel,thierno kandji,senegal,2,0,-0.335975449819924,,14.6563661,-16.23464222,14.65,-16.25,14.65,-16.25,14.65,-16.25,14.66195934,-16.23192106,0.4,-0.32031071186065674,-0.036206896551724155,40611737.75569371,0.20315482194846746,0.31515939206315724
670,1545,kanel,yirla,senegal,10,2,-1.16359796733599,1.0,15.60553632,-13.18272101,15.6,-13.2,15.6,-13.2,15.6,-13.2,15.6680352,-13.36263999,0.8,-0.1700524091720581,0.1928571428571428,26065860.66616341,0.14886990226419286,0.05713420509071172
671,67,pikine,ousmane faye 05,senegal,5,0,0.737773580621401,,14.8268,-17.27016,14.85,-17.25,14.75,-17.24999999999997,14.85,-17.25,14.81724179,-17.22764196,0.4,0.0,-0.036206896551724155,108414.2033981107,0.2075499964908114,
672,1922,podor,nanaye,senegal,8,1,0.723290111232969,1.0,16.24874342,-14.10811085,16.25,-14.1,16.25,-14.1,16.25,-14.1,16.42033799,-14.01712506,0.8,-0.1521018147468567,-0.07499999999999998,67380541.52758224,0.15275634748350336,0.6490141175309769
673,1084,kebemer,affe,senegal,35,13,0.729533060255237,1.0,15.80634938,-16.29988776,15.8,-16.3,15.8,-16.3,15.8,-16.3,15.71702669,-16.26780651,0.8,-0.2785879969596863,-0.07500000000000004,37650997.735654265,0.17205813517475146,0.24934578182447642
674,660,mbour,tefess,senegal,6,1,1.30484453180972,0.0,14.4094197,-16.97209534,14.4,-16.95,14.450000000000003,-16.94999999999999,14.4,-16.95,14.47252629,-16.98407509,0.0,0.0,,0.0,0.20757044342676587,0.0
675,1404,matam,boynadji roumde,senegal,10,1,-0.3567055201897,1.0,15.66051954,-13.35041654,15.65,-13.35,15.65,-13.35,15.65,-13.35,15.6680352,-13.36263999,0.8,-0.16032558679580688,0.46071428571428574,24715000.212572217,0.154766297982673,0.1382486800476584
676,944,kebemer,medina,senegal,8,3,2.04949480649179,1.0,,,,,,,,,14.72402296,-17.45998489,,,,,,
677,732,gossas,keur el hadji,senegal,7,2,1.26601646396677,1.0,14.49623916,-16.0640894,14.5,-16.05,14.5,-16.05,14.5,-16.05,14.50274052,-16.09656209,0.4,-0.4366685152053833,-0.036206896551724155,40611737.75569371,0.20658793774428785,0.3662766276201639
678,839,diourbel,medinatoul,senegal,12,1,1.21134251288472,1.0,14.73727345,-16.24237956,14.75,-16.25,14.75,-16.25,14.75,-16.25,14.74391863,-16.24558632,0.6,-0.12891010443369547,-0.055263157894736854,56652732.24892815,0.21241840067868403,0.19563670137163727
679,1431,matam,thiambe,senegal,10,0,0.686002823497469,,15.63263924,-13.3254062,15.65,-13.35,15.65,-13.35,15.65,-13.35,15.6680352,-13.36263999,0.8,-0.16032558679580688,0.46071428571428574,24715000.212572217,0.154766297982673,0.1382486800476584
680,102,pikine,cite lobatt fall,senegal,10,0,1.82034814086609,,14.74682,-17.40995,14.75,-17.4,14.75,-17.4,14.75,-17.4,14.74391863,-17.39599836,0.4,0.0,-0.036206896551724155,69691.75401648635,0.1047905545263934,0.7159638211632261
681,739,gossas,keur el hadji,senegal,4,1,-0.0295019925601819,1.0,14.49623916,-16.0640894,14.5,-16.05,14.5,-16.05,14.5,-16.05,14.50274052,-16.09656209,0.4,-0.4366685152053833,-0.036206896551724155,40611737.75569371,0.20658793774428785,0.3662766276201639
682,3013,dakar,pa unite 11,senegal,5,1,-1.19426623690293,0.0,14.75896766,-17.43245729,14.75,-17.45,15.599999999999994,-16.599999999999966,14.75,-17.45,14.76581033,-17.45998489,0.0,0.0,,0.0,0.17583396515261224,0.0
683,1281,mbacke,mbacke khewar,senegal,6,0,-0.276201895020619,,14.80411689,-15.91020024,14.8,-15.9,14.8,-15.9,14.8,-15.9,14.81724179,-15.88108409,0.2,-0.030669331550598145,-0.017796610169491522,88734721.23539704,0.21091337244339783,0.5545915366157987
684,579,pikine,cite icotaf,senegal,7,1,-0.465681345154307,0.0,14.7155408,-17.26173081,14.7,-17.25,14.75,-17.24999999999997,14.7,-17.25,14.72094534,-17.22764196,0.4,0.0,-0.036206896551724155,108414.2033981107,0.2075499964908114,
685,154,thies,hersent,senegal,7,1,1.3203757589469,1.0,14.77685,-16.90942,14.8,-16.9,14.8,-16.9,14.8,-16.9,14.77734506,-16.92877566,0.6,-0.19322280089060465,-0.055263157894736833,49588632.547858596,0.1991877948177714,0.1308559818970757
686,635,rufisque,niagha ouolof,senegal,20,1,0.625202588913071,0.0,14.80539524,-17.23892342,14.8,-17.25,14.8,-17.25,14.8,-17.25,14.81724179,-17.22764196,0.4,0.0,-0.036206896551724155,108414.2033981107,0.21121838802929951,0.5477543569909434
687,1397,matam,boinadji civol,senegal,9,1,-2.18812801252856,1.0,15.66051954,-13.35041654,15.65,-13.35,15.65,-13.35,15.65,-13.35,15.6680352,-13.36263999,0.8,-0.16032558679580688,0.46071428571428574,24715000.212572217,0.154766297982673,0.1382486800476584
688,1276,mbacke,khaira niang,senegal,10,1,1.27895915324775,1.0,14.823157881171742,-15.90761198,14.8,-15.9,14.8,-15.9,14.8,-15.9,14.81724179,-15.88108409,0.2,-0.030669331550598145,-0.017796610169491522,88734721.23539704,0.21091337244339783,0.5545915366157987
689,1320,mbacke,darou khoudoss,senegal,12,1,1.1650634875751,1.0,14.8653417,-15.87905597,14.85,-15.9,14.85,-15.9,14.85,-15.9,14.85551526,-15.88108409,0.2,-0.06695318222045898,-0.017796610169491522,88734721.23539704,0.19541316933321964,0.4296550142673737
690,501,dakar,pa unite 11,senegal,4,1,0.552682402822523,0.0,14.75896766,-17.43245729,14.75,-17.45,15.599999999999994,-16.599999999999966,14.75,-17.45,14.76581033,-17.45998489,0.0,0.0,,0.0,0.17583396515261224,0.0
691,254,dakar,gueule tapee,senegal,10,2,1.89418253511999,1.0,14.68287,-17.45728,14.7,-17.45,14.75,-17.399999999999977,14.7,-17.45,14.66195934,-17.45998489,0.0,0.0,,0.0,0.1047905545263934,0.0
692,1366,matam,guidjilogne,senegal,8,2,0.0846025583890413,0.0,15.9373344,-13.35219736,15.95,-13.35,15.95,-13.35,15.95,-13.35,16.0110665,-13.36263999,0.6,-0.17210543155670166,0.2956140350877193,69908285.96822166,0.15722013875900648,0.5708981717969052
693,1319,mbacke,darou khoudoss,senegal,6,1,1.35143821322126,1.0,14.8653417,-15.87905597,14.85,-15.9,14.85,-15.9,14.85,-15.9,14.85551526,-15.88108409,0.2,-0.06695318222045898,-0.017796610169491522,88734721.23539704,0.19541316933321964,0.4296550142673737
694,457,dakar,arafat,senegal,3,1,0.239133671016535,1.0,14.71105977,-17.4688686,14.7,-17.45,14.75,-17.399999999999977,14.7,-17.45,14.72094534,-17.45998489,0.0,0.0,,0.0,0.1047905545263934,0.0
695,203,dakar,ouagou niayes 2,senegal,4,0,0.552682402822523,,14.70737,-17.449,14.7,-17.45,14.75,-17.399999999999977,14.7,-17.45,14.72094534,-17.45998489,0.0,0.0,,0.0,0.1047905545263934,0.0
696,375,mbour,chateau d'eau,senegal,1,0,2.22679892856043,,14.65934807,-17.43678063,14.65,-17.45,14.75,-17.349999999999966,14.65,-17.45,14.66195934,-17.45998489,0.0,0.0,,0.0,0.14700023032453297,0.0
697,504,dakar,pa unite 11,senegal,1,0,2.22679892856043,,14.75896766,-17.43245729,14.75,-17.45,15.599999999999994,-16.599999999999966,14.75,-17.45,14.76581033,-17.45998489,0.0,0.0,,0.0,0.17583396515261224,0.0
698,65,pikine,ousmane faye 05,senegal,4,1,1.38250066749562,0.0,14.8268,-17.27016,14.85,-17.25,14.75,-17.24999999999997,14.85,-17.25,14.81724179,-17.22764196,0.4,0.0,-0.036206896551724155,108414.2033981107,0.2075499964908114,
699,1051,kebemer,santhiaba centre,senegal,7,0,-1.01642458664177,,15.6277561,-16.22782692,15.65,-16.25,15.65,-16.25,15.65,-16.25,15.6680352,-16.23192106,1.0,-0.22147805690765382,-0.09545454545454547,31439893.328834556,0.17943069117445687,0.4266692509039231
700,62,pikine,ousmane faye 05,senegal,6,2,1.22718839612382,0.0,14.8268,-17.27016,14.85,-17.25,14.75,-17.24999999999997,14.85,-17.25,14.81724179,-17.22764196,0.4,0.0,-0.036206896551724155,108414.2033981107,0.2075499964908114,
701,1929,podor,nanaye,senegal,19,0,0.438550947051344,,16.24874342,-14.10811085,16.25,-14.1,16.25,-14.1,16.25,-14.1,16.42033799,-14.01712506,0.8,-0.1521018147468567,-0.07499999999999998,67380541.52758224,0.15275634748350336,0.6490141175309769
702,953,louga,nianguene ndiagne,senegal,14,2,1.10293857902639,1.0,15.60326241,-16.16011688,15.6,-16.15,15.6,-16.15,15.6,-16.15,15.6680352,-16.18754008,1.0,-0.25725340843200684,-0.09545454545454547,36149875.23038695,0.18879058913015065,0.5827442118191232
703,418,guediawaye,parcelles ass u 4,senegal,8,0,-0.232061518384838,,14.76143208,-17.4405089,14.75,-17.45,15.599999999999994,-16.599999999999966,14.75,-17.45,14.76581033,-17.45998489,0.0,0.0,,0.0,0.17583396515261224,0.0
704,34,dakar,ngaparou,senegal,7,1,1.35272176106854,0.0,14.46352,-17.05669,14.45,-17.05,14.5,-17.049999999999983,14.45,-17.05,14.47252629,-16.98407509,0.0,0.0,,0.0,0.19843707938592897,0.0
705,111,pikine,cite lobatt fall,senegal,8,0,3.19646379690344,,14.74682,-17.40995,14.75,-17.4,14.75,-17.4,14.75,-17.4,14.74391863,-17.39599836,0.4,0.0,-0.036206896551724155,69691.75401648635,0.1047905545263934,0.7159638211632261
706,1292,mbacke,mbacke khewar,senegal,13,1,0.660117444935504,0.0,14.80411689,-15.91020024,14.8,-15.9,14.8,-15.9,14.8,-15.9,14.81724179,-15.88108409,0.2,-0.030669331550598145,-0.017796610169491522,88734721.23539704,0.21091337244339783,0.5545915366157987
707,851,diourbel,medinatoul nord,senegal,9,1,1.07187612475203,1.0,14.65733141,-16.23486005,14.65,-16.25,14.65,-16.25,14.65,-16.25,14.66195934,-16.23192106,0.4,-0.32031071186065674,-0.036206896551724155,40611737.75569371,0.20315482194846746,0.31515939206315724
708,141,thies,hersent,senegal,17,0,1.67674535519948,,14.77685,-16.90942,14.8,-16.9,14.8,-16.9,14.8,-16.9,14.77734506,-16.92877566,0.6,-0.19322280089060465,-0.055263157894736833,49588632.547858596,0.1991877948177714,0.1308559818970757
709,1693,ziguinchor,diefaye,senegal,4,0,1.50803403244033,,12.57853941,-16.25514132,12.6,-16.25,12.6,-16.25,12.6,-16.25,12.56804369,-16.24558632,0.6,-0.4940914710362752,-0.055263157894736854,27409102.90320934,0.14540575872282602,-0.5067443792794513
710,1482,matam,hodio,senegal,5,2,0.278250230408204,1.0,16.05755556,-13.72019879,16.05,-13.7,16.05,-13.7,16.05,-13.7,16.0110665,-13.6728487,0.6,-0.18328376611073813,-0.055263157894736806,31792169.6249615,0.14350105402980165,0.07684000194064988
711,1077,kebemer,affe leye 1,senegal,7,1,-1.29961820671023,0.0,15.80634938,-16.29988776,15.8,-16.3,15.8,-16.3,15.8,-16.3,15.71702669,-16.26780651,0.8,-0.2785879969596863,-0.07500000000000004,37650997.735654265,0.17205813517475146,0.24934578182447642
712,401,guediawaye,cite des enseignants,senegal,4,0,1.38250066749562,1.0,14.77683245,-17.40519022,14.8,-17.4,14.75,-17.399999999999977,14.8,-17.4,14.77734506,-17.39599836,0.4,0.0,-0.036206896551724155,69691.75401648635,0.1047905545263934,
713,1293,mbacke,mbacke khewar,senegal,7,2,0.634232066373538,0.0,14.80411689,-15.91020024,14.8,-15.9,14.8,-15.9,14.8,-15.9,14.81724179,-15.88108409,0.2,-0.030669331550598145,-0.017796610169491522,88734721.23539704,0.21091337244339783,0.5545915366157987
714,1245,mbacke,darou khoudoss,senegal,9,0,1.33812573281796,,14.8653417,-15.87905597,14.85,-15.9,14.85,-15.9,14.85,-15.9,14.85551526,-15.88108409,0.2,-0.06695318222045898,-0.017796610169491522,88734721.23539704,0.19541316933321964,0.4296550142673737
715,618,rufisque,diokoul kaw,senegal,5,1,1.32683638250657,0.0,14.71694283,-17.29013219,14.7,-17.3,14.75,-17.299999999999983,14.7,-17.3,14.72094534,-17.34454455,0.0,0.0,,0.0,0.18609469526940595,0.0
716,657,dakar,hlm 4,senegal,1,0,1.71891467151061,1.0,14.71207849,-17.44431032,14.7,-17.45,14.75,-17.399999999999977,14.7,-17.45,14.72094534,-17.45998489,0.0,0.0,,0.0,0.1047905545263934,0.0
717,3052,dakar,sacre coeur 3,senegal,1,1,2.74974133659744,0.0,14.72046,-17.46744,14.7,-17.45,14.75,-17.399999999999977,14.7,-17.45,14.72094534,-17.45998489,0.0,0.0,,0.0,0.1047905545263934,0.0
718,419,guediawaye,parcelles ass u 4,senegal,1,0,0.309026838479395,,14.76143208,-17.4405089,14.75,-17.45,15.599999999999994,-16.599999999999966,14.75,-17.45,14.76581033,-17.45998489,0.0,0.0,,0.0,0.17583396515261224,0.0
719,616,rufisque,diokoul kaw,senegal,8,1,0.290904428140467,0.0,14.71694283,-17.29013219,14.7,-17.3,14.75,-17.299999999999983,14.7,-17.3,14.72094534,-17.34454455,0.0,0.0,,0.0,0.18609469526940595,0.0
720,1875,podor,dolele,senegal,13,0,2.68683386926973,,,,,,,,,,14.72402296,-17.45998489,,,,,,
721,358,thies,mbour i,senegal,4,1,0.420295948977529,0.0,14.68562239,-17.45034661,14.7,-17.45,14.75,-17.399999999999977,14.7,-17.45,14.66195934,-17.45998489,0.0,0.0,,0.0,0.1047905545263934,0.0
722,1876,podor,dolele,senegal,2,0,2.30445506424633,,,,,,,,,,14.72402296,-17.45998489,,,,,,
723,997,louga,artillerie,senegal,8,1,1.12364688187596,1.0,15.62705619,-16.2230668,15.65,-16.2,15.65,-16.2,15.65,-16.2,15.6680352,-16.23192106,1.0,-0.20137252807617187,-0.09545454545454547,31439893.328834556,0.18265390029051903,0.4195682598965685
724,852,diourbel,medinatoul nord,senegal,8,0,1.79064102087213,,14.65733141,-16.23486005,14.65,-16.25,14.65,-16.25,14.65,-16.25,14.66195934,-16.23192106,0.4,-0.32031071186065674,-0.036206896551724155,40611737.75569371,0.20315482194846746,0.31515939206315724
725,1304,mbacke,darou khoudoss,senegal,6,2,1.35143821322126,1.0,14.8653417,-15.87905597,14.85,-15.9,14.85,-15.9,14.85,-15.9,14.85551526,-15.88108409,0.2,-0.06695318222045898,-0.017796610169491522,88734721.23539704,0.19541316933321964,0.4296550142673737
726,1232,diourbel,thierno kandji,senegal,1,1,1.53530834593036,0.0,14.6563661,-16.23464222,14.65,-16.25,14.65,-16.25,14.65,-16.25,14.66195934,-16.23192106,0.4,-0.32031071186065674,-0.036206896551724155,40611737.75569371,0.20315482194846746,0.31515939206315724
727,688,tiwaouane,ndiandiakhoune,senegal,9,0,1.01328765070058,,,,,,,,,,14.72402296,-17.45998489,,,,,,
728,91,pikine,cite la rochette,senegal,4,1,0.790658071248296,0.0,14.75619,-17.36858,14.75,-17.35,14.75,-17.35,14.75,-17.35,14.76581033,-17.34454455,0.0,0.0,,0.0,0.14700023032453297,0.0
729,90,pikine,cite la rochette,senegal,9,2,1.18836032828087,1.0,14.75619,-17.36858,14.75,-17.35,14.75,-17.35,14.75,-17.35,14.76581033,-17.34454455,0.0,0.0,,0.0,0.14700023032453297,0.0
730,1603,kanel,sorry,senegal,18,2,-0.0767492470130426,1.0,15.20066949,-12.94539215,15.2,-12.95,15.2,-12.95,15.2,-12.95,15.23872587,-13.36263999,0.8,-0.18054533004760742,0.19285714285714292,56480806.52208929,0.17427296939413736,0.28027011736422464
731,1885,podor,dodele,senegal,5,1,0.321694326335275,1.0,16.50354464,-14.42019001,16.5,-14.4,16.5,-14.4,16.5,-14.4,16.47147469,-14.56250057,0.6,-0.22772661844889322,-0.05526315789473683,87642230.13625772,0.13799019896814188,0.6664631656013654
732,1314,mbacke,darou khoudoss i,senegal,5,4,0.841315094869265,1.0,14.8653417,-15.87905597,14.85,-15.9,14.85,-15.9,14.85,-15.9,14.85551526,-15.88108409,0.2,-0.06695318222045898,-0.017796610169491522,88734721.23539704,0.19541316933321964,0.4296550142673737
733,14,dakar,grand medine,senegal,7,1,1.3203757589469,1.0,14.74795,-17.44715,14.75,-17.45,15.599999999999994,-16.599999999999966,14.75,-17.45,14.74391863,-17.45998489,0.0,0.0,,0.0,0.17583396515261224,0.0
734,772,pikine,cite icotaf,senegal,8,2,1.95630744366871,1.0,14.7155408,-17.26173081,14.7,-17.25,14.75,-17.24999999999997,14.7,-17.25,14.72094534,-17.22764196,0.4,0.0,-0.036206896551724155,108414.2033981107,0.2075499964908114,
735,1313,mbacke,darou khoudoss i,senegal,16,3,0.45480978706015,1.0,14.8653417,-15.87905597,14.85,-15.9,14.85,-15.9,14.85,-15.9,14.85551526,-15.88108409,0.2,-0.06695318222045898,-0.017796610169491522,88734721.23539704,0.19541316933321964,0.4296550142673737
736,559,pikine,samba niang,senegal,9,6,1.18836032828087,1.0,14.80972717,-15.90288816,14.8,-15.9,14.8,-15.9,14.8,-15.9,14.81724179,-15.88108409,0.2,-0.030669331550598145,-0.017796610169491522,88734721.23539704,0.21091337244339783,0.5545915366157987
737,1930,podor,nanaye,senegal,12,2,1.22461782743256,1.0,16.24874342,-14.10811085,16.25,-14.1,16.25,-14.1,16.25,-14.1,16.42033799,-14.01712506,0.8,-0.1521018147468567,-0.07499999999999998,67380541.52758224,0.15275634748350336,0.6490141175309769
738,1317,mbacke,darou khoudoss 1,senegal,24,2,1.28931330467254,1.0,14.8653417,-15.87905597,14.85,-15.9,14.85,-15.9,14.85,-15.9,14.85551526,-15.88108409,0.2,-0.06695318222045898,-0.017796610169491522,88734721.23539704,0.19541316933321964,0.4296550142673737
739,1866,podor,fanaye,senegal,22,1,0.0761556471838217,1.0,16.52599054,-15.22269493,16.55,-15.2,16.55,-15.2,16.55,-15.2,16.47147469,-15.27583107,0.6,-0.15982850392659506,-0.05526315789473685,48192634.69637356,0.15593374637773602,0.6734216227747559
740,95,pikine,cite la rochette,senegal,16,1,0.516207082737242,1.0,14.75619,-17.36858,14.75,-17.35,14.75,-17.35,14.75,-17.35,14.76581033,-17.34454455,0.0,0.0,,0.0,0.14700023032453297,0.0
741,861,diourbel,medinatoul nord,senegal,2,1,2.12715094217768,1.0,14.65733141,-16.23486005,14.65,-16.25,14.65,-16.25,14.65,-16.25,14.66195934,-16.23192106,0.4,-0.32031071186065674,-0.036206896551724155,40611737.75569371,0.20315482194846746,0.31515939206315724
742,1244,mbacke,darou khoudoss,senegal,5,0,0.680671257260141,,14.8653417,-15.87905597,14.85,-15.9,14.85,-15.9,14.85,-15.9,14.85551526,-15.88108409,0.2,-0.06695318222045898,-0.017796610169491522,88734721.23539704,0.19541316933321964,0.4296550142673737
743,546,pikine,samba niang,senegal,2,0,0.863306945566114,,14.80972717,-15.90288816,14.8,-15.9,14.8,-15.9,14.8,-15.9,14.81724179,-15.88108409,0.2,-0.030669331550598145,-0.017796610169491522,88734721.23539704,0.21091337244339783,0.5545915366157987
744,1010,louga,keur serigne louga,senegal,4,0,0.308751637054292,,15.60644218,-16.23380986,15.6,-16.25,15.6,-16.25,15.6,-16.25,15.6680352,-16.23192106,1.0,-0.22567317485809327,-0.09545454545454547,31439893.328834556,0.18382095623999536,0.4819329187522632
745,552,pikine,samba niang,senegal,1,0,0.426776620690588,,14.80972717,-15.90288816,14.8,-15.9,14.8,-15.9,14.8,-15.9,14.81724179,-15.88108409,0.2,-0.030669331550598145,-0.017796610169491522,88734721.23539704,0.21091337244339783,0.5545915366157987
746,1416,matam,modeme,senegal,4,0,0.931931889001076,1.0,15.61359152,-13.32345921,15.6,-13.3,15.6,-13.3,15.6,-13.3,15.6680352,-13.36263999,0.4,-0.28786253929138184,0.48103448275862065,45684180.71793652,0.15144391499366563,0.01543036411523599
747,3025,pikine,cite la rochette,senegal,2,0,0.005757474798852,,14.75619,-17.36858,14.75,-17.35,14.75,-17.35,14.75,-17.35,14.76581033,-17.34454455,0.0,0.0,,0.0,0.14700023032453297,0.0
748,1119,kaolack,sara ndiougary,senegal,4,0,1.4565384767415,,,,,,,,,,14.72402296,-17.45998489,,,,,,
749,607,rufisque,diokoul kaw,senegal,6,0,-0.171546647269793,,14.71694283,-17.29013219,14.7,-17.3,14.75,-17.299999999999983,14.7,-17.3,14.72094534,-17.34454455,0.0,0.0,,0.0,0.18609469526940595,0.0
750,1707,ziguinchor,diefaye,senegal,5,1,2.04949480649179,1.0,12.57853941,-16.25514132,12.6,-16.25,12.6,-16.25,12.6,-16.25,12.56804369,-16.24558632,0.6,-0.4940914710362752,-0.055263157894736854,27409102.90320934,0.14540575872282602,-0.5067443792794513
751,1201,mbacke,touba madiyana,senegal,17,0,-0.273009850473513,,14.9198,-15.8823,14.9,-15.9,14.9,-15.9,14.9,-15.9,14.85551526,-15.88108409,0.2,-0.08189427852630615,-0.017796610169491522,88734721.23539704,0.19760650366240864,0.3011360268655398
752,139,thies,hersent,senegal,17,2,0.553186194968622,1.0,14.77685,-16.90942,14.8,-16.9,14.8,-16.9,14.8,-16.9,14.77734506,-16.92877566,0.6,-0.19322280089060465,-0.055263157894736833,49588632.547858596,0.1991877948177714,0.1308559818970757
753,856,diourbel,medinatoul,senegal,10,2,1.02010536762809,1.0,14.73727345,-16.24237956,14.75,-16.25,14.75,-16.25,14.75,-16.25,14.74391863,-16.24558632,0.6,-0.12891010443369547,-0.055263157894736854,56652732.24892815,0.21241840067868403,0.19563670137163727
754,776,diourbel,medinatoul,senegal,6,1,0.635345799876501,1.0,14.73727345,-16.24237956,14.75,-16.25,14.75,-16.25,14.75,-16.25,14.74391863,-16.24558632,0.6,-0.12891010443369547,-0.055263157894736854,56652732.24892815,0.21241840067868403,0.19563670137163727
755,620,rufisque,niagha ouolof,senegal,8,0,-0.187143850161188,,14.80539524,-17.23892342,14.8,-17.25,14.8,-17.25,14.8,-17.25,14.81724179,-17.22764196,0.4,0.0,-0.036206896551724155,108414.2033981107,0.21121838802929951,0.5477543569909434
756,1301,diourbel,darou khoudouss,senegal,10,0,0.761251582008436,,14.8653417,-15.87905597,14.85,-15.9,14.85,-15.9,14.85,-15.9,14.85551526,-15.88108409,0.2,-0.06695318222045898,-0.017796610169491522,88734721.23539704,0.19541316933321964,0.4296550142673737
757,1049,louga,santhiaba centre,senegal,8,0,0.916563853380231,,15.6277561,-16.22782692,15.65,-16.25,15.65,-16.25,15.65,-16.25,15.6680352,-16.23192106,1.0,-0.22147805690765382,-0.09545454545454547,31439893.328834556,0.17943069117445687,0.4266692509039231
758,1203,mbacke,madiyana,senegal,10,2,1.85495586625597,1.0,14.9198,-15.8823,14.9,-15.9,14.9,-15.9,14.9,-15.9,14.85551526,-15.88108409,0.2,-0.08189427852630615,-0.017796610169491522,88734721.23539704,0.19760650366240864,0.3011360268655398
759,1347,matam,agnam civol,senegal,7,0,-0.95674444650513,,16.00801046,-13.68783836,16.0,-13.7,16.0,-13.7,16.0,-13.7,16.0110665,-13.6728487,0.4,-0.31820470094680786,-0.03620689655172412,47665098.4684764,0.15609126016307415,0.4452895588499679
760,1233,diourbel,thierno kandji,senegal,9,9,2.03008077257031,1.0,14.6563661,-16.23464222,14.65,-16.25,14.65,-16.25,14.65,-16.25,14.66195934,-16.23192106,0.4,-0.32031071186065674,-0.036206896551724155,40611737.75569371,0.20315482194846746,0.31515939206315724
761,1836,st-louis,sor nord,senegal,3,1,0.34912048500469,0.0,16.03200409,-16.47188231,16.05,-16.45,16.05,-16.45,16.05,-16.45,16.0110665,-16.45109143,0.0,0.0,,0.0,0.15915969174752542,0.0
762,836,diourbel,,senegal,10,0,1.19740948969674,,,,,,,,,,14.72402296,-17.45998489,,,,,,
763,367,mbour,chateau d'eau,senegal,4,0,1.66986468845709,1.0,14.65934807,-17.43678063,14.65,-17.45,14.75,-17.349999999999966,14.65,-17.45,14.66195934,-17.45998489,0.0,0.0,,0.0,0.14700023032453297,0.0
764,3014,dakar,pa unite 11,senegal,1,0,1.68561335593408,,14.75896766,-17.43245729,14.75,-17.45,15.599999999999994,-16.599999999999966,14.75,-17.45,14.76581033,-17.45998489,0.0,0.0,,0.0,0.17583396515261224,0.0
765,1248,mbacke,darou khoudoss i,senegal,10,1,0.61438622184186,0.0,14.8653417,-15.87905597,14.85,-15.9,14.85,-15.9,14.85,-15.9,14.85551526,-15.88108409,0.2,-0.06695318222045898,-0.017796610169491522,88734721.23539704,0.19541316933321964,0.4296550142673737
766,1122,kaolack,sara ndiougary,senegal,6,1,0.619748596985106,0.0,,,,,,,,,14.72402296,-17.45998489,,,,,,
767,838,diourbel,medinatoul,senegal,6,2,1.38250066749562,1.0,14.73727345,-16.24237956,14.75,-16.25,14.75,-16.25,14.75,-16.25,14.74391863,-16.24558632,0.6,-0.12891010443369547,-0.055263157894736854,56652732.24892815,0.21241840067868403,0.19563670137163727
768,3001,dakar,sacre coeur 1,senegal,3,2,2.681482619077,1.0,14.7166,-17.4627,14.7,-17.45,14.75,-17.399999999999977,14.7,-17.45,14.72094534,-17.45998489,0.0,0.0,,0.0,0.1047905545263934,0.0
769,1862,podor,fanaye,senegal,12,4,1.36439887166717,0.0,16.52599054,-15.22269493,16.55,-15.2,16.55,-15.2,16.55,-15.2,16.47147469,-15.27583107,0.6,-0.15982850392659506,-0.05526315789473685,48192634.69637356,0.15593374637773602,0.6734216227747559
770,835,diourbel,medinatoul,senegal,7,1,0.690787433869251,1.0,14.73727345,-16.24237956,14.75,-16.25,14.75,-16.25,14.75,-16.25,14.74391863,-16.24558632,0.6,-0.12891010443369547,-0.055263157894736854,56652732.24892815,0.21241840067868403,0.19563670137163727
771,556,pikine,samba niang,senegal,8,0,1.36031320015679,,14.80972717,-15.90288816,14.8,-15.9,14.8,-15.9,14.8,-15.9,14.81724179,-15.88108409,0.2,-0.030669331550598145,-0.017796610169491522,88734721.23539704,0.21091337244339783,0.5545915366157987
772,1252,mbacke,darou khoudoss,senegal,15,1,1.2466024300453,1.0,14.8653417,-15.87905597,14.85,-15.9,14.85,-15.9,14.85,-15.9,14.85551526,-15.88108409,0.2,-0.06695318222045898,-0.017796610169491522,88734721.23539704,0.19541316933321964,0.4296550142673737
773,1261,mbacke,khayra,senegal,10,0,0.761251582008436,1.0,14.823157881171742,-15.90761198,14.8,-15.9,14.8,-15.9,14.8,-15.9,14.81724179,-15.88108409,0.2,-0.030669331550598145,-0.017796610169491522,88734721.23539704,0.21091337244339783,0.5545915366157987
774,1246,mbacke,darou khoudoss,senegal,24,1,0.605939310636641,1.0,14.8653417,-15.87905597,14.85,-15.9,14.85,-15.9,14.85,-15.9,14.85551526,-15.88108409,0.2,-0.06695318222045898,-0.017796610169491522,88734721.23539704,0.19541316933321964,0.4296550142673737
775,4023,pikine,cite rochette,senegal,6,0,-0.120889623648824,,14.75717772,-17.36506108,14.75,-17.35,14.75,-17.35,14.75,-17.35,14.76581033,-17.34454455,0.0,0.0,,0.0,0.14700023032453297,0.0
776,1350,matam,agnam civol,senegal,7,1,-1.34397908655269,1.0,16.00801046,-13.68783836,16.0,-13.7,16.0,-13.7,16.0,-13.7,16.0110665,-13.6728487,0.4,-0.31820470094680786,-0.03620689655172412,47665098.4684764,0.15609126016307415,0.4452895588499679
777,1359,matam,agnam civol,senegal,18,2,-1.40892188839017,1.0,16.00801046,-13.68783836,16.0,-13.7,16.0,-13.7,16.0,-13.7,16.0110665,-13.6728487,0.4,-0.31820470094680786,-0.03620689655172412,47665098.4684764,0.15609126016307415,0.4452895588499679
778,747,diourbel,medinatoul,senegal,11,0,1.19612594184946,,14.73727345,-16.24237956,14.75,-16.25,14.75,-16.25,14.75,-16.25,14.74391863,-16.24558632,0.6,-0.12891010443369547,-0.055263157894736854,56652732.24892815,0.21241840067868403,0.19563670137163727
779,135,thies,hersent,senegal,8,4,1.95630744366871,1.0,14.77685,-16.90942,14.8,-16.9,14.8,-16.9,14.8,-16.9,14.77734506,-16.92877566,0.6,-0.19322280089060465,-0.055263157894736833,49588632.547858596,0.1991877948177714,0.1308559818970757
780,687,tiwaouane,ndiandakhoune,senegal,3,2,1.44462557604434,1.0,14.95366585,-16.81168094,14.95,-16.8,14.95,-16.8,14.95,-16.8,15.03429087,-16.79291761,0.8,-0.2366732954978943,-0.075,43538475.11259475,0.18710302971744586,0.27134429912987645
781,88,pikine,cite la rochette,senegal,1,0,0.183218272109579,,14.75619,-17.36858,14.75,-17.35,14.75,-17.35,14.75,-17.35,14.76581033,-17.34454455,0.0,0.0,,0.0,0.14700023032453297,0.0
782,1005,louga,antillerie,senegal,7,2,1.3203757589469,1.0,15.63375211,-16.22235585,15.65,-16.2,15.65,-16.2,15.65,-16.2,15.6680352,-16.23192106,1.0,-0.20137252807617187,-0.09545454545454547,31439893.328834556,0.18265390029051903,0.4195682598965685
783,1928,podor,nanaye,senegal,17,1,0.0502702686218559,1.0,16.24874342,-14.10811085,16.25,-14.1,16.25,-14.1,16.25,-14.1,16.42033799,-14.01712506,0.8,-0.1521018147468567,-0.07499999999999998,67380541.52758224,0.15275634748350336,0.6490141175309769
784,826,diourbel,medinatoul,senegal,5,1,1.12726726129238,1.0,14.73727345,-16.24237956,14.75,-16.25,14.75,-16.25,14.75,-16.25,14.74391863,-16.24558632,0.6,-0.12891010443369547,-0.055263157894736854,56652732.24892815,0.21241840067868403,0.19563670137163727
785,946,louga,nianguene ndiagne,senegal,22,5,-0.867506960331247,1.0,15.60326241,-16.16011688,15.6,-16.15,15.6,-16.15,15.6,-16.15,15.6680352,-16.18754008,1.0,-0.25725340843200684,-0.09545454545454547,36149875.23038695,0.18879058913015065,0.5827442118191232
786,1702,ziguinchor,diefaye,senegal,10,1,1.32683638250657,0.0,12.57853941,-16.25514132,12.6,-16.25,12.6,-16.25,12.6,-16.25,12.56804369,-16.24558632,0.6,-0.4940914710362752,-0.055263157894736854,27409102.90320934,0.14540575872282602,-0.5067443792794513
787,563,pikine,samba niang,senegal,2,1,1.68561335593408,0.0,14.80972717,-15.90288816,14.8,-15.9,14.8,-15.9,14.8,-15.9,14.81724179,-15.88108409,0.2,-0.030669331550598145,-0.017796610169491522,88734721.23539704,0.21091337244339783,0.5545915366157987
788,986,louga,artillerie,senegal,8,0,0.375378280753879,,15.62705619,-16.2230668,15.65,-16.2,15.65,-16.2,15.65,-16.2,15.6680352,-16.23192106,1.0,-0.20137252807617187,-0.09545454545454547,31439893.328834556,0.18265390029051903,0.4195682598965685
789,353,thies,mbour 1,senegal,5,3,1.34367259965267,0.0,14.68562239,-17.45034661,14.7,-17.45,14.75,-17.399999999999977,14.7,-17.45,14.66195934,-17.45998489,0.0,0.0,,0.0,0.1047905545263934,0.0
790,3037,dakar,liberte 6,senegal,4,0,1.38250066749562,,14.73104,-17.46105,14.75,-17.45,15.599999999999994,-16.599999999999966,14.75,-17.45,14.72402296,-17.45998489,0.0,0.0,,0.0,0.17583396515261224,0.0
791,569,pikine,cite icotaf,senegal,12,1,2.12190208003217,0.0,14.7155408,-17.26173081,14.7,-17.25,14.75,-17.24999999999997,14.7,-17.25,14.72094534,-17.22764196,0.4,0.0,-0.036206896551724155,108414.2033981107,0.2075499964908114,
792,575,pikine,cite icotaf,senegal,9,0,1.36566445034952,,14.7155408,-17.26173081,14.7,-17.25,14.75,-17.24999999999997,14.7,-17.25,14.72094534,-17.22764196,0.4,0.0,-0.036206896551724155,108414.2033981107,0.2075499964908114,
793,1102,kaolack,ndorong,senegal,5,0,1.34367259965267,,14.08694396,-16.35938655,14.1,-16.35,14.1,-16.35,14.1,-16.35,14.0770377,-16.39672928,0.4,-0.39639490842819214,-0.036206896551724155,40611737.75569371,0.1928555006388203,-0.046086894811284834
794,48,dakar,mezmoz ambassade,senegal,2,2,2.10126556361572,1.0,14.68949,-17.47308,14.7,-17.45,14.75,-17.399999999999977,14.7,-17.45,14.66195934,-17.45998489,0.0,0.0,,0.0,0.1047905545263934,0.0
795,20,dakar,grand medine,senegal,6,0,0.758327392946039,,14.74795,-17.44715,14.75,-17.45,15.599999999999994,-16.599999999999966,14.75,-17.45,14.74391863,-17.45998489,0.0,0.0,,0.0,0.17583396515261224,0.0
796,1708,ziguinchor,diefaye,senegal,3,1,2.04949480649179,1.0,12.57853941,-16.25514132,12.6,-16.25,12.6,-16.25,12.6,-16.25,12.56804369,-16.24558632,0.6,-0.4940914710362752,-0.055263157894736854,27409102.90320934,0.14540575872282602,-0.5067443792794513
797,104,pikine,cite lobatt fall,senegal,4,0,0.106747217171541,,14.74682,-17.40995,14.75,-17.4,14.75,-17.4,14.75,-17.4,14.74391863,-17.39599836,0.4,0.0,-0.036206896551724155,69691.75401648635,0.1047905545263934,0.7159638211632261
798,964,louga,ndiagne,senegal,8,2,0.0473460795594582,1.0,15.51803969,-16.05754713,15.5,-16.05,15.5,-16.05,15.5,-16.05,15.38130032,-16.02810215,1.2,-0.1838888923327128,-0.1166666666666667,30431244.908496004,0.19544063384303087,0.45986994154273503
799,992,louga,artillerie,senegal,8,0,1.22718839612382,,15.62705619,-16.2230668,15.65,-16.2,15.65,-16.2,15.65,-16.2,15.6680352,-16.23192106,1.0,-0.20137252807617187,-0.09545454545454547,31439893.328834556,0.18265390029051903,0.4195682598965685
800,374,mbour,chateau d'eau,senegal,11,7,0.446181327539495,1.0,14.65934807,-17.43678063,14.65,-17.45,14.75,-17.349999999999966,14.65,-17.45,14.66195934,-17.45998489,0.0,0.0,,0.0,0.14700023032453297,0.0
801,9,dakar,grand medine,senegal,9,2,1.36308663357414,1.0,14.74795,-17.44715,14.75,-17.45,15.599999999999994,-16.599999999999966,14.75,-17.45,14.74391863,-17.45998489,0.0,0.0,,0.0,0.17583396515261224,0.0
802,1871,podor,dodele,senegal,12,0,0.19374223787868,,16.50354464,-14.42019001,16.5,-14.4,16.5,-14.4,16.5,-14.4,16.47147469,-14.56250057,0.6,-0.22772661844889322,-0.05526315789473683,87642230.13625772,0.13799019896814188,0.6664631656013654
803,1096,kaolack,ndorong,senegal,6,0,0.544545766074965,,14.08694396,-16.35938655,14.1,-16.35,14.1,-16.35,14.1,-16.35,14.0770377,-16.39672928,0.4,-0.39639490842819214,-0.036206896551724155,40611737.75569371,0.1928555006388203,-0.046086894811284834
804,1439,matam,golere,senegal,5,2,-1.26840126191093,0.0,16.24895647,-14.10938504,16.25,-14.1,16.25,-14.1,16.25,-14.1,16.42033799,-14.01712506,0.8,-0.1521018147468567,-0.07499999999999998,67380541.52758224,0.15275634748350336,0.6490141175309769
805,727,gossas,keur el hadji,senegal,8,2,-0.0485650542002548,1.0,14.49623916,-16.0640894,14.5,-16.05,14.5,-16.05,14.5,-16.05,14.50274052,-16.09656209,0.4,-0.4366685152053833,-0.036206896551724155,40611737.75569371,0.20658793774428785,0.3662766276201639
806,1294,mbacke,mbacke khewar,senegal,12,1,1.93855746979765,1.0,14.80411689,-15.91020024,14.8,-15.9,14.8,-15.9,14.8,-15.9,14.81724179,-15.88108409,0.2,-0.030669331550598145,-0.017796610169491522,88734721.23539704,0.21091337244339783,0.5545915366157987
807,1810,st-louis,pikine,senegal,6,0,1.40449251819247,,16.11042196,-16.49496496,16.1,-16.5,16.1,-16.5,16.1,-16.5,16.0110665,-16.49789432,0.0,0.0,,0.0,0.1404882058810358,0.0
808,258,dakar,gueule tapee,senegal,1,1,0.233875295730548,1.0,14.68287,-17.45728,14.7,-17.45,14.75,-17.399999999999977,14.7,-17.45,14.66195934,-17.45998489,0.0,0.0,,0.0,0.1047905545263934,0.0
809,3021,pikine,cite rochette,senegal,8,0,-0.676006481803375,,14.75717772,-17.36506108,14.75,-17.35,14.75,-17.35,14.75,-17.35,14.76581033,-17.34454455,0.0,0.0,,0.0,0.14700023032453297,0.0
810,1321,mbacke,darou khoudoss,senegal,5,1,2.64265455123405,1.0,14.8653417,-15.87905597,14.85,-15.9,14.85,-15.9,14.85,-15.9,14.85551526,-15.88108409,0.2,-0.06695318222045898,-0.017796610169491522,88734721.23539704,0.19541316933321964,0.4296550142673737
811,1367,matam,misscia lodiou,senegal,12,3,0.122937959036409,1.0,15.65365113,-13.25520908,15.65,-13.25,15.65,-13.25,15.65,-13.25,15.6680352,-13.36263999,0.6,-0.23294568061828613,0.29561403508771933,30754841.71624437,0.1588035546050995,0.044391301112194054
812,357,thies,mbour i,senegal,5,0,1.94595329224392,,14.68562239,-17.45034661,14.7,-17.45,14.75,-17.399999999999977,14.7,-17.45,14.66195934,-17.45998489,0.0,0.0,,0.0,0.1047905545263934,0.0
813,178,dakar,gilbraltar,senegal,4,1,1.61169625758836,1.0,14.68713208,-17.44338479,14.7,-17.45,14.75,-17.399999999999977,14.7,-17.45,14.66195934,-17.45998489,0.0,0.0,,0.0,0.1047905545263934,0.0
814,460,guediawaye,hlm las palmas,senegal,4,0,1.5518394706232,,14.77009217,-17.40633211,14.75,-17.4,14.75,-17.4,14.75,-17.4,14.77252754,-17.39599836,0.4,0.0,-0.036206896551724155,69691.75401648635,0.1047905545263934,0.7159638211632261
815,1287,mbacke,mbacke khewar,senegal,9,4,1.25825085039818,0.0,14.80411689,-15.91020024,14.8,-15.9,14.8,-15.9,14.8,-15.9,14.81724179,-15.88108409,0.2,-0.030669331550598145,-0.017796610169491522,88734721.23539704,0.21091337244339783,0.5545915366157987
816,1369,matam,nguidjilogne somona,senegal,9,1,0.530690552125674,0.0,15.9373344,-13.35219736,15.95,-13.35,15.95,-13.35,15.95,-13.35,16.0110665,-13.36263999,0.6,-0.17210543155670166,0.2956140350877193,69908285.96822166,0.15722013875900648,0.5708981717969052
817,100,pikine,cite lobatt fall,senegal,4,0,1.15342231530633,,14.74682,-17.40995,14.75,-17.4,14.75,-17.4,14.75,-17.4,14.74391863,-17.39599836,0.4,0.0,-0.036206896551724155,69691.75401648635,0.1047905545263934,0.7159638211632261
818,1282,mbacke,mbacke khewar,senegal,9,2,1.18836032828087,1.0,14.80411689,-15.91020024,14.8,-15.9,14.8,-15.9,14.8,-15.9,14.81724179,-15.88108409,0.2,-0.030669331550598145,-0.017796610169491522,88734721.23539704,0.21091337244339783,0.5545915366157987
819,1269,mbacke,khaire,senegal,7,1,0.525358985888345,1.0,14.823157881171742,-15.90761198,14.8,-15.9,14.8,-15.9,14.8,-15.9,14.81724179,-15.88108409,0.2,-0.030669331550598145,-0.017796610169491522,88734721.23539704,0.21091337244339783,0.5545915366157987
820,1441,matam,badel,senegal,8,1,0.173154645929275,1.0,15.96479168,-13.59455201,15.95,-13.6,15.95,-13.6,15.95,-13.6,16.0110665,-13.6728487,0.6,-0.14407789707183838,0.2956140350877193,69908285.96822166,0.16332740203840718,0.762616218833181
821,624,rufisque,niagha ouolof,senegal,4,0,-0.990107397469597,,14.80539524,-17.23892342,14.8,-17.25,14.8,-17.25,14.8,-17.25,14.81724179,-17.22764196,0.4,0.0,-0.036206896551724155,108414.2033981107,0.21121838802929951,0.5477543569909434
822,1826,st-louis,pikine,senegal,6,1,1.22718839612382,1.0,16.11042196,-16.49496496,16.1,-16.5,16.1,-16.5,16.1,-16.5,16.0110665,-16.49789432,0.0,0.0,,0.0,0.1404882058810358,0.0
823,1496,matam,diamel,senegal,5,1,-0.640578087303843,1.0,15.83897387,-13.22043021,15.85,-13.2,15.85,-13.2,15.85,-13.2,15.71702669,-13.36263999,0.8,-0.17065495252609253,0.19285714285714287,52655255.40438127,0.16015655117127092,0.32330553063730366
824,260,dakar,sacre coeur 3,senegal,10,3,3.15208886222578,1.0,14.72046,-17.46744,14.7,-17.45,14.75,-17.399999999999977,14.7,-17.45,14.72094534,-17.45998489,0.0,0.0,,0.0,0.1047905545263934,0.0
825,955,louga,nienguene ndiagne,senegal,14,2,0.567977839861174,1.0,,,,,,,,,14.72402296,-17.45998489,,,,,,
826,945,louga,nianguene ndiagne,senegal,22,1,-0.303628053690034,1.0,15.60326241,-16.16011688,15.6,-16.15,15.6,-16.15,15.6,-16.15,15.6680352,-16.18754008,1.0,-0.25725340843200684,-0.09545454545454547,36149875.23038695,0.18879058913015065,0.5827442118191232
827,188,dakar,gilbraltar 1,senegal,1,0,0.787723482799834,,14.68384,-17.42093,14.7,-17.4,14.75,-17.399999999999977,14.7,-17.4,14.66195934,-17.39599836,0.0,0.0,,0.0,0.1047905545263934,0.0
828,752,diourbel,medinatoul est,senegal,5,1,0.720386917274848,0.0,,,,,,,,,14.72402296,-17.45998489,,,,,,
829,351,thies,mbour i,senegal,4,3,2.04949480649179,1.0,14.68562239,-17.45034661,14.7,-17.45,14.75,-17.399999999999977,14.7,-17.45,14.66195934,-17.45998489,0.0,0.0,,0.0,0.1047905545263934,0.0
830,1813,st-louis,pikine,senegal,4,2,1.99772404936785,0.0,16.11042196,-16.49496496,16.1,-16.5,16.1,-16.5,16.1,-16.5,16.0110665,-16.49789432,0.0,0.0,,0.0,0.1404882058810358,0.0
831,1567,matam,mango 1,senegal,18,3,0.128391950964374,1.0,15.60094582,-13.322622,15.6,-13.3,15.6,-13.3,15.6,-13.3,15.6680352,-13.36263999,0.4,-0.28786253929138184,0.48103448275862065,45684180.71793652,0.15144391499366563,0.01543036411523599
832,1558,matam,mango,senegal,6,2,1.43065309817954,1.0,15.60094582,-13.322622,15.6,-13.3,15.6,-13.3,15.6,-13.3,15.6680352,-13.36263999,0.4,-0.28786253929138184,0.48103448275862065,45684180.71793652,0.15144391499366563,0.01543036411523599
833,1556,matam,darou salam,senegal,12,3,1.22461782743256,1.0,15.44284137,-14.05528102,15.45,-14.05,15.45,-14.05,15.45,-14.05,15.38130032,-14.01712506,0.4,-0.21544945240020752,-0.03620689655172412,47665098.4684764,0.19054119811583461,0.6258698845293006
834,1561,matam,mango,senegal,7,2,0.51867835667793,1.0,15.60094582,-13.322622,15.6,-13.3,15.6,-13.3,15.6,-13.3,15.6680352,-13.36263999,0.4,-0.28786253929138184,0.48103448275862065,45684180.71793652,0.15144391499366563,0.01543036411523599
835,1560,matam,mango,senegal,6,1,0.202812841456189,0.0,15.60094582,-13.322622,15.6,-13.3,15.6,-13.3,15.6,-13.3,15.6680352,-13.36263999,0.4,-0.28786253929138184,0.48103448275862065,45684180.71793652,0.15144391499366563,0.01543036411523599
836,617,rufisque,diokoul kaw,senegal,7,1,1.93301060296294,1.0,14.71694283,-17.29013219,14.7,-17.3,14.75,-17.299999999999983,14.7,-17.3,14.72094534,-17.34454455,0.0,0.0,,0.0,0.18609469526940595,0.0
837,690,tiwaouane,ndiantakhoune,senegal,5,0,1.34367259965267,,14.95366585,-16.81168094,14.95,-16.8,14.95,-16.8,14.95,-16.8,15.03429087,-16.79291761,0.8,-0.2366732954978943,-0.075,43538475.11259475,0.18710302971744586,0.27134429912987645
838,265,dakar,sacre coeur 3,senegal,2,1,2.10126556361572,1.0,14.72046,-17.46744,14.7,-17.45,14.75,-17.399999999999977,14.7,-17.45,14.72094534,-17.45998489,0.0,0.0,,0.0,0.1047905545263934,0.0
839,1360,matam,agnam civol,senegal,11,2,0.95427736898406,1.0,16.00801046,-13.68783836,16.0,-13.7,16.0,-13.7,16.0,-13.7,16.0110665,-13.6728487,0.4,-0.31820470094680786,-0.03620689655172412,47665098.4684764,0.15609126016307415,0.4452895588499679
840,429,guediawaye,parcelles ass u 4,senegal,3,2,2.31554879791574,1.0,14.76143208,-17.4405089,14.75,-17.45,15.599999999999994,-16.599999999999966,14.75,-17.45,14.76581033,-17.45998489,0.0,0.0,,0.0,0.17583396515261224,0.0
841,548,pikine,samba niang,senegal,7,0,1.37355077481828,,14.80972717,-15.90288816,14.8,-15.9,14.8,-15.9,14.8,-15.9,14.81724179,-15.88108409,0.2,-0.030669331550598145,-0.017796610169491522,88734721.23539704,0.21091337244339783,0.5545915366157987
842,1126,kaolack,sara ndiougary,senegal,8,2,1.33072991037169,1.0,,,,,,,,,14.72402296,-17.45998489,,,,,,
843,1692,ziguinchor,diefaye,senegal,7,0,1.93301060296294,,12.57853941,-16.25514132,12.6,-16.25,12.6,-16.25,12.6,-16.25,12.56804369,-16.24558632,0.6,-0.4940914710362752,-0.055263157894736854,27409102.90320934,0.14540575872282602,-0.5067443792794513
844,890,bambeye,leona sud,senegal,14,5,0.561753006400033,1.0,14.69755622,-16.45053577,14.7,-16.45,14.7,-16.45,14.7,-16.45,14.72094534,-16.45109143,0.6,-0.1686855951944987,-0.055263157894736854,56652732.24892815,0.21031591529079613,0.05209527572712604
845,1820,st-louis,pikine,senegal,4,3,1.98955983477819,1.0,16.11042196,-16.49496496,16.1,-16.5,16.1,-16.5,16.1,-16.5,16.0110665,-16.49789432,0.0,0.0,,0.0,0.1404882058810358,0.0
846,694,tiwaouane,ndiandiakhoune,senegal,15,0,-0.326858918641588,,,,,,,,,,14.72402296,-17.45998489,,,,,,
847,3062,dakar,arafat,senegal,4,0,0.217141820319686,,14.71105977,-17.4688686,14.7,-17.45,14.75,-17.399999999999977,14.7,-17.45,14.72094534,-17.45998489,0.0,0.0,,0.0,0.1047905545263934,0.0
848,1546,kanel,yirla,senegal,12,1,0.829252833071108,1.0,15.60553632,-13.18272101,15.6,-13.2,15.6,-13.2,15.6,-13.2,15.6680352,-13.36263999,0.8,-0.1700524091720581,0.1928571428571428,26065860.66616341,0.14886990226419286,0.05713420509071172
849,365,mbour,chateau d'eau,senegal,8,0,1.33072991037169,,14.65934807,-17.43678063,14.65,-17.45,14.75,-17.349999999999966,14.65,-17.45,14.66195934,-17.45998489,0.0,0.0,,0.0,0.14700023032453297,0.0
850,363,mbour,chateau d'eau,senegal,6,0,0.882577210043475,1.0,14.65934807,-17.43678063,14.65,-17.45,14.75,-17.349999999999966,14.65,-17.45,14.66195934,-17.45998489,0.0,0.0,,0.0,0.14700023032453297,0.0
851,749,diourbel,medinatoul,senegal,6,1,0.810252640594906,1.0,14.73727345,-16.24237956,14.75,-16.25,14.75,-16.25,14.75,-16.25,14.74391863,-16.24558632,0.6,-0.12891010443369547,-0.055263157894736854,56652732.24892815,0.21241840067868403,0.19563670137163727
852,1365,matam,guidjilogne lodiou,senegal,6,4,0.28564605285448,1.0,15.9373344,-13.35219736,15.95,-13.35,15.95,-13.35,15.95,-13.35,16.0110665,-13.36263999,0.6,-0.17210543155670166,0.2956140350877193,69908285.96822166,0.15722013875900648,0.5708981717969052
853,957,louga,mbodjiene,senegal,12,1,-0.0044246775644736,1.0,14.23001387,-16.86834878,14.25,-16.85,14.25,-16.85,14.25,-16.85,14.22169871,-16.92877566,0.4,0.0,-0.036206896551724155,124021.92331881705,0.22192485985706842,0.7154283909429164
854,1128,kaolack,sara ndiougary,senegal,6,2,1.35143821322126,1.0,,,,,,,,,14.72402296,-17.45998489,,,,,,
855,937,kebemer,medina,senegal,11,2,1.19612594184946,1.0,,,,,,,,,14.72402296,-17.45998489,,,,,,
856,1745,bakel,ndiaye counda,senegal,12,2,0.75159669738521,1.0,14.1372415,-15.49080373,14.15,-15.5,14.15,-15.5,14.15,-15.5,14.13637726,-15.5307987,0.4,-0.7484819293022156,-0.036206896551724155,40611737.75569371,0.22504927905881528,1.1801021729815546
857,1279,mbacke,touba khayra,senegal,5,1,1.27895915324775,1.0,14.823157881171742,-15.90761198,14.8,-15.9,14.8,-15.9,14.8,-15.9,14.81724179,-15.88108409,0.2,-0.030669331550598145,-0.017796610169491522,88734721.23539704,0.21091337244339783,0.5545915366157987
858,205,dakar,ouagou niayes 2,senegal,7,1,1.35272176106854,0.0,14.70737,-17.449,14.7,-17.45,14.75,-17.399999999999977,14.7,-17.45,14.72094534,-17.45998489,0.0,0.0,,0.0,0.1047905545263934,0.0
859,496,dakar,pa unite 11,senegal,8,0,1.16901951819772,,14.75896766,-17.43245729,14.75,-17.45,15.599999999999994,-16.599999999999966,14.75,-17.45,14.76581033,-17.45998489,0.0,0.0,,0.0,0.17583396515261224,0.0
860,25,dakar,ngaparou,senegal,4,1,0.830425821063403,0.0,14.46352,-17.05669,14.45,-17.05,14.5,-17.049999999999983,14.45,-17.05,14.47252629,-16.98407509,0.0,0.0,,0.0,0.19843707938592897,0.0
861,924,kebemer,madina,senegal,5,0,0.139485684633788,,14.6863071,-17.449476,14.7,-17.45,14.75,-17.399999999999977,14.7,-17.45,14.66195934,-17.45998489,0.0,0.0,,0.0,0.1047905545263934,0.0
862,1222,diourbel,thierno kandji,senegal,8,2,1.36031320015679,1.0,14.6563661,-16.23464222,14.65,-16.25,14.65,-16.25,14.65,-16.25,14.66195934,-16.23192106,0.4,-0.32031071186065674,-0.036206896551724155,40611737.75569371,0.20315482194846746,0.31515939206315724
863,22,dakar,ngaparou,senegal,9,6,2.04949480649179,1.0,14.46352,-17.05669,14.45,-17.05,14.5,-17.049999999999983,14.45,-17.05,14.47252629,-16.98407509,0.0,0.0,,0.0,0.19843707938592897,0.0
864,1307,mbacke,darou khoudoss,senegal,20,1,1.84538864264092,1.0,14.8653417,-15.87905597,14.85,-15.9,14.85,-15.9,14.85,-15.9,14.85551526,-15.88108409,0.2,-0.06695318222045898,-0.017796610169491522,88734721.23539704,0.19541316933321964,0.4296550142673737
865,1920,podor,namaye,senegal,5,1,0.557689664190603,1.0,16.42777753,-14.09801568,16.45,-14.1,16.45,-14.1,16.45,-14.1,16.42033799,-14.01712506,0.6,-0.2016923427581787,-0.05526315789473683,87642230.13625772,0.14516387759546714,0.1830651687237986
866,148,thies,hersent,senegal,6,0,0.697404732671003,,14.77685,-16.90942,14.8,-16.9,14.8,-16.9,14.8,-16.9,14.77734506,-16.92877566,0.6,-0.19322280089060465,-0.055263157894736833,49588632.547858596,0.1991877948177714,0.1308559818970757
867,1372,matam,guindjilogne lodiou,senegal,5,1,0.900869434726717,1.0,,,,,,,,,14.72402296,-17.45998489,,,,,,
868,547,pikine,samba niang,senegal,2,0,1.55980478956426,,14.80972717,-15.90288816,14.8,-15.9,14.8,-15.9,14.8,-15.9,14.81724179,-15.88108409,0.2,-0.030669331550598145,-0.017796610169491522,88734721.23539704,0.21091337244339783,0.5545915366157987
869,1409,matam,moderne ii,senegal,8,0,1.3009510039446,,15.61359152,-13.32345921,15.6,-13.3,15.6,-13.3,15.6,-13.3,15.6680352,-13.36263999,0.4,-0.28786253929138184,0.48103448275862065,45684180.71793652,0.15144391499366563,0.01543036411523599
870,155,thies,hersent,senegal,5,2,2.12325741431257,1.0,14.77685,-16.90942,14.8,-16.9,14.8,-16.9,14.8,-16.9,14.77734506,-16.92877566,0.6,-0.19322280089060465,-0.055263157894736833,49588632.547858596,0.1991877948177714,0.1308559818970757
871,950,louga,ndiagne,senegal,11,6,0.0535401041146822,1.0,15.51803969,-16.05754713,15.5,-16.05,15.5,-16.05,15.5,-16.05,15.38130032,-16.02810215,1.2,-0.1838888923327128,-0.1166666666666667,30431244.908496004,0.19544063384303087,0.45986994154273503
872,456,dakar,arafat,senegal,9,1,1.07187612475203,0.0,14.71105977,-17.4688686,14.7,-17.45,14.75,-17.399999999999977,14.7,-17.45,14.72094534,-17.45998489,0.0,0.0,,0.0,0.1047905545263934,0.0
873,858,diourbel,medinatoul,senegal,9,1,0.451358403251888,1.0,14.73727345,-16.24237956,14.75,-16.25,14.75,-16.25,14.75,-16.25,14.74391863,-16.24558632,0.6,-0.12891010443369547,-0.055263157894736854,56652732.24892815,0.21241840067868403,0.19563670137163727
874,1251,mbacke,darou khoudouss,senegal,3,0,-1.02628095170213,1.0,14.8653417,-15.87905597,14.85,-15.9,14.85,-15.9,14.85,-15.9,14.85551526,-15.88108409,0.2,-0.06695318222045898,-0.017796610169491522,88734721.23539704,0.19541316933321964,0.4296550142673737
875,84,pikine,cite la rochette,senegal,6,2,0.758327392946039,0.0,14.75619,-17.36858,14.75,-17.35,14.75,-17.35,14.75,-17.35,14.76581033,-17.34454455,0.0,0.0,,0.0,0.14700023032453297,0.0
876,1209,mbacke,touba madiyana,senegal,12,1,1.22718839612382,1.0,14.9198,-15.8823,14.9,-15.9,14.9,-15.9,14.9,-15.9,14.85551526,-15.88108409,0.2,-0.08189427852630615,-0.017796610169491522,88734721.23539704,0.19760650366240864,0.3011360268655398
877,1018,louga,keur serigne louga,senegal,20,3,0.342639813291631,0.0,15.60644218,-16.23380986,15.6,-16.25,15.6,-16.25,15.6,-16.25,15.6680352,-16.23192106,1.0,-0.22567317485809327,-0.09545454545454547,31439893.328834556,0.18382095623999536,0.4819329187522632
878,664,mbour,tefess,senegal,7,1,0.583575042752568,0.0,14.4094197,-16.97209534,14.4,-16.95,14.450000000000003,-16.94999999999999,14.4,-16.95,14.47252629,-16.98407509,0.0,0.0,,0.0,0.20757044342676587,0.0
879,551,pikine,samba niang,senegal,5,1,1.27895915324775,0.0,14.80972717,-15.90288816,14.8,-15.9,14.8,-15.9,14.8,-15.9,14.81724179,-15.88108409,0.2,-0.030669331550598145,-0.017796610169491522,88734721.23539704,0.21091337244339783,0.5545915366157987
880,1274,mbacke,keur niang khayra,senegal,8,1,1.33072991037169,1.0,14.823157881171742,-15.90761198,14.8,-15.9,14.8,-15.9,14.8,-15.9,14.81724179,-15.88108409,0.2,-0.030669331550598145,-0.017796610169491522,88734721.23539704,0.21091337244339783,0.5545915366157987
881,1052,louga,santhiaba centre,senegal,6,0,1.89418253511999,,15.6277561,-16.22782692,15.65,-16.25,15.65,-16.25,15.65,-16.25,15.6680352,-16.23192106,1.0,-0.22147805690765382,-0.09545454545454547,31439893.328834556,0.17943069117445687,0.4266692509039231
882,1829,st-louis,sor nord,senegal,7,0,1.5339194110023,,16.03200409,-16.47188231,16.05,-16.45,16.05,-16.45,16.05,-16.45,16.0110665,-16.45109143,0.0,0.0,,0.0,0.15915969174752542,0.0
883,1065,louga,santhiaba centre,senegal,7,1,2.02360942792982,1.0,15.6277561,-16.22782692,15.65,-16.25,15.65,-16.25,15.65,-16.25,15.6680352,-16.23192106,1.0,-0.22147805690765382,-0.09545454545454547,31439893.328834556,0.17943069117445687,0.4266692509039231
884,1403,matam,boynadji roumde,senegal,7,1,1.37993009880435,1.0,15.66051954,-13.35041654,15.65,-13.35,15.65,-13.35,15.65,-13.35,15.6680352,-13.36263999,0.8,-0.16032558679580688,0.46071428571428574,24715000.212572217,0.154766297982673,0.1382486800476584
885,759,diourbel,medinatoul,senegal,8,3,0.619748596985106,1.0,14.73727345,-16.24237956,14.75,-16.25,14.75,-16.25,14.75,-16.25,14.74391863,-16.24558632,0.6,-0.12891010443369547,-0.055263157894736854,56652732.24892815,0.21241840067868403,0.19563670137163727
886,1916,podor,namaye,senegal,10,1,1.44205500735307,1.0,16.42777753,-14.09801568,16.45,-14.1,16.45,-14.1,16.45,-14.1,16.42033799,-14.01712506,0.6,-0.2016923427581787,-0.05526315789473683,87642230.13625772,0.14516387759546714,0.1830651687237986
887,1465,kanel,medina torobes,senegal,28,5,0.0846025583890413,1.0,,,,,,,,,14.72402296,-17.45998489,,,,,,
888,962,louga,nianguene ndiague,senegal,6,1,1.4642424746919,1.0,15.42978906,-16.08296008,15.45,-16.1,15.45,-16.1,15.45,-16.1,15.38130032,-16.09656209,1.0,-0.15029442310333252,-0.09545454545454547,35198398.749884054,0.19541158488086505,0.38855186305909406
889,846,diourbel,medinatoul nord,senegal,4,0,1.99772404936785,,14.65733141,-16.23486005,14.65,-16.25,14.65,-16.25,14.65,-16.25,14.66195934,-16.23192106,0.4,-0.32031071186065674,-0.036206896551724155,40611737.75569371,0.20315482194846746,0.31515939206315724
890,1705,ziguinchor,diefaye,senegal,6,1,0.544545766074965,1.0,12.57853941,-16.25514132,12.6,-16.25,12.6,-16.25,12.6,-16.25,12.56804369,-16.24558632,0.6,-0.4940914710362752,-0.055263157894736854,27409102.90320934,0.14540575872282602,-0.5067443792794513
891,26,dakar,ngaparou,senegal,4,0,1.22718839612382,1.0,14.46352,-17.05669,14.45,-17.05,14.5,-17.049999999999983,14.45,-17.05,14.47252629,-16.98407509,0.0,0.0,,0.0,0.19843707938592897,0.0
892,1258,mbacke,darou khoudoss i,senegal,9,1,1.3474870669885,0.0,14.8653417,-15.87905597,14.85,-15.9,14.85,-15.9,14.85,-15.9,14.85551526,-15.88108409,0.2,-0.06695318222045898,-0.017796610169491522,88734721.23539704,0.19541316933321964,0.4296550142673737
893,1392,matam,boynadji roumde,senegal,10,1,-1.04569498287943,1.0,15.66051954,-13.35041654,15.65,-13.35,15.65,-13.35,15.65,-13.35,15.6680352,-13.36263999,0.8,-0.16032558679580688,0.46071428571428574,24715000.212572217,0.154766297982673,0.1382486800476584
894,742,diourbel,medinatoul est,senegal,3,1,2.14914279287453,0.0,,,,,,,,,14.72402296,-17.45998489,,,,,,
895,4032,dakar,liberte 6,senegal,3,1,1.01448989897426,0.0,14.73104,-17.46105,14.75,-17.45,15.599999999999994,-16.599999999999966,14.75,-17.45,14.72402296,-17.45998489,0.0,0.0,,0.0,0.17583396515261224,0.0
896,1278,mbacke,touba khayra,senegal,14,2,1.22718839612382,1.0,14.823157881171742,-15.90761198,14.8,-15.9,14.8,-15.9,14.8,-15.9,14.81724179,-15.88108409,0.2,-0.030669331550598145,-0.017796610169491522,88734721.23539704,0.21091337244339783,0.5545915366157987
897,3061,dakar,arafat,senegal,4,0,0.573511416572264,,14.71105977,-17.4688686,14.7,-17.45,14.75,-17.399999999999977,14.7,-17.45,14.72094534,-17.45998489,0.0,0.0,,0.0,0.1047905545263934,0.0
898,1325,kanel,aoure,senegal,7,0,-0.736539287413969,,15.14596428,-12.94689277,15.15,-12.95,15.15,-12.95,15.15,-12.95,15.23872587,-13.36263999,0.8,-0.20756706595420837,0.19285714285714292,56480806.52208929,0.17407560827176505,0.2201866143609424
899,929,kebemer,medina,senegal,5,0,2.18797086071748,,,,,,,,,,14.72402296,-17.45998489,,,,,,
900,1418,matam,moderne,senegal,14,1,0.026792267234821,1.0,15.61359152,-13.32345921,15.6,-13.3,15.6,-13.3,15.6,-13.3,15.6680352,-13.36263999,0.4,-0.28786253929138184,0.48103448275862065,45684180.71793652,0.15144391499366563,0.01543036411523599
901,678,mbour,tefess,senegal,4,0,0.790658071248296,,14.4094197,-16.97209534,14.4,-16.95,14.450000000000003,-16.94999999999999,14.4,-16.95,14.47252629,-16.98407509,0.0,0.0,,0.0,0.20757044342676587,0.0
902,1827,st-louis,pikine,senegal,6,1,1.35143821322126,0.0,16.11042196,-16.49496496,16.1,-16.5,16.1,-16.5,16.1,-16.5,16.0110665,-16.49789432,0.0,0.0,,0.0,0.1404882058810358,0.0
903,676,mbour,tefess,senegal,14,0,1.28024270109503,,14.4094197,-16.97209534,14.4,-16.95,14.450000000000003,-16.94999999999999,14.4,-16.95,14.47252629,-16.98407509,0.0,0.0,,0.0,0.20757044342676587,0.0
904,63,pikine,ousmane faye 05,senegal,6,1,1.40468813483445,0.0,14.8268,-17.27016,14.85,-17.25,14.75,-17.24999999999997,14.85,-17.25,14.81724179,-17.22764196,0.4,0.0,-0.036206896551724155,108414.2033981107,0.2075499964908114,
905,1130,kaolack,sara ndiougary,senegal,6,1,2.01843235221743,1.0,,,,,,,,,14.72402296,-17.45998489,,,,,,
906,1734,bakel,ndiaye counda,senegal,11,0,0.16625149067858,,14.1372415,-15.49080373,14.15,-15.5,14.15,-15.5,14.15,-15.5,14.13637726,-15.5307987,0.4,-0.7484819293022156,-0.036206896551724155,40611737.75569371,0.22504927905881528,1.1801021729815546
907,38,dakar,mermoz ambassade,senegal,7,2,2.56336661095129,1.0,14.68949,-17.47308,14.7,-17.45,14.75,-17.399999999999977,14.7,-17.45,14.66195934,-17.45998489,0.0,0.0,,0.0,0.1047905545263934,0.0
908,1241,mbacke,darou khoudoss,senegal,3,0,-0.0988977729519743,,14.8653417,-15.87905597,14.85,-15.9,14.85,-15.9,14.85,-15.9,14.85551526,-15.88108409,0.2,-0.06695318222045898,-0.017796610169491522,88734721.23539704,0.19541316933321964,0.4296550142673737
909,87,pikine,cite la rochette,senegal,2,1,-0.551025300718896,1.0,14.75619,-17.36858,14.75,-17.35,14.75,-17.35,14.75,-17.35,14.76581033,-17.34454455,0.0,0.0,,0.0,0.14700023032453297,0.0
910,3024,pikine,cite la rochette,senegal,1,0,0.211726769791616,,14.75619,-17.36858,14.75,-17.35,14.75,-17.35,14.75,-17.35,14.76581033,-17.34454455,0.0,0.0,,0.0,0.14700023032453297,0.0
911,1420,matam,moderne b,senegal,17,1,1.05503990760593,1.0,15.61359152,-13.32345921,15.6,-13.3,15.6,-13.3,15.6,-13.3,15.6680352,-13.36263999,0.4,-0.28786253929138184,0.48103448275862065,45684180.71793652,0.15144391499366563,0.01543036411523599
912,753,diourbel,medinatoul,senegal,5,1,0.775060868356901,1.0,14.73727345,-16.24237956,14.75,-16.25,14.75,-16.25,14.75,-16.25,14.74391863,-16.24558632,0.6,-0.12891010443369547,-0.055263157894736854,56652732.24892815,0.21241840067868403,0.19563670137163727
913,459,guediawaye,hlm las palmas,senegal,7,0,2.11031472503159,,14.77009217,-17.40633211,14.75,-17.4,14.75,-17.4,14.75,-17.4,14.77252754,-17.39599836,0.4,0.0,-0.036206896551724155,69691.75401648635,0.1047905545263934,0.7159638211632261
914,1007,louga,keur serigne louga,senegal,10,0,1.14953226043792,,15.60644218,-16.23380986,15.6,-16.25,15.6,-16.25,15.6,-16.25,15.6680352,-16.23192106,1.0,-0.22567317485809327,-0.09545454545454547,31439893.328834556,0.18382095623999536,0.4819329187522632
915,126,dakar,castor,senegal,3,2,3.43478345415386,1.0,14.72704,-17.4436,14.75,-17.45,15.599999999999994,-16.599999999999966,14.75,-17.45,14.72402296,-17.45998489,0.0,0.0,,0.0,0.17583396515261224,0.0
916,674,mbour,tefess,senegal,9,0,0.647174755654521,,14.4094197,-16.97209534,14.4,-16.95,14.450000000000003,-16.94999999999999,14.4,-16.95,14.47252629,-16.98407509,0.0,0.0,,0.0,0.20757044342676587,0.0
917,191,dakar,ouagou niaye 2,senegal,3,2,1.38250066749562,0.0,14.70737,-17.449,14.7,-17.45,14.75,-17.399999999999977,14.7,-17.45,14.72094534,-17.45998489,0.0,0.0,,0.0,0.1047905545263934,0.0
918,134,dakar,castor,senegal,8,1,2.08055726076615,1.0,14.72704,-17.4436,14.75,-17.45,15.599999999999994,-16.599999999999966,14.75,-17.45,14.72402296,-17.45998489,0.0,0.0,,0.0,0.17583396515261224,0.0
919,49,dakar,mermoz ambassade,senegal,5,0,3.35712731846796,,14.68949,-17.47308,14.7,-17.45,14.75,-17.399999999999977,14.7,-17.45,14.66195934,-17.45998489,0.0,0.0,,0.0,0.1047905545263934,0.0
920,186,dakar,gibraltar 1,senegal,6,1,1.97183867080589,1.0,14.68384,-17.42093,14.7,-17.4,14.75,-17.399999999999977,14.7,-17.4,14.66195934,-17.39599836,0.0,0.0,,0.0,0.1047905545263934,0.0
921,815,foundiougne,passy,senegal,4,3,0.239914829760837,0.0,13.98543687,-16.25698786,14.0,-16.25,14.0,-16.25,14.0,-16.25,13.9836423,-16.26717045,0.4,-0.31245875358581543,-0.036206896551724155,40611737.75569371,0.22111232687087093,0.43504136653959846
922,449,dakar,arafat,senegal,1,0,-0.848976829633489,,14.71105977,-17.4688686,14.7,-17.45,14.75,-17.399999999999977,14.7,-17.45,14.72094534,-17.45998489,0.0,0.0,,0.0,0.1047905545263934,0.0
923,3030,dakar,castor 1,senegal,4,0,1.9834439949714,,14.72684161,-17.44623836,14.75,-17.45,15.599999999999994,-16.599999999999966,14.75,-17.45,14.72402296,-17.45998489,0.0,0.0,,0.0,0.17583396515261224,0.0
924,785,mbacke,guede bousso,senegal,10,0,1.94595329224392,,14.89820198,-15.86724177,14.9,-15.85,14.9,-15.85,14.9,-15.85,14.85551526,-15.88108409,0.2,-0.07495784759521484,-0.017796610169491522,88734721.23539704,0.2087404012816917,0.45797913261875534
925,1107,kaolack,ndorong,senegal,8,0,0.693511204805887,,14.08694396,-16.35938655,14.1,-16.35,14.1,-16.35,14.1,-16.35,14.0770377,-16.39672928,0.4,-0.39639490842819214,-0.036206896551724155,40611737.75569371,0.1928555006388203,-0.046086894811284834
926,1695,ziguinchor,diefaye,senegal,6,0,1.97183867080589,,12.57853941,-16.25514132,12.6,-16.25,12.6,-16.25,12.6,-16.25,12.56804369,-16.24558632,0.6,-0.4940914710362752,-0.055263157894736854,27409102.90320934,0.14540575872282602,-0.5067443792794513
927,3063,dakar,arafat,senegal,10,3,0.671519354109037,0.0,14.71105977,-17.4688686,14.7,-17.45,14.75,-17.399999999999977,14.7,-17.45,14.72094534,-17.45998489,0.0,0.0,,0.0,0.1047905545263934,0.0
928,1034,louga,montagne,senegal,9,1,2.56499841554815,1.0,15.62330287,-16.21748196,15.6,-16.2,15.6,-16.2,15.6,-16.2,15.6680352,-16.23192106,1.0,-0.21260757446289064,-0.09545454545454547,31439893.328834556,0.18679746179105042,0.5037426263545909
929,639,rufisque,niagha ouolof,senegal,20,1,-0.589707818270279,1.0,14.80539524,-17.23892342,14.8,-17.25,14.8,-17.25,14.8,-17.25,14.81724179,-17.22764196,0.4,0.0,-0.036206896551724155,108414.2033981107,0.21121838802929951,0.5477543569909434
930,93,pikine,cite la rochette,senegal,9,1,2.51840473413661,0.0,14.75619,-17.36858,14.75,-17.35,14.75,-17.35,14.75,-17.35,14.76581033,-17.34454455,0.0,0.0,,0.0,0.14700023032453297,0.0
931,1438,matam,badel,senegal,14,3,-1.96378806499152,1.0,15.96479168,-13.59455201,15.95,-13.6,15.95,-13.6,15.95,-13.6,16.0110665,-13.6728487,0.6,-0.14407789707183838,0.2956140350877193,69908285.96822166,0.16332740203840718,0.762616218833181
932,1698,ziguinchor,diefaye,senegal,3,1,2.04949480649179,1.0,12.57853941,-16.25514132,12.6,-16.25,12.6,-16.25,12.6,-16.25,12.56804369,-16.24558632,0.6,-0.4940914710362752,-0.055263157894736854,27409102.90320934,0.14540575872282602,-0.5067443792794513
933,889,bambeye,leona sud,senegal,8,3,1.28931330467254,1.0,14.69755622,-16.45053577,14.7,-16.45,14.7,-16.45,14.7,-16.45,14.72094534,-16.45109143,0.6,-0.1686855951944987,-0.055263157894736854,56652732.24892815,0.21031591529079613,0.05209527572712604
934,3,dakar,grand medine,senegal,15,1,2.39252311244231,1.0,14.74795,-17.44715,14.75,-17.45,15.599999999999994,-16.599999999999966,14.75,-17.45,14.74391863,-17.45998489,0.0,0.0,,0.0,0.17583396515261224,0.0
935,198,dakar,ouagou niayes 2,senegal,6,1,2.14914279287453,0.0,14.70737,-17.449,14.7,-17.45,14.75,-17.399999999999977,14.7,-17.45,14.72094534,-17.45998489,0.0,0.0,,0.0,0.1047905545263934,0.0
936,893,bambeye,leona sud,senegal,8,2,1.22718839612382,1.0,14.69755622,-16.45053577,14.7,-16.45,14.7,-16.45,14.7,-16.45,14.72094534,-16.45109143,0.6,-0.1686855951944987,-0.055263157894736854,56652732.24892815,0.21031591529079613,0.05209527572712604
937,555,pikine,samba niang,senegal,10,1,1.90283309551479,1.0,14.80972717,-15.90288816,14.8,-15.9,14.8,-15.9,14.8,-15.9,14.81724179,-15.88108409,0.2,-0.030669331550598145,-0.017796610169491522,88734721.23539704,0.21091337244339783,0.5545915366157987
938,1706,ziguinchor,diefaye,senegal,5,0,1.0006201628447,,12.57853941,-16.25514132,12.6,-16.25,12.6,-16.25,12.6,-16.25,12.56804369,-16.24558632,0.6,-0.4940914710362752,-0.055263157894736854,27409102.90320934,0.14540575872282602,-0.5067443792794513
939,4028,dakar,castor 1,senegal,4,0,1.22718839612382,,14.72684161,-17.44623836,14.75,-17.45,15.599999999999994,-16.599999999999966,14.75,-17.45,14.72402296,-17.45998489,0.0,0.0,,0.0,0.17583396515261224,0.0
940,1870,podor,fanaye,senegal,13,4,-1.70274842700609,1.0,16.52599054,-15.22269493,16.55,-15.2,16.55,-15.2,16.55,-15.2,16.47147469,-15.27583107,0.6,-0.15982850392659506,-0.05526315789473685,48192634.69637356,0.15593374637773602,0.6734216227747559
941,31,dakar,ngaparou,senegal,8,0,1.86273944898949,,14.46352,-17.05669,14.45,-17.05,14.5,-17.049999999999983,14.45,-17.05,14.47252629,-16.98407509,0.0,0.0,,0.0,0.19843707938592897,0.0
942,689,tiwaouane,ndiandakhoune,senegal,7,1,0.886289130169959,0.0,14.95366585,-16.81168094,14.95,-16.8,14.95,-16.8,14.95,-16.8,15.03429087,-16.79291761,0.8,-0.2366732954978943,-0.075,43538475.11259475,0.18710302971744586,0.27134429912987645
943,1909,podor,mery,senegal,4,1,0.182104538606616,1.0,16.42777753,-14.09801568,16.45,-14.1,16.45,-14.1,16.45,-14.1,16.42033799,-14.01712506,0.6,-0.2016923427581787,-0.05526315789473683,87642230.13625772,0.14516387759546714,0.1830651687237986
944,381,mbour,chateau d'eau,senegal,6,3,2.04949480649179,1.0,14.65934807,-17.43678063,14.65,-17.45,14.75,-17.349999999999966,14.65,-17.45,14.66195934,-17.45998489,0.0,0.0,,0.0,0.14700023032453297,0.0
945,1308,mbacke,darou khoudoss,senegal,8,1,1.38250066749562,1.0,14.8653417,-15.87905597,14.85,-15.9,14.85,-15.9,14.85,-15.9,14.85551526,-15.88108409,0.2,-0.06695318222045898,-0.017796610169491522,88734721.23539704,0.19541316933321964,0.4296550142673737
946,24,dakar,ngaparou,senegal,3,2,1.1649462236596,1.0,14.46352,-17.05669,14.45,-17.05,14.5,-17.049999999999983,14.45,-17.05,14.47252629,-16.98407509,0.0,0.0,,0.0,0.19843707938592897,0.0
947,786,mbacke,gude bousso,senegal,24,0,0.530690552125674,,,,,,,,,,14.72402296,-17.45998489,,,,,,
948,1821,st-louis,pikine,senegal,10,1,1.22718839612382,0.0,16.11042196,-16.49496496,16.1,-16.5,16.1,-16.5,16.1,-16.5,16.0110665,-16.49789432,0.0,0.0,,0.0,0.1404882058810358,0.0
949,1697,ziguinchor,diefaye,senegal,3,0,1.97183867080589,,12.57853941,-16.25514132,12.6,-16.25,12.6,-16.25,12.6,-16.25,12.56804369,-16.24558632,0.6,-0.4940914710362752,-0.055263157894736854,27409102.90320934,0.14540575872282602,-0.5067443792794513
950,710,tiwaouane,khandame,senegal,22,2,-0.0928971803215819,1.0,15.05201106,-16.64404554,15.05,-16.65,15.05,-16.65,15.05,-16.65,15.03429087,-16.73379647,0.8,-0.3220977485179901,-0.075,43538475.11259475,0.19504842545939255,0.3899955113770345
951,1883,podor,dodele,senegal,8,3,0.113600306071822,0.0,16.50354464,-14.42019001,16.5,-14.4,16.5,-14.4,16.5,-14.4,16.47147469,-14.56250057,0.6,-0.22772661844889322,-0.05526315789473683,87642230.13625772,0.13799019896814188,0.6664631656013654
952,606,rufisque,diokoul kaw,senegal,7,0,1.03551933084977,,14.71694283,-17.29013219,14.7,-17.3,14.75,-17.299999999999983,14.7,-17.3,14.72094534,-17.34454455,0.0,0.0,,0.0,0.18609469526940595,0.0
953,1506,matam,diamel,senegal,7,1,-1.4707673751559,1.0,15.83897387,-13.22043021,15.85,-13.2,15.85,-13.2,15.85,-13.2,15.71702669,-13.36263999,0.8,-0.17065495252609253,0.19285714285714287,52655255.40438127,0.16015655117127092,0.32330553063730366
954,42,dakar,mermoz ambassade,senegal,11,2,2.94685478934163,0.0,14.68949,-17.47308,14.7,-17.45,14.75,-17.399999999999977,14.7,-17.45,14.66195934,-17.45998489,0.0,0.0,,0.0,0.1047905545263934,0.0
955,1341,kanel,aoure,senegal,11,2,0.866355596644096,1.0,15.14596428,-12.94689277,15.15,-12.95,15.15,-12.95,15.15,-12.95,15.23872587,-13.36263999,0.8,-0.20756706595420837,0.19285714285714292,56480806.52208929,0.17407560827176505,0.2201866143609424
956,1290,mbacke,mbacke khewar,senegal,13,0,1.20130301756186,,14.80411689,-15.91020024,14.8,-15.9,14.8,-15.9,14.8,-15.9,14.81724179,-15.88108409,0.2,-0.030669331550598145,-0.017796610169491522,88734721.23539704,0.21091337244339783,0.5545915366157987
957,1036,louga,montagne,senegal,5,1,2.64265455123405,1.0,15.62330287,-16.21748196,15.6,-16.2,15.6,-16.2,15.6,-16.2,15.6680352,-16.23192106,1.0,-0.21260757446289064,-0.09545454545454547,31439893.328834556,0.18679746179105042,0.5037426263545909
958,885,bambeye,leona sud,senegal,5,0,0.983783945698602,,14.69755622,-16.45053577,14.7,-16.45,14.7,-16.45,14.7,-16.45,14.72094534,-16.45109143,0.6,-0.1686855951944987,-0.055263157894736854,56652732.24892815,0.21031591529079613,0.05209527572712604
959,899,bambeye,leona sud,senegal,6,1,1.38250066749562,1.0,14.69755622,-16.45053577,14.7,-16.45,14.7,-16.45,14.7,-16.45,14.72094534,-16.45109143,0.6,-0.1686855951944987,-0.055263157894736854,56652732.24892815,0.21031591529079613,0.05209527572712604
960,259,dakar,hlm gueule tapee,senegal,6,2,2.77173318729429,1.0,14.69586,-17.45096,14.7,-17.45,14.75,-17.399999999999977,14.7,-17.45,14.72094534,-17.45998489,0.0,0.0,,0.0,0.1047905545263934,0.0
961,53,dakar,mermoz ambassade,senegal,8,0,1.3009510039446,,14.68949,-17.47308,14.7,-17.45,14.75,-17.399999999999977,14.7,-17.45,14.66195934,-17.45998489,0.0,0.0,,0.0,0.1047905545263934,0.0
962,1343,matam,sinthiou cire mato,senegal,21,9,-0.997691850356921,1.0,16.04509141,-13.72755926,16.05,-13.75,16.05,-13.75,16.05,-13.75,16.0110665,-13.6728487,0.6,-0.18443707625071207,-0.055263157894736806,31792169.6249615,0.1459155613254634,0.05577000884684254
963,196,dakar,ouagou niayes 2,senegal,7,0,1.84241177799606,,14.70737,-17.449,14.7,-17.45,14.75,-17.399999999999977,14.7,-17.45,14.72094534,-17.45998489,0.0,0.0,,0.0,0.1047905545263934,0.0
964,537,dakar,hlm 5,senegal,2,0,0.922312610191206,,,,,,,,,,14.72402296,-17.45998489,,,,,,
965,1557,matam,mango,senegal,7,1,1.30122620536971,1.0,15.60094582,-13.322622,15.6,-13.3,15.6,-13.3,15.6,-13.3,15.6680352,-13.36263999,0.4,-0.28786253929138184,0.48103448275862065,45684180.71793652,0.15144391499366563,0.01543036411523599
966,1030,louga,montagne,senegal,4,1,1.33072991037169,0.0,15.62330287,-16.21748196,15.6,-16.2,15.6,-16.2,15.6,-16.2,15.6680352,-16.23192106,1.0,-0.21260757446289064,-0.09545454545454547,31439893.328834556,0.18679746179105042,0.5037426263545909
967,553,pikine,samba niang,senegal,6,0,1.35143821322126,,14.80972717,-15.90288816,14.8,-15.9,14.8,-15.9,14.8,-15.9,14.81724179,-15.88108409,0.2,-0.030669331550598145,-0.017796610169491522,88734721.23539704,0.21091337244339783,0.5545915366157987
968,1917,podor,namaye,senegal,9,0,-0.761117956600201,,16.42777753,-14.09801568,16.45,-14.1,16.45,-14.1,16.45,-14.1,16.42033799,-14.01712506,0.6,-0.2016923427581787,-0.05526315789473683,87642230.13625772,0.14516387759546714,0.1830651687237986
969,611,rufisque,diokoul kaw,senegal,12,2,2.61159209695969,0.0,14.71694283,-17.29013219,14.7,-17.3,14.75,-17.299999999999983,14.7,-17.3,14.72094534,-17.34454455,0.0,0.0,,0.0,0.18609469526940595,0.0
970,590,dakar,hlm 4,senegal,14,1,1.6612141280623,0.0,14.71207849,-17.44431032,14.7,-17.45,14.75,-17.399999999999977,14.7,-17.45,14.72094534,-17.45998489,0.0,0.0,,0.0,0.1047905545263934,0.0
971,849,diourbel,medinatoul,senegal,7,0,1.3203757589469,,14.73727345,-16.24237956,14.75,-16.25,14.75,-16.25,14.75,-16.25,14.74391863,-16.24558632,0.6,-0.12891010443369547,-0.055263157894736854,56652732.24892815,0.21241840067868403,0.19563670137163727
972,1259,mbacke,khaira,senegal,9,1,1.07187612475203,0.0,14.823157881171742,-15.90761198,14.8,-15.9,14.8,-15.9,14.8,-15.9,14.81724179,-15.88108409,0.2,-0.030669331550598145,-0.017796610169491522,88734721.23539704,0.21091337244339783,0.5545915366157987
973,1837,st-louis,sor nord,senegal,5,1,1.34367259965267,0.0,16.03200409,-16.47188231,16.05,-16.45,16.05,-16.45,16.05,-16.45,16.0110665,-16.45109143,0.0,0.0,,0.0,0.15915969174752542,0.0
974,4022,pikine,cite rochette,senegal,5,0,1.94595329224392,,14.75717772,-17.36506108,14.75,-17.35,14.75,-17.35,14.75,-17.35,14.76581033,-17.34454455,0.0,0.0,,0.0,0.14700023032453297,0.0
975,568,pikine,cite icotaf,senegal,6,1,2.07148665718864,1.0,14.7155408,-17.26173081,14.7,-17.25,14.75,-17.24999999999997,14.7,-17.25,14.72094534,-17.22764196,0.4,0.0,-0.036206896551724155,108414.2033981107,0.2075499964908114,
976,45,dakar,mermoz ambassades,senegal,10,1,1.99383052150274,1.0,14.68949,-17.47308,14.7,-17.45,14.75,-17.399999999999977,14.7,-17.45,14.66195934,-17.45998489,0.0,0.0,,0.0,0.1047905545263934,0.0
977,3027,dakar,dieuppeul 1,senegal,5,3,1.94595329224392,1.0,14.71807,-17.45718,14.7,-17.45,14.75,-17.399999999999977,14.7,-17.45,14.72094534,-17.45998489,0.0,0.0,,0.0,0.1047905545263934,0.0
978,887,bambeye,leona sud,senegal,9,0,1.07187612475203,,14.69755622,-16.45053577,14.7,-16.45,14.7,-16.45,14.7,-16.45,14.72094534,-16.45109143,0.6,-0.1686855951944987,-0.055263157894736854,56652732.24892815,0.21031591529079613,0.05209527572712604
979,4047,dakar,zone b batiment,senegal,2,2,2.71867888232308,0.0,14.69727437,-17.45416872,14.7,-17.45,14.75,-17.399999999999977,14.7,-17.45,14.72094534,-17.45998489,0.0,0.0,,0.0,0.1047905545263934,0.0
980,557,pikine,samba niang,senegal,9,0,1.92524498939435,,14.80972717,-15.90288816,14.8,-15.9,14.8,-15.9,14.8,-15.9,14.81724179,-15.88108409,0.2,-0.030669331550598145,-0.017796610169491522,88734721.23539704,0.21091337244339783,0.5545915366157987
981,764,diourbel,medinatoul,senegal,6,0,1.5287423352899,,14.73727345,-16.24237956,14.75,-16.25,14.75,-16.25,14.75,-16.25,14.74391863,-16.24558632,0.6,-0.12891010443369547,-0.055263157894736854,56652732.24892815,0.21241840067868403,0.19563670137163727
982,862,diourbel,medinatoul,senegal,5,1,0.737773580621401,1.0,14.73727345,-16.24237956,14.75,-16.25,14.75,-16.25,14.75,-16.25,14.74391863,-16.24558632,0.6,-0.12891010443369547,-0.055263157894736854,56652732.24892815,0.21241840067868403,0.19563670137163727
983,463,guediawaye,hlm las palmas,senegal,5,1,3.17982319639932,1.0,14.77009217,-17.40633211,14.75,-17.4,14.75,-17.4,14.75,-17.4,14.77252754,-17.39599836,0.4,0.0,-0.036206896551724155,69691.75401648635,0.1047905545263934,0.7159638211632261
984,1223,diourbel,thierno kandji,senegal,5,0,1.4562632753164,,14.6563661,-16.23464222,14.65,-16.25,14.65,-16.25,14.65,-16.25,14.66195934,-16.23192106,0.4,-0.32031071186065674,-0.036206896551724155,40611737.75569371,0.20315482194846746,0.31515939206315724
985,3034,dakar,liberte 6,senegal,6,1,2.72513950588275,0.0,14.73104,-17.46105,14.75,-17.45,15.599999999999994,-16.599999999999966,14.75,-17.45,14.72402296,-17.45998489,0.0,0.0,,0.0,0.17583396515261224,0.0
986,822,foundiougne,passy,senegal,10,1,0.373461285103935,1.0,13.98543687,-16.25698786,14.0,-16.25,14.0,-16.25,14.0,-16.25,13.9836423,-16.26717045,0.4,-0.31245875358581543,-0.036206896551724155,40611737.75569371,0.22111232687087093,0.43504136653959846
987,256,dakar,hlm gueule tapee,senegal,8,0,0.759765431318251,,14.69586,-17.45096,14.7,-17.45,14.75,-17.399999999999977,14.7,-17.45,14.72094534,-17.45998489,0.0,0.0,,0.0,0.1047905545263934,0.0
988,1905,podor,sourboti,senegal,12,1,1.38913137680513,1.0,16.22157694370984,-14.09291881,16.2,-14.1,16.2,-14.1,16.2,-14.1,16.42033799,-14.01712506,0.8,-0.14679557085037231,-0.07499999999999998,67380541.52758224,0.16257231860629903,0.5971275199775935
989,523,dakar,liberte 1,senegal,6,1,2.59442906522564,0.0,14.71053471,-17.46092585,14.7,-17.45,14.75,-17.399999999999977,14.7,-17.45,14.72094534,-17.45998489,0.0,0.0,,0.0,0.1047905545263934,0.0
990,1234,diourbel,thierno kandji,senegal,20,8,1.32452265844131,1.0,14.6563661,-16.23464222,14.65,-16.25,14.65,-16.25,14.65,-16.25,14.66195934,-16.23192106,0.4,-0.32031071186065674,-0.036206896551724155,40611737.75569371,0.20315482194846746,0.31515939206315724
991,447,dakar,arafat,senegal,12,1,-0.900375169570198,1.0,14.71105977,-17.4688686,14.7,-17.45,14.75,-17.399999999999977,14.7,-17.45,14.72094534,-17.45998489,0.0,0.0,,0.0,0.1047905545263934,0.0
992,1207,mbacke,madiyana,senegal,5,1,2.64265455123405,1.0,14.9198,-15.8823,14.9,-15.9,14.9,-15.9,14.9,-15.9,14.85551526,-15.88108409,0.2,-0.08189427852630615,-0.017796610169491522,88734721.23539704,0.19760650366240864,0.3011360268655398
993,1265,mbacke,khayra,senegal,8,0,0.748127732046187,,14.823157881171742,-15.90761198,14.8,-15.9,14.8,-15.9,14.8,-15.9,14.81724179,-15.88108409,0.2,-0.030669331550598145,-0.017796610169491522,88734721.23539704,0.21091337244339783,0.5545915366157987
994,750,diourbel,medinatoul,senegal,13,2,0.197422741717636,1.0,14.73727345,-16.24237956,14.75,-16.25,14.75,-16.25,14.75,-16.25,14.74391863,-16.24558632,0.6,-0.12891010443369547,-0.055263157894736854,56652732.24892815,0.21241840067868403,0.19563670137163727
995,684,tiwaouane,ndiandiakhoune,senegal,10,1,1.94595329224392,1.0,,,,,,,,,14.72402296,-17.45998489,,,,,,
996,967,louga,keur serigne louga,senegal,7,3,1.3203757589469,1.0,15.60644218,-16.23380986,15.6,-16.25,15.6,-16.25,15.6,-16.25,15.6680352,-16.23192106,1.0,-0.22567317485809327,-0.09545454545454547,31439893.328834556,0.18382095623999536,0.4819329187522632
997,803,bambeye,guede bousso,senegal,5,1,0.800946246918867,1.0,14.89820198,-15.86724177,14.9,-15.85,14.9,-15.85,14.9,-15.85,14.85551526,-15.88108409,0.2,-0.07495784759521484,-0.017796610169491522,88734721.23539704,0.2087404012816917,0.45797913261875534
998,202,dakar,ouagou niayes 2,senegal,7,0,1.46414959978516,,14.70737,-17.449,14.7,-17.45,14.75,-17.399999999999977,14.7,-17.45,14.72094534,-17.45998489,0.0,0.0,,0.0,0.1047905545263934,0.0
999,1208,mbacke,madiyana,senegal,21,4,0.522678427377733,1.0,14.9198,-15.8823,14.9,-15.9,14.9,-15.9,14.9,-15.9,14.85551526,-15.88108409,0.2,-0.08189427852630615,-0.017796610169491522,88734721.23539704,0.19760650366240864,0.3011360268655398
1000,1565,matam,mango,senegal,7,2,1.93301060296294,1.0,15.60094582,-13.322622,15.6,-13.3,15.6,-13.3,15.6,-13.3,15.6680352,-13.36263999,0.4,-0.28786253929138184,0.48103448275862065,45684180.71793652,0.15144391499366563,0.01543036411523599
1001,7,dakar,grand medine,senegal,6,0,2.24898639589926,1.0,14.74795,-17.44715,14.75,-17.45,15.599999999999994,-16.599999999999966,14.75,-17.45,14.74391863,-17.45998489,0.0,0.0,,0.0,0.17583396515261224,0.0
1002,798,mbacke,guede bousso,senegal,11,1,1.77769833159114,1.0,14.89820198,-15.86724177,14.9,-15.85,14.9,-15.85,14.9,-15.85,14.85551526,-15.88108409,0.2,-0.07495784759521484,-0.017796610169491522,88734721.23539704,0.2087404012816917,0.45797913261875534
1003,343,thies,mbour i,senegal,13,1,1.36955797821463,1.0,14.68562239,-17.45034661,14.7,-17.45,14.75,-17.399999999999977,14.7,-17.45,14.66195934,-17.45998489,0.0,0.0,,0.0,0.1047905545263934,0.0
1004,518,dakar,liberte 1,senegal,5,0,2.68373362126443,,14.71053471,-17.46092585,14.7,-17.45,14.75,-17.399999999999977,14.7,-17.45,14.72094534,-17.45998489,0.0,0.0,,0.0,0.1047905545263934,0.0
1005,4058,dakar,liberte 3,senegal,3,1,2.7423025376168,1.0,14.71592245,-17.45517723,14.7,-17.45,14.75,-17.399999999999977,14.7,-17.45,14.72094534,-17.45998489,0.0,0.0,,0.0,0.1047905545263934,0.0
1006,1296,mbacke,mbacke khewar,senegal,4,1,0.758327392946039,1.0,14.80411689,-15.91020024,14.8,-15.9,14.8,-15.9,14.8,-15.9,14.81724179,-15.88108409,0.2,-0.030669331550598145,-0.017796610169491522,88734721.23539704,0.21091337244339783,0.5545915366157987
1007,1549,kanel,yirla,senegal,8,1,1.39028425022914,1.0,15.60553632,-13.18272101,15.6,-13.2,15.6,-13.2,15.6,-13.2,15.6680352,-13.36263999,0.8,-0.1700524091720581,0.1928571428571428,26065860.66616341,0.14886990226419286,0.05713420509071172
1008,17,dakar,grand medine irregul,senegal,1,0,-0.434438355454812,,14.74795,-17.44715,14.75,-17.45,15.599999999999994,-16.599999999999966,14.75,-17.45,14.74391863,-17.45998489,0.0,0.0,,0.0,0.17583396515261224,0.0
1009,978,louga,keur serigne louga,senegal,7,0,0.583575042752568,,15.60644218,-16.23380986,15.6,-16.25,15.6,-16.25,15.6,-16.25,15.6680352,-16.23192106,1.0,-0.22567317485809327,-0.09545454545454547,31439893.328834556,0.18382095623999536,0.4819329187522632
1010,1422,matam,moderne ii,senegal,16,0,0.63147619825142,,15.61359152,-13.32345921,15.6,-13.3,15.6,-13.3,15.6,-13.3,15.6680352,-13.36263999,0.4,-0.28786253929138184,0.48103448275862065,45684180.71793652,0.15144391499366563,0.01543036411523599
1011,723,gossas,keur el hadji,senegal,23,1,1.59516331654191,0.0,14.49623916,-16.0640894,14.5,-16.05,14.5,-16.05,14.5,-16.05,14.50274052,-16.09656209,0.4,-0.4366685152053833,-0.036206896551724155,40611737.75569371,0.20658793774428785,0.3662766276201639
1012,29,dakar,ngaparou,senegal,9,1,1.97183867080589,1.0,14.46352,-17.05669,14.45,-17.05,14.5,-17.049999999999983,14.45,-17.05,14.47252629,-16.98407509,0.0,0.0,,0.0,0.19843707938592897,0.0
1013,619,rufisque,diokoul kaw,senegal,6,1,2.01843235221743,0.0,14.71694283,-17.29013219,14.7,-17.3,14.75,-17.299999999999983,14.7,-17.3,14.72094534,-17.34454455,0.0,0.0,,0.0,0.18609469526940595,0.0
1014,840,diourbel,medinatoul,senegal,8,2,1.33072991037169,1.0,14.73727345,-16.24237956,14.75,-16.25,14.75,-16.25,14.75,-16.25,14.74391863,-16.24558632,0.6,-0.12891010443369547,-0.055263157894736854,56652732.24892815,0.21241840067868403,0.19563670137163727
1015,1240,mbacke,darou khoudoss,senegal,7,0,1.3203757589469,,14.8653417,-15.87905597,14.85,-15.9,14.85,-15.9,14.85,-15.9,14.85551526,-15.88108409,0.2,-0.06695318222045898,-0.017796610169491522,88734721.23539704,0.19541316933321964,0.4296550142673737
1016,309,dakar,dieupeul 1,senegal,10,1,1.11808917430743,1.0,14.71807,-17.45718,14.7,-17.45,14.75,-17.399999999999977,14.7,-17.45,14.72094534,-17.45998489,0.0,0.0,,0.0,0.1047905545263934,0.0
1017,780,diourbel,medinatoul,senegal,11,3,0.38923349470317,1.0,14.73727345,-16.24237956,14.75,-16.25,14.75,-16.25,14.75,-16.25,14.74391863,-16.24558632,0.6,-0.12891010443369547,-0.055263157894736854,56652732.24892815,0.21241840067868403,0.19563670137163727
1018,489,mbour,darou salam,senegal,6,4,2.07168227383061,1.0,15.44284137,-14.05528102,15.45,-14.05,15.45,-14.05,15.45,-14.05,15.38130032,-14.01712506,0.4,-0.21544945240020752,-0.03620689655172412,47665098.4684764,0.19054119811583461,0.6258698845293006
1019,1014,louga,keur serigne louga,senegal,11,2,1.86312008084563,1.0,15.60644218,-16.23380986,15.6,-16.25,15.6,-16.25,15.6,-16.25,15.6680352,-16.23192106,1.0,-0.22567317485809327,-0.09545454545454547,31439893.328834556,0.18382095623999536,0.4819329187522632
1020,1908,podor,mery,senegal,31,4,0.609394445560319,1.0,16.42777753,-14.09801568,16.45,-14.1,16.45,-14.1,16.45,-14.1,16.42033799,-14.01712506,0.6,-0.2016923427581787,-0.05526315789473683,87642230.13625772,0.14516387759546714,0.1830651687237986
1021,1889,podor,dodele,senegal,10,2,-1.36986446511465,0.0,16.50354464,-14.42019001,16.5,-14.4,16.5,-14.4,16.5,-14.4,16.47147469,-14.56250057,0.6,-0.22772661844889322,-0.05526315789473683,87642230.13625772,0.13799019896814188,0.6664631656013654
1022,1112,kaolack,sara ndiougary,senegal,13,0,1.15885662327889,,,,,,,,,,14.72402296,-17.45998489,,,,,,
1023,882,bambeye,leona sud,senegal,6,0,1.97183867080589,,14.69755622,-16.45053577,14.7,-16.45,14.7,-16.45,14.7,-16.45,14.72094534,-16.45109143,0.6,-0.1686855951944987,-0.055263157894736854,56652732.24892815,0.21031591529079613,0.05209527572712604
1024,949,louga,mbodjiene,senegal,17,1,-0.0448243344207881,1.0,14.23001387,-16.86834878,14.25,-16.85,14.25,-16.85,14.25,-16.85,14.22169871,-16.92877566,0.4,0.0,-0.036206896551724155,124021.92331881705,0.22192485985706842,0.7154283909429164
1025,830,diourbel,medinatoul,senegal,7,0,1.93301060296294,,14.73727345,-16.24237956,14.75,-16.25,14.75,-16.25,14.75,-16.25,14.74391863,-16.24558632,0.6,-0.12891010443369547,-0.055263157894736854,56652732.24892815,0.21241840067868403,0.19563670137163727
1026,1003,louga,artillerie,senegal,7,0,1.04378678400711,,15.62705619,-16.2230668,15.65,-16.2,15.65,-16.2,15.65,-16.2,15.6680352,-16.23192106,1.0,-0.20137252807617187,-0.09545454545454547,31439893.328834556,0.18265390029051903,0.4195682598965685
1027,454,dakar,arafat,senegal,14,1,1.84241177799606,1.0,14.71105977,-17.4688686,14.7,-17.45,14.75,-17.399999999999977,14.7,-17.45,14.72094534,-17.45998489,0.0,0.0,,0.0,0.1047905545263934,0.0
1028,671,mbour,tefess,senegal,14,1,0.994219989066129,0.0,14.4094197,-16.97209534,14.4,-16.95,14.450000000000003,-16.94999999999999,14.4,-16.95,14.47252629,-16.98407509,0.0,0.0,,0.0,0.20757044342676587,0.0
1029,437,dakar,arafat,senegal,5,0,0.785650809880216,,14.71105977,-17.4688686,14.7,-17.45,14.75,-17.399999999999977,14.7,-17.45,14.72094534,-17.45998489,0.0,0.0,,0.0,0.1047905545263934,0.0
1030,1592,kanel,sorry,senegal,41,0,0.795805255932532,1.0,15.20066949,-12.94539215,15.2,-12.95,15.2,-12.95,15.2,-12.95,15.23872587,-13.36263999,0.8,-0.18054533004760742,0.19285714285714292,56480806.52208929,0.17427296939413736,0.28027011736422464
1031,799,mbacke,guede bousso,senegal,14,1,1.03551933084977,1.0,14.89820198,-15.86724177,14.9,-15.85,14.9,-15.85,14.9,-15.85,14.85551526,-15.88108409,0.2,-0.07495784759521484,-0.017796610169491522,88734721.23539704,0.2087404012816917,0.45797913261875534
1032,1045,louga,montagne,senegal,6,1,2.01843235221743,1.0,15.62330287,-16.21748196,15.6,-16.2,15.6,-16.2,15.6,-16.2,15.6680352,-16.23192106,1.0,-0.21260757446289064,-0.09545454545454547,31439893.328834556,0.18679746179105042,0.5037426263545909
1033,1054,louga,santhiaba centre,senegal,7,0,0.712935959808183,,15.6277561,-16.22782692,15.65,-16.25,15.65,-16.25,15.65,-16.25,15.6680352,-16.23192106,1.0,-0.22147805690765382,-0.09545454545454547,31439893.328834556,0.17943069117445687,0.4266692509039231
1034,1824,st-louis,pikine,senegal,10,1,1.22718839612382,1.0,16.11042196,-16.49496496,16.1,-16.5,16.1,-16.5,16.1,-16.5,16.0110665,-16.49789432,0.0,0.0,,0.0,0.1404882058810358,0.0
1035,97,pikine,cite lobatt fall,senegal,7,6,1.98736989794307,1.0,14.74682,-17.40995,14.75,-17.4,14.75,-17.4,14.75,-17.4,14.74391863,-17.39599836,0.4,0.0,-0.036206896551724155,69691.75401648635,0.1047905545263934,0.7159638211632261
1036,1021,louga,keur serigne louga,senegal,17,1,1.00975121620331,1.0,15.60644218,-16.23380986,15.6,-16.25,15.6,-16.25,15.6,-16.25,15.6680352,-16.23192106,1.0,-0.22567317485809327,-0.09545454545454547,31439893.328834556,0.18382095623999536,0.4819329187522632
1037,935,kebemer,medina,senegal,14,0,1.17541763899989,,,,,,,,,,14.72402296,-17.45998489,,,,,,
1038,975,louga,keur serigne louga,senegal,11,1,0.716818766592478,1.0,15.60644218,-16.23380986,15.6,-16.25,15.6,-16.25,15.6,-16.25,15.6680352,-16.23192106,1.0,-0.22567317485809327,-0.09545454545454547,31439893.328834556,0.18382095623999536,0.4819329187522632
1039,1220,diourbel,thierno kandji,senegal,6,1,1.42241257781337,0.0,14.6563661,-16.23464222,14.65,-16.25,14.65,-16.25,14.65,-16.25,14.66195934,-16.23192106,0.4,-0.32031071186065674,-0.036206896551724155,40611737.75569371,0.20315482194846746,0.31515939206315724
1040,1569,matam,dar salam,senegal,16,1,-0.173734094034311,1.0,15.44284137,-14.05528102,15.45,-14.05,15.45,-14.05,15.45,-14.05,15.38130032,-14.01712506,0.4,-0.21544945240020752,-0.03620689655172412,47665098.4684764,0.19054119811583461,0.6258698845293006
1041,452,dakar,arafat,senegal,4,1,0.552682402822523,0.0,14.71105977,-17.4688686,14.7,-17.45,14.75,-17.399999999999977,14.7,-17.45,14.72094534,-17.45998489,0.0,0.0,,0.0,0.1047905545263934,0.0
1042,724,gossas,keur el hadj,senegal,5,0,1.79693403624481,,,,,,,,,,14.72402296,-17.45998489,,,,,,
1043,411,guediawaye,cite des enseignants,senegal,4,1,1.95849738050384,1.0,14.77683245,-17.40519022,14.8,-17.4,14.75,-17.399999999999977,14.8,-17.4,14.77734506,-17.39599836,0.4,0.0,-0.036206896551724155,69691.75401648635,0.1047905545263934,
1044,1038,louga,montagne,senegal,9,1,1.30484453180972,1.0,15.62330287,-16.21748196,15.6,-16.2,15.6,-16.2,15.6,-16.2,15.6680352,-16.23192106,1.0,-0.21260757446289064,-0.09545454545454547,31439893.328834556,0.18679746179105042,0.5037426263545909
1045,1385,matam,boynadji roumde,senegal,6,0,-1.54669310290228,1.0,15.66051954,-13.35041654,15.65,-13.35,15.65,-13.35,15.65,-13.35,15.6680352,-13.36263999,0.8,-0.16032558679580688,0.46071428571428574,24715000.212572217,0.154766297982673,0.1382486800476584
1046,583,pikine,cite ouest,senegal,8,0,1.18320122173341,,14.73645967,-17.29262985,14.75,-17.3,14.75,-17.3,14.75,-17.3,14.74391863,-17.34454455,0.0,0.0,,0.0,0.18609469526940595,0.0
1047,589,dakar,hlm 4,senegal,6,0,1.35143821322126,,14.71207849,-17.44431032,14.7,-17.45,14.75,-17.399999999999977,14.7,-17.45,14.72094534,-17.45998489,0.0,0.0,,0.0,0.1047905545263934,0.0
1048,109,pikine,cite lobatt fall,senegal,3,1,2.04949480649179,1.0,14.74682,-17.40995,14.75,-17.4,14.75,-17.4,14.75,-17.4,14.74391863,-17.39599836,0.4,0.0,-0.036206896551724155,69691.75401648635,0.1047905545263934,0.7159638211632261
1049,1421,matam,moderne 2,senegal,24,1,0.516207082737242,0.0,15.61359152,-13.32345921,15.6,-13.3,15.6,-13.3,15.6,-13.3,15.6680352,-13.36263999,0.4,-0.28786253929138184,0.48103448275862065,45684180.71793652,0.15144391499366563,0.01543036411523599
1050,859,diourbel,medinatoul nord,senegal,2,1,2.10126556361572,1.0,14.65733141,-16.23486005,14.65,-16.25,14.65,-16.25,14.65,-16.25,14.66195934,-16.23192106,0.4,-0.32031071186065674,-0.036206896551724155,40611737.75569371,0.20315482194846746,0.31515939206315724
1051,576,pikine,cite icotaf,senegal,6,0,2.07148665718864,,14.7155408,-17.26173081,14.7,-17.25,14.75,-17.24999999999997,14.7,-17.25,14.72094534,-17.22764196,0.4,0.0,-0.036206896551724155,108414.2033981107,0.2075499964908114,
1052,1709,ziguinchor,diefaye,senegal,5,1,2.18797086071748,1.0,12.57853941,-16.25514132,12.6,-16.25,12.6,-16.25,12.6,-16.25,12.56804369,-16.24558632,0.6,-0.4940914710362752,-0.055263157894736854,27409102.90320934,0.14540575872282602,-0.5067443792794513
1053,1124,kaolack,sara ndiougary,senegal,7,1,1.93301060296294,0.0,,,,,,,,,14.72402296,-17.45998489,,,,,,
1054,356,thies,mbour 1,senegal,8,1,2.47017924812821,1.0,14.68562239,-17.45034661,14.7,-17.45,14.75,-17.399999999999977,14.7,-17.45,14.66195934,-17.45998489,0.0,0.0,,0.0,0.1047905545263934,0.0
1055,1048,louga,santhia centre,senegal,12,1,0.743998414082542,1.0,15.62777676,-16.22777327,15.65,-16.25,15.65,-16.25,15.65,-16.25,15.6680352,-16.23192106,1.0,-0.22147805690765382,-0.09545454545454547,31439893.328834556,0.17943069117445687,0.4266692509039231
1056,3053,dakar,sacre coeur 3,senegal,2,2,1.67112988654565,0.0,14.72046,-17.46744,14.7,-17.45,14.75,-17.399999999999977,14.7,-17.45,14.72094534,-17.45998489,0.0,0.0,,0.0,0.1047905545263934,0.0
1057,1255,mbacke,darou khoudoss,senegal,9,2,1.07187612475203,1.0,14.8653417,-15.87905597,14.85,-15.9,14.85,-15.9,14.85,-15.9,14.85551526,-15.88108409,0.2,-0.06695318222045898,-0.017796610169491522,88734721.23539704,0.19541316933321964,0.4296550142673737
1058,761,diourbel,medinatoul,senegal,8,1,1.39028425022914,1.0,14.73727345,-16.24237956,14.75,-16.25,14.75,-16.25,14.75,-16.25,14.74391863,-16.24558632,0.6,-0.12891010443369547,-0.055263157894736854,56652732.24892815,0.21241840067868403,0.19563670137163727
1059,1095,kaolack,ndorong,senegal,11,0,-0.0796275084746139,,14.08694396,-16.35938655,14.1,-16.35,14.1,-16.35,14.1,-16.35,14.0770377,-16.39672928,0.4,-0.39639490842819214,-0.036206896551724155,40611737.75569371,0.1928555006388203,-0.046086894811284834
1060,1277,mbacke,khayra,senegal,10,8,2.53911303698619,1.0,14.823157881171742,-15.90761198,14.8,-15.9,14.8,-15.9,14.8,-15.9,14.81724179,-15.88108409,0.2,-0.030669331550598145,-0.017796610169491522,88734721.23539704,0.21091337244339783,0.5545915366157987
1061,831,diourbel,medinatoul,senegal,4,1,2.08055726076615,1.0,14.73727345,-16.24237956,14.75,-16.25,14.75,-16.25,14.75,-16.25,14.74391863,-16.24558632,0.6,-0.12891010443369547,-0.055263157894736854,56652732.24892815,0.21241840067868403,0.19563670137163727
1062,1887,podor,dolele,senegal,8,2,1.28674273598127,1.0,,,,,,,,,14.72402296,-17.45998489,,,,,,
1063,1629,matam,diandioly,senegal,12,1,1.4642424746919,1.0,15.54077403,-13.24904558,15.55,-13.25,15.55,-13.25,15.55,-13.25,15.6680352,-13.36263999,0.6,-0.19497605164845785,0.29561403508771933,34455759.65059786,0.14055469494761255,0.1009059454995454
1064,1701,ziguinchor,diefaye,senegal,5,5,2.01066673864884,1.0,12.57853941,-16.25514132,12.6,-16.25,12.6,-16.25,12.6,-16.25,12.56804369,-16.24558632,0.6,-0.4940914710362752,-0.055263157894736854,27409102.90320934,0.14540575872282602,-0.5067443792794513
1065,82,pikine,cite la rochette,senegal,8,3,1.28931330467254,1.0,14.75619,-17.36858,14.75,-17.35,14.75,-17.35,14.75,-17.35,14.76581033,-17.34454455,0.0,0.0,,0.0,0.14700023032453297,0.0
1066,520,dakar,liberte 1,senegal,10,0,2.10352239408282,,14.71053471,-17.46092585,14.7,-17.45,14.75,-17.399999999999977,14.7,-17.45,14.72094534,-17.45998489,0.0,0.0,,0.0,0.1047905545263934,0.0
1067,290,dakar,liberte 6,senegal,1,0,3.04357858666198,,14.73104,-17.46105,14.75,-17.45,15.599999999999994,-16.599999999999966,14.75,-17.45,14.72402296,-17.45998489,0.0,0.0,,0.0,0.17583396515261224,0.0
1068,500,dakar,unite 11,senegal,1,1,-0.257134233386167,0.0,14.75896766,-17.43245729,14.75,-17.45,15.599999999999994,-16.599999999999966,14.75,-17.45,14.76581033,-17.45998489,0.0,0.0,,0.0,0.17583396515261224,0.0
1069,368,mbour,chateau d'eau,senegal,4,1,2.22679892856043,1.0,14.65934807,-17.43678063,14.65,-17.45,14.75,-17.349999999999966,14.65,-17.45,14.66195934,-17.45998489,0.0,0.0,,0.0,0.14700023032453297,0.0
1070,378,mbour,chateau d'eau,senegal,3,0,2.22679892856043,1.0,14.65934807,-17.43678063,14.65,-17.45,14.75,-17.349999999999966,14.65,-17.45,14.66195934,-17.45998489,0.0,0.0,,0.0,0.14700023032453297,0.0
1071,366,mbour,chateau d'eau,senegal,6,1,1.24918024682067,0.0,14.65934807,-17.43678063,14.65,-17.45,14.75,-17.349999999999966,14.65,-17.45,14.66195934,-17.45998489,0.0,0.0,,0.0,0.14700023032453297,0.0
1072,1196,mbacke,madiyana,senegal,6,1,2.56499841554815,1.0,14.9198,-15.8823,14.9,-15.9,14.9,-15.9,14.9,-15.9,14.85551526,-15.88108409,0.2,-0.08189427852630615,-0.017796610169491522,88734721.23539704,0.19760650366240864,0.3011360268655398
1073,364,mbour,chateau d'eau,senegal,16,0,1.23894680629605,,14.65934807,-17.43678063,14.65,-17.45,14.75,-17.349999999999966,14.65,-17.45,14.66195934,-17.45998489,0.0,0.0,,0.0,0.14700023032453297,0.0
1074,216,dakar,sacre coeur,senegal,1,1,2.15303632073965,0.0,14.71855,-17.45385,14.7,-17.45,14.75,-17.399999999999977,14.7,-17.45,14.72094534,-17.45998489,0.0,0.0,,0.0,0.1047905545263934,0.0
1075,1931,podor,nanaye,senegal,7,1,1.37993009880435,1.0,16.24874342,-14.10811085,16.25,-14.1,16.25,-14.1,16.25,-14.1,16.42033799,-14.01712506,0.8,-0.1521018147468567,-0.07499999999999998,67380541.52758224,0.15275634748350336,0.6490141175309769
1076,1011,louga,keur serigne louga,senegal,10,0,1.22718839612382,,15.60644218,-16.23380986,15.6,-16.25,15.6,-16.25,15.6,-16.25,15.6680352,-16.23192106,1.0,-0.22567317485809327,-0.09545454545454547,31439893.328834556,0.18382095623999536,0.4819329187522632
1077,1094,kaolack,ndorong,senegal,1,0,-0.811689541897989,,14.08694396,-16.35938655,14.1,-16.35,14.1,-16.35,14.1,-16.35,14.0770377,-16.39672928,0.4,-0.39639490842819214,-0.036206896551724155,40611737.75569371,0.1928555006388203,-0.046086894811284834
1078,1700,ziguinchor,diefaye,senegal,4,0,3.21865126424227,,12.57853941,-16.25514132,12.6,-16.25,12.6,-16.25,12.6,-16.25,12.56804369,-16.24558632,0.6,-0.4940914710362752,-0.055263157894736854,27409102.90320934,0.14540575872282602,-0.5067443792794513
1079,302,dakar,dieupeul,senegal,2,0,2.3857053955148,,14.71807,-17.45718,14.7,-17.45,14.75,-17.399999999999977,14.7,-17.45,14.72094534,-17.45998489,0.0,0.0,,0.0,0.1047905545263934,0.0
1080,1027,louga,montagne,senegal,9,1,1.18836032828087,0.0,15.62330287,-16.21748196,15.6,-16.2,15.6,-16.2,15.6,-16.2,15.6680352,-16.23192106,1.0,-0.21260757446289064,-0.09545454545454547,31439893.328834556,0.18679746179105042,0.5037426263545909
1081,612,rufisque,diokoul kaw,senegal,13,2,-0.214076986471901,1.0,14.71694283,-17.29013219,14.7,-17.3,14.75,-17.299999999999983,14.7,-17.3,14.72094534,-17.34454455,0.0,0.0,,0.0,0.18609469526940595,0.0
1082,994,louga,artillerie,senegal,8,2,1.79064102087213,1.0,15.62705619,-16.2230668,15.65,-16.2,15.65,-16.2,15.65,-16.2,15.6680352,-16.23192106,1.0,-0.20137252807617187,-0.09545454545454547,31439893.328834556,0.18265390029051903,0.4195682598965685
1083,577,pikine,cite icotaf,senegal,7,0,1.35272176106854,1.0,14.7155408,-17.26173081,14.7,-17.25,14.75,-17.24999999999997,14.7,-17.25,14.72094534,-17.22764196,0.4,0.0,-0.036206896551724155,108414.2033981107,0.2075499964908114,
1084,558,pikine,samba niang,senegal,7,6,1.93301060296294,1.0,14.80972717,-15.90288816,14.8,-15.9,14.8,-15.9,14.8,-15.9,14.81724179,-15.88108409,0.2,-0.030669331550598145,-0.017796610169491522,88734721.23539704,0.21091337244339783,0.5545915366157987
1085,1699,ziguinchor,diefaye,senegal,10,4,-0.484170778028325,1.0,12.57853941,-16.25514132,12.6,-16.25,12.6,-16.25,12.6,-16.25,12.56804369,-16.24558632,0.6,-0.4940914710362752,-0.055263157894736854,27409102.90320934,0.14540575872282602,-0.5067443792794513
1086,165,dakar,hlm 6 nimzat,senegal,18,0,1.10449732829877,,14.72704,-17.4436,14.75,-17.45,15.599999999999994,-16.599999999999966,14.75,-17.45,14.72402296,-17.45998489,0.0,0.0,,0.0,0.17583396515261224,0.0
1087,561,pikine,samba niang,senegal,11,1,1.25568028170692,1.0,14.80972717,-15.90288816,14.8,-15.9,14.8,-15.9,14.8,-15.9,14.81724179,-15.88108409,0.2,-0.030669331550598145,-0.017796610169491522,88734721.23539704,0.21091337244339783,0.5545915366157987
1088,1012,louga,keur serigne louga,senegal,3,0,2.04949480649179,,15.60644218,-16.23380986,15.6,-16.25,15.6,-16.25,15.6,-16.25,15.6680352,-16.23192106,1.0,-0.22567317485809327,-0.09545454545454547,31439893.328834556,0.18382095623999536,0.4819329187522632
1089,651,dakar,hlm4,senegal,14,1,1.6612141280623,1.0,,,,,,,,,14.72402296,-17.45998489,,,,,,
1090,1253,mbacke,darou khoudoss i,senegal,11,1,1.77769833159114,1.0,14.8653417,-15.87905597,14.85,-15.9,14.85,-15.9,14.85,-15.9,14.85551526,-15.88108409,0.2,-0.06695318222045898,-0.017796610169491522,88734721.23539704,0.19541316933321964,0.4296550142673737
1091,1809,st-louis,pikine,senegal,12,0,1.98048923120068,,16.11042196,-16.49496496,16.1,-16.5,16.1,-16.5,16.1,-16.5,16.0110665,-16.49789432,0.0,0.0,,0.0,0.1404882058810358,0.0
1092,1121,kaolack,sara ndiougary,senegal,1,0,2.6254915195,,,,,,,,,,14.72402296,-17.45998489,,,,,,
1093,412,guediawaye,cite des enseignants,senegal,2,2,2.71867888232308,1.0,14.77683245,-17.40519022,14.8,-17.4,14.75,-17.399999999999977,14.8,-17.4,14.77734506,-17.39599836,0.4,0.0,-0.036206896551724155,69691.75401648635,0.1047905545263934,
1094,1604,kanel,sorry,senegal,10,1,-0.472385995814935,1.0,15.20066949,-12.94539215,15.2,-12.95,15.2,-12.95,15.2,-12.95,15.23872587,-13.36263999,0.8,-0.18054533004760742,0.19285714285714292,56480806.52208929,0.17427296939413736,0.28027011736422464
1095,1868,podor,fanaye,senegal,9,1,0.241473579033217,1.0,16.52599054,-15.22269493,16.55,-15.2,16.55,-15.2,16.55,-15.2,16.47147469,-15.27583107,0.6,-0.15982850392659506,-0.05526315789473685,48192634.69637356,0.15593374637773602,0.6734216227747559
1096,1547,kanel,yula,senegal,21,2,-0.611094893035148,1.0,15.60553632,-13.18272101,15.6,-13.2,15.6,-13.2,15.6,-13.2,15.6680352,-13.36263999,0.8,-0.1700524091720581,0.1928571428571428,26065860.66616341,0.14886990226419286,0.05713420509071172
1097,151,thies,hersent,senegal,11,1,-0.165049257729101,0.0,14.77685,-16.90942,14.8,-16.9,14.8,-16.9,14.8,-16.9,14.77734506,-16.92877566,0.6,-0.19322280089060465,-0.055263157894736833,49588632.547858596,0.1991877948177714,0.1308559818970757
1098,118,rufisque,castor,senegal,7,0,2.02360942792982,,14.72704,-17.4436,14.75,-17.45,15.599999999999994,-16.599999999999966,14.75,-17.45,14.72402296,-17.45998489,0.0,0.0,,0.0,0.17583396515261224,0.0
1099,1812,st-louis,pikine,senegal,7,0,1.17541763899989,,16.11042196,-16.49496496,16.1,-16.5,16.1,-16.5,16.1,-16.5,16.0110665,-16.49789432,0.0,0.0,,0.0,0.1404882058810358,0.0
1100,399,guediawaye,cite des enseignants,senegal,6,0,1.91617438581684,,14.77683245,-17.40519022,14.8,-17.4,14.75,-17.399999999999977,14.8,-17.4,14.77734506,-17.39599836,0.4,0.0,-0.036206896551724155,69691.75401648635,0.1047905545263934,
1101,510,dakar,pa unite 11,senegal,3,0,1.97183867080589,,14.75896766,-17.43245729,14.75,-17.45,15.599999999999994,-16.599999999999966,14.75,-17.45,14.76581033,-17.45998489,0.0,0.0,,0.0,0.17583396515261224,0.0
1102,932,kebemer,medina,senegal,9,3,0.647174755654521,1.0,,,,,,,,,14.72402296,-17.45998489,,,,,,
1103,658,mbour,tefess,senegal,12,0,1.27156333080148,,14.4094197,-16.97209534,14.4,-16.95,14.450000000000003,-16.94999999999999,14.4,-16.95,14.47252629,-16.98407509,0.0,0.0,,0.0,0.20757044342676587,0.0
1104,1305,mbacke,darou khoudoss,senegal,7,6,1.3203757589469,1.0,14.8653417,-15.87905597,14.85,-15.9,14.85,-15.9,14.85,-15.9,14.85551526,-15.88108409,0.2,-0.06695318222045898,-0.017796610169491522,88734721.23539704,0.19541316933321964,0.4296550142673737
1105,970,louga,keur serigne louga,senegal,12,3,1.1650634875751,1.0,15.60644218,-16.23380986,15.6,-16.25,15.6,-16.25,15.6,-16.25,15.6680352,-16.23192106,1.0,-0.22567317485809327,-0.09545454545454547,31439893.328834556,0.18382095623999536,0.4819329187522632
1106,608,rufisque,diokoul kaw,senegal,9,0,1.43669263220982,,14.71694283,-17.29013219,14.7,-17.3,14.75,-17.299999999999983,14.7,-17.3,14.72094534,-17.34454455,0.0,0.0,,0.0,0.18609469526940595,0.0
1107,1399,matam,boynadji roumde,senegal,6,2,-1.81776589025779,1.0,15.66051954,-13.35041654,15.65,-13.35,15.65,-13.35,15.65,-13.35,15.6680352,-13.36263999,0.8,-0.16032558679580688,0.46071428571428574,24715000.212572217,0.154766297982673,0.1382486800476584
1108,3019,dakar,dieupeul,senegal,5,2,2.52195000525214,1.0,14.71807,-17.45718,14.7,-17.45,14.75,-17.399999999999977,14.7,-17.45,14.72094534,-17.45998489,0.0,0.0,,0.0,0.1047905545263934,0.0
1109,1823,st-louis,pikine,senegal,8,2,1.28931330467254,0.0,16.11042196,-16.49496496,16.1,-16.5,16.1,-16.5,16.1,-16.5,16.0110665,-16.49789432,0.0,0.0,,0.0,0.1404882058810358,0.0
1110,857,diourbel,medinatoul,senegal,13,3,0.706033192191658,1.0,14.73727345,-16.24237956,14.75,-16.25,14.75,-16.25,14.75,-16.25,14.74391863,-16.24558632,0.6,-0.12891010443369547,-0.055263157894736854,56652732.24892815,0.21241840067868403,0.19563670137163727
1111,775,diourbel,medinatoul,senegal,13,0,1.91637000245882,,14.73727345,-16.24237956,14.75,-16.25,14.75,-16.25,14.75,-16.25,14.74391863,-16.24558632,0.6,-0.12891010443369547,-0.055263157894736854,56652732.24892815,0.21241840067868403,0.19563670137163727
1112,586,dakar,hlm 4,senegal,8,0,2.64748337019685,,14.71207849,-17.44431032,14.7,-17.45,14.75,-17.399999999999977,14.7,-17.45,14.72094534,-17.45998489,0.0,0.0,,0.0,0.1047905545263934,0.0
1113,473,guediawaye,hlm las palmas,senegal,10,1,1.14953226043792,1.0,14.77009217,-17.40633211,14.75,-17.4,14.75,-17.4,14.75,-17.4,14.77252754,-17.39599836,0.4,0.0,-0.036206896551724155,69691.75401648635,0.1047905545263934,0.7159638211632261
1114,863,diourbel,medinatoul,senegal,8,2,1.92388965511395,1.0,14.73727345,-16.24237956,14.75,-16.25,14.75,-16.25,14.75,-16.25,14.74391863,-16.24558632,0.6,-0.12891010443369547,-0.055263157894736854,56652732.24892815,0.21241840067868403,0.19563670137163727
1115,894,bambeye,bambey,senegal,10,1,1.27895915324775,1.0,14.69624668,-16.47343544,14.7,-16.45,14.7,-16.45,14.7,-16.45,14.72094534,-16.45109143,0.6,-0.1686855951944987,-0.055263157894736854,56652732.24892815,0.21031591529079613,0.05209527572712604
1116,1063,louga,santhiaba centre,senegal,13,0,1.13400103330074,,15.6277561,-16.22782692,15.65,-16.25,15.65,-16.25,15.65,-16.25,15.6680352,-16.23192106,1.0,-0.22147805690765382,-0.09545454545454547,31439893.328834556,0.17943069117445687,0.4266692509039231
1117,777,diourbel,medinatoul,senegal,14,3,0.634077575848602,1.0,14.73727345,-16.24237956,14.75,-16.25,14.75,-16.25,14.75,-16.25,14.74391863,-16.24558632,0.6,-0.12891010443369547,-0.055263157894736854,56652732.24892815,0.21241840067868403,0.19563670137163727
1118,1835,st-louis,sor nord,senegal,9,0,1.24918024682067,1.0,16.03200409,-16.47188231,16.05,-16.45,16.05,-16.45,16.05,-16.45,16.0110665,-16.45109143,0.0,0.0,,0.0,0.15915969174752542,0.0
1119,525,dakar,liberte i,senegal,6,1,1.97183867080589,1.0,14.71053471,-17.46092585,14.7,-17.45,14.75,-17.399999999999977,14.7,-17.45,14.72094534,-17.45998489,0.0,0.0,,0.0,0.1047905545263934,0.0
1120,1563,matam,mango,senegal,5,1,-0.601407122914761,0.0,15.60094582,-13.322622,15.6,-13.3,15.6,-13.3,15.6,-13.3,15.6680352,-13.36263999,0.4,-0.28786253929138184,0.48103448275862065,45684180.71793652,0.15144391499366563,0.01543036411523599
1121,1264,mbacke,touba khayra,senegal,9,2,2.00511987181413,1.0,14.823157881171742,-15.90761198,14.8,-15.9,14.8,-15.9,14.8,-15.9,14.81724179,-15.88108409,0.2,-0.030669331550598145,-0.017796610169491522,88734721.23539704,0.21091337244339783,0.5545915366157987
1122,282,dakar,liberte 6,senegal,5,0,2.01066673864884,,14.73104,-17.46105,14.75,-17.45,15.599999999999994,-16.599999999999966,14.75,-17.45,14.72402296,-17.45998489,0.0,0.0,,0.0,0.17583396515261224,0.0
1123,242,dakar,dieuppeul 4,senegal,3,1,2.08832287433474,1.0,14.71807,-17.45718,14.7,-17.45,14.75,-17.399999999999977,14.7,-17.45,14.72094534,-17.45998489,0.0,0.0,,0.0,0.1047905545263934,0.0
1124,1009,louga,keur serigne louga,senegal,21,2,1.06937153181498,1.0,15.60644218,-16.23380986,15.6,-16.25,15.6,-16.25,15.6,-16.25,15.6680352,-16.23192106,1.0,-0.22567317485809327,-0.09545454545454547,31439893.328834556,0.18382095623999536,0.4819329187522632
1125,1531,kanel,yirla,senegal,6,0,-1.97485095947761,,15.60553632,-13.18272101,15.6,-13.2,15.6,-13.2,15.6,-13.2,15.6680352,-13.36263999,0.8,-0.1700524091720581,0.1928571428571428,26065860.66616341,0.14886990226419286,0.05713420509071172
1126,800,mbacke,guede bousso,senegal,10,2,1.22718839612382,1.0,14.89820198,-15.86724177,14.9,-15.85,14.9,-15.85,14.9,-15.85,14.85551526,-15.88108409,0.2,-0.07495784759521484,-0.017796610169491522,88734721.23539704,0.2087404012816917,0.45797913261875534
1127,898,bambeye,leona sud,senegal,8,2,1.95630744366871,1.0,14.69755622,-16.45053577,14.7,-16.45,14.7,-16.45,14.7,-16.45,14.72094534,-16.45109143,0.6,-0.1686855951944987,-0.055263157894736854,56652732.24892815,0.21031591529079613,0.05209527572712604
1128,825,diourbel,medinatoul,senegal,8,0,2.02730733915296,,14.73727345,-16.24237956,14.75,-16.25,14.75,-16.25,14.75,-16.25,14.74391863,-16.24558632,0.6,-0.12891010443369547,-0.055263157894736854,56652732.24892815,0.21241840067868403,0.19563670137163727
1129,507,dakar,pa unite 11,senegal,9,2,1.85535446727704,1.0,14.75896766,-17.43245729,14.75,-17.45,15.599999999999994,-16.599999999999966,14.75,-17.45,14.76581033,-17.45998489,0.0,0.0,,0.0,0.17583396515261224,0.0
1130,4026,dakar,sacre coeur 1,senegal,7,2,2.04949480649179,0.0,14.7166,-17.4627,14.7,-17.45,14.75,-17.399999999999977,14.7,-17.45,14.72094534,-17.45998489,0.0,0.0,,0.0,0.1047905545263934,0.0
1131,3028,dakar,sacre coeur 3,senegal,8,0,3.12546390141919,,14.72046,-17.46744,14.7,-17.45,14.75,-17.399999999999977,14.7,-17.45,14.72094534,-17.45998489,0.0,0.0,,0.0,0.1047905545263934,0.0
1132,3073,dakar,dieuppeul,senegal,2,0,3.44772614343484,,14.71807,-17.45718,14.7,-17.45,14.75,-17.399999999999977,14.7,-17.45,14.72094534,-17.45998489,0.0,0.0,,0.0,0.1047905545263934,0.0
1133,36,dakar,ngaparou,senegal,5,0,0.316789806702433,,14.46352,-17.05669,14.45,-17.05,14.5,-17.049999999999983,14.45,-17.05,14.47252629,-16.98407509,0.0,0.0,,0.0,0.19843707938592897,0.0
1134,1819,st-louis,pikine,senegal,9,6,1.18836032828087,0.0,16.11042196,-16.49496496,16.1,-16.5,16.1,-16.5,16.1,-16.5,16.0110665,-16.49789432,0.0,0.0,,0.0,0.1404882058810358,0.0
1135,3072,dakar,zone b batiment,senegal,9,1,3.14099512855637,1.0,14.69727437,-17.45416872,14.7,-17.45,14.75,-17.399999999999977,14.7,-17.45,14.72094534,-17.45998489,0.0,0.0,,0.0,0.1047905545263934,0.0
1136,1548,kanel,yirla,senegal,3,1,-0.426950490329299,1.0,15.60553632,-13.18272101,15.6,-13.2,15.6,-13.2,15.6,-13.2,15.6680352,-13.36263999,0.8,-0.1700524091720581,0.1928571428571428,26065860.66616341,0.14886990226419286,0.05713420509071172
1137,1606,kanel,sorry,senegal,34,2,-0.523145416253795,1.0,15.20066949,-12.94539215,15.2,-12.95,15.2,-12.95,15.2,-12.95,15.23872587,-13.36263999,0.8,-0.18054533004760742,0.19285714285714292,56480806.52208929,0.17427296939413736,0.28027011736422464
1138,672,mbour,tefess,senegal,14,0,0.453034416439776,,14.4094197,-16.97209534,14.4,-16.95,14.450000000000003,-16.94999999999999,14.4,-16.95,14.47252629,-16.98407509,0.0,0.0,,0.0,0.20757044342676587,0.0
1139,833,diourbel,medinatoul,senegal,20,2,1.09406359209085,1.0,14.73727345,-16.24237956,14.75,-16.25,14.75,-16.25,14.75,-16.25,14.74391863,-16.24558632,0.6,-0.12891010443369547,-0.055263157894736854,56652732.24892815,0.21241840067868403,0.19563670137163727
1140,245,dakar,gueule tapee,senegal,11,0,1.23651275896479,,14.68287,-17.45728,14.7,-17.45,14.75,-17.399999999999977,14.7,-17.45,14.66195934,-17.45998489,0.0,0.0,,0.0,0.1047905545263934,0.0
1141,3060,dakar,arafat,senegal,10,0,1.68709950662426,,14.71105977,-17.4688686,14.7,-17.45,14.75,-17.399999999999977,14.7,-17.45,14.72094534,-17.45998489,0.0,0.0,,0.0,0.1047905545263934,0.0
1142,1000,louga,artillerie,senegal,10,2,0.656223917070387,0.0,15.62705619,-16.2230668,15.65,-16.2,15.65,-16.2,15.65,-16.2,15.6680352,-16.23192106,1.0,-0.20137252807617187,-0.09545454545454547,31439893.328834556,0.18265390029051903,0.4195682598965685
1143,834,diourbel,medinatoul,senegal,12,1,1.93855746979765,0.0,14.73727345,-16.24237956,14.75,-16.25,14.75,-16.25,14.75,-16.25,14.74391863,-16.24558632,0.6,-0.12891010443369547,-0.055263157894736854,56652732.24892815,0.21241840067868403,0.19563670137163727
1144,27,dakar,ngaparou,senegal,7,0,1.93301060296294,,14.46352,-17.05669,14.45,-17.05,14.5,-17.049999999999983,14.45,-17.05,14.47252629,-16.98407509,0.0,0.0,,0.0,0.19843707938592897,0.0
1145,1062,louga,santhiaba centre,senegal,5,1,1.71149873449604,1.0,15.6277561,-16.22782692,15.65,-16.25,15.65,-16.25,15.65,-16.25,15.6680352,-16.23192106,1.0,-0.22147805690765382,-0.09545454545454547,31439893.328834556,0.17943069117445687,0.4266692509039231
1146,1064,louga,santhiaba centre,senegal,13,2,1.95242463688441,1.0,15.6277561,-16.22782692,15.65,-16.25,15.65,-16.25,15.65,-16.25,15.6680352,-16.23192106,1.0,-0.22147805690765382,-0.09545454545454547,31439893.328834556,0.17943069117445687,0.4266692509039231
1147,1105,kaolack,ndorong,senegal,12,1,1.83205762657127,1.0,14.08694396,-16.35938655,14.1,-16.35,14.1,-16.35,14.1,-16.35,14.0770377,-16.39672928,0.4,-0.39639490842819214,-0.036206896551724155,40611737.75569371,0.1928555006388203,-0.046086894811284834
1148,1091,kaolack,ndorong,senegal,6,0,1.38250066749562,,14.08694396,-16.35938655,14.1,-16.35,14.1,-16.35,14.1,-16.35,14.0770377,-16.39672928,0.4,-0.39639490842819214,-0.036206896551724155,40611737.75569371,0.1928555006388203,-0.046086894811284834
1149,1099,kaolack,ndorong,senegal,5,0,2.64265455123405,,14.08694396,-16.35938655,14.1,-16.35,14.1,-16.35,14.1,-16.35,14.0770377,-16.39672928,0.4,-0.39639490842819214,-0.036206896551724155,40611737.75569371,0.1928555006388203,-0.046086894811284834
1150,797,mbacke,guede bousso,senegal,18,2,1.84107441288059,1.0,14.89820198,-15.86724177,14.9,-15.85,14.9,-15.85,14.9,-15.85,14.85551526,-15.88108409,0.2,-0.07495784759521484,-0.017796610169491522,88734721.23539704,0.2087404012816917,0.45797913261875534
1151,1,dakar,grand medine,senegal,15,0,1.39652719925141,,14.74795,-17.44715,14.75,-17.45,15.599999999999994,-16.599999999999966,14.75,-17.45,14.74391863,-17.45998489,0.0,0.0,,0.0,0.17583396515261224,0.0
1152,1109,kaolack,ndorong,senegal,17,1,2.34075235531838,1.0,14.08694396,-16.35938655,14.1,-16.35,14.1,-16.35,14.1,-16.35,14.0770377,-16.39672928,0.4,-0.39639490842819214,-0.036206896551724155,40611737.75569371,0.1928555006388203,-0.046086894811284834
1153,1092,kaolack,ndorong,senegal,3,0,0.106747217171541,,14.08694396,-16.35938655,14.1,-16.35,14.1,-16.35,14.1,-16.35,14.0770377,-16.39672928,0.4,-0.39639490842819214,-0.036206896551724155,40611737.75569371,0.1928555006388203,-0.046086894811284834
1154,897,bambeye,leona sud,senegal,8,2,1.89418253511999,1.0,14.69755622,-16.45053577,14.7,-16.45,14.7,-16.45,14.7,-16.45,14.72094534,-16.45109143,0.6,-0.1686855951944987,-0.055263157894736854,56652732.24892815,0.21031591529079613,0.05209527572712604
1155,943,kebemer,medina,senegal,6,2,1.40468813483445,1.0,,,,,,,,,14.72402296,-17.45998489,,,,,,
1156,1832,st-louis,sor nord,senegal,8,0,2.07148665718864,,16.03200409,-16.47188231,16.05,-16.45,16.05,-16.45,16.05,-16.45,16.0110665,-16.45109143,0.0,0.0,,0.0,0.15915969174752542,0.0
1157,896,bambeye,leona sud,senegal,26,2,1.79446276230412,1.0,14.69755622,-16.45053577,14.7,-16.45,14.7,-16.45,14.7,-16.45,14.72094534,-16.45109143,0.6,-0.1686855951944987,-0.055263157894736854,56652732.24892815,0.21031591529079613,0.05209527572712604
1158,593,dakar,hlm 4,senegal,8,0,1.22718839612382,,14.71207849,-17.44431032,14.7,-17.45,14.75,-17.399999999999977,14.7,-17.45,14.72094534,-17.45998489,0.0,0.0,,0.0,0.1047905545263934,0.0
1159,1002,louga,artillerie,senegal,6,0,0.530690552125674,,15.62705619,-16.2230668,15.65,-16.2,15.65,-16.2,15.65,-16.2,15.6680352,-16.23192106,1.0,-0.20137252807617187,-0.09545454545454547,31439893.328834556,0.18265390029051903,0.4195682598965685
1160,1106,kaolack,ndorong,senegal,9,1,3.02451092502752,1.0,14.08694396,-16.35938655,14.1,-16.35,14.1,-16.35,14.1,-16.35,14.0770377,-16.39672928,0.4,-0.39639490842819214,-0.036206896551724155,40611737.75569371,0.1928555006388203,-0.046086894811284834
1161,406,guediawaye,cite des enseignants,senegal,6,0,1.97183867080589,,14.77683245,-17.40519022,14.8,-17.4,14.75,-17.399999999999977,14.8,-17.4,14.77734506,-17.39599836,0.4,0.0,-0.036206896551724155,69691.75401648635,0.1047905545263934,
1162,768,diourbel,medinatoul,senegal,9,0,1.97183867080589,,14.73727345,-16.24237956,14.75,-16.25,14.75,-16.25,14.75,-16.25,14.74391863,-16.24558632,0.6,-0.12891010443369547,-0.055263157894736854,56652732.24892815,0.21241840067868403,0.19563670137163727
1163,1213,mbacke,madiyana 1,senegal,11,3,1.96074493713648,1.0,14.9198,-15.8823,14.9,-15.9,14.9,-15.9,14.9,-15.9,14.85551526,-15.88108409,0.2,-0.08189427852630615,-0.017796610169491522,88734721.23539704,0.19760650366240864,0.3011360268655398
1164,1115,kaolack,sara ndiougary,senegal,15,0,0.95539192122318,,,,,,,,,,14.72402296,-17.45998489,,,,,,
1165,853,diourbel,medinatoul,senegal,5,2,2.5723833972606,0.0,14.73727345,-16.24237956,14.75,-16.25,14.75,-16.25,14.75,-16.25,14.74391863,-16.24558632,0.6,-0.12891010443369547,-0.055263157894736854,56652732.24892815,0.21241840067868403,0.19563670137163727
1166,1440,matam,thiambe,senegal,19,3,1.26948581693996,1.0,15.63263924,-13.3254062,15.65,-13.35,15.65,-13.35,15.65,-13.35,15.6680352,-13.36263999,0.8,-0.16032558679580688,0.46071428571428574,24715000.212572217,0.154766297982673,0.1382486800476584
1167,615,rufisque,diokoul kaw,senegal,2,1,2.14268216931486,1.0,14.71694283,-17.29013219,14.7,-17.3,14.75,-17.299999999999983,14.7,-17.3,14.72094534,-17.34454455,0.0,0.0,,0.0,0.18609469526940595,0.0
1168,614,rufisque,diokoul kaw,senegal,24,2,1.89411074868687,1.0,14.71694283,-17.29013219,14.7,-17.3,14.75,-17.299999999999983,14.7,-17.3,14.72094534,-17.34454455,0.0,0.0,,0.0,0.18609469526940595,0.0
1169,482,mbour,darou salam,senegal,7,3,1.93301060296294,1.0,15.44284137,-14.05528102,15.45,-14.05,15.45,-14.05,15.45,-14.05,15.38130032,-14.01712506,0.4,-0.21544945240020752,-0.03620689655172412,47665098.4684764,0.19054119811583461,0.6258698845293006
1170,433,guediawaye,parcelles ass u 4,senegal,5,2,2.6038264833911,1.0,14.76143208,-17.4405089,14.75,-17.45,15.599999999999994,-16.599999999999966,14.75,-17.45,14.76581033,-17.45998489,0.0,0.0,,0.0,0.17583396515261224,0.0
1171,360,thies,mbour i,senegal,10,1,1.89418253511999,1.0,14.68562239,-17.45034661,14.7,-17.45,14.75,-17.399999999999977,14.7,-17.45,14.66195934,-17.45998489,0.0,0.0,,0.0,0.1047905545263934,0.0
1172,891,bambeye,leona sud,senegal,6,2,2.04949480649179,1.0,14.69755622,-16.45053577,14.7,-16.45,14.7,-16.45,14.7,-16.45,14.72094534,-16.45109143,0.6,-0.1686855951944987,-0.055263157894736854,56652732.24892815,0.21031591529079613,0.05209527572712604
1173,993,louga,artillerie,senegal,22,0,0.508503084786846,,15.62705619,-16.2230668,15.65,-16.2,15.65,-16.2,15.65,-16.2,15.6680352,-16.23192106,1.0,-0.20137252807617187,-0.09545454545454547,31439893.328834556,0.18265390029051903,0.4195682598965685
1174,3044,dakar,zone b batiment,senegal,7,0,2.59960614093804,,14.69727437,-17.45416872,14.7,-17.45,14.75,-17.399999999999977,14.7,-17.45,14.72094534,-17.45998489,0.0,0.0,,0.0,0.1047905545263934,0.0
1175,334,dakar,zone b batiment,senegal,9,1,3.21865126424227,1.0,14.69727437,-17.45416872,14.7,-17.45,14.75,-17.399999999999977,14.7,-17.45,14.72094534,-17.45998489,0.0,0.0,,0.0,0.1047905545263934,0.0
1176,3043,dakar,zone b batiment,senegal,2,0,1.01861921693791,,14.69727437,-17.45416872,14.7,-17.45,14.75,-17.399999999999977,14.7,-17.45,14.72094534,-17.45998489,0.0,0.0,,0.0,0.1047905545263934,0.0
1177,54,pikine,ousmane faye 05,senegal,13,1,2.39415491703918,1.0,14.8268,-17.27016,14.85,-17.25,14.75,-17.24999999999997,14.85,-17.25,14.81724179,-17.22764196,0.4,0.0,-0.036206896551724155,108414.2033981107,0.2075499964908114,
1178,23,dakar,ngaparou,senegal,6,0,1.28674273598127,,14.46352,-17.05669,14.45,-17.05,14.5,-17.049999999999983,14.45,-17.05,14.47252629,-16.98407509,0.0,0.0,,0.0,0.19843707938592897,0.0
1179,1033,louga,montagne,senegal,10,0,1.81652639943409,,15.62330287,-16.21748196,15.6,-16.2,15.6,-16.2,15.6,-16.2,15.6680352,-16.23192106,1.0,-0.21260757446289064,-0.09545454545454547,31439893.328834556,0.18679746179105042,0.5037426263545909
1180,755,diourbel,medinatoul est,senegal,10,4,0.81009815006997,1.0,,,,,,,,,14.72402296,-17.45998489,,,,,,
1181,106,pikine,cite lobatt fall,senegal,2,1,3.32219277849013,0.0,14.74682,-17.40995,14.75,-17.4,14.75,-17.4,14.75,-17.4,14.74391863,-17.39599836,0.4,0.0,-0.036206896551724155,69691.75401648635,0.1047905545263934,0.7159638211632261
1182,1291,mbacke,mbacke khewar,senegal,5,1,2.01066673864884,0.0,14.80411689,-15.91020024,14.8,-15.9,14.8,-15.9,14.8,-15.9,14.81724179,-15.88108409,0.2,-0.030669331550598145,-0.017796610169491522,88734721.23539704,0.21091337244339783,0.5545915366157987
1183,802,mbacke,guede bousso,senegal,17,1,1.27378207753536,1.0,14.89820198,-15.86724177,14.9,-15.85,14.9,-15.85,14.9,-15.85,14.85551526,-15.88108409,0.2,-0.07495784759521484,-0.017796610169491522,88734721.23539704,0.2087404012816917,0.45797913261875534
1184,760,diourbel,medinatoul,senegal,20,4,1.0797835376944,1.0,14.73727345,-16.24237956,14.75,-16.25,14.75,-16.25,14.75,-16.25,14.74391863,-16.24558632,0.6,-0.12891010443369547,-0.055263157894736854,56652732.24892815,0.21241840067868403,0.19563670137163727
1185,1384,matam,nguidjilogue somone,senegal,26,0,0.960938788057887,,,,,,,,,,14.72402296,-17.45998489,,,,,,
1186,1257,mbacke,darou khoudoss,senegal,12,2,2.48734227986226,1.0,14.8653417,-15.87905597,14.85,-15.9,14.85,-15.9,14.85,-15.9,14.85551526,-15.88108409,0.2,-0.06695318222045898,-0.017796610169491522,88734721.23539704,0.19541316933321964,0.4296550142673737
1187,1004,louga,artillerie,senegal,13,2,1.72716077804301,1.0,15.62705619,-16.2230668,15.65,-16.2,15.65,-16.2,15.65,-16.2,15.6680352,-16.23192106,1.0,-0.20137252807617187,-0.09545454545454547,31439893.328834556,0.18265390029051903,0.4195682598965685
1188,1630,matam,djandioly,senegal,7,1,0.158640367634926,0.0,15.54077403,-13.24904558,15.55,-13.25,15.55,-13.25,15.55,-13.25,15.6680352,-13.36263999,0.6,-0.19497605164845785,0.29561403508771933,34455759.65059786,0.14055469494761255,0.1009059454995454
1189,1023,louga,keur serigne louga,senegal,7,1,2.06890884041326,1.0,15.60644218,-16.23380986,15.6,-16.25,15.6,-16.25,15.6,-16.25,15.6680352,-16.23192106,1.0,-0.22567317485809327,-0.09545454545454547,31439893.328834556,0.18382095623999536,0.4819329187522632
1190,230,dakar,dieuppeul 4,senegal,5,0,1.32683638250657,,14.71807,-17.45718,14.7,-17.45,14.75,-17.399999999999977,14.7,-17.45,14.72094534,-17.45998489,0.0,0.0,,0.0,0.1047905545263934,0.0
1191,1249,mbacke,darou khoudouss,senegal,7,2,2.58052964268533,0.0,14.8653417,-15.87905597,14.85,-15.9,14.85,-15.9,14.85,-15.9,14.85551526,-15.88108409,0.2,-0.06695318222045898,-0.017796610169491522,88734721.23539704,0.19541316933321964,0.4296550142673737
1192,89,pikine,cite la rochette,senegal,4,3,0.935631515014683,1.0,14.75619,-17.36858,14.75,-17.35,14.75,-17.35,14.75,-17.35,14.76581033,-17.34454455,0.0,0.0,,0.0,0.14700023032453297,0.0
1193,469,guediawaye,hlm las palmas,senegal,6,3,2.64265455123405,1.0,14.77009217,-17.40633211,14.75,-17.4,14.75,-17.4,14.75,-17.4,14.77252754,-17.39599836,0.4,0.0,-0.036206896551724155,69691.75401648635,0.1047905545263934,0.7159638211632261
1194,237,dakar,dieuppeul 4,senegal,9,1,2.50124170240257,1.0,14.71807,-17.45718,14.7,-17.45,14.75,-17.399999999999977,14.7,-17.45,14.72094534,-17.45998489,0.0,0.0,,0.0,0.1047905545263934,0.0
1195,1831,st-louis,sor nord,senegal,13,0,1.98046713032654,,16.03200409,-16.47188231,16.05,-16.45,16.05,-16.45,16.05,-16.45,16.0110665,-16.45109143,0.0,0.0,,0.0,0.15915969174752542,0.0
1196,571,pikine,cite icotaf,senegal,9,1,1.97183867080589,1.0,14.7155408,-17.26173081,14.7,-17.25,14.75,-17.24999999999997,14.7,-17.25,14.72094534,-17.22764196,0.4,0.0,-0.036206896551724155,108414.2033981107,0.2075499964908114,
1197,585,pikine,cite icotaf,senegal,16,2,1.40449251819247,1.0,14.7155408,-17.26173081,14.7,-17.25,14.75,-17.24999999999997,14.7,-17.25,14.72094534,-17.22764196,0.4,0.0,-0.036206896551724155,108414.2033981107,0.2075499964908114,
1198,1971,guediawaye,parcelles unit 4,senegal,10,0,1.14953226043792,,14.75395178,-17.45249839,14.75,-17.45,15.599999999999994,-16.599999999999966,14.75,-17.45,14.74391863,-17.45998489,0.0,0.0,,0.0,0.17583396515261224,0.0
1199,512,dakar,liberte 1,senegal,2,0,2.67726227662394,,14.71053471,-17.46092585,14.7,-17.45,14.75,-17.399999999999977,14.7,-17.45,14.72094534,-17.45998489,0.0,0.0,,0.0,0.1047905545263934,0.0
1200,177,dakar,gilbraltar,senegal,2,2,1.6582899389999,1.0,14.68713208,-17.44338479,14.7,-17.45,14.75,-17.399999999999977,14.7,-17.45,14.66195934,-17.45998489,0.0,0.0,,0.0,0.1047905545263934,0.0
1201,233,dakar,dieuppeul 4,senegal,11,1,0.910021337877821,1.0,14.71807,-17.45718,14.7,-17.45,14.75,-17.399999999999977,14.7,-17.45,14.72094534,-17.45998489,0.0,0.0,,0.0,0.1047905545263934,0.0
1202,1104,kaolack,ndorong,senegal,10,1,-0.514501868315641,0.0,14.08694396,-16.35938655,14.1,-16.35,14.1,-16.35,14.1,-16.35,14.0770377,-16.39672928,0.4,-0.39639490842819214,-0.036206896551724155,40611737.75569371,0.1928555006388203,-0.046086894811284834
1203,1318,mbacke,darou khoudoss,senegal,9,1,2.51840473413661,1.0,14.8653417,-15.87905597,14.85,-15.9,14.85,-15.9,14.85,-15.9,14.85551526,-15.88108409,0.2,-0.06695318222045898,-0.017796610169491522,88734721.23539704,0.19541316933321964,0.4296550142673737
1204,149,thies,hersent,senegal,14,0,1.16249291888384,,14.77685,-16.90942,14.8,-16.9,14.8,-16.9,14.8,-16.9,14.77734506,-16.92877566,0.6,-0.19322280089060465,-0.055263157894736833,49588632.547858596,0.1991877948177714,0.1308559818970757
1205,306,dakar,dieupeul,senegal,14,0,1.49434920810745,,14.71807,-17.45718,14.7,-17.45,14.75,-17.399999999999977,14.7,-17.45,14.72094534,-17.45998489,0.0,0.0,,0.0,0.1047905545263934,0.0
1206,238,dakar,dieuppeul 4,senegal,1,0,2.33926620462819,,14.71807,-17.45718,14.7,-17.45,14.75,-17.399999999999977,14.7,-17.45,14.72094534,-17.45998489,0.0,0.0,,0.0,0.1047905545263934,0.0
1207,425,guediawaye,parcelles ass u 4,senegal,7,3,1.32557080382422,1.0,14.76143208,-17.4405089,14.75,-17.45,15.599999999999994,-16.599999999999966,14.75,-17.45,14.76581033,-17.45998489,0.0,0.0,,0.0,0.17583396515261224,0.0
1208,996,louga,artillerie,senegal,19,3,0.947626307654591,1.0,15.62705619,-16.2230668,15.65,-16.2,15.65,-16.2,15.65,-16.2,15.6680352,-16.23192106,1.0,-0.20137252807617187,-0.09545454545454547,31439893.328834556,0.18265390029051903,0.4195682598965685
1209,47,dakar,sacre coeur ambassad,senegal,8,1,1.89418253511999,1.0,14.71146,-17.46887,14.7,-17.45,14.75,-17.399999999999977,14.7,-17.45,14.72094534,-17.45998489,0.0,0.0,,0.0,0.1047905545263934,0.0
1210,73,pikine,ousmane faye 05,senegal,11,1,0.626091956629267,0.0,14.8268,-17.27016,14.85,-17.25,14.75,-17.24999999999997,14.85,-17.25,14.81724179,-17.22764196,0.4,0.0,-0.036206896551724155,108414.2033981107,0.2075499964908114,
1211,354,thies,mbour 1,senegal,11,4,2.69053178049287,1.0,14.68562239,-17.45034661,14.7,-17.45,14.75,-17.399999999999977,14.7,-17.45,14.66195934,-17.45998489,0.0,0.0,,0.0,0.1047905545263934,0.0
1212,983,louga,keur serigne louga,senegal,10,1,1.20908660029538,0.0,15.60644218,-16.23380986,15.6,-16.25,15.6,-16.25,15.6,-16.25,15.6680352,-16.23192106,1.0,-0.22567317485809327,-0.09545454545454547,31439893.328834556,0.18382095623999536,0.4819329187522632
1213,535,dakar,hlm5,senegal,2,0,2.67726227662394,,14.70768945,-17.44431502,14.7,-17.45,14.75,-17.399999999999977,14.7,-17.45,14.72094534,-17.45998489,0.0,0.0,,0.0,0.1047905545263934,0.0
1214,543,dakar,hlm 5,senegal,7,3,2.67716838931667,1.0,,,,,,,,,14.72402296,-17.45998489,,,,,,
1215,247,dakar,gueule tapee,senegal,2,0,0.863306945566114,,14.68287,-17.45728,14.7,-17.45,14.75,-17.399999999999977,14.7,-17.45,14.66195934,-17.45998489,0.0,0.0,,0.0,0.1047905545263934,0.0
1216,530,dakar,hlm 5,senegal,5,1,2.18797086071748,1.0,,,,,,,,,14.72402296,-17.45998489,,,,,,
1217,255,dakar,gueule tapee 4,senegal,6,1,1.96814855793275,1.0,14.68287,-17.45728,14.7,-17.45,14.75,-17.399999999999977,14.7,-17.45,14.66195934,-17.45998489,0.0,0.0,,0.0,0.1047905545263934,0.0
1218,66,pikine,ousmane faye 05,senegal,7,1,1.93301060296294,0.0,14.8268,-17.27016,14.85,-17.25,14.75,-17.24999999999997,14.85,-17.25,14.81724179,-17.22764196,0.4,0.0,-0.036206896551724155,108414.2033981107,0.2075499964908114,
1219,471,guediawaye,hlm las palmas,senegal,7,5,2.02360942792982,1.0,14.77009217,-17.40633211,14.75,-17.4,14.75,-17.4,14.75,-17.4,14.77252754,-17.39599836,0.4,0.0,-0.036206896551724155,69691.75401648635,0.1047905545263934,0.7159638211632261
1220,573,pikine,cite icotaf,senegal,4,0,2.1750281714365,,14.7155408,-17.26173081,14.7,-17.25,14.75,-17.24999999999997,14.7,-17.25,14.72094534,-17.22764196,0.4,0.0,-0.036206896551724155,108414.2033981107,0.2075499964908114,
1221,1710,ziguinchor,diefaye,senegal,14,1,1.6612141280623,0.0,12.57853941,-16.25514132,12.6,-16.25,12.6,-16.25,12.6,-16.25,12.56804369,-16.24558632,0.6,-0.4940914710362752,-0.055263157894736854,27409102.90320934,0.14540575872282602,-0.5067443792794513
1222,174,dakar,gibraltar 1,senegal,7,1,3.27947118278207,1.0,14.68384,-17.42093,14.7,-17.4,14.75,-17.399999999999977,14.7,-17.4,14.66195934,-17.39599836,0.0,0.0,,0.0,0.1047905545263934,0.0
1223,37,dakar,mermoz ambassade,senegal,9,2,2.43135118028526,0.0,14.68949,-17.47308,14.7,-17.45,14.75,-17.399999999999977,14.7,-17.45,14.66195934,-17.45998489,0.0,0.0,,0.0,0.1047905545263934,0.0
1224,1044,louga,montagne,senegal,24,1,1.12364688187596,0.0,15.62330287,-16.21748196,15.6,-16.2,15.6,-16.2,15.6,-16.2,15.6680352,-16.23192106,1.0,-0.21260757446289064,-0.09545454545454547,31439893.328834556,0.18679746179105042,0.5037426263545909
1225,936,kebemer,medina,senegal,6,1,1.97183867080589,1.0,,,,,,,,,14.72402296,-17.45998489,,,,,,
1226,283,dakar,liberte 6,senegal,2,0,2.67726227662394,,14.73104,-17.46105,14.75,-17.45,15.599999999999994,-16.599999999999966,14.75,-17.45,14.72402296,-17.45998489,0.0,0.0,,0.0,0.17583396515261224,0.0
1227,522,dakar,liberte 1,senegal,9,1,1.85535446727704,1.0,14.71053471,-17.46092585,14.7,-17.45,14.75,-17.399999999999977,14.7,-17.45,14.72094534,-17.45998489,0.0,0.0,,0.0,0.1047905545263934,0.0
1228,969,louga,keur serigne louga,senegal,6,1,1.22718839612382,0.0,15.60644218,-16.23380986,15.6,-16.25,15.6,-16.25,15.6,-16.25,15.6680352,-16.23192106,1.0,-0.22567317485809327,-0.09545454545454547,31439893.328834556,0.18382095623999536,0.4819329187522632
1229,190,dakar,ouagou niayes.2,senegal,8,2,1.79064102087213,0.0,14.70737,-17.449,14.7,-17.45,14.75,-17.399999999999977,14.7,-17.45,14.72094534,-17.45998489,0.0,0.0,,0.0,0.1047905545263934,0.0
1230,519,dakar,liberte 1,senegal,10,2,1.94595329224392,1.0,14.71053471,-17.46092585,14.7,-17.45,14.75,-17.399999999999977,14.7,-17.45,14.72094534,-17.45998489,0.0,0.0,,0.0,0.1047905545263934,0.0
1231,373,mbour,chateau d'eau,senegal,9,1,1.36439887166717,1.0,14.65934807,-17.43678063,14.65,-17.45,14.75,-17.349999999999966,14.65,-17.45,14.66195934,-17.45998489,0.0,0.0,,0.0,0.14700023032453297,0.0
1232,3026,dakar,castor 1,senegal,8,0,1.89418253511999,,14.72684161,-17.44623836,14.75,-17.45,15.599999999999994,-16.599999999999966,14.75,-17.45,14.72402296,-17.45998489,0.0,0.0,,0.0,0.17583396515261224,0.0
1233,1445,matam,thiambe,senegal,14,3,1.23497197885734,1.0,15.63263924,-13.3254062,15.65,-13.35,15.65,-13.35,15.65,-13.35,15.6680352,-13.36263999,0.8,-0.16032558679580688,0.46071428571428574,24715000.212572217,0.154766297982673,0.1382486800476584
1234,1552,matam,darou salam,senegal,13,2,2.00697615730046,1.0,15.44284137,-14.05528102,15.45,-14.05,15.45,-14.05,15.45,-14.05,15.38130032,-14.01712506,0.4,-0.21544945240020752,-0.03620689655172412,47665098.4684764,0.19054119811583461,0.6258698845293006
1235,3033,dakar,liberte 6,senegal,4,2,2.25786138283479,1.0,14.73104,-17.46105,14.75,-17.45,15.599999999999994,-16.599999999999966,14.75,-17.45,14.72402296,-17.45998489,0.0,0.0,,0.0,0.17583396515261224,0.0
1236,1339,kanel,aoure,senegal,19,4,1.22777957140305,1.0,15.14596428,-12.94689277,15.15,-12.95,15.15,-12.95,15.15,-12.95,15.23872587,-13.36263999,0.8,-0.20756706595420837,0.19285714285714292,56480806.52208929,0.17407560827176505,0.2201866143609424
1237,3045,dakar,dieuppeul 1,senegal,4,0,2.75102488444472,1.0,14.71807,-17.45718,14.7,-17.45,14.75,-17.399999999999977,14.7,-17.45,14.72094534,-17.45998489,0.0,0.0,,0.0,0.1047905545263934,0.0
1238,1814,st-louis,pikine,senegal,14,0,1.26601646396677,,16.11042196,-16.49496496,16.1,-16.5,16.1,-16.5,16.1,-16.5,16.0110665,-16.49789432,0.0,0.0,,0.0,0.1404882058810358,0.0
1239,52,dakar,sacre coeur ambassad,senegal,2,0,2.72031068691995,,14.71146,-17.46887,14.7,-17.45,14.75,-17.399999999999977,14.7,-17.45,14.72094534,-17.45998489,0.0,0.0,,0.0,0.1047905545263934,0.0
1240,509,dakar,pa unite 11,senegal,5,1,1.54180573547105,1.0,14.75896766,-17.43245729,14.75,-17.45,15.599999999999994,-16.599999999999966,14.75,-17.45,14.76581033,-17.45998489,0.0,0.0,,0.0,0.17583396515261224,0.0
1241,1097,kaolack,ndorong,senegal,4,3,1.99772404936785,1.0,14.08694396,-16.35938655,14.1,-16.35,14.1,-16.35,14.1,-16.35,14.0770377,-16.39672928,0.4,-0.39639490842819214,-0.036206896551724155,40611737.75569371,0.1928555006388203,-0.046086894811284834
1242,595,dakar,hlm 4,senegal,12,2,1.27000926057041,1.0,14.71207849,-17.44431032,14.7,-17.45,14.75,-17.399999999999977,14.7,-17.45,14.72094534,-17.45998489,0.0,0.0,,0.0,0.1047905545263934,0.0
1243,142,thies,hersent,senegal,4,3,2.10126556361572,1.0,14.77685,-16.90942,14.8,-16.9,14.8,-16.9,14.8,-16.9,14.77734506,-16.92877566,0.6,-0.19322280089060465,-0.055263157894736833,49588632.547858596,0.1991877948177714,0.1308559818970757
1244,517,dakar,liberte 1,senegal,18,1,1.85535446727704,0.0,14.71053471,-17.46092585,14.7,-17.45,14.75,-17.399999999999977,14.7,-17.45,14.72094534,-17.45998489,0.0,0.0,,0.0,0.1047905545263934,0.0
1245,1211,mbacke,madiyana 1,senegal,6,1,2.07148665718864,1.0,14.9198,-15.8823,14.9,-15.9,14.9,-15.9,14.9,-15.9,14.85551526,-15.88108409,0.2,-0.08189427852630615,-0.017796610169491522,88734721.23539704,0.19760650366240864,0.3011360268655398
1246,599,dakar,hlm 4,senegal,8,2,1.34886764452999,1.0,14.71207849,-17.44431032,14.7,-17.45,14.75,-17.399999999999977,14.7,-17.45,14.72094534,-17.45998489,0.0,0.0,,0.0,0.1047905545263934,0.0
1247,516,dakar,liberte 1,senegal,8,1,2.47017924812821,0.0,14.71053471,-17.46092585,14.7,-17.45,14.75,-17.399999999999977,14.7,-17.45,14.72094534,-17.45998489,0.0,0.0,,0.0,0.1047905545263934,0.0
1248,524,dakar,sicap liberte 1,senegal,8,0,1.99715811808086,1.0,14.71053471,-17.46092585,14.7,-17.45,14.75,-17.399999999999977,14.7,-17.45,14.72094534,-17.45998489,0.0,0.0,,0.0,0.1047905545263934,0.0
1249,421,guediawaye,parcelles ass u 4,senegal,6,1,3.31829925062502,0.0,14.76143208,-17.4405089,14.75,-17.45,15.599999999999994,-16.599999999999966,14.75,-17.45,14.76581033,-17.45998489,0.0,0.0,,0.0,0.17583396515261224,0.0
1250,531,dakar,hlm 5,senegal,3,0,2.08832287433474,,,,,,,,,,14.72402296,-17.45998489,,,,,,
1251,982,louga,keur serigne louga,senegal,2,0,2.04949480649179,,15.60644218,-16.23380986,15.6,-16.25,15.6,-16.25,15.6,-16.25,15.6680352,-16.23192106,1.0,-0.22567317485809327,-0.09545454545454547,31439893.328834556,0.18382095623999536,0.4819329187522632
1252,70,pikine,ousmane faye 05,senegal,11,2,2.43911679385385,1.0,14.8268,-17.27016,14.85,-17.25,14.75,-17.24999999999997,14.85,-17.25,14.81724179,-17.22764196,0.4,0.0,-0.036206896551724155,108414.2033981107,0.2075499964908114,
1253,171,dakar,gilbratar,senegal,3,0,2.85878674114564,,14.68713208,-17.44338479,14.7,-17.45,14.75,-17.399999999999977,14.7,-17.45,14.66195934,-17.45998489,0.0,0.0,,0.0,0.1047905545263934,0.0
1254,1228,diourbel,thierno kandji,senegal,17,6,1.16062599410734,0.0,14.6563661,-16.23464222,14.65,-16.25,14.65,-16.25,14.65,-16.25,14.66195934,-16.23192106,0.4,-0.32031071186065674,-0.036206896551724155,40611737.75569371,0.20315482194846746,0.31515939206315724
1255,57,pikine,ousmane faye 05,senegal,9,0,1.84107441288059,,14.8268,-17.27016,14.85,-17.25,14.75,-17.24999999999997,14.85,-17.25,14.81724179,-17.22764196,0.4,0.0,-0.036206896551724155,108414.2033981107,0.2075499964908114,
1256,842,bambeye,medinatoul,senegal,11,0,1.25307377468579,,14.73727345,-16.24237956,14.75,-16.25,14.75,-16.25,14.75,-16.25,14.74391863,-16.24558632,0.6,-0.12891010443369547,-0.055263157894736854,56652732.24892815,0.21241840067868403,0.19563670137163727
1257,948,louga,ndieuk,senegal,12,5,0.760941570959465,1.0,15.41529756,-16.07521462,15.4,-16.1,15.4,-16.1,15.4,-16.1,15.38130032,-16.09656209,1.0,-0.13866031169891357,-0.09545454545454543,35678353.149476305,0.20108135906133404,0.46624307139741994
1258,977,louga,keur serigne louga,senegal,9,0,1.07187612475203,,15.60644218,-16.23380986,15.6,-16.25,15.6,-16.25,15.6,-16.25,15.6680352,-16.23192106,1.0,-0.22567317485809327,-0.09545454545454547,31439893.328834556,0.18382095623999536,0.4819329187522632
1259,8,dakar,grand medine,senegal,13,1,2.47808666107058,1.0,14.74795,-17.44715,14.75,-17.45,15.599999999999994,-16.599999999999966,14.75,-17.45,14.74391863,-17.45998489,0.0,0.0,,0.0,0.17583396515261224,0.0
1260,782,diourbel,medinatoul,senegal,5,1,2.70089665299847,1.0,14.73727345,-16.24237956,14.75,-16.25,14.75,-16.25,14.75,-16.25,14.74391863,-16.24558632,0.6,-0.12891010443369547,-0.055263157894736854,56652732.24892815,0.21241840067868403,0.19563670137163727
1261,204,dakar,ouagou niayes 2,senegal,5,1,2.01066673864884,0.0,14.70737,-17.449,14.7,-17.45,14.75,-17.399999999999977,14.7,-17.45,14.72094534,-17.45998489,0.0,0.0,,0.0,0.1047905545263934,0.0
1262,594,dakar,hlm 4,senegal,6,0,2.54783538381411,,14.71207849,-17.44431032,14.7,-17.45,14.75,-17.399999999999977,14.7,-17.45,14.72094534,-17.45998489,0.0,0.0,,0.0,0.1047905545263934,0.0
1263,43,dakar,sacre coeur ambassad,senegal,5,1,0.818771095943342,0.0,14.71146,-17.46887,14.7,-17.45,14.75,-17.399999999999977,14.7,-17.45,14.72094534,-17.45998489,0.0,0.0,,0.0,0.1047905545263934,0.0
1264,587,dakar,hlm 4,senegal,1,0,1.01861921693791,,14.71207849,-17.44431032,14.7,-17.45,14.75,-17.399999999999977,14.7,-17.45,14.72094534,-17.45998489,0.0,0.0,,0.0,0.1047905545263934,0.0
1265,262,dakar,sacre coeur 3,senegal,2,1,2.66298222222748,1.0,14.72046,-17.46744,14.7,-17.45,14.75,-17.399999999999977,14.7,-17.45,14.72094534,-17.45998489,0.0,0.0,,0.0,0.1047905545263934,0.0
1266,636,rufisque,niagha ouolof,senegal,11,2,1.92006791368196,1.0,14.80539524,-17.23892342,14.8,-17.25,14.8,-17.25,14.8,-17.25,14.81724179,-17.22764196,0.4,0.0,-0.036206896551724155,108414.2033981107,0.21121838802929951,0.5477543569909434
1267,1298,mbacke,ndiobene,senegal,5,1,2.09386974116944,1.0,14.90105469,-15.88899932,14.9,-15.9,14.9,-15.9,14.9,-15.9,14.85551526,-15.88108409,0.2,-0.08189427852630615,-0.017796610169491522,88734721.23539704,0.19760650366240864,0.3011360268655398
1268,252,dakar,gueule tapee,senegal,4,0,2.64265455123405,,14.68287,-17.45728,14.7,-17.45,14.75,-17.399999999999977,14.7,-17.45,14.66195934,-17.45998489,0.0,0.0,,0.0,0.1047905545263934,0.0
1269,1424,matam,moderne 3,senegal,11,2,1.32425856573119,1.0,15.61359152,-13.32345921,15.6,-13.3,15.6,-13.3,15.6,-13.3,15.6680352,-13.36263999,0.4,-0.28786253929138184,0.48103448275862065,45684180.71793652,0.15144391499366563,0.01543036411523599
1270,467,guediawaye,hlm las palmas,senegal,6,1,1.30484453180972,1.0,14.77009217,-17.40633211,14.75,-17.4,14.75,-17.4,14.75,-17.4,14.77252754,-17.39599836,0.4,0.0,-0.036206896551724155,69691.75401648635,0.1047905545263934,0.7159638211632261
1271,434,guediawaye,parcelles ass u 4,senegal,28,5,0.813022339132368,1.0,14.76143208,-17.4405089,14.75,-17.45,15.599999999999994,-16.599999999999966,14.75,-17.45,14.76581033,-17.45998489,0.0,0.0,,0.0,0.17583396515261224,0.0
1272,1025,louga,keur serigne louga,senegal,8,1,1.99772404936785,1.0,15.60644218,-16.23380986,15.6,-16.25,15.6,-16.25,15.6,-16.25,15.6680352,-16.23192106,1.0,-0.22567317485809327,-0.09545454545454547,31439893.328834556,0.18382095623999536,0.4819329187522632
1273,584,pikine,cite icotaf,senegal,9,1,1.95624637831641,0.0,14.7155408,-17.26173081,14.7,-17.25,14.75,-17.24999999999997,14.7,-17.25,14.72094534,-17.22764196,0.4,0.0,-0.036206896551724155,108414.2033981107,0.2075499964908114,
1274,1127,kaolack,sarandiougary,senegal,7,1,1.98736989794307,0.0,,,,,,,,,14.72402296,-17.45998489,,,,,,
1275,1541,kanel,yirla,senegal,15,1,-0.611895285609107,1.0,15.60553632,-13.18272101,15.6,-13.2,15.6,-13.2,15.6,-13.2,15.6680352,-13.36263999,0.8,-0.1700524091720581,0.1928571428571428,26065860.66616341,0.14886990226419286,0.05713420509071172
1276,1543,kanel,yirla,senegal,7,1,-1.06776353315549,1.0,15.60553632,-13.18272101,15.6,-13.2,15.6,-13.2,15.6,-13.2,15.6680352,-13.36263999,0.8,-0.1700524091720581,0.1928571428571428,26065860.66616341,0.14886990226419286,0.05713420509071172
1277,167,dakar,hlm 6 nimzat,senegal,6,4,2.77197772840331,1.0,14.72704,-17.4436,14.75,-17.45,15.599999999999994,-16.599999999999966,14.75,-17.45,14.72402296,-17.45998489,0.0,0.0,,0.0,0.17583396515261224,0.0
1278,278,dakar,liberte 6,senegal,13,1,1.39943615338024,1.0,14.73104,-17.46105,14.75,-17.45,15.599999999999994,-16.599999999999966,14.75,-17.45,14.72402296,-17.45998489,0.0,0.0,,0.0,0.17583396515261224,0.0
1279,285,dakar,liberte 6,senegal,9,1,1.85535446727704,1.0,14.73104,-17.46105,14.75,-17.45,15.599999999999994,-16.599999999999966,14.75,-17.45,14.72402296,-17.45998489,0.0,0.0,,0.0,0.17583396515261224,0.0
1280,369,mbour,chateau d'eau,senegal,12,0,2.40805433957949,,14.65934807,-17.43678063,14.65,-17.45,14.75,-17.349999999999966,14.65,-17.45,14.66195934,-17.45998489,0.0,0.0,,0.0,0.14700023032453297,0.0
1281,604,rufisque,diokoul kaw,senegal,8,0,1.40449251819247,1.0,14.71694283,-17.29013219,14.7,-17.3,14.75,-17.299999999999983,14.7,-17.3,14.72094534,-17.34454455,0.0,0.0,,0.0,0.18609469526940595,0.0
1282,3032,dakar,castor 1,senegal,9,3,1.97183867080589,1.0,14.72684161,-17.44623836,14.75,-17.45,15.599999999999994,-16.599999999999966,14.75,-17.45,14.72402296,-17.45998489,0.0,0.0,,0.0,0.17583396515261224,0.0
1283,94,pikine,cite la rochette,senegal,4,4,1.57251731530538,1.0,14.75619,-17.36858,14.75,-17.35,14.75,-17.35,14.75,-17.35,14.76581033,-17.34454455,0.0,0.0,,0.0,0.14700023032453297,0.0
1284,275,dakar,liberte 6,senegal,8,0,2.51802410228047,1.0,14.73104,-17.46105,14.75,-17.45,15.599999999999994,-16.599999999999966,14.75,-17.45,14.72402296,-17.45998489,0.0,0.0,,0.0,0.17583396515261224,0.0
1285,289,dakar,liberte 6,senegal,9,1,2.51840473413661,1.0,14.73104,-17.46105,14.75,-17.45,15.599999999999994,-16.599999999999966,14.75,-17.45,14.72402296,-17.45998489,0.0,0.0,,0.0,0.17583396515261224,0.0
1286,1818,st-louis,pikine,senegal,7,1,1.93261200194187,0.0,16.11042196,-16.49496496,16.1,-16.5,16.1,-16.5,16.1,-16.5,16.0110665,-16.49789432,0.0,0.0,,0.0,0.1404882058810358,0.0
1287,1843,st-louis,sor nord,senegal,7,2,2.04949480649179,1.0,16.03200409,-16.47188231,16.05,-16.45,16.05,-16.45,16.05,-16.45,16.0110665,-16.45109143,0.0,0.0,,0.0,0.15915969174752542,0.0
1288,1059,louga,santhiaba centre,senegal,4,2,2.64265455123405,1.0,15.6277561,-16.22782692,15.65,-16.25,15.65,-16.25,15.65,-16.25,15.6680352,-16.23192106,1.0,-0.22147805690765382,-0.09545454545454547,31439893.328834556,0.17943069117445687,0.4266692509039231
1289,663,mbour,tefess,senegal,9,1,2.102549111463,1.0,14.4094197,-16.97209534,14.4,-16.95,14.450000000000003,-16.94999999999999,14.4,-16.95,14.47252629,-16.98407509,0.0,0.0,,0.0,0.20757044342676587,0.0
1290,226,dakar,dieuppeul 4,senegal,2,0,3.39595538631091,,14.71807,-17.45718,14.7,-17.45,14.75,-17.399999999999977,14.7,-17.45,14.72094534,-17.45998489,0.0,0.0,,0.0,0.1047905545263934,0.0
1291,108,pikine,cite lobatt fall,senegal,7,1,2.70347446977385,0.0,14.74682,-17.40995,14.75,-17.4,14.75,-17.4,14.75,-17.4,14.74391863,-17.39599836,0.4,0.0,-0.036206896551724155,69691.75401648635,0.1047905545263934,0.7159638211632261
1292,767,diourbel,medinatoul,senegal,6,0,2.01843235221743,1.0,14.73727345,-16.24237956,14.75,-16.25,14.75,-16.25,14.75,-16.25,14.74391863,-16.24558632,0.6,-0.12891010443369547,-0.055263157894736854,56652732.24892815,0.21241840067868403,0.19563670137163727
1293,1013,diourbel,keur serigne louga,senegal,8,1,0.5419751973837,1.0,15.60644218,-16.23380986,15.6,-16.25,15.6,-16.25,15.6,-16.25,15.6680352,-16.23192106,1.0,-0.22567317485809327,-0.09545454545454547,31439893.328834556,0.18382095623999536,0.4819329187522632
1294,1017,louga,keur serigne louga s,senegal,6,1,2.01843235221743,1.0,,,,,,,,,14.72402296,-17.45998489,,,,,,
1295,1833,st-louis,sor nord,senegal,13,0,1.91637000245882,,16.03200409,-16.47188231,16.05,-16.45,16.05,-16.45,16.05,-16.45,16.0110665,-16.45109143,0.0,0.0,,0.0,0.15915969174752542,0.0
1296,1022,louga,keur serigne louga,senegal,20,2,2.42138535564913,1.0,15.60644218,-16.23380986,15.6,-16.25,15.6,-16.25,15.6,-16.25,15.6680352,-16.23192106,1.0,-0.22567317485809327,-0.09545454545454547,31439893.328834556,0.18382095623999536,0.4819329187522632
1297,1822,st-louis,pikine,senegal,3,0,2.8199586733027,,16.11042196,-16.49496496,16.1,-16.5,16.1,-16.5,16.1,-16.5,16.0110665,-16.49789432,0.0,0.0,,0.0,0.1404882058810358,0.0
1298,1101,kaolack,ndorong,senegal,7,2,1.98736989794307,1.0,14.08694396,-16.35938655,14.1,-16.35,14.1,-16.35,14.1,-16.35,14.0770377,-16.39672928,0.4,-0.39639490842819214,-0.036206896551724155,40611737.75569371,0.1928555006388203,-0.046086894811284834
1299,892,bambeye,leona sud,senegal,17,1,1.67674535519948,1.0,14.69755622,-16.45053577,14.7,-16.45,14.7,-16.45,14.7,-16.45,14.72094534,-16.45109143,0.6,-0.1686855951944987,-0.055263157894736854,56652732.24892815,0.21031591529079613,0.05209527572712604
1300,681,tiwaouane,ndiandiakhoune,senegal,20,1,1.76105773108702,1.0,,,,,,,,,14.72402296,-17.45998489,,,,,,
1301,1028,louga,montagne,senegal,11,0,1.08590265650782,,15.62330287,-16.21748196,15.6,-16.2,15.6,-16.2,15.6,-16.2,15.6680352,-16.23192106,1.0,-0.21260757446289064,-0.09545454545454547,31439893.328834556,0.18679746179105042,0.5037426263545909
1302,431,guediawaye,parcelles ass u 4,senegal,8,1,2.36663773388034,1.0,14.76143208,-17.4405089,14.75,-17.45,15.599999999999994,-16.599999999999966,14.75,-17.45,14.76581033,-17.45998489,0.0,0.0,,0.0,0.17583396515261224,0.0
1303,942,kebemer,medina,senegal,11,1,1.92006791368196,1.0,,,,,,,,,14.72402296,-17.45998489,,,,,,
1304,468,guediawaye,hlm las palmas,senegal,13,2,1.70999774630896,1.0,14.77009217,-17.40633211,14.75,-17.4,14.75,-17.4,14.75,-17.4,14.77252754,-17.39599836,0.4,0.0,-0.036206896551724155,69691.75401648635,0.1047905545263934,0.7159638211632261
1305,123,dakar,castor,senegal,7,0,3.1927658856803,,14.72704,-17.4436,14.75,-17.45,15.599999999999994,-16.599999999999966,14.75,-17.45,14.72402296,-17.45998489,0.0,0.0,,0.0,0.17583396515261224,0.0
1306,46,dakar,mermoz ambassade,senegal,8,2,1.95630744366871,0.0,14.68949,-17.47308,14.7,-17.45,14.75,-17.399999999999977,14.7,-17.45,14.66195934,-17.45998489,0.0,0.0,,0.0,0.1047905545263934,0.0
1307,971,louga,keur serigne louga,senegal,7,3,1.4161696287911,1.0,15.60644218,-16.23380986,15.6,-16.25,15.6,-16.25,15.6,-16.25,15.6680352,-16.23192106,1.0,-0.22567317485809327,-0.09545454545454547,31439893.328834556,0.18382095623999536,0.4819329187522632
1308,966,louga,keur serigne louga,senegal,13,3,2.55429600737378,0.0,15.60644218,-16.23380986,15.6,-16.25,15.6,-16.25,15.6,-16.25,15.6680352,-16.23192106,1.0,-0.22567317485809327,-0.09545454545454547,31439893.328834556,0.18382095623999536,0.4819329187522632
1309,1497,matam,diamel,senegal,19,2,-0.330391793747728,1.0,15.83897387,-13.22043021,15.85,-13.2,15.85,-13.2,15.85,-13.2,15.71702669,-13.36263999,0.8,-0.17065495252609253,0.19285714285714287,52655255.40438127,0.16015655117127092,0.32330553063730366
1310,41,dakar,mermoz ambassades,senegal,9,1,3.17427632956461,1.0,14.68949,-17.47308,14.7,-17.45,14.75,-17.399999999999977,14.7,-17.45,14.66195934,-17.45998489,0.0,0.0,,0.0,0.1047905545263934,0.0
1311,3046,dakar,zone b batiment,senegal,3,3,2.04949480649179,0.0,14.69727437,-17.45416872,14.7,-17.45,14.75,-17.399999999999977,14.7,-17.45,14.72094534,-17.45998489,0.0,0.0,,0.0,0.1047905545263934,0.0
1312,1808,st-louis,pikine,senegal,12,1,1.07187612475203,0.0,16.11042196,-16.49496496,16.1,-16.5,16.1,-16.5,16.1,-16.5,16.0110665,-16.49789432,0.0,0.0,,0.0,0.1404882058810358,0.0
1313,601,dakar,hlm 4,senegal,6,1,1.89418253511999,1.0,14.71207849,-17.44431032,14.7,-17.45,14.75,-17.399999999999977,14.7,-17.45,14.72094534,-17.45998489,0.0,0.0,,0.0,0.1047905545263934,0.0
1314,377,mbour,chateau d'eau,senegal,5,0,2.04949480649179,,14.65934807,-17.43678063,14.65,-17.45,14.75,-17.349999999999966,14.65,-17.45,14.66195934,-17.45998489,0.0,0.0,,0.0,0.14700023032453297,0.0
1315,4031,dakar,liberte 6,senegal,7,0,1.84241177799606,,14.73104,-17.46105,14.75,-17.45,15.599999999999994,-16.599999999999966,14.75,-17.45,14.72402296,-17.45998489,0.0,0.0,,0.0,0.17583396515261224,0.0
1316,192,dakar,ouagou niayes 2,senegal,1,0,-0.257134233386167,,14.70737,-17.449,14.7,-17.45,14.75,-17.399999999999977,14.7,-17.45,14.72094534,-17.45998489,0.0,0.0,,0.0,0.1047905545263934,0.0
1317,8082,mbacke,darou khoudoss,senegal,6,0,2.01843235221743,,14.8653417,-15.87905597,14.85,-15.9,14.85,-15.9,14.85,-15.9,14.85551526,-15.88108409,0.2,-0.06695318222045898,-0.017796610169491522,88734721.23539704,0.19541316933321964,0.4296550142673737
1318,361,mbour,chateau d'eau,senegal,10,2,1.9829324044753,1.0,14.65934807,-17.43678063,14.65,-17.45,14.75,-17.349999999999966,14.65,-17.45,14.66195934,-17.45998489,0.0,0.0,,0.0,0.14700023032453297,0.0
1319,462,guediawaye,hlm las palmas,senegal,7,0,1.4161696287911,,14.77009217,-17.40633211,14.75,-17.4,14.75,-17.4,14.75,-17.4,14.77252754,-17.39599836,0.4,0.0,-0.036206896551724155,69691.75401648635,0.1047905545263934,0.7159638211632261
1320,1816,st-louis,pikine,senegal,5,1,0.255661367741169,1.0,16.11042196,-16.49496496,16.1,-16.5,16.1,-16.5,16.1,-16.5,16.0110665,-16.49789432,0.0,0.0,,0.0,0.1404882058810358,0.0
1321,756,diourbel,medinatoul,senegal,5,1,1.38250066749562,1.0,14.73727345,-16.24237956,14.75,-16.25,14.75,-16.25,14.75,-16.25,14.74391863,-16.24558632,0.6,-0.12891010443369547,-0.055263157894736854,56652732.24892815,0.21241840067868403,0.19563670137163727
1322,900,bambeye,leona sud,senegal,10,1,2.01066673864884,1.0,14.69755622,-16.45053577,14.7,-16.45,14.7,-16.45,14.7,-16.45,14.72094534,-16.45109143,0.6,-0.1686855951944987,-0.055263157894736854,56652732.24892815,0.21031591529079613,0.05209527572712604
1323,3059,dakar,liberte 3,senegal,5,0,2.78113060545975,1.0,14.71592245,-17.45517723,14.7,-17.45,14.75,-17.399999999999977,14.7,-17.45,14.72094534,-17.45998489,0.0,0.0,,0.0,0.1047905545263934,0.0
1324,40,dakar,mermoz ambassade,senegal,10,1,1.81652639943409,1.0,14.68949,-17.47308,14.7,-17.45,14.75,-17.399999999999977,14.7,-17.45,14.66195934,-17.45998489,0.0,0.0,,0.0,0.1047905545263934,0.0
1325,105,pikine,cite lobatte fall,senegal,8,0,3.19646379690344,,14.74682,-17.40995,14.75,-17.4,14.75,-17.4,14.75,-17.4,14.74391863,-17.39599836,0.4,0.0,-0.036206896551724155,69691.75401648635,0.1047905545263934,0.7159638211632261
1326,1061,louga,santhiaba centre,senegal,7,1,1.84201317697499,1.0,15.6277561,-16.22782692,15.65,-16.25,15.65,-16.25,15.65,-16.25,15.6680352,-16.23192106,1.0,-0.22147805690765382,-0.09545454545454547,31439893.328834556,0.17943069117445687,0.4266692509039231
1327,1273,mbacke,khayra,senegal,11,4,2.4562798255879,1.0,14.823157881171742,-15.90761198,14.8,-15.9,14.8,-15.9,14.8,-15.9,14.81724179,-15.88108409,0.2,-0.030669331550598145,-0.017796610169491522,88734721.23539704,0.21091337244339783,0.5545915366157987
1328,257,dakar,hlm gueule tapee,senegal,2,0,0.893085851993197,,14.69586,-17.45096,14.7,-17.45,14.75,-17.399999999999977,14.7,-17.45,14.72094534,-17.45998489,0.0,0.0,,0.0,0.1047905545263934,0.0
1329,330,dakar,zone b batiment,senegal,8,0,2.54946718841097,,14.69727437,-17.45416872,14.7,-17.45,14.75,-17.399999999999977,14.7,-17.45,14.72094534,-17.45998489,0.0,0.0,,0.0,0.1047905545263934,0.0
1330,336,dakar,zone b batiment,senegal,8,0,2.02730733915296,,14.69727437,-17.45416872,14.7,-17.45,14.75,-17.399999999999977,14.7,-17.45,14.72094534,-17.45998489,0.0,0.0,,0.0,0.1047905545263934,0.0
1331,860,diourbel,medinatoul nord,senegal,6,2,1.42532153194221,1.0,14.65733141,-16.23486005,14.65,-16.25,14.65,-16.25,14.65,-16.25,14.66195934,-16.23192106,0.4,-0.32031071186065674,-0.036206896551724155,40611737.75569371,0.20315482194846746,0.31515939206315724
1332,1217,diourbel,thierno kandji,senegal,4,2,1.33072991037169,1.0,14.6563661,-16.23464222,14.65,-16.25,14.65,-16.25,14.65,-16.25,14.66195934,-16.23192106,0.4,-0.32031071186065674,-0.036206896551724155,40611737.75569371,0.20315482194846746,0.31515939206315724
1333,125,rufisque,castor,senegal,6,1,1.47983967758329,1.0,14.72704,-17.4436,14.75,-17.45,15.599999999999994,-16.599999999999966,14.75,-17.45,14.72402296,-17.45998489,0.0,0.0,,0.0,0.17583396515261224,0.0
1334,1703,ziguinchor,diefaye,senegal,7,2,1.3203757589469,0.0,12.57853941,-16.25514132,12.6,-16.25,12.6,-16.25,12.6,-16.25,12.56804369,-16.24558632,0.6,-0.4940914710362752,-0.055263157894736854,27409102.90320934,0.14540575872282602,-0.5067443792794513
1335,1316,mbacke,darou khoudoss,senegal,17,1,1.76475564231016,1.0,14.8653417,-15.87905597,14.85,-15.9,14.85,-15.9,14.85,-15.9,14.85551526,-15.88108409,0.2,-0.06695318222045898,-0.017796610169491522,88734721.23539704,0.19541316933321964,0.4296550142673737
1336,600,dakar,hlm 4,senegal,7,0,1.37355077481828,,14.71207849,-17.44431032,14.7,-17.45,14.75,-17.399999999999977,14.7,-17.45,14.72094534,-17.45998489,0.0,0.0,,0.0,0.1047905545263934,0.0
1337,1300,mbacke,mbacke khewar,senegal,17,1,1.09776150331399,1.0,14.80411689,-15.91020024,14.8,-15.9,14.8,-15.9,14.8,-15.9,14.81724179,-15.88108409,0.2,-0.030669331550598145,-0.017796610169491522,88734721.23539704,0.21091337244339783,0.5545915366157987
1338,508,dakar,pa unite 11,senegal,10,3,1.89418253511999,1.0,14.75896766,-17.43245729,14.75,-17.45,15.599999999999994,-16.599999999999966,14.75,-17.45,14.76581033,-17.45998489,0.0,0.0,,0.0,0.17583396515261224,0.0
1339,206,dakar,ouagou niayes 2,senegal,6,0,1.7388702637482,,14.70737,-17.449,14.7,-17.45,14.75,-17.399999999999977,14.7,-17.45,14.72094534,-17.45998489,0.0,0.0,,0.0,0.1047905545263934,0.0
1340,837,diourbel,medinatoul ouest,senegal,11,1,1.3788823410556,1.0,14.65849563,-16.23483977,14.65,-16.25,14.65,-16.25,14.65,-16.25,14.66195934,-16.23192106,0.4,-0.32031071186065674,-0.036206896551724155,40611737.75569371,0.20315482194846746,0.31515939206315724
1341,610,rufisque,diokoul kaw,senegal,20,0,0.934365936332337,,14.71694283,-17.29013219,14.7,-17.3,14.75,-17.299999999999983,14.7,-17.3,14.72094534,-17.34454455,0.0,0.0,,0.0,0.18609469526940595,0.0
1342,150,thies,hersent,senegal,10,0,1.84067581185952,,14.77685,-16.90942,14.8,-16.9,14.8,-16.9,14.8,-16.9,14.77734506,-16.92877566,0.6,-0.19322280089060465,-0.055263157894736833,49588632.547858596,0.1991877948177714,0.1308559818970757
1343,1266,mbacke,khayra,senegal,9,1,1.92524498939435,1.0,14.823157881171742,-15.90761198,14.8,-15.9,14.8,-15.9,14.8,-15.9,14.81724179,-15.88108409,0.2,-0.030669331550598145,-0.017796610169491522,88734721.23539704,0.21091337244339783,0.5545915366157987
1344,1825,st-louis,pikine,senegal,12,3,2.40805433957949,1.0,16.11042196,-16.49496496,16.1,-16.5,16.1,-16.5,16.1,-16.5,16.0110665,-16.49789432,0.0,0.0,,0.0,0.1404882058810358,0.0
1345,539,dakar,hlm 5,senegal,5,1,3.24453664280423,1.0,,,,,,,,,14.72402296,-17.45998489,,,,,,
1346,232,dakar,dieuppeul 4,senegal,20,1,0.555182378668144,1.0,14.71807,-17.45718,14.7,-17.45,14.75,-17.399999999999977,14.7,-17.45,14.72094534,-17.45998489,0.0,0.0,,0.0,0.1047905545263934,0.0
1347,39,dakar,mermoz ambassade,senegal,6,2,3.18758880996791,1.0,14.68949,-17.47308,14.7,-17.45,14.75,-17.399999999999977,14.7,-17.45,14.66195934,-17.45998489,0.0,0.0,,0.0,0.1047905545263934,0.0
1348,675,mbour,tefess,senegal,15,1,1.83976217478756,1.0,14.4094197,-16.97209534,14.4,-16.95,14.450000000000003,-16.94999999999999,14.4,-16.95,14.47252629,-16.98407509,0.0,0.0,,0.0,0.20757044342676587,0.0
1349,347,thies,mbour i,senegal,7,3,1.37993009880435,0.0,14.68562239,-17.45034661,14.7,-17.45,14.75,-17.399999999999977,14.7,-17.45,14.66195934,-17.45998489,0.0,0.0,,0.0,0.1047905545263934,0.0
1350,229,dakar,dieuppeul 4,senegal,6,0,2.54783538381411,1.0,14.71807,-17.45718,14.7,-17.45,14.75,-17.399999999999977,14.7,-17.45,14.72094534,-17.45998489,0.0,0.0,,0.0,0.1047905545263934,0.0
1351,1495,matam,diamel,senegal,17,1,-0.523145416253795,0.0,15.83897387,-13.22043021,15.85,-13.2,15.85,-13.2,15.85,-13.2,15.71702669,-13.36263999,0.8,-0.17065495252609253,0.19285714285714287,52655255.40438127,0.16015655117127092,0.32330553063730366
1352,234,dakar,dieupeul4,senegal,17,0,2.35791538705243,,14.71807,-17.45718,14.7,-17.45,14.75,-17.399999999999977,14.7,-17.45,14.72094534,-17.45998489,0.0,0.0,,0.0,0.1047905545263934,0.0
1353,241,dakar,dieupeul 4,senegal,7,0,2.0197159000647,,14.71807,-17.45718,14.7,-17.45,14.75,-17.399999999999977,14.7,-17.45,14.72094534,-17.45998489,0.0,0.0,,0.0,0.1047905545263934,0.0
1354,30,dakar,ngaparou,senegal,14,2,1.96321021128523,1.0,14.46352,-17.05669,14.45,-17.05,14.5,-17.049999999999983,14.45,-17.05,14.47252629,-16.98407509,0.0,0.0,,0.0,0.19843707938592897,0.0
1355,405,guediawaye,cite des enseignants,senegal,7,1,0.0446223086228225,1.0,14.77683245,-17.40519022,14.8,-17.4,14.75,-17.399999999999977,14.8,-17.4,14.77734506,-17.39599836,0.4,0.0,-0.036206896551724155,69691.75401648635,0.1047905545263934,
1356,1235,bambeye,thierno kandji,senegal,15,1,0.540772949110017,1.0,14.6563661,-16.23464222,14.65,-16.25,14.65,-16.25,14.65,-16.25,14.66195934,-16.23192106,0.4,-0.32031071186065674,-0.036206896551724155,40611737.75569371,0.20315482194846746,0.31515939206315724
1357,1840,st-louis,sor nord,senegal,17,0,1.16062599410734,,16.03200409,-16.47188231,16.05,-16.45,16.05,-16.45,16.05,-16.45,16.0110665,-16.45109143,0.0,0.0,,0.0,0.15915969174752542,0.0
1358,1098,kaolack,ndorong,senegal,20,0,1.02010536762809,,14.08694396,-16.35938655,14.1,-16.35,14.1,-16.35,14.1,-16.35,14.0770377,-16.39672928,0.4,-0.39639490842819214,-0.036206896551724155,40611737.75569371,0.1928555006388203,-0.046086894811284834
1359,1830,st-louis,sor nord,senegal,4,1,0.790658071248296,1.0,16.03200409,-16.47188231,16.05,-16.45,16.05,-16.45,16.05,-16.45,16.0110665,-16.45109143,0.0,0.0,,0.0,0.15915969174752542,0.0
1360,845,diourbel,medinatoul,senegal,7,2,2.02360942792982,1.0,14.73727345,-16.24237956,14.75,-16.25,14.75,-16.25,14.75,-16.25,14.74391863,-16.24558632,0.6,-0.12891010443369547,-0.055263157894736854,56652732.24892815,0.21241840067868403,0.19563670137163727
1361,781,diourbel,medinatoul,senegal,20,4,2.85625596437475,1.0,14.73727345,-16.24237956,14.75,-16.25,14.75,-16.25,14.75,-16.25,14.74391863,-16.24558632,0.6,-0.12891010443369547,-0.055263157894736854,56652732.24892815,0.21241840067868403,0.19563670137163727
1362,1237,diourbel,thierno kandji,senegal,9,3,2.00511987181413,1.0,14.6563661,-16.23464222,14.65,-16.25,14.65,-16.25,14.65,-16.25,14.66195934,-16.23192106,0.4,-0.32031071186065674,-0.036206896551724155,40611737.75569371,0.20315482194846746,0.31515939206315724
1363,544,dakar,hlm 5,senegal,16,2,0.709480824884504,1.0,,,,,,,,,14.72402296,-17.45998489,,,,,,
1364,279,dakar,liberte 6,senegal,12,1,1.7388702637482,1.0,14.73104,-17.46105,14.75,-17.45,15.599999999999994,-16.599999999999966,14.75,-17.45,14.72402296,-17.45998489,0.0,0.0,,0.0,0.17583396515261224,0.0
1365,172,dakar,gilbraltar,senegal,3,3,1.46015680318152,1.0,14.68713208,-17.44338479,14.7,-17.45,14.75,-17.399999999999977,14.7,-17.45,14.66195934,-17.45998489,0.0,0.0,,0.0,0.1047905545263934,0.0
1366,1050,louga,santhiaba centre,senegal,5,0,3.44033032098857,,15.6277561,-16.22782692,15.65,-16.25,15.65,-16.25,15.65,-16.25,15.6680352,-16.23192106,1.0,-0.22147805690765382,-0.09545454545454547,31439893.328834556,0.17943069117445687,0.4266692509039231
1367,85,pikine,cite la rochette,senegal,8,2,2.07148665718864,0.0,14.75619,-17.36858,14.75,-17.35,14.75,-17.35,14.75,-17.35,14.76581033,-17.34454455,0.0,0.0,,0.0,0.14700023032453297,0.0
1368,120,dakar,castor,senegal,11,0,1.95500245365979,,14.72704,-17.4436,14.75,-17.45,15.599999999999994,-16.599999999999966,14.75,-17.45,14.72402296,-17.45998489,0.0,0.0,,0.0,0.17583396515261224,0.0
1369,829,diourbel,,senegal,3,0,1.51971114303897,,,,,,,,,,14.72402296,-17.45998489,,,,,,
1370,207,dakar,ouagou niayes 2,senegal,3,0,2.56499841554815,,14.70737,-17.449,14.7,-17.45,14.75,-17.399999999999977,14.7,-17.45,14.72094534,-17.45998489,0.0,0.0,,0.0,0.1047905545263934,0.0
1371,98,pikine,cite lobatt fall,senegal,10,1,2.52195000525214,1.0,14.74682,-17.40995,14.75,-17.4,14.75,-17.4,14.75,-17.4,14.74391863,-17.39599836,0.4,0.0,-0.036206896551724155,69691.75401648635,0.1047905545263934,0.7159638211632261
1372,3051,dakar,liberte 3,senegal,5,0,3.29241387206305,,14.71592245,-17.45517723,14.7,-17.45,14.75,-17.399999999999977,14.7,-17.45,14.72094534,-17.45998489,0.0,0.0,,0.0,0.1047905545263934,0.0
1373,1046,louga,montagne,senegal,20,1,1.76105773108702,1.0,15.62330287,-16.21748196,15.6,-16.2,15.6,-16.2,15.6,-16.2,15.6680352,-16.23192106,1.0,-0.21260757446289064,-0.09545454545454547,31439893.328834556,0.18679746179105042,0.5037426263545909
1374,1108,kaolack,ndorong,senegal,11,1,1.37064182068944,1.0,14.08694396,-16.35938655,14.1,-16.35,14.1,-16.35,14.1,-16.35,14.0770377,-16.39672928,0.4,-0.39639490842819214,-0.036206896551724155,40611737.75569371,0.1928555006388203,-0.046086894811284834
1375,310,dakar,dieupeul1,senegal,8,0,1.89418253511999,,14.71807,-17.45718,14.7,-17.45,14.75,-17.399999999999977,14.7,-17.45,14.72094534,-17.45998489,0.0,0.0,,0.0,0.1047905545263934,0.0
1376,422,guediawaye,parcelles ass u 4,senegal,7,0,1.26601646396677,,14.76143208,-17.4405089,14.75,-17.45,15.599999999999994,-16.599999999999966,14.75,-17.45,14.76581033,-17.45998489,0.0,0.0,,0.0,0.17583396515261224,0.0
1377,1271,mbacke,touba khayra,senegal,15,4,3.04115152553164,1.0,14.823157881171742,-15.90761198,14.8,-15.9,14.8,-15.9,14.8,-15.9,14.81724179,-15.88108409,0.2,-0.030669331550598145,-0.017796610169491522,88734721.23539704,0.21091337244339783,0.5545915366157987
1378,683,tiwaouane,ndiandiakhoune,senegal,20,3,1.81652639943409,1.0,,,,,,,,,14.72402296,-17.45998489,,,,,,
1379,532,dakar,hlm 5,senegal,6,0,1.44205500735307,1.0,,,,,,,,,14.72402296,-17.45998489,,,,,,
1380,92,pikine,cite la rochette,senegal,14,3,3.13236666903571,1.0,14.75619,-17.36858,14.75,-17.35,14.75,-17.35,14.75,-17.35,14.76581033,-17.34454455,0.0,0.0,,0.0,0.14700023032453297,0.0
1381,370,mbour,chateau d'eau,senegal,8,1,2.51802410228047,0.0,14.65934807,-17.43678063,14.65,-17.45,14.75,-17.349999999999966,14.65,-17.45,14.66195934,-17.45998489,0.0,0.0,,0.0,0.14700023032453297,0.0
1382,33,dakar,ngaparou,senegal,11,0,1.92930185100598,,14.46352,-17.05669,14.45,-17.05,14.5,-17.049999999999983,14.45,-17.05,14.47252629,-16.98407509,0.0,0.0,,0.0,0.19843707938592897,0.0
1383,656,dakar,hlm 4,senegal,11,0,1.77769833159114,,14.71207849,-17.44431032,14.7,-17.45,14.75,-17.399999999999977,14.7,-17.45,14.72094534,-17.45998489,0.0,0.0,,0.0,0.1047905545263934,0.0
1384,162,dakar,hlm 6 nimzat,senegal,4,0,2.65655397377436,,14.72704,-17.4436,14.75,-17.45,15.599999999999994,-16.599999999999966,14.75,-17.45,14.72402296,-17.45998489,0.0,0.0,,0.0,0.17583396515261224,0.0
1385,648,dakar,hlm 4,senegal,6,1,1.35143821322126,1.0,14.71207849,-17.44431032,14.7,-17.45,14.75,-17.399999999999977,14.7,-17.45,14.72094534,-17.45998489,0.0,0.0,,0.0,0.1047905545263934,0.0
1386,650,dakar,hlm 4,senegal,8,3,3.16688050711834,1.0,14.71207849,-17.44431032,14.7,-17.45,14.75,-17.399999999999977,14.7,-17.45,14.72094534,-17.45998489,0.0,0.0,,0.0,0.1047905545263934,0.0
1387,271,dakar,sacre coeur 3,senegal,12,0,2.40805433957949,,14.72046,-17.46744,14.7,-17.45,14.75,-17.399999999999977,14.7,-17.45,14.72094534,-17.45998489,0.0,0.0,,0.0,0.1047905545263934,0.0
1388,3071,dakar,sacre coeur 3,senegal,6,0,3.21865126424227,1.0,14.72046,-17.46744,14.7,-17.45,14.75,-17.399999999999977,14.7,-17.45,14.72094534,-17.45998489,0.0,0.0,,0.0,0.1047905545263934,0.0
1389,264,dakar,sacre coeur 3,senegal,5,1,3.17982319639932,1.0,14.72046,-17.46744,14.7,-17.45,14.75,-17.399999999999977,14.7,-17.45,14.72094534,-17.45998489,0.0,0.0,,0.0,0.1047905545263934,0.0
1390,1295,mbacke,mbacke khewar,senegal,11,2,2.4562798255879,1.0,14.80411689,-15.91020024,14.8,-15.9,14.8,-15.9,14.8,-15.9,14.81724179,-15.88108409,0.2,-0.030669331550598145,-0.017796610169491522,88734721.23539704,0.21091337244339783,0.5545915366157987
1391,645,dakar,hlm 4,senegal,9,3,2.56499841554815,1.0,14.71207849,-17.44431032,14.7,-17.45,14.75,-17.399999999999977,14.7,-17.45,14.72094534,-17.45998489,0.0,0.0,,0.0,0.1047905545263934,0.0
1392,653,dakar,hlm 4,senegal,14,1,3.01156823574654,1.0,14.71207849,-17.44431032,14.7,-17.45,14.75,-17.399999999999977,14.7,-17.45,14.72094534,-17.45998489,0.0,0.0,,0.0,0.1047905545263934,0.0
1393,261,dakar,sacre coeur 3,senegal,1,0,3.51243958983976,,14.72046,-17.46744,14.7,-17.45,14.75,-17.399999999999977,14.7,-17.45,14.72094534,-17.45998489,0.0,0.0,,0.0,0.1047905545263934,0.0
1394,272,dakar,sacre coeur 3,senegal,14,1,1.28674273598127,1.0,14.72046,-17.46744,14.7,-17.45,14.75,-17.399999999999977,14.7,-17.45,14.72094534,-17.45998489,0.0,0.0,,0.0,0.1047905545263934,0.0
1395,655,dakar,hlm 4,senegal,3,0,2.08832287433474,,14.71207849,-17.44431032,14.7,-17.45,14.75,-17.399999999999977,14.7,-17.45,14.72094534,-17.45998489,0.0,0.0,,0.0,0.1047905545263934,0.0
1396,828,diourbel,medinatoul,senegal,10,0,1.33851349310521,,14.73727345,-16.24237956,14.75,-16.25,14.75,-16.25,14.75,-16.25,14.74391863,-16.24558632,0.6,-0.12891010443369547,-0.055263157894736854,56652732.24892815,0.21241840067868403,0.19563670137163727
1397,581,pikine,cite icotaf,senegal,20,1,2.14316924397562,0.0,14.7155408,-17.26173081,14.7,-17.25,14.75,-17.24999999999997,14.7,-17.25,14.72094534,-17.22764196,0.4,0.0,-0.036206896551724155,108414.2033981107,0.2075499964908114,
1398,349,thies,mbour i,senegal,8,7,2.13361156573735,1.0,14.68562239,-17.45034661,14.7,-17.45,14.75,-17.399999999999977,14.7,-17.45,14.66195934,-17.45998489,0.0,0.0,,0.0,0.1047905545263934,0.0
1399,902,bambeye,leona sud,senegal,13,2,0.790948596492777,1.0,14.69755622,-16.45053577,14.7,-16.45,14.7,-16.45,14.7,-16.45,14.72094534,-16.45109143,0.6,-0.1686855951944987,-0.055263157894736854,56652732.24892815,0.21031591529079613,0.05209527572712604
1400,465,guediawaye,hlm las palmas,senegal,9,2,0.531233285671668,0.0,14.77009217,-17.40633211,14.75,-17.4,14.75,-17.4,14.75,-17.4,14.77252754,-17.39599836,0.4,0.0,-0.036206896551724155,69691.75401648635,0.1047905545263934,0.7159638211632261
1401,511,dakar,liberte 1,senegal,5,1,2.68373362126443,1.0,14.71053471,-17.46092585,14.7,-17.45,14.75,-17.399999999999977,14.7,-17.45,14.72094534,-17.45998489,0.0,0.0,,0.0,0.1047905545263934,0.0
1402,16,dakar,grand medine,senegal,20,5,3.13502157965745,1.0,14.74795,-17.44715,14.75,-17.45,15.599999999999994,-16.599999999999966,14.75,-17.45,14.74391863,-17.45998489,0.0,0.0,,0.0,0.17583396515261224,0.0
1403,201,dakar,ouagou niayes 2,senegal,7,0,2.0197159000647,,14.70737,-17.449,14.7,-17.45,14.75,-17.399999999999977,14.7,-17.45,14.72094534,-17.45998489,0.0,0.0,,0.0,0.1047905545263934,0.0
1404,1035,louga,montagne,senegal,20,6,1.81652639943409,1.0,15.62330287,-16.21748196,15.6,-16.2,15.6,-16.2,15.6,-16.2,15.6680352,-16.23192106,1.0,-0.21260757446289064,-0.09545454545454547,31439893.328834556,0.18679746179105042,0.5037426263545909
1405,980,louga,keur serigne louga,senegal,12,1,1.89418253511999,0.0,15.60644218,-16.23380986,15.6,-16.25,15.6,-16.25,15.6,-16.25,15.6680352,-16.23192106,1.0,-0.22567317485809327,-0.09545454545454547,31439893.328834556,0.18382095623999536,0.4819329187522632
1406,1284,mbacke,mbacke khewar,senegal,8,2,1.95630744366871,1.0,14.80411689,-15.91020024,14.8,-15.9,14.8,-15.9,14.8,-15.9,14.81724179,-15.88108409,0.2,-0.030669331550598145,-0.017796610169491522,88734721.23539704,0.21091337244339783,0.5545915366157987
1407,407,guediawaye,cite des enseignants,senegal,7,0,1.98736989794307,,14.77683245,-17.40519022,14.8,-17.4,14.75,-17.399999999999977,14.8,-17.4,14.77734506,-17.39599836,0.4,0.0,-0.036206896551724155,69691.75401648635,0.1047905545263934,
1408,413,guediawaye,cite des enseignants,senegal,7,4,2.56336661095129,1.0,14.77683245,-17.40519022,14.8,-17.4,14.75,-17.399999999999977,14.8,-17.4,14.77734506,-17.39599836,0.4,0.0,-0.036206896551724155,69691.75401648635,0.1047905545263934,
1409,665,mbour,tefess,senegal,25,1,1.90612963291782,1.0,14.4094197,-16.97209534,14.4,-16.95,14.450000000000003,-16.94999999999999,14.4,-16.95,14.47252629,-16.98407509,0.0,0.0,,0.0,0.20757044342676587,0.0
1410,3022,dakar,dieuppeul 1,senegal,11,0,2.35369504459936,,14.71807,-17.45718,14.7,-17.45,14.75,-17.399999999999977,14.7,-17.45,14.72094534,-17.45998489,0.0,0.0,,0.0,0.1047905545263934,0.0
1411,446,dakar,arafat,senegal,11,2,0.954786198015821,0.0,14.71105977,-17.4688686,14.7,-17.45,14.75,-17.399999999999977,14.7,-17.45,14.72094534,-17.45998489,0.0,0.0,,0.0,0.1047905545263934,0.0
1412,4057,dakar,liberte 3,senegal,7,0,3.1927658856803,,14.71592245,-17.45517723,14.7,-17.45,14.75,-17.399999999999977,14.7,-17.45,14.72094534,-17.45998489,0.0,0.0,,0.0,0.1047905545263934,0.0
1413,901,bambeye,leona sud,senegal,9,1,1.92524498939435,1.0,14.69755622,-16.45053577,14.7,-16.45,14.7,-16.45,14.7,-16.45,14.72094534,-16.45109143,0.6,-0.1686855951944987,-0.055263157894736854,56652732.24892815,0.21031591529079613,0.05209527572712604
1414,3010,dakar,liberte 3,senegal,4,0,2.80279564156865,1.0,14.71592245,-17.45517723,14.7,-17.45,14.75,-17.399999999999977,14.7,-17.45,14.72094534,-17.45998489,0.0,0.0,,0.0,0.1047905545263934,0.0
1415,580,pikine,cite icotaf,senegal,8,0,1.28931330467254,,14.7155408,-17.26173081,14.7,-17.25,14.75,-17.24999999999997,14.7,-17.25,14.72094534,-17.22764196,0.4,0.0,-0.036206896551724155,108414.2033981107,0.2075499964908114,
1416,538,dakar,hlm 5,senegal,8,1,1.89418253511999,1.0,,,,,,,,,14.72402296,-17.45998489,,,,,,
1417,4029,dakar,castor,senegal,8,4,1.89418253511999,1.0,14.72704,-17.4436,14.75,-17.45,15.599999999999994,-16.599999999999966,14.75,-17.45,14.72402296,-17.45998489,0.0,0.0,,0.0,0.17583396515261224,0.0
1418,131,dakar,castor,senegal,12,1,2.11586159186629,1.0,14.72704,-17.4436,14.75,-17.45,15.599999999999994,-16.599999999999966,14.75,-17.45,14.72402296,-17.45998489,0.0,0.0,,0.0,0.17583396515261224,0.0
1419,119,dakar,castor,senegal,3,0,1.67378440015606,,14.72704,-17.4436,14.75,-17.45,15.599999999999994,-16.599999999999966,14.75,-17.45,14.72402296,-17.45998489,0.0,0.0,,0.0,0.17583396515261224,0.0
1420,1031,louga,montagne,senegal,9,0,1.24918024682067,,15.62330287,-16.21748196,15.6,-16.2,15.6,-16.2,15.6,-16.2,15.6680352,-16.23192106,1.0,-0.21260757446289064,-0.09545454545454547,31439893.328834556,0.18679746179105042,0.5037426263545909
1421,1043,louga,montagne,senegal,10,0,2.3963448538743,,15.62330287,-16.21748196,15.6,-16.2,15.6,-16.2,15.6,-16.2,15.6680352,-16.23192106,1.0,-0.21260757446289064,-0.09545454545454547,31439893.328834556,0.18679746179105042,0.5037426263545909
1422,436,guediawaye,parcelles ass u 4,senegal,14,2,1.96321021128523,1.0,14.76143208,-17.4405089,14.75,-17.45,15.599999999999994,-16.599999999999966,14.75,-17.45,14.76581033,-17.45998489,0.0,0.0,,0.0,0.17583396515261224,0.0
1423,952,louga,nianguene ndiagne,senegal,2,1,0.965410421441766,1.0,15.60326241,-16.16011688,15.6,-16.15,15.6,-16.15,15.6,-16.15,15.6680352,-16.18754008,1.0,-0.25725340843200684,-0.09545454545454547,36149875.23038695,0.18879058913015065,0.5827442118191232
1424,1053,louga,santhiaba centre,senegal,8,0,1.89418253511999,,15.6277561,-16.22782692,15.65,-16.25,15.65,-16.25,15.65,-16.25,15.6680352,-16.23192106,1.0,-0.22147805690765382,-0.09545454545454547,31439893.328834556,0.17943069117445687,0.4266692509039231
1425,335,dakar,zone b batiment,senegal,4,1,2.6254915195,1.0,14.69727437,-17.45416872,14.7,-17.45,14.75,-17.399999999999977,14.7,-17.45,14.72094534,-17.45998489,0.0,0.0,,0.0,0.1047905545263934,0.0
1426,3054,dakar,sacre coeur 3,senegal,4,1,2.06627720636969,0.0,14.72046,-17.46744,14.7,-17.45,14.75,-17.399999999999977,14.7,-17.45,14.72094534,-17.45998489,0.0,0.0,,0.0,0.1047905545263934,0.0
1427,3020,dakar,dieuppeul 1,senegal,6,3,1.54170299373582,1.0,14.71807,-17.45718,14.7,-17.45,14.75,-17.399999999999977,14.7,-17.45,14.72094534,-17.45998489,0.0,0.0,,0.0,0.1047905545263934,0.0
1428,734,gossas,keur el hadji,senegal,14,2,1.42532153194221,1.0,14.49623916,-16.0640894,14.5,-16.05,14.5,-16.05,14.5,-16.05,14.50274052,-16.09656209,0.4,-0.4366685152053833,-0.036206896551724155,40611737.75569371,0.20658793774428785,0.3662766276201639
1429,1570,matam,mango,senegal,20,1,-1.16393514661561,1.0,15.60094582,-13.322622,15.6,-13.3,15.6,-13.3,15.6,-13.3,15.6680352,-13.36263999,0.4,-0.28786253929138184,0.48103448275862065,45684180.71793652,0.15144391499366563,0.01543036411523599
1430,498,dakar,pa unite 11,senegal,14,0,1.3203757589469,,14.75896766,-17.43245729,14.75,-17.45,15.599999999999994,-16.599999999999966,14.75,-17.45,14.76581033,-17.45998489,0.0,0.0,,0.0,0.17583396515261224,0.0
1431,60,pikine,ousmane faye 05,senegal,11,0,1.86312008084563,,14.8268,-17.27016,14.85,-17.25,14.75,-17.24999999999997,14.85,-17.25,14.81724179,-17.22764196,0.4,0.0,-0.036206896551724155,108414.2033981107,0.2075499964908114,
1432,1037,louga,montagne,senegal,4,1,2.65655397377436,1.0,15.62330287,-16.21748196,15.6,-16.2,15.6,-16.2,15.6,-16.2,15.6680352,-16.23192106,1.0,-0.21260757446289064,-0.09545454545454547,31439893.328834556,0.18679746179105042,0.5037426263545909
1433,533,dakar,hlm 5,senegal,5,1,2.64265455123405,0.0,,,,,,,,,14.72402296,-17.45998489,,,,,,
1434,596,dakar,hlm 4,senegal,6,1,2.54783538381411,1.0,14.71207849,-17.44431032,14.7,-17.45,14.75,-17.399999999999977,14.7,-17.45,14.72094534,-17.45998489,0.0,0.0,,0.0,0.1047905545263934,0.0
1435,296,dakar,dieuppeul 3,senegal,4,1,2.66298222222748,1.0,14.71807,-17.45718,14.7,-17.45,14.75,-17.399999999999977,14.7,-17.45,14.72094534,-17.45998489,0.0,0.0,,0.0,0.1047905545263934,0.0
1436,301,dakar,dieupeul,senegal,18,1,2.3814293787729,1.0,14.71807,-17.45718,14.7,-17.45,14.75,-17.399999999999977,14.7,-17.45,14.72094534,-17.45998489,0.0,0.0,,0.0,0.1047905545263934,0.0
1437,4030,dakar,liberte 6,senegal,15,0,3.21865126424227,,14.73104,-17.46105,14.75,-17.45,15.599999999999994,-16.599999999999966,14.75,-17.45,14.72402296,-17.45998489,0.0,0.0,,0.0,0.17583396515261224,0.0
1438,308,dakar,dieuppeul 1,senegal,5,0,1.99383052150274,,14.71807,-17.45718,14.7,-17.45,14.75,-17.399999999999977,14.7,-17.45,14.72094534,-17.45998489,0.0,0.0,,0.0,0.1047905545263934,0.0
1439,291,dakar,dieuppeul 1,senegal,4,1,2.07148665718864,1.0,14.71807,-17.45718,14.7,-17.45,14.75,-17.399999999999977,14.7,-17.45,14.72094534,-17.45998489,0.0,0.0,,0.0,0.1047905545263934,0.0
1440,528,dakar,liberte i,senegal,4,1,1.9834439949714,0.0,14.71053471,-17.46092585,14.7,-17.45,14.75,-17.399999999999977,14.7,-17.45,14.72094534,-17.45998489,0.0,0.0,,0.0,0.1047905545263934,0.0
1441,989,louga,artillerie,senegal,11,0,2.47799378616384,,15.62705619,-16.2230668,15.65,-16.2,15.65,-16.2,15.65,-16.2,15.6680352,-16.23192106,1.0,-0.20137252807617187,-0.09545454545454547,31439893.328834556,0.18265390029051903,0.4195682598965685
1442,1932,podor,nanaye,senegal,19,1,0.816310143790125,1.0,16.24874342,-14.10811085,16.25,-14.1,16.25,-14.1,16.25,-14.1,16.42033799,-14.01712506,0.8,-0.1521018147468567,-0.07499999999999998,67380541.52758224,0.15275634748350336,0.6490141175309769
1443,1057,louga,santhiaba coutre,senegal,22,0,1.71668279640937,,,,,,,,,,14.72402296,-17.45998489,,,,,,
1444,4021,dakar,dieupeul 1,senegal,7,4,3.1927658856803,1.0,14.71807,-17.45718,14.7,-17.45,14.75,-17.399999999999977,14.7,-17.45,14.72094534,-17.45998489,0.0,0.0,,0.0,0.1047905545263934,0.0
1445,931,kebemer,medina,senegal,12,1,0.743998414082542,0.0,,,,,,,,,14.72402296,-17.45998489,,,,,,
1446,1828,st-louis,pikine,senegal,6,5,1.97183867080589,0.0,16.11042196,-16.49496496,16.1,-16.5,16.1,-16.5,16.1,-16.5,16.0110665,-16.49789432,0.0,0.0,,0.0,0.1404882058810358,0.0
1447,1297,mbacke,mbacke khewar,senegal,7,2,2.61676917267208,1.0,14.80411689,-15.91020024,14.8,-15.9,14.8,-15.9,14.8,-15.9,14.81724179,-15.88108409,0.2,-0.030669331550598145,-0.017796610169491522,88734721.23539704,0.21091337244339783,0.5545915366157987
1448,1231,diourbel,thierno kandji,senegal,15,1,2.46515481252343,1.0,14.6563661,-16.23464222,14.65,-16.25,14.65,-16.25,14.65,-16.25,14.66195934,-16.23192106,0.4,-0.32031071186065674,-0.036206896551724155,40611737.75569371,0.20315482194846746,0.31515939206315724
1449,1100,kaolack,ndorong,senegal,12,5,1.24021503032395,0.0,14.08694396,-16.35938655,14.1,-16.35,14.1,-16.35,14.1,-16.35,14.0770377,-16.39672928,0.4,-0.39639490842819214,-0.036206896551724155,40611737.75569371,0.1928555006388203,-0.046086894811284834
1450,490,mbour,darou salam,senegal,8,4,1.44205500735307,1.0,15.44284137,-14.05528102,15.45,-14.05,15.45,-14.05,15.45,-14.05,15.38130032,-14.01712506,0.4,-0.21544945240020752,-0.03620689655172412,47665098.4684764,0.19054119811583461,0.6258698845293006
1451,313,dakar,liberte 3,senegal,7,0,3.15652635569355,1.0,14.71592245,-17.45517723,14.7,-17.45,14.75,-17.399999999999977,14.7,-17.45,14.72094534,-17.45998489,0.0,0.0,,0.0,0.1047905545263934,0.0
1452,3036,dakar,liberte 6,senegal,6,1,3.2408387315811,1.0,14.73104,-17.46105,14.75,-17.45,15.599999999999994,-16.599999999999966,14.75,-17.45,14.72402296,-17.45998489,0.0,0.0,,0.0,0.17583396515261224,0.0
1453,337,dakar,zone b batiment,senegal,8,0,1.92486435753821,,14.69727437,-17.45416872,14.7,-17.45,14.75,-17.399999999999977,14.7,-17.45,14.72094534,-17.45998489,0.0,0.0,,0.0,0.1047905545263934,0.0
1454,227,dakar,dieuppeul 4,senegal,8,0,1.34886764452999,,14.71807,-17.45718,14.7,-17.45,14.75,-17.399999999999977,14.7,-17.45,14.72094534,-17.45998489,0.0,0.0,,0.0,0.1047905545263934,0.0
1455,424,guediawaye,parcelles ass u 4,senegal,1,0,-0.257134233386167,,14.76143208,-17.4405089,14.75,-17.45,15.599999999999994,-16.599999999999966,14.75,-17.45,14.76581033,-17.45998489,0.0,0.0,,0.0,0.17583396515261224,0.0
1456,127,dakar,castor,senegal,10,2,1.89418253511999,1.0,14.72704,-17.4436,14.75,-17.45,15.599999999999994,-16.599999999999966,14.75,-17.45,14.72402296,-17.45998489,0.0,0.0,,0.0,0.17583396515261224,0.0
1457,470,guediawaye,hlm las palmas,senegal,12,2,2.47017924812821,1.0,14.77009217,-17.40633211,14.75,-17.4,14.75,-17.4,14.75,-17.4,14.77252754,-17.39599836,0.4,0.0,-0.036206896551724155,69691.75401648635,0.1047905545263934,0.7159638211632261
1458,461,guediawaye,hlm las palmas,senegal,13,1,1.80099517229691,1.0,14.77009217,-17.40633211,14.75,-17.4,14.75,-17.4,14.75,-17.4,14.77252754,-17.39599836,0.4,0.0,-0.036206896551724155,69691.75401648635,0.1047905545263934,0.7159638211632261
1459,968,louga,keur serigne louga,senegal,4,1,2.04949480649179,1.0,15.60644218,-16.23380986,15.6,-16.25,15.6,-16.25,15.6,-16.25,15.6680352,-16.23192106,1.0,-0.22567317485809327,-0.09545454545454547,31439893.328834556,0.18382095623999536,0.4819329187522632
1460,3040,dakar,liberte 6,senegal,5,1,3.24453664280423,1.0,14.73104,-17.46105,14.75,-17.45,15.599999999999994,-16.599999999999966,14.75,-17.45,14.72402296,-17.45998489,0.0,0.0,,0.0,0.17583396515261224,0.0
1461,1691,ziguinchor,diefaye,senegal,11,1,1.96091858809411,0.0,12.57853941,-16.25514132,12.6,-16.25,12.6,-16.25,12.6,-16.25,12.56804369,-16.24558632,0.6,-0.4940914710362752,-0.055263157894736854,27409102.90320934,0.14540575872282602,-0.5067443792794513
1462,169,dakar,hlm 6 nimzat,senegal,14,0,1.76993271802256,,14.72704,-17.4436,14.75,-17.45,15.599999999999994,-16.599999999999966,14.75,-17.45,14.72402296,-17.45998489,0.0,0.0,,0.0,0.17583396515261224,0.0
1463,1846,st-louis,sor nord,senegal,9,1,1.97183867080589,1.0,16.03200409,-16.47188231,16.05,-16.45,16.05,-16.45,16.05,-16.45,16.0110665,-16.45109143,0.0,0.0,,0.0,0.15915969174752542,0.0
1464,240,dakar,dieuppeul 4,senegal,9,1,1.85535446727704,1.0,14.71807,-17.45718,14.7,-17.45,14.75,-17.399999999999977,14.7,-17.45,14.72094534,-17.45998489,0.0,0.0,,0.0,0.1047905545263934,0.0
1465,3050,dakar,sacre coeur 3,senegal,8,0,3.06333899287047,1.0,14.72046,-17.46744,14.7,-17.45,14.75,-17.399999999999977,14.7,-17.45,14.72094534,-17.45998489,0.0,0.0,,0.0,0.1047905545263934,0.0
1466,3002,dakar,sacre coeur 1,senegal,4,0,2.22679892856043,,14.7166,-17.4627,14.7,-17.45,14.75,-17.399999999999977,14.7,-17.45,14.72094534,-17.45998489,0.0,0.0,,0.0,0.1047905545263934,0.0
1467,217,dakar,sacre coeur 1,senegal,4,1,3.21865126424227,0.0,14.7166,-17.4627,14.7,-17.45,14.75,-17.399999999999977,14.7,-17.45,14.72094534,-17.45998489,0.0,0.0,,0.0,0.1047905545263934,0.0
1468,3069,dakar,dieuppeul 1,senegal,15,2,2.39252311244231,0.0,14.71807,-17.45718,14.7,-17.45,14.75,-17.399999999999977,14.7,-17.45,14.72094534,-17.45998489,0.0,0.0,,0.0,0.1047905545263934,0.0
1469,592,dakar,hlm 4,senegal,14,0,1.84241177799606,,14.71207849,-17.44431032,14.7,-17.45,14.75,-17.399999999999977,14.7,-17.45,14.72094534,-17.45998489,0.0,0.0,,0.0,0.1047905545263934,0.0
1470,864,diourbel,medinatoul,senegal,9,4,1.47318343738164,1.0,14.73727345,-16.24237956,14.75,-16.25,14.75,-16.25,14.75,-16.25,14.74391863,-16.24558632,0.6,-0.12891010443369547,-0.055263157894736854,56652732.24892815,0.21241840067868403,0.19563670137163727
1471,514,dakar,liberte 1,senegal,6,0,2.54783538381411,,14.71053471,-17.46092585,14.7,-17.45,14.75,-17.399999999999977,14.7,-17.45,14.72094534,-17.45998489,0.0,0.0,,0.0,0.1047905545263934,0.0
1472,666,mbour,tefess,senegal,13,1,1.80099517229691,0.0,14.4094197,-16.97209534,14.4,-16.95,14.450000000000003,-16.94999999999999,14.4,-16.95,14.47252629,-16.98407509,0.0,0.0,,0.0,0.20757044342676587,0.0
1473,423,guediawaye,parcelles ass u 4,senegal,8,1,2.72677131047962,1.0,14.76143208,-17.4405089,14.75,-17.45,15.599999999999994,-16.599999999999966,14.75,-17.45,14.76581033,-17.45998489,0.0,0.0,,0.0,0.17583396515261224,0.0
1474,652,dakar,hlm 4,senegal,4,0,2.04949480649179,,14.71207849,-17.44431032,14.7,-17.45,14.75,-17.399999999999977,14.7,-17.45,14.72094534,-17.45998489,0.0,0.0,,0.0,0.1047905545263934,0.0
1475,160,dakar,hlm 6 nimzat,senegal,19,0,1.78324519842585,,14.72704,-17.4436,14.75,-17.45,15.599999999999994,-16.599999999999966,14.75,-17.45,14.72402296,-17.45998489,0.0,0.0,,0.0,0.17583396515261224,0.0
1476,693,tiwaouane,ndiandiakhoune,senegal,19,0,2.95240165617633,,,,,,,,,,14.72402296,-17.45998489,,,,,,
1477,3078,dakar,sacre coeur,senegal,5,0,3.29241387206305,,14.71855,-17.45385,14.7,-17.45,14.75,-17.399999999999977,14.7,-17.45,14.72094534,-17.45998489,0.0,0.0,,0.0,0.1047905545263934,0.0
1478,963,louga,ndiagne,senegal,19,9,1.42374994292884,1.0,15.51803969,-16.05754713,15.5,-16.05,15.5,-16.05,15.5,-16.05,15.38130032,-16.02810215,1.2,-0.1838888923327128,-0.1166666666666667,30431244.908496004,0.19544063384303087,0.45986994154273503
1479,1927,podor,nanaye,senegal,16,8,1.36210724847605,1.0,16.24874342,-14.10811085,16.25,-14.1,16.25,-14.1,16.25,-14.1,16.42033799,-14.01712506,0.8,-0.1521018147468567,-0.07499999999999998,67380541.52758224,0.15275634748350336,0.6490141175309769
1480,246,dakar,gueule tapee,senegal,13,4,2.52842134989263,1.0,14.68287,-17.45728,14.7,-17.45,14.75,-17.399999999999977,14.7,-17.45,14.66195934,-17.45998489,0.0,0.0,,0.0,0.1047905545263934,0.0
1481,122,dakar,castor,senegal,5,0,2.01066673864884,,14.72704,-17.4436,14.75,-17.45,15.599999999999994,-16.599999999999966,14.75,-17.45,14.72402296,-17.45998489,0.0,0.0,,0.0,0.17583396515261224,0.0
1482,582,pikine,cite icotaf,senegal,15,4,1.87199506778116,1.0,14.7155408,-17.26173081,14.7,-17.25,14.75,-17.24999999999997,14.7,-17.25,14.72094534,-17.22764196,0.4,0.0,-0.036206896551724155,108414.2033981107,0.2075499964908114,
1483,235,dakar,dieuppeul 4,senegal,6,1,2.61121146510355,0.0,14.71807,-17.45718,14.7,-17.45,14.75,-17.399999999999977,14.7,-17.45,14.72094534,-17.45998489,0.0,0.0,,0.0,0.1047905545263934,0.0
1484,643,dakar,hlm 4,senegal,5,0,1.47709228906614,,14.71207849,-17.44431032,14.7,-17.45,14.75,-17.399999999999977,14.7,-17.45,14.72094534,-17.45998489,0.0,0.0,,0.0,0.1047905545263934,0.0
1485,417,guediawaye,parcelles ass u 4,senegal,11,0,1.39425907766785,,14.76143208,-17.4405089,14.75,-17.45,15.599999999999994,-16.599999999999966,14.75,-17.45,14.76581033,-17.45998489,0.0,0.0,,0.0,0.17583396515261224,0.0
1486,444,dakar,arafat,senegal,17,1,1.22357006968381,1.0,14.71105977,-17.4688686,14.7,-17.45,14.75,-17.399999999999977,14.7,-17.45,14.72094534,-17.45998489,0.0,0.0,,0.0,0.1047905545263934,0.0
1487,513,dakar,liberte 1,senegal,7,1,3.1927658856803,1.0,14.71053471,-17.46092585,14.7,-17.45,14.75,-17.399999999999977,14.7,-17.45,14.72094534,-17.45998489,0.0,0.0,,0.0,0.1047905545263934,0.0
1488,771,diourbel,medinatoul,senegal,12,2,1.35299696249364,1.0,14.73727345,-16.24237956,14.75,-16.25,14.75,-16.25,14.75,-16.25,14.74391863,-16.24558632,0.6,-0.12891010443369547,-0.055263157894736854,56652732.24892815,0.21241840067868403,0.19563670137163727
1489,649,dakar,hlm 4,senegal,10,1,1.68709950662426,1.0,14.71207849,-17.44431032,14.7,-17.45,14.75,-17.399999999999977,14.7,-17.45,14.72094534,-17.45998489,0.0,0.0,,0.0,0.1047905545263934,0.0
1490,297,dakar,dieupeul 1,senegal,6,1,1.86273944898949,0.0,14.71807,-17.45718,14.7,-17.45,14.75,-17.399999999999977,14.7,-17.45,14.72094534,-17.45998489,0.0,0.0,,0.0,0.1047905545263934,0.0
1491,35,dakar,ngaparou,senegal,11,1,1.92006791368196,1.0,14.46352,-17.05669,14.45,-17.05,14.5,-17.049999999999983,14.45,-17.05,14.47252629,-16.98407509,0.0,0.0,,0.0,0.19843707938592897,0.0
1492,121,dakar,castor,senegal,7,0,2.0462865200804,,14.72704,-17.4436,14.75,-17.45,15.599999999999994,-16.599999999999966,14.75,-17.45,14.72402296,-17.45998489,0.0,0.0,,0.0,0.17583396515261224,0.0
1493,976,louga,keur serigne louga,senegal,13,3,1.95242463688441,1.0,15.60644218,-16.23380986,15.6,-16.25,15.6,-16.25,15.6,-16.25,15.6680352,-16.23192106,1.0,-0.22567317485809327,-0.09545454545454547,31439893.328834556,0.18382095623999536,0.4819329187522632
1494,1256,mbacke,darou khoudoss,senegal,9,0,1.9109649349979,,14.8653417,-15.87905597,14.85,-15.9,14.85,-15.9,14.85,-15.9,14.85551526,-15.88108409,0.2,-0.06695318222045898,-0.017796610169491522,88734721.23539704,0.19541316933321964,0.4296550142673737
1495,159,dakar,hlm 6 nimzat,senegal,6,0,1.54957134903964,1.0,14.72704,-17.4436,14.75,-17.45,15.599999999999994,-16.599999999999966,14.75,-17.45,14.72402296,-17.45998489,0.0,0.0,,0.0,0.17583396515261224,0.0
1496,1538,kanel,yirla,senegal,17,2,0.490892435964709,1.0,15.60553632,-13.18272101,15.6,-13.2,15.6,-13.2,15.6,-13.2,15.6680352,-13.36263999,0.8,-0.1700524091720581,0.1928571428571428,26065860.66616341,0.14886990226419286,0.05713420509071172
1497,299,dakar,dieupeul,senegal,10,0,1.89418253511999,,14.71807,-17.45718,14.7,-17.45,14.75,-17.399999999999977,14.7,-17.45,14.72094534,-17.45998489,0.0,0.0,,0.0,0.1047905545263934,0.0
1498,505,dakar,pa unite 11,senegal,11,1,2.60814071315143,1.0,14.75896766,-17.43245729,14.75,-17.45,15.599999999999994,-16.599999999999966,14.75,-17.45,14.76581033,-17.45998489,0.0,0.0,,0.0,0.17583396515261224,0.0
1499,451,dakar,arafat,senegal,29,2,1.73847166272712,1.0,14.71105977,-17.4688686,14.7,-17.45,14.75,-17.399999999999977,14.7,-17.45,14.72094534,-17.45998489,0.0,0.0,,0.0,0.1047905545263934,0.0
1500,3031,dakar,castor 1,senegal,15,2,2.39252311244231,1.0,14.72684161,-17.44623836,14.75,-17.45,15.599999999999994,-16.599999999999966,14.75,-17.45,14.72402296,-17.45998489,0.0,0.0,,0.0,0.17583396515261224,0.0
1501,564,pikine,samba niang,senegal,5,1,0.841315094869265,1.0,14.80972717,-15.90288816,14.8,-15.9,14.8,-15.9,14.8,-15.9,14.81724179,-15.88108409,0.2,-0.030669331550598145,-0.017796610169491522,88734721.23539704,0.21091337244339783,0.5545915366157987
1502,212,dakar,sacre coeur 1,senegal,6,0,2.59442906522564,,14.7166,-17.4627,14.7,-17.45,14.75,-17.399999999999977,14.7,-17.45,14.72094534,-17.45998489,0.0,0.0,,0.0,0.1047905545263934,0.0
1503,661,mbour,tefess,senegal,16,1,0.916563853380231,1.0,14.4094197,-16.97209534,14.4,-16.95,14.450000000000003,-16.94999999999999,14.4,-16.95,14.47252629,-16.98407509,0.0,0.0,,0.0,0.20757044342676587,0.0
1504,1299,mbacke,ndiobene,senegal,20,2,2.48734227986226,1.0,14.90105469,-15.88899932,14.9,-15.9,14.9,-15.9,14.9,-15.9,14.85551526,-15.88108409,0.2,-0.08189427852630615,-0.017796610169491522,88734721.23539704,0.19760650366240864,0.3011360268655398
1505,218,dakar,sacre coeur 1,senegal,6,1,2.12556806204786,1.0,14.7166,-17.4627,14.7,-17.45,14.75,-17.399999999999977,14.7,-17.45,14.72094534,-17.45998489,0.0,0.0,,0.0,0.1047905545263934,0.0
1506,208,dakar,sacre coeur 1,senegal,7,0,2.14647977988941,,14.7166,-17.4627,14.7,-17.45,14.75,-17.399999999999977,14.7,-17.45,14.72094534,-17.45998489,0.0,0.0,,0.0,0.1047905545263934,0.0
1507,222,dakar,sacre coeur 1,senegal,6,1,1.60795722024818,1.0,14.7166,-17.4627,14.7,-17.45,14.75,-17.399999999999977,14.7,-17.45,14.72094534,-17.45998489,0.0,0.0,,0.0,0.1047905545263934,0.0
1508,3076,dakar,sacre coeur 1,senegal,3,0,2.85878674114564,,14.7166,-17.4627,14.7,-17.45,14.75,-17.399999999999977,14.7,-17.45,14.72094534,-17.45998489,0.0,0.0,,0.0,0.1047905545263934,0.0
1509,213,dakar,sacre coeur 1,senegal,1,0,3.49949690055878,,14.7166,-17.4627,14.7,-17.45,14.75,-17.399999999999977,14.7,-17.45,14.72094534,-17.45998489,0.0,0.0,,0.0,0.1047905545263934,0.0
1510,400,guediawaye,cite des enseignants,senegal,4,0,2.6254915195,,14.77683245,-17.40519022,14.8,-17.4,14.75,-17.399999999999977,14.8,-17.4,14.77734506,-17.39599836,0.4,0.0,-0.036206896551724155,69691.75401648635,0.1047905545263934,
1511,691,tiwaouane,ndiantakhoune,senegal,6,1,1.95599278756678,1.0,14.95366585,-16.81168094,14.95,-16.8,14.95,-16.8,14.95,-16.8,15.03429087,-16.79291761,0.8,-0.2366732954978943,-0.075,43538475.11259475,0.18710302971744586,0.27134429912987645
1512,138,thies,hersent,senegal,7,6,2.77691026300668,0.0,14.77685,-16.90942,14.8,-16.9,14.8,-16.9,14.8,-16.9,14.77734506,-16.92877566,0.6,-0.19322280089060465,-0.055263157894736833,49588632.547858596,0.1991877948177714,0.1308559818970757
1513,1008,louga,keur serigne louga,senegal,6,0,2.01843235221743,,15.60644218,-16.23380986,15.6,-16.25,15.6,-16.25,15.6,-16.25,15.6680352,-16.23192106,1.0,-0.22567317485809327,-0.09545454545454547,31439893.328834556,0.18382095623999536,0.4819329187522632
1514,352,thies,mbour i,senegal,11,0,1.32425856573119,,14.68562239,-17.45034661,14.7,-17.45,14.75,-17.399999999999977,14.7,-17.45,14.66195934,-17.45998489,0.0,0.0,,0.0,0.1047905545263934,0.0
1515,1055,louga,santhiaba centre,senegal,13,0,1.80099517229691,,15.6277561,-16.22782692,15.65,-16.25,15.65,-16.25,15.65,-16.25,15.6680352,-16.23192106,1.0,-0.22147805690765382,-0.09545454545454547,31439893.328834556,0.17943069117445687,0.4266692509039231
1516,506,dakar,parcelles assainies,senegal,18,1,2.44851421201931,1.0,14.75896766,-17.43245729,14.75,-17.45,15.599999999999994,-16.599999999999966,14.75,-17.45,14.76581033,-17.45998489,0.0,0.0,,0.0,0.17583396515261224,0.0
1517,644,dakar,hlm 4,senegal,10,1,1.34766539625631,1.0,14.71207849,-17.44431032,14.7,-17.45,14.75,-17.399999999999977,14.7,-17.45,14.72094534,-17.45998489,0.0,0.0,,0.0,0.1047905545263934,0.0
1518,1024,louga,keur serigne louga,senegal,14,0,3.13236666903571,,15.60644218,-16.23380986,15.6,-16.25,15.6,-16.25,15.6,-16.25,15.6680352,-16.23192106,1.0,-0.22567317485809327,-0.09545454545454547,31439893.328834556,0.18382095623999536,0.4819329187522632
1519,1068,louga,santhiaba centre,senegal,7,2,2.75783376475398,1.0,15.6277561,-16.22782692,15.65,-16.25,15.65,-16.25,15.65,-16.25,15.6680352,-16.23192106,1.0,-0.22147805690765382,-0.09545454545454547,31439893.328834556,0.17943069117445687,0.4266692509039231
1520,646,dakar,hlm 4,senegal,11,1,1.77769833159114,1.0,14.71207849,-17.44431032,14.7,-17.45,14.75,-17.399999999999977,14.7,-17.45,14.72094534,-17.45998489,0.0,0.0,,0.0,0.1047905545263934,0.0
1521,3068,dakar,dieuppeul 1,senegal,5,0,2.65137689806197,,14.71807,-17.45718,14.7,-17.45,14.75,-17.399999999999977,14.7,-17.45,14.72094534,-17.45998489,0.0,0.0,,0.0,0.1047905545263934,0.0
1522,156,dakar,hlm 6 nimzatt,senegal,5,2,2.74979026106448,1.0,14.72704,-17.4436,14.75,-17.45,15.599999999999994,-16.599999999999966,14.75,-17.45,14.72402296,-17.45998489,0.0,0.0,,0.0,0.17583396515261224,0.0
1523,325,dakar,liberte 3,senegal,8,1,1.87990248072354,0.0,14.71592245,-17.45517723,14.7,-17.45,14.75,-17.399999999999977,14.7,-17.45,14.72094534,-17.45998489,0.0,0.0,,0.0,0.1047905545263934,0.0
1524,841,diourbel,medinatoul,senegal,22,2,2.41831460369701,1.0,14.73727345,-16.24237956,14.75,-16.25,14.75,-16.25,14.75,-16.25,14.74391863,-16.24558632,0.6,-0.12891010443369547,-0.055263157894736854,56652732.24892815,0.21241840067868403,0.19563670137163727
1525,3015,dakar,pa unite 11,senegal,4,1,1.89418253511999,0.0,14.75896766,-17.43245729,14.75,-17.45,15.599999999999994,-16.599999999999966,14.75,-17.45,14.76581033,-17.45998489,0.0,0.0,,0.0,0.17583396515261224,0.0
1526,3038,dakar,liberte 6,senegal,5,1,2.58666345165706,1.0,14.73104,-17.46105,14.75,-17.45,15.599999999999994,-16.599999999999966,14.75,-17.45,14.72402296,-17.45998489,0.0,0.0,,0.0,0.17583396515261224,0.0
1527,1110,kaolack,ndorong,senegal,14,3,2.5261703477052,1.0,14.08694396,-16.35938655,14.1,-16.35,14.1,-16.35,14.1,-16.35,14.0770377,-16.39672928,0.4,-0.39639490842819214,-0.036206896551724155,40611737.75569371,0.1928555006388203,-0.046086894811284834
1528,124,dakar,castor,senegal,6,3,1.43669263220982,1.0,14.72704,-17.4436,14.75,-17.45,15.599999999999994,-16.599999999999966,14.75,-17.45,14.72402296,-17.45998489,0.0,0.0,,0.0,0.17583396515261224,0.0
1529,3039,dakar,liberte 6,senegal,9,2,1.85535446727704,1.0,14.73104,-17.46105,14.75,-17.45,15.599999999999994,-16.599999999999966,14.75,-17.45,14.72402296,-17.45998489,0.0,0.0,,0.0,0.17583396515261224,0.0
1530,603,dakar,hlm 4,senegal,4,2,2.04949480649179,1.0,14.71207849,-17.44431032,14.7,-17.45,14.75,-17.399999999999977,14.7,-17.45,14.72094534,-17.45998489,0.0,0.0,,0.0,0.1047905545263934,0.0
1531,182,dakar,gibraltar,senegal,18,4,1.13843852676851,1.0,14.68713208,-17.44338479,14.7,-17.45,14.75,-17.399999999999977,14.7,-17.45,14.66195934,-17.45998489,0.0,0.0,,0.0,0.1047905545263934,0.0
1532,1407,matam,moderne,senegal,6,0,2.58014901082919,,15.61359152,-13.32345921,15.6,-13.3,15.6,-13.3,15.6,-13.3,15.6680352,-13.36263999,0.4,-0.28786253929138184,0.48103448275862065,45684180.71793652,0.15144391499366563,0.01543036411523599
1533,1125,kaolack,sara ndiougary,senegal,18,1,1.27000926057041,0.0,,,,,,,,,14.72402296,-17.45998489,,,,,,
1534,738,gossas,keur el hadji,senegal,20,4,2.93021418883751,1.0,14.49623916,-16.0640894,14.5,-16.05,14.5,-16.05,14.5,-16.05,14.50274052,-16.09656209,0.4,-0.4366685152053833,-0.036206896551724155,40611737.75569371,0.20658793774428785,0.3662766276201639
1535,1847,st-louis,sor nord,senegal,22,2,1.56149435524643,1.0,16.03200409,-16.47188231,16.05,-16.45,16.05,-16.45,16.05,-16.45,16.0110665,-16.45109143,0.0,0.0,,0.0,0.15915969174752542,0.0
1536,567,pikine,cite icotaf,senegal,10,1,2.01066673864884,1.0,14.7155408,-17.26173081,14.7,-17.25,14.75,-17.24999999999997,14.7,-17.25,14.72094534,-17.22764196,0.4,0.0,-0.036206896551724155,108414.2033981107,0.2075499964908114,
1537,602,dakar,hlm 4,senegal,8,2,1.99772404936785,0.0,14.71207849,-17.44431032,14.7,-17.45,14.75,-17.399999999999977,14.7,-17.45,14.72094534,-17.45998489,0.0,0.0,,0.0,0.1047905545263934,0.0
1538,270,dakar,sacre coeur 3,senegal,4,3,3.39595538631091,1.0,14.72046,-17.46744,14.7,-17.45,14.75,-17.399999999999977,14.7,-17.45,14.72094534,-17.45998489,0.0,0.0,,0.0,0.1047905545263934,0.0
1539,4,dakar,grand medine,senegal,14,4,1.88937581703133,1.0,14.74795,-17.44715,14.75,-17.45,15.599999999999994,-16.599999999999966,14.75,-17.45,14.74391863,-17.45998489,0.0,0.0,,0.0,0.17583396515261224,0.0
1540,128,dakar,castor,senegal,6,3,1.27293344963281,0.0,14.72704,-17.4436,14.75,-17.45,15.599999999999994,-16.599999999999966,14.75,-17.45,14.72402296,-17.45998489,0.0,0.0,,0.0,0.17583396515261224,0.0
1541,244,rufisque,gueule tapee,senegal,20,4,2.33705444409524,0.0,14.68287,-17.45728,14.7,-17.45,14.75,-17.399999999999977,14.7,-17.45,14.66195934,-17.45998489,0.0,0.0,,0.0,0.1047905545263934,0.0
1542,3012,dakar,liberte 3,senegal,9,3,2.03008077257031,1.0,14.71592245,-17.45517723,14.7,-17.45,14.75,-17.399999999999977,14.7,-17.45,14.72094534,-17.45998489,0.0,0.0,,0.0,0.1047905545263934,0.0
1543,249,dakar,gueule tapee,senegal,18,0,2.43135118028526,,14.68287,-17.45728,14.7,-17.45,14.75,-17.399999999999977,14.7,-17.45,14.66195934,-17.45998489,0.0,0.0,,0.0,0.1047905545263934,0.0
1544,163,dakar,hlm 6 nimzat,senegal,16,3,2.51802410228047,1.0,14.72704,-17.4436,14.75,-17.45,15.599999999999994,-16.599999999999966,14.75,-17.45,14.72402296,-17.45998489,0.0,0.0,,0.0,0.17583396515261224,0.0
1545,410,guediawaye,cite des enseignants,senegal,16,1,2.15955470538462,1.0,14.77683245,-17.40519022,14.8,-17.4,14.75,-17.399999999999977,14.8,-17.4,14.77734506,-17.39599836,0.4,0.0,-0.036206896551724155,69691.75401648635,0.1047905545263934,
1546,403,guediawaye,cite des enseignants,senegal,9,0,2.00511987181413,,14.77683245,-17.40519022,14.8,-17.4,14.75,-17.399999999999977,14.8,-17.4,14.77734506,-17.39599836,0.4,0.0,-0.036206896551724155,69691.75401648635,0.1047905545263934,
1547,339,dakar,zone b batiment,senegal,15,3,2.44799178078938,1.0,14.69727437,-17.45416872,14.7,-17.45,14.75,-17.399999999999977,14.7,-17.45,14.72094534,-17.45998489,0.0,0.0,,0.0,0.1047905545263934,0.0
1548,521,dakar,liberte 1,senegal,10,0,2.01066673864884,,14.71053471,-17.46092585,14.7,-17.45,14.75,-17.399999999999977,14.7,-17.45,14.72094534,-17.45998489,0.0,0.0,,0.0,0.1047905545263934,0.0
1549,1236,diourbel,thierno kandji,senegal,21,3,1.93301060296294,1.0,14.6563661,-16.23464222,14.65,-16.25,14.65,-16.25,14.65,-16.25,14.66195934,-16.23192106,0.4,-0.32031071186065674,-0.036206896551724155,40611737.75569371,0.20315482194846746,0.31515939206315724
1550,4027,dakar,sacre coeur 3,senegal,5,0,2.64265455123405,,14.72046,-17.46744,14.7,-17.45,14.75,-17.399999999999977,14.7,-17.45,14.72094534,-17.45998489,0.0,0.0,,0.0,0.1047905545263934,0.0
1551,574,pikine,cite icotaf,senegal,6,2,2.07148665718864,1.0,14.7155408,-17.26173081,14.7,-17.25,14.75,-17.24999999999997,14.7,-17.25,14.72094534,-17.22764196,0.4,0.0,-0.036206896551724155,108414.2033981107,0.2075499964908114,
1552,536,dakar,hlm 5,senegal,7,2,2.58052964268533,1.0,,,,,,,,,14.72402296,-17.45998489,,,,,,
1553,570,pikine,cite icotaf,senegal,19,1,1.9778122197048,1.0,14.7155408,-17.26173081,14.7,-17.25,14.75,-17.24999999999997,14.7,-17.25,14.72094534,-17.22764196,0.4,0.0,-0.036206896551724155,108414.2033981107,0.2075499964908114,
1554,667,mbour,tefess,senegal,14,2,1.98736989794307,1.0,14.4094197,-16.97209534,14.4,-16.95,14.450000000000003,-16.94999999999999,14.4,-16.95,14.47252629,-16.98407509,0.0,0.0,,0.0,0.20757044342676587,0.0
1555,804,foundiougne,escale,senegal,6,0,1.97183867080589,,14.75636795,-17.14230905,14.75,-17.15,14.75,-17.15,14.75,-17.15,14.76581033,-17.22764196,0.4,-0.23244976997375488,-0.036206896551724134,46465212.46949579,0.21277517922346564,0.7460713613946405
1556,253,dakar,gueule tapee,senegal,12,1,2.42521737131354,1.0,14.68287,-17.45728,14.7,-17.45,14.75,-17.399999999999977,14.7,-17.45,14.66195934,-17.45998489,0.0,0.0,,0.0,0.1047905545263934,0.0
1557,985,louga,keur serigne louga,senegal,11,1,1.86312008084563,1.0,15.60644218,-16.23380986,15.6,-16.25,15.6,-16.25,15.6,-16.25,15.6680352,-16.23192106,1.0,-0.22567317485809327,-0.09545454545454547,31439893.328834556,0.18382095623999536,0.4819329187522632
1558,435,guediawaye,parcelles ass u 4,senegal,4,1,2.67726227662394,1.0,14.76143208,-17.4405089,14.75,-17.45,15.599999999999994,-16.599999999999966,14.75,-17.45,14.76581033,-17.45998489,0.0,0.0,,0.0,0.17583396515261224,0.0
1559,228,dakar,dieuppeul 4,senegal,15,0,2.40968614417636,,14.71807,-17.45718,14.7,-17.45,14.75,-17.399999999999977,14.7,-17.45,14.72094534,-17.45998489,0.0,0.0,,0.0,0.1047905545263934,0.0
1560,189,dakar,gibratar 1,senegal,5,2,1.97922365251834,1.0,14.68384,-17.42093,14.7,-17.4,14.75,-17.399999999999977,14.7,-17.4,14.66195934,-17.39599836,0.0,0.0,,0.0,0.1047905545263934,0.0
1561,3048,dakar,liberte 3,senegal,2,2,2.72031068691995,1.0,14.71592245,-17.45517723,14.7,-17.45,14.75,-17.399999999999977,14.7,-17.45,14.72094534,-17.45998489,0.0,0.0,,0.0,0.1047905545263934,0.0
1562,64,pikine,ousmane faye 05,senegal,6,1,1.53889678134222,1.0,14.8268,-17.27016,14.85,-17.25,14.75,-17.24999999999997,14.85,-17.25,14.81724179,-17.22764196,0.4,0.0,-0.036206896551724155,108414.2033981107,0.2075499964908114,
1563,183,dakar,gilbratar 1,senegal,5,5,3.24453664280423,1.0,14.68384,-17.42093,14.7,-17.4,14.75,-17.399999999999977,14.7,-17.4,14.66195934,-17.39599836,0.0,0.0,,0.0,0.1047905545263934,0.0
1564,591,dakar,hlm 4,senegal,6,0,2.58014901082919,,14.71207849,-17.44431032,14.7,-17.45,14.75,-17.399999999999977,14.7,-17.45,14.72094534,-17.45998489,0.0,0.0,,0.0,0.1047905545263934,0.0
1565,408,guediawaye,cite des enseignants,senegal,9,3,2.03238069922478,1.0,14.77683245,-17.40519022,14.8,-17.4,14.75,-17.399999999999977,14.8,-17.4,14.77734506,-17.39599836,0.4,0.0,-0.036206896551724155,69691.75401648635,0.1047905545263934,
1566,307,dakar,dieuppeul 1,senegal,4,1,3.2704220213662,1.0,14.71807,-17.45718,14.7,-17.45,14.75,-17.399999999999977,14.7,-17.45,14.72094534,-17.45998489,0.0,0.0,,0.0,0.1047905545263934,0.0
1567,3049,dakar,sacre coeur 3,senegal,7,2,3.1927658856803,1.0,14.72046,-17.46744,14.7,-17.45,14.75,-17.399999999999977,14.7,-17.45,14.72094534,-17.45998489,0.0,0.0,,0.0,0.1047905545263934,0.0
1568,215,dakar,sacre coeur 1,senegal,5,1,1.65538157194691,0.0,14.7166,-17.4627,14.7,-17.45,14.75,-17.399999999999977,14.7,-17.45,14.72094534,-17.45998489,0.0,0.0,,0.0,0.1047905545263934,0.0
1569,560,pikine,samba niang,senegal,15,1,1.13906084509763,0.0,14.80972717,-15.90288816,14.8,-15.9,14.8,-15.9,14.8,-15.9,14.81724179,-15.88108409,0.2,-0.030669331550598145,-0.017796610169491522,88734721.23539704,0.21091337244339783,0.5545915366157987
1570,346,thies,mbour i,senegal,5,0,0.510930145917177,,14.68562239,-17.45034661,14.7,-17.45,14.75,-17.399999999999977,14.7,-17.45,14.66195934,-17.45998489,0.0,0.0,,0.0,0.1047905545263934,0.0
1571,200,dakar,ouagou niayes 2,senegal,4,1,3.16688050711834,0.0,14.70737,-17.449,14.7,-17.45,14.75,-17.399999999999977,14.7,-17.45,14.72094534,-17.45998489,0.0,0.0,,0.0,0.1047905545263934,0.0
1572,295,dakar,dieuppeul,senegal,2,2,2.12715094217768,1.0,14.71807,-17.45718,14.7,-17.45,14.75,-17.399999999999977,14.7,-17.45,14.72094534,-17.45998489,0.0,0.0,,0.0,0.1047905545263934,0.0
1573,3003,dakar,sacre coeur 1,senegal,4,1,2.04949480649179,1.0,14.7166,-17.4627,14.7,-17.45,14.75,-17.399999999999977,14.7,-17.45,14.72094534,-17.45998489,0.0,0.0,,0.0,0.1047905545263934,0.0
1574,316,dakar,liberte 3,senegal,12,1,2.42521737131354,0.0,14.71592245,-17.45517723,14.7,-17.45,14.75,-17.399999999999977,14.7,-17.45,14.72094534,-17.45998489,0.0,0.0,,0.0,0.1047905545263934,0.0
1575,195,dakar,ouagou niayes 2,senegal,20,3,1.96586512190697,1.0,14.70737,-17.449,14.7,-17.45,14.75,-17.399999999999977,14.7,-17.45,14.72094534,-17.45998489,0.0,0.0,,0.0,0.1047905545263934,0.0
1576,998,louga,artillerie,senegal,11,0,1.63532874950033,,15.62705619,-16.2230668,15.65,-16.2,15.65,-16.2,15.65,-16.2,15.6680352,-16.23192106,1.0,-0.20137252807617187,-0.09545454545454547,31439893.328834556,0.18265390029051903,0.4195682598965685
1577,1042,louga,montagne,senegal,21,4,1.84241177799606,1.0,15.62330287,-16.21748196,15.6,-16.2,15.6,-16.2,15.6,-16.2,15.6680352,-16.23192106,1.0,-0.21260757446289064,-0.09545454545454547,31439893.328834556,0.18679746179105042,0.5037426263545909
1578,3008,dakar,liberte 3,senegal,11,1,2.58441244946963,1.0,14.71592245,-17.45517723,14.7,-17.45,14.75,-17.399999999999977,14.7,-17.45,14.72094534,-17.45998489,0.0,0.0,,0.0,0.1047905545263934,0.0
1579,197,dakar,ouagou niayes 2,senegal,14,5,3.1927658856803,1.0,14.70737,-17.449,14.7,-17.45,14.75,-17.399999999999977,14.7,-17.45,14.72094534,-17.45998489,0.0,0.0,,0.0,0.1047905545263934,0.0
1580,3005,dakar,sacre coeur 1,senegal,3,0,2.72031068691995,,14.7166,-17.4627,14.7,-17.45,14.75,-17.399999999999977,14.7,-17.45,14.72094534,-17.45998489,0.0,0.0,,0.0,0.1047905545263934,0.0
1581,3029,dakar,sacre coeur 3,senegal,10,1,1.94595329224392,0.0,14.72046,-17.46744,14.7,-17.45,14.75,-17.399999999999977,14.7,-17.45,14.72094534,-17.45998489,0.0,0.0,,0.0,0.1047905545263934,0.0
1582,294,dakar,dieupeul 3,senegal,8,0,1.95630744366871,,14.71807,-17.45718,14.7,-17.45,14.75,-17.399999999999977,14.7,-17.45,14.72094534,-17.45998489,0.0,0.0,,0.0,0.1047905545263934,0.0
1583,3077,dakar,sacre coeur 1,senegal,4,0,3.42701784058527,,14.7166,-17.4627,14.7,-17.45,14.75,-17.399999999999977,14.7,-17.45,14.72094534,-17.45998489,0.0,0.0,,0.0,0.1047905545263934,0.0
1584,529,dakar,saicap liberte i,senegal,11,3,3.16040916247784,1.0,14.71053471,-17.46092585,14.7,-17.45,14.75,-17.399999999999977,14.7,-17.45,14.72094534,-17.45998489,0.0,0.0,,0.0,0.1047905545263934,0.0
1585,647,dakar,hlm 4,senegal,9,1,1.85535446727704,1.0,14.71207849,-17.44431032,14.7,-17.45,14.75,-17.399999999999977,14.7,-17.45,14.72094534,-17.45998489,0.0,0.0,,0.0,0.1047905545263934,0.0
1586,1283,mbacke,mbacke khewar,senegal,30,0,1.81652639943409,,14.80411689,-15.91020024,14.8,-15.9,14.8,-15.9,14.8,-15.9,14.81724179,-15.88108409,0.2,-0.030669331550598145,-0.017796610169491522,88734721.23539704,0.21091337244339783,0.5545915366157987
1587,972,louga,keur serigne louga,senegal,13,4,2.39415491703918,1.0,15.60644218,-16.23380986,15.6,-16.25,15.6,-16.25,15.6,-16.25,15.6680352,-16.23192106,1.0,-0.22567317485809327,-0.09545454545454547,31439893.328834556,0.18382095623999536,0.4819329187522632
1588,3047,dakar,liberte 3,senegal,11,0,2.4248367394574,,14.71592245,-17.45517723,14.7,-17.45,14.75,-17.399999999999977,14.7,-17.45,14.72094534,-17.45998489,0.0,0.0,,0.0,0.1047905545263934,0.0
1589,735,gossas,keur el hadji,senegal,14,2,0.75159669738521,1.0,14.49623916,-16.0640894,14.5,-16.05,14.5,-16.05,14.5,-16.05,14.50274052,-16.09656209,0.4,-0.4366685152053833,-0.036206896551724155,40611737.75569371,0.20658793774428785,0.3662766276201639
1590,333,dakar,zone b batiment,senegal,6,0,3.25747933208522,,14.69727437,-17.45416872,14.7,-17.45,14.75,-17.399999999999977,14.7,-17.45,14.72094534,-17.45998489,0.0,0.0,,0.0,0.1047905545263934,0.0
1591,1696,ziguinchor,diefaye,senegal,6,0,3.06333899287047,,12.57853941,-16.25514132,12.6,-16.25,12.6,-16.25,12.6,-16.25,12.56804369,-16.24558632,0.6,-0.4940914710362752,-0.055263157894736854,27409102.90320934,0.14540575872282602,-0.5067443792794513
1592,416,guediawaye,cite des enseignants,senegal,4,3,2.19409041014378,1.0,14.77683245,-17.40519022,14.8,-17.4,14.75,-17.399999999999977,14.8,-17.4,14.77734506,-17.39599836,0.4,0.0,-0.036206896551724155,69691.75401648635,0.1047905545263934,
1593,844,diourbel,medinatoul,senegal,16,5,1.79064102087213,1.0,14.73727345,-16.24237956,14.75,-16.25,14.75,-16.25,14.75,-16.25,14.74391863,-16.24558632,0.6,-0.12891010443369547,-0.055263157894736854,56652732.24892815,0.21241840067868403,0.19563670137163727
1594,3007,dakar,liberte 3,senegal,17,3,2.42077987784577,1.0,14.71592245,-17.45517723,14.7,-17.45,14.75,-17.399999999999977,14.7,-17.45,14.72094534,-17.45998489,0.0,0.0,,0.0,0.1047905545263934,0.0
1595,5,dakar,grand medine,senegal,18,2,1.86316900531268,1.0,14.74795,-17.44715,14.75,-17.45,15.599999999999994,-16.599999999999966,14.75,-17.45,14.74391863,-17.45998489,0.0,0.0,,0.0,0.17583396515261224,0.0
1596,3004,dakar,sacre coeur 1,senegal,5,2,3.26302619891992,0.0,14.7166,-17.4627,14.7,-17.45,14.75,-17.399999999999977,14.7,-17.45,14.72094534,-17.45998489,0.0,0.0,,0.0,0.1047905545263934,0.0
1597,187,dakar,gibraltar,senegal,14,0,2.25437387280456,,14.68713208,-17.44338479,14.7,-17.45,14.75,-17.399999999999977,14.7,-17.45,14.66195934,-17.45998489,0.0,0.0,,0.0,0.1047905545263934,0.0
1598,474,guediawaye,hlm las palmas,senegal,14,1,2.23721084107052,1.0,14.77009217,-17.40633211,14.75,-17.4,14.75,-17.4,14.75,-17.4,14.77252754,-17.39599836,0.4,0.0,-0.036206896551724155,69691.75401648635,0.1047905545263934,0.7159638211632261
1599,1103,kaolack,ndorong,senegal,11,6,0.777482075947176,1.0,14.08694396,-16.35938655,14.1,-16.35,14.1,-16.35,14.1,-16.35,14.0770377,-16.39672928,0.4,-0.39639490842819214,-0.036206896551724155,40611737.75569371,0.1928555006388203,-0.046086894811284834
1600,3023,dakar,dieuppeul 1,senegal,16,1,1.5835579923764,1.0,14.71807,-17.45718,14.7,-17.45,14.75,-17.399999999999977,14.7,-17.45,14.72094534,-17.45998489,0.0,0.0,,0.0,0.1047905545263934,0.0
1601,331,dakar,zone b batiment,senegal,10,0,2.55892911748352,,14.69727437,-17.45416872,14.7,-17.45,14.75,-17.399999999999977,14.7,-17.45,14.72094534,-17.45998489,0.0,0.0,,0.0,0.1047905545263934,0.0
1602,179,dakar,gilbraltar,senegal,5,0,2.01066673864884,,14.68713208,-17.44338479,14.7,-17.45,14.75,-17.399999999999977,14.7,-17.45,14.66195934,-17.45998489,0.0,0.0,,0.0,0.1047905545263934,0.0
1603,3006,dakar,sacre coeur 1,senegal,4,2,3.2704220213662,0.0,14.7166,-17.4627,14.7,-17.45,14.75,-17.399999999999977,14.7,-17.45,14.72094534,-17.45998489,0.0,0.0,,0.0,0.1047905545263934,0.0
1604,409,guediawaye,cite des enseignants,senegal,4,1,2.67726227662394,1.0,14.77683245,-17.40519022,14.8,-17.4,14.75,-17.399999999999977,14.8,-17.4,14.77734506,-17.39599836,0.4,0.0,-0.036206896551724155,69691.75401648635,0.1047905545263934,
1605,979,louga,keur serigne louga,senegal,40,9,2.40108309795348,1.0,15.60644218,-16.23380986,15.6,-16.25,15.6,-16.25,15.6,-16.25,15.6680352,-16.23192106,1.0,-0.22567317485809327,-0.09545454545454547,31439893.328834556,0.18382095623999536,0.4819329187522632
1606,194,dakar,ouagou niayes 2,senegal,11,1,1.77212265485768,1.0,14.70737,-17.449,14.7,-17.45,14.75,-17.399999999999977,14.7,-17.45,14.72094534,-17.45998489,0.0,0.0,,0.0,0.1047905545263934,0.0
1607,380,mbour,chateau d'eau,senegal,6,1,3.14099512855637,1.0,14.65934807,-17.43678063,14.65,-17.45,14.75,-17.349999999999966,14.65,-17.45,14.66195934,-17.45998489,0.0,0.0,,0.0,0.14700023032453297,0.0
1608,329,dakar,zone b batiment,senegal,7,0,1.26601646396677,,14.69727437,-17.45416872,14.7,-17.45,14.75,-17.399999999999977,14.7,-17.45,14.72094534,-17.45998489,0.0,0.0,,0.0,0.1047905545263934,0.0
1609,175,dakar,gibraltar,senegal,10,1,1.81652639943409,0.0,14.68713208,-17.44338479,14.7,-17.45,14.75,-17.399999999999977,14.7,-17.45,14.66195934,-17.45998489,0.0,0.0,,0.0,0.1047905545263934,0.0
1610,695,tiwaouane,ndiandiakhoune,senegal,10,3,2.16023652654395,0.0,,,,,,,,,14.72402296,-17.45998489,,,,,,
1611,3075,dakar,sacre coeur 1,senegal,4,0,3.42701784058527,,14.7166,-17.4627,14.7,-17.45,14.75,-17.399999999999977,14.7,-17.45,14.72094534,-17.45998489,0.0,0.0,,0.0,0.1047905545263934,0.0
1612,170,dakar,hlm 6 nimzat,senegal,7,3,3.21865126424227,1.0,14.72704,-17.4436,14.75,-17.45,15.599999999999994,-16.599999999999966,14.75,-17.45,14.72402296,-17.45998489,0.0,0.0,,0.0,0.17583396515261224,0.0
1613,50,dakar,mermoz ambassade,senegal,7,0,1.68263976955109,,14.68949,-17.47308,14.7,-17.45,14.75,-17.399999999999977,14.7,-17.45,14.66195934,-17.45998489,0.0,0.0,,0.0,0.1047905545263934,0.0
1614,176,dakar,gibraltar 1,senegal,13,1,2.00703775034224,1.0,14.68384,-17.42093,14.7,-17.4,14.75,-17.399999999999977,14.7,-17.4,14.66195934,-17.39599836,0.0,0.0,,0.0,0.1047905545263934,0.0
1615,312,dakar,liberte 3,senegal,4,3,1.50861740936955,1.0,14.71592245,-17.45517723,14.7,-17.45,14.75,-17.399999999999977,14.7,-17.45,14.72094534,-17.45998489,0.0,0.0,,0.0,0.1047905545263934,0.0
1616,181,dakar,gibraltar 1,senegal,20,0,1.34766539625631,1.0,14.68384,-17.42093,14.7,-17.4,14.75,-17.399999999999977,14.7,-17.4,14.66195934,-17.39599836,0.0,0.0,,0.0,0.1047905545263934,0.0
1617,3011,dakar,liberte 3,senegal,13,1,3.03745361430851,1.0,14.71592245,-17.45517723,14.7,-17.45,14.75,-17.399999999999977,14.7,-17.45,14.72094534,-17.45998489,0.0,0.0,,0.0,0.1047905545263934,0.0
1618,642,dakar,hlm 4,senegal,7,4,3.31356431896948,0.0,14.71207849,-17.44431032,14.7,-17.45,14.75,-17.399999999999977,14.7,-17.45,14.72094534,-17.45998489,0.0,0.0,,0.0,0.1047905545263934,0.0
1619,269,dakar,sacre coeur 3,senegal,6,2,2.01268934521804,0.0,14.72046,-17.46744,14.7,-17.45,14.75,-17.399999999999977,14.7,-17.45,14.72094534,-17.45998489,0.0,0.0,,0.0,0.1047905545263934,0.0
1620,116,dakar,hlm 6 nimzath,senegal,3,0,2.76212552921235,,14.81137,-17.25236,14.8,-17.25,14.8,-17.25,14.8,-17.25,14.81724179,-17.22764196,0.4,0.0,-0.036206896551724155,108414.2033981107,0.21121838802929951,0.5477543569909434
1621,379,mbour,chateau d'eau,senegal,9,5,2.06502603362897,1.0,14.65934807,-17.43678063,14.65,-17.45,14.75,-17.349999999999966,14.65,-17.45,14.66195934,-17.45998489,0.0,0.0,,0.0,0.14700023032453297,0.0
1622,180,dakar,gibraltar,senegal,18,1,2.44851421201931,0.0,14.68713208,-17.44338479,14.7,-17.45,14.75,-17.399999999999977,14.7,-17.45,14.66195934,-17.45998489,0.0,0.0,,0.0,0.1047905545263934,0.0
1623,110,pikine,cite lobatt fall,senegal,5,2,3.21865126424227,0.0,14.74682,-17.40995,14.75,-17.4,14.75,-17.4,14.75,-17.4,14.74391863,-17.39599836,0.4,0.0,-0.036206896551724155,69691.75401648635,0.1047905545263934,0.7159638211632261
1624,225,dakar,dieuppeul 4,senegal,20,5,1.34475644212747,0.0,14.71807,-17.45718,14.7,-17.45,14.75,-17.399999999999977,14.7,-17.45,14.72094534,-17.45998489,0.0,0.0,,0.0,0.1047905545263934,0.0
1625,173,dakar,gibraltar,senegal,11,6,2.56724941773558,1.0,14.68713208,-17.44338479,14.7,-17.45,14.75,-17.399999999999977,14.7,-17.45,14.66195934,-17.45998489,0.0,0.0,,0.0,0.1047905545263934,0.0
1626,115,dakar,mermoz ambassades,senegal,4,0,2.76818791617876,,14.68949,-17.47308,14.7,-17.45,14.75,-17.399999999999977,14.7,-17.45,14.66195934,-17.45998489,0.0,0.0,,0.0,0.1047905545263934,0.0
1627,430,guediawaye,parcelles ass u 4,senegal,10,1,2.07148665718864,1.0,14.76143208,-17.4405089,14.75,-17.45,15.599999999999994,-16.599999999999966,14.75,-17.45,14.76581033,-17.45998489,0.0,0.0,,0.0,0.17583396515261224,0.0
1628,787,mbacke,guede bousso,senegal,2,0,-2.55971358378325,,14.89820198,-15.86724177,14.9,-15.85,14.9,-15.85,14.9,-15.85,14.85551526,-15.88108409,0.2,-0.07495784759521484,-0.017796610169491522,88734721.23539704,0.2087404012816917,0.45797913261875534
1629,1618,matam,diandioly,senegal,5,1,-4.17427576966371,0.0,15.54077403,-13.24904558,15.55,-13.25,15.55,-13.25,15.55,-13.25,15.6680352,-13.36263999,0.6,-0.19497605164845785,0.29561403508771933,34455759.65059786,0.14055469494761255,0.1009059454995454
1630,1345,matam,sinthiou cire mato,senegal,3,0,-2.9611840879292,,16.04509141,-13.72755926,16.05,-13.75,16.05,-13.75,16.05,-13.75,16.0110665,-13.6728487,0.6,-0.18443707625071207,-0.055263157894736806,31792169.6249615,0.1459155613254634,0.05577000884684254
1631,1075,kebemer,nguene seye h darou,senegal,8,1,-3.12630270850982,1.0,15.36875219,-16.17234333,15.35,-16.15,15.35,-16.15,15.35,-16.15,15.38130032,-16.18754008,1.2,-0.1379705866177877,-0.1166666666666667,30431244.908496004,0.20250348043122426,0.5531628503263923
1632,1082,kebemer,nguene seye h darou,senegal,9,0,-3.14928489311366,,15.36875219,-16.17234333,15.35,-16.15,15.35,-16.15,15.35,-16.15,15.38130032,-16.18754008,1.2,-0.1379705866177877,-0.1166666666666667,30431244.908496004,0.20250348043122426,0.5531628503263923
1633,1617,matam,diandioly,senegal,5,1,-2.22910028698563,1.0,15.54077403,-13.24904558,15.55,-13.25,15.55,-13.25,15.55,-13.25,15.6680352,-13.36263999,0.6,-0.19497605164845785,0.29561403508771933,34455759.65059786,0.14055469494761255,0.1009059454995454
1634,1333,kanel,aoure,senegal,9,1,-3.67727650127396,1.0,15.14596428,-12.94689277,15.15,-12.95,15.15,-12.95,15.15,-12.95,15.23872587,-13.36263999,0.8,-0.20756706595420837,0.19285714285714292,56480806.52208929,0.17407560827176505,0.2201866143609424
1635,904,bambeye,baridian,senegal,5,2,-2.69796129016341,0.0,14.71688363,-17.46683875,14.7,-17.45,14.75,-17.399999999999977,14.7,-17.45,14.72094534,-17.45998489,0.0,0.0,,0.0,0.1047905545263934,0.0
1636,867,fatick,baredji de diane,senegal,12,0,-3.94663892884334,,14.5609965,-16.33790165,14.55,-16.35,14.55,-16.35,14.55,-16.35,14.50274052,-16.39672928,0.4,-0.3570250868797302,-0.036206896551724155,40611737.75569371,0.2078647452324723,0.30765874105070645
1637,1206,mbacke,madiyana,senegal,5,2,-2.21350308409423,1.0,14.9198,-15.8823,14.9,-15.9,14.9,-15.9,14.9,-15.9,14.85551526,-15.88108409,0.2,-0.08189427852630615,-0.017796610169491522,88734721.23539704,0.19760650366240864,0.3011360268655398
1638,1472,matam,ndiaku,senegal,11,0,-3.78988861909933,,16.02259398,-13.70369001,16.0,-13.7,16.0,-13.7,16.0,-13.7,16.0110665,-13.6728487,0.4,-0.31820470094680786,-0.03620689655172412,47665098.4684764,0.15609126016307415,0.4452895588499679
1639,908,bambeye,paye baridian,senegal,10,0,-3.32357938779673,,14.71688363,-17.46683875,14.7,-17.45,14.75,-17.399999999999977,14.7,-17.45,14.72094534,-17.45998489,0.0,0.0,,0.0,0.1047905545263934,0.0
1640,910,bambeye,baridian,senegal,9,3,-2.31969911195251,1.0,14.71688363,-17.46683875,14.7,-17.45,14.75,-17.399999999999977,14.7,-17.45,14.72094534,-17.45998489,0.0,0.0,,0.0,0.1047905545263934,0.0
1641,1376,matam,nguidjilogne somone,senegal,11,1,-3.82861394520705,0.0,,,,,,,,,14.72402296,-17.45998489,,,,,,
1642,1634,nioro,nguevy,senegal,9,0,-3.20598145076492,,13.78607662,-15.79470889,13.8,-15.8,13.8,-15.8,13.8,-15.8,13.7751637,-15.78133054,0.6,-0.6014266014099121,-0.05526315789473687,27201247.482161015,0.2223787366110958,-0.018317626021133404
1643,1628,matam,diandioly,senegal,13,6,-3.09430889196217,1.0,15.54077403,-13.24904558,15.55,-13.25,15.55,-13.25,15.55,-13.25,15.6680352,-13.36263999,0.6,-0.19497605164845785,0.29561403508771933,34455759.65059786,0.14055469494761255,0.1009059454995454
1644,1373,matam,guindjilogne,senegal,4,1,-3.70833895554832,1.0,,,,,,,,,14.72402296,-17.45998489,,,,,,
1645,1363,matam,agnam civol,senegal,2,2,-3.55302668417653,1.0,16.00801046,-13.68783836,16.0,-13.7,16.0,-13.7,16.0,-13.7,16.0110665,-13.6728487,0.4,-0.31820470094680786,-0.03620689655172412,47665098.4684764,0.15609126016307415,0.4452895588499679
1646,922,bambeye,paye baridian,senegal,6,2,-3.65164239789706,1.0,14.71688363,-17.46683875,14.7,-17.45,14.75,-17.399999999999977,14.7,-17.45,14.72094534,-17.45998489,0.0,0.0,,0.0,0.1047905545263934,0.0
1647,913,bambeye,baridian,senegal,10,0,-1.82449158493566,,14.71688363,-17.46683875,14.7,-17.45,14.75,-17.399999999999977,14.7,-17.45,14.72094534,-17.45998489,0.0,0.0,,0.0,0.1047905545263934,0.0
1648,918,bambeye,baridian,senegal,9,4,-2.71263005898269,1.0,14.71688363,-17.46683875,14.7,-17.45,14.75,-17.399999999999977,14.7,-17.45,14.72094534,-17.45998489,0.0,0.0,,0.0,0.1047905545263934,0.0
1649,1633,nioro,nguevy,senegal,10,1,-1.96787098753593,1.0,13.78607662,-15.79470889,13.8,-15.8,13.8,-15.8,13.8,-15.8,13.7751637,-15.78133054,0.6,-0.6014266014099121,-0.05526315789473687,27201247.482161015,0.2223787366110958,-0.018317626021133404
1650,1648,nioro,nguevy,senegal,10,1,-3.05868606814678,0.0,13.78607662,-15.79470889,13.8,-15.8,13.8,-15.8,13.8,-15.8,13.7751637,-15.78133054,0.6,-0.6014266014099121,-0.05526315789473687,27201247.482161015,0.2223787366110958,-0.018317626021133404
1651,1637,nioro,keur ndiogou dieng,senegal,8,0,-3.4210813680143,,13.78607662,-15.79470889,13.8,-15.8,13.8,-15.8,13.8,-15.8,13.7751637,-15.78133054,0.6,-0.6014266014099121,-0.05526315789473687,27201247.482161015,0.2223787366110958,-0.018317626021133404
1652,903,bambeye,baridian,senegal,12,2,-3.96226694064065,1.0,14.71688363,-17.46683875,14.7,-17.45,14.75,-17.399999999999977,14.7,-17.45,14.72094534,-17.45998489,0.0,0.0,,0.0,0.1047905545263934,0.0
1653,1666,kaffrine,nandjigui,senegal,12,3,-3.26576909664251,1.0,14.1046257,-15.54985414,14.1,-15.55,14.1,-15.55,14.1,-15.55,14.0770377,-15.5307987,0.4,-0.7507490515708923,-0.036206896551724155,40611737.75569371,0.21317983731244286,0.9624330451177321
1654,1467,matam,hodio,senegal,7,1,-3.63712811960271,1.0,16.05755556,-13.72019879,16.05,-13.7,16.05,-13.7,16.05,-13.7,16.0110665,-13.6728487,0.6,-0.18328376611073813,-0.055263157894736806,31792169.6249615,0.14350105402980165,0.07684000194064988
1655,788,mbacke,guede bousso,senegal,15,7,-3.24971403824071,1.0,14.89820198,-15.86724177,14.9,-15.85,14.9,-15.85,14.9,-15.85,14.85551526,-15.88108409,0.2,-0.07495784759521484,-0.017796610169491522,88734721.23539704,0.2087404012816917,0.45797913261875534
1656,905,bambeye,baridian,senegal,8,1,-2.98204688130371,1.0,14.71688363,-17.46683875,14.7,-17.45,14.75,-17.399999999999977,14.7,-17.45,14.72094534,-17.45998489,0.0,0.0,,0.0,0.1047905545263934,0.0
1657,1668,kaffrine,nandjigui,senegal,13,1,-3.05221472350629,1.0,14.1046257,-15.54985414,14.1,-15.55,14.1,-15.55,14.1,-15.55,14.0770377,-15.5307987,0.4,-0.7507490515708923,-0.036206896551724155,40611737.75569371,0.21317983731244286,0.9624330451177321
1658,1351,matam,sinthiou cire mato,senegal,6,1,-3.68634710485147,0.0,16.04509141,-13.72755926,16.05,-13.75,16.05,-13.75,16.05,-13.75,16.0110665,-13.6728487,0.6,-0.18443707625071207,-0.055263157894736806,31792169.6249615,0.1459155613254634,0.05577000884684254
1659,1451,kanel,medina torobe,senegal,6,0,-3.73774544478818,1.0,15.41865156,-13.18384815,15.4,-13.2,15.4,-13.2,15.4,-13.2,15.38130032,-13.36263999,0.8,-0.0967683494091034,0.46071428571428574,46524090.52397067,0.17408198753632792,0.19752567701829973
1660,1270,mbacke,khayra,senegal,5,1,-0.903170793151911,1.0,14.823157881171742,-15.90761198,14.8,-15.9,14.8,-15.9,14.8,-15.9,14.81724179,-15.88108409,0.2,-0.030669331550598145,-0.017796610169491522,88734721.23539704,0.21091337244339783,0.5545915366157987
1661,1323,kanel,aoure,senegal,9,0,-3.0388402236151,,15.14596428,-12.94689277,15.15,-12.95,15.15,-12.95,15.15,-12.95,15.23872587,-13.36263999,0.8,-0.20756706595420837,0.19285714285714292,56480806.52208929,0.17407560827176505,0.2201866143609424
1662,1650,nioro,keur amath drame,senegal,11,1,-3.6257570193351,0.0,13.78607662,-15.79470889,13.8,-15.8,13.8,-15.8,13.8,-15.8,13.7751637,-15.78133054,0.6,-0.6014266014099121,-0.05526315789473687,27201247.482161015,0.2223787366110958,-0.018317626021133404
1663,1473,matam,ndiakir,senegal,10,0,-3.91542198404405,,16.02259398,-13.70369001,16.0,-13.7,16.0,-13.7,16.0,-13.7,16.0110665,-13.6728487,0.4,-0.31820470094680786,-0.03620689655172412,47665098.4684764,0.15609126016307415,0.4452895588499679
1664,880,fatick,beredji de diane,senegal,9,1,-3.79132665747155,0.0,,,,,,,,,14.72402296,-17.45998489,,,,,,
1665,879,fatick,beredji de diane,senegal,6,1,-3.56976015958739,1.0,,,,,,,,,14.72402296,-17.45998489,,,,,,
1666,1658,kaffrine,darou nandjigui,senegal,7,0,-2.44588389386482,,14.1046257,-15.54985414,14.1,-15.55,14.1,-15.55,14.1,-15.55,14.0770377,-15.5307987,0.4,-0.7507490515708923,-0.036206896551724155,40611737.75569371,0.21317983731244286,0.9624330451177321
1667,1355,matam,agnam sivol,senegal,9,3,-4.3325122300979,1.0,,,,,,,,,14.72402296,-17.45998489,,,,,,
1668,1074,kebemer,nguene seye,senegal,6,1,-3.11045682527071,1.0,15.36305,-16.22797,15.35,-16.25,15.35,-16.25,15.35,-16.25,15.38130032,-16.23192106,1.2,-0.14546525478363037,-0.1166666666666667,30431244.908496004,0.19820373921006,0.5750353205195374
1669,476,mbour,darou salam,senegal,10,0,-2.74680785822494,,15.44284137,-14.05528102,15.45,-14.05,15.45,-14.05,15.45,-14.05,15.38130032,-14.01712506,0.4,-0.21544945240020752,-0.03620689655172412,47665098.4684764,0.19054119811583461,0.6258698845293006
1670,488,mbour,darou salam,senegal,3,1,-2.0376370003978,1.0,15.44284137,-14.05528102,15.45,-14.05,15.45,-14.05,15.45,-14.05,15.38130032,-14.01712506,0.4,-0.21544945240020752,-0.03620689655172412,47665098.4684764,0.19054119811583461,0.6258698845293006
1671,881,fatick,beredji de diame,senegal,10,2,-3.63601438609975,1.0,14.5609965,-16.33790165,14.55,-16.35,14.55,-16.35,14.55,-16.35,14.50274052,-16.39672928,0.4,-0.3570250868797302,-0.036206896551724155,40611737.75569371,0.2078647452324723,0.30765874105070645
1672,1665,kaffrine,darou nandjigui,senegal,12,1,-3.17258173381943,1.0,14.1046257,-15.54985414,14.1,-15.55,14.1,-15.55,14.1,-15.55,14.0770377,-15.5307987,0.4,-0.7507490515708923,-0.036206896551724155,40611737.75569371,0.21317983731244286,0.9624330451177321
1673,1652,kaffrine,manfjigui,senegal,6,0,-2.49765465098875,,14.1046257,-15.54985414,14.1,-15.55,14.1,-15.55,14.1,-15.55,14.0770377,-15.5307987,0.4,-0.7507490515708923,-0.036206896551724155,40611737.75569371,0.21317983731244286,0.9624330451177321
1674,1624,matam,diandioly,senegal,17,3,-1.69284527889232,1.0,15.54077403,-13.24904558,15.55,-13.25,15.55,-13.25,15.55,-13.25,15.6680352,-13.36263999,0.6,-0.19497605164845785,0.29561403508771933,34455759.65059786,0.14055469494761255,0.1009059454995454
1675,1586,ranerou,wouro doro,senegal,12,1,-2.97132935407742,1.0,15.00226737,-14.67912165,15.0,-14.7,15.0,-14.7,15.0,-14.7,15.03429087,-14.76136369,0.4,-0.1965271234512329,-0.03620689655172413,48087754.75601864,0.19756251154319449,-0.12812182152847945
1676,1353,matam,agnam civol,senegal,5,2,-3.04912839928567,1.0,16.00801046,-13.68783836,16.0,-13.7,16.0,-13.7,16.0,-13.7,16.0110665,-13.6728487,0.4,-0.31820470094680786,-0.03620689655172412,47665098.4684764,0.15609126016307415,0.4452895588499679
1677,1654,kaffrine,darou nandjigui,senegal,7,0,-2.56449647478822,,14.1046257,-15.54985414,14.1,-15.55,14.1,-15.55,14.1,-15.55,14.0770377,-15.5307987,0.4,-0.7507490515708923,-0.036206896551724155,40611737.75569371,0.21317983731244286,0.9624330451177321
1678,1572,ranerou,zoumboul samba abdou,senegal,19,0,-3.75390036429765,,15.00226737,-14.67912165,15.0,-14.7,15.0,-14.7,15.0,-14.7,15.03429087,-14.76136369,0.4,-0.1965271234512329,-0.03620689655172413,48087754.75601864,0.19756251154319449,-0.12812182152847945
1679,713,tiwaouane,khandane,senegal,6,1,-2.20854647466099,1.0,,,,,,,,,14.72402296,-17.45998489,,,,,,
1680,1636,nioro,keur amath drame,senegal,12,0,-4.24348499414439,,13.78607662,-15.79470889,13.8,-15.8,13.8,-15.8,13.8,-15.8,13.7751637,-15.78133054,0.6,-0.6014266014099121,-0.05526315789473687,27201247.482161015,0.2223787366110958,-0.018317626021133404
1681,621,rufisque,niagha ouolof,senegal,5,0,-2.13936805908623,,14.80539524,-17.23892342,14.8,-17.25,14.8,-17.25,14.8,-17.25,14.81724179,-17.22764196,0.4,0.0,-0.036206896551724155,108414.2033981107,0.21121838802929951,0.5477543569909434
1682,855,diourbel,medinatoul,senegal,8,0,-1.13224567234449,,14.73727345,-16.24237956,14.75,-16.25,14.75,-16.25,14.75,-16.25,14.74391863,-16.24558632,0.6,-0.12891010443369547,-0.055263157894736854,56652732.24892815,0.21241840067868403,0.19563670137163727
1683,1477,matam,asnde balla,senegal,12,1,-2.29760451952042,1.0,14.47940917,-14.51631588,14.5,-14.5,14.5,-14.5,14.5,-14.5,14.47252629,-14.56250057,1.0,-0.21906211376190185,-0.09545454545454549,255080663.30926532,0.21874186004948312,0.4714134171233225
1684,1202,mbacke,touba madiyana,senegal,9,0,-3.19951487013014,,14.9198,-15.8823,14.9,-15.9,14.9,-15.9,14.9,-15.9,14.85551526,-15.88108409,0.2,-0.08189427852630615,-0.017796610169491522,88734721.23539704,0.19760650366240864,0.3011360268655398
1685,1478,matam,asnde balla,senegal,4,1,-3.70833895554832,1.0,14.47940917,-14.51631588,14.5,-14.5,14.5,-14.5,14.5,-14.5,14.47252629,-14.56250057,1.0,-0.21906211376190185,-0.09545454545454549,255080663.30926532,0.21874186004948312,0.4714134171233225
1686,1657,kaffrine,darou nandjigui,senegal,11,0,-2.3973552476384,,14.1046257,-15.54985414,14.1,-15.55,14.1,-15.55,14.1,-15.55,14.0770377,-15.5307987,0.4,-0.7507490515708923,-0.036206896551724155,40611737.75569371,0.21317983731244286,0.9624330451177321
1687,1374,matam,nguilogne somone,senegal,11,1,-2.54011901443664,1.0,15.9373344,-13.35219736,15.95,-13.35,15.95,-13.35,15.95,-13.35,16.0110665,-13.36263999,0.6,-0.17210543155670166,0.2956140350877193,69908285.96822166,0.15722013875900648,0.5708981717969052
1688,1578,ranerou,loumbol samba abdou,senegal,15,1,-3.27180863067279,1.0,15.00226737,-14.67912165,15.0,-14.7,15.0,-14.7,15.0,-14.7,15.03429087,-14.76136369,0.4,-0.1965271234512329,-0.03620689655172413,48087754.75601864,0.19756251154319449,-0.12812182152847945
1689,1072,kebemer,affe 2h1 peul affe2,senegal,4,0,-3.4210813680143,,15.80634938,-16.29988776,15.8,-16.3,15.8,-16.3,15.8,-16.3,15.71702669,-16.26780651,0.8,-0.2785879969596863,-0.07500000000000004,37650997.735654265,0.17205813517475146,0.24934578182447642
1690,1468,matam,hodio,senegal,6,0,-4.3325122300979,1.0,16.05755556,-13.72019879,16.05,-13.7,16.05,-13.7,16.05,-13.7,16.0110665,-13.6728487,0.6,-0.18328376611073813,-0.055263157894736806,31792169.6249615,0.14350105402980165,0.07684000194064988
1691,1479,matam,ndiakir,senegal,6,1,-2.66436883153408,1.0,16.02259398,-13.70369001,16.0,-13.7,16.0,-13.7,16.0,-13.7,16.0110665,-13.6728487,0.4,-0.31820470094680786,-0.03620689655172412,47665098.4684764,0.15609126016307415,0.4452895588499679
1692,1660,kaffrine,darou nandjigui,senegal,12,4,-3.17258173381943,1.0,14.1046257,-15.54985414,14.1,-15.55,14.1,-15.55,14.1,-15.55,14.0770377,-15.5307987,0.4,-0.7507490515708923,-0.036206896551724155,40611737.75569371,0.21317983731244286,0.9624330451177321
1693,1475,matam,hodio,senegal,4,1,-2.64619053303948,1.0,16.05755556,-13.72019879,16.05,-13.7,16.05,-13.7,16.05,-13.7,16.0110665,-13.6728487,0.6,-0.18328376611073813,-0.055263157894736806,31792169.6249615,0.14350105402980165,0.07684000194064988
1694,1449,kanel,medina torobe,senegal,7,1,-3.70341315502099,0.0,15.41865156,-13.18384815,15.4,-13.2,15.4,-13.2,15.4,-13.2,15.38130032,-13.36263999,0.8,-0.0967683494091034,0.46071428571428574,46524090.52397067,0.17408198753632792,0.19752567701829973
1695,492,mbour,darou salam,senegal,13,0,-1.76043587435515,,15.44284137,-14.05528102,15.45,-14.05,15.45,-14.05,15.45,-14.05,15.38130032,-14.01712506,0.4,-0.21544945240020752,-0.03620689655172412,47665098.4684764,0.19054119811583461,0.6258698845293006
1696,884,bambeye,leona sud,senegal,5,0,-2.40940857377954,,14.69755622,-16.45053577,14.7,-16.45,14.7,-16.45,14.7,-16.45,14.72094534,-16.45109143,0.6,-0.1686855951944987,-0.055263157894736854,56652732.24892815,0.21031591529079613,0.05209527572712604
1697,1352,matam,agnam civol,senegal,9,2,-2.18112031599157,1.0,16.00801046,-13.68783836,16.0,-13.7,16.0,-13.7,16.0,-13.7,16.0110665,-13.6728487,0.4,-0.31820470094680786,-0.03620689655172412,47665098.4684764,0.15609126016307415,0.4452895588499679
1698,481,mbour,darou salam,senegal,6,0,-2.29760451952042,,15.44284137,-14.05528102,15.45,-14.05,15.45,-14.05,15.45,-14.05,15.38130032,-14.01712506,0.4,-0.21544945240020752,-0.03620689655172412,47665098.4684764,0.19054119811583461,0.6258698845293006
1699,486,mbour,darou salam,senegal,5,0,-2.21994838383452,,15.44284137,-14.05528102,15.45,-14.05,15.45,-14.05,15.45,-14.05,15.38130032,-14.01712506,0.4,-0.21544945240020752,-0.03620689655172412,47665098.4684764,0.19054119811583461,0.6258698845293006
1700,1591,kanel,sorry,senegal,4,0,-3.70833895554832,,15.20066949,-12.94539215,15.2,-12.95,15.2,-12.95,15.2,-12.95,15.23872587,-13.36263999,0.8,-0.18054533004760742,0.19285714285714292,56480806.52208929,0.17427296939413736,0.28027011736422464
1701,1457,kanel,medina torobe,senegal,6,0,-3.74066963385058,,15.41865156,-13.18384815,15.4,-13.2,15.4,-13.2,15.4,-13.2,15.38130032,-13.36263999,0.8,-0.0967683494091034,0.46071428571428574,46524090.52397067,0.17408198753632792,0.19752567701829973
1702,1335,kanel,aoure,senegal,6,1,-4.3325122300979,1.0,15.14596428,-12.94689277,15.15,-12.95,15.15,-12.95,15.15,-12.95,15.23872587,-13.36263999,0.8,-0.20756706595420837,0.19285714285714292,56480806.52208929,0.17407560827176505,0.2201866143609424
1703,1671,kaffrine,darou nandjigui,senegal,6,1,-2.25387193204463,1.0,14.1046257,-15.54985414,14.1,-15.55,14.1,-15.55,14.1,-15.55,14.0770377,-15.5307987,0.4,-0.7507490515708923,-0.036206896551724155,40611737.75569371,0.21317983731244286,0.9624330451177321
1704,1383,matam,nguidjilogne somona,senegal,8,0,-3.4210813680143,,15.9373344,-13.35219736,15.95,-13.35,15.95,-13.35,15.95,-13.35,16.0110665,-13.36263999,0.6,-0.17210543155670166,0.2956140350877193,69908285.96822166,0.15722013875900648,0.5708981717969052
1705,1400,matam,boynadji roumbe,senegal,2,2,-2.35374428879049,1.0,,,,,,,,,14.72402296,-17.45998489,,,,,,
1706,917,bambeye,paye baridian,senegal,5,3,-1.68791471435927,1.0,14.71688363,-17.46683875,14.7,-17.45,14.75,-17.399999999999977,14.7,-17.45,14.72094534,-17.45998489,0.0,0.0,,0.0,0.1047905545263934,0.0
1707,707,tiwaouane,khandane,senegal,13,4,-3.20968372212408,1.0,,,,,,,,,14.72402296,-17.45998489,,,,,,
1708,1071,kebemer,affe 2h1peul affe,senegal,7,0,-2.01964174465986,,15.80634938,-16.29988776,15.8,-16.3,15.8,-16.3,15.8,-16.3,15.71702669,-16.26780651,0.8,-0.2785879969596863,-0.07500000000000004,37650997.735654265,0.17205813517475146,0.24934578182447642
1709,1450,kanel,medina torobe,senegal,6,3,-4.24348499414439,1.0,15.41865156,-13.18384815,15.4,-13.2,15.4,-13.2,15.4,-13.2,15.38130032,-13.36263999,0.8,-0.0967683494091034,0.46071428571428574,46524090.52397067,0.17408198753632792,0.19752567701829973
1710,1486,matam,ndiakir,senegal,12,4,-2.87814199125434,1.0,16.02259398,-13.70369001,16.0,-13.7,16.0,-13.7,16.0,-13.7,16.0110665,-13.6728487,0.4,-0.31820470094680786,-0.03620689655172412,47665098.4684764,0.15609126016307415,0.4452895588499679
1711,1571,ranerou,zoumboul samba abdou,senegal,15,0,-3.1941524949869,,15.00226737,-14.67912165,15.0,-14.7,15.0,-14.7,15.0,-14.7,15.03429087,-14.76136369,0.4,-0.1965271234512329,-0.03620689655172413,48087754.75601864,0.19756251154319449,-0.12812182152847945
1712,1600,kanel,sorry,senegal,5,1,-4.64313677284149,1.0,15.20066949,-12.94539215,15.2,-12.95,15.2,-12.95,15.2,-12.95,15.23872587,-13.36263999,0.8,-0.18054533004760742,0.19285714285714292,56480806.52208929,0.17427296939413736,0.28027011736422464
1713,909,bambeye,ndiayalla,senegal,8,1,-3.22003787354886,1.0,14.97599298,-16.44924477,15.0,-16.45,15.0,-16.45,15.0,-16.45,15.03429087,-16.45109143,0.8,-0.24850812554359436,-0.075,43538475.11259475,0.21185944126193518,0.4080215995429991
1714,1859,podor,fanaye,senegal,16,2,-3.88994237119209,0.0,16.52599054,-15.22269493,16.55,-15.2,16.55,-15.2,16.55,-15.2,16.47147469,-15.27583107,0.6,-0.15982850392659506,-0.05526315789473685,48192634.69637356,0.15593374637773602,0.6734216227747559
1715,1661,kaffrine,darou nandjigui,senegal,9,2,-2.34239244596737,1.0,14.1046257,-15.54985414,14.1,-15.55,14.1,-15.55,14.1,-15.55,14.0770377,-15.5307987,0.4,-0.7507490515708923,-0.036206896551724155,40611737.75569371,0.21317983731244286,0.9624330451177321
1716,1670,kaffrine,darou nandjigui,senegal,12,2,-3.17258173381943,0.0,14.1046257,-15.54985414,14.1,-15.55,14.1,-15.55,14.1,-15.55,14.0770377,-15.5307987,0.4,-0.7507490515708923,-0.036206896551724155,40611737.75569371,0.21317983731244286,0.9624330451177321
1717,1656,kaffrine,darou nandjigui,senegal,17,0,-2.99610099913642,,14.1046257,-15.54985414,14.1,-15.55,14.1,-15.55,14.1,-15.55,14.0770377,-15.5307987,0.4,-0.7507490515708923,-0.036206896551724155,40611737.75569371,0.21317983731244286,0.9624330451177321
1718,1925,podor,namaye,senegal,7,0,-4.36191871933776,,16.42777753,-14.09801568,16.45,-14.1,16.45,-14.1,16.45,-14.1,16.42033799,-14.01712506,0.6,-0.2016923427581787,-0.05526315789473683,87642230.13625772,0.14516387759546714,0.1830651687237986
1719,783,mbacke,guede bousso,senegal,9,2,-2.31969911195251,0.0,14.89820198,-15.86724177,14.9,-15.85,14.9,-15.85,14.9,-15.85,14.85551526,-15.88108409,0.2,-0.07495784759521484,-0.017796610169491522,88734721.23539704,0.2087404012816917,0.45797913261875534
1720,1663,kaffrine,darou nandjigui,senegal,14,1,-2.3990813271767,1.0,14.1046257,-15.54985414,14.1,-15.55,14.1,-15.55,14.1,-15.55,14.0770377,-15.5307987,0.4,-0.7507490515708923,-0.036206896551724155,40611737.75569371,0.21317983731244286,0.9624330451177321
1721,1639,nioro,keur birame ba,senegal,8,1,-2.67885230092251,1.0,13.78607662,-15.79470889,13.8,-15.8,13.8,-15.8,13.8,-15.8,13.7751637,-15.78133054,0.6,-0.6014266014099121,-0.05526315789473687,27201247.482161015,0.2223787366110958,-0.018317626021133404
1722,745,diourbel,medinatoul,senegal,1,0,-1.3408148515304,,14.73727345,-16.24237956,14.75,-16.25,14.75,-16.25,14.75,-16.25,14.74391863,-16.24558632,0.6,-0.12891010443369547,-0.055263157894736854,56652732.24892815,0.21241840067868403,0.19563670137163727
1723,1659,kaffrine,nandjigui,senegal,9,1,-3.20598145076492,1.0,14.1046257,-15.54985414,14.1,-15.55,14.1,-15.55,14.1,-15.55,14.0770377,-15.5307987,0.4,-0.7507490515708923,-0.036206896551724155,40611737.75569371,0.21317983731244286,0.9624330451177321
1724,1599,kanel,sorry,senegal,4,1,-1.7396854714832,1.0,15.20066949,-12.94539215,15.2,-12.95,15.2,-12.95,15.2,-12.95,15.23872587,-13.36263999,0.8,-0.18054533004760742,0.19285714285714292,56480806.52208929,0.17427296939413736,0.28027011736422464
1725,1601,kanel,sorry,senegal,6,1,-3.1008991564096,1.0,15.20066949,-12.94539215,15.2,-12.95,15.2,-12.95,15.2,-12.95,15.23872587,-13.36263999,0.8,-0.18054533004760742,0.19285714285714292,56480806.52208929,0.17427296939413736,0.28027011736422464
1726,1641,nioro,keur amath drame,senegal,7,1,-3.50658749328992,1.0,13.78607662,-15.79470889,13.8,-15.8,13.8,-15.8,13.8,-15.8,13.7751637,-15.78133054,0.6,-0.6014266014099121,-0.05526315789473687,27201247.482161015,0.2223787366110958,-0.018317626021133404
1727,1605,kanel,sorry,senegal,6,1,-3.79906454644483,1.0,15.20066949,-12.94539215,15.2,-12.95,15.2,-12.95,15.2,-12.95,15.23872587,-13.36263999,0.8,-0.18054533004760742,0.19285714285714292,56480806.52208929,0.17427296939413736,0.28027011736422464
1728,1589,kanel,sony,senegal,18,0,-3.61978470283499,,15.20066949,-12.94539215,15.2,-12.95,15.2,-12.95,15.2,-12.95,15.23872587,-13.36263999,0.8,-0.18054533004760742,0.19285714285714292,56480806.52208929,0.17427296939413736,0.28027011736422464
1729,1598,kanel,sorry,senegal,8,1,-3.75518391214493,1.0,15.20066949,-12.94539215,15.2,-12.95,15.2,-12.95,15.2,-12.95,15.23872587,-13.36263999,0.8,-0.18054533004760742,0.19285714285714292,56480806.52208929,0.17427296939413736,0.28027011736422464
1730,1447,kanel,medina torobe,senegal,13,0,-3.67854472530186,,15.41865156,-13.18384815,15.4,-13.2,15.4,-13.2,15.4,-13.2,15.38130032,-13.36263999,0.8,-0.0967683494091034,0.46071428571428574,46524090.52397067,0.17408198753632792,0.19752567701829973
1731,1655,kaffrine,darou nandjigui,senegal,15,0,-2.01148194638385,,14.1046257,-15.54985414,14.1,-15.55,14.1,-15.55,14.1,-15.55,14.0770377,-15.5307987,0.4,-0.7507490515708923,-0.036206896551724155,40611737.75569371,0.21317983731244286,0.9624330451177321
1732,480,mbour,darou salam,senegal,6,1,-1.13224567234449,1.0,15.44284137,-14.05528102,15.45,-14.05,15.45,-14.05,15.45,-14.05,15.38130032,-14.01712506,0.4,-0.21544945240020752,-0.03620689655172412,47665098.4684764,0.19054119811583461,0.6258698845293006
1733,1653,kaffrine,nandjigui,senegal,7,0,-3.07162875742776,,14.1046257,-15.54985414,14.1,-15.55,14.1,-15.55,14.1,-15.55,14.0770377,-15.5307987,0.4,-0.7507490515708923,-0.036206896551724155,40611737.75569371,0.21317983731244286,0.9624330451177321
1734,1579,ranerou,loumbol samba abdou,senegal,11,1,-3.84421114809844,0.0,15.00226737,-14.67912165,15.0,-14.7,15.0,-14.7,15.0,-14.7,15.03429087,-14.76136369,0.4,-0.1965271234512329,-0.03620689655172413,48087754.75601864,0.19756251154319449,-0.12812182152847945
1735,1631,nioro,samba malick,senegal,10,0,-2.53861109622625,,13.78607662,-15.79470889,13.8,-15.8,13.8,-15.8,13.8,-15.8,13.7751637,-15.78133054,0.6,-0.6014266014099121,-0.05526315789473687,27201247.482161015,0.2223787366110958,-0.018317626021133404
1736,341,thies,mbour i,senegal,6,0,-1.57619063576302,,14.68562239,-17.45034661,14.7,-17.45,14.75,-17.399999999999977,14.7,-17.45,14.66195934,-17.45998489,0.0,0.0,,0.0,0.1047905545263934,0.0
1737,1667,kaffrine,nandjigui,senegal,8,1,-3.11045682527071,1.0,14.1046257,-15.54985414,14.1,-15.55,14.1,-15.55,14.1,-15.55,14.0770377,-15.5307987,0.4,-0.7507490515708923,-0.036206896551724155,40611737.75569371,0.21317983731244286,0.9624330451177321
1738,1464,kanel,medina torobe,senegal,4,3,-3.49633012652527,1.0,15.41865156,-13.18384815,15.4,-13.2,15.4,-13.2,15.4,-13.2,15.38130032,-13.36263999,0.8,-0.0967683494091034,0.46071428571428574,46524090.52397067,0.17408198753632792,0.19752567701829973
1739,58,pikine,ousmane faye 05,senegal,8,0,-1.44287021508808,,14.8268,-17.27016,14.85,-17.25,14.75,-17.24999999999997,14.85,-17.25,14.81724179,-17.22764196,0.4,0.0,-0.036206896551724155,108414.2033981107,0.2075499964908114,
1740,1503,matam,diamel,senegal,4,1,-3.49633012652527,1.0,15.83897387,-13.22043021,15.85,-13.2,15.85,-13.2,15.85,-13.2,15.71702669,-13.36263999,0.8,-0.17065495252609253,0.19285714285714287,52655255.40438127,0.16015655117127092,0.32330553063730366
1741,1596,kanel,sorry,senegal,5,1,-2.75622943682803,1.0,15.20066949,-12.94539215,15.2,-12.95,15.2,-12.95,15.2,-12.95,15.23872587,-13.36263999,0.8,-0.18054533004760742,0.19285714285714292,56480806.52208929,0.17427296939413736,0.28027011736422464
1742,1669,kaffrine,darou nandjigui,senegal,7,2,-3.3434252323284,1.0,14.1046257,-15.54985414,14.1,-15.55,14.1,-15.55,14.1,-15.55,14.0770377,-15.5307987,0.4,-0.7507490515708923,-0.036206896551724155,40611737.75569371,0.21317983731244286,0.9624330451177321
1743,1433,matam,golere,senegal,9,1,-3.32747291566184,1.0,16.24895647,-14.10938504,16.25,-14.1,16.25,-14.1,16.25,-14.1,16.42033799,-14.01712506,0.8,-0.1521018147468567,-0.07499999999999998,67380541.52758224,0.15275634748350336,0.6490141175309769
1744,1456,kanel,medina torobe,senegal,7,2,-3.61281433005411,1.0,15.41865156,-13.18384815,15.4,-13.2,15.4,-13.2,15.4,-13.2,15.38130032,-13.36263999,0.8,-0.0967683494091034,0.46071428571428574,46524090.52397067,0.17408198753632792,0.19752567701829973
1745,1921,podor,nanaye,senegal,7,1,-2.33264180123349,1.0,16.24874342,-14.10811085,16.25,-14.1,16.25,-14.1,16.25,-14.1,16.42033799,-14.01712506,0.8,-0.1521018147468567,-0.07499999999999998,67380541.52758224,0.15275634748350336,0.6490141175309769
1746,1331,kanel,aoure,senegal,8,1,-4.28074147297397,1.0,15.14596428,-12.94689277,15.15,-12.95,15.15,-12.95,15.15,-12.95,15.23872587,-13.36263999,0.8,-0.20756706595420837,0.19285714285714292,56480806.52208929,0.17407560827176505,0.2201866143609424
1747,479,mbour,darou salam,senegal,8,0,-1.13224567234449,,15.44284137,-14.05528102,15.45,-14.05,15.45,-14.05,15.45,-14.05,15.38130032,-14.01712506,0.4,-0.21544945240020752,-0.03620689655172412,47665098.4684764,0.19054119811583461,0.6258698845293006
1748,1469,matam,asnde balla,senegal,5,0,-2.61919142097455,,14.47940917,-14.51631588,14.5,-14.5,14.5,-14.5,14.5,-14.5,14.47252629,-14.56250057,1.0,-0.21906211376190185,-0.09545454545454549,255080663.30926532,0.21874186004948312,0.4714134171233225
1749,1593,kanel,sorry,senegal,5,0,-3.06472560217707,,15.20066949,-12.94539215,15.2,-12.95,15.2,-12.95,15.2,-12.95,15.23872587,-13.36263999,0.8,-0.18054533004760742,0.19285714285714292,56480806.52208929,0.17427296939413736,0.28027011736422464
1750,1460,kanel,medina torobe,senegal,4,0,-3.01295484505314,1.0,15.41865156,-13.18384815,15.4,-13.2,15.4,-13.2,15.4,-13.2,15.38130032,-13.36263999,0.8,-0.0967683494091034,0.46071428571428574,46524090.52397067,0.17408198753632792,0.19752567701829973
1751,3035,dakar,liberte 6,senegal,5,0,-1.30731834992478,1.0,14.73104,-17.46105,14.75,-17.45,15.599999999999994,-16.599999999999966,14.75,-17.45,14.72402296,-17.45998489,0.0,0.0,,0.0,0.17583396515261224,0.0
1752,1877,podor,dodele,senegal,8,1,-1.7396854714832,1.0,16.50354464,-14.42019001,16.5,-14.4,16.5,-14.4,16.5,-14.4,16.47147469,-14.56250057,0.6,-0.22772661844889322,-0.05526315789473683,87642230.13625772,0.13799019896814188,0.6664631656013654
1753,1120,kaolack,sara ndiougary,senegal,5,1,-1.57378325858809,1.0,,,,,,,,,14.72402296,-17.45998489,,,,,,
1754,1649,nioro,keur amath drame,senegal,20,1,-2.99979891035956,0.0,13.78607662,-15.79470889,13.8,-15.8,13.8,-15.8,13.8,-15.8,13.7751637,-15.78133054,0.6,-0.6014266014099121,-0.05526315789473687,27201247.482161015,0.2223787366110958,-0.018317626021133404
1755,1664,kaffrine,darou nandjigui,senegal,10,0,-2.76424632558169,,14.1046257,-15.54985414,14.1,-15.55,14.1,-15.55,14.1,-15.55,14.0770377,-15.5307987,0.4,-0.7507490515708923,-0.036206896551724155,40611737.75569371,0.21317983731244286,0.9624330451177321
1756,1651,nioro,keur ndiogou dieng,senegal,12,2,-3.76442433006675,1.0,13.78607662,-15.79470889,13.8,-15.8,13.8,-15.8,13.8,-15.8,13.7751637,-15.78133054,0.6,-0.6014266014099121,-0.05526315789473687,27201247.482161015,0.2223787366110958,-0.018317626021133404
1757,1488,matam,diamel,senegal,13,0,-4.28426258365186,,15.83897387,-13.22043021,15.85,-13.2,15.85,-13.2,15.85,-13.2,15.71702669,-13.36263999,0.8,-0.17065495252609253,0.19285714285714287,52655255.40438127,0.16015655117127092,0.32330553063730366
1758,484,mbour,darou salam,senegal,5,3,-2.45728580303835,1.0,15.44284137,-14.05528102,15.45,-14.05,15.45,-14.05,15.45,-14.05,15.38130032,-14.01712506,0.4,-0.21544945240020752,-0.03620689655172412,47665098.4684764,0.19054119811583461,0.6258698845293006
1759,1594,kanel,sorry,senegal,12,0,-3.00936064947057,,15.20066949,-12.94539215,15.2,-12.95,15.2,-12.95,15.2,-12.95,15.23872587,-13.36263999,0.8,-0.18054533004760742,0.19285714285714292,56480806.52208929,0.17427296939413736,0.28027011736422464
1760,1958,dagana,bouleydi,senegal,4,0,-2.69687836556636,,16.58435183,-15.45257669,16.6,-15.45,16.6,-15.45,16.6,-15.45,16.47147469,-15.40508637,0.0,0.0,,0.0,0.17078814899918124,0.0
1761,1878,podor,dodele,senegal,8,0,-2.8532735615352,,16.50354464,-14.42019001,16.5,-14.4,16.5,-14.4,16.5,-14.4,16.47147469,-14.56250057,0.6,-0.22772661844889322,-0.05526315789473683,87642230.13625772,0.13799019896814188,0.6664631656013654
1762,1386,matam,boynadji roumbe,senegal,4,0,-4.01696188682698,1.0,,,,,,,,,14.72402296,-17.45998489,,,,,,
1763,1129,kaolack,sara ndiougary,senegal,8,1,-1.60110667552227,1.0,,,,,,,,,14.72402296,-17.45998489,,,,,,
1764,1432,matam,golere,senegal,7,0,-3.44422679464267,,16.24895647,-14.10938504,16.25,-14.1,16.25,-14.1,16.25,-14.1,16.42033799,-14.01712506,0.8,-0.1521018147468567,-0.07499999999999998,67380541.52758224,0.15275634748350336,0.6490141175309769
1765,965,louga,ndiagne,senegal,5,2,-4.79000213300807,1.0,15.51803969,-16.05754713,15.5,-16.05,15.5,-16.05,15.5,-16.05,15.38130032,-16.02810215,1.2,-0.1838888923327128,-0.1166666666666667,30431244.908496004,0.19544063384303087,0.45986994154273503
1766,847,diourbel,medinatoul nord,senegal,12,0,-2.58623721156716,,14.65733141,-16.23486005,14.65,-16.25,14.65,-16.25,14.65,-16.25,14.66195934,-16.23192106,0.4,-0.32031071186065674,-0.036206896551724155,40611737.75569371,0.20315482194846746,0.31515939206315724
1767,757,diourbel,medinatoul est,senegal,14,3,-1.25649548944192,1.0,,,,,,,,,14.72402296,-17.45998489,,,,,,
1768,1913,podor,nanaye,senegal,16,0,-2.46724576975571,,16.24874342,-14.10811085,16.25,-14.1,16.25,-14.1,16.25,-14.1,16.42033799,-14.01712506,0.8,-0.1521018147468567,-0.07499999999999998,67380541.52758224,0.15275634748350336,0.6490141175309769
1769,1324,kanel,aoure,senegal,15,0,-3.85715383737942,1.0,15.14596428,-12.94689277,15.15,-12.95,15.15,-12.95,15.15,-12.95,15.23872587,-13.36263999,0.8,-0.20756706595420837,0.19285714285714292,56480806.52208929,0.17407560827176505,0.2201866143609424
1770,1286,mbacke,mbacke khewar,senegal,8,0,-1.80675166564579,,14.80411689,-15.91020024,14.8,-15.9,14.8,-15.9,14.8,-15.9,14.81724179,-15.88108409,0.2,-0.030669331550598145,-0.017796610169491522,88734721.23539704,0.21091337244339783,0.5545915366157987
1771,1442,matam,badel,senegal,10,2,-3.79244039097451,1.0,15.96479168,-13.59455201,15.95,-13.6,15.95,-13.6,15.95,-13.6,16.0110665,-13.6728487,0.6,-0.14407789707183838,0.2956140350877193,69908285.96822166,0.16332740203840718,0.762616218833181
1772,485,mbour,darou salam,senegal,11,1,-2.62554076369113,1.0,15.44284137,-14.05528102,15.45,-14.05,15.45,-14.05,15.45,-14.05,15.38130032,-14.01712506,0.4,-0.21544945240020752,-0.03620689655172412,47665098.4684764,0.19054119811583461,0.6258698845293006
1773,1918,podor,nanaye,senegal,7,0,-4.94531440437986,,16.24874342,-14.10811085,16.25,-14.1,16.25,-14.1,16.25,-14.1,16.42033799,-14.01712506,0.8,-0.1521018147468567,-0.07499999999999998,67380541.52758224,0.15275634748350336,0.6490141175309769
1774,1306,mbacke,darou khoudoss i,senegal,6,0,-1.66202933579731,,14.8653417,-15.87905597,14.85,-15.9,14.85,-15.9,14.85,-15.9,14.85551526,-15.88108409,0.2,-0.06695318222045898,-0.017796610169491522,88734721.23539704,0.19541316933321964,0.4296550142673737
1775,475,mbour,darou salam,senegal,9,0,-2.40392582813044,,15.44284137,-14.05528102,15.45,-14.05,15.45,-14.05,15.45,-14.05,15.38130032,-14.01712506,0.4,-0.21544945240020752,-0.03620689655172412,47665098.4684764,0.19054119811583461,0.6258698845293006
1776,1230,diourbel,cite basse,senegal,12,2,-1.80181038003192,0.0,14.6563781,-16.23450966,14.65,-16.25,14.65,-16.25,14.65,-16.25,14.66195934,-16.23192106,0.4,-0.32031071186065674,-0.036206896551724155,40611737.75569371,0.20315482194846746,0.31515939206315724
1777,56,pikine,ousmane faye 05,senegal,1,0,-2.40151845095551,,14.8268,-17.27016,14.85,-17.25,14.75,-17.24999999999997,14.85,-17.25,14.81724179,-17.22764196,0.4,0.0,-0.036206896551724155,108414.2033981107,0.2075499964908114,
1778,1227,diourbel,thierno kandji,senegal,10,3,-1.88051427346657,1.0,14.6563661,-16.23464222,14.65,-16.25,14.65,-16.25,14.65,-16.25,14.66195934,-16.23192106,0.4,-0.32031071186065674,-0.036206896551724155,40611737.75569371,0.20315482194846746,0.31515939206315724
1779,1226,diourbel,thierno kandji,senegal,4,1,-1.67343124497084,0.0,14.6563661,-16.23464222,14.65,-16.25,14.65,-16.25,14.65,-16.25,14.66195934,-16.23192106,0.4,-0.32031071186065674,-0.036206896551724155,40611737.75569371,0.20315482194846746,0.31515939206315724
1780,766,diourbel,medinatoul,senegal,7,0,-1.00671230739977,,14.73727345,-16.24237956,14.75,-16.25,14.75,-16.25,14.75,-16.25,14.74391863,-16.24558632,0.6,-0.12891010443369547,-0.055263157894736854,56652732.24892815,0.21241840067868403,0.19563670137163727
1781,609,rufisque,diokoul kaw,senegal,8,0,-0.251590617377414,,14.71694283,-17.29013219,14.7,-17.3,14.75,-17.299999999999983,14.7,-17.3,14.72094534,-17.34454455,0.0,0.0,,0.0,0.18609469526940595,0.0
1782,1090,kaolack,ndorong,senegal,4,0,-1.73442709619722,,14.08694396,-16.35938655,14.1,-16.35,14.1,-16.35,14.1,-16.35,14.0770377,-16.39672928,0.4,-0.39639490842819214,-0.036206896551724155,40611737.75569371,0.1928555006388203,-0.046086894811284834
1783,398,guediawaye,cite des enseignants,senegal,4,0,-1.26556609301943,,14.77683245,-17.40519022,14.8,-17.4,14.75,-17.399999999999977,14.8,-17.4,14.77734506,-17.39599836,0.4,0.0,-0.036206896551724155,69691.75401648635,0.1047905545263934,
1784,450,dakar,arafat,senegal,4,1,-1.21590410720137,1.0,14.71105977,-17.4688686,14.7,-17.45,14.75,-17.399999999999977,14.7,-17.45,14.72094534,-17.45998489,0.0,0.0,,0.0,0.1047905545263934,0.0
1785,629,rufisque,niagha ouolof,senegal,9,2,-0.994337609317206,1.0,14.80539524,-17.23892342,14.8,-17.25,14.8,-17.25,14.8,-17.25,14.81724179,-17.22764196,0.4,0.0,-0.036206896551724155,108414.2033981107,0.21121838802929951,0.5477543569909434
1786,1892,podor,sourboti,senegal,1,0,-1.11384874364369,,16.22157694370984,-14.09291881,16.2,-14.1,16.2,-14.1,16.2,-14.1,16.42033799,-14.01712506,0.8,-0.14679557085037231,-0.07499999999999998,67380541.52758224,0.16257231860629903,0.5971275199775935
1787,886,bambeye,leona sud,senegal,2,0,0.145171231269527,,14.69755622,-16.45053577,14.7,-16.45,14.7,-16.45,14.7,-16.45,14.72094534,-16.45109143,0.6,-0.1686855951944987,-0.055263157894736854,56652732.24892815,0.21031591529079613,0.05209527572712604
1788,1970,dagana,bouleydi,senegal,8,2,-2.34893227607504,1.0,16.58435183,-15.45257669,16.6,-15.45,16.6,-15.45,16.6,-15.45,16.47147469,-15.40508637,0.0,0.0,,0.0,0.17078814899918124,0.0
1789,1662,kaffrine,darou nandjigui,senegal,10,2,-1.38063795717625,1.0,14.1046257,-15.54985414,14.1,-15.55,14.1,-15.55,14.1,-15.55,14.0770377,-15.5307987,0.4,-0.7507490515708923,-0.036206896551724155,40611737.75569371,0.21317983731244286,0.9624330451177321
1790,1962,dagana,bouleydi,senegal,7,1,-2.29391940805359,0.0,16.58435183,-15.45257669,16.6,-15.45,16.6,-15.45,16.6,-15.45,16.47147469,-15.40508637,0.0,0.0,,0.0,0.17078814899918124,0.0
1791,1612,matam,diandioly,senegal,8,0,-2.25468355105065,,15.54077403,-13.24904558,15.55,-13.25,15.55,-13.25,15.55,-13.25,15.6680352,-13.36263999,0.6,-0.19497605164845785,0.29561403508771933,34455759.65059786,0.14055469494761255,0.1009059454995454
1792,623,rufisque,niagha ouolof,senegal,2,0,0.108695911184245,1.0,14.80539524,-17.23892342,14.8,-17.25,14.8,-17.25,14.8,-17.25,14.81724179,-17.22764196,0.4,0.0,-0.036206896551724155,108414.2033981107,0.21121838802929951,0.5477543569909434
1793,1954,dagana,bouleydi,senegal,7,0,-0.150157874435414,,16.58435183,-15.45257669,16.6,-15.45,16.6,-15.45,16.6,-15.45,16.47147469,-15.40508637,0.0,0.0,,0.0,0.17078814899918124,0.0
1794,1955,dagana,bouleydi,senegal,6,2,-2.79023737880671,1.0,16.58435183,-15.45257669,16.6,-15.45,16.6,-15.45,16.6,-15.45,16.47147469,-15.40508637,0.0,0.0,,0.0,0.17078814899918124,0.0
1795,638,rufisque,niagha ouolof,senegal,6,2,0.509052681827235,1.0,14.80539524,-17.23892342,14.8,-17.25,14.8,-17.25,14.8,-17.25,14.81724179,-17.22764196,0.4,0.0,-0.036206896551724155,108414.2033981107,0.21121838802929951,0.5477543569909434
1796,633,rufisque,niagha wolof,senegal,4,0,-1.56418835486768,,14.82344849,-17.24397596,14.8,-17.25,14.8,-17.25,14.8,-17.25,14.81724179,-17.22764196,0.4,0.0,-0.036206896551724155,108414.2033981107,0.21121838802929951,0.5477543569909434
1797,1953,dagana,bouleydi,senegal,9,0,-0.137215185154431,,16.58435183,-15.45257669,16.6,-15.45,16.6,-15.45,16.6,-15.45,16.47147469,-15.40508637,0.0,0.0,,0.0,0.17078814899918124,0.0
1798,1346,matam,agnam civol,senegal,6,0,-0.6533819762863,,16.00801046,-13.68783836,16.0,-13.7,16.0,-13.7,16.0,-13.7,16.0110665,-13.6728487,0.4,-0.31820470094680786,-0.03620689655172412,47665098.4684764,0.15609126016307415,0.4452895588499679
1799,774,diourbel,medinatoul,senegal,5,1,-0.004051439721567,1.0,14.73727345,-16.24237956,14.75,-16.25,14.75,-16.25,14.75,-16.25,14.74391863,-16.24558632,0.6,-0.12891010443369547,-0.055263157894736854,56652732.24892815,0.21241840067868403,0.19563670137163727
1800,1841,st-louis,sor nord,senegal,9,2,0.540115136101594,0.0,16.03200409,-16.47188231,16.05,-16.45,16.05,-16.45,16.05,-16.45,16.0110665,-16.45109143,0.0,0.0,,0.0,0.15915969174752542,0.0
1801,1839,st-louis,sor nord,senegal,6,4,0.633302498924671,1.0,16.03200409,-16.47188231,16.05,-16.45,16.05,-16.45,16.05,-16.45,16.0110665,-16.45109143,0.0,0.0,,0.0,0.15915969174752542,0.0
1802,1311,mbacke,darou khoudouss,senegal,5,2,-0.401345907594155,1.0,14.8653417,-15.87905597,14.85,-15.9,14.85,-15.9,14.85,-15.9,14.85551526,-15.88108409,0.2,-0.06695318222045898,-0.017796610169491522,88734721.23539704,0.19541316933321964,0.4296550142673737
1803,1116,kaolack,sara ndiougary,senegal,11,0,0.250198896207576,,,,,,,,,,14.72402296,-17.45998489,,,,,,
1804,71,pikine,ousmane faye 05,senegal,9,1,0.540115136101594,0.0,14.8268,-17.27016,14.85,-17.25,14.75,-17.24999999999997,14.85,-17.25,14.81724179,-17.22764196,0.4,0.0,-0.036206896551724155,108414.2033981107,0.2075499964908114,
1805,1368,matam,nguedjilogne somone,senegal,16,1,-2.15238869843495,1.0,15.9373344,-13.35219736,15.95,-13.35,15.95,-13.35,15.95,-13.35,16.0110665,-13.36263999,0.6,-0.17210543155670166,0.2956140350877193,69908285.96822166,0.15722013875900648,0.5708981717969052
1806,791,mbacke,guede bousso,senegal,8,5,-0.0362622087627638,0.0,14.89820198,-15.86724177,14.9,-15.85,14.9,-15.85,14.9,-15.85,14.85551526,-15.88108409,0.2,-0.07495784759521484,-0.017796610169491522,88734721.23539704,0.2087404012816917,0.45797913261875534
1807,1744,bakel,ndiaye counda,senegal,7,0,-1.40159753521089,,14.1372415,-15.49080373,14.15,-15.5,14.15,-15.5,14.15,-15.5,14.13637726,-15.5307987,0.4,-0.7484819293022156,-0.036206896551724155,40611737.75569371,0.22504927905881528,1.1801021729815546
1808,1280,mbacke,mbacke khewar,senegal,7,0,-0.0877971757881664,,14.80411689,-15.91020024,14.8,-15.9,14.8,-15.9,14.8,-15.9,14.81724179,-15.88108409,0.2,-0.030669331550598145,-0.017796610169491522,88734721.23539704,0.21091337244339783,0.5545915366157987
1809,793,mbacke,guede bousso,senegal,4,1,0.66436495319903,1.0,14.89820198,-15.86724177,14.9,-15.85,14.9,-15.85,14.9,-15.85,14.85551526,-15.88108409,0.2,-0.07495784759521484,-0.017796610169491522,88734721.23539704,0.2087404012816917,0.45797913261875534
1810,1375,matam,nguidjilogne somone,senegal,8,1,-0.776900429396693,1.0,,,,,,,,,14.72402296,-17.45998489,,,,,,
1811,554,pikine,samba niang,senegal,5,1,0.560823438951166,0.0,14.80972717,-15.90288816,14.8,-15.9,14.8,-15.9,14.8,-15.9,14.81724179,-15.88108409,0.2,-0.030669331550598145,-0.017796610169491522,88734721.23539704,0.21091337244339783,0.5545915366157987
1812,1361,matam,agnam civol,senegal,11,3,-0.0318247152949981,1.0,16.00801046,-13.68783836,16.0,-13.7,16.0,-13.7,16.0,-13.7,16.0110665,-13.6728487,0.4,-0.31820470094680786,-0.03620689655172412,47665098.4684764,0.15609126016307415,0.4452895588499679
1813,61,pikine,ousmane faye 05,senegal,7,1,-0.530808172376752,0.0,14.8268,-17.27016,14.85,-17.25,14.75,-17.24999999999997,14.85,-17.25,14.81724179,-17.22764196,0.4,0.0,-0.036206896551724155,108414.2033981107,0.2075499964908114,
1814,628,rufisque,niagha ouolof,senegal,8,1,-1.57978555775907,0.0,14.80539524,-17.23892342,14.8,-17.25,14.8,-17.25,14.8,-17.25,14.81724179,-17.22764196,0.4,0.0,-0.036206896551724155,108414.2033981107,0.21121838802929951,0.5477543569909434
1815,59,pikine,ousmane faye 05,senegal,7,0,0.453388396838186,,14.8268,-17.27016,14.85,-17.25,14.75,-17.24999999999997,14.85,-17.25,14.81724179,-17.22764196,0.4,0.0,-0.036206896551724155,108414.2033981107,0.2075499964908114,
1816,491,mbour,darou salam,senegal,7,2,0.602240044650312,1.0,15.44284137,-14.05528102,15.45,-14.05,15.45,-14.05,15.45,-14.05,15.38130032,-14.01712506,0.4,-0.21544945240020752,-0.03620689655172412,47665098.4684764,0.19054119811583461,0.6258698845293006
1817,741,diourbel,medinatoul est,senegal,9,1,0.540115136101594,0.0,,,,,,,,,14.72402296,-17.45998489,,,,,,
1818,72,pikine,ousmane faye 05,senegal,3,0,-0.683713066573616,,14.8268,-17.27016,14.85,-17.25,14.75,-17.24999999999997,14.85,-17.25,14.81724179,-17.22764196,0.4,0.0,-0.036206896551724155,108414.2033981107,0.2075499964908114,
1819,1960,dagana,bouleydi,senegal,9,1,-0.0207309816255842,1.0,16.58435183,-15.45257669,16.6,-15.45,16.6,-15.45,16.6,-15.45,16.47147469,-15.40508637,0.0,0.0,,0.0,0.17078814899918124,0.0
1820,1067,louga,santhiaba centre,senegal,5,2,0.0569251540603135,1.0,15.6277561,-16.22782692,15.65,-16.25,15.65,-16.25,15.65,-16.25,15.6680352,-16.23192106,1.0,-0.22147805690765382,-0.09545454545454547,31439893.328834556,0.17943069117445687,0.4266692509039231
1821,1357,matam,sinthiou cire mato,senegal,4,3,-2.34893227607504,1.0,16.04509141,-13.72755926,16.05,-13.75,16.05,-13.75,16.05,-13.75,16.0110665,-13.6728487,0.6,-0.18443707625071207,-0.055263157894736806,31792169.6249615,0.1459155613254634,0.05577000884684254
1822,622,rufisque,niagha ouolof,senegal,14,0,-0.0983871173114819,,14.80539524,-17.23892342,14.8,-17.25,14.8,-17.25,14.8,-17.25,14.81724179,-17.22764196,0.4,0.0,-0.036206896551724155,108414.2033981107,0.21121838802929951,0.5477543569909434
1823,74,pikine,ousmane faye 05,senegal,5,1,1.09839068513751,0.0,14.8268,-17.27016,14.85,-17.25,14.75,-17.24999999999997,14.85,-17.25,14.81724179,-17.22764196,0.4,0.0,-0.036206896551724155,108414.2033981107,0.2075499964908114,
1824,631,rufisque,niagha ouolof,senegal,7,1,-1.10198839337533,0.0,14.80539524,-17.23892342,14.8,-17.25,14.8,-17.25,14.8,-17.25,14.81724179,-17.22764196,0.4,0.0,-0.036206896551724155,108414.2033981107,0.21121838802929951,0.5477543569909434
1825,1746,bakel,ndiaye counda,senegal,3,1,-1.62447074247078,1.0,14.1372415,-15.49080373,14.15,-15.5,14.15,-15.5,14.15,-15.5,14.13637726,-15.5307987,0.4,-0.7484819293022156,-0.036206896551724155,40611737.75569371,0.22504927905881528,1.1801021729815546
1826,1396,matam,boynadji roumde,senegal,20,1,-2.21742707222107,1.0,15.66051954,-13.35041654,15.65,-13.35,15.65,-13.35,15.65,-13.35,15.6680352,-13.36263999,0.8,-0.16032558679580688,0.46071428571428574,24715000.212572217,0.154766297982673,0.1382486800476584
1827,1959,dagana,bouleydi,senegal,8,0,-2.00486129807624,,16.58435183,-15.45257669,16.6,-15.45,16.6,-15.45,16.6,-15.45,16.47147469,-15.40508637,0.0,0.0,,0.0,0.17078814899918124,0.0
1828,640,rufisque,niagha ouolof,senegal,8,2,-0.551650917597871,1.0,14.80539524,-17.23892342,14.8,-17.25,14.8,-17.25,14.8,-17.25,14.81724179,-17.22764196,0.4,0.0,-0.036206896551724155,108414.2033981107,0.21121838802929951,0.5477543569909434
1829,1358,matam,sinthiou sire mato,senegal,15,2,-2.16565631509714,1.0,16.00801046,-13.68783836,16.0,-13.7,16.0,-13.7,16.0,-13.7,16.0110665,-13.6728487,0.4,-0.31820470094680786,-0.03620689655172412,47665098.4684764,0.15609126016307415,0.4452895588499679
1830,1957,dagana,bouleydi,senegal,7,0,-1.2771465092788,,16.58435183,-15.45257669,16.6,-15.45,16.6,-15.45,16.6,-15.45,16.47147469,-15.40508637,0.0,0.0,,0.0,0.17078814899918124,0.0
1831,827,diourbel,medinatoul,senegal,3,0,-0.613893090062097,,14.73727345,-16.24237956,14.75,-16.25,14.75,-16.25,14.75,-16.25,14.74391863,-16.24558632,0.6,-0.12891010443369547,-0.055263157894736854,56652732.24892815,0.21241840067868403,0.19563670137163727
1832,1965,dagana,bouleydi,senegal,7,4,-0.478220884535751,1.0,16.58435183,-15.45257669,16.6,-15.45,16.6,-15.45,16.6,-15.45,16.47147469,-15.40508637,0.0,0.0,,0.0,0.17078814899918124,0.0
1833,1815,st-louis,pikine,senegal,7,0,-0.265101297856811,,16.11042196,-16.49496496,16.1,-16.5,16.1,-16.5,16.1,-16.5,16.0110665,-16.49789432,0.0,0.0,,0.0,0.1404882058810358,0.0
1834,1370,matam,nguidjilogne somona,senegal,17,0,-1.59858536390882,,15.9373344,-13.35219736,15.95,-13.35,15.95,-13.35,15.95,-13.35,16.0110665,-13.36263999,0.6,-0.17210543155670166,0.2956140350877193,69908285.96822166,0.15722013875900648,0.5708981717969052
1835,1410,matam,moderne ii,senegal,6,0,-1.44646513708413,,15.61359152,-13.32345921,15.6,-13.3,15.6,-13.3,15.6,-13.3,15.6680352,-13.36263999,0.4,-0.28786253929138184,0.48103448275862065,45684180.71793652,0.15144391499366563,0.01543036411523599
1836,1056,louga,santhiaba centre,senegal,9,1,1.11611184910981,0.0,15.6277561,-16.22782692,15.65,-16.25,15.65,-16.25,15.65,-16.25,15.6680352,-16.23192106,1.0,-0.22147805690765382,-0.09545454545454547,31439893.328834556,0.17943069117445687,0.4266692509039231
1837,1811,st-louis,pikine,senegal,7,1,0.133342275491506,1.0,16.11042196,-16.49496496,16.1,-16.5,16.1,-16.5,16.1,-16.5,16.0110665,-16.49789432,0.0,0.0,,0.0,0.1404882058810358,0.0
1838,1625,matam,diandioly,senegal,5,1,0.848169110153919,1.0,15.54077403,-13.24904558,15.55,-13.25,15.55,-13.25,15.55,-13.25,15.6680352,-13.36263999,0.6,-0.19497605164845785,0.29561403508771933,34455759.65059786,0.14055469494761255,0.1009059454995454
1839,483,mbour,darou salam,senegal,12,3,-1.12897367502491,1.0,15.44284137,-14.05528102,15.45,-14.05,15.45,-14.05,15.45,-14.05,15.38130032,-14.01712506,0.4,-0.21544945240020752,-0.03620689655172412,47665098.4684764,0.19054119811583461,0.6258698845293006
1840,1377,matam,nguidjilogne somono,senegal,18,2,0.470224613984286,1.0,15.9373344,-13.35219736,15.95,-13.35,15.95,-13.35,15.95,-13.35,16.0110665,-13.36263999,0.6,-0.17210543155670166,0.2956140350877193,69908285.96822166,0.15722013875900648,0.5708981717969052
1841,1113,kaolack,sara ndiougary,senegal,7,2,0.0066951770438307,1.0,,,,,,,,,14.72402296,-17.45998489,,,,,,
1842,1964,dagana,bouleydi,senegal,19,1,-0.209324454005621,0.0,16.58435183,-15.45257669,16.6,-15.45,16.6,-15.45,16.6,-15.45,16.47147469,-15.40508637,0.0,0.0,,0.0,0.17078814899918124,0.0
1843,549,pikine,samba niang,senegal,4,0,-0.165453311474064,,14.80972717,-15.90288816,14.8,-15.9,14.8,-15.9,14.8,-15.9,14.81724179,-15.88108409,0.2,-0.030669331550598145,-0.017796610169491522,88734721.23539704,0.21091337244339783,0.5545915366157987
1844,1501,matam,diamel,senegal,9,6,-0.79488496130963,1.0,15.83897387,-13.22043021,15.85,-13.2,15.85,-13.2,15.85,-13.2,15.71702669,-13.36263999,0.8,-0.17065495252609253,0.19285714285714287,52655255.40438127,0.16015655117127092,0.32330553063730366
1845,1568,matam,mango,senegal,4,1,0.129325348030422,1.0,15.60094582,-13.322622,15.6,-13.3,15.6,-13.3,15.6,-13.3,15.6680352,-13.36263999,0.4,-0.28786253929138184,0.48103448275862065,45684180.71793652,0.15144391499366563,0.01543036411523599
1846,630,rufisque,niagha ouolof,senegal,11,0,-1.56294934061297,,14.80539524,-17.23892342,14.8,-17.25,14.8,-17.25,14.8,-17.25,14.81724179,-17.22764196,0.4,0.0,-0.036206896551724155,108414.2033981107,0.21121838802929951,0.5477543569909434
1847,625,rufisque,niagha ouolof,senegal,10,0,0.560823438951166,,14.80539524,-17.23892342,14.8,-17.25,14.8,-17.25,14.8,-17.25,14.81724179,-17.22764196,0.4,0.0,-0.036206896551724155,108414.2033981107,0.21121838802929951,0.5477543569909434
1848,1118,kaolack,sara ndiougary,senegal,10,1,-0.0983871173114819,1.0,,,,,,,,,14.72402296,-17.45998489,,,,,,
1849,1502,matam,diamel,senegal,16,1,-2.33896384220687,1.0,15.83897387,-13.22043021,15.85,-13.2,15.85,-13.2,15.85,-13.2,15.71702669,-13.36263999,0.8,-0.17065495252609253,0.19285714285714287,52655255.40438127,0.16015655117127092,0.32330553063730366
1850,634,rufisque,niagha ouolof,senegal,16,0,0.509052681827235,,14.80539524,-17.23892342,14.8,-17.25,14.8,-17.25,14.8,-17.25,14.81724179,-17.22764196,0.4,0.0,-0.036206896551724155,108414.2033981107,0.21121838802929951,0.5477543569909434
1851,597,dakar,hlm 4,senegal,7,1,1.41260942346367,1.0,14.71207849,-17.44431032,14.7,-17.45,14.75,-17.399999999999977,14.7,-17.45,14.72094534,-17.45998489,0.0,0.0,,0.0,0.1047905545263934,0.0
1852,685,tiwaouane,ndiandakhoune,senegal,11,1,1.09449715727239,1.0,14.95366585,-16.81168094,14.95,-16.8,14.95,-16.8,14.95,-16.8,15.03429087,-16.79291761,0.8,-0.2366732954978943,-0.075,43538475.11259475,0.18710302971744586,0.27134429912987645
1853,1961,dagana,bouleydi,senegal,5,0,0.620377778808619,,16.58435183,-15.45257669,16.6,-15.45,16.6,-15.45,16.6,-15.45,16.47147469,-15.40508637,0.0,0.0,,0.0,0.17078814899918124,0.0
1854,626,rufisque,niagha ouolof,senegal,20,0,-1.49893737752607,,14.80539524,-17.23892342,14.8,-17.25,14.8,-17.25,14.8,-17.25,14.81724179,-17.22764196,0.4,0.0,-0.036206896551724155,108414.2033981107,0.21121838802929951,0.5477543569909434
1855,1963,dagana,bouleydi,senegal,4,1,1.3313590921952,1.0,16.58435183,-15.45257669,16.6,-15.45,16.6,-15.45,16.6,-15.45,16.47147469,-15.40508637,0.0,0.0,,0.0,0.17078814899918124,0.0
1856,99,pikine,cite lobatt fall,senegal,5,0,-0.789626586023643,,14.74682,-17.40995,14.75,-17.4,14.75,-17.4,14.75,-17.4,14.74391863,-17.39599836,0.4,0.0,-0.036206896551724155,69691.75401648635,0.1047905545263934,0.7159638211632261
1857,1912,podor,nanaye,senegal,12,0,-0.813090756995334,,16.24874342,-14.10811085,16.25,-14.1,16.25,-14.1,16.25,-14.1,16.42033799,-14.01712506,0.8,-0.1521018147468567,-0.07499999999999998,67380541.52758224,0.15275634748350336,0.6490141175309769
1858,402,guediawaye,cite des enseignants,senegal,7,0,1.26923418364648,,14.77683245,-17.40519022,14.8,-17.4,14.75,-17.399999999999977,14.8,-17.4,14.77734506,-17.39599836,0.4,0.0,-0.036206896551724155,69691.75401648635,0.1047905545263934,
1859,680,tiwaouane,ndiandakhoune,senegal,20,2,-0.544783286552235,0.0,14.95366585,-16.81168094,14.95,-16.8,14.95,-16.8,14.95,-16.8,15.03429087,-16.79291761,0.8,-0.2366732954978943,-0.075,43538475.11259475,0.18710302971744586,0.27134429912987645
1860,1842,st-louis,sor nord,senegal,18,1,-0.622846429724099,1.0,16.03200409,-16.47188231,16.05,-16.45,16.05,-16.45,16.05,-16.45,16.0110665,-16.45109143,0.0,0.0,,0.0,0.15915969174752542,0.0
1861,199,dakar,ouagou niayes 2,senegal,20,0,-0.772893110612781,,14.70737,-17.449,14.7,-17.45,14.75,-17.399999999999977,14.7,-17.45,14.72094534,-17.45998489,0.0,0.0,,0.0,0.1047905545263934,0.0
1862,1845,st-louis,sor nord,senegal,5,2,0.834548454246502,1.0,16.03200409,-16.47188231,16.05,-16.45,16.05,-16.45,16.05,-16.45,16.0110665,-16.45109143,0.0,0.0,,0.0,0.15915969174752542,0.0
1863,1969,dagana,bouleydi,senegal,8,1,-2.60467071672681,0.0,16.58435183,-15.45257669,16.6,-15.45,16.6,-15.45,16.6,-15.45,16.47147469,-15.40508637,0.0,0.0,,0.0,0.17078814899918124,0.0
1864,1398,matam,boynadji roumde,senegal,13,1,-0.534626916942527,1.0,15.66051954,-13.35041654,15.65,-13.35,15.65,-13.35,15.65,-13.35,15.6680352,-13.36263999,0.8,-0.16032558679580688,0.46071428571428574,24715000.212572217,0.154766297982673,0.1382486800476584
1865,184,dakar,gibraltar 1,senegal,6,0,1.82969966951752,,14.68384,-17.42093,14.7,-17.4,14.75,-17.399999999999977,14.7,-17.4,14.66195934,-17.39599836,0.0,0.0,,0.0,0.1047905545263934,0.0
1866,250,dakar,gueule tapee,senegal,2,2,1.3313590921952,0.0,14.68287,-17.45728,14.7,-17.45,14.75,-17.399999999999977,14.7,-17.45,14.66195934,-17.45998489,0.0,0.0,,0.0,0.1047905545263934,0.0
1867,632,rufisque,niagha ouolof,senegal,13,0,-0.447716354713852,,14.80539524,-17.23892342,14.8,-17.25,14.8,-17.25,14.8,-17.25,14.81724179,-17.22764196,0.4,0.0,-0.036206896551724155,108414.2033981107,0.21121838802929951,0.5477543569909434
1868,1968,dagana,bouleydi,senegal,15,1,0.0528750170100974,0.0,16.58435183,-15.45257669,16.6,-15.45,16.6,-15.45,16.6,-15.45,16.47147469,-15.40508637,0.0,0.0,,0.0,0.17078814899918124,0.0
1869,168,dakar,hlm 6 nimzat,senegal,6,2,2.42285941425978,0.0,14.72704,-17.4436,14.75,-17.45,15.599999999999994,-16.599999999999966,14.75,-17.45,14.72402296,-17.45998489,0.0,0.0,,0.0,0.17583396515261224,0.0
1870,28,dakar,ngaparou,senegal,11,0,1.95523303446223,,14.46352,-17.05669,14.45,-17.05,14.5,-17.049999999999983,14.45,-17.05,14.47252629,-16.98407509,0.0,0.0,,0.0,0.19843707938592897,0.0
1871,185,dakar,gibraltar 1,senegal,10,1,1.67438739814572,1.0,14.68384,-17.42093,14.7,-17.4,14.75,-17.399999999999977,14.7,-17.4,14.66195934,-17.39599836,0.0,0.0,,0.0,0.1047905545263934,0.0
1872,673,mbour,tefess,senegal,7,1,0.602240044650312,1.0,14.4094197,-16.97209534,14.4,-16.95,14.450000000000003,-16.94999999999999,14.4,-16.95,14.47252629,-16.98407509,0.0,0.0,,0.0,0.20757044342676587,0.0
1873,117,dakar,castor,senegal,11,0,0.606122851434607,,14.72704,-17.4436,14.75,-17.45,15.599999999999994,-16.599999999999966,14.75,-17.45,14.72402296,-17.45998489,0.0,0.0,,0.0,0.17583396515261224,0.0
1874,677,mbour,tefess,senegal,11,0,-0.617478097505749,,14.4094197,-16.97209534,14.4,-16.95,14.450000000000003,-16.94999999999999,14.4,-16.95,14.47252629,-16.98407509,0.0,0.0,,0.0,0.20757044342676587,0.0
1875,1611,matam,djandioly,senegal,6,0,-3.19951487013014,,15.54077403,-13.24904558,15.55,-13.25,15.55,-13.25,15.55,-13.25,15.6680352,-13.36263999,0.6,-0.19497605164845785,0.29561403508771933,34455759.65059786,0.14055469494761255,0.1009059454995454
1876,1582,ranerou,loumbol samba abdoul,senegal,15,1,-3.85715383737942,1.0,15.00226737,-14.67912165,15.0,-14.7,15.0,-14.7,15.0,-14.7,15.03429087,-14.76136369,0.4,-0.1965271234512329,-0.03620689655172413,48087754.75601864,0.19756251154319449,-0.12812182152847945
1877,1583,ranerou,loumbol samba abdoul,senegal,8,1,-3.23588375678797,1.0,15.00226737,-14.67912165,15.0,-14.7,15.0,-14.7,15.0,-14.7,15.03429087,-14.76136369,0.4,-0.1965271234512329,-0.03620689655172413,48087754.75601864,0.19756251154319449,-0.12812182152847945
1878,1573,ranerou,loumbol samba abdoul,senegal,15,1,-4.79000213300807,0.0,15.00226737,-14.67912165,15.0,-14.7,15.0,-14.7,15.0,-14.7,15.03429087,-14.76136369,0.4,-0.1965271234512329,-0.03620689655172413,48087754.75601864,0.19756251154319449,-0.12812182152847945
1879,1176,kaffrine,alloukisy,senegal,9,0,-3.79132665747155,,14.18648357,-15.38471,14.2,-15.4,14.2,-15.4,14.2,-15.4,14.15260799,-15.40508637,0.4,-0.686612069606781,-0.036206896551724155,40611737.75569371,0.226908642028377,1.171346139902701
1880,1183,kaffrine,alloukisy,senegal,5,1,-2.27060540745549,1.0,14.18648357,-15.38471,14.2,-15.4,14.2,-15.4,14.2,-15.4,14.15260799,-15.40508637,0.4,-0.686612069606781,-0.036206896551724155,40611737.75569371,0.226908642028377,1.171346139902701
1881,1175,kaffrine,alloukysy,senegal,13,0,-3.20364418809379,,14.19573112,-15.38689032,14.2,-15.4,14.2,-15.4,14.2,-15.4,14.22169871,-15.40508637,0.4,-0.686612069606781,-0.036206896551724155,40611737.75569371,0.226908642028377,1.171346139902701
1882,1188,kaffrine,alloukysy,senegal,10,1,-3.11045682527071,1.0,14.19573112,-15.38689032,14.2,-15.4,14.2,-15.4,14.2,-15.4,14.22169871,-15.40508637,0.4,-0.686612069606781,-0.036206896551724155,40611737.75569371,0.226908642028377,1.171346139902701
1883,1182,kaffrine,allouky sy,senegal,7,1,-3.66347135367508,1.0,14.18648357,-15.38471,14.2,-15.4,14.2,-15.4,14.2,-15.4,14.15260799,-15.40508637,0.4,-0.686612069606781,-0.036206896551724155,40611737.75569371,0.226908642028377,1.171346139902701
1884,4174,kaffrine,allouky sy,senegal,9,0,-3.85761169288983,,14.18648357,-15.38471,14.2,-15.4,14.2,-15.4,14.2,-15.4,14.15260799,-15.40508637,0.4,-0.686612069606781,-0.036206896551724155,40611737.75569371,0.226908642028377,1.171346139902701
1885,1184,kaffrine,alloukisy,senegal,8,1,-2.10226231966616,1.0,14.18648357,-15.38471,14.2,-15.4,14.2,-15.4,14.2,-15.4,14.15260799,-15.40508637,0.4,-0.686612069606781,-0.036206896551724155,40611737.75569371,0.226908642028377,1.171346139902701
1886,1179,kaffrine,allouky sy,senegal,4,0,-3.0636118686741,,14.18648357,-15.38471,14.2,-15.4,14.2,-15.4,14.2,-15.4,14.15260799,-15.40508637,0.4,-0.686612069606781,-0.036206896551724155,40611737.75569371,0.226908642028377,1.171346139902701
1887,1607,kanel,sorry,senegal,4,1,-4.71234599732217,1.0,15.20066949,-12.94539215,15.2,-12.95,15.2,-12.95,15.2,-12.95,15.23872587,-13.36263999,0.8,-0.18054533004760742,0.19285714285714292,56480806.52208929,0.17427296939413736,0.28027011736422464
1888,1185,kaffrine,alloucky sy,senegal,8,1,-2.97733202123774,1.0,14.18648357,-15.38471,14.2,-15.4,14.2,-15.4,14.2,-15.4,14.15260799,-15.40508637,0.4,-0.686612069606781,-0.036206896551724155,40611737.75569371,0.226908642028377,1.171346139902701
1889,1580,ranerou,loumbol samba abdou,senegal,19,1,-3.93120448636629,1.0,15.00226737,-14.67912165,15.0,-14.7,15.0,-14.7,15.0,-14.7,15.03429087,-14.76136369,0.4,-0.1965271234512329,-0.03620689655172413,48087754.75601864,0.19756251154319449,-0.12812182152847945
1890,1186,kaffrine,allouky nelbel,senegal,20,1,-3.4210813680143,0.0,14.18648357,-15.38471,14.2,-15.4,14.2,-15.4,14.2,-15.4,14.15260799,-15.40508637,0.4,-0.686612069606781,-0.036206896551724155,40611737.75569371,0.226908642028377,1.171346139902701
1891,1626,matam,djandioly,senegal,6,1,-2.28087104410956,1.0,15.54077403,-13.24904558,15.55,-13.25,15.55,-13.25,15.55,-13.25,15.6680352,-13.36263999,0.6,-0.19497605164845785,0.29561403508771933,34455759.65059786,0.14055469494761255,0.1009059454995454
1892,1192,kaffrine,alloukisy terre neuv,senegal,10,1,-2.35248764576517,0.0,14.18648357,-15.38471,14.2,-15.4,14.2,-15.4,14.2,-15.4,14.15260799,-15.40508637,0.4,-0.686612069606781,-0.036206896551724155,40611737.75569371,0.226908642028377,1.171346139902701
1893,1181,kaffrine,alloukysy,senegal,20,4,-2.30356437812442,1.0,14.19573112,-15.38689032,14.2,-15.4,14.2,-15.4,14.2,-15.4,14.22169871,-15.40508637,0.4,-0.686612069606781,-0.036206896551724155,40611737.75569371,0.226908642028377,1.171346139902701
1894,1178,kaffrine,alloucky sy,senegal,5,0,-4.11938966757188,,14.18648357,-15.38471,14.2,-15.4,14.2,-15.4,14.2,-15.4,14.15260799,-15.40508637,0.4,-0.686612069606781,-0.036206896551724155,40611737.75569371,0.226908642028377,1.171346139902701
1895,1194,kaffrine,alloucky sy,senegal,4,1,-3.00691531102285,1.0,14.18648357,-15.38471,14.2,-15.4,14.2,-15.4,14.2,-15.4,14.15260799,-15.40508637,0.4,-0.686612069606781,-0.036206896551724155,40611737.75569371,0.226908642028377,1.171346139902701
1896,1195,kaffrine,alloucky sy,senegal,9,1,-2.89900478462885,1.0,14.18648357,-15.38471,14.2,-15.4,14.2,-15.4,14.2,-15.4,14.15260799,-15.40508637,0.4,-0.686612069606781,-0.036206896551724155,40611737.75569371,0.226908642028377,1.171346139902701
1897,1177,kaffrine,alloucky sy,senegal,19,0,-3.24833062928576,,14.18648357,-15.38471,14.2,-15.4,14.2,-15.4,14.2,-15.4,14.15260799,-15.40508637,0.4,-0.686612069606781,-0.036206896551724155,40611737.75569371,0.226908642028377,1.171346139902701
1898,1180,kaffrine,darou karim,senegal,15,0,-3.26576909664251,,14.92714123,-15.90694784,14.95,-15.9,14.95,-15.9,14.95,-15.9,14.85551526,-15.88108409,0.2,-0.10218560695648193,-0.017796610169491522,88734721.23539704,0.21186602956211897,0.24702162994212773
1899,1193,kaffrine,alloucky sy,senegal,19,1,-2.33307361184369,0.0,14.18648357,-15.38471,14.2,-15.4,14.2,-15.4,14.2,-15.4,14.15260799,-15.40508637,0.4,-0.686612069606781,-0.036206896551724155,40611737.75569371,0.226908642028377,1.171346139902701
1900,1210,mbacke,madiyana 1,senegal,7,0,-1.99478235632644,,14.9198,-15.8823,14.9,-15.9,14.9,-15.9,14.9,-15.9,14.85551526,-15.88108409,0.2,-0.08189427852630615,-0.017796610169491522,88734721.23539704,0.19760650366240864,0.3011360268655398
1901,1189,kaffrine,alloukisy,senegal,8,1,-2.21270660153055,1.0,14.18648357,-15.38471,14.2,-15.4,14.2,-15.4,14.2,-15.4,14.15260799,-15.40508637,0.4,-0.686612069606781,-0.036206896551724155,40611737.75569371,0.226908642028377,1.171346139902701
1902,1191,kaffrine,alloukisy teree neuv,senegal,20,2,-1.90636241716923,1.0,14.18648357,-15.38471,14.2,-15.4,14.2,-15.4,14.2,-15.4,14.15260799,-15.40508637,0.4,-0.686612069606781,-0.036206896551724155,40611737.75569371,0.226908642028377,1.171346139902701
1903,1187,kaffrine,alloucky sy,senegal,11,1,-0.750017359436393,1.0,14.18648357,-15.38471,14.2,-15.4,14.2,-15.4,14.2,-15.4,14.15260799,-15.40508637,0.4,-0.686612069606781,-0.036206896551724155,40611737.75569371,0.226908642028377,1.171346139902701
1904,1627,matam,diandioly,senegal,14,5,-0.438696913372487,1.0,15.54077403,-13.24904558,15.55,-13.25,15.55,-13.25,15.55,-13.25,15.6680352,-13.36263999,0.6,-0.19497605164845785,0.29561403508771933,34455759.65059786,0.14055469494761255,0.1009059454995454
1905,1513,kanel,ballele,senegal,5,0,-3.65656819842439,,15.4549769,-12.93271534,15.45,-12.95,15.45,-12.95,15.45,-12.95,15.38130032,-13.36263999,0.8,-0.19217804074287415,0.46071428571428574,46524090.52397067,0.1516191447405645,0.3151612221831078
1906,1520,kanel,boki,senegal,10,2,-4.24348499414439,0.0,15.88671522,-13.49528794,15.9,-13.5,15.9,-13.5,15.9,-13.5,16.0110665,-13.36263999,0.6,-0.16756848494211832,0.2956140350877193,69908285.96822166,0.1529906753199967,0.7855551617146347
1907,1511,kanel,boki,senegal,12,0,-3.15537449349436,,15.88671522,-13.49528794,15.9,-13.5,15.9,-13.5,15.9,-13.5,16.0110665,-13.36263999,0.6,-0.16756848494211832,0.2956140350877193,69908285.96822166,0.1529906753199967,0.7855551617146347
1908,1945,podor,ndiorna,senegal,13,2,-3.36129372213671,1.0,16.59379009,-14.99088615,16.6,-15.0,16.6,-15.0,16.6,-15.0,16.47147469,-14.93936134,0.0,0.0,,0.0,0.15861178140788185,0.0
1909,1938,podor,ndiorna,senegal,20,2,-2.78239381517037,1.0,16.59379009,-14.99088615,16.6,-15.0,16.6,-15.0,16.6,-15.0,16.47147469,-14.93936134,0.0,0.0,,0.0,0.15861178140788185,0.0
1910,1941,podor,ndiorna,senegal,1,1,-2.78387996586056,0.0,16.59379009,-14.99088615,16.6,-15.0,16.6,-15.0,16.6,-15.0,16.47147469,-14.93936134,0.0,0.0,,0.0,0.15861178140788185,0.0
1911,1949,podor,ndiorna,senegal,6,2,-0.905279564457775,1.0,16.59379009,-14.99088615,16.6,-15.0,16.6,-15.0,16.6,-15.0,16.47147469,-14.93936134,0.0,0.0,,0.0,0.15861178140788185,0.0
1912,1947,podor,ndiorna,senegal,7,1,-1.52696876225321,0.0,16.59379009,-14.99088615,16.6,-15.0,16.6,-15.0,16.6,-15.0,16.47147469,-14.93936134,0.0,0.0,,0.0,0.15861178140788185,0.0
1913,1948,podor,ndiorna,senegal,6,3,0.433228236598899,1.0,16.59379009,-14.99088615,16.6,-15.0,16.6,-15.0,16.6,-15.0,16.47147469,-14.93936134,0.0,0.0,,0.0,0.15861178140788185,0.0
1914,1936,podor,ndiorna,senegal,4,1,-1.6150963132794,1.0,16.59379009,-14.99088615,16.6,-15.0,16.6,-15.0,16.6,-15.0,16.47147469,-14.93936134,0.0,0.0,,0.0,0.15861178140788185,0.0
1915,1942,podor,ndiorna,senegal,5,1,-0.191889136236484,1.0,16.59379009,-14.99088615,16.6,-15.0,16.6,-15.0,16.6,-15.0,16.47147469,-14.93936134,0.0,0.0,,0.0,0.15861178140788185,0.0
1916,1939,podor,ndiorna,senegal,1,0,-1.0205954050664,,16.59379009,-14.99088615,16.6,-15.0,16.6,-15.0,16.6,-15.0,16.47147469,-14.93936134,0.0,0.0,,0.0,0.15861178140788185,0.0
1917,1950,podor,ndiorna,senegal,4,1,0.672148535932551,1.0,16.59379009,-14.99088615,16.6,-15.0,16.6,-15.0,16.6,-15.0,16.47147469,-14.93936134,0.0,0.0,,0.0,0.15861178140788185,0.0
1918,1935,podor,ndiorna,senegal,20,0,-1.27414068024849,,16.59379009,-14.99088615,16.6,-15.0,16.6,-15.0,16.6,-15.0,16.47147469,-14.93936134,0.0,0.0,,0.0,0.15861178140788185,0.0
1919,1509,kanel,sinthiane dioude,senegal,9,0,-3.15532442714395,,16.59843864,-14.88228312,16.6,-14.9,16.6,-14.9,16.6,-14.9,16.47147469,-14.92254071,0.0,0.0,,0.0,0.14821663601983334,0.0
1920,1512,kanel,sama ngaye,senegal,13,0,-3.77949770169353,,15.28333636,-12.96397454,15.3,-12.95,15.3,-12.95,15.3,-12.95,15.23872587,-13.36263999,0.8,-0.17583227157592773,0.46071428571428574,46524090.52397067,0.16492759112283747,0.31747885640388196
1921,1521,kanel,sama ngaye,senegal,13,1,-3.74482976072014,1.0,15.28333636,-12.96397454,15.3,-12.95,15.3,-12.95,15.3,-12.95,15.23872587,-13.36263999,0.8,-0.17583227157592773,0.46071428571428574,46524090.52397067,0.16492759112283747,0.31747885640388196
1922,1519,kanel,boki samba gourma,senegal,4,0,-3.58535736247878,,15.28333636,-12.96397454,15.3,-12.95,15.3,-12.95,15.3,-12.95,15.23872587,-13.36263999,0.8,-0.17583227157592773,0.46071428571428574,46524090.52397067,0.16492759112283747,0.31747885640388196
1923,790,mbacke,guede bousso,senegal,6,1,-3.65164239789706,0.0,14.89820198,-15.86724177,14.9,-15.85,14.9,-15.85,14.9,-15.85,14.85551526,-15.88108409,0.2,-0.07495784759521484,-0.017796610169491522,88734721.23539704,0.2087404012816917,0.45797913261875534
1924,1574,ranerou,womo doro,senegal,6,0,-4.1771999587261,,15.00226737,-14.67912165,15.0,-14.7,15.0,-14.7,15.0,-14.7,15.03429087,-14.76136369,0.4,-0.1965271234512329,-0.03620689655172413,48087754.75601864,0.19756251154319449,-0.12812182152847945
1925,1587,ranerou,wouro doro,senegal,13,0,-3.52711526071436,,15.00226737,-14.67912165,15.0,-14.7,15.0,-14.7,15.0,-14.7,15.03429087,-14.76136369,0.4,-0.1965271234512329,-0.03620689655172413,48087754.75601864,0.19756251154319449,-0.12812182152847945
1926,1588,ranerou,wouro doro,senegal,12,1,-3.74066963385058,0.0,15.00226737,-14.67912165,15.0,-14.7,15.0,-14.7,15.0,-14.7,15.03429087,-14.76136369,0.4,-0.1965271234512329,-0.03620689655172413,48087754.75601864,0.19756251154319449,-0.12812182152847945
1927,1711,bignona,matate,senegal,6,0,-3.01184111155017,,12.92758641,-16.73593231,12.95,-16.75,12.450000000000003,-16.74999999999997,12.95,-16.75,12.92259068,-16.73379647,0.0,0.0,,0.0,0.21635748696884294,0.0
1928,1738,bakel,mouderi,senegal,31,3,-0.699607371871894,1.0,15.06857796,-12.59097186,15.05,-12.6,15.05,-12.6,15.05,-12.6,15.03429087,-12.41480008,1.4,-0.23966022900172643,0.02304582210242589,56275223.146604724,0.17344823063226483,0.6472790437029939
1929,1413,matam,moderne 2,senegal,7,0,-1.18790995733354,,15.61359152,-13.32345921,15.6,-13.3,15.6,-13.3,15.6,-13.3,15.6680352,-13.36263999,0.4,-0.28786253929138184,0.48103448275862065,45684180.71793652,0.15144391499366563,0.01543036411523599
1930,1285,mbacke,mbacke khewar,senegal,6,0,-2.50905656016228,,14.80411689,-15.91020024,14.8,-15.9,14.8,-15.9,14.8,-15.9,14.81724179,-15.88108409,0.2,-0.030669331550598145,-0.017796610169491522,88734721.23539704,0.21091337244339783,0.5545915366157987
1931,1539,kanel,yirla,senegal,8,1,-3.22003787354886,1.0,15.60553632,-13.18272101,15.6,-13.2,15.6,-13.2,15.6,-13.2,15.6680352,-13.36263999,0.8,-0.1700524091720581,0.1928571428571428,26065860.66616341,0.14886990226419286,0.05713420509071172
1932,1499,matam,diamel,senegal,1,1,-3.94423155166841,0.0,15.83897387,-13.22043021,15.85,-13.2,15.85,-13.2,15.85,-13.2,15.71702669,-13.36263999,0.8,-0.17065495252609253,0.19285714285714287,52655255.40438127,0.16015655117127092,0.32330553063730366
1933,1491,matam,diamel,senegal,17,0,-2.6303236546961,,15.83897387,-13.22043021,15.85,-13.2,15.85,-13.2,15.85,-13.2,15.71702669,-13.36263999,0.8,-0.17065495252609253,0.19285714285714287,52655255.40438127,0.16015655117127092,0.32330553063730366
1934,1490,matam,diamel,senegal,12,1,-3.06035659003093,0.0,15.83897387,-13.22043021,15.85,-13.2,15.85,-13.2,15.85,-13.2,15.71702669,-13.36263999,0.8,-0.17065495252609253,0.19285714285714287,52655255.40438127,0.16015655117127092,0.32330553063730366
1935,1530,kanel,yirla,senegal,20,0,-3.96226694064065,,15.60553632,-13.18272101,15.6,-13.2,15.6,-13.2,15.6,-13.2,15.6680352,-13.36263999,0.8,-0.1700524091720581,0.1928571428571428,26065860.66616341,0.14886990226419286,0.05713420509071172
1936,1493,matam,diamel,senegal,9,0,-3.97363804090827,,15.83897387,-13.22043021,15.85,-13.2,15.85,-13.2,15.85,-13.2,15.71702669,-13.36263999,0.8,-0.17065495252609253,0.19285714285714287,52655255.40438127,0.16015655117127092,0.32330553063730366
1937,1474,matam,hodio,senegal,6,1,-3.37098113277452,1.0,16.05755556,-13.72019879,16.05,-13.7,16.05,-13.7,16.05,-13.7,16.0110665,-13.6728487,0.6,-0.18328376611073813,-0.055263157894736806,31792169.6249615,0.14350105402980165,0.07684000194064988
1938,1414,matam,moderne 2,senegal,4,0,-1.73442709619722,,15.61359152,-13.32345921,15.6,-13.3,15.6,-13.3,15.6,-13.3,15.6680352,-13.36263999,0.4,-0.28786253929138184,0.48103448275862065,45684180.71793652,0.15144391499366563,0.01543036411523599
1939,328,dakar,zone b batiment,senegal,3,2,-2.12030039745177,1.0,14.69727437,-17.45416872,14.7,-17.45,14.75,-17.399999999999977,14.7,-17.45,14.72094534,-17.45998489,0.0,0.0,,0.0,0.1047905545263934,0.0
1940,806,foundiougne,escale,senegal,1,0,-0.434084375056402,,14.75636795,-17.14230905,14.75,-17.15,14.75,-17.15,14.75,-17.15,14.76581033,-17.22764196,0.4,-0.23244976997375488,-0.036206896551724134,46465212.46949579,0.21277517922346564,0.7460713613946405
1941,792,mbacke,guede bousso,senegal,14,1,-1.02952938155521,1.0,14.89820198,-15.86724177,14.9,-15.85,14.9,-15.85,14.9,-15.85,14.85551526,-15.88108409,0.2,-0.07495784759521484,-0.017796610169491522,88734721.23539704,0.2087404012816917,0.45797913261875534
1942,458,guediawaye,hlm las palmas,senegal,10,0,0.301969653331507,1.0,14.77009217,-17.40633211,14.75,-17.4,14.75,-17.4,14.75,-17.4,14.77252754,-17.39599836,0.4,0.0,-0.036206896551724155,69691.75401648635,0.1047905545263934,0.7159638211632261
1943,3065,dakar,arafat,senegal,2,0,-0.915532368155579,,14.71105977,-17.4688686,14.7,-17.45,14.75,-17.399999999999977,14.7,-17.45,14.72094534,-17.45998489,0.0,0.0,,0.0,0.1047905545263934,0.0
1944,3067,dakar,arafat,senegal,3,0,-0.817033487248562,,14.71105977,-17.4688686,14.7,-17.45,14.75,-17.399999999999977,14.7,-17.45,14.72094534,-17.45998489,0.0,0.0,,0.0,0.1047905545263934,0.0
1945,1197,mbacke,madiyana 1,senegal,8,0,-0.0633498355984127,,14.9198,-15.8823,14.9,-15.9,14.9,-15.9,14.9,-15.9,14.85551526,-15.88108409,0.2,-0.08189427852630615,-0.017796610169491522,88734721.23539704,0.19760650366240864,0.3011360268655398
1946,1205,mbacke,madiyana 1,senegal,17,1,-0.161559783608948,0.0,14.9198,-15.8823,14.9,-15.9,14.9,-15.9,14.9,-15.9,14.85551526,-15.88108409,0.2,-0.08189427852630615,-0.017796610169491522,88734721.23539704,0.19760650366240864,0.3011360268655398
1947,3064,dakar,arafat,senegal,3,0,-0.817033487248562,,14.71105977,-17.4688686,14.7,-17.45,14.75,-17.399999999999977,14.7,-17.45,14.72094534,-17.45998489,0.0,0.0,,0.0,0.1047905545263934,0.0
1948,404,guediawaye,cite des enseignants,senegal,4,0,0.841669075267675,1.0,14.77683245,-17.40519022,14.8,-17.4,14.75,-17.399999999999977,14.8,-17.4,14.77734506,-17.39599836,0.4,0.0,-0.036206896551724155,69691.75401648635,0.1047905545263934,
1949,231,dakar,dieuppeul 4,senegal,3,0,1.37018716003815,1.0,14.71807,-17.45718,14.7,-17.45,14.75,-17.399999999999977,14.7,-17.45,14.72094534,-17.45998489,0.0,0.0,,0.0,0.1047905545263934,0.0
1950,211,dakar,sacre coeur 1,senegal,5,0,2.52640092850765,,14.7166,-17.4627,14.7,-17.45,14.75,-17.399999999999977,14.7,-17.45,14.72094534,-17.45998489,0.0,0.0,,0.0,0.1047905545263934,0.0
1951,68,pikine,ousmane faye 05,senegal,6,1,-1.26082177542502,0.0,14.8268,-17.27016,14.85,-17.25,14.75,-17.24999999999997,14.85,-17.25,14.81724179,-17.22764196,0.4,0.0,-0.036206896551724155,108414.2033981107,0.2075499964908114,
1952,248,dakar,gueule tapee,senegal,1,1,0.876480215649539,0.0,14.68287,-17.45728,14.7,-17.45,14.75,-17.399999999999977,14.7,-17.45,14.66195934,-17.45998489,0.0,0.0,,0.0,0.1047905545263934,0.0
