,house,district,census_tract,country,date,hh_size,migrant_num,wealth_index,remit,lat,long,intensity,magnitude,duration,frequency,dispersion,lat_SPEI,long_SPEI,NDVI_lat,NDVI_lon,sev_lat,sev_lon,pop_cent_lat,pop_cent_long,annual_frequency,severity,autocorrelation,avg_area,NDVI_mean,SVI_severity
0,1,banwa(solenzo),bankouma,burkina_faso,11/6/2009,12,5,-0.789003958,1.0,11.883200619057966,-4.266469868,-1.532716379,-1.588496193,1.5,1.1666666666666667,-0.30952381,11.9,-4.25,11.9,-4.25,11.9,-4.25,11.84816324,-4.306628383,1.2,-0.2567935685316722,0.07129629629629632,156995571.62714553,0.21904604763491864,-0.17151333956534254
1,2,banwa(solenzo),bankouma,burkina_faso,11/6/2009,17,2,-0.770625581,1.0,11.883200619057966,-4.266469868,-1.532716379,-1.588496193,1.5,1.1666666666666667,-0.30952381,11.9,-4.25,11.9,-4.25,11.9,-4.25,11.84816324,-4.306628383,1.2,-0.2567935685316722,0.07129629629629632,156995571.62714553,0.21904604763491864,-0.17151333956534254
2,3,banwa(solenzo),bankouma,burkina_faso,11/5/2009,16,1,4.131929702007372,0.0,11.883200619057966,-4.266469868,-1.532716379,-1.588496193,1.5,1.1666666666666667,-0.30952381,11.9,-4.25,11.9,-4.25,11.9,-4.25,11.84816324,-4.306628383,1.2,-0.2567935685316722,0.07129629629629632,156995571.62714553,0.21904604763491864,-0.17151333956534254
3,4,banwa(solenzo),bankouma,burkina_faso,11/5/2009,5,1,1.746163493674702,1.0,11.883200619057966,-4.266469868,-1.532716379,-1.588496193,1.5,1.1666666666666667,-0.30952381,11.9,-4.25,11.9,-4.25,11.9,-4.25,11.84816324,-4.306628383,1.2,-0.2567935685316722,0.07129629629629632,156995571.62714553,0.21904604763491864,-0.17151333956534254
4,5,banwa(solenzo),bankouma,burkina_faso,11/5/2009,5,1,-0.773232443,0.0,11.883200619057966,-4.266469868,-1.532716379,-1.588496193,1.5,1.1666666666666667,-0.30952381,11.9,-4.25,11.9,-4.25,11.9,-4.25,11.84816324,-4.306628383,1.2,-0.2567935685316722,0.07129629629629632,156995571.62714553,0.21904604763491864,-0.17151333956534254
5,6,banwa(solenzo),bankouma,burkina_faso,11/5/2009,4,1,-0.935440287,1.0,11.883200619057966,-4.266469868,-1.532716379,-1.588496193,1.5,1.1666666666666667,-0.30952381,11.9,-4.25,11.9,-4.25,11.9,-4.25,11.84816324,-4.306628383,1.2,-0.2567935685316722,0.07129629629629632,156995571.62714553,0.21904604763491864,-0.17151333956534254
6,7,banwa(solenzo),bankouma,burkina_faso,11/5/2009,7,2,-0.787570184,1.0,11.883200619057966,-4.266469868,-1.532716379,-1.588496193,1.5,1.1666666666666667,-0.30952381,11.9,-4.25,11.9,-4.25,11.9,-4.25,11.84816324,-4.306628383,1.2,-0.2567935685316722,0.07129629629629632,156995571.62714553,0.21904604763491864,-0.17151333956534254
7,8,banwa(solenzo),bankouma,burkina_faso,11/6/2009,9,1,1.5557469644134276,0.0,11.883200619057966,-4.266469868,-1.532716379,-1.588496193,1.5,1.1666666666666667,-0.30952381,11.9,-4.25,11.9,-4.25,11.9,-4.25,11.84816324,-4.306628383,1.2,-0.2567935685316722,0.07129629629629632,156995571.62714553,0.21904604763491864,-0.17151333956534254
8,9,banwa(solenzo),bankouma,burkina_faso,11/6/2009,5,2,1.5503703115667324,0.0,11.883200619057966,-4.266469868,-1.532716379,-1.588496193,1.5,1.1666666666666667,-0.30952381,11.9,-4.25,11.9,-4.25,11.9,-4.25,11.84816324,-4.306628383,1.2,-0.2567935685316722,0.07129629629629632,156995571.62714553,0.21904604763491864,-0.17151333956534254
9,10,banwa(solenzo),bankouma,burkina_faso,11/5/2009,8,1,2.373372931463147,1.0,11.883200619057966,-4.266469868,-1.532716379,-1.588496193,1.5,1.1666666666666667,-0.30952381,11.9,-4.25,11.9,-4.25,11.9,-4.25,11.84816324,-4.306628383,1.2,-0.2567935685316722,0.07129629629629632,156995571.62714553,0.21904604763491864,-0.17151333956534254
10,11,banwa(solenzo),bankouma,burkina_faso,11/5/2009,11,4,1.7296042227167672,1.0,11.883200619057966,-4.266469868,-1.532716379,-1.588496193,1.5,1.1666666666666667,-0.30952381,11.9,-4.25,11.9,-4.25,11.9,-4.25,11.84816324,-4.306628383,1.2,-0.2567935685316722,0.07129629629629632,156995571.62714553,0.21904604763491864,-0.17151333956534254
11,12,banwa(solenzo),bankouma,burkina_faso,11/5/2009,8,3,-0.771798669,1.0,11.883200619057966,-4.266469868,-1.532716379,-1.588496193,1.5,1.1666666666666667,-0.30952381,11.9,-4.25,11.9,-4.25,11.9,-4.25,11.84816324,-4.306628383,1.2,-0.2567935685316722,0.07129629629629632,156995571.62714553,0.21904604763491864,-0.17151333956534254
12,13,banwa(solenzo),bankouma,burkina_faso,11/5/2009,11,3,-0.784702636,1.0,11.883200619057966,-4.266469868,-1.532716379,-1.588496193,1.5,1.1666666666666667,-0.30952381,11.9,-4.25,11.9,-4.25,11.9,-4.25,11.84816324,-4.306628383,1.2,-0.2567935685316722,0.07129629629629632,156995571.62714553,0.21904604763491864,-0.17151333956534254
13,14,banwa(solenzo),bankouma,burkina_faso,11/5/2009,14,4,0.2819991719808604,1.0,11.883200619057966,-4.266469868,-1.532716379,-1.588496193,1.5,1.1666666666666667,-0.30952381,11.9,-4.25,11.9,-4.25,11.9,-4.25,11.84816324,-4.306628383,1.2,-0.2567935685316722,0.07129629629629632,156995571.62714553,0.21904604763491864,-0.17151333956534254
14,15,banwa(solenzo),bankouma,burkina_faso,11/5/2009,12,2,-0.789003958,1.0,11.883200619057966,-4.266469868,-1.532716379,-1.588496193,1.5,1.1666666666666667,-0.30952381,11.9,-4.25,11.9,-4.25,11.9,-4.25,11.84816324,-4.306628383,1.2,-0.2567935685316722,0.07129629629629632,156995571.62714553,0.21904604763491864,-0.17151333956534254
15,16,banwa(solenzo),bankouma,burkina_faso,11/5/2009,13,1,3.140035669832512,0.0,11.883200619057966,-4.266469868,-1.532716379,-1.588496193,1.5,1.1666666666666667,-0.30952381,11.9,-4.25,11.9,-4.25,11.9,-4.25,11.84816324,-4.306628383,1.2,-0.2567935685316722,0.07129629629629632,156995571.62714553,0.21904604763491864,-0.17151333956534254
16,17,banwa(solenzo),bankouma,burkina_faso,11/6/2009,24,2,-0.436459866,1.0,11.883200619057966,-4.266469868,-1.532716379,-1.588496193,1.5,1.1666666666666667,-0.30952381,11.9,-4.25,11.9,-4.25,11.9,-4.25,11.84816324,-4.306628383,1.2,-0.2567935685316722,0.07129629629629632,156995571.62714553,0.21904604763491864,-0.17151333956534254
17,18,banwa(solenzo),bankouma,burkina_faso,11/6/2009,13,1,-0.459432838,1.0,11.883200619057966,-4.266469868,-1.532716379,-1.588496193,1.5,1.1666666666666667,-0.30952381,11.9,-4.25,11.9,-4.25,11.9,-4.25,11.84816324,-4.306628383,1.2,-0.2567935685316722,0.07129629629629632,156995571.62714553,0.21904604763491864,-0.17151333956534254
18,28,banwa(solenzo),diontala,burkina_faso,11/7/2009,12,2,-0.454056185,1.0,11.766716904941084,-4.455623572,-1.679054365,-1.840692356,3.0,1.0,-0.333333333,11.75,-4.45,11.75,-4.45,11.75,-4.45,11.69166694,-4.306628383,1.4,-0.42836208854402813,0.18807277628032348,140799990.56987488,0.2322929247031455,-0.1866685006873912
19,29,banwa(solenzo),diontala,burkina_faso,11/7/2009,8,1,-0.475562796,1.0,11.766716904941084,-4.455623572,-1.679054365,-1.840692356,3.0,1.0,-0.333333333,11.75,-4.45,11.75,-4.45,11.75,-4.45,11.69166694,-4.306628383,1.4,-0.42836208854402813,0.18807277628032348,140799990.56987488,0.2322929247031455,-0.1866685006873912
20,39,banwa(solenzo),diontala,burkina_faso,11/8/2009,4,1,-0.780401313,1.0,11.766716904941084,-4.455623572,-1.679054365,-1.840692356,3.0,1.0,-0.333333333,11.75,-4.45,11.75,-4.45,11.75,-4.45,11.69166694,-4.306628383,1.4,-0.42836208854402813,0.18807277628032348,140799990.56987488,0.2322929247031455,-0.1866685006873912
21,40,banwa(solenzo),diontala,burkina_faso,11/8/2009,11,2,-0.776816878,1.0,11.766716904941084,-4.455623572,-1.679054365,-1.840692356,3.0,1.0,-0.333333333,11.75,-4.45,11.75,-4.45,11.75,-4.45,11.69166694,-4.306628383,1.4,-0.42836208854402813,0.18807277628032348,140799990.56987488,0.2322929247031455,-0.1866685006873912
22,41,banwa(solenzo),diontala,burkina_faso,11/7/2009,12,1,-0.415344284,1.0,11.766716904941084,-4.455623572,-1.679054365,-1.840692356,3.0,1.0,-0.333333333,11.75,-4.45,11.75,-4.45,11.75,-4.45,11.69166694,-4.306628383,1.4,-0.42836208854402813,0.18807277628032348,140799990.56987488,0.2322929247031455,-0.1866685006873912
23,42,banwa(solenzo),diontala,burkina_faso,11/7/2009,8,5,-0.766063572,1.0,11.766716904941084,-4.455623572,-1.679054365,-1.840692356,3.0,1.0,-0.333333333,11.75,-4.45,11.75,-4.45,11.75,-4.45,11.69166694,-4.306628383,1.4,-0.42836208854402813,0.18807277628032348,140799990.56987488,0.2322929247031455,-0.1866685006873912
24,43,banwa(solenzo),diontala,burkina_faso,11/7/2009,9,5,-0.801907925,1.0,11.766716904941084,-4.455623572,-1.679054365,-1.840692356,3.0,1.0,-0.333333333,11.75,-4.45,11.75,-4.45,11.75,-4.45,11.69166694,-4.306628383,1.4,-0.42836208854402813,0.18807277628032348,140799990.56987488,0.2322929247031455,-0.1866685006873912
25,44,banwa(solenzo),diontala,burkina_faso,11/7/2009,11,1,-0.771184194,0.0,11.766716904941084,-4.455623572,-1.679054365,-1.840692356,3.0,1.0,-0.333333333,11.75,-4.45,11.75,-4.45,11.75,-4.45,11.69166694,-4.306628383,1.4,-0.42836208854402813,0.18807277628032348,140799990.56987488,0.2322929247031455,-0.1866685006873912
26,45,banwa(solenzo),diontala,burkina_faso,11/7/2009,5,2,-0.791154619,0.0,11.766716904941084,-4.455623572,-1.679054365,-1.840692356,3.0,1.0,-0.333333333,11.75,-4.45,11.75,-4.45,11.75,-4.45,11.69166694,-4.306628383,1.4,-0.42836208854402813,0.18807277628032348,140799990.56987488,0.2322929247031455,-0.1866685006873912
27,46,banwa(solenzo),diontala,burkina_faso,11/7/2009,8,1,0.3250123947544211,0.0,11.766716904941084,-4.455623572,-1.679054365,-1.840692356,3.0,1.0,-0.333333333,11.75,-4.45,11.75,-4.45,11.75,-4.45,11.69166694,-4.306628383,1.4,-0.42836208854402813,0.18807277628032348,140799990.56987488,0.2322929247031455,-0.1866685006873912
28,47,banwa(solenzo),diontala,burkina_faso,11/7/2009,9,1,0.5932896726351421,0.0,11.766716904941084,-4.455623572,-1.679054365,-1.840692356,3.0,1.0,-0.333333333,11.75,-4.45,11.75,-4.45,11.75,-4.45,11.69166694,-4.306628383,1.4,-0.42836208854402813,0.18807277628032348,140799990.56987488,0.2322929247031455,-0.1866685006873912
29,48,banwa(solenzo),diontala,burkina_faso,11/7/2009,9,6,2.0940152336865103,1.0,11.766716904941084,-4.455623572,-1.679054365,-1.840692356,3.0,1.0,-0.333333333,11.75,-4.45,11.75,-4.45,11.75,-4.45,11.69166694,-4.306628383,1.4,-0.42836208854402813,0.18807277628032348,140799990.56987488,0.2322929247031455,-0.1866685006873912
30,49,banwa(solenzo),diontala,burkina_faso,11/7/2009,12,2,2.055411686057125,0.0,11.766716904941084,-4.455623572,-1.679054365,-1.840692356,3.0,1.0,-0.333333333,11.75,-4.45,11.75,-4.45,11.75,-4.45,11.69166694,-4.306628383,1.4,-0.42836208854402813,0.18807277628032348,140799990.56987488,0.2322929247031455,-0.1866685006873912
31,50,banwa(solenzo),diontala,burkina_faso,11/8/2009,9,1,-0.956946898,1.0,11.766716904941084,-4.455623572,-1.679054365,-1.840692356,3.0,1.0,-0.333333333,11.75,-4.45,11.75,-4.45,11.75,-4.45,11.69166694,-4.306628383,1.4,-0.42836208854402813,0.18807277628032348,140799990.56987488,0.2322929247031455,-0.1866685006873912
32,51,banwa(solenzo),diontala,burkina_faso,11/7/2009,18,2,-0.785777966,1.0,11.766716904941084,-4.455623572,-1.679054365,-1.840692356,3.0,1.0,-0.333333333,11.75,-4.45,11.75,-4.45,11.75,-4.45,11.69166694,-4.306628383,1.4,-0.42836208854402813,0.18807277628032348,140799990.56987488,0.2322929247031455,-0.1866685006873912
33,52,banwa(solenzo),diontala,burkina_faso,11/7/2009,7,1,-0.762479137,1.0,11.766716904941084,-4.455623572,-1.679054365,-1.840692356,3.0,1.0,-0.333333333,11.75,-4.45,11.75,-4.45,11.75,-4.45,11.69166694,-4.306628383,1.4,-0.42836208854402813,0.18807277628032348,140799990.56987488,0.2322929247031455,-0.1866685006873912
34,53,banwa(solenzo),diontala,burkina_faso,11/7/2009,6,1,-0.801907925,1.0,11.766716904941084,-4.455623572,-1.679054365,-1.840692356,3.0,1.0,-0.333333333,11.75,-4.45,11.75,-4.45,11.75,-4.45,11.69166694,-4.306628383,1.4,-0.42836208854402813,0.18807277628032348,140799990.56987488,0.2322929247031455,-0.1866685006873912
35,54,banwa(solenzo),diontala,burkina_faso,11/7/2009,12,1,0.6255495897153126,0.0,11.766716904941084,-4.455623572,-1.679054365,-1.840692356,3.0,1.0,-0.333333333,11.75,-4.45,11.75,-4.45,11.75,-4.45,11.69166694,-4.306628383,1.4,-0.42836208854402813,0.18807277628032348,140799990.56987488,0.2322929247031455,-0.1866685006873912
36,55,banwa(solenzo),sanakuy,burkina_faso,11/4/2009,8,1,-0.780401313,0.0,12.184773721304458,-4.085154664,-1.535560384,-1.570247427,1.375,1.1666666666666667,-0.30952381,12.2,-4.1,12.2,-4.1,12.2,-4.1,12.19059873,-4.082842506,1.5,-0.23568215370178222,0.08214285714285713,68050877.58405991,0.2219607677030048,0.09978708786470018
37,56,banwa(solenzo),sanakuy,burkina_faso,11/4/2009,12,1,-0.454056185,1.0,12.184773721304458,-4.085154664,-1.535560384,-1.570247427,1.375,1.1666666666666667,-0.30952381,12.2,-4.1,12.2,-4.1,12.2,-4.1,12.19059873,-4.082842506,1.5,-0.23568215370178222,0.08214285714285713,68050877.58405991,0.2219607677030048,0.09978708786470018
38,57,banwa(solenzo),sanakuy,burkina_faso,11/3/2009,10,1,0.3063733315525447,1.0,12.184773721304458,-4.085154664,-1.535560384,-1.570247427,1.375,1.1666666666666667,-0.30952381,12.2,-4.1,12.2,-4.1,12.2,-4.1,12.19059873,-4.082842506,1.5,-0.23568215370178222,0.08214285714285713,68050877.58405991,0.2219607677030048,0.09978708786470018
39,58,banwa(solenzo),sanakuy,burkina_faso,11/3/2009,12,2,1.7075599460453177,1.0,12.184773721304458,-4.085154664,-1.535560384,-1.570247427,1.375,1.1666666666666667,-0.30952381,12.2,-4.1,12.2,-4.1,12.2,-4.1,12.19059873,-4.082842506,1.5,-0.23568215370178222,0.08214285714285713,68050877.58405991,0.2219607677030048,0.09978708786470018
40,59,banwa(solenzo),sanakuy,burkina_faso,11/4/2009,10,2,-0.791154619,0.0,12.184773721304458,-4.085154664,-1.535560384,-1.570247427,1.375,1.1666666666666667,-0.30952381,12.2,-4.1,12.2,-4.1,12.2,-4.1,12.19059873,-4.082842506,1.5,-0.23568215370178222,0.08214285714285713,68050877.58405991,0.2219607677030048,0.09978708786470018
41,60,banwa(solenzo),sanakuy,burkina_faso,11/4/2009,8,1,0.6654904394336189,1.0,12.184773721304458,-4.085154664,-1.535560384,-1.570247427,1.375,1.1666666666666667,-0.30952381,12.2,-4.1,12.2,-4.1,12.2,-4.1,12.19059873,-4.082842506,1.5,-0.23568215370178222,0.08214285714285713,68050877.58405991,0.2219607677030048,0.09978708786470018
42,61,banwa(solenzo),sanakuy,burkina_faso,11/4/2009,11,3,-0.436850896,1.0,12.184773721304458,-4.085154664,-1.535560384,-1.570247427,1.375,1.1666666666666667,-0.30952381,12.2,-4.1,12.2,-4.1,12.2,-4.1,12.19059873,-4.082842506,1.5,-0.23568215370178222,0.08214285714285713,68050877.58405991,0.2219607677030048,0.09978708786470018
43,62,banwa(solenzo),sanakuy,burkina_faso,11/4/2009,6,1,2.373333171,0.0,12.184773721304458,-4.085154664,-1.535560384,-1.570247427,1.375,1.1666666666666667,-0.30952381,12.2,-4.1,12.2,-4.1,12.2,-4.1,12.19059873,-4.082842506,1.5,-0.23568215370178222,0.08214285714285713,68050877.58405991,0.2219607677030048,0.09978708786470018
44,63,banwa(solenzo),sanakuy,burkina_faso,11/4/2009,9,8,0.2517661798281086,1.0,12.184773721304458,-4.085154664,-1.535560384,-1.570247427,1.375,1.1666666666666667,-0.30952381,12.2,-4.1,12.2,-4.1,12.2,-4.1,12.19059873,-4.082842506,1.5,-0.23568215370178222,0.08214285714285713,68050877.58405991,0.2219607677030048,0.09978708786470018
45,64,banwa(solenzo),sanakuy,burkina_faso,11/4/2009,13,1,-0.79330528,0.0,12.184773721304458,-4.085154664,-1.535560384,-1.570247427,1.375,1.1666666666666667,-0.30952381,12.2,-4.1,12.2,-4.1,12.2,-4.1,12.19059873,-4.082842506,1.5,-0.23568215370178222,0.08214285714285713,68050877.58405991,0.2219607677030048,0.09978708786470018
46,65,banwa(solenzo),sanakuy,burkina_faso,11/4/2009,11,2,-0.796531272,1.0,12.184773721304458,-4.085154664,-1.535560384,-1.570247427,1.375,1.1666666666666667,-0.30952381,12.2,-4.1,12.2,-4.1,12.2,-4.1,12.19059873,-4.082842506,1.5,-0.23568215370178222,0.08214285714285713,68050877.58405991,0.2219607677030048,0.09978708786470018
47,66,banwa(solenzo),sanakuy,burkina_faso,11/4/2009,3,1,-0.769648008,1.0,12.184773721304458,-4.085154664,-1.535560384,-1.570247427,1.375,1.1666666666666667,-0.30952381,12.2,-4.1,12.2,-4.1,12.2,-4.1,12.19059873,-4.082842506,1.5,-0.23568215370178222,0.08214285714285713,68050877.58405991,0.2219607677030048,0.09978708786470018
48,67,banwa(solenzo),sanakuy,burkina_faso,11/3/2009,10,2,-0.420260081,1.0,12.184773721304458,-4.085154664,-1.535560384,-1.570247427,1.375,1.1666666666666667,-0.30952381,12.2,-4.1,12.2,-4.1,12.2,-4.1,12.19059873,-4.082842506,1.5,-0.23568215370178222,0.08214285714285713,68050877.58405991,0.2219607677030048,0.09978708786470018
49,68,banwa(solenzo),sanakuy,burkina_faso,11/4/2009,15,2,-0.783473686,1.0,12.184773721304458,-4.085154664,-1.535560384,-1.570247427,1.375,1.1666666666666667,-0.30952381,12.2,-4.1,12.2,-4.1,12.2,-4.1,12.19059873,-4.082842506,1.5,-0.23568215370178222,0.08214285714285713,68050877.58405991,0.2219607677030048,0.09978708786470018
50,69,banwa(solenzo),sanakuy,burkina_faso,11/4/2009,4,1,-0.780401313,0.0,12.184773721304458,-4.085154664,-1.535560384,-1.570247427,1.375,1.1666666666666667,-0.30952381,12.2,-4.1,12.2,-4.1,12.2,-4.1,12.19059873,-4.082842506,1.5,-0.23568215370178222,0.08214285714285713,68050877.58405991,0.2219607677030048,0.09978708786470018
51,70,banwa(solenzo),sanakuy,burkina_faso,11/4/2009,7,1,-0.775024661,1.0,12.184773721304458,-4.085154664,-1.535560384,-1.570247427,1.375,1.1666666666666667,-0.30952381,12.2,-4.1,12.2,-4.1,12.2,-4.1,12.19059873,-4.082842506,1.5,-0.23568215370178222,0.08214285714285713,68050877.58405991,0.2219607677030048,0.09978708786470018
52,71,banwa(solenzo),sanakuy,burkina_faso,11/4/2009,16,2,0.6450511078361175,0.0,12.184773721304458,-4.085154664,-1.535560384,-1.570247427,1.375,1.1666666666666667,-0.30952381,12.2,-4.1,12.2,-4.1,12.2,-4.1,12.19059873,-4.082842506,1.5,-0.23568215370178222,0.08214285714285713,68050877.58405991,0.2219607677030048,0.09978708786470018
53,72,banwa(solenzo),sanakuy,burkina_faso,11/4/2009,12,1,1.5718769229535128,1.0,12.184773721304458,-4.085154664,-1.535560384,-1.570247427,1.375,1.1666666666666667,-0.30952381,12.2,-4.1,12.2,-4.1,12.2,-4.1,12.19059873,-4.082842506,1.5,-0.23568215370178222,0.08214285714285713,68050877.58405991,0.2219607677030048,0.09978708786470018
54,82,banwa(solenzo),moara,burkina_faso,11/2/2009,7,1,0.036632431,1.0,12.793094716472693,-3.341217169,-1.53161939,-1.621225238,1.6666666666666667,0.5,-0.5,12.8,-3.35,12.8,-3.35,12.8,-3.35,12.76161893,-3.217301896,0.8,-0.24977590143680573,-0.0732142857142857,161029781.88338283,0.21370735262040894,0.7557939951012911
55,84,banwa(solenzo),moara,burkina_faso,11/2/2009,3,1,-0.956946898,0.0,12.793094716472693,-3.341217169,-1.53161939,-1.621225238,1.6666666666666667,0.5,-0.5,12.8,-3.35,12.8,-3.35,12.8,-3.35,12.76161893,-3.217301896,0.8,-0.24977590143680573,-0.0732142857142857,161029781.88338283,0.21370735262040894,0.7557939951012911
56,85,banwa(solenzo),moara,burkina_faso,11/2/2009,5,1,-0.791154619,1.0,12.793094716472693,-3.341217169,-1.53161939,-1.621225238,1.6666666666666667,0.5,-0.5,12.8,-3.35,12.8,-3.35,12.8,-3.35,12.76161893,-3.217301896,0.8,-0.24977590143680573,-0.0732142857142857,161029781.88338283,0.21370735262040894,0.7557939951012911
57,86,banwa(solenzo),moara,burkina_faso,11/2/2009,4,1,-0.630601769,0.0,12.793094716472693,-3.341217169,-1.53161939,-1.621225238,1.6666666666666667,0.5,-0.5,12.8,-3.35,12.8,-3.35,12.8,-3.35,12.76161893,-3.217301896,0.8,-0.24977590143680573,-0.0732142857142857,161029781.88338283,0.21370735262040894,0.7557939951012911
58,87,banwa(solenzo),moara,burkina_faso,11/1/2009,3,1,-0.956946898,1.0,12.793094716472693,-3.341217169,-1.53161939,-1.621225238,1.6666666666666667,0.5,-0.5,12.8,-3.35,12.8,-3.35,12.8,-3.35,12.76161893,-3.217301896,0.8,-0.24977590143680573,-0.0732142857142857,161029781.88338283,0.21370735262040894,0.7557939951012911
59,88,banwa(solenzo),moara,burkina_faso,11/1/2009,8,1,-0.423946929,0.0,12.793094716472693,-3.341217169,-1.53161939,-1.621225238,1.6666666666666667,0.5,-0.5,12.8,-3.35,12.8,-3.35,12.8,-3.35,12.76161893,-3.217301896,0.8,-0.24977590143680573,-0.0732142857142857,161029781.88338283,0.21370735262040894,0.7557939951012911
60,89,banwa(solenzo),moara,burkina_faso,11/1/2009,12,1,-0.418211832,1.0,12.793094716472693,-3.341217169,-1.53161939,-1.621225238,1.6666666666666667,0.5,-0.5,12.8,-3.35,12.8,-3.35,12.8,-3.35,12.76161893,-3.217301896,0.8,-0.24977590143680573,-0.0732142857142857,161029781.88338283,0.21370735262040894,0.7557939951012911
61,90,banwa(solenzo),moara,burkina_faso,11/2/2009,11,1,-0.971284639,1.0,12.793094716472693,-3.341217169,-1.53161939,-1.621225238,1.6666666666666667,0.5,-0.5,12.8,-3.35,12.8,-3.35,12.8,-3.35,12.76161893,-3.217301896,0.8,-0.24977590143680573,-0.0732142857142857,161029781.88338283,0.21370735262040894,0.7557939951012911
62,91,banwa(solenzo),moara,burkina_faso,11/2/2009,11,1,-0.816245666,0.0,12.793094716472693,-3.341217169,-1.53161939,-1.621225238,1.6666666666666667,0.5,-0.5,12.8,-3.35,12.8,-3.35,12.8,-3.35,12.76161893,-3.217301896,0.8,-0.24977590143680573,-0.0732142857142857,161029781.88338283,0.21370735262040894,0.7557939951012911
63,92,banwa(solenzo),moara,burkina_faso,11/2/2009,6,2,-0.801907925,1.0,12.793094716472693,-3.341217169,-1.53161939,-1.621225238,1.6666666666666667,0.5,-0.5,12.8,-3.35,12.8,-3.35,12.8,-3.35,12.76161893,-3.217301896,0.8,-0.24977590143680573,-0.0732142857142857,161029781.88338283,0.21370735262040894,0.7557939951012911
64,93,banwa(solenzo),moara,burkina_faso,11/2/2009,6,4,-0.935440287,1.0,12.793094716472693,-3.341217169,-1.53161939,-1.621225238,1.6666666666666667,0.5,-0.5,12.8,-3.35,12.8,-3.35,12.8,-3.35,12.76161893,-3.217301896,0.8,-0.24977590143680573,-0.0732142857142857,161029781.88338283,0.21370735262040894,0.7557939951012911
65,94,banwa(solenzo),moara,burkina_faso,11/1/2009,14,1,-0.967700204,1.0,12.793094716472693,-3.341217169,-1.53161939,-1.621225238,1.6666666666666667,0.5,-0.5,12.8,-3.35,12.8,-3.35,12.8,-3.35,12.76161893,-3.217301896,0.8,-0.24977590143680573,-0.0732142857142857,161029781.88338283,0.21370735262040894,0.7557939951012911
66,95,banwa(solenzo),moara,burkina_faso,11/1/2009,9,1,-0.989206815,1.0,12.793094716472693,-3.341217169,-1.53161939,-1.621225238,1.6666666666666667,0.5,-0.5,12.8,-3.35,12.8,-3.35,12.8,-3.35,12.76161893,-3.217301896,0.8,-0.24977590143680573,-0.0732142857142857,161029781.88338283,0.21370735262040894,0.7557939951012911
67,104,banwa(solenzo),moara,burkina_faso,11/2/2009,2,1,-0.935440287,1.0,12.793094716472693,-3.341217169,-1.53161939,-1.621225238,1.6666666666666667,0.5,-0.5,12.8,-3.35,12.8,-3.35,12.8,-3.35,12.76161893,-3.217301896,0.8,-0.24977590143680573,-0.0732142857142857,161029781.88338283,0.21370735262040894,0.7557939951012911
68,105,banwa(solenzo),moara,burkina_faso,11/1/2009,8,1,-0.794739054,1.0,12.793094716472693,-3.341217169,-1.53161939,-1.621225238,1.6666666666666667,0.5,-0.5,12.8,-3.35,12.8,-3.35,12.8,-3.35,12.76161893,-3.217301896,0.8,-0.24977590143680573,-0.0732142857142857,161029781.88338283,0.21370735262040894,0.7557939951012911
69,106,banwa(solenzo),moara,burkina_faso,11/1/2009,3,1,-0.905331031,1.0,12.793094716472693,-3.341217169,-1.53161939,-1.621225238,1.6666666666666667,0.5,-0.5,12.8,-3.35,12.8,-3.35,12.8,-3.35,12.76161893,-3.217301896,0.8,-0.24977590143680573,-0.0732142857142857,161029781.88338283,0.21370735262040894,0.7557939951012911
70,107,banwa(solenzo),moara,burkina_faso,11/1/2009,8,1,-0.780401313,1.0,12.793094716472693,-3.341217169,-1.53161939,-1.621225238,1.6666666666666667,0.5,-0.5,12.8,-3.35,12.8,-3.35,12.8,-3.35,12.76161893,-3.217301896,0.8,-0.24977590143680573,-0.0732142857142857,161029781.88338283,0.21370735262040894,0.7557939951012911
71,108,banwa(solenzo),moara,burkina_faso,11/1/2009,6,1,-0.935440287,1.0,12.793094716472693,-3.341217169,-1.53161939,-1.621225238,1.6666666666666667,0.5,-0.5,12.8,-3.35,12.8,-3.35,12.8,-3.35,12.76161893,-3.217301896,0.8,-0.24977590143680573,-0.0732142857142857,161029781.88338283,0.21370735262040894,0.7557939951012911
72,109,banwa(solenzo),tamouga,burkina_faso,10/31/2009,10,2,-0.791154619,0.0,12.184773721304458,-4.085154664,-1.535560384,-1.570247427,1.375,1.1666666666666667,-0.30952381,12.2,-4.1,12.2,-4.1,12.2,-4.1,12.19059873,-4.082842506,1.5,-0.23568215370178222,0.08214285714285713,68050877.58405991,0.2219607677030048,0.09978708786470018
73,110,banwa(solenzo),tamouga,burkina_faso,10/31/2009,24,1,0.6384535565473808,0.0,12.184773721304458,-4.085154664,-1.535560384,-1.570247427,1.375,1.1666666666666667,-0.30952381,12.2,-4.1,12.2,-4.1,12.2,-4.1,12.19059873,-4.082842506,1.5,-0.23568215370178222,0.08214285714285713,68050877.58405991,0.2219607677030048,0.09978708786470018
74,111,banwa(solenzo),tamouga,burkina_faso,10/30/2009,18,2,-0.834167842,1.0,12.184773721304458,-4.085154664,-1.535560384,-1.570247427,1.375,1.1666666666666667,-0.30952381,12.2,-4.1,12.2,-4.1,12.2,-4.1,12.19059873,-4.082842506,1.5,-0.23568215370178222,0.08214285714285713,68050877.58405991,0.2219607677030048,0.09978708786470018
75,112,banwa(solenzo),tamouga,burkina_faso,10/31/2009,10,1,-0.809076795,0.0,12.184773721304458,-4.085154664,-1.535560384,-1.570247427,1.375,1.1666666666666667,-0.30952381,12.2,-4.1,12.2,-4.1,12.2,-4.1,12.19059873,-4.082842506,1.5,-0.23568215370178222,0.08214285714285713,68050877.58405991,0.2219607677030048,0.09978708786470018
76,113,banwa(solenzo),tamouga,burkina_faso,10/31/2009,7,1,-0.427172921,0.0,12.184773721304458,-4.085154664,-1.535560384,-1.570247427,1.375,1.1666666666666667,-0.30952381,12.2,-4.1,12.2,-4.1,12.2,-4.1,12.19059873,-4.082842506,1.5,-0.23568215370178222,0.08214285714285713,68050877.58405991,0.2219607677030048,0.09978708786470018
77,122,banwa(solenzo),tamouga,burkina_faso,10/31/2009,10,1,-0.773232443,0.0,12.184773721304458,-4.085154664,-1.535560384,-1.570247427,1.375,1.1666666666666667,-0.30952381,12.2,-4.1,12.2,-4.1,12.2,-4.1,12.19059873,-4.082842506,1.5,-0.23568215370178222,0.08214285714285713,68050877.58405991,0.2219607677030048,0.09978708786470018
78,124,banwa(solenzo),tamouga,burkina_faso,10/31/2009,22,1,2.085950254416468,0.0,12.184773721304458,-4.085154664,-1.535560384,-1.570247427,1.375,1.1666666666666667,-0.30952381,12.2,-4.1,12.2,-4.1,12.2,-4.1,12.19059873,-4.082842506,1.5,-0.23568215370178222,0.08214285714285713,68050877.58405991,0.2219607677030048,0.09978708786470018
79,125,banwa(solenzo),tamouga,burkina_faso,10/31/2009,14,1,-0.775024661,0.0,12.184773721304458,-4.085154664,-1.535560384,-1.570247427,1.375,1.1666666666666667,-0.30952381,12.2,-4.1,12.2,-4.1,12.2,-4.1,12.19059873,-4.082842506,1.5,-0.23568215370178222,0.08214285714285713,68050877.58405991,0.2219607677030048,0.09978708786470018
80,126,banwa(solenzo),tamouga,burkina_faso,10/31/2009,17,1,-0.77801169,0.0,12.184773721304458,-4.085154664,-1.535560384,-1.570247427,1.375,1.1666666666666667,-0.30952381,12.2,-4.1,12.2,-4.1,12.2,-4.1,12.19059873,-4.082842506,1.5,-0.23568215370178222,0.08214285714285713,68050877.58405991,0.2219607677030048,0.09978708786470018
81,127,banwa(solenzo),tamouga,burkina_faso,10/31/2009,11,1,-0.406434402,0.0,12.184773721304458,-4.085154664,-1.535560384,-1.570247427,1.375,1.1666666666666667,-0.30952381,12.2,-4.1,12.2,-4.1,12.2,-4.1,12.19059873,-4.082842506,1.5,-0.23568215370178222,0.08214285714285713,68050877.58405991,0.2219607677030048,0.09978708786470018
82,128,banwa(solenzo),tamouga,burkina_faso,10/30/2009,9,1,-0.785777966,0.0,12.184773721304458,-4.085154664,-1.535560384,-1.570247427,1.375,1.1666666666666667,-0.30952381,12.2,-4.1,12.2,-4.1,12.2,-4.1,12.19059873,-4.082842506,1.5,-0.23568215370178222,0.08214285714285713,68050877.58405991,0.2219607677030048,0.09978708786470018
83,129,banwa(solenzo),tamouga,burkina_faso,10/31/2009,18,2,0.9929028478479256,1.0,12.184773721304458,-4.085154664,-1.535560384,-1.570247427,1.375,1.1666666666666667,-0.30952381,12.2,-4.1,12.2,-4.1,12.2,-4.1,12.19059873,-4.082842506,1.5,-0.23568215370178222,0.08214285714285713,68050877.58405991,0.2219607677030048,0.09978708786470018
84,130,banwa(solenzo),tamouga,burkina_faso,10/31/2009,9,1,-0.801907925,0.0,12.184773721304458,-4.085154664,-1.535560384,-1.570247427,1.375,1.1666666666666667,-0.30952381,12.2,-4.1,12.2,-4.1,12.2,-4.1,12.19059873,-4.082842506,1.5,-0.23568215370178222,0.08214285714285713,68050877.58405991,0.2219607677030048,0.09978708786470018
85,131,banwa(solenzo),tamouga,burkina_faso,11/1/2009,22,1,4.5726569614924095,0.0,12.184773721304458,-4.085154664,-1.535560384,-1.570247427,1.375,1.1666666666666667,-0.30952381,12.2,-4.1,12.2,-4.1,12.2,-4.1,12.19059873,-4.082842506,1.5,-0.23568215370178222,0.08214285714285713,68050877.58405991,0.2219607677030048,0.09978708786470018
86,132,banwa(solenzo),tamouga,burkina_faso,10/31/2009,5,1,-0.443302879,0.0,12.184773721304458,-4.085154664,-1.535560384,-1.570247427,1.375,1.1666666666666667,-0.30952381,12.2,-4.1,12.2,-4.1,12.2,-4.1,12.19059873,-4.082842506,1.5,-0.23568215370178222,0.08214285714285713,68050877.58405991,0.2219607677030048,0.09978708786470018
87,133,banwa(solenzo),tamouga,burkina_faso,10/31/2009,7,1,-0.967700204,0.0,12.184773721304458,-4.085154664,-1.535560384,-1.570247427,1.375,1.1666666666666667,-0.30952381,12.2,-4.1,12.2,-4.1,12.2,-4.1,12.19059873,-4.082842506,1.5,-0.23568215370178222,0.08214285714285713,68050877.58405991,0.2219607677030048,0.09978708786470018
88,134,banwa(solenzo),tamouga,burkina_faso,10/31/2009,12,4,-0.780401313,1.0,12.184773721304458,-4.085154664,-1.535560384,-1.570247427,1.375,1.1666666666666667,-0.30952381,12.2,-4.1,12.2,-4.1,12.2,-4.1,12.19059873,-4.082842506,1.5,-0.23568215370178222,0.08214285714285713,68050877.58405991,0.2219607677030048,0.09978708786470018
89,135,banwa(solenzo),tamouga,burkina_faso,10/31/2009,17,2,-0.983830162,0.0,12.184773721304458,-4.085154664,-1.535560384,-1.570247427,1.375,1.1666666666666667,-0.30952381,12.2,-4.1,12.2,-4.1,12.2,-4.1,12.19059873,-4.082842506,1.5,-0.23568215370178222,0.08214285714285713,68050877.58405991,0.2219607677030048,0.09978708786470018
90,138,sourou(tougan),domoni,burkina_faso,11/4/2009,22,2,-0.960019271,1.0,13.49467687,-3.162732285,-1.623969396,-1.623969396,1.0,0.5,-0.5,13.5,-3.15,13.5,-3.15,13.5,-3.15,13.50282815,-3.1768016,0.5,-0.24722232818603515,-0.04456521739130434,157084919.32412246,0.19989533058028883,0.6268699633324811
91,140,sourou(tougan),domoni,burkina_faso,11/4/2009,8,2,-0.780401313,1.0,13.49467687,-3.162732285,-1.623969396,-1.623969396,1.0,0.5,-0.5,13.5,-3.15,13.5,-3.15,13.5,-3.15,13.50282815,-3.1768016,0.5,-0.24722232818603515,-0.04456521739130434,157084919.32412246,0.19989533058028883,0.6268699633324811
92,141,sourou(tougan),domoni,burkina_faso,11/4/2009,6,3,-0.956946898,0.0,13.49467687,-3.162732285,-1.623969396,-1.623969396,1.0,0.5,-0.5,13.5,-3.15,13.5,-3.15,13.5,-3.15,13.50282815,-3.1768016,0.5,-0.24722232818603515,-0.04456521739130434,157084919.32412246,0.19989533058028883,0.6268699633324811
93,142,sourou(tougan),domoni,burkina_faso,11/3/2009,8,4,-0.794739054,0.0,13.49467687,-3.162732285,-1.623969396,-1.623969396,1.0,0.5,-0.5,13.5,-3.15,13.5,-3.15,13.5,-3.15,13.50282815,-3.1768016,0.5,-0.24722232818603515,-0.04456521739130434,157084919.32412246,0.19989533058028883,0.6268699633324811
94,143,sourou(tougan),domoni,burkina_faso,11/3/2009,6,1,-0.407970589,1.0,13.49467687,-3.162732285,-1.623969396,-1.623969396,1.0,0.5,-0.5,13.5,-3.15,13.5,-3.15,13.5,-3.15,13.50282815,-3.1768016,0.5,-0.24722232818603515,-0.04456521739130434,157084919.32412246,0.19989533058028883,0.6268699633324811
95,144,sourou(tougan),domoni,burkina_faso,11/3/2009,7,1,-0.930063634,0.0,13.49467687,-3.162732285,-1.623969396,-1.623969396,1.0,0.5,-0.5,13.5,-3.15,13.5,-3.15,13.5,-3.15,13.50282815,-3.1768016,0.5,-0.24722232818603515,-0.04456521739130434,157084919.32412246,0.19989533058028883,0.6268699633324811
96,145,sourou(tougan),domoni,burkina_faso,11/4/2009,7,1,-0.414627397,1.0,13.49467687,-3.162732285,-1.623969396,-1.623969396,1.0,0.5,-0.5,13.5,-3.15,13.5,-3.15,13.5,-3.15,13.50282815,-3.1768016,0.5,-0.24722232818603515,-0.04456521739130434,157084919.32412246,0.19989533058028883,0.6268699633324811
97,146,sourou(tougan),domoni,burkina_faso,11/4/2009,8,1,-0.935440287,1.0,13.49467687,-3.162732285,-1.623969396,-1.623969396,1.0,0.5,-0.5,13.5,-3.15,13.5,-3.15,13.5,-3.15,13.50282815,-3.1768016,0.5,-0.24722232818603515,-0.04456521739130434,157084919.32412246,0.19989533058028883,0.6268699633324811
98,147,sourou(tougan),domoni,burkina_faso,11/3/2009,5,1,-0.764271355,0.0,13.49467687,-3.162732285,-1.623969396,-1.623969396,1.0,0.5,-0.5,13.5,-3.15,13.5,-3.15,13.5,-3.15,13.50282815,-3.1768016,0.5,-0.24722232818603515,-0.04456521739130434,157084919.32412246,0.19989533058028883,0.6268699633324811
99,148,sourou(tougan),domoni,burkina_faso,11/3/2009,11,2,-0.931855851,1.0,13.49467687,-3.162732285,-1.623969396,-1.623969396,1.0,0.5,-0.5,13.5,-3.15,13.5,-3.15,13.5,-3.15,13.50282815,-3.1768016,0.5,-0.24722232818603515,-0.04456521739130434,157084919.32412246,0.19989533058028883,0.6268699633324811
100,149,sourou(tougan),domoni,burkina_faso,11/4/2009,14,1,-0.952645576,1.0,13.49467687,-3.162732285,-1.623969396,-1.623969396,1.0,0.5,-0.5,13.5,-3.15,13.5,-3.15,13.5,-3.15,13.50282815,-3.1768016,0.5,-0.24722232818603515,-0.04456521739130434,157084919.32412246,0.19989533058028883,0.6268699633324811
101,150,sourou(tougan),domoni,burkina_faso,11/3/2009,9,1,-0.769648008,1.0,13.49467687,-3.162732285,-1.623969396,-1.623969396,1.0,0.5,-0.5,13.5,-3.15,13.5,-3.15,13.5,-3.15,13.50282815,-3.1768016,0.5,-0.24722232818603515,-0.04456521739130434,157084919.32412246,0.19989533058028883,0.6268699633324811
102,151,sourou(tougan),domoni,burkina_faso,11/3/2009,12,1,0.2278016699971249,0.0,13.49467687,-3.162732285,-1.623969396,-1.623969396,1.0,0.5,-0.5,13.5,-3.15,13.5,-3.15,13.5,-3.15,13.50282815,-3.1768016,0.5,-0.24722232818603515,-0.04456521739130434,157084919.32412246,0.19989533058028883,0.6268699633324811
103,152,sourou(tougan),domoni,burkina_faso,11/3/2009,11,1,-0.939741609,0.0,13.49467687,-3.162732285,-1.623969396,-1.623969396,1.0,0.5,-0.5,13.5,-3.15,13.5,-3.15,13.5,-3.15,13.50282815,-3.1768016,0.5,-0.24722232818603515,-0.04456521739130434,157084919.32412246,0.19989533058028883,0.6268699633324811
104,153,sourou(tougan),domoni,burkina_faso,11/4/2009,10,1,-0.780401313,0.0,13.49467687,-3.162732285,-1.623969396,-1.623969396,1.0,0.5,-0.5,13.5,-3.15,13.5,-3.15,13.5,-3.15,13.50282815,-3.1768016,0.5,-0.24722232818603515,-0.04456521739130434,157084919.32412246,0.19989533058028883,0.6268699633324811
105,163,sourou(tougan),kawara,burkina_faso,10/31/2009,6,3,-0.935440287,1.0,10.633767554703368,-5.217299505,-1.605371225,-1.688951361,1.4,1.1666666666666667,-0.595238095,10.65,-5.2,10.65,-5.2,10.65,-5.2,10.59784676,-4.827014731,1.2,-0.32486653327941895,0.0712962962962963,192047126.82799426,0.2492034461688427,0.09714242553858426
106,166,sourou(tougan),kawara,burkina_faso,10/31/2009,11,1,-0.855674453,0.0,10.633767554703368,-5.217299505,-1.605371225,-1.688951361,1.4,1.1666666666666667,-0.595238095,10.65,-5.2,10.65,-5.2,10.65,-5.2,10.59784676,-4.827014731,1.2,-0.32486653327941895,0.0712962962962963,192047126.82799426,0.2492034461688427,0.09714242553858426
107,167,sourou(tougan),kawara,burkina_faso,10/31/2009,13,4,-0.877181065,1.0,10.633767554703368,-5.217299505,-1.605371225,-1.688951361,1.4,1.1666666666666667,-0.595238095,10.65,-5.2,10.65,-5.2,10.65,-5.2,10.59784676,-4.827014731,1.2,-0.32486653327941895,0.0712962962962963,192047126.82799426,0.2492034461688427,0.09714242553858426
108,170,sourou(tougan),kawara,burkina_faso,10/30/2009,15,3,-1.053726649,1.0,10.633767554703368,-5.217299505,-1.605371225,-1.688951361,1.4,1.1666666666666667,-0.595238095,10.65,-5.2,10.65,-5.2,10.65,-5.2,10.59784676,-4.827014731,1.2,-0.32486653327941895,0.0712962962962963,192047126.82799426,0.2492034461688427,0.09714242553858426
109,172,sourou(tougan),kawara,burkina_faso,10/30/2009,2,3,-0.935440287,0.0,10.633767554703368,-5.217299505,-1.605371225,-1.688951361,1.4,1.1666666666666667,-0.595238095,10.65,-5.2,10.65,-5.2,10.65,-5.2,10.59784676,-4.827014731,1.2,-0.32486653327941895,0.0712962962962963,192047126.82799426,0.2492034461688427,0.09714242553858426
110,173,sourou(tougan),kawara,burkina_faso,10/31/2009,4,1,-0.921102546,1.0,10.633767554703368,-5.217299505,-1.605371225,-1.688951361,1.4,1.1666666666666667,-0.595238095,10.65,-5.2,10.65,-5.2,10.65,-5.2,10.59784676,-4.827014731,1.2,-0.32486653327941895,0.0712962962962963,192047126.82799426,0.2492034461688427,0.09714242553858426
111,178,sourou(tougan),kawara,burkina_faso,10/31/2009,19,2,-0.950802152,1.0,10.633767554703368,-5.217299505,-1.605371225,-1.688951361,1.4,1.1666666666666667,-0.595238095,10.65,-5.2,10.65,-5.2,10.65,-5.2,10.59784676,-4.827014731,1.2,-0.32486653327941895,0.0712962962962963,192047126.82799426,0.2492034461688427,0.09714242553858426
112,179,sourou(tougan),kawara,burkina_faso,10/31/2009,7,2,-0.762479137,0.0,10.633767554703368,-5.217299505,-1.605371225,-1.688951361,1.4,1.1666666666666667,-0.595238095,10.65,-5.2,10.65,-5.2,10.65,-5.2,10.59784676,-4.827014731,1.2,-0.32486653327941895,0.0712962962962963,192047126.82799426,0.2492034461688427,0.09714242553858426
113,183,sourou(tougan),kawara,burkina_faso,11/30/2009,10,4,-0.461225055,1.0,10.633767554703368,-5.217299505,-1.605371225,-1.688951361,1.4,1.1666666666666667,-0.595238095,10.65,-5.2,10.65,-5.2,10.65,-5.2,10.59784676,-4.827014731,1.2,-0.32486653327941895,0.0712962962962963,192047126.82799426,0.2492034461688427,0.09714242553858426
114,184,sourou(tougan),kawara,burkina_faso,,12,1,-0.780401313,0.0,10.633767554703368,-5.217299505,-1.605371225,-1.688951361,1.4,1.1666666666666667,-0.595238095,10.65,-5.2,10.65,-5.2,10.65,-5.2,10.59784676,-4.827014731,1.2,-0.32486653327941895,0.0712962962962963,192047126.82799426,0.2492034461688427,0.09714242553858426
115,185,sourou(tougan),kawara,burkina_faso,,4,3,-0.935440287,1.0,10.633767554703368,-5.217299505,-1.605371225,-1.688951361,1.4,1.1666666666666667,-0.595238095,10.65,-5.2,10.65,-5.2,10.65,-5.2,10.59784676,-4.827014731,1.2,-0.32486653327941895,0.0712962962962963,192047126.82799426,0.2492034461688427,0.09714242553858426
116,186,sourou(tougan),kawara,burkina_faso,,5,1,-0.919310328,0.0,10.633767554703368,-5.217299505,-1.605371225,-1.688951361,1.4,1.1666666666666667,-0.595238095,10.65,-5.2,10.65,-5.2,10.65,-5.2,10.59784676,-4.827014731,1.2,-0.32486653327941895,0.0712962962962963,192047126.82799426,0.2492034461688427,0.09714242553858426
117,187,sourou(tougan),kawara,burkina_faso,,13,1,-0.79330528,0.0,10.633767554703368,-5.217299505,-1.605371225,-1.688951361,1.4,1.1666666666666667,-0.595238095,10.65,-5.2,10.65,-5.2,10.65,-5.2,10.59784676,-4.827014731,1.2,-0.32486653327941895,0.0712962962962963,192047126.82799426,0.2492034461688427,0.09714242553858426
118,188,sourou(tougan),kawara,burkina_faso,10/31/2009,4,2,-0.766063572,1.0,10.633767554703368,-5.217299505,-1.605371225,-1.688951361,1.4,1.1666666666666667,-0.595238095,10.65,-5.2,10.65,-5.2,10.65,-5.2,10.59784676,-4.827014731,1.2,-0.32486653327941895,0.0712962962962963,192047126.82799426,0.2492034461688427,0.09714242553858426
119,189,sourou(tougan),kawara,burkina_faso,10/31/2009,8,1,-0.569154308,1.0,10.633767554703368,-5.217299505,-1.605371225,-1.688951361,1.4,1.1666666666666667,-0.595238095,10.65,-5.2,10.65,-5.2,10.65,-5.2,10.59784676,-4.827014731,1.2,-0.32486653327941895,0.0712962962962963,192047126.82799426,0.2492034461688427,0.09714242553858426
120,191,sourou(tougan),koromi,burkina_faso,11/5/2009,15,1,-0.791154619,1.0,13.131425207249544,-3.370307136,-1.674777746,-1.74576813,1.5,0.3333333333333333,-0.333333333,13.15,-3.35,13.15,-3.35,13.15,-3.35,13.09217767,-3.512248969,0.7,-0.3409473214830671,-0.06349557522123894,186564483.03704143,0.20356239243701443,0.5667229297526696
121,192,sourou(tougan),koromi,burkina_faso,11/5/2009,6,2,-0.769648008,1.0,13.131425207249544,-3.370307136,-1.674777746,-1.74576813,1.5,0.3333333333333333,-0.333333333,13.15,-3.35,13.15,-3.35,13.15,-3.35,13.09217767,-3.512248969,0.7,-0.3409473214830671,-0.06349557522123894,186564483.03704143,0.20356239243701443,0.5667229297526696
122,203,sourou(tougan),koromi,burkina_faso,11/5/2009,10,2,-0.946193592,1.0,13.131425207249544,-3.370307136,-1.674777746,-1.74576813,1.5,0.3333333333333333,-0.333333333,13.15,-3.35,13.15,-3.35,13.15,-3.35,13.09217767,-3.512248969,0.7,-0.3409473214830671,-0.06349557522123894,186564483.03704143,0.20356239243701443,0.5667229297526696
123,204,sourou(tougan),koromi,burkina_faso,11/4/2009,20,2,-0.407458527,1.0,13.131425207249544,-3.370307136,-1.674777746,-1.74576813,1.5,0.3333333333333333,-0.333333333,13.15,-3.35,13.15,-3.35,13.15,-3.35,13.09217767,-3.512248969,0.7,-0.3409473214830671,-0.06349557522123894,186564483.03704143,0.20356239243701443,0.5667229297526696
124,205,sourou(tougan),koromi,burkina_faso,11/5/2009,11,1,-0.771184194,1.0,13.131425207249544,-3.370307136,-1.674777746,-1.74576813,1.5,0.3333333333333333,-0.333333333,13.15,-3.35,13.15,-3.35,13.15,-3.35,13.09217767,-3.512248969,0.7,-0.3409473214830671,-0.06349557522123894,186564483.03704143,0.20356239243701443,0.5667229297526696
125,206,sourou(tougan),koromi,burkina_faso,11/5/2009,5,4,-0.928271416,1.0,13.131425207249544,-3.370307136,-1.674777746,-1.74576813,1.5,0.3333333333333333,-0.333333333,13.15,-3.35,13.15,-3.35,13.15,-3.35,13.09217767,-3.512248969,0.7,-0.3409473214830671,-0.06349557522123894,186564483.03704143,0.20356239243701443,0.5667229297526696
126,207,sourou(tougan),koromi,burkina_faso,11/5/2009,4,1,-0.921102546,0.0,13.131425207249544,-3.370307136,-1.674777746,-1.74576813,1.5,0.3333333333333333,-0.333333333,13.15,-3.35,13.15,-3.35,13.15,-3.35,13.09217767,-3.512248969,0.7,-0.3409473214830671,-0.06349557522123894,186564483.03704143,0.20356239243701443,0.5667229297526696
127,208,sourou(tougan),koromi,burkina_faso,11/5/2009,4,2,-0.780401313,1.0,13.131425207249544,-3.370307136,-1.674777746,-1.74576813,1.5,0.3333333333333333,-0.333333333,13.15,-3.35,13.15,-3.35,13.15,-3.35,13.09217767,-3.512248969,0.7,-0.3409473214830671,-0.06349557522123894,186564483.03704143,0.20356239243701443,0.5667229297526696
128,209,sourou(tougan),koromi,burkina_faso,11/5/2009,6,2,-0.769648008,1.0,13.131425207249544,-3.370307136,-1.674777746,-1.74576813,1.5,0.3333333333333333,-0.333333333,13.15,-3.35,13.15,-3.35,13.15,-3.35,13.09217767,-3.512248969,0.7,-0.3409473214830671,-0.06349557522123894,186564483.03704143,0.20356239243701443,0.5667229297526696
129,210,sourou(tougan),koromi,burkina_faso,11/5/2009,4,1,-0.758894702,1.0,13.131425207249544,-3.370307136,-1.674777746,-1.74576813,1.5,0.3333333333333333,-0.333333333,13.15,-3.35,13.15,-3.35,13.15,-3.35,13.09217767,-3.512248969,0.7,-0.3409473214830671,-0.06349557522123894,186564483.03704143,0.20356239243701443,0.5667229297526696
130,211,sourou(tougan),koromi,burkina_faso,11/5/2009,7,1,0.612791191,1.0,13.131425207249544,-3.370307136,-1.674777746,-1.74576813,1.5,0.3333333333333333,-0.333333333,13.15,-3.35,13.15,-3.35,13.15,-3.35,13.09217767,-3.512248969,0.7,-0.3409473214830671,-0.06349557522123894,186564483.03704143,0.20356239243701443,0.5667229297526696
131,212,sourou(tougan),koromi,burkina_faso,11/5/2009,7,3,-0.419645607,1.0,13.131425207249544,-3.370307136,-1.674777746,-1.74576813,1.5,0.3333333333333333,-0.333333333,13.15,-3.35,13.15,-3.35,13.15,-3.35,13.09217767,-3.512248969,0.7,-0.3409473214830671,-0.06349557522123894,186564483.03704143,0.20356239243701443,0.5667229297526696
132,213,sourou(tougan),koromi,burkina_faso,11/5/2009,4,1,-0.921102546,1.0,13.131425207249544,-3.370307136,-1.674777746,-1.74576813,1.5,0.3333333333333333,-0.333333333,13.15,-3.35,13.15,-3.35,13.15,-3.35,13.09217767,-3.512248969,0.7,-0.3409473214830671,-0.06349557522123894,186564483.03704143,0.20356239243701443,0.5667229297526696
133,214,sourou(tougan),koromi,burkina_faso,11/6/2009,9,2,-0.94081694,1.0,13.131425207249544,-3.370307136,-1.674777746,-1.74576813,1.5,0.3333333333333333,-0.333333333,13.15,-3.35,13.15,-3.35,13.15,-3.35,13.09217767,-3.512248969,0.7,-0.3409473214830671,-0.06349557522123894,186564483.03704143,0.20356239243701443,0.5667229297526696
134,218,sourou(tougan),tougan secteur 6,burkina_faso,11/7/2009,1,3,7.059620159242601,1.0,13.069049212563538,-3.064919248,-1.612811208,-1.671682298,1.5,0.3333333333333333,-0.333333333,13.05,-3.05,13.05,-3.05,13.05,-3.05,13.07293219,-3.067356703,0.6,-0.2636328339576721,-0.05394736842105266,142454631.88134754,0.20373502646976677,0.31832822699883234
135,220,sourou(tougan),tougan secteur 6,burkina_faso,11/6/2009,10,1,6.460203668322683,1.0,13.069049212563538,-3.064919248,-1.612811208,-1.671682298,1.5,0.3333333333333333,-0.333333333,13.05,-3.05,13.05,-3.05,13.05,-3.05,13.07293219,-3.067356703,0.6,-0.2636328339576721,-0.05394736842105266,142454631.88134754,0.20373502646976677,0.31832822699883234
136,221,sourou(tougan),tougan secteur 6,burkina_faso,11/7/2009,7,1,6.279617741605363,1.0,13.069049212563538,-3.064919248,-1.612811208,-1.671682298,1.5,0.3333333333333333,-0.333333333,13.05,-3.05,13.05,-3.05,13.05,-3.05,13.07293219,-3.067356703,0.6,-0.2636328339576721,-0.05394736842105266,142454631.88134754,0.20373502646976677,0.31832822699883234
137,223,sourou(tougan),tougan secteur 6,burkina_faso,11/7/2009,10,1,2.994269544972625,0.0,13.069049212563538,-3.064919248,-1.612811208,-1.671682298,1.5,0.3333333333333333,-0.333333333,13.05,-3.05,13.05,-3.05,13.05,-3.05,13.07293219,-3.067356703,0.6,-0.2636328339576721,-0.05394736842105266,142454631.88134754,0.20373502646976677,0.31832822699883234
138,225,sourou(tougan),tougan secteur 6,burkina_faso,11/7/2009,11,1,2.4184147565116647,0.0,13.069049212563538,-3.064919248,-1.612811208,-1.671682298,1.5,0.3333333333333333,-0.333333333,13.05,-3.05,13.05,-3.05,13.05,-3.05,13.07293219,-3.067356703,0.6,-0.2636328339576721,-0.05394736842105266,142454631.88134754,0.20373502646976677,0.31832822699883234
139,226,sourou(tougan),tougan secteur 6,burkina_faso,11/7/2009,11,5,3.8606820305056937,1.0,13.069049212563538,-3.064919248,-1.612811208,-1.671682298,1.5,0.3333333333333333,-0.333333333,13.05,-3.05,13.05,-3.05,13.05,-3.05,13.07293219,-3.067356703,0.6,-0.2636328339576721,-0.05394736842105266,142454631.88134754,0.20373502646976677,0.31832822699883234
140,227,sourou(tougan),tougan secteur 6,burkina_faso,11/6/2009,6,1,4.967171069190974,1.0,13.069049212563538,-3.064919248,-1.612811208,-1.671682298,1.5,0.3333333333333333,-0.333333333,13.05,-3.05,13.05,-3.05,13.05,-3.05,13.07293219,-3.067356703,0.6,-0.2636328339576721,-0.05394736842105266,142454631.88134754,0.20373502646976677,0.31832822699883234
141,228,sourou(tougan),tougan secteur 6,burkina_faso,11/6/2009,3,1,-0.924686981,1.0,13.069049212563538,-3.064919248,-1.612811208,-1.671682298,1.5,0.3333333333333333,-0.333333333,13.05,-3.05,13.05,-3.05,13.05,-3.05,13.07293219,-3.067356703,0.6,-0.2636328339576721,-0.05394736842105266,142454631.88134754,0.20373502646976677,0.31832822699883234
142,229,sourou(tougan),tougan secteur 6,burkina_faso,11/6/2009,5,1,-0.791154619,1.0,13.069049212563538,-3.064919248,-1.612811208,-1.671682298,1.5,0.3333333333333333,-0.333333333,13.05,-3.05,13.05,-3.05,13.05,-3.05,13.07293219,-3.067356703,0.6,-0.2636328339576721,-0.05394736842105266,142454631.88134754,0.20373502646976677,0.31832822699883234
143,230,sourou(tougan),tougan secteur 6,burkina_faso,11/6/2009,4,2,-0.935440287,1.0,13.069049212563538,-3.064919248,-1.612811208,-1.671682298,1.5,0.3333333333333333,-0.333333333,13.05,-3.05,13.05,-3.05,13.05,-3.05,13.07293219,-3.067356703,0.6,-0.2636328339576721,-0.05394736842105266,142454631.88134754,0.20373502646976677,0.31832822699883234
144,231,sourou(tougan),tougan secteur 6,burkina_faso,11/7/2009,7,1,-0.787570184,1.0,13.069049212563538,-3.064919248,-1.612811208,-1.671682298,1.5,0.3333333333333333,-0.333333333,13.05,-3.05,13.05,-3.05,13.05,-3.05,13.07293219,-3.067356703,0.6,-0.2636328339576721,-0.05394736842105266,142454631.88134754,0.20373502646976677,0.31832822699883234
145,232,sourou(tougan),tougan secteur 6,burkina_faso,11/6/2009,5,1,1.5682924877223827,0.0,13.069049212563538,-3.064919248,-1.612811208,-1.671682298,1.5,0.3333333333333333,-0.333333333,13.05,-3.05,13.05,-3.05,13.05,-3.05,13.07293219,-3.067356703,0.6,-0.2636328339576721,-0.05394736842105266,142454631.88134754,0.20373502646976677,0.31832822699883234
146,233,sourou(tougan),tougan secteur 6,burkina_faso,11/7/2009,7,1,3.004498215,1.0,13.069049212563538,-3.064919248,-1.612811208,-1.671682298,1.5,0.3333333333333333,-0.333333333,13.05,-3.05,13.05,-3.05,13.05,-3.05,13.07293219,-3.067356703,0.6,-0.2636328339576721,-0.05394736842105266,142454631.88134754,0.20373502646976677,0.31832822699883234
147,234,sourou(tougan),tougan secteur 6,burkina_faso,11/7/2009,4,1,1.7161625906000295,1.0,13.069049212563538,-3.064919248,-1.612811208,-1.671682298,1.5,0.3333333333333333,-0.333333333,13.05,-3.05,13.05,-3.05,13.05,-3.05,13.07293219,-3.067356703,0.6,-0.2636328339576721,-0.05394736842105266,142454631.88134754,0.20373502646976677,0.31832822699883234
148,235,sourou(tougan),tougan secteur 6,burkina_faso,11/6/2009,11,4,4.224805221480601,1.0,13.069049212563538,-3.064919248,-1.612811208,-1.671682298,1.5,0.3333333333333333,-0.333333333,13.05,-3.05,13.05,-3.05,13.05,-3.05,13.07293219,-3.067356703,0.6,-0.2636328339576721,-0.05394736842105266,142454631.88134754,0.20373502646976677,0.31832822699883234
149,236,sourou(tougan),tougan secteur 6,burkina_faso,11/7/2009,12,2,3.1201084004108863,0.0,13.069049212563538,-3.064919248,-1.612811208,-1.671682298,1.5,0.3333333333333333,-0.333333333,13.05,-3.05,13.05,-3.05,13.05,-3.05,13.07293219,-3.067356703,0.6,-0.2636328339576721,-0.05394736842105266,142454631.88134754,0.20373502646976677,0.31832822699883234
150,238,sourou(tougan),tougan secteur 6,burkina_faso,11/7/2009,9,2,1.5654249395374786,1.0,13.069049212563538,-3.064919248,-1.612811208,-1.671682298,1.5,0.3333333333333333,-0.333333333,13.05,-3.05,13.05,-3.05,13.05,-3.05,13.07293219,-3.067356703,0.6,-0.2636328339576721,-0.05394736842105266,142454631.88134754,0.20373502646976677,0.31832822699883234
151,242,sourou(tougan),tougan secteur 6,burkina_faso,11/7/2009,11,1,7.317033872097717,1.0,13.069049212563538,-3.064919248,-1.612811208,-1.671682298,1.5,0.3333333333333333,-0.333333333,13.05,-3.05,13.05,-3.05,13.05,-3.05,13.07293219,-3.067356703,0.6,-0.2636328339576721,-0.05394736842105266,142454631.88134754,0.20373502646976677,0.31832822699883234
152,243,sourou(tougan),tougan secteur 6,burkina_faso,11/7/2009,5,1,-0.773232443,0.0,13.069049212563538,-3.064919248,-1.612811208,-1.671682298,1.5,0.3333333333333333,-0.333333333,13.05,-3.05,13.05,-3.05,13.05,-3.05,13.07293219,-3.067356703,0.6,-0.2636328339576721,-0.05394736842105266,142454631.88134754,0.20373502646976677,0.31832822699883234
153,244,sourou(tougan),tombila,burkina_faso,11/1/2009,10,1,-0.913933675,1.0,13.068424936855669,-3.071164397,-1.612811208,-1.671682298,1.5,0.3333333333333333,-0.333333333,13.05,-3.05,13.05,-3.05,13.05,-3.05,13.07293219,-3.067356703,0.6,-0.2636328339576721,-0.05394736842105266,142454631.88134754,0.20373502646976677,0.31832822699883234
154,245,sourou(tougan),tombila,burkina_faso,11/1/2009,8,1,-0.794739054,0.0,13.068424936855669,-3.071164397,-1.612811208,-1.671682298,1.5,0.3333333333333333,-0.333333333,13.05,-3.05,13.05,-3.05,13.05,-3.05,13.07293219,-3.067356703,0.6,-0.2636328339576721,-0.05394736842105266,142454631.88134754,0.20373502646976677,0.31832822699883234
155,246,sourou(tougan),tombila,burkina_faso,11/2/2009,13,1,0.416313114,1.0,13.068424936855669,-3.071164397,-1.612811208,-1.671682298,1.5,0.3333333333333333,-0.333333333,13.05,-3.05,13.05,-3.05,13.05,-3.05,13.07293219,-3.067356703,0.6,-0.2636328339576721,-0.05394736842105266,142454631.88134754,0.20373502646976677,0.31832822699883234
156,247,sourou(tougan),tombila,burkina_faso,11/2/2009,4,2,-0.766063572,1.0,13.068424936855669,-3.071164397,-1.612811208,-1.671682298,1.5,0.3333333333333333,-0.333333333,13.05,-3.05,13.05,-3.05,13.05,-3.05,13.07293219,-3.067356703,0.6,-0.2636328339576721,-0.05394736842105266,142454631.88134754,0.20373502646976677,0.31832822699883234
157,248,sourou(tougan),tombila,burkina_faso,11/1/2009,14,5,0.4471392573793884,1.0,13.068424936855669,-3.071164397,-1.612811208,-1.671682298,1.5,0.3333333333333333,-0.333333333,13.05,-3.05,13.05,-3.05,13.05,-3.05,13.07293219,-3.067356703,0.6,-0.2636328339576721,-0.05394736842105266,142454631.88134754,0.20373502646976677,0.31832822699883234
158,249,sourou(tougan),tombila,burkina_faso,11/2/2009,12,1,-0.935440287,1.0,13.068424936855669,-3.071164397,-1.612811208,-1.671682298,1.5,0.3333333333333333,-0.333333333,13.05,-3.05,13.05,-3.05,13.05,-3.05,13.07293219,-3.067356703,0.6,-0.2636328339576721,-0.05394736842105266,142454631.88134754,0.20373502646976677,0.31832822699883234
159,250,sourou(tougan),tombila,burkina_faso,11/2/2009,5,1,-0.755310267,0.0,13.068424936855669,-3.071164397,-1.612811208,-1.671682298,1.5,0.3333333333333333,-0.333333333,13.05,-3.05,13.05,-3.05,13.05,-3.05,13.07293219,-3.067356703,0.6,-0.2636328339576721,-0.05394736842105266,142454631.88134754,0.20373502646976677,0.31832822699883234
160,252,sourou(tougan),tombila,burkina_faso,11/2/2009,20,6,-0.443302879,1.0,13.068424936855669,-3.071164397,-1.612811208,-1.671682298,1.5,0.3333333333333333,-0.333333333,13.05,-3.05,13.05,-3.05,13.05,-3.05,13.07293219,-3.067356703,0.6,-0.2636328339576721,-0.05394736842105266,142454631.88134754,0.20373502646976677,0.31832822699883234
161,253,sourou(tougan),tombila,burkina_faso,11/2/2009,7,2,-0.439718444,0.0,13.068424936855669,-3.071164397,-1.612811208,-1.671682298,1.5,0.3333333333333333,-0.333333333,13.05,-3.05,13.05,-3.05,13.05,-3.05,13.07293219,-3.067356703,0.6,-0.2636328339576721,-0.05394736842105266,142454631.88134754,0.20373502646976677,0.31832822699883234
162,254,sourou(tougan),tombila,burkina_faso,11/2/2009,12,6,-0.576835241,1.0,13.068424936855669,-3.071164397,-1.612811208,-1.671682298,1.5,0.3333333333333333,-0.333333333,13.05,-3.05,13.05,-3.05,13.05,-3.05,13.07293219,-3.067356703,0.6,-0.2636328339576721,-0.05394736842105266,142454631.88134754,0.20373502646976677,0.31832822699883234
163,255,sourou(tougan),tombila,burkina_faso,11/2/2009,10,2,-0.935440287,0.0,13.068424936855669,-3.071164397,-1.612811208,-1.671682298,1.5,0.3333333333333333,-0.333333333,13.05,-3.05,13.05,-3.05,13.05,-3.05,13.07293219,-3.067356703,0.6,-0.2636328339576721,-0.05394736842105266,142454631.88134754,0.20373502646976677,0.31832822699883234
164,256,sourou(tougan),tombila,burkina_faso,11/2/2009,14,3,-0.758894702,1.0,13.068424936855669,-3.071164397,-1.612811208,-1.671682298,1.5,0.3333333333333333,-0.333333333,13.05,-3.05,13.05,-3.05,13.05,-3.05,13.07293219,-3.067356703,0.6,-0.2636328339576721,-0.05394736842105266,142454631.88134754,0.20373502646976677,0.31832822699883234
165,257,sourou(tougan),tombila,burkina_faso,11/2/2009,11,2,-0.939741609,1.0,13.068424936855669,-3.071164397,-1.612811208,-1.671682298,1.5,0.3333333333333333,-0.333333333,13.05,-3.05,13.05,-3.05,13.05,-3.05,13.07293219,-3.067356703,0.6,-0.2636328339576721,-0.05394736842105266,142454631.88134754,0.20373502646976677,0.31832822699883234
166,258,sourou(tougan),tombila,burkina_faso,11/1/2009,14,2,-0.935440287,0.0,13.068424936855669,-3.071164397,-1.612811208,-1.671682298,1.5,0.3333333333333333,-0.333333333,13.05,-3.05,13.05,-3.05,13.05,-3.05,13.07293219,-3.067356703,0.6,-0.2636328339576721,-0.05394736842105266,142454631.88134754,0.20373502646976677,0.31832822699883234
167,268,sourou(tougan),tombila,burkina_faso,11/1/2009,22,7,-0.776816878,1.0,13.068424936855669,-3.071164397,-1.612811208,-1.671682298,1.5,0.3333333333333333,-0.333333333,13.05,-3.05,13.05,-3.05,13.05,-3.05,13.07293219,-3.067356703,0.6,-0.2636328339576721,-0.05394736842105266,142454631.88134754,0.20373502646976677,0.31832822699883234
168,269,sourou(tougan),tombila,burkina_faso,11/1/2009,11,1,-0.413193623,1.0,13.068424936855669,-3.071164397,-1.612811208,-1.671682298,1.5,0.3333333333333333,-0.333333333,13.05,-3.05,13.05,-3.05,13.05,-3.05,13.07293219,-3.067356703,0.6,-0.2636328339576721,-0.05394736842105266,142454631.88134754,0.20373502646976677,0.31832822699883234
169,270,sourou(tougan),tombila,burkina_faso,11/1/2009,17,1,0.1140562318088852,0.0,13.068424936855669,-3.071164397,-1.612811208,-1.671682298,1.5,0.3333333333333333,-0.333333333,13.05,-3.05,13.05,-3.05,13.05,-3.05,13.07293219,-3.067356703,0.6,-0.2636328339576721,-0.05394736842105266,142454631.88134754,0.20373502646976677,0.31832822699883234
170,271,"kadiogo(ouagadougou, la capitale",lao,burkina_faso,11/6/2009,11,2,-0.971284639,1.0,12.424206793135868,-1.752109988,-1.620604038,-1.728714426,1.6666666666666667,0.8333333333333334,0.3666666666666665,12.4,-1.75,12.4,-1.75,12.4,-1.75,12.36425974,-1.685227986,1.5,-0.3101741870244344,-0.1369047619047619,211990098.88205904,0.1873407267524324,-0.2687772908377257
171,272,"kadiogo(ouagadougou, la capitale",lao,burkina_faso,11/6/2009,12,1,0.5007654401896006,1.0,12.424206793135868,-1.752109988,-1.620604038,-1.728714426,1.6666666666666667,0.8333333333333334,0.3666666666666665,12.4,-1.75,12.4,-1.75,12.4,-1.75,12.36425974,-1.685227986,1.5,-0.3101741870244344,-0.1369047619047619,211990098.88205904,0.1873407267524324,-0.2687772908377257
172,273,"kadiogo(ouagadougou, la capitale",lao,burkina_faso,11/6/2009,11,1,-0.603718505,1.0,12.424206793135868,-1.752109988,-1.620604038,-1.728714426,1.6666666666666667,0.8333333333333334,0.3666666666666665,12.4,-1.75,12.4,-1.75,12.4,-1.75,12.36425974,-1.685227986,1.5,-0.3101741870244344,-0.1369047619047619,211990098.88205904,0.1873407267524324,-0.2687772908377257
173,274,"kadiogo(ouagadougou, la capitale",lao,burkina_faso,11/6/2009,10,1,-0.407458527,1.0,12.424206793135868,-1.752109988,-1.620604038,-1.728714426,1.6666666666666667,0.8333333333333334,0.3666666666666665,12.4,-1.75,12.4,-1.75,12.4,-1.75,12.36425974,-1.685227986,1.5,-0.3101741870244344,-0.1369047619047619,211990098.88205904,0.1873407267524324,-0.2687772908377257
174,275,"kadiogo(ouagadougou, la capitale",lao,burkina_faso,11/6/2009,1,1,-0.913933675,1.0,12.424206793135868,-1.752109988,-1.620604038,-1.728714426,1.6666666666666667,0.8333333333333334,0.3666666666666665,12.4,-1.75,12.4,-1.75,12.4,-1.75,12.36425974,-1.685227986,1.5,-0.3101741870244344,-0.1369047619047619,211990098.88205904,0.1873407267524324,-0.2687772908377257
175,276,"kadiogo(ouagadougou, la capitale",lao,burkina_faso,11/5/2009,5,3,-0.580419676,1.0,12.424206793135868,-1.752109988,-1.620604038,-1.728714426,1.6666666666666667,0.8333333333333334,0.3666666666666665,12.4,-1.75,12.4,-1.75,12.4,-1.75,12.36425974,-1.685227986,1.5,-0.3101741870244344,-0.1369047619047619,211990098.88205904,0.1873407267524324,-0.2687772908377257
176,277,"kadiogo(ouagadougou, la capitale",lao,burkina_faso,11/5/2009,6,1,-0.956946898,1.0,12.424206793135868,-1.752109988,-1.620604038,-1.728714426,1.6666666666666667,0.8333333333333334,0.3666666666666665,12.4,-1.75,12.4,-1.75,12.4,-1.75,12.36425974,-1.685227986,1.5,-0.3101741870244344,-0.1369047619047619,211990098.88205904,0.1873407267524324,-0.2687772908377257
177,278,"kadiogo(ouagadougou, la capitale",lao,burkina_faso,11/5/2009,5,1,-0.773232443,1.0,12.424206793135868,-1.752109988,-1.620604038,-1.728714426,1.6666666666666667,0.8333333333333334,0.3666666666666665,12.4,-1.75,12.4,-1.75,12.4,-1.75,12.36425974,-1.685227986,1.5,-0.3101741870244344,-0.1369047619047619,211990098.88205904,0.1873407267524324,-0.2687772908377257
178,279,"kadiogo(ouagadougou, la capitale",lao,burkina_faso,11/6/2009,9,5,-0.572226681,1.0,12.424206793135868,-1.752109988,-1.620604038,-1.728714426,1.6666666666666667,0.8333333333333334,0.3666666666666665,12.4,-1.75,12.4,-1.75,12.4,-1.75,12.36425974,-1.685227986,1.5,-0.3101741870244344,-0.1369047619047619,211990098.88205904,0.1873407267524324,-0.2687772908377257
179,280,"kadiogo(ouagadougou, la capitale",lao,burkina_faso,11/5/2009,8,3,-0.587588547,1.0,12.424206793135868,-1.752109988,-1.620604038,-1.728714426,1.6666666666666667,0.8333333333333334,0.3666666666666665,12.4,-1.75,12.4,-1.75,12.4,-1.75,12.36425974,-1.685227986,1.5,-0.3101741870244344,-0.1369047619047619,211990098.88205904,0.1873407267524324,-0.2687772908377257
180,281,"kadiogo(ouagadougou, la capitale",lao,burkina_faso,11/6/2009,11,1,0.495601663,1.0,12.424206793135868,-1.752109988,-1.620604038,-1.728714426,1.6666666666666667,0.8333333333333334,0.3666666666666665,12.4,-1.75,12.4,-1.75,12.4,-1.75,12.36425974,-1.685227986,1.5,-0.3101741870244344,-0.1369047619047619,211990098.88205904,0.1873407267524324,-0.2687772908377257
181,282,"kadiogo(ouagadougou, la capitale",lao,burkina_faso,11/5/2009,4,2,-0.780401313,1.0,12.424206793135868,-1.752109988,-1.620604038,-1.728714426,1.6666666666666667,0.8333333333333334,0.3666666666666665,12.4,-1.75,12.4,-1.75,12.4,-1.75,12.36425974,-1.685227986,1.5,-0.3101741870244344,-0.1369047619047619,211990098.88205904,0.1873407267524324,-0.2687772908377257
182,283,"kadiogo(ouagadougou, la capitale",lao,burkina_faso,11/5/2009,1,2,-0.913933675,1.0,12.424206793135868,-1.752109988,-1.620604038,-1.728714426,1.6666666666666667,0.8333333333333334,0.3666666666666665,12.4,-1.75,12.4,-1.75,12.4,-1.75,12.36425974,-1.685227986,1.5,-0.3101741870244344,-0.1369047619047619,211990098.88205904,0.1873407267524324,-0.2687772908377257
183,284,"kadiogo(ouagadougou, la capitale",lao,burkina_faso,11/6/2009,6,3,-0.935440287,1.0,12.424206793135868,-1.752109988,-1.620604038,-1.728714426,1.6666666666666667,0.8333333333333334,0.3666666666666665,12.4,-1.75,12.4,-1.75,12.4,-1.75,12.36425974,-1.685227986,1.5,-0.3101741870244344,-0.1369047619047619,211990098.88205904,0.1873407267524324,-0.2687772908377257
184,285,"kadiogo(ouagadougou, la capitale",lao,burkina_faso,11/5/2009,6,1,-0.801907925,1.0,12.424206793135868,-1.752109988,-1.620604038,-1.728714426,1.6666666666666667,0.8333333333333334,0.3666666666666665,12.4,-1.75,12.4,-1.75,12.4,-1.75,12.36425974,-1.685227986,1.5,-0.3101741870244344,-0.1369047619047619,211990098.88205904,0.1873407267524324,-0.2687772908377257
185,286,"kadiogo(ouagadougou, la capitale",lao,burkina_faso,11/6/2009,5,2,-0.791154619,1.0,12.424206793135868,-1.752109988,-1.620604038,-1.728714426,1.6666666666666667,0.8333333333333334,0.3666666666666665,12.4,-1.75,12.4,-1.75,12.4,-1.75,12.36425974,-1.685227986,1.5,-0.3101741870244344,-0.1369047619047619,211990098.88205904,0.1873407267524324,-0.2687772908377257
186,288,"kadiogo(ouagadougou, la capitale",lao,burkina_faso,11/5/2009,3,2,-0.576835241,0.0,12.424206793135868,-1.752109988,-1.620604038,-1.728714426,1.6666666666666667,0.8333333333333334,0.3666666666666665,12.4,-1.75,12.4,-1.75,12.4,-1.75,12.36425974,-1.685227986,1.5,-0.3101741870244344,-0.1369047619047619,211990098.88205904,0.1873407267524324,-0.2687772908377257
187,296,"kadiogo(ouagadougou, la capitale",lao,burkina_faso,11/5/2009,8,3,-0.794739054,1.0,12.424206793135868,-1.752109988,-1.620604038,-1.728714426,1.6666666666666667,0.8333333333333334,0.3666666666666665,12.4,-1.75,12.4,-1.75,12.4,-1.75,12.36425974,-1.685227986,1.5,-0.3101741870244344,-0.1369047619047619,211990098.88205904,0.1873407267524324,-0.2687772908377257
188,298,"kadiogo(ouagadougou, la capitale",ouagadougou secteur 16,burkina_faso,11/14/2009,5,2,2.880408457,1.0,12.335180808674052,-1.499024703,-1.693612523,-1.748929169,1.6666666666666667,1.0,0.3333333333333332,12.35,-1.5,12.35,-1.5,12.35,-1.5,12.36425974,-1.524314245,1.6,-0.28403595089912415,-0.14807692307692316,213738727.056387,0.16266365379487108,-0.11792034973392268
189,300,"kadiogo(ouagadougou, la capitale",ouagadougou secteur 16,burkina_faso,11/13/2009,10,1,2.037678422474286,1.0,12.335180808674052,-1.499024703,-1.693612523,-1.748929169,1.6666666666666667,1.0,0.3333333333333332,12.35,-1.5,12.35,-1.5,12.35,-1.5,12.36425974,-1.524314245,1.6,-0.28403595089912415,-0.14807692307692316,213738727.056387,0.16266365379487108,-0.11792034973392268
190,301,"kadiogo(ouagadougou, la capitale",ouagadougou secteur 16,burkina_faso,11/17/2009,9,1,11.903244357983407,1.0,12.335180808674052,-1.499024703,-1.693612523,-1.748929169,1.6666666666666667,1.0,0.3333333333333332,12.35,-1.5,12.35,-1.5,12.35,-1.5,12.36425974,-1.524314245,1.6,-0.28403595089912415,-0.14807692307692316,213738727.056387,0.16266365379487108,-0.11792034973392268
191,302,"kadiogo(ouagadougou, la capitale",ouagadougou secteur 16,burkina_faso,11/13/2009,3,1,11.247784662287136,1.0,12.335180808674052,-1.499024703,-1.693612523,-1.748929169,1.6666666666666667,1.0,0.3333333333333332,12.35,-1.5,12.35,-1.5,12.35,-1.5,12.36425974,-1.524314245,1.6,-0.28403595089912415,-0.14807692307692316,213738727.056387,0.16266365379487108,-0.11792034973392268
192,303,"kadiogo(ouagadougou, la capitale",ouagadougou secteur 16,burkina_faso,11/12/2009,6,1,11.047738315470903,1.0,12.335180808674052,-1.499024703,-1.693612523,-1.748929169,1.6666666666666667,1.0,0.3333333333333332,12.35,-1.5,12.35,-1.5,12.35,-1.5,12.36425974,-1.524314245,1.6,-0.28403595089912415,-0.14807692307692316,213738727.056387,0.16266365379487108,-0.11792034973392268
193,304,"kadiogo(ouagadougou, la capitale",ouagadougou secteur 16,burkina_faso,11/13/2009,4,1,8.491508616255619,1.0,12.335180808674052,-1.499024703,-1.693612523,-1.748929169,1.6666666666666667,1.0,0.3333333333333332,12.35,-1.5,12.35,-1.5,12.35,-1.5,12.36425974,-1.524314245,1.6,-0.28403595089912415,-0.14807692307692316,213738727.056387,0.16266365379487108,-0.11792034973392268
194,305,"kadiogo(ouagadougou, la capitale",ouagadougou secteur 16,burkina_faso,11/12/2009,6,1,5.972112679681657,0.0,12.335180808674052,-1.499024703,-1.693612523,-1.748929169,1.6666666666666667,1.0,0.3333333333333332,12.35,-1.5,12.35,-1.5,12.35,-1.5,12.36425974,-1.524314245,1.6,-0.28403595089912415,-0.14807692307692316,213738727.056387,0.16266365379487108,-0.11792034973392268
195,306,"kadiogo(ouagadougou, la capitale",ouagadougou secteur 16,burkina_faso,11/12/2009,10,1,8.969308282989424,1.0,12.335180808674052,-1.499024703,-1.693612523,-1.748929169,1.6666666666666667,1.0,0.3333333333333332,12.35,-1.5,12.35,-1.5,12.35,-1.5,12.36425974,-1.524314245,1.6,-0.28403595089912415,-0.14807692307692316,213738727.056387,0.16266365379487108,-0.11792034973392268
196,307,"kadiogo(ouagadougou, la capitale",ouagadougou secteur 16,burkina_faso,11/12/2009,4,1,9.005869522,0.0,12.335180808674052,-1.499024703,-1.693612523,-1.748929169,1.6666666666666667,1.0,0.3333333333333332,12.35,-1.5,12.35,-1.5,12.35,-1.5,12.36425974,-1.524314245,1.6,-0.28403595089912415,-0.14807692307692316,213738727.056387,0.16266365379487108,-0.11792034973392268
197,308,"kadiogo(ouagadougou, la capitale",ouagadougou secteur 16,burkina_faso,11/13/2009,12,2,7.107545137133486,1.0,12.335180808674052,-1.499024703,-1.693612523,-1.748929169,1.6666666666666667,1.0,0.3333333333333332,12.35,-1.5,12.35,-1.5,12.35,-1.5,12.36425974,-1.524314245,1.6,-0.28403595089912415,-0.14807692307692316,213738727.056387,0.16266365379487108,-0.11792034973392268
198,309,"kadiogo(ouagadougou, la capitale",ouagadougou secteur 16,burkina_faso,11/14/2009,6,1,4.472571047432907,1.0,12.335180808674052,-1.499024703,-1.693612523,-1.748929169,1.6666666666666667,1.0,0.3333333333333332,12.35,-1.5,12.35,-1.5,12.35,-1.5,12.36425974,-1.524314245,1.6,-0.28403595089912415,-0.14807692307692316,213738727.056387,0.16266365379487108,-0.11792034973392268
199,310,"kadiogo(ouagadougou, la capitale",ouagadougou secteur 16,burkina_faso,11/12/2009,9,1,11.844985135884016,0.0,12.335180808674052,-1.499024703,-1.693612523,-1.748929169,1.6666666666666667,1.0,0.3333333333333332,12.35,-1.5,12.35,-1.5,12.35,-1.5,12.36425974,-1.524314245,1.6,-0.28403595089912415,-0.14807692307692316,213738727.056387,0.16266365379487108,-0.11792034973392268
200,312,"kadiogo(ouagadougou, la capitale",ouagadougou secteur 16,burkina_faso,11/12/2009,5,1,2.834109949873961,1.0,12.335180808674052,-1.499024703,-1.693612523,-1.748929169,1.6666666666666667,1.0,0.3333333333333332,12.35,-1.5,12.35,-1.5,12.35,-1.5,12.36425974,-1.524314245,1.6,-0.28403595089912415,-0.14807692307692316,213738727.056387,0.16266365379487108,-0.11792034973392268
201,313,"kadiogo(ouagadougou, la capitale",ouagadougou secteur 16,burkina_faso,11/12/2009,10,1,10.009156708817189,1.0,12.335180808674052,-1.499024703,-1.693612523,-1.748929169,1.6666666666666667,1.0,0.3333333333333332,12.35,-1.5,12.35,-1.5,12.35,-1.5,12.36425974,-1.524314245,1.6,-0.28403595089912415,-0.14807692307692316,213738727.056387,0.16266365379487108,-0.11792034973392268
202,314,"kadiogo(ouagadougou, la capitale",ouagadougou secteur 16,burkina_faso,11/13/2009,6,2,4.365784726308128,1.0,12.335180808674052,-1.499024703,-1.693612523,-1.748929169,1.6666666666666667,1.0,0.3333333333333332,12.35,-1.5,12.35,-1.5,12.35,-1.5,12.36425974,-1.524314245,1.6,-0.28403595089912415,-0.14807692307692316,213738727.056387,0.16266365379487108,-0.11792034973392268
203,315,"kadiogo(ouagadougou, la capitale",ouagadougou secteur 16,burkina_faso,11/13/2009,1,1,8.502120429525995,1.0,12.335180808674052,-1.499024703,-1.693612523,-1.748929169,1.6666666666666667,1.0,0.3333333333333332,12.35,-1.5,12.35,-1.5,12.35,-1.5,12.36425974,-1.524314245,1.6,-0.28403595089912415,-0.14807692307692316,213738727.056387,0.16266365379487108,-0.11792034973392268
204,316,"kadiogo(ouagadougou, la capitale",ouagadougou secteur 16,burkina_faso,11/13/2009,7,1,6.124578768265455,1.0,12.335180808674052,-1.499024703,-1.693612523,-1.748929169,1.6666666666666667,1.0,0.3333333333333332,12.35,-1.5,12.35,-1.5,12.35,-1.5,12.36425974,-1.524314245,1.6,-0.28403595089912415,-0.14807692307692316,213738727.056387,0.16266365379487108,-0.11792034973392268
205,325,"kadiogo(ouagadougou, la capitale",ouagadougou secteur 27,burkina_faso,11/18/2009,11,1,9.921594077,1.0,12.399109627372065,-1.477554274,-1.674724069,-1.727728016,1.6666666666666667,1.0,0.3333333333333332,12.4,-1.5,12.4,-1.5,12.4,-1.5,12.36425974,-1.524314245,1.6,-0.29574718326330185,-0.1480769230769231,217480132.6603697,0.1604317084263079,-0.08956347556388378
206,326,"kadiogo(ouagadougou, la capitale",ouagadougou secteur 27,burkina_faso,11/17/2009,8,2,4.995245116985179,1.0,12.399109627372065,-1.477554274,-1.674724069,-1.727728016,1.6666666666666667,1.0,0.3333333333333332,12.4,-1.5,12.4,-1.5,12.4,-1.5,12.36425974,-1.524314245,1.6,-0.29574718326330185,-0.1480769230769231,217480132.6603697,0.1604317084263079,-0.08956347556388378
207,327,"kadiogo(ouagadougou, la capitale",ouagadougou secteur 27,burkina_faso,11/15/2009,4,1,8.846529226729686,1.0,12.399109627372065,-1.477554274,-1.674724069,-1.727728016,1.6666666666666667,1.0,0.3333333333333332,12.4,-1.5,12.4,-1.5,12.4,-1.5,12.36425974,-1.524314245,1.6,-0.29574718326330185,-0.1480769230769231,217480132.6603697,0.1604317084263079,-0.08956347556388378
208,328,"kadiogo(ouagadougou, la capitale",ouagadougou secteur 27,burkina_faso,11/17/2009,4,1,12.053790637690872,1.0,12.399109627372065,-1.477554274,-1.674724069,-1.727728016,1.6666666666666667,1.0,0.3333333333333332,12.4,-1.5,12.4,-1.5,12.4,-1.5,12.36425974,-1.524314245,1.6,-0.29574718326330185,-0.1480769230769231,217480132.6603697,0.1604317084263079,-0.08956347556388378
209,329,"kadiogo(ouagadougou, la capitale",ouagadougou secteur 27,burkina_faso,11/16/2009,4,2,12.087245366514752,0.0,12.399109627372065,-1.477554274,-1.674724069,-1.727728016,1.6666666666666667,1.0,0.3333333333333332,12.4,-1.5,12.4,-1.5,12.4,-1.5,12.36425974,-1.524314245,1.6,-0.29574718326330185,-0.1480769230769231,217480132.6603697,0.1604317084263079,-0.08956347556388378
210,330,"kadiogo(ouagadougou, la capitale",ouagadougou secteur 27,burkina_faso,11/16/2009,7,4,10.724895323382023,1.0,12.399109627372065,-1.477554274,-1.674724069,-1.727728016,1.6666666666666667,1.0,0.3333333333333332,12.4,-1.5,12.4,-1.5,12.4,-1.5,12.36425974,-1.524314245,1.6,-0.29574718326330185,-0.1480769230769231,217480132.6603697,0.1604317084263079,-0.08956347556388378
211,331,"kadiogo(ouagadougou, la capitale",ouagadougou secteur 27,burkina_faso,11/16/2009,6,1,12.078369622132906,0.0,12.399109627372065,-1.477554274,-1.674724069,-1.727728016,1.6666666666666667,1.0,0.3333333333333332,12.4,-1.5,12.4,-1.5,12.4,-1.5,12.36425974,-1.524314245,1.6,-0.29574718326330185,-0.1480769230769231,217480132.6603697,0.1604317084263079,-0.08956347556388378
212,332,"kadiogo(ouagadougou, la capitale",ouagadougou secteur 27,burkina_faso,11/15/2009,5,2,5.824136682719468,1.0,12.399109627372065,-1.477554274,-1.674724069,-1.727728016,1.6666666666666667,1.0,0.3333333333333332,12.4,-1.5,12.4,-1.5,12.4,-1.5,12.36425974,-1.524314245,1.6,-0.29574718326330185,-0.1480769230769231,217480132.6603697,0.1604317084263079,-0.08956347556388378
213,333,"kadiogo(ouagadougou, la capitale",ouagadougou secteur 27,burkina_faso,11/15/2009,12,3,12.04518799313616,1.0,12.399109627372065,-1.477554274,-1.674724069,-1.727728016,1.6666666666666667,1.0,0.3333333333333332,12.4,-1.5,12.4,-1.5,12.4,-1.5,12.36425974,-1.524314245,1.6,-0.29574718326330185,-0.1480769230769231,217480132.6603697,0.1604317084263079,-0.08956347556388378
214,334,"kadiogo(ouagadougou, la capitale",ouagadougou secteur 27,burkina_faso,11/15/2009,6,1,4.814974751370623,1.0,12.399109627372065,-1.477554274,-1.674724069,-1.727728016,1.6666666666666667,1.0,0.3333333333333332,12.4,-1.5,12.4,-1.5,12.4,-1.5,12.36425974,-1.524314245,1.6,-0.29574718326330185,-0.1480769230769231,217480132.6603697,0.1604317084263079,-0.08956347556388378
215,335,"kadiogo(ouagadougou, la capitale",ouagadougou secteur 27,burkina_faso,11/16/2009,1,1,9.752895135857791,1.0,12.399109627372065,-1.477554274,-1.674724069,-1.727728016,1.6666666666666667,1.0,0.3333333333333332,12.4,-1.5,12.4,-1.5,12.4,-1.5,12.36425974,-1.524314245,1.6,-0.29574718326330185,-0.1480769230769231,217480132.6603697,0.1604317084263079,-0.08956347556388378
216,336,"kadiogo(ouagadougou, la capitale",ouagadougou secteur 27,burkina_faso,11/16/2009,4,1,8.839360356267425,1.0,12.399109627372065,-1.477554274,-1.674724069,-1.727728016,1.6666666666666667,1.0,0.3333333333333332,12.4,-1.5,12.4,-1.5,12.4,-1.5,12.36425974,-1.524314245,1.6,-0.29574718326330185,-0.1480769230769231,217480132.6603697,0.1604317084263079,-0.08956347556388378
217,337,"kadiogo(ouagadougou, la capitale",ouagadougou secteur 27,burkina_faso,11/16/2009,5,1,6.134320523483825,1.0,12.399109627372065,-1.477554274,-1.674724069,-1.727728016,1.6666666666666667,1.0,0.3333333333333332,12.4,-1.5,12.4,-1.5,12.4,-1.5,12.36425974,-1.524314245,1.6,-0.29574718326330185,-0.1480769230769231,217480132.6603697,0.1604317084263079,-0.08956347556388378
218,338,"kadiogo(ouagadougou, la capitale",ouagadougou secteur 27,burkina_faso,11/17/2009,3,1,8.509430792411269,1.0,12.399109627372065,-1.477554274,-1.674724069,-1.727728016,1.6666666666666667,1.0,0.3333333333333332,12.4,-1.5,12.4,-1.5,12.4,-1.5,12.36425974,-1.524314245,1.6,-0.29574718326330185,-0.1480769230769231,217480132.6603697,0.1604317084263079,-0.08956347556388378
219,339,"kadiogo(ouagadougou, la capitale",ouagadougou secteur 27,burkina_faso,11/17/2009,2,1,9.560219592591022,1.0,12.399109627372065,-1.477554274,-1.674724069,-1.727728016,1.6666666666666667,1.0,0.3333333333333332,12.4,-1.5,12.4,-1.5,12.4,-1.5,12.36425974,-1.524314245,1.6,-0.29574718326330185,-0.1480769230769231,217480132.6603697,0.1604317084263079,-0.08956347556388378
220,340,"kadiogo(ouagadougou, la capitale",ouagadougou secteur 27,burkina_faso,11/17/2009,3,1,5.121122839810577,1.0,12.399109627372065,-1.477554274,-1.674724069,-1.727728016,1.6666666666666667,1.0,0.3333333333333332,12.4,-1.5,12.4,-1.5,12.4,-1.5,12.36425974,-1.524314245,1.6,-0.29574718326330185,-0.1480769230769231,217480132.6603697,0.1604317084263079,-0.08956347556388378
221,341,"kadiogo(ouagadougou, la capitale",ouagadougou secteur 27,burkina_faso,11/16/2009,3,1,8.111255466740626,1.0,12.399109627372065,-1.477554274,-1.674724069,-1.727728016,1.6666666666666667,1.0,0.3333333333333332,12.4,-1.5,12.4,-1.5,12.4,-1.5,12.36425974,-1.524314245,1.6,-0.29574718326330185,-0.1480769230769231,217480132.6603697,0.1604317084263079,-0.08956347556388378
222,342,"kadiogo(ouagadougou, la capitale",ouagadougou secteur 27,burkina_faso,11/19/2009,3,1,4.1892391415814405,1.0,12.399109627372065,-1.477554274,-1.674724069,-1.727728016,1.6666666666666667,1.0,0.3333333333333332,12.4,-1.5,12.4,-1.5,12.4,-1.5,12.36425974,-1.524314245,1.6,-0.29574718326330185,-0.1480769230769231,217480132.6603697,0.1604317084263079,-0.08956347556388378
223,352,"kadiogo(ouagadougou, la capitale",ouavougue,burkina_faso,11/4/2009,17,1,-0.828791189,1.0,12.358802531921253,-1.513194096,-1.693612523,-1.748929169,1.6666666666666667,1.0,0.3333333333333332,12.35,-1.5,12.35,-1.5,12.35,-1.5,12.36425974,-1.524314245,1.6,-0.28403595089912415,-0.14807692307692316,213738727.056387,0.16266365379487108,-0.11792034973392268
224,353,"kadiogo(ouagadougou, la capitale",ouavougue,burkina_faso,11/4/2009,12,4,-0.441152218,1.0,12.358802531921253,-1.513194096,-1.693612523,-1.748929169,1.6666666666666667,1.0,0.3333333333333332,12.35,-1.5,12.35,-1.5,12.35,-1.5,12.36425974,-1.524314245,1.6,-0.28403595089912415,-0.14807692307692316,213738727.056387,0.16266365379487108,-0.11792034973392268
225,354,"kadiogo(ouagadougou, la capitale",ouavougue,burkina_faso,11/4/2009,10,2,-0.432549573,1.0,12.358802531921253,-1.513194096,-1.693612523,-1.748929169,1.6666666666666667,1.0,0.3333333333333332,12.35,-1.5,12.35,-1.5,12.35,-1.5,12.36425974,-1.524314245,1.6,-0.28403595089912415,-0.14807692307692316,213738727.056387,0.16266365379487108,-0.11792034973392268
226,355,"kadiogo(ouagadougou, la capitale",ouavougue,burkina_faso,11/4/2009,6,2,-0.576835241,1.0,12.358802531921253,-1.513194096,-1.693612523,-1.748929169,1.6666666666666667,1.0,0.3333333333333332,12.35,-1.5,12.35,-1.5,12.35,-1.5,12.36425974,-1.524314245,1.6,-0.28403595089912415,-0.14807692307692316,213738727.056387,0.16266365379487108,-0.11792034973392268
227,356,"kadiogo(ouagadougou, la capitale",ouavougue,burkina_faso,11/4/2009,7,1,-0.695121604,1.0,12.358802531921253,-1.513194096,-1.693612523,-1.748929169,1.6666666666666667,1.0,0.3333333333333332,12.35,-1.5,12.35,-1.5,12.35,-1.5,12.36425974,-1.524314245,1.6,-0.28403595089912415,-0.14807692307692316,213738727.056387,0.16266365379487108,-0.11792034973392268
228,357,"kadiogo(ouagadougou, la capitale",ouavougue,burkina_faso,11/4/2009,6,4,-0.956946898,1.0,12.358802531921253,-1.513194096,-1.693612523,-1.748929169,1.6666666666666667,1.0,0.3333333333333332,12.35,-1.5,12.35,-1.5,12.35,-1.5,12.36425974,-1.524314245,1.6,-0.28403595089912415,-0.14807692307692316,213738727.056387,0.16266365379487108,-0.11792034973392268
229,358,"kadiogo(ouagadougou, la capitale",ouavougue,burkina_faso,11/4/2009,7,1,0.2920355906280246,0.0,12.358802531921253,-1.513194096,-1.693612523,-1.748929169,1.6666666666666667,1.0,0.3333333333333332,12.35,-1.5,12.35,-1.5,12.35,-1.5,12.36425974,-1.524314245,1.6,-0.28403595089912415,-0.14807692307692316,213738727.056387,0.16266365379487108,-0.11792034973392268
230,359,"kadiogo(ouagadougou, la capitale",ouavougue,burkina_faso,11/4/2009,4,1,-0.766063572,0.0,12.358802531921253,-1.513194096,-1.693612523,-1.748929169,1.6666666666666667,1.0,0.3333333333333332,12.35,-1.5,12.35,-1.5,12.35,-1.5,12.36425974,-1.524314245,1.6,-0.28403595089912415,-0.14807692307692316,213738727.056387,0.16266365379487108,-0.11792034973392268
231,360,"kadiogo(ouagadougou, la capitale",ouavougue,burkina_faso,11/4/2009,3,1,-0.956946898,1.0,12.358802531921253,-1.513194096,-1.693612523,-1.748929169,1.6666666666666667,1.0,0.3333333333333332,12.35,-1.5,12.35,-1.5,12.35,-1.5,12.36425974,-1.524314245,1.6,-0.28403595089912415,-0.14807692307692316,213738727.056387,0.16266365379487108,-0.11792034973392268
232,361,"kadiogo(ouagadougou, la capitale",ouavougue,burkina_faso,11/4/2009,10,1,-0.791154619,1.0,12.358802531921253,-1.513194096,-1.693612523,-1.748929169,1.6666666666666667,1.0,0.3333333333333332,12.35,-1.5,12.35,-1.5,12.35,-1.5,12.36425974,-1.524314245,1.6,-0.28403595089912415,-0.14807692307692316,213738727.056387,0.16266365379487108,-0.11792034973392268
233,362,"kadiogo(ouagadougou, la capitale",ouavougue,burkina_faso,11/4/2009,7,1,-0.942609157,1.0,12.358802531921253,-1.513194096,-1.693612523,-1.748929169,1.6666666666666667,1.0,0.3333333333333332,12.35,-1.5,12.35,-1.5,12.35,-1.5,12.36425974,-1.524314245,1.6,-0.28403595089912415,-0.14807692307692316,213738727.056387,0.16266365379487108,-0.11792034973392268
234,363,"kadiogo(ouagadougou, la capitale",ouavougue,burkina_faso,11/4/2009,7,1,-0.81266123,1.0,12.358802531921253,-1.513194096,-1.693612523,-1.748929169,1.6666666666666667,1.0,0.3333333333333332,12.35,-1.5,12.35,-1.5,12.35,-1.5,12.36425974,-1.524314245,1.6,-0.28403595089912415,-0.14807692307692316,213738727.056387,0.16266365379487108,-0.11792034973392268
235,364,"kadiogo(ouagadougou, la capitale",ouavougue,burkina_faso,11/4/2009,6,1,-0.780401313,1.0,12.358802531921253,-1.513194096,-1.693612523,-1.748929169,1.6666666666666667,1.0,0.3333333333333332,12.35,-1.5,12.35,-1.5,12.35,-1.5,12.36425974,-1.524314245,1.6,-0.28403595089912415,-0.14807692307692316,213738727.056387,0.16266365379487108,-0.11792034973392268
236,365,"kadiogo(ouagadougou, la capitale",ouavougue,burkina_faso,11/4/2009,7,2,-0.967700204,1.0,12.358802531921253,-1.513194096,-1.693612523,-1.748929169,1.6666666666666667,1.0,0.3333333333333332,12.35,-1.5,12.35,-1.5,12.35,-1.5,12.36425974,-1.524314245,1.6,-0.28403595089912415,-0.14807692307692316,213738727.056387,0.16266365379487108,-0.11792034973392268
237,366,"kadiogo(ouagadougou, la capitale",ouavougue,burkina_faso,11/4/2009,8,1,-0.794739054,1.0,12.358802531921253,-1.513194096,-1.693612523,-1.748929169,1.6666666666666667,1.0,0.3333333333333332,12.35,-1.5,12.35,-1.5,12.35,-1.5,12.36425974,-1.524314245,1.6,-0.28403595089912415,-0.14807692307692316,213738727.056387,0.16266365379487108,-0.11792034973392268
238,367,"kadiogo(ouagadougou, la capitale",ouavougue,burkina_faso,11/4/2009,5,2,-0.652108381,1.0,12.358802531921253,-1.513194096,-1.693612523,-1.748929169,1.6666666666666667,1.0,0.3333333333333332,12.35,-1.5,12.35,-1.5,12.35,-1.5,12.36425974,-1.524314245,1.6,-0.28403595089912415,-0.14807692307692316,213738727.056387,0.16266365379487108,-0.11792034973392268
239,368,"kadiogo(ouagadougou, la capitale",ouavougue,burkina_faso,11/4/2009,4,2,-0.935440287,1.0,12.358802531921253,-1.513194096,-1.693612523,-1.748929169,1.6666666666666667,1.0,0.3333333333333332,12.35,-1.5,12.35,-1.5,12.35,-1.5,12.36425974,-1.524314245,1.6,-0.28403595089912415,-0.14807692307692316,213738727.056387,0.16266365379487108,-0.11792034973392268
240,369,"kadiogo(ouagadougou, la capitale",ouavougue,burkina_faso,11/4/2009,1,1,-0.913933675,1.0,12.358802531921253,-1.513194096,-1.693612523,-1.748929169,1.6666666666666667,1.0,0.3333333333333332,12.35,-1.5,12.35,-1.5,12.35,-1.5,12.36425974,-1.524314245,1.6,-0.28403595089912415,-0.14807692307692316,213738727.056387,0.16266365379487108,-0.11792034973392268
241,379,namentenga(boulsa),bougou,burkina_faso,11/7/2009,14,2,-0.967700204,0.0,13.485007288017284,-0.428522595,-1.656924367,-1.656924367,1.0,0.3333333333333333,0.6666666666666667,13.5,-0.45,13.5,-0.45,13.5,-0.45,13.50282815,-0.431818664,0.7,-0.26904220240456717,-0.045796460176991134,270207402.9343185,0.17058207047165883,0.6381497015516896
242,380,namentenga(boulsa),bougou,burkina_faso,11/7/2009,10,1,-0.946193592,0.0,13.485007288017284,-0.428522595,-1.656924367,-1.656924367,1.0,0.3333333333333333,0.6666666666666667,13.5,-0.45,13.5,-0.45,13.5,-0.45,13.50282815,-0.431818664,0.7,-0.26904220240456717,-0.045796460176991134,270207402.9343185,0.17058207047165883,0.6381497015516896
243,386,namentenga(boulsa),bougou,burkina_faso,11/7/2009,12,1,-0.929295541,0.0,13.485007288017284,-0.428522595,-1.656924367,-1.656924367,1.0,0.3333333333333333,0.6666666666666667,13.5,-0.45,13.5,-0.45,13.5,-0.45,13.50282815,-0.431818664,0.7,-0.26904220240456717,-0.045796460176991134,270207402.9343185,0.17058207047165883,0.6381497015516896
244,387,namentenga(boulsa),bougou,burkina_faso,11/7/2009,4,2,-0.978453509,0.0,13.485007288017284,-0.428522595,-1.656924367,-1.656924367,1.0,0.3333333333333333,0.6666666666666667,13.5,-0.45,13.5,-0.45,13.5,-0.45,13.50282815,-0.431818664,0.7,-0.26904220240456717,-0.045796460176991134,270207402.9343185,0.17058207047165883,0.6381497015516896
245,388,namentenga(boulsa),bougou,burkina_faso,11/7/2009,5,1,-0.764271355,0.0,13.485007288017284,-0.428522595,-1.656924367,-1.656924367,1.0,0.3333333333333333,0.6666666666666667,13.5,-0.45,13.5,-0.45,13.5,-0.45,13.50282815,-0.431818664,0.7,-0.26904220240456717,-0.045796460176991134,270207402.9343185,0.17058207047165883,0.6381497015516896
246,389,namentenga(boulsa),bougou,burkina_faso,11/7/2009,11,5,-0.419107941,1.0,13.485007288017284,-0.428522595,-1.656924367,-1.656924367,1.0,0.3333333333333333,0.6666666666666667,13.5,-0.45,13.5,-0.45,13.5,-0.45,13.50282815,-0.431818664,0.7,-0.26904220240456717,-0.045796460176991134,270207402.9343185,0.17058207047165883,0.6381497015516896
247,390,namentenga(boulsa),bougou,burkina_faso,11/7/2009,14,1,-0.92253632,1.0,13.485007288017284,-0.428522595,-1.656924367,-1.656924367,1.0,0.3333333333333333,0.6666666666666667,13.5,-0.45,13.5,-0.45,13.5,-0.45,13.50282815,-0.431818664,0.7,-0.26904220240456717,-0.045796460176991134,270207402.9343185,0.17058207047165883,0.6381497015516896
248,391,namentenga(boulsa),bougou,burkina_faso,11/7/2009,10,1,-0.946193592,1.0,13.485007288017284,-0.428522595,-1.656924367,-1.656924367,1.0,0.3333333333333333,0.6666666666666667,13.5,-0.45,13.5,-0.45,13.5,-0.45,13.50282815,-0.431818664,0.7,-0.26904220240456717,-0.045796460176991134,270207402.9343185,0.17058207047165883,0.6381497015516896
249,392,namentenga(boulsa),bougou,burkina_faso,11/8/2009,7,1,-1.042973344,1.0,13.485007288017284,-0.428522595,-1.656924367,-1.656924367,1.0,0.3333333333333333,0.6666666666666667,13.5,-0.45,13.5,-0.45,13.5,-0.45,13.50282815,-0.431818664,0.7,-0.26904220240456717,-0.045796460176991134,270207402.9343185,0.17058207047165883,0.6381497015516896
250,393,namentenga(boulsa),bougou,burkina_faso,11/7/2009,5,1,-0.928271416,1.0,13.485007288017284,-0.428522595,-1.656924367,-1.656924367,1.0,0.3333333333333333,0.6666666666666667,13.5,-0.45,13.5,-0.45,13.5,-0.45,13.50282815,-0.431818664,0.7,-0.26904220240456717,-0.045796460176991134,270207402.9343185,0.17058207047165883,0.6381497015516896
251,394,namentenga(boulsa),bougou,burkina_faso,11/8/2009,16,1,-0.61339648,0.0,13.485007288017284,-0.428522595,-1.656924367,-1.656924367,1.0,0.3333333333333333,0.6666666666666667,13.5,-0.45,13.5,-0.45,13.5,-0.45,13.50282815,-0.431818664,0.7,-0.26904220240456717,-0.045796460176991134,270207402.9343185,0.17058207047165883,0.6381497015516896
252,395,namentenga(boulsa),bougou,burkina_faso,11/7/2009,24,1,-0.436459866,1.0,13.485007288017284,-0.428522595,-1.656924367,-1.656924367,1.0,0.3333333333333333,0.6666666666666667,13.5,-0.45,13.5,-0.45,13.5,-0.45,13.50282815,-0.431818664,0.7,-0.26904220240456717,-0.045796460176991134,270207402.9343185,0.17058207047165883,0.6381497015516896
253,397,namentenga(boulsa),bougou,burkina_faso,11/7/2009,10,1,-0.928271416,1.0,13.485007288017284,-0.428522595,-1.656924367,-1.656924367,1.0,0.3333333333333333,0.6666666666666667,13.5,-0.45,13.5,-0.45,13.5,-0.45,13.50282815,-0.431818664,0.7,-0.26904220240456717,-0.045796460176991134,270207402.9343185,0.17058207047165883,0.6381497015516896
254,399,namentenga(boulsa),bougou,burkina_faso,11/7/2009,11,2,-0.931855851,1.0,13.485007288017284,-0.428522595,-1.656924367,-1.656924367,1.0,0.3333333333333333,0.6666666666666667,13.5,-0.45,13.5,-0.45,13.5,-0.45,13.50282815,-0.431818664,0.7,-0.26904220240456717,-0.045796460176991134,270207402.9343185,0.17058207047165883,0.6381497015516896
255,400,namentenga(boulsa),bougou,burkina_faso,11/8/2009,22,1,-0.960019271,1.0,13.485007288017284,-0.428522595,-1.656924367,-1.656924367,1.0,0.3333333333333333,0.6666666666666667,13.5,-0.45,13.5,-0.45,13.5,-0.45,13.50282815,-0.431818664,0.7,-0.26904220240456717,-0.045796460176991134,270207402.9343185,0.17058207047165883,0.6381497015516896
256,401,namentenga(boulsa),bougou,burkina_faso,11/7/2009,9,1,-0.989206815,1.0,13.485007288017284,-0.428522595,-1.656924367,-1.656924367,1.0,0.3333333333333333,0.6666666666666667,13.5,-0.45,13.5,-0.45,13.5,-0.45,13.50282815,-0.431818664,0.7,-0.26904220240456717,-0.045796460176991134,270207402.9343185,0.17058207047165883,0.6381497015516896
257,404,namentenga(boulsa),bougou,burkina_faso,11/7/2009,12,1,-0.956946898,0.0,13.485007288017284,-0.428522595,-1.656924367,-1.656924367,1.0,0.3333333333333333,0.6666666666666667,13.5,-0.45,13.5,-0.45,13.5,-0.45,13.50282815,-0.431818664,0.7,-0.26904220240456717,-0.045796460176991134,270207402.9343185,0.17058207047165883,0.6381497015516896
258,406,namentenga(boulsa),dazanrin,burkina_faso,11/1/2009,10,1,-0.935440287,0.0,12.660287851621774,-0.567514272,-1.681780398,-1.748540382,1.6666666666666667,0.6666666666666666,-0.166666667,12.65,-0.55,12.65,-0.55,12.65,-0.55,12.60199655,-0.694916179,1.3,-0.24411079516777626,-0.10584112149532707,215228499.57270834,0.18131713476198444,-0.5699317872777546
259,407,namentenga(boulsa),dazanrin,burkina_faso,11/1/2009,22,1,-0.951570245,1.0,12.660287851621774,-0.567514272,-1.681780398,-1.748540382,1.6666666666666667,0.6666666666666666,-0.166666667,12.65,-0.55,12.65,-0.55,12.65,-0.55,12.60199655,-0.694916179,1.3,-0.24411079516777626,-0.10584112149532707,215228499.57270834,0.18131713476198444,-0.5699317872777546
260,408,namentenga(boulsa),dazanrin,burkina_faso,11/1/2009,11,1,-0.448679532,0.0,12.660287851621774,-0.567514272,-1.681780398,-1.748540382,1.6666666666666667,0.6666666666666666,-0.166666667,12.65,-0.55,12.65,-0.55,12.65,-0.55,12.60199655,-0.694916179,1.3,-0.24411079516777626,-0.10584112149532707,215228499.57270834,0.18131713476198444,-0.5699317872777546
261,409,namentenga(boulsa),dazanrin,burkina_faso,11/1/2009,11,1,-0.428965138,0.0,12.660287851621774,-0.567514272,-1.681780398,-1.748540382,1.6666666666666667,0.6666666666666666,-0.166666667,12.65,-0.55,12.65,-0.55,12.65,-0.55,12.60199655,-0.694916179,1.3,-0.24411079516777626,-0.10584112149532707,215228499.57270834,0.18131713476198444,-0.5699317872777546
262,410,namentenga(boulsa),dazanrin,burkina_faso,11/1/2009,16,1,-0.593733293,0.0,12.660287851621774,-0.567514272,-1.681780398,-1.748540382,1.6666666666666667,0.6666666666666666,-0.166666667,12.65,-0.55,12.65,-0.55,12.65,-0.55,12.60199655,-0.694916179,1.3,-0.24411079516777626,-0.10584112149532707,215228499.57270834,0.18131713476198444,-0.5699317872777546
263,411,namentenga(boulsa),dazanrin,burkina_faso,11/1/2009,9,1,-0.801907925,0.0,12.660287851621774,-0.567514272,-1.681780398,-1.748540382,1.6666666666666667,0.6666666666666666,-0.166666667,12.65,-0.55,12.65,-0.55,12.65,-0.55,12.60199655,-0.694916179,1.3,-0.24411079516777626,-0.10584112149532707,215228499.57270834,0.18131713476198444,-0.5699317872777546
264,412,namentenga(boulsa),dazanrin,burkina_faso,11/1/2009,15,1,-0.58490022,0.0,12.660287851621774,-0.567514272,-1.681780398,-1.748540382,1.6666666666666667,0.6666666666666666,-0.166666667,12.65,-0.55,12.65,-0.55,12.65,-0.55,12.60199655,-0.694916179,1.3,-0.24411079516777626,-0.10584112149532707,215228499.57270834,0.18131713476198444,-0.5699317872777546
265,413,namentenga(boulsa),dazanrin,burkina_faso,11/1/2009,18,2,-0.5929652,1.0,12.660287851621774,-0.567514272,-1.681780398,-1.748540382,1.6666666666666667,0.6666666666666666,-0.166666667,12.65,-0.55,12.65,-0.55,12.65,-0.55,12.60199655,-0.694916179,1.3,-0.24411079516777626,-0.10584112149532707,215228499.57270834,0.18131713476198444,-0.5699317872777546
266,414,namentenga(boulsa),dazanrin,burkina_faso,11/1/2009,7,1,-0.57468458,0.0,12.660287851621774,-0.567514272,-1.681780398,-1.748540382,1.6666666666666667,0.6666666666666666,-0.166666667,12.65,-0.55,12.65,-0.55,12.65,-0.55,12.60199655,-0.694916179,1.3,-0.24411079516777626,-0.10584112149532707,215228499.57270834,0.18131713476198444,-0.5699317872777546
267,415,namentenga(boulsa),dazanrin,burkina_faso,11/1/2009,14,1,-0.952645576,0.0,12.660287851621774,-0.567514272,-1.681780398,-1.748540382,1.6666666666666667,0.6666666666666666,-0.166666667,12.65,-0.55,12.65,-0.55,12.65,-0.55,12.60199655,-0.694916179,1.3,-0.24411079516777626,-0.10584112149532707,215228499.57270834,0.18131713476198444,-0.5699317872777546
268,416,namentenga(boulsa),dazanrin,burkina_faso,11/1/2009,5,1,-0.919310328,1.0,12.660287851621774,-0.567514272,-1.681780398,-1.748540382,1.6666666666666667,0.6666666666666666,-0.166666667,12.65,-0.55,12.65,-0.55,12.65,-0.55,12.60199655,-0.694916179,1.3,-0.24411079516777626,-0.10584112149532707,215228499.57270834,0.18131713476198444,-0.5699317872777546
269,417,namentenga(boulsa),dazanrin,burkina_faso,11/1/2009,5,1,-0.91034924,1.0,12.660287851621774,-0.567514272,-1.681780398,-1.748540382,1.6666666666666667,0.6666666666666666,-0.166666667,12.65,-0.55,12.65,-0.55,12.65,-0.55,12.60199655,-0.694916179,1.3,-0.24411079516777626,-0.10584112149532707,215228499.57270834,0.18131713476198444,-0.5699317872777546
270,428,namentenga(boulsa),dazanrin,burkina_faso,11/1/2009,8,1,1.5467858763356024,0.0,12.660287851621774,-0.567514272,-1.681780398,-1.748540382,1.6666666666666667,0.6666666666666666,-0.166666667,12.65,-0.55,12.65,-0.55,12.65,-0.55,12.60199655,-0.694916179,1.3,-0.24411079516777626,-0.10584112149532707,215228499.57270834,0.18131713476198444,-0.5699317872777546
271,433,namentenga(boulsa),konkoara,burkina_faso,10/30/2009,5,1,-0.919310328,1.0,12.660540911581377,-0.568371028,-1.681780398,-1.748540382,1.6666666666666667,0.6666666666666666,-0.166666667,12.65,-0.55,12.65,-0.55,12.65,-0.55,12.60199655,-0.694916179,1.3,-0.24411079516777626,-0.10584112149532707,215228499.57270834,0.18131713476198444,-0.5699317872777546
272,434,namentenga(boulsa),konkoara,burkina_faso,10/30/2009,6,1,-0.956946898,0.0,12.660540911581377,-0.568371028,-1.681780398,-1.748540382,1.6666666666666667,0.6666666666666666,-0.166666667,12.65,-0.55,12.65,-0.55,12.65,-0.55,12.60199655,-0.694916179,1.3,-0.24411079516777626,-0.10584112149532707,215228499.57270834,0.18131713476198444,-0.5699317872777546
273,435,namentenga(boulsa),konkoara,burkina_faso,10/30/2009,14,2,-0.935440287,1.0,12.660540911581377,-0.568371028,-1.681780398,-1.748540382,1.6666666666666667,0.6666666666666666,-0.166666667,12.65,-0.55,12.65,-0.55,12.65,-0.55,12.60199655,-0.694916179,1.3,-0.24411079516777626,-0.10584112149532707,215228499.57270834,0.18131713476198444,-0.5699317872777546
274,436,namentenga(boulsa),konkoara,burkina_faso,10/30/2009,8,1,-0.935440287,0.0,12.660540911581377,-0.568371028,-1.681780398,-1.748540382,1.6666666666666667,0.6666666666666666,-0.166666667,12.65,-0.55,12.65,-0.55,12.65,-0.55,12.60199655,-0.694916179,1.3,-0.24411079516777626,-0.10584112149532707,215228499.57270834,0.18131713476198444,-0.5699317872777546
275,437,namentenga(boulsa),konkoara,burkina_faso,10/30/2009,5,1,-0.773232443,0.0,12.660540911581377,-0.568371028,-1.681780398,-1.748540382,1.6666666666666667,0.6666666666666666,-0.166666667,12.65,-0.55,12.65,-0.55,12.65,-0.55,12.60199655,-0.694916179,1.3,-0.24411079516777626,-0.10584112149532707,215228499.57270834,0.18131713476198444,-0.5699317872777546
276,438,namentenga(boulsa),konkoara,burkina_faso,10/30/2009,19,1,-0.974152187,0.0,12.660540911581377,-0.568371028,-1.681780398,-1.748540382,1.6666666666666667,0.6666666666666666,-0.166666667,12.65,-0.55,12.65,-0.55,12.65,-0.55,12.60199655,-0.694916179,1.3,-0.24411079516777626,-0.10584112149532707,215228499.57270834,0.18131713476198444,-0.5699317872777546
277,439,namentenga(boulsa),konkoara,burkina_faso,10/30/2009,12,2,-0.956946898,1.0,12.660540911581377,-0.568371028,-1.681780398,-1.748540382,1.6666666666666667,0.6666666666666666,-0.166666667,12.65,-0.55,12.65,-0.55,12.65,-0.55,12.60199655,-0.694916179,1.3,-0.24411079516777626,-0.10584112149532707,215228499.57270834,0.18131713476198444,-0.5699317872777546
278,440,namentenga(boulsa),konkoara,burkina_faso,10/30/2009,7,2,-0.967700204,1.0,12.660540911581377,-0.568371028,-1.681780398,-1.748540382,1.6666666666666667,0.6666666666666666,-0.166666667,12.65,-0.55,12.65,-0.55,12.65,-0.55,12.60199655,-0.694916179,1.3,-0.24411079516777626,-0.10584112149532707,215228499.57270834,0.18131713476198444,-0.5699317872777546
279,441,namentenga(boulsa),konkoara,burkina_faso,10/30/2009,2,1,-0.758894702,1.0,12.660540911581377,-0.568371028,-1.681780398,-1.748540382,1.6666666666666667,0.6666666666666666,-0.166666667,12.65,-0.55,12.65,-0.55,12.65,-0.55,12.60199655,-0.694916179,1.3,-0.24411079516777626,-0.10584112149532707,215228499.57270834,0.18131713476198444,-0.5699317872777546
280,442,namentenga(boulsa),konkoara,burkina_faso,10/30/2009,12,1,-0.944042931,1.0,12.660540911581377,-0.568371028,-1.681780398,-1.748540382,1.6666666666666667,0.6666666666666666,-0.166666667,12.65,-0.55,12.65,-0.55,12.65,-0.55,12.60199655,-0.694916179,1.3,-0.24411079516777626,-0.10584112149532707,215228499.57270834,0.18131713476198444,-0.5699317872777546
281,443,namentenga(boulsa),konkoara,burkina_faso,10/30/2009,12,1,-0.789003958,1.0,12.660540911581377,-0.568371028,-1.681780398,-1.748540382,1.6666666666666667,0.6666666666666666,-0.166666667,12.65,-0.55,12.65,-0.55,12.65,-0.55,12.60199655,-0.694916179,1.3,-0.24411079516777626,-0.10584112149532707,215228499.57270834,0.18131713476198444,-0.5699317872777546
282,444,namentenga(boulsa),konkoara,burkina_faso,10/30/2009,8,1,-0.935440287,0.0,12.660540911581377,-0.568371028,-1.681780398,-1.748540382,1.6666666666666667,0.6666666666666666,-0.166666667,12.65,-0.55,12.65,-0.55,12.65,-0.55,12.60199655,-0.694916179,1.3,-0.24411079516777626,-0.10584112149532707,215228499.57270834,0.18131713476198444,-0.5699317872777546
283,445,namentenga(boulsa),konkoara,burkina_faso,10/30/2009,7,2,-0.942609157,0.0,12.660540911581377,-0.568371028,-1.681780398,-1.748540382,1.6666666666666667,0.6666666666666666,-0.166666667,12.65,-0.55,12.65,-0.55,12.65,-0.55,12.60199655,-0.694916179,1.3,-0.24411079516777626,-0.10584112149532707,215228499.57270834,0.18131713476198444,-0.5699317872777546
284,446,namentenga(boulsa),konkoara,burkina_faso,10/30/2009,5,3,-0.913933675,1.0,12.660540911581377,-0.568371028,-1.681780398,-1.748540382,1.6666666666666667,0.6666666666666666,-0.166666667,12.65,-0.55,12.65,-0.55,12.65,-0.55,12.60199655,-0.694916179,1.3,-0.24411079516777626,-0.10584112149532707,215228499.57270834,0.18131713476198444,-0.5699317872777546
285,447,namentenga(boulsa),konkoara,burkina_faso,10/30/2009,17,1,-0.953362463,1.0,12.660540911581377,-0.568371028,-1.681780398,-1.748540382,1.6666666666666667,0.6666666666666666,-0.166666667,12.65,-0.55,12.65,-0.55,12.65,-0.55,12.60199655,-0.694916179,1.3,-0.24411079516777626,-0.10584112149532707,215228499.57270834,0.18131713476198444,-0.5699317872777546
286,453,namentenga(boulsa),konkoara,burkina_faso,10/30/2009,11,5,-0.971284639,1.0,12.660540911581377,-0.568371028,-1.681780398,-1.748540382,1.6666666666666667,0.6666666666666666,-0.166666667,12.65,-0.55,12.65,-0.55,12.65,-0.55,12.60199655,-0.694916179,1.3,-0.24411079516777626,-0.10584112149532707,215228499.57270834,0.18131713476198444,-0.5699317872777546
287,456,namentenga(boulsa),konkoara,burkina_faso,10/30/2009,11,1,0.3395942946159146,0.0,12.660540911581377,-0.568371028,-1.681780398,-1.748540382,1.6666666666666667,0.6666666666666666,-0.166666667,12.65,-0.55,12.65,-0.55,12.65,-0.55,12.60199655,-0.694916179,1.3,-0.24411079516777626,-0.10584112149532707,215228499.57270834,0.18131713476198444,-0.5699317872777546
288,457,namentenga(boulsa),konkoara,burkina_faso,10/30/2009,15,2,-0.898687676,1.0,12.660540911581377,-0.568371028,-1.681780398,-1.748540382,1.6666666666666667,0.6666666666666666,-0.166666667,12.65,-0.55,12.65,-0.55,12.65,-0.55,12.60199655,-0.694916179,1.3,-0.24411079516777626,-0.10584112149532707,215228499.57270834,0.18131713476198444,-0.5699317872777546
289,458,namentenga(boulsa),konkoara,burkina_faso,10/30/2009,31,6,4.718705661460928,1.0,12.660540911581377,-0.568371028,-1.681780398,-1.748540382,1.6666666666666667,0.6666666666666666,-0.166666667,12.65,-0.55,12.65,-0.55,12.65,-0.55,12.60199655,-0.694916179,1.3,-0.24411079516777626,-0.10584112149532707,215228499.57270834,0.18131713476198444,-0.5699317872777546
290,459,namentenga(boulsa),konkoara,burkina_faso,10/30/2009,13,1,-0.4294772,1.0,12.660540911581377,-0.568371028,-1.681780398,-1.748540382,1.6666666666666667,0.6666666666666666,-0.166666667,12.65,-0.55,12.65,-0.55,12.65,-0.55,12.60199655,-0.694916179,1.3,-0.24411079516777626,-0.10584112149532707,215228499.57270834,0.18131713476198444,-0.5699317872777546
291,467,namentenga(boulsa),silague,burkina_faso,11/5/2009,12,1,-0.956946898,0.0,12.660540911581377,-0.568371028,-1.681780398,-1.748540382,1.6666666666666667,0.6666666666666666,-0.166666667,12.65,-0.55,12.65,-0.55,12.65,-0.55,12.60199655,-0.694916179,1.3,-0.24411079516777626,-0.10584112149532707,215228499.57270834,0.18131713476198444,-0.5699317872777546
292,470,namentenga(boulsa),silague,burkina_faso,11/5/2009,8,1,0.6685628124888732,1.0,12.660540911581377,-0.568371028,-1.681780398,-1.748540382,1.6666666666666667,0.6666666666666666,-0.166666667,12.65,-0.55,12.65,-0.55,12.65,-0.55,12.60199655,-0.694916179,1.3,-0.24411079516777626,-0.10584112149532707,215228499.57270834,0.18131713476198444,-0.5699317872777546
293,471,namentenga(boulsa),silague,burkina_faso,11/5/2009,9,1,-0.94081694,1.0,12.660540911581377,-0.568371028,-1.681780398,-1.748540382,1.6666666666666667,0.6666666666666666,-0.166666667,12.65,-0.55,12.65,-0.55,12.65,-0.55,12.60199655,-0.694916179,1.3,-0.24411079516777626,-0.10584112149532707,215228499.57270834,0.18131713476198444,-0.5699317872777546
294,472,namentenga(boulsa),silague,burkina_faso,11/5/2009,12,2,-0.912279321,0.0,12.660540911581377,-0.568371028,-1.681780398,-1.748540382,1.6666666666666667,0.6666666666666666,-0.166666667,12.65,-0.55,12.65,-0.55,12.65,-0.55,12.60199655,-0.694916179,1.3,-0.24411079516777626,-0.10584112149532707,215228499.57270834,0.18131713476198444,-0.5699317872777546
295,473,namentenga(boulsa),silague,burkina_faso,11/5/2009,19,1,-0.570114425,0.0,12.660540911581377,-0.568371028,-1.681780398,-1.748540382,1.6666666666666667,0.6666666666666666,-0.166666667,12.65,-0.55,12.65,-0.55,12.65,-0.55,12.60199655,-0.694916179,1.3,-0.24411079516777626,-0.10584112149532707,215228499.57270834,0.18131713476198444,-0.5699317872777546
296,474,namentenga(boulsa),silague,burkina_faso,11/5/2009,9,1,-0.924686981,1.0,12.660540911581377,-0.568371028,-1.681780398,-1.748540382,1.6666666666666667,0.6666666666666666,-0.166666667,12.65,-0.55,12.65,-0.55,12.65,-0.55,12.60199655,-0.694916179,1.3,-0.24411079516777626,-0.10584112149532707,215228499.57270834,0.18131713476198444,-0.5699317872777546
297,475,namentenga(boulsa),silague,burkina_faso,11/5/2009,7,2,-0.913933675,1.0,12.660540911581377,-0.568371028,-1.681780398,-1.748540382,1.6666666666666667,0.6666666666666666,-0.166666667,12.65,-0.55,12.65,-0.55,12.65,-0.55,12.60199655,-0.694916179,1.3,-0.24411079516777626,-0.10584112149532707,215228499.57270834,0.18131713476198444,-0.5699317872777546
298,476,namentenga(boulsa),silague,burkina_faso,11/5/2009,16,3,-1.064479955,1.0,12.660540911581377,-0.568371028,-1.681780398,-1.748540382,1.6666666666666667,0.6666666666666666,-0.166666667,12.65,-0.55,12.65,-0.55,12.65,-0.55,12.60199655,-0.694916179,1.3,-0.24411079516777626,-0.10584112149532707,215228499.57270834,0.18131713476198444,-0.5699317872777546
299,477,namentenga(boulsa),silague,burkina_faso,11/5/2009,8,1,-0.926837642,1.0,12.660540911581377,-0.568371028,-1.681780398,-1.748540382,1.6666666666666667,0.6666666666666666,-0.166666667,12.65,-0.55,12.65,-0.55,12.65,-0.55,12.60199655,-0.694916179,1.3,-0.24411079516777626,-0.10584112149532707,215228499.57270834,0.18131713476198444,-0.5699317872777546
300,478,namentenga(boulsa),silague,burkina_faso,11/5/2009,13,3,-0.939024722,1.0,12.660540911581377,-0.568371028,-1.681780398,-1.748540382,1.6666666666666667,0.6666666666666666,-0.166666667,12.65,-0.55,12.65,-0.55,12.65,-0.55,12.60199655,-0.694916179,1.3,-0.24411079516777626,-0.10584112149532707,215228499.57270834,0.18131713476198444,-0.5699317872777546
301,479,namentenga(boulsa),silague,burkina_faso,11/5/2009,9,3,-0.5929652,0.0,12.660540911581377,-0.568371028,-1.681780398,-1.748540382,1.6666666666666667,0.6666666666666666,-0.166666667,12.65,-0.55,12.65,-0.55,12.65,-0.55,12.60199655,-0.694916179,1.3,-0.24411079516777626,-0.10584112149532707,215228499.57270834,0.18131713476198444,-0.5699317872777546
302,480,namentenga(boulsa),silague,burkina_faso,11/5/2009,4,1,-0.921102546,0.0,12.660540911581377,-0.568371028,-1.681780398,-1.748540382,1.6666666666666667,0.6666666666666666,-0.166666667,12.65,-0.55,12.65,-0.55,12.65,-0.55,12.60199655,-0.694916179,1.3,-0.24411079516777626,-0.10584112149532707,215228499.57270834,0.18131713476198444,-0.5699317872777546
303,481,namentenga(boulsa),silague,burkina_faso,11/5/2009,10,1,-0.768111821,1.0,12.660540911581377,-0.568371028,-1.681780398,-1.748540382,1.6666666666666667,0.6666666666666666,-0.166666667,12.65,-0.55,12.65,-0.55,12.65,-0.55,12.60199655,-0.694916179,1.3,-0.24411079516777626,-0.10584112149532707,215228499.57270834,0.18131713476198444,-0.5699317872777546
304,482,namentenga(boulsa),silague,burkina_faso,11/5/2009,5,2,-0.928271416,1.0,12.660540911581377,-0.568371028,-1.681780398,-1.748540382,1.6666666666666667,0.6666666666666666,-0.166666667,12.65,-0.55,12.65,-0.55,12.65,-0.55,12.60199655,-0.694916179,1.3,-0.24411079516777626,-0.10584112149532707,215228499.57270834,0.18131713476198444,-0.5699317872777546
305,483,namentenga(boulsa),silague,burkina_faso,11/5/2009,10,1,-0.443302879,0.0,12.660540911581377,-0.568371028,-1.681780398,-1.748540382,1.6666666666666667,0.6666666666666666,-0.166666667,12.65,-0.55,12.65,-0.55,12.65,-0.55,12.60199655,-0.694916179,1.3,-0.24411079516777626,-0.10584112149532707,215228499.57270834,0.18131713476198444,-0.5699317872777546
306,484,namentenga(boulsa),silague,burkina_faso,11/5/2009,8,1,-0.408653338,0.0,12.660540911581377,-0.568371028,-1.681780398,-1.748540382,1.6666666666666667,0.6666666666666666,-0.166666667,12.65,-0.55,12.65,-0.55,12.65,-0.55,12.60199655,-0.694916179,1.3,-0.24411079516777626,-0.10584112149532707,215228499.57270834,0.18131713476198444,-0.5699317872777546
307,485,namentenga(boulsa),silague,burkina_faso,11/5/2009,14,1,-0.594757417,1.0,12.660540911581377,-0.568371028,-1.681780398,-1.748540382,1.6666666666666667,0.6666666666666666,-0.166666667,12.65,-0.55,12.65,-0.55,12.65,-0.55,12.60199655,-0.694916179,1.3,-0.24411079516777626,-0.10584112149532707,215228499.57270834,0.18131713476198444,-0.5699317872777546
308,486,namentenga(boulsa),silague,burkina_faso,11/5/2009,8,1,1.7018248496755093,0.0,12.660540911581377,-0.568371028,-1.681780398,-1.748540382,1.6666666666666667,0.6666666666666666,-0.166666667,12.65,-0.55,12.65,-0.55,12.65,-0.55,12.60199655,-0.694916179,1.3,-0.24411079516777626,-0.10584112149532707,215228499.57270834,0.18131713476198444,-0.5699317872777546
309,495,namentenga(boulsa),tougri secteur 5,burkina_faso,11/10/2009,3,1,-0.956946898,1.0,13.31319193510866,-0.526893673,-1.640898347,-1.640898347,1.0,0.1666666666666666,-0.166666667,13.3,-0.55,13.3,-0.55,13.3,-0.55,13.33129204,-0.431818664,0.6,-0.2653053601582845,-0.03640350877192982,272416297.9316231,0.1770661904197241,0.7463559245343555
310,496,namentenga(boulsa),tougri secteur 5,burkina_faso,11/10/2009,13,1,-0.459432838,1.0,13.31319193510866,-0.526893673,-1.640898347,-1.640898347,1.0,0.1666666666666666,-0.166666667,13.3,-0.55,13.3,-0.55,13.3,-0.55,13.33129204,-0.431818664,0.6,-0.2653053601582845,-0.03640350877192982,272416297.9316231,0.1770661904197241,0.7463559245343555
311,497,namentenga(boulsa),tougri secteur 5,burkina_faso,11/10/2009,13,1,-0.44545354,1.0,13.31319193510866,-0.526893673,-1.640898347,-1.640898347,1.0,0.1666666666666666,-0.166666667,13.3,-0.55,13.3,-0.55,13.3,-0.55,13.33129204,-0.431818664,0.6,-0.2653053601582845,-0.03640350877192982,272416297.9316231,0.1770661904197241,0.7463559245343555
312,498,namentenga(boulsa),tougri secteur 5,burkina_faso,11/10/2009,7,1,-0.967700204,0.0,13.31319193510866,-0.526893673,-1.640898347,-1.640898347,1.0,0.1666666666666666,-0.166666667,13.3,-0.55,13.3,-0.55,13.3,-0.55,13.33129204,-0.431818664,0.6,-0.2653053601582845,-0.03640350877192982,272416297.9316231,0.1770661904197241,0.7463559245343555
313,499,namentenga(boulsa),tougri secteur 5,burkina_faso,11/10/2009,2,1,-0.913933675,0.0,13.31319193510866,-0.526893673,-1.640898347,-1.640898347,1.0,0.1666666666666666,-0.166666667,13.3,-0.55,13.3,-0.55,13.3,-0.55,13.33129204,-0.431818664,0.6,-0.2653053601582845,-0.03640350877192982,272416297.9316231,0.1770661904197241,0.7463559245343555
314,500,namentenga(boulsa),tougri secteur 5,burkina_faso,11/10/2009,19,1,-0.974152187,1.0,13.31319193510866,-0.526893673,-1.640898347,-1.640898347,1.0,0.1666666666666666,-0.166666667,13.3,-0.55,13.3,-0.55,13.3,-0.55,13.33129204,-0.431818664,0.6,-0.2653053601582845,-0.03640350877192982,272416297.9316231,0.1770661904197241,0.7463559245343555
315,501,namentenga(boulsa),tougri secteur 5,burkina_faso,11/10/2009,8,1,-0.949778028,0.0,13.31319193510866,-0.526893673,-1.640898347,-1.640898347,1.0,0.1666666666666666,-0.166666667,13.3,-0.55,13.3,-0.55,13.3,-0.55,13.33129204,-0.431818664,0.6,-0.2653053601582845,-0.03640350877192982,272416297.9316231,0.1770661904197241,0.7463559245343555
316,502,namentenga(boulsa),tougri secteur 5,burkina_faso,11/10/2009,9,1,-0.956946898,1.0,13.31319193510866,-0.526893673,-1.640898347,-1.640898347,1.0,0.1666666666666666,-0.166666667,13.3,-0.55,13.3,-0.55,13.3,-0.55,13.33129204,-0.431818664,0.6,-0.2653053601582845,-0.03640350877192982,272416297.9316231,0.1770661904197241,0.7463559245343555
317,503,namentenga(boulsa),tougri secteur 5,burkina_faso,11/10/2009,7,1,-0.942609157,0.0,13.31319193510866,-0.526893673,-1.640898347,-1.640898347,1.0,0.1666666666666666,-0.166666667,13.3,-0.55,13.3,-0.55,13.3,-0.55,13.33129204,-0.431818664,0.6,-0.2653053601582845,-0.03640350877192982,272416297.9316231,0.1770661904197241,0.7463559245343555
318,504,namentenga(boulsa),tougri secteur 5,burkina_faso,11/10/2009,11,1,-0.951570245,0.0,13.31319193510866,-0.526893673,-1.640898347,-1.640898347,1.0,0.1666666666666666,-0.166666667,13.3,-0.55,13.3,-0.55,13.3,-0.55,13.33129204,-0.431818664,0.6,-0.2653053601582845,-0.03640350877192982,272416297.9316231,0.1770661904197241,0.7463559245343555
319,505,namentenga(boulsa),tougri secteur 5,burkina_faso,11/10/2009,16,1,-0.941585033,1.0,13.31319193510866,-0.526893673,-1.640898347,-1.640898347,1.0,0.1666666666666666,-0.166666667,13.3,-0.55,13.3,-0.55,13.3,-0.55,13.33129204,-0.431818664,0.6,-0.2653053601582845,-0.03640350877192982,272416297.9316231,0.1770661904197241,0.7463559245343555
320,506,namentenga(boulsa),tougri secteur 5,burkina_faso,11/10/2009,14,1,1.9174696489598235,0.0,13.31319193510866,-0.526893673,-1.640898347,-1.640898347,1.0,0.1666666666666666,-0.166666667,13.3,-0.55,13.3,-0.55,13.3,-0.55,13.33129204,-0.431818664,0.6,-0.2653053601582845,-0.03640350877192982,272416297.9316231,0.1770661904197241,0.7463559245343555
321,507,namentenga(boulsa),tougri secteur 5,burkina_faso,11/10/2009,10,1,-0.935440287,1.0,13.31319193510866,-0.526893673,-1.640898347,-1.640898347,1.0,0.1666666666666666,-0.166666667,13.3,-0.55,13.3,-0.55,13.3,-0.55,13.33129204,-0.431818664,0.6,-0.2653053601582845,-0.03640350877192982,272416297.9316231,0.1770661904197241,0.7463559245343555
322,508,namentenga(boulsa),tougri secteur 5,burkina_faso,11/10/2009,16,1,1.757834689913765,1.0,13.31319193510866,-0.526893673,-1.640898347,-1.640898347,1.0,0.1666666666666666,-0.166666667,13.3,-0.55,13.3,-0.55,13.3,-0.55,13.33129204,-0.431818664,0.6,-0.2653053601582845,-0.03640350877192982,272416297.9316231,0.1770661904197241,0.7463559245343555
323,509,namentenga(boulsa),tougri secteur 5,burkina_faso,11/10/2009,12,1,-0.956946898,0.0,13.31319193510866,-0.526893673,-1.640898347,-1.640898347,1.0,0.1666666666666666,-0.166666667,13.3,-0.55,13.3,-0.55,13.3,-0.55,13.33129204,-0.431818664,0.6,-0.2653053601582845,-0.03640350877192982,272416297.9316231,0.1770661904197241,0.7463559245343555
324,510,namentenga(boulsa),tougri secteur 5,burkina_faso,11/10/2009,18,1,-0.947729779,1.0,13.31319193510866,-0.526893673,-1.640898347,-1.640898347,1.0,0.1666666666666666,-0.166666667,13.3,-0.55,13.3,-0.55,13.3,-0.55,13.33129204,-0.431818664,0.6,-0.2653053601582845,-0.03640350877192982,272416297.9316231,0.1770661904197241,0.7463559245343555
325,512,namentenga(boulsa),tougri secteur 5,burkina_faso,11/10/2009,8,2,-0.446887314,1.0,13.31319193510866,-0.526893673,-1.640898347,-1.640898347,1.0,0.1666666666666666,-0.166666667,13.3,-0.55,13.3,-0.55,13.3,-0.55,13.33129204,-0.431818664,0.6,-0.2653053601582845,-0.03640350877192982,272416297.9316231,0.1770661904197241,0.7463559245343555
326,513,namentenga(boulsa),tougri secteur 5,burkina_faso,11/10/2009,8,1,-0.926837642,1.0,13.31319193510866,-0.526893673,-1.640898347,-1.640898347,1.0,0.1666666666666666,-0.166666667,13.3,-0.55,13.3,-0.55,13.3,-0.55,13.33129204,-0.431818664,0.6,-0.2653053601582845,-0.03640350877192982,272416297.9316231,0.1770661904197241,0.7463559245343555
327,514,namentenga(boulsa),youguin,burkina_faso,11/3/2009,15,3,-0.946193592,0.0,12.660540911581377,-0.568371028,-1.681780398,-1.748540382,1.6666666666666667,0.6666666666666666,-0.166666667,12.65,-0.55,12.65,-0.55,12.65,-0.55,12.60199655,-0.694916179,1.3,-0.24411079516777626,-0.10584112149532707,215228499.57270834,0.18131713476198444,-0.5699317872777546
328,515,namentenga(boulsa),youguin,burkina_faso,11/3/2009,11,1,-0.926223168,1.0,12.660540911581377,-0.568371028,-1.681780398,-1.748540382,1.6666666666666667,0.6666666666666666,-0.166666667,12.65,-0.55,12.65,-0.55,12.65,-0.55,12.60199655,-0.694916179,1.3,-0.24411079516777626,-0.10584112149532707,215228499.57270834,0.18131713476198444,-0.5699317872777546
329,516,namentenga(boulsa),youguin,burkina_faso,11/2/2009,8,1,4.115094302469911,1.0,12.660540911581377,-0.568371028,-1.681780398,-1.748540382,1.6666666666666667,0.6666666666666666,-0.166666667,12.65,-0.55,12.65,-0.55,12.65,-0.55,12.60199655,-0.694916179,1.3,-0.24411079516777626,-0.10584112149532707,215228499.57270834,0.18131713476198444,-0.5699317872777546
330,517,namentenga(boulsa),youguin,burkina_faso,11/3/2009,4,1,-0.630601769,0.0,12.660540911581377,-0.568371028,-1.681780398,-1.748540382,1.6666666666666667,0.6666666666666666,-0.166666667,12.65,-0.55,12.65,-0.55,12.65,-0.55,12.60199655,-0.694916179,1.3,-0.24411079516777626,-0.10584112149532707,215228499.57270834,0.18131713476198444,-0.5699317872777546
331,520,namentenga(boulsa),youguin,burkina_faso,11/3/2009,11,2,-0.939741609,1.0,12.660540911581377,-0.568371028,-1.681780398,-1.748540382,1.6666666666666667,0.6666666666666666,-0.166666667,12.65,-0.55,12.65,-0.55,12.65,-0.55,12.60199655,-0.694916179,1.3,-0.24411079516777626,-0.10584112149532707,215228499.57270834,0.18131713476198444,-0.5699317872777546
332,522,namentenga(boulsa),youguin,burkina_faso,11/3/2009,13,1,-0.63777064,0.0,12.660540911581377,-0.568371028,-1.681780398,-1.748540382,1.6666666666666667,0.6666666666666666,-0.166666667,12.65,-0.55,12.65,-0.55,12.65,-0.55,12.60199655,-0.694916179,1.3,-0.24411079516777626,-0.10584112149532707,215228499.57270834,0.18131713476198444,-0.5699317872777546
333,524,namentenga(boulsa),youguin,burkina_faso,11/3/2009,12,2,-0.924686981,1.0,12.660540911581377,-0.568371028,-1.681780398,-1.748540382,1.6666666666666667,0.6666666666666666,-0.166666667,12.65,-0.55,12.65,-0.55,12.65,-0.55,12.60199655,-0.694916179,1.3,-0.24411079516777626,-0.10584112149532707,215228499.57270834,0.18131713476198444,-0.5699317872777546
334,525,namentenga(boulsa),youguin,burkina_faso,11/3/2009,8,4,-0.949778028,1.0,12.660540911581377,-0.568371028,-1.681780398,-1.748540382,1.6666666666666667,0.6666666666666666,-0.166666667,12.65,-0.55,12.65,-0.55,12.65,-0.55,12.60199655,-0.694916179,1.3,-0.24411079516777626,-0.10584112149532707,215228499.57270834,0.18131713476198444,-0.5699317872777546
335,529,namentenga(boulsa),youguin,burkina_faso,11/3/2009,9,1,-0.94081694,1.0,12.660540911581377,-0.568371028,-1.681780398,-1.748540382,1.6666666666666667,0.6666666666666666,-0.166666667,12.65,-0.55,12.65,-0.55,12.65,-0.55,12.60199655,-0.694916179,1.3,-0.24411079516777626,-0.10584112149532707,215228499.57270834,0.18131713476198444,-0.5699317872777546
336,532,namentenga(boulsa),youguin,burkina_faso,11/3/2009,10,1,0.3375460459124116,0.0,12.660540911581377,-0.568371028,-1.681780398,-1.748540382,1.6666666666666667,0.6666666666666666,-0.166666667,12.65,-0.55,12.65,-0.55,12.65,-0.55,12.60199655,-0.694916179,1.3,-0.24411079516777626,-0.10584112149532707,215228499.57270834,0.18131713476198444,-0.5699317872777546
337,533,namentenga(boulsa),youguin,burkina_faso,11/3/2009,14,3,-0.925881793,0.0,12.660540911581377,-0.568371028,-1.681780398,-1.748540382,1.6666666666666667,0.6666666666666666,-0.166666667,12.65,-0.55,12.65,-0.55,12.65,-0.55,12.60199655,-0.694916179,1.3,-0.24411079516777626,-0.10584112149532707,215228499.57270834,0.18131713476198444,-0.5699317872777546
338,534,namentenga(boulsa),youguin,burkina_faso,11/2/2009,10,3,-0.616264029,0.0,12.660540911581377,-0.568371028,-1.681780398,-1.748540382,1.6666666666666667,0.6666666666666666,-0.166666667,12.65,-0.55,12.65,-0.55,12.65,-0.55,12.60199655,-0.694916179,1.3,-0.24411079516777626,-0.10584112149532707,215228499.57270834,0.18131713476198444,-0.5699317872777546
339,536,namentenga(boulsa),youguin,burkina_faso,11/3/2009,14,5,-0.930063634,1.0,12.660540911581377,-0.568371028,-1.681780398,-1.748540382,1.6666666666666667,0.6666666666666666,-0.166666667,12.65,-0.55,12.65,-0.55,12.65,-0.55,12.60199655,-0.694916179,1.3,-0.24411079516777626,-0.10584112149532707,215228499.57270834,0.18131713476198444,-0.5699317872777546
340,539,namentenga(boulsa),youguin,burkina_faso,11/2/2009,14,3,-0.935440287,0.0,12.660540911581377,-0.568371028,-1.681780398,-1.748540382,1.6666666666666667,0.6666666666666666,-0.166666667,12.65,-0.55,12.65,-0.55,12.65,-0.55,12.60199655,-0.694916179,1.3,-0.24411079516777626,-0.10584112149532707,215228499.57270834,0.18131713476198444,-0.5699317872777546
341,540,namentenga(boulsa),youguin,burkina_faso,11/3/2009,8,3,-0.911544052,1.0,12.660540911581377,-0.568371028,-1.681780398,-1.748540382,1.6666666666666667,0.6666666666666666,-0.166666667,12.65,-0.55,12.65,-0.55,12.65,-0.55,12.60199655,-0.694916179,1.3,-0.24411079516777626,-0.10584112149532707,215228499.57270834,0.18131713476198444,-0.5699317872777546
342,550,sanmatenga(kaya),arouem,burkina_faso,11/4/2009,6,2,0.1583617362518842,0.0,13.096810194780764,-1.086335777,-1.677620932,-1.73793523,1.25,0.8333333333333334,-0.433333333,13.1,-1.1,13.1,-1.1,13.1,-1.1,13.09217767,-1.083499768,1.2,-0.2708827555179596,-0.012037037037037044,150590786.98507282,0.17665672660429435,-0.1003798693472498
343,551,sanmatenga(kaya),arouem,burkina_faso,11/4/2009,4,1,-0.904716556,0.0,13.096810194780764,-1.086335777,-1.677620932,-1.73793523,1.25,0.8333333333333334,-0.433333333,13.1,-1.1,13.1,-1.1,13.1,-1.1,13.09217767,-1.083499768,1.2,-0.2708827555179596,-0.012037037037037044,150590786.98507282,0.17665672660429435,-0.1003798693472498
344,552,sanmatenga(kaya),arouem,burkina_faso,11/4/2009,7,1,-0.967700204,0.0,13.096810194780764,-1.086335777,-1.677620932,-1.73793523,1.25,0.8333333333333334,-0.433333333,13.1,-1.1,13.1,-1.1,13.1,-1.1,13.09217767,-1.083499768,1.2,-0.2708827555179596,-0.012037037037037044,150590786.98507282,0.17665672660429435,-0.1003798693472498
345,553,sanmatenga(kaya),arouem,burkina_faso,11/5/2009,10,1,-0.946193592,1.0,13.096810194780764,-1.086335777,-1.677620932,-1.73793523,1.25,0.8333333333333334,-0.433333333,13.1,-1.1,13.1,-1.1,13.1,-1.1,13.09217767,-1.083499768,1.2,-0.2708827555179596,-0.012037037037037044,150590786.98507282,0.17665672660429435,-0.1003798693472498
346,554,sanmatenga(kaya),arouem,burkina_faso,11/4/2009,8,1,-0.935440287,0.0,13.096810194780764,-1.086335777,-1.677620932,-1.73793523,1.25,0.8333333333333334,-0.433333333,13.1,-1.1,13.1,-1.1,13.1,-1.1,13.09217767,-1.083499768,1.2,-0.2708827555179596,-0.012037037037037044,150590786.98507282,0.17665672660429435,-0.1003798693472498
347,555,sanmatenga(kaya),arouem,burkina_faso,11/4/2009,6,1,-0.587588547,0.0,13.096810194780764,-1.086335777,-1.677620932,-1.73793523,1.25,0.8333333333333334,-0.433333333,13.1,-1.1,13.1,-1.1,13.1,-1.1,13.09217767,-1.083499768,1.2,-0.2708827555179596,-0.012037037037037044,150590786.98507282,0.17665672660429435,-0.1003798693472498
348,556,sanmatenga(kaya),arouem,burkina_faso,11/4/2009,10,1,-0.432549573,0.0,13.096810194780764,-1.086335777,-1.677620932,-1.73793523,1.25,0.8333333333333334,-0.433333333,13.1,-1.1,13.1,-1.1,13.1,-1.1,13.09217767,-1.083499768,1.2,-0.2708827555179596,-0.012037037037037044,150590786.98507282,0.17665672660429435,-0.1003798693472498
349,557,sanmatenga(kaya),arouem,burkina_faso,11/4/2009,6,5,-0.913933675,1.0,13.096810194780764,-1.086335777,-1.677620932,-1.73793523,1.25,0.8333333333333334,-0.433333333,13.1,-1.1,13.1,-1.1,13.1,-1.1,13.09217767,-1.083499768,1.2,-0.2708827555179596,-0.012037037037037044,150590786.98507282,0.17665672660429435,-0.1003798693472498
350,558,sanmatenga(kaya),arouem,burkina_faso,11/5/2009,7,1,-0.569666371,1.0,13.096810194780764,-1.086335777,-1.677620932,-1.73793523,1.25,0.8333333333333334,-0.433333333,13.1,-1.1,13.1,-1.1,13.1,-1.1,13.09217767,-1.083499768,1.2,-0.2708827555179596,-0.012037037037037044,150590786.98507282,0.17665672660429435,-0.1003798693472498
351,559,sanmatenga(kaya),arouem,burkina_faso,11/5/2009,5,1,0.694358874,1.0,13.096810194780764,-1.086335777,-1.677620932,-1.73793523,1.25,0.8333333333333334,-0.433333333,13.1,-1.1,13.1,-1.1,13.1,-1.1,13.09217767,-1.083499768,1.2,-0.2708827555179596,-0.012037037037037044,150590786.98507282,0.17665672660429435,-0.1003798693472498
352,560,sanmatenga(kaya),arouem,burkina_faso,11/4/2009,5,1,-0.773232443,0.0,13.096810194780764,-1.086335777,-1.677620932,-1.73793523,1.25,0.8333333333333334,-0.433333333,13.1,-1.1,13.1,-1.1,13.1,-1.1,13.09217767,-1.083499768,1.2,-0.2708827555179596,-0.012037037037037044,150590786.98507282,0.17665672660429435,-0.1003798693472498
353,561,sanmatenga(kaya),arouem,burkina_faso,11/4/2009,9,1,0.3457390407264232,0.0,13.096810194780764,-1.086335777,-1.677620932,-1.73793523,1.25,0.8333333333333334,-0.433333333,13.1,-1.1,13.1,-1.1,13.1,-1.1,13.09217767,-1.083499768,1.2,-0.2708827555179596,-0.012037037037037044,150590786.98507282,0.17665672660429435,-0.1003798693472498
354,562,sanmatenga(kaya),arouem,burkina_faso,11/5/2009,8,1,-0.949778028,1.0,13.096810194780764,-1.086335777,-1.677620932,-1.73793523,1.25,0.8333333333333334,-0.433333333,13.1,-1.1,13.1,-1.1,13.1,-1.1,13.09217767,-1.083499768,1.2,-0.2708827555179596,-0.012037037037037044,150590786.98507282,0.17665672660429435,-0.1003798693472498
355,563,sanmatenga(kaya),arouem,burkina_faso,11/4/2009,6,1,-1.021466732,1.0,13.096810194780764,-1.086335777,-1.677620932,-1.73793523,1.25,0.8333333333333334,-0.433333333,13.1,-1.1,13.1,-1.1,13.1,-1.1,13.09217767,-1.083499768,1.2,-0.2708827555179596,-0.012037037037037044,150590786.98507282,0.17665672660429435,-0.1003798693472498
356,564,sanmatenga(kaya),arouem,burkina_faso,11/4/2009,3,1,-0.956946898,1.0,13.096810194780764,-1.086335777,-1.677620932,-1.73793523,1.25,0.8333333333333334,-0.433333333,13.1,-1.1,13.1,-1.1,13.1,-1.1,13.09217767,-1.083499768,1.2,-0.2708827555179596,-0.012037037037037044,150590786.98507282,0.17665672660429435,-0.1003798693472498
357,565,sanmatenga(kaya),arouem,burkina_faso,11/4/2009,21,1,-0.967700204,1.0,13.096810194780764,-1.086335777,-1.677620932,-1.73793523,1.25,0.8333333333333334,-0.433333333,13.1,-1.1,13.1,-1.1,13.1,-1.1,13.09217767,-1.083499768,1.2,-0.2708827555179596,-0.012037037037037044,150590786.98507282,0.17665672660429435,-0.1003798693472498
358,566,sanmatenga(kaya),arouem,burkina_faso,11/5/2009,3,1,0.1028719525987102,0.0,13.096810194780764,-1.086335777,-1.677620932,-1.73793523,1.25,0.8333333333333334,-0.433333333,13.1,-1.1,13.1,-1.1,13.1,-1.1,13.09217767,-1.083499768,1.2,-0.2708827555179596,-0.012037037037037044,150590786.98507282,0.17665672660429435,-0.1003798693472498
359,567,sanmatenga(kaya),arouem,burkina_faso,11/5/2009,8,2,0.287363953,0.0,13.096810194780764,-1.086335777,-1.677620932,-1.73793523,1.25,0.8333333333333334,-0.433333333,13.1,-1.1,13.1,-1.1,13.1,-1.1,13.09217767,-1.083499768,1.2,-0.2708827555179596,-0.012037037037037044,150590786.98507282,0.17665672660429435,-0.1003798693472498
360,568,sanmatenga(kaya),bagbin-noungou,burkina_faso,10/30/2009,16,1,-0.5828093,0.0,12.72713,-1.05162,-1.70760411,-1.735114127,1.25,1.0,-0.333333333,12.75,-1.05,12.75,-1.05,12.75,-1.05,12.75482216,-1.073963321,1.2,-0.3276150127251943,-0.012037037037037016,252842544.0452129,0.18906225794772252,-0.2249944978025893
361,569,sanmatenga(kaya),bagbin-noungou,burkina_faso,10/29/2009,7,1,-0.582211894,0.0,12.72713,-1.05162,-1.70760411,-1.735114127,1.25,1.0,-0.333333333,12.75,-1.05,12.75,-1.05,12.75,-1.05,12.75482216,-1.073963321,1.2,-0.3276150127251943,-0.012037037037037016,252842544.0452129,0.18906225794772252,-0.2249944978025893
362,570,sanmatenga(kaya),bagbin-noungou,burkina_faso,10/30/2009,7,2,-1.042973344,0.0,12.72713,-1.05162,-1.70760411,-1.735114127,1.25,1.0,-0.333333333,12.75,-1.05,12.75,-1.05,12.75,-1.05,12.75482216,-1.073963321,1.2,-0.3276150127251943,-0.012037037037037016,252842544.0452129,0.18906225794772252,-0.2249944978025893
363,571,sanmatenga(kaya),bagbin-noungou,burkina_faso,10/30/2009,11,5,-1.128999789,1.0,12.72713,-1.05162,-1.70760411,-1.735114127,1.25,1.0,-0.333333333,12.75,-1.05,12.75,-1.05,12.75,-1.05,12.75482216,-1.073963321,1.2,-0.3276150127251943,-0.012037037037037016,252842544.0452129,0.18906225794772252,-0.2249944978025893
364,573,sanmatenga(kaya),bagbin-noungou,burkina_faso,10/30/2009,3,4,-0.801907925,1.0,12.72713,-1.05162,-1.70760411,-1.735114127,1.25,1.0,-0.333333333,12.75,-1.05,12.75,-1.05,12.75,-1.05,12.75482216,-1.073963321,1.2,-0.3276150127251943,-0.012037037037037016,252842544.0452129,0.18906225794772252,-0.2249944978025893
365,575,sanmatenga(kaya),bagbin-noungou,burkina_faso,10/29/2009,9,1,-0.769648008,1.0,12.72713,-1.05162,-1.70760411,-1.735114127,1.25,1.0,-0.333333333,12.75,-1.05,12.75,-1.05,12.75,-1.05,12.75482216,-1.073963321,1.2,-0.3276150127251943,-0.012037037037037016,252842544.0452129,0.18906225794772252,-0.2249944978025893
366,588,sanmatenga(kaya),bagbin-noungou,burkina_faso,10/29/2009,17,3,-0.953362463,0.0,12.72713,-1.05162,-1.70760411,-1.735114127,1.25,1.0,-0.333333333,12.75,-1.05,12.75,-1.05,12.75,-1.05,12.75482216,-1.073963321,1.2,-0.3276150127251943,-0.012037037037037016,252842544.0452129,0.18906225794772252,-0.2249944978025893
367,589,sanmatenga(kaya),bagbin-noungou,burkina_faso,10/29/2009,9,3,-0.931138964,1.0,12.72713,-1.05162,-1.70760411,-1.735114127,1.25,1.0,-0.333333333,12.75,-1.05,12.75,-1.05,12.75,-1.05,12.75482216,-1.073963321,1.2,-0.3276150127251943,-0.012037037037037016,252842544.0452129,0.18906225794772252,-0.2249944978025893
368,590,sanmatenga(kaya),bagbin-noungou,burkina_faso,10/29/2009,12,2,-1.150506401,0.0,12.72713,-1.05162,-1.70760411,-1.735114127,1.25,1.0,-0.333333333,12.75,-1.05,12.75,-1.05,12.75,-1.05,12.75482216,-1.073963321,1.2,-0.3276150127251943,-0.012037037037037016,252842544.0452129,0.18906225794772252,-0.2249944978025893
369,591,sanmatenga(kaya),bagbin-noungou,burkina_faso,10/29/2009,16,3,-1.064479955,0.0,12.72713,-1.05162,-1.70760411,-1.735114127,1.25,1.0,-0.333333333,12.75,-1.05,12.75,-1.05,12.75,-1.05,12.75482216,-1.073963321,1.2,-0.3276150127251943,-0.012037037037037016,252842544.0452129,0.18906225794772252,-0.2249944978025893
370,592,sanmatenga(kaya),bagbin-noungou,burkina_faso,10/29/2009,16,2,-0.593733293,1.0,12.72713,-1.05162,-1.70760411,-1.735114127,1.25,1.0,-0.333333333,12.75,-1.05,12.75,-1.05,12.75,-1.05,12.75482216,-1.073963321,1.2,-0.3276150127251943,-0.012037037037037016,252842544.0452129,0.18906225794772252,-0.2249944978025893
371,593,sanmatenga(kaya),bagbin-noungou,burkina_faso,10/29/2009,8,1,-0.578985902,1.0,12.72713,-1.05162,-1.70760411,-1.735114127,1.25,1.0,-0.333333333,12.75,-1.05,12.75,-1.05,12.75,-1.05,12.75482216,-1.073963321,1.2,-0.3276150127251943,-0.012037037037037016,252842544.0452129,0.18906225794772252,-0.2249944978025893
372,594,sanmatenga(kaya),bagbin-noungou,burkina_faso,10/29/2009,19,2,-1.30105268,0.0,12.72713,-1.05162,-1.70760411,-1.735114127,1.25,1.0,-0.333333333,12.75,-1.05,12.75,-1.05,12.75,-1.05,12.75482216,-1.073963321,1.2,-0.3276150127251943,-0.012037037037037016,252842544.0452129,0.18906225794772252,-0.2249944978025893
373,597,sanmatenga(kaya),bagmiougou,burkina_faso,11/5/2009,13,1,-0.591172982,1.0,13.096810194780764,-1.086335777,-1.677620932,-1.73793523,1.25,0.8333333333333334,-0.433333333,13.1,-1.1,13.1,-1.1,13.1,-1.1,13.09217767,-1.083499768,1.2,-0.2708827555179596,-0.012037037037037044,150590786.98507282,0.17665672660429435,-0.1003798693472498
374,599,sanmatenga(kaya),bagmiougou,burkina_faso,11/5/2009,12,2,-0.200243309,1.0,13.096810194780764,-1.086335777,-1.677620932,-1.73793523,1.25,0.8333333333333334,-0.433333333,13.1,-1.1,13.1,-1.1,13.1,-1.1,13.09217767,-1.083499768,1.2,-0.2708827555179596,-0.012037037037037044,150590786.98507282,0.17665672660429435,-0.1003798693472498
375,600,sanmatenga(kaya),bagmiougou,burkina_faso,11/5/2009,15,2,-0.93275196,1.0,13.096810194780764,-1.086335777,-1.677620932,-1.73793523,1.25,0.8333333333333334,-0.433333333,13.1,-1.1,13.1,-1.1,13.1,-1.1,13.09217767,-1.083499768,1.2,-0.2708827555179596,-0.012037037037037044,150590786.98507282,0.17665672660429435,-0.1003798693472498
376,601,sanmatenga(kaya),bagmiougou,burkina_faso,11/5/2009,5,5,-0.928271416,1.0,13.096810194780764,-1.086335777,-1.677620932,-1.73793523,1.25,0.8333333333333334,-0.433333333,13.1,-1.1,13.1,-1.1,13.1,-1.1,13.09217767,-1.083499768,1.2,-0.2708827555179596,-0.012037037037037044,150590786.98507282,0.17665672660429435,-0.1003798693472498
377,602,sanmatenga(kaya),bagmiougou,burkina_faso,11/5/2009,14,1,0.147608431,0.0,13.096810194780764,-1.086335777,-1.677620932,-1.73793523,1.25,0.8333333333333334,-0.433333333,13.1,-1.1,13.1,-1.1,13.1,-1.1,13.09217767,-1.083499768,1.2,-0.2708827555179596,-0.012037037037037044,150590786.98507282,0.17665672660429435,-0.1003798693472498
378,603,sanmatenga(kaya),bagmiougou,burkina_faso,11/6/2009,8,1,-0.587588547,1.0,13.096810194780764,-1.086335777,-1.677620932,-1.73793523,1.25,0.8333333333333334,-0.433333333,13.1,-1.1,13.1,-1.1,13.1,-1.1,13.09217767,-1.083499768,1.2,-0.2708827555179596,-0.012037037037037044,150590786.98507282,0.17665672660429435,-0.1003798693472498
379,607,sanmatenga(kaya),bagmiougou,burkina_faso,11/6/2009,12,1,-0.924686981,1.0,13.096810194780764,-1.086335777,-1.677620932,-1.73793523,1.25,0.8333333333333334,-0.433333333,13.1,-1.1,13.1,-1.1,13.1,-1.1,13.09217767,-1.083499768,1.2,-0.2708827555179596,-0.012037037037037044,150590786.98507282,0.17665672660429435,-0.1003798693472498
380,608,sanmatenga(kaya),bagmiougou,burkina_faso,11/5/2009,16,2,-0.923709408,1.0,13.096810194780764,-1.086335777,-1.677620932,-1.73793523,1.25,0.8333333333333334,-0.433333333,13.1,-1.1,13.1,-1.1,13.1,-1.1,13.09217767,-1.083499768,1.2,-0.2708827555179596,-0.012037037037037044,150590786.98507282,0.17665672660429435,-0.1003798693472498
381,609,sanmatenga(kaya),bagmiougou,burkina_faso,11/5/2009,9,1,0.4943134567735665,1.0,13.096810194780764,-1.086335777,-1.677620932,-1.73793523,1.25,0.8333333333333334,-0.433333333,13.1,-1.1,13.1,-1.1,13.1,-1.1,13.09217767,-1.083499768,1.2,-0.2708827555179596,-0.012037037037037044,150590786.98507282,0.17665672660429435,-0.1003798693472498
382,610,sanmatenga(kaya),bagmiougou,burkina_faso,11/5/2009,19,1,-0.926479199,1.0,13.096810194780764,-1.086335777,-1.677620932,-1.73793523,1.25,0.8333333333333334,-0.433333333,13.1,-1.1,13.1,-1.1,13.1,-1.1,13.09217767,-1.083499768,1.2,-0.2708827555179596,-0.012037037037037044,150590786.98507282,0.17665672660429435,-0.1003798693472498
383,611,sanmatenga(kaya),bagmiougou,burkina_faso,11/5/2009,6,1,-0.563009562,1.0,13.096810194780764,-1.086335777,-1.677620932,-1.73793523,1.25,0.8333333333333334,-0.433333333,13.1,-1.1,13.1,-1.1,13.1,-1.1,13.09217767,-1.083499768,1.2,-0.2708827555179596,-0.012037037037037044,150590786.98507282,0.17665672660429435,-0.1003798693472498
384,612,sanmatenga(kaya),bagmiougou,burkina_faso,11/5/2009,13,2,-0.920385659,1.0,13.096810194780764,-1.086335777,-1.677620932,-1.73793523,1.25,0.8333333333333334,-0.433333333,13.1,-1.1,13.1,-1.1,13.1,-1.1,13.09217767,-1.083499768,1.2,-0.2708827555179596,-0.012037037037037044,150590786.98507282,0.17665672660429435,-0.1003798693472498
385,613,sanmatenga(kaya),bagmiougou,burkina_faso,11/6/2009,13,1,-0.962323551,0.0,13.096810194780764,-1.086335777,-1.677620932,-1.73793523,1.25,0.8333333333333334,-0.433333333,13.1,-1.1,13.1,-1.1,13.1,-1.1,13.09217767,-1.083499768,1.2,-0.2708827555179596,-0.012037037037037044,150590786.98507282,0.17665672660429435,-0.1003798693472498
386,614,sanmatenga(kaya),bagmiougou,burkina_faso,11/5/2009,20,1,-0.587588547,0.0,13.096810194780764,-1.086335777,-1.677620932,-1.73793523,1.25,0.8333333333333334,-0.433333333,13.1,-1.1,13.1,-1.1,13.1,-1.1,13.09217767,-1.083499768,1.2,-0.2708827555179596,-0.012037037037037044,150590786.98507282,0.17665672660429435,-0.1003798693472498
387,615,sanmatenga(kaya),bagmiougou,burkina_faso,11/6/2009,6,1,-0.935440287,0.0,13.096810194780764,-1.086335777,-1.677620932,-1.73793523,1.25,0.8333333333333334,-0.433333333,13.1,-1.1,13.1,-1.1,13.1,-1.1,13.09217767,-1.083499768,1.2,-0.2708827555179596,-0.012037037037037044,150590786.98507282,0.17665672660429435,-0.1003798693472498
388,616,sanmatenga(kaya),bagmiougou,burkina_faso,11/5/2009,16,1,-0.941585033,1.0,13.096810194780764,-1.086335777,-1.677620932,-1.73793523,1.25,0.8333333333333334,-0.433333333,13.1,-1.1,13.1,-1.1,13.1,-1.1,13.09217767,-1.083499768,1.2,-0.2708827555179596,-0.012037037037037044,150590786.98507282,0.17665672660429435,-0.1003798693472498
389,617,sanmatenga(kaya),bagmiougou,burkina_faso,11/5/2009,14,1,-0.604793836,1.0,13.096810194780764,-1.086335777,-1.677620932,-1.73793523,1.25,0.8333333333333334,-0.433333333,13.1,-1.1,13.1,-1.1,13.1,-1.1,13.09217767,-1.083499768,1.2,-0.2708827555179596,-0.012037037037037044,150590786.98507282,0.17665672660429435,-0.1003798693472498
390,618,sanmatenga(kaya),bagmiougou,burkina_faso,11/5/2009,16,1,-0.587588547,1.0,13.096810194780764,-1.086335777,-1.677620932,-1.73793523,1.25,0.8333333333333334,-0.433333333,13.1,-1.1,13.1,-1.1,13.1,-1.1,13.09217767,-1.083499768,1.2,-0.2708827555179596,-0.012037037037037044,150590786.98507282,0.17665672660429435,-0.1003798693472498
391,624,sanmatenga(kaya),basebrike,burkina_faso,11/8/2009,6,2,-0.935440287,1.0,13.096810194780764,-1.086335777,-1.677620932,-1.73793523,1.25,0.8333333333333334,-0.433333333,13.1,-1.1,13.1,-1.1,13.1,-1.1,13.09217767,-1.083499768,1.2,-0.2708827555179596,-0.012037037037037044,150590786.98507282,0.17665672660429435,-0.1003798693472498
392,625,sanmatenga(kaya),basebrike,burkina_faso,11/8/2009,10,1,-0.935440287,0.0,13.096810194780764,-1.086335777,-1.677620932,-1.73793523,1.25,0.8333333333333334,-0.433333333,13.1,-1.1,13.1,-1.1,13.1,-1.1,13.09217767,-1.083499768,1.2,-0.2708827555179596,-0.012037037037037044,150590786.98507282,0.17665672660429435,-0.1003798693472498
393,626,sanmatenga(kaya),basebrike,burkina_faso,11/7/2009,7,1,-0.942609157,1.0,13.096810194780764,-1.086335777,-1.677620932,-1.73793523,1.25,0.8333333333333334,-0.433333333,13.1,-1.1,13.1,-1.1,13.1,-1.1,13.09217767,-1.083499768,1.2,-0.2708827555179596,-0.012037037037037044,150590786.98507282,0.17665672660429435,-0.1003798693472498
394,627,sanmatenga(kaya),basebrike,burkina_faso,11/7/2009,7,3,-0.20741218,1.0,13.096810194780764,-1.086335777,-1.677620932,-1.73793523,1.25,0.8333333333333334,-0.433333333,13.1,-1.1,13.1,-1.1,13.1,-1.1,13.09217767,-1.083499768,1.2,-0.2708827555179596,-0.012037037037037044,150590786.98507282,0.17665672660429435,-0.1003798693472498
395,628,sanmatenga(kaya),basebrike,burkina_faso,11/7/2009,9,2,-0.776099991,1.0,13.096810194780764,-1.086335777,-1.677620932,-1.73793523,1.25,0.8333333333333334,-0.433333333,13.1,-1.1,13.1,-1.1,13.1,-1.1,13.09217767,-1.083499768,1.2,-0.2708827555179596,-0.012037037037037044,150590786.98507282,0.17665672660429435,-0.1003798693472498
396,630,sanmatenga(kaya),basebrike,burkina_faso,11/7/2009,15,2,-0.93275196,0.0,13.096810194780764,-1.086335777,-1.677620932,-1.73793523,1.25,0.8333333333333334,-0.433333333,13.1,-1.1,13.1,-1.1,13.1,-1.1,13.09217767,-1.083499768,1.2,-0.2708827555179596,-0.012037037037037044,150590786.98507282,0.17665672660429435,-0.1003798693472498
397,631,sanmatenga(kaya),basebrike,burkina_faso,11/7/2009,15,6,-0.917242385,1.0,13.096810194780764,-1.086335777,-1.677620932,-1.73793523,1.25,0.8333333333333334,-0.433333333,13.1,-1.1,13.1,-1.1,13.1,-1.1,13.09217767,-1.083499768,1.2,-0.2708827555179596,-0.012037037037037044,150590786.98507282,0.17665672660429435,-0.1003798693472498
398,632,sanmatenga(kaya),basebrike,burkina_faso,11/7/2009,15,1,-0.93275196,1.0,13.096810194780764,-1.086335777,-1.677620932,-1.73793523,1.25,0.8333333333333334,-0.433333333,13.1,-1.1,13.1,-1.1,13.1,-1.1,13.09217767,-1.083499768,1.2,-0.2708827555179596,-0.012037037037037044,150590786.98507282,0.17665672660429435,-0.1003798693472498
399,633,sanmatenga(kaya),basebrike,burkina_faso,11/7/2009,12,2,-0.935440287,1.0,13.096810194780764,-1.086335777,-1.677620932,-1.73793523,1.25,0.8333333333333334,-0.433333333,13.1,-1.1,13.1,-1.1,13.1,-1.1,13.09217767,-1.083499768,1.2,-0.2708827555179596,-0.012037037037037044,150590786.98507282,0.17665672660429435,-0.1003798693472498
400,634,sanmatenga(kaya),basebrike,burkina_faso,11/7/2009,6,1,-0.918234998,1.0,13.096810194780764,-1.086335777,-1.677620932,-1.73793523,1.25,0.8333333333333334,-0.433333333,13.1,-1.1,13.1,-1.1,13.1,-1.1,13.09217767,-1.083499768,1.2,-0.2708827555179596,-0.012037037037037044,150590786.98507282,0.17665672660429435,-0.1003798693472498
401,638,sanmatenga(kaya),basebrike,burkina_faso,11/8/2009,4,1,-0.913933675,1.0,13.096810194780764,-1.086335777,-1.677620932,-1.73793523,1.25,0.8333333333333334,-0.433333333,13.1,-1.1,13.1,-1.1,13.1,-1.1,13.09217767,-1.083499768,1.2,-0.2708827555179596,-0.012037037037037044,150590786.98507282,0.17665672660429435,-0.1003798693472498
402,639,sanmatenga(kaya),basebrike,burkina_faso,11/8/2009,21,2,-0.930063634,1.0,13.096810194780764,-1.086335777,-1.677620932,-1.73793523,1.25,0.8333333333333334,-0.433333333,13.1,-1.1,13.1,-1.1,13.1,-1.1,13.09217767,-1.083499768,1.2,-0.2708827555179596,-0.012037037037037044,150590786.98507282,0.17665672660429435,-0.1003798693472498
403,643,sanmatenga(kaya),basebrike,burkina_faso,11/7/2009,8,1,-0.780401313,1.0,13.096810194780764,-1.086335777,-1.677620932,-1.73793523,1.25,0.8333333333333334,-0.433333333,13.1,-1.1,13.1,-1.1,13.1,-1.1,13.09217767,-1.083499768,1.2,-0.2708827555179596,-0.012037037037037044,150590786.98507282,0.17665672660429435,-0.1003798693472498
404,644,sanmatenga(kaya),basebrike,burkina_faso,11/7/2009,8,1,-0.926837642,1.0,13.096810194780764,-1.086335777,-1.677620932,-1.73793523,1.25,0.8333333333333334,-0.433333333,13.1,-1.1,13.1,-1.1,13.1,-1.1,13.09217767,-1.083499768,1.2,-0.2708827555179596,-0.012037037037037044,150590786.98507282,0.17665672660429435,-0.1003798693472498
405,645,sanmatenga(kaya),basebrike,burkina_faso,11/8/2009,13,1,-0.932367914,1.0,13.096810194780764,-1.086335777,-1.677620932,-1.73793523,1.25,0.8333333333333334,-0.433333333,13.1,-1.1,13.1,-1.1,13.1,-1.1,13.09217767,-1.083499768,1.2,-0.2708827555179596,-0.012037037037037044,150590786.98507282,0.17665672660429435,-0.1003798693472498
406,646,sanmatenga(kaya),basebrike,burkina_faso,11/7/2009,18,1,-0.956946898,1.0,13.096810194780764,-1.086335777,-1.677620932,-1.73793523,1.25,0.8333333333333334,-0.433333333,13.1,-1.1,13.1,-1.1,13.1,-1.1,13.09217767,-1.083499768,1.2,-0.2708827555179596,-0.012037037037037044,150590786.98507282,0.17665672660429435,-0.1003798693472498
407,647,sanmatenga(kaya),basebrike,burkina_faso,11/7/2009,9,1,-0.94081694,1.0,13.096810194780764,-1.086335777,-1.677620932,-1.73793523,1.25,0.8333333333333334,-0.433333333,13.1,-1.1,13.1,-1.1,13.1,-1.1,13.09217767,-1.083499768,1.2,-0.2708827555179596,-0.012037037037037044,150590786.98507282,0.17665672660429435,-0.1003798693472498
408,648,sanmatenga(kaya),basebrike,burkina_faso,11/7/2009,10,1,-0.200243309,1.0,13.096810194780764,-1.086335777,-1.677620932,-1.73793523,1.25,0.8333333333333334,-0.433333333,13.1,-1.1,13.1,-1.1,13.1,-1.1,13.09217767,-1.083499768,1.2,-0.2708827555179596,-0.012037037037037044,150590786.98507282,0.17665672660429435,-0.1003798693472498
409,652,sanmatenga(kaya),bawenne,burkina_faso,10/31/2009,17,1,-0.953362463,1.0,13.096810194780764,-1.086335777,-1.677620932,-1.73793523,1.25,0.8333333333333334,-0.433333333,13.1,-1.1,13.1,-1.1,13.1,-1.1,13.09217767,-1.083499768,1.2,-0.2708827555179596,-0.012037037037037044,150590786.98507282,0.17665672660429435,-0.1003798693472498
410,653,sanmatenga(kaya),bawenne,burkina_faso,10/31/2009,22,2,-0.935440287,1.0,13.096810194780764,-1.086335777,-1.677620932,-1.73793523,1.25,0.8333333333333334,-0.433333333,13.1,-1.1,13.1,-1.1,13.1,-1.1,13.09217767,-1.083499768,1.2,-0.2708827555179596,-0.012037037037037044,150590786.98507282,0.17665672660429435,-0.1003798693472498
411,654,sanmatenga(kaya),bawenne,burkina_faso,10/31/2009,15,1,-0.946193592,1.0,13.096810194780764,-1.086335777,-1.677620932,-1.73793523,1.25,0.8333333333333334,-0.433333333,13.1,-1.1,13.1,-1.1,13.1,-1.1,13.09217767,-1.083499768,1.2,-0.2708827555179596,-0.012037037037037044,150590786.98507282,0.17665672660429435,-0.1003798693472498
412,655,sanmatenga(kaya),bawenne,burkina_faso,10/31/2009,4,2,-0.566081935,1.0,13.096810194780764,-1.086335777,-1.677620932,-1.73793523,1.25,0.8333333333333334,-0.433333333,13.1,-1.1,13.1,-1.1,13.1,-1.1,13.09217767,-1.083499768,1.2,-0.2708827555179596,-0.012037037037037044,150590786.98507282,0.17665672660429435,-0.1003798693472498
413,656,sanmatenga(kaya),bawenne,burkina_faso,10/31/2009,20,7,-0.935440287,1.0,13.096810194780764,-1.086335777,-1.677620932,-1.73793523,1.25,0.8333333333333334,-0.433333333,13.1,-1.1,13.1,-1.1,13.1,-1.1,13.09217767,-1.083499768,1.2,-0.2708827555179596,-0.012037037037037044,150590786.98507282,0.17665672660429435,-0.1003798693472498
414,657,sanmatenga(kaya),bawenne,burkina_faso,10/31/2009,20,4,-0.598341852,1.0,13.096810194780764,-1.086335777,-1.677620932,-1.73793523,1.25,0.8333333333333334,-0.433333333,13.1,-1.1,13.1,-1.1,13.1,-1.1,13.09217767,-1.083499768,1.2,-0.2708827555179596,-0.012037037037037044,150590786.98507282,0.17665672660429435,-0.1003798693472498
415,658,sanmatenga(kaya),bawenne,burkina_faso,10/31/2009,21,1,1.914352010118625,1.0,13.096810194780764,-1.086335777,-1.677620932,-1.73793523,1.25,0.8333333333333334,-0.433333333,13.1,-1.1,13.1,-1.1,13.1,-1.1,13.09217767,-1.083499768,1.2,-0.2708827555179596,-0.012037037037037044,150590786.98507282,0.17665672660429435,-0.1003798693472498
416,659,sanmatenga(kaya),bawenne,burkina_faso,10/31/2009,17,2,-0.933050663,1.0,13.096810194780764,-1.086335777,-1.677620932,-1.73793523,1.25,0.8333333333333334,-0.433333333,13.1,-1.1,13.1,-1.1,13.1,-1.1,13.09217767,-1.083499768,1.2,-0.2708827555179596,-0.012037037037037044,150590786.98507282,0.17665672660429435,-0.1003798693472498
417,660,sanmatenga(kaya),bawenne,burkina_faso,10/31/2009,9,1,-0.956946898,1.0,13.096810194780764,-1.086335777,-1.677620932,-1.73793523,1.25,0.8333333333333334,-0.433333333,13.1,-1.1,13.1,-1.1,13.1,-1.1,13.09217767,-1.083499768,1.2,-0.2708827555179596,-0.012037037037037044,150590786.98507282,0.17665672660429435,-0.1003798693472498
418,661,sanmatenga(kaya),bawenne,burkina_faso,10/31/2009,16,1,-0.941585033,1.0,13.096810194780764,-1.086335777,-1.677620932,-1.73793523,1.25,0.8333333333333334,-0.433333333,13.1,-1.1,13.1,-1.1,13.1,-1.1,13.09217767,-1.083499768,1.2,-0.2708827555179596,-0.012037037037037044,150590786.98507282,0.17665672660429435,-0.1003798693472498
419,662,sanmatenga(kaya),bawenne,burkina_faso,10/31/2009,7,1,-0.92253632,1.0,13.096810194780764,-1.086335777,-1.677620932,-1.73793523,1.25,0.8333333333333334,-0.433333333,13.1,-1.1,13.1,-1.1,13.1,-1.1,13.09217767,-1.083499768,1.2,-0.2708827555179596,-0.012037037037037044,150590786.98507282,0.17665672660429435,-0.1003798693472498
420,663,sanmatenga(kaya),bawenne,burkina_faso,10/31/2009,18,1,1.9089753572719308,1.0,13.096810194780764,-1.086335777,-1.677620932,-1.73793523,1.25,0.8333333333333334,-0.433333333,13.1,-1.1,13.1,-1.1,13.1,-1.1,13.09217767,-1.083499768,1.2,-0.2708827555179596,-0.012037037037037044,150590786.98507282,0.17665672660429435,-0.1003798693472498
421,667,sanmatenga(kaya),bawenne,burkina_faso,10/31/2009,20,1,-0.598341852,0.0,13.096810194780764,-1.086335777,-1.677620932,-1.73793523,1.25,0.8333333333333334,-0.433333333,13.1,-1.1,13.1,-1.1,13.1,-1.1,13.09217767,-1.083499768,1.2,-0.2708827555179596,-0.012037037037037044,150590786.98507282,0.17665672660429435,-0.1003798693472498
422,668,sanmatenga(kaya),bawenne,burkina_faso,10/31/2009,31,2,-0.627913443,1.0,13.096810194780764,-1.086335777,-1.677620932,-1.73793523,1.25,0.8333333333333334,-0.433333333,13.1,-1.1,13.1,-1.1,13.1,-1.1,13.09217767,-1.083499768,1.2,-0.2708827555179596,-0.012037037037037044,150590786.98507282,0.17665672660429435,-0.1003798693472498
423,669,sanmatenga(kaya),bawenne,burkina_faso,10/31/2009,20,2,-0.946193592,1.0,13.096810194780764,-1.086335777,-1.677620932,-1.73793523,1.25,0.8333333333333334,-0.433333333,13.1,-1.1,13.1,-1.1,13.1,-1.1,13.09217767,-1.083499768,1.2,-0.2708827555179596,-0.012037037037037044,150590786.98507282,0.17665672660429435,-0.1003798693472498
424,670,sanmatenga(kaya),bawenne,burkina_faso,10/31/2009,16,2,-0.578985902,1.0,13.096810194780764,-1.086335777,-1.677620932,-1.73793523,1.25,0.8333333333333334,-0.433333333,13.1,-1.1,13.1,-1.1,13.1,-1.1,13.09217767,-1.083499768,1.2,-0.2708827555179596,-0.012037037037037044,150590786.98507282,0.17665672660429435,-0.1003798693472498
425,672,sanmatenga(kaya),bawenne,burkina_faso,10/31/2009,28,1,-0.935440287,0.0,13.096810194780764,-1.086335777,-1.677620932,-1.73793523,1.25,0.8333333333333334,-0.433333333,13.1,-1.1,13.1,-1.1,13.1,-1.1,13.09217767,-1.083499768,1.2,-0.2708827555179596,-0.012037037037037044,150590786.98507282,0.17665672660429435,-0.1003798693472498
426,675,sanmatenga(kaya),bawenne,burkina_faso,10/31/2009,10,1,-0.964115769,0.0,13.096810194780764,-1.086335777,-1.677620932,-1.73793523,1.25,0.8333333333333334,-0.433333333,13.1,-1.1,13.1,-1.1,13.1,-1.1,13.09217767,-1.083499768,1.2,-0.2708827555179596,-0.012037037037037044,150590786.98507282,0.17665672660429435,-0.1003798693472498
427,676,sanmatenga(kaya),dablo,burkina_faso,10/30/2009,8,1,-0.978453509,1.0,13.736331794273273,-1.177869042,-1.599071503,-1.737089992,2.0,0.1666666666666666,-0.166666667,13.75,-1.2,13.75,-1.2,13.75,-1.2,13.50282815,-1.190020734,0.8,-0.28275351226329803,0.20357142857142854,217026963.74011934,0.1695197252379991,0.8383809327103944
428,677,sanmatenga(kaya),dablo,burkina_faso,10/30/2009,24,1,-0.587588547,1.0,13.736331794273273,-1.177869042,-1.599071503,-1.737089992,2.0,0.1666666666666666,-0.166666667,13.75,-1.2,13.75,-1.2,13.75,-1.2,13.50282815,-1.190020734,0.8,-0.28275351226329803,0.20357142857142854,217026963.74011934,0.1695197252379991,0.8383809327103944
429,678,sanmatenga(kaya),dablo,burkina_faso,10/30/2009,6,1,0.2992044610902847,1.0,13.736331794273273,-1.177869042,-1.599071503,-1.737089992,2.0,0.1666666666666666,-0.166666667,13.75,-1.2,13.75,-1.2,13.75,-1.2,13.50282815,-1.190020734,0.8,-0.28275351226329803,0.20357142857142854,217026963.74011934,0.1695197252379991,0.8383809327103944
430,681,sanmatenga(kaya),dablo,burkina_faso,10/30/2009,9,1,-0.437926226,1.0,13.736331794273273,-1.177869042,-1.599071503,-1.737089992,2.0,0.1666666666666666,-0.166666667,13.75,-1.2,13.75,-1.2,13.75,-1.2,13.50282815,-1.190020734,0.8,-0.28275351226329803,0.20357142857142854,217026963.74011934,0.1695197252379991,0.8383809327103944
431,683,sanmatenga(kaya),dablo,burkina_faso,10/30/2009,7,1,-0.762479137,1.0,13.736331794273273,-1.177869042,-1.599071503,-1.737089992,2.0,0.1666666666666666,-0.166666667,13.75,-1.2,13.75,-1.2,13.75,-1.2,13.50282815,-1.190020734,0.8,-0.28275351226329803,0.20357142857142854,217026963.74011934,0.1695197252379991,0.8383809327103944
432,684,sanmatenga(kaya),dablo,burkina_faso,10/30/2009,7,2,-0.942609157,1.0,13.736331794273273,-1.177869042,-1.599071503,-1.737089992,2.0,0.1666666666666666,-0.166666667,13.75,-1.2,13.75,-1.2,13.75,-1.2,13.50282815,-1.190020734,0.8,-0.28275351226329803,0.20357142857142854,217026963.74011934,0.1695197252379991,0.8383809327103944
433,685,sanmatenga(kaya),dablo,burkina_faso,10/30/2009,22,1,-0.796531272,0.0,13.736331794273273,-1.177869042,-1.599071503,-1.737089992,2.0,0.1666666666666666,-0.166666667,13.75,-1.2,13.75,-1.2,13.75,-1.2,13.50282815,-1.190020734,0.8,-0.28275351226329803,0.20357142857142854,217026963.74011934,0.1695197252379991,0.8383809327103944
434,686,sanmatenga(kaya),dablo,burkina_faso,10/30/2009,7,2,-0.57468458,1.0,13.736331794273273,-1.177869042,-1.599071503,-1.737089992,2.0,0.1666666666666666,-0.166666667,13.75,-1.2,13.75,-1.2,13.75,-1.2,13.50282815,-1.190020734,0.8,-0.28275351226329803,0.20357142857142854,217026963.74011934,0.1695197252379991,0.8383809327103944
435,687,sanmatenga(kaya),dablo,burkina_faso,10/30/2009,18,1,-0.621999125,1.0,13.736331794273273,-1.177869042,-1.599071503,-1.737089992,2.0,0.1666666666666666,-0.166666667,13.75,-1.2,13.75,-1.2,13.75,-1.2,13.50282815,-1.190020734,0.8,-0.28275351226329803,0.20357142857142854,217026963.74011934,0.1695197252379991,0.8383809327103944
436,688,sanmatenga(kaya),dablo,burkina_faso,10/30/2009,7,2,-0.88793437,1.0,13.736331794273273,-1.177869042,-1.599071503,-1.737089992,2.0,0.1666666666666666,-0.166666667,13.75,-1.2,13.75,-1.2,13.75,-1.2,13.50282815,-1.190020734,0.8,-0.28275351226329803,0.20357142857142854,217026963.74011934,0.1695197252379991,0.8383809327103944
437,689,sanmatenga(kaya),dablo,burkina_faso,10/30/2009,5,2,-0.919310328,1.0,13.736331794273273,-1.177869042,-1.599071503,-1.737089992,2.0,0.1666666666666666,-0.166666667,13.75,-1.2,13.75,-1.2,13.75,-1.2,13.50282815,-1.190020734,0.8,-0.28275351226329803,0.20357142857142854,217026963.74011934,0.1695197252379991,0.8383809327103944
438,691,sanmatenga(kaya),dablo,burkina_faso,10/30/2009,12,1,-0.475562796,1.0,13.736331794273273,-1.177869042,-1.599071503,-1.737089992,2.0,0.1666666666666666,-0.166666667,13.75,-1.2,13.75,-1.2,13.75,-1.2,13.50282815,-1.190020734,0.8,-0.28275351226329803,0.20357142857142854,217026963.74011934,0.1695197252379991,0.8383809327103944
439,695,sanmatenga(kaya),dablo,burkina_faso,10/30/2009,21,1,-0.434700234,1.0,13.736331794273273,-1.177869042,-1.599071503,-1.737089992,2.0,0.1666666666666666,-0.166666667,13.75,-1.2,13.75,-1.2,13.75,-1.2,13.50282815,-1.190020734,0.8,-0.28275351226329803,0.20357142857142854,217026963.74011934,0.1695197252379991,0.8383809327103944
440,696,sanmatenga(kaya),dablo,burkina_faso,10/30/2009,12,1,-0.935440287,1.0,13.736331794273273,-1.177869042,-1.599071503,-1.737089992,2.0,0.1666666666666666,-0.166666667,13.75,-1.2,13.75,-1.2,13.75,-1.2,13.50282815,-1.190020734,0.8,-0.28275351226329803,0.20357142857142854,217026963.74011934,0.1695197252379991,0.8383809327103944
441,697,sanmatenga(kaya),dablo,burkina_faso,10/30/2009,13,1,-0.923492169,1.0,13.736331794273273,-1.177869042,-1.599071503,-1.737089992,2.0,0.1666666666666666,-0.166666667,13.75,-1.2,13.75,-1.2,13.75,-1.2,13.50282815,-1.190020734,0.8,-0.28275351226329803,0.20357142857142854,217026963.74011934,0.1695197252379991,0.8383809327103944
442,698,sanmatenga(kaya),dablo,burkina_faso,10/30/2009,7,1,-0.92253632,1.0,13.736331794273273,-1.177869042,-1.599071503,-1.737089992,2.0,0.1666666666666666,-0.166666667,13.75,-1.2,13.75,-1.2,13.75,-1.2,13.50282815,-1.190020734,0.8,-0.28275351226329803,0.20357142857142854,217026963.74011934,0.1695197252379991,0.8383809327103944
443,701,sanmatenga(kaya),dablo,burkina_faso,10/30/2009,12,1,-0.581443801,1.0,13.736331794273273,-1.177869042,-1.599071503,-1.737089992,2.0,0.1666666666666666,-0.166666667,13.75,-1.2,13.75,-1.2,13.75,-1.2,13.50282815,-1.190020734,0.8,-0.28275351226329803,0.20357142857142854,217026963.74011934,0.1695197252379991,0.8383809327103944
444,702,sanmatenga(kaya),dablo,burkina_faso,10/30/2009,21,2,-0.589739208,0.0,13.736331794273273,-1.177869042,-1.599071503,-1.737089992,2.0,0.1666666666666666,-0.166666667,13.75,-1.2,13.75,-1.2,13.75,-1.2,13.50282815,-1.190020734,0.8,-0.28275351226329803,0.20357142857142854,217026963.74011934,0.1695197252379991,0.8383809327103944
445,703,sanmatenga(kaya),dake,burkina_faso,11/1/2009,9,1,-0.066710948,0.0,13.714269999999996,-1.0786,-1.667244077,-1.667244077,1.0,0.1666666666666666,-0.166666667,13.7,-1.1,13.7,-1.1,13.7,-1.1,13.50282815,-1.073963321,0.7,-0.24723778452192033,0.24876738305941853,231122744.7788804,0.18456665374062314,0.7946470562955896
446,705,sanmatenga(kaya),dake,burkina_faso,11/1/2009,23,1,-0.43450472,1.0,13.714269999999996,-1.0786,-1.667244077,-1.667244077,1.0,0.1666666666666666,-0.166666667,13.7,-1.1,13.7,-1.1,13.7,-1.1,13.50282815,-1.073963321,0.7,-0.24723778452192033,0.24876738305941853,231122744.7788804,0.18456665374062314,0.7946470562955896
447,706,sanmatenga(kaya),dake,burkina_faso,11/1/2009,5,1,-0.443302879,0.0,13.714269999999996,-1.0786,-1.667244077,-1.667244077,1.0,0.1666666666666666,-0.166666667,13.7,-1.1,13.7,-1.1,13.7,-1.1,13.50282815,-1.073963321,0.7,-0.24723778452192033,0.24876738305941853,231122744.7788804,0.18456665374062314,0.7946470562955896
448,708,sanmatenga(kaya),dake,burkina_faso,11/1/2009,15,1,-0.791154619,0.0,13.714269999999996,-1.0786,-1.667244077,-1.667244077,1.0,0.1666666666666666,-0.166666667,13.7,-1.1,13.7,-1.1,13.7,-1.1,13.50282815,-1.073963321,0.7,-0.24723778452192033,0.24876738305941853,231122744.7788804,0.18456665374062314,0.7946470562955896
449,709,sanmatenga(kaya),dake,burkina_faso,11/1/2009,24,1,-0.780401313,0.0,13.714269999999996,-1.0786,-1.667244077,-1.667244077,1.0,0.1666666666666666,-0.166666667,13.7,-1.1,13.7,-1.1,13.7,-1.1,13.50282815,-1.073963321,0.7,-0.24723778452192033,0.24876738305941853,231122744.7788804,0.18456665374062314,0.7946470562955896
450,711,sanmatenga(kaya),dake,burkina_faso,11/1/2009,21,1,-0.8502978,1.0,13.714269999999996,-1.0786,-1.667244077,-1.667244077,1.0,0.1666666666666666,-0.166666667,13.7,-1.1,13.7,-1.1,13.7,-1.1,13.50282815,-1.073963321,0.7,-0.24723778452192033,0.24876738305941853,231122744.7788804,0.18456665374062314,0.7946470562955896
451,712,sanmatenga(kaya),dake,burkina_faso,11/1/2009,12,1,-0.581443801,1.0,13.714269999999996,-1.0786,-1.667244077,-1.667244077,1.0,0.1666666666666666,-0.166666667,13.7,-1.1,13.7,-1.1,13.7,-1.1,13.50282815,-1.073963321,0.7,-0.24723778452192033,0.24876738305941853,231122744.7788804,0.18456665374062314,0.7946470562955896
452,713,sanmatenga(kaya),dake,burkina_faso,11/1/2009,4,2,-0.935440287,1.0,13.714269999999996,-1.0786,-1.667244077,-1.667244077,1.0,0.1666666666666666,-0.166666667,13.7,-1.1,13.7,-1.1,13.7,-1.1,13.50282815,-1.073963321,0.7,-0.24723778452192033,0.24876738305941853,231122744.7788804,0.18456665374062314,0.7946470562955896
453,714,sanmatenga(kaya),dake,burkina_faso,11/1/2009,8,1,-0.921102546,1.0,13.714269999999996,-1.0786,-1.667244077,-1.667244077,1.0,0.1666666666666666,-0.166666667,13.7,-1.1,13.7,-1.1,13.7,-1.1,13.50282815,-1.073963321,0.7,-0.24723778452192033,0.24876738305941853,231122744.7788804,0.18456665374062314,0.7946470562955896
454,718,sanmatenga(kaya),dake,burkina_faso,11/1/2009,3,1,-0.908557022,1.0,13.714269999999996,-1.0786,-1.667244077,-1.667244077,1.0,0.1666666666666666,-0.166666667,13.7,-1.1,13.7,-1.1,13.7,-1.1,13.50282815,-1.073963321,0.7,-0.24723778452192033,0.24876738305941853,231122744.7788804,0.18456665374062314,0.7946470562955896
455,719,sanmatenga(kaya),dake,burkina_faso,11/1/2009,6,1,-0.918234998,1.0,13.714269999999996,-1.0786,-1.667244077,-1.667244077,1.0,0.1666666666666666,-0.166666667,13.7,-1.1,13.7,-1.1,13.7,-1.1,13.50282815,-1.073963321,0.7,-0.24723778452192033,0.24876738305941853,231122744.7788804,0.18456665374062314,0.7946470562955896
456,720,sanmatenga(kaya),dake,burkina_faso,11/1/2009,8,3,-0.578985902,1.0,13.714269999999996,-1.0786,-1.667244077,-1.667244077,1.0,0.1666666666666666,-0.166666667,13.7,-1.1,13.7,-1.1,13.7,-1.1,13.50282815,-1.073963321,0.7,-0.24723778452192033,0.24876738305941853,231122744.7788804,0.18456665374062314,0.7946470562955896
457,722,sanmatenga(kaya),dake,burkina_faso,11/1/2009,8,1,-0.935440287,1.0,13.714269999999996,-1.0786,-1.667244077,-1.667244077,1.0,0.1666666666666666,-0.166666667,13.7,-1.1,13.7,-1.1,13.7,-1.1,13.50282815,-1.073963321,0.7,-0.24723778452192033,0.24876738305941853,231122744.7788804,0.18456665374062314,0.7946470562955896
458,725,sanmatenga(kaya),dake,burkina_faso,11/1/2009,11,1,0.143307108,0.0,13.714269999999996,-1.0786,-1.667244077,-1.667244077,1.0,0.1666666666666666,-0.166666667,13.7,-1.1,13.7,-1.1,13.7,-1.1,13.50282815,-1.073963321,0.7,-0.24723778452192033,0.24876738305941853,231122744.7788804,0.18456665374062314,0.7946470562955896
459,726,sanmatenga(kaya),dake,burkina_faso,11/1/2009,19,2,-0.571817032,1.0,13.714269999999996,-1.0786,-1.667244077,-1.667244077,1.0,0.1666666666666666,-0.166666667,13.7,-1.1,13.7,-1.1,13.7,-1.1,13.50282815,-1.073963321,0.7,-0.24723778452192033,0.24876738305941853,231122744.7788804,0.18456665374062314,0.7946470562955896
460,727,sanmatenga(kaya),dake,burkina_faso,11/1/2009,20,1,-0.940219534,1.0,13.714269999999996,-1.0786,-1.667244077,-1.667244077,1.0,0.1666666666666666,-0.166666667,13.7,-1.1,13.7,-1.1,13.7,-1.1,13.50282815,-1.073963321,0.7,-0.24723778452192033,0.24876738305941853,231122744.7788804,0.18456665374062314,0.7946470562955896
461,728,sanmatenga(kaya),dake,burkina_faso,11/1/2009,12,5,-0.924686981,1.0,13.714269999999996,-1.0786,-1.667244077,-1.667244077,1.0,0.1666666666666666,-0.166666667,13.7,-1.1,13.7,-1.1,13.7,-1.1,13.50282815,-1.073963321,0.7,-0.24723778452192033,0.24876738305941853,231122744.7788804,0.18456665374062314,0.7946470562955896
462,729,sanmatenga(kaya),dake,burkina_faso,11/1/2009,10,1,-0.210996615,1.0,13.714269999999996,-1.0786,-1.667244077,-1.667244077,1.0,0.1666666666666666,-0.166666667,13.7,-1.1,13.7,-1.1,13.7,-1.1,13.50282815,-1.073963321,0.7,-0.24723778452192033,0.24876738305941853,231122744.7788804,0.18456665374062314,0.7946470562955896
463,730,sanmatenga(kaya),gounghin,burkina_faso,11/6/2009,8,2,-0.926837642,1.0,12.3566133,-1.547806352,-1.694790377,-1.748734249,1.6666666666666667,1.0,0.3333333333333332,12.35,-1.55,12.35,-1.55,12.35,-1.55,12.36425974,-1.527235853,1.7,-0.2821332286385929,-0.15946601941747574,206066734.64565817,0.1505854614927177,-0.18931588380860542
464,731,sanmatenga(kaya),gounghin,burkina_faso,11/6/2009,5,1,-0.919310328,1.0,12.3566133,-1.547806352,-1.694790377,-1.748734249,1.6666666666666667,1.0,0.3333333333333332,12.35,-1.55,12.35,-1.55,12.35,-1.55,12.36425974,-1.527235853,1.7,-0.2821332286385929,-0.15946601941747574,206066734.64565817,0.1505854614927177,-0.18931588380860542
465,732,sanmatenga(kaya),gounghin,burkina_faso,11/6/2009,18,1,-0.916622002,0.0,12.3566133,-1.547806352,-1.694790377,-1.748734249,1.6666666666666667,1.0,0.3333333333333332,12.35,-1.55,12.35,-1.55,12.35,-1.55,12.36425974,-1.527235853,1.7,-0.2821332286385929,-0.15946601941747574,206066734.64565817,0.1505854614927177,-0.18931588380860542
466,733,sanmatenga(kaya),gounghin,burkina_faso,11/6/2009,3,1,-0.913933675,1.0,12.3566133,-1.547806352,-1.694790377,-1.748734249,1.6666666666666667,1.0,0.3333333333333332,12.35,-1.55,12.35,-1.55,12.35,-1.55,12.36425974,-1.527235853,1.7,-0.2821332286385929,-0.15946601941747574,206066734.64565817,0.1505854614927177,-0.18931588380860542
467,734,sanmatenga(kaya),gounghin,burkina_faso,11/6/2009,20,1,-0.205022556,1.0,12.3566133,-1.547806352,-1.694790377,-1.748734249,1.6666666666666667,1.0,0.3333333333333332,12.35,-1.55,12.35,-1.55,12.35,-1.55,12.36425974,-1.527235853,1.7,-0.2821332286385929,-0.15946601941747574,206066734.64565817,0.1505854614927177,-0.18931588380860542
468,735,sanmatenga(kaya),gounghin,burkina_faso,11/6/2009,7,1,-0.967700204,0.0,12.3566133,-1.547806352,-1.694790377,-1.748734249,1.6666666666666667,1.0,0.3333333333333332,12.35,-1.55,12.35,-1.55,12.35,-1.55,12.36425974,-1.527235853,1.7,-0.2821332286385929,-0.15946601941747574,206066734.64565817,0.1505854614927177,-0.18931588380860542
469,736,sanmatenga(kaya),gounghin,burkina_faso,11/6/2009,5,1,-0.946193592,1.0,12.3566133,-1.547806352,-1.694790377,-1.748734249,1.6666666666666667,1.0,0.3333333333333332,12.35,-1.55,12.35,-1.55,12.35,-1.55,12.36425974,-1.527235853,1.7,-0.2821332286385929,-0.15946601941747574,206066734.64565817,0.1505854614927177,-0.18931588380860542
470,737,sanmatenga(kaya),gounghin,burkina_faso,11/6/2009,2,1,-0.913933675,1.0,12.3566133,-1.547806352,-1.694790377,-1.748734249,1.6666666666666667,1.0,0.3333333333333332,12.35,-1.55,12.35,-1.55,12.35,-1.55,12.36425974,-1.527235853,1.7,-0.2821332286385929,-0.15946601941747574,206066734.64565817,0.1505854614927177,-0.18931588380860542
471,738,sanmatenga(kaya),gounghin,burkina_faso,11/6/2009,7,1,-0.930063634,1.0,12.3566133,-1.547806352,-1.694790377,-1.748734249,1.6666666666666667,1.0,0.3333333333333332,12.35,-1.55,12.35,-1.55,12.35,-1.55,12.36425974,-1.527235853,1.7,-0.2821332286385929,-0.15946601941747574,206066734.64565817,0.1505854614927177,-0.18931588380860542
472,739,sanmatenga(kaya),gounghin,burkina_faso,11/6/2009,14,1,0.6298509119926686,1.0,12.3566133,-1.547806352,-1.694790377,-1.748734249,1.6666666666666667,1.0,0.3333333333333332,12.35,-1.55,12.35,-1.55,12.35,-1.55,12.36425974,-1.527235853,1.7,-0.2821332286385929,-0.15946601941747574,206066734.64565817,0.1505854614927177,-0.18931588380860542
473,740,sanmatenga(kaya),gounghin,burkina_faso,11/6/2009,20,6,0.3199643366679434,1.0,12.3566133,-1.547806352,-1.694790377,-1.748734249,1.6666666666666667,1.0,0.3333333333333332,12.35,-1.55,12.35,-1.55,12.35,-1.55,12.36425974,-1.527235853,1.7,-0.2821332286385929,-0.15946601941747574,206066734.64565817,0.1505854614927177,-0.18931588380860542
474,741,sanmatenga(kaya),gounghin,burkina_faso,11/6/2009,16,3,-0.587588547,1.0,12.3566133,-1.547806352,-1.694790377,-1.748734249,1.6666666666666667,1.0,0.3333333333333332,12.35,-1.55,12.35,-1.55,12.35,-1.55,12.36425974,-1.527235853,1.7,-0.2821332286385929,-0.15946601941747574,206066734.64565817,0.1505854614927177,-0.18931588380860542
475,742,sanmatenga(kaya),gounghin,burkina_faso,11/6/2009,12,2,-0.924686981,1.0,12.3566133,-1.547806352,-1.694790377,-1.748734249,1.6666666666666667,1.0,0.3333333333333332,12.35,-1.55,12.35,-1.55,12.35,-1.55,12.36425974,-1.527235853,1.7,-0.2821332286385929,-0.15946601941747574,206066734.64565817,0.1505854614927177,-0.18931588380860542
476,743,sanmatenga(kaya),gounghin,burkina_faso,11/6/2009,4,1,-0.935440287,1.0,12.3566133,-1.547806352,-1.694790377,-1.748734249,1.6666666666666667,1.0,0.3333333333333332,12.35,-1.55,12.35,-1.55,12.35,-1.55,12.36425974,-1.527235853,1.7,-0.2821332286385929,-0.15946601941747574,206066734.64565817,0.1505854614927177,-0.18931588380860542
477,744,sanmatenga(kaya),gounghin,burkina_faso,11/6/2009,10,1,-0.587588547,1.0,12.3566133,-1.547806352,-1.694790377,-1.748734249,1.6666666666666667,1.0,0.3333333333333332,12.35,-1.55,12.35,-1.55,12.35,-1.55,12.36425974,-1.527235853,1.7,-0.2821332286385929,-0.15946601941747574,206066734.64565817,0.1505854614927177,-0.18931588380860542
478,745,sanmatenga(kaya),gounghin,burkina_faso,11/6/2009,7,5,-0.81266123,1.0,12.3566133,-1.547806352,-1.694790377,-1.748734249,1.6666666666666667,1.0,0.3333333333333332,12.35,-1.55,12.35,-1.55,12.35,-1.55,12.36425974,-1.527235853,1.7,-0.2821332286385929,-0.15946601941747574,206066734.64565817,0.1505854614927177,-0.18931588380860542
479,746,sanmatenga(kaya),gounghin,burkina_faso,11/6/2009,7,3,0.3171266372459349,1.0,12.3566133,-1.547806352,-1.694790377,-1.748734249,1.6666666666666667,1.0,0.3333333333333332,12.35,-1.55,12.35,-1.55,12.35,-1.55,12.36425974,-1.527235853,1.7,-0.2821332286385929,-0.15946601941747574,206066734.64565817,0.1505854614927177,-0.18931588380860542
480,747,sanmatenga(kaya),gounghin,burkina_faso,11/6/2009,9,2,-0.920078421,0.0,12.3566133,-1.547806352,-1.694790377,-1.748734249,1.6666666666666667,1.0,0.3333333333333332,12.35,-1.55,12.35,-1.55,12.35,-1.55,12.36425974,-1.527235853,1.7,-0.2821332286385929,-0.15946601941747574,206066734.64565817,0.1505854614927177,-0.18931588380860542
481,766,sanmatenga(kaya),itaore,burkina_faso,11/8/2009,8,1,-1.064479955,1.0,13.096810194780764,-1.086335777,-1.677620932,-1.73793523,1.25,0.8333333333333334,-0.433333333,13.1,-1.1,13.1,-1.1,13.1,-1.1,13.09217767,-1.083499768,1.2,-0.2708827555179596,-0.012037037037037044,150590786.98507282,0.17665672660429435,-0.1003798693472498
482,768,sanmatenga(kaya),itaore,burkina_faso,11/8/2009,9,1,-0.931138964,1.0,13.096810194780764,-1.086335777,-1.677620932,-1.73793523,1.25,0.8333333333333334,-0.433333333,13.1,-1.1,13.1,-1.1,13.1,-1.1,13.09217767,-1.083499768,1.2,-0.2708827555179596,-0.012037037037037044,150590786.98507282,0.17665672660429435,-0.1003798693472498
483,769,sanmatenga(kaya),itaore,burkina_faso,11/8/2009,3,1,-0.956946898,0.0,13.096810194780764,-1.086335777,-1.677620932,-1.73793523,1.25,0.8333333333333334,-0.433333333,13.1,-1.1,13.1,-1.1,13.1,-1.1,13.09217767,-1.083499768,1.2,-0.2708827555179596,-0.012037037037037044,150590786.98507282,0.17665672660429435,-0.1003798693472498
484,770,sanmatenga(kaya),itaore,burkina_faso,11/9/2009,7,1,-0.942609157,0.0,13.096810194780764,-1.086335777,-1.677620932,-1.73793523,1.25,0.8333333333333334,-0.433333333,13.1,-1.1,13.1,-1.1,13.1,-1.1,13.09217767,-1.083499768,1.2,-0.2708827555179596,-0.012037037037037044,150590786.98507282,0.17665672660429435,-0.1003798693472498
485,771,sanmatenga(kaya),itaore,burkina_faso,11/9/2009,8,1,-0.949778028,1.0,13.096810194780764,-1.086335777,-1.677620932,-1.73793523,1.25,0.8333333333333334,-0.433333333,13.1,-1.1,13.1,-1.1,13.1,-1.1,13.09217767,-1.083499768,1.2,-0.2708827555179596,-0.012037037037037044,150590786.98507282,0.17665672660429435,-0.1003798693472498
486,772,sanmatenga(kaya),itaore,burkina_faso,11/9/2009,14,2,-1.193519623,0.0,13.096810194780764,-1.086335777,-1.677620932,-1.73793523,1.25,0.8333333333333334,-0.433333333,13.1,-1.1,13.1,-1.1,13.1,-1.1,13.09217767,-1.083499768,1.2,-0.2708827555179596,-0.012037037037037044,150590786.98507282,0.17665672660429435,-0.1003798693472498
487,773,sanmatenga(kaya),itaore,burkina_faso,11/9/2009,2,1,-0.913933675,1.0,13.096810194780764,-1.086335777,-1.677620932,-1.73793523,1.25,0.8333333333333334,-0.433333333,13.1,-1.1,13.1,-1.1,13.1,-1.1,13.09217767,-1.083499768,1.2,-0.2708827555179596,-0.012037037037037044,150590786.98507282,0.17665672660429435,-0.1003798693472498
488,774,sanmatenga(kaya),itaore,burkina_faso,11/8/2009,18,1,-0.931138964,1.0,13.096810194780764,-1.086335777,-1.677620932,-1.73793523,1.25,0.8333333333333334,-0.433333333,13.1,-1.1,13.1,-1.1,13.1,-1.1,13.09217767,-1.083499768,1.2,-0.2708827555179596,-0.012037037037037044,150590786.98507282,0.17665672660429435,-0.1003798693472498
489,775,sanmatenga(kaya),itaore,burkina_faso,11/8/2009,14,2,-0.942609157,1.0,13.096810194780764,-1.086335777,-1.677620932,-1.73793523,1.25,0.8333333333333334,-0.433333333,13.1,-1.1,13.1,-1.1,13.1,-1.1,13.09217767,-1.083499768,1.2,-0.2708827555179596,-0.012037037037037044,150590786.98507282,0.17665672660429435,-0.1003798693472498
490,776,sanmatenga(kaya),itaore,burkina_faso,11/8/2009,13,3,-0.579523567,1.0,13.096810194780764,-1.086335777,-1.677620932,-1.73793523,1.25,0.8333333333333334,-0.433333333,13.1,-1.1,13.1,-1.1,13.1,-1.1,13.09217767,-1.083499768,1.2,-0.2708827555179596,-0.012037037037037044,150590786.98507282,0.17665672660429435,-0.1003798693472498
491,777,sanmatenga(kaya),itaore,burkina_faso,11/8/2009,8,1,-0.921102546,0.0,13.096810194780764,-1.086335777,-1.677620932,-1.73793523,1.25,0.8333333333333334,-0.433333333,13.1,-1.1,13.1,-1.1,13.1,-1.1,13.09217767,-1.083499768,1.2,-0.2708827555179596,-0.012037037037037044,150590786.98507282,0.17665672660429435,-0.1003798693472498
492,778,sanmatenga(kaya),itaore,burkina_faso,11/8/2009,6,2,-0.924686981,0.0,13.096810194780764,-1.086335777,-1.677620932,-1.73793523,1.25,0.8333333333333334,-0.433333333,13.1,-1.1,13.1,-1.1,13.1,-1.1,13.09217767,-1.083499768,1.2,-0.2708827555179596,-0.012037037037037044,150590786.98507282,0.17665672660429435,-0.1003798693472498
493,779,sanmatenga(kaya),itaore,burkina_faso,11/8/2009,18,1,-0.931138964,0.0,13.096810194780764,-1.086335777,-1.677620932,-1.73793523,1.25,0.8333333333333334,-0.433333333,13.1,-1.1,13.1,-1.1,13.1,-1.1,13.09217767,-1.083499768,1.2,-0.2708827555179596,-0.012037037037037044,150590786.98507282,0.17665672660429435,-0.1003798693472498
494,780,sanmatenga(kaya),itaore,burkina_faso,11/8/2009,29,3,-0.931407797,1.0,13.096810194780764,-1.086335777,-1.677620932,-1.73793523,1.25,0.8333333333333334,-0.433333333,13.1,-1.1,13.1,-1.1,13.1,-1.1,13.09217767,-1.083499768,1.2,-0.2708827555179596,-0.012037037037037044,150590786.98507282,0.17665672660429435,-0.1003798693472498
495,781,sanmatenga(kaya),itaore,burkina_faso,11/8/2009,17,5,-0.42609759,0.0,13.096810194780764,-1.086335777,-1.677620932,-1.73793523,1.25,0.8333333333333334,-0.433333333,13.1,-1.1,13.1,-1.1,13.1,-1.1,13.09217767,-1.083499768,1.2,-0.2708827555179596,-0.012037037037037044,150590786.98507282,0.17665672660429435,-0.1003798693472498
496,782,sanmatenga(kaya),itaore,burkina_faso,11/8/2009,11,2,-1.128999789,1.0,13.096810194780764,-1.086335777,-1.677620932,-1.73793523,1.25,0.8333333333333334,-0.433333333,13.1,-1.1,13.1,-1.1,13.1,-1.1,13.09217767,-1.083499768,1.2,-0.2708827555179596,-0.012037037037037044,150590786.98507282,0.17665672660429435,-0.1003798693472498
497,783,sanmatenga(kaya),itaore,burkina_faso,11/8/2009,7,2,0.086741994,1.0,13.096810194780764,-1.086335777,-1.677620932,-1.73793523,1.25,0.8333333333333334,-0.433333333,13.1,-1.1,13.1,-1.1,13.1,-1.1,13.09217767,-1.083499768,1.2,-0.2708827555179596,-0.012037037037037044,150590786.98507282,0.17665672660429435,-0.1003798693472498
498,784,sanmatenga(kaya),kaya secteur 1,burkina_faso,11/30/2009,11,2,4.582514158378017,1.0,13.096810194780764,-1.086335777,-1.677620932,-1.73793523,1.25,0.8333333333333334,-0.433333333,13.1,-1.1,13.1,-1.1,13.1,-1.1,13.09217767,-1.083499768,1.2,-0.2708827555179596,-0.012037037037037044,150590786.98507282,0.17665672660429435,-0.1003798693472498
499,786,sanmatenga(kaya),kaya secteur 1,burkina_faso,11/3/2009,3,1,4.231974091942861,1.0,13.096810194780764,-1.086335777,-1.677620932,-1.73793523,1.25,0.8333333333333334,-0.433333333,13.1,-1.1,13.1,-1.1,13.1,-1.1,13.09217767,-1.083499768,1.2,-0.2708827555179596,-0.012037037037037044,150590786.98507282,0.17665672660429435,-0.1003798693472498
500,787,sanmatenga(kaya),kaya secteur 1,burkina_faso,11/3/2009,4,2,0.3447149163746718,1.0,13.096810194780764,-1.086335777,-1.677620932,-1.73793523,1.25,0.8333333333333334,-0.433333333,13.1,-1.1,13.1,-1.1,13.1,-1.1,13.09217767,-1.083499768,1.2,-0.2708827555179596,-0.012037037037037044,150590786.98507282,0.17665672660429435,-0.1003798693472498
501,788,sanmatenga(kaya),kaya secteur 1,burkina_faso,11/3/2009,12,1,6.4494503626292925,0.0,13.096810194780764,-1.086335777,-1.677620932,-1.73793523,1.25,0.8333333333333334,-0.433333333,13.1,-1.1,13.1,-1.1,13.1,-1.1,13.09217767,-1.083499768,1.2,-0.2708827555179596,-0.012037037037037044,150590786.98507282,0.17665672660429435,-0.1003798693472498
502,789,sanmatenga(kaya),kaya secteur 1,burkina_faso,11/3/2009,4,1,6.570086965660971,0.0,13.096810194780764,-1.086335777,-1.677620932,-1.73793523,1.25,0.8333333333333334,-0.433333333,13.1,-1.1,13.1,-1.1,13.1,-1.1,13.09217767,-1.083499768,1.2,-0.2708827555179596,-0.012037037037037044,150590786.98507282,0.17665672660429435,-0.1003798693472498
503,790,sanmatenga(kaya),kaya secteur 1,burkina_faso,11/3/2009,5,1,4.695541911836688,0.0,13.096810194780764,-1.086335777,-1.677620932,-1.73793523,1.25,0.8333333333333334,-0.433333333,13.1,-1.1,13.1,-1.1,13.1,-1.1,13.09217767,-1.083499768,1.2,-0.2708827555179596,-0.012037037037037044,150590786.98507282,0.17665672660429435,-0.1003798693472498
504,791,sanmatenga(kaya),kaya secteur 1,burkina_faso,11/3/2009,6,1,4.414033552921373,1.0,13.096810194780764,-1.086335777,-1.677620932,-1.73793523,1.25,0.8333333333333334,-0.433333333,13.1,-1.1,13.1,-1.1,13.1,-1.1,13.09217767,-1.083499768,1.2,-0.2708827555179596,-0.012037037037037044,150590786.98507282,0.17665672660429435,-0.1003798693472498
505,792,sanmatenga(kaya),kaya secteur 1,burkina_faso,11/3/2009,5,1,3.569306927122074,0.0,13.096810194780764,-1.086335777,-1.677620932,-1.73793523,1.25,0.8333333333333334,-0.433333333,13.1,-1.1,13.1,-1.1,13.1,-1.1,13.09217767,-1.083499768,1.2,-0.2708827555179596,-0.012037037037037044,150590786.98507282,0.17665672660429435,-0.1003798693472498
506,793,sanmatenga(kaya),kaya secteur 1,burkina_faso,11/3/2009,21,1,2.0832619279931204,0.0,13.096810194780764,-1.086335777,-1.677620932,-1.73793523,1.25,0.8333333333333334,-0.433333333,13.1,-1.1,13.1,-1.1,13.1,-1.1,13.09217767,-1.083499768,1.2,-0.2708827555179596,-0.012037037037037044,150590786.98507282,0.17665672660429435,-0.1003798693472498
507,794,sanmatenga(kaya),kaya secteur 1,burkina_faso,11/3/2009,3,3,3.519576007750967,1.0,13.096810194780764,-1.086335777,-1.677620932,-1.73793523,1.25,0.8333333333333334,-0.433333333,13.1,-1.1,13.1,-1.1,13.1,-1.1,13.09217767,-1.083499768,1.2,-0.2708827555179596,-0.012037037037037044,150590786.98507282,0.17665672660429435,-0.1003798693472498
508,795,sanmatenga(kaya),kaya secteur 1,burkina_faso,11/3/2009,2,2,4.897178543181287,1.0,13.096810194780764,-1.086335777,-1.677620932,-1.73793523,1.25,0.8333333333333334,-0.433333333,13.1,-1.1,13.1,-1.1,13.1,-1.1,13.09217767,-1.083499768,1.2,-0.2708827555179596,-0.012037037037037044,150590786.98507282,0.17665672660429435,-0.1003798693472498
509,797,sanmatenga(kaya),kaya secteur 1,burkina_faso,11/3/2009,7,1,7.704514519087481,1.0,13.096810194780764,-1.086335777,-1.677620932,-1.73793523,1.25,0.8333333333333334,-0.433333333,13.1,-1.1,13.1,-1.1,13.1,-1.1,13.09217767,-1.083499768,1.2,-0.2708827555179596,-0.012037037037037044,150590786.98507282,0.17665672660429435,-0.1003798693472498
510,799,sanmatenga(kaya),kaya secteur 1,burkina_faso,11/3/2009,9,1,0.6889822211553498,1.0,13.096810194780764,-1.086335777,-1.677620932,-1.73793523,1.25,0.8333333333333334,-0.433333333,13.1,-1.1,13.1,-1.1,13.1,-1.1,13.09217767,-1.083499768,1.2,-0.2708827555179596,-0.012037037037037044,150590786.98507282,0.17665672660429435,-0.1003798693472498
511,802,sanmatenga(kaya),kaya secteur 1,burkina_faso,11/3/2009,9,1,8.840384480619177,0.0,13.096810194780764,-1.086335777,-1.677620932,-1.73793523,1.25,0.8333333333333334,-0.433333333,13.1,-1.1,13.1,-1.1,13.1,-1.1,13.09217767,-1.083499768,1.2,-0.2708827555179596,-0.012037037037037044,150590786.98507282,0.17665672660429435,-0.1003798693472498
512,803,sanmatenga(kaya),kaya secteur 1,burkina_faso,11/3/2009,6,2,8.637763692449063,0.0,13.096810194780764,-1.086335777,-1.677620932,-1.73793523,1.25,0.8333333333333334,-0.433333333,13.1,-1.1,13.1,-1.1,13.1,-1.1,13.09217767,-1.083499768,1.2,-0.2708827555179596,-0.012037037037037044,150590786.98507282,0.17665672660429435,-0.1003798693472498
513,804,sanmatenga(kaya),kaya secteur 1,burkina_faso,11/3/2009,6,3,-0.956946898,0.0,13.096810194780764,-1.086335777,-1.677620932,-1.73793523,1.25,0.8333333333333334,-0.433333333,13.1,-1.1,13.1,-1.1,13.1,-1.1,13.09217767,-1.083499768,1.2,-0.2708827555179596,-0.012037037037037044,150590786.98507282,0.17665672660429435,-0.1003798693472498
514,805,sanmatenga(kaya),kaya secteur 1,burkina_faso,11/3/2009,5,2,4.558319220567889,1.0,13.096810194780764,-1.086335777,-1.677620932,-1.73793523,1.25,0.8333333333333334,-0.433333333,13.1,-1.1,13.1,-1.1,13.1,-1.1,13.09217767,-1.083499768,1.2,-0.2708827555179596,-0.012037037037037044,150590786.98507282,0.17665672660429435,-0.1003798693472498
515,808,sanmatenga(kaya),kaya secteur 1,burkina_faso,11/3/2009,14,1,9.428692460460825,1.0,13.096810194780764,-1.086335777,-1.677620932,-1.73793523,1.25,0.8333333333333334,-0.433333333,13.1,-1.1,13.1,-1.1,13.1,-1.1,13.09217767,-1.083499768,1.2,-0.2708827555179596,-0.012037037037037044,150590786.98507282,0.17665672660429435,-0.1003798693472498
516,810,sanmatenga(kaya),kaya secteur 1,burkina_faso,11/3/2009,7,1,5.011239542,0.0,13.096810194780764,-1.086335777,-1.677620932,-1.73793523,1.25,0.8333333333333334,-0.433333333,13.1,-1.1,13.1,-1.1,13.1,-1.1,13.09217767,-1.083499768,1.2,-0.2708827555179596,-0.012037037037037044,150590786.98507282,0.17665672660429435,-0.1003798693472498
517,811,sanmatenga(kaya),korsimoro secteur 2,burkina_faso,11/8/2009,18,2,-0.432549573,1.0,12.82064510163223,-1.072442345,-1.69299078,-1.723808706,1.25,1.0,-0.333333333,12.8,-1.05,12.8,-1.05,12.8,-1.05,12.76161893,-1.073963321,1.2,-0.3027670383453369,-0.012037037037037016,252842544.0452129,0.18837649786831434,-0.1314883390206548
518,812,sanmatenga(kaya),korsimoro secteur 2,burkina_faso,11/8/2009,9,1,-0.5929652,1.0,12.82064510163223,-1.072442345,-1.69299078,-1.723808706,1.25,1.0,-0.333333333,12.8,-1.05,12.8,-1.05,12.8,-1.05,12.76161893,-1.073963321,1.2,-0.3027670383453369,-0.012037037037037016,252842544.0452129,0.18837649786831434,-0.1314883390206548
519,813,sanmatenga(kaya),korsimoro secteur 2,burkina_faso,11/8/2009,19,1,-0.45764062,1.0,12.82064510163223,-1.072442345,-1.69299078,-1.723808706,1.25,1.0,-0.333333333,12.8,-1.05,12.8,-1.05,12.8,-1.05,12.76161893,-1.073963321,1.2,-0.3027670383453369,-0.012037037037037016,252842544.0452129,0.18837649786831434,-0.1314883390206548
520,814,sanmatenga(kaya),korsimoro secteur 2,burkina_faso,11/8/2009,13,1,-0.600492514,1.0,12.82064510163223,-1.072442345,-1.69299078,-1.723808706,1.25,1.0,-0.333333333,12.8,-1.05,12.8,-1.05,12.8,-1.05,12.76161893,-1.073963321,1.2,-0.3027670383453369,-0.012037037037037016,252842544.0452129,0.18837649786831434,-0.1314883390206548
521,815,sanmatenga(kaya),korsimoro secteur 2,burkina_faso,11/8/2009,3,1,-0.566081935,1.0,12.82064510163223,-1.072442345,-1.69299078,-1.723808706,1.25,1.0,-0.333333333,12.8,-1.05,12.8,-1.05,12.8,-1.05,12.76161893,-1.073963321,1.2,-0.3027670383453369,-0.012037037037037016,252842544.0452129,0.18837649786831434,-0.1314883390206548
522,816,sanmatenga(kaya),korsimoro secteur 2,burkina_faso,11/2/2009,5,1,-0.919310328,1.0,12.82064510163223,-1.072442345,-1.69299078,-1.723808706,1.25,1.0,-0.333333333,12.8,-1.05,12.8,-1.05,12.8,-1.05,12.76161893,-1.073963321,1.2,-0.3027670383453369,-0.012037037037037016,252842544.0452129,0.18837649786831434,-0.1314883390206548
523,817,sanmatenga(kaya),korsimoro secteur 2,burkina_faso,11/8/2009,7,2,-0.930063634,1.0,12.82064510163223,-1.072442345,-1.69299078,-1.723808706,1.25,1.0,-0.333333333,12.8,-1.05,12.8,-1.05,12.8,-1.05,12.76161893,-1.073963321,1.2,-0.3027670383453369,-0.012037037037037016,252842544.0452129,0.18837649786831434,-0.1314883390206548
524,818,sanmatenga(kaya),korsimoro secteur 2,burkina_faso,11/8/2009,5,1,3.451544932,1.0,12.82064510163223,-1.072442345,-1.69299078,-1.723808706,1.25,1.0,-0.333333333,12.8,-1.05,12.8,-1.05,12.8,-1.05,12.76161893,-1.073963321,1.2,-0.3027670383453369,-0.012037037037037016,252842544.0452129,0.18837649786831434,-0.1314883390206548
525,819,sanmatenga(kaya),korsimoro secteur 2,burkina_faso,11/2/2009,8,1,0.9929028478479256,1.0,12.82064510163223,-1.072442345,-1.69299078,-1.723808706,1.25,1.0,-0.333333333,12.8,-1.05,12.8,-1.05,12.8,-1.05,12.76161893,-1.073963321,1.2,-0.3027670383453369,-0.012037037037037016,252842544.0452129,0.18837649786831434,-0.1314883390206548
526,820,sanmatenga(kaya),korsimoro secteur 2,burkina_faso,11/2/2009,16,2,1.9174696489598235,1.0,12.82064510163223,-1.072442345,-1.69299078,-1.723808706,1.25,1.0,-0.333333333,12.8,-1.05,12.8,-1.05,12.8,-1.05,12.76161893,-1.073963321,1.2,-0.3027670383453369,-0.012037037037037016,252842544.0452129,0.18837649786831434,-0.1314883390206548
527,821,sanmatenga(kaya),korsimoro secteur 2,burkina_faso,11/8/2009,10,1,-0.935440287,0.0,12.82064510163223,-1.072442345,-1.69299078,-1.723808706,1.25,1.0,-0.333333333,12.8,-1.05,12.8,-1.05,12.8,-1.05,12.76161893,-1.073963321,1.2,-0.3027670383453369,-0.012037037037037016,252842544.0452129,0.18837649786831434,-0.1314883390206548
528,822,sanmatenga(kaya),korsimoro secteur 2,burkina_faso,11/8/2009,5,1,-0.928271416,0.0,12.82064510163223,-1.072442345,-1.69299078,-1.723808706,1.25,1.0,-0.333333333,12.8,-1.05,12.8,-1.05,12.8,-1.05,12.76161893,-1.073963321,1.2,-0.3027670383453369,-0.012037037037037016,252842544.0452129,0.18837649786831434,-0.1314883390206548
529,823,sanmatenga(kaya),korsimoro secteur 2,burkina_faso,11/8/2009,6,1,-0.956946898,0.0,12.82064510163223,-1.072442345,-1.69299078,-1.723808706,1.25,1.0,-0.333333333,12.8,-1.05,12.8,-1.05,12.8,-1.05,12.76161893,-1.073963321,1.2,-0.3027670383453369,-0.012037037037037016,252842544.0452129,0.18837649786831434,-0.1314883390206548
530,824,sanmatenga(kaya),korsimoro secteur 2,burkina_faso,11/8/2009,17,3,-0.596805666,1.0,12.82064510163223,-1.072442345,-1.69299078,-1.723808706,1.25,1.0,-0.333333333,12.8,-1.05,12.8,-1.05,12.8,-1.05,12.76161893,-1.073963321,1.2,-0.3027670383453369,-0.012037037037037016,252842544.0452129,0.18837649786831434,-0.1314883390206548
531,825,sanmatenga(kaya),korsimoro secteur 2,burkina_faso,11/2/2009,3,1,-0.956946898,0.0,12.82064510163223,-1.072442345,-1.69299078,-1.723808706,1.25,1.0,-0.333333333,12.8,-1.05,12.8,-1.05,12.8,-1.05,12.76161893,-1.073963321,1.2,-0.3027670383453369,-0.012037037037037016,252842544.0452129,0.18837649786831434,-0.1314883390206548
532,826,sanmatenga(kaya),korsimoro secteur 2,burkina_faso,11/8/2009,12,1,-0.918234998,1.0,12.82064510163223,-1.072442345,-1.69299078,-1.723808706,1.25,1.0,-0.333333333,12.8,-1.05,12.8,-1.05,12.8,-1.05,12.76161893,-1.073963321,1.2,-0.3027670383453369,-0.012037037037037016,252842544.0452129,0.18837649786831434,-0.1314883390206548
533,827,sanmatenga(kaya),korsimoro secteur 2,burkina_faso,11/2/2009,5,1,-0.210996615,1.0,12.82064510163223,-1.072442345,-1.69299078,-1.723808706,1.25,1.0,-0.333333333,12.8,-1.05,12.8,-1.05,12.8,-1.05,12.76161893,-1.073963321,1.2,-0.3027670383453369,-0.012037037037037016,252842544.0452129,0.18837649786831434,-0.1314883390206548
534,828,sanmatenga(kaya),korsimoro secteur 2,burkina_faso,11/8/2009,10,1,0.6450511078361175,1.0,12.82064510163223,-1.072442345,-1.69299078,-1.723808706,1.25,1.0,-0.333333333,12.8,-1.05,12.8,-1.05,12.8,-1.05,12.76161893,-1.073963321,1.2,-0.3027670383453369,-0.012037037037037016,252842544.0452129,0.18837649786831434,-0.1314883390206548
535,847,sanmatenga(kaya),mane mossi,burkina_faso,11/8/2009,8,1,-0.935440287,1.0,12.985760816407712,-1.346525148,-1.640261099,-1.717409983,1.5,1.1666666666666667,-0.023809524,13.0,-1.35,13.0,-1.35,13.0,-1.35,12.98251538,-1.338902266,1.3,-0.2762097762181209,-0.1151869158878504,238815758.93249896,0.1897710373786717,-0.06427720266663287
536,848,sanmatenga(kaya),mane mossi,burkina_faso,11/7/2009,12,1,-0.944042931,1.0,12.985760816407712,-1.346525148,-1.640261099,-1.717409983,1.5,1.1666666666666667,-0.023809524,13.0,-1.35,13.0,-1.35,13.0,-1.35,12.98251538,-1.338902266,1.3,-0.2762097762181209,-0.1151869158878504,238815758.93249896,0.1897710373786717,-0.06427720266663287
537,850,sanmatenga(kaya),mane mossi,burkina_faso,11/7/2009,9,1,-0.583287224,1.0,12.985760816407712,-1.346525148,-1.640261099,-1.717409983,1.5,1.1666666666666667,-0.023809524,13.0,-1.35,13.0,-1.35,13.0,-1.35,12.98251538,-1.338902266,1.3,-0.2762097762181209,-0.1151869158878504,238815758.93249896,0.1897710373786717,-0.06427720266663287
538,851,sanmatenga(kaya),mane mossi,burkina_faso,11/8/2009,6,1,-0.935440287,0.0,12.985760816407712,-1.346525148,-1.640261099,-1.717409983,1.5,1.1666666666666667,-0.023809524,13.0,-1.35,13.0,-1.35,13.0,-1.35,12.98251538,-1.338902266,1.3,-0.2762097762181209,-0.1151869158878504,238815758.93249896,0.1897710373786717,-0.06427720266663287
539,852,sanmatenga(kaya),mane mossi,burkina_faso,11/7/2009,1,4,-0.899595934,0.0,12.985760816407712,-1.346525148,-1.640261099,-1.717409983,1.5,1.1666666666666667,-0.023809524,13.0,-1.35,13.0,-1.35,13.0,-1.35,12.98251538,-1.338902266,1.3,-0.2762097762181209,-0.1151869158878504,238815758.93249896,0.1897710373786717,-0.06427720266663287
540,853,sanmatenga(kaya),mane mossi,burkina_faso,11/7/2009,6,3,-0.563009562,0.0,12.985760816407712,-1.346525148,-1.640261099,-1.717409983,1.5,1.1666666666666667,-0.023809524,13.0,-1.35,13.0,-1.35,13.0,-1.35,12.98251538,-1.338902266,1.3,-0.2762097762181209,-0.1151869158878504,238815758.93249896,0.1897710373786717,-0.06427720266663287
541,854,sanmatenga(kaya),mane mossi,burkina_faso,11/7/2009,6,1,-0.918234998,1.0,12.985760816407712,-1.346525148,-1.640261099,-1.717409983,1.5,1.1666666666666667,-0.023809524,13.0,-1.35,13.0,-1.35,13.0,-1.35,12.98251538,-1.338902266,1.3,-0.2762097762181209,-0.1151869158878504,238815758.93249896,0.1897710373786717,-0.06427720266663287
542,855,sanmatenga(kaya),mane mossi,burkina_faso,11/8/2009,6,2,-0.801907925,1.0,12.985760816407712,-1.346525148,-1.640261099,-1.717409983,1.5,1.1666666666666667,-0.023809524,13.0,-1.35,13.0,-1.35,13.0,-1.35,12.98251538,-1.338902266,1.3,-0.2762097762181209,-0.1151869158878504,238815758.93249896,0.1897710373786717,-0.06427720266663287
543,856,sanmatenga(kaya),mane mossi,burkina_faso,11/8/2009,18,1,-0.931694329,0.0,12.985760816407712,-1.346525148,-1.640261099,-1.717409983,1.5,1.1666666666666667,-0.023809524,13.0,-1.35,13.0,-1.35,13.0,-1.35,12.98251538,-1.338902266,1.3,-0.2762097762181209,-0.1151869158878504,238815758.93249896,0.1897710373786717,-0.06427720266663287
544,858,sanmatenga(kaya),mane mossi,burkina_faso,11/7/2009,12,1,-1.021466732,0.0,12.985760816407712,-1.346525148,-1.640261099,-1.717409983,1.5,1.1666666666666667,-0.023809524,13.0,-1.35,13.0,-1.35,13.0,-1.35,12.98251538,-1.338902266,1.3,-0.2762097762181209,-0.1151869158878504,238815758.93249896,0.1897710373786717,-0.06427720266663287
545,859,sanmatenga(kaya),mane mossi,burkina_faso,11/7/2009,4,1,-0.913933675,0.0,12.985760816407712,-1.346525148,-1.640261099,-1.717409983,1.5,1.1666666666666667,-0.023809524,13.0,-1.35,13.0,-1.35,13.0,-1.35,12.98251538,-1.338902266,1.3,-0.2762097762181209,-0.1151869158878504,238815758.93249896,0.1897710373786717,-0.06427720266663287
546,860,sanmatenga(kaya),mane mossi,burkina_faso,11/7/2009,11,1,-0.574146915,0.0,12.985760816407712,-1.346525148,-1.640261099,-1.717409983,1.5,1.1666666666666667,-0.023809524,13.0,-1.35,13.0,-1.35,13.0,-1.35,12.98251538,-1.338902266,1.3,-0.2762097762181209,-0.1151869158878504,238815758.93249896,0.1897710373786717,-0.06427720266663287
547,861,sanmatenga(kaya),mane mossi,burkina_faso,11/7/2009,7,1,-0.46480949,0.0,12.985760816407712,-1.346525148,-1.640261099,-1.717409983,1.5,1.1666666666666667,-0.023809524,13.0,-1.35,13.0,-1.35,13.0,-1.35,12.98251538,-1.338902266,1.3,-0.2762097762181209,-0.1151869158878504,238815758.93249896,0.1897710373786717,-0.06427720266663287
548,862,sanmatenga(kaya),mane mossi,burkina_faso,11/7/2009,10,1,-0.761284325,0.0,12.985760816407712,-1.346525148,-1.640261099,-1.717409983,1.5,1.1666666666666667,-0.023809524,13.0,-1.35,13.0,-1.35,13.0,-1.35,12.98251538,-1.338902266,1.3,-0.2762097762181209,-0.1151869158878504,238815758.93249896,0.1897710373786717,-0.06427720266663287
549,863,sanmatenga(kaya),mane mossi,burkina_faso,11/8/2009,8,1,-0.978453509,0.0,12.985760816407712,-1.346525148,-1.640261099,-1.717409983,1.5,1.1666666666666667,-0.023809524,13.0,-1.35,13.0,-1.35,13.0,-1.35,12.98251538,-1.338902266,1.3,-0.2762097762181209,-0.1151869158878504,238815758.93249896,0.1897710373786717,-0.06427720266663287
550,864,sanmatenga(kaya),mane mossi,burkina_faso,11/8/2009,9,1,-0.572226681,0.0,12.985760816407712,-1.346525148,-1.640261099,-1.717409983,1.5,1.1666666666666667,-0.023809524,13.0,-1.35,13.0,-1.35,13.0,-1.35,12.98251538,-1.338902266,1.3,-0.2762097762181209,-0.1151869158878504,238815758.93249896,0.1897710373786717,-0.06427720266663287
551,865,sanmatenga(kaya),nahi peulh,burkina_faso,11/2/2009,7,1,0.1404395600962339,1.0,13.737367582050924,-0.874703977,-1.674485445,-1.764300108,2.0,0.1666666666666666,-0.166666667,13.75,-0.85,13.75,-0.85,13.75,-0.85,13.50282815,-0.694916179,0.9,-0.23274109098646376,0.17515015015015012,202568203.07911977,0.16739340921950607,0.969447215225347
552,866,sanmatenga(kaya),nahi peulh,burkina_faso,11/2/2009,10,1,-0.946193592,1.0,13.737367582050924,-0.874703977,-1.674485445,-1.764300108,2.0,0.1666666666666666,-0.166666667,13.75,-0.85,13.75,-0.85,13.75,-0.85,13.50282815,-0.694916179,0.9,-0.23274109098646376,0.17515015015015012,202568203.07911977,0.16739340921950607,0.969447215225347
553,867,sanmatenga(kaya),nahi peulh,burkina_faso,11/2/2009,15,2,-0.210996615,1.0,13.737367582050924,-0.874703977,-1.674485445,-1.764300108,2.0,0.1666666666666666,-0.166666667,13.75,-0.85,13.75,-0.85,13.75,-0.85,13.50282815,-0.694916179,0.9,-0.23274109098646376,0.17515015015015012,202568203.07911977,0.16739340921950607,0.969447215225347
554,869,sanmatenga(kaya),nahi peulh,burkina_faso,11/2/2009,17,1,-0.933050663,1.0,13.737367582050924,-0.874703977,-1.674485445,-1.764300108,2.0,0.1666666666666666,-0.166666667,13.75,-0.85,13.75,-0.85,13.75,-0.85,13.50282815,-0.694916179,0.9,-0.23274109098646376,0.17515015015015012,202568203.07911977,0.16739340921950607,0.969447215225347
555,870,sanmatenga(kaya),nahi peulh,burkina_faso,11/2/2009,21,2,0.1341667984417563,1.0,13.737367582050924,-0.874703977,-1.674485445,-1.764300108,2.0,0.1666666666666666,-0.166666667,13.75,-0.85,13.75,-0.85,13.75,-0.85,13.50282815,-0.694916179,0.9,-0.23274109098646376,0.17515015015015012,202568203.07911977,0.16739340921950607,0.969447215225347
556,871,sanmatenga(kaya),nahi peulh,burkina_faso,11/3/2009,12,1,-0.924686981,1.0,13.737367582050924,-0.874703977,-1.674485445,-1.764300108,2.0,0.1666666666666666,-0.166666667,13.75,-0.85,13.75,-0.85,13.75,-0.85,13.50282815,-0.694916179,0.9,-0.23274109098646376,0.17515015015015012,202568203.07911977,0.16739340921950607,0.969447215225347
557,875,sanmatenga(kaya),nahi peulh,burkina_faso,11/2/2009,27,1,-0.738134826,1.0,13.737367582050924,-0.874703977,-1.674485445,-1.764300108,2.0,0.1666666666666666,-0.166666667,13.75,-0.85,13.75,-0.85,13.75,-0.85,13.50282815,-0.694916179,0.9,-0.23274109098646376,0.17515015015015012,202568203.07911977,0.16739340921950607,0.969447215225347
558,877,sanmatenga(kaya),nahi peulh,burkina_faso,11/2/2009,9,1,-0.956946898,1.0,13.737367582050924,-0.874703977,-1.674485445,-1.764300108,2.0,0.1666666666666666,-0.166666667,13.75,-0.85,13.75,-0.85,13.75,-0.85,13.50282815,-0.694916179,0.9,-0.23274109098646376,0.17515015015015012,202568203.07911977,0.16739340921950607,0.969447215225347
559,878,sanmatenga(kaya),nahi peulh,burkina_faso,11/2/2009,10,1,-0.575299054,1.0,13.737367582050924,-0.874703977,-1.674485445,-1.764300108,2.0,0.1666666666666666,-0.166666667,13.75,-0.85,13.75,-0.85,13.75,-0.85,13.50282815,-0.694916179,0.9,-0.23274109098646376,0.17515015015015012,202568203.07911977,0.16739340921950607,0.969447215225347
560,879,sanmatenga(kaya),nahi peulh,burkina_faso,11/2/2009,11,1,-0.939741609,1.0,13.737367582050924,-0.874703977,-1.674485445,-1.764300108,2.0,0.1666666666666666,-0.166666667,13.75,-0.85,13.75,-0.85,13.75,-0.85,13.50282815,-0.694916179,0.9,-0.23274109098646376,0.17515015015015012,202568203.07911977,0.16739340921950607,0.969447215225347
561,880,sanmatenga(kaya),nahi peulh,burkina_faso,11/3/2009,7,1,1.579045793415773,1.0,13.737367582050924,-0.874703977,-1.674485445,-1.764300108,2.0,0.1666666666666666,-0.166666667,13.75,-0.85,13.75,-0.85,13.75,-0.85,13.50282815,-0.694916179,0.9,-0.23274109098646376,0.17515015015015012,202568203.07911977,0.16739340921950607,0.969447215225347
562,882,sanmatenga(kaya),nahi peulh,burkina_faso,11/3/2009,5,2,-0.901388152,1.0,13.737367582050924,-0.874703977,-1.674485445,-1.764300108,2.0,0.1666666666666666,-0.166666667,13.75,-0.85,13.75,-0.85,13.75,-0.85,13.50282815,-0.694916179,0.9,-0.23274109098646376,0.17515015015015012,202568203.07911977,0.16739340921950607,0.969447215225347
563,884,sanmatenga(kaya),nahi peulh,burkina_faso,11/3/2009,11,1,-0.921998655,1.0,13.737367582050924,-0.874703977,-1.674485445,-1.764300108,2.0,0.1666666666666666,-0.166666667,13.75,-0.85,13.75,-0.85,13.75,-0.85,13.50282815,-0.694916179,0.9,-0.23274109098646376,0.17515015015015012,202568203.07911977,0.16739340921950607,0.969447215225347
564,885,sanmatenga(kaya),nahi peulh,burkina_faso,11/2/2009,20,1,-0.953874525,1.0,13.737367582050924,-0.874703977,-1.674485445,-1.764300108,2.0,0.1666666666666666,-0.166666667,13.75,-0.85,13.75,-0.85,13.75,-0.85,13.50282815,-0.694916179,0.9,-0.23274109098646376,0.17515015015015012,202568203.07911977,0.16739340921950607,0.969447215225347
565,886,sanmatenga(kaya),nahi peulh,burkina_faso,11/2/2009,11,1,-0.236087662,1.0,13.737367582050924,-0.874703977,-1.674485445,-1.764300108,2.0,0.1666666666666666,-0.166666667,13.75,-0.85,13.75,-0.85,13.75,-0.85,13.50282815,-0.694916179,0.9,-0.23274109098646376,0.17515015015015012,202568203.07911977,0.16739340921950607,0.969447215225347
566,889,sanmatenga(kaya),nahi peulh,burkina_faso,11/2/2009,8,1,-0.917006048,1.0,13.737367582050924,-0.874703977,-1.674485445,-1.764300108,2.0,0.1666666666666666,-0.166666667,13.75,-0.85,13.75,-0.85,13.75,-0.85,13.50282815,-0.694916179,0.9,-0.23274109098646376,0.17515015015015012,202568203.07911977,0.16739340921950607,0.969447215225347
567,890,sanmatenga(kaya),nahi peulh,burkina_faso,11/2/2009,12,2,-0.944042931,1.0,13.737367582050924,-0.874703977,-1.674485445,-1.764300108,2.0,0.1666666666666666,-0.166666667,13.75,-0.85,13.75,-0.85,13.75,-0.85,13.50282815,-0.694916179,0.9,-0.23274109098646376,0.17515015015015012,202568203.07911977,0.16739340921950607,0.969447215225347
568,891,sanmatenga(kaya),nahi peulh,burkina_faso,11/2/2009,10,1,-0.923150794,0.0,13.737367582050924,-0.874703977,-1.674485445,-1.764300108,2.0,0.1666666666666666,-0.166666667,13.75,-0.85,13.75,-0.85,13.75,-0.85,13.50282815,-0.694916179,0.9,-0.23274109098646376,0.17515015015015012,202568203.07911977,0.16739340921950607,0.969447215225347
569,901,sanmatenga(kaya),napamboumbou,burkina_faso,11/6/2009,5,1,-0.999960121,1.0,12.87931,-1.26763,-1.657296906,-1.76893569,1.5,1.5,0.055555556,12.9,-1.25,12.9,-1.25,12.9,-1.25,12.96401712,-1.294663715,1.5,-0.3017299095789591,-0.1369047619047619,207025478.2582984,0.1949800936842187,-0.28373594289484555
570,902,sanmatenga(kaya),napamboumbou,burkina_faso,11/6/2009,10,2,-0.919310328,1.0,12.87931,-1.26763,-1.657296906,-1.76893569,1.5,1.5,0.055555556,12.9,-1.25,12.9,-1.25,12.9,-1.25,12.96401712,-1.294663715,1.5,-0.3017299095789591,-0.1369047619047619,207025478.2582984,0.1949800936842187,-0.28373594289484555
571,903,sanmatenga(kaya),napamboumbou,burkina_faso,11/6/2009,11,1,-1.128999789,1.0,12.87931,-1.26763,-1.657296906,-1.76893569,1.5,1.5,0.055555556,12.9,-1.25,12.9,-1.25,12.9,-1.25,12.96401712,-1.294663715,1.5,-0.3017299095789591,-0.1369047619047619,207025478.2582984,0.1949800936842187,-0.28373594289484555
572,904,sanmatenga(kaya),napamboumbou,burkina_faso,11/6/2009,12,1,-0.609095158,1.0,12.87931,-1.26763,-1.657296906,-1.76893569,1.5,1.5,0.055555556,12.9,-1.25,12.9,-1.25,12.9,-1.25,12.96401712,-1.294663715,1.5,-0.3017299095789591,-0.1369047619047619,207025478.2582984,0.1949800936842187,-0.28373594289484555
573,905,sanmatenga(kaya),napamboumbou,burkina_faso,11/6/2009,10,1,0.6183807192530525,0.0,12.87931,-1.26763,-1.657296906,-1.76893569,1.5,1.5,0.055555556,12.9,-1.25,12.9,-1.25,12.9,-1.25,12.96401712,-1.294663715,1.5,-0.3017299095789591,-0.1369047619047619,207025478.2582984,0.1949800936842187,-0.28373594289484555
574,907,sanmatenga(kaya),napamboumbou,burkina_faso,11/6/2009,9,1,-1.085986566,0.0,12.87931,-1.26763,-1.657296906,-1.76893569,1.5,1.5,0.055555556,12.9,-1.25,12.9,-1.25,12.9,-1.25,12.96401712,-1.294663715,1.5,-0.3017299095789591,-0.1369047619047619,207025478.2582984,0.1949800936842187,-0.28373594289484555
575,908,sanmatenga(kaya),napamboumbou,burkina_faso,11/6/2009,11,1,0.2551040355964206,1.0,12.87931,-1.26763,-1.657296906,-1.76893569,1.5,1.5,0.055555556,12.9,-1.25,12.9,-1.25,12.9,-1.25,12.96401712,-1.294663715,1.5,-0.3017299095789591,-0.1369047619047619,207025478.2582984,0.1949800936842187,-0.28373594289484555
576,910,sanmatenga(kaya),napamboumbou,burkina_faso,11/6/2009,15,1,-0.598341852,0.0,12.87931,-1.26763,-1.657296906,-1.76893569,1.5,1.5,0.055555556,12.9,-1.25,12.9,-1.25,12.9,-1.25,12.96401712,-1.294663715,1.5,-0.3017299095789591,-0.1369047619047619,207025478.2582984,0.1949800936842187,-0.28373594289484555
577,911,sanmatenga(kaya),napamboumbou,burkina_faso,11/6/2009,7,1,-0.92253632,0.0,12.87931,-1.26763,-1.657296906,-1.76893569,1.5,1.5,0.055555556,12.9,-1.25,12.9,-1.25,12.9,-1.25,12.96401712,-1.294663715,1.5,-0.3017299095789591,-0.1369047619047619,207025478.2582984,0.1949800936842187,-0.28373594289484555
578,912,sanmatenga(kaya),napamboumbou,burkina_faso,11/6/2009,6,1,-1.021466732,0.0,12.87931,-1.26763,-1.657296906,-1.76893569,1.5,1.5,0.055555556,12.9,-1.25,12.9,-1.25,12.9,-1.25,12.96401712,-1.294663715,1.5,-0.3017299095789591,-0.1369047619047619,207025478.2582984,0.1949800936842187,-0.28373594289484555
579,913,sanmatenga(kaya),napamboumbou,burkina_faso,11/6/2009,21,2,-0.609095158,1.0,12.87931,-1.26763,-1.657296906,-1.76893569,1.5,1.5,0.055555556,12.9,-1.25,12.9,-1.25,12.9,-1.25,12.96401712,-1.294663715,1.5,-0.3017299095789591,-0.1369047619047619,207025478.2582984,0.1949800936842187,-0.28373594289484555
580,914,sanmatenga(kaya),napamboumbou,burkina_faso,11/6/2009,7,1,-0.88793437,0.0,12.87931,-1.26763,-1.657296906,-1.76893569,1.5,1.5,0.055555556,12.9,-1.25,12.9,-1.25,12.9,-1.25,12.96401712,-1.294663715,1.5,-0.3017299095789591,-0.1369047619047619,207025478.2582984,0.1949800936842187,-0.28373594289484555
581,915,sanmatenga(kaya),napamboumbou,burkina_faso,11/6/2009,11,1,-0.816245666,0.0,12.87931,-1.26763,-1.657296906,-1.76893569,1.5,1.5,0.055555556,12.9,-1.25,12.9,-1.25,12.9,-1.25,12.96401712,-1.294663715,1.5,-0.3017299095789591,-0.1369047619047619,207025478.2582984,0.1949800936842187,-0.28373594289484555
582,916,sanmatenga(kaya),napamboumbou,burkina_faso,11/6/2009,4,1,-0.935440287,0.0,12.87931,-1.26763,-1.657296906,-1.76893569,1.5,1.5,0.055555556,12.9,-1.25,12.9,-1.25,12.9,-1.25,12.96401712,-1.294663715,1.5,-0.3017299095789591,-0.1369047619047619,207025478.2582984,0.1949800936842187,-0.28373594289484555
583,917,sanmatenga(kaya),napamboumbou,burkina_faso,11/6/2009,10,1,-0.759641438,0.0,12.87931,-1.26763,-1.657296906,-1.76893569,1.5,1.5,0.055555556,12.9,-1.25,12.9,-1.25,12.9,-1.25,12.96401712,-1.294663715,1.5,-0.3017299095789591,-0.1369047619047619,207025478.2582984,0.1949800936842187,-0.28373594289484555
584,918,sanmatenga(kaya),napamboumbou,burkina_faso,11/6/2009,10,1,-0.964115769,0.0,12.87931,-1.26763,-1.657296906,-1.76893569,1.5,1.5,0.055555556,12.9,-1.25,12.9,-1.25,12.9,-1.25,12.96401712,-1.294663715,1.5,-0.3017299095789591,-0.1369047619047619,207025478.2582984,0.1949800936842187,-0.28373594289484555
585,922,sanmatenga(kaya),niangado,burkina_faso,11/7/2009,14,1,0.652432854,0.0,13.245902265019014,-1.207798996,-1.612162739,-1.685328096,1.5,0.6666666666666666,-0.666666667,13.25,-1.2,13.25,-1.2,13.25,-1.2,13.20909134,-1.190020734,1.2,-0.22903716564178467,0.08055555555555557,149380338.99138442,0.1752315689579774,-0.09078137741077223
586,923,sanmatenga(kaya),niangado,burkina_faso,11/7/2009,23,1,-0.582625483,1.0,13.245902265019014,-1.207798996,-1.612162739,-1.685328096,1.5,0.6666666666666666,-0.666666667,13.25,-1.2,13.25,-1.2,13.25,-1.2,13.20909134,-1.190020734,1.2,-0.22903716564178467,0.08055555555555557,149380338.99138442,0.1752315689579774,-0.09078137741077223
587,924,sanmatenga(kaya),niangado,burkina_faso,11/7/2009,19,1,-0.916463865,1.0,13.245902265019014,-1.207798996,-1.612162739,-1.685328096,1.5,0.6666666666666666,-0.666666667,13.25,-1.2,13.25,-1.2,13.25,-1.2,13.20909134,-1.190020734,1.2,-0.22903716564178467,0.08055555555555557,149380338.99138442,0.1752315689579774,-0.09078137741077223
588,925,sanmatenga(kaya),niangado,burkina_faso,11/7/2009,12,3,-0.956946898,1.0,13.245902265019014,-1.207798996,-1.612162739,-1.685328096,1.5,0.6666666666666666,-0.666666667,13.25,-1.2,13.25,-1.2,13.25,-1.2,13.20909134,-1.190020734,1.2,-0.22903716564178467,0.08055555555555557,149380338.99138442,0.1752315689579774,-0.09078137741077223
589,926,sanmatenga(kaya),niangado,burkina_faso,11/7/2009,11,1,-0.951570245,0.0,13.245902265019014,-1.207798996,-1.612162739,-1.685328096,1.5,0.6666666666666666,-0.666666667,13.25,-1.2,13.25,-1.2,13.25,-1.2,13.20909134,-1.190020734,1.2,-0.22903716564178467,0.08055555555555557,149380338.99138442,0.1752315689579774,-0.09078137741077223
590,927,sanmatenga(kaya),niangado,burkina_faso,11/7/2009,26,1,0.9893184126167957,1.0,13.245902265019014,-1.207798996,-1.612162739,-1.685328096,1.5,0.6666666666666666,-0.666666667,13.25,-1.2,13.25,-1.2,13.25,-1.2,13.20909134,-1.190020734,1.2,-0.22903716564178467,0.08055555555555557,149380338.99138442,0.1752315689579774,-0.09078137741077223
591,934,sanmatenga(kaya),niangado,burkina_faso,11/7/2009,8,1,-0.432549573,0.0,13.245902265019014,-1.207798996,-1.612162739,-1.685328096,1.5,0.6666666666666666,-0.666666667,13.25,-1.2,13.25,-1.2,13.25,-1.2,13.20909134,-1.190020734,1.2,-0.22903716564178467,0.08055555555555557,149380338.99138442,0.1752315689579774,-0.09078137741077223
592,935,sanmatenga(kaya),niangado,burkina_faso,11/7/2009,8,1,-0.630601769,0.0,13.245902265019014,-1.207798996,-1.612162739,-1.685328096,1.5,0.6666666666666666,-0.666666667,13.25,-1.2,13.25,-1.2,13.25,-1.2,13.20909134,-1.190020734,1.2,-0.22903716564178467,0.08055555555555557,149380338.99138442,0.1752315689579774,-0.09078137741077223
593,936,sanmatenga(kaya),niangado,burkina_faso,11/7/2009,16,1,-0.941585033,1.0,13.245902265019014,-1.207798996,-1.612162739,-1.685328096,1.5,0.6666666666666666,-0.666666667,13.25,-1.2,13.25,-1.2,13.25,-1.2,13.20909134,-1.190020734,1.2,-0.22903716564178467,0.08055555555555557,149380338.99138442,0.1752315689579774,-0.09078137741077223
594,937,sanmatenga(kaya),niangado,burkina_faso,11/7/2009,22,1,-0.591889869,0.0,13.245902265019014,-1.207798996,-1.612162739,-1.685328096,1.5,0.6666666666666666,-0.666666667,13.25,-1.2,13.25,-1.2,13.25,-1.2,13.20909134,-1.190020734,1.2,-0.22903716564178467,0.08055555555555557,149380338.99138442,0.1752315689579774,-0.09078137741077223
595,938,sanmatenga(kaya),niangado,burkina_faso,11/7/2009,9,1,-0.776099991,0.0,13.245902265019014,-1.207798996,-1.612162739,-1.685328096,1.5,0.6666666666666666,-0.666666667,13.25,-1.2,13.25,-1.2,13.25,-1.2,13.20909134,-1.190020734,1.2,-0.22903716564178467,0.08055555555555557,149380338.99138442,0.1752315689579774,-0.09078137741077223
596,939,sanmatenga(kaya),niangado,burkina_faso,11/7/2009,4,1,-0.758894702,1.0,13.245902265019014,-1.207798996,-1.612162739,-1.685328096,1.5,0.6666666666666666,-0.666666667,13.25,-1.2,13.25,-1.2,13.25,-1.2,13.20909134,-1.190020734,1.2,-0.22903716564178467,0.08055555555555557,149380338.99138442,0.1752315689579774,-0.09078137741077223
597,940,sanmatenga(kaya),niangado,burkina_faso,11/7/2009,4,1,-0.935440287,1.0,13.245902265019014,-1.207798996,-1.612162739,-1.685328096,1.5,0.6666666666666666,-0.666666667,13.25,-1.2,13.25,-1.2,13.25,-1.2,13.20909134,-1.190020734,1.2,-0.22903716564178467,0.08055555555555557,149380338.99138442,0.1752315689579774,-0.09078137741077223
598,941,sanmatenga(kaya),niangado,burkina_faso,11/7/2009,13,1,1.7449307230816964,1.0,13.245902265019014,-1.207798996,-1.612162739,-1.685328096,1.5,0.6666666666666666,-0.666666667,13.25,-1.2,13.25,-1.2,13.25,-1.2,13.20909134,-1.190020734,1.2,-0.22903716564178467,0.08055555555555557,149380338.99138442,0.1752315689579774,-0.09078137741077223
599,942,sanmatenga(kaya),niangado,burkina_faso,11/7/2009,10,1,-0.946193592,1.0,13.245902265019014,-1.207798996,-1.612162739,-1.685328096,1.5,0.6666666666666666,-0.666666667,13.25,-1.2,13.25,-1.2,13.25,-1.2,13.20909134,-1.190020734,1.2,-0.22903716564178467,0.08055555555555557,149380338.99138442,0.1752315689579774,-0.09078137741077223
600,943,sanmatenga(kaya),niangado,burkina_faso,11/7/2009,21,1,-0.439718444,1.0,13.245902265019014,-1.207798996,-1.612162739,-1.685328096,1.5,0.6666666666666666,-0.666666667,13.25,-1.2,13.25,-1.2,13.25,-1.2,13.20909134,-1.190020734,1.2,-0.22903716564178467,0.08055555555555557,149380338.99138442,0.1752315689579774,-0.09078137741077223
601,944,sanmatenga(kaya),niangado,burkina_faso,11/7/2009,13,1,-0.77732894,0.0,13.245902265019014,-1.207798996,-1.612162739,-1.685328096,1.5,0.6666666666666666,-0.666666667,13.25,-1.2,13.25,-1.2,13.25,-1.2,13.20909134,-1.190020734,1.2,-0.22903716564178467,0.08055555555555557,149380338.99138442,0.1752315689579774,-0.09078137741077223
602,945,sanmatenga(kaya),niangado,burkina_faso,11/7/2009,11,1,-0.603718505,1.0,13.245902265019014,-1.207798996,-1.612162739,-1.685328096,1.5,0.6666666666666666,-0.666666667,13.25,-1.2,13.25,-1.2,13.25,-1.2,13.20909134,-1.190020734,1.2,-0.22903716564178467,0.08055555555555557,149380338.99138442,0.1752315689579774,-0.09078137741077223
603,946,sanmatenga(kaya),nongo,burkina_faso,11/6/2009,13,1,-0.591172982,0.0,13.558039618750165,-0.259182817,-1.592652202,-1.806334615,3.0,0.1666666666666666,-0.166666667,13.55,-0.25,13.55,-0.25,13.55,-0.25,13.50282815,-0.148847385,0.9,-0.3132057189941406,-0.06509009009009009,224343599.79899198,0.1617714266830424,0.6506137638593346
604,948,sanmatenga(kaya),nongo,burkina_faso,11/7/2009,7,1,-0.930063634,1.0,13.558039618750165,-0.259182817,-1.592652202,-1.806334615,3.0,0.1666666666666666,-0.166666667,13.55,-0.25,13.55,-0.25,13.55,-0.25,13.50282815,-0.148847385,0.9,-0.3132057189941406,-0.06509009009009009,224343599.79899198,0.1617714266830424,0.6506137638593346
605,950,sanmatenga(kaya),nongo,burkina_faso,11/6/2009,8,1,-0.949778028,0.0,13.558039618750165,-0.259182817,-1.592652202,-1.806334615,3.0,0.1666666666666666,-0.166666667,13.55,-0.25,13.55,-0.25,13.55,-0.25,13.50282815,-0.148847385,0.9,-0.3132057189941406,-0.06509009009009009,224343599.79899198,0.1617714266830424,0.6506137638593346
606,952,sanmatenga(kaya),nongo,burkina_faso,11/6/2009,19,1,0.829798895,0.0,13.558039618750165,-0.259182817,-1.592652202,-1.806334615,3.0,0.1666666666666666,-0.166666667,13.55,-0.25,13.55,-0.25,13.55,-0.25,13.50282815,-0.148847385,0.9,-0.3132057189941406,-0.06509009009009009,224343599.79899198,0.1617714266830424,0.6506137638593346
607,953,sanmatenga(kaya),nongo,burkina_faso,11/7/2009,5,2,-0.907788929,0.0,13.558039618750165,-0.259182817,-1.592652202,-1.806334615,3.0,0.1666666666666666,-0.166666667,13.55,-0.25,13.55,-0.25,13.55,-0.25,13.50282815,-0.148847385,0.9,-0.3132057189941406,-0.06509009009009009,224343599.79899198,0.1617714266830424,0.6506137638593346
608,954,sanmatenga(kaya),nongo,burkina_faso,11/6/2009,11,2,-0.591889869,1.0,13.558039618750165,-0.259182817,-1.592652202,-1.806334615,3.0,0.1666666666666666,-0.166666667,13.55,-0.25,13.55,-0.25,13.55,-0.25,13.50282815,-0.148847385,0.9,-0.3132057189941406,-0.06509009009009009,224343599.79899198,0.1617714266830424,0.6506137638593346
609,955,sanmatenga(kaya),nongo,burkina_faso,11/6/2009,12,1,-0.929295541,0.0,13.558039618750165,-0.259182817,-1.592652202,-1.806334615,3.0,0.1666666666666666,-0.166666667,13.55,-0.25,13.55,-0.25,13.55,-0.25,13.50282815,-0.148847385,0.9,-0.3132057189941406,-0.06509009009009009,224343599.79899198,0.1617714266830424,0.6506137638593346
610,958,sanmatenga(kaya),nongo,burkina_faso,11/6/2009,5,3,-0.210996615,1.0,13.558039618750165,-0.259182817,-1.592652202,-1.806334615,3.0,0.1666666666666666,-0.166666667,13.55,-0.25,13.55,-0.25,13.55,-0.25,13.50282815,-0.148847385,0.9,-0.3132057189941406,-0.06509009009009009,224343599.79899198,0.1617714266830424,0.6506137638593346
611,959,sanmatenga(kaya),nongo,burkina_faso,11/6/2009,12,2,-0.956946898,1.0,13.558039618750165,-0.259182817,-1.592652202,-1.806334615,3.0,0.1666666666666666,-0.166666667,13.55,-0.25,13.55,-0.25,13.55,-0.25,13.50282815,-0.148847385,0.9,-0.3132057189941406,-0.06509009009009009,224343599.79899198,0.1617714266830424,0.6506137638593346
612,961,sanmatenga(kaya),nongo,burkina_faso,11/6/2009,10,1,-0.598341852,1.0,13.558039618750165,-0.259182817,-1.592652202,-1.806334615,3.0,0.1666666666666666,-0.166666667,13.55,-0.25,13.55,-0.25,13.55,-0.25,13.50282815,-0.148847385,0.9,-0.3132057189941406,-0.06509009009009009,224343599.79899198,0.1617714266830424,0.6506137638593346
613,962,sanmatenga(kaya),nongo,burkina_faso,11/6/2009,9,2,-0.94081694,1.0,13.558039618750165,-0.259182817,-1.592652202,-1.806334615,3.0,0.1666666666666666,-0.166666667,13.55,-0.25,13.55,-0.25,13.55,-0.25,13.50282815,-0.148847385,0.9,-0.3132057189941406,-0.06509009009009009,224343599.79899198,0.1617714266830424,0.6506137638593346
614,963,sanmatenga(kaya),nongo,burkina_faso,11/6/2009,11,4,-0.931855851,1.0,13.558039618750165,-0.259182817,-1.592652202,-1.806334615,3.0,0.1666666666666666,-0.166666667,13.55,-0.25,13.55,-0.25,13.55,-0.25,13.50282815,-0.148847385,0.9,-0.3132057189941406,-0.06509009009009009,224343599.79899198,0.1617714266830424,0.6506137638593346
615,967,sanmatenga(kaya),nongo,burkina_faso,11/6/2009,9,1,-0.931138964,1.0,13.558039618750165,-0.259182817,-1.592652202,-1.806334615,3.0,0.1666666666666666,-0.166666667,13.55,-0.25,13.55,-0.25,13.55,-0.25,13.50282815,-0.148847385,0.9,-0.3132057189941406,-0.06509009009009009,224343599.79899198,0.1617714266830424,0.6506137638593346
616,968,sanmatenga(kaya),nongo,burkina_faso,11/6/2009,10,3,-0.935440287,1.0,13.558039618750165,-0.259182817,-1.592652202,-1.806334615,3.0,0.1666666666666666,-0.166666667,13.55,-0.25,13.55,-0.25,13.55,-0.25,13.50282815,-0.148847385,0.9,-0.3132057189941406,-0.06509009009009009,224343599.79899198,0.1617714266830424,0.6506137638593346
617,969,sanmatenga(kaya),nongo,burkina_faso,11/6/2009,18,4,-0.772580727,1.0,13.558039618750165,-0.259182817,-1.592652202,-1.806334615,3.0,0.1666666666666666,-0.166666667,13.55,-0.25,13.55,-0.25,13.55,-0.25,13.50282815,-0.148847385,0.9,-0.3132057189941406,-0.06509009009009009,224343599.79899198,0.1617714266830424,0.6506137638593346
618,970,sanmatenga(kaya),nongo,burkina_faso,11/6/2009,9,7,-0.916622002,1.0,13.558039618750165,-0.259182817,-1.592652202,-1.806334615,3.0,0.1666666666666666,-0.166666667,13.55,-0.25,13.55,-0.25,13.55,-0.25,13.50282815,-0.148847385,0.9,-0.3132057189941406,-0.06509009009009009,224343599.79899198,0.1617714266830424,0.6506137638593346
619,971,sanmatenga(kaya),nongo,burkina_faso,11/6/2009,17,3,-0.922894763,1.0,13.558039618750165,-0.259182817,-1.592652202,-1.806334615,3.0,0.1666666666666666,-0.166666667,13.55,-0.25,13.55,-0.25,13.55,-0.25,13.50282815,-0.148847385,0.9,-0.3132057189941406,-0.06509009009009009,224343599.79899198,0.1617714266830424,0.6506137638593346
620,972,sanmatenga(kaya),nongo,burkina_faso,11/6/2009,9,3,-0.920078421,1.0,13.558039618750165,-0.259182817,-1.592652202,-1.806334615,3.0,0.1666666666666666,-0.166666667,13.55,-0.25,13.55,-0.25,13.55,-0.25,13.50282815,-0.148847385,0.9,-0.3132057189941406,-0.06509009009009009,224343599.79899198,0.1617714266830424,0.6506137638593346
621,974,sanmatenga(kaya),pibaore,burkina_faso,11/3/2009,3,1,-0.924686981,1.0,12.893723404326067,-0.798730118,-1.642420232,-1.676155925,1.25,1.0,-0.333333333,12.9,-0.8,12.9,-0.8,12.9,-0.8,12.96401712,-0.694916179,1.2,-0.25223132967948914,-0.1046296296296296,253613625.92333975,0.19551207350548325,0.038859840106594414
622,982,sanmatenga(kaya),pibaore,burkina_faso,11/3/2009,7,1,-0.754115455,1.0,12.893723404326067,-0.798730118,-1.642420232,-1.676155925,1.25,1.0,-0.333333333,12.9,-0.8,12.9,-0.8,12.9,-0.8,12.96401712,-0.694916179,1.2,-0.25223132967948914,-0.1046296296296296,253613625.92333975,0.19551207350548325,0.038859840106594414
623,983,sanmatenga(kaya),pibaore,burkina_faso,11/3/2009,8,1,0.6613939420266131,0.0,12.893723404326067,-0.798730118,-1.642420232,-1.676155925,1.25,1.0,-0.333333333,12.9,-0.8,12.9,-0.8,12.9,-0.8,12.96401712,-0.694916179,1.2,-0.25223132967948914,-0.1046296296296296,253613625.92333975,0.19551207350548325,0.038859840106594414
624,984,sanmatenga(kaya),pibaore,burkina_faso,11/3/2009,6,3,-0.454056185,0.0,12.893723404326067,-0.798730118,-1.642420232,-1.676155925,1.25,1.0,-0.333333333,12.9,-0.8,12.9,-0.8,12.9,-0.8,12.96401712,-0.694916179,1.2,-0.25223132967948914,-0.1046296296296296,253613625.92333975,0.19551207350548325,0.038859840106594414
625,985,sanmatenga(kaya),pibaore,burkina_faso,11/3/2009,8,3,-0.913933675,1.0,12.893723404326067,-0.798730118,-1.642420232,-1.676155925,1.25,1.0,-0.333333333,12.9,-0.8,12.9,-0.8,12.9,-0.8,12.96401712,-0.694916179,1.2,-0.25223132967948914,-0.1046296296296296,253613625.92333975,0.19551207350548325,0.038859840106594414
626,986,sanmatenga(kaya),pibaore,burkina_faso,11/3/2009,12,2,-0.956946898,0.0,12.893723404326067,-0.798730118,-1.642420232,-1.676155925,1.25,1.0,-0.333333333,12.9,-0.8,12.9,-0.8,12.9,-0.8,12.96401712,-0.694916179,1.2,-0.25223132967948914,-0.1046296296296296,253613625.92333975,0.19551207350548325,0.038859840106594414
627,987,sanmatenga(kaya),pibaore,burkina_faso,11/3/2009,8,1,-0.978453509,1.0,12.893723404326067,-0.798730118,-1.642420232,-1.676155925,1.25,1.0,-0.333333333,12.9,-0.8,12.9,-0.8,12.9,-0.8,12.96401712,-0.694916179,1.2,-0.25223132967948914,-0.1046296296296296,253613625.92333975,0.19551207350548325,0.038859840106594414
628,988,sanmatenga(kaya),pibaore,burkina_faso,11/3/2009,10,1,-0.999960121,0.0,12.893723404326067,-0.798730118,-1.642420232,-1.676155925,1.25,1.0,-0.333333333,12.9,-0.8,12.9,-0.8,12.9,-0.8,12.96401712,-0.694916179,1.2,-0.25223132967948914,-0.1046296296296296,253613625.92333975,0.19551207350548325,0.038859840106594414
629,989,sanmatenga(kaya),pibaore,burkina_faso,11/3/2009,5,1,-0.580419676,0.0,12.893723404326067,-0.798730118,-1.642420232,-1.676155925,1.25,1.0,-0.333333333,12.9,-0.8,12.9,-0.8,12.9,-0.8,12.96401712,-0.694916179,1.2,-0.25223132967948914,-0.1046296296296296,253613625.92333975,0.19551207350548325,0.038859840106594414
630,990,sanmatenga(kaya),pibaore,burkina_faso,11/3/2009,15,1,-0.435621946,1.0,12.893723404326067,-0.798730118,-1.642420232,-1.676155925,1.25,1.0,-0.333333333,12.9,-0.8,12.9,-0.8,12.9,-0.8,12.96401712,-0.694916179,1.2,-0.25223132967948914,-0.1046296296296296,253613625.92333975,0.19551207350548325,0.038859840106594414
631,991,sanmatenga(kaya),pibaore,burkina_faso,11/3/2009,9,5,-1.085986566,1.0,12.893723404326067,-0.798730118,-1.642420232,-1.676155925,1.25,1.0,-0.333333333,12.9,-0.8,12.9,-0.8,12.9,-0.8,12.96401712,-0.694916179,1.2,-0.25223132967948914,-0.1046296296296296,253613625.92333975,0.19551207350548325,0.038859840106594414
632,992,sanmatenga(kaya),pibaore,burkina_faso,11/3/2009,5,1,-0.443302879,1.0,12.893723404326067,-0.798730118,-1.642420232,-1.676155925,1.25,1.0,-0.333333333,12.9,-0.8,12.9,-0.8,12.9,-0.8,12.96401712,-0.694916179,1.2,-0.25223132967948914,-0.1046296296296296,253613625.92333975,0.19551207350548325,0.038859840106594414
633,993,sanmatenga(kaya),pibaore,burkina_faso,11/3/2009,9,2,-0.94081694,1.0,12.893723404326067,-0.798730118,-1.642420232,-1.676155925,1.25,1.0,-0.333333333,12.9,-0.8,12.9,-0.8,12.9,-0.8,12.96401712,-0.694916179,1.2,-0.25223132967948914,-0.1046296296296296,253613625.92333975,0.19551207350548325,0.038859840106594414
634,994,sanmatenga(kaya),pibaore,burkina_faso,11/3/2009,7,1,-1.042973344,0.0,12.893723404326067,-0.798730118,-1.642420232,-1.676155925,1.25,1.0,-0.333333333,12.9,-0.8,12.9,-0.8,12.9,-0.8,12.96401712,-0.694916179,1.2,-0.25223132967948914,-0.1046296296296296,253613625.92333975,0.19551207350548325,0.038859840106594414
635,995,sanmatenga(kaya),pibaore,burkina_faso,11/3/2009,13,2,-1.172013012,1.0,12.893723404326067,-0.798730118,-1.642420232,-1.676155925,1.25,1.0,-0.333333333,12.9,-0.8,12.9,-0.8,12.9,-0.8,12.96401712,-0.694916179,1.2,-0.25223132967948914,-0.1046296296296296,253613625.92333975,0.19551207350548325,0.038859840106594414
636,996,sanmatenga(kaya),pibaore,burkina_faso,11/3/2009,9,1,-0.94081694,1.0,12.893723404326067,-0.798730118,-1.642420232,-1.676155925,1.25,1.0,-0.333333333,12.9,-0.8,12.9,-0.8,12.9,-0.8,12.96401712,-0.694916179,1.2,-0.25223132967948914,-0.1046296296296296,253613625.92333975,0.19551207350548325,0.038859840106594414
637,997,sanmatenga(kaya),pibaore,burkina_faso,11/3/2009,10,1,0.5197362204033041,1.0,12.893723404326067,-0.798730118,-1.642420232,-1.676155925,1.25,1.0,-0.333333333,12.9,-0.8,12.9,-0.8,12.9,-0.8,12.96401712,-0.694916179,1.2,-0.25223132967948914,-0.1046296296296296,253613625.92333975,0.19551207350548325,0.038859840106594414
638,998,sanmatenga(kaya),pibaore,burkina_faso,11/3/2009,13,4,0.4980771137662531,1.0,12.893723404326067,-0.798730118,-1.642420232,-1.676155925,1.25,1.0,-0.333333333,12.9,-0.8,12.9,-0.8,12.9,-0.8,12.96401712,-0.694916179,1.2,-0.25223132967948914,-0.1046296296296296,253613625.92333975,0.19551207350548325,0.038859840106594414
639,999,sanmatenga(kaya),pibaore,burkina_faso,11/3/2009,9,1,-1.085986566,1.0,12.893723404326067,-0.798730118,-1.642420232,-1.676155925,1.25,1.0,-0.333333333,12.9,-0.8,12.9,-0.8,12.9,-0.8,12.96401712,-0.694916179,1.2,-0.25223132967948914,-0.1046296296296296,253613625.92333975,0.19551207350548325,0.038859840106594414
640,1000,sanmatenga(kaya),sabouri nakoara,burkina_faso,10/31/2009,9,1,-0.930947593,0.0,13.096810194780764,-1.086335777,-1.677620932,-1.73793523,1.25,0.8333333333333334,-0.433333333,13.1,-1.1,13.1,-1.1,13.1,-1.1,13.09217767,-1.083499768,1.2,-0.2708827555179596,-0.012037037037037044,150590786.98507282,0.17665672660429435,-0.1003798693472498
641,1003,sanmatenga(kaya),sabouri nakoara,burkina_faso,10/31/2009,7,3,-0.942609157,1.0,13.096810194780764,-1.086335777,-1.677620932,-1.73793523,1.25,0.8333333333333334,-0.433333333,13.1,-1.1,13.1,-1.1,13.1,-1.1,13.09217767,-1.083499768,1.2,-0.2708827555179596,-0.012037037037037044,150590786.98507282,0.17665672660429435,-0.1003798693472498
642,1004,sanmatenga(kaya),sabouri nakoara,burkina_faso,10/31/2009,6,2,-0.924686981,1.0,13.096810194780764,-1.086335777,-1.677620932,-1.73793523,1.25,0.8333333333333334,-0.433333333,13.1,-1.1,13.1,-1.1,13.1,-1.1,13.09217767,-1.083499768,1.2,-0.2708827555179596,-0.012037037037037044,150590786.98507282,0.17665672660429435,-0.1003798693472498
643,1005,sanmatenga(kaya),sabouri nakoara,burkina_faso,10/31/2009,11,2,-1.010713427,1.0,13.096810194780764,-1.086335777,-1.677620932,-1.73793523,1.25,0.8333333333333334,-0.433333333,13.1,-1.1,13.1,-1.1,13.1,-1.1,13.09217767,-1.083499768,1.2,-0.2708827555179596,-0.012037037037037044,150590786.98507282,0.17665672660429435,-0.1003798693472498
644,1006,sanmatenga(kaya),sabouri nakoara,burkina_faso,10/31/2009,8,3,-0.926837642,1.0,13.096810194780764,-1.086335777,-1.677620932,-1.73793523,1.25,0.8333333333333334,-0.433333333,13.1,-1.1,13.1,-1.1,13.1,-1.1,13.09217767,-1.083499768,1.2,-0.2708827555179596,-0.012037037037037044,150590786.98507282,0.17665672660429435,-0.1003798693472498
645,1007,sanmatenga(kaya),sabouri nakoara,burkina_faso,10/31/2009,8,1,-0.587588547,1.0,13.096810194780764,-1.086335777,-1.677620932,-1.73793523,1.25,0.8333333333333334,-0.433333333,13.1,-1.1,13.1,-1.1,13.1,-1.1,13.09217767,-1.083499768,1.2,-0.2708827555179596,-0.012037037037037044,150590786.98507282,0.17665672660429435,-0.1003798693472498
646,1008,sanmatenga(kaya),sabouri nakoara,burkina_faso,10/31/2009,4,1,-0.921102546,0.0,13.096810194780764,-1.086335777,-1.677620932,-1.73793523,1.25,0.8333333333333334,-0.433333333,13.1,-1.1,13.1,-1.1,13.1,-1.1,13.09217767,-1.083499768,1.2,-0.2708827555179596,-0.012037037037037044,150590786.98507282,0.17665672660429435,-0.1003798693472498
647,1009,sanmatenga(kaya),sabouri nakoara,burkina_faso,10/31/2009,6,2,-0.769648008,1.0,13.096810194780764,-1.086335777,-1.677620932,-1.73793523,1.25,0.8333333333333334,-0.433333333,13.1,-1.1,13.1,-1.1,13.1,-1.1,13.09217767,-1.083499768,1.2,-0.2708827555179596,-0.012037037037037044,150590786.98507282,0.17665672660429435,-0.1003798693472498
648,1010,sanmatenga(kaya),sabouri nakoara,burkina_faso,10/31/2009,8,4,-1.064479955,0.0,13.096810194780764,-1.086335777,-1.677620932,-1.73793523,1.25,0.8333333333333334,-0.433333333,13.1,-1.1,13.1,-1.1,13.1,-1.1,13.09217767,-1.083499768,1.2,-0.2708827555179596,-0.012037037037037044,150590786.98507282,0.17665672660429435,-0.1003798693472498
649,1011,sanmatenga(kaya),sabouri nakoara,burkina_faso,10/31/2009,4,1,-0.978453509,1.0,13.096810194780764,-1.086335777,-1.677620932,-1.73793523,1.25,0.8333333333333334,-0.433333333,13.1,-1.1,13.1,-1.1,13.1,-1.1,13.09217767,-1.083499768,1.2,-0.2708827555179596,-0.012037037037037044,150590786.98507282,0.17665672660429435,-0.1003798693472498
650,1012,sanmatenga(kaya),sabouri nakoara,burkina_faso,10/31/2009,5,1,-0.946193592,0.0,13.096810194780764,-1.086335777,-1.677620932,-1.73793523,1.25,0.8333333333333334,-0.433333333,13.1,-1.1,13.1,-1.1,13.1,-1.1,13.09217767,-1.083499768,1.2,-0.2708827555179596,-0.012037037037037044,150590786.98507282,0.17665672660429435,-0.1003798693472498
651,1013,sanmatenga(kaya),sabouri nakoara,burkina_faso,10/31/2009,7,2,-0.594757417,0.0,13.096810194780764,-1.086335777,-1.677620932,-1.73793523,1.25,0.8333333333333334,-0.433333333,13.1,-1.1,13.1,-1.1,13.1,-1.1,13.09217767,-1.083499768,1.2,-0.2708827555179596,-0.012037037037037044,150590786.98507282,0.17665672660429435,-0.1003798693472498
652,1014,sanmatenga(kaya),sabouri nakoara,burkina_faso,10/31/2009,6,1,-0.935440287,1.0,13.096810194780764,-1.086335777,-1.677620932,-1.73793523,1.25,0.8333333333333334,-0.433333333,13.1,-1.1,13.1,-1.1,13.1,-1.1,13.09217767,-1.083499768,1.2,-0.2708827555179596,-0.012037037037037044,150590786.98507282,0.17665672660429435,-0.1003798693472498
653,1016,sanmatenga(kaya),sabouri nakoara,burkina_faso,10/31/2009,3,1,-0.924686981,0.0,13.096810194780764,-1.086335777,-1.677620932,-1.73793523,1.25,0.8333333333333334,-0.433333333,13.1,-1.1,13.1,-1.1,13.1,-1.1,13.09217767,-1.083499768,1.2,-0.2708827555179596,-0.012037037037037044,150590786.98507282,0.17665672660429435,-0.1003798693472498
654,1018,sanmatenga(kaya),sabouri nakoara,burkina_faso,10/31/2009,9,3,-0.769648008,1.0,13.096810194780764,-1.086335777,-1.677620932,-1.73793523,1.25,0.8333333333333334,-0.433333333,13.1,-1.1,13.1,-1.1,13.1,-1.1,13.09217767,-1.083499768,1.2,-0.2708827555179596,-0.012037037037037044,150590786.98507282,0.17665672660429435,-0.1003798693472498
655,1019,sanmatenga(kaya),sabouri nakoara,burkina_faso,10/31/2009,2,2,-0.935440287,1.0,13.096810194780764,-1.086335777,-1.677620932,-1.73793523,1.25,0.8333333333333334,-0.433333333,13.1,-1.1,13.1,-1.1,13.1,-1.1,13.09217767,-1.083499768,1.2,-0.2708827555179596,-0.012037037037037044,150590786.98507282,0.17665672660429435,-0.1003798693472498
656,1020,sanmatenga(kaya),sabouri nakoara,burkina_faso,10/31/2009,4,1,-0.935440287,0.0,13.096810194780764,-1.086335777,-1.677620932,-1.73793523,1.25,0.8333333333333334,-0.433333333,13.1,-1.1,13.1,-1.1,13.1,-1.1,13.09217767,-1.083499768,1.2,-0.2708827555179596,-0.012037037037037044,150590786.98507282,0.17665672660429435,-0.1003798693472498
657,1024,sanmatenga(kaya),sabouri nakoara,burkina_faso,10/31/2009,5,2,-0.999960121,1.0,13.096810194780764,-1.086335777,-1.677620932,-1.73793523,1.25,0.8333333333333334,-0.433333333,13.1,-1.1,13.1,-1.1,13.1,-1.1,13.09217767,-1.083499768,1.2,-0.2708827555179596,-0.012037037037037044,150590786.98507282,0.17665672660429435,-0.1003798693472498
658,1025,sanmatenga(kaya),sabouri nakoara,burkina_faso,10/31/2009,13,1,-1.172013012,0.0,13.096810194780764,-1.086335777,-1.677620932,-1.73793523,1.25,0.8333333333333334,-0.433333333,13.1,-1.1,13.1,-1.1,13.1,-1.1,13.09217767,-1.083499768,1.2,-0.2708827555179596,-0.012037037037037044,150590786.98507282,0.17665672660429435,-0.1003798693472498
659,1026,sanmatenga(kaya),sabouri nakoara,burkina_faso,10/31/2009,11,2,0.6731713720717547,0.0,13.096810194780764,-1.086335777,-1.677620932,-1.73793523,1.25,0.8333333333333334,-0.433333333,13.1,-1.1,13.1,-1.1,13.1,-1.1,13.09217767,-1.083499768,1.2,-0.2708827555179596,-0.012037037037037044,150590786.98507282,0.17665672660429435,-0.1003798693472498
660,1027,sanmatenga(kaya),sambtenga,burkina_faso,10/29/2009,19,2,-0.943505266,0.0,12.44093395543046,-0.577565912,-1.700703263,-1.715240598,1.3333333333333333,0.8333333333333334,0.3666666666666665,12.45,-0.6,12.45,-0.6,12.45,-0.6,12.36425974,-0.694916179,1.5,-0.35470622380574546,-0.13690476190476192,216080373.24972814,0.18366965120332307,-0.47457747853231885
661,1028,sanmatenga(kaya),sambtenga,burkina_faso,10/30/2009,18,2,-0.935440287,1.0,12.44093395543046,-0.577565912,-1.700703263,-1.715240598,1.3333333333333333,0.8333333333333334,0.3666666666666665,12.45,-0.6,12.45,-0.6,12.45,-0.6,12.36425974,-0.694916179,1.5,-0.35470622380574546,-0.13690476190476192,216080373.24972814,0.18366965120332307,-0.47457747853231885
662,1029,sanmatenga(kaya),sambtenga,burkina_faso,10/29/2009,9,1,-0.956946898,0.0,12.44093395543046,-0.577565912,-1.700703263,-1.715240598,1.3333333333333333,0.8333333333333334,0.3666666666666665,12.45,-0.6,12.45,-0.6,12.45,-0.6,12.36425974,-0.694916179,1.5,-0.35470622380574546,-0.13690476190476192,216080373.24972814,0.18366965120332307,-0.47457747853231885
663,1030,sanmatenga(kaya),sambtenga,burkina_faso,10/29/2009,26,2,-0.595409133,1.0,12.44093395543046,-0.577565912,-1.700703263,-1.715240598,1.3333333333333333,0.8333333333333334,0.3666666666666665,12.45,-0.6,12.45,-0.6,12.45,-0.6,12.36425974,-0.694916179,1.5,-0.35470622380574546,-0.13690476190476192,216080373.24972814,0.18366965120332307,-0.47457747853231885
664,1031,sanmatenga(kaya),sambtenga,burkina_faso,10/29/2009,15,2,-0.956946898,1.0,12.44093395543046,-0.577565912,-1.700703263,-1.715240598,1.3333333333333333,0.8333333333333334,0.3666666666666665,12.45,-0.6,12.45,-0.6,12.45,-0.6,12.36425974,-0.694916179,1.5,-0.35470622380574546,-0.13690476190476192,216080373.24972814,0.18366965120332307,-0.47457747853231885
665,1033,sanmatenga(kaya),sambtenga,burkina_faso,10/29/2009,11,1,-0.939741609,1.0,12.44093395543046,-0.577565912,-1.700703263,-1.715240598,1.3333333333333333,0.8333333333333334,0.3666666666666665,12.45,-0.6,12.45,-0.6,12.45,-0.6,12.36425974,-0.694916179,1.5,-0.35470622380574546,-0.13690476190476192,216080373.24972814,0.18366965120332307,-0.47457747853231885
666,1035,sanmatenga(kaya),sambtenga,burkina_faso,10/29/2009,17,8,-0.585198923,1.0,12.44093395543046,-0.577565912,-1.700703263,-1.715240598,1.3333333333333333,0.8333333333333334,0.3666666666666665,12.45,-0.6,12.45,-0.6,12.45,-0.6,12.36425974,-0.694916179,1.5,-0.35470622380574546,-0.13690476190476192,216080373.24972814,0.18366965120332307,-0.47457747853231885
667,1036,sanmatenga(kaya),sambtenga,burkina_faso,10/29/2009,10,1,-0.571458588,1.0,12.44093395543046,-0.577565912,-1.700703263,-1.715240598,1.3333333333333333,0.8333333333333334,0.3666666666666665,12.45,-0.6,12.45,-0.6,12.45,-0.6,12.36425974,-0.694916179,1.5,-0.35470622380574546,-0.13690476190476192,216080373.24972814,0.18366965120332307,-0.47457747853231885
668,1037,sanmatenga(kaya),sambtenga,burkina_faso,10/30/2009,2,1,-0.913933675,1.0,12.44093395543046,-0.577565912,-1.700703263,-1.715240598,1.3333333333333333,0.8333333333333334,0.3666666666666665,12.45,-0.6,12.45,-0.6,12.45,-0.6,12.36425974,-0.694916179,1.5,-0.35470622380574546,-0.13690476190476192,216080373.24972814,0.18366965120332307,-0.47457747853231885
669,1039,sanmatenga(kaya),sambtenga,burkina_faso,10/30/2009,3,2,-0.221749921,1.0,12.44093395543046,-0.577565912,-1.700703263,-1.715240598,1.3333333333333333,0.8333333333333334,0.3666666666666665,12.45,-0.6,12.45,-0.6,12.45,-0.6,12.36425974,-0.694916179,1.5,-0.35470622380574546,-0.13690476190476192,216080373.24972814,0.18366965120332307,-0.47457747853231885
670,1041,sanmatenga(kaya),sambtenga,burkina_faso,10/30/2009,10,1,-0.946193592,0.0,12.44093395543046,-0.577565912,-1.700703263,-1.715240598,1.3333333333333333,0.8333333333333334,0.3666666666666665,12.45,-0.6,12.45,-0.6,12.45,-0.6,12.36425974,-0.694916179,1.5,-0.35470622380574546,-0.13690476190476192,216080373.24972814,0.18366965120332307,-0.47457747853231885
671,1044,sanmatenga(kaya),sambtenga,burkina_faso,10/29/2009,15,5,-0.928271416,1.0,12.44093395543046,-0.577565912,-1.700703263,-1.715240598,1.3333333333333333,0.8333333333333334,0.3666666666666665,12.45,-0.6,12.45,-0.6,12.45,-0.6,12.36425974,-0.694916179,1.5,-0.35470622380574546,-0.13690476190476192,216080373.24972814,0.18366965120332307,-0.47457747853231885
672,1047,sanmatenga(kaya),sambtenga,burkina_faso,10/29/2009,17,1,-0.581136563,0.0,12.44093395543046,-0.577565912,-1.700703263,-1.715240598,1.3333333333333333,0.8333333333333334,0.3666666666666665,12.45,-0.6,12.45,-0.6,12.45,-0.6,12.36425974,-0.694916179,1.5,-0.35470622380574546,-0.13690476190476192,216080373.24972814,0.18366965120332307,-0.47457747853231885
673,1048,sanmatenga(kaya),sambtenga,burkina_faso,10/29/2009,9,2,-0.572226681,0.0,12.44093395543046,-0.577565912,-1.700703263,-1.715240598,1.3333333333333333,0.8333333333333334,0.3666666666666665,12.45,-0.6,12.45,-0.6,12.45,-0.6,12.36425974,-0.694916179,1.5,-0.35470622380574546,-0.13690476190476192,216080373.24972814,0.18366965120332307,-0.47457747853231885
674,1049,sanmatenga(kaya),sambtenga,burkina_faso,10/29/2009,10,2,0.6495534336129194,0.0,12.44093395543046,-0.577565912,-1.700703263,-1.715240598,1.3333333333333333,0.8333333333333334,0.3666666666666665,12.45,-0.6,12.45,-0.6,12.45,-0.6,12.36425974,-0.694916179,1.5,-0.35470622380574546,-0.13690476190476192,216080373.24972814,0.18366965120332307,-0.47457747853231885
675,1051,sanmatenga(kaya),sambtenga,burkina_faso,10/30/2009,16,1,-0.794739054,1.0,12.44093395543046,-0.577565912,-1.700703263,-1.715240598,1.3333333333333333,0.8333333333333334,0.3666666666666665,12.45,-0.6,12.45,-0.6,12.45,-0.6,12.36425974,-0.694916179,1.5,-0.35470622380574546,-0.13690476190476192,216080373.24972814,0.18366965120332307,-0.47457747853231885
676,1052,sanmatenga(kaya),sambtenga,burkina_faso,10/29/2009,8,1,-0.926837642,0.0,12.44093395543046,-0.577565912,-1.700703263,-1.715240598,1.3333333333333333,0.8333333333333334,0.3666666666666665,12.45,-0.6,12.45,-0.6,12.45,-0.6,12.36425974,-0.694916179,1.5,-0.35470622380574546,-0.13690476190476192,216080373.24972814,0.18366965120332307,-0.47457747853231885
677,1053,sanmatenga(kaya),sambtenga,burkina_faso,10/29/2009,14,3,-0.582211894,0.0,12.44093395543046,-0.577565912,-1.700703263,-1.715240598,1.3333333333333333,0.8333333333333334,0.3666666666666665,12.45,-0.6,12.45,-0.6,12.45,-0.6,12.36425974,-0.694916179,1.5,-0.35470622380574546,-0.13690476190476192,216080373.24972814,0.18366965120332307,-0.47457747853231885
678,1060,sanmatenga(kaya),sera,burkina_faso,11/4/2009,9,1,-1.085986566,0.0,12.95721,-1.07006,-1.725130841,-1.797392949,1.25,1.0,-0.333333333,12.95,-1.05,12.95,-1.05,12.95,-1.05,12.96401712,-1.073963321,1.1,-0.3642836809158325,-0.09426605504587154,274520707.94392323,0.18749894190939925,-0.0674640283027924
679,1063,sanmatenga(kaya),sera,burkina_faso,11/4/2009,14,1,-0.942609157,1.0,12.95721,-1.07006,-1.725130841,-1.797392949,1.25,1.0,-0.333333333,12.95,-1.05,12.95,-1.05,12.95,-1.05,12.96401712,-1.073963321,1.1,-0.3642836809158325,-0.09426605504587154,274520707.94392323,0.18749894190939925,-0.0674640283027924
680,1065,sanmatenga(kaya),sera,burkina_faso,11/4/2009,10,2,-0.928271416,1.0,12.95721,-1.07006,-1.725130841,-1.797392949,1.25,1.0,-0.333333333,12.95,-1.05,12.95,-1.05,12.95,-1.05,12.96401712,-1.073963321,1.1,-0.3642836809158325,-0.09426605504587154,274520707.94392323,0.18749894190939925,-0.0674640283027924
681,1066,sanmatenga(kaya),sera,burkina_faso,11/5/2009,7,1,-0.930063634,0.0,12.95721,-1.07006,-1.725130841,-1.797392949,1.25,1.0,-0.333333333,12.95,-1.05,12.95,-1.05,12.95,-1.05,12.96401712,-1.073963321,1.1,-0.3642836809158325,-0.09426605504587154,274520707.94392323,0.18749894190939925,-0.0674640283027924
682,1067,sanmatenga(kaya),sera,burkina_faso,11/4/2009,4,1,-0.978453509,1.0,12.95721,-1.07006,-1.725130841,-1.797392949,1.25,1.0,-0.333333333,12.95,-1.05,12.95,-1.05,12.95,-1.05,12.96401712,-1.073963321,1.1,-0.3642836809158325,-0.09426605504587154,274520707.94392323,0.18749894190939925,-0.0674640283027924
683,1068,sanmatenga(kaya),sera,burkina_faso,11/4/2009,5,2,-0.946193592,0.0,12.95721,-1.07006,-1.725130841,-1.797392949,1.25,1.0,-0.333333333,12.95,-1.05,12.95,-1.05,12.95,-1.05,12.96401712,-1.073963321,1.1,-0.3642836809158325,-0.09426605504587154,274520707.94392323,0.18749894190939925,-0.0674640283027924
684,1069,sanmatenga(kaya),sera,burkina_faso,11/4/2009,6,2,-0.673614992,0.0,12.95721,-1.07006,-1.725130841,-1.797392949,1.25,1.0,-0.333333333,12.95,-1.05,12.95,-1.05,12.95,-1.05,12.96401712,-1.073963321,1.1,-0.3642836809158325,-0.09426605504587154,274520707.94392323,0.18749894190939925,-0.0674640283027924
685,1070,sanmatenga(kaya),sera,burkina_faso,11/4/2009,6,1,-0.866427759,0.0,12.95721,-1.07006,-1.725130841,-1.797392949,1.25,1.0,-0.333333333,12.95,-1.05,12.95,-1.05,12.95,-1.05,12.96401712,-1.073963321,1.1,-0.3642836809158325,-0.09426605504587154,274520707.94392323,0.18749894190939925,-0.0674640283027924
686,1071,sanmatenga(kaya),sera,burkina_faso,11/4/2009,17,2,-0.944657406,1.0,12.95721,-1.07006,-1.725130841,-1.797392949,1.25,1.0,-0.333333333,12.95,-1.05,12.95,-1.05,12.95,-1.05,12.96401712,-1.073963321,1.1,-0.3642836809158325,-0.09426605504587154,274520707.94392323,0.18749894190939925,-0.0674640283027924
687,1072,sanmatenga(kaya),sera,burkina_faso,11/4/2009,9,2,-0.437926226,0.0,12.95721,-1.07006,-1.725130841,-1.797392949,1.25,1.0,-0.333333333,12.95,-1.05,12.95,-1.05,12.95,-1.05,12.96401712,-1.073963321,1.1,-0.3642836809158325,-0.09426605504587154,274520707.94392323,0.18749894190939925,-0.0674640283027924
688,1073,sanmatenga(kaya),sera,burkina_faso,11/4/2009,15,1,-0.598341852,0.0,12.95721,-1.07006,-1.725130841,-1.797392949,1.25,1.0,-0.333333333,12.95,-1.05,12.95,-1.05,12.95,-1.05,12.96401712,-1.073963321,1.1,-0.3642836809158325,-0.09426605504587154,274520707.94392323,0.18749894190939925,-0.0674640283027924
689,1074,sanmatenga(kaya),sera,burkina_faso,11/4/2009,14,1,-0.935440287,1.0,12.95721,-1.07006,-1.725130841,-1.797392949,1.25,1.0,-0.333333333,12.95,-1.05,12.95,-1.05,12.95,-1.05,12.96401712,-1.073963321,1.1,-0.3642836809158325,-0.09426605504587154,274520707.94392323,0.18749894190939925,-0.0674640283027924
690,1075,sanmatenga(kaya),sera,burkina_faso,11/5/2009,13,2,-0.948344254,1.0,12.95721,-1.07006,-1.725130841,-1.797392949,1.25,1.0,-0.333333333,12.95,-1.05,12.95,-1.05,12.95,-1.05,12.96401712,-1.073963321,1.1,-0.3642836809158325,-0.09426605504587154,274520707.94392323,0.18749894190939925,-0.0674640283027924
691,1076,sanmatenga(kaya),sera,burkina_faso,11/5/2009,11,1,-0.781148049,1.0,12.95721,-1.07006,-1.725130841,-1.797392949,1.25,1.0,-0.333333333,12.95,-1.05,12.95,-1.05,12.95,-1.05,12.96401712,-1.073963321,1.1,-0.3642836809158325,-0.09426605504587154,274520707.94392323,0.18749894190939925,-0.0674640283027924
692,1077,sanmatenga(kaya),sera,burkina_faso,11/5/2009,10,2,-0.964115769,1.0,12.95721,-1.07006,-1.725130841,-1.797392949,1.25,1.0,-0.333333333,12.95,-1.05,12.95,-1.05,12.95,-1.05,12.96401712,-1.073963321,1.1,-0.3642836809158325,-0.09426605504587154,274520707.94392323,0.18749894190939925,-0.0674640283027924
693,1078,sanmatenga(kaya),sera,burkina_faso,11/5/2009,9,2,-1.085986566,1.0,12.95721,-1.07006,-1.725130841,-1.797392949,1.25,1.0,-0.333333333,12.95,-1.05,12.95,-1.05,12.95,-1.05,12.96401712,-1.073963321,1.1,-0.3642836809158325,-0.09426605504587154,274520707.94392323,0.18749894190939925,-0.0674640283027924
694,1079,sanmatenga(kaya),sera,burkina_faso,11/5/2009,7,1,-0.787570184,0.0,12.95721,-1.07006,-1.725130841,-1.797392949,1.25,1.0,-0.333333333,12.95,-1.05,12.95,-1.05,12.95,-1.05,12.96401712,-1.073963321,1.1,-0.3642836809158325,-0.09426605504587154,274520707.94392323,0.18749894190939925,-0.0674640283027924
695,1090,sanmatenga(kaya),soma peulh,burkina_faso,11/1/2009,9,1,0.075988688,0.0,12.908479876971406,-1.077418868,-1.683242962,-1.750156894,1.25,1.1666666666666667,-0.30952381,12.9,-1.1,12.9,-1.1,12.9,-1.1,12.96401712,-1.073963321,1.2,-0.30828999479611713,-0.10462962962962959,251679614.15927184,0.1860961249466299,-0.20895111873311198
696,1091,sanmatenga(kaya),soma peulh,burkina_faso,11/2/2009,12,1,-0.581443801,1.0,12.908479876971406,-1.077418868,-1.683242962,-1.750156894,1.25,1.1666666666666667,-0.30952381,12.9,-1.1,12.9,-1.1,12.9,-1.1,12.96401712,-1.073963321,1.2,-0.30828999479611713,-0.10462962962962959,251679614.15927184,0.1860961249466299,-0.20895111873311198
697,1092,sanmatenga(kaya),soma peulh,burkina_faso,11/2/2009,15,1,-0.598341852,0.0,12.908479876971406,-1.077418868,-1.683242962,-1.750156894,1.25,1.1666666666666667,-0.30952381,12.9,-1.1,12.9,-1.1,12.9,-1.1,12.96401712,-1.073963321,1.2,-0.30828999479611713,-0.10462962962962959,251679614.15927184,0.1860961249466299,-0.20895111873311198
698,1093,sanmatenga(kaya),soma peulh,burkina_faso,11/1/2009,6,1,-0.924686981,0.0,12.908479876971406,-1.077418868,-1.683242962,-1.750156894,1.25,1.1666666666666667,-0.30952381,12.9,-1.1,12.9,-1.1,12.9,-1.1,12.96401712,-1.073963321,1.2,-0.30828999479611713,-0.10462962962962959,251679614.15927184,0.1860961249466299,-0.20895111873311198
699,1094,sanmatenga(kaya),soma peulh,burkina_faso,11/2/2009,7,1,-1.042973344,0.0,12.908479876971406,-1.077418868,-1.683242962,-1.750156894,1.25,1.1666666666666667,-0.30952381,12.9,-1.1,12.9,-1.1,12.9,-1.1,12.96401712,-1.073963321,1.2,-0.30828999479611713,-0.10462962962962959,251679614.15927184,0.1860961249466299,-0.20895111873311198
700,1095,sanmatenga(kaya),soma peulh,burkina_faso,11/1/2009,3,1,-0.609095158,1.0,12.908479876971406,-1.077418868,-1.683242962,-1.750156894,1.25,1.1666666666666667,-0.30952381,12.9,-1.1,12.9,-1.1,12.9,-1.1,12.96401712,-1.073963321,1.2,-0.30828999479611713,-0.10462962962962959,251679614.15927184,0.1860961249466299,-0.20895111873311198
701,1096,sanmatenga(kaya),soma peulh,burkina_faso,11/1/2009,10,1,-1.107493178,1.0,12.908479876971406,-1.077418868,-1.683242962,-1.750156894,1.25,1.1666666666666667,-0.30952381,12.9,-1.1,12.9,-1.1,12.9,-1.1,12.96401712,-1.073963321,1.2,-0.30828999479611713,-0.10462962962962959,251679614.15927184,0.1860961249466299,-0.20895111873311198
702,1097,sanmatenga(kaya),soma peulh,burkina_faso,11/2/2009,9,1,-0.989206815,0.0,12.908479876971406,-1.077418868,-1.683242962,-1.750156894,1.25,1.1666666666666667,-0.30952381,12.9,-1.1,12.9,-1.1,12.9,-1.1,12.96401712,-1.073963321,1.2,-0.30828999479611713,-0.10462962962962959,251679614.15927184,0.1860961249466299,-0.20895111873311198
703,1098,sanmatenga(kaya),soma peulh,burkina_faso,11/1/2009,25,2,0.075499902,0.0,12.908479876971406,-1.077418868,-1.683242962,-1.750156894,1.25,1.1666666666666667,-0.30952381,12.9,-1.1,12.9,-1.1,12.9,-1.1,12.96401712,-1.073963321,1.2,-0.30828999479611713,-0.10462962962962959,251679614.15927184,0.1860961249466299,-0.20895111873311198
704,1099,sanmatenga(kaya),soma peulh,burkina_faso,11/2/2009,20,2,-0.587588547,0.0,12.908479876971406,-1.077418868,-1.683242962,-1.750156894,1.25,1.1666666666666667,-0.30952381,12.9,-1.1,12.9,-1.1,12.9,-1.1,12.96401712,-1.073963321,1.2,-0.30828999479611713,-0.10462962962962959,251679614.15927184,0.1860961249466299,-0.20895111873311198
705,1100,sanmatenga(kaya),soma peulh,burkina_faso,11/2/2009,11,2,-0.939741609,1.0,12.908479876971406,-1.077418868,-1.683242962,-1.750156894,1.25,1.1666666666666667,-0.30952381,12.9,-1.1,12.9,-1.1,12.9,-1.1,12.96401712,-1.073963321,1.2,-0.30828999479611713,-0.10462962962962959,251679614.15927184,0.1860961249466299,-0.20895111873311198
706,1101,sanmatenga(kaya),soma peulh,burkina_faso,11/2/2009,10,1,-0.598341852,0.0,12.908479876971406,-1.077418868,-1.683242962,-1.750156894,1.25,1.1666666666666667,-0.30952381,12.9,-1.1,12.9,-1.1,12.9,-1.1,12.96401712,-1.073963321,1.2,-0.30828999479611713,-0.10462962962962959,251679614.15927184,0.1860961249466299,-0.20895111873311198
707,1102,sanmatenga(kaya),soma peulh,burkina_faso,11/2/2009,10,2,-0.928271416,1.0,12.908479876971406,-1.077418868,-1.683242962,-1.750156894,1.25,1.1666666666666667,-0.30952381,12.9,-1.1,12.9,-1.1,12.9,-1.1,12.96401712,-1.073963321,1.2,-0.30828999479611713,-0.10462962962962959,251679614.15927184,0.1860961249466299,-0.20895111873311198
708,1103,sanmatenga(kaya),soma peulh,burkina_faso,11/2/2009,10,2,-0.580419676,1.0,12.908479876971406,-1.077418868,-1.683242962,-1.750156894,1.25,1.1666666666666667,-0.30952381,12.9,-1.1,12.9,-1.1,12.9,-1.1,12.96401712,-1.073963321,1.2,-0.30828999479611713,-0.10462962962962959,251679614.15927184,0.1860961249466299,-0.20895111873311198
709,1104,sanmatenga(kaya),soma peulh,burkina_faso,11/1/2009,10,1,-1.107493178,0.0,12.908479876971406,-1.077418868,-1.683242962,-1.750156894,1.25,1.1666666666666667,-0.30952381,12.9,-1.1,12.9,-1.1,12.9,-1.1,12.96401712,-1.073963321,1.2,-0.30828999479611713,-0.10462962962962959,251679614.15927184,0.1860961249466299,-0.20895111873311198
710,1105,sanmatenga(kaya),soma peulh,burkina_faso,11/1/2009,19,4,-0.95320094,0.0,12.908479876971406,-1.077418868,-1.683242962,-1.750156894,1.25,1.1666666666666667,-0.30952381,12.9,-1.1,12.9,-1.1,12.9,-1.1,12.96401712,-1.073963321,1.2,-0.30828999479611713,-0.10462962962962959,251679614.15927184,0.1860961249466299,-0.20895111873311198
711,1106,sanmatenga(kaya),soma peulh,burkina_faso,11/1/2009,17,1,-0.944657406,0.0,12.908479876971406,-1.077418868,-1.683242962,-1.750156894,1.25,1.1666666666666667,-0.30952381,12.9,-1.1,12.9,-1.1,12.9,-1.1,12.96401712,-1.073963321,1.2,-0.30828999479611713,-0.10462962962962959,251679614.15927184,0.1860961249466299,-0.20895111873311198
712,1107,sanmatenga(kaya),soma peulh,burkina_faso,11/1/2009,27,2,-0.641355075,0.0,12.908479876971406,-1.077418868,-1.683242962,-1.750156894,1.25,1.1666666666666667,-0.30952381,12.9,-1.1,12.9,-1.1,12.9,-1.1,12.96401712,-1.073963321,1.2,-0.30828999479611713,-0.10462962962962959,251679614.15927184,0.1860961249466299,-0.20895111873311198
713,1108,sanmatenga(kaya),tanseyga,burkina_faso,10/21/2009,4,1,2.209731313568528,0.0,13.096810194780764,-1.086335777,-1.677620932,-1.73793523,1.25,0.8333333333333334,-0.433333333,13.1,-1.1,13.1,-1.1,13.1,-1.1,13.09217767,-1.083499768,1.2,-0.2708827555179596,-0.012037037037037044,150590786.98507282,0.17665672660429435,-0.1003798693472498
714,1109,sanmatenga(kaya),tanseyga,burkina_faso,10/31/2009,10,1,2.2169001840307883,0.0,13.096810194780764,-1.086335777,-1.677620932,-1.73793523,1.25,0.8333333333333334,-0.433333333,13.1,-1.1,13.1,-1.1,13.1,-1.1,13.09217767,-1.083499768,1.2,-0.2708827555179596,-0.012037037037037044,150590786.98507282,0.17665672660429435,-0.1003798693472498
715,1110,sanmatenga(kaya),tanseyga,burkina_faso,10/31/2009,15,2,-0.435621946,0.0,13.096810194780764,-1.086335777,-1.677620932,-1.73793523,1.25,0.8333333333333334,-0.433333333,13.1,-1.1,13.1,-1.1,13.1,-1.1,13.09217767,-1.083499768,1.2,-0.2708827555179596,-0.012037037037037044,150590786.98507282,0.17665672660429435,-0.1003798693472498
716,1111,sanmatenga(kaya),tanseyga,burkina_faso,10/31/2009,9,3,-0.785777966,1.0,13.096810194780764,-1.086335777,-1.677620932,-1.73793523,1.25,0.8333333333333334,-0.433333333,13.1,-1.1,13.1,-1.1,13.1,-1.1,13.09217767,-1.083499768,1.2,-0.2708827555179596,-0.012037037037037044,150590786.98507282,0.17665672660429435,-0.1003798693472498
717,1112,sanmatenga(kaya),tanseyga,burkina_faso,10/31/2009,10,1,-0.780401313,1.0,13.096810194780764,-1.086335777,-1.677620932,-1.73793523,1.25,0.8333333333333334,-0.433333333,13.1,-1.1,13.1,-1.1,13.1,-1.1,13.09217767,-1.083499768,1.2,-0.2708827555179596,-0.012037037037037044,150590786.98507282,0.17665672660429435,-0.1003798693472498
718,1115,sanmatenga(kaya),tanseyga,burkina_faso,10/31/2009,9,1,-0.931138964,0.0,13.096810194780764,-1.086335777,-1.677620932,-1.73793523,1.25,0.8333333333333334,-0.433333333,13.1,-1.1,13.1,-1.1,13.1,-1.1,13.09217767,-1.083499768,1.2,-0.2708827555179596,-0.012037037037037044,150590786.98507282,0.17665672660429435,-0.1003798693472498
719,1116,sanmatenga(kaya),tanseyga,burkina_faso,10/31/2009,13,1,-0.939024722,0.0,13.096810194780764,-1.086335777,-1.677620932,-1.73793523,1.25,0.8333333333333334,-0.433333333,13.1,-1.1,13.1,-1.1,13.1,-1.1,13.09217767,-1.083499768,1.2,-0.2708827555179596,-0.012037037037037044,150590786.98507282,0.17665672660429435,-0.1003798693472498
720,1117,sanmatenga(kaya),tanseyga,burkina_faso,10/31/2009,6,2,-0.780401313,1.0,13.096810194780764,-1.086335777,-1.677620932,-1.73793523,1.25,0.8333333333333334,-0.433333333,13.1,-1.1,13.1,-1.1,13.1,-1.1,13.09217767,-1.083499768,1.2,-0.2708827555179596,-0.012037037037037044,150590786.98507282,0.17665672660429435,-0.1003798693472498
721,1119,sanmatenga(kaya),tanseyga,burkina_faso,10/31/2009,7,2,-0.942609157,0.0,13.096810194780764,-1.086335777,-1.677620932,-1.73793523,1.25,0.8333333333333334,-0.433333333,13.1,-1.1,13.1,-1.1,13.1,-1.1,13.09217767,-1.083499768,1.2,-0.2708827555179596,-0.012037037037037044,150590786.98507282,0.17665672660429435,-0.1003798693472498
722,1120,sanmatenga(kaya),tanseyga,burkina_faso,10/31/2009,14,1,-0.935440287,1.0,13.096810194780764,-1.086335777,-1.677620932,-1.73793523,1.25,0.8333333333333334,-0.433333333,13.1,-1.1,13.1,-1.1,13.1,-1.1,13.09217767,-1.083499768,1.2,-0.2708827555179596,-0.012037037037037044,150590786.98507282,0.17665672660429435,-0.1003798693472498
723,1121,sanmatenga(kaya),tanseyga,burkina_faso,10/31/2009,11,1,-0.448679532,1.0,13.096810194780764,-1.086335777,-1.677620932,-1.73793523,1.25,0.8333333333333334,-0.433333333,13.1,-1.1,13.1,-1.1,13.1,-1.1,13.09217767,-1.083499768,1.2,-0.2708827555179596,-0.012037037037037044,150590786.98507282,0.17665672660429435,-0.1003798693472498
724,1122,sanmatenga(kaya),tanseyga,burkina_faso,10/31/2009,8,3,-0.926837642,1.0,13.096810194780764,-1.086335777,-1.677620932,-1.73793523,1.25,0.8333333333333334,-0.433333333,13.1,-1.1,13.1,-1.1,13.1,-1.1,13.09217767,-1.083499768,1.2,-0.2708827555179596,-0.012037037037037044,150590786.98507282,0.17665672660429435,-0.1003798693472498
725,1123,sanmatenga(kaya),tanseyga,burkina_faso,10/30/2009,11,1,-0.926223168,0.0,13.096810194780764,-1.086335777,-1.677620932,-1.73793523,1.25,0.8333333333333334,-0.433333333,13.1,-1.1,13.1,-1.1,13.1,-1.1,13.09217767,-1.083499768,1.2,-0.2708827555179596,-0.012037037037037044,150590786.98507282,0.17665672660429435,-0.1003798693472498
726,1125,sanmatenga(kaya),tanseyga,burkina_faso,10/30/2009,6,1,-0.758894702,1.0,13.096810194780764,-1.086335777,-1.677620932,-1.73793523,1.25,0.8333333333333334,-0.433333333,13.1,-1.1,13.1,-1.1,13.1,-1.1,13.09217767,-1.083499768,1.2,-0.2708827555179596,-0.012037037037037044,150590786.98507282,0.17665672660429435,-0.1003798693472498
727,1126,sanmatenga(kaya),tanseyga,burkina_faso,10/31/2009,5,1,1.5503703115667324,0.0,13.096810194780764,-1.086335777,-1.677620932,-1.73793523,1.25,0.8333333333333334,-0.433333333,13.1,-1.1,13.1,-1.1,13.1,-1.1,13.09217767,-1.083499768,1.2,-0.2708827555179596,-0.012037037037037044,150590786.98507282,0.17665672660429435,-0.1003798693472498
728,1128,sanmatenga(kaya),tanseyga,burkina_faso,10/31/2009,11,1,-0.796531272,0.0,13.096810194780764,-1.086335777,-1.677620932,-1.73793523,1.25,0.8333333333333334,-0.433333333,13.1,-1.1,13.1,-1.1,13.1,-1.1,13.09217767,-1.083499768,1.2,-0.2708827555179596,-0.012037037037037044,150590786.98507282,0.17665672660429435,-0.1003798693472498
729,1129,sanmatenga(kaya),tanseyga,burkina_faso,10/31/2009,11,2,-0.591889869,0.0,13.096810194780764,-1.086335777,-1.677620932,-1.73793523,1.25,0.8333333333333334,-0.433333333,13.1,-1.1,13.1,-1.1,13.1,-1.1,13.09217767,-1.083499768,1.2,-0.2708827555179596,-0.012037037037037044,150590786.98507282,0.17665672660429435,-0.1003798693472498
730,1134,sanmatenga(kaya),tanseyga,burkina_faso,10/31/2009,7,1,2.202562443106268,1.0,13.096810194780764,-1.086335777,-1.677620932,-1.73793523,1.25,0.8333333333333334,-0.433333333,13.1,-1.1,13.1,-1.1,13.1,-1.1,13.09217767,-1.083499768,1.2,-0.2708827555179596,-0.012037037037037044,150590786.98507282,0.17665672660429435,-0.1003798693472498
731,1135,sanmatenga(kaya),yalgo,burkina_faso,11/3/2009,14,3,-0.57468458,1.0,13.588768431548557,-0.263956546,-1.633850694,-1.848860502,3.0,0.1666666666666666,-0.166666667,13.6,-0.25,13.6,-0.25,13.6,-0.25,13.50282815,-0.148847385,0.9,-0.2826274898317125,-0.06509009009009009,224343599.79899198,0.15889562922863415,0.6594134187912196
732,1136,sanmatenga(kaya),yalgo,burkina_faso,11/4/2009,10,2,-0.923150794,1.0,13.588768431548557,-0.263956546,-1.633850694,-1.848860502,3.0,0.1666666666666666,-0.166666667,13.6,-0.25,13.6,-0.25,13.6,-0.25,13.50282815,-0.148847385,0.9,-0.2826274898317125,-0.06509009009009009,224343599.79899198,0.15889562922863415,0.6594134187912196
733,1137,sanmatenga(kaya),yalgo,burkina_faso,11/3/2009,10,1,-0.228918791,1.0,13.588768431548557,-0.263956546,-1.633850694,-1.848860502,3.0,0.1666666666666666,-0.166666667,13.6,-0.25,13.6,-0.25,13.6,-0.25,13.50282815,-0.148847385,0.9,-0.2826274898317125,-0.06509009009009009,224343599.79899198,0.15889562922863415,0.6594134187912196
734,1138,sanmatenga(kaya),yalgo,burkina_faso,11/3/2009,11,1,-0.931855851,0.0,13.588768431548557,-0.263956546,-1.633850694,-1.848860502,3.0,0.1666666666666666,-0.166666667,13.6,-0.25,13.6,-0.25,13.6,-0.25,13.50282815,-0.148847385,0.9,-0.2826274898317125,-0.06509009009009009,224343599.79899198,0.15889562922863415,0.6594134187912196
735,1139,sanmatenga(kaya),yalgo,burkina_faso,11/3/2009,12,1,-0.944042931,1.0,13.588768431548557,-0.263956546,-1.633850694,-1.848860502,3.0,0.1666666666666666,-0.166666667,13.6,-0.25,13.6,-0.25,13.6,-0.25,13.50282815,-0.148847385,0.9,-0.2826274898317125,-0.06509009009009009,224343599.79899198,0.15889562922863415,0.6594134187912196
736,1140,sanmatenga(kaya),yalgo,burkina_faso,11/3/2009,31,2,-0.59586032,1.0,13.588768431548557,-0.263956546,-1.633850694,-1.848860502,3.0,0.1666666666666666,-0.166666667,13.6,-0.25,13.6,-0.25,13.6,-0.25,13.50282815,-0.148847385,0.9,-0.2826274898317125,-0.06509009009009009,224343599.79899198,0.15889562922863415,0.6594134187912196
737,1141,sanmatenga(kaya),yalgo,burkina_faso,11/4/2009,5,1,-0.928271416,0.0,13.588768431548557,-0.263956546,-1.633850694,-1.848860502,3.0,0.1666666666666666,-0.166666667,13.6,-0.25,13.6,-0.25,13.6,-0.25,13.50282815,-0.148847385,0.9,-0.2826274898317125,-0.06509009009009009,224343599.79899198,0.15889562922863415,0.6594134187912196
738,1142,sanmatenga(kaya),yalgo,burkina_faso,11/3/2009,10,1,-0.935440287,1.0,13.588768431548557,-0.263956546,-1.633850694,-1.848860502,3.0,0.1666666666666666,-0.166666667,13.6,-0.25,13.6,-0.25,13.6,-0.25,13.50282815,-0.148847385,0.9,-0.2826274898317125,-0.06509009009009009,224343599.79899198,0.15889562922863415,0.6594134187912196
739,1143,sanmatenga(kaya),yalgo,burkina_faso,11/4/2009,13,1,-0.569992228,1.0,13.588768431548557,-0.263956546,-1.633850694,-1.848860502,3.0,0.1666666666666666,-0.166666667,13.6,-0.25,13.6,-0.25,13.6,-0.25,13.50282815,-0.148847385,0.9,-0.2826274898317125,-0.06509009009009009,224343599.79899198,0.15889562922863415,0.6594134187912196
740,1144,sanmatenga(kaya),yalgo,burkina_faso,11/4/2009,10,7,-0.946193592,1.0,13.588768431548557,-0.263956546,-1.633850694,-1.848860502,3.0,0.1666666666666666,-0.166666667,13.6,-0.25,13.6,-0.25,13.6,-0.25,13.50282815,-0.148847385,0.9,-0.2826274898317125,-0.06509009009009009,224343599.79899198,0.15889562922863415,0.6594134187912196
741,1145,sanmatenga(kaya),yalgo,burkina_faso,11/4/2009,13,1,-0.575640429,1.0,13.588768431548557,-0.263956546,-1.633850694,-1.848860502,3.0,0.1666666666666666,-0.166666667,13.6,-0.25,13.6,-0.25,13.6,-0.25,13.50282815,-0.148847385,0.9,-0.2826274898317125,-0.06509009009009009,224343599.79899198,0.15889562922863415,0.6594134187912196
742,1146,sanmatenga(kaya),yalgo,burkina_faso,11/3/2009,20,1,-0.606022785,1.0,13.588768431548557,-0.263956546,-1.633850694,-1.848860502,3.0,0.1666666666666666,-0.166666667,13.6,-0.25,13.6,-0.25,13.6,-0.25,13.50282815,-0.148847385,0.9,-0.2826274898317125,-0.06509009009009009,224343599.79899198,0.15889562922863415,0.6594134187912196
743,1147,sanmatenga(kaya),yalgo,burkina_faso,11/3/2009,11,2,0.1610500626752317,1.0,13.588768431548557,-0.263956546,-1.633850694,-1.848860502,3.0,0.1666666666666666,-0.166666667,13.6,-0.25,13.6,-0.25,13.6,-0.25,13.50282815,-0.148847385,0.9,-0.2826274898317125,-0.06509009009009009,224343599.79899198,0.15889562922863415,0.6594134187912196
744,1148,sanmatenga(kaya),yalgo,burkina_faso,11/4/2009,6,1,-0.910861302,1.0,13.588768431548557,-0.263956546,-1.633850694,-1.848860502,3.0,0.1666666666666666,-0.166666667,13.6,-0.25,13.6,-0.25,13.6,-0.25,13.50282815,-0.148847385,0.9,-0.2826274898317125,-0.06509009009009009,224343599.79899198,0.15889562922863415,0.6594134187912196
745,1149,sanmatenga(kaya),yalgo,burkina_faso,11/4/2009,14,2,-0.925881793,1.0,13.588768431548557,-0.263956546,-1.633850694,-1.848860502,3.0,0.1666666666666666,-0.166666667,13.6,-0.25,13.6,-0.25,13.6,-0.25,13.50282815,-0.148847385,0.9,-0.2826274898317125,-0.06509009009009009,224343599.79899198,0.15889562922863415,0.6594134187912196
746,1150,sanmatenga(kaya),yalgo,burkina_faso,11/4/2009,8,1,-0.921102546,1.0,13.588768431548557,-0.263956546,-1.633850694,-1.848860502,3.0,0.1666666666666666,-0.166666667,13.6,-0.25,13.6,-0.25,13.6,-0.25,13.50282815,-0.148847385,0.9,-0.2826274898317125,-0.06509009009009009,224343599.79899198,0.15889562922863415,0.6594134187912196
747,1151,sanmatenga(kaya),yalgo,burkina_faso,11/4/2009,25,2,-0.922297358,1.0,13.588768431548557,-0.263956546,-1.633850694,-1.848860502,3.0,0.1666666666666666,-0.166666667,13.6,-0.25,13.6,-0.25,13.6,-0.25,13.50282815,-0.148847385,0.9,-0.2826274898317125,-0.06509009009009009,224343599.79899198,0.15889562922863415,0.6594134187912196
748,1152,sanmatenga(kaya),yalgo,burkina_faso,11/3/2009,9,1,-0.924686981,1.0,13.588768431548557,-0.263956546,-1.633850694,-1.848860502,3.0,0.1666666666666666,-0.166666667,13.6,-0.25,13.6,-0.25,13.6,-0.25,13.50282815,-0.148847385,0.9,-0.2826274898317125,-0.06509009009009009,224343599.79899198,0.15889562922863415,0.6594134187912196
749,1162,sanmatenga(kaya),zoamba,burkina_faso,11/2/2009,7,1,-0.942609157,1.0,12.76667,-0.83333,-1.636837423,-1.653866142,1.25,1.0,-0.333333333,12.75,-0.85,12.75,-0.85,12.75,-0.85,12.76161893,-0.694916179,1.2,-0.27246127525965375,-0.1046296296296296,253613625.92333975,0.1984635175065979,-0.07448960113556484
750,1163,sanmatenga(kaya),zoamba,burkina_faso,11/1/2009,12,2,-0.924686981,1.0,12.76667,-0.83333,-1.636837423,-1.653866142,1.25,1.0,-0.333333333,12.75,-0.85,12.75,-0.85,12.75,-0.85,12.76161893,-0.694916179,1.2,-0.27246127525965375,-0.1046296296296296,253613625.92333975,0.1984635175065979,-0.07448960113556484
751,1164,sanmatenga(kaya),zoamba,burkina_faso,11/1/2009,6,1,-0.956946898,1.0,12.76667,-0.83333,-1.636837423,-1.653866142,1.25,1.0,-0.333333333,12.75,-0.85,12.75,-0.85,12.75,-0.85,12.76161893,-0.694916179,1.2,-0.27246127525965375,-0.1046296296296296,253613625.92333975,0.1984635175065979,-0.07448960113556484
752,1169,sanmatenga(kaya),zoamba,burkina_faso,11/1/2009,12,2,-0.426404827,1.0,12.76667,-0.83333,-1.636837423,-1.653866142,1.25,1.0,-0.333333333,12.75,-0.85,12.75,-0.85,12.75,-0.85,12.76161893,-0.694916179,1.2,-0.27246127525965375,-0.1046296296296296,253613625.92333975,0.1984635175065979,-0.07448960113556484
753,1170,sanmatenga(kaya),zoamba,burkina_faso,11/1/2009,16,1,-0.5828093,1.0,12.76667,-0.83333,-1.636837423,-1.653866142,1.25,1.0,-0.333333333,12.75,-0.85,12.75,-0.85,12.75,-0.85,12.76161893,-0.694916179,1.2,-0.27246127525965375,-0.1046296296296296,253613625.92333975,0.1984635175065979,-0.07448960113556484
754,1171,sanmatenga(kaya),zoamba,burkina_faso,11/1/2009,12,1,-0.929295541,0.0,12.76667,-0.83333,-1.636837423,-1.653866142,1.25,1.0,-0.333333333,12.75,-0.85,12.75,-0.85,12.75,-0.85,12.76161893,-0.694916179,1.2,-0.27246127525965375,-0.1046296296296296,253613625.92333975,0.1984635175065979,-0.07448960113556484
755,1172,sanmatenga(kaya),zoamba,burkina_faso,11/1/2009,8,1,-0.921102546,1.0,12.76667,-0.83333,-1.636837423,-1.653866142,1.25,1.0,-0.333333333,12.75,-0.85,12.75,-0.85,12.75,-0.85,12.76161893,-0.694916179,1.2,-0.27246127525965375,-0.1046296296296296,253613625.92333975,0.1984635175065979,-0.07448960113556484
756,1173,sanmatenga(kaya),zoamba,burkina_faso,11/1/2009,9,1,-0.956946898,1.0,12.76667,-0.83333,-1.636837423,-1.653866142,1.25,1.0,-0.333333333,12.75,-0.85,12.75,-0.85,12.75,-0.85,12.76161893,-0.694916179,1.2,-0.27246127525965375,-0.1046296296296296,253613625.92333975,0.1984635175065979,-0.07448960113556484
757,1174,sanmatenga(kaya),zoamba,burkina_faso,11/1/2009,10,2,-0.919310328,0.0,12.76667,-0.83333,-1.636837423,-1.653866142,1.25,1.0,-0.333333333,12.75,-0.85,12.75,-0.85,12.75,-0.85,12.76161893,-0.694916179,1.2,-0.27246127525965375,-0.1046296296296296,253613625.92333975,0.1984635175065979,-0.07448960113556484
758,1175,sanmatenga(kaya),zoamba,burkina_faso,11/2/2009,10,1,-0.946193592,0.0,12.76667,-0.83333,-1.636837423,-1.653866142,1.25,1.0,-0.333333333,12.75,-0.85,12.75,-0.85,12.75,-0.85,12.76161893,-0.694916179,1.2,-0.27246127525965375,-0.1046296296296296,253613625.92333975,0.1984635175065979,-0.07448960113556484
759,1177,sanmatenga(kaya),zoamba,burkina_faso,11/1/2009,14,3,-0.925881793,0.0,12.76667,-0.83333,-1.636837423,-1.653866142,1.25,1.0,-0.333333333,12.75,-0.85,12.75,-0.85,12.75,-0.85,12.76161893,-0.694916179,1.2,-0.27246127525965375,-0.1046296296296296,253613625.92333975,0.1984635175065979,-0.07448960113556484
760,1178,sanmatenga(kaya),zoamba,burkina_faso,11/1/2009,8,1,1.7345968289315556,1.0,12.76667,-0.83333,-1.636837423,-1.653866142,1.25,1.0,-0.333333333,12.75,-0.85,12.75,-0.85,12.75,-0.85,12.76161893,-0.694916179,1.2,-0.27246127525965375,-0.1046296296296296,253613625.92333975,0.1984635175065979,-0.07448960113556484
761,1179,sanmatenga(kaya),zoamba,burkina_faso,11/1/2009,10,1,-0.919310328,0.0,12.76667,-0.83333,-1.636837423,-1.653866142,1.25,1.0,-0.333333333,12.75,-0.85,12.75,-0.85,12.75,-0.85,12.76161893,-0.694916179,1.2,-0.27246127525965375,-0.1046296296296296,253613625.92333975,0.1984635175065979,-0.07448960113556484
762,1180,sanmatenga(kaya),zoamba,burkina_faso,11/1/2009,12,2,1.5672683633706312,1.0,12.76667,-0.83333,-1.636837423,-1.653866142,1.25,1.0,-0.333333333,12.75,-0.85,12.75,-0.85,12.75,-0.85,12.76161893,-0.694916179,1.2,-0.27246127525965375,-0.1046296296296296,253613625.92333975,0.1984635175065979,-0.07448960113556484
763,1181,sanmatenga(kaya),zoamba,burkina_faso,11/1/2009,10,1,-0.946193592,1.0,12.76667,-0.83333,-1.636837423,-1.653866142,1.25,1.0,-0.333333333,12.75,-0.85,12.75,-0.85,12.75,-0.85,12.76161893,-0.694916179,1.2,-0.27246127525965375,-0.1046296296296296,253613625.92333975,0.1984635175065979,-0.07448960113556484
764,1182,sanmatenga(kaya),zoamba,burkina_faso,11/1/2009,15,1,-0.203315683,0.0,12.76667,-0.83333,-1.636837423,-1.653866142,1.25,1.0,-0.333333333,12.75,-0.85,12.75,-0.85,12.75,-0.85,12.76161893,-0.694916179,1.2,-0.27246127525965375,-0.1046296296296296,253613625.92333975,0.1984635175065979,-0.07448960113556484
765,1183,sanmatenga(kaya),zoamba,burkina_faso,11/1/2009,7,1,-0.419645607,1.0,12.76667,-0.83333,-1.636837423,-1.653866142,1.25,1.0,-0.333333333,12.75,-0.85,12.75,-0.85,12.75,-0.85,12.76161893,-0.694916179,1.2,-0.27246127525965375,-0.1046296296296296,253613625.92333975,0.1984635175065979,-0.07448960113556484
766,1184,sanmatenga(kaya),zoamba,burkina_faso,11/1/2009,9,2,-0.94081694,0.0,12.76667,-0.83333,-1.636837423,-1.653866142,1.25,1.0,-0.333333333,12.75,-0.85,12.75,-0.85,12.75,-0.85,12.76161893,-0.694916179,1.2,-0.27246127525965375,-0.1046296296296296,253613625.92333975,0.1984635175065979,-0.07448960113556484
767,1189,boulkiemdÃ©(koudougou),kokolo,burkina_faso,10/31/2009,13,14,0.5966951635472834,1.0,11.496635114800164,-4.722468305,-1.765131921,-2.098839939,3.5,0.8333333333333334,-0.433333333,11.5,-4.7,11.5,-4.7,11.5,-4.7,11.49964591,-4.781204746,1.6,-0.38211600482463837,0.13076923076923078,125932774.79035828,0.2499236653179519,-0.20270458656054838
768,1190,boulkiemdÃ©(koudougou),kokolo,burkina_faso,10/31/2009,17,1,-0.938128613,0.0,11.496635114800164,-4.722468305,-1.765131921,-2.098839939,3.5,0.8333333333333334,-0.433333333,11.5,-4.7,11.5,-4.7,11.5,-4.7,11.49964591,-4.781204746,1.6,-0.38211600482463837,0.13076923076923078,125932774.79035828,0.2499236653179519,-0.20270458656054838
769,1191,boulkiemdÃ©(koudougou),kokolo,burkina_faso,10/31/2009,9,3,-0.769648008,1.0,11.496635114800164,-4.722468305,-1.765131921,-2.098839939,3.5,0.8333333333333334,-0.433333333,11.5,-4.7,11.5,-4.7,11.5,-4.7,11.49964591,-4.781204746,1.6,-0.38211600482463837,0.13076923076923078,125932774.79035828,0.2499236653179519,-0.20270458656054838
770,1192,boulkiemdÃ©(koudougou),kokolo,burkina_faso,10/31/2009,7,1,-0.787570184,1.0,11.496635114800164,-4.722468305,-1.765131921,-2.098839939,3.5,0.8333333333333334,-0.433333333,11.5,-4.7,11.5,-4.7,11.5,-4.7,11.49964591,-4.781204746,1.6,-0.38211600482463837,0.13076923076923078,125932774.79035828,0.2499236653179519,-0.20270458656054838
771,1193,boulkiemdÃ©(koudougou),kokolo,burkina_faso,10/31/2009,4,1,-0.418211832,1.0,11.496635114800164,-4.722468305,-1.765131921,-2.098839939,3.5,0.8333333333333334,-0.433333333,11.5,-4.7,11.5,-4.7,11.5,-4.7,11.49964591,-4.781204746,1.6,-0.38211600482463837,0.13076923076923078,125932774.79035828,0.2499236653179519,-0.20270458656054838
772,1194,boulkiemdÃ©(koudougou),kokolo,burkina_faso,10/31/2009,10,4,-0.952454204,1.0,11.496635114800164,-4.722468305,-1.765131921,-2.098839939,3.5,0.8333333333333334,-0.433333333,11.5,-4.7,11.5,-4.7,11.5,-4.7,11.49964591,-4.781204746,1.6,-0.38211600482463837,0.13076923076923078,125932774.79035828,0.2499236653179519,-0.20270458656054838
773,1195,boulkiemdÃ©(koudougou),kokolo,burkina_faso,10/31/2009,9,10,-0.956946898,0.0,11.496635114800164,-4.722468305,-1.765131921,-2.098839939,3.5,0.8333333333333334,-0.433333333,11.5,-4.7,11.5,-4.7,11.5,-4.7,11.49964591,-4.781204746,1.6,-0.38211600482463837,0.13076923076923078,125932774.79035828,0.2499236653179519,-0.20270458656054838
774,1196,boulkiemdÃ©(koudougou),kokolo,burkina_faso,10/31/2009,5,1,-0.919310328,0.0,11.496635114800164,-4.722468305,-1.765131921,-2.098839939,3.5,0.8333333333333334,-0.433333333,11.5,-4.7,11.5,-4.7,11.5,-4.7,11.49964591,-4.781204746,1.6,-0.38211600482463837,0.13076923076923078,125932774.79035828,0.2499236653179519,-0.20270458656054838
775,1197,boulkiemdÃ©(koudougou),kokolo,burkina_faso,10/31/2009,7,1,-0.787570184,0.0,11.496635114800164,-4.722468305,-1.765131921,-2.098839939,3.5,0.8333333333333334,-0.433333333,11.5,-4.7,11.5,-4.7,11.5,-4.7,11.49964591,-4.781204746,1.6,-0.38211600482463837,0.13076923076923078,125932774.79035828,0.2499236653179519,-0.20270458656054838
776,1198,boulkiemdÃ©(koudougou),kokolo,burkina_faso,10/31/2009,4,1,-0.780401313,0.0,11.496635114800164,-4.722468305,-1.765131921,-2.098839939,3.5,0.8333333333333334,-0.433333333,11.5,-4.7,11.5,-4.7,11.5,-4.7,11.49964591,-4.781204746,1.6,-0.38211600482463837,0.13076923076923078,125932774.79035828,0.2499236653179519,-0.20270458656054838
777,1199,boulkiemdÃ©(koudougou),kokolo,burkina_faso,10/31/2009,9,1,-0.776099991,1.0,11.496635114800164,-4.722468305,-1.765131921,-2.098839939,3.5,0.8333333333333334,-0.433333333,11.5,-4.7,11.5,-4.7,11.5,-4.7,11.49964591,-4.781204746,1.6,-0.38211600482463837,0.13076923076923078,125932774.79035828,0.2499236653179519,-0.20270458656054838
778,1200,boulkiemdÃ©(koudougou),kokolo,burkina_faso,10/31/2009,11,1,-0.626109076,1.0,11.496635114800164,-4.722468305,-1.765131921,-2.098839939,3.5,0.8333333333333334,-0.433333333,11.5,-4.7,11.5,-4.7,11.5,-4.7,11.49964591,-4.781204746,1.6,-0.38211600482463837,0.13076923076923078,125932774.79035828,0.2499236653179519,-0.20270458656054838
779,1201,boulkiemdÃ©(koudougou),kokolo,burkina_faso,10/31/2009,6,1,1.6301361450529084,1.0,11.496635114800164,-4.722468305,-1.765131921,-2.098839939,3.5,0.8333333333333334,-0.433333333,11.5,-4.7,11.5,-4.7,11.5,-4.7,11.49964591,-4.781204746,1.6,-0.38211600482463837,0.13076923076923078,125932774.79035828,0.2499236653179519,-0.20270458656054838
780,1202,boulkiemdÃ©(koudougou),kokolo,burkina_faso,10/31/2009,4,1,-0.766063572,1.0,11.496635114800164,-4.722468305,-1.765131921,-2.098839939,3.5,0.8333333333333334,-0.433333333,11.5,-4.7,11.5,-4.7,11.5,-4.7,11.49964591,-4.781204746,1.6,-0.38211600482463837,0.13076923076923078,125932774.79035828,0.2499236653179519,-0.20270458656054838
781,1203,boulkiemdÃ©(koudougou),kokolo,burkina_faso,10/31/2009,10,1,-0.952454204,1.0,11.496635114800164,-4.722468305,-1.765131921,-2.098839939,3.5,0.8333333333333334,-0.433333333,11.5,-4.7,11.5,-4.7,11.5,-4.7,11.49964591,-4.781204746,1.6,-0.38211600482463837,0.13076923076923078,125932774.79035828,0.2499236653179519,-0.20270458656054838
782,1204,boulkiemdÃ©(koudougou),kokolo,burkina_faso,10/31/2009,8,5,-0.949778028,0.0,11.496635114800164,-4.722468305,-1.765131921,-2.098839939,3.5,0.8333333333333334,-0.433333333,11.5,-4.7,11.5,-4.7,11.5,-4.7,11.49964591,-4.781204746,1.6,-0.38211600482463837,0.13076923076923078,125932774.79035828,0.2499236653179519,-0.20270458656054838
783,1205,boulkiemdÃ©(koudougou),kokolo,burkina_faso,10/31/2009,5,1,-0.764271355,1.0,11.496635114800164,-4.722468305,-1.765131921,-2.098839939,3.5,0.8333333333333334,-0.433333333,11.5,-4.7,11.5,-4.7,11.5,-4.7,11.49964591,-4.781204746,1.6,-0.38211600482463837,0.13076923076923078,125932774.79035828,0.2499236653179519,-0.20270458656054838
784,1206,boulkiemdÃ©(koudougou),kokolo,burkina_faso,10/31/2009,5,1,-0.210996615,0.0,11.496635114800164,-4.722468305,-1.765131921,-2.098839939,3.5,0.8333333333333334,-0.433333333,11.5,-4.7,11.5,-4.7,11.5,-4.7,11.49964591,-4.781204746,1.6,-0.38211600482463837,0.13076923076923078,125932774.79035828,0.2499236653179519,-0.20270458656054838
785,1225,boulkiemdÃ©(koudougou),koudougou secteur 9,burkina_faso,11/11/2009,5,1,6.851595324576287,0.0,12.25647213022534,-2.351748273,-1.660920113,-1.808899343,1.875,1.0,-0.333333333,12.25,-2.35,12.25,-2.35,12.25,-2.35,12.25436214,-2.354225661,1.6,-0.30860448628664017,-0.0759615384615385,221114750.00577205,0.18929775701485138,-0.13767645217369887
786,1226,boulkiemdÃ©(koudougou),koudougou secteur 9,burkina_faso,11/11/2009,5,1,12.043037331997482,1.0,12.25647213022534,-2.351748273,-1.660920113,-1.808899343,1.875,1.0,-0.333333333,12.25,-2.35,12.25,-2.35,12.25,-2.35,12.25436214,-2.354225661,1.6,-0.30860448628664017,-0.0759615384615385,221114750.00577205,0.18929775701485138,-0.13767645217369887
787,1227,boulkiemdÃ©(koudougou),koudougou secteur 9,burkina_faso,11/11/2009,3,1,7.229447967662766,0.0,12.25647213022534,-2.351748273,-1.660920113,-1.808899343,1.875,1.0,-0.333333333,12.25,-2.35,12.25,-2.35,12.25,-2.35,12.25436214,-2.354225661,1.6,-0.30860448628664017,-0.0759615384615385,221114750.00577205,0.18929775701485138,-0.13767645217369887
788,1228,boulkiemdÃ©(koudougou),koudougou secteur 9,burkina_faso,11/11/2009,10,1,7.714244126531234,1.0,12.25647213022534,-2.351748273,-1.660920113,-1.808899343,1.875,1.0,-0.333333333,12.25,-2.35,12.25,-2.35,12.25,-2.35,12.25436214,-2.354225661,1.6,-0.30860448628664017,-0.0759615384615385,221114750.00577205,0.18929775701485138,-0.13767645217369887
789,1229,boulkiemdÃ©(koudougou),koudougou secteur 9,burkina_faso,11/11/2009,5,2,7.721412996993495,0.0,12.25647213022534,-2.351748273,-1.660920113,-1.808899343,1.875,1.0,-0.333333333,12.25,-2.35,12.25,-2.35,12.25,-2.35,12.25436214,-2.354225661,1.6,-0.30860448628664017,-0.0759615384615385,221114750.00577205,0.18929775701485138,-0.13767645217369887
790,1230,boulkiemdÃ©(koudougou),koudougou secteur 9,burkina_faso,11/11/2009,6,1,9.715258565930927,0.0,12.25647213022534,-2.351748273,-1.660920113,-1.808899343,1.875,1.0,-0.333333333,12.25,-2.35,12.25,-2.35,12.25,-2.35,12.25436214,-2.354225661,1.6,-0.30860448628664017,-0.0759615384615385,221114750.00577205,0.18929775701485138,-0.13767645217369887
791,1231,boulkiemdÃ©(koudougou),koudougou secteur 9,burkina_faso,11/11/2009,10,1,5.224849093031946,1.0,12.25647213022534,-2.351748273,-1.660920113,-1.808899343,1.875,1.0,-0.333333333,12.25,-2.35,12.25,-2.35,12.25,-2.35,12.25436214,-2.354225661,1.6,-0.30860448628664017,-0.0759615384615385,221114750.00577205,0.18929775701485138,-0.13767645217369887
792,1232,boulkiemdÃ©(koudougou),koudougou secteur 9,burkina_faso,11/11/2009,5,1,0.3375460459124116,1.0,12.25647213022534,-2.351748273,-1.660920113,-1.808899343,1.875,1.0,-0.333333333,12.25,-2.35,12.25,-2.35,12.25,-2.35,12.25436214,-2.354225661,1.6,-0.30860448628664017,-0.0759615384615385,221114750.00577205,0.18929775701485138,-0.13767645217369887
793,1233,boulkiemdÃ©(koudougou),koudougou secteur 9,burkina_faso,11/11/2009,13,1,8.513537842,1.0,12.25647213022534,-2.351748273,-1.660920113,-1.808899343,1.875,1.0,-0.333333333,12.25,-2.35,12.25,-2.35,12.25,-2.35,12.25436214,-2.354225661,1.6,-0.30860448628664017,-0.0759615384615385,221114750.00577205,0.18929775701485138,-0.13767645217369887
794,1234,boulkiemdÃ©(koudougou),koudougou secteur 9,burkina_faso,11/11/2009,5,2,8.996191547222898,0.0,12.25647213022534,-2.351748273,-1.660920113,-1.808899343,1.875,1.0,-0.333333333,12.25,-2.35,12.25,-2.35,12.25,-2.35,12.25436214,-2.354225661,1.6,-0.30860448628664017,-0.0759615384615385,221114750.00577205,0.18929775701485138,-0.13767645217369887
795,1235,boulkiemdÃ©(koudougou),koudougou secteur 9,burkina_faso,11/11/2009,10,1,3.0027638366605176,0.0,12.25647213022534,-2.351748273,-1.660920113,-1.808899343,1.875,1.0,-0.333333333,12.25,-2.35,12.25,-2.35,12.25,-2.35,12.25436214,-2.354225661,1.6,-0.30860448628664017,-0.0759615384615385,221114750.00577205,0.18929775701485138,-0.13767645217369887
796,1236,boulkiemdÃ©(koudougou),koudougou secteur 9,burkina_faso,11/11/2009,10,2,7.703490820837844,1.0,12.25647213022534,-2.351748273,-1.660920113,-1.808899343,1.875,1.0,-0.333333333,12.25,-2.35,12.25,-2.35,12.25,-2.35,12.25436214,-2.354225661,1.6,-0.30860448628664017,-0.0759615384615385,221114750.00577205,0.18929775701485138,-0.13767645217369887
797,1237,boulkiemdÃ©(koudougou),koudougou secteur 9,burkina_faso,11/11/2009,3,1,9.001568200069594,0.0,12.25647213022534,-2.351748273,-1.660920113,-1.808899343,1.875,1.0,-0.333333333,12.25,-2.35,12.25,-2.35,12.25,-2.35,12.25436214,-2.354225661,1.6,-0.30860448628664017,-0.0759615384615385,221114750.00577205,0.18929775701485138,-0.13767645217369887
798,1238,boulkiemdÃ©(koudougou),koudougou secteur 9,burkina_faso,11/11/2009,5,1,3.181961689885769,1.0,12.25647213022534,-2.351748273,-1.660920113,-1.808899343,1.875,1.0,-0.333333333,12.25,-2.35,12.25,-2.35,12.25,-2.35,12.25436214,-2.354225661,1.6,-0.30860448628664017,-0.0759615384615385,221114750.00577205,0.18929775701485138,-0.13767645217369887
799,1239,boulkiemdÃ©(koudougou),koudougou secteur 9,burkina_faso,11/11/2009,4,4,11.051322750702036,1.0,12.25647213022534,-2.351748273,-1.660920113,-1.808899343,1.875,1.0,-0.333333333,12.25,-2.35,12.25,-2.35,12.25,-2.35,12.25436214,-2.354225661,1.6,-0.30860448628664017,-0.0759615384615385,221114750.00577205,0.18929775701485138,-0.13767645217369887
800,1240,boulkiemdÃ©(koudougou),koudougou secteur 9,burkina_faso,11/11/2009,2,1,0.5069227601768389,1.0,12.25647213022534,-2.351748273,-1.660920113,-1.808899343,1.875,1.0,-0.333333333,12.25,-2.35,12.25,-2.35,12.25,-2.35,12.25436214,-2.354225661,1.6,-0.30860448628664017,-0.0759615384615385,221114750.00577205,0.18929775701485138,-0.13767645217369887
801,1241,boulkiemdÃ©(koudougou),koudougou secteur 9,burkina_faso,11/11/2009,7,1,0.4782472783277984,1.0,12.25647213022534,-2.351748273,-1.660920113,-1.808899343,1.875,1.0,-0.333333333,12.25,-2.35,12.25,-2.35,12.25,-2.35,12.25436214,-2.354225661,1.6,-0.30860448628664017,-0.0759615384615385,221114750.00577205,0.18929775701485138,-0.13767645217369887
802,1242,boulkiemdÃ©(koudougou),koudougou secteur 9,burkina_faso,11/11/2009,3,1,1.076327458391655,1.0,12.25647213022534,-2.351748273,-1.660920113,-1.808899343,1.875,1.0,-0.333333333,12.25,-2.35,12.25,-2.35,12.25,-2.35,12.25436214,-2.354225661,1.6,-0.30860448628664017,-0.0759615384615385,221114750.00577205,0.18929775701485138,-0.13767645217369887
803,1244,boulkiemdÃ©(koudougou),nadiolo,burkina_faso,11/5/2009,4,4,-0.766063572,1.0,12.09379722026458,-2.452068613,-1.670132592,-1.742447749,1.625,1.0,-0.333333333,12.1,-2.45,12.1,-2.45,12.1,-2.45,12.07151562,-2.443899142,1.4,-0.2547339200973511,-0.04508086253369276,219856120.81400105,0.20624023338136419,-0.07131281853718545
804,1245,boulkiemdÃ©(koudougou),nadiolo,burkina_faso,11/5/2009,18,4,1.681752012381181,1.0,12.09379722026458,-2.452068613,-1.670132592,-1.742447749,1.625,1.0,-0.333333333,12.1,-2.45,12.1,-2.45,12.1,-2.45,12.07151562,-2.443899142,1.4,-0.2547339200973511,-0.04508086253369276,219856120.81400105,0.20624023338136419,-0.07131281853718545
805,1246,boulkiemdÃ©(koudougou),nadiolo,burkina_faso,11/5/2009,7,3,-0.307776366,1.0,12.09379722026458,-2.452068613,-1.670132592,-1.742447749,1.625,1.0,-0.333333333,12.1,-2.45,12.1,-2.45,12.1,-2.45,12.07151562,-2.443899142,1.4,-0.2547339200973511,-0.04508086253369276,219856120.81400105,0.20624023338136419,-0.07131281853718545
806,1248,boulkiemdÃ©(koudougou),nadiolo,burkina_faso,11/5/2009,9,2,-0.989206815,1.0,12.09379722026458,-2.452068613,-1.670132592,-1.742447749,1.625,1.0,-0.333333333,12.1,-2.45,12.1,-2.45,12.1,-2.45,12.07151562,-2.443899142,1.4,-0.2547339200973511,-0.04508086253369276,219856120.81400105,0.20624023338136419,-0.07131281853718545
807,1249,boulkiemdÃ©(koudougou),nadiolo,burkina_faso,11/5/2009,8,3,-0.780401313,1.0,12.09379722026458,-2.452068613,-1.670132592,-1.742447749,1.625,1.0,-0.333333333,12.1,-2.45,12.1,-2.45,12.1,-2.45,12.07151562,-2.443899142,1.4,-0.2547339200973511,-0.04508086253369276,219856120.81400105,0.20624023338136419,-0.07131281853718545
808,1252,boulkiemdÃ©(koudougou),nadiolo,burkina_faso,11/5/2009,9,2,1.7107859377533343,0.0,12.09379722026458,-2.452068613,-1.670132592,-1.742447749,1.625,1.0,-0.333333333,12.1,-2.45,12.1,-2.45,12.1,-2.45,12.07151562,-2.443899142,1.4,-0.2547339200973511,-0.04508086253369276,219856120.81400105,0.20624023338136419,-0.07131281853718545
809,1253,boulkiemdÃ©(koudougou),nadiolo,burkina_faso,11/5/2009,16,3,2.7268234724028773,1.0,12.09379722026458,-2.452068613,-1.670132592,-1.742447749,1.625,1.0,-0.333333333,12.1,-2.45,12.1,-2.45,12.1,-2.45,12.07151562,-2.443899142,1.4,-0.2547339200973511,-0.04508086253369276,219856120.81400105,0.20624023338136419,-0.07131281853718545
810,1254,boulkiemdÃ©(koudougou),nadiolo,burkina_faso,11/5/2009,9,9,2.0876716031372955,1.0,12.09379722026458,-2.452068613,-1.670132592,-1.742447749,1.625,1.0,-0.333333333,12.1,-2.45,12.1,-2.45,12.1,-2.45,12.07151562,-2.443899142,1.4,-0.2547339200973511,-0.04508086253369276,219856120.81400105,0.20624023338136419,-0.07131281853718545
811,1255,boulkiemdÃ©(koudougou),nadiolo,burkina_faso,11/5/2009,13,1,-1.032220038,1.0,12.09379722026458,-2.452068613,-1.670132592,-1.742447749,1.625,1.0,-0.333333333,12.1,-2.45,12.1,-2.45,12.1,-2.45,12.07151562,-2.443899142,1.4,-0.2547339200973511,-0.04508086253369276,219856120.81400105,0.20624023338136419,-0.07131281853718545
812,1256,boulkiemdÃ©(koudougou),nadiolo,burkina_faso,11/5/2009,7,1,-0.787570184,0.0,12.09379722026458,-2.452068613,-1.670132592,-1.742447749,1.625,1.0,-0.333333333,12.1,-2.45,12.1,-2.45,12.1,-2.45,12.07151562,-2.443899142,1.4,-0.2547339200973511,-0.04508086253369276,219856120.81400105,0.20624023338136419,-0.07131281853718545
813,1257,boulkiemdÃ©(koudougou),nadiolo,burkina_faso,11/4/2009,20,2,-0.952454204,1.0,12.09379722026458,-2.452068613,-1.670132592,-1.742447749,1.625,1.0,-0.333333333,12.1,-2.45,12.1,-2.45,12.1,-2.45,12.07151562,-2.443899142,1.4,-0.2547339200973511,-0.04508086253369276,219856120.81400105,0.20624023338136419,-0.07131281853718545
814,1258,boulkiemdÃ©(koudougou),nadiolo,burkina_faso,11/5/2009,11,3,-0.507822713,1.0,12.09379722026458,-2.452068613,-1.670132592,-1.742447749,1.625,1.0,-0.333333333,12.1,-2.45,12.1,-2.45,12.1,-2.45,12.07151562,-2.443899142,1.4,-0.2547339200973511,-0.04508086253369276,219856120.81400105,0.20624023338136419,-0.07131281853718545
815,1260,boulkiemdÃ©(koudougou),nadiolo,burkina_faso,11/5/2009,14,1,1.6588116269019488,0.0,12.09379722026458,-2.452068613,-1.670132592,-1.742447749,1.625,1.0,-0.333333333,12.1,-2.45,12.1,-2.45,12.1,-2.45,12.07151562,-2.443899142,1.4,-0.2547339200973511,-0.04508086253369276,219856120.81400105,0.20624023338136419,-0.07131281853718545
816,1262,boulkiemdÃ©(koudougou),nadiolo,burkina_faso,11/5/2009,13,1,0.6434717658709629,1.0,12.09379722026458,-2.452068613,-1.670132592,-1.742447749,1.625,1.0,-0.333333333,12.1,-2.45,12.1,-2.45,12.1,-2.45,12.07151562,-2.443899142,1.4,-0.2547339200973511,-0.04508086253369276,219856120.81400105,0.20624023338136419,-0.07131281853718545
817,1265,boulkiemdÃ©(koudougou),nadiolo,burkina_faso,11/4/2009,9,1,-0.776099991,0.0,12.09379722026458,-2.452068613,-1.670132592,-1.742447749,1.625,1.0,-0.333333333,12.1,-2.45,12.1,-2.45,12.1,-2.45,12.07151562,-2.443899142,1.4,-0.2547339200973511,-0.04508086253369276,219856120.81400105,0.20624023338136419,-0.07131281853718545
818,1267,boulkiemdÃ©(koudougou),nadiolo,burkina_faso,11/5/2009,6,1,-0.801907925,1.0,12.09379722026458,-2.452068613,-1.670132592,-1.742447749,1.625,1.0,-0.333333333,12.1,-2.45,12.1,-2.45,12.1,-2.45,12.07151562,-2.443899142,1.4,-0.2547339200973511,-0.04508086253369276,219856120.81400105,0.20624023338136419,-0.07131281853718545
819,1268,boulkiemdÃ©(koudougou),nadiolo,burkina_faso,11/5/2009,13,3,-0.41283518,0.0,12.09379722026458,-2.452068613,-1.670132592,-1.742447749,1.625,1.0,-0.333333333,12.1,-2.45,12.1,-2.45,12.1,-2.45,12.07151562,-2.443899142,1.4,-0.2547339200973511,-0.04508086253369276,219856120.81400105,0.20624023338136419,-0.07131281853718545
820,1278,boulkiemdÃ©(koudougou),sabou secteur 1,burkina_faso,11/8/2009,9,4,6.613131741,1.0,12.060137347471333,-2.225975945,-1.783054546,-1.892540604,1.875,0.8333333333333334,-0.433333333,12.05,-2.25,12.05,-2.25,12.05,-2.25,12.06421524,-2.262677397,1.6,-0.314834401011467,-0.07596153846153851,156155444.26141766,0.208639253452299,-0.22034231223273695
821,1280,boulkiemdÃ©(koudougou),sabou secteur 1,burkina_faso,11/8/2009,4,1,2.5073694080863973,1.0,12.060137347471333,-2.225975945,-1.783054546,-1.892540604,1.875,0.8333333333333334,-0.433333333,12.05,-2.25,12.05,-2.25,12.05,-2.25,12.06421524,-2.262677397,1.6,-0.314834401011467,-0.07596153846153851,156155444.26141766,0.208639253452299,-0.22034231223273695
822,1281,boulkiemdÃ©(koudougou),sabou secteur 1,burkina_faso,11/8/2009,1,1,-0.913933675,1.0,12.060137347471333,-2.225975945,-1.783054546,-1.892540604,1.875,0.8333333333333334,-0.433333333,12.05,-2.25,12.05,-2.25,12.05,-2.25,12.06421524,-2.262677397,1.6,-0.314834401011467,-0.07596153846153851,156155444.26141766,0.208639253452299,-0.22034231223273695
823,1282,boulkiemdÃ©(koudougou),sabou secteur 1,burkina_faso,11/6/2009,5,1,-0.946193592,1.0,12.060137347471333,-2.225975945,-1.783054546,-1.892540604,1.875,0.8333333333333334,-0.433333333,12.05,-2.25,12.05,-2.25,12.05,-2.25,12.06421524,-2.262677397,1.6,-0.314834401011467,-0.07596153846153851,156155444.26141766,0.208639253452299,-0.22034231223273695
824,1283,boulkiemdÃ©(koudougou),sabou secteur 1,burkina_faso,11/6/2009,6,1,-0.935440287,0.0,12.060137347471333,-2.225975945,-1.783054546,-1.892540604,1.875,0.8333333333333334,-0.433333333,12.05,-2.25,12.05,-2.25,12.05,-2.25,12.06421524,-2.262677397,1.6,-0.314834401011467,-0.07596153846153851,156155444.26141766,0.208639253452299,-0.22034231223273695
825,1284,boulkiemdÃ©(koudougou),sabou secteur 1,burkina_faso,11/6/2009,1,1,8.309307662854096,1.0,12.060137347471333,-2.225975945,-1.783054546,-1.892540604,1.875,0.8333333333333334,-0.433333333,12.05,-2.25,12.05,-2.25,12.05,-2.25,12.06421524,-2.262677397,1.6,-0.314834401011467,-0.07596153846153851,156155444.26141766,0.208639253452299,-0.22034231223273695
826,1285,boulkiemdÃ©(koudougou),sabou secteur 1,burkina_faso,11/6/2009,7,2,-0.787570184,1.0,12.060137347471333,-2.225975945,-1.783054546,-1.892540604,1.875,0.8333333333333334,-0.433333333,12.05,-2.25,12.05,-2.25,12.05,-2.25,12.06421524,-2.262677397,1.6,-0.314834401011467,-0.07596153846153851,156155444.26141766,0.208639253452299,-0.22034231223273695
827,1286,boulkiemdÃ©(koudougou),sabou secteur 1,burkina_faso,11/6/2009,8,1,0.101152265,1.0,12.060137347471333,-2.225975945,-1.783054546,-1.892540604,1.875,0.8333333333333334,-0.433333333,12.05,-2.25,12.05,-2.25,12.05,-2.25,12.06421524,-2.262677397,1.6,-0.314834401011467,-0.07596153846153851,156155444.26141766,0.208639253452299,-0.22034231223273695
828,1287,boulkiemdÃ©(koudougou),sabou secteur 1,burkina_faso,11/8/2009,1,1,-0.913933675,1.0,12.060137347471333,-2.225975945,-1.783054546,-1.892540604,1.875,0.8333333333333334,-0.433333333,12.05,-2.25,12.05,-2.25,12.05,-2.25,12.06421524,-2.262677397,1.6,-0.314834401011467,-0.07596153846153851,156155444.26141766,0.208639253452299,-0.22034231223273695
829,1288,boulkiemdÃ©(koudougou),sabou secteur 1,burkina_faso,11/7/2009,24,1,1.5778353834683287,1.0,12.060137347471333,-2.225975945,-1.783054546,-1.892540604,1.875,0.8333333333333334,-0.433333333,12.05,-2.25,12.05,-2.25,12.05,-2.25,12.06421524,-2.262677397,1.6,-0.314834401011467,-0.07596153846153851,156155444.26141766,0.208639253452299,-0.22034231223273695
830,1289,boulkiemdÃ©(koudougou),sabou secteur 1,burkina_faso,11/7/2009,3,1,4.684788606143298,1.0,12.060137347471333,-2.225975945,-1.783054546,-1.892540604,1.875,0.8333333333333334,-0.433333333,12.05,-2.25,12.05,-2.25,12.05,-2.25,12.06421524,-2.262677397,1.6,-0.314834401011467,-0.07596153846153851,156155444.26141766,0.208639253452299,-0.22034231223273695
831,1290,boulkiemdÃ©(koudougou),sabou secteur 1,burkina_faso,11/7/2009,1,1,-0.913933675,1.0,12.060137347471333,-2.225975945,-1.783054546,-1.892540604,1.875,0.8333333333333334,-0.433333333,12.05,-2.25,12.05,-2.25,12.05,-2.25,12.06421524,-2.262677397,1.6,-0.314834401011467,-0.07596153846153851,156155444.26141766,0.208639253452299,-0.22034231223273695
832,1291,boulkiemdÃ©(koudougou),sabou secteur 1,burkina_faso,11/6/2009,6,2,1.5611236172601226,1.0,12.060137347471333,-2.225975945,-1.783054546,-1.892540604,1.875,0.8333333333333334,-0.433333333,12.05,-2.25,12.05,-2.25,12.05,-2.25,12.06421524,-2.262677397,1.6,-0.314834401011467,-0.07596153846153851,156155444.26141766,0.208639253452299,-0.22034231223273695
833,1292,boulkiemdÃ©(koudougou),sabou secteur 1,burkina_faso,11/7/2009,6,1,6.7809181704287065,1.0,12.060137347471333,-2.225975945,-1.783054546,-1.892540604,1.875,0.8333333333333334,-0.433333333,12.05,-2.25,12.05,-2.25,12.05,-2.25,12.06421524,-2.262677397,1.6,-0.314834401011467,-0.07596153846153851,156155444.26141766,0.208639253452299,-0.22034231223273695
834,1293,boulkiemdÃ©(koudougou),sabou secteur 1,burkina_faso,11/6/2009,16,3,-0.504238278,1.0,12.060137347471333,-2.225975945,-1.783054546,-1.892540604,1.875,0.8333333333333334,-0.433333333,12.05,-2.25,12.05,-2.25,12.05,-2.25,12.06421524,-2.262677397,1.6,-0.314834401011467,-0.07596153846153851,156155444.26141766,0.208639253452299,-0.22034231223273695
835,1294,boulkiemdÃ©(koudougou),sabou secteur 1,burkina_faso,11/7/2009,6,5,0.4920172277621859,0.0,12.060137347471333,-2.225975945,-1.783054546,-1.892540604,1.875,0.8333333333333334,-0.433333333,12.05,-2.25,12.05,-2.25,12.05,-2.25,12.06421524,-2.262677397,1.6,-0.314834401011467,-0.07596153846153851,156155444.26141766,0.208639253452299,-0.22034231223273695
836,1295,boulkiemdÃ©(koudougou),sabou secteur 1,burkina_faso,11/6/2009,11,3,-0.951570245,1.0,12.060137347471333,-2.225975945,-1.783054546,-1.892540604,1.875,0.8333333333333334,-0.433333333,12.05,-2.25,12.05,-2.25,12.05,-2.25,12.06421524,-2.262677397,1.6,-0.314834401011467,-0.07596153846153851,156155444.26141766,0.208639253452299,-0.22034231223273695
837,1296,boulkiemdÃ©(koudougou),sabou secteur 1,burkina_faso,11/6/2009,6,3,2.0812196197212613,1.0,12.060137347471333,-2.225975945,-1.783054546,-1.892540604,1.875,0.8333333333333334,-0.433333333,12.05,-2.25,12.05,-2.25,12.05,-2.25,12.06421524,-2.262677397,1.6,-0.314834401011467,-0.07596153846153851,156155444.26141766,0.208639253452299,-0.22034231223273695
838,1297,boulkiemdÃ©(koudougou),poesse,burkina_faso,11/10/2009,8,3,-0.780401313,1.0,12.554480000000002,-2.11213,-1.630878359,-1.69398354,1.625,1.0,-0.333333333,12.55,-2.1,12.55,-2.1,12.55,-2.1,12.60199655,-2.101418271,1.8,-0.24285970131556192,-0.10571895424836601,143205730.5476728,0.1967413324874931,-0.05635287728179043
839,1298,boulkiemdÃ©(koudougou),poesse,burkina_faso,11/10/2009,20,2,-0.964115769,1.0,12.554480000000002,-2.11213,-1.630878359,-1.69398354,1.625,1.0,-0.333333333,12.55,-2.1,12.55,-2.1,12.55,-2.1,12.60199655,-2.101418271,1.8,-0.24285970131556192,-0.10571895424836601,143205730.5476728,0.1967413324874931,-0.05635287728179043
840,1299,boulkiemdÃ©(koudougou),poesse,burkina_faso,11/10/2009,20,2,-0.78518056,1.0,12.554480000000002,-2.11213,-1.630878359,-1.69398354,1.625,1.0,-0.333333333,12.55,-2.1,12.55,-2.1,12.55,-2.1,12.60199655,-2.101418271,1.8,-0.24285970131556192,-0.10571895424836601,143205730.5476728,0.1967413324874931,-0.05635287728179043
841,1300,boulkiemdÃ©(koudougou),poesse,burkina_faso,11/10/2009,14,1,-0.587588547,1.0,12.554480000000002,-2.11213,-1.630878359,-1.69398354,1.625,1.0,-0.333333333,12.55,-2.1,12.55,-2.1,12.55,-2.1,12.60199655,-2.101418271,1.8,-0.24285970131556192,-0.10571895424836601,143205730.5476728,0.1967413324874931,-0.05635287728179043
842,1301,boulkiemdÃ©(koudougou),poesse,burkina_faso,11/10/2009,17,2,-0.77394933,1.0,12.554480000000002,-2.11213,-1.630878359,-1.69398354,1.625,1.0,-0.333333333,12.55,-2.1,12.55,-2.1,12.55,-2.1,12.60199655,-2.101418271,1.8,-0.24285970131556192,-0.10571895424836601,143205730.5476728,0.1967413324874931,-0.05635287728179043
843,1302,boulkiemdÃ©(koudougou),poesse,burkina_faso,11/10/2009,9,5,-0.609095158,1.0,12.554480000000002,-2.11213,-1.630878359,-1.69398354,1.625,1.0,-0.333333333,12.55,-2.1,12.55,-2.1,12.55,-2.1,12.60199655,-2.101418271,1.8,-0.24285970131556192,-0.10571895424836601,143205730.5476728,0.1967413324874931,-0.05635287728179043
844,1303,boulkiemdÃ©(koudougou),poesse,burkina_faso,11/10/2009,14,1,-0.935440287,1.0,12.554480000000002,-2.11213,-1.630878359,-1.69398354,1.625,1.0,-0.333333333,12.55,-2.1,12.55,-2.1,12.55,-2.1,12.60199655,-2.101418271,1.8,-0.24285970131556192,-0.10571895424836601,143205730.5476728,0.1967413324874931,-0.05635287728179043
845,1304,boulkiemdÃ©(koudougou),poesse,burkina_faso,11/10/2009,4,1,-0.780401313,0.0,12.554480000000002,-2.11213,-1.630878359,-1.69398354,1.625,1.0,-0.333333333,12.55,-2.1,12.55,-2.1,12.55,-2.1,12.60199655,-2.101418271,1.8,-0.24285970131556192,-0.10571895424836601,143205730.5476728,0.1967413324874931,-0.05635287728179043
846,1305,boulkiemdÃ©(koudougou),poesse,burkina_faso,11/10/2009,9,1,-0.924686981,1.0,12.554480000000002,-2.11213,-1.630878359,-1.69398354,1.625,1.0,-0.333333333,12.55,-2.1,12.55,-2.1,12.55,-2.1,12.60199655,-2.101418271,1.8,-0.24285970131556192,-0.10571895424836601,143205730.5476728,0.1967413324874931,-0.05635287728179043
847,1306,boulkiemdÃ©(koudougou),poesse,burkina_faso,11/10/2009,17,2,-0.40781697,1.0,12.554480000000002,-2.11213,-1.630878359,-1.69398354,1.625,1.0,-0.333333333,12.55,-2.1,12.55,-2.1,12.55,-2.1,12.60199655,-2.101418271,1.8,-0.24285970131556192,-0.10571895424836601,143205730.5476728,0.1967413324874931,-0.05635287728179043
848,1307,boulkiemdÃ©(koudougou),poesse,burkina_faso,11/10/2009,14,3,-0.564648161,1.0,12.554480000000002,-2.11213,-1.630878359,-1.69398354,1.625,1.0,-0.333333333,12.55,-2.1,12.55,-2.1,12.55,-2.1,12.60199655,-2.101418271,1.8,-0.24285970131556192,-0.10571895424836601,143205730.5476728,0.1967413324874931,-0.05635287728179043
849,1308,boulkiemdÃ©(koudougou),poesse,burkina_faso,11/10/2009,8,2,-0.771798669,1.0,12.554480000000002,-2.11213,-1.630878359,-1.69398354,1.625,1.0,-0.333333333,12.55,-2.1,12.55,-2.1,12.55,-2.1,12.60199655,-2.101418271,1.8,-0.24285970131556192,-0.10571895424836601,143205730.5476728,0.1967413324874931,-0.05635287728179043
850,1309,boulkiemdÃ©(koudougou),poesse,burkina_faso,11/10/2009,9,1,-0.454056185,1.0,12.554480000000002,-2.11213,-1.630878359,-1.69398354,1.625,1.0,-0.333333333,12.55,-2.1,12.55,-2.1,12.55,-2.1,12.60199655,-2.101418271,1.8,-0.24285970131556192,-0.10571895424836601,143205730.5476728,0.1967413324874931,-0.05635287728179043
851,1310,boulkiemdÃ©(koudougou),poesse,burkina_faso,11/10/2009,7,2,-0.762479137,1.0,12.554480000000002,-2.11213,-1.630878359,-1.69398354,1.625,1.0,-0.333333333,12.55,-2.1,12.55,-2.1,12.55,-2.1,12.60199655,-2.101418271,1.8,-0.24285970131556192,-0.10571895424836601,143205730.5476728,0.1967413324874931,-0.05635287728179043
852,1311,boulkiemdÃ©(koudougou),poesse,burkina_faso,11/10/2009,10,1,-0.809076795,0.0,12.554480000000002,-2.11213,-1.630878359,-1.69398354,1.625,1.0,-0.333333333,12.55,-2.1,12.55,-2.1,12.55,-2.1,12.60199655,-2.101418271,1.8,-0.24285970131556192,-0.10571895424836601,143205730.5476728,0.1967413324874931,-0.05635287728179043
853,1312,boulkiemdÃ©(koudougou),poesse,burkina_faso,11/10/2009,12,1,-0.789003958,0.0,12.554480000000002,-2.11213,-1.630878359,-1.69398354,1.625,1.0,-0.333333333,12.55,-2.1,12.55,-2.1,12.55,-2.1,12.60199655,-2.101418271,1.8,-0.24285970131556192,-0.10571895424836601,143205730.5476728,0.1967413324874931,-0.05635287728179043
854,1313,boulkiemdÃ©(koudougou),poesse,burkina_faso,11/10/2009,17,2,-0.42609759,1.0,12.554480000000002,-2.11213,-1.630878359,-1.69398354,1.625,1.0,-0.333333333,12.55,-2.1,12.55,-2.1,12.55,-2.1,12.60199655,-2.101418271,1.8,-0.24285970131556192,-0.10571895424836601,143205730.5476728,0.1967413324874931,-0.05635287728179043
855,1314,boulkiemdÃ©(koudougou),poesse,burkina_faso,11/10/2009,6,1,-0.918234998,0.0,12.554480000000002,-2.11213,-1.630878359,-1.69398354,1.625,1.0,-0.333333333,12.55,-2.1,12.55,-2.1,12.55,-2.1,12.60199655,-2.101418271,1.8,-0.24285970131556192,-0.10571895424836601,143205730.5476728,0.1967413324874931,-0.05635287728179043
856,1325,boulkiemdÃ©(koudougou),sakoinse,burkina_faso,11/6/2009,7,1,-0.81266123,1.0,12.188339999999998,-1.96848,-1.711256236,-1.856367081,2.5,0.6666666666666666,-0.666666667,12.2,-1.95,12.2,-1.95,12.2,-1.95,12.19059873,-2.101418271,1.9,-0.3358763958278455,-0.12038822303282959,131676316.58271044,0.19789961751367988,-0.23728869456779572
857,1326,boulkiemdÃ©(koudougou),sakoinse,burkina_faso,11/6/2009,14,4,4.803983227171905,1.0,12.188339999999998,-1.96848,-1.711256236,-1.856367081,2.5,0.6666666666666666,-0.666666667,12.2,-1.95,12.2,-1.95,12.2,-1.95,12.19059873,-2.101418271,1.9,-0.3358763958278455,-0.12038822303282959,131676316.58271044,0.19789961751367988,-0.23728869456779572
858,1327,boulkiemdÃ©(koudougou),sakoinse,burkina_faso,11/6/2009,8,1,-0.978453509,1.0,12.188339999999998,-1.96848,-1.711256236,-1.856367081,2.5,0.6666666666666666,-0.666666667,12.2,-1.95,12.2,-1.95,12.2,-1.95,12.19059873,-2.101418271,1.9,-0.3358763958278455,-0.12038822303282959,131676316.58271044,0.19789961751367988,-0.23728869456779572
859,1328,boulkiemdÃ©(koudougou),sakoinse,burkina_faso,11/6/2009,5,1,-0.791154619,1.0,12.188339999999998,-1.96848,-1.711256236,-1.856367081,2.5,0.6666666666666666,-0.666666667,12.2,-1.95,12.2,-1.95,12.2,-1.95,12.19059873,-2.101418271,1.9,-0.3358763958278455,-0.12038822303282959,131676316.58271044,0.19789961751367988,-0.23728869456779572
860,1329,boulkiemdÃ©(koudougou),sakoinse,burkina_faso,11/6/2009,4,1,-0.978453509,0.0,12.188339999999998,-1.96848,-1.711256236,-1.856367081,2.5,0.6666666666666666,-0.666666667,12.2,-1.95,12.2,-1.95,12.2,-1.95,12.19059873,-2.101418271,1.9,-0.3358763958278455,-0.12038822303282959,131676316.58271044,0.19789961751367988,-0.23728869456779572
861,1330,boulkiemdÃ©(koudougou),sakoinse,burkina_faso,11/6/2009,5,1,-0.999960121,1.0,12.188339999999998,-1.96848,-1.711256236,-1.856367081,2.5,0.6666666666666666,-0.666666667,12.2,-1.95,12.2,-1.95,12.2,-1.95,12.19059873,-2.101418271,1.9,-0.3358763958278455,-0.12038822303282959,131676316.58271044,0.19789961751367988,-0.23728869456779572
862,1331,boulkiemdÃ©(koudougou),sakoinse,burkina_faso,11/6/2009,10,1,-0.791154619,1.0,12.188339999999998,-1.96848,-1.711256236,-1.856367081,2.5,0.6666666666666666,-0.666666667,12.2,-1.95,12.2,-1.95,12.2,-1.95,12.19059873,-2.101418271,1.9,-0.3358763958278455,-0.12038822303282959,131676316.58271044,0.19789961751367988,-0.23728869456779572
863,1332,boulkiemdÃ©(koudougou),sakoinse,burkina_faso,11/6/2009,10,2,-0.773232443,1.0,12.188339999999998,-1.96848,-1.711256236,-1.856367081,2.5,0.6666666666666666,-0.666666667,12.2,-1.95,12.2,-1.95,12.2,-1.95,12.19059873,-2.101418271,1.9,-0.3358763958278455,-0.12038822303282959,131676316.58271044,0.19789961751367988,-0.23728869456779572
864,1333,boulkiemdÃ©(koudougou),sakoinse,burkina_faso,11/2/2009,6,4,-0.131230782,1.0,12.188339999999998,-1.96848,-1.711256236,-1.856367081,2.5,0.6666666666666666,-0.666666667,12.2,-1.95,12.2,-1.95,12.2,-1.95,12.19059873,-2.101418271,1.9,-0.3358763958278455,-0.12038822303282959,131676316.58271044,0.19789961751367988,-0.23728869456779572
865,1334,boulkiemdÃ©(koudougou),sakoinse,burkina_faso,11/10/2009,14,2,-0.780401313,1.0,12.188339999999998,-1.96848,-1.711256236,-1.856367081,2.5,0.6666666666666666,-0.666666667,12.2,-1.95,12.2,-1.95,12.2,-1.95,12.19059873,-2.101418271,1.9,-0.3358763958278455,-0.12038822303282959,131676316.58271044,0.19789961751367988,-0.23728869456779572
866,1336,boulkiemdÃ©(koudougou),sakoinse,burkina_faso,11/6/2009,3,1,1.746271846541522,0.0,12.188339999999998,-1.96848,-1.711256236,-1.856367081,2.5,0.6666666666666666,-0.666666667,12.2,-1.95,12.2,-1.95,12.2,-1.95,12.19059873,-2.101418271,1.9,-0.3358763958278455,-0.12038822303282959,131676316.58271044,0.19789961751367988,-0.23728869456779572
867,1337,boulkiemdÃ©(koudougou),sakoinse,burkina_faso,11/6/2009,5,5,-0.901388152,0.0,12.188339999999998,-1.96848,-1.711256236,-1.856367081,2.5,0.6666666666666666,-0.666666667,12.2,-1.95,12.2,-1.95,12.2,-1.95,12.19059873,-2.101418271,1.9,-0.3358763958278455,-0.12038822303282959,131676316.58271044,0.19789961751367988,-0.23728869456779572
868,1338,boulkiemdÃ©(koudougou),sakoinse,burkina_faso,11/6/2009,7,1,-0.419645607,0.0,12.188339999999998,-1.96848,-1.711256236,-1.856367081,2.5,0.6666666666666666,-0.666666667,12.2,-1.95,12.2,-1.95,12.2,-1.95,12.19059873,-2.101418271,1.9,-0.3358763958278455,-0.12038822303282959,131676316.58271044,0.19789961751367988,-0.23728869456779572
869,1340,boulkiemdÃ©(koudougou),sakoinse,burkina_faso,11/6/2009,15,1,-0.762203411,1.0,12.188339999999998,-1.96848,-1.711256236,-1.856367081,2.5,0.6666666666666666,-0.666666667,12.2,-1.95,12.2,-1.95,12.2,-1.95,12.19059873,-2.101418271,1.9,-0.3358763958278455,-0.12038822303282959,131676316.58271044,0.19789961751367988,-0.23728869456779572
870,1341,boulkiemdÃ©(koudougou),sakoinse,burkina_faso,11/6/2009,11,2,-0.409250744,1.0,12.188339999999998,-1.96848,-1.711256236,-1.856367081,2.5,0.6666666666666666,-0.666666667,12.2,-1.95,12.2,-1.95,12.2,-1.95,12.19059873,-2.101418271,1.9,-0.3358763958278455,-0.12038822303282959,131676316.58271044,0.19789961751367988,-0.23728869456779572
871,1345,boulkiemdÃ©(koudougou),sakoinse,burkina_faso,11/6/2009,15,4,-0.791154619,1.0,12.188339999999998,-1.96848,-1.711256236,-1.856367081,2.5,0.6666666666666666,-0.666666667,12.2,-1.95,12.2,-1.95,12.2,-1.95,12.19059873,-2.101418271,1.9,-0.3358763958278455,-0.12038822303282959,131676316.58271044,0.19789961751367988,-0.23728869456779572
872,1349,boulkiemdÃ©(koudougou),sakoinse,burkina_faso,11/3/2009,6,1,-0.866427759,0.0,12.188339999999998,-1.96848,-1.711256236,-1.856367081,2.5,0.6666666666666666,-0.666666667,12.2,-1.95,12.2,-1.95,12.2,-1.95,12.19059873,-2.101418271,1.9,-0.3358763958278455,-0.12038822303282959,131676316.58271044,0.19789961751367988,-0.23728869456779572
873,1350,boulkiemdÃ©(koudougou),sakoinse,burkina_faso,11/6/2009,10,1,-0.780401313,1.0,12.188339999999998,-1.96848,-1.711256236,-1.856367081,2.5,0.6666666666666666,-0.666666667,12.2,-1.95,12.2,-1.95,12.2,-1.95,12.19059873,-2.101418271,1.9,-0.3358763958278455,-0.12038822303282959,131676316.58271044,0.19789961751367988,-0.23728869456779572
874,1351,boulgou(tenkodogo),bane,burkina_faso,11/4/2009,2,2,-0.780401313,1.0,11.576123367890464,-0.355584147,-1.3890571,-1.436829448,1.5,0.5,0.1666666666666667,11.6,-0.35,11.6,-0.35,11.6,-0.35,11.49964591,-0.394533913,1.5,-0.3665633122126261,-0.060714285714285665,167113173.49272156,0.21627039234946788,0.41059983517554594
875,1353,boulgou(tenkodogo),bane,burkina_faso,11/4/2009,2,1,-0.935440287,1.0,11.576123367890464,-0.355584147,-1.3890571,-1.436829448,1.5,0.5,0.1666666666666667,11.6,-0.35,11.6,-0.35,11.6,-0.35,11.49964591,-0.394533913,1.5,-0.3665633122126261,-0.060714285714285665,167113173.49272156,0.21627039234946788,0.41059983517554594
876,1354,boulgou(tenkodogo),bane,burkina_faso,11/4/2009,4,2,-0.766063572,1.0,11.576123367890464,-0.355584147,-1.3890571,-1.436829448,1.5,0.5,0.1666666666666667,11.6,-0.35,11.6,-0.35,11.6,-0.35,11.49964591,-0.394533913,1.5,-0.3665633122126261,-0.060714285714285665,167113173.49272156,0.21627039234946788,0.41059983517554594
877,1355,boulgou(tenkodogo),bane,burkina_faso,11/4/2009,14,2,-1.03848065,1.0,11.576123367890464,-0.355584147,-1.3890571,-1.436829448,1.5,0.5,0.1666666666666667,11.6,-0.35,11.6,-0.35,11.6,-0.35,11.49964591,-0.394533913,1.5,-0.3665633122126261,-0.060714285714285665,167113173.49272156,0.21627039234946788,0.41059983517554594
878,1356,boulgou(tenkodogo),bane,burkina_faso,11/4/2009,3,1,-0.758894702,1.0,11.576123367890464,-0.355584147,-1.3890571,-1.436829448,1.5,0.5,0.1666666666666667,11.6,-0.35,11.6,-0.35,11.6,-0.35,11.49964591,-0.394533913,1.5,-0.3665633122126261,-0.060714285714285665,167113173.49272156,0.21627039234946788,0.41059983517554594
879,1357,boulgou(tenkodogo),bane,burkina_faso,11/4/2009,7,1,-0.88793437,1.0,11.576123367890464,-0.355584147,-1.3890571,-1.436829448,1.5,0.5,0.1666666666666667,11.6,-0.35,11.6,-0.35,11.6,-0.35,11.49964591,-0.394533913,1.5,-0.3665633122126261,-0.060714285714285665,167113173.49272156,0.21627039234946788,0.41059983517554594
880,1359,boulgou(tenkodogo),bane,burkina_faso,11/4/2009,6,1,-0.866427759,1.0,11.576123367890464,-0.355584147,-1.3890571,-1.436829448,1.5,0.5,0.1666666666666667,11.6,-0.35,11.6,-0.35,11.6,-0.35,11.49964591,-0.394533913,1.5,-0.3665633122126261,-0.060714285714285665,167113173.49272156,0.21627039234946788,0.41059983517554594
881,1361,boulgou(tenkodogo),bane,burkina_faso,11/4/2009,5,1,0.6363028954087028,0.0,11.576123367890464,-0.355584147,-1.3890571,-1.436829448,1.5,0.5,0.1666666666666667,11.6,-0.35,11.6,-0.35,11.6,-0.35,11.49964591,-0.394533913,1.5,-0.3665633122126261,-0.060714285714285665,167113173.49272156,0.21627039234946788,0.41059983517554594
882,1362,boulgou(tenkodogo),bane,burkina_faso,11/4/2009,9,1,-0.417187708,1.0,11.576123367890464,-0.355584147,-1.3890571,-1.436829448,1.5,0.5,0.1666666666666667,11.6,-0.35,11.6,-0.35,11.6,-0.35,11.49964591,-0.394533913,1.5,-0.3665633122126261,-0.060714285714285665,167113173.49272156,0.21627039234946788,0.41059983517554594
883,1365,boulgou(tenkodogo),bane,burkina_faso,11/4/2009,6,3,-0.518576019,1.0,11.576123367890464,-0.355584147,-1.3890571,-1.436829448,1.5,0.5,0.1666666666666667,11.6,-0.35,11.6,-0.35,11.6,-0.35,11.49964591,-0.394533913,1.5,-0.3665633122126261,-0.060714285714285665,167113173.49272156,0.21627039234946788,0.41059983517554594
884,1366,boulgou(tenkodogo),bane,burkina_faso,11/4/2009,12,1,-0.823414536,1.0,11.576123367890464,-0.355584147,-1.3890571,-1.436829448,1.5,0.5,0.1666666666666667,11.6,-0.35,11.6,-0.35,11.6,-0.35,11.49964591,-0.394533913,1.5,-0.3665633122126261,-0.060714285714285665,167113173.49272156,0.21627039234946788,0.41059983517554594
885,1367,boulgou(tenkodogo),bane,burkina_faso,11/4/2009,4,2,-0.823414536,1.0,11.576123367890464,-0.355584147,-1.3890571,-1.436829448,1.5,0.5,0.1666666666666667,11.6,-0.35,11.6,-0.35,11.6,-0.35,11.49964591,-0.394533913,1.5,-0.3665633122126261,-0.060714285714285665,167113173.49272156,0.21627039234946788,0.41059983517554594
886,1369,boulgou(tenkodogo),bane,burkina_faso,11/4/2009,4,1,-0.935440287,0.0,11.576123367890464,-0.355584147,-1.3890571,-1.436829448,1.5,0.5,0.1666666666666667,11.6,-0.35,11.6,-0.35,11.6,-0.35,11.49964591,-0.394533913,1.5,-0.3665633122126261,-0.060714285714285665,167113173.49272156,0.21627039234946788,0.41059983517554594
887,1371,boulgou(tenkodogo),bane,burkina_faso,11/4/2009,12,11,-0.995467427,1.0,11.576123367890464,-0.355584147,-1.3890571,-1.436829448,1.5,0.5,0.1666666666666667,11.6,-0.35,11.6,-0.35,11.6,-0.35,11.49964591,-0.394533913,1.5,-0.3665633122126261,-0.060714285714285665,167113173.49272156,0.21627039234946788,0.41059983517554594
888,1373,boulgou(tenkodogo),bane,burkina_faso,11/4/2009,10,4,-0.497069408,1.0,11.576123367890464,-0.355584147,-1.3890571,-1.436829448,1.5,0.5,0.1666666666666667,11.6,-0.35,11.6,-0.35,11.6,-0.35,11.49964591,-0.394533913,1.5,-0.3665633122126261,-0.060714285714285665,167113173.49272156,0.21627039234946788,0.41059983517554594
889,1374,boulgou(tenkodogo),bane,burkina_faso,11/4/2009,4,2,-0.935440287,1.0,11.576123367890464,-0.355584147,-1.3890571,-1.436829448,1.5,0.5,0.1666666666666667,11.6,-0.35,11.6,-0.35,11.6,-0.35,11.49964591,-0.394533913,1.5,-0.3665633122126261,-0.060714285714285665,167113173.49272156,0.21627039234946788,0.41059983517554594
890,1375,boulgou(tenkodogo),bane,burkina_faso,11/4/2009,5,1,-0.773232443,1.0,11.576123367890464,-0.355584147,-1.3890571,-1.436829448,1.5,0.5,0.1666666666666667,11.6,-0.35,11.6,-0.35,11.6,-0.35,11.49964591,-0.394533913,1.5,-0.3665633122126261,-0.060714285714285665,167113173.49272156,0.21627039234946788,0.41059983517554594
891,1377,boulgou(tenkodogo),bane,burkina_faso,11/4/2009,3,1,3.770721189985268,1.0,11.576123367890464,-0.355584147,-1.3890571,-1.436829448,1.5,0.5,0.1666666666666667,11.6,-0.35,11.6,-0.35,11.6,-0.35,11.49964591,-0.394533913,1.5,-0.3665633122126261,-0.060714285714285665,167113173.49272156,0.21627039234946788,0.41059983517554594
892,1379,boulgou(tenkodogo),bittou secteur 1,burkina_faso,11/3/2009,2,1,7.018919210669686,0.0,11.25581,-0.30545,-1.371663511,-1.371663511,1.0,0.3333333333333333,-0.333333333,11.25,-0.3,11.25,-0.3,11.25,-0.3,11.18272298,-0.394533913,1.0,-0.31663055419921876,0.025000000000000005,116582233.17822847,0.21198097983844214,0.09483389166256936
893,1382,boulgou(tenkodogo),bittou secteur 1,burkina_faso,11/3/2009,5,1,-0.999960121,0.0,11.25581,-0.30545,-1.371663511,-1.371663511,1.0,0.3333333333333333,-0.333333333,11.25,-0.3,11.25,-0.3,11.25,-0.3,11.18272298,-0.394533913,1.0,-0.31663055419921876,0.025000000000000005,116582233.17822847,0.21198097983844214,0.09483389166256936
894,1383,boulgou(tenkodogo),bittou secteur 1,burkina_faso,11/3/2009,4,1,1.5754613581846428,1.0,11.25581,-0.30545,-1.371663511,-1.371663511,1.0,0.3333333333333333,-0.333333333,11.25,-0.3,11.25,-0.3,11.25,-0.3,11.18272298,-0.394533913,1.0,-0.31663055419921876,0.025000000000000005,116582233.17822847,0.21198097983844214,0.09483389166256936
895,1384,boulgou(tenkodogo),bittou secteur 1,burkina_faso,11/2/2009,2,1,1.737669202,1.0,11.25581,-0.30545,-1.371663511,-1.371663511,1.0,0.3333333333333333,-0.333333333,11.25,-0.3,11.25,-0.3,11.25,-0.3,11.18272298,-0.394533913,1.0,-0.31663055419921876,0.025000000000000005,116582233.17822847,0.21198097983844214,0.09483389166256936
896,1385,boulgou(tenkodogo),bittou secteur 1,burkina_faso,11/2/2009,7,2,2.0317544135316665,1.0,11.25581,-0.30545,-1.371663511,-1.371663511,1.0,0.3333333333333333,-0.333333333,11.25,-0.3,11.25,-0.3,11.25,-0.3,11.18272298,-0.394533913,1.0,-0.31663055419921876,0.025000000000000005,116582233.17822847,0.21198097983844214,0.09483389166256936
897,1386,boulgou(tenkodogo),bittou secteur 1,burkina_faso,11/2/2009,6,1,6.624891431493077,0.0,11.25581,-0.30545,-1.371663511,-1.371663511,1.0,0.3333333333333333,-0.333333333,11.25,-0.3,11.25,-0.3,11.25,-0.3,11.18272298,-0.394533913,1.0,-0.31663055419921876,0.025000000000000005,116582233.17822847,0.21198097983844214,0.09483389166256936
898,1387,boulgou(tenkodogo),bittou secteur 1,burkina_faso,11/3/2009,5,1,1.916144227734191,1.0,11.25581,-0.30545,-1.371663511,-1.371663511,1.0,0.3333333333333333,-0.333333333,11.25,-0.3,11.25,-0.3,11.25,-0.3,11.18272298,-0.394533913,1.0,-0.31663055419921876,0.025000000000000005,116582233.17822847,0.21198097983844214,0.09483389166256936
899,1388,boulgou(tenkodogo),bittou secteur 1,burkina_faso,11/2/2009,2,1,-0.913933675,0.0,11.25581,-0.30545,-1.371663511,-1.371663511,1.0,0.3333333333333333,-0.333333333,11.25,-0.3,11.25,-0.3,11.25,-0.3,11.18272298,-0.394533913,1.0,-0.31663055419921876,0.025000000000000005,116582233.17822847,0.21198097983844214,0.09483389166256936
900,1389,boulgou(tenkodogo),bittou secteur 1,burkina_faso,11/2/2009,4,2,-0.432549573,1.0,11.25581,-0.30545,-1.371663511,-1.371663511,1.0,0.3333333333333333,-0.333333333,11.25,-0.3,11.25,-0.3,11.25,-0.3,11.18272298,-0.394533913,1.0,-0.31663055419921876,0.025000000000000005,116582233.17822847,0.21198097983844214,0.09483389166256936
901,1391,boulgou(tenkodogo),bittou secteur 1,burkina_faso,11/2/2009,17,1,1.899758238106168,0.0,11.25581,-0.30545,-1.371663511,-1.371663511,1.0,0.3333333333333333,-0.333333333,11.25,-0.3,11.25,-0.3,11.25,-0.3,11.18272298,-0.394533913,1.0,-0.31663055419921876,0.025000000000000005,116582233.17822847,0.21198097983844214,0.09483389166256936
902,1392,boulgou(tenkodogo),bittou secteur 1,burkina_faso,11/2/2009,5,1,1.7233314610622896,1.0,11.25581,-0.30545,-1.371663511,-1.371663511,1.0,0.3333333333333333,-0.333333333,11.25,-0.3,11.25,-0.3,11.25,-0.3,11.18272298,-0.394533913,1.0,-0.31663055419921876,0.025000000000000005,116582233.17822847,0.21198097983844214,0.09483389166256936
903,1393,boulgou(tenkodogo),bittou secteur 1,burkina_faso,11/2/2009,5,2,3.163121623184447,1.0,11.25581,-0.30545,-1.371663511,-1.371663511,1.0,0.3333333333333333,-0.333333333,11.25,-0.3,11.25,-0.3,11.25,-0.3,11.18272298,-0.394533913,1.0,-0.31663055419921876,0.025000000000000005,116582233.17822847,0.21198097983844214,0.09483389166256936
904,1394,boulgou(tenkodogo),bittou secteur 1,burkina_faso,11/2/2009,9,1,3.147921427340997,1.0,11.25581,-0.30545,-1.371663511,-1.371663511,1.0,0.3333333333333333,-0.333333333,11.25,-0.3,11.25,-0.3,11.25,-0.3,11.18272298,-0.394533913,1.0,-0.31663055419921876,0.025000000000000005,116582233.17822847,0.21198097983844214,0.09483389166256936
905,1395,boulgou(tenkodogo),bittou secteur 1,burkina_faso,11/2/2009,6,1,2.9044478988923794,0.0,11.25581,-0.30545,-1.371663511,-1.371663511,1.0,0.3333333333333333,-0.333333333,11.25,-0.3,11.25,-0.3,11.25,-0.3,11.18272298,-0.394533913,1.0,-0.31663055419921876,0.025000000000000005,116582233.17822847,0.21198097983844214,0.09483389166256936
906,1398,boulgou(tenkodogo),bittou secteur 1,burkina_faso,11/3/2009,5,1,1.5503703115667324,1.0,11.25581,-0.30545,-1.371663511,-1.371663511,1.0,0.3333333333333333,-0.333333333,11.25,-0.3,11.25,-0.3,11.25,-0.3,11.18272298,-0.394533913,1.0,-0.31663055419921876,0.025000000000000005,116582233.17822847,0.21198097983844214,0.09483389166256936
907,1400,boulgou(tenkodogo),bittou secteur 1,burkina_faso,11/3/2009,4,2,1.7305003315245495,0.0,11.25581,-0.30545,-1.371663511,-1.371663511,1.0,0.3333333333333333,-0.333333333,11.25,-0.3,11.25,-0.3,11.25,-0.3,11.18272298,-0.394533913,1.0,-0.31663055419921876,0.025000000000000005,116582233.17822847,0.21198097983844214,0.09483389166256936
908,1402,boulgou(tenkodogo),bittou secteur 1,burkina_faso,11/3/2009,6,1,1.578328906369547,1.0,11.25581,-0.30545,-1.371663511,-1.371663511,1.0,0.3333333333333333,-0.333333333,11.25,-0.3,11.25,-0.3,11.25,-0.3,11.18272298,-0.394533913,1.0,-0.31663055419921876,0.025000000000000005,116582233.17822847,0.21198097983844214,0.09483389166256936
909,1404,boulgou(tenkodogo),bittou secteur 1,burkina_faso,11/3/2009,2,1,2.4728661792349222,1.0,11.25581,-0.30545,-1.371663511,-1.371663511,1.0,0.3333333333333333,-0.333333333,11.25,-0.3,11.25,-0.3,11.25,-0.3,11.18272298,-0.394533913,1.0,-0.31663055419921876,0.025000000000000005,116582233.17822847,0.21198097983844214,0.09483389166256936
910,1405,boulgou(tenkodogo),gambaghin,burkina_faso,11/12/2009,9,1,-1.085986566,1.0,11.786085461070222,-0.368035917,-1.498634617,-1.506856759,1.3333333333333333,0.8333333333333334,0.3666666666666665,11.8,-0.35,11.8,-0.35,11.8,-0.35,11.84816324,-0.394533913,1.4,-0.3084334560803005,-0.12594339622641507,204193245.53860202,0.2083060482875086,0.28995733627698916
911,1406,boulgou(tenkodogo),gambaghin,burkina_faso,11/12/2009,5,2,-0.946193592,1.0,11.786085461070222,-0.368035917,-1.498634617,-1.506856759,1.3333333333333333,0.8333333333333334,0.3666666666666665,11.8,-0.35,11.8,-0.35,11.8,-0.35,11.84816324,-0.394533913,1.4,-0.3084334560803005,-0.12594339622641507,204193245.53860202,0.2083060482875086,0.28995733627698916
912,1407,boulgou(tenkodogo),gambaghin,burkina_faso,11/12/2009,8,3,-0.446887314,1.0,11.786085461070222,-0.368035917,-1.498634617,-1.506856759,1.3333333333333333,0.8333333333333334,0.3666666666666665,11.8,-0.35,11.8,-0.35,11.8,-0.35,11.84816324,-0.394533913,1.4,-0.3084334560803005,-0.12594339622641507,204193245.53860202,0.2083060482875086,0.28995733627698916
913,1409,boulgou(tenkodogo),gambaghin,burkina_faso,11/12/2009,7,1,-0.92253632,0.0,11.786085461070222,-0.368035917,-1.498634617,-1.506856759,1.3333333333333333,0.8333333333333334,0.3666666666666665,11.8,-0.35,11.8,-0.35,11.8,-0.35,11.84816324,-0.394533913,1.4,-0.3084334560803005,-0.12594339622641507,204193245.53860202,0.2083060482875086,0.28995733627698916
914,1411,boulgou(tenkodogo),gambaghin,burkina_faso,11/12/2009,13,1,-1.016974039,1.0,11.786085461070222,-0.368035917,-1.498634617,-1.506856759,1.3333333333333333,0.8333333333333334,0.3666666666666665,11.8,-0.35,11.8,-0.35,11.8,-0.35,11.84816324,-0.394533913,1.4,-0.3084334560803005,-0.12594339622641507,204193245.53860202,0.2083060482875086,0.28995733627698916
915,1412,boulgou(tenkodogo),gambaghin,burkina_faso,11/12/2009,8,1,-0.475562796,0.0,11.786085461070222,-0.368035917,-1.498634617,-1.506856759,1.3333333333333333,0.8333333333333334,0.3666666666666665,11.8,-0.35,11.8,-0.35,11.8,-0.35,11.84816324,-0.394533913,1.4,-0.3084334560803005,-0.12594339622641507,204193245.53860202,0.2083060482875086,0.28995733627698916
916,1413,boulgou(tenkodogo),gambaghin,burkina_faso,11/12/2009,6,1,-0.935440287,1.0,11.786085461070222,-0.368035917,-1.498634617,-1.506856759,1.3333333333333333,0.8333333333333334,0.3666666666666665,11.8,-0.35,11.8,-0.35,11.8,-0.35,11.84816324,-0.394533913,1.4,-0.3084334560803005,-0.12594339622641507,204193245.53860202,0.2083060482875086,0.28995733627698916
917,1414,boulgou(tenkodogo),gambaghin,burkina_faso,11/12/2009,8,3,-1.064479955,0.0,11.786085461070222,-0.368035917,-1.498634617,-1.506856759,1.3333333333333333,0.8333333333333334,0.3666666666666665,11.8,-0.35,11.8,-0.35,11.8,-0.35,11.84816324,-0.394533913,1.4,-0.3084334560803005,-0.12594339622641507,204193245.53860202,0.2083060482875086,0.28995733627698916
918,1415,boulgou(tenkodogo),gambaghin,burkina_faso,11/12/2009,16,1,-0.561589242,0.0,11.786085461070222,-0.368035917,-1.498634617,-1.506856759,1.3333333333333333,0.8333333333333334,0.3666666666666665,11.8,-0.35,11.8,-0.35,11.8,-0.35,11.84816324,-0.394533913,1.4,-0.3084334560803005,-0.12594339622641507,204193245.53860202,0.2083060482875086,0.28995733627698916
919,1416,boulgou(tenkodogo),gambaghin,burkina_faso,11/12/2009,9,1,-0.801907925,1.0,11.786085461070222,-0.368035917,-1.498634617,-1.506856759,1.3333333333333333,0.8333333333333334,0.3666666666666665,11.8,-0.35,11.8,-0.35,11.8,-0.35,11.84816324,-0.394533913,1.4,-0.3084334560803005,-0.12594339622641507,204193245.53860202,0.2083060482875086,0.28995733627698916
920,1420,boulgou(tenkodogo),gambaghin,burkina_faso,11/12/2009,6,1,0.3099577667836748,1.0,11.786085461070222,-0.368035917,-1.498634617,-1.506856759,1.3333333333333333,0.8333333333333334,0.3666666666666665,11.8,-0.35,11.8,-0.35,11.8,-0.35,11.84816324,-0.394533913,1.4,-0.3084334560803005,-0.12594339622641507,204193245.53860202,0.2083060482875086,0.28995733627698916
921,1421,boulgou(tenkodogo),gambaghin,burkina_faso,11/12/2009,10,2,-0.964115769,0.0,11.786085461070222,-0.368035917,-1.498634617,-1.506856759,1.3333333333333333,0.8333333333333334,0.3666666666666665,11.8,-0.35,11.8,-0.35,11.8,-0.35,11.84816324,-0.394533913,1.4,-0.3084334560803005,-0.12594339622641507,204193245.53860202,0.2083060482875086,0.28995733627698916
922,1423,boulgou(tenkodogo),gambaghin,burkina_faso,11/12/2009,2,2,-0.758894702,1.0,11.786085461070222,-0.368035917,-1.498634617,-1.506856759,1.3333333333333333,0.8333333333333334,0.3666666666666665,11.8,-0.35,11.8,-0.35,11.8,-0.35,11.84816324,-0.394533913,1.4,-0.3084334560803005,-0.12594339622641507,204193245.53860202,0.2083060482875086,0.28995733627698916
923,1424,boulgou(tenkodogo),gambaghin,burkina_faso,11/12/2009,12,1,-0.823414536,0.0,11.786085461070222,-0.368035917,-1.498634617,-1.506856759,1.3333333333333333,0.8333333333333334,0.3666666666666665,11.8,-0.35,11.8,-0.35,11.8,-0.35,11.84816324,-0.394533913,1.4,-0.3084334560803005,-0.12594339622641507,204193245.53860202,0.2083060482875086,0.28995733627698916
924,1425,boulgou(tenkodogo),gambaghin,burkina_faso,11/12/2009,12,1,-0.630601769,1.0,11.786085461070222,-0.368035917,-1.498634617,-1.506856759,1.3333333333333333,0.8333333333333334,0.3666666666666665,11.8,-0.35,11.8,-0.35,11.8,-0.35,11.84816324,-0.394533913,1.4,-0.3084334560803005,-0.12594339622641507,204193245.53860202,0.2083060482875086,0.28995733627698916
925,1429,boulgou(tenkodogo),gambaghin,burkina_faso,11/12/2009,11,1,-0.468393926,1.0,11.786085461070222,-0.368035917,-1.498634617,-1.506856759,1.3333333333333333,0.8333333333333334,0.3666666666666665,11.8,-0.35,11.8,-0.35,11.8,-0.35,11.84816324,-0.394533913,1.4,-0.3084334560803005,-0.12594339622641507,204193245.53860202,0.2083060482875086,0.28995733627698916
926,1430,boulgou(tenkodogo),gambaghin,burkina_faso,11/12/2009,10,1,-0.461225055,0.0,11.786085461070222,-0.368035917,-1.498634617,-1.506856759,1.3333333333333333,0.8333333333333334,0.3666666666666665,11.8,-0.35,11.8,-0.35,11.8,-0.35,11.84816324,-0.394533913,1.4,-0.3084334560803005,-0.12594339622641507,204193245.53860202,0.2083060482875086,0.28995733627698916
927,1431,boulgou(tenkodogo),gambaghin,burkina_faso,11/12/2009,3,1,-0.801907925,1.0,11.786085461070222,-0.368035917,-1.498634617,-1.506856759,1.3333333333333333,0.8333333333333334,0.3666666666666665,11.8,-0.35,11.8,-0.35,11.8,-0.35,11.84816324,-0.394533913,1.4,-0.3084334560803005,-0.12594339622641507,204193245.53860202,0.2083060482875086,0.28995733627698916
928,1432,boulgou(tenkodogo),guella,burkina_faso,11/13/2009,7,2,-0.57468458,1.0,11.786085461070222,-0.368035917,-1.498634617,-1.506856759,1.3333333333333333,0.8333333333333334,0.3666666666666665,11.8,-0.35,11.8,-0.35,11.8,-0.35,11.84816324,-0.394533913,1.4,-0.3084334560803005,-0.12594339622641507,204193245.53860202,0.2083060482875086,0.28995733627698916
929,1435,boulgou(tenkodogo),guella,burkina_faso,11/13/2009,5,1,-0.791154619,0.0,11.786085461070222,-0.368035917,-1.498634617,-1.506856759,1.3333333333333333,0.8333333333333334,0.3666666666666665,11.8,-0.35,11.8,-0.35,11.8,-0.35,11.84816324,-0.394533913,1.4,-0.3084334560803005,-0.12594339622641507,204193245.53860202,0.2083060482875086,0.28995733627698916
930,1437,boulgou(tenkodogo),guella,burkina_faso,11/13/2009,5,1,-0.773232443,0.0,11.786085461070222,-0.368035917,-1.498634617,-1.506856759,1.3333333333333333,0.8333333333333334,0.3666666666666665,11.8,-0.35,11.8,-0.35,11.8,-0.35,11.84816324,-0.394533913,1.4,-0.3084334560803005,-0.12594339622641507,204193245.53860202,0.2083060482875086,0.28995733627698916
931,1438,boulgou(tenkodogo),guella,burkina_faso,11/13/2009,10,1,-0.809076795,1.0,11.786085461070222,-0.368035917,-1.498634617,-1.506856759,1.3333333333333333,0.8333333333333334,0.3666666666666665,11.8,-0.35,11.8,-0.35,11.8,-0.35,11.84816324,-0.394533913,1.4,-0.3084334560803005,-0.12594339622641507,204193245.53860202,0.2083060482875086,0.28995733627698916
932,1439,boulgou(tenkodogo),guella,burkina_faso,11/13/2009,12,1,-0.475562796,0.0,11.786085461070222,-0.368035917,-1.498634617,-1.506856759,1.3333333333333333,0.8333333333333334,0.3666666666666665,11.8,-0.35,11.8,-0.35,11.8,-0.35,11.84816324,-0.394533913,1.4,-0.3084334560803005,-0.12594339622641507,204193245.53860202,0.2083060482875086,0.28995733627698916
933,1440,boulgou(tenkodogo),guella,burkina_faso,11/13/2009,5,1,2.719790897382503,1.0,11.786085461070222,-0.368035917,-1.498634617,-1.506856759,1.3333333333333333,0.8333333333333334,0.3666666666666665,11.8,-0.35,11.8,-0.35,11.8,-0.35,11.84816324,-0.394533913,1.4,-0.3084334560803005,-0.12594339622641507,204193245.53860202,0.2083060482875086,0.28995733627698916
934,1441,boulgou(tenkodogo),guella,burkina_faso,11/13/2009,6,1,-1.021466732,0.0,11.786085461070222,-0.368035917,-1.498634617,-1.506856759,1.3333333333333333,0.8333333333333334,0.3666666666666665,11.8,-0.35,11.8,-0.35,11.8,-0.35,11.84816324,-0.394533913,1.4,-0.3084334560803005,-0.12594339622641507,204193245.53860202,0.2083060482875086,0.28995733627698916
935,1442,boulgou(tenkodogo),guella,burkina_faso,11/13/2009,8,1,-0.780401313,0.0,11.786085461070222,-0.368035917,-1.498634617,-1.506856759,1.3333333333333333,0.8333333333333334,0.3666666666666665,11.8,-0.35,11.8,-0.35,11.8,-0.35,11.84816324,-0.394533913,1.4,-0.3084334560803005,-0.12594339622641507,204193245.53860202,0.2083060482875086,0.28995733627698916
936,1443,boulgou(tenkodogo),guella,burkina_faso,11/13/2009,2,1,-0.758894702,1.0,11.786085461070222,-0.368035917,-1.498634617,-1.506856759,1.3333333333333333,0.8333333333333334,0.3666666666666665,11.8,-0.35,11.8,-0.35,11.8,-0.35,11.84816324,-0.394533913,1.4,-0.3084334560803005,-0.12594339622641507,204193245.53860202,0.2083060482875086,0.28995733627698916
937,1444,boulgou(tenkodogo),guella,burkina_faso,11/13/2009,1,1,-0.744556961,1.0,11.786085461070222,-0.368035917,-1.498634617,-1.506856759,1.3333333333333333,0.8333333333333334,0.3666666666666665,11.8,-0.35,11.8,-0.35,11.8,-0.35,11.84816324,-0.394533913,1.4,-0.3084334560803005,-0.12594339622641507,204193245.53860202,0.2083060482875086,0.28995733627698916
938,1446,boulgou(tenkodogo),guella,burkina_faso,11/13/2009,9,1,-0.801907925,1.0,11.786085461070222,-0.368035917,-1.498634617,-1.506856759,1.3333333333333333,0.8333333333333334,0.3666666666666665,11.8,-0.35,11.8,-0.35,11.8,-0.35,11.84816324,-0.394533913,1.4,-0.3084334560803005,-0.12594339622641507,204193245.53860202,0.2083060482875086,0.28995733627698916
939,1447,boulgou(tenkodogo),guella,burkina_faso,11/13/2009,11,3,-0.855674453,0.0,11.786085461070222,-0.368035917,-1.498634617,-1.506856759,1.3333333333333333,0.8333333333333334,0.3666666666666665,11.8,-0.35,11.8,-0.35,11.8,-0.35,11.84816324,-0.394533913,1.4,-0.3084334560803005,-0.12594339622641507,204193245.53860202,0.2083060482875086,0.28995733627698916
940,1449,boulgou(tenkodogo),guella,burkina_faso,11/13/2009,4,1,-0.780401313,0.0,11.786085461070222,-0.368035917,-1.498634617,-1.506856759,1.3333333333333333,0.8333333333333334,0.3666666666666665,11.8,-0.35,11.8,-0.35,11.8,-0.35,11.84816324,-0.394533913,1.4,-0.3084334560803005,-0.12594339622641507,204193245.53860202,0.2083060482875086,0.28995733627698916
941,1452,boulgou(tenkodogo),guella,burkina_faso,11/13/2009,20,2,-0.952454204,1.0,11.786085461070222,-0.368035917,-1.498634617,-1.506856759,1.3333333333333333,0.8333333333333334,0.3666666666666665,11.8,-0.35,11.8,-0.35,11.8,-0.35,11.84816324,-0.394533913,1.4,-0.3084334560803005,-0.12594339622641507,204193245.53860202,0.2083060482875086,0.28995733627698916
942,1454,boulgou(tenkodogo),guella,burkina_faso,11/13/2009,12,1,-0.823414536,0.0,11.786085461070222,-0.368035917,-1.498634617,-1.506856759,1.3333333333333333,0.8333333333333334,0.3666666666666665,11.8,-0.35,11.8,-0.35,11.8,-0.35,11.84816324,-0.394533913,1.4,-0.3084334560803005,-0.12594339622641507,204193245.53860202,0.2083060482875086,0.28995733627698916
943,1455,boulgou(tenkodogo),guella,burkina_faso,11/13/2009,12,1,-0.774256567,0.0,11.786085461070222,-0.368035917,-1.498634617,-1.506856759,1.3333333333333333,0.8333333333333334,0.3666666666666665,11.8,-0.35,11.8,-0.35,11.8,-0.35,11.84816324,-0.394533913,1.4,-0.3084334560803005,-0.12594339622641507,204193245.53860202,0.2083060482875086,0.28995733627698916
944,1456,boulgou(tenkodogo),guella,burkina_faso,11/13/2009,12,1,-0.801907925,0.0,11.786085461070222,-0.368035917,-1.498634617,-1.506856759,1.3333333333333333,0.8333333333333334,0.3666666666666665,11.8,-0.35,11.8,-0.35,11.8,-0.35,11.84816324,-0.394533913,1.4,-0.3084334560803005,-0.12594339622641507,204193245.53860202,0.2083060482875086,0.28995733627698916
945,1457,boulgou(tenkodogo),guella,burkina_faso,11/13/2009,5,1,-0.764271355,1.0,11.786085461070222,-0.368035917,-1.498634617,-1.506856759,1.3333333333333333,0.8333333333333334,0.3666666666666665,11.8,-0.35,11.8,-0.35,11.8,-0.35,11.84816324,-0.394533913,1.4,-0.3084334560803005,-0.12594339622641507,204193245.53860202,0.2083060482875086,0.28995733627698916
946,1461,boulgou(tenkodogo),tisselin,burkina_faso,11/8/2009,2,1,2.386276898295215,1.0,11.786085461070222,-0.368035917,-1.498634617,-1.506856759,1.3333333333333333,0.8333333333333334,0.3666666666666665,11.8,-0.35,11.8,-0.35,11.8,-0.35,11.84816324,-0.394533913,1.4,-0.3084334560803005,-0.12594339622641507,204193245.53860202,0.2083060482875086,0.28995733627698916
947,1462,boulgou(tenkodogo),tisselin,burkina_faso,11/8/2009,6,1,2.364770286908435,0.0,11.786085461070222,-0.368035917,-1.498634617,-1.506856759,1.3333333333333333,0.8333333333333334,0.3666666666666665,11.8,-0.35,11.8,-0.35,11.8,-0.35,11.84816324,-0.394533913,1.4,-0.3084334560803005,-0.12594339622641507,204193245.53860202,0.2083060482875086,0.28995733627698916
948,1463,boulgou(tenkodogo),tisselin,burkina_faso,11/8/2009,13,1,2.6997180600881747,1.0,11.786085461070222,-0.368035917,-1.498634617,-1.506856759,1.3333333333333333,0.8333333333333334,0.3666666666666665,11.8,-0.35,11.8,-0.35,11.8,-0.35,11.84816324,-0.394533913,1.4,-0.3084334560803005,-0.12594339622641507,204193245.53860202,0.2083060482875086,0.28995733627698916
949,1464,boulgou(tenkodogo),tisselin,burkina_faso,11/8/2009,6,1,-0.801907925,0.0,11.786085461070222,-0.368035917,-1.498634617,-1.506856759,1.3333333333333333,0.8333333333333334,0.3666666666666665,11.8,-0.35,11.8,-0.35,11.8,-0.35,11.84816324,-0.394533913,1.4,-0.3084334560803005,-0.12594339622641507,204193245.53860202,0.2083060482875086,0.28995733627698916
950,1465,boulgou(tenkodogo),tisselin,burkina_faso,11/8/2009,7,1,-0.695121604,0.0,11.786085461070222,-0.368035917,-1.498634617,-1.506856759,1.3333333333333333,0.8333333333333334,0.3666666666666665,11.8,-0.35,11.8,-0.35,11.8,-0.35,11.84816324,-0.394533913,1.4,-0.3084334560803005,-0.12594339622641507,204193245.53860202,0.2083060482875086,0.28995733627698916
951,1466,boulgou(tenkodogo),tisselin,burkina_faso,11/8/2009,4,1,2.7269597678447632,0.0,11.786085461070222,-0.368035917,-1.498634617,-1.506856759,1.3333333333333333,0.8333333333333334,0.3666666666666665,11.8,-0.35,11.8,-0.35,11.8,-0.35,11.84816324,-0.394533913,1.4,-0.3084334560803005,-0.12594339622641507,204193245.53860202,0.2083060482875086,0.28995733627698916
952,1467,boulgou(tenkodogo),tisselin,burkina_faso,11/8/2009,6,1,-1.021466732,0.0,11.786085461070222,-0.368035917,-1.498634617,-1.506856759,1.3333333333333333,0.8333333333333334,0.3666666666666665,11.8,-0.35,11.8,-0.35,11.8,-0.35,11.84816324,-0.394533913,1.4,-0.3084334560803005,-0.12594339622641507,204193245.53860202,0.2083060482875086,0.28995733627698916
953,1468,boulgou(tenkodogo),tisselin,burkina_faso,11/8/2009,6,1,-0.866427759,1.0,11.786085461070222,-0.368035917,-1.498634617,-1.506856759,1.3333333333333333,0.8333333333333334,0.3666666666666665,11.8,-0.35,11.8,-0.35,11.8,-0.35,11.84816324,-0.394533913,1.4,-0.3084334560803005,-0.12594339622641507,204193245.53860202,0.2083060482875086,0.28995733627698916
954,1470,boulgou(tenkodogo),tisselin,burkina_faso,11/8/2009,3,1,-0.956946898,1.0,11.786085461070222,-0.368035917,-1.498634617,-1.506856759,1.3333333333333333,0.8333333333333334,0.3666666666666665,11.8,-0.35,11.8,-0.35,11.8,-0.35,11.84816324,-0.394533913,1.4,-0.3084334560803005,-0.12594339622641507,204193245.53860202,0.2083060482875086,0.28995733627698916
955,1471,boulgou(tenkodogo),tisselin,burkina_faso,11/8/2009,8,1,-0.794739054,1.0,11.786085461070222,-0.368035917,-1.498634617,-1.506856759,1.3333333333333333,0.8333333333333334,0.3666666666666665,11.8,-0.35,11.8,-0.35,11.8,-0.35,11.84816324,-0.394533913,1.4,-0.3084334560803005,-0.12594339622641507,204193245.53860202,0.2083060482875086,0.28995733627698916
956,1472,boulgou(tenkodogo),tisselin,burkina_faso,11/8/2009,2,1,-0.780401313,1.0,11.786085461070222,-0.368035917,-1.498634617,-1.506856759,1.3333333333333333,0.8333333333333334,0.3666666666666665,11.8,-0.35,11.8,-0.35,11.8,-0.35,11.84816324,-0.394533913,1.4,-0.3084334560803005,-0.12594339622641507,204193245.53860202,0.2083060482875086,0.28995733627698916
957,1473,boulgou(tenkodogo),tisselin,burkina_faso,11/8/2009,4,1,-0.935440287,1.0,11.786085461070222,-0.368035917,-1.498634617,-1.506856759,1.3333333333333333,0.8333333333333334,0.3666666666666665,11.8,-0.35,11.8,-0.35,11.8,-0.35,11.84816324,-0.394533913,1.4,-0.3084334560803005,-0.12594339622641507,204193245.53860202,0.2083060482875086,0.28995733627698916
958,1475,boulgou(tenkodogo),tisselin,burkina_faso,11/8/2009,3,1,-0.913933675,0.0,11.786085461070222,-0.368035917,-1.498634617,-1.506856759,1.3333333333333333,0.8333333333333334,0.3666666666666665,11.8,-0.35,11.8,-0.35,11.8,-0.35,11.84816324,-0.394533913,1.4,-0.3084334560803005,-0.12594339622641507,204193245.53860202,0.2083060482875086,0.28995733627698916
959,1476,boulgou(tenkodogo),tisselin,burkina_faso,11/8/2009,12,1,2.356167642353723,0.0,11.786085461070222,-0.368035917,-1.498634617,-1.506856759,1.3333333333333333,0.8333333333333334,0.3666666666666665,11.8,-0.35,11.8,-0.35,11.8,-0.35,11.84816324,-0.394533913,1.4,-0.3084334560803005,-0.12594339622641507,204193245.53860202,0.2083060482875086,0.28995733627698916
960,1479,boulgou(tenkodogo),tisselin,burkina_faso,11/8/2009,7,1,-0.439718444,1.0,11.786085461070222,-0.368035917,-1.498634617,-1.506856759,1.3333333333333333,0.8333333333333334,0.3666666666666665,11.8,-0.35,11.8,-0.35,11.8,-0.35,11.84816324,-0.394533913,1.4,-0.3084334560803005,-0.12594339622641507,204193245.53860202,0.2083060482875086,0.28995733627698916
961,1481,boulgou(tenkodogo),tisselin,burkina_faso,11/8/2009,5,1,2.380900245,0.0,11.786085461070222,-0.368035917,-1.498634617,-1.506856759,1.3333333333333333,0.8333333333333334,0.3666666666666665,11.8,-0.35,11.8,-0.35,11.8,-0.35,11.84816324,-0.394533913,1.4,-0.3084334560803005,-0.12594339622641507,204193245.53860202,0.2083060482875086,0.28995733627698916
962,1482,boulgou(tenkodogo),tisselin,burkina_faso,11/8/2009,4,1,-0.978453509,1.0,11.786085461070222,-0.368035917,-1.498634617,-1.506856759,1.3333333333333333,0.8333333333333334,0.3666666666666665,11.8,-0.35,11.8,-0.35,11.8,-0.35,11.84816324,-0.394533913,1.4,-0.3084334560803005,-0.12594339622641507,204193245.53860202,0.2083060482875086,0.28995733627698916
963,1483,boulgou(tenkodogo),tisselin,burkina_faso,11/8/2009,14,1,-0.69062891,0.0,11.786085461070222,-0.368035917,-1.498634617,-1.506856759,1.3333333333333333,0.8333333333333334,0.3666666666666665,11.8,-0.35,11.8,-0.35,11.8,-0.35,11.84816324,-0.394533913,1.4,-0.3084334560803005,-0.12594339622641507,204193245.53860202,0.2083060482875086,0.28995733627698916
964,1486,boulgou(tenkodogo),zankougdgo,burkina_faso,11/6/2009,10,2,-1.107493178,1.0,11.786085461070222,-0.368035917,-1.498634617,-1.506856759,1.3333333333333333,0.8333333333333334,0.3666666666666665,11.8,-0.35,11.8,-0.35,11.8,-0.35,11.84816324,-0.394533913,1.4,-0.3084334560803005,-0.12594339622641507,204193245.53860202,0.2083060482875086,0.28995733627698916
965,1487,boulgou(tenkodogo),zankougdgo,burkina_faso,11/6/2009,7,1,-0.967700204,1.0,11.786085461070222,-0.368035917,-1.498634617,-1.506856759,1.3333333333333333,0.8333333333333334,0.3666666666666665,11.8,-0.35,11.8,-0.35,11.8,-0.35,11.84816324,-0.394533913,1.4,-0.3084334560803005,-0.12594339622641507,204193245.53860202,0.2083060482875086,0.28995733627698916
966,1488,boulgou(tenkodogo),zankougdgo,burkina_faso,11/6/2009,6,1,-1.021466732,1.0,11.786085461070222,-0.368035917,-1.498634617,-1.506856759,1.3333333333333333,0.8333333333333334,0.3666666666666665,11.8,-0.35,11.8,-0.35,11.8,-0.35,11.84816324,-0.394533913,1.4,-0.3084334560803005,-0.12594339622641507,204193245.53860202,0.2083060482875086,0.28995733627698916
967,1493,boulgou(tenkodogo),zankougdgo,burkina_faso,11/6/2009,8,2,-1.064479955,1.0,11.786085461070222,-0.368035917,-1.498634617,-1.506856759,1.3333333333333333,0.8333333333333334,0.3666666666666665,11.8,-0.35,11.8,-0.35,11.8,-0.35,11.84816324,-0.394533913,1.4,-0.3084334560803005,-0.12594339622641507,204193245.53860202,0.2083060482875086,0.28995733627698916
968,1494,boulgou(tenkodogo),zankougdgo,burkina_faso,11/6/2009,5,1,-0.999960121,1.0,11.786085461070222,-0.368035917,-1.498634617,-1.506856759,1.3333333333333333,0.8333333333333334,0.3666666666666665,11.8,-0.35,11.8,-0.35,11.8,-0.35,11.84816324,-0.394533913,1.4,-0.3084334560803005,-0.12594339622641507,204193245.53860202,0.2083060482875086,0.28995733627698916
969,1496,boulgou(tenkodogo),zankougdgo,burkina_faso,11/6/2009,5,1,-0.999960121,0.0,11.786085461070222,-0.368035917,-1.498634617,-1.506856759,1.3333333333333333,0.8333333333333334,0.3666666666666665,11.8,-0.35,11.8,-0.35,11.8,-0.35,11.84816324,-0.394533913,1.4,-0.3084334560803005,-0.12594339622641507,204193245.53860202,0.2083060482875086,0.28995733627698916
970,1497,boulgou(tenkodogo),zankougdgo,burkina_faso,11/6/2009,10,1,-0.964115769,1.0,11.786085461070222,-0.368035917,-1.498634617,-1.506856759,1.3333333333333333,0.8333333333333334,0.3666666666666665,11.8,-0.35,11.8,-0.35,11.8,-0.35,11.84816324,-0.394533913,1.4,-0.3084334560803005,-0.12594339622641507,204193245.53860202,0.2083060482875086,0.28995733627698916
971,1498,boulgou(tenkodogo),zankougdgo,burkina_faso,11/6/2009,6,1,-0.924686981,0.0,11.786085461070222,-0.368035917,-1.498634617,-1.506856759,1.3333333333333333,0.8333333333333334,0.3666666666666665,11.8,-0.35,11.8,-0.35,11.8,-0.35,11.84816324,-0.394533913,1.4,-0.3084334560803005,-0.12594339622641507,204193245.53860202,0.2083060482875086,0.28995733627698916
972,1499,boulgou(tenkodogo),zankougdgo,burkina_faso,11/6/2009,6,2,-1.021466732,1.0,11.786085461070222,-0.368035917,-1.498634617,-1.506856759,1.3333333333333333,0.8333333333333334,0.3666666666666665,11.8,-0.35,11.8,-0.35,11.8,-0.35,11.84816324,-0.394533913,1.4,-0.3084334560803005,-0.12594339622641507,204193245.53860202,0.2083060482875086,0.28995733627698916
973,1500,boulgou(tenkodogo),zankougdgo,burkina_faso,11/6/2009,3,1,-0.924686981,0.0,11.786085461070222,-0.368035917,-1.498634617,-1.506856759,1.3333333333333333,0.8333333333333334,0.3666666666666665,11.8,-0.35,11.8,-0.35,11.8,-0.35,11.84816324,-0.394533913,1.4,-0.3084334560803005,-0.12594339622641507,204193245.53860202,0.2083060482875086,0.28995733627698916
974,1501,boulgou(tenkodogo),zankougdgo,burkina_faso,11/6/2009,2,1,-0.913933675,0.0,11.786085461070222,-0.368035917,-1.498634617,-1.506856759,1.3333333333333333,0.8333333333333334,0.3666666666666665,11.8,-0.35,11.8,-0.35,11.8,-0.35,11.84816324,-0.394533913,1.4,-0.3084334560803005,-0.12594339622641507,204193245.53860202,0.2083060482875086,0.28995733627698916
975,1502,boulgou(tenkodogo),zankougdgo,burkina_faso,11/6/2009,2,1,-0.935440287,0.0,11.786085461070222,-0.368035917,-1.498634617,-1.506856759,1.3333333333333333,0.8333333333333334,0.3666666666666665,11.8,-0.35,11.8,-0.35,11.8,-0.35,11.84816324,-0.394533913,1.4,-0.3084334560803005,-0.12594339622641507,204193245.53860202,0.2083060482875086,0.28995733627698916
976,1504,boulgou(tenkodogo),zankougdgo,burkina_faso,11/6/2009,5,1,-0.946193592,1.0,11.786085461070222,-0.368035917,-1.498634617,-1.506856759,1.3333333333333333,0.8333333333333334,0.3666666666666665,11.8,-0.35,11.8,-0.35,11.8,-0.35,11.84816324,-0.394533913,1.4,-0.3084334560803005,-0.12594339622641507,204193245.53860202,0.2083060482875086,0.28995733627698916
977,1507,boulgou(tenkodogo),zankougdgo,burkina_faso,11/6/2009,5,1,-0.758894702,1.0,11.786085461070222,-0.368035917,-1.498634617,-1.506856759,1.3333333333333333,0.8333333333333334,0.3666666666666665,11.8,-0.35,11.8,-0.35,11.8,-0.35,11.84816324,-0.394533913,1.4,-0.3084334560803005,-0.12594339622641507,204193245.53860202,0.2083060482875086,0.28995733627698916
978,1508,boulgou(tenkodogo),zankougdgo,burkina_faso,11/6/2009,15,1,-0.93275196,1.0,11.786085461070222,-0.368035917,-1.498634617,-1.506856759,1.3333333333333333,0.8333333333333334,0.3666666666666665,11.8,-0.35,11.8,-0.35,11.8,-0.35,11.84816324,-0.394533913,1.4,-0.3084334560803005,-0.12594339622641507,204193245.53860202,0.2083060482875086,0.28995733627698916
979,1509,boulgou(tenkodogo),zankougdgo,burkina_faso,11/6/2009,12,1,-0.956946898,1.0,11.786085461070222,-0.368035917,-1.498634617,-1.506856759,1.3333333333333333,0.8333333333333334,0.3666666666666665,11.8,-0.35,11.8,-0.35,11.8,-0.35,11.84816324,-0.394533913,1.4,-0.3084334560803005,-0.12594339622641507,204193245.53860202,0.2083060482875086,0.28995733627698916
980,1510,boulgou(tenkodogo),zankougdgo,burkina_faso,11/6/2009,7,1,-0.92253632,1.0,11.786085461070222,-0.368035917,-1.498634617,-1.506856759,1.3333333333333333,0.8333333333333334,0.3666666666666665,11.8,-0.35,11.8,-0.35,11.8,-0.35,11.84816324,-0.394533913,1.4,-0.3084334560803005,-0.12594339622641507,204193245.53860202,0.2083060482875086,0.28995733627698916
981,1511,boulgou(tenkodogo),zankougdgo,burkina_faso,11/6/2009,9,1,-0.930947593,0.0,11.786085461070222,-0.368035917,-1.498634617,-1.506856759,1.3333333333333333,0.8333333333333334,0.3666666666666665,11.8,-0.35,11.8,-0.35,11.8,-0.35,11.84816324,-0.394533913,1.4,-0.3084334560803005,-0.12594339622641507,204193245.53860202,0.2083060482875086,0.28995733627698916
982,1513,boulgou(tenkodogo),zeke,burkina_faso,11/11/2009,6,1,-0.866427759,0.0,11.786085461070222,-0.368035917,-1.498634617,-1.506856759,1.3333333333333333,0.8333333333333334,0.3666666666666665,11.8,-0.35,11.8,-0.35,11.8,-0.35,11.84816324,-0.394533913,1.4,-0.3084334560803005,-0.12594339622641507,204193245.53860202,0.2083060482875086,0.28995733627698916
983,1514,boulgou(tenkodogo),zeke,burkina_faso,11/11/2009,10,1,-1.107493178,0.0,11.786085461070222,-0.368035917,-1.498634617,-1.506856759,1.3333333333333333,0.8333333333333334,0.3666666666666665,11.8,-0.35,11.8,-0.35,11.8,-0.35,11.84816324,-0.394533913,1.4,-0.3084334560803005,-0.12594339622641507,204193245.53860202,0.2083060482875086,0.28995733627698916
984,1515,boulgou(tenkodogo),zeke,burkina_faso,11/11/2009,3,1,0.3411304811435417,0.0,11.786085461070222,-0.368035917,-1.498634617,-1.506856759,1.3333333333333333,0.8333333333333334,0.3666666666666665,11.8,-0.35,11.8,-0.35,11.8,-0.35,11.84816324,-0.394533913,1.4,-0.3084334560803005,-0.12594339622641507,204193245.53860202,0.2083060482875086,0.28995733627698916
985,1516,boulgou(tenkodogo),zeke,burkina_faso,11/11/2009,4,1,-0.978453509,1.0,11.786085461070222,-0.368035917,-1.498634617,-1.506856759,1.3333333333333333,0.8333333333333334,0.3666666666666665,11.8,-0.35,11.8,-0.35,11.8,-0.35,11.84816324,-0.394533913,1.4,-0.3084334560803005,-0.12594339622641507,204193245.53860202,0.2083060482875086,0.28995733627698916
986,1517,boulgou(tenkodogo),zeke,burkina_faso,11/11/2009,4,1,-0.766063572,1.0,11.786085461070222,-0.368035917,-1.498634617,-1.506856759,1.3333333333333333,0.8333333333333334,0.3666666666666665,11.8,-0.35,11.8,-0.35,11.8,-0.35,11.84816324,-0.394533913,1.4,-0.3084334560803005,-0.12594339622641507,204193245.53860202,0.2083060482875086,0.28995733627698916
987,1519,boulgou(tenkodogo),zeke,burkina_faso,11/11/2009,17,1,-0.810510569,1.0,11.786085461070222,-0.368035917,-1.498634617,-1.506856759,1.3333333333333333,0.8333333333333334,0.3666666666666665,11.8,-0.35,11.8,-0.35,11.8,-0.35,11.84816324,-0.394533913,1.4,-0.3084334560803005,-0.12594339622641507,204193245.53860202,0.2083060482875086,0.28995733627698916
988,1522,boulgou(tenkodogo),zeke,burkina_faso,11/11/2009,7,1,-0.81266123,1.0,11.786085461070222,-0.368035917,-1.498634617,-1.506856759,1.3333333333333333,0.8333333333333334,0.3666666666666665,11.8,-0.35,11.8,-0.35,11.8,-0.35,11.84816324,-0.394533913,1.4,-0.3084334560803005,-0.12594339622641507,204193245.53860202,0.2083060482875086,0.28995733627698916
989,1523,boulgou(tenkodogo),zeke,burkina_faso,11/11/2009,6,1,-0.780401313,1.0,11.786085461070222,-0.368035917,-1.498634617,-1.506856759,1.3333333333333333,0.8333333333333334,0.3666666666666665,11.8,-0.35,11.8,-0.35,11.8,-0.35,11.84816324,-0.394533913,1.4,-0.3084334560803005,-0.12594339622641507,204193245.53860202,0.2083060482875086,0.28995733627698916
990,1525,boulgou(tenkodogo),zeke,burkina_faso,11/11/2009,6,1,-0.780401313,0.0,11.786085461070222,-0.368035917,-1.498634617,-1.506856759,1.3333333333333333,0.8333333333333334,0.3666666666666665,11.8,-0.35,11.8,-0.35,11.8,-0.35,11.84816324,-0.394533913,1.4,-0.3084334560803005,-0.12594339622641507,204193245.53860202,0.2083060482875086,0.28995733627698916
991,1526,boulgou(tenkodogo),zeke,burkina_faso,11/11/2009,7,1,0.4782472783277984,1.0,11.786085461070222,-0.368035917,-1.498634617,-1.506856759,1.3333333333333333,0.8333333333333334,0.3666666666666665,11.8,-0.35,11.8,-0.35,11.8,-0.35,11.84816324,-0.394533913,1.4,-0.3084334560803005,-0.12594339622641507,204193245.53860202,0.2083060482875086,0.28995733627698916
992,1527,boulgou(tenkodogo),zeke,burkina_faso,11/11/2009,2,1,-0.935440287,0.0,11.786085461070222,-0.368035917,-1.498634617,-1.506856759,1.3333333333333333,0.8333333333333334,0.3666666666666665,11.8,-0.35,11.8,-0.35,11.8,-0.35,11.84816324,-0.394533913,1.4,-0.3084334560803005,-0.12594339622641507,204193245.53860202,0.2083060482875086,0.28995733627698916
993,1528,boulgou(tenkodogo),zeke,burkina_faso,11/11/2009,11,1,0.4890005840211886,0.0,11.786085461070222,-0.368035917,-1.498634617,-1.506856759,1.3333333333333333,0.8333333333333334,0.3666666666666665,11.8,-0.35,11.8,-0.35,11.8,-0.35,11.84816324,-0.394533913,1.4,-0.3084334560803005,-0.12594339622641507,204193245.53860202,0.2083060482875086,0.28995733627698916
994,1530,boulgou(tenkodogo),zeke,burkina_faso,11/11/2009,10,1,-0.952454204,1.0,11.786085461070222,-0.368035917,-1.498634617,-1.506856759,1.3333333333333333,0.8333333333333334,0.3666666666666665,11.8,-0.35,11.8,-0.35,11.8,-0.35,11.84816324,-0.394533913,1.4,-0.3084334560803005,-0.12594339622641507,204193245.53860202,0.2083060482875086,0.28995733627698916
995,1531,boulgou(tenkodogo),zeke,burkina_faso,11/11/2009,10,1,-0.780401313,1.0,11.786085461070222,-0.368035917,-1.498634617,-1.506856759,1.3333333333333333,0.8333333333333334,0.3666666666666665,11.8,-0.35,11.8,-0.35,11.8,-0.35,11.84816324,-0.394533913,1.4,-0.3084334560803005,-0.12594339622641507,204193245.53860202,0.2083060482875086,0.28995733627698916
996,1533,boulgou(tenkodogo),zeke,burkina_faso,11/11/2009,11,1,-0.448679532,0.0,11.786085461070222,-0.368035917,-1.498634617,-1.506856759,1.3333333333333333,0.8333333333333334,0.3666666666666665,11.8,-0.35,11.8,-0.35,11.8,-0.35,11.84816324,-0.394533913,1.4,-0.3084334560803005,-0.12594339622641507,204193245.53860202,0.2083060482875086,0.28995733627698916
997,1535,boulgou(tenkodogo),zeke,burkina_faso,11/11/2009,3,1,-0.956946898,1.0,11.786085461070222,-0.368035917,-1.498634617,-1.506856759,1.3333333333333333,0.8333333333333334,0.3666666666666665,11.8,-0.35,11.8,-0.35,11.8,-0.35,11.84816324,-0.394533913,1.4,-0.3084334560803005,-0.12594339622641507,204193245.53860202,0.2083060482875086,0.28995733627698916
998,1538,boulgou(tenkodogo),zeke,burkina_faso,11/11/2009,12,1,-1.021466732,1.0,11.786085461070222,-0.368035917,-1.498634617,-1.506856759,1.3333333333333333,0.8333333333333334,0.3666666666666665,11.8,-0.35,11.8,-0.35,11.8,-0.35,11.84816324,-0.394533913,1.4,-0.3084334560803005,-0.12594339622641507,204193245.53860202,0.2083060482875086,0.28995733627698916
999,1539,boulgou(tenkodogo),zeke,burkina_faso,11/11/2009,11,1,-1.010713427,1.0,11.786085461070222,-0.368035917,-1.498634617,-1.506856759,1.3333333333333333,0.8333333333333334,0.3666666666666665,11.8,-0.35,11.8,-0.35,11.8,-0.35,11.84816324,-0.394533913,1.4,-0.3084334560803005,-0.12594339622641507,204193245.53860202,0.2083060482875086,0.28995733627698916
1000,1540,boulgou(tenkodogo),zonse,burkina_faso,10/31/2009,15,1,-1.059987261,0.0,11.35575325177376,-0.635611602,-1.323091467,-1.323091467,1.0,0.6666666666666666,-0.166666667,11.35,-0.65,11.35,-0.65,11.35,-0.65,11.38732922,-0.694916179,1.3,-0.28824525613051194,-0.11518691588785042,98229109.60288581,0.19950327212991883,-0.10675435721418816
1001,1542,boulgou(tenkodogo),zonse,burkina_faso,10/31/2009,15,1,-0.791154619,1.0,11.35575325177376,-0.635611602,-1.323091467,-1.323091467,1.0,0.6666666666666666,-0.166666667,11.35,-0.65,11.35,-0.65,11.35,-0.65,11.38732922,-0.694916179,1.3,-0.28824525613051194,-0.11518691588785042,98229109.60288581,0.19950327212991883,-0.10675435721418816
1002,1545,boulgou(tenkodogo),zonse,burkina_faso,10/31/2009,2,1,-0.913933675,1.0,11.35575325177376,-0.635611602,-1.323091467,-1.323091467,1.0,0.6666666666666666,-0.166666667,11.35,-0.65,11.35,-0.65,11.35,-0.65,11.38732922,-0.694916179,1.3,-0.28824525613051194,-0.11518691588785042,98229109.60288581,0.19950327212991883,-0.10675435721418816
1003,1546,boulgou(tenkodogo),zonse,burkina_faso,10/31/2009,18,1,-0.956946898,1.0,11.35575325177376,-0.635611602,-1.323091467,-1.323091467,1.0,0.6666666666666666,-0.166666667,11.35,-0.65,11.35,-0.65,11.35,-0.65,11.38732922,-0.694916179,1.3,-0.28824525613051194,-0.11518691588785042,98229109.60288581,0.19950327212991883,-0.10675435721418816
1004,1547,boulgou(tenkodogo),zonse,burkina_faso,10/31/2009,2,1,3.758103136682641,1.0,11.35575325177376,-0.635611602,-1.323091467,-1.323091467,1.0,0.6666666666666666,-0.166666667,11.35,-0.65,11.35,-0.65,11.35,-0.65,11.38732922,-0.694916179,1.3,-0.28824525613051194,-0.11518691588785042,98229109.60288581,0.19950327212991883,-0.10675435721418816
1005,1548,boulgou(tenkodogo),zonse,burkina_faso,10/31/2009,8,1,-0.909440982,1.0,11.35575325177376,-0.635611602,-1.323091467,-1.323091467,1.0,0.6666666666666666,-0.166666667,11.35,-0.65,11.35,-0.65,11.35,-0.65,11.38732922,-0.694916179,1.3,-0.28824525613051194,-0.11518691588785042,98229109.60288581,0.19950327212991883,-0.10675435721418816
1006,1549,boulgou(tenkodogo),zonse,burkina_faso,10/31/2009,6,1,-0.780401313,0.0,11.35575325177376,-0.635611602,-1.323091467,-1.323091467,1.0,0.6666666666666666,-0.166666667,11.35,-0.65,11.35,-0.65,11.35,-0.65,11.38732922,-0.694916179,1.3,-0.28824525613051194,-0.11518691588785042,98229109.60288581,0.19950327212991883,-0.10675435721418816
1007,1550,boulgou(tenkodogo),zonse,burkina_faso,10/31/2009,6,1,-0.801907925,1.0,11.35575325177376,-0.635611602,-1.323091467,-1.323091467,1.0,0.6666666666666666,-0.166666667,11.35,-0.65,11.35,-0.65,11.35,-0.65,11.38732922,-0.694916179,1.3,-0.28824525613051194,-0.11518691588785042,98229109.60288581,0.19950327212991883,-0.10675435721418816
1008,1552,boulgou(tenkodogo),zonse,burkina_faso,10/31/2009,8,1,0.1701647927696028,1.0,11.35575325177376,-0.635611602,-1.323091467,-1.323091467,1.0,0.6666666666666666,-0.166666667,11.35,-0.65,11.35,-0.65,11.35,-0.65,11.38732922,-0.694916179,1.3,-0.28824525613051194,-0.11518691588785042,98229109.60288581,0.19950327212991883,-0.10675435721418816
1009,1555,boulgou(tenkodogo),zonse,burkina_faso,10/31/2009,3,1,-0.956946898,0.0,11.35575325177376,-0.635611602,-1.323091467,-1.323091467,1.0,0.6666666666666666,-0.166666667,11.35,-0.65,11.35,-0.65,11.35,-0.65,11.38732922,-0.694916179,1.3,-0.28824525613051194,-0.11518691588785042,98229109.60288581,0.19950327212991883,-0.10675435721418816
1010,1556,boulgou(tenkodogo),zonse,burkina_faso,10/31/2009,8,1,1.177599903264611,0.0,11.35575325177376,-0.635611602,-1.323091467,-1.323091467,1.0,0.6666666666666666,-0.166666667,11.35,-0.65,11.35,-0.65,11.35,-0.65,11.38732922,-0.694916179,1.3,-0.28824525613051194,-0.11518691588785042,98229109.60288581,0.19950327212991883,-0.10675435721418816
1011,1557,boulgou(tenkodogo),zonse,burkina_faso,10/31/2009,9,2,-0.930947593,1.0,11.35575325177376,-0.635611602,-1.323091467,-1.323091467,1.0,0.6666666666666666,-0.166666667,11.35,-0.65,11.35,-0.65,11.35,-0.65,11.38732922,-0.694916179,1.3,-0.28824525613051194,-0.11518691588785042,98229109.60288581,0.19950327212991883,-0.10675435721418816
1012,1558,boulgou(tenkodogo),zonse,burkina_faso,11/1/2009,5,1,-0.844921148,0.0,11.35575325177376,-0.635611602,-1.323091467,-1.323091467,1.0,0.6666666666666666,-0.166666667,11.35,-0.65,11.35,-0.65,11.35,-0.65,11.38732922,-0.694916179,1.3,-0.28824525613051194,-0.11518691588785042,98229109.60288581,0.19950327212991883,-0.10675435721418816
1013,1559,boulgou(tenkodogo),zonse,burkina_faso,10/31/2009,4,1,2.7269597678447632,1.0,11.35575325177376,-0.635611602,-1.323091467,-1.323091467,1.0,0.6666666666666666,-0.166666667,11.35,-0.65,11.35,-0.65,11.35,-0.65,11.38732922,-0.694916179,1.3,-0.28824525613051194,-0.11518691588785042,98229109.60288581,0.19950327212991883,-0.10675435721418816
1014,1562,boulgou(tenkodogo),zonse,burkina_faso,11/1/2009,6,3,5.131653777022564,0.0,11.35575325177376,-0.635611602,-1.323091467,-1.323091467,1.0,0.6666666666666666,-0.166666667,11.35,-0.65,11.35,-0.65,11.35,-0.65,11.38732922,-0.694916179,1.3,-0.28824525613051194,-0.11518691588785042,98229109.60288581,0.19950327212991883,-0.10675435721418816
1015,1563,boulgou(tenkodogo),zonse,burkina_faso,11/1/2009,5,1,-0.791154619,0.0,11.35575325177376,-0.635611602,-1.323091467,-1.323091467,1.0,0.6666666666666666,-0.166666667,11.35,-0.65,11.35,-0.65,11.35,-0.65,11.38732922,-0.694916179,1.3,-0.28824525613051194,-0.11518691588785042,98229109.60288581,0.19950327212991883,-0.10675435721418816
1016,1564,boulgou(tenkodogo),zonse,burkina_faso,11/1/2009,17,1,-0.480939449,1.0,11.35575325177376,-0.635611602,-1.323091467,-1.323091467,1.0,0.6666666666666666,-0.166666667,11.35,-0.65,11.35,-0.65,11.35,-0.65,11.38732922,-0.694916179,1.3,-0.28824525613051194,-0.11518691588785042,98229109.60288581,0.19950327212991883,-0.10675435721418816
1017,1565,boulgou(tenkodogo),zonse,burkina_faso,11/1/2009,2,1,-0.780401313,1.0,11.35575325177376,-0.635611602,-1.323091467,-1.323091467,1.0,0.6666666666666666,-0.166666667,11.35,-0.65,11.35,-0.65,11.35,-0.65,11.38732922,-0.694916179,1.3,-0.28824525613051194,-0.11518691588785042,98229109.60288581,0.19950327212991883,-0.10675435721418816
1018,1567,tuy(houndÃ©),bihoun,burkina_faso,11/1/2009,9,1,-0.738134826,0.0,11.67119878168943,-3.661070784,-1.631868497,-1.782772854,2.25,1.0,-0.333333333,11.65,-3.65,11.65,-3.65,11.65,-3.65,11.67040863,-3.793292763,1.4,-0.3710946355547224,0.18807277628032343,85908440.33170786,0.22204804918943052,-0.34302983750719773
1019,1568,tuy(houndÃ©),bihoun,burkina_faso,11/1/2009,5,1,-0.652108381,0.0,11.67119878168943,-3.661070784,-1.631868497,-1.782772854,2.25,1.0,-0.333333333,11.65,-3.65,11.65,-3.65,11.65,-3.65,11.67040863,-3.793292763,1.4,-0.3710946355547224,0.18807277628032343,85908440.33170786,0.22204804918943052,-0.34302983750719773
1020,1570,tuy(houndÃ©),bihoun,burkina_faso,11/1/2009,6,1,-0.956946898,1.0,11.67119878168943,-3.661070784,-1.631868497,-1.782772854,2.25,1.0,-0.333333333,11.65,-3.65,11.65,-3.65,11.65,-3.65,11.67040863,-3.793292763,1.4,-0.3710946355547224,0.18807277628032343,85908440.33170786,0.22204804918943052,-0.34302983750719773
1021,1577,tuy(houndÃ©),bihoun,burkina_faso,11/1/2009,5,1,-0.764271355,0.0,11.67119878168943,-3.661070784,-1.631868497,-1.782772854,2.25,1.0,-0.333333333,11.65,-3.65,11.65,-3.65,11.65,-3.65,11.67040863,-3.793292763,1.4,-0.3710946355547224,0.18807277628032343,85908440.33170786,0.22204804918943052,-0.34302983750719773
1022,1578,tuy(houndÃ©),bihoun,burkina_faso,11/1/2009,8,2,-0.418211832,1.0,11.67119878168943,-3.661070784,-1.631868497,-1.782772854,2.25,1.0,-0.333333333,11.65,-3.65,11.65,-3.65,11.65,-3.65,11.67040863,-3.793292763,1.4,-0.3710946355547224,0.18807277628032343,85908440.33170786,0.22204804918943052,-0.34302983750719773
1023,1580,tuy(houndÃ©),bihoun,burkina_faso,11/1/2009,16,3,3.1292823641391214,1.0,11.67119878168943,-3.661070784,-1.631868497,-1.782772854,2.25,1.0,-0.333333333,11.65,-3.65,11.65,-3.65,11.65,-3.65,11.67040863,-3.793292763,1.4,-0.3710946355547224,0.18807277628032343,85908440.33170786,0.22204804918943052,-0.34302983750719773
1024,1581,tuy(houndÃ©),bihoun,burkina_faso,11/30/2009,9,1,1.7315244558763012,1.0,11.67119878168943,-3.661070784,-1.631868497,-1.782772854,2.25,1.0,-0.333333333,11.65,-3.65,11.65,-3.65,11.65,-3.65,11.67040863,-3.793292763,1.4,-0.3710946355547224,0.18807277628032343,85908440.33170786,0.22204804918943052,-0.34302983750719773
1025,1584,tuy(houndÃ©),bihoun,burkina_faso,11/17/2009,15,1,2.042507719225057,0.0,11.67119878168943,-3.661070784,-1.631868497,-1.782772854,2.25,1.0,-0.333333333,11.65,-3.65,11.65,-3.65,11.65,-3.65,11.67040863,-3.793292763,1.4,-0.3710946355547224,0.18807277628032343,85908440.33170786,0.22204804918943052,-0.34302983750719773
1026,1585,tuy(houndÃ©),bihoun,burkina_faso,11/3/2009,1,1,5.473752111858362,1.0,11.67119878168943,-3.661070784,-1.631868497,-1.782772854,2.25,1.0,-0.333333333,11.65,-3.65,11.65,-3.65,11.65,-3.65,11.67040863,-3.793292763,1.4,-0.3710946355547224,0.18807277628032343,85908440.33170786,0.22204804918943052,-0.34302983750719773
1027,1590,tuy(houndÃ©),bihoun,burkina_faso,11/1/2009,8,1,-0.475562796,1.0,11.67119878168943,-3.661070784,-1.631868497,-1.782772854,2.25,1.0,-0.333333333,11.65,-3.65,11.65,-3.65,11.65,-3.65,11.67040863,-3.793292763,1.4,-0.3710946355547224,0.18807277628032343,85908440.33170786,0.22204804918943052,-0.34302983750719773
1028,1592,tuy(houndÃ©),bihoun,burkina_faso,11/1/2009,17,1,-0.755148744,1.0,11.67119878168943,-3.661070784,-1.631868497,-1.782772854,2.25,1.0,-0.333333333,11.65,-3.65,11.65,-3.65,11.65,-3.65,11.67040863,-3.793292763,1.4,-0.3710946355547224,0.18807277628032343,85908440.33170786,0.22204804918943052,-0.34302983750719773
1029,1594,tuy(houndÃ©),lokoa,burkina_faso,11/2/2009,10,1,-0.616264029,1.0,11.489445114846363,-3.522869838,-1.59856689,-1.749549776,2.25,1.0,-0.333333333,11.5,-3.5,11.5,-3.5,11.5,-3.5,11.49964591,-3.527335183,1.4,-0.36740959542138235,0.1975067385444744,192276626.4625968,0.2282433495614631,-0.40881542653607844
1030,1595,tuy(houndÃ©),lokoa,burkina_faso,11/2/2009,5,2,-0.764271355,1.0,11.489445114846363,-3.522869838,-1.59856689,-1.749549776,2.25,1.0,-0.333333333,11.5,-3.5,11.5,-3.5,11.5,-3.5,11.49964591,-3.527335183,1.4,-0.36740959542138235,0.1975067385444744,192276626.4625968,0.2282433495614631,-0.40881542653607844
1031,1596,tuy(houndÃ©),lokoa,burkina_faso,11/2/2009,11,3,0.8368523240329969,1.0,11.489445114846363,-3.522869838,-1.59856689,-1.749549776,2.25,1.0,-0.333333333,11.5,-3.5,11.5,-3.5,11.5,-3.5,11.49964591,-3.527335183,1.4,-0.36740959542138235,0.1975067385444744,192276626.4625968,0.2282433495614631,-0.40881542653607844
1032,1597,tuy(houndÃ©),lokoa,burkina_faso,11/2/2009,14,2,0.2493082813839052,1.0,11.489445114846363,-3.522869838,-1.59856689,-1.749549776,2.25,1.0,-0.333333333,11.5,-3.5,11.5,-3.5,11.5,-3.5,11.49964591,-3.527335183,1.4,-0.36740959542138235,0.1975067385444744,192276626.4625968,0.2282433495614631,-0.40881542653607844
1033,1599,tuy(houndÃ©),lokoa,burkina_faso,11/2/2009,10,1,-0.809076795,1.0,11.489445114846363,-3.522869838,-1.59856689,-1.749549776,2.25,1.0,-0.333333333,11.5,-3.5,11.5,-3.5,11.5,-3.5,11.49964591,-3.527335183,1.4,-0.36740959542138235,0.1975067385444744,192276626.4625968,0.2282433495614631,-0.40881542653607844
1034,1600,tuy(houndÃ©),lokoa,burkina_faso,11/2/2009,9,4,-0.738134826,1.0,11.489445114846363,-3.522869838,-1.59856689,-1.749549776,2.25,1.0,-0.333333333,11.5,-3.5,11.5,-3.5,11.5,-3.5,11.49964591,-3.527335183,1.4,-0.36740959542138235,0.1975067385444744,192276626.4625968,0.2282433495614631,-0.40881542653607844
1035,1602,tuy(houndÃ©),lokoa,burkina_faso,11/2/2009,13,1,-1.016974039,0.0,11.489445114846363,-3.522869838,-1.59856689,-1.749549776,2.25,1.0,-0.333333333,11.5,-3.5,11.5,-3.5,11.5,-3.5,11.49964591,-3.527335183,1.4,-0.36740959542138235,0.1975067385444744,192276626.4625968,0.2282433495614631,-0.40881542653607844
1036,1604,tuy(houndÃ©),lokoa,burkina_faso,11/2/2009,12,1,-0.995467427,0.0,11.489445114846363,-3.522869838,-1.59856689,-1.749549776,2.25,1.0,-0.333333333,11.5,-3.5,11.5,-3.5,11.5,-3.5,11.49964591,-3.527335183,1.4,-0.36740959542138235,0.1975067385444744,192276626.4625968,0.2282433495614631,-0.40881542653607844
1037,1605,tuy(houndÃ©),lokoa,burkina_faso,11/2/2009,4,1,-0.766063572,0.0,11.489445114846363,-3.522869838,-1.59856689,-1.749549776,2.25,1.0,-0.333333333,11.5,-3.5,11.5,-3.5,11.5,-3.5,11.49964591,-3.527335183,1.4,-0.36740959542138235,0.1975067385444744,192276626.4625968,0.2282433495614631,-0.40881542653607844
1038,1606,tuy(houndÃ©),lokoa,burkina_faso,11/2/2009,9,1,-0.834167842,1.0,11.489445114846363,-3.522869838,-1.59856689,-1.749549776,2.25,1.0,-0.333333333,11.5,-3.5,11.5,-3.5,11.5,-3.5,11.49964591,-3.527335183,1.4,-0.36740959542138235,0.1975067385444744,192276626.4625968,0.2282433495614631,-0.40881542653607844
1039,1607,tuy(houndÃ©),lokoa,burkina_faso,11/2/2009,8,1,-1.064479955,0.0,11.489445114846363,-3.522869838,-1.59856689,-1.749549776,2.25,1.0,-0.333333333,11.5,-3.5,11.5,-3.5,11.5,-3.5,11.49964591,-3.527335183,1.4,-0.36740959542138235,0.1975067385444744,192276626.4625968,0.2282433495614631,-0.40881542653607844
1040,1610,tuy(houndÃ©),lokoa,burkina_faso,11/2/2009,4,1,-0.978453509,0.0,11.489445114846363,-3.522869838,-1.59856689,-1.749549776,2.25,1.0,-0.333333333,11.5,-3.5,11.5,-3.5,11.5,-3.5,11.49964591,-3.527335183,1.4,-0.36740959542138235,0.1975067385444744,192276626.4625968,0.2282433495614631,-0.40881542653607844
1041,1611,tuy(houndÃ©),lokoa,burkina_faso,11/2/2009,8,1,-0.978453509,0.0,11.489445114846363,-3.522869838,-1.59856689,-1.749549776,2.25,1.0,-0.333333333,11.5,-3.5,11.5,-3.5,11.5,-3.5,11.49964591,-3.527335183,1.4,-0.36740959542138235,0.1975067385444744,192276626.4625968,0.2282433495614631,-0.40881542653607844
1042,1615,tuy(houndÃ©),lokoa,burkina_faso,11/2/2009,20,1,-0.780401313,0.0,11.489445114846363,-3.522869838,-1.59856689,-1.749549776,2.25,1.0,-0.333333333,11.5,-3.5,11.5,-3.5,11.5,-3.5,11.49964591,-3.527335183,1.4,-0.36740959542138235,0.1975067385444744,192276626.4625968,0.2282433495614631,-0.40881542653607844
1043,1616,tuy(houndÃ©),lokoa,burkina_faso,11/2/2009,11,1,-0.796531272,1.0,11.489445114846363,-3.522869838,-1.59856689,-1.749549776,2.25,1.0,-0.333333333,11.5,-3.5,11.5,-3.5,11.5,-3.5,11.49964591,-3.527335183,1.4,-0.36740959542138235,0.1975067385444744,192276626.4625968,0.2282433495614631,-0.40881542653607844
1044,1617,tuy(houndÃ©),lokoa,burkina_faso,11/2/2009,8,1,-0.921102546,1.0,11.489445114846363,-3.522869838,-1.59856689,-1.749549776,2.25,1.0,-0.333333333,11.5,-3.5,11.5,-3.5,11.5,-3.5,11.49964591,-3.527335183,1.4,-0.36740959542138235,0.1975067385444744,192276626.4625968,0.2282433495614631,-0.40881542653607844
1045,1618,tuy(houndÃ©),lokoa,burkina_faso,11/2/2009,9,1,2.9348146032567843,1.0,11.489445114846363,-3.522869838,-1.59856689,-1.749549776,2.25,1.0,-0.333333333,11.5,-3.5,11.5,-3.5,11.5,-3.5,11.49964591,-3.527335183,1.4,-0.36740959542138235,0.1975067385444744,192276626.4625968,0.2282433495614631,-0.40881542653607844
1046,1619,tuy(houndÃ©),lokoa,burkina_faso,11/2/2009,8,1,-0.780401313,1.0,11.489445114846363,-3.522869838,-1.59856689,-1.749549776,2.25,1.0,-0.333333333,11.5,-3.5,11.5,-3.5,11.5,-3.5,11.49964591,-3.527335183,1.4,-0.36740959542138235,0.1975067385444744,192276626.4625968,0.2282433495614631,-0.40881542653607844
1047,1624,tuy(houndÃ©),ouoro,burkina_faso,10/30/2009,5,1,-0.946193592,1.0,11.489445114846363,-3.522869838,-1.59856689,-1.749549776,2.25,1.0,-0.333333333,11.5,-3.5,11.5,-3.5,11.5,-3.5,11.49964591,-3.527335183,1.4,-0.36740959542138235,0.1975067385444744,192276626.4625968,0.2282433495614631,-0.40881542653607844
1048,1626,tuy(houndÃ©),ouoro,burkina_faso,10/30/2009,13,3,-0.529329325,1.0,11.489445114846363,-3.522869838,-1.59856689,-1.749549776,2.25,1.0,-0.333333333,11.5,-3.5,11.5,-3.5,11.5,-3.5,11.49964591,-3.527335183,1.4,-0.36740959542138235,0.1975067385444744,192276626.4625968,0.2282433495614631,-0.40881542653607844
1049,1627,tuy(houndÃ©),ouoro,burkina_faso,10/31/2009,20,2,4.591603261999811,1.0,11.489445114846363,-3.522869838,-1.59856689,-1.749549776,2.25,1.0,-0.333333333,11.5,-3.5,11.5,-3.5,11.5,-3.5,11.49964591,-3.527335183,1.4,-0.36740959542138235,0.1975067385444744,192276626.4625968,0.2282433495614631,-0.40881542653607844
1050,1628,tuy(houndÃ©),ouoro,burkina_faso,10/12/2009,16,2,-0.823414536,1.0,11.489445114846363,-3.522869838,-1.59856689,-1.749549776,2.25,1.0,-0.333333333,11.5,-3.5,11.5,-3.5,11.5,-3.5,11.49964591,-3.527335183,1.4,-0.36740959542138235,0.1975067385444744,192276626.4625968,0.2282433495614631,-0.40881542653607844
1051,1629,tuy(houndÃ©),ouoro,burkina_faso,11/6/2009,4,5,5.223523671806314,1.0,11.489445114846363,-3.522869838,-1.59856689,-1.749549776,2.25,1.0,-0.333333333,11.5,-3.5,11.5,-3.5,11.5,-3.5,11.49964591,-3.527335183,1.4,-0.36740959542138235,0.1975067385444744,192276626.4625968,0.2282433495614631,-0.40881542653607844
1052,1630,tuy(houndÃ©),ouoro,burkina_faso,10/30/2009,5,2,-0.764271355,1.0,11.489445114846363,-3.522869838,-1.59856689,-1.749549776,2.25,1.0,-0.333333333,11.5,-3.5,11.5,-3.5,11.5,-3.5,11.49964591,-3.527335183,1.4,-0.36740959542138235,0.1975067385444744,192276626.4625968,0.2282433495614631,-0.40881542653607844
1053,1631,tuy(houndÃ©),ouoro,burkina_faso,10/30/2009,4,2,-0.780401313,1.0,11.489445114846363,-3.522869838,-1.59856689,-1.749549776,2.25,1.0,-0.333333333,11.5,-3.5,11.5,-3.5,11.5,-3.5,11.49964591,-3.527335183,1.4,-0.36740959542138235,0.1975067385444744,192276626.4625968,0.2282433495614631,-0.40881542653607844
1054,1632,tuy(houndÃ©),ouoro,burkina_faso,10/31/2009,7,1,-1.042973344,0.0,11.489445114846363,-3.522869838,-1.59856689,-1.749549776,2.25,1.0,-0.333333333,11.5,-3.5,11.5,-3.5,11.5,-3.5,11.49964591,-3.527335183,1.4,-0.36740959542138235,0.1975067385444744,192276626.4625968,0.2282433495614631,-0.40881542653607844
1055,1633,tuy(houndÃ©),ouoro,burkina_faso,10/31/2009,3,4,-0.758894702,1.0,11.489445114846363,-3.522869838,-1.59856689,-1.749549776,2.25,1.0,-0.333333333,11.5,-3.5,11.5,-3.5,11.5,-3.5,11.49964591,-3.527335183,1.4,-0.36740959542138235,0.1975067385444744,192276626.4625968,0.2282433495614631,-0.40881542653607844
1056,1635,tuy(houndÃ©),ouoro,burkina_faso,10/30/2009,7,1,-0.967700204,0.0,11.489445114846363,-3.522869838,-1.59856689,-1.749549776,2.25,1.0,-0.333333333,11.5,-3.5,11.5,-3.5,11.5,-3.5,11.49964591,-3.527335183,1.4,-0.36740959542138235,0.1975067385444744,192276626.4625968,0.2282433495614631,-0.40881542653607844
1057,1644,tuy(houndÃ©),ouoro,burkina_faso,10/31/2009,7,3,2.37014694,1.0,11.489445114846363,-3.522869838,-1.59856689,-1.749549776,2.25,1.0,-0.333333333,11.5,-3.5,11.5,-3.5,11.5,-3.5,11.49964591,-3.527335183,1.4,-0.36740959542138235,0.1975067385444744,192276626.4625968,0.2282433495614631,-0.40881542653607844
1058,1645,tuy(houndÃ©),ouoro,burkina_faso,10/31/2009,4,2,-0.780401313,1.0,11.489445114846363,-3.522869838,-1.59856689,-1.749549776,2.25,1.0,-0.333333333,11.5,-3.5,11.5,-3.5,11.5,-3.5,11.49964591,-3.527335183,1.4,-0.36740959542138235,0.1975067385444744,192276626.4625968,0.2282433495614631,-0.40881542653607844
1059,1647,tuy(houndÃ©),ouoro,burkina_faso,10/31/2009,12,3,2.3432636755216545,1.0,11.489445114846363,-3.522869838,-1.59856689,-1.749549776,2.25,1.0,-0.333333333,11.5,-3.5,11.5,-3.5,11.5,-3.5,11.49964591,-3.527335183,1.4,-0.36740959542138235,0.1975067385444744,192276626.4625968,0.2282433495614631,-0.40881542653607844
1060,1648,tuy(houndÃ©),pana,burkina_faso,11/4/2009,20,1,1.900455731205488,1.0,11.489445114846363,-3.522869838,-1.59856689,-1.749549776,2.25,1.0,-0.333333333,11.5,-3.5,11.5,-3.5,11.5,-3.5,11.49964591,-3.527335183,1.4,-0.36740959542138235,0.1975067385444744,192276626.4625968,0.2282433495614631,-0.40881542653607844
1061,1649,tuy(houndÃ©),pana,burkina_faso,11/4/2009,20,2,1.6977283522685036,0.0,11.489445114846363,-3.522869838,-1.59856689,-1.749549776,2.25,1.0,-0.333333333,11.5,-3.5,11.5,-3.5,11.5,-3.5,11.49964591,-3.527335183,1.4,-0.36740959542138235,0.1975067385444744,192276626.4625968,0.2282433495614631,-0.40881542653607844
1062,1650,tuy(houndÃ©),pana,burkina_faso,11/4/2009,13,1,-0.436134009,0.0,11.489445114846363,-3.522869838,-1.59856689,-1.749549776,2.25,1.0,-0.333333333,11.5,-3.5,11.5,-3.5,11.5,-3.5,11.49964591,-3.527335183,1.4,-0.36740959542138235,0.1975067385444744,192276626.4625968,0.2282433495614631,-0.40881542653607844
1063,1651,tuy(houndÃ©),pana,burkina_faso,11/4/2009,5,1,-0.946193592,1.0,11.489445114846363,-3.522869838,-1.59856689,-1.749549776,2.25,1.0,-0.333333333,11.5,-3.5,11.5,-3.5,11.5,-3.5,11.49964591,-3.527335183,1.4,-0.36740959542138235,0.1975067385444744,192276626.4625968,0.2282433495614631,-0.40881542653607844
1064,1652,tuy(houndÃ©),pana,burkina_faso,11/4/2009,15,2,-0.416419615,0.0,11.489445114846363,-3.522869838,-1.59856689,-1.749549776,2.25,1.0,-0.333333333,11.5,-3.5,11.5,-3.5,11.5,-3.5,11.49964591,-3.527335183,1.4,-0.36740959542138235,0.1975067385444744,192276626.4625968,0.2282433495614631,-0.40881542653607844
1065,1653,tuy(houndÃ©),pana,burkina_faso,11/4/2009,8,1,-0.432549573,0.0,11.489445114846363,-3.522869838,-1.59856689,-1.749549776,2.25,1.0,-0.333333333,11.5,-3.5,11.5,-3.5,11.5,-3.5,11.49964591,-3.527335183,1.4,-0.36740959542138235,0.1975067385444744,192276626.4625968,0.2282433495614631,-0.40881542653607844
1066,1654,tuy(houndÃ©),pana,burkina_faso,11/11/2009,7,1,-0.81266123,1.0,11.489445114846363,-3.522869838,-1.59856689,-1.749549776,2.25,1.0,-0.333333333,11.5,-3.5,11.5,-3.5,11.5,-3.5,11.49964591,-3.527335183,1.4,-0.36740959542138235,0.1975067385444744,192276626.4625968,0.2282433495614631,-0.40881542653607844
1067,1655,tuy(houndÃ©),pana,burkina_faso,11/4/2009,13,3,-0.529329325,0.0,11.489445114846363,-3.522869838,-1.59856689,-1.749549776,2.25,1.0,-0.333333333,11.5,-3.5,11.5,-3.5,11.5,-3.5,11.49964591,-3.527335183,1.4,-0.36740959542138235,0.1975067385444744,192276626.4625968,0.2282433495614631,-0.40881542653607844
1068,1656,tuy(houndÃ©),pana,burkina_faso,11/4/2009,6,2,-1.021466732,1.0,11.489445114846363,-3.522869838,-1.59856689,-1.749549776,2.25,1.0,-0.333333333,11.5,-3.5,11.5,-3.5,11.5,-3.5,11.49964591,-3.527335183,1.4,-0.36740959542138235,0.1975067385444744,192276626.4625968,0.2282433495614631,-0.40881542653607844
1069,1657,tuy(houndÃ©),pana,burkina_faso,11/4/2009,20,1,0.4750033100078504,0.0,11.489445114846363,-3.522869838,-1.59856689,-1.749549776,2.25,1.0,-0.333333333,11.5,-3.5,11.5,-3.5,11.5,-3.5,11.49964591,-3.527335183,1.4,-0.36740959542138235,0.1975067385444744,192276626.4625968,0.2282433495614631,-0.40881542653607844
1070,1658,tuy(houndÃ©),pana,burkina_faso,11/4/2009,8,1,-0.794739054,1.0,11.489445114846363,-3.522869838,-1.59856689,-1.749549776,2.25,1.0,-0.333333333,11.5,-3.5,11.5,-3.5,11.5,-3.5,11.49964591,-3.527335183,1.4,-0.36740959542138235,0.1975067385444744,192276626.4625968,0.2282433495614631,-0.40881542653607844
1071,1659,tuy(houndÃ©),pana,burkina_faso,11/4/2009,7,1,-0.787570184,1.0,11.489445114846363,-3.522869838,-1.59856689,-1.749549776,2.25,1.0,-0.333333333,11.5,-3.5,11.5,-3.5,11.5,-3.5,11.49964591,-3.527335183,1.4,-0.36740959542138235,0.1975067385444744,192276626.4625968,0.2282433495614631,-0.40881542653607844
1072,1660,tuy(houndÃ©),pana,burkina_faso,11/4/2009,9,3,-0.411042962,1.0,11.489445114846363,-3.522869838,-1.59856689,-1.749549776,2.25,1.0,-0.333333333,11.5,-3.5,11.5,-3.5,11.5,-3.5,11.49964591,-3.527335183,1.4,-0.36740959542138235,0.1975067385444744,192276626.4625968,0.2282433495614631,-0.40881542653607844
1073,1661,tuy(houndÃ©),pana,burkina_faso,11/4/2009,6,1,-0.758894702,1.0,11.489445114846363,-3.522869838,-1.59856689,-1.749549776,2.25,1.0,-0.333333333,11.5,-3.5,11.5,-3.5,11.5,-3.5,11.49964591,-3.527335183,1.4,-0.36740959542138235,0.1975067385444744,192276626.4625968,0.2282433495614631,-0.40881542653607844
1074,1662,tuy(houndÃ©),pana,burkina_faso,11/4/2009,6,1,-0.935440287,0.0,11.489445114846363,-3.522869838,-1.59856689,-1.749549776,2.25,1.0,-0.333333333,11.5,-3.5,11.5,-3.5,11.5,-3.5,11.49964591,-3.527335183,1.4,-0.36740959542138235,0.1975067385444744,192276626.4625968,0.2282433495614631,-0.40881542653607844
1075,1663,tuy(houndÃ©),pana,burkina_faso,11/4/2009,6,1,1.7161625906000295,1.0,11.489445114846363,-3.522869838,-1.59856689,-1.749549776,2.25,1.0,-0.333333333,11.5,-3.5,11.5,-3.5,11.5,-3.5,11.49964591,-3.527335183,1.4,-0.36740959542138235,0.1975067385444744,192276626.4625968,0.2282433495614631,-0.40881542653607844
1076,1664,tuy(houndÃ©),pana,burkina_faso,11/4/2009,3,1,1.5718769229535128,1.0,11.489445114846363,-3.522869838,-1.59856689,-1.749549776,2.25,1.0,-0.333333333,11.5,-3.5,11.5,-3.5,11.5,-3.5,11.49964591,-3.527335183,1.4,-0.36740959542138235,0.1975067385444744,192276626.4625968,0.2282433495614631,-0.40881542653607844
1077,1665,tuy(houndÃ©),pana,burkina_faso,11/4/2009,6,1,1.7161625906000295,1.0,11.489445114846363,-3.522869838,-1.59856689,-1.749549776,2.25,1.0,-0.333333333,11.5,-3.5,11.5,-3.5,11.5,-3.5,11.49964591,-3.527335183,1.4,-0.36740959542138235,0.1975067385444744,192276626.4625968,0.2282433495614631,-0.40881542653607844
1078,1675,tuy(houndÃ©),saho,burkina_faso,11/3/2009,7,1,-1.042973344,1.0,11.489445114846363,-3.522869838,-1.59856689,-1.749549776,2.25,1.0,-0.333333333,11.5,-3.5,11.5,-3.5,11.5,-3.5,11.49964591,-3.527335183,1.4,-0.36740959542138235,0.1975067385444744,192276626.4625968,0.2282433495614631,-0.40881542653607844
1079,1677,tuy(houndÃ©),saho,burkina_faso,11/3/2009,10,2,-0.773232443,1.0,11.489445114846363,-3.522869838,-1.59856689,-1.749549776,2.25,1.0,-0.333333333,11.5,-3.5,11.5,-3.5,11.5,-3.5,11.49964591,-3.527335183,1.4,-0.36740959542138235,0.1975067385444744,192276626.4625968,0.2282433495614631,-0.40881542653607844
1080,1679,tuy(houndÃ©),saho,burkina_faso,11/3/2009,9,4,1.6946559792132492,1.0,11.489445114846363,-3.522869838,-1.59856689,-1.749549776,2.25,1.0,-0.333333333,11.5,-3.5,11.5,-3.5,11.5,-3.5,11.49964591,-3.527335183,1.4,-0.36740959542138235,0.1975067385444744,192276626.4625968,0.2282433495614631,-0.40881542653607844
1081,1680,tuy(houndÃ©),saho,burkina_faso,11/3/2009,5,1,-0.999960121,0.0,11.489445114846363,-3.522869838,-1.59856689,-1.749549776,2.25,1.0,-0.333333333,11.5,-3.5,11.5,-3.5,11.5,-3.5,11.49964591,-3.527335183,1.4,-0.36740959542138235,0.1975067385444744,192276626.4625968,0.2282433495614631,-0.40881542653607844
1082,1681,tuy(houndÃ©),saho,burkina_faso,11/3/2009,11,2,2.047884372071752,1.0,11.489445114846363,-3.522869838,-1.59856689,-1.749549776,2.25,1.0,-0.333333333,11.5,-3.5,11.5,-3.5,11.5,-3.5,11.49964591,-3.527335183,1.4,-0.36740959542138235,0.1975067385444744,192276626.4625968,0.2282433495614631,-0.40881542653607844
1083,1682,tuy(houndÃ©),saho,burkina_faso,11/3/2009,8,1,-1.064479955,0.0,11.489445114846363,-3.522869838,-1.59856689,-1.749549776,2.25,1.0,-0.333333333,11.5,-3.5,11.5,-3.5,11.5,-3.5,11.49964591,-3.527335183,1.4,-0.36740959542138235,0.1975067385444744,192276626.4625968,0.2282433495614631,-0.40881542653607844
1084,1683,tuy(houndÃ©),saho,burkina_faso,11/2/2009,12,1,1.673149367826469,1.0,11.489445114846363,-3.522869838,-1.59856689,-1.749549776,2.25,1.0,-0.333333333,11.5,-3.5,11.5,-3.5,11.5,-3.5,11.49964591,-3.527335183,1.4,-0.36740959542138235,0.1975067385444744,192276626.4625968,0.2282433495614631,-0.40881542653607844
1085,1684,tuy(houndÃ©),saho,burkina_faso,11/2/2009,6,1,1.6946559792132492,1.0,11.489445114846363,-3.522869838,-1.59856689,-1.749549776,2.25,1.0,-0.333333333,11.5,-3.5,11.5,-3.5,11.5,-3.5,11.49964591,-3.527335183,1.4,-0.36740959542138235,0.1975067385444744,192276626.4625968,0.2282433495614631,-0.40881542653607844
1086,1686,tuy(houndÃ©),saho,burkina_faso,11/3/2009,7,1,1.5665002701068178,1.0,11.489445114846363,-3.522869838,-1.59856689,-1.749549776,2.25,1.0,-0.333333333,11.5,-3.5,11.5,-3.5,11.5,-3.5,11.49964591,-3.527335183,1.4,-0.36740959542138235,0.1975067385444744,192276626.4625968,0.2282433495614631,-0.40881542653607844
1087,1688,tuy(houndÃ©),saho,burkina_faso,11/3/2009,6,1,-0.956946898,1.0,11.489445114846363,-3.522869838,-1.59856689,-1.749549776,2.25,1.0,-0.333333333,11.5,-3.5,11.5,-3.5,11.5,-3.5,11.49964591,-3.527335183,1.4,-0.36740959542138235,0.1975067385444744,192276626.4625968,0.2282433495614631,-0.40881542653607844
1088,1689,tuy(houndÃ©),saho,burkina_faso,11/3/2009,14,1,-0.695121604,0.0,11.489445114846363,-3.522869838,-1.59856689,-1.749549776,2.25,1.0,-0.333333333,11.5,-3.5,11.5,-3.5,11.5,-3.5,11.49964591,-3.527335183,1.4,-0.36740959542138235,0.1975067385444744,192276626.4625968,0.2282433495614631,-0.40881542653607844
1089,1690,tuy(houndÃ©),saho,burkina_faso,11/3/2009,6,1,-1.021466732,0.0,11.489445114846363,-3.522869838,-1.59856689,-1.749549776,2.25,1.0,-0.333333333,11.5,-3.5,11.5,-3.5,11.5,-3.5,11.49964591,-3.527335183,1.4,-0.36740959542138235,0.1975067385444744,192276626.4625968,0.2282433495614631,-0.40881542653607844
1090,1695,tuy(houndÃ©),saho,burkina_faso,11/3/2009,5,1,-0.999960121,0.0,11.489445114846363,-3.522869838,-1.59856689,-1.749549776,2.25,1.0,-0.333333333,11.5,-3.5,11.5,-3.5,11.5,-3.5,11.49964591,-3.527335183,1.4,-0.36740959542138235,0.1975067385444744,192276626.4625968,0.2282433495614631,-0.40881542653607844
1091,1696,tuy(houndÃ©),saho,burkina_faso,11/3/2009,7,1,-1.042973344,1.0,11.489445114846363,-3.522869838,-1.59856689,-1.749549776,2.25,1.0,-0.333333333,11.5,-3.5,11.5,-3.5,11.5,-3.5,11.49964591,-3.527335183,1.4,-0.36740959542138235,0.1975067385444744,192276626.4625968,0.2282433495614631,-0.40881542653607844
1092,1697,tuy(houndÃ©),saho,burkina_faso,11/3/2009,10,2,-0.652108381,1.0,11.489445114846363,-3.522869838,-1.59856689,-1.749549776,2.25,1.0,-0.333333333,11.5,-3.5,11.5,-3.5,11.5,-3.5,11.49964591,-3.527335183,1.4,-0.36740959542138235,0.1975067385444744,192276626.4625968,0.2282433495614631,-0.40881542653607844
1093,1698,tuy(houndÃ©),saho,burkina_faso,11/3/2009,22,1,-1.017720774,0.0,11.489445114846363,-3.522869838,-1.59856689,-1.749549776,2.25,1.0,-0.333333333,11.5,-3.5,11.5,-3.5,11.5,-3.5,11.49964591,-3.527335183,1.4,-0.36740959542138235,0.1975067385444744,192276626.4625968,0.2282433495614631,-0.40881542653607844
1094,1699,tuy(houndÃ©),saho,burkina_faso,11/3/2009,7,2,-0.88793437,1.0,11.489445114846363,-3.522869838,-1.59856689,-1.749549776,2.25,1.0,-0.333333333,11.5,-3.5,11.5,-3.5,11.5,-3.5,11.49964591,-3.527335183,1.4,-0.36740959542138235,0.1975067385444744,192276626.4625968,0.2282433495614631,-0.40881542653607844
1095,1700,tuy(houndÃ©),saho,burkina_faso,11/3/2009,9,2,-1.085986566,0.0,11.489445114846363,-3.522869838,-1.59856689,-1.749549776,2.25,1.0,-0.333333333,11.5,-3.5,11.5,-3.5,11.5,-3.5,11.49964591,-3.527335183,1.4,-0.36740959542138235,0.1975067385444744,192276626.4625968,0.2282433495614631,-0.40881542653607844
1096,1701,tuy(houndÃ©),saho,burkina_faso,11/3/2009,14,1,-1.193519623,0.0,11.489445114846363,-3.522869838,-1.59856689,-1.749549776,2.25,1.0,-0.333333333,11.5,-3.5,11.5,-3.5,11.5,-3.5,11.49964591,-3.527335183,1.4,-0.36740959542138235,0.1975067385444744,192276626.4625968,0.2282433495614631,-0.40881542653607844
1097,1702,passorÃ©(yako),bokin secteur 2,burkina_faso,11/14/2009,15,1,5.051074584486631,1.0,13.00350966077545,-1.792657275,-1.559723298,-1.581189702,1.25,1.1666666666666667,-0.023809524,13.0,-1.8,13.0,-1.8,13.0,-1.8,12.98251538,-1.685227986,1.2,-0.21868860721588135,-0.1046296296296296,222404438.07885218,0.19248404503310332,-0.037669275975673634
1098,1705,passorÃ©(yako),bokin secteur 2,burkina_faso,11/14/2009,7,1,-0.81266123,0.0,13.00350966077545,-1.792657275,-1.559723298,-1.581189702,1.25,1.1666666666666667,-0.023809524,13.0,-1.8,13.0,-1.8,13.0,-1.8,12.98251538,-1.685227986,1.2,-0.21868860721588135,-0.1046296296296296,222404438.07885218,0.19248404503310332,-0.037669275975673634
1099,1706,passorÃ©(yako),bokin secteur 2,burkina_faso,11/14/2009,9,1,-0.566081935,0.0,13.00350966077545,-1.792657275,-1.559723298,-1.581189702,1.25,1.1666666666666667,-0.023809524,13.0,-1.8,13.0,-1.8,13.0,-1.8,12.98251538,-1.685227986,1.2,-0.21868860721588135,-0.1046296296296296,222404438.07885218,0.19248404503310332,-0.037669275975673634
1100,1708,passorÃ©(yako),bokin secteur 2,burkina_faso,11/14/2009,19,1,-0.795763179,0.0,13.00350966077545,-1.792657275,-1.559723298,-1.581189702,1.25,1.1666666666666667,-0.023809524,13.0,-1.8,13.0,-1.8,13.0,-1.8,12.98251538,-1.685227986,1.2,-0.21868860721588135,-0.1046296296296296,222404438.07885218,0.19248404503310332,-0.037669275975673634
1101,1709,passorÃ©(yako),bokin secteur 2,burkina_faso,11/14/2009,6,1,-0.755822329,1.0,13.00350966077545,-1.792657275,-1.559723298,-1.581189702,1.25,1.1666666666666667,-0.023809524,13.0,-1.8,13.0,-1.8,13.0,-1.8,12.98251538,-1.685227986,1.2,-0.21868860721588135,-0.1046296296296296,222404438.07885218,0.19248404503310332,-0.037669275975673634
1102,1710,passorÃ©(yako),bokin secteur 2,burkina_faso,11/14/2009,14,1,-0.566081935,1.0,13.00350966077545,-1.792657275,-1.559723298,-1.581189702,1.25,1.1666666666666667,-0.023809524,13.0,-1.8,13.0,-1.8,13.0,-1.8,12.98251538,-1.685227986,1.2,-0.21868860721588135,-0.1046296296296296,222404438.07885218,0.19248404503310332,-0.037669275975673634
1103,1712,passorÃ©(yako),bokin secteur 2,burkina_faso,11/13/2009,15,3,-0.956946898,0.0,13.00350966077545,-1.792657275,-1.559723298,-1.581189702,1.25,1.1666666666666667,-0.023809524,13.0,-1.8,13.0,-1.8,13.0,-1.8,12.98251538,-1.685227986,1.2,-0.21868860721588135,-0.1046296296296296,222404438.07885218,0.19248404503310332,-0.037669275975673634
1104,1713,passorÃ©(yako),bokin secteur 2,burkina_faso,11/14/2009,7,1,-0.967700204,1.0,13.00350966077545,-1.792657275,-1.559723298,-1.581189702,1.25,1.1666666666666667,-0.023809524,13.0,-1.8,13.0,-1.8,13.0,-1.8,12.98251538,-1.685227986,1.2,-0.21868860721588135,-0.1046296296296296,222404438.07885218,0.19248404503310332,-0.037669275975673634
1105,1714,passorÃ©(yako),bokin secteur 2,burkina_faso,11/13/2009,7,1,-0.787570184,1.0,13.00350966077545,-1.792657275,-1.559723298,-1.581189702,1.25,1.1666666666666667,-0.023809524,13.0,-1.8,13.0,-1.8,13.0,-1.8,12.98251538,-1.685227986,1.2,-0.21868860721588135,-0.1046296296296296,222404438.07885218,0.19248404503310332,-0.037669275975673634
1106,1716,passorÃ©(yako),bokin secteur 2,burkina_faso,11/13/2009,15,1,0.2390926409751845,1.0,13.00350966077545,-1.792657275,-1.559723298,-1.581189702,1.25,1.1666666666666667,-0.023809524,13.0,-1.8,13.0,-1.8,13.0,-1.8,12.98251538,-1.685227986,1.2,-0.21868860721588135,-0.1046296296296296,222404438.07885218,0.19248404503310332,-0.037669275975673634
1107,1717,passorÃ©(yako),bokin secteur 2,burkina_faso,11/13/2009,17,1,-0.581136563,1.0,13.00350966077545,-1.792657275,-1.559723298,-1.581189702,1.25,1.1666666666666667,-0.023809524,13.0,-1.8,13.0,-1.8,13.0,-1.8,12.98251538,-1.685227986,1.2,-0.21868860721588135,-0.1046296296296296,222404438.07885218,0.19248404503310332,-0.037669275975673634
1108,1718,passorÃ©(yako),bokin secteur 2,burkina_faso,11/14/2009,3,1,2.391653551,1.0,13.00350966077545,-1.792657275,-1.559723298,-1.581189702,1.25,1.1666666666666667,-0.023809524,13.0,-1.8,13.0,-1.8,13.0,-1.8,12.98251538,-1.685227986,1.2,-0.21868860721588135,-0.1046296296296296,222404438.07885218,0.19248404503310332,-0.037669275975673634
1109,1721,passorÃ©(yako),bokin secteur 2,burkina_faso,11/13/2009,9,1,-0.911783014,0.0,13.00350966077545,-1.792657275,-1.559723298,-1.581189702,1.25,1.1666666666666667,-0.023809524,13.0,-1.8,13.0,-1.8,13.0,-1.8,12.98251538,-1.685227986,1.2,-0.21868860721588135,-0.1046296296296296,222404438.07885218,0.19248404503310332,-0.037669275975673634
1110,1722,passorÃ©(yako),bokin secteur 2,burkina_faso,11/13/2009,17,1,-0.78308964,0.0,13.00350966077545,-1.792657275,-1.559723298,-1.581189702,1.25,1.1666666666666667,-0.023809524,13.0,-1.8,13.0,-1.8,13.0,-1.8,12.98251538,-1.685227986,1.2,-0.21868860721588135,-0.1046296296296296,222404438.07885218,0.19248404503310332,-0.037669275975673634
1111,1724,passorÃ©(yako),bokin secteur 2,burkina_faso,11/13/2009,15,1,3.2862647149650788,0.0,13.00350966077545,-1.792657275,-1.559723298,-1.581189702,1.25,1.1666666666666667,-0.023809524,13.0,-1.8,13.0,-1.8,13.0,-1.8,12.98251538,-1.685227986,1.2,-0.21868860721588135,-0.1046296296296296,222404438.07885218,0.19248404503310332,-0.037669275975673634
1112,1725,passorÃ©(yako),bokin secteur 2,burkina_faso,11/13/2009,22,1,0.6374977071524127,0.0,13.00350966077545,-1.792657275,-1.559723298,-1.581189702,1.25,1.1666666666666667,-0.023809524,13.0,-1.8,13.0,-1.8,13.0,-1.8,12.98251538,-1.685227986,1.2,-0.21868860721588135,-0.1046296296296296,222404438.07885218,0.19248404503310332,-0.037669275975673634
1113,1727,passorÃ©(yako),bokin secteur 2,burkina_faso,11/13/2009,12,1,-0.587588547,0.0,13.00350966077545,-1.792657275,-1.559723298,-1.581189702,1.25,1.1666666666666667,-0.023809524,13.0,-1.8,13.0,-1.8,13.0,-1.8,12.98251538,-1.685227986,1.2,-0.21868860721588135,-0.1046296296296296,222404438.07885218,0.19248404503310332,-0.037669275975673634
1114,1728,passorÃ©(yako),bokin secteur 2,burkina_faso,11/13/2009,14,1,6.2887917053335975,0.0,13.00350966077545,-1.792657275,-1.559723298,-1.581189702,1.25,1.1666666666666667,-0.023809524,13.0,-1.8,13.0,-1.8,13.0,-1.8,12.98251538,-1.685227986,1.2,-0.21868860721588135,-0.1046296296296296,222404438.07885218,0.19248404503310332,-0.037669275975673634
1115,1729,passorÃ©(yako),bouria,burkina_faso,11/1/2009,10,2,-0.768111821,1.0,12.831032143385691,-2.181604187,-1.487978101,-1.548028275,1.375,1.1666666666666667,-0.023809524,12.85,-2.2,12.85,-2.2,12.85,-2.2,12.76161893,-2.101418271,1.4,-0.24101712022508895,-0.04508086253369274,230252795.44717127,0.20883767160401653,0.22755522547622636
1116,1730,passorÃ©(yako),bouria,burkina_faso,11/1/2009,10,2,-0.443302879,1.0,12.831032143385691,-2.181604187,-1.487978101,-1.548028275,1.375,1.1666666666666667,-0.023809524,12.85,-2.2,12.85,-2.2,12.85,-2.2,12.76161893,-2.101418271,1.4,-0.24101712022508895,-0.04508086253369274,230252795.44717127,0.20883767160401653,0.22755522547622636
1117,1731,passorÃ©(yako),bouria,burkina_faso,11/1/2009,5,1,-0.913933675,1.0,12.831032143385691,-2.181604187,-1.487978101,-1.548028275,1.375,1.1666666666666667,-0.023809524,12.85,-2.2,12.85,-2.2,12.85,-2.2,12.76161893,-2.101418271,1.4,-0.24101712022508895,-0.04508086253369274,230252795.44717127,0.20883767160401653,0.22755522547622636
1118,1732,passorÃ©(yako),bouria,burkina_faso,11/1/2009,9,1,-0.94081694,1.0,12.831032143385691,-2.181604187,-1.487978101,-1.548028275,1.375,1.1666666666666667,-0.023809524,12.85,-2.2,12.85,-2.2,12.85,-2.2,12.76161893,-2.101418271,1.4,-0.24101712022508895,-0.04508086253369274,230252795.44717127,0.20883767160401653,0.22755522547622636
1119,1733,passorÃ©(yako),bouria,burkina_faso,11/1/2009,5,1,-0.928271416,1.0,12.831032143385691,-2.181604187,-1.487978101,-1.548028275,1.375,1.1666666666666667,-0.023809524,12.85,-2.2,12.85,-2.2,12.85,-2.2,12.76161893,-2.101418271,1.4,-0.24101712022508895,-0.04508086253369274,230252795.44717127,0.20883767160401653,0.22755522547622636
1120,1734,passorÃ©(yako),bouria,burkina_faso,11/2/2009,8,2,-0.578985902,1.0,12.831032143385691,-2.181604187,-1.487978101,-1.548028275,1.375,1.1666666666666667,-0.023809524,12.85,-2.2,12.85,-2.2,12.85,-2.2,12.76161893,-2.101418271,1.4,-0.24101712022508895,-0.04508086253369274,230252795.44717127,0.20883767160401653,0.22755522547622636
1121,1735,passorÃ©(yako),bouria,burkina_faso,11/2/2009,5,1,0.2525342730919222,1.0,12.831032143385691,-2.181604187,-1.487978101,-1.548028275,1.375,1.1666666666666667,-0.023809524,12.85,-2.2,12.85,-2.2,12.85,-2.2,12.76161893,-2.101418271,1.4,-0.24101712022508895,-0.04508086253369274,230252795.44717127,0.20883767160401653,0.22755522547622636
1122,1736,passorÃ©(yako),bouria,burkina_faso,11/2/2009,4,1,-0.921102546,1.0,12.831032143385691,-2.181604187,-1.487978101,-1.548028275,1.375,1.1666666666666667,-0.023809524,12.85,-2.2,12.85,-2.2,12.85,-2.2,12.76161893,-2.101418271,1.4,-0.24101712022508895,-0.04508086253369274,230252795.44717127,0.20883767160401653,0.22755522547622636
1123,1737,passorÃ©(yako),bouria,burkina_faso,11/2/2009,23,2,-0.643505736,0.0,12.831032143385691,-2.181604187,-1.487978101,-1.548028275,1.375,1.1666666666666667,-0.023809524,12.85,-2.2,12.85,-2.2,12.85,-2.2,12.76161893,-2.101418271,1.4,-0.24101712022508895,-0.04508086253369274,230252795.44717127,0.20883767160401653,0.22755522547622636
1124,1738,passorÃ©(yako),bouria,burkina_faso,11/1/2009,5,1,-0.758894702,1.0,12.831032143385691,-2.181604187,-1.487978101,-1.548028275,1.375,1.1666666666666667,-0.023809524,12.85,-2.2,12.85,-2.2,12.85,-2.2,12.76161893,-2.101418271,1.4,-0.24101712022508895,-0.04508086253369274,230252795.44717127,0.20883767160401653,0.22755522547622636
1125,1739,passorÃ©(yako),bouria,burkina_faso,11/2/2009,4,3,-0.921102546,1.0,12.831032143385691,-2.181604187,-1.487978101,-1.548028275,1.375,1.1666666666666667,-0.023809524,12.85,-2.2,12.85,-2.2,12.85,-2.2,12.76161893,-2.101418271,1.4,-0.24101712022508895,-0.04508086253369274,230252795.44717127,0.20883767160401653,0.22755522547622636
1126,1740,passorÃ©(yako),bouria,burkina_faso,11/2/2009,8,1,-0.446887314,0.0,12.831032143385691,-2.181604187,-1.487978101,-1.548028275,1.375,1.1666666666666667,-0.023809524,12.85,-2.2,12.85,-2.2,12.85,-2.2,12.76161893,-2.101418271,1.4,-0.24101712022508895,-0.04508086253369274,230252795.44717127,0.20883767160401653,0.22755522547622636
1127,1741,passorÃ©(yako),bouria,burkina_faso,11/1/2009,9,1,-0.785777966,0.0,12.831032143385691,-2.181604187,-1.487978101,-1.548028275,1.375,1.1666666666666667,-0.023809524,12.85,-2.2,12.85,-2.2,12.85,-2.2,12.76161893,-2.101418271,1.4,-0.24101712022508895,-0.04508086253369274,230252795.44717127,0.20883767160401653,0.22755522547622636
1128,1742,passorÃ©(yako),bouria,burkina_faso,11/1/2009,5,3,-0.913933675,1.0,12.831032143385691,-2.181604187,-1.487978101,-1.548028275,1.375,1.1666666666666667,-0.023809524,12.85,-2.2,12.85,-2.2,12.85,-2.2,12.76161893,-2.101418271,1.4,-0.24101712022508895,-0.04508086253369274,230252795.44717127,0.20883767160401653,0.22755522547622636
1129,1743,passorÃ©(yako),bouria,burkina_faso,11/1/2009,6,1,-0.918234998,0.0,12.831032143385691,-2.181604187,-1.487978101,-1.548028275,1.375,1.1666666666666667,-0.023809524,12.85,-2.2,12.85,-2.2,12.85,-2.2,12.76161893,-2.101418271,1.4,-0.24101712022508895,-0.04508086253369274,230252795.44717127,0.20883767160401653,0.22755522547622636
1130,1744,passorÃ©(yako),bouria,burkina_faso,11/1/2009,12,1,-0.780401313,1.0,12.831032143385691,-2.181604187,-1.487978101,-1.548028275,1.375,1.1666666666666667,-0.023809524,12.85,-2.2,12.85,-2.2,12.85,-2.2,12.76161893,-2.101418271,1.4,-0.24101712022508895,-0.04508086253369274,230252795.44717127,0.20883767160401653,0.22755522547622636
1131,1745,passorÃ©(yako),bouria,burkina_faso,11/1/2009,6,2,-0.769648008,0.0,12.831032143385691,-2.181604187,-1.487978101,-1.548028275,1.375,1.1666666666666667,-0.023809524,12.85,-2.2,12.85,-2.2,12.85,-2.2,12.76161893,-2.101418271,1.4,-0.24101712022508895,-0.04508086253369274,230252795.44717127,0.20883767160401653,0.22755522547622636
1132,1746,passorÃ©(yako),bouria,burkina_faso,11/1/2009,3,3,-0.905331031,1.0,12.831032143385691,-2.181604187,-1.487978101,-1.548028275,1.375,1.1666666666666667,-0.023809524,12.85,-2.2,12.85,-2.2,12.85,-2.2,12.76161893,-2.101418271,1.4,-0.24101712022508895,-0.04508086253369274,230252795.44717127,0.20883767160401653,0.22755522547622636
1133,1765,passorÃ©(yako),gombre,burkina_faso,11/16/2009,7,1,-0.942609157,1.0,12.963660718169418,-2.259889575,-1.611960709,-1.696244935,1.3333333333333333,0.6666666666666666,-0.166666667,12.95,-2.25,12.95,-2.25,12.95,-2.25,12.96401712,-2.262677397,1.1,-0.26525692506269977,-0.09426605504587157,260577017.43750507,0.20598457684258373,-0.04444616070330634
1134,1766,passorÃ©(yako),gombre,burkina_faso,11/16/2009,13,2,-0.614471811,0.0,12.963660718169418,-2.259889575,-1.611960709,-1.696244935,1.3333333333333333,0.6666666666666666,-0.166666667,12.95,-2.25,12.95,-2.25,12.95,-2.25,12.96401712,-2.262677397,1.1,-0.26525692506269977,-0.09426605504587157,260577017.43750507,0.20598457684258373,-0.04444616070330634
1135,1767,passorÃ©(yako),gombre,burkina_faso,11/16/2009,8,1,-0.949778028,1.0,12.963660718169418,-2.259889575,-1.611960709,-1.696244935,1.3333333333333333,0.6666666666666666,-0.166666667,12.95,-2.25,12.95,-2.25,12.95,-2.25,12.96401712,-2.262677397,1.1,-0.26525692506269977,-0.09426605504587157,260577017.43750507,0.20598457684258373,-0.04444616070330634
1136,1768,passorÃ©(yako),gombre,burkina_faso,11/16/2009,9,4,-0.924686981,1.0,12.963660718169418,-2.259889575,-1.611960709,-1.696244935,1.3333333333333333,0.6666666666666666,-0.166666667,12.95,-2.25,12.95,-2.25,12.95,-2.25,12.96401712,-2.262677397,1.1,-0.26525692506269977,-0.09426605504587157,260577017.43750507,0.20598457684258373,-0.04444616070330634
1137,1769,passorÃ©(yako),gombre,burkina_faso,11/16/2009,7,1,-0.942609157,0.0,12.963660718169418,-2.259889575,-1.611960709,-1.696244935,1.3333333333333333,0.6666666666666666,-0.166666667,12.95,-2.25,12.95,-2.25,12.95,-2.25,12.96401712,-2.262677397,1.1,-0.26525692506269977,-0.09426605504587157,260577017.43750507,0.20598457684258373,-0.04444616070330634
1138,1770,passorÃ©(yako),gombre,burkina_faso,11/16/2009,13,5,0.4950896008174402,0.0,12.963660718169418,-2.259889575,-1.611960709,-1.696244935,1.3333333333333333,0.6666666666666666,-0.166666667,12.95,-2.25,12.95,-2.25,12.95,-2.25,12.96401712,-2.262677397,1.1,-0.26525692506269977,-0.09426605504587157,260577017.43750507,0.20598457684258373,-0.04444616070330634
1139,1771,passorÃ©(yako),gombre,burkina_faso,11/16/2009,16,2,-0.926837642,1.0,12.963660718169418,-2.259889575,-1.611960709,-1.696244935,1.3333333333333333,0.6666666666666666,-0.166666667,12.95,-2.25,12.95,-2.25,12.95,-2.25,12.96401712,-2.262677397,1.1,-0.26525692506269977,-0.09426605504587157,260577017.43750507,0.20598457684258373,-0.04444616070330634
1140,1772,passorÃ©(yako),gombre,burkina_faso,11/16/2009,12,1,-0.944042931,1.0,12.963660718169418,-2.259889575,-1.611960709,-1.696244935,1.3333333333333333,0.6666666666666666,-0.166666667,12.95,-2.25,12.95,-2.25,12.95,-2.25,12.96401712,-2.262677397,1.1,-0.26525692506269977,-0.09426605504587157,260577017.43750507,0.20598457684258373,-0.04444616070330634
1141,1773,passorÃ©(yako),gombre,burkina_faso,11/16/2009,8,1,-0.978453509,0.0,12.963660718169418,-2.259889575,-1.611960709,-1.696244935,1.3333333333333333,0.6666666666666666,-0.166666667,12.95,-2.25,12.95,-2.25,12.95,-2.25,12.96401712,-2.262677397,1.1,-0.26525692506269977,-0.09426605504587157,260577017.43750507,0.20598457684258373,-0.04444616070330634
1142,1774,passorÃ©(yako),gombre,burkina_faso,11/16/2009,18,4,-0.599878039,1.0,12.963660718169418,-2.259889575,-1.611960709,-1.696244935,1.3333333333333333,0.6666666666666666,-0.166666667,12.95,-2.25,12.95,-2.25,12.95,-2.25,12.96401712,-2.262677397,1.1,-0.26525692506269977,-0.09426605504587157,260577017.43750507,0.20598457684258373,-0.04444616070330634
1143,1775,passorÃ©(yako),gombre,burkina_faso,11/16/2009,16,2,0.8317191283975098,0.0,12.963660718169418,-2.259889575,-1.611960709,-1.696244935,1.3333333333333333,0.6666666666666666,-0.166666667,12.95,-2.25,12.95,-2.25,12.95,-2.25,12.96401712,-2.262677397,1.1,-0.26525692506269977,-0.09426605504587157,260577017.43750507,0.20598457684258373,-0.04444616070330634
1144,1776,passorÃ©(yako),gombre,burkina_faso,11/16/2009,8,1,-0.587588547,1.0,12.963660718169418,-2.259889575,-1.611960709,-1.696244935,1.3333333333333333,0.6666666666666666,-0.166666667,12.95,-2.25,12.95,-2.25,12.95,-2.25,12.96401712,-2.262677397,1.1,-0.26525692506269977,-0.09426605504587157,260577017.43750507,0.20598457684258373,-0.04444616070330634
1145,1777,passorÃ©(yako),gombre,burkina_faso,11/16/2009,3,1,-0.956946898,1.0,12.963660718169418,-2.259889575,-1.611960709,-1.696244935,1.3333333333333333,0.6666666666666666,-0.166666667,12.95,-2.25,12.95,-2.25,12.95,-2.25,12.96401712,-2.262677397,1.1,-0.26525692506269977,-0.09426605504587157,260577017.43750507,0.20598457684258373,-0.04444616070330634
1146,1778,passorÃ©(yako),gombre,burkina_faso,11/19/2009,16,1,-0.593733293,1.0,12.963660718169418,-2.259889575,-1.611960709,-1.696244935,1.3333333333333333,0.6666666666666666,-0.166666667,12.95,-2.25,12.95,-2.25,12.95,-2.25,12.96401712,-2.262677397,1.1,-0.26525692506269977,-0.09426605504587157,260577017.43750507,0.20598457684258373,-0.04444616070330634
1147,1779,passorÃ©(yako),gombre,burkina_faso,11/16/2009,10,1,-0.928271416,1.0,12.963660718169418,-2.259889575,-1.611960709,-1.696244935,1.3333333333333333,0.6666666666666666,-0.166666667,12.95,-2.25,12.95,-2.25,12.95,-2.25,12.96401712,-2.262677397,1.1,-0.26525692506269977,-0.09426605504587157,260577017.43750507,0.20598457684258373,-0.04444616070330634
1148,1780,passorÃ©(yako),gombre,burkina_faso,11/16/2009,13,4,-0.591172982,1.0,12.963660718169418,-2.259889575,-1.611960709,-1.696244935,1.3333333333333333,0.6666666666666666,-0.166666667,12.95,-2.25,12.95,-2.25,12.95,-2.25,12.96401712,-2.262677397,1.1,-0.26525692506269977,-0.09426605504587157,260577017.43750507,0.20598457684258373,-0.04444616070330634
1149,1781,passorÃ©(yako),gombre,burkina_faso,11/16/2009,8,1,-0.917006048,1.0,12.963660718169418,-2.259889575,-1.611960709,-1.696244935,1.3333333333333333,0.6666666666666666,-0.166666667,12.95,-2.25,12.95,-2.25,12.95,-2.25,12.96401712,-2.262677397,1.1,-0.26525692506269977,-0.09426605504587157,260577017.43750507,0.20598457684258373,-0.04444616070330634
1150,1782,passorÃ©(yako),gombre,burkina_faso,11/16/2009,17,12,-0.605510723,1.0,12.963660718169418,-2.259889575,-1.611960709,-1.696244935,1.3333333333333333,0.6666666666666666,-0.166666667,12.95,-2.25,12.95,-2.25,12.95,-2.25,12.96401712,-2.262677397,1.1,-0.26525692506269977,-0.09426605504587157,260577017.43750507,0.20598457684258373,-0.04444616070330634
1151,1783,passorÃ©(yako),ilyale,burkina_faso,11/3/2009,10,3,-0.773232443,1.0,12.963660718169418,-2.259889575,-1.611960709,-1.696244935,1.3333333333333333,0.6666666666666666,-0.166666667,12.95,-2.25,12.95,-2.25,12.95,-2.25,12.96401712,-2.262677397,1.1,-0.26525692506269977,-0.09426605504587157,260577017.43750507,0.20598457684258373,-0.04444616070330634
1152,1784,passorÃ©(yako),ilyale,burkina_faso,11/3/2009,8,5,-0.949778028,1.0,12.963660718169418,-2.259889575,-1.611960709,-1.696244935,1.3333333333333333,0.6666666666666666,-0.166666667,12.95,-2.25,12.95,-2.25,12.95,-2.25,12.96401712,-2.262677397,1.1,-0.26525692506269977,-0.09426605504587157,260577017.43750507,0.20598457684258373,-0.04444616070330634
1153,1785,passorÃ©(yako),ilyale,burkina_faso,11/2/2009,5,3,-0.791154619,1.0,12.963660718169418,-2.259889575,-1.611960709,-1.696244935,1.3333333333333333,0.6666666666666666,-0.166666667,12.95,-2.25,12.95,-2.25,12.95,-2.25,12.96401712,-2.262677397,1.1,-0.26525692506269977,-0.09426605504587157,260577017.43750507,0.20598457684258373,-0.04444616070330634
1154,1786,passorÃ©(yako),ilyale,burkina_faso,11/2/2009,6,6,1.8229489117248097,1.0,12.963660718169418,-2.259889575,-1.611960709,-1.696244935,1.3333333333333333,0.6666666666666666,-0.166666667,12.95,-2.25,12.95,-2.25,12.95,-2.25,12.96401712,-2.262677397,1.1,-0.26525692506269977,-0.09426605504587157,260577017.43750507,0.20598457684258373,-0.04444616070330634
1155,1787,passorÃ©(yako),ilyale,burkina_faso,11/3/2009,19,5,-0.782790937,1.0,12.963660718169418,-2.259889575,-1.611960709,-1.696244935,1.3333333333333333,0.6666666666666666,-0.166666667,12.95,-2.25,12.95,-2.25,12.95,-2.25,12.96401712,-2.262677397,1.1,-0.26525692506269977,-0.09426605504587157,260577017.43750507,0.20598457684258373,-0.04444616070330634
1156,1788,passorÃ©(yako),ilyale,burkina_faso,11/3/2009,11,7,-0.921998655,1.0,12.963660718169418,-2.259889575,-1.611960709,-1.696244935,1.3333333333333333,0.6666666666666666,-0.166666667,12.95,-2.25,12.95,-2.25,12.95,-2.25,12.96401712,-2.262677397,1.1,-0.26525692506269977,-0.09426605504587157,260577017.43750507,0.20598457684258373,-0.04444616070330634
1157,1789,passorÃ©(yako),ilyale,burkina_faso,11/3/2009,16,8,-0.432549573,1.0,12.963660718169418,-2.259889575,-1.611960709,-1.696244935,1.3333333333333333,0.6666666666666666,-0.166666667,12.95,-2.25,12.95,-2.25,12.95,-2.25,12.96401712,-2.262677397,1.1,-0.26525692506269977,-0.09426605504587157,260577017.43750507,0.20598457684258373,-0.04444616070330634
1158,1790,passorÃ©(yako),ilyale,burkina_faso,11/3/2009,7,1,-1.042973344,1.0,12.963660718169418,-2.259889575,-1.611960709,-1.696244935,1.3333333333333333,0.6666666666666666,-0.166666667,12.95,-2.25,12.95,-2.25,12.95,-2.25,12.96401712,-2.262677397,1.1,-0.26525692506269977,-0.09426605504587157,260577017.43750507,0.20598457684258373,-0.04444616070330634
1159,1791,passorÃ©(yako),ilyale,burkina_faso,11/3/2009,12,4,-1.150506401,1.0,12.963660718169418,-2.259889575,-1.611960709,-1.696244935,1.3333333333333333,0.6666666666666666,-0.166666667,12.95,-2.25,12.95,-2.25,12.95,-2.25,12.96401712,-2.262677397,1.1,-0.26525692506269977,-0.09426605504587157,260577017.43750507,0.20598457684258373,-0.04444616070330634
1160,1792,passorÃ©(yako),ilyale,burkina_faso,11/3/2009,4,1,-0.766063572,1.0,12.963660718169418,-2.259889575,-1.611960709,-1.696244935,1.3333333333333333,0.6666666666666666,-0.166666667,12.95,-2.25,12.95,-2.25,12.95,-2.25,12.96401712,-2.262677397,1.1,-0.26525692506269977,-0.09426605504587157,260577017.43750507,0.20598457684258373,-0.04444616070330634
1161,1793,passorÃ©(yako),ilyale,burkina_faso,11/2/2009,11,2,-0.939741609,1.0,12.963660718169418,-2.259889575,-1.611960709,-1.696244935,1.3333333333333333,0.6666666666666666,-0.166666667,12.95,-2.25,12.95,-2.25,12.95,-2.25,12.96401712,-2.262677397,1.1,-0.26525692506269977,-0.09426605504587157,260577017.43750507,0.20598457684258373,-0.04444616070330634
1162,1794,passorÃ©(yako),ilyale,burkina_faso,11/3/2009,11,3,-0.591889869,1.0,12.963660718169418,-2.259889575,-1.611960709,-1.696244935,1.3333333333333333,0.6666666666666666,-0.166666667,12.95,-2.25,12.95,-2.25,12.95,-2.25,12.96401712,-2.262677397,1.1,-0.26525692506269977,-0.09426605504587157,260577017.43750507,0.20598457684258373,-0.04444616070330634
1163,1795,passorÃ©(yako),ilyale,burkina_faso,11/3/2009,10,2,-0.761284325,0.0,12.963660718169418,-2.259889575,-1.611960709,-1.696244935,1.3333333333333333,0.6666666666666666,-0.166666667,12.95,-2.25,12.95,-2.25,12.95,-2.25,12.96401712,-2.262677397,1.1,-0.26525692506269977,-0.09426605504587157,260577017.43750507,0.20598457684258373,-0.04444616070330634
1164,1796,passorÃ©(yako),ilyale,burkina_faso,11/3/2009,5,2,-0.652108381,1.0,12.963660718169418,-2.259889575,-1.611960709,-1.696244935,1.3333333333333333,0.6666666666666666,-0.166666667,12.95,-2.25,12.95,-2.25,12.95,-2.25,12.96401712,-2.262677397,1.1,-0.26525692506269977,-0.09426605504587157,260577017.43750507,0.20598457684258373,-0.04444616070330634
1165,1797,passorÃ©(yako),ilyale,burkina_faso,11/3/2009,11,1,-0.951570245,1.0,12.963660718169418,-2.259889575,-1.611960709,-1.696244935,1.3333333333333333,0.6666666666666666,-0.166666667,12.95,-2.25,12.95,-2.25,12.95,-2.25,12.96401712,-2.262677397,1.1,-0.26525692506269977,-0.09426605504587157,260577017.43750507,0.20598457684258373,-0.04444616070330634
1166,1798,passorÃ©(yako),ilyale,burkina_faso,11/3/2009,5,2,-0.999960121,1.0,12.963660718169418,-2.259889575,-1.611960709,-1.696244935,1.3333333333333333,0.6666666666666666,-0.166666667,12.95,-2.25,12.95,-2.25,12.95,-2.25,12.96401712,-2.262677397,1.1,-0.26525692506269977,-0.09426605504587157,260577017.43750507,0.20598457684258373,-0.04444616070330634
1167,1799,passorÃ©(yako),ilyale,burkina_faso,11/3/2009,4,3,-0.823414536,1.0,12.963660718169418,-2.259889575,-1.611960709,-1.696244935,1.3333333333333333,0.6666666666666666,-0.166666667,12.95,-2.25,12.95,-2.25,12.95,-2.25,12.96401712,-2.262677397,1.1,-0.26525692506269977,-0.09426605504587157,260577017.43750507,0.20598457684258373,-0.04444616070330634
1168,1800,passorÃ©(yako),ilyale,burkina_faso,11/3/2009,6,1,-1.021466732,1.0,12.963660718169418,-2.259889575,-1.611960709,-1.696244935,1.3333333333333333,0.6666666666666666,-0.166666667,12.95,-2.25,12.95,-2.25,12.95,-2.25,12.96401712,-2.262677397,1.1,-0.26525692506269977,-0.09426605504587157,260577017.43750507,0.20598457684258373,-0.04444616070330634
1169,1820,passorÃ©(yako),lantaga,burkina_faso,11/12/2009,9,1,-0.801907925,0.0,12.762932763845306,-2.187679805,-1.489808172,-1.597181946,2.0,1.0,0.0,12.75,-2.2,12.75,-2.2,12.75,-2.2,12.76161893,-2.262677397,1.7,-0.21138536930084229,0.04613078241005139,185711287.0069884,0.20589475910041993,0.34465558657937073
1170,1821,passorÃ©(yako),lantaga,burkina_faso,11/11/2009,7,1,-0.81266123,0.0,12.762932763845306,-2.187679805,-1.489808172,-1.597181946,2.0,1.0,0.0,12.75,-2.2,12.75,-2.2,12.75,-2.2,12.76161893,-2.262677397,1.7,-0.21138536930084229,0.04613078241005139,185711287.0069884,0.20589475910041993,0.34465558657937073
1171,1822,passorÃ©(yako),lantaga,burkina_faso,11/11/2009,13,1,-0.939024722,1.0,12.762932763845306,-2.187679805,-1.489808172,-1.597181946,2.0,1.0,0.0,12.75,-2.2,12.75,-2.2,12.75,-2.2,12.76161893,-2.262677397,1.7,-0.21138536930084229,0.04613078241005139,185711287.0069884,0.20589475910041993,0.34465558657937073
1172,1823,passorÃ©(yako),lantaga,burkina_faso,11/11/2009,4,1,-0.921102546,1.0,12.762932763845306,-2.187679805,-1.489808172,-1.597181946,2.0,1.0,0.0,12.75,-2.2,12.75,-2.2,12.75,-2.2,12.76161893,-2.262677397,1.7,-0.21138536930084229,0.04613078241005139,185711287.0069884,0.20589475910041993,0.34465558657937073
1173,1824,passorÃ©(yako),lantaga,burkina_faso,11/12/2009,8,1,-0.913933675,1.0,12.762932763845306,-2.187679805,-1.489808172,-1.597181946,2.0,1.0,0.0,12.75,-2.2,12.75,-2.2,12.75,-2.2,12.76161893,-2.262677397,1.7,-0.21138536930084229,0.04613078241005139,185711287.0069884,0.20589475910041993,0.34465558657937073
1174,1825,passorÃ©(yako),lantaga,burkina_faso,11/11/2009,4,1,-0.935440287,0.0,12.762932763845306,-2.187679805,-1.489808172,-1.597181946,2.0,1.0,0.0,12.75,-2.2,12.75,-2.2,12.75,-2.2,12.76161893,-2.262677397,1.7,-0.21138536930084229,0.04613078241005139,185711287.0069884,0.20589475910041993,0.34465558657937073
1175,1826,passorÃ©(yako),lantaga,burkina_faso,11/12/2009,17,1,-0.209460429,0.0,12.762932763845306,-2.187679805,-1.489808172,-1.597181946,2.0,1.0,0.0,12.75,-2.2,12.75,-2.2,12.75,-2.2,12.76161893,-2.262677397,1.7,-0.21138536930084229,0.04613078241005139,185711287.0069884,0.20589475910041993,0.34465558657937073
1176,1827,passorÃ©(yako),lantaga,burkina_faso,11/11/2009,7,1,-0.775024661,1.0,12.762932763845306,-2.187679805,-1.489808172,-1.597181946,2.0,1.0,0.0,12.75,-2.2,12.75,-2.2,12.75,-2.2,12.76161893,-2.262677397,1.7,-0.21138536930084229,0.04613078241005139,185711287.0069884,0.20589475910041993,0.34465558657937073
1177,1828,passorÃ©(yako),lantaga,burkina_faso,11/12/2009,5,4,-0.746349179,1.0,12.762932763845306,-2.187679805,-1.489808172,-1.597181946,2.0,1.0,0.0,12.75,-2.2,12.75,-2.2,12.75,-2.2,12.76161893,-2.262677397,1.7,-0.21138536930084229,0.04613078241005139,185711287.0069884,0.20589475910041993,0.34465558657937073
1178,1829,passorÃ©(yako),lantaga,burkina_faso,11/12/2009,9,4,-0.785777966,0.0,12.762932763845306,-2.187679805,-1.489808172,-1.597181946,2.0,1.0,0.0,12.75,-2.2,12.75,-2.2,12.75,-2.2,12.76161893,-2.262677397,1.7,-0.21138536930084229,0.04613078241005139,185711287.0069884,0.20589475910041993,0.34465558657937073
1179,1830,passorÃ©(yako),lantaga,burkina_faso,11/11/2009,13,1,-0.77732894,1.0,12.762932763845306,-2.187679805,-1.489808172,-1.597181946,2.0,1.0,0.0,12.75,-2.2,12.75,-2.2,12.75,-2.2,12.76161893,-2.262677397,1.7,-0.21138536930084229,0.04613078241005139,185711287.0069884,0.20589475910041993,0.34465558657937073
1180,1831,passorÃ©(yako),lantaga,burkina_faso,11/11/2009,8,2,-0.766063572,1.0,12.762932763845306,-2.187679805,-1.489808172,-1.597181946,2.0,1.0,0.0,12.75,-2.2,12.75,-2.2,12.75,-2.2,12.76161893,-2.262677397,1.7,-0.21138536930084229,0.04613078241005139,185711287.0069884,0.20589475910041993,0.34465558657937073
1181,1832,passorÃ©(yako),lantaga,burkina_faso,11/11/2009,9,1,-0.931138964,1.0,12.762932763845306,-2.187679805,-1.489808172,-1.597181946,2.0,1.0,0.0,12.75,-2.2,12.75,-2.2,12.75,-2.2,12.76161893,-2.262677397,1.7,-0.21138536930084229,0.04613078241005139,185711287.0069884,0.20589475910041993,0.34465558657937073
1182,1833,passorÃ©(yako),lantaga,burkina_faso,11/12/2009,3,1,-0.924686981,0.0,12.762932763845306,-2.187679805,-1.489808172,-1.597181946,2.0,1.0,0.0,12.75,-2.2,12.75,-2.2,12.75,-2.2,12.76161893,-2.262677397,1.7,-0.21138536930084229,0.04613078241005139,185711287.0069884,0.20589475910041993,0.34465558657937073
1183,1834,passorÃ©(yako),lantaga,burkina_faso,11/12/2009,10,3,-0.791154619,1.0,12.762932763845306,-2.187679805,-1.489808172,-1.597181946,2.0,1.0,0.0,12.75,-2.2,12.75,-2.2,12.75,-2.2,12.76161893,-2.262677397,1.7,-0.21138536930084229,0.04613078241005139,185711287.0069884,0.20589475910041993,0.34465558657937073
1184,1835,passorÃ©(yako),lantaga,burkina_faso,11/11/2009,5,3,-0.773232443,1.0,12.762932763845306,-2.187679805,-1.489808172,-1.597181946,2.0,1.0,0.0,12.75,-2.2,12.75,-2.2,12.75,-2.2,12.76161893,-2.262677397,1.7,-0.21138536930084229,0.04613078241005139,185711287.0069884,0.20589475910041993,0.34465558657937073
1185,1836,passorÃ©(yako),lantaga,burkina_faso,11/12/2009,12,2,-0.769648008,1.0,12.762932763845306,-2.187679805,-1.489808172,-1.597181946,2.0,1.0,0.0,12.75,-2.2,12.75,-2.2,12.75,-2.2,12.76161893,-2.262677397,1.7,-0.21138536930084229,0.04613078241005139,185711287.0069884,0.20589475910041993,0.34465558657937073
1186,1839,passorÃ©(yako),reanon,burkina_faso,11/12/2009,10,1,-0.946193592,1.0,12.963660718169418,-2.259889575,-1.611960709,-1.696244935,1.3333333333333333,0.6666666666666666,-0.166666667,12.95,-2.25,12.95,-2.25,12.95,-2.25,12.96401712,-2.262677397,1.1,-0.26525692506269977,-0.09426605504587157,260577017.43750507,0.20598457684258373,-0.04444616070330634
1187,1846,passorÃ©(yako),reanon,burkina_faso,11/13/2009,10,1,-0.575299054,1.0,12.963660718169418,-2.259889575,-1.611960709,-1.696244935,1.3333333333333333,0.6666666666666666,-0.166666667,12.95,-2.25,12.95,-2.25,12.95,-2.25,12.96401712,-2.262677397,1.1,-0.26525692506269977,-0.09426605504587157,260577017.43750507,0.20598457684258373,-0.04444616070330634
1188,1847,passorÃ©(yako),reanon,burkina_faso,11/13/2009,14,1,-0.432549573,1.0,12.963660718169418,-2.259889575,-1.611960709,-1.696244935,1.3333333333333333,0.6666666666666666,-0.166666667,12.95,-2.25,12.95,-2.25,12.95,-2.25,12.96401712,-2.262677397,1.1,-0.26525692506269977,-0.09426605504587157,260577017.43750507,0.20598457684258373,-0.04444616070330634
1189,1848,passorÃ©(yako),reanon,burkina_faso,11/13/2009,4,1,-0.935440287,1.0,12.963660718169418,-2.259889575,-1.611960709,-1.696244935,1.3333333333333333,0.6666666666666666,-0.166666667,12.95,-2.25,12.95,-2.25,12.95,-2.25,12.96401712,-2.262677397,1.1,-0.26525692506269977,-0.09426605504587157,260577017.43750507,0.20598457684258373,-0.04444616070330634
1190,1849,passorÃ©(yako),reanon,burkina_faso,11/12/2009,8,1,0.0670276,1.0,12.963660718169418,-2.259889575,-1.611960709,-1.696244935,1.3333333333333333,0.6666666666666666,-0.166666667,12.95,-2.25,12.95,-2.25,12.95,-2.25,12.96401712,-2.262677397,1.1,-0.26525692506269977,-0.09426605504587157,260577017.43750507,0.20598457684258373,-0.04444616070330634
1191,1850,passorÃ©(yako),reanon,burkina_faso,11/12/2009,6,1,-0.956946898,1.0,12.963660718169418,-2.259889575,-1.611960709,-1.696244935,1.3333333333333333,0.6666666666666666,-0.166666667,12.95,-2.25,12.95,-2.25,12.95,-2.25,12.96401712,-2.262677397,1.1,-0.26525692506269977,-0.09426605504587157,260577017.43750507,0.20598457684258373,-0.04444616070330634
1192,1851,passorÃ©(yako),reanon,burkina_faso,11/13/2009,10,1,-0.791154619,1.0,12.963660718169418,-2.259889575,-1.611960709,-1.696244935,1.3333333333333333,0.6666666666666666,-0.166666667,12.95,-2.25,12.95,-2.25,12.95,-2.25,12.96401712,-2.262677397,1.1,-0.26525692506269977,-0.09426605504587157,260577017.43750507,0.20598457684258373,-0.04444616070330634
1193,1852,passorÃ©(yako),reanon,burkina_faso,11/13/2009,15,1,-0.93275196,0.0,12.963660718169418,-2.259889575,-1.611960709,-1.696244935,1.3333333333333333,0.6666666666666666,-0.166666667,12.95,-2.25,12.95,-2.25,12.95,-2.25,12.96401712,-2.262677397,1.1,-0.26525692506269977,-0.09426605504587157,260577017.43750507,0.20598457684258373,-0.04444616070330634
1194,1853,passorÃ©(yako),reanon,burkina_faso,11/13/2009,7,1,-0.930063634,0.0,12.963660718169418,-2.259889575,-1.611960709,-1.696244935,1.3333333333333333,0.6666666666666666,-0.166666667,12.95,-2.25,12.95,-2.25,12.95,-2.25,12.96401712,-2.262677397,1.1,-0.26525692506269977,-0.09426605504587157,260577017.43750507,0.20598457684258373,-0.04444616070330634
1195,1854,passorÃ©(yako),reanon,burkina_faso,11/13/2009,12,1,-0.769648008,0.0,12.963660718169418,-2.259889575,-1.611960709,-1.696244935,1.3333333333333333,0.6666666666666666,-0.166666667,12.95,-2.25,12.95,-2.25,12.95,-2.25,12.96401712,-2.262677397,1.1,-0.26525692506269977,-0.09426605504587157,260577017.43750507,0.20598457684258373,-0.04444616070330634
1196,1855,passorÃ©(yako),reanon,burkina_faso,11/12/2009,9,1,-0.568770262,1.0,12.963660718169418,-2.259889575,-1.611960709,-1.696244935,1.3333333333333333,0.6666666666666666,-0.166666667,12.95,-2.25,12.95,-2.25,12.95,-2.25,12.96401712,-2.262677397,1.1,-0.26525692506269977,-0.09426605504587157,260577017.43750507,0.20598457684258373,-0.04444616070330634
1197,1856,passorÃ©(yako),reanon,burkina_faso,11/13/2009,6,1,-0.918234998,1.0,12.963660718169418,-2.259889575,-1.611960709,-1.696244935,1.3333333333333333,0.6666666666666666,-0.166666667,12.95,-2.25,12.95,-2.25,12.95,-2.25,12.96401712,-2.262677397,1.1,-0.26525692506269977,-0.09426605504587157,260577017.43750507,0.20598457684258373,-0.04444616070330634
1198,1857,passorÃ©(yako),reanon,burkina_faso,11/13/2009,3,1,-0.924686981,1.0,12.963660718169418,-2.259889575,-1.611960709,-1.696244935,1.3333333333333333,0.6666666666666666,-0.166666667,12.95,-2.25,12.95,-2.25,12.95,-2.25,12.96401712,-2.262677397,1.1,-0.26525692506269977,-0.09426605504587157,260577017.43750507,0.20598457684258373,-0.04444616070330634
1199,1858,passorÃ©(yako),reanon,burkina_faso,11/13/2009,14,1,0.1441654877503777,0.0,12.963660718169418,-2.259889575,-1.611960709,-1.696244935,1.3333333333333333,0.6666666666666666,-0.166666667,12.95,-2.25,12.95,-2.25,12.95,-2.25,12.96401712,-2.262677397,1.1,-0.26525692506269977,-0.09426605504587157,260577017.43750507,0.20598457684258373,-0.04444616070330634
1200,1859,passorÃ©(yako),reanon,burkina_faso,11/12/2009,5,1,-0.946193592,0.0,12.963660718169418,-2.259889575,-1.611960709,-1.696244935,1.3333333333333333,0.6666666666666666,-0.166666667,12.95,-2.25,12.95,-2.25,12.95,-2.25,12.96401712,-2.262677397,1.1,-0.26525692506269977,-0.09426605504587157,260577017.43750507,0.20598457684258373,-0.04444616070330634
1201,1860,passorÃ©(yako),reanon,burkina_faso,11/12/2009,7,2,0.086741994,0.0,12.963660718169418,-2.259889575,-1.611960709,-1.696244935,1.3333333333333333,0.6666666666666666,-0.166666667,12.95,-2.25,12.95,-2.25,12.95,-2.25,12.96401712,-2.262677397,1.1,-0.26525692506269977,-0.09426605504587157,260577017.43750507,0.20598457684258373,-0.04444616070330634
1202,1861,passorÃ©(yako),reanon,burkina_faso,11/13/2009,11,1,0.1611311746981059,1.0,12.963660718169418,-2.259889575,-1.611960709,-1.696244935,1.3333333333333333,0.6666666666666666,-0.166666667,12.95,-2.25,12.95,-2.25,12.95,-2.25,12.96401712,-2.262677397,1.1,-0.26525692506269977,-0.09426605504587157,260577017.43750507,0.20598457684258373,-0.04444616070330634
1203,1862,passorÃ©(yako),reanon,burkina_faso,11/12/2009,12,2,-0.789003958,0.0,12.963660718169418,-2.259889575,-1.611960709,-1.696244935,1.3333333333333333,0.6666666666666666,-0.166666667,12.95,-2.25,12.95,-2.25,12.95,-2.25,12.96401712,-2.262677397,1.1,-0.26525692506269977,-0.09426605504587157,260577017.43750507,0.20598457684258373,-0.04444616070330634
1204,1863,passorÃ©(yako),reanon,burkina_faso,11/12/2009,15,2,-0.791154619,1.0,12.963660718169418,-2.259889575,-1.611960709,-1.696244935,1.3333333333333333,0.6666666666666666,-0.166666667,12.95,-2.25,12.95,-2.25,12.95,-2.25,12.96401712,-2.262677397,1.1,-0.26525692506269977,-0.09426605504587157,260577017.43750507,0.20598457684258373,-0.04444616070330634
1205,1873,yatenga(ouahigouya),balongo,burkina_faso,11/3/2009,7,2,-0.775024661,1.0,13.65945,-2.48013,-1.747280598,-2.154203892,3.0,0.1666666666666666,-0.166666667,13.65,-2.5,13.65,-2.5,13.65,-2.5,13.50282815,-2.443899142,0.6,-0.25428062677383423,-0.04517543859649118,212589435.71695828,0.16545725272782624,0.8191583641676597
1206,1874,yatenga(ouahigouya),balongo,burkina_faso,11/2/2009,6,1,-0.432549573,1.0,13.65945,-2.48013,-1.747280598,-2.154203892,3.0,0.1666666666666666,-0.166666667,13.65,-2.5,13.65,-2.5,13.65,-2.5,13.50282815,-2.443899142,0.6,-0.25428062677383423,-0.04517543859649118,212589435.71695828,0.16545725272782624,0.8191583641676597
1207,1875,yatenga(ouahigouya),balongo,burkina_faso,11/3/2009,6,1,-0.801907925,1.0,13.65945,-2.48013,-1.747280598,-2.154203892,3.0,0.1666666666666666,-0.166666667,13.65,-2.5,13.65,-2.5,13.65,-2.5,13.50282815,-2.443899142,0.6,-0.25428062677383423,-0.04517543859649118,212589435.71695828,0.16545725272782624,0.8191583641676597
1208,1876,yatenga(ouahigouya),balongo,burkina_faso,11/3/2009,8,1,-0.780401313,1.0,13.65945,-2.48013,-1.747280598,-2.154203892,3.0,0.1666666666666666,-0.166666667,13.65,-2.5,13.65,-2.5,13.65,-2.5,13.50282815,-2.443899142,0.6,-0.25428062677383423,-0.04517543859649118,212589435.71695828,0.16545725272782624,0.8191583641676597
1209,1877,yatenga(ouahigouya),balongo,burkina_faso,11/2/2009,9,2,-0.437926226,1.0,13.65945,-2.48013,-1.747280598,-2.154203892,3.0,0.1666666666666666,-0.166666667,13.65,-2.5,13.65,-2.5,13.65,-2.5,13.50282815,-2.443899142,0.6,-0.25428062677383423,-0.04517543859649118,212589435.71695828,0.16545725272782624,0.8191583641676597
1210,1878,yatenga(ouahigouya),balongo,burkina_faso,11/3/2009,6,3,-0.587588547,0.0,13.65945,-2.48013,-1.747280598,-2.154203892,3.0,0.1666666666666666,-0.166666667,13.65,-2.5,13.65,-2.5,13.65,-2.5,13.50282815,-2.443899142,0.6,-0.25428062677383423,-0.04517543859649118,212589435.71695828,0.16545725272782624,0.8191583641676597
1211,1879,yatenga(ouahigouya),balongo,burkina_faso,11/3/2009,3,1,-0.576835241,0.0,13.65945,-2.48013,-1.747280598,-2.154203892,3.0,0.1666666666666666,-0.166666667,13.65,-2.5,13.65,-2.5,13.65,-2.5,13.50282815,-2.443899142,0.6,-0.25428062677383423,-0.04517543859649118,212589435.71695828,0.16545725272782624,0.8191583641676597
1212,1880,yatenga(ouahigouya),balongo,burkina_faso,11/2/2009,9,2,-0.94081694,1.0,13.65945,-2.48013,-1.747280598,-2.154203892,3.0,0.1666666666666666,-0.166666667,13.65,-2.5,13.65,-2.5,13.65,-2.5,13.50282815,-2.443899142,0.6,-0.25428062677383423,-0.04517543859649118,212589435.71695828,0.16545725272782624,0.8191583641676597
1213,1881,yatenga(ouahigouya),balongo,burkina_faso,11/2/2009,5,3,-0.764271355,1.0,13.65945,-2.48013,-1.747280598,-2.154203892,3.0,0.1666666666666666,-0.166666667,13.65,-2.5,13.65,-2.5,13.65,-2.5,13.50282815,-2.443899142,0.6,-0.25428062677383423,-0.04517543859649118,212589435.71695828,0.16545725272782624,0.8191583641676597
1214,1882,yatenga(ouahigouya),balongo,burkina_faso,11/3/2009,7,2,-0.032300369,1.0,13.65945,-2.48013,-1.747280598,-2.154203892,3.0,0.1666666666666666,-0.166666667,13.65,-2.5,13.65,-2.5,13.65,-2.5,13.50282815,-2.443899142,0.6,-0.25428062677383423,-0.04517543859649118,212589435.71695828,0.16545725272782624,0.8191583641676597
1215,1883,yatenga(ouahigouya),balongo,burkina_faso,11/2/2009,4,2,-0.766063572,1.0,13.65945,-2.48013,-1.747280598,-2.154203892,3.0,0.1666666666666666,-0.166666667,13.65,-2.5,13.65,-2.5,13.65,-2.5,13.50282815,-2.443899142,0.6,-0.25428062677383423,-0.04517543859649118,212589435.71695828,0.16545725272782624,0.8191583641676597
1216,1884,yatenga(ouahigouya),balongo,burkina_faso,11/2/2009,6,3,-0.432549573,1.0,13.65945,-2.48013,-1.747280598,-2.154203892,3.0,0.1666666666666666,-0.166666667,13.65,-2.5,13.65,-2.5,13.65,-2.5,13.50282815,-2.443899142,0.6,-0.25428062677383423,-0.04517543859649118,212589435.71695828,0.16545725272782624,0.8191583641676597
1217,1885,yatenga(ouahigouya),balongo,burkina_faso,11/3/2009,19,2,-0.819113214,1.0,13.65945,-2.48013,-1.747280598,-2.154203892,3.0,0.1666666666666666,-0.166666667,13.65,-2.5,13.65,-2.5,13.65,-2.5,13.50282815,-2.443899142,0.6,-0.25428062677383423,-0.04517543859649118,212589435.71695828,0.16545725272782624,0.8191583641676597
1218,1886,yatenga(ouahigouya),balongo,burkina_faso,11/3/2009,5,2,-0.928271416,1.0,13.65945,-2.48013,-1.747280598,-2.154203892,3.0,0.1666666666666666,-0.166666667,13.65,-2.5,13.65,-2.5,13.65,-2.5,13.50282815,-2.443899142,0.6,-0.25428062677383423,-0.04517543859649118,212589435.71695828,0.16545725272782624,0.8191583641676597
1219,1887,yatenga(ouahigouya),balongo,burkina_faso,11/2/2009,9,3,-0.785777966,1.0,13.65945,-2.48013,-1.747280598,-2.154203892,3.0,0.1666666666666666,-0.166666667,13.65,-2.5,13.65,-2.5,13.65,-2.5,13.50282815,-2.443899142,0.6,-0.25428062677383423,-0.04517543859649118,212589435.71695828,0.16545725272782624,0.8191583641676597
1220,1888,yatenga(ouahigouya),balongo,burkina_faso,11/3/2009,23,2,0.4938094453777509,1.0,13.65945,-2.48013,-1.747280598,-2.154203892,3.0,0.1666666666666666,-0.166666667,13.65,-2.5,13.65,-2.5,13.65,-2.5,13.50282815,-2.443899142,0.6,-0.25428062677383423,-0.04517543859649118,212589435.71695828,0.16545725272782624,0.8191583641676597
1221,1889,yatenga(ouahigouya),balongo,burkina_faso,11/3/2009,33,10,-0.781745477,1.0,13.65945,-2.48013,-1.747280598,-2.154203892,3.0,0.1666666666666666,-0.166666667,13.65,-2.5,13.65,-2.5,13.65,-2.5,13.50282815,-2.443899142,0.6,-0.25428062677383423,-0.04517543859649118,212589435.71695828,0.16545725272782624,0.8191583641676597
1222,1890,yatenga(ouahigouya),balongo,burkina_faso,11/2/2009,14,4,-0.427172921,1.0,13.65945,-2.48013,-1.747280598,-2.154203892,3.0,0.1666666666666666,-0.166666667,13.65,-2.5,13.65,-2.5,13.65,-2.5,13.50282815,-2.443899142,0.6,-0.25428062677383423,-0.04517543859649118,212589435.71695828,0.16545725272782624,0.8191583641676597
1223,1891,yatenga(ouahigouya),barma-mossi,burkina_faso,11/7/2009,9,2,-0.94081694,1.0,13.240319999999995,-2.05716,-1.605768124,-1.605768124,1.0,0.5,-0.5,13.25,-2.05,13.25,-2.05,13.25,-2.05,13.20909134,-2.101418271,0.6,-0.2843644817670186,-0.04517543859649123,204775230.72304633,0.18909951178732815,0.4163284797461115
1224,1894,yatenga(ouahigouya),barma-mossi,burkina_faso,11/7/2009,8,1,-0.771798669,1.0,13.240319999999995,-2.05716,-1.605768124,-1.605768124,1.0,0.5,-0.5,13.25,-2.05,13.25,-2.05,13.25,-2.05,13.20909134,-2.101418271,0.6,-0.2843644817670186,-0.04517543859649123,204775230.72304633,0.18909951178732815,0.4163284797461115
1225,1895,yatenga(ouahigouya),barma-mossi,burkina_faso,11/7/2009,8,2,-0.475562796,1.0,13.240319999999995,-2.05716,-1.605768124,-1.605768124,1.0,0.5,-0.5,13.25,-2.05,13.25,-2.05,13.25,-2.05,13.20909134,-2.101418271,0.6,-0.2843644817670186,-0.04517543859649123,204775230.72304633,0.18909951178732815,0.4163284797461115
1226,1896,yatenga(ouahigouya),barma-mossi,burkina_faso,11/7/2009,8,1,-0.418211832,0.0,13.240319999999995,-2.05716,-1.605768124,-1.605768124,1.0,0.5,-0.5,13.25,-2.05,13.25,-2.05,13.25,-2.05,13.20909134,-2.101418271,0.6,-0.2843644817670186,-0.04517543859649123,204775230.72304633,0.18909951178732815,0.4163284797461115
1227,1899,yatenga(ouahigouya),barma-mossi,burkina_faso,11/7/2009,5,2,-0.773232443,1.0,13.240319999999995,-2.05716,-1.605768124,-1.605768124,1.0,0.5,-0.5,13.25,-2.05,13.25,-2.05,13.25,-2.05,13.20909134,-2.101418271,0.6,-0.2843644817670186,-0.04517543859649123,204775230.72304633,0.18909951178732815,0.4163284797461115
1228,1900,yatenga(ouahigouya),barma-mossi,burkina_faso,11/7/2009,11,1,-0.603718505,1.0,13.240319999999995,-2.05716,-1.605768124,-1.605768124,1.0,0.5,-0.5,13.25,-2.05,13.25,-2.05,13.25,-2.05,13.20909134,-2.101418271,0.6,-0.2843644817670186,-0.04517543859649123,204775230.72304633,0.18909951178732815,0.4163284797461115
1229,1901,yatenga(ouahigouya),barma-mossi,burkina_faso,11/7/2009,11,1,-0.931855851,1.0,13.240319999999995,-2.05716,-1.605768124,-1.605768124,1.0,0.5,-0.5,13.25,-2.05,13.25,-2.05,13.25,-2.05,13.20909134,-2.101418271,0.6,-0.2843644817670186,-0.04517543859649123,204775230.72304633,0.18909951178732815,0.4163284797461115
1230,1902,yatenga(ouahigouya),barma-mossi,burkina_faso,11/7/2009,2,1,-0.913933675,1.0,13.240319999999995,-2.05716,-1.605768124,-1.605768124,1.0,0.5,-0.5,13.25,-2.05,13.25,-2.05,13.25,-2.05,13.20909134,-2.101418271,0.6,-0.2843644817670186,-0.04517543859649123,204775230.72304633,0.18909951178732815,0.4163284797461115
1231,1903,yatenga(ouahigouya),barma-mossi,burkina_faso,11/7/2009,8,1,-0.949778028,1.0,13.240319999999995,-2.05716,-1.605768124,-1.605768124,1.0,0.5,-0.5,13.25,-2.05,13.25,-2.05,13.25,-2.05,13.20909134,-2.101418271,0.6,-0.2843644817670186,-0.04517543859649123,204775230.72304633,0.18909951178732815,0.4163284797461115
1232,1905,yatenga(ouahigouya),barma-mossi,burkina_faso,11/7/2009,12,1,-0.432549573,1.0,13.240319999999995,-2.05716,-1.605768124,-1.605768124,1.0,0.5,-0.5,13.25,-2.05,13.25,-2.05,13.25,-2.05,13.20909134,-2.101418271,0.6,-0.2843644817670186,-0.04517543859649123,204775230.72304633,0.18909951178732815,0.4163284797461115
1233,1906,yatenga(ouahigouya),barma-mossi,burkina_faso,11/7/2009,20,4,-0.823414536,1.0,13.240319999999995,-2.05716,-1.605768124,-1.605768124,1.0,0.5,-0.5,13.25,-2.05,13.25,-2.05,13.25,-2.05,13.20909134,-2.101418271,0.6,-0.2843644817670186,-0.04517543859649123,204775230.72304633,0.18909951178732815,0.4163284797461115
1234,1908,yatenga(ouahigouya),barma-mossi,burkina_faso,11/7/2009,5,1,-0.928271416,1.0,13.240319999999995,-2.05716,-1.605768124,-1.605768124,1.0,0.5,-0.5,13.25,-2.05,13.25,-2.05,13.25,-2.05,13.20909134,-2.101418271,0.6,-0.2843644817670186,-0.04517543859649123,204775230.72304633,0.18909951178732815,0.4163284797461115
1235,1909,yatenga(ouahigouya),barma-mossi,burkina_faso,11/7/2009,12,1,-0.432549573,1.0,13.240319999999995,-2.05716,-1.605768124,-1.605768124,1.0,0.5,-0.5,13.25,-2.05,13.25,-2.05,13.25,-2.05,13.20909134,-2.101418271,0.6,-0.2843644817670186,-0.04517543859649123,204775230.72304633,0.18909951178732815,0.4163284797461115
1236,1910,yatenga(ouahigouya),barma-mossi,burkina_faso,11/7/2009,7,2,-0.787570184,1.0,13.240319999999995,-2.05716,-1.605768124,-1.605768124,1.0,0.5,-0.5,13.25,-2.05,13.25,-2.05,13.25,-2.05,13.20909134,-2.101418271,0.6,-0.2843644817670186,-0.04517543859649123,204775230.72304633,0.18909951178732815,0.4163284797461115
1237,1911,yatenga(ouahigouya),barma-mossi,burkina_faso,11/7/2009,16,2,-0.446887314,1.0,13.240319999999995,-2.05716,-1.605768124,-1.605768124,1.0,0.5,-0.5,13.25,-2.05,13.25,-2.05,13.25,-2.05,13.20909134,-2.101418271,0.6,-0.2843644817670186,-0.04517543859649123,204775230.72304633,0.18909951178732815,0.4163284797461115
1238,1912,yatenga(ouahigouya),barma-mossi,burkina_faso,11/7/2009,8,2,-0.059542077,1.0,13.240319999999995,-2.05716,-1.605768124,-1.605768124,1.0,0.5,-0.5,13.25,-2.05,13.25,-2.05,13.25,-2.05,13.20909134,-2.101418271,0.6,-0.2843644817670186,-0.04517543859649123,204775230.72304633,0.18909951178732815,0.4163284797461115
1239,1913,yatenga(ouahigouya),barma-mossi,burkina_faso,11/7/2009,8,1,-0.949778028,1.0,13.240319999999995,-2.05716,-1.605768124,-1.605768124,1.0,0.5,-0.5,13.25,-2.05,13.25,-2.05,13.25,-2.05,13.20909134,-2.101418271,0.6,-0.2843644817670186,-0.04517543859649123,204775230.72304633,0.18909951178732815,0.4163284797461115
1240,1915,yatenga(ouahigouya),barma-mossi,burkina_faso,11/7/2009,25,1,-0.797128678,1.0,13.240319999999995,-2.05716,-1.605768124,-1.605768124,1.0,0.5,-0.5,13.25,-2.05,13.25,-2.05,13.25,-2.05,13.20909134,-2.101418271,0.6,-0.2843644817670186,-0.04517543859649123,204775230.72304633,0.18909951178732815,0.4163284797461115
1241,1919,yatenga(ouahigouya),bidi rimaibe thiou,burkina_faso,11/1/2009,12,1,-0.978453509,1.0,13.90834,-2.48512,-1.890518188,-2.302386522,3.0,0.1666666666666666,-0.166666667,13.9,-2.5,13.9,-2.5,13.9,-2.5,14.03752044,-2.443899142,0.6,-0.39841510852177936,-0.04517543859649118,212589435.71695828,0.16538097656590767,0.8311556935201989
1242,1920,yatenga(ouahigouya),bidi rimaibe thiou,burkina_faso,11/1/2009,12,3,-0.609095158,1.0,13.90834,-2.48512,-1.890518188,-2.302386522,3.0,0.1666666666666666,-0.166666667,13.9,-2.5,13.9,-2.5,13.9,-2.5,14.03752044,-2.443899142,0.6,-0.39841510852177936,-0.04517543859649118,212589435.71695828,0.16538097656590767,0.8311556935201989
1243,1921,yatenga(ouahigouya),bidi rimaibe thiou,burkina_faso,11/1/2009,5,1,-0.193074439,1.0,13.90834,-2.48512,-1.890518188,-2.302386522,3.0,0.1666666666666666,-0.166666667,13.9,-2.5,13.9,-2.5,13.9,-2.5,14.03752044,-2.443899142,0.6,-0.39841510852177936,-0.04517543859649118,212589435.71695828,0.16538097656590767,0.8311556935201989
1244,1922,yatenga(ouahigouya),bidi rimaibe thiou,burkina_faso,11/1/2009,10,1,-0.928271416,0.0,13.90834,-2.48512,-1.890518188,-2.302386522,3.0,0.1666666666666666,-0.166666667,13.9,-2.5,13.9,-2.5,13.9,-2.5,14.03752044,-2.443899142,0.6,-0.39841510852177936,-0.04517543859649118,212589435.71695828,0.16538097656590767,0.8311556935201989
1245,1924,yatenga(ouahigouya),bidi rimaibe thiou,burkina_faso,11/1/2009,2,2,-0.935440287,1.0,13.90834,-2.48512,-1.890518188,-2.302386522,3.0,0.1666666666666666,-0.166666667,13.9,-2.5,13.9,-2.5,13.9,-2.5,14.03752044,-2.443899142,0.6,-0.39841510852177936,-0.04517543859649118,212589435.71695828,0.16538097656590767,0.8311556935201989
1246,1925,yatenga(ouahigouya),bidi rimaibe thiou,burkina_faso,11/1/2009,4,1,-0.573250806,0.0,13.90834,-2.48512,-1.890518188,-2.302386522,3.0,0.1666666666666666,-0.166666667,13.9,-2.5,13.9,-2.5,13.9,-2.5,14.03752044,-2.443899142,0.6,-0.39841510852177936,-0.04517543859649118,212589435.71695828,0.16538097656590767,0.8311556935201989
1247,1926,yatenga(ouahigouya),bidi rimaibe thiou,burkina_faso,11/1/2009,20,4,0.6286219627705669,1.0,13.90834,-2.48512,-1.890518188,-2.302386522,3.0,0.1666666666666666,-0.166666667,13.9,-2.5,13.9,-2.5,13.9,-2.5,14.03752044,-2.443899142,0.6,-0.39841510852177936,-0.04517543859649118,212589435.71695828,0.16538097656590767,0.8311556935201989
1248,1927,yatenga(ouahigouya),bidi rimaibe thiou,burkina_faso,11/1/2009,23,2,-0.471978361,1.0,13.90834,-2.48512,-1.890518188,-2.302386522,3.0,0.1666666666666666,-0.166666667,13.9,-2.5,13.9,-2.5,13.9,-2.5,14.03752044,-2.443899142,0.6,-0.39841510852177936,-0.04517543859649118,212589435.71695828,0.16538097656590767,0.8311556935201989
1249,1929,yatenga(ouahigouya),bidi rimaibe thiou,burkina_faso,11/1/2009,14,2,0.2418534973922038,0.0,13.90834,-2.48512,-1.890518188,-2.302386522,3.0,0.1666666666666666,-0.166666667,13.9,-2.5,13.9,-2.5,13.9,-2.5,14.03752044,-2.443899142,0.6,-0.39841510852177936,-0.04517543859649118,212589435.71695828,0.16538097656590767,0.8311556935201989
1250,1931,yatenga(ouahigouya),bidi rimaibe thiou,burkina_faso,11/1/2009,15,5,-0.801907925,1.0,13.90834,-2.48512,-1.890518188,-2.302386522,3.0,0.1666666666666666,-0.166666667,13.9,-2.5,13.9,-2.5,13.9,-2.5,14.03752044,-2.443899142,0.6,-0.39841510852177936,-0.04517543859649118,212589435.71695828,0.16538097656590767,0.8311556935201989
1251,1933,yatenga(ouahigouya),bidi rimaibe thiou,burkina_faso,11/1/2009,12,1,-0.823414536,1.0,13.90834,-2.48512,-1.890518188,-2.302386522,3.0,0.1666666666666666,-0.166666667,13.9,-2.5,13.9,-2.5,13.9,-2.5,14.03752044,-2.443899142,0.6,-0.39841510852177936,-0.04517543859649118,212589435.71695828,0.16538097656590767,0.8311556935201989
1252,1936,yatenga(ouahigouya),bidi rimaibe thiou,burkina_faso,11/1/2009,12,1,-0.441152218,1.0,13.90834,-2.48512,-1.890518188,-2.302386522,3.0,0.1666666666666666,-0.166666667,13.9,-2.5,13.9,-2.5,13.9,-2.5,14.03752044,-2.443899142,0.6,-0.39841510852177936,-0.04517543859649118,212589435.71695828,0.16538097656590767,0.8311556935201989
1253,1937,yatenga(ouahigouya),bidi rimaibe thiou,burkina_faso,11/1/2009,12,1,-0.630601769,0.0,13.90834,-2.48512,-1.890518188,-2.302386522,3.0,0.1666666666666666,-0.166666667,13.9,-2.5,13.9,-2.5,13.9,-2.5,14.03752044,-2.443899142,0.6,-0.39841510852177936,-0.04517543859649118,212589435.71695828,0.16538097656590767,0.8311556935201989
1254,1938,yatenga(ouahigouya),bidi rimaibe thiou,burkina_faso,11/1/2009,36,3,-0.466960152,1.0,13.90834,-2.48512,-1.890518188,-2.302386522,3.0,0.1666666666666666,-0.166666667,13.9,-2.5,13.9,-2.5,13.9,-2.5,14.03752044,-2.443899142,0.6,-0.39841510852177936,-0.04517543859649118,212589435.71695828,0.16538097656590767,0.8311556935201989
1255,1940,yatenga(ouahigouya),bidi rimaibe thiou,burkina_faso,11/1/2009,13,1,-0.98562238,1.0,13.90834,-2.48512,-1.890518188,-2.302386522,3.0,0.1666666666666666,-0.166666667,13.9,-2.5,13.9,-2.5,13.9,-2.5,14.03752044,-2.443899142,0.6,-0.39841510852177936,-0.04517543859649118,212589435.71695828,0.16538097656590767,0.8311556935201989
1256,1941,yatenga(ouahigouya),bidi rimaibe thiou,burkina_faso,11/1/2009,9,1,-0.5929652,1.0,13.90834,-2.48512,-1.890518188,-2.302386522,3.0,0.1666666666666666,-0.166666667,13.9,-2.5,13.9,-2.5,13.9,-2.5,14.03752044,-2.443899142,0.6,-0.39841510852177936,-0.04517543859649118,212589435.71695828,0.16538097656590767,0.8311556935201989
1257,1942,yatenga(ouahigouya),bidi rimaibe thiou,burkina_faso,11/1/2009,30,2,-0.448190745,1.0,13.90834,-2.48512,-1.890518188,-2.302386522,3.0,0.1666666666666666,-0.166666667,13.9,-2.5,13.9,-2.5,13.9,-2.5,14.03752044,-2.443899142,0.6,-0.39841510852177936,-0.04517543859649118,212589435.71695828,0.16538097656590767,0.8311556935201989
1258,1943,yatenga(ouahigouya),bidi rimaibe thiou,burkina_faso,11/1/2009,8,1,-0.432549573,0.0,13.90834,-2.48512,-1.890518188,-2.302386522,3.0,0.1666666666666666,-0.166666667,13.9,-2.5,13.9,-2.5,13.9,-2.5,14.03752044,-2.443899142,0.6,-0.39841510852177936,-0.04517543859649118,212589435.71695828,0.16538097656590767,0.8311556935201989
1259,1945,yatenga(ouahigouya),bissighin,burkina_faso,11/5/2009,8,1,-0.794739054,1.0,12.50923,-1.7206,-1.59091262,-1.676187317,2.0,1.0,0.0,12.5,-1.7,12.5,-1.7,12.5,-1.7,12.60199655,-1.685227986,1.8,-0.24787051147884792,-0.10571895424836601,190001502.360452,0.19946356859750494,-0.010674359428328605
1260,1946,yatenga(ouahigouya),bissighin,burkina_faso,11/6/2009,13,1,-0.807284578,1.0,12.50923,-1.7206,-1.59091262,-1.676187317,2.0,1.0,0.0,12.5,-1.7,12.5,-1.7,12.5,-1.7,12.60199655,-1.685227986,1.8,-0.24787051147884792,-0.10571895424836601,190001502.360452,0.19946356859750494,-0.010674359428328605
1261,1948,yatenga(ouahigouya),bissighin,burkina_faso,11/5/2009,6,2,-0.780401313,1.0,12.50923,-1.7206,-1.59091262,-1.676187317,2.0,1.0,0.0,12.5,-1.7,12.5,-1.7,12.5,-1.7,12.60199655,-1.685227986,1.8,-0.24787051147884792,-0.10571895424836601,190001502.360452,0.19946356859750494,-0.010674359428328605
1262,1949,yatenga(ouahigouya),bissighin,burkina_faso,11/6/2009,9,1,-0.776099991,1.0,12.50923,-1.7206,-1.59091262,-1.676187317,2.0,1.0,0.0,12.5,-1.7,12.5,-1.7,12.5,-1.7,12.60199655,-1.685227986,1.8,-0.24787051147884792,-0.10571895424836601,190001502.360452,0.19946356859750494,-0.010674359428328605
1263,1951,yatenga(ouahigouya),bissighin,burkina_faso,11/6/2009,5,1,-0.764271355,1.0,12.50923,-1.7206,-1.59091262,-1.676187317,2.0,1.0,0.0,12.5,-1.7,12.5,-1.7,12.5,-1.7,12.60199655,-1.685227986,1.8,-0.24787051147884792,-0.10571895424836601,190001502.360452,0.19946356859750494,-0.010674359428328605
1264,1953,yatenga(ouahigouya),bissighin,burkina_faso,11/6/2009,7,1,-0.787570184,1.0,12.50923,-1.7206,-1.59091262,-1.676187317,2.0,1.0,0.0,12.5,-1.7,12.5,-1.7,12.5,-1.7,12.60199655,-1.685227986,1.8,-0.24787051147884792,-0.10571895424836601,190001502.360452,0.19946356859750494,-0.010674359428328605
1265,1954,yatenga(ouahigouya),bissighin,burkina_faso,11/6/2009,7,1,-0.787570184,1.0,12.50923,-1.7206,-1.59091262,-1.676187317,2.0,1.0,0.0,12.5,-1.7,12.5,-1.7,12.5,-1.7,12.60199655,-1.685227986,1.8,-0.24787051147884792,-0.10571895424836601,190001502.360452,0.19946356859750494,-0.010674359428328605
1266,1955,yatenga(ouahigouya),bissighin,burkina_faso,11/6/2009,6,1,0.1441654877503777,1.0,12.50923,-1.7206,-1.59091262,-1.676187317,2.0,1.0,0.0,12.5,-1.7,12.5,-1.7,12.5,-1.7,12.60199655,-1.685227986,1.8,-0.24787051147884792,-0.10571895424836601,190001502.360452,0.19946356859750494,-0.010674359428328605
1267,1956,yatenga(ouahigouya),bissighin,burkina_faso,11/6/2009,8,1,-0.949778028,0.0,12.50923,-1.7206,-1.59091262,-1.676187317,2.0,1.0,0.0,12.5,-1.7,12.5,-1.7,12.5,-1.7,12.60199655,-1.685227986,1.8,-0.24787051147884792,-0.10571895424836601,190001502.360452,0.19946356859750494,-0.010674359428328605
1268,1957,yatenga(ouahigouya),bissighin,burkina_faso,11/6/2009,9,3,-0.576835241,1.0,12.50923,-1.7206,-1.59091262,-1.676187317,2.0,1.0,0.0,12.5,-1.7,12.5,-1.7,12.5,-1.7,12.60199655,-1.685227986,1.8,-0.24787051147884792,-0.10571895424836601,190001502.360452,0.19946356859750494,-0.010674359428328605
1269,1958,yatenga(ouahigouya),bissighin,burkina_faso,11/5/2009,4,1,-0.935440287,0.0,12.50923,-1.7206,-1.59091262,-1.676187317,2.0,1.0,0.0,12.5,-1.7,12.5,-1.7,12.5,-1.7,12.60199655,-1.685227986,1.8,-0.24787051147884792,-0.10571895424836601,190001502.360452,0.19946356859750494,-0.010674359428328605
1270,1959,yatenga(ouahigouya),bissighin,burkina_faso,11/5/2009,8,1,-0.935440287,1.0,12.50923,-1.7206,-1.59091262,-1.676187317,2.0,1.0,0.0,12.5,-1.7,12.5,-1.7,12.5,-1.7,12.60199655,-1.685227986,1.8,-0.24787051147884792,-0.10571895424836601,190001502.360452,0.19946356859750494,-0.010674359428328605
1271,1965,yatenga(ouahigouya),bissighin,burkina_faso,11/5/2009,5,2,-0.755310267,1.0,12.50923,-1.7206,-1.59091262,-1.676187317,2.0,1.0,0.0,12.5,-1.7,12.5,-1.7,12.5,-1.7,12.60199655,-1.685227986,1.8,-0.24787051147884792,-0.10571895424836601,190001502.360452,0.19946356859750494,-0.010674359428328605
1272,1966,yatenga(ouahigouya),bissighin,burkina_faso,11/5/2009,9,1,-0.785777966,1.0,12.50923,-1.7206,-1.59091262,-1.676187317,2.0,1.0,0.0,12.5,-1.7,12.5,-1.7,12.5,-1.7,12.60199655,-1.685227986,1.8,-0.24787051147884792,-0.10571895424836601,190001502.360452,0.19946356859750494,-0.010674359428328605
1273,1967,yatenga(ouahigouya),bissighin,burkina_faso,11/5/2009,15,4,-0.435621946,1.0,12.50923,-1.7206,-1.59091262,-1.676187317,2.0,1.0,0.0,12.5,-1.7,12.5,-1.7,12.5,-1.7,12.60199655,-1.685227986,1.8,-0.24787051147884792,-0.10571895424836601,190001502.360452,0.19946356859750494,-0.010674359428328605
1274,1968,yatenga(ouahigouya),bissighin,burkina_faso,11/6/2009,5,1,-0.773232443,1.0,12.50923,-1.7206,-1.59091262,-1.676187317,2.0,1.0,0.0,12.5,-1.7,12.5,-1.7,12.5,-1.7,12.60199655,-1.685227986,1.8,-0.24787051147884792,-0.10571895424836601,190001502.360452,0.19946356859750494,-0.010674359428328605
1275,1969,yatenga(ouahigouya),bissighin,burkina_faso,11/6/2009,7,2,-0.775024661,1.0,12.50923,-1.7206,-1.59091262,-1.676187317,2.0,1.0,0.0,12.5,-1.7,12.5,-1.7,12.5,-1.7,12.60199655,-1.685227986,1.8,-0.24787051147884792,-0.10571895424836601,190001502.360452,0.19946356859750494,-0.010674359428328605
1276,1971,yatenga(ouahigouya),bissighin,burkina_faso,11/5/2009,8,2,-0.780401313,1.0,12.50923,-1.7206,-1.59091262,-1.676187317,2.0,1.0,0.0,12.5,-1.7,12.5,-1.7,12.5,-1.7,12.60199655,-1.685227986,1.8,-0.24787051147884792,-0.10571895424836601,190001502.360452,0.19946356859750494,-0.010674359428328605
1277,1973,yatenga(ouahigouya),boulle,burkina_faso,11/9/2009,20,1,-0.497069408,1.0,13.194374569284037,-3.833565665,-1.626473248,-1.789244473,2.0,0.3333333333333333,-0.333333333,13.2,-3.85,13.2,-3.85,13.2,-3.85,13.20909134,-3.793292763,0.9,-0.30009755823347306,-0.0831081081081081,158605991.5780933,0.21630617329740603,0.5314176118580236
1278,1974,yatenga(ouahigouya),boulle,burkina_faso,11/9/2009,13,2,0.6341522342700248,1.0,13.194374569284037,-3.833565665,-1.626473248,-1.789244473,2.0,0.3333333333333333,-0.333333333,13.2,-3.85,13.2,-3.85,13.2,-3.85,13.20909134,-3.793292763,0.9,-0.30009755823347306,-0.0831081081081081,158605991.5780933,0.21630617329740603,0.5314176118580236
1279,1976,yatenga(ouahigouya),boulle,burkina_faso,11/9/2009,6,1,-0.587588547,1.0,13.194374569284037,-3.833565665,-1.626473248,-1.789244473,2.0,0.3333333333333333,-0.333333333,13.2,-3.85,13.2,-3.85,13.2,-3.85,13.20909134,-3.793292763,0.9,-0.30009755823347306,-0.0831081081081081,158605991.5780933,0.21630617329740603,0.5314176118580236
1280,1977,yatenga(ouahigouya),boulle,burkina_faso,11/9/2009,7,1,-0.767497347,1.0,13.194374569284037,-3.833565665,-1.626473248,-1.789244473,2.0,0.3333333333333333,-0.333333333,13.2,-3.85,13.2,-3.85,13.2,-3.85,13.20909134,-3.793292763,0.9,-0.30009755823347306,-0.0831081081081081,158605991.5780933,0.21630617329740603,0.5314176118580236
1281,1979,yatenga(ouahigouya),boulle,burkina_faso,11/9/2009,6,1,-0.432549573,1.0,13.194374569284037,-3.833565665,-1.626473248,-1.789244473,2.0,0.3333333333333333,-0.333333333,13.2,-3.85,13.2,-3.85,13.2,-3.85,13.20909134,-3.793292763,0.9,-0.30009755823347306,-0.0831081081081081,158605991.5780933,0.21630617329740603,0.5314176118580236
1282,1980,yatenga(ouahigouya),boulle,burkina_faso,11/9/2009,12,1,-0.801907925,1.0,13.194374569284037,-3.833565665,-1.626473248,-1.789244473,2.0,0.3333333333333333,-0.333333333,13.2,-3.85,13.2,-3.85,13.2,-3.85,13.20909134,-3.793292763,0.9,-0.30009755823347306,-0.0831081081081081,158605991.5780933,0.21630617329740603,0.5314176118580236
1283,1982,yatenga(ouahigouya),boulle,burkina_faso,11/8/2009,10,2,-0.791154619,1.0,13.194374569284037,-3.833565665,-1.626473248,-1.789244473,2.0,0.3333333333333333,-0.333333333,13.2,-3.85,13.2,-3.85,13.2,-3.85,13.20909134,-3.793292763,0.9,-0.30009755823347306,-0.0831081081081081,158605991.5780933,0.21630617329740603,0.5314176118580236
1284,1984,yatenga(ouahigouya),boulle,burkina_faso,11/8/2009,14,1,-0.419645607,1.0,13.194374569284037,-3.833565665,-1.626473248,-1.789244473,2.0,0.3333333333333333,-0.333333333,13.2,-3.85,13.2,-3.85,13.2,-3.85,13.20909134,-3.793292763,0.9,-0.30009755823347306,-0.0831081081081081,158605991.5780933,0.21630617329740603,0.5314176118580236
1285,1985,yatenga(ouahigouya),boulle,burkina_faso,11/8/2009,12,1,-0.426404827,1.0,13.194374569284037,-3.833565665,-1.626473248,-1.789244473,2.0,0.3333333333333333,-0.333333333,13.2,-3.85,13.2,-3.85,13.2,-3.85,13.20909134,-3.793292763,0.9,-0.30009755823347306,-0.0831081081081081,158605991.5780933,0.21630617329740603,0.5314176118580236
1286,1986,yatenga(ouahigouya),boulle,burkina_faso,11/8/2009,13,2,-0.79330528,1.0,13.194374569284037,-3.833565665,-1.626473248,-1.789244473,2.0,0.3333333333333333,-0.333333333,13.2,-3.85,13.2,-3.85,13.2,-3.85,13.20909134,-3.793292763,0.9,-0.30009755823347306,-0.0831081081081081,158605991.5780933,0.21630617329740603,0.5314176118580236
1287,1987,yatenga(ouahigouya),boulle,burkina_faso,11/8/2009,12,1,0.4639095374032782,1.0,13.194374569284037,-3.833565665,-1.626473248,-1.789244473,2.0,0.3333333333333333,-0.333333333,13.2,-3.85,13.2,-3.85,13.2,-3.85,13.20909134,-3.793292763,0.9,-0.30009755823347306,-0.0831081081081081,158605991.5780933,0.21630617329740603,0.5314176118580236
1288,1989,yatenga(ouahigouya),boulle,burkina_faso,11/9/2009,9,1,-0.428248251,0.0,13.194374569284037,-3.833565665,-1.626473248,-1.789244473,2.0,0.3333333333333333,-0.333333333,13.2,-3.85,13.2,-3.85,13.2,-3.85,13.20909134,-3.793292763,0.9,-0.30009755823347306,-0.0831081081081081,158605991.5780933,0.21630617329740603,0.5314176118580236
1289,1991,yatenga(ouahigouya),boulle,burkina_faso,11/9/2009,12,1,-0.432549573,1.0,13.194374569284037,-3.833565665,-1.626473248,-1.789244473,2.0,0.3333333333333333,-0.333333333,13.2,-3.85,13.2,-3.85,13.2,-3.85,13.20909134,-3.793292763,0.9,-0.30009755823347306,-0.0831081081081081,158605991.5780933,0.21630617329740603,0.5314176118580236
1290,1992,yatenga(ouahigouya),boulle,burkina_faso,11/9/2009,16,2,-0.432549573,1.0,13.194374569284037,-3.833565665,-1.626473248,-1.789244473,2.0,0.3333333333333333,-0.333333333,13.2,-3.85,13.2,-3.85,13.2,-3.85,13.20909134,-3.793292763,0.9,-0.30009755823347306,-0.0831081081081081,158605991.5780933,0.21630617329740603,0.5314176118580236
1291,1993,yatenga(ouahigouya),boulle,burkina_faso,11/9/2009,11,1,-0.971284639,1.0,13.194374569284037,-3.833565665,-1.626473248,-1.789244473,2.0,0.3333333333333333,-0.333333333,13.2,-3.85,13.2,-3.85,13.2,-3.85,13.20909134,-3.793292763,0.9,-0.30009755823347306,-0.0831081081081081,158605991.5780933,0.21630617329740603,0.5314176118580236
1292,1994,yatenga(ouahigouya),boulle,burkina_faso,11/9/2009,11,1,-0.468393926,1.0,13.194374569284037,-3.833565665,-1.626473248,-1.789244473,2.0,0.3333333333333333,-0.333333333,13.2,-3.85,13.2,-3.85,13.2,-3.85,13.20909134,-3.793292763,0.9,-0.30009755823347306,-0.0831081081081081,158605991.5780933,0.21630617329740603,0.5314176118580236
1293,1996,yatenga(ouahigouya),boulle,burkina_faso,11/9/2009,8,1,-0.794739054,1.0,13.194374569284037,-3.833565665,-1.626473248,-1.789244473,2.0,0.3333333333333333,-0.333333333,13.2,-3.85,13.2,-3.85,13.2,-3.85,13.20909134,-3.793292763,0.9,-0.30009755823347306,-0.0831081081081081,158605991.5780933,0.21630617329740603,0.5314176118580236
1294,1998,yatenga(ouahigouya),boulle,burkina_faso,11/9/2009,9,1,-0.583287224,1.0,13.194374569284037,-3.833565665,-1.626473248,-1.789244473,2.0,0.3333333333333333,-0.333333333,13.2,-3.85,13.2,-3.85,13.2,-3.85,13.20909134,-3.793292763,0.9,-0.30009755823347306,-0.0831081081081081,158605991.5780933,0.21630617329740603,0.5314176118580236
1295,2000,yatenga(ouahigouya),dinguiri,burkina_faso,10/30/2009,11,2,0.4692861902499733,1.0,13.76697,-2.35906,-1.871886253,-2.271956444,3.0,0.1666666666666666,-0.166666667,13.75,-2.35,13.75,-2.35,13.75,-2.35,13.50282815,-2.354225661,0.6,-0.3671925663948059,-0.04517543859649118,212589435.71695828,0.1677465892292694,0.8353305534033789
1296,2001,yatenga(ouahigouya),dinguiri,burkina_faso,10/31/2009,6,2,-0.935440287,0.0,13.76697,-2.35906,-1.871886253,-2.271956444,3.0,0.1666666666666666,-0.166666667,13.75,-2.35,13.75,-2.35,13.75,-2.35,13.50282815,-2.354225661,0.6,-0.3671925663948059,-0.04517543859649118,212589435.71695828,0.1677465892292694,0.8353305534033789
1297,2002,yatenga(ouahigouya),dinguiri,burkina_faso,10/31/2009,12,1,-0.673614992,0.0,13.76697,-2.35906,-1.871886253,-2.271956444,3.0,0.1666666666666666,-0.166666667,13.75,-2.35,13.75,-2.35,13.75,-2.35,13.50282815,-2.354225661,0.6,-0.3671925663948059,-0.04517543859649118,212589435.71695828,0.1677465892292694,0.8353305534033789
1298,2003,yatenga(ouahigouya),dinguiri,burkina_faso,10/30/2009,12,1,-0.609095158,0.0,13.76697,-2.35906,-1.871886253,-2.271956444,3.0,0.1666666666666666,-0.166666667,13.75,-2.35,13.75,-2.35,13.75,-2.35,13.50282815,-2.354225661,0.6,-0.3671925663948059,-0.04517543859649118,212589435.71695828,0.1677465892292694,0.8353305534033789
1299,2004,yatenga(ouahigouya),dinguiri,burkina_faso,10/30/2009,19,1,-0.593849159,0.0,13.76697,-2.35906,-1.871886253,-2.271956444,3.0,0.1666666666666666,-0.166666667,13.75,-2.35,13.75,-2.35,13.75,-2.35,13.50282815,-2.354225661,0.6,-0.3671925663948059,-0.04517543859649118,212589435.71695828,0.1677465892292694,0.8353305534033789
1300,2005,yatenga(ouahigouya),dinguiri,burkina_faso,10/31/2009,11,1,-0.436850896,1.0,13.76697,-2.35906,-1.871886253,-2.271956444,3.0,0.1666666666666666,-0.166666667,13.75,-2.35,13.75,-2.35,13.75,-2.35,13.50282815,-2.354225661,0.6,-0.3671925663948059,-0.04517543859649118,212589435.71695828,0.1677465892292694,0.8353305534033789
1301,2009,yatenga(ouahigouya),dinguiri,burkina_faso,10/30/2009,10,1,-0.780401313,0.0,13.76697,-2.35906,-1.871886253,-2.271956444,3.0,0.1666666666666666,-0.166666667,13.75,-2.35,13.75,-2.35,13.75,-2.35,13.50282815,-2.354225661,0.6,-0.3671925663948059,-0.04517543859649118,212589435.71695828,0.1677465892292694,0.8353305534033789
1302,2010,yatenga(ouahigouya),dinguiri,burkina_faso,10/30/2009,8,1,-0.578985902,0.0,13.76697,-2.35906,-1.871886253,-2.271956444,3.0,0.1666666666666666,-0.166666667,13.75,-2.35,13.75,-2.35,13.75,-2.35,13.50282815,-2.354225661,0.6,-0.3671925663948059,-0.04517543859649118,212589435.71695828,0.1677465892292694,0.8353305534033789
1303,2012,yatenga(ouahigouya),dinguiri,burkina_faso,10/30/2009,7,1,-0.419645607,1.0,13.76697,-2.35906,-1.871886253,-2.271956444,3.0,0.1666666666666666,-0.166666667,13.75,-2.35,13.75,-2.35,13.75,-2.35,13.50282815,-2.354225661,0.6,-0.3671925663948059,-0.04517543859649118,212589435.71695828,0.1677465892292694,0.8353305534033789
1304,2013,yatenga(ouahigouya),dinguiri,burkina_faso,10/30/2009,15,1,-0.801907925,0.0,13.76697,-2.35906,-1.871886253,-2.271956444,3.0,0.1666666666666666,-0.166666667,13.75,-2.35,13.75,-2.35,13.75,-2.35,13.50282815,-2.354225661,0.6,-0.3671925663948059,-0.04517543859649118,212589435.71695828,0.1677465892292694,0.8353305534033789
1305,2014,yatenga(ouahigouya),dinguiri,burkina_faso,10/30/2009,15,2,0.6255495897153126,1.0,13.76697,-2.35906,-1.871886253,-2.271956444,3.0,0.1666666666666666,-0.166666667,13.75,-2.35,13.75,-2.35,13.75,-2.35,13.50282815,-2.354225661,0.6,-0.3671925663948059,-0.04517543859649118,212589435.71695828,0.1677465892292694,0.8353305534033789
1306,2015,yatenga(ouahigouya),dinguiri,burkina_faso,11/1/2009,10,1,0.6450511078361175,0.0,13.76697,-2.35906,-1.871886253,-2.271956444,3.0,0.1666666666666666,-0.166666667,13.75,-2.35,13.75,-2.35,13.75,-2.35,13.50282815,-2.354225661,0.6,-0.3671925663948059,-0.04517543859649118,212589435.71695828,0.1677465892292694,0.8353305534033789
1307,2016,yatenga(ouahigouya),dinguiri,burkina_faso,10/30/2009,16,1,0.6327184601775727,1.0,13.76697,-2.35906,-1.871886253,-2.271956444,3.0,0.1666666666666666,-0.166666667,13.75,-2.35,13.75,-2.35,13.75,-2.35,13.50282815,-2.354225661,0.6,-0.3671925663948059,-0.04517543859649118,212589435.71695828,0.1677465892292694,0.8353305534033789
1308,2019,yatenga(ouahigouya),dinguiri,burkina_faso,10/30/2009,6,1,-0.780401313,1.0,13.76697,-2.35906,-1.871886253,-2.271956444,3.0,0.1666666666666666,-0.166666667,13.75,-2.35,13.75,-2.35,13.75,-2.35,13.50282815,-2.354225661,0.6,-0.3671925663948059,-0.04517543859649118,212589435.71695828,0.1677465892292694,0.8353305534033789
1309,2020,yatenga(ouahigouya),dinguiri,burkina_faso,10/30/2009,10,3,-0.791154619,1.0,13.76697,-2.35906,-1.871886253,-2.271956444,3.0,0.1666666666666666,-0.166666667,13.75,-2.35,13.75,-2.35,13.75,-2.35,13.50282815,-2.354225661,0.6,-0.3671925663948059,-0.04517543859649118,212589435.71695828,0.1677465892292694,0.8353305534033789
1310,2021,yatenga(ouahigouya),dinguiri,burkina_faso,10/30/2009,6,1,2.7233753326136334,1.0,13.76697,-2.35906,-1.871886253,-2.271956444,3.0,0.1666666666666666,-0.166666667,13.75,-2.35,13.75,-2.35,13.75,-2.35,13.50282815,-2.354225661,0.6,-0.3671925663948059,-0.04517543859649118,212589435.71695828,0.1677465892292694,0.8353305534033789
1311,2023,yatenga(ouahigouya),dinguiri,burkina_faso,10/31/2009,5,1,-0.773232443,1.0,13.76697,-2.35906,-1.871886253,-2.271956444,3.0,0.1666666666666666,-0.166666667,13.75,-2.35,13.75,-2.35,13.75,-2.35,13.50282815,-2.354225661,0.6,-0.3671925663948059,-0.04517543859649118,212589435.71695828,0.1677465892292694,0.8353305534033789
1312,2024,yatenga(ouahigouya),dinguiri,burkina_faso,10/30/2009,6,3,-0.576835241,1.0,13.76697,-2.35906,-1.871886253,-2.271956444,3.0,0.1666666666666666,-0.166666667,13.75,-2.35,13.75,-2.35,13.75,-2.35,13.50282815,-2.354225661,0.6,-0.3671925663948059,-0.04517543859649118,212589435.71695828,0.1677465892292694,0.8353305534033789
1313,2036,yatenga(ouahigouya),mouni,burkina_faso,11/10/2009,11,4,-0.784702636,1.0,11.83428,-3.433,-1.796625674,-2.005547523,4.0,0.3333333333333333,-0.333333333,11.85,-3.45,11.85,-3.45,11.85,-3.45,11.84816324,-3.512248969,1.0,-0.33068782091140747,0.1340909090909091,135074210.37761056,0.22776937859089832,-0.3971634940511456
1314,2037,yatenga(ouahigouya),mouni,burkina_faso,11/10/2009,6,1,-0.769648008,1.0,11.83428,-3.433,-1.796625674,-2.005547523,4.0,0.3333333333333333,-0.333333333,11.85,-3.45,11.85,-3.45,11.85,-3.45,11.84816324,-3.512248969,1.0,-0.33068782091140747,0.1340909090909091,135074210.37761056,0.22776937859089832,-0.3971634940511456
1315,2038,yatenga(ouahigouya),mouni,burkina_faso,11/10/2009,6,1,-0.780401313,1.0,11.83428,-3.433,-1.796625674,-2.005547523,4.0,0.3333333333333333,-0.333333333,11.85,-3.45,11.85,-3.45,11.85,-3.45,11.84816324,-3.512248969,1.0,-0.33068782091140747,0.1340909090909091,135074210.37761056,0.22776937859089832,-0.3971634940511456
1316,2039,yatenga(ouahigouya),mouni,burkina_faso,11/10/2009,8,1,-0.432549573,1.0,11.83428,-3.433,-1.796625674,-2.005547523,4.0,0.3333333333333333,-0.333333333,11.85,-3.45,11.85,-3.45,11.85,-3.45,11.84816324,-3.512248969,1.0,-0.33068782091140747,0.1340909090909091,135074210.37761056,0.22776937859089832,-0.3971634940511456
1317,2040,yatenga(ouahigouya),mouni,burkina_faso,11/10/2009,17,1,-0.760238865,0.0,11.83428,-3.433,-1.796625674,-2.005547523,4.0,0.3333333333333333,-0.333333333,11.85,-3.45,11.85,-3.45,11.85,-3.45,11.84816324,-3.512248969,1.0,-0.33068782091140747,0.1340909090909091,135074210.37761056,0.22776937859089832,-0.3971634940511456
1318,2041,yatenga(ouahigouya),mouni,burkina_faso,11/10/2009,8,1,-0.794739054,1.0,11.83428,-3.433,-1.796625674,-2.005547523,4.0,0.3333333333333333,-0.333333333,11.85,-3.45,11.85,-3.45,11.85,-3.45,11.84816324,-3.512248969,1.0,-0.33068782091140747,0.1340909090909091,135074210.37761056,0.22776937859089832,-0.3971634940511456
1319,2042,yatenga(ouahigouya),mouni,burkina_faso,11/10/2009,4,1,-0.823414536,1.0,11.83428,-3.433,-1.796625674,-2.005547523,4.0,0.3333333333333333,-0.333333333,11.85,-3.45,11.85,-3.45,11.85,-3.45,11.84816324,-3.512248969,1.0,-0.33068782091140747,0.1340909090909091,135074210.37761056,0.22776937859089832,-0.3971634940511456
1320,2043,yatenga(ouahigouya),mouni,burkina_faso,11/10/2009,7,1,-0.439718444,1.0,11.83428,-3.433,-1.796625674,-2.005547523,4.0,0.3333333333333333,-0.333333333,11.85,-3.45,11.85,-3.45,11.85,-3.45,11.84816324,-3.512248969,1.0,-0.33068782091140747,0.1340909090909091,135074210.37761056,0.22776937859089832,-0.3971634940511456
1321,2044,yatenga(ouahigouya),mouni,burkina_faso,11/10/2009,7,1,-0.775024661,1.0,11.83428,-3.433,-1.796625674,-2.005547523,4.0,0.3333333333333333,-0.333333333,11.85,-3.45,11.85,-3.45,11.85,-3.45,11.84816324,-3.512248969,1.0,-0.33068782091140747,0.1340909090909091,135074210.37761056,0.22776937859089832,-0.3971634940511456
1322,2045,yatenga(ouahigouya),mouni,burkina_faso,11/10/2009,7,1,-0.767497347,1.0,11.83428,-3.433,-1.796625674,-2.005547523,4.0,0.3333333333333333,-0.333333333,11.85,-3.45,11.85,-3.45,11.85,-3.45,11.84816324,-3.512248969,1.0,-0.33068782091140747,0.1340909090909091,135074210.37761056,0.22776937859089832,-0.3971634940511456
1323,2046,yatenga(ouahigouya),mouni,burkina_faso,11/10/2009,6,1,-0.769648008,0.0,11.83428,-3.433,-1.796625674,-2.005547523,4.0,0.3333333333333333,-0.333333333,11.85,-3.45,11.85,-3.45,11.85,-3.45,11.84816324,-3.512248969,1.0,-0.33068782091140747,0.1340909090909091,135074210.37761056,0.22776937859089832,-0.3971634940511456
1324,2047,yatenga(ouahigouya),mouni,burkina_faso,11/10/2009,9,1,-0.421796268,0.0,11.83428,-3.433,-1.796625674,-2.005547523,4.0,0.3333333333333333,-0.333333333,11.85,-3.45,11.85,-3.45,11.85,-3.45,11.84816324,-3.512248969,1.0,-0.33068782091140747,0.1340909090909091,135074210.37761056,0.22776937859089832,-0.3971634940511456
1325,2048,yatenga(ouahigouya),mouni,burkina_faso,11/10/2009,6,1,-0.801907925,1.0,11.83428,-3.433,-1.796625674,-2.005547523,4.0,0.3333333333333333,-0.333333333,11.85,-3.45,11.85,-3.45,11.85,-3.45,11.84816324,-3.512248969,1.0,-0.33068782091140747,0.1340909090909091,135074210.37761056,0.22776937859089832,-0.3971634940511456
1326,2049,yatenga(ouahigouya),mouni,burkina_faso,11/10/2009,20,3,-0.43732882,1.0,11.83428,-3.433,-1.796625674,-2.005547523,4.0,0.3333333333333333,-0.333333333,11.85,-3.45,11.85,-3.45,11.85,-3.45,11.84816324,-3.512248969,1.0,-0.33068782091140747,0.1340909090909091,135074210.37761056,0.22776937859089832,-0.3971634940511456
1327,2050,yatenga(ouahigouya),mouni,burkina_faso,11/10/2009,9,2,-0.417187708,1.0,11.83428,-3.433,-1.796625674,-2.005547523,4.0,0.3333333333333333,-0.333333333,11.85,-3.45,11.85,-3.45,11.85,-3.45,11.84816324,-3.512248969,1.0,-0.33068782091140747,0.1340909090909091,135074210.37761056,0.22776937859089832,-0.3971634940511456
1328,2051,yatenga(ouahigouya),mouni,burkina_faso,11/10/2009,11,2,-0.436850896,1.0,11.83428,-3.433,-1.796625674,-2.005547523,4.0,0.3333333333333333,-0.333333333,11.85,-3.45,11.85,-3.45,11.85,-3.45,11.84816324,-3.512248969,1.0,-0.33068782091140747,0.1340909090909091,135074210.37761056,0.22776937859089832,-0.3971634940511456
1329,2052,yatenga(ouahigouya),mouni,burkina_faso,11/10/2009,12,2,-0.441152218,0.0,11.83428,-3.433,-1.796625674,-2.005547523,4.0,0.3333333333333333,-0.333333333,11.85,-3.45,11.85,-3.45,11.85,-3.45,11.84816324,-3.512248969,1.0,-0.33068782091140747,0.1340909090909091,135074210.37761056,0.22776937859089832,-0.3971634940511456
1330,2062,yatenga(ouahigouya),zimba,burkina_faso,11/4/2009,3,1,-0.221749921,1.0,13.50408,-2.44842,-1.749676168,-1.749676168,1.0,0.3333333333333333,-0.333333333,13.5,-2.45,13.5,-2.45,13.5,-2.45,13.50282815,-2.443899142,0.4,-0.22145822644233704,-0.026724137931034463,284177452.3847869,0.18036691516935072,0.6143890204366063
1331,2063,yatenga(ouahigouya),zimba,burkina_faso,11/4/2009,10,1,-0.791154619,1.0,13.50408,-2.44842,-1.749676168,-1.749676168,1.0,0.3333333333333333,-0.333333333,13.5,-2.45,13.5,-2.45,13.5,-2.45,13.50282815,-2.443899142,0.4,-0.22145822644233704,-0.026724137931034463,284177452.3847869,0.18036691516935072,0.6143890204366063
1332,2064,yatenga(ouahigouya),zimba,burkina_faso,11/4/2009,3,2,-0.411042962,1.0,13.50408,-2.44842,-1.749676168,-1.749676168,1.0,0.3333333333333333,-0.333333333,13.5,-2.45,13.5,-2.45,13.5,-2.45,13.50282815,-2.443899142,0.4,-0.22145822644233704,-0.026724137931034463,284177452.3847869,0.18036691516935072,0.6143890204366063
1333,2065,yatenga(ouahigouya),zimba,burkina_faso,11/3/2009,17,3,-0.42609759,1.0,13.50408,-2.44842,-1.749676168,-1.749676168,1.0,0.3333333333333333,-0.333333333,13.5,-2.45,13.5,-2.45,13.5,-2.45,13.50282815,-2.443899142,0.4,-0.22145822644233704,-0.026724137931034463,284177452.3847869,0.18036691516935072,0.6143890204366063
1334,2066,yatenga(ouahigouya),zimba,burkina_faso,11/4/2009,6,1,-0.780401313,1.0,13.50408,-2.44842,-1.749676168,-1.749676168,1.0,0.3333333333333333,-0.333333333,13.5,-2.45,13.5,-2.45,13.5,-2.45,13.50282815,-2.443899142,0.4,-0.22145822644233704,-0.026724137931034463,284177452.3847869,0.18036691516935072,0.6143890204366063
1335,2067,yatenga(ouahigouya),zimba,burkina_faso,11/4/2009,5,2,-0.905868696,1.0,13.50408,-2.44842,-1.749676168,-1.749676168,1.0,0.3333333333333333,-0.333333333,13.5,-2.45,13.5,-2.45,13.5,-2.45,13.50282815,-2.443899142,0.4,-0.22145822644233704,-0.026724137931034463,284177452.3847869,0.18036691516935072,0.6143890204366063
1336,2068,yatenga(ouahigouya),zimba,burkina_faso,11/3/2009,6,1,-0.801907925,1.0,13.50408,-2.44842,-1.749676168,-1.749676168,1.0,0.3333333333333333,-0.333333333,13.5,-2.45,13.5,-2.45,13.5,-2.45,13.50282815,-2.443899142,0.4,-0.22145822644233704,-0.026724137931034463,284177452.3847869,0.18036691516935072,0.6143890204366063
1337,2069,yatenga(ouahigouya),zimba,burkina_faso,11/3/2009,6,1,-0.924686981,1.0,13.50408,-2.44842,-1.749676168,-1.749676168,1.0,0.3333333333333333,-0.333333333,13.5,-2.45,13.5,-2.45,13.5,-2.45,13.50282815,-2.443899142,0.4,-0.22145822644233704,-0.026724137931034463,284177452.3847869,0.18036691516935072,0.6143890204366063
1338,2070,yatenga(ouahigouya),zimba,burkina_faso,11/4/2009,6,2,-0.801907925,1.0,13.50408,-2.44842,-1.749676168,-1.749676168,1.0,0.3333333333333333,-0.333333333,13.5,-2.45,13.5,-2.45,13.5,-2.45,13.50282815,-2.443899142,0.4,-0.22145822644233704,-0.026724137931034463,284177452.3847869,0.18036691516935072,0.6143890204366063
1339,2071,yatenga(ouahigouya),zimba,burkina_faso,11/4/2009,4,1,-0.432549573,0.0,13.50408,-2.44842,-1.749676168,-1.749676168,1.0,0.3333333333333333,-0.333333333,13.5,-2.45,13.5,-2.45,13.5,-2.45,13.50282815,-2.443899142,0.4,-0.22145822644233704,-0.026724137931034463,284177452.3847869,0.18036691516935072,0.6143890204366063
1340,2072,yatenga(ouahigouya),zimba,burkina_faso,11/4/2009,6,1,0.8332678888018669,1.0,13.50408,-2.44842,-1.749676168,-1.749676168,1.0,0.3333333333333333,-0.333333333,13.5,-2.45,13.5,-2.45,13.5,-2.45,13.50282815,-2.443899142,0.4,-0.22145822644233704,-0.026724137931034463,284177452.3847869,0.18036691516935072,0.6143890204366063
1341,2073,yatenga(ouahigouya),zimba,burkina_faso,11/3/2009,4,1,-0.935440287,1.0,13.50408,-2.44842,-1.749676168,-1.749676168,1.0,0.3333333333333333,-0.333333333,13.5,-2.45,13.5,-2.45,13.5,-2.45,13.50282815,-2.443899142,0.4,-0.22145822644233704,-0.026724137931034463,284177452.3847869,0.18036691516935072,0.6143890204366063
1342,2074,yatenga(ouahigouya),zimba,burkina_faso,11/4/2009,3,2,0.4639095374032782,0.0,13.50408,-2.44842,-1.749676168,-1.749676168,1.0,0.3333333333333333,-0.333333333,13.5,-2.45,13.5,-2.45,13.5,-2.45,13.50282815,-2.443899142,0.4,-0.22145822644233704,-0.026724137931034463,284177452.3847869,0.18036691516935072,0.6143890204366063
1343,2075,yatenga(ouahigouya),zimba,burkina_faso,11/4/2009,14,2,-0.582211894,1.0,13.50408,-2.44842,-1.749676168,-1.749676168,1.0,0.3333333333333333,-0.333333333,13.5,-2.45,13.5,-2.45,13.5,-2.45,13.50282815,-2.443899142,0.4,-0.22145822644233704,-0.026724137931034463,284177452.3847869,0.18036691516935072,0.6143890204366063
1344,2076,yatenga(ouahigouya),zimba,burkina_faso,11/4/2009,11,2,-0.776816878,1.0,13.50408,-2.44842,-1.749676168,-1.749676168,1.0,0.3333333333333333,-0.333333333,13.5,-2.45,13.5,-2.45,13.5,-2.45,13.50282815,-2.443899142,0.4,-0.22145822644233704,-0.026724137931034463,284177452.3847869,0.18036691516935072,0.6143890204366063
1345,2077,yatenga(ouahigouya),zimba,burkina_faso,11/3/2009,2,1,-0.780401313,1.0,13.50408,-2.44842,-1.749676168,-1.749676168,1.0,0.3333333333333333,-0.333333333,13.5,-2.45,13.5,-2.45,13.5,-2.45,13.50282815,-2.443899142,0.4,-0.22145822644233704,-0.026724137931034463,284177452.3847869,0.18036691516935072,0.6143890204366063
1346,2078,yatenga(ouahigouya),zimba,burkina_faso,11/4/2009,5,1,-0.764271355,1.0,13.50408,-2.44842,-1.749676168,-1.749676168,1.0,0.3333333333333333,-0.333333333,13.5,-2.45,13.5,-2.45,13.5,-2.45,13.50282815,-2.443899142,0.4,-0.22145822644233704,-0.026724137931034463,284177452.3847869,0.18036691516935072,0.6143890204366063
1347,2079,yatenga(ouahigouya),zimba,burkina_faso,11/3/2009,5,1,-0.764271355,1.0,13.50408,-2.44842,-1.749676168,-1.749676168,1.0,0.3333333333333333,-0.333333333,13.5,-2.45,13.5,-2.45,13.5,-2.45,13.50282815,-2.443899142,0.4,-0.22145822644233704,-0.026724137931034463,284177452.3847869,0.18036691516935072,0.6143890204366063
1348,2081,yatenga(ouahigouya),zongo,burkina_faso,11/10/2009,8,1,-0.935440287,1.0,13.231849999999998,-1.96395,-1.531155527,-1.571456134,1.5,0.6666666666666666,-0.666666667,13.25,-1.95,13.25,-1.95,13.25,-1.95,13.20909134,-2.101418271,0.9,-0.21929293208652073,-0.0740990990990991,267954189.6953405,0.19290779302602876,0.12445726950927834
1349,2082,yatenga(ouahigouya),zongo,burkina_faso,11/10/2009,11,1,-0.931855851,1.0,13.231849999999998,-1.96395,-1.531155527,-1.571456134,1.5,0.6666666666666666,-0.666666667,13.25,-1.95,13.25,-1.95,13.25,-1.95,13.20909134,-2.101418271,0.9,-0.21929293208652073,-0.0740990990990991,267954189.6953405,0.19290779302602876,0.12445726950927834
1350,2083,yatenga(ouahigouya),zongo,burkina_faso,11/10/2009,10,1,-0.773232443,1.0,13.231849999999998,-1.96395,-1.531155527,-1.571456134,1.5,0.6666666666666666,-0.666666667,13.25,-1.95,13.25,-1.95,13.25,-1.95,13.20909134,-2.101418271,0.9,-0.21929293208652073,-0.0740990990990991,267954189.6953405,0.19290779302602876,0.12445726950927834
1351,2084,yatenga(ouahigouya),zongo,burkina_faso,11/10/2009,17,1,-0.441766693,1.0,13.231849999999998,-1.96395,-1.531155527,-1.571456134,1.5,0.6666666666666666,-0.666666667,13.25,-1.95,13.25,-1.95,13.25,-1.95,13.20909134,-2.101418271,0.9,-0.21929293208652073,-0.0740990990990991,267954189.6953405,0.19290779302602876,0.12445726950927834
1352,2086,yatenga(ouahigouya),zongo,burkina_faso,11/10/2009,18,3,-0.454056185,1.0,13.231849999999998,-1.96395,-1.531155527,-1.571456134,1.5,0.6666666666666666,-0.666666667,13.25,-1.95,13.25,-1.95,13.25,-1.95,13.20909134,-2.101418271,0.9,-0.21929293208652073,-0.0740990990990991,267954189.6953405,0.19290779302602876,0.12445726950927834
1353,2087,yatenga(ouahigouya),zongo,burkina_faso,11/10/2009,14,2,-0.422991079,1.0,13.231849999999998,-1.96395,-1.531155527,-1.571456134,1.5,0.6666666666666666,-0.666666667,13.25,-1.95,13.25,-1.95,13.25,-1.95,13.20909134,-2.101418271,0.9,-0.21929293208652073,-0.0740990990990991,267954189.6953405,0.19290779302602876,0.12445726950927834
1354,2089,yatenga(ouahigouya),zongo,burkina_faso,11/10/2009,14,3,-0.427172921,1.0,13.231849999999998,-1.96395,-1.531155527,-1.571456134,1.5,0.6666666666666666,-0.666666667,13.25,-1.95,13.25,-1.95,13.25,-1.95,13.20909134,-2.101418271,0.9,-0.21929293208652073,-0.0740990990990991,267954189.6953405,0.19290779302602876,0.12445726950927834
1355,2090,yatenga(ouahigouya),zongo,burkina_faso,11/10/2009,18,1,-0.424728987,1.0,13.231849999999998,-1.96395,-1.531155527,-1.571456134,1.5,0.6666666666666666,-0.666666667,13.25,-1.95,13.25,-1.95,13.25,-1.95,13.20909134,-2.101418271,0.9,-0.21929293208652073,-0.0740990990990991,267954189.6953405,0.19290779302602876,0.12445726950927834
1356,2091,yatenga(ouahigouya),zongo,burkina_faso,11/10/2009,12,2,-0.426404827,1.0,13.231849999999998,-1.96395,-1.531155527,-1.571456134,1.5,0.6666666666666666,-0.666666667,13.25,-1.95,13.25,-1.95,13.25,-1.95,13.20909134,-2.101418271,0.9,-0.21929293208652073,-0.0740990990990991,267954189.6953405,0.19290779302602876,0.12445726950927834
1357,2093,yatenga(ouahigouya),zongo,burkina_faso,11/10/2009,6,1,-0.769648008,1.0,13.231849999999998,-1.96395,-1.531155527,-1.571456134,1.5,0.6666666666666666,-0.666666667,13.25,-1.95,13.25,-1.95,13.25,-1.95,13.20909134,-2.101418271,0.9,-0.21929293208652073,-0.0740990990990991,267954189.6953405,0.19290779302602876,0.12445726950927834
1358,2095,yatenga(ouahigouya),zongo,burkina_faso,11/10/2009,8,2,-0.780401313,1.0,13.231849999999998,-1.96395,-1.531155527,-1.571456134,1.5,0.6666666666666666,-0.666666667,13.25,-1.95,13.25,-1.95,13.25,-1.95,13.20909134,-2.101418271,0.9,-0.21929293208652073,-0.0740990990990991,267954189.6953405,0.19290779302602876,0.12445726950927834
1359,2096,yatenga(ouahigouya),zongo,burkina_faso,11/10/2009,20,1,0.654225072,1.0,13.231849999999998,-1.96395,-1.531155527,-1.571456134,1.5,0.6666666666666666,-0.666666667,13.25,-1.95,13.25,-1.95,13.25,-1.95,13.20909134,-2.101418271,0.9,-0.21929293208652073,-0.0740990990990991,267954189.6953405,0.19290779302602876,0.12445726950927834
1360,2098,yatenga(ouahigouya),zongo,burkina_faso,11/11/2009,9,1,-0.421796268,1.0,13.231849999999998,-1.96395,-1.531155527,-1.571456134,1.5,0.6666666666666666,-0.666666667,13.25,-1.95,13.25,-1.95,13.25,-1.95,13.20909134,-2.101418271,0.9,-0.21929293208652073,-0.0740990990990991,267954189.6953405,0.19290779302602876,0.12445726950927834
1361,2099,yatenga(ouahigouya),zongo,burkina_faso,11/10/2009,17,2,-0.789618433,1.0,13.231849999999998,-1.96395,-1.531155527,-1.571456134,1.5,0.6666666666666666,-0.666666667,13.25,-1.95,13.25,-1.95,13.25,-1.95,13.20909134,-2.101418271,0.9,-0.21929293208652073,-0.0740990990990991,267954189.6953405,0.19290779302602876,0.12445726950927834
1362,2100,yatenga(ouahigouya),zongo,burkina_faso,11/10/2009,5,1,-0.928271416,0.0,13.231849999999998,-1.96395,-1.531155527,-1.571456134,1.5,0.6666666666666666,-0.666666667,13.25,-1.95,13.25,-1.95,13.25,-1.95,13.20909134,-2.101418271,0.9,-0.21929293208652073,-0.0740990990990991,267954189.6953405,0.19290779302602876,0.12445726950927834
1363,2102,yatenga(ouahigouya),zongo,burkina_faso,11/10/2009,14,1,0.6470562011020929,1.0,13.231849999999998,-1.96395,-1.531155527,-1.571456134,1.5,0.6666666666666666,-0.666666667,13.25,-1.95,13.25,-1.95,13.25,-1.95,13.20909134,-2.101418271,0.9,-0.21929293208652073,-0.0740990990990991,267954189.6953405,0.19290779302602876,0.12445726950927834
1364,2103,yatenga(ouahigouya),zongo,burkina_faso,11/10/2009,7,1,-0.930063634,1.0,13.231849999999998,-1.96395,-1.531155527,-1.571456134,1.5,0.6666666666666666,-0.666666667,13.25,-1.95,13.25,-1.95,13.25,-1.95,13.20909134,-2.101418271,0.9,-0.21929293208652073,-0.0740990990990991,267954189.6953405,0.19290779302602876,0.12445726950927834
1365,2106,yatenga(ouahigouya),zongo,burkina_faso,11/10/2009,10,1,-0.780401313,1.0,13.231849999999998,-1.96395,-1.531155527,-1.571456134,1.5,0.6666666666666666,-0.666666667,13.25,-1.95,13.25,-1.95,13.25,-1.95,13.20909134,-2.101418271,0.9,-0.21929293208652073,-0.0740990990990991,267954189.6953405,0.19290779302602876,0.12445726950927834
1366,19,banwa(solenzo),bankouma,burkina_faso,11/5/2009,14,0,5.185420305489515,,11.883200619057966,-4.266469868,-1.532716379,-1.588496193,1.5,1.1666666666666667,-0.30952381,11.9,-4.25,11.9,-4.25,11.9,-4.25,11.84816324,-4.306628383,1.2,-0.2567935685316722,0.07129629629629632,156995571.62714553,0.21904604763491864,-0.17151333956534254
1367,20,banwa(solenzo),bankouma,burkina_faso,11/5/2009,4,0,-0.823414536,,11.883200619057966,-4.266469868,-1.532716379,-1.588496193,1.5,1.1666666666666667,-0.30952381,11.9,-4.25,11.9,-4.25,11.9,-4.25,11.84816324,-4.306628383,1.2,-0.2567935685316722,0.07129629629629632,156995571.62714553,0.21904604763491864,-0.17151333956534254
1368,21,banwa(solenzo),bankouma,burkina_faso,11/5/2009,6,0,1.7333678797094538,1.0,11.883200619057966,-4.266469868,-1.532716379,-1.588496193,1.5,1.1666666666666667,-0.30952381,11.9,-4.25,11.9,-4.25,11.9,-4.25,11.84816324,-4.306628383,1.2,-0.2567935685316722,0.07129629629629632,156995571.62714553,0.21904604763491864,-0.17151333956534254
1369,22,banwa(solenzo),bankouma,burkina_faso,11/5/2009,11,0,0.2633601087789842,,11.883200619057966,-4.266469868,-1.532716379,-1.588496193,1.5,1.1666666666666667,-0.30952381,11.9,-4.25,11.9,-4.25,11.9,-4.25,11.84816324,-4.306628383,1.2,-0.2567935685316722,0.07129629629629632,156995571.62714553,0.21904604763491864,-0.17151333956534254
1370,23,banwa(solenzo),bankouma,burkina_faso,11/6/2009,5,0,-0.791154619,1.0,11.883200619057966,-4.266469868,-1.532716379,-1.588496193,1.5,1.1666666666666667,-0.30952381,11.9,-4.25,11.9,-4.25,11.9,-4.25,11.84816324,-4.306628383,1.2,-0.2567935685316722,0.07129629629629632,156995571.62714553,0.21904604763491864,-0.17151333956534254
1371,24,banwa(solenzo),bankouma,burkina_faso,11/5/2009,6,0,-0.780401313,1.0,11.883200619057966,-4.266469868,-1.532716379,-1.588496193,1.5,1.1666666666666667,-0.30952381,11.9,-4.25,11.9,-4.25,11.9,-4.25,11.84816324,-4.306628383,1.2,-0.2567935685316722,0.07129629629629632,156995571.62714553,0.21904604763491864,-0.17151333956534254
1372,25,banwa(solenzo),bankouma,burkina_faso,11/6/2009,6,0,0.2471576202452271,,11.883200619057966,-4.266469868,-1.532716379,-1.588496193,1.5,1.1666666666666667,-0.30952381,11.9,-4.25,11.9,-4.25,11.9,-4.25,11.84816324,-4.306628383,1.2,-0.2567935685316722,0.07129629629629632,156995571.62714553,0.21904604763491864,-0.17151333956534254
1373,26,banwa(solenzo),bankouma,burkina_faso,11/6/2009,16,0,-0.786546059,1.0,11.883200619057966,-4.266469868,-1.532716379,-1.588496193,1.5,1.1666666666666667,-0.30952381,11.9,-4.25,11.9,-4.25,11.9,-4.25,11.84816324,-4.306628383,1.2,-0.2567935685316722,0.07129629629629632,156995571.62714553,0.21904604763491864,-0.17151333956534254
1374,27,banwa(solenzo),bankouma,burkina_faso,11/6/2009,9,0,0.6416795482553979,,11.883200619057966,-4.266469868,-1.532716379,-1.588496193,1.5,1.1666666666666667,-0.30952381,11.9,-4.25,11.9,-4.25,11.9,-4.25,11.84816324,-4.306628383,1.2,-0.2567935685316722,0.07129629629629632,156995571.62714553,0.21904604763491864,-0.17151333956534254
1375,30,banwa(solenzo),diontala,burkina_faso,11/7/2009,8,0,-0.432549573,,11.766716904941084,-4.455623572,-1.679054365,-1.840692356,3.0,1.0,-0.333333333,11.75,-4.45,11.75,-4.45,11.75,-4.45,11.69166694,-4.306628383,1.4,-0.42836208854402813,0.18807277628032348,140799990.56987488,0.2322929247031455,-0.1866685006873912
1376,31,banwa(solenzo),diontala,burkina_faso,11/7/2009,14,0,5.110147165635784,1.0,11.766716904941084,-4.455623572,-1.679054365,-1.840692356,3.0,1.0,-0.333333333,11.75,-4.45,11.75,-4.45,11.75,-4.45,11.69166694,-4.306628383,1.4,-0.42836208854402813,0.18807277628032348,140799990.56987488,0.2322929247031455,-0.1866685006873912
1377,32,banwa(solenzo),diontala,burkina_faso,11/7/2009,9,0,-0.785777966,1.0,11.766716904941084,-4.455623572,-1.679054365,-1.840692356,3.0,1.0,-0.333333333,11.75,-4.45,11.75,-4.45,11.75,-4.45,11.69166694,-4.306628383,1.4,-0.42836208854402813,0.18807277628032348,140799990.56987488,0.2322929247031455,-0.1866685006873912
1378,33,banwa(solenzo),diontala,burkina_faso,11/7/2009,16,0,-0.771798669,1.0,11.766716904941084,-4.455623572,-1.679054365,-1.840692356,3.0,1.0,-0.333333333,11.75,-4.45,11.75,-4.45,11.75,-4.45,11.69166694,-4.306628383,1.4,-0.42836208854402813,0.18807277628032348,140799990.56987488,0.2322929247031455,-0.1866685006873912
1379,34,banwa(solenzo),diontala,burkina_faso,11/7/2009,19,0,-0.423588485,,11.766716904941084,-4.455623572,-1.679054365,-1.840692356,3.0,1.0,-0.333333333,11.75,-4.45,11.75,-4.45,11.75,-4.45,11.69166694,-4.306628383,1.4,-0.42836208854402813,0.18807277628032348,140799990.56987488,0.2322929247031455,-0.1866685006873912
1380,35,banwa(solenzo),diontala,burkina_faso,11/7/2009,7,0,2.056845460149577,1.0,11.766716904941084,-4.455623572,-1.679054365,-1.840692356,3.0,1.0,-0.333333333,11.75,-4.45,11.75,-4.45,11.75,-4.45,11.69166694,-4.306628383,1.4,-0.42836208854402813,0.18807277628032348,140799990.56987488,0.2322929247031455,-0.1866685006873912
1381,36,banwa(solenzo),diontala,burkina_faso,11/7/2009,10,0,-0.809076795,,11.766716904941084,-4.455623572,-1.679054365,-1.840692356,3.0,1.0,-0.333333333,11.75,-4.45,11.75,-4.45,11.75,-4.45,11.69166694,-4.306628383,1.4,-0.42836208854402813,0.18807277628032348,140799990.56987488,0.2322929247031455,-0.1866685006873912
1382,37,banwa(solenzo),diontala,burkina_faso,11/8/2009,6,0,-0.801907925,,11.766716904941084,-4.455623572,-1.679054365,-1.840692356,3.0,1.0,-0.333333333,11.75,-4.45,11.75,-4.45,11.75,-4.45,11.69166694,-4.306628383,1.4,-0.42836208854402813,0.18807277628032348,140799990.56987488,0.2322929247031455,-0.1866685006873912
1383,38,banwa(solenzo),diontala,burkina_faso,11/8/2009,5,0,-0.999960121,1.0,11.766716904941084,-4.455623572,-1.679054365,-1.840692356,3.0,1.0,-0.333333333,11.75,-4.45,11.75,-4.45,11.75,-4.45,11.69166694,-4.306628383,1.4,-0.42836208854402813,0.18807277628032348,140799990.56987488,0.2322929247031455,-0.1866685006873912
1384,73,banwa(solenzo),sanakuy,burkina_faso,11/4/2009,5,0,-0.416419615,1.0,12.184773721304458,-4.085154664,-1.535560384,-1.570247427,1.375,1.1666666666666667,-0.30952381,12.2,-4.1,12.2,-4.1,12.2,-4.1,12.19059873,-4.082842506,1.5,-0.23568215370178222,0.08214285714285713,68050877.58405991,0.2219607677030048,0.09978708786470018
1385,74,banwa(solenzo),sanakuy,burkina_faso,11/4/2009,6,0,-0.769648008,1.0,12.184773721304458,-4.085154664,-1.535560384,-1.570247427,1.375,1.1666666666666667,-0.30952381,12.2,-4.1,12.2,-4.1,12.2,-4.1,12.19059873,-4.082842506,1.5,-0.23568215370178222,0.08214285714285713,68050877.58405991,0.2219607677030048,0.09978708786470018
1386,75,banwa(solenzo),sanakuy,burkina_faso,11/4/2009,4,0,-0.758894702,1.0,12.184773721304458,-4.085154664,-1.535560384,-1.570247427,1.375,1.1666666666666667,-0.30952381,12.2,-4.1,12.2,-4.1,12.2,-4.1,12.19059873,-4.082842506,1.5,-0.23568215370178222,0.08214285714285713,68050877.58405991,0.2219607677030048,0.09978708786470018
1387,76,banwa(solenzo),sanakuy,burkina_faso,11/4/2009,5,0,-0.791154619,,12.184773721304458,-4.085154664,-1.535560384,-1.570247427,1.375,1.1666666666666667,-0.30952381,12.2,-4.1,12.2,-4.1,12.2,-4.1,12.19059873,-4.082842506,1.5,-0.23568215370178222,0.08214285714285713,68050877.58405991,0.2219607677030048,0.09978708786470018
1388,77,banwa(solenzo),sanakuy,burkina_faso,11/4/2009,34,0,3.125697928907991,1.0,12.184773721304458,-4.085154664,-1.535560384,-1.570247427,1.375,1.1666666666666667,-0.30952381,12.2,-4.1,12.2,-4.1,12.2,-4.1,12.19059873,-4.082842506,1.5,-0.23568215370178222,0.08214285714285713,68050877.58405991,0.2219607677030048,0.09978708786470018
1389,78,banwa(solenzo),sanakuy,burkina_faso,11/4/2009,5,0,-0.758894702,,12.184773721304458,-4.085154664,-1.535560384,-1.570247427,1.375,1.1666666666666667,-0.30952381,12.2,-4.1,12.2,-4.1,12.2,-4.1,12.19059873,-4.082842506,1.5,-0.23568215370178222,0.08214285714285713,68050877.58405991,0.2219607677030048,0.09978708786470018
1390,79,banwa(solenzo),sanakuy,burkina_faso,11/4/2009,10,0,-0.780401313,1.0,12.184773721304458,-4.085154664,-1.535560384,-1.570247427,1.375,1.1666666666666667,-0.30952381,12.2,-4.1,12.2,-4.1,12.2,-4.1,12.19059873,-4.082842506,1.5,-0.23568215370178222,0.08214285714285713,68050877.58405991,0.2219607677030048,0.09978708786470018
1391,80,banwa(solenzo),sanakuy,burkina_faso,11/4/2009,6,0,-0.801907925,,12.184773721304458,-4.085154664,-1.535560384,-1.570247427,1.375,1.1666666666666667,-0.30952381,12.2,-4.1,12.2,-4.1,12.2,-4.1,12.19059873,-4.082842506,1.5,-0.23568215370178222,0.08214285714285713,68050877.58405991,0.2219607677030048,0.09978708786470018
1392,81,banwa(solenzo),sanakuy,burkina_faso,11/3/2009,7,0,-0.775024661,,12.184773721304458,-4.085154664,-1.535560384,-1.570247427,1.375,1.1666666666666667,-0.30952381,12.2,-4.1,12.2,-4.1,12.2,-4.1,12.19059873,-4.082842506,1.5,-0.23568215370178222,0.08214285714285713,68050877.58405991,0.2219607677030048,0.09978708786470018
1393,83,banwa(solenzo),moara,burkina_faso,11/1/2009,7,0,-1.042973344,,12.793094716472693,-3.341217169,-1.53161939,-1.621225238,1.6666666666666667,0.5,-0.5,12.8,-3.35,12.8,-3.35,12.8,-3.35,12.76161893,-3.217301896,0.8,-0.24977590143680573,-0.0732142857142857,161029781.88338283,0.21370735262040894,0.7557939951012911
1394,96,banwa(solenzo),moara,burkina_faso,11/2/2009,4,0,-0.935440287,,12.793094716472693,-3.341217169,-1.53161939,-1.621225238,1.6666666666666667,0.5,-0.5,12.8,-3.35,12.8,-3.35,12.8,-3.35,12.76161893,-3.217301896,0.8,-0.24977590143680573,-0.0732142857142857,161029781.88338283,0.21370735262040894,0.7557939951012911
1395,97,banwa(solenzo),moara,burkina_faso,11/2/2009,8,0,-0.823414536,,12.793094716472693,-3.341217169,-1.53161939,-1.621225238,1.6666666666666667,0.5,-0.5,12.8,-3.35,12.8,-3.35,12.8,-3.35,12.76161893,-3.217301896,0.8,-0.24977590143680573,-0.0732142857142857,161029781.88338283,0.21370735262040894,0.7557939951012911
1396,98,banwa(solenzo),moara,burkina_faso,11/2/2009,4,0,-0.921102546,,12.793094716472693,-3.341217169,-1.53161939,-1.621225238,1.6666666666666667,0.5,-0.5,12.8,-3.35,12.8,-3.35,12.8,-3.35,12.76161893,-3.217301896,0.8,-0.24977590143680573,-0.0732142857142857,161029781.88338283,0.21370735262040894,0.7557939951012911
1397,99,banwa(solenzo),moara,burkina_faso,11/2/2009,9,0,-0.956946898,,12.793094716472693,-3.341217169,-1.53161939,-1.621225238,1.6666666666666667,0.5,-0.5,12.8,-3.35,12.8,-3.35,12.8,-3.35,12.76161893,-3.217301896,0.8,-0.24977590143680573,-0.0732142857142857,161029781.88338283,0.21370735262040894,0.7557939951012911
1398,100,banwa(solenzo),moara,burkina_faso,11/2/2009,4,0,-0.935440287,,12.793094716472693,-3.341217169,-1.53161939,-1.621225238,1.6666666666666667,0.5,-0.5,12.8,-3.35,12.8,-3.35,12.8,-3.35,12.76161893,-3.217301896,0.8,-0.24977590143680573,-0.0732142857142857,161029781.88338283,0.21370735262040894,0.7557939951012911
1399,101,banwa(solenzo),moara,burkina_faso,11/2/2009,13,0,-0.830583407,,12.793094716472693,-3.341217169,-1.53161939,-1.621225238,1.6666666666666667,0.5,-0.5,12.8,-3.35,12.8,-3.35,12.8,-3.35,12.76161893,-3.217301896,0.8,-0.24977590143680573,-0.0732142857142857,161029781.88338283,0.21370735262040894,0.7557939951012911
1400,102,banwa(solenzo),moara,burkina_faso,11/1/2009,4,0,-0.758894702,,12.793094716472693,-3.341217169,-1.53161939,-1.621225238,1.6666666666666667,0.5,-0.5,12.8,-3.35,12.8,-3.35,12.8,-3.35,12.76161893,-3.217301896,0.8,-0.24977590143680573,-0.0732142857142857,161029781.88338283,0.21370735262040894,0.7557939951012911
1401,103,banwa(solenzo),moara,burkina_faso,11/1/2009,12,0,-0.866427759,,12.793094716472693,-3.341217169,-1.53161939,-1.621225238,1.6666666666666667,0.5,-0.5,12.8,-3.35,12.8,-3.35,12.8,-3.35,12.76161893,-3.217301896,0.8,-0.24977590143680573,-0.0732142857142857,161029781.88338283,0.21370735262040894,0.7557939951012911
1402,114,banwa(solenzo),tamouga,burkina_faso,10/31/2009,9,0,-0.931138964,,12.184773721304458,-4.085154664,-1.535560384,-1.570247427,1.375,1.1666666666666667,-0.30952381,12.2,-4.1,12.2,-4.1,12.2,-4.1,12.19059873,-4.082842506,1.5,-0.23568215370178222,0.08214285714285713,68050877.58405991,0.2219607677030048,0.09978708786470018
1403,115,banwa(solenzo),tamouga,burkina_faso,10/31/2009,6,0,-0.411042962,,12.184773721304458,-4.085154664,-1.535560384,-1.570247427,1.375,1.1666666666666667,-0.30952381,12.2,-4.1,12.2,-4.1,12.2,-4.1,12.19059873,-4.082842506,1.5,-0.23568215370178222,0.08214285714285713,68050877.58405991,0.2219607677030048,0.09978708786470018
1404,116,banwa(solenzo),tamouga,burkina_faso,10/31/2009,6,0,-0.935440287,,12.184773721304458,-4.085154664,-1.535560384,-1.570247427,1.375,1.1666666666666667,-0.30952381,12.2,-4.1,12.2,-4.1,12.2,-4.1,12.19059873,-4.082842506,1.5,-0.23568215370178222,0.08214285714285713,68050877.58405991,0.2219607677030048,0.09978708786470018
1405,117,banwa(solenzo),tamouga,burkina_faso,10/31/2009,3,0,-0.913933675,,12.184773721304458,-4.085154664,-1.535560384,-1.570247427,1.375,1.1666666666666667,-0.30952381,12.2,-4.1,12.2,-4.1,12.2,-4.1,12.19059873,-4.082842506,1.5,-0.23568215370178222,0.08214285714285713,68050877.58405991,0.2219607677030048,0.09978708786470018
1406,118,banwa(solenzo),tamouga,burkina_faso,10/31/2009,2,0,1.0870807640850448,,12.184773721304458,-4.085154664,-1.535560384,-1.570247427,1.375,1.1666666666666667,-0.30952381,12.2,-4.1,12.2,-4.1,12.2,-4.1,12.19059873,-4.082842506,1.5,-0.23568215370178222,0.08214285714285713,68050877.58405991,0.2219607677030048,0.09978708786470018
1407,119,banwa(solenzo),tamouga,burkina_faso,10/31/2009,5,0,-0.791154619,1.0,12.184773721304458,-4.085154664,-1.535560384,-1.570247427,1.375,1.1666666666666667,-0.30952381,12.2,-4.1,12.2,-4.1,12.2,-4.1,12.19059873,-4.082842506,1.5,-0.23568215370178222,0.08214285714285713,68050877.58405991,0.2219607677030048,0.09978708786470018
1408,120,banwa(solenzo),tamouga,burkina_faso,10/30/2009,6,0,-0.801907925,,12.184773721304458,-4.085154664,-1.535560384,-1.570247427,1.375,1.1666666666666667,-0.30952381,12.2,-4.1,12.2,-4.1,12.2,-4.1,12.19059873,-4.082842506,1.5,-0.23568215370178222,0.08214285714285713,68050877.58405991,0.2219607677030048,0.09978708786470018
1409,121,banwa(solenzo),tamouga,burkina_faso,10/31/2009,5,0,-0.791154619,,12.184773721304458,-4.085154664,-1.535560384,-1.570247427,1.375,1.1666666666666667,-0.30952381,12.2,-4.1,12.2,-4.1,12.2,-4.1,12.19059873,-4.082842506,1.5,-0.23568215370178222,0.08214285714285713,68050877.58405991,0.2219607677030048,0.09978708786470018
1410,123,banwa(solenzo),tamouga,burkina_faso,10/31/2009,14,0,-0.967700204,,12.184773721304458,-4.085154664,-1.535560384,-1.570247427,1.375,1.1666666666666667,-0.30952381,12.2,-4.1,12.2,-4.1,12.2,-4.1,12.19059873,-4.082842506,1.5,-0.23568215370178222,0.08214285714285713,68050877.58405991,0.2219607677030048,0.09978708786470018
1411,136,sourou(tougan),domoni,burkina_faso,11/3/2009,8,0,-0.771798669,,13.49467687,-3.162732285,-1.623969396,-1.623969396,1.0,0.5,-0.5,13.5,-3.15,13.5,-3.15,13.5,-3.15,13.50282815,-3.1768016,0.5,-0.24722232818603515,-0.04456521739130434,157084919.32412246,0.19989533058028883,0.6268699633324811
1412,154,sourou(tougan),domoni,burkina_faso,11/4/2009,4,0,-0.935440287,,13.49467687,-3.162732285,-1.623969396,-1.623969396,1.0,0.5,-0.5,13.5,-3.15,13.5,-3.15,13.5,-3.15,13.50282815,-3.1768016,0.5,-0.24722232818603515,-0.04456521739130434,157084919.32412246,0.19989533058028883,0.6268699633324811
1413,155,sourou(tougan),domoni,burkina_faso,11/3/2009,13,0,-0.939024722,,13.49467687,-3.162732285,-1.623969396,-1.623969396,1.0,0.5,-0.5,13.5,-3.15,13.5,-3.15,13.5,-3.15,13.50282815,-3.1768016,0.5,-0.24722232818603515,-0.04456521739130434,157084919.32412246,0.19989533058028883,0.6268699633324811
1414,156,sourou(tougan),domoni,burkina_faso,11/3/2009,8,0,-0.794739054,,13.49467687,-3.162732285,-1.623969396,-1.623969396,1.0,0.5,-0.5,13.5,-3.15,13.5,-3.15,13.5,-3.15,13.50282815,-3.1768016,0.5,-0.24722232818603515,-0.04456521739130434,157084919.32412246,0.19989533058028883,0.6268699633324811
1415,157,sourou(tougan),domoni,burkina_faso,11/4/2009,8,0,0.6020378850625568,,13.49467687,-3.162732285,-1.623969396,-1.623969396,1.0,0.5,-0.5,13.5,-3.15,13.5,-3.15,13.5,-3.15,13.50282815,-3.1768016,0.5,-0.24722232818603515,-0.04456521739130434,157084919.32412246,0.19989533058028883,0.6268699633324811
1416,158,sourou(tougan),domoni,burkina_faso,11/3/2009,12,0,-0.789003958,,13.49467687,-3.162732285,-1.623969396,-1.623969396,1.0,0.5,-0.5,13.5,-3.15,13.5,-3.15,13.5,-3.15,13.50282815,-3.1768016,0.5,-0.24722232818603515,-0.04456521739130434,157084919.32412246,0.19989533058028883,0.6268699633324811
1417,159,sourou(tougan),domoni,burkina_faso,11/3/2009,6,0,-0.769648008,,13.49467687,-3.162732285,-1.623969396,-1.623969396,1.0,0.5,-0.5,13.5,-3.15,13.5,-3.15,13.5,-3.15,13.50282815,-3.1768016,0.5,-0.24722232818603515,-0.04456521739130434,157084919.32412246,0.19989533058028883,0.6268699633324811
1418,160,sourou(tougan),domoni,burkina_faso,11/3/2009,4,0,-0.823414536,,13.49467687,-3.162732285,-1.623969396,-1.623969396,1.0,0.5,-0.5,13.5,-3.15,13.5,-3.15,13.5,-3.15,13.50282815,-3.1768016,0.5,-0.24722232818603515,-0.04456521739130434,157084919.32412246,0.19989533058028883,0.6268699633324811
1419,161,sourou(tougan),domoni,burkina_faso,11/4/2009,11,0,-0.939741609,,13.49467687,-3.162732285,-1.623969396,-1.623969396,1.0,0.5,-0.5,13.5,-3.15,13.5,-3.15,13.5,-3.15,13.50282815,-3.1768016,0.5,-0.24722232818603515,-0.04456521739130434,157084919.32412246,0.19989533058028883,0.6268699633324811
1420,162,sourou(tougan),domoni,burkina_faso,11/4/2009,4,0,-0.978453509,,13.49467687,-3.162732285,-1.623969396,-1.623969396,1.0,0.5,-0.5,13.5,-3.15,13.5,-3.15,13.5,-3.15,13.50282815,-3.1768016,0.5,-0.24722232818603515,-0.04456521739130434,157084919.32412246,0.19989533058028883,0.6268699633324811
1421,164,sourou(tougan),kawara,burkina_faso,10/31/2009,4,0,-0.935440287,,10.633767554703368,-5.217299505,-1.605371225,-1.688951361,1.4,1.1666666666666667,-0.595238095,10.65,-5.2,10.65,-5.2,10.65,-5.2,10.59784676,-4.827014731,1.2,-0.32486653327941895,0.0712962962962963,192047126.82799426,0.2492034461688427,0.09714242553858426
1422,165,sourou(tougan),kawara,burkina_faso,10/31/2009,4,0,-0.921102546,,10.633767554703368,-5.217299505,-1.605371225,-1.688951361,1.4,1.1666666666666667,-0.595238095,10.65,-5.2,10.65,-5.2,10.65,-5.2,10.59784676,-4.827014731,1.2,-0.32486653327941895,0.0712962962962963,192047126.82799426,0.2492034461688427,0.09714242553858426
1423,168,sourou(tougan),kawara,burkina_faso,10/31/2009,11,0,-0.951570245,,10.633767554703368,-5.217299505,-1.605371225,-1.688951361,1.4,1.1666666666666667,-0.595238095,10.65,-5.2,10.65,-5.2,10.65,-5.2,10.59784676,-4.827014731,1.2,-0.32486653327941895,0.0712962962962963,192047126.82799426,0.2492034461688427,0.09714242553858426
1424,169,sourou(tougan),kawara,burkina_faso,10/30/2009,8,0,0.6327184601775727,,10.633767554703368,-5.217299505,-1.605371225,-1.688951361,1.4,1.1666666666666667,-0.595238095,10.65,-5.2,10.65,-5.2,10.65,-5.2,10.59784676,-4.827014731,1.2,-0.32486653327941895,0.0712962962962963,192047126.82799426,0.2492034461688427,0.09714242553858426
1425,171,sourou(tougan),kawara,burkina_faso,10/31/2009,6,0,-0.866427759,,10.633767554703368,-5.217299505,-1.605371225,-1.688951361,1.4,1.1666666666666667,-0.595238095,10.65,-5.2,10.65,-5.2,10.65,-5.2,10.59784676,-4.827014731,1.2,-0.32486653327941895,0.0712962962962963,192047126.82799426,0.2492034461688427,0.09714242553858426
1426,174,sourou(tougan),kawara,burkina_faso,10/30/2009,13,0,-0.948344254,,10.633767554703368,-5.217299505,-1.605371225,-1.688951361,1.4,1.1666666666666667,-0.595238095,10.65,-5.2,10.65,-5.2,10.65,-5.2,10.59784676,-4.827014731,1.2,-0.32486653327941895,0.0712962962962963,192047126.82799426,0.2492034461688427,0.09714242553858426
1427,175,sourou(tougan),kawara,burkina_faso,10/10/2009,9,0,-0.769648008,,10.633767554703368,-5.217299505,-1.605371225,-1.688951361,1.4,1.1666666666666667,-0.595238095,10.65,-5.2,10.65,-5.2,10.65,-5.2,10.59784676,-4.827014731,1.2,-0.32486653327941895,0.0712962962962963,192047126.82799426,0.2492034461688427,0.09714242553858426
1428,176,sourou(tougan),kawara,burkina_faso,10/30/2009,12,0,5.282762892122612,,10.633767554703368,-5.217299505,-1.605371225,-1.688951361,1.4,1.1666666666666667,-0.595238095,10.65,-5.2,10.65,-5.2,10.65,-5.2,10.59784676,-4.827014731,1.2,-0.32486653327941895,0.0712962962962963,192047126.82799426,0.2492034461688427,0.09714242553858426
1429,177,sourou(tougan),kawara,burkina_faso,10/31/2009,10,0,-0.575299054,,10.633767554703368,-5.217299505,-1.605371225,-1.688951361,1.4,1.1666666666666667,-0.595238095,10.65,-5.2,10.65,-5.2,10.65,-5.2,10.59784676,-4.827014731,1.2,-0.32486653327941895,0.0712962962962963,192047126.82799426,0.2492034461688427,0.09714242553858426
1430,180,sourou(tougan),kawara,burkina_faso,10/30/2009,14,0,-0.775024661,,10.633767554703368,-5.217299505,-1.605371225,-1.688951361,1.4,1.1666666666666667,-0.595238095,10.65,-5.2,10.65,-5.2,10.65,-5.2,10.59784676,-4.827014731,1.2,-0.32486653327941895,0.0712962962962963,192047126.82799426,0.2492034461688427,0.09714242553858426
1431,181,sourou(tougan),kawara,burkina_faso,11/30/2009,11,0,0.8424850079676297,,10.633767554703368,-5.217299505,-1.605371225,-1.688951361,1.4,1.1666666666666667,-0.595238095,10.65,-5.2,10.65,-5.2,10.65,-5.2,10.59784676,-4.827014731,1.2,-0.32486653327941895,0.0712962962962963,192047126.82799426,0.2492034461688427,0.09714242553858426
1432,182,sourou(tougan),kawara,burkina_faso,,10,0,-0.844921148,,10.633767554703368,-5.217299505,-1.605371225,-1.688951361,1.4,1.1666666666666667,-0.595238095,10.65,-5.2,10.65,-5.2,10.65,-5.2,10.59784676,-4.827014731,1.2,-0.32486653327941895,0.0712962962962963,192047126.82799426,0.2492034461688427,0.09714242553858426
1433,190,sourou(tougan),koromi,burkina_faso,11/5/2009,2,0,-0.935440287,1.0,13.131425207249544,-3.370307136,-1.674777746,-1.74576813,1.5,0.3333333333333333,-0.333333333,13.15,-3.35,13.15,-3.35,13.15,-3.35,13.09217767,-3.512248969,0.7,-0.3409473214830671,-0.06349557522123894,186564483.03704143,0.20356239243701443,0.5667229297526696
1434,193,sourou(tougan),koromi,burkina_faso,11/5/2009,15,0,-0.973076857,,13.131425207249544,-3.370307136,-1.674777746,-1.74576813,1.5,0.3333333333333333,-0.333333333,13.15,-3.35,13.15,-3.35,13.15,-3.35,13.09217767,-3.512248969,0.7,-0.3409473214830671,-0.06349557522123894,186564483.03704143,0.20356239243701443,0.5667229297526696
1435,194,sourou(tougan),koromi,burkina_faso,11/5/2009,11,0,-0.926223168,,13.131425207249544,-3.370307136,-1.674777746,-1.74576813,1.5,0.3333333333333333,-0.333333333,13.15,-3.35,13.15,-3.35,13.15,-3.35,13.09217767,-3.512248969,0.7,-0.3409473214830671,-0.06349557522123894,186564483.03704143,0.20356239243701443,0.5667229297526696
1436,195,sourou(tougan),koromi,burkina_faso,11/5/2009,8,0,-0.949778028,1.0,13.131425207249544,-3.370307136,-1.674777746,-1.74576813,1.5,0.3333333333333333,-0.333333333,13.15,-3.35,13.15,-3.35,13.15,-3.35,13.09217767,-3.512248969,0.7,-0.3409473214830671,-0.06349557522123894,186564483.03704143,0.20356239243701443,0.5667229297526696
1437,196,sourou(tougan),koromi,burkina_faso,11/5/2009,12,0,-0.760849848,,13.131425207249544,-3.370307136,-1.674777746,-1.74576813,1.5,0.3333333333333333,-0.333333333,13.15,-3.35,13.15,-3.35,13.15,-3.35,13.09217767,-3.512248969,0.7,-0.3409473214830671,-0.06349557522123894,186564483.03704143,0.20356239243701443,0.5667229297526696
1438,197,sourou(tougan),koromi,burkina_faso,11/5/2009,2,0,-0.758894702,,13.131425207249544,-3.370307136,-1.674777746,-1.74576813,1.5,0.3333333333333333,-0.333333333,13.15,-3.35,13.15,-3.35,13.15,-3.35,13.09217767,-3.512248969,0.7,-0.3409473214830671,-0.06349557522123894,186564483.03704143,0.20356239243701443,0.5667229297526696
1439,198,sourou(tougan),koromi,burkina_faso,11/5/2009,7,0,-0.942609157,,13.131425207249544,-3.370307136,-1.674777746,-1.74576813,1.5,0.3333333333333333,-0.333333333,13.15,-3.35,13.15,-3.35,13.15,-3.35,13.09217767,-3.512248969,0.7,-0.3409473214830671,-0.06349557522123894,186564483.03704143,0.20356239243701443,0.5667229297526696
1440,199,sourou(tougan),koromi,burkina_faso,11/5/2009,8,0,-0.926837642,1.0,13.131425207249544,-3.370307136,-1.674777746,-1.74576813,1.5,0.3333333333333333,-0.333333333,13.15,-3.35,13.15,-3.35,13.15,-3.35,13.09217767,-3.512248969,0.7,-0.3409473214830671,-0.06349557522123894,186564483.03704143,0.20356239243701443,0.5667229297526696
1441,200,sourou(tougan),koromi,burkina_faso,11/5/2009,8,0,-0.716628215,,13.131425207249544,-3.370307136,-1.674777746,-1.74576813,1.5,0.3333333333333333,-0.333333333,13.15,-3.35,13.15,-3.35,13.15,-3.35,13.09217767,-3.512248969,0.7,-0.3409473214830671,-0.06349557522123894,186564483.03704143,0.20356239243701443,0.5667229297526696
1442,201,sourou(tougan),koromi,burkina_faso,11/5/2009,8,0,-0.794739054,1.0,13.131425207249544,-3.370307136,-1.674777746,-1.74576813,1.5,0.3333333333333333,-0.333333333,13.15,-3.35,13.15,-3.35,13.15,-3.35,13.09217767,-3.512248969,0.7,-0.3409473214830671,-0.06349557522123894,186564483.03704143,0.20356239243701443,0.5667229297526696
1443,202,sourou(tougan),koromi,burkina_faso,11/5/2009,5,0,0.6342978021427274,,13.131425207249544,-3.370307136,-1.674777746,-1.74576813,1.5,0.3333333333333333,-0.333333333,13.15,-3.35,13.15,-3.35,13.15,-3.35,13.09217767,-3.512248969,0.7,-0.3409473214830671,-0.06349557522123894,186564483.03704143,0.20356239243701443,0.5667229297526696
1444,217,sourou(tougan),tougan secteur 6,burkina_faso,11/7/2009,9,0,4.219287076210892,,13.069049212563538,-3.064919248,-1.612811208,-1.671682298,1.5,0.3333333333333333,-0.333333333,13.05,-3.05,13.05,-3.05,13.05,-3.05,13.07293219,-3.067356703,0.6,-0.2636328339576721,-0.05394736842105266,142454631.88134754,0.20373502646976677,0.31832822699883234
1445,219,sourou(tougan),tougan secteur 6,burkina_faso,11/7/2009,5,0,4.558319220567889,1.0,13.069049212563538,-3.064919248,-1.612811208,-1.671682298,1.5,0.3333333333333333,-0.333333333,13.05,-3.05,13.05,-3.05,13.05,-3.05,13.07293219,-3.067356703,0.6,-0.2636328339576721,-0.05394736842105266,142454631.88134754,0.20373502646976677,0.31832822699883234
1446,222,sourou(tougan),tougan secteur 6,burkina_faso,11/7/2009,3,0,6.425801298014454,,13.069049212563538,-3.064919248,-1.612811208,-1.671682298,1.5,0.3333333333333333,-0.333333333,13.05,-3.05,13.05,-3.05,13.05,-3.05,13.07293219,-3.067356703,0.6,-0.2636328339576721,-0.05394736842105266,142454631.88134754,0.20373502646976677,0.31832822699883234
1447,224,sourou(tougan),tougan secteur 6,burkina_faso,11/7/2009,2,0,3.583644668046594,1.0,13.069049212563538,-3.064919248,-1.612811208,-1.671682298,1.5,0.3333333333333333,-0.333333333,13.05,-3.05,13.05,-3.05,13.05,-3.05,13.07293219,-3.067356703,0.6,-0.2636328339576721,-0.05394736842105266,142454631.88134754,0.20373502646976677,0.31832822699883234
1448,237,sourou(tougan),tougan secteur 6,burkina_faso,11/7/2009,2,0,3.583644668046594,,13.069049212563538,-3.064919248,-1.612811208,-1.671682298,1.5,0.3333333333333333,-0.333333333,13.05,-3.05,13.05,-3.05,13.05,-3.05,13.07293219,-3.067356703,0.6,-0.2636328339576721,-0.05394736842105266,142454631.88134754,0.20373502646976677,0.31832822699883234
1449,239,sourou(tougan),tougan secteur 6,burkina_faso,11/7/2009,4,0,8.661460725,,13.069049212563538,-3.064919248,-1.612811208,-1.671682298,1.5,0.3333333333333333,-0.333333333,13.05,-3.05,13.05,-3.05,13.05,-3.05,13.07293219,-3.067356703,0.6,-0.2636328339576721,-0.05394736842105266,142454631.88134754,0.20373502646976677,0.31832822699883234
1450,240,sourou(tougan),tougan secteur 6,burkina_faso,11/6/2009,6,0,4.966083866470671,,13.069049212563538,-3.064919248,-1.612811208,-1.671682298,1.5,0.3333333333333333,-0.333333333,13.05,-3.05,13.05,-3.05,13.05,-3.05,13.07293219,-3.067356703,0.6,-0.2636328339576721,-0.05394736842105266,142454631.88134754,0.20373502646976677,0.31832822699883234
1451,241,sourou(tougan),tougan secteur 6,burkina_faso,11/7/2009,5,0,-0.928271416,,13.069049212563538,-3.064919248,-1.612811208,-1.671682298,1.5,0.3333333333333333,-0.333333333,13.05,-3.05,13.05,-3.05,13.05,-3.05,13.07293219,-3.067356703,0.6,-0.2636328339576721,-0.05394736842105266,142454631.88134754,0.20373502646976677,0.31832822699883234
1452,251,sourou(tougan),tombila,burkina_faso,11/2/2009,7,0,0.6685628124888732,,13.068424936855669,-3.071164397,-1.612811208,-1.671682298,1.5,0.3333333333333333,-0.333333333,13.05,-3.05,13.05,-3.05,13.05,-3.05,13.07293219,-3.067356703,0.6,-0.2636328339576721,-0.05394736842105266,142454631.88134754,0.20373502646976677,0.31832822699883234
1453,259,sourou(tougan),tombila,burkina_faso,11/1/2009,8,0,0.5699183136391249,,13.068424936855669,-3.071164397,-1.612811208,-1.671682298,1.5,0.3333333333333333,-0.333333333,13.05,-3.05,13.05,-3.05,13.05,-3.05,13.07293219,-3.067356703,0.6,-0.2636328339576721,-0.05394736842105266,142454631.88134754,0.20373502646976677,0.31832822699883234
1454,260,sourou(tougan),tombila,burkina_faso,11/1/2009,11,0,-0.755585993,1.0,13.068424936855669,-3.071164397,-1.612811208,-1.671682298,1.5,0.3333333333333333,-0.333333333,13.05,-3.05,13.05,-3.05,13.05,-3.05,13.07293219,-3.067356703,0.6,-0.2636328339576721,-0.05394736842105266,142454631.88134754,0.20373502646976677,0.31832822699883234
1455,261,sourou(tougan),tombila,burkina_faso,11/1/2009,2,0,3.3214555126774896,,13.068424936855669,-3.071164397,-1.612811208,-1.671682298,1.5,0.3333333333333333,-0.333333333,13.05,-3.05,13.05,-3.05,13.05,-3.05,13.07293219,-3.067356703,0.6,-0.2636328339576721,-0.05394736842105266,142454631.88134754,0.20373502646976677,0.31832822699883234
1456,262,sourou(tougan),tombila,burkina_faso,11/1/2009,15,0,-0.93851266,,13.068424936855669,-3.071164397,-1.612811208,-1.671682298,1.5,0.3333333333333333,-0.333333333,13.05,-3.05,13.05,-3.05,13.05,-3.05,13.07293219,-3.067356703,0.6,-0.2636328339576721,-0.05394736842105266,142454631.88134754,0.20373502646976677,0.31832822699883234
1457,263,sourou(tougan),tombila,burkina_faso,11/1/2009,8,0,-0.935440287,,13.068424936855669,-3.071164397,-1.612811208,-1.671682298,1.5,0.3333333333333333,-0.333333333,13.05,-3.05,13.05,-3.05,13.05,-3.05,13.07293219,-3.067356703,0.6,-0.2636328339576721,-0.05394736842105266,142454631.88134754,0.20373502646976677,0.31832822699883234
1458,264,sourou(tougan),tombila,burkina_faso,11/1/2009,11,0,-0.931855851,,13.068424936855669,-3.071164397,-1.612811208,-1.671682298,1.5,0.3333333333333333,-0.333333333,13.05,-3.05,13.05,-3.05,13.05,-3.05,13.07293219,-3.067356703,0.6,-0.2636328339576721,-0.05394736842105266,142454631.88134754,0.20373502646976677,0.31832822699883234
1459,265,sourou(tougan),tombila,burkina_faso,11/1/2009,6,0,-0.801907925,,13.068424936855669,-3.071164397,-1.612811208,-1.671682298,1.5,0.3333333333333333,-0.333333333,13.05,-3.05,13.05,-3.05,13.05,-3.05,13.07293219,-3.067356703,0.6,-0.2636328339576721,-0.05394736842105266,142454631.88134754,0.20373502646976677,0.31832822699883234
1460,266,sourou(tougan),tombila,burkina_faso,11/2/2009,21,0,-0.439718444,,13.068424936855669,-3.071164397,-1.612811208,-1.671682298,1.5,0.3333333333333333,-0.333333333,13.05,-3.05,13.05,-3.05,13.05,-3.05,13.07293219,-3.067356703,0.6,-0.2636328339576721,-0.05394736842105266,142454631.88134754,0.20373502646976677,0.31832822699883234
1461,267,sourou(tougan),tombila,burkina_faso,11/1/2009,12,0,-0.924686981,1.0,13.068424936855669,-3.071164397,-1.612811208,-1.671682298,1.5,0.3333333333333333,-0.333333333,13.05,-3.05,13.05,-3.05,13.05,-3.05,13.07293219,-3.067356703,0.6,-0.2636328339576721,-0.05394736842105266,142454631.88134754,0.20373502646976677,0.31832822699883234
1462,287,"kadiogo(ouagadougou, la capitale",lao,burkina_faso,11/4/2009,6,0,-0.935440287,1.0,12.424206793135868,-1.752109988,-1.620604038,-1.728714426,1.6666666666666667,0.8333333333333334,0.3666666666666665,12.4,-1.75,12.4,-1.75,12.4,-1.75,12.36425974,-1.685227986,1.5,-0.3101741870244344,-0.1369047619047619,211990098.88205904,0.1873407267524324,-0.2687772908377257
1463,289,"kadiogo(ouagadougou, la capitale",lao,burkina_faso,11/6/2009,4,0,-0.780401313,1.0,12.424206793135868,-1.752109988,-1.620604038,-1.728714426,1.6666666666666667,0.8333333333333334,0.3666666666666665,12.4,-1.75,12.4,-1.75,12.4,-1.75,12.36425974,-1.685227986,1.5,-0.3101741870244344,-0.1369047619047619,211990098.88205904,0.1873407267524324,-0.2687772908377257
1464,290,"kadiogo(ouagadougou, la capitale",lao,burkina_faso,11/6/2009,4,0,-0.630601769,1.0,12.424206793135868,-1.752109988,-1.620604038,-1.728714426,1.6666666666666667,0.8333333333333334,0.3666666666666665,12.4,-1.75,12.4,-1.75,12.4,-1.75,12.36425974,-1.685227986,1.5,-0.3101741870244344,-0.1369047619047619,211990098.88205904,0.1873407267524324,-0.2687772908377257
1465,291,"kadiogo(ouagadougou, la capitale",lao,burkina_faso,11/5/2009,1,0,-0.913933675,1.0,12.424206793135868,-1.752109988,-1.620604038,-1.728714426,1.6666666666666667,0.8333333333333334,0.3666666666666665,12.4,-1.75,12.4,-1.75,12.4,-1.75,12.36425974,-1.685227986,1.5,-0.3101741870244344,-0.1369047619047619,211990098.88205904,0.1873407267524324,-0.2687772908377257
1466,292,"kadiogo(ouagadougou, la capitale",lao,burkina_faso,11/4/2009,5,0,-0.580419676,,12.424206793135868,-1.752109988,-1.620604038,-1.728714426,1.6666666666666667,0.8333333333333334,0.3666666666666665,12.4,-1.75,12.4,-1.75,12.4,-1.75,12.36425974,-1.685227986,1.5,-0.3101741870244344,-0.1369047619047619,211990098.88205904,0.1873407267524324,-0.2687772908377257
1467,293,"kadiogo(ouagadougou, la capitale",lao,burkina_faso,11/5/2009,1,0,-0.913933675,1.0,12.424206793135868,-1.752109988,-1.620604038,-1.728714426,1.6666666666666667,0.8333333333333334,0.3666666666666665,12.4,-1.75,12.4,-1.75,12.4,-1.75,12.36425974,-1.685227986,1.5,-0.3101741870244344,-0.1369047619047619,211990098.88205904,0.1873407267524324,-0.2687772908377257
1468,294,"kadiogo(ouagadougou, la capitale",lao,burkina_faso,11/4/2009,2,0,-0.780401313,1.0,12.424206793135868,-1.752109988,-1.620604038,-1.728714426,1.6666666666666667,0.8333333333333334,0.3666666666666665,12.4,-1.75,12.4,-1.75,12.4,-1.75,12.36425974,-1.685227986,1.5,-0.3101741870244344,-0.1369047619047619,211990098.88205904,0.1873407267524324,-0.2687772908377257
1469,295,"kadiogo(ouagadougou, la capitale",lao,burkina_faso,11/5/2009,3,0,-0.924686981,,12.424206793135868,-1.752109988,-1.620604038,-1.728714426,1.6666666666666667,0.8333333333333334,0.3666666666666665,12.4,-1.75,12.4,-1.75,12.4,-1.75,12.36425974,-1.685227986,1.5,-0.3101741870244344,-0.1369047619047619,211990098.88205904,0.1873407267524324,-0.2687772908377257
1470,297,"kadiogo(ouagadougou, la capitale",lao,burkina_faso,11/6/2009,9,0,-0.956946898,1.0,12.424206793135868,-1.752109988,-1.620604038,-1.728714426,1.6666666666666667,0.8333333333333334,0.3666666666666665,12.4,-1.75,12.4,-1.75,12.4,-1.75,12.36425974,-1.685227986,1.5,-0.3101741870244344,-0.1369047619047619,211990098.88205904,0.1873407267524324,-0.2687772908377257
1471,299,"kadiogo(ouagadougou, la capitale",ouagadougou secteur 16,burkina_faso,11/12/2009,5,0,4.877464149410071,1.0,12.335180808674052,-1.499024703,-1.693612523,-1.748929169,1.6666666666666667,1.0,0.3333333333333332,12.35,-1.5,12.35,-1.5,12.35,-1.5,12.36425974,-1.524314245,1.6,-0.28403595089912415,-0.14807692307692316,213738727.056387,0.16266365379487108,-0.11792034973392268
1472,311,"kadiogo(ouagadougou, la capitale",ouagadougou secteur 16,burkina_faso,11/14/2009,2,0,10.494805854540108,1.0,12.335180808674052,-1.499024703,-1.693612523,-1.748929169,1.6666666666666667,1.0,0.3333333333333332,12.35,-1.5,12.35,-1.5,12.35,-1.5,12.36425974,-1.524314245,1.6,-0.28403595089912415,-0.14807692307692316,213738727.056387,0.16266365379487108,-0.11792034973392268
1473,317,"kadiogo(ouagadougou, la capitale",ouagadougou secteur 16,burkina_faso,11/14/2009,4,0,4.515584270206468,,12.335180808674052,-1.499024703,-1.693612523,-1.748929169,1.6666666666666667,1.0,0.3333333333333332,12.35,-1.5,12.35,-1.5,12.35,-1.5,12.36425974,-1.524314245,1.6,-0.28403595089912415,-0.14807692307692316,213738727.056387,0.16266365379487108,-0.11792034973392268
1474,318,"kadiogo(ouagadougou, la capitale",ouagadougou secteur 16,burkina_faso,11/12/2009,2,0,8.154268689514188,1.0,12.335180808674052,-1.499024703,-1.693612523,-1.748929169,1.6666666666666667,1.0,0.3333333333333332,12.35,-1.5,12.35,-1.5,12.35,-1.5,12.36425974,-1.524314245,1.6,-0.28403595089912415,-0.14807692307692316,213738727.056387,0.16266365379487108,-0.11792034973392268
1475,319,"kadiogo(ouagadougou, la capitale",ouagadougou secteur 16,burkina_faso,11/12/2009,10,0,8.987230459145074,,12.335180808674052,-1.499024703,-1.693612523,-1.748929169,1.6666666666666667,1.0,0.3333333333333332,12.35,-1.5,12.35,-1.5,12.35,-1.5,12.36425974,-1.524314245,1.6,-0.28403595089912415,-0.14807692307692316,213738727.056387,0.16266365379487108,-0.11792034973392268
1476,320,"kadiogo(ouagadougou, la capitale",ouagadougou secteur 16,burkina_faso,11/18/2009,3,0,9.581726203977802,1.0,12.335180808674052,-1.499024703,-1.693612523,-1.748929169,1.6666666666666667,1.0,0.3333333333333332,12.35,-1.5,12.35,-1.5,12.35,-1.5,12.36425974,-1.524314245,1.6,-0.28403595089912415,-0.14807692307692316,213738727.056387,0.16266365379487108,-0.11792034973392268
1477,321,"kadiogo(ouagadougou, la capitale",ouagadougou secteur 16,burkina_faso,11/12/2009,3,0,8.143515383820796,,12.335180808674052,-1.499024703,-1.693612523,-1.748929169,1.6666666666666667,1.0,0.3333333333333332,12.35,-1.5,12.35,-1.5,12.35,-1.5,12.36425974,-1.524314245,1.6,-0.28403595089912415,-0.14807692307692316,213738727.056387,0.16266365379487108,-0.11792034973392268
1478,322,"kadiogo(ouagadougou, la capitale",ouagadougou secteur 16,burkina_faso,11/12/2009,9,0,8.626833195824311,,12.335180808674052,-1.499024703,-1.693612523,-1.748929169,1.6666666666666667,1.0,0.3333333333333332,12.35,-1.5,12.35,-1.5,12.35,-1.5,12.36425974,-1.524314245,1.6,-0.28403595089912415,-0.14807692307692316,213738727.056387,0.16266365379487108,-0.11792034973392268
1479,323,"kadiogo(ouagadougou, la capitale",ouagadougou secteur 16,burkina_faso,11/12/2009,6,0,8.990814894376204,1.0,12.335180808674052,-1.499024703,-1.693612523,-1.748929169,1.6666666666666667,1.0,0.3333333333333332,12.35,-1.5,12.35,-1.5,12.35,-1.5,12.36425974,-1.524314245,1.6,-0.28403595089912415,-0.14807692307692316,213738727.056387,0.16266365379487108,-0.11792034973392268
1480,324,"kadiogo(ouagadougou, la capitale",ouagadougou secteur 16,burkina_faso,11/12/2009,5,0,8.987230459145074,1.0,12.335180808674052,-1.499024703,-1.693612523,-1.748929169,1.6666666666666667,1.0,0.3333333333333332,12.35,-1.5,12.35,-1.5,12.35,-1.5,12.36425974,-1.524314245,1.6,-0.28403595089912415,-0.14807692307692316,213738727.056387,0.16266365379487108,-0.11792034973392268
1481,343,"kadiogo(ouagadougou, la capitale",ouagadougou secteur 27,burkina_faso,11/15/2009,3,0,9.538712981204242,1.0,12.399109627372065,-1.477554274,-1.674724069,-1.727728016,1.6666666666666667,1.0,0.3333333333333332,12.4,-1.5,12.4,-1.5,12.4,-1.5,12.36425974,-1.524314245,1.6,-0.29574718326330185,-0.1480769230769231,217480132.6603697,0.1604317084263079,-0.08956347556388378
1482,344,"kadiogo(ouagadougou, la capitale",ouagadougou secteur 27,burkina_faso,11/16/2009,1,0,11.654779583612587,1.0,12.399109627372065,-1.477554274,-1.674724069,-1.727728016,1.6666666666666667,1.0,0.3333333333333332,12.4,-1.5,12.4,-1.5,12.4,-1.5,12.36425974,-1.524314245,1.6,-0.29574718326330185,-0.1480769230769231,217480132.6603697,0.1604317084263079,-0.08956347556388378
1483,345,"kadiogo(ouagadougou, la capitale",ouagadougou secteur 27,burkina_faso,11/17/2009,1,0,9.581726203977802,1.0,12.399109627372065,-1.477554274,-1.674724069,-1.727728016,1.6666666666666667,1.0,0.3333333333333332,12.4,-1.5,12.4,-1.5,12.4,-1.5,12.36425974,-1.524314245,1.6,-0.29574718326330185,-0.1480769230769231,217480132.6603697,0.1604317084263079,-0.08956347556388378
1484,346,"kadiogo(ouagadougou, la capitale",ouagadougou secteur 27,burkina_faso,11/16/2009,3,0,3.8884831852848416,1.0,12.399109627372065,-1.477554274,-1.674724069,-1.727728016,1.6666666666666667,1.0,0.3333333333333332,12.4,-1.5,12.4,-1.5,12.4,-1.5,12.36425974,-1.524314245,1.6,-0.29574718326330185,-0.1480769230769231,217480132.6603697,0.1604317084263079,-0.08956347556388378
1485,347,"kadiogo(ouagadougou, la capitale",ouagadougou secteur 27,burkina_faso,11/16/2009,1,0,7.095915606,,12.399109627372065,-1.477554274,-1.674724069,-1.727728016,1.6666666666666667,1.0,0.3333333333333332,12.4,-1.5,12.4,-1.5,12.4,-1.5,12.36425974,-1.524314245,1.6,-0.29574718326330185,-0.1480769230769231,217480132.6603697,0.1604317084263079,-0.08956347556388378
1486,348,"kadiogo(ouagadougou, la capitale",ouagadougou secteur 27,burkina_faso,11/16/2009,5,0,10.012997175136254,,12.399109627372065,-1.477554274,-1.674724069,-1.727728016,1.6666666666666667,1.0,0.3333333333333332,12.4,-1.5,12.4,-1.5,12.4,-1.5,12.36425974,-1.524314245,1.6,-0.29574718326330185,-0.1480769230769231,217480132.6603697,0.1604317084263079,-0.08956347556388378
1487,349,"kadiogo(ouagadougou, la capitale",ouagadougou secteur 27,burkina_faso,11/15/2009,1,0,9.581726203977802,1.0,12.399109627372065,-1.477554274,-1.674724069,-1.727728016,1.6666666666666667,1.0,0.3333333333333332,12.4,-1.5,12.4,-1.5,12.4,-1.5,12.36425974,-1.524314245,1.6,-0.29574718326330185,-0.1480769230769231,217480132.6603697,0.1604317084263079,-0.08956347556388378
1488,350,"kadiogo(ouagadougou, la capitale",ouagadougou secteur 27,burkina_faso,11/15/2009,2,0,11.617143013685723,1.0,12.399109627372065,-1.477554274,-1.674724069,-1.727728016,1.6666666666666667,1.0,0.3333333333333332,12.4,-1.5,12.4,-1.5,12.4,-1.5,12.36425974,-1.524314245,1.6,-0.29574718326330185,-0.1480769230769231,217480132.6603697,0.1604317084263079,-0.08956347556388378
1489,351,"kadiogo(ouagadougou, la capitale",ouagadougou secteur 27,burkina_faso,11/15/2009,2,0,9.560219592591022,1.0,12.399109627372065,-1.477554274,-1.674724069,-1.727728016,1.6666666666666667,1.0,0.3333333333333332,12.4,-1.5,12.4,-1.5,12.4,-1.5,12.36425974,-1.524314245,1.6,-0.29574718326330185,-0.1480769230769231,217480132.6603697,0.1604317084263079,-0.08956347556388378
1490,370,"kadiogo(ouagadougou, la capitale",ouavougue,burkina_faso,11/4/2009,6,0,-0.924686981,1.0,12.358802531921253,-1.513194096,-1.693612523,-1.748929169,1.6666666666666667,1.0,0.3333333333333332,12.35,-1.5,12.35,-1.5,12.35,-1.5,12.36425974,-1.524314245,1.6,-0.28403595089912415,-0.14807692307692316,213738727.056387,0.16266365379487108,-0.11792034973392268
1491,371,"kadiogo(ouagadougou, la capitale",ouavougue,burkina_faso,11/4/2009,4,0,-0.978453509,,12.358802531921253,-1.513194096,-1.693612523,-1.748929169,1.6666666666666667,1.0,0.3333333333333332,12.35,-1.5,12.35,-1.5,12.35,-1.5,12.36425974,-1.524314245,1.6,-0.28403595089912415,-0.14807692307692316,213738727.056387,0.16266365379487108,-0.11792034973392268
1492,372,"kadiogo(ouagadougou, la capitale",ouavougue,burkina_faso,11/4/2009,4,0,-0.978453509,,12.358802531921253,-1.513194096,-1.693612523,-1.748929169,1.6666666666666667,1.0,0.3333333333333332,12.35,-1.5,12.35,-1.5,12.35,-1.5,12.36425974,-1.524314245,1.6,-0.28403595089912415,-0.14807692307692316,213738727.056387,0.16266365379487108,-0.11792034973392268
1493,373,"kadiogo(ouagadougou, la capitale",ouavougue,burkina_faso,11/4/2009,12,0,-0.866427759,1.0,12.358802531921253,-1.513194096,-1.693612523,-1.748929169,1.6666666666666667,1.0,0.3333333333333332,12.35,-1.5,12.35,-1.5,12.35,-1.5,12.36425974,-1.524314245,1.6,-0.28403595089912415,-0.14807692307692316,213738727.056387,0.16266365379487108,-0.11792034973392268
1494,374,"kadiogo(ouagadougou, la capitale",ouavougue,burkina_faso,11/4/2009,7,0,0.6504277606828126,1.0,12.358802531921253,-1.513194096,-1.693612523,-1.748929169,1.6666666666666667,1.0,0.3333333333333332,12.35,-1.5,12.35,-1.5,12.35,-1.5,12.36425974,-1.524314245,1.6,-0.28403595089912415,-0.14807692307692316,213738727.056387,0.16266365379487108,-0.11792034973392268
1495,375,"kadiogo(ouagadougou, la capitale",ouavougue,burkina_faso,11/4/2009,6,0,-0.780401313,1.0,12.358802531921253,-1.513194096,-1.693612523,-1.748929169,1.6666666666666667,1.0,0.3333333333333332,12.35,-1.5,12.35,-1.5,12.35,-1.5,12.36425974,-1.524314245,1.6,-0.28403595089912415,-0.14807692307692316,213738727.056387,0.16266365379487108,-0.11792034973392268
1496,376,"kadiogo(ouagadougou, la capitale",ouavougue,burkina_faso,11/4/2009,8,0,-0.780401313,1.0,12.358802531921253,-1.513194096,-1.693612523,-1.748929169,1.6666666666666667,1.0,0.3333333333333332,12.35,-1.5,12.35,-1.5,12.35,-1.5,12.36425974,-1.524314245,1.6,-0.28403595089912415,-0.14807692307692316,213738727.056387,0.16266365379487108,-0.11792034973392268
1497,377,"kadiogo(ouagadougou, la capitale",ouavougue,burkina_faso,11/4/2009,4,0,-0.978453509,,12.358802531921253,-1.513194096,-1.693612523,-1.748929169,1.6666666666666667,1.0,0.3333333333333332,12.35,-1.5,12.35,-1.5,12.35,-1.5,12.36425974,-1.524314245,1.6,-0.28403595089912415,-0.14807692307692316,213738727.056387,0.16266365379487108,-0.11792034973392268
1498,378,"kadiogo(ouagadougou, la capitale",ouavougue,burkina_faso,11/4/2009,6,0,-0.935440287,,12.358802531921253,-1.513194096,-1.693612523,-1.748929169,1.6666666666666667,1.0,0.3333333333333332,12.35,-1.5,12.35,-1.5,12.35,-1.5,12.36425974,-1.524314245,1.6,-0.28403595089912415,-0.14807692307692316,213738727.056387,0.16266365379487108,-0.11792034973392268
1499,381,namentenga(boulsa),bougou,burkina_faso,11/7/2009,15,0,-0.946193592,,13.485007288017284,-0.428522595,-1.656924367,-1.656924367,1.0,0.3333333333333333,0.6666666666666667,13.5,-0.45,13.5,-0.45,13.5,-0.45,13.50282815,-0.431818664,0.7,-0.26904220240456717,-0.045796460176991134,270207402.9343185,0.17058207047165883,0.6381497015516896
1500,382,namentenga(boulsa),bougou,burkina_faso,11/7/2009,5,0,-0.580419676,,13.485007288017284,-0.428522595,-1.656924367,-1.656924367,1.0,0.3333333333333333,0.6666666666666667,13.5,-0.45,13.5,-0.45,13.5,-0.45,13.50282815,-0.431818664,0.7,-0.26904220240456717,-0.045796460176991134,270207402.9343185,0.17058207047165883,0.6381497015516896
1501,383,namentenga(boulsa),bougou,burkina_faso,11/7/2009,5,0,-0.928271416,,13.485007288017284,-0.428522595,-1.656924367,-1.656924367,1.0,0.3333333333333333,0.6666666666666667,13.5,-0.45,13.5,-0.45,13.5,-0.45,13.50282815,-0.431818664,0.7,-0.26904220240456717,-0.045796460176991134,270207402.9343185,0.17058207047165883,0.6381497015516896
1502,384,namentenga(boulsa),bougou,burkina_faso,11/7/2009,7,0,-0.758894702,,13.485007288017284,-0.428522595,-1.656924367,-1.656924367,1.0,0.3333333333333333,0.6666666666666667,13.5,-0.45,13.5,-0.45,13.5,-0.45,13.50282815,-0.431818664,0.7,-0.26904220240456717,-0.045796460176991134,270207402.9343185,0.17058207047165883,0.6381497015516896
1503,385,namentenga(boulsa),bougou,burkina_faso,11/7/2009,6,0,-0.758894702,,13.485007288017284,-0.428522595,-1.656924367,-1.656924367,1.0,0.3333333333333333,0.6666666666666667,13.5,-0.45,13.5,-0.45,13.5,-0.45,13.50282815,-0.431818664,0.7,-0.26904220240456717,-0.045796460176991134,270207402.9343185,0.17058207047165883,0.6381497015516896
1504,396,namentenga(boulsa),bougou,burkina_faso,11/8/2009,12,0,-0.978453509,,13.485007288017284,-0.428522595,-1.656924367,-1.656924367,1.0,0.3333333333333333,0.6666666666666667,13.5,-0.45,13.5,-0.45,13.5,-0.45,13.50282815,-0.431818664,0.7,-0.26904220240456717,-0.045796460176991134,270207402.9343185,0.17058207047165883,0.6381497015516896
1505,398,namentenga(boulsa),bougou,burkina_faso,11/7/2009,9,0,-0.94081694,1.0,13.485007288017284,-0.428522595,-1.656924367,-1.656924367,1.0,0.3333333333333333,0.6666666666666667,13.5,-0.45,13.5,-0.45,13.5,-0.45,13.50282815,-0.431818664,0.7,-0.26904220240456717,-0.045796460176991134,270207402.9343185,0.17058207047165883,0.6381497015516896
1506,402,namentenga(boulsa),bougou,burkina_faso,11/7/2009,6,0,-1.021466732,1.0,13.485007288017284,-0.428522595,-1.656924367,-1.656924367,1.0,0.3333333333333333,0.6666666666666667,13.5,-0.45,13.5,-0.45,13.5,-0.45,13.50282815,-0.431818664,0.7,-0.26904220240456717,-0.045796460176991134,270207402.9343185,0.17058207047165883,0.6381497015516896
1507,403,namentenga(boulsa),bougou,burkina_faso,11/7/2009,8,0,-0.921102546,1.0,13.485007288017284,-0.428522595,-1.656924367,-1.656924367,1.0,0.3333333333333333,0.6666666666666667,13.5,-0.45,13.5,-0.45,13.5,-0.45,13.50282815,-0.431818664,0.7,-0.26904220240456717,-0.045796460176991134,270207402.9343185,0.17058207047165883,0.6381497015516896
1508,405,namentenga(boulsa),bougou,burkina_faso,11/7/2009,4,0,-0.935440287,,13.485007288017284,-0.428522595,-1.656924367,-1.656924367,1.0,0.3333333333333333,0.6666666666666667,13.5,-0.45,13.5,-0.45,13.5,-0.45,13.50282815,-0.431818664,0.7,-0.26904220240456717,-0.045796460176991134,270207402.9343185,0.17058207047165883,0.6381497015516896
1509,418,namentenga(boulsa),dazanrin,burkina_faso,11/1/2009,6,0,-0.956946898,,12.660287851621774,-0.567514272,-1.681780398,-1.748540382,1.6666666666666667,0.6666666666666666,-0.166666667,12.65,-0.55,12.65,-0.55,12.65,-0.55,12.60199655,-0.694916179,1.3,-0.24411079516777626,-0.10584112149532707,215228499.57270834,0.18131713476198444,-0.5699317872777546
1510,419,namentenga(boulsa),dazanrin,burkina_faso,11/1/2009,11,0,-1.010713427,,12.660287851621774,-0.567514272,-1.681780398,-1.748540382,1.6666666666666667,0.6666666666666666,-0.166666667,12.65,-0.55,12.65,-0.55,12.65,-0.55,12.60199655,-0.694916179,1.3,-0.24411079516777626,-0.10584112149532707,215228499.57270834,0.18131713476198444,-0.5699317872777546
1511,420,namentenga(boulsa),dazanrin,burkina_faso,11/1/2009,12,0,-0.956946898,,12.660287851621774,-0.567514272,-1.681780398,-1.748540382,1.6666666666666667,0.6666666666666666,-0.166666667,12.65,-0.55,12.65,-0.55,12.65,-0.55,12.60199655,-0.694916179,1.3,-0.24411079516777626,-0.10584112149532707,215228499.57270834,0.18131713476198444,-0.5699317872777546
1512,421,namentenga(boulsa),dazanrin,burkina_faso,11/1/2009,11,0,-0.971284639,,12.660287851621774,-0.567514272,-1.681780398,-1.748540382,1.6666666666666667,0.6666666666666666,-0.166666667,12.65,-0.55,12.65,-0.55,12.65,-0.55,12.60199655,-0.694916179,1.3,-0.24411079516777626,-0.10584112149532707,215228499.57270834,0.18131713476198444,-0.5699317872777546
1513,422,namentenga(boulsa),dazanrin,burkina_faso,11/1/2009,6,0,-0.935440287,,12.660287851621774,-0.567514272,-1.681780398,-1.748540382,1.6666666666666667,0.6666666666666666,-0.166666667,12.65,-0.55,12.65,-0.55,12.65,-0.55,12.60199655,-0.694916179,1.3,-0.24411079516777626,-0.10584112149532707,215228499.57270834,0.18131713476198444,-0.5699317872777546
1514,423,namentenga(boulsa),dazanrin,burkina_faso,11/1/2009,5,0,-0.928271416,,12.660287851621774,-0.567514272,-1.681780398,-1.748540382,1.6666666666666667,0.6666666666666666,-0.166666667,12.65,-0.55,12.65,-0.55,12.65,-0.55,12.60199655,-0.694916179,1.3,-0.24411079516777626,-0.10584112149532707,215228499.57270834,0.18131713476198444,-0.5699317872777546
1515,424,namentenga(boulsa),dazanrin,burkina_faso,11/1/2009,5,0,-0.919310328,,12.660287851621774,-0.567514272,-1.681780398,-1.748540382,1.6666666666666667,0.6666666666666666,-0.166666667,12.65,-0.55,12.65,-0.55,12.65,-0.55,12.60199655,-0.694916179,1.3,-0.24411079516777626,-0.10584112149532707,215228499.57270834,0.18131713476198444,-0.5699317872777546
1516,425,namentenga(boulsa),dazanrin,burkina_faso,11/1/2009,7,0,-0.942609157,,12.660287851621774,-0.567514272,-1.681780398,-1.748540382,1.6666666666666667,0.6666666666666666,-0.166666667,12.65,-0.55,12.65,-0.55,12.65,-0.55,12.60199655,-0.694916179,1.3,-0.24411079516777626,-0.10584112149532707,215228499.57270834,0.18131713476198444,-0.5699317872777546
1517,426,namentenga(boulsa),dazanrin,burkina_faso,11/1/2009,7,0,-0.967700204,,12.660287851621774,-0.567514272,-1.681780398,-1.748540382,1.6666666666666667,0.6666666666666666,-0.166666667,12.65,-0.55,12.65,-0.55,12.65,-0.55,12.60199655,-0.694916179,1.3,-0.24411079516777626,-0.10584112149532707,215228499.57270834,0.18131713476198444,-0.5699317872777546
1518,427,namentenga(boulsa),dazanrin,burkina_faso,11/1/2009,8,0,-0.935440287,,12.660287851621774,-0.567514272,-1.681780398,-1.748540382,1.6666666666666667,0.6666666666666666,-0.166666667,12.65,-0.55,12.65,-0.55,12.65,-0.55,12.60199655,-0.694916179,1.3,-0.24411079516777626,-0.10584112149532707,215228499.57270834,0.18131713476198444,-0.5699317872777546
1519,429,namentenga(boulsa),dazanrin,burkina_faso,11/1/2009,5,0,-0.946193592,,12.660287851621774,-0.567514272,-1.681780398,-1.748540382,1.6666666666666667,0.6666666666666666,-0.166666667,12.65,-0.55,12.65,-0.55,12.65,-0.55,12.60199655,-0.694916179,1.3,-0.24411079516777626,-0.10584112149532707,215228499.57270834,0.18131713476198444,-0.5699317872777546
1520,430,namentenga(boulsa),dazanrin,burkina_faso,11/1/2009,7,0,-0.92253632,,12.660287851621774,-0.567514272,-1.681780398,-1.748540382,1.6666666666666667,0.6666666666666666,-0.166666667,12.65,-0.55,12.65,-0.55,12.65,-0.55,12.60199655,-0.694916179,1.3,-0.24411079516777626,-0.10584112149532707,215228499.57270834,0.18131713476198444,-0.5699317872777546
1521,431,namentenga(boulsa),dazanrin,burkina_faso,11/1/2009,8,0,-0.949778028,1.0,12.660287851621774,-0.567514272,-1.681780398,-1.748540382,1.6666666666666667,0.6666666666666666,-0.166666667,12.65,-0.55,12.65,-0.55,12.65,-0.55,12.60199655,-0.694916179,1.3,-0.24411079516777626,-0.10584112149532707,215228499.57270834,0.18131713476198444,-0.5699317872777546
1522,432,namentenga(boulsa),dazanrin,burkina_faso,11/1/2009,7,0,-0.92253632,,12.660287851621774,-0.567514272,-1.681780398,-1.748540382,1.6666666666666667,0.6666666666666666,-0.166666667,12.65,-0.55,12.65,-0.55,12.65,-0.55,12.60199655,-0.694916179,1.3,-0.24411079516777626,-0.10584112149532707,215228499.57270834,0.18131713476198444,-0.5699317872777546
1523,448,namentenga(boulsa),konkoara,burkina_faso,10/30/2009,11,0,0.2668030515871006,,12.660540911581377,-0.568371028,-1.681780398,-1.748540382,1.6666666666666667,0.6666666666666666,-0.166666667,12.65,-0.55,12.65,-0.55,12.65,-0.55,12.60199655,-0.694916179,1.3,-0.24411079516777626,-0.10584112149532707,215228499.57270834,0.18131713476198444,-0.5699317872777546
1524,449,namentenga(boulsa),konkoara,burkina_faso,10/30/2009,8,0,-0.949778028,,12.660540911581377,-0.568371028,-1.681780398,-1.748540382,1.6666666666666667,0.6666666666666666,-0.166666667,12.65,-0.55,12.65,-0.55,12.65,-0.55,12.60199655,-0.694916179,1.3,-0.24411079516777626,-0.10584112149532707,215228499.57270834,0.18131713476198444,-0.5699317872777546
1525,450,namentenga(boulsa),konkoara,burkina_faso,10/30/2009,7,0,-0.942609157,,12.660540911581377,-0.568371028,-1.681780398,-1.748540382,1.6666666666666667,0.6666666666666666,-0.166666667,12.65,-0.55,12.65,-0.55,12.65,-0.55,12.60199655,-0.694916179,1.3,-0.24411079516777626,-0.10584112149532707,215228499.57270834,0.18131713476198444,-0.5699317872777546
1526,451,namentenga(boulsa),konkoara,burkina_faso,10/30/2009,10,0,0.6363028954087028,,12.660540911581377,-0.568371028,-1.681780398,-1.748540382,1.6666666666666667,0.6666666666666666,-0.166666667,12.65,-0.55,12.65,-0.55,12.65,-0.55,12.60199655,-0.694916179,1.3,-0.24411079516777626,-0.10584112149532707,215228499.57270834,0.18131713476198444,-0.5699317872777546
1527,452,namentenga(boulsa),konkoara,burkina_faso,10/30/2009,10,0,-0.935440287,,12.660540911581377,-0.568371028,-1.681780398,-1.748540382,1.6666666666666667,0.6666666666666666,-0.166666667,12.65,-0.55,12.65,-0.55,12.65,-0.55,12.60199655,-0.694916179,1.3,-0.24411079516777626,-0.10584112149532707,215228499.57270834,0.18131713476198444,-0.5699317872777546
1528,454,namentenga(boulsa),konkoara,burkina_faso,10/30/2009,2,0,-0.935440287,,12.660540911581377,-0.568371028,-1.681780398,-1.748540382,1.6666666666666667,0.6666666666666666,-0.166666667,12.65,-0.55,12.65,-0.55,12.65,-0.55,12.60199655,-0.694916179,1.3,-0.24411079516777626,-0.10584112149532707,215228499.57270834,0.18131713476198444,-0.5699317872777546
1529,455,namentenga(boulsa),konkoara,burkina_faso,10/30/2009,6,0,-0.918234998,,12.660540911581377,-0.568371028,-1.681780398,-1.748540382,1.6666666666666667,0.6666666666666666,-0.166666667,12.65,-0.55,12.65,-0.55,12.65,-0.55,12.60199655,-0.694916179,1.3,-0.24411079516777626,-0.10584112149532707,215228499.57270834,0.18131713476198444,-0.5699317872777546
1530,460,namentenga(boulsa),silague,burkina_faso,11/5/2009,8,0,-0.917006048,,12.660540911581377,-0.568371028,-1.681780398,-1.748540382,1.6666666666666667,0.6666666666666666,-0.166666667,12.65,-0.55,12.65,-0.55,12.65,-0.55,12.60199655,-0.694916179,1.3,-0.24411079516777626,-0.10584112149532707,215228499.57270834,0.18131713476198444,-0.5699317872777546
1531,461,namentenga(boulsa),silague,burkina_faso,11/5/2009,6,0,-0.956946898,,12.660540911581377,-0.568371028,-1.681780398,-1.748540382,1.6666666666666667,0.6666666666666666,-0.166666667,12.65,-0.55,12.65,-0.55,12.65,-0.55,12.60199655,-0.694916179,1.3,-0.24411079516777626,-0.10584112149532707,215228499.57270834,0.18131713476198444,-0.5699317872777546
1532,462,namentenga(boulsa),silague,burkina_faso,11/5/2009,10,0,-0.425380703,,12.660540911581377,-0.568371028,-1.681780398,-1.748540382,1.6666666666666667,0.6666666666666666,-0.166666667,12.65,-0.55,12.65,-0.55,12.65,-0.55,12.60199655,-0.694916179,1.3,-0.24411079516777626,-0.10584112149532707,215228499.57270834,0.18131713476198444,-0.5699317872777546
1533,463,namentenga(boulsa),silague,burkina_faso,11/5/2009,11,0,-0.591889869,,12.660540911581377,-0.568371028,-1.681780398,-1.748540382,1.6666666666666667,0.6666666666666666,-0.166666667,12.65,-0.55,12.65,-0.55,12.65,-0.55,12.60199655,-0.694916179,1.3,-0.24411079516777626,-0.10584112149532707,215228499.57270834,0.18131713476198444,-0.5699317872777546
1534,464,namentenga(boulsa),silague,burkina_faso,11/5/2009,14,0,-0.99279125,,12.660540911581377,-0.568371028,-1.681780398,-1.748540382,1.6666666666666667,0.6666666666666666,-0.166666667,12.65,-0.55,12.65,-0.55,12.65,-0.55,12.60199655,-0.694916179,1.3,-0.24411079516777626,-0.10584112149532707,215228499.57270834,0.18131713476198444,-0.5699317872777546
1535,465,namentenga(boulsa),silague,burkina_faso,11/5/2009,16,0,-0.806209247,1.0,12.660540911581377,-0.568371028,-1.681780398,-1.748540382,1.6666666666666667,0.6666666666666666,-0.166666667,12.65,-0.55,12.65,-0.55,12.65,-0.55,12.60199655,-0.694916179,1.3,-0.24411079516777626,-0.10584112149532707,215228499.57270834,0.18131713476198444,-0.5699317872777546
1536,466,namentenga(boulsa),silague,burkina_faso,11/5/2009,9,0,-0.428248251,1.0,12.660540911581377,-0.568371028,-1.681780398,-1.748540382,1.6666666666666667,0.6666666666666666,-0.166666667,12.65,-0.55,12.65,-0.55,12.65,-0.55,12.60199655,-0.694916179,1.3,-0.24411079516777626,-0.10584112149532707,215228499.57270834,0.18131713476198444,-0.5699317872777546
1537,468,namentenga(boulsa),silague,burkina_faso,11/6/2009,6,0,-0.924686981,,12.660540911581377,-0.568371028,-1.681780398,-1.748540382,1.6666666666666667,0.6666666666666666,-0.166666667,12.65,-0.55,12.65,-0.55,12.65,-0.55,12.60199655,-0.694916179,1.3,-0.24411079516777626,-0.10584112149532707,215228499.57270834,0.18131713476198444,-0.5699317872777546
1538,469,namentenga(boulsa),silague,burkina_faso,11/5/2009,2,0,-0.913933675,1.0,12.660540911581377,-0.568371028,-1.681780398,-1.748540382,1.6666666666666667,0.6666666666666666,-0.166666667,12.65,-0.55,12.65,-0.55,12.65,-0.55,12.60199655,-0.694916179,1.3,-0.24411079516777626,-0.10584112149532707,215228499.57270834,0.18131713476198444,-0.5699317872777546
1539,487,namentenga(boulsa),tougri secteur 5,burkina_faso,11/10/2009,2,0,-0.913933675,1.0,13.31319193510866,-0.526893673,-1.640898347,-1.640898347,1.0,0.1666666666666666,-0.166666667,13.3,-0.55,13.3,-0.55,13.3,-0.55,13.33129204,-0.431818664,0.6,-0.2653053601582845,-0.03640350877192982,272416297.9316231,0.1770661904197241,0.7463559245343555
1540,488,namentenga(boulsa),tougri secteur 5,burkina_faso,11/10/2009,10,0,-0.598341852,,13.31319193510866,-0.526893673,-1.640898347,-1.640898347,1.0,0.1666666666666666,-0.166666667,13.3,-0.55,13.3,-0.55,13.3,-0.55,13.33129204,-0.431818664,0.6,-0.2653053601582845,-0.03640350877192982,272416297.9316231,0.1770661904197241,0.7463559245343555
1541,489,namentenga(boulsa),tougri secteur 5,burkina_faso,11/10/2009,14,0,-0.582211894,1.0,13.31319193510866,-0.526893673,-1.640898347,-1.640898347,1.0,0.1666666666666666,-0.166666667,13.3,-0.55,13.3,-0.55,13.3,-0.55,13.33129204,-0.431818664,0.6,-0.2653053601582845,-0.03640350877192982,272416297.9316231,0.1770661904197241,0.7463559245343555
1542,490,namentenga(boulsa),tougri secteur 5,burkina_faso,11/10/2009,3,0,-0.924686981,,13.31319193510866,-0.526893673,-1.640898347,-1.640898347,1.0,0.1666666666666666,-0.166666667,13.3,-0.55,13.3,-0.55,13.3,-0.55,13.33129204,-0.431818664,0.6,-0.2653053601582845,-0.03640350877192982,272416297.9316231,0.1770661904197241,0.7463559245343555
1543,491,namentenga(boulsa),tougri secteur 5,burkina_faso,11/10/2009,7,0,-0.57468458,,13.31319193510866,-0.526893673,-1.640898347,-1.640898347,1.0,0.1666666666666666,-0.166666667,13.3,-0.55,13.3,-0.55,13.3,-0.55,13.33129204,-0.431818664,0.6,-0.2653053601582845,-0.03640350877192982,272416297.9316231,0.1770661904197241,0.7463559245343555
1544,492,namentenga(boulsa),tougri secteur 5,burkina_faso,11/10/2009,8,0,-0.949778028,,13.31319193510866,-0.526893673,-1.640898347,-1.640898347,1.0,0.1666666666666666,-0.166666667,13.3,-0.55,13.3,-0.55,13.3,-0.55,13.33129204,-0.431818664,0.6,-0.2653053601582845,-0.03640350877192982,272416297.9316231,0.1770661904197241,0.7463559245343555
1545,493,namentenga(boulsa),tougri secteur 5,burkina_faso,11/10/2009,3,0,-0.956946898,,13.31319193510866,-0.526893673,-1.640898347,-1.640898347,1.0,0.1666666666666666,-0.166666667,13.3,-0.55,13.3,-0.55,13.3,-0.55,13.33129204,-0.431818664,0.6,-0.2653053601582845,-0.03640350877192982,272416297.9316231,0.1770661904197241,0.7463559245343555
1546,494,namentenga(boulsa),tougri secteur 5,burkina_faso,11/10/2009,5,0,-0.928271416,,13.31319193510866,-0.526893673,-1.640898347,-1.640898347,1.0,0.1666666666666666,-0.166666667,13.3,-0.55,13.3,-0.55,13.3,-0.55,13.33129204,-0.431818664,0.6,-0.2653053601582845,-0.03640350877192982,272416297.9316231,0.1770661904197241,0.7463559245343555
1547,511,namentenga(boulsa),tougri secteur 5,burkina_faso,11/10/2009,4,0,-0.935440287,,13.31319193510866,-0.526893673,-1.640898347,-1.640898347,1.0,0.1666666666666666,-0.166666667,13.3,-0.55,13.3,-0.55,13.3,-0.55,13.33129204,-0.431818664,0.6,-0.2653053601582845,-0.03640350877192982,272416297.9316231,0.1770661904197241,0.7463559245343555
1548,518,namentenga(boulsa),youguin,burkina_faso,11/3/2009,5,0,-0.946193592,,12.660540911581377,-0.568371028,-1.681780398,-1.748540382,1.6666666666666667,0.6666666666666666,-0.166666667,12.65,-0.55,12.65,-0.55,12.65,-0.55,12.60199655,-0.694916179,1.3,-0.24411079516777626,-0.10584112149532707,215228499.57270834,0.18131713476198444,-0.5699317872777546
1549,519,namentenga(boulsa),youguin,burkina_faso,11/3/2009,8,0,-0.949778028,,12.660540911581377,-0.568371028,-1.681780398,-1.748540382,1.6666666666666667,0.6666666666666666,-0.166666667,12.65,-0.55,12.65,-0.55,12.65,-0.55,12.60199655,-0.694916179,1.3,-0.24411079516777626,-0.10584112149532707,215228499.57270834,0.18131713476198444,-0.5699317872777546
1550,521,namentenga(boulsa),youguin,burkina_faso,11/3/2009,5,0,-0.999960121,,12.660540911581377,-0.568371028,-1.681780398,-1.748540382,1.6666666666666667,0.6666666666666666,-0.166666667,12.65,-0.55,12.65,-0.55,12.65,-0.55,12.60199655,-0.694916179,1.3,-0.24411079516777626,-0.10584112149532707,215228499.57270834,0.18131713476198444,-0.5699317872777546
1551,523,namentenga(boulsa),youguin,burkina_faso,11/3/2009,19,0,-0.585437886,1.0,12.660540911581377,-0.568371028,-1.681780398,-1.748540382,1.6666666666666667,0.6666666666666666,-0.166666667,12.65,-0.55,12.65,-0.55,12.65,-0.55,12.60199655,-0.694916179,1.3,-0.24411079516777626,-0.10584112149532707,215228499.57270834,0.18131713476198444,-0.5699317872777546
1552,526,namentenga(boulsa),youguin,burkina_faso,11/3/2009,10,0,-0.919310328,,12.660540911581377,-0.568371028,-1.681780398,-1.748540382,1.6666666666666667,0.6666666666666666,-0.166666667,12.65,-0.55,12.65,-0.55,12.65,-0.55,12.60199655,-0.694916179,1.3,-0.24411079516777626,-0.10584112149532707,215228499.57270834,0.18131713476198444,-0.5699317872777546
1553,527,namentenga(boulsa),youguin,burkina_faso,11/3/2009,8,0,1.5611236172601226,,12.660540911581377,-0.568371028,-1.681780398,-1.748540382,1.6666666666666667,0.6666666666666666,-0.166666667,12.65,-0.55,12.65,-0.55,12.65,-0.55,12.60199655,-0.694916179,1.3,-0.24411079516777626,-0.10584112149532707,215228499.57270834,0.18131713476198444,-0.5699317872777546
1554,528,namentenga(boulsa),youguin,burkina_faso,11/2/2009,8,0,-0.926837642,,12.660540911581377,-0.568371028,-1.681780398,-1.748540382,1.6666666666666667,0.6666666666666666,-0.166666667,12.65,-0.55,12.65,-0.55,12.65,-0.55,12.60199655,-0.694916179,1.3,-0.24411079516777626,-0.10584112149532707,215228499.57270834,0.18131713476198444,-0.5699317872777546
1555,530,namentenga(boulsa),youguin,burkina_faso,11/3/2009,7,0,-0.942609157,,12.660540911581377,-0.568371028,-1.681780398,-1.748540382,1.6666666666666667,0.6666666666666666,-0.166666667,12.65,-0.55,12.65,-0.55,12.65,-0.55,12.60199655,-0.694916179,1.3,-0.24411079516777626,-0.10584112149532707,215228499.57270834,0.18131713476198444,-0.5699317872777546
1556,531,namentenga(boulsa),youguin,burkina_faso,11/3/2009,11,0,-0.931855851,1.0,12.660540911581377,-0.568371028,-1.681780398,-1.748540382,1.6666666666666667,0.6666666666666666,-0.166666667,12.65,-0.55,12.65,-0.55,12.65,-0.55,12.60199655,-0.694916179,1.3,-0.24411079516777626,-0.10584112149532707,215228499.57270834,0.18131713476198444,-0.5699317872777546
1557,535,namentenga(boulsa),youguin,burkina_faso,11/2/2009,10,0,-0.946193592,,12.660540911581377,-0.568371028,-1.681780398,-1.748540382,1.6666666666666667,0.6666666666666666,-0.166666667,12.65,-0.55,12.65,-0.55,12.65,-0.55,12.60199655,-0.694916179,1.3,-0.24411079516777626,-0.10584112149532707,215228499.57270834,0.18131713476198444,-0.5699317872777546
1558,537,namentenga(boulsa),youguin,burkina_faso,11/3/2009,4,0,-0.978453509,,12.660540911581377,-0.568371028,-1.681780398,-1.748540382,1.6666666666666667,0.6666666666666666,-0.166666667,12.65,-0.55,12.65,-0.55,12.65,-0.55,12.60199655,-0.694916179,1.3,-0.24411079516777626,-0.10584112149532707,215228499.57270834,0.18131713476198444,-0.5699317872777546
1559,538,namentenga(boulsa),youguin,burkina_faso,11/3/2009,6,0,-0.587588547,,12.660540911581377,-0.568371028,-1.681780398,-1.748540382,1.6666666666666667,0.6666666666666666,-0.166666667,12.65,-0.55,12.65,-0.55,12.65,-0.55,12.60199655,-0.694916179,1.3,-0.24411079516777626,-0.10584112149532707,215228499.57270834,0.18131713476198444,-0.5699317872777546
1560,541,sanmatenga(kaya),arouem,burkina_faso,11/4/2009,8,0,-0.949778028,1.0,13.096810194780764,-1.086335777,-1.677620932,-1.73793523,1.25,0.8333333333333334,-0.433333333,13.1,-1.1,13.1,-1.1,13.1,-1.1,13.09217767,-1.083499768,1.2,-0.2708827555179596,-0.012037037037037044,150590786.98507282,0.17665672660429435,-0.1003798693472498
1561,542,sanmatenga(kaya),arouem,burkina_faso,11/4/2009,36,0,0.6384535565473808,1.0,13.096810194780764,-1.086335777,-1.677620932,-1.73793523,1.25,0.8333333333333334,-0.433333333,13.1,-1.1,13.1,-1.1,13.1,-1.1,13.09217767,-1.083499768,1.2,-0.2708827555179596,-0.012037037037037044,150590786.98507282,0.17665672660429435,-0.1003798693472498
1562,543,sanmatenga(kaya),arouem,burkina_faso,11/5/2009,7,0,-0.942609157,,13.096810194780764,-1.086335777,-1.677620932,-1.73793523,1.25,0.8333333333333334,-0.433333333,13.1,-1.1,13.1,-1.1,13.1,-1.1,13.09217767,-1.083499768,1.2,-0.2708827555179596,-0.012037037037037044,150590786.98507282,0.17665672660429435,-0.1003798693472498
1563,544,sanmatenga(kaya),arouem,burkina_faso,11/4/2009,8,0,-0.935440287,,13.096810194780764,-1.086335777,-1.677620932,-1.73793523,1.25,0.8333333333333334,-0.433333333,13.1,-1.1,13.1,-1.1,13.1,-1.1,13.09217767,-1.083499768,1.2,-0.2708827555179596,-0.012037037037037044,150590786.98507282,0.17665672660429435,-0.1003798693472498
1564,545,sanmatenga(kaya),arouem,burkina_faso,11/5/2009,4,0,-0.913933675,,13.096810194780764,-1.086335777,-1.677620932,-1.73793523,1.25,0.8333333333333334,-0.433333333,13.1,-1.1,13.1,-1.1,13.1,-1.1,13.09217767,-1.083499768,1.2,-0.2708827555179596,-0.012037037037037044,150590786.98507282,0.17665672660429435,-0.1003798693472498
1565,546,sanmatenga(kaya),arouem,burkina_faso,11/4/2009,19,0,0.8308782653144468,,13.096810194780764,-1.086335777,-1.677620932,-1.73793523,1.25,0.8333333333333334,-0.433333333,13.1,-1.1,13.1,-1.1,13.1,-1.1,13.09217767,-1.083499768,1.2,-0.2708827555179596,-0.012037037037037044,150590786.98507282,0.17665672660429435,-0.1003798693472498
1566,547,sanmatenga(kaya),arouem,burkina_faso,11/5/2009,7,0,-0.414627397,,13.096810194780764,-1.086335777,-1.677620932,-1.73793523,1.25,0.8333333333333334,-0.433333333,13.1,-1.1,13.1,-1.1,13.1,-1.1,13.09217767,-1.083499768,1.2,-0.2708827555179596,-0.012037037037037044,150590786.98507282,0.17665672660429435,-0.1003798693472498
1567,548,sanmatenga(kaya),arouem,burkina_faso,11/4/2009,8,0,-0.935440287,1.0,13.096810194780764,-1.086335777,-1.677620932,-1.73793523,1.25,0.8333333333333334,-0.433333333,13.1,-1.1,13.1,-1.1,13.1,-1.1,13.09217767,-1.083499768,1.2,-0.2708827555179596,-0.012037037037037044,150590786.98507282,0.17665672660429435,-0.1003798693472498
1568,549,sanmatenga(kaya),arouem,burkina_faso,11/4/2009,8,0,-0.949778028,,13.096810194780764,-1.086335777,-1.677620932,-1.73793523,1.25,0.8333333333333334,-0.433333333,13.1,-1.1,13.1,-1.1,13.1,-1.1,13.09217767,-1.083499768,1.2,-0.2708827555179596,-0.012037037037037044,150590786.98507282,0.17665672660429435,-0.1003798693472498
1569,572,sanmatenga(kaya),bagbin-noungou,burkina_faso,10/29/2009,13,0,-0.824161272,,12.72713,-1.05162,-1.70760411,-1.735114127,1.25,1.0,-0.333333333,12.75,-1.05,12.75,-1.05,12.75,-1.05,12.75482216,-1.073963321,1.2,-0.3276150127251943,-0.012037037037037016,252842544.0452129,0.18906225794772252,-0.2249944978025893
1570,574,sanmatenga(kaya),bagbin-noungou,burkina_faso,10/29/2009,8,0,-0.935440287,,12.72713,-1.05162,-1.70760411,-1.735114127,1.25,1.0,-0.333333333,12.75,-1.05,12.75,-1.05,12.75,-1.05,12.75482216,-1.073963321,1.2,-0.3276150127251943,-0.012037037037037016,252842544.0452129,0.18906225794772252,-0.2249944978025893
1571,576,sanmatenga(kaya),bagbin-noungou,burkina_faso,10/29/2009,13,0,-0.824161272,,12.72713,-1.05162,-1.70760411,-1.735114127,1.25,1.0,-0.333333333,12.75,-1.05,12.75,-1.05,12.75,-1.05,12.75482216,-1.073963321,1.2,-0.3276150127251943,-0.012037037037037016,252842544.0452129,0.18906225794772252,-0.2249944978025893
1572,577,sanmatenga(kaya),bagbin-noungou,burkina_faso,10/30/2009,11,0,-0.926223168,,12.72713,-1.05162,-1.70760411,-1.735114127,1.25,1.0,-0.333333333,12.75,-1.05,12.75,-1.05,12.75,-1.05,12.75482216,-1.073963321,1.2,-0.3276150127251943,-0.012037037037037016,252842544.0452129,0.18906225794772252,-0.2249944978025893
1573,578,sanmatenga(kaya),bagbin-noungou,burkina_faso,10/30/2009,12,0,-0.944042931,,12.72713,-1.05162,-1.70760411,-1.735114127,1.25,1.0,-0.333333333,12.75,-1.05,12.75,-1.05,12.75,-1.05,12.75482216,-1.073963321,1.2,-0.3276150127251943,-0.012037037037037016,252842544.0452129,0.18906225794772252,-0.2249944978025893
1574,579,sanmatenga(kaya),bagbin-noungou,burkina_faso,10/29/2009,10,0,-0.587588547,,12.72713,-1.05162,-1.70760411,-1.735114127,1.25,1.0,-0.333333333,12.75,-1.05,12.75,-1.05,12.75,-1.05,12.75482216,-1.073963321,1.2,-0.3276150127251943,-0.012037037037037016,252842544.0452129,0.18906225794772252,-0.2249944978025893
1575,580,sanmatenga(kaya),bagbin-noungou,burkina_faso,10/29/2009,5,0,-0.946193592,,12.72713,-1.05162,-1.70760411,-1.735114127,1.25,1.0,-0.333333333,12.75,-1.05,12.75,-1.05,12.75,-1.05,12.75482216,-1.073963321,1.2,-0.3276150127251943,-0.012037037037037016,252842544.0452129,0.18906225794772252,-0.2249944978025893
1576,581,sanmatenga(kaya),bagbin-noungou,burkina_faso,10/29/2009,7,0,-0.88793437,,12.72713,-1.05162,-1.70760411,-1.735114127,1.25,1.0,-0.333333333,12.75,-1.05,12.75,-1.05,12.75,-1.05,12.75482216,-1.073963321,1.2,-0.3276150127251943,-0.012037037037037016,252842544.0452129,0.18906225794772252,-0.2249944978025893
1577,582,sanmatenga(kaya),bagbin-noungou,burkina_faso,10/29/2009,21,0,-0.454056185,1.0,12.72713,-1.05162,-1.70760411,-1.735114127,1.25,1.0,-0.333333333,12.75,-1.05,12.75,-1.05,12.75,-1.05,12.75482216,-1.073963321,1.2,-0.3276150127251943,-0.012037037037037016,252842544.0452129,0.18906225794772252,-0.2249944978025893
1578,583,sanmatenga(kaya),bagbin-noungou,burkina_faso,10/30/2009,3,0,-0.956946898,,12.72713,-1.05162,-1.70760411,-1.735114127,1.25,1.0,-0.333333333,12.75,-1.05,12.75,-1.05,12.75,-1.05,12.75482216,-1.073963321,1.2,-0.3276150127251943,-0.012037037037037016,252842544.0452129,0.18906225794772252,-0.2249944978025893
1579,584,sanmatenga(kaya),bagbin-noungou,burkina_faso,10/29/2009,2,0,-0.935440287,,12.72713,-1.05162,-1.70760411,-1.735114127,1.25,1.0,-0.333333333,12.75,-1.05,12.75,-1.05,12.75,-1.05,12.75482216,-1.073963321,1.2,-0.3276150127251943,-0.012037037037037016,252842544.0452129,0.18906225794772252,-0.2249944978025893
1580,585,sanmatenga(kaya),bagbin-noungou,burkina_faso,10/29/2009,7,0,-0.619848464,,12.72713,-1.05162,-1.70760411,-1.735114127,1.25,1.0,-0.333333333,12.75,-1.05,12.75,-1.05,12.75,-1.05,12.75482216,-1.073963321,1.2,-0.3276150127251943,-0.012037037037037016,252842544.0452129,0.18906225794772252,-0.2249944978025893
1581,586,sanmatenga(kaya),bagbin-noungou,burkina_faso,10/29/2009,6,0,-1.021466732,,12.72713,-1.05162,-1.70760411,-1.735114127,1.25,1.0,-0.333333333,12.75,-1.05,12.75,-1.05,12.75,-1.05,12.75482216,-1.073963321,1.2,-0.3276150127251943,-0.012037037037037016,252842544.0452129,0.18906225794772252,-0.2249944978025893
1582,587,sanmatenga(kaya),bagbin-noungou,burkina_faso,10/30/2009,6,0,-1.021466732,1.0,12.72713,-1.05162,-1.70760411,-1.735114127,1.25,1.0,-0.333333333,12.75,-1.05,12.75,-1.05,12.75,-1.05,12.75482216,-1.073963321,1.2,-0.3276150127251943,-0.012037037037037016,252842544.0452129,0.18906225794772252,-0.2249944978025893
1583,595,sanmatenga(kaya),bagmiougou,burkina_faso,11/5/2009,5,0,-0.193074439,,13.096810194780764,-1.086335777,-1.677620932,-1.73793523,1.25,0.8333333333333334,-0.433333333,13.1,-1.1,13.1,-1.1,13.1,-1.1,13.09217767,-1.083499768,1.2,-0.2708827555179596,-0.012037037037037044,150590786.98507282,0.17665672660429435,-0.1003798693472498
1584,596,sanmatenga(kaya),bagmiougou,burkina_faso,11/6/2009,6,0,-0.189490004,,13.096810194780764,-1.086335777,-1.677620932,-1.73793523,1.25,0.8333333333333334,-0.433333333,13.1,-1.1,13.1,-1.1,13.1,-1.1,13.09217767,-1.083499768,1.2,-0.2708827555179596,-0.012037037037037044,150590786.98507282,0.17665672660429435,-0.1003798693472498
1585,598,sanmatenga(kaya),bagmiougou,burkina_faso,11/5/2009,5,0,-0.193074439,,13.096810194780764,-1.086335777,-1.677620932,-1.73793523,1.25,0.8333333333333334,-0.433333333,13.1,-1.1,13.1,-1.1,13.1,-1.1,13.09217767,-1.083499768,1.2,-0.2708827555179596,-0.012037037037037044,150590786.98507282,0.17665672660429435,-0.1003798693472498
1586,604,sanmatenga(kaya),bagmiougou,burkina_faso,11/5/2009,11,0,-0.931855851,1.0,13.096810194780764,-1.086335777,-1.677620932,-1.73793523,1.25,0.8333333333333334,-0.433333333,13.1,-1.1,13.1,-1.1,13.1,-1.1,13.09217767,-1.083499768,1.2,-0.2708827555179596,-0.012037037037037044,150590786.98507282,0.17665672660429435,-0.1003798693472498
1587,605,sanmatenga(kaya),bagmiougou,burkina_faso,11/6/2009,5,0,-0.580419676,1.0,13.096810194780764,-1.086335777,-1.677620932,-1.73793523,1.25,0.8333333333333334,-0.433333333,13.1,-1.1,13.1,-1.1,13.1,-1.1,13.09217767,-1.083499768,1.2,-0.2708827555179596,-0.012037037037037044,150590786.98507282,0.17665672660429435,-0.1003798693472498
1588,606,sanmatenga(kaya),bagmiougou,burkina_faso,11/5/2009,5,0,-0.928271416,1.0,13.096810194780764,-1.086335777,-1.677620932,-1.73793523,1.25,0.8333333333333334,-0.433333333,13.1,-1.1,13.1,-1.1,13.1,-1.1,13.09217767,-1.083499768,1.2,-0.2708827555179596,-0.012037037037037044,150590786.98507282,0.17665672660429435,-0.1003798693472498
1589,619,sanmatenga(kaya),bagmiougou,burkina_faso,11/6/2009,16,0,-0.935440287,,13.096810194780764,-1.086335777,-1.677620932,-1.73793523,1.25,0.8333333333333334,-0.433333333,13.1,-1.1,13.1,-1.1,13.1,-1.1,13.09217767,-1.083499768,1.2,-0.2708827555179596,-0.012037037037037044,150590786.98507282,0.17665672660429435,-0.1003798693472498
1590,620,sanmatenga(kaya),bagmiougou,burkina_faso,11/5/2009,17,0,-0.938128613,1.0,13.096810194780764,-1.086335777,-1.677620932,-1.73793523,1.25,0.8333333333333334,-0.433333333,13.1,-1.1,13.1,-1.1,13.1,-1.1,13.09217767,-1.083499768,1.2,-0.2708827555179596,-0.012037037037037044,150590786.98507282,0.17665672660429435,-0.1003798693472498
1591,621,sanmatenga(kaya),bagmiougou,burkina_faso,11/5/2009,7,0,-0.232503227,,13.096810194780764,-1.086335777,-1.677620932,-1.73793523,1.25,0.8333333333333334,-0.433333333,13.1,-1.1,13.1,-1.1,13.1,-1.1,13.09217767,-1.083499768,1.2,-0.2708827555179596,-0.012037037037037044,150590786.98507282,0.17665672660429435,-0.1003798693472498
1592,622,sanmatenga(kaya),basebrike,burkina_faso,11/7/2009,11,0,-0.971284639,,13.096810194780764,-1.086335777,-1.677620932,-1.73793523,1.25,0.8333333333333334,-0.433333333,13.1,-1.1,13.1,-1.1,13.1,-1.1,13.09217767,-1.083499768,1.2,-0.2708827555179596,-0.012037037037037044,150590786.98507282,0.17665672660429435,-0.1003798693472498
1593,623,sanmatenga(kaya),basebrike,burkina_faso,11/7/2009,10,0,-0.964115769,,13.096810194780764,-1.086335777,-1.677620932,-1.73793523,1.25,0.8333333333333334,-0.433333333,13.1,-1.1,13.1,-1.1,13.1,-1.1,13.09217767,-1.083499768,1.2,-0.2708827555179596,-0.012037037037037044,150590786.98507282,0.17665672660429435,-0.1003798693472498
1594,629,sanmatenga(kaya),basebrike,burkina_faso,11/7/2009,4,0,-0.935440287,,13.096810194780764,-1.086335777,-1.677620932,-1.73793523,1.25,0.8333333333333334,-0.433333333,13.1,-1.1,13.1,-1.1,13.1,-1.1,13.09217767,-1.083499768,1.2,-0.2708827555179596,-0.012037037037037044,150590786.98507282,0.17665672660429435,-0.1003798693472498
1595,635,sanmatenga(kaya),basebrike,burkina_faso,11/7/2009,4,0,-0.185905569,1.0,13.096810194780764,-1.086335777,-1.677620932,-1.73793523,1.25,0.8333333333333334,-0.433333333,13.1,-1.1,13.1,-1.1,13.1,-1.1,13.09217767,-1.083499768,1.2,-0.2708827555179596,-0.012037037037037044,150590786.98507282,0.17665672660429435,-0.1003798693472498
1596,636,sanmatenga(kaya),basebrike,burkina_faso,11/7/2009,11,0,-0.926223168,1.0,13.096810194780764,-1.086335777,-1.677620932,-1.73793523,1.25,0.8333333333333334,-0.433333333,13.1,-1.1,13.1,-1.1,13.1,-1.1,13.09217767,-1.083499768,1.2,-0.2708827555179596,-0.012037037037037044,150590786.98507282,0.17665672660429435,-0.1003798693472498
1597,637,sanmatenga(kaya),basebrike,burkina_faso,11/7/2009,14,0,-0.578030053,,13.096810194780764,-1.086335777,-1.677620932,-1.73793523,1.25,0.8333333333333334,-0.433333333,13.1,-1.1,13.1,-1.1,13.1,-1.1,13.09217767,-1.083499768,1.2,-0.2708827555179596,-0.012037037037037044,150590786.98507282,0.17665672660429435,-0.1003798693472498
1598,640,sanmatenga(kaya),basebrike,burkina_faso,11/7/2009,7,0,-0.930063634,,13.096810194780764,-1.086335777,-1.677620932,-1.73793523,1.25,0.8333333333333334,-0.433333333,13.1,-1.1,13.1,-1.1,13.1,-1.1,13.09217767,-1.083499768,1.2,-0.2708827555179596,-0.012037037037037044,150590786.98507282,0.17665672660429435,-0.1003798693472498
1599,641,sanmatenga(kaya),basebrike,burkina_faso,11/7/2009,12,0,-0.243256532,1.0,13.096810194780764,-1.086335777,-1.677620932,-1.73793523,1.25,0.8333333333333334,-0.433333333,13.1,-1.1,13.1,-1.1,13.1,-1.1,13.09217767,-1.083499768,1.2,-0.2708827555179596,-0.012037037037037044,150590786.98507282,0.17665672660429435,-0.1003798693472498
1600,642,sanmatenga(kaya),basebrike,burkina_faso,11/8/2009,15,0,-0.580419676,1.0,13.096810194780764,-1.086335777,-1.677620932,-1.73793523,1.25,0.8333333333333334,-0.433333333,13.1,-1.1,13.1,-1.1,13.1,-1.1,13.09217767,-1.083499768,1.2,-0.2708827555179596,-0.012037037037037044,150590786.98507282,0.17665672660429435,-0.1003798693472498
1601,649,sanmatenga(kaya),bawenne,burkina_faso,10/31/2009,7,0,-0.427172921,1.0,13.096810194780764,-1.086335777,-1.677620932,-1.73793523,1.25,0.8333333333333334,-0.433333333,13.1,-1.1,13.1,-1.1,13.1,-1.1,13.09217767,-1.083499768,1.2,-0.2708827555179596,-0.012037037037037044,150590786.98507282,0.17665672660429435,-0.1003798693472498
1602,650,sanmatenga(kaya),bawenne,burkina_faso,10/31/2009,10,0,-0.946193592,1.0,13.096810194780764,-1.086335777,-1.677620932,-1.73793523,1.25,0.8333333333333334,-0.433333333,13.1,-1.1,13.1,-1.1,13.1,-1.1,13.09217767,-1.083499768,1.2,-0.2708827555179596,-0.012037037037037044,150590786.98507282,0.17665672660429435,-0.1003798693472498
1603,651,sanmatenga(kaya),bawenne,burkina_faso,10/31/2009,3,0,-0.924686981,1.0,13.096810194780764,-1.086335777,-1.677620932,-1.73793523,1.25,0.8333333333333334,-0.433333333,13.1,-1.1,13.1,-1.1,13.1,-1.1,13.09217767,-1.083499768,1.2,-0.2708827555179596,-0.012037037037037044,150590786.98507282,0.17665672660429435,-0.1003798693472498
1604,664,sanmatenga(kaya),bawenne,burkina_faso,10/31/2009,5,0,-0.210996615,,13.096810194780764,-1.086335777,-1.677620932,-1.73793523,1.25,0.8333333333333334,-0.433333333,13.1,-1.1,13.1,-1.1,13.1,-1.1,13.09217767,-1.083499768,1.2,-0.2708827555179596,-0.012037037037037044,150590786.98507282,0.17665672660429435,-0.1003798693472498
1605,665,sanmatenga(kaya),bawenne,burkina_faso,10/31/2009,16,0,1.5659028642349628,,13.096810194780764,-1.086335777,-1.677620932,-1.73793523,1.25,0.8333333333333334,-0.433333333,13.1,-1.1,13.1,-1.1,13.1,-1.1,13.09217767,-1.083499768,1.2,-0.2708827555179596,-0.012037037037037044,150590786.98507282,0.17665672660429435,-0.1003798693472498
1606,666,sanmatenga(kaya),bawenne,burkina_faso,10/31/2009,6,0,0.1583617362518842,1.0,13.096810194780764,-1.086335777,-1.677620932,-1.73793523,1.25,0.8333333333333334,-0.433333333,13.1,-1.1,13.1,-1.1,13.1,-1.1,13.09217767,-1.083499768,1.2,-0.2708827555179596,-0.012037037037037044,150590786.98507282,0.17665672660429435,-0.1003798693472498
1607,671,sanmatenga(kaya),bawenne,burkina_faso,10/31/2009,14,0,-0.587588547,,13.096810194780764,-1.086335777,-1.677620932,-1.73793523,1.25,0.8333333333333334,-0.433333333,13.1,-1.1,13.1,-1.1,13.1,-1.1,13.09217767,-1.083499768,1.2,-0.2708827555179596,-0.012037037037037044,150590786.98507282,0.17665672660429435,-0.1003798693472498
1608,673,sanmatenga(kaya),bawenne,burkina_faso,10/31/2009,5,0,-0.946193592,,13.096810194780764,-1.086335777,-1.677620932,-1.73793523,1.25,0.8333333333333334,-0.433333333,13.1,-1.1,13.1,-1.1,13.1,-1.1,13.09217767,-1.083499768,1.2,-0.2708827555179596,-0.012037037037037044,150590786.98507282,0.17665672660429435,-0.1003798693472498
1609,674,sanmatenga(kaya),bawenne,burkina_faso,10/31/2009,12,0,0.05985873,1.0,13.096810194780764,-1.086335777,-1.677620932,-1.73793523,1.25,0.8333333333333334,-0.433333333,13.1,-1.1,13.1,-1.1,13.1,-1.1,13.09217767,-1.083499768,1.2,-0.2708827555179596,-0.012037037037037044,150590786.98507282,0.17665672660429435,-0.1003798693472498
1610,679,sanmatenga(kaya),dablo,burkina_faso,10/30/2009,4,0,-0.766063572,,13.736331794273273,-1.177869042,-1.599071503,-1.737089992,2.0,0.1666666666666666,-0.166666667,13.75,-1.2,13.75,-1.2,13.75,-1.2,13.50282815,-1.190020734,0.8,-0.28275351226329803,0.20357142857142854,217026963.74011934,0.1695197252379991,0.8383809327103944
1611,680,sanmatenga(kaya),dablo,burkina_faso,10/30/2009,6,0,-0.956946898,,13.736331794273273,-1.177869042,-1.599071503,-1.737089992,2.0,0.1666666666666666,-0.166666667,13.75,-1.2,13.75,-1.2,13.75,-1.2,13.50282815,-1.190020734,0.8,-0.28275351226329803,0.20357142857142854,217026963.74011934,0.1695197252379991,0.8383809327103944
1612,682,sanmatenga(kaya),dablo,burkina_faso,10/30/2009,20,0,0.6286219627705669,,13.736331794273273,-1.177869042,-1.599071503,-1.737089992,2.0,0.1666666666666666,-0.166666667,13.75,-1.2,13.75,-1.2,13.75,-1.2,13.50282815,-1.190020734,0.8,-0.28275351226329803,0.20357142857142854,217026963.74011934,0.1695197252379991,0.8383809327103944
1613,690,sanmatenga(kaya),dablo,burkina_faso,10/30/2009,5,0,-0.598341852,,13.736331794273273,-1.177869042,-1.599071503,-1.737089992,2.0,0.1666666666666666,-0.166666667,13.75,-1.2,13.75,-1.2,13.75,-1.2,13.50282815,-1.190020734,0.8,-0.28275351226329803,0.20357142857142854,217026963.74011934,0.1695197252379991,0.8383809327103944
1614,692,sanmatenga(kaya),dablo,burkina_faso,10/30/2009,5,0,-0.210996615,,13.736331794273273,-1.177869042,-1.599071503,-1.737089992,2.0,0.1666666666666666,-0.166666667,13.75,-1.2,13.75,-1.2,13.75,-1.2,13.50282815,-1.190020734,0.8,-0.28275351226329803,0.20357142857142854,217026963.74011934,0.1695197252379991,0.8383809327103944
1615,693,sanmatenga(kaya),dablo,burkina_faso,10/30/2009,6,0,-0.200243309,,13.736331794273273,-1.177869042,-1.599071503,-1.737089992,2.0,0.1666666666666666,-0.166666667,13.75,-1.2,13.75,-1.2,13.75,-1.2,13.50282815,-1.190020734,0.8,-0.28275351226329803,0.20357142857142854,217026963.74011934,0.1695197252379991,0.8383809327103944
1616,694,sanmatenga(kaya),dablo,burkina_faso,10/30/2009,9,0,-0.583287224,,13.736331794273273,-1.177869042,-1.599071503,-1.737089992,2.0,0.1666666666666666,-0.166666667,13.75,-1.2,13.75,-1.2,13.75,-1.2,13.50282815,-1.190020734,0.8,-0.28275351226329803,0.20357142857142854,217026963.74011934,0.1695197252379991,0.8383809327103944
1617,699,sanmatenga(kaya),dablo,burkina_faso,10/30/2009,3,0,-0.221749921,,13.736331794273273,-1.177869042,-1.599071503,-1.737089992,2.0,0.1666666666666666,-0.166666667,13.75,-1.2,13.75,-1.2,13.75,-1.2,13.50282815,-1.190020734,0.8,-0.28275351226329803,0.20357142857142854,217026963.74011934,0.1695197252379991,0.8383809327103944
1618,700,sanmatenga(kaya),dablo,burkina_faso,10/30/2009,4,0,-0.243256532,,13.736331794273273,-1.177869042,-1.599071503,-1.737089992,2.0,0.1666666666666666,-0.166666667,13.75,-1.2,13.75,-1.2,13.75,-1.2,13.50282815,-1.190020734,0.8,-0.28275351226329803,0.20357142857142854,217026963.74011934,0.1695197252379991,0.8383809327103944
1619,704,sanmatenga(kaya),dake,burkina_faso,11/1/2009,6,0,-0.780401313,,13.714269999999996,-1.0786,-1.667244077,-1.667244077,1.0,0.1666666666666666,-0.166666667,13.7,-1.1,13.7,-1.1,13.7,-1.1,13.50282815,-1.073963321,0.7,-0.24723778452192033,0.24876738305941853,231122744.7788804,0.18456665374062314,0.7946470562955896
1620,707,sanmatenga(kaya),dake,burkina_faso,11/1/2009,17,0,-0.635978422,,13.714269999999996,-1.0786,-1.667244077,-1.667244077,1.0,0.1666666666666666,-0.166666667,13.7,-1.1,13.7,-1.1,13.7,-1.1,13.50282815,-1.073963321,0.7,-0.24723778452192033,0.24876738305941853,231122744.7788804,0.18456665374062314,0.7946470562955896
1621,710,sanmatenga(kaya),dake,burkina_faso,11/1/2009,11,0,-0.796531272,1.0,13.714269999999996,-1.0786,-1.667244077,-1.667244077,1.0,0.1666666666666666,-0.166666667,13.7,-1.1,13.7,-1.1,13.7,-1.1,13.50282815,-1.073963321,0.7,-0.24723778452192033,0.24876738305941853,231122744.7788804,0.18456665374062314,0.7946470562955896
1622,715,sanmatenga(kaya),dake,burkina_faso,11/1/2009,7,0,-0.942609157,1.0,13.714269999999996,-1.0786,-1.667244077,-1.667244077,1.0,0.1666666666666666,-0.166666667,13.7,-1.1,13.7,-1.1,13.7,-1.1,13.50282815,-1.073963321,0.7,-0.24723778452192033,0.24876738305941853,231122744.7788804,0.18456665374062314,0.7946470562955896
1623,716,sanmatenga(kaya),dake,burkina_faso,11/1/2009,6,0,-0.935440287,1.0,13.714269999999996,-1.0786,-1.667244077,-1.667244077,1.0,0.1666666666666666,-0.166666667,13.7,-1.1,13.7,-1.1,13.7,-1.1,13.50282815,-1.073963321,0.7,-0.24723778452192033,0.24876738305941853,231122744.7788804,0.18456665374062314,0.7946470562955896
1624,717,sanmatenga(kaya),dake,burkina_faso,11/1/2009,3,0,0.1549187934437678,,13.714269999999996,-1.0786,-1.667244077,-1.667244077,1.0,0.1666666666666666,-0.166666667,13.7,-1.1,13.7,-1.1,13.7,-1.1,13.50282815,-1.073963321,0.7,-0.24723778452192033,0.24876738305941853,231122744.7788804,0.18456665374062314,0.7946470562955896
1625,721,sanmatenga(kaya),dake,burkina_faso,11/1/2009,11,0,-0.971284639,,13.714269999999996,-1.0786,-1.667244077,-1.667244077,1.0,0.1666666666666666,-0.166666667,13.7,-1.1,13.7,-1.1,13.7,-1.1,13.50282815,-1.073963321,0.7,-0.24723778452192033,0.24876738305941853,231122744.7788804,0.18456665374062314,0.7946470562955896
1626,723,sanmatenga(kaya),dake,burkina_faso,11/1/2009,20,0,-0.940219534,1.0,13.714269999999996,-1.0786,-1.667244077,-1.667244077,1.0,0.1666666666666666,-0.166666667,13.7,-1.1,13.7,-1.1,13.7,-1.1,13.50282815,-1.073963321,0.7,-0.24723778452192033,0.24876738305941853,231122744.7788804,0.18456665374062314,0.7946470562955896
1627,724,sanmatenga(kaya),dake,burkina_faso,11/1/2009,5,0,1.0548208470048743,,13.714269999999996,-1.0786,-1.667244077,-1.667244077,1.0,0.1666666666666666,-0.166666667,13.7,-1.1,13.7,-1.1,13.7,-1.1,13.50282815,-1.073963321,0.7,-0.24723778452192033,0.24876738305941853,231122744.7788804,0.18456665374062314,0.7946470562955896
1628,748,sanmatenga(kaya),gounghin,burkina_faso,11/6/2009,9,0,-0.94081694,,12.3566133,-1.547806352,-1.694790377,-1.748734249,1.6666666666666667,1.0,0.3333333333333332,12.35,-1.55,12.35,-1.55,12.35,-1.55,12.36425974,-1.527235853,1.7,-0.2821332286385929,-0.15946601941747574,206066734.64565817,0.1505854614927177,-0.18931588380860542
1629,749,sanmatenga(kaya),gounghin,burkina_faso,11/6/2009,4,0,-0.935440287,,12.3566133,-1.547806352,-1.694790377,-1.748734249,1.6666666666666667,1.0,0.3333333333333332,12.35,-1.55,12.35,-1.55,12.35,-1.55,12.36425974,-1.527235853,1.7,-0.2821332286385929,-0.15946601941747574,206066734.64565817,0.1505854614927177,-0.18931588380860542
1630,750,sanmatenga(kaya),gounghin,burkina_faso,11/6/2009,3,0,-0.956946898,1.0,12.3566133,-1.547806352,-1.694790377,-1.748734249,1.6666666666666667,1.0,0.3333333333333332,12.35,-1.55,12.35,-1.55,12.35,-1.55,12.36425974,-1.527235853,1.7,-0.2821332286385929,-0.15946601941747574,206066734.64565817,0.1505854614927177,-0.18931588380860542
1631,751,sanmatenga(kaya),gounghin,burkina_faso,11/6/2009,14,0,-0.942609157,1.0,12.3566133,-1.547806352,-1.694790377,-1.748734249,1.6666666666666667,1.0,0.3333333333333332,12.35,-1.55,12.35,-1.55,12.35,-1.55,12.36425974,-1.527235853,1.7,-0.2821332286385929,-0.15946601941747574,206066734.64565817,0.1505854614927177,-0.18931588380860542
1632,752,sanmatenga(kaya),gounghin,burkina_faso,11/6/2009,12,0,-0.935440287,,12.3566133,-1.547806352,-1.694790377,-1.748734249,1.6666666666666667,1.0,0.3333333333333332,12.35,-1.55,12.35,-1.55,12.35,-1.55,12.36425974,-1.527235853,1.7,-0.2821332286385929,-0.15946601941747574,206066734.64565817,0.1505854614927177,-0.18931588380860542
1633,753,sanmatenga(kaya),gounghin,burkina_faso,11/6/2009,9,0,-0.785777966,,12.3566133,-1.547806352,-1.694790377,-1.748734249,1.6666666666666667,1.0,0.3333333333333332,12.35,-1.55,12.35,-1.55,12.35,-1.55,12.36425974,-1.527235853,1.7,-0.2821332286385929,-0.15946601941747574,206066734.64565817,0.1505854614927177,-0.18931588380860542
1634,754,sanmatenga(kaya),gounghin,burkina_faso,11/6/2009,5,0,-0.999960121,,12.3566133,-1.547806352,-1.694790377,-1.748734249,1.6666666666666667,1.0,0.3333333333333332,12.35,-1.55,12.35,-1.55,12.35,-1.55,12.36425974,-1.527235853,1.7,-0.2821332286385929,-0.15946601941747574,206066734.64565817,0.1505854614927177,-0.18931588380860542
1635,755,sanmatenga(kaya),gounghin,burkina_faso,11/6/2009,11,0,1.3117087667262857,,12.3566133,-1.547806352,-1.694790377,-1.748734249,1.6666666666666667,1.0,0.3333333333333332,12.35,-1.55,12.35,-1.55,12.35,-1.55,12.36425974,-1.527235853,1.7,-0.2821332286385929,-0.15946601941747574,206066734.64565817,0.1505854614927177,-0.18931588380860542
1636,756,sanmatenga(kaya),gounghin,burkina_faso,11/6/2009,4,0,-0.935440287,,12.3566133,-1.547806352,-1.694790377,-1.748734249,1.6666666666666667,1.0,0.3333333333333332,12.35,-1.55,12.35,-1.55,12.35,-1.55,12.36425974,-1.527235853,1.7,-0.2821332286385929,-0.15946601941747574,206066734.64565817,0.1505854614927177,-0.18931588380860542
1637,757,sanmatenga(kaya),itaore,burkina_faso,11/8/2009,5,0,-0.999960121,,13.096810194780764,-1.086335777,-1.677620932,-1.73793523,1.25,0.8333333333333334,-0.433333333,13.1,-1.1,13.1,-1.1,13.1,-1.1,13.09217767,-1.083499768,1.2,-0.2708827555179596,-0.012037037037037044,150590786.98507282,0.17665672660429435,-0.1003798693472498
1638,758,sanmatenga(kaya),itaore,burkina_faso,11/9/2009,5,0,-0.919310328,,13.096810194780764,-1.086335777,-1.677620932,-1.73793523,1.25,0.8333333333333334,-0.433333333,13.1,-1.1,13.1,-1.1,13.1,-1.1,13.09217767,-1.083499768,1.2,-0.2708827555179596,-0.012037037037037044,150590786.98507282,0.17665672660429435,-0.1003798693472498
1639,759,sanmatenga(kaya),itaore,burkina_faso,11/8/2009,4,0,-0.978453509,,13.096810194780764,-1.086335777,-1.677620932,-1.73793523,1.25,0.8333333333333334,-0.433333333,13.1,-1.1,13.1,-1.1,13.1,-1.1,13.09217767,-1.083499768,1.2,-0.2708827555179596,-0.012037037037037044,150590786.98507282,0.17665672660429435,-0.1003798693472498
1640,760,sanmatenga(kaya),itaore,burkina_faso,11/9/2009,5,0,-0.999960121,,13.096810194780764,-1.086335777,-1.677620932,-1.73793523,1.25,0.8333333333333334,-0.433333333,13.1,-1.1,13.1,-1.1,13.1,-1.1,13.09217767,-1.083499768,1.2,-0.2708827555179596,-0.012037037037037044,150590786.98507282,0.17665672660429435,-0.1003798693472498
1641,761,sanmatenga(kaya),itaore,burkina_faso,11/9/2009,9,0,-0.931138964,,13.096810194780764,-1.086335777,-1.677620932,-1.73793523,1.25,0.8333333333333334,-0.433333333,13.1,-1.1,13.1,-1.1,13.1,-1.1,13.09217767,-1.083499768,1.2,-0.2708827555179596,-0.012037037037037044,150590786.98507282,0.17665672660429435,-0.1003798693472498
1642,762,sanmatenga(kaya),itaore,burkina_faso,11/8/2009,4,0,3.583528107269156,1.0,13.096810194780764,-1.086335777,-1.677620932,-1.73793523,1.25,0.8333333333333334,-0.433333333,13.1,-1.1,13.1,-1.1,13.1,-1.1,13.09217767,-1.083499768,1.2,-0.2708827555179596,-0.012037037037037044,150590786.98507282,0.17665672660429435,-0.1003798693472498
1643,763,sanmatenga(kaya),itaore,burkina_faso,11/8/2009,13,0,-1.172013012,,13.096810194780764,-1.086335777,-1.677620932,-1.73793523,1.25,0.8333333333333334,-0.433333333,13.1,-1.1,13.1,-1.1,13.1,-1.1,13.09217767,-1.083499768,1.2,-0.2708827555179596,-0.012037037037037044,150590786.98507282,0.17665672660429435,-0.1003798693472498
1644,764,sanmatenga(kaya),itaore,burkina_faso,11/8/2009,11,0,-0.971284639,,13.096810194780764,-1.086335777,-1.677620932,-1.73793523,1.25,0.8333333333333334,-0.433333333,13.1,-1.1,13.1,-1.1,13.1,-1.1,13.09217767,-1.083499768,1.2,-0.2708827555179596,-0.012037037037037044,150590786.98507282,0.17665672660429435,-0.1003798693472498
1645,765,sanmatenga(kaya),itaore,burkina_faso,11/8/2009,14,0,-0.967700204,1.0,13.096810194780764,-1.086335777,-1.677620932,-1.73793523,1.25,0.8333333333333334,-0.433333333,13.1,-1.1,13.1,-1.1,13.1,-1.1,13.09217767,-1.083499768,1.2,-0.2708827555179596,-0.012037037037037044,150590786.98507282,0.17665672660429435,-0.1003798693472498
1646,767,sanmatenga(kaya),itaore,burkina_faso,11/8/2009,6,0,-1.021466732,,13.096810194780764,-1.086335777,-1.677620932,-1.73793523,1.25,0.8333333333333334,-0.433333333,13.1,-1.1,13.1,-1.1,13.1,-1.1,13.09217767,-1.083499768,1.2,-0.2708827555179596,-0.012037037037037044,150590786.98507282,0.17665672660429435,-0.1003798693472498
1647,785,sanmatenga(kaya),kaya secteur 1,burkina_faso,11/3/2009,5,0,1.8982220515785404,,13.096810194780764,-1.086335777,-1.677620932,-1.73793523,1.25,0.8333333333333334,-0.433333333,13.1,-1.1,13.1,-1.1,13.1,-1.1,13.09217767,-1.083499768,1.2,-0.2708827555179596,-0.012037037037037044,150590786.98507282,0.17665672660429435,-0.1003798693472498
1648,796,sanmatenga(kaya),kaya secteur 1,burkina_faso,11/3/2009,2,0,6.591593577047751,,13.096810194780764,-1.086335777,-1.677620932,-1.73793523,1.25,0.8333333333333334,-0.433333333,13.1,-1.1,13.1,-1.1,13.1,-1.1,13.09217767,-1.083499768,1.2,-0.2708827555179596,-0.012037037037037044,150590786.98507282,0.17665672660429435,-0.1003798693472498
1649,798,sanmatenga(kaya),kaya secteur 1,burkina_faso,11/3/2009,4,0,2.086846363,,13.096810194780764,-1.086335777,-1.677620932,-1.73793523,1.25,0.8333333333333334,-0.433333333,13.1,-1.1,13.1,-1.1,13.1,-1.1,13.09217767,-1.083499768,1.2,-0.2708827555179596,-0.012037037037037044,150590786.98507282,0.17665672660429435,-0.1003798693472498
1650,800,sanmatenga(kaya),kaya secteur 1,burkina_faso,11/3/2009,4,0,1.0072405887724458,1.0,13.096810194780764,-1.086335777,-1.677620932,-1.73793523,1.25,0.8333333333333334,-0.433333333,13.1,-1.1,13.1,-1.1,13.1,-1.1,13.09217767,-1.083499768,1.2,-0.2708827555179596,-0.012037037037037044,150590786.98507282,0.17665672660429435,-0.1003798693472498
1651,801,sanmatenga(kaya),kaya secteur 1,burkina_faso,11/3/2009,3,0,9.570972898284412,,13.096810194780764,-1.086335777,-1.677620932,-1.73793523,1.25,0.8333333333333334,-0.433333333,13.1,-1.1,13.1,-1.1,13.1,-1.1,13.09217767,-1.083499768,1.2,-0.2708827555179596,-0.012037037037037044,150590786.98507282,0.17665672660429435,-0.1003798693472498
1652,806,sanmatenga(kaya),kaya secteur 1,burkina_faso,11/3/2009,13,0,10.479481260640574,,13.096810194780764,-1.086335777,-1.677620932,-1.73793523,1.25,0.8333333333333334,-0.433333333,13.1,-1.1,13.1,-1.1,13.1,-1.1,13.09217767,-1.083499768,1.2,-0.2708827555179596,-0.012037037037037044,150590786.98507282,0.17665672660429435,-0.1003798693472498
1653,807,sanmatenga(kaya),kaya secteur 1,burkina_faso,11/3/2009,14,0,2.986576038,,13.096810194780764,-1.086335777,-1.677620932,-1.73793523,1.25,0.8333333333333334,-0.433333333,13.1,-1.1,13.1,-1.1,13.1,-1.1,13.09217767,-1.083499768,1.2,-0.2708827555179596,-0.012037037037037044,150590786.98507282,0.17665672660429435,-0.1003798693472498
1654,809,sanmatenga(kaya),kaya secteur 1,burkina_faso,11/3/2009,6,0,3.200492400220826,,13.096810194780764,-1.086335777,-1.677620932,-1.73793523,1.25,0.8333333333333334,-0.433333333,13.1,-1.1,13.1,-1.1,13.1,-1.1,13.09217767,-1.083499768,1.2,-0.2708827555179596,-0.012037037037037044,150590786.98507282,0.17665672660429435,-0.1003798693472498
1655,829,sanmatenga(kaya),korsimoro secteur 2,burkina_faso,11/8/2009,5,0,0.4971810049584705,,12.82064510163223,-1.072442345,-1.69299078,-1.723808706,1.25,1.0,-0.333333333,12.8,-1.05,12.8,-1.05,12.8,-1.05,12.76161893,-1.073963321,1.2,-0.3027670383453369,-0.012037037037037016,252842544.0452129,0.18837649786831434,-0.1314883390206548
1656,830,sanmatenga(kaya),korsimoro secteur 2,burkina_faso,11/8/2009,9,0,-0.956946898,,12.82064510163223,-1.072442345,-1.69299078,-1.723808706,1.25,1.0,-0.333333333,12.8,-1.05,12.8,-1.05,12.8,-1.05,12.76161893,-1.073963321,1.2,-0.3027670383453369,-0.012037037037037016,252842544.0452129,0.18837649786831434,-0.1314883390206548
1657,831,sanmatenga(kaya),korsimoro secteur 2,burkina_faso,11/8/2009,12,0,-0.596191191,1.0,12.82064510163223,-1.072442345,-1.69299078,-1.723808706,1.25,1.0,-0.333333333,12.8,-1.05,12.8,-1.05,12.8,-1.05,12.76161893,-1.073963321,1.2,-0.3027670383453369,-0.012037037037037016,252842544.0452129,0.18837649786831434,-0.1314883390206548
1658,832,sanmatenga(kaya),korsimoro secteur 2,burkina_faso,11/8/2009,11,0,-0.623432899,,12.82064510163223,-1.072442345,-1.69299078,-1.723808706,1.25,1.0,-0.333333333,12.8,-1.05,12.8,-1.05,12.8,-1.05,12.76161893,-1.073963321,1.2,-0.3027670383453369,-0.012037037037037016,252842544.0452129,0.18837649786831434,-0.1314883390206548
1659,833,sanmatenga(kaya),korsimoro secteur 2,burkina_faso,11/8/2009,8,0,-0.771798669,,12.82064510163223,-1.072442345,-1.69299078,-1.723808706,1.25,1.0,-0.333333333,12.8,-1.05,12.8,-1.05,12.8,-1.05,12.76161893,-1.073963321,1.2,-0.3027670383453369,-0.012037037037037016,252842544.0452129,0.18837649786831434,-0.1314883390206548
1660,834,sanmatenga(kaya),korsimoro secteur 2,burkina_faso,11/8/2009,6,0,-0.956946898,,12.82064510163223,-1.072442345,-1.69299078,-1.723808706,1.25,1.0,-0.333333333,12.8,-1.05,12.8,-1.05,12.8,-1.05,12.76161893,-1.073963321,1.2,-0.3027670383453369,-0.012037037037037016,252842544.0452129,0.18837649786831434,-0.1314883390206548
1661,835,sanmatenga(kaya),korsimoro secteur 2,burkina_faso,11/8/2009,9,0,0.4961694544834487,,12.82064510163223,-1.072442345,-1.69299078,-1.723808706,1.25,1.0,-0.333333333,12.8,-1.05,12.8,-1.05,12.8,-1.05,12.76161893,-1.073963321,1.2,-0.3027670383453369,-0.012037037037037016,252842544.0452129,0.18837649786831434,-0.1314883390206548
1662,836,sanmatenga(kaya),korsimoro secteur 2,burkina_faso,11/8/2009,8,0,-0.921102546,1.0,12.82064510163223,-1.072442345,-1.69299078,-1.723808706,1.25,1.0,-0.333333333,12.8,-1.05,12.8,-1.05,12.8,-1.05,12.76161893,-1.073963321,1.2,-0.3027670383453369,-0.012037037037037016,252842544.0452129,0.18837649786831434,-0.1314883390206548
1663,837,sanmatenga(kaya),korsimoro secteur 2,burkina_faso,11/8/2009,7,0,-0.787570184,,12.82064510163223,-1.072442345,-1.69299078,-1.723808706,1.25,1.0,-0.333333333,12.8,-1.05,12.8,-1.05,12.8,-1.05,12.76161893,-1.073963321,1.2,-0.3027670383453369,-0.012037037037037016,252842544.0452129,0.18837649786831434,-0.1314883390206548
1664,838,sanmatenga(kaya),mane mossi,burkina_faso,11/7/2009,13,0,-0.63777064,,12.985760816407712,-1.346525148,-1.640261099,-1.717409983,1.5,1.1666666666666667,-0.023809524,13.0,-1.35,13.0,-1.35,13.0,-1.35,12.98251538,-1.338902266,1.3,-0.2762097762181209,-0.1151869158878504,238815758.93249896,0.1897710373786717,-0.06427720266663287
1665,839,sanmatenga(kaya),mane mossi,burkina_faso,11/7/2009,10,0,-0.575299054,,12.985760816407712,-1.346525148,-1.640261099,-1.717409983,1.5,1.1666666666666667,-0.023809524,13.0,-1.35,13.0,-1.35,13.0,-1.35,12.98251538,-1.338902266,1.3,-0.2762097762181209,-0.1151869158878504,238815758.93249896,0.1897710373786717,-0.06427720266663287
1666,840,sanmatenga(kaya),mane mossi,burkina_faso,11/7/2009,5,0,0.6363028954087028,,12.985760816407712,-1.346525148,-1.640261099,-1.717409983,1.5,1.1666666666666667,-0.023809524,13.0,-1.35,13.0,-1.35,13.0,-1.35,12.98251538,-1.338902266,1.3,-0.2762097762181209,-0.1151869158878504,238815758.93249896,0.1897710373786717,-0.06427720266663287
1667,841,sanmatenga(kaya),mane mossi,burkina_faso,11/7/2009,8,0,0.6040429783285323,,12.985760816407712,-1.346525148,-1.640261099,-1.717409983,1.5,1.1666666666666667,-0.023809524,13.0,-1.35,13.0,-1.35,13.0,-1.35,12.98251538,-1.338902266,1.3,-0.2762097762181209,-0.1151869158878504,238815758.93249896,0.1897710373786717,-0.06427720266663287
1668,842,sanmatenga(kaya),mane mossi,burkina_faso,11/7/2009,10,0,-0.652108381,,12.985760816407712,-1.346525148,-1.640261099,-1.717409983,1.5,1.1666666666666667,-0.023809524,13.0,-1.35,13.0,-1.35,13.0,-1.35,12.98251538,-1.338902266,1.3,-0.2762097762181209,-0.1151869158878504,238815758.93249896,0.1897710373786717,-0.06427720266663287
1669,843,sanmatenga(kaya),mane mossi,burkina_faso,11/7/2009,2,0,-0.935440287,,12.985760816407712,-1.346525148,-1.640261099,-1.717409983,1.5,1.1666666666666667,-0.023809524,13.0,-1.35,13.0,-1.35,13.0,-1.35,12.98251538,-1.338902266,1.3,-0.2762097762181209,-0.1151869158878504,238815758.93249896,0.1897710373786717,-0.06427720266663287
1670,844,sanmatenga(kaya),mane mossi,burkina_faso,11/7/2009,4,0,-0.935440287,,12.985760816407712,-1.346525148,-1.640261099,-1.717409983,1.5,1.1666666666666667,-0.023809524,13.0,-1.35,13.0,-1.35,13.0,-1.35,12.98251538,-1.338902266,1.3,-0.2762097762181209,-0.1151869158878504,238815758.93249896,0.1897710373786717,-0.06427720266663287
1671,845,sanmatenga(kaya),mane mossi,burkina_faso,11/8/2009,13,0,0.031183248,,12.985760816407712,-1.346525148,-1.640261099,-1.717409983,1.5,1.1666666666666667,-0.023809524,13.0,-1.35,13.0,-1.35,13.0,-1.35,12.98251538,-1.338902266,1.3,-0.2762097762181209,-0.1151869158878504,238815758.93249896,0.1897710373786717,-0.06427720266663287
1672,846,sanmatenga(kaya),mane mossi,burkina_faso,11/8/2009,2,0,3.939990699746295,,12.985760816407712,-1.346525148,-1.640261099,-1.717409983,1.5,1.1666666666666667,-0.023809524,13.0,-1.35,13.0,-1.35,13.0,-1.35,12.98251538,-1.338902266,1.3,-0.2762097762181209,-0.1151869158878504,238815758.93249896,0.1897710373786717,-0.06427720266663287
1673,849,sanmatenga(kaya),mane mossi,burkina_faso,11/7/2009,11,0,-0.781148049,,12.985760816407712,-1.346525148,-1.640261099,-1.717409983,1.5,1.1666666666666667,-0.023809524,13.0,-1.35,13.0,-1.35,13.0,-1.35,12.98251538,-1.338902266,1.3,-0.2762097762181209,-0.1151869158878504,238815758.93249896,0.1897710373786717,-0.06427720266663287
1674,857,sanmatenga(kaya),mane mossi,burkina_faso,11/8/2009,14,0,2.015157658601649,,12.985760816407712,-1.346525148,-1.640261099,-1.717409983,1.5,1.1666666666666667,-0.023809524,13.0,-1.35,13.0,-1.35,13.0,-1.35,12.98251538,-1.338902266,1.3,-0.2762097762181209,-0.1151869158878504,238815758.93249896,0.1897710373786717,-0.06427720266663287
1675,868,sanmatenga(kaya),nahi peulh,burkina_faso,11/2/2009,7,0,-0.967700204,1.0,13.737367582050924,-0.874703977,-1.674485445,-1.764300108,2.0,0.1666666666666666,-0.166666667,13.75,-0.85,13.75,-0.85,13.75,-0.85,13.50282815,-0.694916179,0.9,-0.23274109098646376,0.17515015015015012,202568203.07911977,0.16739340921950607,0.969447215225347
1676,872,sanmatenga(kaya),nahi peulh,burkina_faso,11/2/2009,5,0,-0.928271416,,13.737367582050924,-0.874703977,-1.674485445,-1.764300108,2.0,0.1666666666666666,-0.166666667,13.75,-0.85,13.75,-0.85,13.75,-0.85,13.50282815,-0.694916179,0.9,-0.23274109098646376,0.17515015015015012,202568203.07911977,0.16739340921950607,0.969447215225347
1677,873,sanmatenga(kaya),nahi peulh,burkina_faso,11/2/2009,6,0,-0.045204336,,13.737367582050924,-0.874703977,-1.674485445,-1.764300108,2.0,0.1666666666666666,-0.166666667,13.75,-0.85,13.75,-0.85,13.75,-0.85,13.50282815,-0.694916179,0.9,-0.23274109098646376,0.17515015015015012,202568203.07911977,0.16739340921950607,0.969447215225347
1678,874,sanmatenga(kaya),nahi peulh,burkina_faso,11/2/2009,12,0,-0.944042931,1.0,13.737367582050924,-0.874703977,-1.674485445,-1.764300108,2.0,0.1666666666666666,-0.166666667,13.75,-0.85,13.75,-0.85,13.75,-0.85,13.50282815,-0.694916179,0.9,-0.23274109098646376,0.17515015015015012,202568203.07911977,0.16739340921950607,0.969447215225347
1679,876,sanmatenga(kaya),nahi peulh,burkina_faso,11/2/2009,5,0,-0.946193592,1.0,13.737367582050924,-0.874703977,-1.674485445,-1.764300108,2.0,0.1666666666666666,-0.166666667,13.75,-0.85,13.75,-0.85,13.75,-0.85,13.50282815,-0.694916179,0.9,-0.23274109098646376,0.17515015015015012,202568203.07911977,0.16739340921950607,0.969447215225347
1680,881,sanmatenga(kaya),nahi peulh,burkina_faso,11/3/2009,9,0,-0.769648008,1.0,13.737367582050924,-0.874703977,-1.674485445,-1.764300108,2.0,0.1666666666666666,-0.166666667,13.75,-0.85,13.75,-0.85,13.75,-0.85,13.50282815,-0.694916179,0.9,-0.23274109098646376,0.17515015015015012,202568203.07911977,0.16739340921950607,0.969447215225347
1681,883,sanmatenga(kaya),nahi peulh,burkina_faso,11/2/2009,14,0,-0.797606602,,13.737367582050924,-0.874703977,-1.674485445,-1.764300108,2.0,0.1666666666666666,-0.166666667,13.75,-0.85,13.75,-0.85,13.75,-0.85,13.50282815,-0.694916179,0.9,-0.23274109098646376,0.17515015015015012,202568203.07911977,0.16739340921950607,0.969447215225347
1682,887,sanmatenga(kaya),nahi peulh,burkina_faso,11/2/2009,6,0,-0.221749921,,13.737367582050924,-0.874703977,-1.674485445,-1.764300108,2.0,0.1666666666666666,-0.166666667,13.75,-0.85,13.75,-0.85,13.75,-0.85,13.50282815,-0.694916179,0.9,-0.23274109098646376,0.17515015015015012,202568203.07911977,0.16739340921950607,0.969447215225347
1683,888,sanmatenga(kaya),nahi peulh,burkina_faso,11/3/2009,4,0,-0.200243309,,13.737367582050924,-0.874703977,-1.674485445,-1.764300108,2.0,0.1666666666666666,-0.166666667,13.75,-0.85,13.75,-0.85,13.75,-0.85,13.50282815,-0.694916179,0.9,-0.23274109098646376,0.17515015015015012,202568203.07911977,0.16739340921950607,0.969447215225347
1684,892,sanmatenga(kaya),napamboumbou,burkina_faso,11/6/2009,8,0,-0.823414536,,12.87931,-1.26763,-1.657296906,-1.76893569,1.5,1.5,0.055555556,12.9,-1.25,12.9,-1.25,12.9,-1.25,12.96401712,-1.294663715,1.5,-0.3017299095789591,-0.1369047619047619,207025478.2582984,0.1949800936842187,-0.28373594289484555
1685,893,sanmatenga(kaya),napamboumbou,burkina_faso,11/6/2009,16,0,-0.949778028,,12.87931,-1.26763,-1.657296906,-1.76893569,1.5,1.5,0.055555556,12.9,-1.25,12.9,-1.25,12.9,-1.25,12.96401712,-1.294663715,1.5,-0.3017299095789591,-0.1369047619047619,207025478.2582984,0.1949800936842187,-0.28373594289484555
1686,894,sanmatenga(kaya),napamboumbou,burkina_faso,11/6/2009,3,0,-0.758894702,,12.87931,-1.26763,-1.657296906,-1.76893569,1.5,1.5,0.055555556,12.9,-1.25,12.9,-1.25,12.9,-1.25,12.96401712,-1.294663715,1.5,-0.3017299095789591,-0.1369047619047619,207025478.2582984,0.1949800936842187,-0.28373594289484555
1687,895,sanmatenga(kaya),napamboumbou,burkina_faso,11/6/2009,8,0,-0.423946929,,12.87931,-1.26763,-1.657296906,-1.76893569,1.5,1.5,0.055555556,12.9,-1.25,12.9,-1.25,12.9,-1.25,12.96401712,-1.294663715,1.5,-0.3017299095789591,-0.1369047619047619,207025478.2582984,0.1949800936842187,-0.28373594289484555
1688,896,sanmatenga(kaya),napamboumbou,burkina_faso,11/6/2009,4,0,-0.921102546,1.0,12.87931,-1.26763,-1.657296906,-1.76893569,1.5,1.5,0.055555556,12.9,-1.25,12.9,-1.25,12.9,-1.25,12.96401712,-1.294663715,1.5,-0.3017299095789591,-0.1369047619047619,207025478.2582984,0.1949800936842187,-0.28373594289484555
1689,897,sanmatenga(kaya),napamboumbou,burkina_faso,11/6/2009,6,0,-0.935440287,,12.87931,-1.26763,-1.657296906,-1.76893569,1.5,1.5,0.055555556,12.9,-1.25,12.9,-1.25,12.9,-1.25,12.96401712,-1.294663715,1.5,-0.3017299095789591,-0.1369047619047619,207025478.2582984,0.1949800936842187,-0.28373594289484555
1690,898,sanmatenga(kaya),napamboumbou,burkina_faso,11/6/2009,3,0,-0.758894702,,12.87931,-1.26763,-1.657296906,-1.76893569,1.5,1.5,0.055555556,12.9,-1.25,12.9,-1.25,12.9,-1.25,12.96401712,-1.294663715,1.5,-0.3017299095789591,-0.1369047619047619,207025478.2582984,0.1949800936842187,-0.28373594289484555
1691,899,sanmatenga(kaya),napamboumbou,burkina_faso,11/6/2009,4,0,-0.921102546,,12.87931,-1.26763,-1.657296906,-1.76893569,1.5,1.5,0.055555556,12.9,-1.25,12.9,-1.25,12.9,-1.25,12.96401712,-1.294663715,1.5,-0.3017299095789591,-0.1369047619047619,207025478.2582984,0.1949800936842187,-0.28373594289484555
1692,900,sanmatenga(kaya),napamboumbou,burkina_faso,11/6/2009,6,0,-0.780401313,1.0,12.87931,-1.26763,-1.657296906,-1.76893569,1.5,1.5,0.055555556,12.9,-1.25,12.9,-1.25,12.9,-1.25,12.96401712,-1.294663715,1.5,-0.3017299095789591,-0.1369047619047619,207025478.2582984,0.1949800936842187,-0.28373594289484555
1693,906,sanmatenga(kaya),napamboumbou,burkina_faso,11/6/2009,3,0,-0.956946898,,12.87931,-1.26763,-1.657296906,-1.76893569,1.5,1.5,0.055555556,12.9,-1.25,12.9,-1.25,12.9,-1.25,12.96401712,-1.294663715,1.5,-0.3017299095789591,-0.1369047619047619,207025478.2582984,0.1949800936842187,-0.28373594289484555
1694,909,sanmatenga(kaya),napamboumbou,burkina_faso,11/6/2009,2,0,-0.935440287,,12.87931,-1.26763,-1.657296906,-1.76893569,1.5,1.5,0.055555556,12.9,-1.25,12.9,-1.25,12.9,-1.25,12.96401712,-1.294663715,1.5,-0.3017299095789591,-0.1369047619047619,207025478.2582984,0.1949800936842187,-0.28373594289484555
1695,919,sanmatenga(kaya),niangado,burkina_faso,11/7/2009,8,0,-0.978453509,,13.245902265019014,-1.207798996,-1.612162739,-1.685328096,1.5,0.6666666666666666,-0.666666667,13.25,-1.2,13.25,-1.2,13.25,-1.2,13.20909134,-1.190020734,1.2,-0.22903716564178467,0.08055555555555557,149380338.99138442,0.1752315689579774,-0.09078137741077223
1696,920,sanmatenga(kaya),niangado,burkina_faso,11/7/2009,9,0,-0.769648008,,13.245902265019014,-1.207798996,-1.612162739,-1.685328096,1.5,0.6666666666666666,-0.666666667,13.25,-1.2,13.25,-1.2,13.25,-1.2,13.20909134,-1.190020734,1.2,-0.22903716564178467,0.08055555555555557,149380338.99138442,0.1752315689579774,-0.09078137741077223
1697,921,sanmatenga(kaya),niangado,burkina_faso,11/7/2009,5,0,-0.210996615,,13.245902265019014,-1.207798996,-1.612162739,-1.685328096,1.5,0.6666666666666666,-0.666666667,13.25,-1.2,13.25,-1.2,13.25,-1.2,13.20909134,-1.190020734,1.2,-0.22903716564178467,0.08055555555555557,149380338.99138442,0.1752315689579774,-0.09078137741077223
1698,928,sanmatenga(kaya),niangado,burkina_faso,11/7/2009,5,0,-0.946193592,,13.245902265019014,-1.207798996,-1.612162739,-1.685328096,1.5,0.6666666666666666,-0.666666667,13.25,-1.2,13.25,-1.2,13.25,-1.2,13.20909134,-1.190020734,1.2,-0.22903716564178467,0.08055555555555557,149380338.99138442,0.1752315689579774,-0.09078137741077223
1699,929,sanmatenga(kaya),niangado,burkina_faso,11/7/2009,8,0,-0.794739054,,13.245902265019014,-1.207798996,-1.612162739,-1.685328096,1.5,0.6666666666666666,-0.666666667,13.25,-1.2,13.25,-1.2,13.25,-1.2,13.20909134,-1.190020734,1.2,-0.22903716564178467,0.08055555555555557,149380338.99138442,0.1752315689579774,-0.09078137741077223
1700,930,sanmatenga(kaya),niangado,burkina_faso,11/7/2009,12,0,-0.956946898,,13.245902265019014,-1.207798996,-1.612162739,-1.685328096,1.5,0.6666666666666666,-0.666666667,13.25,-1.2,13.25,-1.2,13.25,-1.2,13.20909134,-1.190020734,1.2,-0.22903716564178467,0.08055555555555557,149380338.99138442,0.1752315689579774,-0.09078137741077223
1701,931,sanmatenga(kaya),niangado,burkina_faso,11/7/2009,12,0,-0.421796268,,13.245902265019014,-1.207798996,-1.612162739,-1.685328096,1.5,0.6666666666666666,-0.666666667,13.25,-1.2,13.25,-1.2,13.25,-1.2,13.20909134,-1.190020734,1.2,-0.22903716564178467,0.08055555555555557,149380338.99138442,0.1752315689579774,-0.09078137741077223
1702,932,sanmatenga(kaya),niangado,burkina_faso,11/7/2009,6,0,-0.956946898,,13.245902265019014,-1.207798996,-1.612162739,-1.685328096,1.5,0.6666666666666666,-0.666666667,13.25,-1.2,13.25,-1.2,13.25,-1.2,13.20909134,-1.190020734,1.2,-0.22903716564178467,0.08055555555555557,149380338.99138442,0.1752315689579774,-0.09078137741077223
1703,933,sanmatenga(kaya),niangado,burkina_faso,11/7/2009,6,0,-0.956946898,,13.245902265019014,-1.207798996,-1.612162739,-1.685328096,1.5,0.6666666666666666,-0.666666667,13.25,-1.2,13.25,-1.2,13.25,-1.2,13.20909134,-1.190020734,1.2,-0.22903716564178467,0.08055555555555557,149380338.99138442,0.1752315689579774,-0.09078137741077223
1704,947,sanmatenga(kaya),nongo,burkina_faso,11/6/2009,6,0,-0.935440287,,13.558039618750165,-0.259182817,-1.592652202,-1.806334615,3.0,0.1666666666666666,-0.166666667,13.55,-0.25,13.55,-0.25,13.55,-0.25,13.50282815,-0.148847385,0.9,-0.3132057189941406,-0.06509009009009009,224343599.79899198,0.1617714266830424,0.6506137638593346
1705,949,sanmatenga(kaya),nongo,burkina_faso,11/6/2009,7,0,-0.582211894,,13.558039618750165,-0.259182817,-1.592652202,-1.806334615,3.0,0.1666666666666666,-0.166666667,13.55,-0.25,13.55,-0.25,13.55,-0.25,13.50282815,-0.148847385,0.9,-0.3132057189941406,-0.06509009009009009,224343599.79899198,0.1617714266830424,0.6506137638593346
1706,951,sanmatenga(kaya),nongo,burkina_faso,11/6/2009,12,0,-0.221749921,,13.558039618750165,-0.259182817,-1.592652202,-1.806334615,3.0,0.1666666666666666,-0.166666667,13.55,-0.25,13.55,-0.25,13.55,-0.25,13.50282815,-0.148847385,0.9,-0.3132057189941406,-0.06509009009009009,224343599.79899198,0.1617714266830424,0.6506137638593346
1707,956,sanmatenga(kaya),nongo,burkina_faso,11/7/2009,11,0,-0.204544632,,13.558039618750165,-0.259182817,-1.592652202,-1.806334615,3.0,0.1666666666666666,-0.166666667,13.55,-0.25,13.55,-0.25,13.55,-0.25,13.50282815,-0.148847385,0.9,-0.3132057189941406,-0.06509009009009009,224343599.79899198,0.1617714266830424,0.6506137638593346
1708,957,sanmatenga(kaya),nongo,burkina_faso,11/6/2009,9,0,-0.924686981,,13.558039618750165,-0.259182817,-1.592652202,-1.806334615,3.0,0.1666666666666666,-0.166666667,13.55,-0.25,13.55,-0.25,13.55,-0.25,13.50282815,-0.148847385,0.9,-0.3132057189941406,-0.06509009009009009,224343599.79899198,0.1617714266830424,0.6506137638593346
1709,960,sanmatenga(kaya),nongo,burkina_faso,11/6/2009,10,0,-0.598341852,,13.558039618750165,-0.259182817,-1.592652202,-1.806334615,3.0,0.1666666666666666,-0.166666667,13.55,-0.25,13.55,-0.25,13.55,-0.25,13.50282815,-0.148847385,0.9,-0.3132057189941406,-0.06509009009009009,224343599.79899198,0.1617714266830424,0.6506137638593346
1710,964,sanmatenga(kaya),nongo,burkina_faso,11/7/2009,4,0,-0.935440287,,13.558039618750165,-0.259182817,-1.592652202,-1.806334615,3.0,0.1666666666666666,-0.166666667,13.55,-0.25,13.55,-0.25,13.55,-0.25,13.50282815,-0.148847385,0.9,-0.3132057189941406,-0.06509009009009009,224343599.79899198,0.1617714266830424,0.6506137638593346
1711,965,sanmatenga(kaya),nongo,burkina_faso,11/6/2009,3,0,-0.189490004,,13.558039618750165,-0.259182817,-1.592652202,-1.806334615,3.0,0.1666666666666666,-0.166666667,13.55,-0.25,13.55,-0.25,13.55,-0.25,13.50282815,-0.148847385,0.9,-0.3132057189941406,-0.06509009009009009,224343599.79899198,0.1617714266830424,0.6506137638593346
1712,966,sanmatenga(kaya),nongo,burkina_faso,11/7/2009,9,0,-0.94081694,1.0,13.558039618750165,-0.259182817,-1.592652202,-1.806334615,3.0,0.1666666666666666,-0.166666667,13.55,-0.25,13.55,-0.25,13.55,-0.25,13.50282815,-0.148847385,0.9,-0.3132057189941406,-0.06509009009009009,224343599.79899198,0.1617714266830424,0.6506137638593346
1713,973,sanmatenga(kaya),pibaore,burkina_faso,11/3/2009,17,0,0.6291340249464427,,12.893723404326067,-0.798730118,-1.642420232,-1.676155925,1.25,1.0,-0.333333333,12.9,-0.8,12.9,-0.8,12.9,-0.8,12.96401712,-0.694916179,1.2,-0.25223132967948914,-0.1046296296296296,253613625.92333975,0.19551207350548325,0.038859840106594414
1714,975,sanmatenga(kaya),pibaore,burkina_faso,11/3/2009,1,0,-0.913933675,,12.893723404326067,-0.798730118,-1.642420232,-1.676155925,1.25,1.0,-0.333333333,12.9,-0.8,12.9,-0.8,12.9,-0.8,12.96401712,-0.694916179,1.2,-0.25223132967948914,-0.1046296296296296,253613625.92333975,0.19551207350548325,0.038859840106594414
1715,976,sanmatenga(kaya),pibaore,burkina_faso,11/3/2009,6,0,-0.935440287,,12.893723404326067,-0.798730118,-1.642420232,-1.676155925,1.25,1.0,-0.333333333,12.9,-0.8,12.9,-0.8,12.9,-0.8,12.96401712,-0.694916179,1.2,-0.25223132967948914,-0.1046296296296296,253613625.92333975,0.19551207350548325,0.038859840106594414
1716,977,sanmatenga(kaya),pibaore,burkina_faso,11/3/2009,5,0,-0.844921148,,12.893723404326067,-0.798730118,-1.642420232,-1.676155925,1.25,1.0,-0.333333333,12.9,-0.8,12.9,-0.8,12.9,-0.8,12.96401712,-0.694916179,1.2,-0.25223132967948914,-0.1046296296296296,253613625.92333975,0.19551207350548325,0.038859840106594414
1717,978,sanmatenga(kaya),pibaore,burkina_faso,11/3/2009,2,0,-0.913933675,,12.893723404326067,-0.798730118,-1.642420232,-1.676155925,1.25,1.0,-0.333333333,12.9,-0.8,12.9,-0.8,12.9,-0.8,12.96401712,-0.694916179,1.2,-0.25223132967948914,-0.1046296296296296,253613625.92333975,0.19551207350548325,0.038859840106594414
1718,979,sanmatenga(kaya),pibaore,burkina_faso,11/2/2009,3,0,-0.956946898,,12.893723404326067,-0.798730118,-1.642420232,-1.676155925,1.25,1.0,-0.333333333,12.9,-0.8,12.9,-0.8,12.9,-0.8,12.96401712,-0.694916179,1.2,-0.25223132967948914,-0.1046296296296296,253613625.92333975,0.19551207350548325,0.038859840106594414
1719,980,sanmatenga(kaya),pibaore,burkina_faso,11/3/2009,5,0,-0.946193592,,12.893723404326067,-0.798730118,-1.642420232,-1.676155925,1.25,1.0,-0.333333333,12.9,-0.8,12.9,-0.8,12.9,-0.8,12.96401712,-0.694916179,1.2,-0.25223132967948914,-0.1046296296296296,253613625.92333975,0.19551207350548325,0.038859840106594414
1720,981,sanmatenga(kaya),pibaore,burkina_faso,11/3/2009,7,0,-0.411042962,1.0,12.893723404326067,-0.798730118,-1.642420232,-1.676155925,1.25,1.0,-0.333333333,12.9,-0.8,12.9,-0.8,12.9,-0.8,12.96401712,-0.694916179,1.2,-0.25223132967948914,-0.1046296296296296,253613625.92333975,0.19551207350548325,0.038859840106594414
1721,1001,sanmatenga(kaya),sabouri nakoara,burkina_faso,10/31/2009,13,0,-1.172013012,,13.096810194780764,-1.086335777,-1.677620932,-1.73793523,1.25,0.8333333333333334,-0.433333333,13.1,-1.1,13.1,-1.1,13.1,-1.1,13.09217767,-1.083499768,1.2,-0.2708827555179596,-0.012037037037037044,150590786.98507282,0.17665672660429435,-0.1003798693472498
1722,1002,sanmatenga(kaya),sabouri nakoara,burkina_faso,10/31/2009,5,0,4.889401383906079,,13.096810194780764,-1.086335777,-1.677620932,-1.73793523,1.25,0.8333333333333334,-0.433333333,13.1,-1.1,13.1,-1.1,13.1,-1.1,13.09217767,-1.083499768,1.2,-0.2708827555179596,-0.012037037037037044,150590786.98507282,0.17665672660429435,-0.1003798693472498
1723,1015,sanmatenga(kaya),sabouri nakoara,burkina_faso,10/31/2009,2,0,-0.935440287,,13.096810194780764,-1.086335777,-1.677620932,-1.73793523,1.25,0.8333333333333334,-0.433333333,13.1,-1.1,13.1,-1.1,13.1,-1.1,13.09217767,-1.083499768,1.2,-0.2708827555179596,-0.012037037037037044,150590786.98507282,0.17665672660429435,-0.1003798693472498
1724,1017,sanmatenga(kaya),sabouri nakoara,burkina_faso,10/31/2009,10,0,-0.964115769,,13.096810194780764,-1.086335777,-1.677620932,-1.73793523,1.25,0.8333333333333334,-0.433333333,13.1,-1.1,13.1,-1.1,13.1,-1.1,13.09217767,-1.083499768,1.2,-0.2708827555179596,-0.012037037037037044,150590786.98507282,0.17665672660429435,-0.1003798693472498
1725,1021,sanmatenga(kaya),sabouri nakoara,burkina_faso,10/31/2009,3,0,-0.956946898,,13.096810194780764,-1.086335777,-1.677620932,-1.73793523,1.25,0.8333333333333334,-0.433333333,13.1,-1.1,13.1,-1.1,13.1,-1.1,13.09217767,-1.083499768,1.2,-0.2708827555179596,-0.012037037037037044,150590786.98507282,0.17665672660429435,-0.1003798693472498
1726,1022,sanmatenga(kaya),sabouri nakoara,burkina_faso,10/31/2009,6,0,-0.935440287,,13.096810194780764,-1.086335777,-1.677620932,-1.73793523,1.25,0.8333333333333334,-0.433333333,13.1,-1.1,13.1,-1.1,13.1,-1.1,13.09217767,-1.083499768,1.2,-0.2708827555179596,-0.012037037037037044,150590786.98507282,0.17665672660429435,-0.1003798693472498
1727,1023,sanmatenga(kaya),sabouri nakoara,burkina_faso,10/31/2009,8,0,-0.949778028,,13.096810194780764,-1.086335777,-1.677620932,-1.73793523,1.25,0.8333333333333334,-0.433333333,13.1,-1.1,13.1,-1.1,13.1,-1.1,13.09217767,-1.083499768,1.2,-0.2708827555179596,-0.012037037037037044,150590786.98507282,0.17665672660429435,-0.1003798693472498
1728,1032,sanmatenga(kaya),sambtenga,burkina_faso,10/29/2009,15,0,-0.454056185,,12.44093395543046,-0.577565912,-1.700703263,-1.715240598,1.3333333333333333,0.8333333333333334,0.3666666666666665,12.45,-0.6,12.45,-0.6,12.45,-0.6,12.36425974,-0.694916179,1.5,-0.35470622380574546,-0.13690476190476192,216080373.24972814,0.18366965120332307,-0.47457747853231885
1729,1034,sanmatenga(kaya),sambtenga,burkina_faso,10/29/2009,15,0,-0.59066092,,12.44093395543046,-0.577565912,-1.700703263,-1.715240598,1.3333333333333333,0.8333333333333334,0.3666666666666665,12.45,-0.6,12.45,-0.6,12.45,-0.6,12.36425974,-0.694916179,1.5,-0.35470622380574546,-0.13690476190476192,216080373.24972814,0.18366965120332307,-0.47457747853231885
1730,1038,sanmatenga(kaya),sambtenga,burkina_faso,10/29/2009,3,0,-0.956946898,,12.44093395543046,-0.577565912,-1.700703263,-1.715240598,1.3333333333333333,0.8333333333333334,0.3666666666666665,12.45,-0.6,12.45,-0.6,12.45,-0.6,12.36425974,-0.694916179,1.5,-0.35470622380574546,-0.13690476190476192,216080373.24972814,0.18366965120332307,-0.47457747853231885
1731,1040,sanmatenga(kaya),sambtenga,burkina_faso,10/29/2009,12,0,-0.935440287,,12.44093395543046,-0.577565912,-1.700703263,-1.715240598,1.3333333333333333,0.8333333333333334,0.3666666666666665,12.45,-0.6,12.45,-0.6,12.45,-0.6,12.36425974,-0.694916179,1.5,-0.35470622380574546,-0.13690476190476192,216080373.24972814,0.18366965120332307,-0.47457747853231885
1732,1042,sanmatenga(kaya),sambtenga,burkina_faso,10/30/2009,3,0,-0.924686981,,12.44093395543046,-0.577565912,-1.700703263,-1.715240598,1.3333333333333333,0.8333333333333334,0.3666666666666665,12.45,-0.6,12.45,-0.6,12.45,-0.6,12.36425974,-0.694916179,1.5,-0.35470622380574546,-0.13690476190476192,216080373.24972814,0.18366965120332307,-0.47457747853231885
1733,1043,sanmatenga(kaya),sambtenga,burkina_faso,10/29/2009,6,0,-0.956946898,,12.44093395543046,-0.577565912,-1.700703263,-1.715240598,1.3333333333333333,0.8333333333333334,0.3666666666666665,12.45,-0.6,12.45,-0.6,12.45,-0.6,12.36425974,-0.694916179,1.5,-0.35470622380574546,-0.13690476190476192,216080373.24972814,0.18366965120332307,-0.47457747853231885
1734,1045,sanmatenga(kaya),sambtenga,burkina_faso,10/29/2009,16,0,-0.601926288,,12.44093395543046,-0.577565912,-1.700703263,-1.715240598,1.3333333333333333,0.8333333333333334,0.3666666666666665,12.45,-0.6,12.45,-0.6,12.45,-0.6,12.36425974,-0.694916179,1.5,-0.35470622380574546,-0.13690476190476192,216080373.24972814,0.18366965120332307,-0.47457747853231885
1735,1046,sanmatenga(kaya),sambtenga,burkina_faso,10/29/2009,1,0,0.3518837868369319,,12.44093395543046,-0.577565912,-1.700703263,-1.715240598,1.3333333333333333,0.8333333333333334,0.3666666666666665,12.45,-0.6,12.45,-0.6,12.45,-0.6,12.36425974,-0.694916179,1.5,-0.35470622380574546,-0.13690476190476192,216080373.24972814,0.18366965120332307,-0.47457747853231885
1736,1050,sanmatenga(kaya),sambtenga,burkina_faso,10/29/2009,6,0,-1.021466732,,12.44093395543046,-0.577565912,-1.700703263,-1.715240598,1.3333333333333333,0.8333333333333334,0.3666666666666665,12.45,-0.6,12.45,-0.6,12.45,-0.6,12.36425974,-0.694916179,1.5,-0.35470622380574546,-0.13690476190476192,216080373.24972814,0.18366965120332307,-0.47457747853231885
1737,1054,sanmatenga(kaya),sera,burkina_faso,11/5/2009,10,0,-0.964115769,,12.95721,-1.07006,-1.725130841,-1.797392949,1.25,1.0,-0.333333333,12.95,-1.05,12.95,-1.05,12.95,-1.05,12.96401712,-1.073963321,1.1,-0.3642836809158325,-0.09426605504587154,274520707.94392323,0.18749894190939925,-0.0674640283027924
1738,1055,sanmatenga(kaya),sera,burkina_faso,11/5/2009,13,0,-0.948344254,,12.95721,-1.07006,-1.725130841,-1.797392949,1.25,1.0,-0.333333333,12.95,-1.05,12.95,-1.05,12.95,-1.05,12.96401712,-1.073963321,1.1,-0.3642836809158325,-0.09426605504587154,274520707.94392323,0.18749894190939925,-0.0674640283027924
1739,1056,sanmatenga(kaya),sera,burkina_faso,11/4/2009,15,0,-0.999960121,,12.95721,-1.07006,-1.725130841,-1.797392949,1.25,1.0,-0.333333333,12.95,-1.05,12.95,-1.05,12.95,-1.05,12.96401712,-1.073963321,1.1,-0.3642836809158325,-0.09426605504587154,274520707.94392323,0.18749894190939925,-0.0674640283027924
1740,1057,sanmatenga(kaya),sera,burkina_faso,11/5/2009,6,0,-1.021466732,,12.95721,-1.07006,-1.725130841,-1.797392949,1.25,1.0,-0.333333333,12.95,-1.05,12.95,-1.05,12.95,-1.05,12.96401712,-1.073963321,1.1,-0.3642836809158325,-0.09426605504587154,274520707.94392323,0.18749894190939925,-0.0674640283027924
1741,1058,sanmatenga(kaya),sera,burkina_faso,11/5/2009,6,0,-0.924686981,,12.95721,-1.07006,-1.725130841,-1.797392949,1.25,1.0,-0.333333333,12.95,-1.05,12.95,-1.05,12.95,-1.05,12.96401712,-1.073963321,1.1,-0.3642836809158325,-0.09426605504587154,274520707.94392323,0.18749894190939925,-0.0674640283027924
1742,1059,sanmatenga(kaya),sera,burkina_faso,11/4/2009,19,0,-1.30105268,,12.95721,-1.07006,-1.725130841,-1.797392949,1.25,1.0,-0.333333333,12.95,-1.05,12.95,-1.05,12.95,-1.05,12.96401712,-1.073963321,1.1,-0.3642836809158325,-0.09426605504587154,274520707.94392323,0.18749894190939925,-0.0674640283027924
1743,1061,sanmatenga(kaya),sera,burkina_faso,11/4/2009,6,0,-0.956946898,,12.95721,-1.07006,-1.725130841,-1.797392949,1.25,1.0,-0.333333333,12.95,-1.05,12.95,-1.05,12.95,-1.05,12.96401712,-1.073963321,1.1,-0.3642836809158325,-0.09426605504587154,274520707.94392323,0.18749894190939925,-0.0674640283027924
1744,1062,sanmatenga(kaya),sera,burkina_faso,11/5/2009,3,0,-0.924686981,,12.95721,-1.07006,-1.725130841,-1.797392949,1.25,1.0,-0.333333333,12.95,-1.05,12.95,-1.05,12.95,-1.05,12.96401712,-1.073963321,1.1,-0.3642836809158325,-0.09426605504587154,274520707.94392323,0.18749894190939925,-0.0674640283027924
1745,1064,sanmatenga(kaya),sera,burkina_faso,11/4/2009,10,0,1.3367699645813005,,12.95721,-1.07006,-1.725130841,-1.797392949,1.25,1.0,-0.333333333,12.95,-1.05,12.95,-1.05,12.95,-1.05,12.96401712,-1.073963321,1.1,-0.3642836809158325,-0.09426605504587154,274520707.94392323,0.18749894190939925,-0.0674640283027924
1746,1080,sanmatenga(kaya),sera,burkina_faso,11/5/2009,4,0,-0.978453509,1.0,12.95721,-1.07006,-1.725130841,-1.797392949,1.25,1.0,-0.333333333,12.95,-1.05,12.95,-1.05,12.95,-1.05,12.96401712,-1.073963321,1.1,-0.3642836809158325,-0.09426605504587154,274520707.94392323,0.18749894190939925,-0.0674640283027924
1747,1081,sanmatenga(kaya),soma peulh,burkina_faso,11/2/2009,17,0,-0.933050663,,12.908479876971406,-1.077418868,-1.683242962,-1.750156894,1.25,1.1666666666666667,-0.30952381,12.9,-1.1,12.9,-1.1,12.9,-1.1,12.96401712,-1.073963321,1.2,-0.30828999479611713,-0.10462962962962959,251679614.15927184,0.1860961249466299,-0.20895111873311198
1748,1082,sanmatenga(kaya),soma peulh,burkina_faso,11/1/2009,3,0,-0.956946898,1.0,12.908479876971406,-1.077418868,-1.683242962,-1.750156894,1.25,1.1666666666666667,-0.30952381,12.9,-1.1,12.9,-1.1,12.9,-1.1,12.96401712,-1.073963321,1.2,-0.30828999479611713,-0.10462962962962959,251679614.15927184,0.1860961249466299,-0.20895111873311198
1749,1083,sanmatenga(kaya),soma peulh,burkina_faso,11/1/2009,2,0,-0.935440287,,12.908479876971406,-1.077418868,-1.683242962,-1.750156894,1.25,1.1666666666666667,-0.30952381,12.9,-1.1,12.9,-1.1,12.9,-1.1,12.96401712,-1.073963321,1.2,-0.30828999479611713,-0.10462962962962959,251679614.15927184,0.1860961249466299,-0.20895111873311198
1750,1084,sanmatenga(kaya),soma peulh,burkina_faso,11/1/2009,5,0,-0.919310328,,12.908479876971406,-1.077418868,-1.683242962,-1.750156894,1.25,1.1666666666666667,-0.30952381,12.9,-1.1,12.9,-1.1,12.9,-1.1,12.96401712,-1.073963321,1.2,-0.30828999479611713,-0.10462962962962959,251679614.15927184,0.1860961249466299,-0.20895111873311198
1751,1085,sanmatenga(kaya),soma peulh,burkina_faso,11/2/2009,7,0,-1.042973344,,12.908479876971406,-1.077418868,-1.683242962,-1.750156894,1.25,1.1666666666666667,-0.30952381,12.9,-1.1,12.9,-1.1,12.9,-1.1,12.96401712,-1.073963321,1.2,-0.30828999479611713,-0.10462962962962959,251679614.15927184,0.1860961249466299,-0.20895111873311198
1752,1086,sanmatenga(kaya),soma peulh,burkina_faso,11/2/2009,5,0,-0.928271416,,12.908479876971406,-1.077418868,-1.683242962,-1.750156894,1.25,1.1666666666666667,-0.30952381,12.9,-1.1,12.9,-1.1,12.9,-1.1,12.96401712,-1.073963321,1.2,-0.30828999479611713,-0.10462962962962959,251679614.15927184,0.1860961249466299,-0.20895111873311198
1753,1087,sanmatenga(kaya),soma peulh,burkina_faso,11/2/2009,4,0,-0.978453509,,12.908479876971406,-1.077418868,-1.683242962,-1.750156894,1.25,1.1666666666666667,-0.30952381,12.9,-1.1,12.9,-1.1,12.9,-1.1,12.96401712,-1.073963321,1.2,-0.30828999479611713,-0.10462962962962959,251679614.15927184,0.1860961249466299,-0.20895111873311198
1754,1088,sanmatenga(kaya),soma peulh,burkina_faso,11/2/2009,10,0,-0.580419676,,12.908479876971406,-1.077418868,-1.683242962,-1.750156894,1.25,1.1666666666666667,-0.30952381,12.9,-1.1,12.9,-1.1,12.9,-1.1,12.96401712,-1.073963321,1.2,-0.30828999479611713,-0.10462962962962959,251679614.15927184,0.1860961249466299,-0.20895111873311198
1755,1089,sanmatenga(kaya),soma peulh,burkina_faso,11/1/2009,14,0,-0.967700204,,12.908479876971406,-1.077418868,-1.683242962,-1.750156894,1.25,1.1666666666666667,-0.30952381,12.9,-1.1,12.9,-1.1,12.9,-1.1,12.96401712,-1.073963321,1.2,-0.30828999479611713,-0.10462962962962959,251679614.15927184,0.1860961249466299,-0.20895111873311198
1756,1113,sanmatenga(kaya),tanseyga,burkina_faso,10/31/2009,10,0,-0.416419615,1.0,13.096810194780764,-1.086335777,-1.677620932,-1.73793523,1.25,0.8333333333333334,-0.433333333,13.1,-1.1,13.1,-1.1,13.1,-1.1,13.09217767,-1.083499768,1.2,-0.2708827555179596,-0.012037037037037044,150590786.98507282,0.17665672660429435,-0.1003798693472498
1757,1114,sanmatenga(kaya),tanseyga,burkina_faso,10/31/2009,7,0,-0.942609157,1.0,13.096810194780764,-1.086335777,-1.677620932,-1.73793523,1.25,0.8333333333333334,-0.433333333,13.1,-1.1,13.1,-1.1,13.1,-1.1,13.09217767,-1.083499768,1.2,-0.2708827555179596,-0.012037037037037044,150590786.98507282,0.17665672660429435,-0.1003798693472498
1758,1118,sanmatenga(kaya),tanseyga,burkina_faso,10/31/2009,6,0,-0.956946898,,13.096810194780764,-1.086335777,-1.677620932,-1.73793523,1.25,0.8333333333333334,-0.433333333,13.1,-1.1,13.1,-1.1,13.1,-1.1,13.09217767,-1.083499768,1.2,-0.2708827555179596,-0.012037037037037044,150590786.98507282,0.17665672660429435,-0.1003798693472498
1759,1124,sanmatenga(kaya),tanseyga,burkina_faso,10/30/2009,8,0,-0.949778028,,13.096810194780764,-1.086335777,-1.677620932,-1.73793523,1.25,0.8333333333333334,-0.433333333,13.1,-1.1,13.1,-1.1,13.1,-1.1,13.09217767,-1.083499768,1.2,-0.2708827555179596,-0.012037037037037044,150590786.98507282,0.17665672660429435,-0.1003798693472498
1760,1127,sanmatenga(kaya),tanseyga,burkina_faso,10/31/2009,7,0,-0.942609157,,13.096810194780764,-1.086335777,-1.677620932,-1.73793523,1.25,0.8333333333333334,-0.433333333,13.1,-1.1,13.1,-1.1,13.1,-1.1,13.09217767,-1.083499768,1.2,-0.2708827555179596,-0.012037037037037044,150590786.98507282,0.17665672660429435,-0.1003798693472498
1761,1130,sanmatenga(kaya),tanseyga,burkina_faso,10/31/2009,13,0,-0.932367914,,13.096810194780764,-1.086335777,-1.677620932,-1.73793523,1.25,0.8333333333333334,-0.433333333,13.1,-1.1,13.1,-1.1,13.1,-1.1,13.09217767,-1.083499768,1.2,-0.2708827555179596,-0.012037037037037044,150590786.98507282,0.17665672660429435,-0.1003798693472498
1762,1131,sanmatenga(kaya),tanseyga,burkina_faso,10/31/2009,1,0,-0.758894702,,13.096810194780764,-1.086335777,-1.677620932,-1.73793523,1.25,0.8333333333333334,-0.433333333,13.1,-1.1,13.1,-1.1,13.1,-1.1,13.09217767,-1.083499768,1.2,-0.2708827555179596,-0.012037037037037044,150590786.98507282,0.17665672660429435,-0.1003798693472498
1763,1132,sanmatenga(kaya),tanseyga,burkina_faso,10/31/2009,11,0,-0.921998655,,13.096810194780764,-1.086335777,-1.677620932,-1.73793523,1.25,0.8333333333333334,-0.433333333,13.1,-1.1,13.1,-1.1,13.1,-1.1,13.09217767,-1.083499768,1.2,-0.2708827555179596,-0.012037037037037044,150590786.98507282,0.17665672660429435,-0.1003798693472498
1764,1133,sanmatenga(kaya),tanseyga,burkina_faso,10/31/2009,15,0,-0.928271416,,13.096810194780764,-1.086335777,-1.677620932,-1.73793523,1.25,0.8333333333333334,-0.433333333,13.1,-1.1,13.1,-1.1,13.1,-1.1,13.09217767,-1.083499768,1.2,-0.2708827555179596,-0.012037037037037044,150590786.98507282,0.17665672660429435,-0.1003798693472498
1765,1153,sanmatenga(kaya),yalgo,burkina_faso,11/3/2009,10,0,-0.616264029,1.0,13.588768431548557,-0.263956546,-1.633850694,-1.848860502,3.0,0.1666666666666666,-0.166666667,13.6,-0.25,13.6,-0.25,13.6,-0.25,13.50282815,-0.148847385,0.9,-0.2826274898317125,-0.06509009009009009,224343599.79899198,0.15889562922863415,0.6594134187912196
1766,1154,sanmatenga(kaya),yalgo,burkina_faso,11/3/2009,11,0,-0.939741609,1.0,13.588768431548557,-0.263956546,-1.633850694,-1.848860502,3.0,0.1666666666666666,-0.166666667,13.6,-0.25,13.6,-0.25,13.6,-0.25,13.50282815,-0.148847385,0.9,-0.2826274898317125,-0.06509009009009009,224343599.79899198,0.15889562922863415,0.6594134187912196
1767,1155,sanmatenga(kaya),yalgo,burkina_faso,11/3/2009,5,0,-0.210996615,,13.588768431548557,-0.263956546,-1.633850694,-1.848860502,3.0,0.1666666666666666,-0.166666667,13.6,-0.25,13.6,-0.25,13.6,-0.25,13.50282815,-0.148847385,0.9,-0.2826274898317125,-0.06509009009009009,224343599.79899198,0.15889562922863415,0.6594134187912196
1768,1156,sanmatenga(kaya),yalgo,burkina_faso,11/4/2009,16,0,-0.780401313,1.0,13.588768431548557,-0.263956546,-1.633850694,-1.848860502,3.0,0.1666666666666666,-0.166666667,13.6,-0.25,13.6,-0.25,13.6,-0.25,13.50282815,-0.148847385,0.9,-0.2826274898317125,-0.06509009009009009,224343599.79899198,0.15889562922863415,0.6594134187912196
1769,1157,sanmatenga(kaya),yalgo,burkina_faso,11/4/2009,11,0,0.2668030515871006,1.0,13.588768431548557,-0.263956546,-1.633850694,-1.848860502,3.0,0.1666666666666666,-0.166666667,13.6,-0.25,13.6,-0.25,13.6,-0.25,13.50282815,-0.148847385,0.9,-0.2826274898317125,-0.06509009009009009,224343599.79899198,0.15889562922863415,0.6594134187912196
1770,1158,sanmatenga(kaya),yalgo,burkina_faso,11/4/2009,6,0,-0.200243309,1.0,13.588768431548557,-0.263956546,-1.633850694,-1.848860502,3.0,0.1666666666666666,-0.166666667,13.6,-0.25,13.6,-0.25,13.6,-0.25,13.50282815,-0.148847385,0.9,-0.2826274898317125,-0.06509009009009009,224343599.79899198,0.15889562922863415,0.6594134187912196
1771,1159,sanmatenga(kaya),yalgo,burkina_faso,11/4/2009,3,0,-0.924686981,,13.588768431548557,-0.263956546,-1.633850694,-1.848860502,3.0,0.1666666666666666,-0.166666667,13.6,-0.25,13.6,-0.25,13.6,-0.25,13.50282815,-0.148847385,0.9,-0.2826274898317125,-0.06509009009009009,224343599.79899198,0.15889562922863415,0.6594134187912196
1772,1160,sanmatenga(kaya),yalgo,burkina_faso,11/4/2009,5,0,-0.580419676,1.0,13.588768431548557,-0.263956546,-1.633850694,-1.848860502,3.0,0.1666666666666666,-0.166666667,13.6,-0.25,13.6,-0.25,13.6,-0.25,13.50282815,-0.148847385,0.9,-0.2826274898317125,-0.06509009009009009,224343599.79899198,0.15889562922863415,0.6594134187912196
1773,1161,sanmatenga(kaya),yalgo,burkina_faso,11/4/2009,12,0,-0.935440287,1.0,13.588768431548557,-0.263956546,-1.633850694,-1.848860502,3.0,0.1666666666666666,-0.166666667,13.6,-0.25,13.6,-0.25,13.6,-0.25,13.50282815,-0.148847385,0.9,-0.2826274898317125,-0.06509009009009009,224343599.79899198,0.15889562922863415,0.6594134187912196
1774,1165,sanmatenga(kaya),zoamba,burkina_faso,11/1/2009,3,0,-0.956946898,,12.76667,-0.83333,-1.636837423,-1.653866142,1.25,1.0,-0.333333333,12.75,-0.85,12.75,-0.85,12.75,-0.85,12.76161893,-0.694916179,1.2,-0.27246127525965375,-0.1046296296296296,253613625.92333975,0.1984635175065979,-0.07448960113556484
1775,1166,sanmatenga(kaya),zoamba,burkina_faso,11/1/2009,4,0,-0.978453509,,12.76667,-0.83333,-1.636837423,-1.653866142,1.25,1.0,-0.333333333,12.75,-0.85,12.75,-0.85,12.75,-0.85,12.76161893,-0.694916179,1.2,-0.27246127525965375,-0.1046296296296296,253613625.92333975,0.1984635175065979,-0.07448960113556484
1776,1167,sanmatenga(kaya),zoamba,burkina_faso,11/1/2009,6,0,-0.221749921,,12.76667,-0.83333,-1.636837423,-1.653866142,1.25,1.0,-0.333333333,12.75,-0.85,12.75,-0.85,12.75,-0.85,12.76161893,-0.694916179,1.2,-0.27246127525965375,-0.1046296296296296,253613625.92333975,0.1984635175065979,-0.07448960113556484
1777,1168,sanmatenga(kaya),zoamba,burkina_faso,11/1/2009,2,0,-0.935440287,,12.76667,-0.83333,-1.636837423,-1.653866142,1.25,1.0,-0.333333333,12.75,-0.85,12.75,-0.85,12.75,-0.85,12.76161893,-0.694916179,1.2,-0.27246127525965375,-0.1046296296296296,253613625.92333975,0.1984635175065979,-0.07448960113556484
1778,1176,sanmatenga(kaya),zoamba,burkina_faso,11/2/2009,6,0,-0.902353192,,12.76667,-0.83333,-1.636837423,-1.653866142,1.25,1.0,-0.333333333,12.75,-0.85,12.75,-0.85,12.75,-0.85,12.76161893,-0.694916179,1.2,-0.27246127525965375,-0.1046296296296296,253613625.92333975,0.1984635175065979,-0.07448960113556484
1779,1185,sanmatenga(kaya),zoamba,burkina_faso,11/1/2009,2,0,-0.200243309,,12.76667,-0.83333,-1.636837423,-1.653866142,1.25,1.0,-0.333333333,12.75,-0.85,12.75,-0.85,12.75,-0.85,12.76161893,-0.694916179,1.2,-0.27246127525965375,-0.1046296296296296,253613625.92333975,0.1984635175065979,-0.07448960113556484
1780,1186,sanmatenga(kaya),zoamba,burkina_faso,11/1/2009,2,0,-0.935440287,,12.76667,-0.83333,-1.636837423,-1.653866142,1.25,1.0,-0.333333333,12.75,-0.85,12.75,-0.85,12.75,-0.85,12.76161893,-0.694916179,1.2,-0.27246127525965375,-0.1046296296296296,253613625.92333975,0.1984635175065979,-0.07448960113556484
1781,1187,sanmatenga(kaya),zoamba,burkina_faso,11/1/2009,4,0,-0.935440287,,12.76667,-0.83333,-1.636837423,-1.653866142,1.25,1.0,-0.333333333,12.75,-0.85,12.75,-0.85,12.75,-0.85,12.76161893,-0.694916179,1.2,-0.27246127525965375,-0.1046296296296296,253613625.92333975,0.1984635175065979,-0.07448960113556484
1782,1188,sanmatenga(kaya),zoamba,burkina_faso,11/1/2009,4,0,-0.935440287,,12.76667,-0.83333,-1.636837423,-1.653866142,1.25,1.0,-0.333333333,12.75,-0.85,12.75,-0.85,12.75,-0.85,12.76161893,-0.694916179,1.2,-0.27246127525965375,-0.1046296296296296,253613625.92333975,0.1984635175065979,-0.07448960113556484
1783,1207,boulkiemdÃ©(koudougou),kokolo,burkina_faso,10/31/2009,1,0,-0.913933675,1.0,11.496635114800164,-4.722468305,-1.765131921,-2.098839939,3.5,0.8333333333333334,-0.433333333,11.5,-4.7,11.5,-4.7,11.5,-4.7,11.49964591,-4.781204746,1.6,-0.38211600482463837,0.13076923076923078,125932774.79035828,0.2499236653179519,-0.20270458656054838
1784,1208,boulkiemdÃ©(koudougou),kokolo,burkina_faso,10/31/2009,7,0,5.760982323691569,,11.496635114800164,-4.722468305,-1.765131921,-2.098839939,3.5,0.8333333333333334,-0.433333333,11.5,-4.7,11.5,-4.7,11.5,-4.7,11.49964591,-4.781204746,1.6,-0.38211600482463837,0.13076923076923078,125932774.79035828,0.2499236653179519,-0.20270458656054838
1785,1209,boulkiemdÃ©(koudougou),kokolo,burkina_faso,10/31/2009,14,0,0.6610236263525355,,11.496635114800164,-4.722468305,-1.765131921,-2.098839939,3.5,0.8333333333333334,-0.433333333,11.5,-4.7,11.5,-4.7,11.5,-4.7,11.49964591,-4.781204746,1.6,-0.38211600482463837,0.13076923076923078,125932774.79035828,0.2499236653179519,-0.20270458656054838
1786,1210,boulkiemdÃ©(koudougou),kokolo,burkina_faso,10/31/2009,2,0,2.266094235800568,,11.496635114800164,-4.722468305,-1.765131921,-2.098839939,3.5,0.8333333333333334,-0.433333333,11.5,-4.7,11.5,-4.7,11.5,-4.7,11.49964591,-4.781204746,1.6,-0.38211600482463837,0.13076923076923078,125932774.79035828,0.2499236653179519,-0.20270458656054838
1787,1211,boulkiemdÃ©(koudougou),kokolo,burkina_faso,10/31/2009,6,0,-0.221749921,,11.496635114800164,-4.722468305,-1.765131921,-2.098839939,3.5,0.8333333333333334,-0.433333333,11.5,-4.7,11.5,-4.7,11.5,-4.7,11.49964591,-4.781204746,1.6,-0.38211600482463837,0.13076923076923078,125932774.79035828,0.2499236653179519,-0.20270458656054838
1788,1212,boulkiemdÃ©(koudougou),kokolo,burkina_faso,10/31/2009,6,0,-0.066710948,,11.496635114800164,-4.722468305,-1.765131921,-2.098839939,3.5,0.8333333333333334,-0.433333333,11.5,-4.7,11.5,-4.7,11.5,-4.7,11.49964591,-4.781204746,1.6,-0.38211600482463837,0.13076923076923078,125932774.79035828,0.2499236653179519,-0.20270458656054838
1789,1213,boulkiemdÃ©(koudougou),kokolo,burkina_faso,10/31/2009,8,0,-0.909440982,,11.496635114800164,-4.722468305,-1.765131921,-2.098839939,3.5,0.8333333333333334,-0.433333333,11.5,-4.7,11.5,-4.7,11.5,-4.7,11.49964591,-4.781204746,1.6,-0.38211600482463837,0.13076923076923078,125932774.79035828,0.2499236653179519,-0.20270458656054838
1790,1214,boulkiemdÃ©(koudougou),kokolo,burkina_faso,10/31/2009,15,0,-1.215026235,,11.496635114800164,-4.722468305,-1.765131921,-2.098839939,3.5,0.8333333333333334,-0.433333333,11.5,-4.7,11.5,-4.7,11.5,-4.7,11.49964591,-4.781204746,1.6,-0.38211600482463837,0.13076923076923078,125932774.79035828,0.2499236653179519,-0.20270458656054838
1791,1215,boulkiemdÃ©(koudougou),kokolo,burkina_faso,10/31/2009,1,0,-0.913933675,,11.496635114800164,-4.722468305,-1.765131921,-2.098839939,3.5,0.8333333333333334,-0.433333333,11.5,-4.7,11.5,-4.7,11.5,-4.7,11.49964591,-4.781204746,1.6,-0.38211600482463837,0.13076923076923078,125932774.79035828,0.2499236653179519,-0.20270458656054838
1792,1216,boulkiemdÃ©(koudougou),koudougou secteur 9,burkina_faso,11/11/2009,2,0,5.791237147505765,,12.25647213022534,-2.351748273,-1.660920113,-1.808899343,1.875,1.0,-0.333333333,12.25,-2.35,12.25,-2.35,12.25,-2.35,12.25436214,-2.354225661,1.6,-0.30860448628664017,-0.0759615384615385,221114750.00577205,0.18929775701485138,-0.13767645217369887
1793,1217,boulkiemdÃ©(koudougou),koudougou secteur 9,burkina_faso,11/11/2009,5,0,4.199992447274831,,12.25647213022534,-2.351748273,-1.660920113,-1.808899343,1.875,1.0,-0.333333333,12.25,-2.35,12.25,-2.35,12.25,-2.35,12.25436214,-2.354225661,1.6,-0.30860448628664017,-0.0759615384615385,221114750.00577205,0.18929775701485138,-0.13767645217369887
1794,1218,boulkiemdÃ©(koudougou),koudougou secteur 9,burkina_faso,11/11/2009,10,0,8.980061588682814,,12.25647213022534,-2.351748273,-1.660920113,-1.808899343,1.875,1.0,-0.333333333,12.25,-2.35,12.25,-2.35,12.25,-2.35,12.25436214,-2.354225661,1.6,-0.30860448628664017,-0.0759615384615385,221114750.00577205,0.18929775701485138,-0.13767645217369887
1795,1219,boulkiemdÃ©(koudougou),koudougou secteur 9,burkina_faso,11/11/2009,5,0,10.012997175136254,,12.25647213022534,-2.351748273,-1.660920113,-1.808899343,1.875,1.0,-0.333333333,12.25,-2.35,12.25,-2.35,12.25,-2.35,12.25436214,-2.354225661,1.6,-0.30860448628664017,-0.0759615384615385,221114750.00577205,0.18929775701485138,-0.13767645217369887
1796,1220,boulkiemdÃ©(koudougou),koudougou secteur 9,burkina_faso,11/11/2009,4,0,11.051322750702036,,12.25647213022534,-2.351748273,-1.660920113,-1.808899343,1.875,1.0,-0.333333333,12.25,-2.35,12.25,-2.35,12.25,-2.35,12.25436214,-2.354225661,1.6,-0.30860448628664017,-0.0759615384615385,221114750.00577205,0.18929775701485138,-0.13767645217369887
1797,1221,boulkiemdÃ©(koudougou),koudougou secteur 9,burkina_faso,11/11/2009,2,0,8.309307662854096,,12.25647213022534,-2.351748273,-1.660920113,-1.808899343,1.875,1.0,-0.333333333,12.25,-2.35,12.25,-2.35,12.25,-2.35,12.25436214,-2.354225661,1.6,-0.30860448628664017,-0.0759615384615385,221114750.00577205,0.18929775701485138,-0.13767645217369887
1798,1222,boulkiemdÃ©(koudougou),koudougou secteur 9,burkina_faso,11/11/2009,7,0,7.707075256068975,,12.25647213022534,-2.351748273,-1.660920113,-1.808899343,1.875,1.0,-0.333333333,12.25,-2.35,12.25,-2.35,12.25,-2.35,12.25436214,-2.354225661,1.6,-0.30860448628664017,-0.0759615384615385,221114750.00577205,0.18929775701485138,-0.13767645217369887
1799,1223,boulkiemdÃ©(koudougou),koudougou secteur 9,burkina_faso,11/11/2009,8,0,12.053790637690872,,12.25647213022534,-2.351748273,-1.660920113,-1.808899343,1.875,1.0,-0.333333333,12.25,-2.35,12.25,-2.35,12.25,-2.35,12.25436214,-2.354225661,1.6,-0.30860448628664017,-0.0759615384615385,221114750.00577205,0.18929775701485138,-0.13767645217369887
1800,1224,boulkiemdÃ©(koudougou),koudougou secteur 9,burkina_faso,11/11/2009,3,0,9.570972898284412,,12.25647213022534,-2.351748273,-1.660920113,-1.808899343,1.875,1.0,-0.333333333,12.25,-2.35,12.25,-2.35,12.25,-2.35,12.25436214,-2.354225661,1.6,-0.30860448628664017,-0.0759615384615385,221114750.00577205,0.18929775701485138,-0.13767645217369887
1801,1243,boulkiemdÃ©(koudougou),nadiolo,burkina_faso,11/5/2009,12,0,-0.766063572,,12.09379722026458,-2.452068613,-1.670132592,-1.742447749,1.625,1.0,-0.333333333,12.1,-2.45,12.1,-2.45,12.1,-2.45,12.07151562,-2.443899142,1.4,-0.2547339200973511,-0.04508086253369276,219856120.81400105,0.20624023338136419,-0.07131281853718545
1802,1247,boulkiemdÃ©(koudougou),nadiolo,burkina_faso,11/5/2009,7,0,1.683902673519859,,12.09379722026458,-2.452068613,-1.670132592,-1.742447749,1.625,1.0,-0.333333333,12.1,-2.45,12.1,-2.45,12.1,-2.45,12.07151562,-2.443899142,1.4,-0.2547339200973511,-0.04508086253369276,219856120.81400105,0.20624023338136419,-0.07131281853718545
1803,1250,boulkiemdÃ©(koudougou),nadiolo,burkina_faso,11/5/2009,9,0,-0.486316102,,12.09379722026458,-2.452068613,-1.670132592,-1.742447749,1.625,1.0,-0.333333333,12.1,-2.45,12.1,-2.45,12.1,-2.45,12.07151562,-2.443899142,1.4,-0.2547339200973511,-0.04508086253369276,219856120.81400105,0.20624023338136419,-0.07131281853718545
1804,1251,boulkiemdÃ©(koudougou),nadiolo,burkina_faso,11/5/2009,4,0,1.7161625906000295,,12.09379722026458,-2.452068613,-1.670132592,-1.742447749,1.625,1.0,-0.333333333,12.1,-2.45,12.1,-2.45,12.1,-2.45,12.07151562,-2.443899142,1.4,-0.2547339200973511,-0.04508086253369276,219856120.81400105,0.20624023338136419,-0.07131281853718545
1805,1259,boulkiemdÃ©(koudougou),nadiolo,burkina_faso,11/5/2009,4,0,-0.935440287,,12.09379722026458,-2.452068613,-1.670132592,-1.742447749,1.625,1.0,-0.333333333,12.1,-2.45,12.1,-2.45,12.1,-2.45,12.07151562,-2.443899142,1.4,-0.2547339200973511,-0.04508086253369276,219856120.81400105,0.20624023338136419,-0.07131281853718545
1806,1261,boulkiemdÃ©(koudougou),nadiolo,burkina_faso,11/4/2009,9,0,-0.989206815,,12.09379722026458,-2.452068613,-1.670132592,-1.742447749,1.625,1.0,-0.333333333,12.1,-2.45,12.1,-2.45,12.1,-2.45,12.07151562,-2.443899142,1.4,-0.2547339200973511,-0.04508086253369276,219856120.81400105,0.20624023338136419,-0.07131281853718545
1807,1263,boulkiemdÃ©(koudougou),nadiolo,burkina_faso,11/5/2009,3,0,-0.924686981,,12.09379722026458,-2.452068613,-1.670132592,-1.742447749,1.625,1.0,-0.333333333,12.1,-2.45,12.1,-2.45,12.1,-2.45,12.07151562,-2.443899142,1.4,-0.2547339200973511,-0.04508086253369276,219856120.81400105,0.20624023338136419,-0.07131281853718545
1808,1264,boulkiemdÃ©(koudougou),nadiolo,burkina_faso,11/5/2009,14,0,-0.489900537,,12.09379722026458,-2.452068613,-1.670132592,-1.742447749,1.625,1.0,-0.333333333,12.1,-2.45,12.1,-2.45,12.1,-2.45,12.07151562,-2.443899142,1.4,-0.2547339200973511,-0.04508086253369276,219856120.81400105,0.20624023338136419,-0.07131281853718545
1809,1266,boulkiemdÃ©(koudougou),nadiolo,burkina_faso,11/5/2009,8,0,-0.780401313,,12.09379722026458,-2.452068613,-1.670132592,-1.742447749,1.625,1.0,-0.333333333,12.1,-2.45,12.1,-2.45,12.1,-2.45,12.07151562,-2.443899142,1.4,-0.2547339200973511,-0.04508086253369276,219856120.81400105,0.20624023338136419,-0.07131281853718545
1810,1269,boulkiemdÃ©(koudougou),nadiolo,burkina_faso,11/5/2009,5,0,-0.764271355,,12.09379722026458,-2.452068613,-1.670132592,-1.742447749,1.625,1.0,-0.333333333,12.1,-2.45,12.1,-2.45,12.1,-2.45,12.07151562,-2.443899142,1.4,-0.2547339200973511,-0.04508086253369276,219856120.81400105,0.20624023338136419,-0.07131281853718545
1811,1270,boulkiemdÃ©(koudougou),sabou secteur 1,burkina_faso,11/8/2009,1,0,4.580104104366809,1.0,12.060137347471333,-2.225975945,-1.783054546,-1.892540604,1.875,0.8333333333333334,-0.433333333,12.05,-2.25,12.05,-2.25,12.05,-2.25,12.06421524,-2.262677397,1.6,-0.314834401011467,-0.07596153846153851,156155444.26141766,0.208639253452299,-0.22034231223273695
1812,1271,boulkiemdÃ©(koudougou),sabou secteur 1,burkina_faso,11/6/2009,3,0,-0.769648008,1.0,12.060137347471333,-2.225975945,-1.783054546,-1.892540604,1.875,0.8333333333333334,-0.433333333,12.05,-2.25,12.05,-2.25,12.05,-2.25,12.06421524,-2.262677397,1.6,-0.314834401011467,-0.07596153846153851,156155444.26141766,0.208639253452299,-0.22034231223273695
1813,1272,boulkiemdÃ©(koudougou),sabou secteur 1,burkina_faso,11/6/2009,3,0,-0.924686981,,12.060137347471333,-2.225975945,-1.783054546,-1.892540604,1.875,0.8333333333333334,-0.433333333,12.05,-2.25,12.05,-2.25,12.05,-2.25,12.06421524,-2.262677397,1.6,-0.314834401011467,-0.07596153846153851,156155444.26141766,0.208639253452299,-0.22034231223273695
1814,1273,boulkiemdÃ©(koudougou),sabou secteur 1,burkina_faso,11/6/2009,16,0,0.5412428317900845,1.0,12.060137347471333,-2.225975945,-1.783054546,-1.892540604,1.875,0.8333333333333334,-0.433333333,12.05,-2.25,12.05,-2.25,12.05,-2.25,12.06421524,-2.262677397,1.6,-0.314834401011467,-0.07596153846153851,156155444.26141766,0.208639253452299,-0.22034231223273695
1815,1274,boulkiemdÃ©(koudougou),sabou secteur 1,burkina_faso,11/6/2009,1,0,4.246590105279521,,12.060137347471333,-2.225975945,-1.783054546,-1.892540604,1.875,0.8333333333333334,-0.433333333,12.05,-2.25,12.05,-2.25,12.05,-2.25,12.06421524,-2.262677397,1.6,-0.314834401011467,-0.07596153846153851,156155444.26141766,0.208639253452299,-0.22034231223273695
1816,1275,boulkiemdÃ©(koudougou),sabou secteur 1,burkina_faso,11/7/2009,5,0,7.052902382936079,1.0,12.060137347471333,-2.225975945,-1.783054546,-1.892540604,1.875,0.8333333333333334,-0.433333333,12.05,-2.25,12.05,-2.25,12.05,-2.25,12.06421524,-2.262677397,1.6,-0.314834401011467,-0.07596153846153851,156155444.26141766,0.208639253452299,-0.22034231223273695
1817,1276,boulkiemdÃ©(koudougou),sabou secteur 1,burkina_faso,11/7/2009,5,0,1.389422048812466,1.0,12.060137347471333,-2.225975945,-1.783054546,-1.892540604,1.875,0.8333333333333334,-0.433333333,12.05,-2.25,12.05,-2.25,12.05,-2.25,12.06421524,-2.262677397,1.6,-0.314834401011467,-0.07596153846153851,156155444.26141766,0.208639253452299,-0.22034231223273695
1818,1277,boulkiemdÃ©(koudougou),sabou secteur 1,burkina_faso,11/7/2009,2,0,6.490871610522329,1.0,12.060137347471333,-2.225975945,-1.783054546,-1.892540604,1.875,0.8333333333333334,-0.433333333,12.05,-2.25,12.05,-2.25,12.05,-2.25,12.06421524,-2.262677397,1.6,-0.314834401011467,-0.07596153846153851,156155444.26141766,0.208639253452299,-0.22034231223273695
1819,1279,boulkiemdÃ©(koudougou),sabou secteur 1,burkina_faso,11/6/2009,2,0,-0.758894702,1.0,12.060137347471333,-2.225975945,-1.783054546,-1.892540604,1.875,0.8333333333333334,-0.433333333,12.05,-2.25,12.05,-2.25,12.05,-2.25,12.06421524,-2.262677397,1.6,-0.314834401011467,-0.07596153846153851,156155444.26141766,0.208639253452299,-0.22034231223273695
1820,1315,boulkiemdÃ©(koudougou),poesse,burkina_faso,11/10/2009,18,0,-0.432549573,1.0,12.554480000000002,-2.11213,-1.630878359,-1.69398354,1.625,1.0,-0.333333333,12.55,-2.1,12.55,-2.1,12.55,-2.1,12.60199655,-2.101418271,1.8,-0.24285970131556192,-0.10571895424836601,143205730.5476728,0.1967413324874931,-0.05635287728179043
1821,1316,boulkiemdÃ©(koudougou),poesse,burkina_faso,11/10/2009,9,0,-0.924686981,1.0,12.554480000000002,-2.11213,-1.630878359,-1.69398354,1.625,1.0,-0.333333333,12.55,-2.1,12.55,-2.1,12.55,-2.1,12.60199655,-2.101418271,1.8,-0.24285970131556192,-0.10571895424836601,143205730.5476728,0.1967413324874931,-0.05635287728179043
1822,1317,boulkiemdÃ©(koudougou),poesse,burkina_faso,11/10/2009,5,0,-0.999960121,1.0,12.554480000000002,-2.11213,-1.630878359,-1.69398354,1.625,1.0,-0.333333333,12.55,-2.1,12.55,-2.1,12.55,-2.1,12.60199655,-2.101418271,1.8,-0.24285970131556192,-0.10571895424836601,143205730.5476728,0.1967413324874931,-0.05635287728179043
1823,1318,boulkiemdÃ©(koudougou),poesse,burkina_faso,11/10/2009,6,0,-0.956946898,1.0,12.554480000000002,-2.11213,-1.630878359,-1.69398354,1.625,1.0,-0.333333333,12.55,-2.1,12.55,-2.1,12.55,-2.1,12.60199655,-2.101418271,1.8,-0.24285970131556192,-0.10571895424836601,143205730.5476728,0.1967413324874931,-0.05635287728179043
1824,1319,boulkiemdÃ©(koudougou),poesse,burkina_faso,11/10/2009,15,0,0.6363028954087028,1.0,12.554480000000002,-2.11213,-1.630878359,-1.69398354,1.625,1.0,-0.333333333,12.55,-2.1,12.55,-2.1,12.55,-2.1,12.60199655,-2.101418271,1.8,-0.24285970131556192,-0.10571895424836601,143205730.5476728,0.1967413324874931,-0.05635287728179043
1825,1320,boulkiemdÃ©(koudougou),poesse,burkina_faso,11/10/2009,10,0,-0.780401313,1.0,12.554480000000002,-2.11213,-1.630878359,-1.69398354,1.625,1.0,-0.333333333,12.55,-2.1,12.55,-2.1,12.55,-2.1,12.60199655,-2.101418271,1.8,-0.24285970131556192,-0.10571895424836601,143205730.5476728,0.1967413324874931,-0.05635287728179043
1826,1321,boulkiemdÃ©(koudougou),poesse,burkina_faso,11/10/2009,11,0,-0.816245666,1.0,12.554480000000002,-2.11213,-1.630878359,-1.69398354,1.625,1.0,-0.333333333,12.55,-2.1,12.55,-2.1,12.55,-2.1,12.60199655,-2.101418271,1.8,-0.24285970131556192,-0.10571895424836601,143205730.5476728,0.1967413324874931,-0.05635287728179043
1827,1322,boulkiemdÃ©(koudougou),poesse,burkina_faso,11/10/2009,6,0,-0.780401313,,12.554480000000002,-2.11213,-1.630878359,-1.69398354,1.625,1.0,-0.333333333,12.55,-2.1,12.55,-2.1,12.55,-2.1,12.60199655,-2.101418271,1.8,-0.24285970131556192,-0.10571895424836601,143205730.5476728,0.1967413324874931,-0.05635287728179043
1828,1323,boulkiemdÃ©(koudougou),poesse,burkina_faso,11/10/2009,7,0,-0.942609157,,12.554480000000002,-2.11213,-1.630878359,-1.69398354,1.625,1.0,-0.333333333,12.55,-2.1,12.55,-2.1,12.55,-2.1,12.60199655,-2.101418271,1.8,-0.24285970131556192,-0.10571895424836601,143205730.5476728,0.1967413324874931,-0.05635287728179043
1829,1324,boulkiemdÃ©(koudougou),sakoinse,burkina_faso,11/6/2009,5,0,-0.844921148,,12.188339999999998,-1.96848,-1.711256236,-1.856367081,2.5,0.6666666666666666,-0.666666667,12.2,-1.95,12.2,-1.95,12.2,-1.95,12.19059873,-2.101418271,1.9,-0.3358763958278455,-0.12038822303282959,131676316.58271044,0.19789961751367988,-0.23728869456779572
1830,1335,boulkiemdÃ©(koudougou),sakoinse,burkina_faso,11/3/2009,11,0,-0.081048688,1.0,12.188339999999998,-1.96848,-1.711256236,-1.856367081,2.5,0.6666666666666666,-0.666666667,12.2,-1.95,12.2,-1.95,12.2,-1.95,12.19059873,-2.101418271,1.9,-0.3358763958278455,-0.12038822303282959,131676316.58271044,0.19789961751367988,-0.23728869456779572
1831,1339,boulkiemdÃ©(koudougou),sakoinse,burkina_faso,11/6/2009,7,0,0.4782472783277984,,12.188339999999998,-1.96848,-1.711256236,-1.856367081,2.5,0.6666666666666666,-0.666666667,12.2,-1.95,12.2,-1.95,12.2,-1.95,12.19059873,-2.101418271,1.9,-0.3358763958278455,-0.12038822303282959,131676316.58271044,0.19789961751367988,-0.23728869456779572
1832,1342,boulkiemdÃ©(koudougou),sakoinse,burkina_faso,11/6/2009,21,0,-0.427172921,,12.188339999999998,-1.96848,-1.711256236,-1.856367081,2.5,0.6666666666666666,-0.666666667,12.2,-1.95,12.2,-1.95,12.2,-1.95,12.19059873,-2.101418271,1.9,-0.3358763958278455,-0.12038822303282959,131676316.58271044,0.19789961751367988,-0.23728869456779572
1833,1343,boulkiemdÃ©(koudougou),sakoinse,burkina_faso,11/6/2009,2,0,-0.935440287,,12.188339999999998,-1.96848,-1.711256236,-1.856367081,2.5,0.6666666666666666,-0.666666667,12.2,-1.95,12.2,-1.95,12.2,-1.95,12.19059873,-2.101418271,1.9,-0.3358763958278455,-0.12038822303282959,131676316.58271044,0.19789961751367988,-0.23728869456779572
1834,1344,boulkiemdÃ©(koudougou),sakoinse,burkina_faso,11/6/2009,2,0,-0.913933675,,12.188339999999998,-1.96848,-1.711256236,-1.856367081,2.5,0.6666666666666666,-0.666666667,12.2,-1.95,12.2,-1.95,12.2,-1.95,12.19059873,-2.101418271,1.9,-0.3358763958278455,-0.12038822303282959,131676316.58271044,0.19789961751367988,-0.23728869456779572
1835,1346,boulkiemdÃ©(koudougou),sakoinse,burkina_faso,11/6/2009,16,0,0.2965026577878924,1.0,12.188339999999998,-1.96848,-1.711256236,-1.856367081,2.5,0.6666666666666666,-0.666666667,12.2,-1.95,12.2,-1.95,12.2,-1.95,12.19059873,-2.101418271,1.9,-0.3358763958278455,-0.12038822303282959,131676316.58271044,0.19789961751367988,-0.23728869456779572
1836,1347,boulkiemdÃ©(koudougou),sakoinse,burkina_faso,11/6/2009,8,0,-0.045204336,1.0,12.188339999999998,-1.96848,-1.711256236,-1.856367081,2.5,0.6666666666666666,-0.666666667,12.2,-1.95,12.2,-1.95,12.2,-1.95,12.19059873,-2.101418271,1.9,-0.3358763958278455,-0.12038822303282959,131676316.58271044,0.19789961751367988,-0.23728869456779572
1837,1348,boulkiemdÃ©(koudougou),sakoinse,burkina_faso,11/6/2009,5,0,0.2658573412898106,,12.188339999999998,-1.96848,-1.711256236,-1.856367081,2.5,0.6666666666666666,-0.666666667,12.2,-1.95,12.2,-1.95,12.2,-1.95,12.19059873,-2.101418271,1.9,-0.3358763958278455,-0.12038822303282959,131676316.58271044,0.19789961751367988,-0.23728869456779572
1838,1352,boulgou(tenkodogo),bane,burkina_faso,11/4/2009,5,0,-0.773232443,,11.576123367890464,-0.355584147,-1.3890571,-1.436829448,1.5,0.5,0.1666666666666667,11.6,-0.35,11.6,-0.35,11.6,-0.35,11.49964591,-0.394533913,1.5,-0.3665633122126261,-0.060714285714285665,167113173.49272156,0.21627039234946788,0.41059983517554594
1839,1358,boulgou(tenkodogo),bane,burkina_faso,11/4/2009,3,0,-0.801907925,,11.576123367890464,-0.355584147,-1.3890571,-1.436829448,1.5,0.5,0.1666666666666667,11.6,-0.35,11.6,-0.35,11.6,-0.35,11.49964591,-0.394533913,1.5,-0.3665633122126261,-0.060714285714285665,167113173.49272156,0.21627039234946788,0.41059983517554594
1840,1360,boulgou(tenkodogo),bane,burkina_faso,11/4/2009,5,0,-0.407458527,,11.576123367890464,-0.355584147,-1.3890571,-1.436829448,1.5,0.5,0.1666666666666667,11.6,-0.35,11.6,-0.35,11.6,-0.35,11.49964591,-0.394533913,1.5,-0.3665633122126261,-0.060714285714285665,167113173.49272156,0.21627039234946788,0.41059983517554594
1841,1363,boulgou(tenkodogo),bane,burkina_faso,11/4/2009,7,0,-0.88793437,,11.576123367890464,-0.355584147,-1.3890571,-1.436829448,1.5,0.5,0.1666666666666667,11.6,-0.35,11.6,-0.35,11.6,-0.35,11.49964591,-0.394533913,1.5,-0.3665633122126261,-0.060714285714285665,167113173.49272156,0.21627039234946788,0.41059983517554594
1842,1364,boulgou(tenkodogo),bane,burkina_faso,11/4/2009,6,0,-0.801907925,,11.576123367890464,-0.355584147,-1.3890571,-1.436829448,1.5,0.5,0.1666666666666667,11.6,-0.35,11.6,-0.35,11.6,-0.35,11.49964591,-0.394533913,1.5,-0.3665633122126261,-0.060714285714285665,167113173.49272156,0.21627039234946788,0.41059983517554594
1843,1368,boulgou(tenkodogo),bane,burkina_faso,11/4/2009,6,0,-0.801907925,1.0,11.576123367890464,-0.355584147,-1.3890571,-1.436829448,1.5,0.5,0.1666666666666667,11.6,-0.35,11.6,-0.35,11.6,-0.35,11.49964591,-0.394533913,1.5,-0.3665633122126261,-0.060714285714285665,167113173.49272156,0.21627039234946788,0.41059983517554594
1844,1370,boulgou(tenkodogo),bane,burkina_faso,11/4/2009,5,0,-0.773232443,1.0,11.576123367890464,-0.355584147,-1.3890571,-1.436829448,1.5,0.5,0.1666666666666667,11.6,-0.35,11.6,-0.35,11.6,-0.35,11.49964591,-0.394533913,1.5,-0.3665633122126261,-0.060714285714285665,167113173.49272156,0.21627039234946788,0.41059983517554594
1845,1372,boulgou(tenkodogo),bane,burkina_faso,11/4/2009,1,0,-0.913933675,,11.576123367890464,-0.355584147,-1.3890571,-1.436829448,1.5,0.5,0.1666666666666667,11.6,-0.35,11.6,-0.35,11.6,-0.35,11.49964591,-0.394533913,1.5,-0.3665633122126261,-0.060714285714285665,167113173.49272156,0.21627039234946788,0.41059983517554594
1846,1376,boulgou(tenkodogo),bane,burkina_faso,11/4/2009,7,0,2.37014694,,11.576123367890464,-0.355584147,-1.3890571,-1.436829448,1.5,0.5,0.1666666666666667,11.6,-0.35,11.6,-0.35,11.6,-0.35,11.49964591,-0.394533913,1.5,-0.3665633122126261,-0.060714285714285665,167113173.49272156,0.21627039234946788,0.41059983517554594
1847,1378,boulgou(tenkodogo),bittou secteur 1,burkina_faso,11/2/2009,5,0,6.623885046,,11.25581,-0.30545,-1.371663511,-1.371663511,1.0,0.3333333333333333,-0.333333333,11.25,-0.3,11.25,-0.3,11.25,-0.3,11.18272298,-0.394533913,1.0,-0.31663055419921876,0.025000000000000005,116582233.17822847,0.21198097983844214,0.09483389166256936
1848,1380,boulgou(tenkodogo),bittou secteur 1,burkina_faso,11/2/2009,9,0,2.010247802144886,,11.25581,-0.30545,-1.371663511,-1.371663511,1.0,0.3333333333333333,-0.333333333,11.25,-0.3,11.25,-0.3,11.25,-0.3,11.18272298,-0.394533913,1.0,-0.31663055419921876,0.025000000000000005,116582233.17822847,0.21198097983844214,0.09483389166256936
1849,1381,boulgou(tenkodogo),bittou secteur 1,burkina_faso,11/2/2009,8,0,1.8946376163474103,,11.25581,-0.30545,-1.371663511,-1.371663511,1.0,0.3333333333333333,-0.333333333,11.25,-0.3,11.25,-0.3,11.25,-0.3,11.18272298,-0.394533913,1.0,-0.31663055419921876,0.025000000000000005,116582233.17822847,0.21198097983844214,0.09483389166256936
1850,1390,boulgou(tenkodogo),bittou secteur 1,burkina_faso,11/2/2009,4,0,-0.935440287,,11.25581,-0.30545,-1.371663511,-1.371663511,1.0,0.3333333333333333,-0.333333333,11.25,-0.3,11.25,-0.3,11.25,-0.3,11.18272298,-0.394533913,1.0,-0.31663055419921876,0.025000000000000005,116582233.17822847,0.21198097983844214,0.09483389166256936
1851,1396,boulgou(tenkodogo),bittou secteur 1,burkina_faso,11/3/2009,17,0,1.9242213565977653,,11.25581,-0.30545,-1.371663511,-1.371663511,1.0,0.3333333333333333,-0.333333333,11.25,-0.3,11.25,-0.3,11.25,-0.3,11.18272298,-0.394533913,1.0,-0.31663055419921876,0.025000000000000005,116582233.17822847,0.21198097983844214,0.09483389166256936
1852,1397,boulgou(tenkodogo),bittou secteur 1,burkina_faso,11/2/2009,3,0,0.5135238391489662,,11.25581,-0.30545,-1.371663511,-1.371663511,1.0,0.3333333333333333,-0.333333333,11.25,-0.3,11.25,-0.3,11.25,-0.3,11.18272298,-0.394533913,1.0,-0.31663055419921876,0.025000000000000005,116582233.17822847,0.21198097983844214,0.09483389166256936
1853,1399,boulgou(tenkodogo),bittou secteur 1,burkina_faso,11/3/2009,4,0,-0.780401313,1.0,11.25581,-0.30545,-1.371663511,-1.371663511,1.0,0.3333333333333333,-0.333333333,11.25,-0.3,11.25,-0.3,11.25,-0.3,11.18272298,-0.394533913,1.0,-0.31663055419921876,0.025000000000000005,116582233.17822847,0.21198097983844214,0.09483389166256936
1854,1401,boulgou(tenkodogo),bittou secteur 1,burkina_faso,11/3/2009,3,0,-0.758894702,,11.25581,-0.30545,-1.371663511,-1.371663511,1.0,0.3333333333333333,-0.333333333,11.25,-0.3,11.25,-0.3,11.25,-0.3,11.18272298,-0.394533913,1.0,-0.31663055419921876,0.025000000000000005,116582233.17822847,0.21198097983844214,0.09483389166256936
1855,1403,boulgou(tenkodogo),bittou secteur 1,burkina_faso,11/3/2009,8,0,10.463351302100488,,11.25581,-0.30545,-1.371663511,-1.371663511,1.0,0.3333333333333333,-0.333333333,11.25,-0.3,11.25,-0.3,11.25,-0.3,11.18272298,-0.394533913,1.0,-0.31663055419921876,0.025000000000000005,116582233.17822847,0.21198097983844214,0.09483389166256936
1856,1408,boulgou(tenkodogo),gambaghin,burkina_faso,11/12/2009,2,0,-0.935440287,,11.786085461070222,-0.368035917,-1.498634617,-1.506856759,1.3333333333333333,0.8333333333333334,0.3666666666666665,11.8,-0.35,11.8,-0.35,11.8,-0.35,11.84816324,-0.394533913,1.4,-0.3084334560803005,-0.12594339622641507,204193245.53860202,0.2083060482875086,0.28995733627698916
1857,1410,boulgou(tenkodogo),gambaghin,burkina_faso,11/12/2009,4,0,-0.766063572,,11.786085461070222,-0.368035917,-1.498634617,-1.506856759,1.3333333333333333,0.8333333333333334,0.3666666666666665,11.8,-0.35,11.8,-0.35,11.8,-0.35,11.84816324,-0.394533913,1.4,-0.3084334560803005,-0.12594339622641507,204193245.53860202,0.2083060482875086,0.28995733627698916
1858,1417,boulgou(tenkodogo),gambaghin,burkina_faso,11/12/2009,11,0,-0.951570245,,11.786085461070222,-0.368035917,-1.498634617,-1.506856759,1.3333333333333333,0.8333333333333334,0.3666666666666665,11.8,-0.35,11.8,-0.35,11.8,-0.35,11.84816324,-0.394533913,1.4,-0.3084334560803005,-0.12594339622641507,204193245.53860202,0.2083060482875086,0.28995733627698916
1859,1418,boulgou(tenkodogo),gambaghin,burkina_faso,11/12/2009,3,0,-0.421796268,,11.786085461070222,-0.368035917,-1.498634617,-1.506856759,1.3333333333333333,0.8333333333333334,0.3666666666666665,11.8,-0.35,11.8,-0.35,11.8,-0.35,11.84816324,-0.394533913,1.4,-0.3084334560803005,-0.12594339622641507,204193245.53860202,0.2083060482875086,0.28995733627698916
1860,1419,boulgou(tenkodogo),gambaghin,burkina_faso,11/12/2009,5,0,0.2346846269299437,,11.786085461070222,-0.368035917,-1.498634617,-1.506856759,1.3333333333333333,0.8333333333333334,0.3666666666666665,11.8,-0.35,11.8,-0.35,11.8,-0.35,11.84816324,-0.394533913,1.4,-0.3084334560803005,-0.12594339622641507,204193245.53860202,0.2083060482875086,0.28995733627698916
1861,1422,boulgou(tenkodogo),gambaghin,burkina_faso,11/12/2009,9,0,-0.956946898,,11.786085461070222,-0.368035917,-1.498634617,-1.506856759,1.3333333333333333,0.8333333333333334,0.3666666666666665,11.8,-0.35,11.8,-0.35,11.8,-0.35,11.84816324,-0.394533913,1.4,-0.3084334560803005,-0.12594339622641507,204193245.53860202,0.2083060482875086,0.28995733627698916
1862,1426,boulgou(tenkodogo),gambaghin,burkina_faso,11/12/2009,6,0,-1.021466732,,11.786085461070222,-0.368035917,-1.498634617,-1.506856759,1.3333333333333333,0.8333333333333334,0.3666666666666665,11.8,-0.35,11.8,-0.35,11.8,-0.35,11.84816324,-0.394533913,1.4,-0.3084334560803005,-0.12594339622641507,204193245.53860202,0.2083060482875086,0.28995733627698916
1863,1427,boulgou(tenkodogo),gambaghin,burkina_faso,11/12/2009,11,0,-1.128999789,,11.786085461070222,-0.368035917,-1.498634617,-1.506856759,1.3333333333333333,0.8333333333333334,0.3666666666666665,11.8,-0.35,11.8,-0.35,11.8,-0.35,11.84816324,-0.394533913,1.4,-0.3084334560803005,-0.12594339622641507,204193245.53860202,0.2083060482875086,0.28995733627698916
1864,1428,boulgou(tenkodogo),gambaghin,burkina_faso,11/12/2009,1,0,-0.913933675,,11.786085461070222,-0.368035917,-1.498634617,-1.506856759,1.3333333333333333,0.8333333333333334,0.3666666666666665,11.8,-0.35,11.8,-0.35,11.8,-0.35,11.84816324,-0.394533913,1.4,-0.3084334560803005,-0.12594339622641507,204193245.53860202,0.2083060482875086,0.28995733627698916
1865,1433,boulgou(tenkodogo),guella,burkina_faso,11/13/2009,4,0,0.4997538897145788,,11.786085461070222,-0.368035917,-1.498634617,-1.506856759,1.3333333333333333,0.8333333333333334,0.3666666666666665,11.8,-0.35,11.8,-0.35,11.8,-0.35,11.84816324,-0.394533913,1.4,-0.3084334560803005,-0.12594339622641507,204193245.53860202,0.2083060482875086,0.28995733627698916
1866,1434,boulgou(tenkodogo),guella,burkina_faso,11/13/2009,11,0,-0.816245666,,11.786085461070222,-0.368035917,-1.498634617,-1.506856759,1.3333333333333333,0.8333333333333334,0.3666666666666665,11.8,-0.35,11.8,-0.35,11.8,-0.35,11.84816324,-0.394533913,1.4,-0.3084334560803005,-0.12594339622641507,204193245.53860202,0.2083060482875086,0.28995733627698916
1867,1436,boulgou(tenkodogo),guella,burkina_faso,11/13/2009,4,0,-0.780401313,,11.786085461070222,-0.368035917,-1.498634617,-1.506856759,1.3333333333333333,0.8333333333333334,0.3666666666666665,11.8,-0.35,11.8,-0.35,11.8,-0.35,11.84816324,-0.394533913,1.4,-0.3084334560803005,-0.12594339622641507,204193245.53860202,0.2083060482875086,0.28995733627698916
1868,1445,boulgou(tenkodogo),guella,burkina_faso,11/12/2009,5,0,-0.999960121,,11.786085461070222,-0.368035917,-1.498634617,-1.506856759,1.3333333333333333,0.8333333333333334,0.3666666666666665,11.8,-0.35,11.8,-0.35,11.8,-0.35,11.84816324,-0.394533913,1.4,-0.3084334560803005,-0.12594339622641507,204193245.53860202,0.2083060482875086,0.28995733627698916
1869,1448,boulgou(tenkodogo),guella,burkina_faso,11/13/2009,3,0,-0.956946898,,11.786085461070222,-0.368035917,-1.498634617,-1.506856759,1.3333333333333333,0.8333333333333334,0.3666666666666665,11.8,-0.35,11.8,-0.35,11.8,-0.35,11.84816324,-0.394533913,1.4,-0.3084334560803005,-0.12594339622641507,204193245.53860202,0.2083060482875086,0.28995733627698916
1870,1450,boulgou(tenkodogo),guella,burkina_faso,11/13/2009,11,0,-0.766959681,,11.786085461070222,-0.368035917,-1.498634617,-1.506856759,1.3333333333333333,0.8333333333333334,0.3666666666666665,11.8,-0.35,11.8,-0.35,11.8,-0.35,11.84816324,-0.394533913,1.4,-0.3084334560803005,-0.12594339622641507,204193245.53860202,0.2083060482875086,0.28995733627698916
1871,1451,boulgou(tenkodogo),guella,burkina_faso,11/13/2009,2,0,-0.780401313,,11.786085461070222,-0.368035917,-1.498634617,-1.506856759,1.3333333333333333,0.8333333333333334,0.3666666666666665,11.8,-0.35,11.8,-0.35,11.8,-0.35,11.84816324,-0.394533913,1.4,-0.3084334560803005,-0.12594339622641507,204193245.53860202,0.2083060482875086,0.28995733627698916
1872,1453,boulgou(tenkodogo),guella,burkina_faso,11/13/2009,5,0,-0.773232443,,11.786085461070222,-0.368035917,-1.498634617,-1.506856759,1.3333333333333333,0.8333333333333334,0.3666666666666665,11.8,-0.35,11.8,-0.35,11.8,-0.35,11.84816324,-0.394533913,1.4,-0.3084334560803005,-0.12594339622641507,204193245.53860202,0.2083060482875086,0.28995733627698916
1873,1458,boulgou(tenkodogo),guella,burkina_faso,11/13/2009,13,0,1.6590498454072775,,11.786085461070222,-0.368035917,-1.498634617,-1.506856759,1.3333333333333333,0.8333333333333334,0.3666666666666665,11.8,-0.35,11.8,-0.35,11.8,-0.35,11.84816324,-0.394533913,1.4,-0.3084334560803005,-0.12594339622641507,204193245.53860202,0.2083060482875086,0.28995733627698916
1874,1459,boulgou(tenkodogo),tisselin,burkina_faso,11/8/2009,7,0,-0.787570184,,11.786085461070222,-0.368035917,-1.498634617,-1.506856759,1.3333333333333333,0.8333333333333334,0.3666666666666665,11.8,-0.35,11.8,-0.35,11.8,-0.35,11.84816324,-0.394533913,1.4,-0.3084334560803005,-0.12594339622641507,204193245.53860202,0.2083060482875086,0.28995733627698916
1875,1460,boulgou(tenkodogo),tisselin,burkina_faso,11/8/2009,6,0,0.5610297555549717,,11.786085461070222,-0.368035917,-1.498634617,-1.506856759,1.3333333333333333,0.8333333333333334,0.3666666666666665,11.8,-0.35,11.8,-0.35,11.8,-0.35,11.84816324,-0.394533913,1.4,-0.3084334560803005,-0.12594339622641507,204193245.53860202,0.2083060482875086,0.28995733627698916
1876,1469,boulgou(tenkodogo),tisselin,burkina_faso,11/8/2009,9,0,-0.066710948,,11.786085461070222,-0.368035917,-1.498634617,-1.506856759,1.3333333333333333,0.8333333333333334,0.3666666666666665,11.8,-0.35,11.8,-0.35,11.8,-0.35,11.84816324,-0.394533913,1.4,-0.3084334560803005,-0.12594339622641507,204193245.53860202,0.2083060482875086,0.28995733627698916
1877,1474,boulgou(tenkodogo),tisselin,burkina_faso,11/8/2009,10,0,-0.952454204,,11.786085461070222,-0.368035917,-1.498634617,-1.506856759,1.3333333333333333,0.8333333333333334,0.3666666666666665,11.8,-0.35,11.8,-0.35,11.8,-0.35,11.84816324,-0.394533913,1.4,-0.3084334560803005,-0.12594339622641507,204193245.53860202,0.2083060482875086,0.28995733627698916
1878,1477,boulgou(tenkodogo),tisselin,burkina_faso,11/8/2009,5,0,-0.791154619,,11.786085461070222,-0.368035917,-1.498634617,-1.506856759,1.3333333333333333,0.8333333333333334,0.3666666666666665,11.8,-0.35,11.8,-0.35,11.8,-0.35,11.84816324,-0.394533913,1.4,-0.3084334560803005,-0.12594339622641507,204193245.53860202,0.2083060482875086,0.28995733627698916
1879,1478,boulgou(tenkodogo),tisselin,burkina_faso,11/8/2009,4,0,-0.978453509,,11.786085461070222,-0.368035917,-1.498634617,-1.506856759,1.3333333333333333,0.8333333333333334,0.3666666666666665,11.8,-0.35,11.8,-0.35,11.8,-0.35,11.84816324,-0.394533913,1.4,-0.3084334560803005,-0.12594339622641507,204193245.53860202,0.2083060482875086,0.28995733627698916
1880,1480,boulgou(tenkodogo),tisselin,burkina_faso,11/8/2009,5,0,-0.946193592,,11.786085461070222,-0.368035917,-1.498634617,-1.506856759,1.3333333333333333,0.8333333333333334,0.3666666666666665,11.8,-0.35,11.8,-0.35,11.8,-0.35,11.84816324,-0.394533913,1.4,-0.3084334560803005,-0.12594339622641507,204193245.53860202,0.2083060482875086,0.28995733627698916
1881,1484,boulgou(tenkodogo),tisselin,burkina_faso,11/8/2009,3,0,2.536076442193556,,11.786085461070222,-0.368035917,-1.498634617,-1.506856759,1.3333333333333333,0.8333333333333334,0.3666666666666665,11.8,-0.35,11.8,-0.35,11.8,-0.35,11.84816324,-0.394533913,1.4,-0.3084334560803005,-0.12594339622641507,204193245.53860202,0.2083060482875086,0.28995733627698916
1882,1485,boulgou(tenkodogo),tisselin,burkina_faso,11/8/2009,5,0,-0.652108381,,11.786085461070222,-0.368035917,-1.498634617,-1.506856759,1.3333333333333333,0.8333333333333334,0.3666666666666665,11.8,-0.35,11.8,-0.35,11.8,-0.35,11.84816324,-0.394533913,1.4,-0.3084334560803005,-0.12594339622641507,204193245.53860202,0.2083060482875086,0.28995733627698916
1883,1489,boulgou(tenkodogo),zankougdgo,burkina_faso,11/6/2009,6,0,-0.758894702,,11.786085461070222,-0.368035917,-1.498634617,-1.506856759,1.3333333333333333,0.8333333333333334,0.3666666666666665,11.8,-0.35,11.8,-0.35,11.8,-0.35,11.84816324,-0.394533913,1.4,-0.3084334560803005,-0.12594339622641507,204193245.53860202,0.2083060482875086,0.28995733627698916
1884,1490,boulgou(tenkodogo),zankougdgo,burkina_faso,11/6/2009,4,0,-0.935440287,,11.786085461070222,-0.368035917,-1.498634617,-1.506856759,1.3333333333333333,0.8333333333333334,0.3666666666666665,11.8,-0.35,11.8,-0.35,11.8,-0.35,11.84816324,-0.394533913,1.4,-0.3084334560803005,-0.12594339622641507,204193245.53860202,0.2083060482875086,0.28995733627698916
1885,1491,boulgou(tenkodogo),zankougdgo,burkina_faso,11/6/2009,4,0,-0.978453509,1.0,11.786085461070222,-0.368035917,-1.498634617,-1.506856759,1.3333333333333333,0.8333333333333334,0.3666666666666665,11.8,-0.35,11.8,-0.35,11.8,-0.35,11.84816324,-0.394533913,1.4,-0.3084334560803005,-0.12594339622641507,204193245.53860202,0.2083060482875086,0.28995733627698916
1886,1492,boulgou(tenkodogo),zankougdgo,burkina_faso,11/6/2009,4,0,-0.573250806,,11.786085461070222,-0.368035917,-1.498634617,-1.506856759,1.3333333333333333,0.8333333333333334,0.3666666666666665,11.8,-0.35,11.8,-0.35,11.8,-0.35,11.84816324,-0.394533913,1.4,-0.3084334560803005,-0.12594339622641507,204193245.53860202,0.2083060482875086,0.28995733627698916
1887,1495,boulgou(tenkodogo),zankougdgo,burkina_faso,11/6/2009,5,0,-0.999960121,,11.786085461070222,-0.368035917,-1.498634617,-1.506856759,1.3333333333333333,0.8333333333333334,0.3666666666666665,11.8,-0.35,11.8,-0.35,11.8,-0.35,11.84816324,-0.394533913,1.4,-0.3084334560803005,-0.12594339622641507,204193245.53860202,0.2083060482875086,0.28995733627698916
1888,1503,boulgou(tenkodogo),zankougdgo,burkina_faso,11/6/2009,7,0,-1.042973344,,11.786085461070222,-0.368035917,-1.498634617,-1.506856759,1.3333333333333333,0.8333333333333334,0.3666666666666665,11.8,-0.35,11.8,-0.35,11.8,-0.35,11.84816324,-0.394533913,1.4,-0.3084334560803005,-0.12594339622641507,204193245.53860202,0.2083060482875086,0.28995733627698916
1889,1505,boulgou(tenkodogo),zankougdgo,burkina_faso,11/6/2009,7,0,-0.787570184,,11.786085461070222,-0.368035917,-1.498634617,-1.506856759,1.3333333333333333,0.8333333333333334,0.3666666666666665,11.8,-0.35,11.8,-0.35,11.8,-0.35,11.84816324,-0.394533913,1.4,-0.3084334560803005,-0.12594339622641507,204193245.53860202,0.2083060482875086,0.28995733627698916
1890,1506,boulgou(tenkodogo),zankougdgo,burkina_faso,11/6/2009,4,0,-0.978453509,,11.786085461070222,-0.368035917,-1.498634617,-1.506856759,1.3333333333333333,0.8333333333333334,0.3666666666666665,11.8,-0.35,11.8,-0.35,11.8,-0.35,11.84816324,-0.394533913,1.4,-0.3084334560803005,-0.12594339622641507,204193245.53860202,0.2083060482875086,0.28995733627698916
1891,1512,boulgou(tenkodogo),zankougdgo,burkina_faso,11/6/2009,16,0,-0.941585033,,11.786085461070222,-0.368035917,-1.498634617,-1.506856759,1.3333333333333333,0.8333333333333334,0.3666666666666665,11.8,-0.35,11.8,-0.35,11.8,-0.35,11.84816324,-0.394533913,1.4,-0.3084334560803005,-0.12594339622641507,204193245.53860202,0.2083060482875086,0.28995733627698916
1892,1518,boulgou(tenkodogo),zeke,burkina_faso,11/11/2009,4,0,-0.573250806,,11.786085461070222,-0.368035917,-1.498634617,-1.506856759,1.3333333333333333,0.8333333333333334,0.3666666666666665,11.8,-0.35,11.8,-0.35,11.8,-0.35,11.84816324,-0.394533913,1.4,-0.3084334560803005,-0.12594339622641507,204193245.53860202,0.2083060482875086,0.28995733627698916
1893,1520,boulgou(tenkodogo),zeke,burkina_faso,11/11/2009,5,0,-0.773232443,,11.786085461070222,-0.368035917,-1.498634617,-1.506856759,1.3333333333333333,0.8333333333333334,0.3666666666666665,11.8,-0.35,11.8,-0.35,11.8,-0.35,11.84816324,-0.394533913,1.4,-0.3084334560803005,-0.12594339622641507,204193245.53860202,0.2083060482875086,0.28995733627698916
1894,1521,boulgou(tenkodogo),zeke,burkina_faso,11/11/2009,14,0,-1.042973344,,11.786085461070222,-0.368035917,-1.498634617,-1.506856759,1.3333333333333333,0.8333333333333334,0.3666666666666665,11.8,-0.35,11.8,-0.35,11.8,-0.35,11.84816324,-0.394533913,1.4,-0.3084334560803005,-0.12594339622641507,204193245.53860202,0.2083060482875086,0.28995733627698916
1895,1524,boulgou(tenkodogo),zeke,burkina_faso,11/11/2009,6,0,-0.780401313,,11.786085461070222,-0.368035917,-1.498634617,-1.506856759,1.3333333333333333,0.8333333333333334,0.3666666666666665,11.8,-0.35,11.8,-0.35,11.8,-0.35,11.84816324,-0.394533913,1.4,-0.3084334560803005,-0.12594339622641507,204193245.53860202,0.2083060482875086,0.28995733627698916
1896,1529,boulgou(tenkodogo),zeke,burkina_faso,11/11/2009,4,0,-0.780401313,,11.786085461070222,-0.368035917,-1.498634617,-1.506856759,1.3333333333333333,0.8333333333333334,0.3666666666666665,11.8,-0.35,11.8,-0.35,11.8,-0.35,11.84816324,-0.394533913,1.4,-0.3084334560803005,-0.12594339622641507,204193245.53860202,0.2083060482875086,0.28995733627698916
1897,1532,boulgou(tenkodogo),zeke,burkina_faso,11/11/2009,10,0,-0.809076795,,11.786085461070222,-0.368035917,-1.498634617,-1.506856759,1.3333333333333333,0.8333333333333334,0.3666666666666665,11.8,-0.35,11.8,-0.35,11.8,-0.35,11.84816324,-0.394533913,1.4,-0.3084334560803005,-0.12594339622641507,204193245.53860202,0.2083060482875086,0.28995733627698916
1898,1534,boulgou(tenkodogo),zeke,burkina_faso,11/11/2009,4,0,-0.780401313,,11.786085461070222,-0.368035917,-1.498634617,-1.506856759,1.3333333333333333,0.8333333333333334,0.3666666666666665,11.8,-0.35,11.8,-0.35,11.8,-0.35,11.84816324,-0.394533913,1.4,-0.3084334560803005,-0.12594339622641507,204193245.53860202,0.2083060482875086,0.28995733627698916
1899,1536,boulgou(tenkodogo),zeke,burkina_faso,11/11/2009,3,0,-0.956946898,,11.786085461070222,-0.368035917,-1.498634617,-1.506856759,1.3333333333333333,0.8333333333333334,0.3666666666666665,11.8,-0.35,11.8,-0.35,11.8,-0.35,11.84816324,-0.394533913,1.4,-0.3084334560803005,-0.12594339622641507,204193245.53860202,0.2083060482875086,0.28995733627698916
1900,1537,boulgou(tenkodogo),zeke,burkina_faso,11/11/2009,9,0,1.6946559792132492,,11.786085461070222,-0.368035917,-1.498634617,-1.506856759,1.3333333333333333,0.8333333333333334,0.3666666666666665,11.8,-0.35,11.8,-0.35,11.8,-0.35,11.84816324,-0.394533913,1.4,-0.3084334560803005,-0.12594339622641507,204193245.53860202,0.2083060482875086,0.28995733627698916
1901,1541,boulgou(tenkodogo),zonse,burkina_faso,10/31/2009,8,0,-0.418211832,,11.35575325177376,-0.635611602,-1.323091467,-1.323091467,1.0,0.6666666666666666,-0.166666667,11.35,-0.65,11.35,-0.65,11.35,-0.65,11.38732922,-0.694916179,1.3,-0.28824525613051194,-0.11518691588785042,98229109.60288581,0.19950327212991883,-0.10675435721418816
1902,1543,boulgou(tenkodogo),zonse,burkina_faso,10/31/2009,5,0,-0.791154619,,11.35575325177376,-0.635611602,-1.323091467,-1.323091467,1.0,0.6666666666666666,-0.166666667,11.35,-0.65,11.35,-0.65,11.35,-0.65,11.38732922,-0.694916179,1.3,-0.28824525613051194,-0.11518691588785042,98229109.60288581,0.19950327212991883,-0.10675435721418816
1903,1544,boulgou(tenkodogo),zonse,burkina_faso,10/31/2009,10,0,-0.964115769,,11.35575325177376,-0.635611602,-1.323091467,-1.323091467,1.0,0.6666666666666666,-0.166666667,11.35,-0.65,11.35,-0.65,11.35,-0.65,11.38732922,-0.694916179,1.3,-0.28824525613051194,-0.11518691588785042,98229109.60288581,0.19950327212991883,-0.10675435721418816
1904,1551,boulgou(tenkodogo),zonse,burkina_faso,10/31/2009,2,0,-0.432549573,,11.35575325177376,-0.635611602,-1.323091467,-1.323091467,1.0,0.6666666666666666,-0.166666667,11.35,-0.65,11.35,-0.65,11.35,-0.65,11.38732922,-0.694916179,1.3,-0.28824525613051194,-0.11518691588785042,98229109.60288581,0.19950327212991883,-0.10675435721418816
1905,1553,boulgou(tenkodogo),zonse,burkina_faso,10/31/2009,2,0,-0.913933675,,11.35575325177376,-0.635611602,-1.323091467,-1.323091467,1.0,0.6666666666666666,-0.166666667,11.35,-0.65,11.35,-0.65,11.35,-0.65,11.38732922,-0.694916179,1.3,-0.28824525613051194,-0.11518691588785042,98229109.60288581,0.19950327212991883,-0.10675435721418816
1906,1554,boulgou(tenkodogo),zonse,burkina_faso,10/31/2009,4,0,2.712622026920243,,11.35575325177376,-0.635611602,-1.323091467,-1.323091467,1.0,0.6666666666666666,-0.166666667,11.35,-0.65,11.35,-0.65,11.35,-0.65,11.38732922,-0.694916179,1.3,-0.28824525613051194,-0.11518691588785042,98229109.60288581,0.19950327212991883,-0.10675435721418816
1907,1560,boulgou(tenkodogo),zonse,burkina_faso,10/31/2009,9,0,-1.085986566,,11.35575325177376,-0.635611602,-1.323091467,-1.323091467,1.0,0.6666666666666666,-0.166666667,11.35,-0.65,11.35,-0.65,11.35,-0.65,11.38732922,-0.694916179,1.3,-0.28824525613051194,-0.11518691588785042,98229109.60288581,0.19950327212991883,-0.10675435721418816
1908,1561,boulgou(tenkodogo),zonse,burkina_faso,10/31/2009,3,0,-0.924686981,,11.35575325177376,-0.635611602,-1.323091467,-1.323091467,1.0,0.6666666666666666,-0.166666667,11.35,-0.65,11.35,-0.65,11.35,-0.65,11.38732922,-0.694916179,1.3,-0.28824525613051194,-0.11518691588785042,98229109.60288581,0.19950327212991883,-0.10675435721418816
1909,1566,boulgou(tenkodogo),zonse,burkina_faso,11/1/2009,8,0,2.0726169751665493,,11.35575325177376,-0.635611602,-1.323091467,-1.323091467,1.0,0.6666666666666666,-0.166666667,11.35,-0.65,11.35,-0.65,11.35,-0.65,11.38732922,-0.694916179,1.3,-0.28824525613051194,-0.11518691588785042,98229109.60288581,0.19950327212991883,-0.10675435721418816
1910,1569,tuy(houndÃ©),bihoun,burkina_faso,11/1/2009,6,0,0.4059907822150647,,11.67119878168943,-3.661070784,-1.631868497,-1.782772854,2.25,1.0,-0.333333333,11.65,-3.65,11.65,-3.65,11.65,-3.65,11.67040863,-3.793292763,1.4,-0.3710946355547224,0.18807277628032343,85908440.33170786,0.22204804918943052,-0.34302983750719773
1911,1571,tuy(houndÃ©),bihoun,burkina_faso,11/1/2009,6,0,-0.956946898,,11.67119878168943,-3.661070784,-1.631868497,-1.782772854,2.25,1.0,-0.333333333,11.65,-3.65,11.65,-3.65,11.65,-3.65,11.67040863,-3.793292763,1.4,-0.3710946355547224,0.18807277628032343,85908440.33170786,0.22204804918943052,-0.34302983750719773
1912,1572,tuy(houndÃ©),bihoun,burkina_faso,11/1/2009,5,0,0.079645654,,11.67119878168943,-3.661070784,-1.631868497,-1.782772854,2.25,1.0,-0.333333333,11.65,-3.65,11.65,-3.65,11.65,-3.65,11.67040863,-3.793292763,1.4,-0.3710946355547224,0.18807277628032343,85908440.33170786,0.22204804918943052,-0.34302983750719773
1913,1573,tuy(houndÃ©),bihoun,burkina_faso,11/1/2009,7,0,-0.88793437,,11.67119878168943,-3.661070784,-1.631868497,-1.782772854,2.25,1.0,-0.333333333,11.65,-3.65,11.65,-3.65,11.65,-3.65,11.67040863,-3.793292763,1.4,-0.3710946355547224,0.18807277628032343,85908440.33170786,0.22204804918943052,-0.34302983750719773
1914,1574,tuy(houndÃ©),bihoun,burkina_faso,11/1/2009,10,0,-0.946193592,,11.67119878168943,-3.661070784,-1.631868497,-1.782772854,2.25,1.0,-0.333333333,11.65,-3.65,11.65,-3.65,11.65,-3.65,11.67040863,-3.793292763,1.4,-0.3710946355547224,0.18807277628032343,85908440.33170786,0.22204804918943052,-0.34302983750719773
1915,1575,tuy(houndÃ©),bihoun,burkina_faso,11/1/2009,12,0,0.3053492072007934,,11.67119878168943,-3.661070784,-1.631868497,-1.782772854,2.25,1.0,-0.333333333,11.65,-3.65,11.65,-3.65,11.65,-3.65,11.67040863,-3.793292763,1.4,-0.3710946355547224,0.18807277628032343,85908440.33170786,0.22204804918943052,-0.34302983750719773
1916,1576,tuy(houndÃ©),bihoun,burkina_faso,11/1/2009,10,0,0.3375460459124116,,11.67119878168943,-3.661070784,-1.631868497,-1.782772854,2.25,1.0,-0.333333333,11.65,-3.65,11.65,-3.65,11.65,-3.65,11.67040863,-3.793292763,1.4,-0.3710946355547224,0.18807277628032343,85908440.33170786,0.22204804918943052,-0.34302983750719773
1917,1579,tuy(houndÃ©),bihoun,burkina_faso,11/1/2009,4,0,-0.432549573,,11.67119878168943,-3.661070784,-1.631868497,-1.782772854,2.25,1.0,-0.333333333,11.65,-3.65,11.65,-3.65,11.65,-3.65,11.67040863,-3.793292763,1.4,-0.3710946355547224,0.18807277628032343,85908440.33170786,0.22204804918943052,-0.34302983750719773
1918,1582,tuy(houndÃ©),bihoun,burkina_faso,11/11/2009,14,0,3.1264148159542176,,11.67119878168943,-3.661070784,-1.631868497,-1.782772854,2.25,1.0,-0.333333333,11.65,-3.65,11.65,-3.65,11.65,-3.65,11.67040863,-3.793292763,1.4,-0.3710946355547224,0.18807277628032343,85908440.33170786,0.22204804918943052,-0.34302983750719773
1919,1583,tuy(houndÃ©),bihoun,burkina_faso,11/1/2009,3,0,1.7269158962934197,1.0,11.67119878168943,-3.661070784,-1.631868497,-1.782772854,2.25,1.0,-0.333333333,11.65,-3.65,11.65,-3.65,11.65,-3.65,11.67040863,-3.793292763,1.4,-0.3710946355547224,0.18807277628032343,85908440.33170786,0.22204804918943052,-0.34302983750719773
1920,1586,tuy(houndÃ©),bihoun,burkina_faso,10/31/2009,6,0,-0.421796268,,11.67119878168943,-3.661070784,-1.631868497,-1.782772854,2.25,1.0,-0.333333333,11.65,-3.65,11.65,-3.65,11.65,-3.65,11.67040863,-3.793292763,1.4,-0.3710946355547224,0.18807277628032343,85908440.33170786,0.22204804918943052,-0.34302983750719773
1921,1587,tuy(houndÃ©),bihoun,burkina_faso,11/1/2009,14,0,-0.46480949,,11.67119878168943,-3.661070784,-1.631868497,-1.782772854,2.25,1.0,-0.333333333,11.65,-3.65,11.65,-3.65,11.65,-3.65,11.67040863,-3.793292763,1.4,-0.3710946355547224,0.18807277628032343,85908440.33170786,0.22204804918943052,-0.34302983750719773
1922,1588,tuy(houndÃ©),bihoun,burkina_faso,11/6/2009,5,0,-0.497069408,,11.67119878168943,-3.661070784,-1.631868497,-1.782772854,2.25,1.0,-0.333333333,11.65,-3.65,11.65,-3.65,11.65,-3.65,11.67040863,-3.793292763,1.4,-0.3710946355547224,0.18807277628032343,85908440.33170786,0.22204804918943052,-0.34302983750719773
1923,1589,tuy(houndÃ©),bihoun,burkina_faso,11/1/2009,3,0,-0.801907925,,11.67119878168943,-3.661070784,-1.631868497,-1.782772854,2.25,1.0,-0.333333333,11.65,-3.65,11.65,-3.65,11.65,-3.65,11.67040863,-3.793292763,1.4,-0.3710946355547224,0.18807277628032343,85908440.33170786,0.22204804918943052,-0.34302983750719773
1924,1591,tuy(houndÃ©),bihoun,burkina_faso,11/1/2009,4,0,-0.780401313,,11.67119878168943,-3.661070784,-1.631868497,-1.782772854,2.25,1.0,-0.333333333,11.65,-3.65,11.65,-3.65,11.65,-3.65,11.67040863,-3.793292763,1.4,-0.3710946355547224,0.18807277628032343,85908440.33170786,0.22204804918943052,-0.34302983750719773
1925,1593,tuy(houndÃ©),bihoun,burkina_faso,11/1/2009,10,0,-0.952454204,,11.67119878168943,-3.661070784,-1.631868497,-1.782772854,2.25,1.0,-0.333333333,11.65,-3.65,11.65,-3.65,11.65,-3.65,11.67040863,-3.793292763,1.4,-0.3710946355547224,0.18807277628032343,85908440.33170786,0.22204804918943052,-0.34302983750719773
1926,1598,tuy(houndÃ©),lokoa,burkina_faso,11/2/2009,8,0,-0.794739054,,11.489445114846363,-3.522869838,-1.59856689,-1.749549776,2.25,1.0,-0.333333333,11.5,-3.5,11.5,-3.5,11.5,-3.5,11.49964591,-3.527335183,1.4,-0.36740959542138235,0.1975067385444744,192276626.4625968,0.2282433495614631,-0.40881542653607844
1927,1601,tuy(houndÃ©),lokoa,burkina_faso,11/2/2009,10,0,-0.999960121,,11.489445114846363,-3.522869838,-1.59856689,-1.749549776,2.25,1.0,-0.333333333,11.5,-3.5,11.5,-3.5,11.5,-3.5,11.49964591,-3.527335183,1.4,-0.36740959542138235,0.1975067385444744,192276626.4625968,0.2282433495614631,-0.40881542653607844
1928,1603,tuy(houndÃ©),lokoa,burkina_faso,11/2/2009,25,0,-0.916609852,,11.489445114846363,-3.522869838,-1.59856689,-1.749549776,2.25,1.0,-0.333333333,11.5,-3.5,11.5,-3.5,11.5,-3.5,11.49964591,-3.527335183,1.4,-0.36740959542138235,0.1975067385444744,192276626.4625968,0.2282433495614631,-0.40881542653607844
1929,1608,tuy(houndÃ©),lokoa,burkina_faso,11/2/2009,7,0,-0.152737393,,11.489445114846363,-3.522869838,-1.59856689,-1.749549776,2.25,1.0,-0.333333333,11.5,-3.5,11.5,-3.5,11.5,-3.5,11.49964591,-3.527335183,1.4,-0.36740959542138235,0.1975067385444744,192276626.4625968,0.2282433495614631,-0.40881542653607844
1930,1609,tuy(houndÃ©),lokoa,burkina_faso,11/2/2009,6,0,-0.866427759,,11.489445114846363,-3.522869838,-1.59856689,-1.749549776,2.25,1.0,-0.333333333,11.5,-3.5,11.5,-3.5,11.5,-3.5,11.49964591,-3.527335183,1.4,-0.36740959542138235,0.1975067385444744,192276626.4625968,0.2282433495614631,-0.40881542653607844
1931,1612,tuy(houndÃ©),lokoa,burkina_faso,11/2/2009,8,0,-0.446887314,,11.489445114846363,-3.522869838,-1.59856689,-1.749549776,2.25,1.0,-0.333333333,11.5,-3.5,11.5,-3.5,11.5,-3.5,11.49964591,-3.527335183,1.4,-0.36740959542138235,0.1975067385444744,192276626.4625968,0.2282433495614631,-0.40881542653607844
1932,1613,tuy(houndÃ©),lokoa,burkina_faso,11/2/2009,12,0,0.9990475939584342,,11.489445114846363,-3.522869838,-1.59856689,-1.749549776,2.25,1.0,-0.333333333,11.5,-3.5,11.5,-3.5,11.5,-3.5,11.49964591,-3.527335183,1.4,-0.36740959542138235,0.1975067385444744,192276626.4625968,0.2282433495614631,-0.40881542653607844
1933,1614,tuy(houndÃ©),lokoa,burkina_faso,11/2/2009,8,0,-0.780401313,,11.489445114846363,-3.522869838,-1.59856689,-1.749549776,2.25,1.0,-0.333333333,11.5,-3.5,11.5,-3.5,11.5,-3.5,11.49964591,-3.527335183,1.4,-0.36740959542138235,0.1975067385444744,192276626.4625968,0.2282433495614631,-0.40881542653607844
1934,1620,tuy(houndÃ©),lokoa,burkina_faso,11/2/2009,4,0,-0.935440287,,11.489445114846363,-3.522869838,-1.59856689,-1.749549776,2.25,1.0,-0.333333333,11.5,-3.5,11.5,-3.5,11.5,-3.5,11.49964591,-3.527335183,1.4,-0.36740959542138235,0.1975067385444744,192276626.4625968,0.2282433495614631,-0.40881542653607844
1935,1621,tuy(houndÃ©),ouoro,burkina_faso,11/3/2009,4,0,-0.766063572,,11.489445114846363,-3.522869838,-1.59856689,-1.749549776,2.25,1.0,-0.333333333,11.5,-3.5,11.5,-3.5,11.5,-3.5,11.49964591,-3.527335183,1.4,-0.36740959542138235,0.1975067385444744,192276626.4625968,0.2282433495614631,-0.40881542653607844
1936,1622,tuy(houndÃ©),ouoro,burkina_faso,11/3/2009,5,0,-0.764271355,,11.489445114846363,-3.522869838,-1.59856689,-1.749549776,2.25,1.0,-0.333333333,11.5,-3.5,11.5,-3.5,11.5,-3.5,11.49964591,-3.527335183,1.4,-0.36740959542138235,0.1975067385444744,192276626.4625968,0.2282433495614631,-0.40881542653607844
1937,1623,tuy(houndÃ©),ouoro,burkina_faso,10/30/2009,8,0,-0.475562796,,11.489445114846363,-3.522869838,-1.59856689,-1.749549776,2.25,1.0,-0.333333333,11.5,-3.5,11.5,-3.5,11.5,-3.5,11.49964591,-3.527335183,1.4,-0.36740959542138235,0.1975067385444744,192276626.4625968,0.2282433495614631,-0.40881542653607844
1938,1625,tuy(houndÃ©),ouoro,burkina_faso,10/30/2009,3,0,-0.913933675,,11.489445114846363,-3.522869838,-1.59856689,-1.749549776,2.25,1.0,-0.333333333,11.5,-3.5,11.5,-3.5,11.5,-3.5,11.49964591,-3.527335183,1.4,-0.36740959542138235,0.1975067385444744,192276626.4625968,0.2282433495614631,-0.40881542653607844
1939,1634,tuy(houndÃ©),ouoro,burkina_faso,10/31/2009,11,0,0.449571796,1.0,11.489445114846363,-3.522869838,-1.59856689,-1.749549776,2.25,1.0,-0.333333333,11.5,-3.5,11.5,-3.5,11.5,-3.5,11.49964591,-3.527335183,1.4,-0.36740959542138235,0.1975067385444744,192276626.4625968,0.2282433495614631,-0.40881542653607844
1940,1636,tuy(houndÃ©),ouoro,burkina_faso,10/30/2009,2,0,-0.913933675,,11.489445114846363,-3.522869838,-1.59856689,-1.749549776,2.25,1.0,-0.333333333,11.5,-3.5,11.5,-3.5,11.5,-3.5,11.49964591,-3.527335183,1.4,-0.36740959542138235,0.1975067385444744,192276626.4625968,0.2282433495614631,-0.40881542653607844
1941,1637,tuy(houndÃ©),ouoro,burkina_faso,10/30/2009,9,0,-1.085986566,,11.489445114846363,-3.522869838,-1.59856689,-1.749549776,2.25,1.0,-0.333333333,11.5,-3.5,11.5,-3.5,11.5,-3.5,11.49964591,-3.527335183,1.4,-0.36740959542138235,0.1975067385444744,192276626.4625968,0.2282433495614631,-0.40881542653607844
1942,1638,tuy(houndÃ©),ouoro,burkina_faso,10/31/2009,16,0,2.5693139325185803,,11.489445114846363,-3.522869838,-1.59856689,-1.749549776,2.25,1.0,-0.333333333,11.5,-3.5,11.5,-3.5,11.5,-3.5,11.49964591,-3.527335183,1.4,-0.36740959542138235,0.1975067385444744,192276626.4625968,0.2282433495614631,-0.40881542653607844
1943,1639,tuy(houndÃ©),ouoro,burkina_faso,10/31/2009,5,0,-0.946193592,,11.489445114846363,-3.522869838,-1.59856689,-1.749549776,2.25,1.0,-0.333333333,11.5,-3.5,11.5,-3.5,11.5,-3.5,11.49964591,-3.527335183,1.4,-0.36740959542138235,0.1975067385444744,192276626.4625968,0.2282433495614631,-0.40881542653607844
1944,1640,tuy(houndÃ©),ouoro,burkina_faso,10/31/2009,7,0,-0.942609157,,11.489445114846363,-3.522869838,-1.59856689,-1.749549776,2.25,1.0,-0.333333333,11.5,-3.5,11.5,-3.5,11.5,-3.5,11.49964591,-3.527335183,1.4,-0.36740959542138235,0.1975067385444744,192276626.4625968,0.2282433495614631,-0.40881542653607844
1945,1641,tuy(houndÃ©),ouoro,burkina_faso,10/31/2009,4,0,-0.418211832,1.0,11.489445114846363,-3.522869838,-1.59856689,-1.749549776,2.25,1.0,-0.333333333,11.5,-3.5,11.5,-3.5,11.5,-3.5,11.49964591,-3.527335183,1.4,-0.36740959542138235,0.1975067385444744,192276626.4625968,0.2282433495614631,-0.40881542653607844
1946,1642,tuy(houndÃ©),ouoro,burkina_faso,10/31/2009,3,0,0.2776978497035044,1.0,11.489445114846363,-3.522869838,-1.59856689,-1.749549776,2.25,1.0,-0.333333333,11.5,-3.5,11.5,-3.5,11.5,-3.5,11.49964591,-3.527335183,1.4,-0.36740959542138235,0.1975067385444744,192276626.4625968,0.2282433495614631,-0.40881542653607844
1947,1643,tuy(houndÃ©),ouoro,burkina_faso,10/31/2009,8,0,-0.561589242,1.0,11.489445114846363,-3.522869838,-1.59856689,-1.749549776,2.25,1.0,-0.333333333,11.5,-3.5,11.5,-3.5,11.5,-3.5,11.49964591,-3.527335183,1.4,-0.36740959542138235,0.1975067385444744,192276626.4625968,0.2282433495614631,-0.40881542653607844
1948,1646,tuy(houndÃ©),ouoro,burkina_faso,10/31/2009,14,0,-0.797606602,1.0,11.489445114846363,-3.522869838,-1.59856689,-1.749549776,2.25,1.0,-0.333333333,11.5,-3.5,11.5,-3.5,11.5,-3.5,11.49964591,-3.527335183,1.4,-0.36740959542138235,0.1975067385444744,192276626.4625968,0.2282433495614631,-0.40881542653607844
1949,1666,tuy(houndÃ©),pana,burkina_faso,11/4/2009,6,0,-1.021466732,,11.489445114846363,-3.522869838,-1.59856689,-1.749549776,2.25,1.0,-0.333333333,11.5,-3.5,11.5,-3.5,11.5,-3.5,11.49964591,-3.527335183,1.4,-0.36740959542138235,0.1975067385444744,192276626.4625968,0.2282433495614631,-0.40881542653607844
1950,1667,tuy(houndÃ©),pana,burkina_faso,11/4/2009,8,0,1.8744564261862624,,11.489445114846363,-3.522869838,-1.59856689,-1.749549776,2.25,1.0,-0.333333333,11.5,-3.5,11.5,-3.5,11.5,-3.5,11.49964591,-3.527335183,1.4,-0.36740959542138235,0.1975067385444744,192276626.4625968,0.2282433495614631,-0.40881542653607844
1951,1668,tuy(houndÃ©),pana,burkina_faso,11/4/2009,6,0,-0.780401313,,11.489445114846363,-3.522869838,-1.59856689,-1.749549776,2.25,1.0,-0.333333333,11.5,-3.5,11.5,-3.5,11.5,-3.5,11.49964591,-3.527335183,1.4,-0.36740959542138235,0.1975067385444744,192276626.4625968,0.2282433495614631,-0.40881542653607844
1952,1669,tuy(houndÃ©),pana,burkina_faso,11/4/2009,7,0,0.4907928016367536,,11.489445114846363,-3.522869838,-1.59856689,-1.749549776,2.25,1.0,-0.333333333,11.5,-3.5,11.5,-3.5,11.5,-3.5,11.49964591,-3.527335183,1.4,-0.36740959542138235,0.1975067385444744,192276626.4625968,0.2282433495614631,-0.40881542653607844
1953,1670,tuy(houndÃ©),pana,burkina_faso,11/4/2009,6,0,0.4961694544834487,,11.489445114846363,-3.522869838,-1.59856689,-1.749549776,2.25,1.0,-0.333333333,11.5,-3.5,11.5,-3.5,11.5,-3.5,11.49964591,-3.527335183,1.4,-0.36740959542138235,0.1975067385444744,192276626.4625968,0.2282433495614631,-0.40881542653607844
1954,1671,tuy(houndÃ©),pana,burkina_faso,11/4/2009,6,0,1.7407415750420645,1.0,11.489445114846363,-3.522869838,-1.59856689,-1.749549776,2.25,1.0,-0.333333333,11.5,-3.5,11.5,-3.5,11.5,-3.5,11.49964591,-3.527335183,1.4,-0.36740959542138235,0.1975067385444744,192276626.4625968,0.2282433495614631,-0.40881542653607844
1955,1672,tuy(houndÃ©),pana,burkina_faso,11/4/2009,6,0,-0.935440287,,11.489445114846363,-3.522869838,-1.59856689,-1.749549776,2.25,1.0,-0.333333333,11.5,-3.5,11.5,-3.5,11.5,-3.5,11.49964591,-3.527335183,1.4,-0.36740959542138235,0.1975067385444744,192276626.4625968,0.2282433495614631,-0.40881542653607844
1956,1673,tuy(houndÃ©),pana,burkina_faso,11/4/2009,6,0,-0.432549573,,11.489445114846363,-3.522869838,-1.59856689,-1.749549776,2.25,1.0,-0.333333333,11.5,-3.5,11.5,-3.5,11.5,-3.5,11.49964591,-3.527335183,1.4,-0.36740959542138235,0.1975067385444744,192276626.4625968,0.2282433495614631,-0.40881542653607844
1957,1674,tuy(houndÃ©),pana,burkina_faso,11/4/2009,6,0,3.4894667518094744,1.0,11.489445114846363,-3.522869838,-1.59856689,-1.749549776,2.25,1.0,-0.333333333,11.5,-3.5,11.5,-3.5,11.5,-3.5,11.49964591,-3.527335183,1.4,-0.36740959542138235,0.1975067385444744,192276626.4625968,0.2282433495614631,-0.40881542653607844
1958,1676,tuy(houndÃ©),saho,burkina_faso,11/3/2009,5,0,-0.764271355,,11.489445114846363,-3.522869838,-1.59856689,-1.749549776,2.25,1.0,-0.333333333,11.5,-3.5,11.5,-3.5,11.5,-3.5,11.49964591,-3.527335183,1.4,-0.36740959542138235,0.1975067385444744,192276626.4625968,0.2282433495614631,-0.40881542653607844
1959,1678,tuy(houndÃ©),saho,burkina_faso,11/3/2009,11,0,-0.796531272,,11.489445114846363,-3.522869838,-1.59856689,-1.749549776,2.25,1.0,-0.333333333,11.5,-3.5,11.5,-3.5,11.5,-3.5,11.49964591,-3.527335183,1.4,-0.36740959542138235,0.1975067385444744,192276626.4625968,0.2282433495614631,-0.40881542653607844
1960,1685,tuy(houndÃ©),saho,burkina_faso,11/3/2009,19,0,2.004871149298191,,11.489445114846363,-3.522869838,-1.59856689,-1.749549776,2.25,1.0,-0.333333333,11.5,-3.5,11.5,-3.5,11.5,-3.5,11.49964591,-3.527335183,1.4,-0.36740959542138235,0.1975067385444744,192276626.4625968,0.2282433495614631,-0.40881542653607844
1961,1687,tuy(houndÃ©),saho,burkina_faso,11/3/2009,6,0,1.7161625906000295,1.0,11.489445114846363,-3.522869838,-1.59856689,-1.749549776,2.25,1.0,-0.333333333,11.5,-3.5,11.5,-3.5,11.5,-3.5,11.49964591,-3.527335183,1.4,-0.36740959542138235,0.1975067385444744,192276626.4625968,0.2282433495614631,-0.40881542653607844
1962,1691,tuy(houndÃ©),saho,burkina_faso,11/3/2009,8,0,-0.978453509,,11.489445114846363,-3.522869838,-1.59856689,-1.749549776,2.25,1.0,-0.333333333,11.5,-3.5,11.5,-3.5,11.5,-3.5,11.49964591,-3.527335183,1.4,-0.36740959542138235,0.1975067385444744,192276626.4625968,0.2282433495614631,-0.40881542653607844
1963,1692,tuy(houndÃ©),saho,burkina_faso,11/3/2009,13,0,-0.79330528,,11.489445114846363,-3.522869838,-1.59856689,-1.749549776,2.25,1.0,-0.333333333,11.5,-3.5,11.5,-3.5,11.5,-3.5,11.49964591,-3.527335183,1.4,-0.36740959542138235,0.1975067385444744,192276626.4625968,0.2282433495614631,-0.40881542653607844
1964,1693,tuy(houndÃ©),saho,burkina_faso,11/3/2009,18,0,-0.454056185,,11.489445114846363,-3.522869838,-1.59856689,-1.749549776,2.25,1.0,-0.333333333,11.5,-3.5,11.5,-3.5,11.5,-3.5,11.49964591,-3.527335183,1.4,-0.36740959542138235,0.1975067385444744,192276626.4625968,0.2282433495614631,-0.40881542653607844
1965,1694,tuy(houndÃ©),saho,burkina_faso,11/3/2009,11,0,-0.448679532,,11.489445114846363,-3.522869838,-1.59856689,-1.749549776,2.25,1.0,-0.333333333,11.5,-3.5,11.5,-3.5,11.5,-3.5,11.49964591,-3.527335183,1.4,-0.36740959542138235,0.1975067385444744,192276626.4625968,0.2282433495614631,-0.40881542653607844
1966,1703,passorÃ©(yako),bokin secteur 2,burkina_faso,11/14/2009,3,0,1.582630228646903,1.0,13.00350966077545,-1.792657275,-1.559723298,-1.581189702,1.25,1.1666666666666667,-0.023809524,13.0,-1.8,13.0,-1.8,13.0,-1.8,12.98251538,-1.685227986,1.2,-0.21868860721588135,-0.1046296296296296,222404438.07885218,0.19248404503310332,-0.037669275975673634
1967,1704,passorÃ©(yako),bokin secteur 2,burkina_faso,11/14/2009,6,0,-0.956946898,,13.00350966077545,-1.792657275,-1.559723298,-1.581189702,1.25,1.1666666666666667,-0.023809524,13.0,-1.8,13.0,-1.8,13.0,-1.8,12.98251538,-1.685227986,1.2,-0.21868860721588135,-0.1046296296296296,222404438.07885218,0.19248404503310332,-0.037669275975673634
1968,1707,passorÃ©(yako),bokin secteur 2,burkina_faso,11/14/2009,30,0,6.267285093946818,,13.00350966077545,-1.792657275,-1.559723298,-1.581189702,1.25,1.1666666666666667,-0.023809524,13.0,-1.8,13.0,-1.8,13.0,-1.8,12.98251538,-1.685227986,1.2,-0.21868860721588135,-0.1046296296296296,222404438.07885218,0.19248404503310332,-0.037669275975673634
1969,1711,passorÃ©(yako),bokin secteur 2,burkina_faso,11/13/2009,9,0,-0.956946898,,13.00350966077545,-1.792657275,-1.559723298,-1.581189702,1.25,1.1666666666666667,-0.023809524,13.0,-1.8,13.0,-1.8,13.0,-1.8,12.98251538,-1.685227986,1.2,-0.21868860721588135,-0.1046296296296296,222404438.07885218,0.19248404503310332,-0.037669275975673634
1970,1715,passorÃ©(yako),bokin secteur 2,burkina_faso,11/14/2009,3,0,-0.956946898,1.0,13.00350966077545,-1.792657275,-1.559723298,-1.581189702,1.25,1.1666666666666667,-0.023809524,13.0,-1.8,13.0,-1.8,13.0,-1.8,12.98251538,-1.685227986,1.2,-0.21868860721588135,-0.1046296296296296,222404438.07885218,0.19248404503310332,-0.037669275975673634
1971,1719,passorÃ©(yako),bokin secteur 2,burkina_faso,11/13/2009,6,0,-0.935440287,1.0,13.00350966077545,-1.792657275,-1.559723298,-1.581189702,1.25,1.1666666666666667,-0.023809524,13.0,-1.8,13.0,-1.8,13.0,-1.8,12.98251538,-1.685227986,1.2,-0.21868860721588135,-0.1046296296296296,222404438.07885218,0.19248404503310332,-0.037669275975673634
1972,1720,passorÃ©(yako),bokin secteur 2,burkina_faso,11/14/2009,5,0,1.5503703115667324,1.0,13.00350966077545,-1.792657275,-1.559723298,-1.581189702,1.25,1.1666666666666667,-0.023809524,13.0,-1.8,13.0,-1.8,13.0,-1.8,12.98251538,-1.685227986,1.2,-0.21868860721588135,-0.1046296296296296,222404438.07885218,0.19248404503310332,-0.037669275975673634
1973,1723,passorÃ©(yako),bokin secteur 2,burkina_faso,11/14/2009,4,0,-0.587588547,1.0,13.00350966077545,-1.792657275,-1.559723298,-1.581189702,1.25,1.1666666666666667,-0.023809524,13.0,-1.8,13.0,-1.8,13.0,-1.8,12.98251538,-1.685227986,1.2,-0.21868860721588135,-0.1046296296296296,222404438.07885218,0.19248404503310332,-0.037669275975673634
1974,1726,passorÃ©(yako),bokin secteur 2,burkina_faso,11/13/2009,12,0,1.5181103944865622,1.0,13.00350966077545,-1.792657275,-1.559723298,-1.581189702,1.25,1.1666666666666667,-0.023809524,13.0,-1.8,13.0,-1.8,13.0,-1.8,12.98251538,-1.685227986,1.2,-0.21868860721588135,-0.1046296296296296,222404438.07885218,0.19248404503310332,-0.037669275975673634
1975,1747,passorÃ©(yako),bouria,burkina_faso,11/2/2009,6,0,-0.570383258,1.0,12.831032143385691,-2.181604187,-1.487978101,-1.548028275,1.375,1.1666666666666667,-0.023809524,12.85,-2.2,12.85,-2.2,12.85,-2.2,12.76161893,-2.101418271,1.4,-0.24101712022508895,-0.04508086253369274,230252795.44717127,0.20883767160401653,0.22755522547622636
1976,1748,passorÃ©(yako),bouria,burkina_faso,11/1/2009,12,0,-0.441152218,,12.831032143385691,-2.181604187,-1.487978101,-1.548028275,1.375,1.1666666666666667,-0.023809524,12.85,-2.2,12.85,-2.2,12.85,-2.2,12.76161893,-2.101418271,1.4,-0.24101712022508895,-0.04508086253369274,230252795.44717127,0.20883767160401653,0.22755522547622636
1977,1749,passorÃ©(yako),bouria,burkina_faso,11/1/2009,1,0,-0.896728386,,12.831032143385691,-2.181604187,-1.487978101,-1.548028275,1.375,1.1666666666666667,-0.023809524,12.85,-2.2,12.85,-2.2,12.85,-2.2,12.76161893,-2.101418271,1.4,-0.24101712022508895,-0.04508086253369274,230252795.44717127,0.20883767160401653,0.22755522547622636
1978,1750,passorÃ©(yako),bouria,burkina_faso,11/1/2009,7,0,-0.767497347,,12.831032143385691,-2.181604187,-1.487978101,-1.548028275,1.375,1.1666666666666667,-0.023809524,12.85,-2.2,12.85,-2.2,12.85,-2.2,12.76161893,-2.101418271,1.4,-0.24101712022508895,-0.04508086253369274,230252795.44717127,0.20883767160401653,0.22755522547622636
1979,1751,passorÃ©(yako),bouria,burkina_faso,11/1/2009,10,0,-0.946193592,,12.831032143385691,-2.181604187,-1.487978101,-1.548028275,1.375,1.1666666666666667,-0.023809524,12.85,-2.2,12.85,-2.2,12.85,-2.2,12.76161893,-2.101418271,1.4,-0.24101712022508895,-0.04508086253369274,230252795.44717127,0.20883767160401653,0.22755522547622636
1980,1752,passorÃ©(yako),bouria,burkina_faso,11/2/2009,15,0,-0.443302879,1.0,12.831032143385691,-2.181604187,-1.487978101,-1.548028275,1.375,1.1666666666666667,-0.023809524,12.85,-2.2,12.85,-2.2,12.85,-2.2,12.76161893,-2.101418271,1.4,-0.24101712022508895,-0.04508086253369274,230252795.44717127,0.20883767160401653,0.22755522547622636
1981,1753,passorÃ©(yako),bouria,burkina_faso,11/1/2009,15,0,-0.956946898,,12.831032143385691,-2.181604187,-1.487978101,-1.548028275,1.375,1.1666666666666667,-0.023809524,12.85,-2.2,12.85,-2.2,12.85,-2.2,12.76161893,-2.101418271,1.4,-0.24101712022508895,-0.04508086253369274,230252795.44717127,0.20883767160401653,0.22755522547622636
1982,1754,passorÃ©(yako),bouria,burkina_faso,11/1/2009,8,0,-0.780401313,,12.831032143385691,-2.181604187,-1.487978101,-1.548028275,1.375,1.1666666666666667,-0.023809524,12.85,-2.2,12.85,-2.2,12.85,-2.2,12.76161893,-2.101418271,1.4,-0.24101712022508895,-0.04508086253369274,230252795.44717127,0.20883767160401653,0.22755522547622636
1983,1755,passorÃ©(yako),bouria,burkina_faso,11/1/2009,9,0,-0.801907925,1.0,12.831032143385691,-2.181604187,-1.487978101,-1.548028275,1.375,1.1666666666666667,-0.023809524,12.85,-2.2,12.85,-2.2,12.85,-2.2,12.76161893,-2.101418271,1.4,-0.24101712022508895,-0.04508086253369274,230252795.44717127,0.20883767160401653,0.22755522547622636
1984,1756,passorÃ©(yako),gombre,burkina_faso,11/16/2009,1,0,-0.758894702,1.0,12.963660718169418,-2.259889575,-1.611960709,-1.696244935,1.3333333333333333,0.6666666666666666,-0.166666667,12.95,-2.25,12.95,-2.25,12.95,-2.25,12.96401712,-2.262677397,1.1,-0.26525692506269977,-0.09426605504587157,260577017.43750507,0.20598457684258373,-0.04444616070330634
1985,1757,passorÃ©(yako),gombre,burkina_faso,11/16/2009,6,0,-0.935440287,,12.963660718169418,-2.259889575,-1.611960709,-1.696244935,1.3333333333333333,0.6666666666666666,-0.166666667,12.95,-2.25,12.95,-2.25,12.95,-2.25,12.96401712,-2.262677397,1.1,-0.26525692506269977,-0.09426605504587157,260577017.43750507,0.20598457684258373,-0.04444616070330634
1986,1758,passorÃ©(yako),gombre,burkina_faso,11/16/2009,4,0,-0.935440287,,12.963660718169418,-2.259889575,-1.611960709,-1.696244935,1.3333333333333333,0.6666666666666666,-0.166666667,12.95,-2.25,12.95,-2.25,12.95,-2.25,12.96401712,-2.262677397,1.1,-0.26525692506269977,-0.09426605504587157,260577017.43750507,0.20598457684258373,-0.04444616070330634
1987,1759,passorÃ©(yako),gombre,burkina_faso,11/16/2009,9,0,-0.956946898,1.0,12.963660718169418,-2.259889575,-1.611960709,-1.696244935,1.3333333333333333,0.6666666666666666,-0.166666667,12.95,-2.25,12.95,-2.25,12.95,-2.25,12.96401712,-2.262677397,1.1,-0.26525692506269977,-0.09426605504587157,260577017.43750507,0.20598457684258373,-0.04444616070330634
1988,1760,passorÃ©(yako),gombre,burkina_faso,11/16/2009,4,0,-0.935440287,,12.963660718169418,-2.259889575,-1.611960709,-1.696244935,1.3333333333333333,0.6666666666666666,-0.166666667,12.95,-2.25,12.95,-2.25,12.95,-2.25,12.96401712,-2.262677397,1.1,-0.26525692506269977,-0.09426605504587157,260577017.43750507,0.20598457684258373,-0.04444616070330634
1989,1761,passorÃ©(yako),gombre,burkina_faso,11/16/2009,6,0,-0.935440287,,12.963660718169418,-2.259889575,-1.611960709,-1.696244935,1.3333333333333333,0.6666666666666666,-0.166666667,12.95,-2.25,12.95,-2.25,12.95,-2.25,12.96401712,-2.262677397,1.1,-0.26525692506269977,-0.09426605504587157,260577017.43750507,0.20598457684258373,-0.04444616070330634
1990,1762,passorÃ©(yako),gombre,burkina_faso,11/16/2009,5,0,-0.928271416,,12.963660718169418,-2.259889575,-1.611960709,-1.696244935,1.3333333333333333,0.6666666666666666,-0.166666667,12.95,-2.25,12.95,-2.25,12.95,-2.25,12.96401712,-2.262677397,1.1,-0.26525692506269977,-0.09426605504587157,260577017.43750507,0.20598457684258373,-0.04444616070330634
1991,1763,passorÃ©(yako),gombre,burkina_faso,11/16/2009,11,0,-0.951570245,,12.963660718169418,-2.259889575,-1.611960709,-1.696244935,1.3333333333333333,0.6666666666666666,-0.166666667,12.95,-2.25,12.95,-2.25,12.95,-2.25,12.96401712,-2.262677397,1.1,-0.26525692506269977,-0.09426605504587157,260577017.43750507,0.20598457684258373,-0.04444616070330634
1992,1764,passorÃ©(yako),gombre,burkina_faso,11/16/2009,21,0,-0.601030179,1.0,12.963660718169418,-2.259889575,-1.611960709,-1.696244935,1.3333333333333333,0.6666666666666666,-0.166666667,12.95,-2.25,12.95,-2.25,12.95,-2.25,12.96401712,-2.262677397,1.1,-0.26525692506269977,-0.09426605504587157,260577017.43750507,0.20598457684258373,-0.04444616070330634
1993,1801,passorÃ©(yako),ilyale,burkina_faso,11/2/2009,5,0,-0.791154619,,12.963660718169418,-2.259889575,-1.611960709,-1.696244935,1.3333333333333333,0.6666666666666666,-0.166666667,12.95,-2.25,12.95,-2.25,12.95,-2.25,12.96401712,-2.262677397,1.1,-0.26525692506269977,-0.09426605504587157,260577017.43750507,0.20598457684258373,-0.04444616070330634
1994,1802,passorÃ©(yako),ilyale,burkina_faso,11/2/2009,2,0,-0.913933675,1.0,12.963660718169418,-2.259889575,-1.611960709,-1.696244935,1.3333333333333333,0.6666666666666666,-0.166666667,12.95,-2.25,12.95,-2.25,12.95,-2.25,12.96401712,-2.262677397,1.1,-0.26525692506269977,-0.09426605504587157,260577017.43750507,0.20598457684258373,-0.04444616070330634
1995,1803,passorÃ©(yako),ilyale,burkina_faso,11/2/2009,7,0,-0.767497347,1.0,12.963660718169418,-2.259889575,-1.611960709,-1.696244935,1.3333333333333333,0.6666666666666666,-0.166666667,12.95,-2.25,12.95,-2.25,12.95,-2.25,12.96401712,-2.262677397,1.1,-0.26525692506269977,-0.09426605504587157,260577017.43750507,0.20598457684258373,-0.04444616070330634
1996,1804,passorÃ©(yako),ilyale,burkina_faso,11/2/2009,7,0,-0.787570184,,12.963660718169418,-2.259889575,-1.611960709,-1.696244935,1.3333333333333333,0.6666666666666666,-0.166666667,12.95,-2.25,12.95,-2.25,12.95,-2.25,12.96401712,-2.262677397,1.1,-0.26525692506269977,-0.09426605504587157,260577017.43750507,0.20598457684258373,-0.04444616070330634
1997,1805,passorÃ©(yako),ilyale,burkina_faso,11/2/2009,4,0,-0.935440287,1.0,12.963660718169418,-2.259889575,-1.611960709,-1.696244935,1.3333333333333333,0.6666666666666666,-0.166666667,12.95,-2.25,12.95,-2.25,12.95,-2.25,12.96401712,-2.262677397,1.1,-0.26525692506269977,-0.09426605504587157,260577017.43750507,0.20598457684258373,-0.04444616070330634
1998,1806,passorÃ©(yako),ilyale,burkina_faso,11/3/2009,12,0,-1.150506401,,12.963660718169418,-2.259889575,-1.611960709,-1.696244935,1.3333333333333333,0.6666666666666666,-0.166666667,12.95,-2.25,12.95,-2.25,12.95,-2.25,12.96401712,-2.262677397,1.1,-0.26525692506269977,-0.09426605504587157,260577017.43750507,0.20598457684258373,-0.04444616070330634
1999,1807,passorÃ©(yako),ilyale,burkina_faso,11/2/2009,1,0,-0.913933675,,12.963660718169418,-2.259889575,-1.611960709,-1.696244935,1.3333333333333333,0.6666666666666666,-0.166666667,12.95,-2.25,12.95,-2.25,12.95,-2.25,12.96401712,-2.262677397,1.1,-0.26525692506269977,-0.09426605504587157,260577017.43750507,0.20598457684258373,-0.04444616070330634
2000,1808,passorÃ©(yako),ilyale,burkina_faso,11/2/2009,1,0,-0.178736698,1.0,12.963660718169418,-2.259889575,-1.611960709,-1.696244935,1.3333333333333333,0.6666666666666666,-0.166666667,12.95,-2.25,12.95,-2.25,12.95,-2.25,12.96401712,-2.262677397,1.1,-0.26525692506269977,-0.09426605504587157,260577017.43750507,0.20598457684258373,-0.04444616070330634
2001,1809,passorÃ©(yako),ilyale,burkina_faso,11/2/2009,1,0,-0.178736698,1.0,12.963660718169418,-2.259889575,-1.611960709,-1.696244935,1.3333333333333333,0.6666666666666666,-0.166666667,12.95,-2.25,12.95,-2.25,12.95,-2.25,12.96401712,-2.262677397,1.1,-0.26525692506269977,-0.09426605504587157,260577017.43750507,0.20598457684258373,-0.04444616070330634
2002,1810,passorÃ©(yako),lantaga,burkina_faso,11/12/2009,12,0,-0.866427759,,12.762932763845306,-2.187679805,-1.489808172,-1.597181946,2.0,1.0,0.0,12.75,-2.2,12.75,-2.2,12.75,-2.2,12.76161893,-2.262677397,1.7,-0.21138536930084229,0.04613078241005139,185711287.0069884,0.20589475910041993,0.34465558657937073
2003,1811,passorÃ©(yako),lantaga,burkina_faso,11/11/2009,5,0,-0.946193592,,12.762932763845306,-2.187679805,-1.489808172,-1.597181946,2.0,1.0,0.0,12.75,-2.2,12.75,-2.2,12.75,-2.2,12.76161893,-2.262677397,1.7,-0.21138536930084229,0.04613078241005139,185711287.0069884,0.20589475910041993,0.34465558657937073
2004,1812,passorÃ©(yako),lantaga,burkina_faso,11/12/2009,15,0,-0.924686981,,12.762932763845306,-2.187679805,-1.489808172,-1.597181946,2.0,1.0,0.0,12.75,-2.2,12.75,-2.2,12.75,-2.2,12.76161893,-2.262677397,1.7,-0.21138536930084229,0.04613078241005139,185711287.0069884,0.20589475910041993,0.34465558657937073
2005,1813,passorÃ©(yako),lantaga,burkina_faso,11/11/2009,4,0,-0.904716556,,12.762932763845306,-2.187679805,-1.489808172,-1.597181946,2.0,1.0,0.0,12.75,-2.2,12.75,-2.2,12.75,-2.2,12.76161893,-2.262677397,1.7,-0.21138536930084229,0.04613078241005139,185711287.0069884,0.20589475910041993,0.34465558657937073
2006,1814,passorÃ©(yako),lantaga,burkina_faso,11/11/2009,7,0,-0.92253632,,12.762932763845306,-2.187679805,-1.489808172,-1.597181946,2.0,1.0,0.0,12.75,-2.2,12.75,-2.2,12.75,-2.2,12.76161893,-2.262677397,1.7,-0.21138536930084229,0.04613078241005139,185711287.0069884,0.20589475910041993,0.34465558657937073
2007,1815,passorÃ©(yako),lantaga,burkina_faso,11/11/2009,3,0,-0.913933675,,12.762932763845306,-2.187679805,-1.489808172,-1.597181946,2.0,1.0,0.0,12.75,-2.2,12.75,-2.2,12.75,-2.2,12.76161893,-2.262677397,1.7,-0.21138536930084229,0.04613078241005139,185711287.0069884,0.20589475910041993,0.34465558657937073
2008,1816,passorÃ©(yako),lantaga,burkina_faso,11/11/2009,6,0,-0.421796268,,12.762932763845306,-2.187679805,-1.489808172,-1.597181946,2.0,1.0,0.0,12.75,-2.2,12.75,-2.2,12.75,-2.2,12.76161893,-2.262677397,1.7,-0.21138536930084229,0.04613078241005139,185711287.0069884,0.20589475910041993,0.34465558657937073
2009,1817,passorÃ©(yako),lantaga,burkina_faso,11/12/2009,8,0,-0.935440287,,12.762932763845306,-2.187679805,-1.489808172,-1.597181946,2.0,1.0,0.0,12.75,-2.2,12.75,-2.2,12.75,-2.2,12.76161893,-2.262677397,1.7,-0.21138536930084229,0.04613078241005139,185711287.0069884,0.20589475910041993,0.34465558657937073
2010,1818,passorÃ©(yako),lantaga,burkina_faso,,4,0,-0.921102546,,12.762932763845306,-2.187679805,-1.489808172,-1.597181946,2.0,1.0,0.0,12.75,-2.2,12.75,-2.2,12.75,-2.2,12.76161893,-2.262677397,1.7,-0.21138536930084229,0.04613078241005139,185711287.0069884,0.20589475910041993,0.34465558657937073
2011,1819,passorÃ©(yako),lantaga,burkina_faso,11/12/2009,11,0,-0.623432899,1.0,12.762932763845306,-2.187679805,-1.489808172,-1.597181946,2.0,1.0,0.0,12.75,-2.2,12.75,-2.2,12.75,-2.2,12.76161893,-2.262677397,1.7,-0.21138536930084229,0.04613078241005139,185711287.0069884,0.20589475910041993,0.34465558657937073
2012,1837,passorÃ©(yako),reanon,burkina_faso,11/12/2009,4,0,-0.978453509,,12.963660718169418,-2.259889575,-1.611960709,-1.696244935,1.3333333333333333,0.6666666666666666,-0.166666667,12.95,-2.25,12.95,-2.25,12.95,-2.25,12.96401712,-2.262677397,1.1,-0.26525692506269977,-0.09426605504587157,260577017.43750507,0.20598457684258373,-0.04444616070330634
2013,1838,passorÃ©(yako),reanon,burkina_faso,11/13/2009,2,0,-0.913933675,,12.963660718169418,-2.259889575,-1.611960709,-1.696244935,1.3333333333333333,0.6666666666666666,-0.166666667,12.95,-2.25,12.95,-2.25,12.95,-2.25,12.96401712,-2.262677397,1.1,-0.26525692506269977,-0.09426605504587157,260577017.43750507,0.20598457684258373,-0.04444616070330634
2014,1840,passorÃ©(yako),reanon,burkina_faso,11/13/2009,7,0,-0.917518111,,12.963660718169418,-2.259889575,-1.611960709,-1.696244935,1.3333333333333333,0.6666666666666666,-0.166666667,12.95,-2.25,12.95,-2.25,12.95,-2.25,12.96401712,-2.262677397,1.1,-0.26525692506269977,-0.09426605504587157,260577017.43750507,0.20598457684258373,-0.04444616070330634
2015,1841,passorÃ©(yako),reanon,burkina_faso,11/13/2009,9,0,-0.769648008,,12.963660718169418,-2.259889575,-1.611960709,-1.696244935,1.3333333333333333,0.6666666666666666,-0.166666667,12.95,-2.25,12.95,-2.25,12.95,-2.25,12.96401712,-2.262677397,1.1,-0.26525692506269977,-0.09426605504587157,260577017.43750507,0.20598457684258373,-0.04444616070330634
2016,1842,passorÃ©(yako),reanon,burkina_faso,11/13/2009,8,0,-0.935440287,,12.963660718169418,-2.259889575,-1.611960709,-1.696244935,1.3333333333333333,0.6666666666666666,-0.166666667,12.95,-2.25,12.95,-2.25,12.95,-2.25,12.96401712,-2.262677397,1.1,-0.26525692506269977,-0.09426605504587157,260577017.43750507,0.20598457684258373,-0.04444616070330634
2017,1843,passorÃ©(yako),reanon,burkina_faso,11/13/2009,7,0,-0.930063634,,12.963660718169418,-2.259889575,-1.611960709,-1.696244935,1.3333333333333333,0.6666666666666666,-0.166666667,12.95,-2.25,12.95,-2.25,12.95,-2.25,12.96401712,-2.262677397,1.1,-0.26525692506269977,-0.09426605504587157,260577017.43750507,0.20598457684258373,-0.04444616070330634
2018,1844,passorÃ©(yako),reanon,burkina_faso,11/13/2009,14,0,-0.767497347,,12.963660718169418,-2.259889575,-1.611960709,-1.696244935,1.3333333333333333,0.6666666666666666,-0.166666667,12.95,-2.25,12.95,-2.25,12.95,-2.25,12.96401712,-2.262677397,1.1,-0.26525692506269977,-0.09426605504587157,260577017.43750507,0.20598457684258373,-0.04444616070330634
2019,1845,passorÃ©(yako),reanon,burkina_faso,11/12/2009,10,0,-0.946193592,,12.963660718169418,-2.259889575,-1.611960709,-1.696244935,1.3333333333333333,0.6666666666666666,-0.166666667,12.95,-2.25,12.95,-2.25,12.95,-2.25,12.96401712,-2.262677397,1.1,-0.26525692506269977,-0.09426605504587157,260577017.43750507,0.20598457684258373,-0.04444616070330634
2020,1864,yatenga(ouahigouya),balongo,burkina_faso,11/2/2009,5,0,-0.773232443,1.0,13.65945,-2.48013,-1.747280598,-2.154203892,3.0,0.1666666666666666,-0.166666667,13.65,-2.5,13.65,-2.5,13.65,-2.5,13.50282815,-2.443899142,0.6,-0.25428062677383423,-0.04517543859649118,212589435.71695828,0.16545725272782624,0.8191583641676597
2021,1865,yatenga(ouahigouya),balongo,burkina_faso,11/2/2009,5,0,-0.946193592,,13.65945,-2.48013,-1.747280598,-2.154203892,3.0,0.1666666666666666,-0.166666667,13.65,-2.5,13.65,-2.5,13.65,-2.5,13.50282815,-2.443899142,0.6,-0.25428062677383423,-0.04517543859649118,212589435.71695828,0.16545725272782624,0.8191583641676597
2022,1866,yatenga(ouahigouya),balongo,burkina_faso,11/3/2009,5,0,-0.773232443,,13.65945,-2.48013,-1.747280598,-2.154203892,3.0,0.1666666666666666,-0.166666667,13.65,-2.5,13.65,-2.5,13.65,-2.5,13.50282815,-2.443899142,0.6,-0.25428062677383423,-0.04517543859649118,212589435.71695828,0.16545725272782624,0.8191583641676597
2023,1867,yatenga(ouahigouya),balongo,burkina_faso,11/2/2009,3,0,-0.769648008,,13.65945,-2.48013,-1.747280598,-2.154203892,3.0,0.1666666666666666,-0.166666667,13.65,-2.5,13.65,-2.5,13.65,-2.5,13.50282815,-2.443899142,0.6,-0.25428062677383423,-0.04517543859649118,212589435.71695828,0.16545725272782624,0.8191583641676597
2024,1868,yatenga(ouahigouya),balongo,burkina_faso,11/2/2009,5,0,-0.773232443,,13.65945,-2.48013,-1.747280598,-2.154203892,3.0,0.1666666666666666,-0.166666667,13.65,-2.5,13.65,-2.5,13.65,-2.5,13.50282815,-2.443899142,0.6,-0.25428062677383423,-0.04517543859649118,212589435.71695828,0.16545725272782624,0.8191583641676597
2025,1869,yatenga(ouahigouya),balongo,burkina_faso,11/2/2009,6,0,-0.780401313,,13.65945,-2.48013,-1.747280598,-2.154203892,3.0,0.1666666666666666,-0.166666667,13.65,-2.5,13.65,-2.5,13.65,-2.5,13.50282815,-2.443899142,0.6,-0.25428062677383423,-0.04517543859649118,212589435.71695828,0.16545725272782624,0.8191583641676597
2026,1870,yatenga(ouahigouya),balongo,burkina_faso,11/3/2009,7,0,-0.775024661,,13.65945,-2.48013,-1.747280598,-2.154203892,3.0,0.1666666666666666,-0.166666667,13.65,-2.5,13.65,-2.5,13.65,-2.5,13.50282815,-2.443899142,0.6,-0.25428062677383423,-0.04517543859649118,212589435.71695828,0.16545725272782624,0.8191583641676597
2027,1871,yatenga(ouahigouya),balongo,burkina_faso,11/3/2009,10,0,-0.791154619,,13.65945,-2.48013,-1.747280598,-2.154203892,3.0,0.1666666666666666,-0.166666667,13.65,-2.5,13.65,-2.5,13.65,-2.5,13.50282815,-2.443899142,0.6,-0.25428062677383423,-0.04517543859649118,212589435.71695828,0.16545725272782624,0.8191583641676597
2028,1872,yatenga(ouahigouya),balongo,burkina_faso,11/2/2009,3,0,-0.924686981,,13.65945,-2.48013,-1.747280598,-2.154203892,3.0,0.1666666666666666,-0.166666667,13.65,-2.5,13.65,-2.5,13.65,-2.5,13.50282815,-2.443899142,0.6,-0.25428062677383423,-0.04517543859649118,212589435.71695828,0.16545725272782624,0.8191583641676597
2029,1892,yatenga(ouahigouya),barma-mossi,burkina_faso,11/7/2009,14,0,-0.780401313,1.0,13.240319999999995,-2.05716,-1.605768124,-1.605768124,1.0,0.5,-0.5,13.25,-2.05,13.25,-2.05,13.25,-2.05,13.20909134,-2.101418271,0.6,-0.2843644817670186,-0.04517543859649123,204775230.72304633,0.18909951178732815,0.4163284797461115
2030,1893,yatenga(ouahigouya),barma-mossi,burkina_faso,11/7/2009,8,0,-0.475562796,1.0,13.240319999999995,-2.05716,-1.605768124,-1.605768124,1.0,0.5,-0.5,13.25,-2.05,13.25,-2.05,13.25,-2.05,13.20909134,-2.101418271,0.6,-0.2843644817670186,-0.04517543859649123,204775230.72304633,0.18909951178732815,0.4163284797461115
2031,1897,yatenga(ouahigouya),barma-mossi,burkina_faso,11/7/2009,12,0,-0.432549573,,13.240319999999995,-2.05716,-1.605768124,-1.605768124,1.0,0.5,-0.5,13.25,-2.05,13.25,-2.05,13.25,-2.05,13.20909134,-2.101418271,0.6,-0.2843644817670186,-0.04517543859649123,204775230.72304633,0.18909951178732815,0.4163284797461115
2032,1898,yatenga(ouahigouya),barma-mossi,burkina_faso,11/7/2009,5,0,-0.791154619,1.0,13.240319999999995,-2.05716,-1.605768124,-1.605768124,1.0,0.5,-0.5,13.25,-2.05,13.25,-2.05,13.25,-2.05,13.20909134,-2.101418271,0.6,-0.2843644817670186,-0.04517543859649123,204775230.72304633,0.18909951178732815,0.4163284797461115
2033,1904,yatenga(ouahigouya),barma-mossi,burkina_faso,11/7/2009,5,0,-0.946193592,1.0,13.240319999999995,-2.05716,-1.605768124,-1.605768124,1.0,0.5,-0.5,13.25,-2.05,13.25,-2.05,13.25,-2.05,13.20909134,-2.101418271,0.6,-0.2843644817670186,-0.04517543859649123,204775230.72304633,0.18909951178732815,0.4163284797461115
2034,1907,yatenga(ouahigouya),barma-mossi,burkina_faso,11/8/2009,6,0,-0.801907925,1.0,13.240319999999995,-2.05716,-1.605768124,-1.605768124,1.0,0.5,-0.5,13.25,-2.05,13.25,-2.05,13.25,-2.05,13.20909134,-2.101418271,0.6,-0.2843644817670186,-0.04517543859649123,204775230.72304633,0.18909951178732815,0.4163284797461115
2035,1914,yatenga(ouahigouya),barma-mossi,burkina_faso,11/7/2009,11,0,-0.951570245,1.0,13.240319999999995,-2.05716,-1.605768124,-1.605768124,1.0,0.5,-0.5,13.25,-2.05,13.25,-2.05,13.25,-2.05,13.20909134,-2.101418271,0.6,-0.2843644817670186,-0.04517543859649123,204775230.72304633,0.18909951178732815,0.4163284797461115
2036,1916,yatenga(ouahigouya),barma-mossi,burkina_faso,11/8/2009,8,0,-0.935440287,1.0,13.240319999999995,-2.05716,-1.605768124,-1.605768124,1.0,0.5,-0.5,13.25,-2.05,13.25,-2.05,13.25,-2.05,13.20909134,-2.101418271,0.6,-0.2843644817670186,-0.04517543859649123,204775230.72304633,0.18909951178732815,0.4163284797461115
2037,1917,yatenga(ouahigouya),barma-mossi,burkina_faso,11/8/2009,11,0,-0.816245666,1.0,13.240319999999995,-2.05716,-1.605768124,-1.605768124,1.0,0.5,-0.5,13.25,-2.05,13.25,-2.05,13.25,-2.05,13.20909134,-2.101418271,0.6,-0.2843644817670186,-0.04517543859649123,204775230.72304633,0.18909951178732815,0.4163284797461115
2038,1918,yatenga(ouahigouya),bidi rimaibe thiou,burkina_faso,11/1/2009,6,0,-0.801907925,,13.90834,-2.48512,-1.890518188,-2.302386522,3.0,0.1666666666666666,-0.166666667,13.9,-2.5,13.9,-2.5,13.9,-2.5,14.03752044,-2.443899142,0.6,-0.39841510852177936,-0.04517543859649118,212589435.71695828,0.16538097656590767,0.8311556935201989
2039,1923,yatenga(ouahigouya),bidi rimaibe thiou,burkina_faso,11/1/2009,11,0,-0.796531272,,13.90834,-2.48512,-1.890518188,-2.302386522,3.0,0.1666666666666666,-0.166666667,13.9,-2.5,13.9,-2.5,13.9,-2.5,14.03752044,-2.443899142,0.6,-0.39841510852177936,-0.04517543859649118,212589435.71695828,0.16538097656590767,0.8311556935201989
2040,1928,yatenga(ouahigouya),bidi rimaibe thiou,burkina_faso,11/1/2009,12,0,-0.780401313,1.0,13.90834,-2.48512,-1.890518188,-2.302386522,3.0,0.1666666666666666,-0.166666667,13.9,-2.5,13.9,-2.5,13.9,-2.5,14.03752044,-2.443899142,0.6,-0.39841510852177936,-0.04517543859649118,212589435.71695828,0.16538097656590767,0.8311556935201989
2041,1930,yatenga(ouahigouya),bidi rimaibe thiou,burkina_faso,11/1/2009,10,0,-0.432549573,,13.90834,-2.48512,-1.890518188,-2.302386522,3.0,0.1666666666666666,-0.166666667,13.9,-2.5,13.9,-2.5,13.9,-2.5,14.03752044,-2.443899142,0.6,-0.39841510852177936,-0.04517543859649118,212589435.71695828,0.16538097656590767,0.8311556935201989
2042,1932,yatenga(ouahigouya),bidi rimaibe thiou,burkina_faso,11/1/2009,6,0,-0.780401313,,13.90834,-2.48512,-1.890518188,-2.302386522,3.0,0.1666666666666666,-0.166666667,13.9,-2.5,13.9,-2.5,13.9,-2.5,14.03752044,-2.443899142,0.6,-0.39841510852177936,-0.04517543859649118,212589435.71695828,0.16538097656590767,0.8311556935201989
2043,1934,yatenga(ouahigouya),bidi rimaibe thiou,burkina_faso,11/1/2009,3,0,-0.769648008,,13.90834,-2.48512,-1.890518188,-2.302386522,3.0,0.1666666666666666,-0.166666667,13.9,-2.5,13.9,-2.5,13.9,-2.5,14.03752044,-2.443899142,0.6,-0.39841510852177936,-0.04517543859649118,212589435.71695828,0.16538097656590767,0.8311556935201989
2044,1935,yatenga(ouahigouya),bidi rimaibe thiou,burkina_faso,11/1/2009,19,0,-0.447911439,1.0,13.90834,-2.48512,-1.890518188,-2.302386522,3.0,0.1666666666666666,-0.166666667,13.9,-2.5,13.9,-2.5,13.9,-2.5,14.03752044,-2.443899142,0.6,-0.39841510852177936,-0.04517543859649118,212589435.71695828,0.16538097656590767,0.8311556935201989
2045,1939,yatenga(ouahigouya),bidi rimaibe thiou,burkina_faso,11/1/2009,2,0,-0.913933675,,13.90834,-2.48512,-1.890518188,-2.302386522,3.0,0.1666666666666666,-0.166666667,13.9,-2.5,13.9,-2.5,13.9,-2.5,14.03752044,-2.443899142,0.6,-0.39841510852177936,-0.04517543859649118,212589435.71695828,0.16538097656590767,0.8311556935201989
2046,1944,yatenga(ouahigouya),bidi rimaibe thiou,burkina_faso,11/1/2009,6,0,-0.454056185,,13.90834,-2.48512,-1.890518188,-2.302386522,3.0,0.1666666666666666,-0.166666667,13.9,-2.5,13.9,-2.5,13.9,-2.5,14.03752044,-2.443899142,0.6,-0.39841510852177936,-0.04517543859649118,212589435.71695828,0.16538097656590767,0.8311556935201989
2047,1947,yatenga(ouahigouya),bissighin,burkina_faso,11/5/2009,7,0,-0.787570184,1.0,12.50923,-1.7206,-1.59091262,-1.676187317,2.0,1.0,0.0,12.5,-1.7,12.5,-1.7,12.5,-1.7,12.60199655,-1.685227986,1.8,-0.24787051147884792,-0.10571895424836601,190001502.360452,0.19946356859750494,-0.010674359428328605
2048,1950,yatenga(ouahigouya),bissighin,burkina_faso,11/6/2009,6,0,-0.924686981,1.0,12.50923,-1.7206,-1.59091262,-1.676187317,2.0,1.0,0.0,12.5,-1.7,12.5,-1.7,12.5,-1.7,12.60199655,-1.685227986,1.8,-0.24787051147884792,-0.10571895424836601,190001502.360452,0.19946356859750494,-0.010674359428328605
2049,1952,yatenga(ouahigouya),bissighin,burkina_faso,11/5/2009,7,0,-0.775024661,1.0,12.50923,-1.7206,-1.59091262,-1.676187317,2.0,1.0,0.0,12.5,-1.7,12.5,-1.7,12.5,-1.7,12.60199655,-1.685227986,1.8,-0.24787051147884792,-0.10571895424836601,190001502.360452,0.19946356859750494,-0.010674359428328605
2050,1960,yatenga(ouahigouya),bissighin,burkina_faso,11/5/2009,5,0,-0.946193592,,12.50923,-1.7206,-1.59091262,-1.676187317,2.0,1.0,0.0,12.5,-1.7,12.5,-1.7,12.5,-1.7,12.60199655,-1.685227986,1.8,-0.24787051147884792,-0.10571895424836601,190001502.360452,0.19946356859750494,-0.010674359428328605
2051,1961,yatenga(ouahigouya),bissighin,burkina_faso,11/6/2009,9,0,-0.785777966,,12.50923,-1.7206,-1.59091262,-1.676187317,2.0,1.0,0.0,12.5,-1.7,12.5,-1.7,12.5,-1.7,12.60199655,-1.685227986,1.8,-0.24787051147884792,-0.10571895424836601,190001502.360452,0.19946356859750494,-0.010674359428328605
2052,1962,yatenga(ouahigouya),bissighin,burkina_faso,11/5/2009,6,0,-0.801907925,,12.50923,-1.7206,-1.59091262,-1.676187317,2.0,1.0,0.0,12.5,-1.7,12.5,-1.7,12.5,-1.7,12.60199655,-1.685227986,1.8,-0.24787051147884792,-0.10571895424836601,190001502.360452,0.19946356859750494,-0.010674359428328605
2053,1963,yatenga(ouahigouya),bissighin,burkina_faso,11/5/2009,4,0,-0.780401313,,12.50923,-1.7206,-1.59091262,-1.676187317,2.0,1.0,0.0,12.5,-1.7,12.5,-1.7,12.5,-1.7,12.60199655,-1.685227986,1.8,-0.24787051147884792,-0.10571895424836601,190001502.360452,0.19946356859750494,-0.010674359428328605
2054,1964,yatenga(ouahigouya),bissighin,burkina_faso,11/6/2009,10,0,-0.791154619,,12.50923,-1.7206,-1.59091262,-1.676187317,2.0,1.0,0.0,12.5,-1.7,12.5,-1.7,12.5,-1.7,12.60199655,-1.685227986,1.8,-0.24787051147884792,-0.10571895424836601,190001502.360452,0.19946356859750494,-0.010674359428328605
2055,1970,yatenga(ouahigouya),bissighin,burkina_faso,11/5/2009,10,0,-0.791154619,,12.50923,-1.7206,-1.59091262,-1.676187317,2.0,1.0,0.0,12.5,-1.7,12.5,-1.7,12.5,-1.7,12.60199655,-1.685227986,1.8,-0.24787051147884792,-0.10571895424836601,190001502.360452,0.19946356859750494,-0.010674359428328605
2056,1972,yatenga(ouahigouya),boulle,burkina_faso,11/9/2009,14,0,-0.422991079,,13.194374569284037,-3.833565665,-1.626473248,-1.789244473,2.0,0.3333333333333333,-0.333333333,13.2,-3.85,13.2,-3.85,13.2,-3.85,13.20909134,-3.793292763,0.9,-0.30009755823347306,-0.0831081081081081,158605991.5780933,0.21630617329740603,0.5314176118580236
2057,1975,yatenga(ouahigouya),boulle,burkina_faso,11/9/2009,5,0,-0.598341852,,13.194374569284037,-3.833565665,-1.626473248,-1.789244473,2.0,0.3333333333333333,-0.333333333,13.2,-3.85,13.2,-3.85,13.2,-3.85,13.20909134,-3.793292763,0.9,-0.30009755823347306,-0.0831081081081081,158605991.5780933,0.21630617329740603,0.5314176118580236
2058,1978,yatenga(ouahigouya),boulle,burkina_faso,11/9/2009,13,0,-0.436134009,1.0,13.194374569284037,-3.833565665,-1.626473248,-1.789244473,2.0,0.3333333333333333,-0.333333333,13.2,-3.85,13.2,-3.85,13.2,-3.85,13.20909134,-3.793292763,0.9,-0.30009755823347306,-0.0831081081081081,158605991.5780933,0.21630617329740603,0.5314176118580236
2059,1981,yatenga(ouahigouya),boulle,burkina_faso,11/8/2009,7,0,-0.787570184,1.0,13.194374569284037,-3.833565665,-1.626473248,-1.789244473,2.0,0.3333333333333333,-0.333333333,13.2,-3.85,13.2,-3.85,13.2,-3.85,13.20909134,-3.793292763,0.9,-0.30009755823347306,-0.0831081081081081,158605991.5780933,0.21630617329740603,0.5314176118580236
2060,1983,yatenga(ouahigouya),boulle,burkina_faso,11/8/2009,4,0,-0.40674164,1.0,13.194374569284037,-3.833565665,-1.626473248,-1.789244473,2.0,0.3333333333333333,-0.333333333,13.2,-3.85,13.2,-3.85,13.2,-3.85,13.20909134,-3.793292763,0.9,-0.30009755823347306,-0.0831081081081081,158605991.5780933,0.21630617329740603,0.5314176118580236
2061,1988,yatenga(ouahigouya),boulle,burkina_faso,11/8/2009,14,0,0.8260990183396067,1.0,13.194374569284037,-3.833565665,-1.626473248,-1.789244473,2.0,0.3333333333333333,-0.333333333,13.2,-3.85,13.2,-3.85,13.2,-3.85,13.20909134,-3.793292763,0.9,-0.30009755823347306,-0.0831081081081081,158605991.5780933,0.21630617329740603,0.5314176118580236
2062,1990,yatenga(ouahigouya),boulle,burkina_faso,11/9/2009,6,0,-0.935440287,1.0,13.194374569284037,-3.833565665,-1.626473248,-1.789244473,2.0,0.3333333333333333,-0.333333333,13.2,-3.85,13.2,-3.85,13.2,-3.85,13.20909134,-3.793292763,0.9,-0.30009755823347306,-0.0831081081081081,158605991.5780933,0.21630617329740603,0.5314176118580236
2063,1995,yatenga(ouahigouya),boulle,burkina_faso,11/9/2009,5,0,-0.791154619,1.0,13.194374569284037,-3.833565665,-1.626473248,-1.789244473,2.0,0.3333333333333333,-0.333333333,13.2,-3.85,13.2,-3.85,13.2,-3.85,13.20909134,-3.793292763,0.9,-0.30009755823347306,-0.0831081081081081,158605991.5780933,0.21630617329740603,0.5314176118580236
2064,1997,yatenga(ouahigouya),boulle,burkina_faso,11/9/2009,20,0,-0.43732882,1.0,13.194374569284037,-3.833565665,-1.626473248,-1.789244473,2.0,0.3333333333333333,-0.333333333,13.2,-3.85,13.2,-3.85,13.2,-3.85,13.20909134,-3.793292763,0.9,-0.30009755823347306,-0.0831081081081081,158605991.5780933,0.21630617329740603,0.5314176118580236
2065,1999,yatenga(ouahigouya),dinguiri,burkina_faso,10/31/2009,11,0,-0.423332454,,13.76697,-2.35906,-1.871886253,-2.271956444,3.0,0.1666666666666666,-0.166666667,13.75,-2.35,13.75,-2.35,13.75,-2.35,13.50282815,-2.354225661,0.6,-0.3671925663948059,-0.04517543859649118,212589435.71695828,0.1677465892292694,0.8353305534033789
2066,2006,yatenga(ouahigouya),dinguiri,burkina_faso,10/31/2009,12,0,-0.432549573,,13.76697,-2.35906,-1.871886253,-2.271956444,3.0,0.1666666666666666,-0.166666667,13.75,-2.35,13.75,-2.35,13.75,-2.35,13.50282815,-2.354225661,0.6,-0.3671925663948059,-0.04517543859649118,212589435.71695828,0.1677465892292694,0.8353305534033789
2067,2007,yatenga(ouahigouya),dinguiri,burkina_faso,10/30/2009,8,0,-0.446887314,,13.76697,-2.35906,-1.871886253,-2.271956444,3.0,0.1666666666666666,-0.166666667,13.75,-2.35,13.75,-2.35,13.75,-2.35,13.50282815,-2.354225661,0.6,-0.3671925663948059,-0.04517543859649118,212589435.71695828,0.1677465892292694,0.8353305534033789
2068,2008,yatenga(ouahigouya),dinguiri,burkina_faso,10/31/2009,10,0,0.4567406669410181,,13.76697,-2.35906,-1.871886253,-2.271956444,3.0,0.1666666666666666,-0.166666667,13.75,-2.35,13.75,-2.35,13.75,-2.35,13.50282815,-2.354225661,0.6,-0.3671925663948059,-0.04517543859649118,212589435.71695828,0.1677465892292694,0.8353305534033789
2069,2011,yatenga(ouahigouya),dinguiri,burkina_faso,10/30/2009,8,0,-0.771798669,,13.76697,-2.35906,-1.871886253,-2.271956444,3.0,0.1666666666666666,-0.166666667,13.75,-2.35,13.75,-2.35,13.75,-2.35,13.50282815,-2.354225661,0.6,-0.3671925663948059,-0.04517543859649118,212589435.71695828,0.1677465892292694,0.8353305534033789
2070,2017,yatenga(ouahigouya),dinguiri,burkina_faso,10/30/2009,9,0,-0.989206815,1.0,13.76697,-2.35906,-1.871886253,-2.271956444,3.0,0.1666666666666666,-0.166666667,13.75,-2.35,13.75,-2.35,13.75,-2.35,13.50282815,-2.354225661,0.6,-0.3671925663948059,-0.04517543859649118,212589435.71695828,0.1677465892292694,0.8353305534033789
2071,2018,yatenga(ouahigouya),dinguiri,burkina_faso,11/1/2009,7,0,-0.787570184,1.0,13.76697,-2.35906,-1.871886253,-2.271956444,3.0,0.1666666666666666,-0.166666667,13.75,-2.35,13.75,-2.35,13.75,-2.35,13.50282815,-2.354225661,0.6,-0.3671925663948059,-0.04517543859649118,212589435.71695828,0.1677465892292694,0.8353305534033789
2072,2022,yatenga(ouahigouya),dinguiri,burkina_faso,10/31/2009,4,0,0.1441654877503777,,13.76697,-2.35906,-1.871886253,-2.271956444,3.0,0.1666666666666666,-0.166666667,13.75,-2.35,13.75,-2.35,13.75,-2.35,13.50282815,-2.354225661,0.6,-0.3671925663948059,-0.04517543859649118,212589435.71695828,0.1677465892292694,0.8353305534033789
2073,2025,yatenga(ouahigouya),dinguiri,burkina_faso,10/30/2009,6,0,0.657809507,,13.76697,-2.35906,-1.871886253,-2.271956444,3.0,0.1666666666666666,-0.166666667,13.75,-2.35,13.75,-2.35,13.75,-2.35,13.50282815,-2.354225661,0.6,-0.3671925663948059,-0.04517543859649118,212589435.71695828,0.1677465892292694,0.8353305534033789
2074,2026,yatenga(ouahigouya),mouni,burkina_faso,11/10/2009,8,0,-0.601926288,,11.83428,-3.433,-1.796625674,-2.005547523,4.0,0.3333333333333333,-0.333333333,11.85,-3.45,11.85,-3.45,11.85,-3.45,11.84816324,-3.512248969,1.0,-0.33068782091140747,0.1340909090909091,135074210.37761056,0.22776937859089832,-0.3971634940511456
2075,2027,yatenga(ouahigouya),mouni,burkina_faso,11/10/2009,4,0,-0.766063572,,11.83428,-3.433,-1.796625674,-2.005547523,4.0,0.3333333333333333,-0.333333333,11.85,-3.45,11.85,-3.45,11.85,-3.45,11.84816324,-3.512248969,1.0,-0.33068782091140747,0.1340909090909091,135074210.37761056,0.22776937859089832,-0.3971634940511456
2076,2028,yatenga(ouahigouya),mouni,burkina_faso,11/10/2009,5,0,-0.443302879,,11.83428,-3.433,-1.796625674,-2.005547523,4.0,0.3333333333333333,-0.333333333,11.85,-3.45,11.85,-3.45,11.85,-3.45,11.84816324,-3.512248969,1.0,-0.33068782091140747,0.1340909090909091,135074210.37761056,0.22776937859089832,-0.3971634940511456
2077,2029,yatenga(ouahigouya),mouni,burkina_faso,11/10/2009,3,0,-0.801907925,,11.83428,-3.433,-1.796625674,-2.005547523,4.0,0.3333333333333333,-0.333333333,11.85,-3.45,11.85,-3.45,11.85,-3.45,11.84816324,-3.512248969,1.0,-0.33068782091140747,0.1340909090909091,135074210.37761056,0.22776937859089832,-0.3971634940511456
2078,2030,yatenga(ouahigouya),mouni,burkina_faso,11/10/2009,3,0,-0.753518049,,11.83428,-3.433,-1.796625674,-2.005547523,4.0,0.3333333333333333,-0.333333333,11.85,-3.45,11.85,-3.45,11.85,-3.45,11.84816324,-3.512248969,1.0,-0.33068782091140747,0.1340909090909091,135074210.37761056,0.22776937859089832,-0.3971634940511456
2079,2031,yatenga(ouahigouya),mouni,burkina_faso,11/10/2009,8,0,-0.794739054,,11.83428,-3.433,-1.796625674,-2.005547523,4.0,0.3333333333333333,-0.333333333,11.85,-3.45,11.85,-3.45,11.85,-3.45,11.84816324,-3.512248969,1.0,-0.33068782091140747,0.1340909090909091,135074210.37761056,0.22776937859089832,-0.3971634940511456
2080,2032,yatenga(ouahigouya),mouni,burkina_faso,11/10/2009,8,0,0.9785651069234054,,11.83428,-3.433,-1.796625674,-2.005547523,4.0,0.3333333333333333,-0.333333333,11.85,-3.45,11.85,-3.45,11.85,-3.45,11.84816324,-3.512248969,1.0,-0.33068782091140747,0.1340909090909091,135074210.37761056,0.22776937859089832,-0.3971634940511456
2081,2033,yatenga(ouahigouya),mouni,burkina_faso,11/10/2009,9,0,-0.437926226,1.0,11.83428,-3.433,-1.796625674,-2.005547523,4.0,0.3333333333333333,-0.333333333,11.85,-3.45,11.85,-3.45,11.85,-3.45,11.84816324,-3.512248969,1.0,-0.33068782091140747,0.1340909090909091,135074210.37761056,0.22776937859089832,-0.3971634940511456
2082,2034,yatenga(ouahigouya),mouni,burkina_faso,11/10/2009,9,0,-0.801907925,1.0,11.83428,-3.433,-1.796625674,-2.005547523,4.0,0.3333333333333333,-0.333333333,11.85,-3.45,11.85,-3.45,11.85,-3.45,11.84816324,-3.512248969,1.0,-0.33068782091140747,0.1340909090909091,135074210.37761056,0.22776937859089832,-0.3971634940511456
2083,2035,yatenga(ouahigouya),mouni,burkina_faso,11/10/2009,6,0,-0.780401313,,11.83428,-3.433,-1.796625674,-2.005547523,4.0,0.3333333333333333,-0.333333333,11.85,-3.45,11.85,-3.45,11.85,-3.45,11.84816324,-3.512248969,1.0,-0.33068782091140747,0.1340909090909091,135074210.37761056,0.22776937859089832,-0.3971634940511456
2084,2053,yatenga(ouahigouya),zimba,burkina_faso,11/3/2009,7,0,-0.775024661,,13.50408,-2.44842,-1.749676168,-1.749676168,1.0,0.3333333333333333,-0.333333333,13.5,-2.45,13.5,-2.45,13.5,-2.45,13.50282815,-2.443899142,0.4,-0.22145822644233704,-0.026724137931034463,284177452.3847869,0.18036691516935072,0.6143890204366063
2085,2054,yatenga(ouahigouya),zimba,burkina_faso,11/4/2009,5,0,-0.773232443,,13.50408,-2.44842,-1.749676168,-1.749676168,1.0,0.3333333333333333,-0.333333333,13.5,-2.45,13.5,-2.45,13.5,-2.45,13.50282815,-2.443899142,0.4,-0.22145822644233704,-0.026724137931034463,284177452.3847869,0.18036691516935072,0.6143890204366063
2086,2055,yatenga(ouahigouya),zimba,burkina_faso,11/3/2009,7,0,-0.439718444,,13.50408,-2.44842,-1.749676168,-1.749676168,1.0,0.3333333333333333,-0.333333333,13.5,-2.45,13.5,-2.45,13.5,-2.45,13.50282815,-2.443899142,0.4,-0.22145822644233704,-0.026724137931034463,284177452.3847869,0.18036691516935072,0.6143890204366063
2087,2056,yatenga(ouahigouya),zimba,burkina_faso,11/4/2009,2,0,-0.758894702,,13.50408,-2.44842,-1.749676168,-1.749676168,1.0,0.3333333333333333,-0.333333333,13.5,-2.45,13.5,-2.45,13.5,-2.45,13.50282815,-2.443899142,0.4,-0.22145822644233704,-0.026724137931034463,284177452.3847869,0.18036691516935072,0.6143890204366063
2088,2057,yatenga(ouahigouya),zimba,burkina_faso,11/3/2009,12,0,-0.432549573,,13.50408,-2.44842,-1.749676168,-1.749676168,1.0,0.3333333333333333,-0.333333333,13.5,-2.45,13.5,-2.45,13.5,-2.45,13.50282815,-2.443899142,0.4,-0.22145822644233704,-0.026724137931034463,284177452.3847869,0.18036691516935072,0.6143890204366063
2089,2058,yatenga(ouahigouya),zimba,burkina_faso,11/4/2009,4,0,-0.780401313,,13.50408,-2.44842,-1.749676168,-1.749676168,1.0,0.3333333333333333,-0.333333333,13.5,-2.45,13.5,-2.45,13.5,-2.45,13.50282815,-2.443899142,0.4,-0.22145822644233704,-0.026724137931034463,284177452.3847869,0.18036691516935072,0.6143890204366063
2090,2059,yatenga(ouahigouya),zimba,burkina_faso,11/3/2009,3,0,-0.454056185,,13.50408,-2.44842,-1.749676168,-1.749676168,1.0,0.3333333333333333,-0.333333333,13.5,-2.45,13.5,-2.45,13.5,-2.45,13.50282815,-2.443899142,0.4,-0.22145822644233704,-0.026724137931034463,284177452.3847869,0.18036691516935072,0.6143890204366063
2091,2060,yatenga(ouahigouya),zimba,burkina_faso,11/4/2009,7,0,-0.767497347,,13.50408,-2.44842,-1.749676168,-1.749676168,1.0,0.3333333333333333,-0.333333333,13.5,-2.45,13.5,-2.45,13.5,-2.45,13.50282815,-2.443899142,0.4,-0.22145822644233704,-0.026724137931034463,284177452.3847869,0.18036691516935072,0.6143890204366063
2092,2061,yatenga(ouahigouya),zimba,burkina_faso,11/4/2009,6,0,-0.956946898,,13.50408,-2.44842,-1.749676168,-1.749676168,1.0,0.3333333333333333,-0.333333333,13.5,-2.45,13.5,-2.45,13.5,-2.45,13.50282815,-2.443899142,0.4,-0.22145822644233704,-0.026724137931034463,284177452.3847869,0.18036691516935072,0.6143890204366063
2093,2080,yatenga(ouahigouya),zongo,burkina_faso,11/10/2009,11,0,-0.591889869,1.0,13.231849999999998,-1.96395,-1.531155527,-1.571456134,1.5,0.6666666666666666,-0.666666667,13.25,-1.95,13.25,-1.95,13.25,-1.95,13.20909134,-2.101418271,0.9,-0.21929293208652073,-0.0740990990990991,267954189.6953405,0.19290779302602876,0.12445726950927834
2094,2085,yatenga(ouahigouya),zongo,burkina_faso,11/10/2009,20,0,-0.630601769,1.0,13.231849999999998,-1.96395,-1.531155527,-1.571456134,1.5,0.6666666666666666,-0.666666667,13.25,-1.95,13.25,-1.95,13.25,-1.95,13.20909134,-2.101418271,0.9,-0.21929293208652073,-0.0740990990990991,267954189.6953405,0.19290779302602876,0.12445726950927834
2095,2088,yatenga(ouahigouya),zongo,burkina_faso,11/10/2009,14,0,-0.422991079,1.0,13.231849999999998,-1.96395,-1.531155527,-1.571456134,1.5,0.6666666666666666,-0.666666667,13.25,-1.95,13.25,-1.95,13.25,-1.95,13.20909134,-2.101418271,0.9,-0.21929293208652073,-0.0740990990990991,267954189.6953405,0.19290779302602876,0.12445726950927834
2096,2092,yatenga(ouahigouya),zongo,burkina_faso,11/10/2009,10,0,-0.780401313,,13.231849999999998,-1.96395,-1.531155527,-1.571456134,1.5,0.6666666666666666,-0.666666667,13.25,-1.95,13.25,-1.95,13.25,-1.95,13.20909134,-2.101418271,0.9,-0.21929293208652073,-0.0740990990990991,267954189.6953405,0.19290779302602876,0.12445726950927834
2097,2094,yatenga(ouahigouya),zongo,burkina_faso,11/10/2009,9,0,-0.776099991,,13.231849999999998,-1.96395,-1.531155527,-1.571456134,1.5,0.6666666666666666,-0.666666667,13.25,-1.95,13.25,-1.95,13.25,-1.95,13.20909134,-2.101418271,0.9,-0.21929293208652073,-0.0740990990990991,267954189.6953405,0.19290779302602876,0.12445726950927834
2098,2097,yatenga(ouahigouya),zongo,burkina_faso,11/11/2009,12,0,-0.789003958,1.0,13.231849999999998,-1.96395,-1.531155527,-1.571456134,1.5,0.6666666666666666,-0.666666667,13.25,-1.95,13.25,-1.95,13.25,-1.95,13.20909134,-2.101418271,0.9,-0.21929293208652073,-0.0740990990990991,267954189.6953405,0.19290779302602876,0.12445726950927834
2099,2101,yatenga(ouahigouya),zongo,burkina_faso,11/10/2009,15,0,-0.58490022,,13.231849999999998,-1.96395,-1.531155527,-1.571456134,1.5,0.6666666666666666,-0.666666667,13.25,-1.95,13.25,-1.95,13.25,-1.95,13.20909134,-2.101418271,0.9,-0.21929293208652073,-0.0740990990990991,267954189.6953405,0.19290779302602876,0.12445726950927834
2100,2104,yatenga(ouahigouya),zongo,burkina_faso,11/10/2009,10,0,-0.587588547,1.0,13.231849999999998,-1.96395,-1.531155527,-1.571456134,1.5,0.6666666666666666,-0.666666667,13.25,-1.95,13.25,-1.95,13.25,-1.95,13.20909134,-2.101418271,0.9,-0.21929293208652073,-0.0740990990990991,267954189.6953405,0.19290779302602876,0.12445726950927834
2101,2105,yatenga(ouahigouya),zongo,burkina_faso,11/10/2009,13,0,-0.783985749,1.0,13.231849999999998,-1.96395,-1.531155527,-1.571456134,1.5,0.6666666666666666,-0.666666667,13.25,-1.95,13.25,-1.95,13.25,-1.95,13.20909134,-2.101418271,0.9,-0.21929293208652073,-0.0740990990990991,267954189.6953405,0.19290779302602876,0.12445726950927834
