,house,district,census_tract,country,date,hh_size,migrant_num,wealth_index,remit,lat,long,intensity,magnitude,duration,frequency,dispersion,lat_SPEI,long_SPEI,NDVI_lat,NDVI_lon,sev_lat,sev_lon,pop_cent_lat,pop_cent_long,annual_frequency,severity,autocorrelation,avg_area,NDVI_mean,SVI_severity
0,1,banwa(solenzo),bankouma,burkina_faso,11/6/2009,12,5,-0.789003958,1.0,11.883200619057966,-4.266469868,-1.532716379,-1.588496193,1.5,1.1666666666666667,-0.30952381,11.9,-4.25,11.9,-4.25,11.9,-4.25,11.84816324,-4.306628383,1.0,-0.20244007110595702,-0.09545454545454543,65047710.48149407,0.21608694266152512,-0.27612537821780636
1,2,banwa(solenzo),bankouma,burkina_faso,11/6/2009,17,2,-0.770625581,1.0,11.883200619057966,-4.266469868,-1.532716379,-1.588496193,1.5,1.1666666666666667,-0.30952381,11.9,-4.25,11.9,-4.25,11.9,-4.25,11.84816324,-4.306628383,1.0,-0.20244007110595702,-0.09545454545454543,65047710.48149407,0.21608694266152512,-0.27612537821780636
2,3,banwa(solenzo),bankouma,burkina_faso,11/5/2009,16,1,4.131929702007372,0.0,11.883200619057966,-4.266469868,-1.532716379,-1.588496193,1.5,1.1666666666666667,-0.30952381,11.9,-4.25,11.9,-4.25,11.9,-4.25,11.84816324,-4.306628383,1.0,-0.20244007110595702,-0.09545454545454543,65047710.48149407,0.21608694266152512,-0.27612537821780636
3,4,banwa(solenzo),bankouma,burkina_faso,11/5/2009,5,1,1.746163493674702,1.0,11.883200619057966,-4.266469868,-1.532716379,-1.588496193,1.5,1.1666666666666667,-0.30952381,11.9,-4.25,11.9,-4.25,11.9,-4.25,11.84816324,-4.306628383,1.0,-0.20244007110595702,-0.09545454545454543,65047710.48149407,0.21608694266152512,-0.27612537821780636
4,5,banwa(solenzo),bankouma,burkina_faso,11/5/2009,5,1,-0.773232443,0.0,11.883200619057966,-4.266469868,-1.532716379,-1.588496193,1.5,1.1666666666666667,-0.30952381,11.9,-4.25,11.9,-4.25,11.9,-4.25,11.84816324,-4.306628383,1.0,-0.20244007110595702,-0.09545454545454543,65047710.48149407,0.21608694266152512,-0.27612537821780636
5,6,banwa(solenzo),bankouma,burkina_faso,11/5/2009,4,1,-0.935440287,1.0,11.883200619057966,-4.266469868,-1.532716379,-1.588496193,1.5,1.1666666666666667,-0.30952381,11.9,-4.25,11.9,-4.25,11.9,-4.25,11.84816324,-4.306628383,1.0,-0.20244007110595702,-0.09545454545454543,65047710.48149407,0.21608694266152512,-0.27612537821780636
6,7,banwa(solenzo),bankouma,burkina_faso,11/5/2009,7,2,-0.787570184,1.0,11.883200619057966,-4.266469868,-1.532716379,-1.588496193,1.5,1.1666666666666667,-0.30952381,11.9,-4.25,11.9,-4.25,11.9,-4.25,11.84816324,-4.306628383,1.0,-0.20244007110595702,-0.09545454545454543,65047710.48149407,0.21608694266152512,-0.27612537821780636
7,8,banwa(solenzo),bankouma,burkina_faso,11/6/2009,9,1,1.5557469644134276,0.0,11.883200619057966,-4.266469868,-1.532716379,-1.588496193,1.5,1.1666666666666667,-0.30952381,11.9,-4.25,11.9,-4.25,11.9,-4.25,11.84816324,-4.306628383,1.0,-0.20244007110595702,-0.09545454545454543,65047710.48149407,0.21608694266152512,-0.27612537821780636
8,9,banwa(solenzo),bankouma,burkina_faso,11/6/2009,5,2,1.5503703115667324,0.0,11.883200619057966,-4.266469868,-1.532716379,-1.588496193,1.5,1.1666666666666667,-0.30952381,11.9,-4.25,11.9,-4.25,11.9,-4.25,11.84816324,-4.306628383,1.0,-0.20244007110595702,-0.09545454545454543,65047710.48149407,0.21608694266152512,-0.27612537821780636
9,10,banwa(solenzo),bankouma,burkina_faso,11/5/2009,8,1,2.373372931463147,1.0,11.883200619057966,-4.266469868,-1.532716379,-1.588496193,1.5,1.1666666666666667,-0.30952381,11.9,-4.25,11.9,-4.25,11.9,-4.25,11.84816324,-4.306628383,1.0,-0.20244007110595702,-0.09545454545454543,65047710.48149407,0.21608694266152512,-0.27612537821780636
10,11,banwa(solenzo),bankouma,burkina_faso,11/5/2009,11,4,1.7296042227167672,1.0,11.883200619057966,-4.266469868,-1.532716379,-1.588496193,1.5,1.1666666666666667,-0.30952381,11.9,-4.25,11.9,-4.25,11.9,-4.25,11.84816324,-4.306628383,1.0,-0.20244007110595702,-0.09545454545454543,65047710.48149407,0.21608694266152512,-0.27612537821780636
11,12,banwa(solenzo),bankouma,burkina_faso,11/5/2009,8,3,-0.771798669,1.0,11.883200619057966,-4.266469868,-1.532716379,-1.588496193,1.5,1.1666666666666667,-0.30952381,11.9,-4.25,11.9,-4.25,11.9,-4.25,11.84816324,-4.306628383,1.0,-0.20244007110595702,-0.09545454545454543,65047710.48149407,0.21608694266152512,-0.27612537821780636
12,13,banwa(solenzo),bankouma,burkina_faso,11/5/2009,11,3,-0.784702636,1.0,11.883200619057966,-4.266469868,-1.532716379,-1.588496193,1.5,1.1666666666666667,-0.30952381,11.9,-4.25,11.9,-4.25,11.9,-4.25,11.84816324,-4.306628383,1.0,-0.20244007110595702,-0.09545454545454543,65047710.48149407,0.21608694266152512,-0.27612537821780636
13,14,banwa(solenzo),bankouma,burkina_faso,11/5/2009,14,4,0.2819991719808604,1.0,11.883200619057966,-4.266469868,-1.532716379,-1.588496193,1.5,1.1666666666666667,-0.30952381,11.9,-4.25,11.9,-4.25,11.9,-4.25,11.84816324,-4.306628383,1.0,-0.20244007110595702,-0.09545454545454543,65047710.48149407,0.21608694266152512,-0.27612537821780636
14,15,banwa(solenzo),bankouma,burkina_faso,11/5/2009,12,2,-0.789003958,1.0,11.883200619057966,-4.266469868,-1.532716379,-1.588496193,1.5,1.1666666666666667,-0.30952381,11.9,-4.25,11.9,-4.25,11.9,-4.25,11.84816324,-4.306628383,1.0,-0.20244007110595702,-0.09545454545454543,65047710.48149407,0.21608694266152512,-0.27612537821780636
15,16,banwa(solenzo),bankouma,burkina_faso,11/5/2009,13,1,3.140035669832512,0.0,11.883200619057966,-4.266469868,-1.532716379,-1.588496193,1.5,1.1666666666666667,-0.30952381,11.9,-4.25,11.9,-4.25,11.9,-4.25,11.84816324,-4.306628383,1.0,-0.20244007110595702,-0.09545454545454543,65047710.48149407,0.21608694266152512,-0.27612537821780636
16,17,banwa(solenzo),bankouma,burkina_faso,11/6/2009,24,2,-0.436459866,1.0,11.883200619057966,-4.266469868,-1.532716379,-1.588496193,1.5,1.1666666666666667,-0.30952381,11.9,-4.25,11.9,-4.25,11.9,-4.25,11.84816324,-4.306628383,1.0,-0.20244007110595702,-0.09545454545454543,65047710.48149407,0.21608694266152512,-0.27612537821780636
17,18,banwa(solenzo),bankouma,burkina_faso,11/6/2009,13,1,-0.459432838,1.0,11.883200619057966,-4.266469868,-1.532716379,-1.588496193,1.5,1.1666666666666667,-0.30952381,11.9,-4.25,11.9,-4.25,11.9,-4.25,11.84816324,-4.306628383,1.0,-0.20244007110595702,-0.09545454545454543,65047710.48149407,0.21608694266152512,-0.27612537821780636
18,28,banwa(solenzo),diontala,burkina_faso,11/7/2009,12,2,-0.454056185,1.0,11.766716904941084,-4.455623572,-1.679054365,-1.840692356,3.0,1.0,-0.333333333,11.75,-4.45,11.75,-4.45,11.75,-4.45,11.69166694,-4.306628383,1.2,-0.25263704856236774,0.06851851851851853,146616542.0802128,0.23271524466943058,0.04310799276380347
19,29,banwa(solenzo),diontala,burkina_faso,11/7/2009,8,1,-0.475562796,1.0,11.766716904941084,-4.455623572,-1.679054365,-1.840692356,3.0,1.0,-0.333333333,11.75,-4.45,11.75,-4.45,11.75,-4.45,11.69166694,-4.306628383,1.2,-0.25263704856236774,0.06851851851851853,146616542.0802128,0.23271524466943058,0.04310799276380347
20,39,banwa(solenzo),diontala,burkina_faso,11/8/2009,4,1,-0.780401313,1.0,11.766716904941084,-4.455623572,-1.679054365,-1.840692356,3.0,1.0,-0.333333333,11.75,-4.45,11.75,-4.45,11.75,-4.45,11.69166694,-4.306628383,1.2,-0.25263704856236774,0.06851851851851853,146616542.0802128,0.23271524466943058,0.04310799276380347
21,40,banwa(solenzo),diontala,burkina_faso,11/8/2009,11,2,-0.776816878,1.0,11.766716904941084,-4.455623572,-1.679054365,-1.840692356,3.0,1.0,-0.333333333,11.75,-4.45,11.75,-4.45,11.75,-4.45,11.69166694,-4.306628383,1.2,-0.25263704856236774,0.06851851851851853,146616542.0802128,0.23271524466943058,0.04310799276380347
22,41,banwa(solenzo),diontala,burkina_faso,11/7/2009,12,1,-0.415344284,1.0,11.766716904941084,-4.455623572,-1.679054365,-1.840692356,3.0,1.0,-0.333333333,11.75,-4.45,11.75,-4.45,11.75,-4.45,11.69166694,-4.306628383,1.2,-0.25263704856236774,0.06851851851851853,146616542.0802128,0.23271524466943058,0.04310799276380347
23,42,banwa(solenzo),diontala,burkina_faso,11/7/2009,8,5,-0.766063572,1.0,11.766716904941084,-4.455623572,-1.679054365,-1.840692356,3.0,1.0,-0.333333333,11.75,-4.45,11.75,-4.45,11.75,-4.45,11.69166694,-4.306628383,1.2,-0.25263704856236774,0.06851851851851853,146616542.0802128,0.23271524466943058,0.04310799276380347
24,43,banwa(solenzo),diontala,burkina_faso,11/7/2009,9,5,-0.801907925,1.0,11.766716904941084,-4.455623572,-1.679054365,-1.840692356,3.0,1.0,-0.333333333,11.75,-4.45,11.75,-4.45,11.75,-4.45,11.69166694,-4.306628383,1.2,-0.25263704856236774,0.06851851851851853,146616542.0802128,0.23271524466943058,0.04310799276380347
25,44,banwa(solenzo),diontala,burkina_faso,11/7/2009,11,1,-0.771184194,0.0,11.766716904941084,-4.455623572,-1.679054365,-1.840692356,3.0,1.0,-0.333333333,11.75,-4.45,11.75,-4.45,11.75,-4.45,11.69166694,-4.306628383,1.2,-0.25263704856236774,0.06851851851851853,146616542.0802128,0.23271524466943058,0.04310799276380347
26,45,banwa(solenzo),diontala,burkina_faso,11/7/2009,5,2,-0.791154619,0.0,11.766716904941084,-4.455623572,-1.679054365,-1.840692356,3.0,1.0,-0.333333333,11.75,-4.45,11.75,-4.45,11.75,-4.45,11.69166694,-4.306628383,1.2,-0.25263704856236774,0.06851851851851853,146616542.0802128,0.23271524466943058,0.04310799276380347
27,46,banwa(solenzo),diontala,burkina_faso,11/7/2009,8,1,0.3250123947544211,0.0,11.766716904941084,-4.455623572,-1.679054365,-1.840692356,3.0,1.0,-0.333333333,11.75,-4.45,11.75,-4.45,11.75,-4.45,11.69166694,-4.306628383,1.2,-0.25263704856236774,0.06851851851851853,146616542.0802128,0.23271524466943058,0.04310799276380347
28,47,banwa(solenzo),diontala,burkina_faso,11/7/2009,9,1,0.5932896726351421,0.0,11.766716904941084,-4.455623572,-1.679054365,-1.840692356,3.0,1.0,-0.333333333,11.75,-4.45,11.75,-4.45,11.75,-4.45,11.69166694,-4.306628383,1.2,-0.25263704856236774,0.06851851851851853,146616542.0802128,0.23271524466943058,0.04310799276380347
29,48,banwa(solenzo),diontala,burkina_faso,11/7/2009,9,6,2.0940152336865103,1.0,11.766716904941084,-4.455623572,-1.679054365,-1.840692356,3.0,1.0,-0.333333333,11.75,-4.45,11.75,-4.45,11.75,-4.45,11.69166694,-4.306628383,1.2,-0.25263704856236774,0.06851851851851853,146616542.0802128,0.23271524466943058,0.04310799276380347
30,49,banwa(solenzo),diontala,burkina_faso,11/7/2009,12,2,2.055411686057125,0.0,11.766716904941084,-4.455623572,-1.679054365,-1.840692356,3.0,1.0,-0.333333333,11.75,-4.45,11.75,-4.45,11.75,-4.45,11.69166694,-4.306628383,1.2,-0.25263704856236774,0.06851851851851853,146616542.0802128,0.23271524466943058,0.04310799276380347
31,50,banwa(solenzo),diontala,burkina_faso,11/8/2009,9,1,-0.956946898,1.0,11.766716904941084,-4.455623572,-1.679054365,-1.840692356,3.0,1.0,-0.333333333,11.75,-4.45,11.75,-4.45,11.75,-4.45,11.69166694,-4.306628383,1.2,-0.25263704856236774,0.06851851851851853,146616542.0802128,0.23271524466943058,0.04310799276380347
32,51,banwa(solenzo),diontala,burkina_faso,11/7/2009,18,2,-0.785777966,1.0,11.766716904941084,-4.455623572,-1.679054365,-1.840692356,3.0,1.0,-0.333333333,11.75,-4.45,11.75,-4.45,11.75,-4.45,11.69166694,-4.306628383,1.2,-0.25263704856236774,0.06851851851851853,146616542.0802128,0.23271524466943058,0.04310799276380347
33,52,banwa(solenzo),diontala,burkina_faso,11/7/2009,7,1,-0.762479137,1.0,11.766716904941084,-4.455623572,-1.679054365,-1.840692356,3.0,1.0,-0.333333333,11.75,-4.45,11.75,-4.45,11.75,-4.45,11.69166694,-4.306628383,1.2,-0.25263704856236774,0.06851851851851853,146616542.0802128,0.23271524466943058,0.04310799276380347
34,53,banwa(solenzo),diontala,burkina_faso,11/7/2009,6,1,-0.801907925,1.0,11.766716904941084,-4.455623572,-1.679054365,-1.840692356,3.0,1.0,-0.333333333,11.75,-4.45,11.75,-4.45,11.75,-4.45,11.69166694,-4.306628383,1.2,-0.25263704856236774,0.06851851851851853,146616542.0802128,0.23271524466943058,0.04310799276380347
35,54,banwa(solenzo),diontala,burkina_faso,11/7/2009,12,1,0.6255495897153126,0.0,11.766716904941084,-4.455623572,-1.679054365,-1.840692356,3.0,1.0,-0.333333333,11.75,-4.45,11.75,-4.45,11.75,-4.45,11.69166694,-4.306628383,1.2,-0.25263704856236774,0.06851851851851853,146616542.0802128,0.23271524466943058,0.04310799276380347
36,55,banwa(solenzo),sanakuy,burkina_faso,11/4/2009,8,1,-0.780401313,0.0,12.184773721304458,-4.085154664,-1.535560384,-1.570247427,1.375,1.1666666666666667,-0.30952381,12.2,-4.1,12.2,-4.1,12.2,-4.1,12.19059873,-4.082842506,0.8,-0.23997828364372253,0.19285714285714292,79633304.70295598,0.21819075197251475,0.16119196972386973
37,56,banwa(solenzo),sanakuy,burkina_faso,11/4/2009,12,1,-0.454056185,1.0,12.184773721304458,-4.085154664,-1.535560384,-1.570247427,1.375,1.1666666666666667,-0.30952381,12.2,-4.1,12.2,-4.1,12.2,-4.1,12.19059873,-4.082842506,0.8,-0.23997828364372253,0.19285714285714292,79633304.70295598,0.21819075197251475,0.16119196972386973
38,57,banwa(solenzo),sanakuy,burkina_faso,11/3/2009,10,1,0.3063733315525447,1.0,12.184773721304458,-4.085154664,-1.535560384,-1.570247427,1.375,1.1666666666666667,-0.30952381,12.2,-4.1,12.2,-4.1,12.2,-4.1,12.19059873,-4.082842506,0.8,-0.23997828364372253,0.19285714285714292,79633304.70295598,0.21819075197251475,0.16119196972386973
39,58,banwa(solenzo),sanakuy,burkina_faso,11/3/2009,12,2,1.7075599460453177,1.0,12.184773721304458,-4.085154664,-1.535560384,-1.570247427,1.375,1.1666666666666667,-0.30952381,12.2,-4.1,12.2,-4.1,12.2,-4.1,12.19059873,-4.082842506,0.8,-0.23997828364372253,0.19285714285714292,79633304.70295598,0.21819075197251475,0.16119196972386973
40,59,banwa(solenzo),sanakuy,burkina_faso,11/4/2009,10,2,-0.791154619,0.0,12.184773721304458,-4.085154664,-1.535560384,-1.570247427,1.375,1.1666666666666667,-0.30952381,12.2,-4.1,12.2,-4.1,12.2,-4.1,12.19059873,-4.082842506,0.8,-0.23997828364372253,0.19285714285714292,79633304.70295598,0.21819075197251475,0.16119196972386973
41,60,banwa(solenzo),sanakuy,burkina_faso,11/4/2009,8,1,0.6654904394336189,1.0,12.184773721304458,-4.085154664,-1.535560384,-1.570247427,1.375,1.1666666666666667,-0.30952381,12.2,-4.1,12.2,-4.1,12.2,-4.1,12.19059873,-4.082842506,0.8,-0.23997828364372253,0.19285714285714292,79633304.70295598,0.21819075197251475,0.16119196972386973
42,61,banwa(solenzo),sanakuy,burkina_faso,11/4/2009,11,3,-0.436850896,1.0,12.184773721304458,-4.085154664,-1.535560384,-1.570247427,1.375,1.1666666666666667,-0.30952381,12.2,-4.1,12.2,-4.1,12.2,-4.1,12.19059873,-4.082842506,0.8,-0.23997828364372253,0.19285714285714292,79633304.70295598,0.21819075197251475,0.16119196972386973
43,62,banwa(solenzo),sanakuy,burkina_faso,11/4/2009,6,1,2.373333171,0.0,12.184773721304458,-4.085154664,-1.535560384,-1.570247427,1.375,1.1666666666666667,-0.30952381,12.2,-4.1,12.2,-4.1,12.2,-4.1,12.19059873,-4.082842506,0.8,-0.23997828364372253,0.19285714285714292,79633304.70295598,0.21819075197251475,0.16119196972386973
44,63,banwa(solenzo),sanakuy,burkina_faso,11/4/2009,9,8,0.2517661798281086,1.0,12.184773721304458,-4.085154664,-1.535560384,-1.570247427,1.375,1.1666666666666667,-0.30952381,12.2,-4.1,12.2,-4.1,12.2,-4.1,12.19059873,-4.082842506,0.8,-0.23997828364372253,0.19285714285714292,79633304.70295598,0.21819075197251475,0.16119196972386973
45,64,banwa(solenzo),sanakuy,burkina_faso,11/4/2009,13,1,-0.79330528,0.0,12.184773721304458,-4.085154664,-1.535560384,-1.570247427,1.375,1.1666666666666667,-0.30952381,12.2,-4.1,12.2,-4.1,12.2,-4.1,12.19059873,-4.082842506,0.8,-0.23997828364372253,0.19285714285714292,79633304.70295598,0.21819075197251475,0.16119196972386973
46,65,banwa(solenzo),sanakuy,burkina_faso,11/4/2009,11,2,-0.796531272,1.0,12.184773721304458,-4.085154664,-1.535560384,-1.570247427,1.375,1.1666666666666667,-0.30952381,12.2,-4.1,12.2,-4.1,12.2,-4.1,12.19059873,-4.082842506,0.8,-0.23997828364372253,0.19285714285714292,79633304.70295598,0.21819075197251475,0.16119196972386973
47,66,banwa(solenzo),sanakuy,burkina_faso,11/4/2009,3,1,-0.769648008,1.0,12.184773721304458,-4.085154664,-1.535560384,-1.570247427,1.375,1.1666666666666667,-0.30952381,12.2,-4.1,12.2,-4.1,12.2,-4.1,12.19059873,-4.082842506,0.8,-0.23997828364372253,0.19285714285714292,79633304.70295598,0.21819075197251475,0.16119196972386973
48,67,banwa(solenzo),sanakuy,burkina_faso,11/3/2009,10,2,-0.420260081,1.0,12.184773721304458,-4.085154664,-1.535560384,-1.570247427,1.375,1.1666666666666667,-0.30952381,12.2,-4.1,12.2,-4.1,12.2,-4.1,12.19059873,-4.082842506,0.8,-0.23997828364372253,0.19285714285714292,79633304.70295598,0.21819075197251475,0.16119196972386973
49,68,banwa(solenzo),sanakuy,burkina_faso,11/4/2009,15,2,-0.783473686,1.0,12.184773721304458,-4.085154664,-1.535560384,-1.570247427,1.375,1.1666666666666667,-0.30952381,12.2,-4.1,12.2,-4.1,12.2,-4.1,12.19059873,-4.082842506,0.8,-0.23997828364372253,0.19285714285714292,79633304.70295598,0.21819075197251475,0.16119196972386973
50,69,banwa(solenzo),sanakuy,burkina_faso,11/4/2009,4,1,-0.780401313,0.0,12.184773721304458,-4.085154664,-1.535560384,-1.570247427,1.375,1.1666666666666667,-0.30952381,12.2,-4.1,12.2,-4.1,12.2,-4.1,12.19059873,-4.082842506,0.8,-0.23997828364372253,0.19285714285714292,79633304.70295598,0.21819075197251475,0.16119196972386973
51,70,banwa(solenzo),sanakuy,burkina_faso,11/4/2009,7,1,-0.775024661,1.0,12.184773721304458,-4.085154664,-1.535560384,-1.570247427,1.375,1.1666666666666667,-0.30952381,12.2,-4.1,12.2,-4.1,12.2,-4.1,12.19059873,-4.082842506,0.8,-0.23997828364372253,0.19285714285714292,79633304.70295598,0.21819075197251475,0.16119196972386973
52,71,banwa(solenzo),sanakuy,burkina_faso,11/4/2009,16,2,0.6450511078361175,0.0,12.184773721304458,-4.085154664,-1.535560384,-1.570247427,1.375,1.1666666666666667,-0.30952381,12.2,-4.1,12.2,-4.1,12.2,-4.1,12.19059873,-4.082842506,0.8,-0.23997828364372253,0.19285714285714292,79633304.70295598,0.21819075197251475,0.16119196972386973
53,72,banwa(solenzo),sanakuy,burkina_faso,11/4/2009,12,1,1.5718769229535128,1.0,12.184773721304458,-4.085154664,-1.535560384,-1.570247427,1.375,1.1666666666666667,-0.30952381,12.2,-4.1,12.2,-4.1,12.2,-4.1,12.19059873,-4.082842506,0.8,-0.23997828364372253,0.19285714285714292,79633304.70295598,0.21819075197251475,0.16119196972386973
54,82,banwa(solenzo),moara,burkina_faso,11/2/2009,7,1,0.036632431,1.0,12.793094716472693,-3.341217169,-1.53161939,-1.621225238,1.6666666666666667,0.5,-0.5,12.8,-3.35,12.8,-3.35,12.8,-3.35,12.76161893,-3.217301896,0.4,-0.435987651348114,-0.03620689655172415,144990636.41486877,0.20703265777386864,0.5532877237739755
55,84,banwa(solenzo),moara,burkina_faso,11/2/2009,3,1,-0.956946898,0.0,12.793094716472693,-3.341217169,-1.53161939,-1.621225238,1.6666666666666667,0.5,-0.5,12.8,-3.35,12.8,-3.35,12.8,-3.35,12.76161893,-3.217301896,0.4,-0.435987651348114,-0.03620689655172415,144990636.41486877,0.20703265777386864,0.5532877237739755
56,85,banwa(solenzo),moara,burkina_faso,11/2/2009,5,1,-0.791154619,1.0,12.793094716472693,-3.341217169,-1.53161939,-1.621225238,1.6666666666666667,0.5,-0.5,12.8,-3.35,12.8,-3.35,12.8,-3.35,12.76161893,-3.217301896,0.4,-0.435987651348114,-0.03620689655172415,144990636.41486877,0.20703265777386864,0.5532877237739755
57,86,banwa(solenzo),moara,burkina_faso,11/2/2009,4,1,-0.630601769,0.0,12.793094716472693,-3.341217169,-1.53161939,-1.621225238,1.6666666666666667,0.5,-0.5,12.8,-3.35,12.8,-3.35,12.8,-3.35,12.76161893,-3.217301896,0.4,-0.435987651348114,-0.03620689655172415,144990636.41486877,0.20703265777386864,0.5532877237739755
58,87,banwa(solenzo),moara,burkina_faso,11/1/2009,3,1,-0.956946898,1.0,12.793094716472693,-3.341217169,-1.53161939,-1.621225238,1.6666666666666667,0.5,-0.5,12.8,-3.35,12.8,-3.35,12.8,-3.35,12.76161893,-3.217301896,0.4,-0.435987651348114,-0.03620689655172415,144990636.41486877,0.20703265777386864,0.5532877237739755
59,88,banwa(solenzo),moara,burkina_faso,11/1/2009,8,1,-0.423946929,0.0,12.793094716472693,-3.341217169,-1.53161939,-1.621225238,1.6666666666666667,0.5,-0.5,12.8,-3.35,12.8,-3.35,12.8,-3.35,12.76161893,-3.217301896,0.4,-0.435987651348114,-0.03620689655172415,144990636.41486877,0.20703265777386864,0.5532877237739755
60,89,banwa(solenzo),moara,burkina_faso,11/1/2009,12,1,-0.418211832,1.0,12.793094716472693,-3.341217169,-1.53161939,-1.621225238,1.6666666666666667,0.5,-0.5,12.8,-3.35,12.8,-3.35,12.8,-3.35,12.76161893,-3.217301896,0.4,-0.435987651348114,-0.03620689655172415,144990636.41486877,0.20703265777386864,0.5532877237739755
61,90,banwa(solenzo),moara,burkina_faso,11/2/2009,11,1,-0.971284639,1.0,12.793094716472693,-3.341217169,-1.53161939,-1.621225238,1.6666666666666667,0.5,-0.5,12.8,-3.35,12.8,-3.35,12.8,-3.35,12.76161893,-3.217301896,0.4,-0.435987651348114,-0.03620689655172415,144990636.41486877,0.20703265777386864,0.5532877237739755
62,91,banwa(solenzo),moara,burkina_faso,11/2/2009,11,1,-0.816245666,0.0,12.793094716472693,-3.341217169,-1.53161939,-1.621225238,1.6666666666666667,0.5,-0.5,12.8,-3.35,12.8,-3.35,12.8,-3.35,12.76161893,-3.217301896,0.4,-0.435987651348114,-0.03620689655172415,144990636.41486877,0.20703265777386864,0.5532877237739755
63,92,banwa(solenzo),moara,burkina_faso,11/2/2009,6,2,-0.801907925,1.0,12.793094716472693,-3.341217169,-1.53161939,-1.621225238,1.6666666666666667,0.5,-0.5,12.8,-3.35,12.8,-3.35,12.8,-3.35,12.76161893,-3.217301896,0.4,-0.435987651348114,-0.03620689655172415,144990636.41486877,0.20703265777386864,0.5532877237739755
64,93,banwa(solenzo),moara,burkina_faso,11/2/2009,6,4,-0.935440287,1.0,12.793094716472693,-3.341217169,-1.53161939,-1.621225238,1.6666666666666667,0.5,-0.5,12.8,-3.35,12.8,-3.35,12.8,-3.35,12.76161893,-3.217301896,0.4,-0.435987651348114,-0.03620689655172415,144990636.41486877,0.20703265777386864,0.5532877237739755
65,94,banwa(solenzo),moara,burkina_faso,11/1/2009,14,1,-0.967700204,1.0,12.793094716472693,-3.341217169,-1.53161939,-1.621225238,1.6666666666666667,0.5,-0.5,12.8,-3.35,12.8,-3.35,12.8,-3.35,12.76161893,-3.217301896,0.4,-0.435987651348114,-0.03620689655172415,144990636.41486877,0.20703265777386864,0.5532877237739755
66,95,banwa(solenzo),moara,burkina_faso,11/1/2009,9,1,-0.989206815,1.0,12.793094716472693,-3.341217169,-1.53161939,-1.621225238,1.6666666666666667,0.5,-0.5,12.8,-3.35,12.8,-3.35,12.8,-3.35,12.76161893,-3.217301896,0.4,-0.435987651348114,-0.03620689655172415,144990636.41486877,0.20703265777386864,0.5532877237739755
67,104,banwa(solenzo),moara,burkina_faso,11/2/2009,2,1,-0.935440287,1.0,12.793094716472693,-3.341217169,-1.53161939,-1.621225238,1.6666666666666667,0.5,-0.5,12.8,-3.35,12.8,-3.35,12.8,-3.35,12.76161893,-3.217301896,0.4,-0.435987651348114,-0.03620689655172415,144990636.41486877,0.20703265777386864,0.5532877237739755
68,105,banwa(solenzo),moara,burkina_faso,11/1/2009,8,1,-0.794739054,1.0,12.793094716472693,-3.341217169,-1.53161939,-1.621225238,1.6666666666666667,0.5,-0.5,12.8,-3.35,12.8,-3.35,12.8,-3.35,12.76161893,-3.217301896,0.4,-0.435987651348114,-0.03620689655172415,144990636.41486877,0.20703265777386864,0.5532877237739755
69,106,banwa(solenzo),moara,burkina_faso,11/1/2009,3,1,-0.905331031,1.0,12.793094716472693,-3.341217169,-1.53161939,-1.621225238,1.6666666666666667,0.5,-0.5,12.8,-3.35,12.8,-3.35,12.8,-3.35,12.76161893,-3.217301896,0.4,-0.435987651348114,-0.03620689655172415,144990636.41486877,0.20703265777386864,0.5532877237739755
70,107,banwa(solenzo),moara,burkina_faso,11/1/2009,8,1,-0.780401313,1.0,12.793094716472693,-3.341217169,-1.53161939,-1.621225238,1.6666666666666667,0.5,-0.5,12.8,-3.35,12.8,-3.35,12.8,-3.35,12.76161893,-3.217301896,0.4,-0.435987651348114,-0.03620689655172415,144990636.41486877,0.20703265777386864,0.5532877237739755
71,108,banwa(solenzo),moara,burkina_faso,11/1/2009,6,1,-0.935440287,1.0,12.793094716472693,-3.341217169,-1.53161939,-1.621225238,1.6666666666666667,0.5,-0.5,12.8,-3.35,12.8,-3.35,12.8,-3.35,12.76161893,-3.217301896,0.4,-0.435987651348114,-0.03620689655172415,144990636.41486877,0.20703265777386864,0.5532877237739755
72,109,banwa(solenzo),tamouga,burkina_faso,10/31/2009,10,2,-0.791154619,0.0,12.184773721304458,-4.085154664,-1.535560384,-1.570247427,1.375,1.1666666666666667,-0.30952381,12.2,-4.1,12.2,-4.1,12.2,-4.1,12.19059873,-4.082842506,0.8,-0.23997828364372253,0.19285714285714292,79633304.70295598,0.21819075197251475,0.16119196972386973
73,110,banwa(solenzo),tamouga,burkina_faso,10/31/2009,24,1,0.6384535565473808,0.0,12.184773721304458,-4.085154664,-1.535560384,-1.570247427,1.375,1.1666666666666667,-0.30952381,12.2,-4.1,12.2,-4.1,12.2,-4.1,12.19059873,-4.082842506,0.8,-0.23997828364372253,0.19285714285714292,79633304.70295598,0.21819075197251475,0.16119196972386973
74,111,banwa(solenzo),tamouga,burkina_faso,10/30/2009,18,2,-0.834167842,1.0,12.184773721304458,-4.085154664,-1.535560384,-1.570247427,1.375,1.1666666666666667,-0.30952381,12.2,-4.1,12.2,-4.1,12.2,-4.1,12.19059873,-4.082842506,0.8,-0.23997828364372253,0.19285714285714292,79633304.70295598,0.21819075197251475,0.16119196972386973
75,112,banwa(solenzo),tamouga,burkina_faso,10/31/2009,10,1,-0.809076795,0.0,12.184773721304458,-4.085154664,-1.535560384,-1.570247427,1.375,1.1666666666666667,-0.30952381,12.2,-4.1,12.2,-4.1,12.2,-4.1,12.19059873,-4.082842506,0.8,-0.23997828364372253,0.19285714285714292,79633304.70295598,0.21819075197251475,0.16119196972386973
76,113,banwa(solenzo),tamouga,burkina_faso,10/31/2009,7,1,-0.427172921,0.0,12.184773721304458,-4.085154664,-1.535560384,-1.570247427,1.375,1.1666666666666667,-0.30952381,12.2,-4.1,12.2,-4.1,12.2,-4.1,12.19059873,-4.082842506,0.8,-0.23997828364372253,0.19285714285714292,79633304.70295598,0.21819075197251475,0.16119196972386973
77,122,banwa(solenzo),tamouga,burkina_faso,10/31/2009,10,1,-0.773232443,0.0,12.184773721304458,-4.085154664,-1.535560384,-1.570247427,1.375,1.1666666666666667,-0.30952381,12.2,-4.1,12.2,-4.1,12.2,-4.1,12.19059873,-4.082842506,0.8,-0.23997828364372253,0.19285714285714292,79633304.70295598,0.21819075197251475,0.16119196972386973
78,124,banwa(solenzo),tamouga,burkina_faso,10/31/2009,22,1,2.085950254416468,0.0,12.184773721304458,-4.085154664,-1.535560384,-1.570247427,1.375,1.1666666666666667,-0.30952381,12.2,-4.1,12.2,-4.1,12.2,-4.1,12.19059873,-4.082842506,0.8,-0.23997828364372253,0.19285714285714292,79633304.70295598,0.21819075197251475,0.16119196972386973
79,125,banwa(solenzo),tamouga,burkina_faso,10/31/2009,14,1,-0.775024661,0.0,12.184773721304458,-4.085154664,-1.535560384,-1.570247427,1.375,1.1666666666666667,-0.30952381,12.2,-4.1,12.2,-4.1,12.2,-4.1,12.19059873,-4.082842506,0.8,-0.23997828364372253,0.19285714285714292,79633304.70295598,0.21819075197251475,0.16119196972386973
80,126,banwa(solenzo),tamouga,burkina_faso,10/31/2009,17,1,-0.77801169,0.0,12.184773721304458,-4.085154664,-1.535560384,-1.570247427,1.375,1.1666666666666667,-0.30952381,12.2,-4.1,12.2,-4.1,12.2,-4.1,12.19059873,-4.082842506,0.8,-0.23997828364372253,0.19285714285714292,79633304.70295598,0.21819075197251475,0.16119196972386973
81,127,banwa(solenzo),tamouga,burkina_faso,10/31/2009,11,1,-0.406434402,0.0,12.184773721304458,-4.085154664,-1.535560384,-1.570247427,1.375,1.1666666666666667,-0.30952381,12.2,-4.1,12.2,-4.1,12.2,-4.1,12.19059873,-4.082842506,0.8,-0.23997828364372253,0.19285714285714292,79633304.70295598,0.21819075197251475,0.16119196972386973
82,128,banwa(solenzo),tamouga,burkina_faso,10/30/2009,9,1,-0.785777966,0.0,12.184773721304458,-4.085154664,-1.535560384,-1.570247427,1.375,1.1666666666666667,-0.30952381,12.2,-4.1,12.2,-4.1,12.2,-4.1,12.19059873,-4.082842506,0.8,-0.23997828364372253,0.19285714285714292,79633304.70295598,0.21819075197251475,0.16119196972386973
83,129,banwa(solenzo),tamouga,burkina_faso,10/31/2009,18,2,0.9929028478479256,1.0,12.184773721304458,-4.085154664,-1.535560384,-1.570247427,1.375,1.1666666666666667,-0.30952381,12.2,-4.1,12.2,-4.1,12.2,-4.1,12.19059873,-4.082842506,0.8,-0.23997828364372253,0.19285714285714292,79633304.70295598,0.21819075197251475,0.16119196972386973
84,130,banwa(solenzo),tamouga,burkina_faso,10/31/2009,9,1,-0.801907925,0.0,12.184773721304458,-4.085154664,-1.535560384,-1.570247427,1.375,1.1666666666666667,-0.30952381,12.2,-4.1,12.2,-4.1,12.2,-4.1,12.19059873,-4.082842506,0.8,-0.23997828364372253,0.19285714285714292,79633304.70295598,0.21819075197251475,0.16119196972386973
85,131,banwa(solenzo),tamouga,burkina_faso,11/1/2009,22,1,4.5726569614924095,0.0,12.184773721304458,-4.085154664,-1.535560384,-1.570247427,1.375,1.1666666666666667,-0.30952381,12.2,-4.1,12.2,-4.1,12.2,-4.1,12.19059873,-4.082842506,0.8,-0.23997828364372253,0.19285714285714292,79633304.70295598,0.21819075197251475,0.16119196972386973
86,132,banwa(solenzo),tamouga,burkina_faso,10/31/2009,5,1,-0.443302879,0.0,12.184773721304458,-4.085154664,-1.535560384,-1.570247427,1.375,1.1666666666666667,-0.30952381,12.2,-4.1,12.2,-4.1,12.2,-4.1,12.19059873,-4.082842506,0.8,-0.23997828364372253,0.19285714285714292,79633304.70295598,0.21819075197251475,0.16119196972386973
87,133,banwa(solenzo),tamouga,burkina_faso,10/31/2009,7,1,-0.967700204,0.0,12.184773721304458,-4.085154664,-1.535560384,-1.570247427,1.375,1.1666666666666667,-0.30952381,12.2,-4.1,12.2,-4.1,12.2,-4.1,12.19059873,-4.082842506,0.8,-0.23997828364372253,0.19285714285714292,79633304.70295598,0.21819075197251475,0.16119196972386973
88,134,banwa(solenzo),tamouga,burkina_faso,10/31/2009,12,4,-0.780401313,1.0,12.184773721304458,-4.085154664,-1.535560384,-1.570247427,1.375,1.1666666666666667,-0.30952381,12.2,-4.1,12.2,-4.1,12.2,-4.1,12.19059873,-4.082842506,0.8,-0.23997828364372253,0.19285714285714292,79633304.70295598,0.21819075197251475,0.16119196972386973
89,135,banwa(solenzo),tamouga,burkina_faso,10/31/2009,17,2,-0.983830162,0.0,12.184773721304458,-4.085154664,-1.535560384,-1.570247427,1.375,1.1666666666666667,-0.30952381,12.2,-4.1,12.2,-4.1,12.2,-4.1,12.19059873,-4.082842506,0.8,-0.23997828364372253,0.19285714285714292,79633304.70295598,0.21819075197251475,0.16119196972386973
90,138,sourou(tougan),domoni,burkina_faso,11/4/2009,22,2,-0.960019271,1.0,13.49467687,-3.162732285,-1.623969396,-1.623969396,1.0,0.5,-0.5,13.5,-3.15,13.5,-3.15,13.5,-3.15,13.50282815,-3.1768016,0.2,-0.4317077398300171,-0.017796610169491522,260607319.5464872,0.19852365444717776,0.9809729456340129
91,140,sourou(tougan),domoni,burkina_faso,11/4/2009,8,2,-0.780401313,1.0,13.49467687,-3.162732285,-1.623969396,-1.623969396,1.0,0.5,-0.5,13.5,-3.15,13.5,-3.15,13.5,-3.15,13.50282815,-3.1768016,0.2,-0.4317077398300171,-0.017796610169491522,260607319.5464872,0.19852365444717776,0.9809729456340129
92,141,sourou(tougan),domoni,burkina_faso,11/4/2009,6,3,-0.956946898,0.0,13.49467687,-3.162732285,-1.623969396,-1.623969396,1.0,0.5,-0.5,13.5,-3.15,13.5,-3.15,13.5,-3.15,13.50282815,-3.1768016,0.2,-0.4317077398300171,-0.017796610169491522,260607319.5464872,0.19852365444717776,0.9809729456340129
93,142,sourou(tougan),domoni,burkina_faso,11/3/2009,8,4,-0.794739054,0.0,13.49467687,-3.162732285,-1.623969396,-1.623969396,1.0,0.5,-0.5,13.5,-3.15,13.5,-3.15,13.5,-3.15,13.50282815,-3.1768016,0.2,-0.4317077398300171,-0.017796610169491522,260607319.5464872,0.19852365444717776,0.9809729456340129
94,143,sourou(tougan),domoni,burkina_faso,11/3/2009,6,1,-0.407970589,1.0,13.49467687,-3.162732285,-1.623969396,-1.623969396,1.0,0.5,-0.5,13.5,-3.15,13.5,-3.15,13.5,-3.15,13.50282815,-3.1768016,0.2,-0.4317077398300171,-0.017796610169491522,260607319.5464872,0.19852365444717776,0.9809729456340129
95,144,sourou(tougan),domoni,burkina_faso,11/3/2009,7,1,-0.930063634,0.0,13.49467687,-3.162732285,-1.623969396,-1.623969396,1.0,0.5,-0.5,13.5,-3.15,13.5,-3.15,13.5,-3.15,13.50282815,-3.1768016,0.2,-0.4317077398300171,-0.017796610169491522,260607319.5464872,0.19852365444717776,0.9809729456340129
96,145,sourou(tougan),domoni,burkina_faso,11/4/2009,7,1,-0.414627397,1.0,13.49467687,-3.162732285,-1.623969396,-1.623969396,1.0,0.5,-0.5,13.5,-3.15,13.5,-3.15,13.5,-3.15,13.50282815,-3.1768016,0.2,-0.4317077398300171,-0.017796610169491522,260607319.5464872,0.19852365444717776,0.9809729456340129
97,146,sourou(tougan),domoni,burkina_faso,11/4/2009,8,1,-0.935440287,1.0,13.49467687,-3.162732285,-1.623969396,-1.623969396,1.0,0.5,-0.5,13.5,-3.15,13.5,-3.15,13.5,-3.15,13.50282815,-3.1768016,0.2,-0.4317077398300171,-0.017796610169491522,260607319.5464872,0.19852365444717776,0.9809729456340129
98,147,sourou(tougan),domoni,burkina_faso,11/3/2009,5,1,-0.764271355,0.0,13.49467687,-3.162732285,-1.623969396,-1.623969396,1.0,0.5,-0.5,13.5,-3.15,13.5,-3.15,13.5,-3.15,13.50282815,-3.1768016,0.2,-0.4317077398300171,-0.017796610169491522,260607319.5464872,0.19852365444717776,0.9809729456340129
99,148,sourou(tougan),domoni,burkina_faso,11/3/2009,11,2,-0.931855851,1.0,13.49467687,-3.162732285,-1.623969396,-1.623969396,1.0,0.5,-0.5,13.5,-3.15,13.5,-3.15,13.5,-3.15,13.50282815,-3.1768016,0.2,-0.4317077398300171,-0.017796610169491522,260607319.5464872,0.19852365444717776,0.9809729456340129
100,149,sourou(tougan),domoni,burkina_faso,11/4/2009,14,1,-0.952645576,1.0,13.49467687,-3.162732285,-1.623969396,-1.623969396,1.0,0.5,-0.5,13.5,-3.15,13.5,-3.15,13.5,-3.15,13.50282815,-3.1768016,0.2,-0.4317077398300171,-0.017796610169491522,260607319.5464872,0.19852365444717776,0.9809729456340129
101,150,sourou(tougan),domoni,burkina_faso,11/3/2009,9,1,-0.769648008,1.0,13.49467687,-3.162732285,-1.623969396,-1.623969396,1.0,0.5,-0.5,13.5,-3.15,13.5,-3.15,13.5,-3.15,13.50282815,-3.1768016,0.2,-0.4317077398300171,-0.017796610169491522,260607319.5464872,0.19852365444717776,0.9809729456340129
102,151,sourou(tougan),domoni,burkina_faso,11/3/2009,12,1,0.2278016699971249,0.0,13.49467687,-3.162732285,-1.623969396,-1.623969396,1.0,0.5,-0.5,13.5,-3.15,13.5,-3.15,13.5,-3.15,13.50282815,-3.1768016,0.2,-0.4317077398300171,-0.017796610169491522,260607319.5464872,0.19852365444717776,0.9809729456340129
103,152,sourou(tougan),domoni,burkina_faso,11/3/2009,11,1,-0.939741609,0.0,13.49467687,-3.162732285,-1.623969396,-1.623969396,1.0,0.5,-0.5,13.5,-3.15,13.5,-3.15,13.5,-3.15,13.50282815,-3.1768016,0.2,-0.4317077398300171,-0.017796610169491522,260607319.5464872,0.19852365444717776,0.9809729456340129
104,153,sourou(tougan),domoni,burkina_faso,11/4/2009,10,1,-0.780401313,0.0,13.49467687,-3.162732285,-1.623969396,-1.623969396,1.0,0.5,-0.5,13.5,-3.15,13.5,-3.15,13.5,-3.15,13.50282815,-3.1768016,0.2,-0.4317077398300171,-0.017796610169491522,260607319.5464872,0.19852365444717776,0.9809729456340129
105,163,sourou(tougan),kawara,burkina_faso,10/31/2009,6,3,-0.935440287,1.0,10.633767554703368,-5.217299505,-1.605371225,-1.688951361,1.4,1.1666666666666667,-0.595238095,10.65,-5.2,10.65,-5.2,10.65,-5.2,10.59784676,-4.827014731,1.2,-0.32114676634470624,0.0685185185185185,142905836.6227679,0.2488933837647504,-0.015379919560358704
106,166,sourou(tougan),kawara,burkina_faso,10/31/2009,11,1,-0.855674453,0.0,10.633767554703368,-5.217299505,-1.605371225,-1.688951361,1.4,1.1666666666666667,-0.595238095,10.65,-5.2,10.65,-5.2,10.65,-5.2,10.59784676,-4.827014731,1.2,-0.32114676634470624,0.0685185185185185,142905836.6227679,0.2488933837647504,-0.015379919560358704
107,167,sourou(tougan),kawara,burkina_faso,10/31/2009,13,4,-0.877181065,1.0,10.633767554703368,-5.217299505,-1.605371225,-1.688951361,1.4,1.1666666666666667,-0.595238095,10.65,-5.2,10.65,-5.2,10.65,-5.2,10.59784676,-4.827014731,1.2,-0.32114676634470624,0.0685185185185185,142905836.6227679,0.2488933837647504,-0.015379919560358704
108,170,sourou(tougan),kawara,burkina_faso,10/30/2009,15,3,-1.053726649,1.0,10.633767554703368,-5.217299505,-1.605371225,-1.688951361,1.4,1.1666666666666667,-0.595238095,10.65,-5.2,10.65,-5.2,10.65,-5.2,10.59784676,-4.827014731,1.2,-0.32114676634470624,0.0685185185185185,142905836.6227679,0.2488933837647504,-0.015379919560358704
109,172,sourou(tougan),kawara,burkina_faso,10/30/2009,2,3,-0.935440287,0.0,10.633767554703368,-5.217299505,-1.605371225,-1.688951361,1.4,1.1666666666666667,-0.595238095,10.65,-5.2,10.65,-5.2,10.65,-5.2,10.59784676,-4.827014731,1.2,-0.32114676634470624,0.0685185185185185,142905836.6227679,0.2488933837647504,-0.015379919560358704
110,173,sourou(tougan),kawara,burkina_faso,10/31/2009,4,1,-0.921102546,1.0,10.633767554703368,-5.217299505,-1.605371225,-1.688951361,1.4,1.1666666666666667,-0.595238095,10.65,-5.2,10.65,-5.2,10.65,-5.2,10.59784676,-4.827014731,1.2,-0.32114676634470624,0.0685185185185185,142905836.6227679,0.2488933837647504,-0.015379919560358704
111,178,sourou(tougan),kawara,burkina_faso,10/31/2009,19,2,-0.950802152,1.0,10.633767554703368,-5.217299505,-1.605371225,-1.688951361,1.4,1.1666666666666667,-0.595238095,10.65,-5.2,10.65,-5.2,10.65,-5.2,10.59784676,-4.827014731,1.2,-0.32114676634470624,0.0685185185185185,142905836.6227679,0.2488933837647504,-0.015379919560358704
112,179,sourou(tougan),kawara,burkina_faso,10/31/2009,7,2,-0.762479137,0.0,10.633767554703368,-5.217299505,-1.605371225,-1.688951361,1.4,1.1666666666666667,-0.595238095,10.65,-5.2,10.65,-5.2,10.65,-5.2,10.59784676,-4.827014731,1.2,-0.32114676634470624,0.0685185185185185,142905836.6227679,0.2488933837647504,-0.015379919560358704
113,183,sourou(tougan),kawara,burkina_faso,11/30/2009,10,4,-0.461225055,1.0,10.633767554703368,-5.217299505,-1.605371225,-1.688951361,1.4,1.1666666666666667,-0.595238095,10.65,-5.2,10.65,-5.2,10.65,-5.2,10.59784676,-4.827014731,1.2,-0.32114676634470624,0.0685185185185185,142905836.6227679,0.2488933837647504,-0.015379919560358704
114,184,sourou(tougan),kawara,burkina_faso,,12,1,-0.780401313,0.0,10.633767554703368,-5.217299505,-1.605371225,-1.688951361,1.4,1.1666666666666667,-0.595238095,10.65,-5.2,10.65,-5.2,10.65,-5.2,10.59784676,-4.827014731,1.2,-0.32114676634470624,0.0685185185185185,142905836.6227679,0.2488933837647504,-0.015379919560358704
115,185,sourou(tougan),kawara,burkina_faso,,4,3,-0.935440287,1.0,10.633767554703368,-5.217299505,-1.605371225,-1.688951361,1.4,1.1666666666666667,-0.595238095,10.65,-5.2,10.65,-5.2,10.65,-5.2,10.59784676,-4.827014731,1.2,-0.32114676634470624,0.0685185185185185,142905836.6227679,0.2488933837647504,-0.015379919560358704
116,186,sourou(tougan),kawara,burkina_faso,,5,1,-0.919310328,0.0,10.633767554703368,-5.217299505,-1.605371225,-1.688951361,1.4,1.1666666666666667,-0.595238095,10.65,-5.2,10.65,-5.2,10.65,-5.2,10.59784676,-4.827014731,1.2,-0.32114676634470624,0.0685185185185185,142905836.6227679,0.2488933837647504,-0.015379919560358704
117,187,sourou(tougan),kawara,burkina_faso,,13,1,-0.79330528,0.0,10.633767554703368,-5.217299505,-1.605371225,-1.688951361,1.4,1.1666666666666667,-0.595238095,10.65,-5.2,10.65,-5.2,10.65,-5.2,10.59784676,-4.827014731,1.2,-0.32114676634470624,0.0685185185185185,142905836.6227679,0.2488933837647504,-0.015379919560358704
118,188,sourou(tougan),kawara,burkina_faso,10/31/2009,4,2,-0.766063572,1.0,10.633767554703368,-5.217299505,-1.605371225,-1.688951361,1.4,1.1666666666666667,-0.595238095,10.65,-5.2,10.65,-5.2,10.65,-5.2,10.59784676,-4.827014731,1.2,-0.32114676634470624,0.0685185185185185,142905836.6227679,0.2488933837647504,-0.015379919560358704
119,189,sourou(tougan),kawara,burkina_faso,10/31/2009,8,1,-0.569154308,1.0,10.633767554703368,-5.217299505,-1.605371225,-1.688951361,1.4,1.1666666666666667,-0.595238095,10.65,-5.2,10.65,-5.2,10.65,-5.2,10.59784676,-4.827014731,1.2,-0.32114676634470624,0.0685185185185185,142905836.6227679,0.2488933837647504,-0.015379919560358704
120,191,sourou(tougan),koromi,burkina_faso,11/5/2009,15,1,-0.791154619,1.0,13.131425207249544,-3.370307136,-1.674777746,-1.74576813,1.5,0.3333333333333333,-0.333333333,13.15,-3.35,13.15,-3.35,13.15,-3.35,13.09217767,-3.512248969,0.4,-0.22407621145248413,-0.03620689655172415,144990636.41486877,0.19587037426960516,0.6643220727399362
121,192,sourou(tougan),koromi,burkina_faso,11/5/2009,6,2,-0.769648008,1.0,13.131425207249544,-3.370307136,-1.674777746,-1.74576813,1.5,0.3333333333333333,-0.333333333,13.15,-3.35,13.15,-3.35,13.15,-3.35,13.09217767,-3.512248969,0.4,-0.22407621145248413,-0.03620689655172415,144990636.41486877,0.19587037426960516,0.6643220727399362
122,203,sourou(tougan),koromi,burkina_faso,11/5/2009,10,2,-0.946193592,1.0,13.131425207249544,-3.370307136,-1.674777746,-1.74576813,1.5,0.3333333333333333,-0.333333333,13.15,-3.35,13.15,-3.35,13.15,-3.35,13.09217767,-3.512248969,0.4,-0.22407621145248413,-0.03620689655172415,144990636.41486877,0.19587037426960516,0.6643220727399362
123,204,sourou(tougan),koromi,burkina_faso,11/4/2009,20,2,-0.407458527,1.0,13.131425207249544,-3.370307136,-1.674777746,-1.74576813,1.5,0.3333333333333333,-0.333333333,13.15,-3.35,13.15,-3.35,13.15,-3.35,13.09217767,-3.512248969,0.4,-0.22407621145248413,-0.03620689655172415,144990636.41486877,0.19587037426960516,0.6643220727399362
124,205,sourou(tougan),koromi,burkina_faso,11/5/2009,11,1,-0.771184194,1.0,13.131425207249544,-3.370307136,-1.674777746,-1.74576813,1.5,0.3333333333333333,-0.333333333,13.15,-3.35,13.15,-3.35,13.15,-3.35,13.09217767,-3.512248969,0.4,-0.22407621145248413,-0.03620689655172415,144990636.41486877,0.19587037426960516,0.6643220727399362
125,206,sourou(tougan),koromi,burkina_faso,11/5/2009,5,4,-0.928271416,1.0,13.131425207249544,-3.370307136,-1.674777746,-1.74576813,1.5,0.3333333333333333,-0.333333333,13.15,-3.35,13.15,-3.35,13.15,-3.35,13.09217767,-3.512248969,0.4,-0.22407621145248413,-0.03620689655172415,144990636.41486877,0.19587037426960516,0.6643220727399362
126,207,sourou(tougan),koromi,burkina_faso,11/5/2009,4,1,-0.921102546,0.0,13.131425207249544,-3.370307136,-1.674777746,-1.74576813,1.5,0.3333333333333333,-0.333333333,13.15,-3.35,13.15,-3.35,13.15,-3.35,13.09217767,-3.512248969,0.4,-0.22407621145248413,-0.03620689655172415,144990636.41486877,0.19587037426960516,0.6643220727399362
127,208,sourou(tougan),koromi,burkina_faso,11/5/2009,4,2,-0.780401313,1.0,13.131425207249544,-3.370307136,-1.674777746,-1.74576813,1.5,0.3333333333333333,-0.333333333,13.15,-3.35,13.15,-3.35,13.15,-3.35,13.09217767,-3.512248969,0.4,-0.22407621145248413,-0.03620689655172415,144990636.41486877,0.19587037426960516,0.6643220727399362
128,209,sourou(tougan),koromi,burkina_faso,11/5/2009,6,2,-0.769648008,1.0,13.131425207249544,-3.370307136,-1.674777746,-1.74576813,1.5,0.3333333333333333,-0.333333333,13.15,-3.35,13.15,-3.35,13.15,-3.35,13.09217767,-3.512248969,0.4,-0.22407621145248413,-0.03620689655172415,144990636.41486877,0.19587037426960516,0.6643220727399362
129,210,sourou(tougan),koromi,burkina_faso,11/5/2009,4,1,-0.758894702,1.0,13.131425207249544,-3.370307136,-1.674777746,-1.74576813,1.5,0.3333333333333333,-0.333333333,13.15,-3.35,13.15,-3.35,13.15,-3.35,13.09217767,-3.512248969,0.4,-0.22407621145248413,-0.03620689655172415,144990636.41486877,0.19587037426960516,0.6643220727399362
130,211,sourou(tougan),koromi,burkina_faso,11/5/2009,7,1,0.612791191,1.0,13.131425207249544,-3.370307136,-1.674777746,-1.74576813,1.5,0.3333333333333333,-0.333333333,13.15,-3.35,13.15,-3.35,13.15,-3.35,13.09217767,-3.512248969,0.4,-0.22407621145248413,-0.03620689655172415,144990636.41486877,0.19587037426960516,0.6643220727399362
131,212,sourou(tougan),koromi,burkina_faso,11/5/2009,7,3,-0.419645607,1.0,13.131425207249544,-3.370307136,-1.674777746,-1.74576813,1.5,0.3333333333333333,-0.333333333,13.15,-3.35,13.15,-3.35,13.15,-3.35,13.09217767,-3.512248969,0.4,-0.22407621145248413,-0.03620689655172415,144990636.41486877,0.19587037426960516,0.6643220727399362
132,213,sourou(tougan),koromi,burkina_faso,11/5/2009,4,1,-0.921102546,1.0,13.131425207249544,-3.370307136,-1.674777746,-1.74576813,1.5,0.3333333333333333,-0.333333333,13.15,-3.35,13.15,-3.35,13.15,-3.35,13.09217767,-3.512248969,0.4,-0.22407621145248413,-0.03620689655172415,144990636.41486877,0.19587037426960516,0.6643220727399362
133,214,sourou(tougan),koromi,burkina_faso,11/6/2009,9,2,-0.94081694,1.0,13.131425207249544,-3.370307136,-1.674777746,-1.74576813,1.5,0.3333333333333333,-0.333333333,13.15,-3.35,13.15,-3.35,13.15,-3.35,13.09217767,-3.512248969,0.4,-0.22407621145248413,-0.03620689655172415,144990636.41486877,0.19587037426960516,0.6643220727399362
134,218,sourou(tougan),tougan secteur 6,burkina_faso,11/7/2009,1,3,7.059620159242601,1.0,13.069049212563538,-3.064919248,-1.612811208,-1.671682298,1.5,0.3333333333333333,-0.333333333,13.05,-3.05,13.05,-3.05,13.05,-3.05,13.07293219,-3.067356703,0.4,-0.2351554036140442,-0.03620689655172415,144990636.41486877,0.20196784795128056,0.41041235955182653
135,220,sourou(tougan),tougan secteur 6,burkina_faso,11/6/2009,10,1,6.460203668322683,1.0,13.069049212563538,-3.064919248,-1.612811208,-1.671682298,1.5,0.3333333333333333,-0.333333333,13.05,-3.05,13.05,-3.05,13.05,-3.05,13.07293219,-3.067356703,0.4,-0.2351554036140442,-0.03620689655172415,144990636.41486877,0.20196784795128056,0.41041235955182653
136,221,sourou(tougan),tougan secteur 6,burkina_faso,11/7/2009,7,1,6.279617741605363,1.0,13.069049212563538,-3.064919248,-1.612811208,-1.671682298,1.5,0.3333333333333333,-0.333333333,13.05,-3.05,13.05,-3.05,13.05,-3.05,13.07293219,-3.067356703,0.4,-0.2351554036140442,-0.03620689655172415,144990636.41486877,0.20196784795128056,0.41041235955182653
137,223,sourou(tougan),tougan secteur 6,burkina_faso,11/7/2009,10,1,2.994269544972625,0.0,13.069049212563538,-3.064919248,-1.612811208,-1.671682298,1.5,0.3333333333333333,-0.333333333,13.05,-3.05,13.05,-3.05,13.05,-3.05,13.07293219,-3.067356703,0.4,-0.2351554036140442,-0.03620689655172415,144990636.41486877,0.20196784795128056,0.41041235955182653
138,225,sourou(tougan),tougan secteur 6,burkina_faso,11/7/2009,11,1,2.4184147565116647,0.0,13.069049212563538,-3.064919248,-1.612811208,-1.671682298,1.5,0.3333333333333333,-0.333333333,13.05,-3.05,13.05,-3.05,13.05,-3.05,13.07293219,-3.067356703,0.4,-0.2351554036140442,-0.03620689655172415,144990636.41486877,0.20196784795128056,0.41041235955182653
139,226,sourou(tougan),tougan secteur 6,burkina_faso,11/7/2009,11,5,3.8606820305056937,1.0,13.069049212563538,-3.064919248,-1.612811208,-1.671682298,1.5,0.3333333333333333,-0.333333333,13.05,-3.05,13.05,-3.05,13.05,-3.05,13.07293219,-3.067356703,0.4,-0.2351554036140442,-0.03620689655172415,144990636.41486877,0.20196784795128056,0.41041235955182653
140,227,sourou(tougan),tougan secteur 6,burkina_faso,11/6/2009,6,1,4.967171069190974,1.0,13.069049212563538,-3.064919248,-1.612811208,-1.671682298,1.5,0.3333333333333333,-0.333333333,13.05,-3.05,13.05,-3.05,13.05,-3.05,13.07293219,-3.067356703,0.4,-0.2351554036140442,-0.03620689655172415,144990636.41486877,0.20196784795128056,0.41041235955182653
141,228,sourou(tougan),tougan secteur 6,burkina_faso,11/6/2009,3,1,-0.924686981,1.0,13.069049212563538,-3.064919248,-1.612811208,-1.671682298,1.5,0.3333333333333333,-0.333333333,13.05,-3.05,13.05,-3.05,13.05,-3.05,13.07293219,-3.067356703,0.4,-0.2351554036140442,-0.03620689655172415,144990636.41486877,0.20196784795128056,0.41041235955182653
142,229,sourou(tougan),tougan secteur 6,burkina_faso,11/6/2009,5,1,-0.791154619,1.0,13.069049212563538,-3.064919248,-1.612811208,-1.671682298,1.5,0.3333333333333333,-0.333333333,13.05,-3.05,13.05,-3.05,13.05,-3.05,13.07293219,-3.067356703,0.4,-0.2351554036140442,-0.03620689655172415,144990636.41486877,0.20196784795128056,0.41041235955182653
143,230,sourou(tougan),tougan secteur 6,burkina_faso,11/6/2009,4,2,-0.935440287,1.0,13.069049212563538,-3.064919248,-1.612811208,-1.671682298,1.5,0.3333333333333333,-0.333333333,13.05,-3.05,13.05,-3.05,13.05,-3.05,13.07293219,-3.067356703,0.4,-0.2351554036140442,-0.03620689655172415,144990636.41486877,0.20196784795128056,0.41041235955182653
144,231,sourou(tougan),tougan secteur 6,burkina_faso,11/7/2009,7,1,-0.787570184,1.0,13.069049212563538,-3.064919248,-1.612811208,-1.671682298,1.5,0.3333333333333333,-0.333333333,13.05,-3.05,13.05,-3.05,13.05,-3.05,13.07293219,-3.067356703,0.4,-0.2351554036140442,-0.03620689655172415,144990636.41486877,0.20196784795128056,0.41041235955182653
145,232,sourou(tougan),tougan secteur 6,burkina_faso,11/6/2009,5,1,1.5682924877223827,0.0,13.069049212563538,-3.064919248,-1.612811208,-1.671682298,1.5,0.3333333333333333,-0.333333333,13.05,-3.05,13.05,-3.05,13.05,-3.05,13.07293219,-3.067356703,0.4,-0.2351554036140442,-0.03620689655172415,144990636.41486877,0.20196784795128056,0.41041235955182653
146,233,sourou(tougan),tougan secteur 6,burkina_faso,11/7/2009,7,1,3.004498215,1.0,13.069049212563538,-3.064919248,-1.612811208,-1.671682298,1.5,0.3333333333333333,-0.333333333,13.05,-3.05,13.05,-3.05,13.05,-3.05,13.07293219,-3.067356703,0.4,-0.2351554036140442,-0.03620689655172415,144990636.41486877,0.20196784795128056,0.41041235955182653
147,234,sourou(tougan),tougan secteur 6,burkina_faso,11/7/2009,4,1,1.7161625906000295,1.0,13.069049212563538,-3.064919248,-1.612811208,-1.671682298,1.5,0.3333333333333333,-0.333333333,13.05,-3.05,13.05,-3.05,13.05,-3.05,13.07293219,-3.067356703,0.4,-0.2351554036140442,-0.03620689655172415,144990636.41486877,0.20196784795128056,0.41041235955182653
148,235,sourou(tougan),tougan secteur 6,burkina_faso,11/6/2009,11,4,4.224805221480601,1.0,13.069049212563538,-3.064919248,-1.612811208,-1.671682298,1.5,0.3333333333333333,-0.333333333,13.05,-3.05,13.05,-3.05,13.05,-3.05,13.07293219,-3.067356703,0.4,-0.2351554036140442,-0.03620689655172415,144990636.41486877,0.20196784795128056,0.41041235955182653
149,236,sourou(tougan),tougan secteur 6,burkina_faso,11/7/2009,12,2,3.1201084004108863,0.0,13.069049212563538,-3.064919248,-1.612811208,-1.671682298,1.5,0.3333333333333333,-0.333333333,13.05,-3.05,13.05,-3.05,13.05,-3.05,13.07293219,-3.067356703,0.4,-0.2351554036140442,-0.03620689655172415,144990636.41486877,0.20196784795128056,0.41041235955182653
150,238,sourou(tougan),tougan secteur 6,burkina_faso,11/7/2009,9,2,1.5654249395374786,1.0,13.069049212563538,-3.064919248,-1.612811208,-1.671682298,1.5,0.3333333333333333,-0.333333333,13.05,-3.05,13.05,-3.05,13.05,-3.05,13.07293219,-3.067356703,0.4,-0.2351554036140442,-0.03620689655172415,144990636.41486877,0.20196784795128056,0.41041235955182653
151,242,sourou(tougan),tougan secteur 6,burkina_faso,11/7/2009,11,1,7.317033872097717,1.0,13.069049212563538,-3.064919248,-1.612811208,-1.671682298,1.5,0.3333333333333333,-0.333333333,13.05,-3.05,13.05,-3.05,13.05,-3.05,13.07293219,-3.067356703,0.4,-0.2351554036140442,-0.03620689655172415,144990636.41486877,0.20196784795128056,0.41041235955182653
152,243,sourou(tougan),tougan secteur 6,burkina_faso,11/7/2009,5,1,-0.773232443,0.0,13.069049212563538,-3.064919248,-1.612811208,-1.671682298,1.5,0.3333333333333333,-0.333333333,13.05,-3.05,13.05,-3.05,13.05,-3.05,13.07293219,-3.067356703,0.4,-0.2351554036140442,-0.03620689655172415,144990636.41486877,0.20196784795128056,0.41041235955182653
153,244,sourou(tougan),tombila,burkina_faso,11/1/2009,10,1,-0.913933675,1.0,13.068424936855669,-3.071164397,-1.612811208,-1.671682298,1.5,0.3333333333333333,-0.333333333,13.05,-3.05,13.05,-3.05,13.05,-3.05,13.07293219,-3.067356703,0.4,-0.2351554036140442,-0.03620689655172415,144990636.41486877,0.20196784795128056,0.41041235955182653
154,245,sourou(tougan),tombila,burkina_faso,11/1/2009,8,1,-0.794739054,0.0,13.068424936855669,-3.071164397,-1.612811208,-1.671682298,1.5,0.3333333333333333,-0.333333333,13.05,-3.05,13.05,-3.05,13.05,-3.05,13.07293219,-3.067356703,0.4,-0.2351554036140442,-0.03620689655172415,144990636.41486877,0.20196784795128056,0.41041235955182653
155,246,sourou(tougan),tombila,burkina_faso,11/2/2009,13,1,0.416313114,1.0,13.068424936855669,-3.071164397,-1.612811208,-1.671682298,1.5,0.3333333333333333,-0.333333333,13.05,-3.05,13.05,-3.05,13.05,-3.05,13.07293219,-3.067356703,0.4,-0.2351554036140442,-0.03620689655172415,144990636.41486877,0.20196784795128056,0.41041235955182653
156,247,sourou(tougan),tombila,burkina_faso,11/2/2009,4,2,-0.766063572,1.0,13.068424936855669,-3.071164397,-1.612811208,-1.671682298,1.5,0.3333333333333333,-0.333333333,13.05,-3.05,13.05,-3.05,13.05,-3.05,13.07293219,-3.067356703,0.4,-0.2351554036140442,-0.03620689655172415,144990636.41486877,0.20196784795128056,0.41041235955182653
157,248,sourou(tougan),tombila,burkina_faso,11/1/2009,14,5,0.4471392573793884,1.0,13.068424936855669,-3.071164397,-1.612811208,-1.671682298,1.5,0.3333333333333333,-0.333333333,13.05,-3.05,13.05,-3.05,13.05,-3.05,13.07293219,-3.067356703,0.4,-0.2351554036140442,-0.03620689655172415,144990636.41486877,0.20196784795128056,0.41041235955182653
158,249,sourou(tougan),tombila,burkina_faso,11/2/2009,12,1,-0.935440287,1.0,13.068424936855669,-3.071164397,-1.612811208,-1.671682298,1.5,0.3333333333333333,-0.333333333,13.05,-3.05,13.05,-3.05,13.05,-3.05,13.07293219,-3.067356703,0.4,-0.2351554036140442,-0.03620689655172415,144990636.41486877,0.20196784795128056,0.41041235955182653
159,250,sourou(tougan),tombila,burkina_faso,11/2/2009,5,1,-0.755310267,0.0,13.068424936855669,-3.071164397,-1.612811208,-1.671682298,1.5,0.3333333333333333,-0.333333333,13.05,-3.05,13.05,-3.05,13.05,-3.05,13.07293219,-3.067356703,0.4,-0.2351554036140442,-0.03620689655172415,144990636.41486877,0.20196784795128056,0.41041235955182653
160,252,sourou(tougan),tombila,burkina_faso,11/2/2009,20,6,-0.443302879,1.0,13.068424936855669,-3.071164397,-1.612811208,-1.671682298,1.5,0.3333333333333333,-0.333333333,13.05,-3.05,13.05,-3.05,13.05,-3.05,13.07293219,-3.067356703,0.4,-0.2351554036140442,-0.03620689655172415,144990636.41486877,0.20196784795128056,0.41041235955182653
161,253,sourou(tougan),tombila,burkina_faso,11/2/2009,7,2,-0.439718444,0.0,13.068424936855669,-3.071164397,-1.612811208,-1.671682298,1.5,0.3333333333333333,-0.333333333,13.05,-3.05,13.05,-3.05,13.05,-3.05,13.07293219,-3.067356703,0.4,-0.2351554036140442,-0.03620689655172415,144990636.41486877,0.20196784795128056,0.41041235955182653
162,254,sourou(tougan),tombila,burkina_faso,11/2/2009,12,6,-0.576835241,1.0,13.068424936855669,-3.071164397,-1.612811208,-1.671682298,1.5,0.3333333333333333,-0.333333333,13.05,-3.05,13.05,-3.05,13.05,-3.05,13.07293219,-3.067356703,0.4,-0.2351554036140442,-0.03620689655172415,144990636.41486877,0.20196784795128056,0.41041235955182653
163,255,sourou(tougan),tombila,burkina_faso,11/2/2009,10,2,-0.935440287,0.0,13.068424936855669,-3.071164397,-1.612811208,-1.671682298,1.5,0.3333333333333333,-0.333333333,13.05,-3.05,13.05,-3.05,13.05,-3.05,13.07293219,-3.067356703,0.4,-0.2351554036140442,-0.03620689655172415,144990636.41486877,0.20196784795128056,0.41041235955182653
164,256,sourou(tougan),tombila,burkina_faso,11/2/2009,14,3,-0.758894702,1.0,13.068424936855669,-3.071164397,-1.612811208,-1.671682298,1.5,0.3333333333333333,-0.333333333,13.05,-3.05,13.05,-3.05,13.05,-3.05,13.07293219,-3.067356703,0.4,-0.2351554036140442,-0.03620689655172415,144990636.41486877,0.20196784795128056,0.41041235955182653
165,257,sourou(tougan),tombila,burkina_faso,11/2/2009,11,2,-0.939741609,1.0,13.068424936855669,-3.071164397,-1.612811208,-1.671682298,1.5,0.3333333333333333,-0.333333333,13.05,-3.05,13.05,-3.05,13.05,-3.05,13.07293219,-3.067356703,0.4,-0.2351554036140442,-0.03620689655172415,144990636.41486877,0.20196784795128056,0.41041235955182653
166,258,sourou(tougan),tombila,burkina_faso,11/1/2009,14,2,-0.935440287,0.0,13.068424936855669,-3.071164397,-1.612811208,-1.671682298,1.5,0.3333333333333333,-0.333333333,13.05,-3.05,13.05,-3.05,13.05,-3.05,13.07293219,-3.067356703,0.4,-0.2351554036140442,-0.03620689655172415,144990636.41486877,0.20196784795128056,0.41041235955182653
167,268,sourou(tougan),tombila,burkina_faso,11/1/2009,22,7,-0.776816878,1.0,13.068424936855669,-3.071164397,-1.612811208,-1.671682298,1.5,0.3333333333333333,-0.333333333,13.05,-3.05,13.05,-3.05,13.05,-3.05,13.07293219,-3.067356703,0.4,-0.2351554036140442,-0.03620689655172415,144990636.41486877,0.20196784795128056,0.41041235955182653
168,269,sourou(tougan),tombila,burkina_faso,11/1/2009,11,1,-0.413193623,1.0,13.068424936855669,-3.071164397,-1.612811208,-1.671682298,1.5,0.3333333333333333,-0.333333333,13.05,-3.05,13.05,-3.05,13.05,-3.05,13.07293219,-3.067356703,0.4,-0.2351554036140442,-0.03620689655172415,144990636.41486877,0.20196784795128056,0.41041235955182653
169,270,sourou(tougan),tombila,burkina_faso,11/1/2009,17,1,0.1140562318088852,0.0,13.068424936855669,-3.071164397,-1.612811208,-1.671682298,1.5,0.3333333333333333,-0.333333333,13.05,-3.05,13.05,-3.05,13.05,-3.05,13.07293219,-3.067356703,0.4,-0.2351554036140442,-0.03620689655172415,144990636.41486877,0.20196784795128056,0.41041235955182653
170,271,"kadiogo(ouagadougou, la capitale",lao,burkina_faso,11/6/2009,11,2,-0.971284639,1.0,12.424206793135868,-1.752109988,-1.620604038,-1.728714426,1.6666666666666667,0.8333333333333334,0.3666666666666665,12.4,-1.75,12.4,-1.75,12.4,-1.75,12.36425974,-1.685227986,0.8,-0.27840808033943176,-0.07500000000000001,76288282.14932764,0.1810630783670414,-1.1490821920870902
171,272,"kadiogo(ouagadougou, la capitale",lao,burkina_faso,11/6/2009,12,1,0.5007654401896006,1.0,12.424206793135868,-1.752109988,-1.620604038,-1.728714426,1.6666666666666667,0.8333333333333334,0.3666666666666665,12.4,-1.75,12.4,-1.75,12.4,-1.75,12.36425974,-1.685227986,0.8,-0.27840808033943176,-0.07500000000000001,76288282.14932764,0.1810630783670414,-1.1490821920870902
172,273,"kadiogo(ouagadougou, la capitale",lao,burkina_faso,11/6/2009,11,1,-0.603718505,1.0,12.424206793135868,-1.752109988,-1.620604038,-1.728714426,1.6666666666666667,0.8333333333333334,0.3666666666666665,12.4,-1.75,12.4,-1.75,12.4,-1.75,12.36425974,-1.685227986,0.8,-0.27840808033943176,-0.07500000000000001,76288282.14932764,0.1810630783670414,-1.1490821920870902
173,274,"kadiogo(ouagadougou, la capitale",lao,burkina_faso,11/6/2009,10,1,-0.407458527,1.0,12.424206793135868,-1.752109988,-1.620604038,-1.728714426,1.6666666666666667,0.8333333333333334,0.3666666666666665,12.4,-1.75,12.4,-1.75,12.4,-1.75,12.36425974,-1.685227986,0.8,-0.27840808033943176,-0.07500000000000001,76288282.14932764,0.1810630783670414,-1.1490821920870902
174,275,"kadiogo(ouagadougou, la capitale",lao,burkina_faso,11/6/2009,1,1,-0.913933675,1.0,12.424206793135868,-1.752109988,-1.620604038,-1.728714426,1.6666666666666667,0.8333333333333334,0.3666666666666665,12.4,-1.75,12.4,-1.75,12.4,-1.75,12.36425974,-1.685227986,0.8,-0.27840808033943176,-0.07500000000000001,76288282.14932764,0.1810630783670414,-1.1490821920870902
175,276,"kadiogo(ouagadougou, la capitale",lao,burkina_faso,11/5/2009,5,3,-0.580419676,1.0,12.424206793135868,-1.752109988,-1.620604038,-1.728714426,1.6666666666666667,0.8333333333333334,0.3666666666666665,12.4,-1.75,12.4,-1.75,12.4,-1.75,12.36425974,-1.685227986,0.8,-0.27840808033943176,-0.07500000000000001,76288282.14932764,0.1810630783670414,-1.1490821920870902
176,277,"kadiogo(ouagadougou, la capitale",lao,burkina_faso,11/5/2009,6,1,-0.956946898,1.0,12.424206793135868,-1.752109988,-1.620604038,-1.728714426,1.6666666666666667,0.8333333333333334,0.3666666666666665,12.4,-1.75,12.4,-1.75,12.4,-1.75,12.36425974,-1.685227986,0.8,-0.27840808033943176,-0.07500000000000001,76288282.14932764,0.1810630783670414,-1.1490821920870902
177,278,"kadiogo(ouagadougou, la capitale",lao,burkina_faso,11/5/2009,5,1,-0.773232443,1.0,12.424206793135868,-1.752109988,-1.620604038,-1.728714426,1.6666666666666667,0.8333333333333334,0.3666666666666665,12.4,-1.75,12.4,-1.75,12.4,-1.75,12.36425974,-1.685227986,0.8,-0.27840808033943176,-0.07500000000000001,76288282.14932764,0.1810630783670414,-1.1490821920870902
178,279,"kadiogo(ouagadougou, la capitale",lao,burkina_faso,11/6/2009,9,5,-0.572226681,1.0,12.424206793135868,-1.752109988,-1.620604038,-1.728714426,1.6666666666666667,0.8333333333333334,0.3666666666666665,12.4,-1.75,12.4,-1.75,12.4,-1.75,12.36425974,-1.685227986,0.8,-0.27840808033943176,-0.07500000000000001,76288282.14932764,0.1810630783670414,-1.1490821920870902
179,280,"kadiogo(ouagadougou, la capitale",lao,burkina_faso,11/5/2009,8,3,-0.587588547,1.0,12.424206793135868,-1.752109988,-1.620604038,-1.728714426,1.6666666666666667,0.8333333333333334,0.3666666666666665,12.4,-1.75,12.4,-1.75,12.4,-1.75,12.36425974,-1.685227986,0.8,-0.27840808033943176,-0.07500000000000001,76288282.14932764,0.1810630783670414,-1.1490821920870902
180,281,"kadiogo(ouagadougou, la capitale",lao,burkina_faso,11/6/2009,11,1,0.495601663,1.0,12.424206793135868,-1.752109988,-1.620604038,-1.728714426,1.6666666666666667,0.8333333333333334,0.3666666666666665,12.4,-1.75,12.4,-1.75,12.4,-1.75,12.36425974,-1.685227986,0.8,-0.27840808033943176,-0.07500000000000001,76288282.14932764,0.1810630783670414,-1.1490821920870902
181,282,"kadiogo(ouagadougou, la capitale",lao,burkina_faso,11/5/2009,4,2,-0.780401313,1.0,12.424206793135868,-1.752109988,-1.620604038,-1.728714426,1.6666666666666667,0.8333333333333334,0.3666666666666665,12.4,-1.75,12.4,-1.75,12.4,-1.75,12.36425974,-1.685227986,0.8,-0.27840808033943176,-0.07500000000000001,76288282.14932764,0.1810630783670414,-1.1490821920870902
182,283,"kadiogo(ouagadougou, la capitale",lao,burkina_faso,11/5/2009,1,2,-0.913933675,1.0,12.424206793135868,-1.752109988,-1.620604038,-1.728714426,1.6666666666666667,0.8333333333333334,0.3666666666666665,12.4,-1.75,12.4,-1.75,12.4,-1.75,12.36425974,-1.685227986,0.8,-0.27840808033943176,-0.07500000000000001,76288282.14932764,0.1810630783670414,-1.1490821920870902
183,284,"kadiogo(ouagadougou, la capitale",lao,burkina_faso,11/6/2009,6,3,-0.935440287,1.0,12.424206793135868,-1.752109988,-1.620604038,-1.728714426,1.6666666666666667,0.8333333333333334,0.3666666666666665,12.4,-1.75,12.4,-1.75,12.4,-1.75,12.36425974,-1.685227986,0.8,-0.27840808033943176,-0.07500000000000001,76288282.14932764,0.1810630783670414,-1.1490821920870902
184,285,"kadiogo(ouagadougou, la capitale",lao,burkina_faso,11/5/2009,6,1,-0.801907925,1.0,12.424206793135868,-1.752109988,-1.620604038,-1.728714426,1.6666666666666667,0.8333333333333334,0.3666666666666665,12.4,-1.75,12.4,-1.75,12.4,-1.75,12.36425974,-1.685227986,0.8,-0.27840808033943176,-0.07500000000000001,76288282.14932764,0.1810630783670414,-1.1490821920870902
185,286,"kadiogo(ouagadougou, la capitale",lao,burkina_faso,11/6/2009,5,2,-0.791154619,1.0,12.424206793135868,-1.752109988,-1.620604038,-1.728714426,1.6666666666666667,0.8333333333333334,0.3666666666666665,12.4,-1.75,12.4,-1.75,12.4,-1.75,12.36425974,-1.685227986,0.8,-0.27840808033943176,-0.07500000000000001,76288282.14932764,0.1810630783670414,-1.1490821920870902
186,288,"kadiogo(ouagadougou, la capitale",lao,burkina_faso,11/5/2009,3,2,-0.576835241,0.0,12.424206793135868,-1.752109988,-1.620604038,-1.728714426,1.6666666666666667,0.8333333333333334,0.3666666666666665,12.4,-1.75,12.4,-1.75,12.4,-1.75,12.36425974,-1.685227986,0.8,-0.27840808033943176,-0.07500000000000001,76288282.14932764,0.1810630783670414,-1.1490821920870902
187,296,"kadiogo(ouagadougou, la capitale",lao,burkina_faso,11/5/2009,8,3,-0.794739054,1.0,12.424206793135868,-1.752109988,-1.620604038,-1.728714426,1.6666666666666667,0.8333333333333334,0.3666666666666665,12.4,-1.75,12.4,-1.75,12.4,-1.75,12.36425974,-1.685227986,0.8,-0.27840808033943176,-0.07500000000000001,76288282.14932764,0.1810630783670414,-1.1490821920870902
188,298,"kadiogo(ouagadougou, la capitale",ouagadougou secteur 16,burkina_faso,11/14/2009,5,2,2.880408457,1.0,12.335180808674052,-1.499024703,-1.693612523,-1.748929169,1.6666666666666667,1.0,0.3333333333333332,12.35,-1.5,12.35,-1.5,12.35,-1.5,12.36425974,-1.524314245,1.2,-0.268368939558665,-0.11666666666666665,134992711.33582887,0.15949199688134066,-0.5782525965864629
189,300,"kadiogo(ouagadougou, la capitale",ouagadougou secteur 16,burkina_faso,11/13/2009,10,1,2.037678422474286,1.0,12.335180808674052,-1.499024703,-1.693612523,-1.748929169,1.6666666666666667,1.0,0.3333333333333332,12.35,-1.5,12.35,-1.5,12.35,-1.5,12.36425974,-1.524314245,1.2,-0.268368939558665,-0.11666666666666665,134992711.33582887,0.15949199688134066,-0.5782525965864629
190,301,"kadiogo(ouagadougou, la capitale",ouagadougou secteur 16,burkina_faso,11/17/2009,9,1,11.903244357983407,1.0,12.335180808674052,-1.499024703,-1.693612523,-1.748929169,1.6666666666666667,1.0,0.3333333333333332,12.35,-1.5,12.35,-1.5,12.35,-1.5,12.36425974,-1.524314245,1.2,-0.268368939558665,-0.11666666666666665,134992711.33582887,0.15949199688134066,-0.5782525965864629
191,302,"kadiogo(ouagadougou, la capitale",ouagadougou secteur 16,burkina_faso,11/13/2009,3,1,11.247784662287136,1.0,12.335180808674052,-1.499024703,-1.693612523,-1.748929169,1.6666666666666667,1.0,0.3333333333333332,12.35,-1.5,12.35,-1.5,12.35,-1.5,12.36425974,-1.524314245,1.2,-0.268368939558665,-0.11666666666666665,134992711.33582887,0.15949199688134066,-0.5782525965864629
192,303,"kadiogo(ouagadougou, la capitale",ouagadougou secteur 16,burkina_faso,11/12/2009,6,1,11.047738315470903,1.0,12.335180808674052,-1.499024703,-1.693612523,-1.748929169,1.6666666666666667,1.0,0.3333333333333332,12.35,-1.5,12.35,-1.5,12.35,-1.5,12.36425974,-1.524314245,1.2,-0.268368939558665,-0.11666666666666665,134992711.33582887,0.15949199688134066,-0.5782525965864629
193,304,"kadiogo(ouagadougou, la capitale",ouagadougou secteur 16,burkina_faso,11/13/2009,4,1,8.491508616255619,1.0,12.335180808674052,-1.499024703,-1.693612523,-1.748929169,1.6666666666666667,1.0,0.3333333333333332,12.35,-1.5,12.35,-1.5,12.35,-1.5,12.36425974,-1.524314245,1.2,-0.268368939558665,-0.11666666666666665,134992711.33582887,0.15949199688134066,-0.5782525965864629
194,305,"kadiogo(ouagadougou, la capitale",ouagadougou secteur 16,burkina_faso,11/12/2009,6,1,5.972112679681657,0.0,12.335180808674052,-1.499024703,-1.693612523,-1.748929169,1.6666666666666667,1.0,0.3333333333333332,12.35,-1.5,12.35,-1.5,12.35,-1.5,12.36425974,-1.524314245,1.2,-0.268368939558665,-0.11666666666666665,134992711.33582887,0.15949199688134066,-0.5782525965864629
195,306,"kadiogo(ouagadougou, la capitale",ouagadougou secteur 16,burkina_faso,11/12/2009,10,1,8.969308282989424,1.0,12.335180808674052,-1.499024703,-1.693612523,-1.748929169,1.6666666666666667,1.0,0.3333333333333332,12.35,-1.5,12.35,-1.5,12.35,-1.5,12.36425974,-1.524314245,1.2,-0.268368939558665,-0.11666666666666665,134992711.33582887,0.15949199688134066,-0.5782525965864629
196,307,"kadiogo(ouagadougou, la capitale",ouagadougou secteur 16,burkina_faso,11/12/2009,4,1,9.005869522,0.0,12.335180808674052,-1.499024703,-1.693612523,-1.748929169,1.6666666666666667,1.0,0.3333333333333332,12.35,-1.5,12.35,-1.5,12.35,-1.5,12.36425974,-1.524314245,1.2,-0.268368939558665,-0.11666666666666665,134992711.33582887,0.15949199688134066,-0.5782525965864629
197,308,"kadiogo(ouagadougou, la capitale",ouagadougou secteur 16,burkina_faso,11/13/2009,12,2,7.107545137133486,1.0,12.335180808674052,-1.499024703,-1.693612523,-1.748929169,1.6666666666666667,1.0,0.3333333333333332,12.35,-1.5,12.35,-1.5,12.35,-1.5,12.36425974,-1.524314245,1.2,-0.268368939558665,-0.11666666666666665,134992711.33582887,0.15949199688134066,-0.5782525965864629
198,309,"kadiogo(ouagadougou, la capitale",ouagadougou secteur 16,burkina_faso,11/14/2009,6,1,4.472571047432907,1.0,12.335180808674052,-1.499024703,-1.693612523,-1.748929169,1.6666666666666667,1.0,0.3333333333333332,12.35,-1.5,12.35,-1.5,12.35,-1.5,12.36425974,-1.524314245,1.2,-0.268368939558665,-0.11666666666666665,134992711.33582887,0.15949199688134066,-0.5782525965864629
199,310,"kadiogo(ouagadougou, la capitale",ouagadougou secteur 16,burkina_faso,11/12/2009,9,1,11.844985135884016,0.0,12.335180808674052,-1.499024703,-1.693612523,-1.748929169,1.6666666666666667,1.0,0.3333333333333332,12.35,-1.5,12.35,-1.5,12.35,-1.5,12.36425974,-1.524314245,1.2,-0.268368939558665,-0.11666666666666665,134992711.33582887,0.15949199688134066,-0.5782525965864629
200,312,"kadiogo(ouagadougou, la capitale",ouagadougou secteur 16,burkina_faso,11/12/2009,5,1,2.834109949873961,1.0,12.335180808674052,-1.499024703,-1.693612523,-1.748929169,1.6666666666666667,1.0,0.3333333333333332,12.35,-1.5,12.35,-1.5,12.35,-1.5,12.36425974,-1.524314245,1.2,-0.268368939558665,-0.11666666666666665,134992711.33582887,0.15949199688134066,-0.5782525965864629
201,313,"kadiogo(ouagadougou, la capitale",ouagadougou secteur 16,burkina_faso,11/12/2009,10,1,10.009156708817189,1.0,12.335180808674052,-1.499024703,-1.693612523,-1.748929169,1.6666666666666667,1.0,0.3333333333333332,12.35,-1.5,12.35,-1.5,12.35,-1.5,12.36425974,-1.524314245,1.2,-0.268368939558665,-0.11666666666666665,134992711.33582887,0.15949199688134066,-0.5782525965864629
202,314,"kadiogo(ouagadougou, la capitale",ouagadougou secteur 16,burkina_faso,11/13/2009,6,2,4.365784726308128,1.0,12.335180808674052,-1.499024703,-1.693612523,-1.748929169,1.6666666666666667,1.0,0.3333333333333332,12.35,-1.5,12.35,-1.5,12.35,-1.5,12.36425974,-1.524314245,1.2,-0.268368939558665,-0.11666666666666665,134992711.33582887,0.15949199688134066,-0.5782525965864629
203,315,"kadiogo(ouagadougou, la capitale",ouagadougou secteur 16,burkina_faso,11/13/2009,1,1,8.502120429525995,1.0,12.335180808674052,-1.499024703,-1.693612523,-1.748929169,1.6666666666666667,1.0,0.3333333333333332,12.35,-1.5,12.35,-1.5,12.35,-1.5,12.36425974,-1.524314245,1.2,-0.268368939558665,-0.11666666666666665,134992711.33582887,0.15949199688134066,-0.5782525965864629
204,316,"kadiogo(ouagadougou, la capitale",ouagadougou secteur 16,burkina_faso,11/13/2009,7,1,6.124578768265455,1.0,12.335180808674052,-1.499024703,-1.693612523,-1.748929169,1.6666666666666667,1.0,0.3333333333333332,12.35,-1.5,12.35,-1.5,12.35,-1.5,12.36425974,-1.524314245,1.2,-0.268368939558665,-0.11666666666666665,134992711.33582887,0.15949199688134066,-0.5782525965864629
205,325,"kadiogo(ouagadougou, la capitale",ouagadougou secteur 27,burkina_faso,11/18/2009,11,1,9.921594077,1.0,12.399109627372065,-1.477554274,-1.674724069,-1.727728016,1.6666666666666667,1.0,0.3333333333333332,12.4,-1.5,12.4,-1.5,12.4,-1.5,12.36425974,-1.524314245,1.2,-0.24512751897176108,-0.11666666666666665,134992711.33582887,0.1570823560438112,-0.5791473710597906
206,326,"kadiogo(ouagadougou, la capitale",ouagadougou secteur 27,burkina_faso,11/17/2009,8,2,4.995245116985179,1.0,12.399109627372065,-1.477554274,-1.674724069,-1.727728016,1.6666666666666667,1.0,0.3333333333333332,12.4,-1.5,12.4,-1.5,12.4,-1.5,12.36425974,-1.524314245,1.2,-0.24512751897176108,-0.11666666666666665,134992711.33582887,0.1570823560438112,-0.5791473710597906
207,327,"kadiogo(ouagadougou, la capitale",ouagadougou secteur 27,burkina_faso,11/15/2009,4,1,8.846529226729686,1.0,12.399109627372065,-1.477554274,-1.674724069,-1.727728016,1.6666666666666667,1.0,0.3333333333333332,12.4,-1.5,12.4,-1.5,12.4,-1.5,12.36425974,-1.524314245,1.2,-0.24512751897176108,-0.11666666666666665,134992711.33582887,0.1570823560438112,-0.5791473710597906
208,328,"kadiogo(ouagadougou, la capitale",ouagadougou secteur 27,burkina_faso,11/17/2009,4,1,12.053790637690872,1.0,12.399109627372065,-1.477554274,-1.674724069,-1.727728016,1.6666666666666667,1.0,0.3333333333333332,12.4,-1.5,12.4,-1.5,12.4,-1.5,12.36425974,-1.524314245,1.2,-0.24512751897176108,-0.11666666666666665,134992711.33582887,0.1570823560438112,-0.5791473710597906
209,329,"kadiogo(ouagadougou, la capitale",ouagadougou secteur 27,burkina_faso,11/16/2009,4,2,12.087245366514752,0.0,12.399109627372065,-1.477554274,-1.674724069,-1.727728016,1.6666666666666667,1.0,0.3333333333333332,12.4,-1.5,12.4,-1.5,12.4,-1.5,12.36425974,-1.524314245,1.2,-0.24512751897176108,-0.11666666666666665,134992711.33582887,0.1570823560438112,-0.5791473710597906
210,330,"kadiogo(ouagadougou, la capitale",ouagadougou secteur 27,burkina_faso,11/16/2009,7,4,10.724895323382023,1.0,12.399109627372065,-1.477554274,-1.674724069,-1.727728016,1.6666666666666667,1.0,0.3333333333333332,12.4,-1.5,12.4,-1.5,12.4,-1.5,12.36425974,-1.524314245,1.2,-0.24512751897176108,-0.11666666666666665,134992711.33582887,0.1570823560438112,-0.5791473710597906
211,331,"kadiogo(ouagadougou, la capitale",ouagadougou secteur 27,burkina_faso,11/16/2009,6,1,12.078369622132906,0.0,12.399109627372065,-1.477554274,-1.674724069,-1.727728016,1.6666666666666667,1.0,0.3333333333333332,12.4,-1.5,12.4,-1.5,12.4,-1.5,12.36425974,-1.524314245,1.2,-0.24512751897176108,-0.11666666666666665,134992711.33582887,0.1570823560438112,-0.5791473710597906
212,332,"kadiogo(ouagadougou, la capitale",ouagadougou secteur 27,burkina_faso,11/15/2009,5,2,5.824136682719468,1.0,12.399109627372065,-1.477554274,-1.674724069,-1.727728016,1.6666666666666667,1.0,0.3333333333333332,12.4,-1.5,12.4,-1.5,12.4,-1.5,12.36425974,-1.524314245,1.2,-0.24512751897176108,-0.11666666666666665,134992711.33582887,0.1570823560438112,-0.5791473710597906
213,333,"kadiogo(ouagadougou, la capitale",ouagadougou secteur 27,burkina_faso,11/15/2009,12,3,12.04518799313616,1.0,12.399109627372065,-1.477554274,-1.674724069,-1.727728016,1.6666666666666667,1.0,0.3333333333333332,12.4,-1.5,12.4,-1.5,12.4,-1.5,12.36425974,-1.524314245,1.2,-0.24512751897176108,-0.11666666666666665,134992711.33582887,0.1570823560438112,-0.5791473710597906
214,334,"kadiogo(ouagadougou, la capitale",ouagadougou secteur 27,burkina_faso,11/15/2009,6,1,4.814974751370623,1.0,12.399109627372065,-1.477554274,-1.674724069,-1.727728016,1.6666666666666667,1.0,0.3333333333333332,12.4,-1.5,12.4,-1.5,12.4,-1.5,12.36425974,-1.524314245,1.2,-0.24512751897176108,-0.11666666666666665,134992711.33582887,0.1570823560438112,-0.5791473710597906
215,335,"kadiogo(ouagadougou, la capitale",ouagadougou secteur 27,burkina_faso,11/16/2009,1,1,9.752895135857791,1.0,12.399109627372065,-1.477554274,-1.674724069,-1.727728016,1.6666666666666667,1.0,0.3333333333333332,12.4,-1.5,12.4,-1.5,12.4,-1.5,12.36425974,-1.524314245,1.2,-0.24512751897176108,-0.11666666666666665,134992711.33582887,0.1570823560438112,-0.5791473710597906
216,336,"kadiogo(ouagadougou, la capitale",ouagadougou secteur 27,burkina_faso,11/16/2009,4,1,8.839360356267425,1.0,12.399109627372065,-1.477554274,-1.674724069,-1.727728016,1.6666666666666667,1.0,0.3333333333333332,12.4,-1.5,12.4,-1.5,12.4,-1.5,12.36425974,-1.524314245,1.2,-0.24512751897176108,-0.11666666666666665,134992711.33582887,0.1570823560438112,-0.5791473710597906
217,337,"kadiogo(ouagadougou, la capitale",ouagadougou secteur 27,burkina_faso,11/16/2009,5,1,6.134320523483825,1.0,12.399109627372065,-1.477554274,-1.674724069,-1.727728016,1.6666666666666667,1.0,0.3333333333333332,12.4,-1.5,12.4,-1.5,12.4,-1.5,12.36425974,-1.524314245,1.2,-0.24512751897176108,-0.11666666666666665,134992711.33582887,0.1570823560438112,-0.5791473710597906
218,338,"kadiogo(ouagadougou, la capitale",ouagadougou secteur 27,burkina_faso,11/17/2009,3,1,8.509430792411269,1.0,12.399109627372065,-1.477554274,-1.674724069,-1.727728016,1.6666666666666667,1.0,0.3333333333333332,12.4,-1.5,12.4,-1.5,12.4,-1.5,12.36425974,-1.524314245,1.2,-0.24512751897176108,-0.11666666666666665,134992711.33582887,0.1570823560438112,-0.5791473710597906
219,339,"kadiogo(ouagadougou, la capitale",ouagadougou secteur 27,burkina_faso,11/17/2009,2,1,9.560219592591022,1.0,12.399109627372065,-1.477554274,-1.674724069,-1.727728016,1.6666666666666667,1.0,0.3333333333333332,12.4,-1.5,12.4,-1.5,12.4,-1.5,12.36425974,-1.524314245,1.2,-0.24512751897176108,-0.11666666666666665,134992711.33582887,0.1570823560438112,-0.5791473710597906
220,340,"kadiogo(ouagadougou, la capitale",ouagadougou secteur 27,burkina_faso,11/17/2009,3,1,5.121122839810577,1.0,12.399109627372065,-1.477554274,-1.674724069,-1.727728016,1.6666666666666667,1.0,0.3333333333333332,12.4,-1.5,12.4,-1.5,12.4,-1.5,12.36425974,-1.524314245,1.2,-0.24512751897176108,-0.11666666666666665,134992711.33582887,0.1570823560438112,-0.5791473710597906
221,341,"kadiogo(ouagadougou, la capitale",ouagadougou secteur 27,burkina_faso,11/16/2009,3,1,8.111255466740626,1.0,12.399109627372065,-1.477554274,-1.674724069,-1.727728016,1.6666666666666667,1.0,0.3333333333333332,12.4,-1.5,12.4,-1.5,12.4,-1.5,12.36425974,-1.524314245,1.2,-0.24512751897176108,-0.11666666666666665,134992711.33582887,0.1570823560438112,-0.5791473710597906
222,342,"kadiogo(ouagadougou, la capitale",ouagadougou secteur 27,burkina_faso,11/19/2009,3,1,4.1892391415814405,1.0,12.399109627372065,-1.477554274,-1.674724069,-1.727728016,1.6666666666666667,1.0,0.3333333333333332,12.4,-1.5,12.4,-1.5,12.4,-1.5,12.36425974,-1.524314245,1.2,-0.24512751897176108,-0.11666666666666665,134992711.33582887,0.1570823560438112,-0.5791473710597906
223,352,"kadiogo(ouagadougou, la capitale",ouavougue,burkina_faso,11/4/2009,17,1,-0.828791189,1.0,12.358802531921253,-1.513194096,-1.693612523,-1.748929169,1.6666666666666667,1.0,0.3333333333333332,12.35,-1.5,12.35,-1.5,12.35,-1.5,12.36425974,-1.524314245,1.2,-0.268368939558665,-0.11666666666666665,134992711.33582887,0.15949199688134066,-0.5782525965864629
224,353,"kadiogo(ouagadougou, la capitale",ouavougue,burkina_faso,11/4/2009,12,4,-0.441152218,1.0,12.358802531921253,-1.513194096,-1.693612523,-1.748929169,1.6666666666666667,1.0,0.3333333333333332,12.35,-1.5,12.35,-1.5,12.35,-1.5,12.36425974,-1.524314245,1.2,-0.268368939558665,-0.11666666666666665,134992711.33582887,0.15949199688134066,-0.5782525965864629
225,354,"kadiogo(ouagadougou, la capitale",ouavougue,burkina_faso,11/4/2009,10,2,-0.432549573,1.0,12.358802531921253,-1.513194096,-1.693612523,-1.748929169,1.6666666666666667,1.0,0.3333333333333332,12.35,-1.5,12.35,-1.5,12.35,-1.5,12.36425974,-1.524314245,1.2,-0.268368939558665,-0.11666666666666665,134992711.33582887,0.15949199688134066,-0.5782525965864629
226,355,"kadiogo(ouagadougou, la capitale",ouavougue,burkina_faso,11/4/2009,6,2,-0.576835241,1.0,12.358802531921253,-1.513194096,-1.693612523,-1.748929169,1.6666666666666667,1.0,0.3333333333333332,12.35,-1.5,12.35,-1.5,12.35,-1.5,12.36425974,-1.524314245,1.2,-0.268368939558665,-0.11666666666666665,134992711.33582887,0.15949199688134066,-0.5782525965864629
227,356,"kadiogo(ouagadougou, la capitale",ouavougue,burkina_faso,11/4/2009,7,1,-0.695121604,1.0,12.358802531921253,-1.513194096,-1.693612523,-1.748929169,1.6666666666666667,1.0,0.3333333333333332,12.35,-1.5,12.35,-1.5,12.35,-1.5,12.36425974,-1.524314245,1.2,-0.268368939558665,-0.11666666666666665,134992711.33582887,0.15949199688134066,-0.5782525965864629
228,357,"kadiogo(ouagadougou, la capitale",ouavougue,burkina_faso,11/4/2009,6,4,-0.956946898,1.0,12.358802531921253,-1.513194096,-1.693612523,-1.748929169,1.6666666666666667,1.0,0.3333333333333332,12.35,-1.5,12.35,-1.5,12.35,-1.5,12.36425974,-1.524314245,1.2,-0.268368939558665,-0.11666666666666665,134992711.33582887,0.15949199688134066,-0.5782525965864629
229,358,"kadiogo(ouagadougou, la capitale",ouavougue,burkina_faso,11/4/2009,7,1,0.2920355906280246,0.0,12.358802531921253,-1.513194096,-1.693612523,-1.748929169,1.6666666666666667,1.0,0.3333333333333332,12.35,-1.5,12.35,-1.5,12.35,-1.5,12.36425974,-1.524314245,1.2,-0.268368939558665,-0.11666666666666665,134992711.33582887,0.15949199688134066,-0.5782525965864629
230,359,"kadiogo(ouagadougou, la capitale",ouavougue,burkina_faso,11/4/2009,4,1,-0.766063572,0.0,12.358802531921253,-1.513194096,-1.693612523,-1.748929169,1.6666666666666667,1.0,0.3333333333333332,12.35,-1.5,12.35,-1.5,12.35,-1.5,12.36425974,-1.524314245,1.2,-0.268368939558665,-0.11666666666666665,134992711.33582887,0.15949199688134066,-0.5782525965864629
231,360,"kadiogo(ouagadougou, la capitale",ouavougue,burkina_faso,11/4/2009,3,1,-0.956946898,1.0,12.358802531921253,-1.513194096,-1.693612523,-1.748929169,1.6666666666666667,1.0,0.3333333333333332,12.35,-1.5,12.35,-1.5,12.35,-1.5,12.36425974,-1.524314245,1.2,-0.268368939558665,-0.11666666666666665,134992711.33582887,0.15949199688134066,-0.5782525965864629
232,361,"kadiogo(ouagadougou, la capitale",ouavougue,burkina_faso,11/4/2009,10,1,-0.791154619,1.0,12.358802531921253,-1.513194096,-1.693612523,-1.748929169,1.6666666666666667,1.0,0.3333333333333332,12.35,-1.5,12.35,-1.5,12.35,-1.5,12.36425974,-1.524314245,1.2,-0.268368939558665,-0.11666666666666665,134992711.33582887,0.15949199688134066,-0.5782525965864629
233,362,"kadiogo(ouagadougou, la capitale",ouavougue,burkina_faso,11/4/2009,7,1,-0.942609157,1.0,12.358802531921253,-1.513194096,-1.693612523,-1.748929169,1.6666666666666667,1.0,0.3333333333333332,12.35,-1.5,12.35,-1.5,12.35,-1.5,12.36425974,-1.524314245,1.2,-0.268368939558665,-0.11666666666666665,134992711.33582887,0.15949199688134066,-0.5782525965864629
234,363,"kadiogo(ouagadougou, la capitale",ouavougue,burkina_faso,11/4/2009,7,1,-0.81266123,1.0,12.358802531921253,-1.513194096,-1.693612523,-1.748929169,1.6666666666666667,1.0,0.3333333333333332,12.35,-1.5,12.35,-1.5,12.35,-1.5,12.36425974,-1.524314245,1.2,-0.268368939558665,-0.11666666666666665,134992711.33582887,0.15949199688134066,-0.5782525965864629
235,364,"kadiogo(ouagadougou, la capitale",ouavougue,burkina_faso,11/4/2009,6,1,-0.780401313,1.0,12.358802531921253,-1.513194096,-1.693612523,-1.748929169,1.6666666666666667,1.0,0.3333333333333332,12.35,-1.5,12.35,-1.5,12.35,-1.5,12.36425974,-1.524314245,1.2,-0.268368939558665,-0.11666666666666665,134992711.33582887,0.15949199688134066,-0.5782525965864629
236,365,"kadiogo(ouagadougou, la capitale",ouavougue,burkina_faso,11/4/2009,7,2,-0.967700204,1.0,12.358802531921253,-1.513194096,-1.693612523,-1.748929169,1.6666666666666667,1.0,0.3333333333333332,12.35,-1.5,12.35,-1.5,12.35,-1.5,12.36425974,-1.524314245,1.2,-0.268368939558665,-0.11666666666666665,134992711.33582887,0.15949199688134066,-0.5782525965864629
237,366,"kadiogo(ouagadougou, la capitale",ouavougue,burkina_faso,11/4/2009,8,1,-0.794739054,1.0,12.358802531921253,-1.513194096,-1.693612523,-1.748929169,1.6666666666666667,1.0,0.3333333333333332,12.35,-1.5,12.35,-1.5,12.35,-1.5,12.36425974,-1.524314245,1.2,-0.268368939558665,-0.11666666666666665,134992711.33582887,0.15949199688134066,-0.5782525965864629
238,367,"kadiogo(ouagadougou, la capitale",ouavougue,burkina_faso,11/4/2009,5,2,-0.652108381,1.0,12.358802531921253,-1.513194096,-1.693612523,-1.748929169,1.6666666666666667,1.0,0.3333333333333332,12.35,-1.5,12.35,-1.5,12.35,-1.5,12.36425974,-1.524314245,1.2,-0.268368939558665,-0.11666666666666665,134992711.33582887,0.15949199688134066,-0.5782525965864629
239,368,"kadiogo(ouagadougou, la capitale",ouavougue,burkina_faso,11/4/2009,4,2,-0.935440287,1.0,12.358802531921253,-1.513194096,-1.693612523,-1.748929169,1.6666666666666667,1.0,0.3333333333333332,12.35,-1.5,12.35,-1.5,12.35,-1.5,12.36425974,-1.524314245,1.2,-0.268368939558665,-0.11666666666666665,134992711.33582887,0.15949199688134066,-0.5782525965864629
240,369,"kadiogo(ouagadougou, la capitale",ouavougue,burkina_faso,11/4/2009,1,1,-0.913933675,1.0,12.358802531921253,-1.513194096,-1.693612523,-1.748929169,1.6666666666666667,1.0,0.3333333333333332,12.35,-1.5,12.35,-1.5,12.35,-1.5,12.36425974,-1.524314245,1.2,-0.268368939558665,-0.11666666666666665,134992711.33582887,0.15949199688134066,-0.5782525965864629
241,379,namentenga(boulsa),bougou,burkina_faso,11/7/2009,14,2,-0.967700204,0.0,13.485007288017284,-0.428522595,-1.656924367,-1.656924367,1.0,0.3333333333333333,0.6666666666666667,13.5,-0.45,13.5,-0.45,13.5,-0.45,13.50282815,-0.431818664,0.4,-0.15692436695098877,-0.03620689655172409,131445606.5920893,0.16410115328072605,0.5992701607012143
242,380,namentenga(boulsa),bougou,burkina_faso,11/7/2009,10,1,-0.946193592,0.0,13.485007288017284,-0.428522595,-1.656924367,-1.656924367,1.0,0.3333333333333333,0.6666666666666667,13.5,-0.45,13.5,-0.45,13.5,-0.45,13.50282815,-0.431818664,0.4,-0.15692436695098877,-0.03620689655172409,131445606.5920893,0.16410115328072605,0.5992701607012143
243,386,namentenga(boulsa),bougou,burkina_faso,11/7/2009,12,1,-0.929295541,0.0,13.485007288017284,-0.428522595,-1.656924367,-1.656924367,1.0,0.3333333333333333,0.6666666666666667,13.5,-0.45,13.5,-0.45,13.5,-0.45,13.50282815,-0.431818664,0.4,-0.15692436695098877,-0.03620689655172409,131445606.5920893,0.16410115328072605,0.5992701607012143
244,387,namentenga(boulsa),bougou,burkina_faso,11/7/2009,4,2,-0.978453509,0.0,13.485007288017284,-0.428522595,-1.656924367,-1.656924367,1.0,0.3333333333333333,0.6666666666666667,13.5,-0.45,13.5,-0.45,13.5,-0.45,13.50282815,-0.431818664,0.4,-0.15692436695098877,-0.03620689655172409,131445606.5920893,0.16410115328072605,0.5992701607012143
245,388,namentenga(boulsa),bougou,burkina_faso,11/7/2009,5,1,-0.764271355,0.0,13.485007288017284,-0.428522595,-1.656924367,-1.656924367,1.0,0.3333333333333333,0.6666666666666667,13.5,-0.45,13.5,-0.45,13.5,-0.45,13.50282815,-0.431818664,0.4,-0.15692436695098877,-0.03620689655172409,131445606.5920893,0.16410115328072605,0.5992701607012143
246,389,namentenga(boulsa),bougou,burkina_faso,11/7/2009,11,5,-0.419107941,1.0,13.485007288017284,-0.428522595,-1.656924367,-1.656924367,1.0,0.3333333333333333,0.6666666666666667,13.5,-0.45,13.5,-0.45,13.5,-0.45,13.50282815,-0.431818664,0.4,-0.15692436695098877,-0.03620689655172409,131445606.5920893,0.16410115328072605,0.5992701607012143
247,390,namentenga(boulsa),bougou,burkina_faso,11/7/2009,14,1,-0.92253632,1.0,13.485007288017284,-0.428522595,-1.656924367,-1.656924367,1.0,0.3333333333333333,0.6666666666666667,13.5,-0.45,13.5,-0.45,13.5,-0.45,13.50282815,-0.431818664,0.4,-0.15692436695098877,-0.03620689655172409,131445606.5920893,0.16410115328072605,0.5992701607012143
248,391,namentenga(boulsa),bougou,burkina_faso,11/7/2009,10,1,-0.946193592,1.0,13.485007288017284,-0.428522595,-1.656924367,-1.656924367,1.0,0.3333333333333333,0.6666666666666667,13.5,-0.45,13.5,-0.45,13.5,-0.45,13.50282815,-0.431818664,0.4,-0.15692436695098877,-0.03620689655172409,131445606.5920893,0.16410115328072605,0.5992701607012143
249,392,namentenga(boulsa),bougou,burkina_faso,11/8/2009,7,1,-1.042973344,1.0,13.485007288017284,-0.428522595,-1.656924367,-1.656924367,1.0,0.3333333333333333,0.6666666666666667,13.5,-0.45,13.5,-0.45,13.5,-0.45,13.50282815,-0.431818664,0.4,-0.15692436695098877,-0.03620689655172409,131445606.5920893,0.16410115328072605,0.5992701607012143
250,393,namentenga(boulsa),bougou,burkina_faso,11/7/2009,5,1,-0.928271416,1.0,13.485007288017284,-0.428522595,-1.656924367,-1.656924367,1.0,0.3333333333333333,0.6666666666666667,13.5,-0.45,13.5,-0.45,13.5,-0.45,13.50282815,-0.431818664,0.4,-0.15692436695098877,-0.03620689655172409,131445606.5920893,0.16410115328072605,0.5992701607012143
251,394,namentenga(boulsa),bougou,burkina_faso,11/8/2009,16,1,-0.61339648,0.0,13.485007288017284,-0.428522595,-1.656924367,-1.656924367,1.0,0.3333333333333333,0.6666666666666667,13.5,-0.45,13.5,-0.45,13.5,-0.45,13.50282815,-0.431818664,0.4,-0.15692436695098877,-0.03620689655172409,131445606.5920893,0.16410115328072605,0.5992701607012143
252,395,namentenga(boulsa),bougou,burkina_faso,11/7/2009,24,1,-0.436459866,1.0,13.485007288017284,-0.428522595,-1.656924367,-1.656924367,1.0,0.3333333333333333,0.6666666666666667,13.5,-0.45,13.5,-0.45,13.5,-0.45,13.50282815,-0.431818664,0.4,-0.15692436695098877,-0.03620689655172409,131445606.5920893,0.16410115328072605,0.5992701607012143
253,397,namentenga(boulsa),bougou,burkina_faso,11/7/2009,10,1,-0.928271416,1.0,13.485007288017284,-0.428522595,-1.656924367,-1.656924367,1.0,0.3333333333333333,0.6666666666666667,13.5,-0.45,13.5,-0.45,13.5,-0.45,13.50282815,-0.431818664,0.4,-0.15692436695098877,-0.03620689655172409,131445606.5920893,0.16410115328072605,0.5992701607012143
254,399,namentenga(boulsa),bougou,burkina_faso,11/7/2009,11,2,-0.931855851,1.0,13.485007288017284,-0.428522595,-1.656924367,-1.656924367,1.0,0.3333333333333333,0.6666666666666667,13.5,-0.45,13.5,-0.45,13.5,-0.45,13.50282815,-0.431818664,0.4,-0.15692436695098877,-0.03620689655172409,131445606.5920893,0.16410115328072605,0.5992701607012143
255,400,namentenga(boulsa),bougou,burkina_faso,11/8/2009,22,1,-0.960019271,1.0,13.485007288017284,-0.428522595,-1.656924367,-1.656924367,1.0,0.3333333333333333,0.6666666666666667,13.5,-0.45,13.5,-0.45,13.5,-0.45,13.50282815,-0.431818664,0.4,-0.15692436695098877,-0.03620689655172409,131445606.5920893,0.16410115328072605,0.5992701607012143
256,401,namentenga(boulsa),bougou,burkina_faso,11/7/2009,9,1,-0.989206815,1.0,13.485007288017284,-0.428522595,-1.656924367,-1.656924367,1.0,0.3333333333333333,0.6666666666666667,13.5,-0.45,13.5,-0.45,13.5,-0.45,13.50282815,-0.431818664,0.4,-0.15692436695098877,-0.03620689655172409,131445606.5920893,0.16410115328072605,0.5992701607012143
257,404,namentenga(boulsa),bougou,burkina_faso,11/7/2009,12,1,-0.956946898,0.0,13.485007288017284,-0.428522595,-1.656924367,-1.656924367,1.0,0.3333333333333333,0.6666666666666667,13.5,-0.45,13.5,-0.45,13.5,-0.45,13.50282815,-0.431818664,0.4,-0.15692436695098877,-0.03620689655172409,131445606.5920893,0.16410115328072605,0.5992701607012143
258,406,namentenga(boulsa),dazanrin,burkina_faso,11/1/2009,10,1,-0.935440287,0.0,12.660287851621774,-0.567514272,-1.681780398,-1.748540382,1.6666666666666667,0.6666666666666666,-0.166666667,12.65,-0.55,12.65,-0.55,12.65,-0.55,12.60199655,-0.694916179,0.8,-0.233320415019989,-0.075,192661617.4148026,0.18097608991632957,-0.8497189444957954
259,407,namentenga(boulsa),dazanrin,burkina_faso,11/1/2009,22,1,-0.951570245,1.0,12.660287851621774,-0.567514272,-1.681780398,-1.748540382,1.6666666666666667,0.6666666666666666,-0.166666667,12.65,-0.55,12.65,-0.55,12.65,-0.55,12.60199655,-0.694916179,0.8,-0.233320415019989,-0.075,192661617.4148026,0.18097608991632957,-0.8497189444957954
260,408,namentenga(boulsa),dazanrin,burkina_faso,11/1/2009,11,1,-0.448679532,0.0,12.660287851621774,-0.567514272,-1.681780398,-1.748540382,1.6666666666666667,0.6666666666666666,-0.166666667,12.65,-0.55,12.65,-0.55,12.65,-0.55,12.60199655,-0.694916179,0.8,-0.233320415019989,-0.075,192661617.4148026,0.18097608991632957,-0.8497189444957954
261,409,namentenga(boulsa),dazanrin,burkina_faso,11/1/2009,11,1,-0.428965138,0.0,12.660287851621774,-0.567514272,-1.681780398,-1.748540382,1.6666666666666667,0.6666666666666666,-0.166666667,12.65,-0.55,12.65,-0.55,12.65,-0.55,12.60199655,-0.694916179,0.8,-0.233320415019989,-0.075,192661617.4148026,0.18097608991632957,-0.8497189444957954
262,410,namentenga(boulsa),dazanrin,burkina_faso,11/1/2009,16,1,-0.593733293,0.0,12.660287851621774,-0.567514272,-1.681780398,-1.748540382,1.6666666666666667,0.6666666666666666,-0.166666667,12.65,-0.55,12.65,-0.55,12.65,-0.55,12.60199655,-0.694916179,0.8,-0.233320415019989,-0.075,192661617.4148026,0.18097608991632957,-0.8497189444957954
263,411,namentenga(boulsa),dazanrin,burkina_faso,11/1/2009,9,1,-0.801907925,0.0,12.660287851621774,-0.567514272,-1.681780398,-1.748540382,1.6666666666666667,0.6666666666666666,-0.166666667,12.65,-0.55,12.65,-0.55,12.65,-0.55,12.60199655,-0.694916179,0.8,-0.233320415019989,-0.075,192661617.4148026,0.18097608991632957,-0.8497189444957954
264,412,namentenga(boulsa),dazanrin,burkina_faso,11/1/2009,15,1,-0.58490022,0.0,12.660287851621774,-0.567514272,-1.681780398,-1.748540382,1.6666666666666667,0.6666666666666666,-0.166666667,12.65,-0.55,12.65,-0.55,12.65,-0.55,12.60199655,-0.694916179,0.8,-0.233320415019989,-0.075,192661617.4148026,0.18097608991632957,-0.8497189444957954
265,413,namentenga(boulsa),dazanrin,burkina_faso,11/1/2009,18,2,-0.5929652,1.0,12.660287851621774,-0.567514272,-1.681780398,-1.748540382,1.6666666666666667,0.6666666666666666,-0.166666667,12.65,-0.55,12.65,-0.55,12.65,-0.55,12.60199655,-0.694916179,0.8,-0.233320415019989,-0.075,192661617.4148026,0.18097608991632957,-0.8497189444957954
266,414,namentenga(boulsa),dazanrin,burkina_faso,11/1/2009,7,1,-0.57468458,0.0,12.660287851621774,-0.567514272,-1.681780398,-1.748540382,1.6666666666666667,0.6666666666666666,-0.166666667,12.65,-0.55,12.65,-0.55,12.65,-0.55,12.60199655,-0.694916179,0.8,-0.233320415019989,-0.075,192661617.4148026,0.18097608991632957,-0.8497189444957954
267,415,namentenga(boulsa),dazanrin,burkina_faso,11/1/2009,14,1,-0.952645576,0.0,12.660287851621774,-0.567514272,-1.681780398,-1.748540382,1.6666666666666667,0.6666666666666666,-0.166666667,12.65,-0.55,12.65,-0.55,12.65,-0.55,12.60199655,-0.694916179,0.8,-0.233320415019989,-0.075,192661617.4148026,0.18097608991632957,-0.8497189444957954
268,416,namentenga(boulsa),dazanrin,burkina_faso,11/1/2009,5,1,-0.919310328,1.0,12.660287851621774,-0.567514272,-1.681780398,-1.748540382,1.6666666666666667,0.6666666666666666,-0.166666667,12.65,-0.55,12.65,-0.55,12.65,-0.55,12.60199655,-0.694916179,0.8,-0.233320415019989,-0.075,192661617.4148026,0.18097608991632957,-0.8497189444957954
269,417,namentenga(boulsa),dazanrin,burkina_faso,11/1/2009,5,1,-0.91034924,1.0,12.660287851621774,-0.567514272,-1.681780398,-1.748540382,1.6666666666666667,0.6666666666666666,-0.166666667,12.65,-0.55,12.65,-0.55,12.65,-0.55,12.60199655,-0.694916179,0.8,-0.233320415019989,-0.075,192661617.4148026,0.18097608991632957,-0.8497189444957954
270,428,namentenga(boulsa),dazanrin,burkina_faso,11/1/2009,8,1,1.5467858763356024,0.0,12.660287851621774,-0.567514272,-1.681780398,-1.748540382,1.6666666666666667,0.6666666666666666,-0.166666667,12.65,-0.55,12.65,-0.55,12.65,-0.55,12.60199655,-0.694916179,0.8,-0.233320415019989,-0.075,192661617.4148026,0.18097608991632957,-0.8497189444957954
271,433,namentenga(boulsa),konkoara,burkina_faso,10/30/2009,5,1,-0.919310328,1.0,12.660540911581377,-0.568371028,-1.681780398,-1.748540382,1.6666666666666667,0.6666666666666666,-0.166666667,12.65,-0.55,12.65,-0.55,12.65,-0.55,12.60199655,-0.694916179,0.8,-0.233320415019989,-0.075,192661617.4148026,0.18097608991632957,-0.8497189444957954
272,434,namentenga(boulsa),konkoara,burkina_faso,10/30/2009,6,1,-0.956946898,0.0,12.660540911581377,-0.568371028,-1.681780398,-1.748540382,1.6666666666666667,0.6666666666666666,-0.166666667,12.65,-0.55,12.65,-0.55,12.65,-0.55,12.60199655,-0.694916179,0.8,-0.233320415019989,-0.075,192661617.4148026,0.18097608991632957,-0.8497189444957954
273,435,namentenga(boulsa),konkoara,burkina_faso,10/30/2009,14,2,-0.935440287,1.0,12.660540911581377,-0.568371028,-1.681780398,-1.748540382,1.6666666666666667,0.6666666666666666,-0.166666667,12.65,-0.55,12.65,-0.55,12.65,-0.55,12.60199655,-0.694916179,0.8,-0.233320415019989,-0.075,192661617.4148026,0.18097608991632957,-0.8497189444957954
274,436,namentenga(boulsa),konkoara,burkina_faso,10/30/2009,8,1,-0.935440287,0.0,12.660540911581377,-0.568371028,-1.681780398,-1.748540382,1.6666666666666667,0.6666666666666666,-0.166666667,12.65,-0.55,12.65,-0.55,12.65,-0.55,12.60199655,-0.694916179,0.8,-0.233320415019989,-0.075,192661617.4148026,0.18097608991632957,-0.8497189444957954
275,437,namentenga(boulsa),konkoara,burkina_faso,10/30/2009,5,1,-0.773232443,0.0,12.660540911581377,-0.568371028,-1.681780398,-1.748540382,1.6666666666666667,0.6666666666666666,-0.166666667,12.65,-0.55,12.65,-0.55,12.65,-0.55,12.60199655,-0.694916179,0.8,-0.233320415019989,-0.075,192661617.4148026,0.18097608991632957,-0.8497189444957954
276,438,namentenga(boulsa),konkoara,burkina_faso,10/30/2009,19,1,-0.974152187,0.0,12.660540911581377,-0.568371028,-1.681780398,-1.748540382,1.6666666666666667,0.6666666666666666,-0.166666667,12.65,-0.55,12.65,-0.55,12.65,-0.55,12.60199655,-0.694916179,0.8,-0.233320415019989,-0.075,192661617.4148026,0.18097608991632957,-0.8497189444957954
277,439,namentenga(boulsa),konkoara,burkina_faso,10/30/2009,12,2,-0.956946898,1.0,12.660540911581377,-0.568371028,-1.681780398,-1.748540382,1.6666666666666667,0.6666666666666666,-0.166666667,12.65,-0.55,12.65,-0.55,12.65,-0.55,12.60199655,-0.694916179,0.8,-0.233320415019989,-0.075,192661617.4148026,0.18097608991632957,-0.8497189444957954
278,440,namentenga(boulsa),konkoara,burkina_faso,10/30/2009,7,2,-0.967700204,1.0,12.660540911581377,-0.568371028,-1.681780398,-1.748540382,1.6666666666666667,0.6666666666666666,-0.166666667,12.65,-0.55,12.65,-0.55,12.65,-0.55,12.60199655,-0.694916179,0.8,-0.233320415019989,-0.075,192661617.4148026,0.18097608991632957,-0.8497189444957954
279,441,namentenga(boulsa),konkoara,burkina_faso,10/30/2009,2,1,-0.758894702,1.0,12.660540911581377,-0.568371028,-1.681780398,-1.748540382,1.6666666666666667,0.6666666666666666,-0.166666667,12.65,-0.55,12.65,-0.55,12.65,-0.55,12.60199655,-0.694916179,0.8,-0.233320415019989,-0.075,192661617.4148026,0.18097608991632957,-0.8497189444957954
280,442,namentenga(boulsa),konkoara,burkina_faso,10/30/2009,12,1,-0.944042931,1.0,12.660540911581377,-0.568371028,-1.681780398,-1.748540382,1.6666666666666667,0.6666666666666666,-0.166666667,12.65,-0.55,12.65,-0.55,12.65,-0.55,12.60199655,-0.694916179,0.8,-0.233320415019989,-0.075,192661617.4148026,0.18097608991632957,-0.8497189444957954
281,443,namentenga(boulsa),konkoara,burkina_faso,10/30/2009,12,1,-0.789003958,1.0,12.660540911581377,-0.568371028,-1.681780398,-1.748540382,1.6666666666666667,0.6666666666666666,-0.166666667,12.65,-0.55,12.65,-0.55,12.65,-0.55,12.60199655,-0.694916179,0.8,-0.233320415019989,-0.075,192661617.4148026,0.18097608991632957,-0.8497189444957954
282,444,namentenga(boulsa),konkoara,burkina_faso,10/30/2009,8,1,-0.935440287,0.0,12.660540911581377,-0.568371028,-1.681780398,-1.748540382,1.6666666666666667,0.6666666666666666,-0.166666667,12.65,-0.55,12.65,-0.55,12.65,-0.55,12.60199655,-0.694916179,0.8,-0.233320415019989,-0.075,192661617.4148026,0.18097608991632957,-0.8497189444957954
283,445,namentenga(boulsa),konkoara,burkina_faso,10/30/2009,7,2,-0.942609157,0.0,12.660540911581377,-0.568371028,-1.681780398,-1.748540382,1.6666666666666667,0.6666666666666666,-0.166666667,12.65,-0.55,12.65,-0.55,12.65,-0.55,12.60199655,-0.694916179,0.8,-0.233320415019989,-0.075,192661617.4148026,0.18097608991632957,-0.8497189444957954
284,446,namentenga(boulsa),konkoara,burkina_faso,10/30/2009,5,3,-0.913933675,1.0,12.660540911581377,-0.568371028,-1.681780398,-1.748540382,1.6666666666666667,0.6666666666666666,-0.166666667,12.65,-0.55,12.65,-0.55,12.65,-0.55,12.60199655,-0.694916179,0.8,-0.233320415019989,-0.075,192661617.4148026,0.18097608991632957,-0.8497189444957954
285,447,namentenga(boulsa),konkoara,burkina_faso,10/30/2009,17,1,-0.953362463,1.0,12.660540911581377,-0.568371028,-1.681780398,-1.748540382,1.6666666666666667,0.6666666666666666,-0.166666667,12.65,-0.55,12.65,-0.55,12.65,-0.55,12.60199655,-0.694916179,0.8,-0.233320415019989,-0.075,192661617.4148026,0.18097608991632957,-0.8497189444957954
286,453,namentenga(boulsa),konkoara,burkina_faso,10/30/2009,11,5,-0.971284639,1.0,12.660540911581377,-0.568371028,-1.681780398,-1.748540382,1.6666666666666667,0.6666666666666666,-0.166666667,12.65,-0.55,12.65,-0.55,12.65,-0.55,12.60199655,-0.694916179,0.8,-0.233320415019989,-0.075,192661617.4148026,0.18097608991632957,-0.8497189444957954
287,456,namentenga(boulsa),konkoara,burkina_faso,10/30/2009,11,1,0.3395942946159146,0.0,12.660540911581377,-0.568371028,-1.681780398,-1.748540382,1.6666666666666667,0.6666666666666666,-0.166666667,12.65,-0.55,12.65,-0.55,12.65,-0.55,12.60199655,-0.694916179,0.8,-0.233320415019989,-0.075,192661617.4148026,0.18097608991632957,-0.8497189444957954
288,457,namentenga(boulsa),konkoara,burkina_faso,10/30/2009,15,2,-0.898687676,1.0,12.660540911581377,-0.568371028,-1.681780398,-1.748540382,1.6666666666666667,0.6666666666666666,-0.166666667,12.65,-0.55,12.65,-0.55,12.65,-0.55,12.60199655,-0.694916179,0.8,-0.233320415019989,-0.075,192661617.4148026,0.18097608991632957,-0.8497189444957954
289,458,namentenga(boulsa),konkoara,burkina_faso,10/30/2009,31,6,4.718705661460928,1.0,12.660540911581377,-0.568371028,-1.681780398,-1.748540382,1.6666666666666667,0.6666666666666666,-0.166666667,12.65,-0.55,12.65,-0.55,12.65,-0.55,12.60199655,-0.694916179,0.8,-0.233320415019989,-0.075,192661617.4148026,0.18097608991632957,-0.8497189444957954
290,459,namentenga(boulsa),konkoara,burkina_faso,10/30/2009,13,1,-0.4294772,1.0,12.660540911581377,-0.568371028,-1.681780398,-1.748540382,1.6666666666666667,0.6666666666666666,-0.166666667,12.65,-0.55,12.65,-0.55,12.65,-0.55,12.60199655,-0.694916179,0.8,-0.233320415019989,-0.075,192661617.4148026,0.18097608991632957,-0.8497189444957954
291,467,namentenga(boulsa),silague,burkina_faso,11/5/2009,12,1,-0.956946898,0.0,12.660540911581377,-0.568371028,-1.681780398,-1.748540382,1.6666666666666667,0.6666666666666666,-0.166666667,12.65,-0.55,12.65,-0.55,12.65,-0.55,12.60199655,-0.694916179,0.8,-0.233320415019989,-0.075,192661617.4148026,0.18097608991632957,-0.8497189444957954
292,470,namentenga(boulsa),silague,burkina_faso,11/5/2009,8,1,0.6685628124888732,1.0,12.660540911581377,-0.568371028,-1.681780398,-1.748540382,1.6666666666666667,0.6666666666666666,-0.166666667,12.65,-0.55,12.65,-0.55,12.65,-0.55,12.60199655,-0.694916179,0.8,-0.233320415019989,-0.075,192661617.4148026,0.18097608991632957,-0.8497189444957954
293,471,namentenga(boulsa),silague,burkina_faso,11/5/2009,9,1,-0.94081694,1.0,12.660540911581377,-0.568371028,-1.681780398,-1.748540382,1.6666666666666667,0.6666666666666666,-0.166666667,12.65,-0.55,12.65,-0.55,12.65,-0.55,12.60199655,-0.694916179,0.8,-0.233320415019989,-0.075,192661617.4148026,0.18097608991632957,-0.8497189444957954
294,472,namentenga(boulsa),silague,burkina_faso,11/5/2009,12,2,-0.912279321,0.0,12.660540911581377,-0.568371028,-1.681780398,-1.748540382,1.6666666666666667,0.6666666666666666,-0.166666667,12.65,-0.55,12.65,-0.55,12.65,-0.55,12.60199655,-0.694916179,0.8,-0.233320415019989,-0.075,192661617.4148026,0.18097608991632957,-0.8497189444957954
295,473,namentenga(boulsa),silague,burkina_faso,11/5/2009,19,1,-0.570114425,0.0,12.660540911581377,-0.568371028,-1.681780398,-1.748540382,1.6666666666666667,0.6666666666666666,-0.166666667,12.65,-0.55,12.65,-0.55,12.65,-0.55,12.60199655,-0.694916179,0.8,-0.233320415019989,-0.075,192661617.4148026,0.18097608991632957,-0.8497189444957954
296,474,namentenga(boulsa),silague,burkina_faso,11/5/2009,9,1,-0.924686981,1.0,12.660540911581377,-0.568371028,-1.681780398,-1.748540382,1.6666666666666667,0.6666666666666666,-0.166666667,12.65,-0.55,12.65,-0.55,12.65,-0.55,12.60199655,-0.694916179,0.8,-0.233320415019989,-0.075,192661617.4148026,0.18097608991632957,-0.8497189444957954
297,475,namentenga(boulsa),silague,burkina_faso,11/5/2009,7,2,-0.913933675,1.0,12.660540911581377,-0.568371028,-1.681780398,-1.748540382,1.6666666666666667,0.6666666666666666,-0.166666667,12.65,-0.55,12.65,-0.55,12.65,-0.55,12.60199655,-0.694916179,0.8,-0.233320415019989,-0.075,192661617.4148026,0.18097608991632957,-0.8497189444957954
298,476,namentenga(boulsa),silague,burkina_faso,11/5/2009,16,3,-1.064479955,1.0,12.660540911581377,-0.568371028,-1.681780398,-1.748540382,1.6666666666666667,0.6666666666666666,-0.166666667,12.65,-0.55,12.65,-0.55,12.65,-0.55,12.60199655,-0.694916179,0.8,-0.233320415019989,-0.075,192661617.4148026,0.18097608991632957,-0.8497189444957954
299,477,namentenga(boulsa),silague,burkina_faso,11/5/2009,8,1,-0.926837642,1.0,12.660540911581377,-0.568371028,-1.681780398,-1.748540382,1.6666666666666667,0.6666666666666666,-0.166666667,12.65,-0.55,12.65,-0.55,12.65,-0.55,12.60199655,-0.694916179,0.8,-0.233320415019989,-0.075,192661617.4148026,0.18097608991632957,-0.8497189444957954
300,478,namentenga(boulsa),silague,burkina_faso,11/5/2009,13,3,-0.939024722,1.0,12.660540911581377,-0.568371028,-1.681780398,-1.748540382,1.6666666666666667,0.6666666666666666,-0.166666667,12.65,-0.55,12.65,-0.55,12.65,-0.55,12.60199655,-0.694916179,0.8,-0.233320415019989,-0.075,192661617.4148026,0.18097608991632957,-0.8497189444957954
301,479,namentenga(boulsa),silague,burkina_faso,11/5/2009,9,3,-0.5929652,0.0,12.660540911581377,-0.568371028,-1.681780398,-1.748540382,1.6666666666666667,0.6666666666666666,-0.166666667,12.65,-0.55,12.65,-0.55,12.65,-0.55,12.60199655,-0.694916179,0.8,-0.233320415019989,-0.075,192661617.4148026,0.18097608991632957,-0.8497189444957954
302,480,namentenga(boulsa),silague,burkina_faso,11/5/2009,4,1,-0.921102546,0.0,12.660540911581377,-0.568371028,-1.681780398,-1.748540382,1.6666666666666667,0.6666666666666666,-0.166666667,12.65,-0.55,12.65,-0.55,12.65,-0.55,12.60199655,-0.694916179,0.8,-0.233320415019989,-0.075,192661617.4148026,0.18097608991632957,-0.8497189444957954
303,481,namentenga(boulsa),silague,burkina_faso,11/5/2009,10,1,-0.768111821,1.0,12.660540911581377,-0.568371028,-1.681780398,-1.748540382,1.6666666666666667,0.6666666666666666,-0.166666667,12.65,-0.55,12.65,-0.55,12.65,-0.55,12.60199655,-0.694916179,0.8,-0.233320415019989,-0.075,192661617.4148026,0.18097608991632957,-0.8497189444957954
304,482,namentenga(boulsa),silague,burkina_faso,11/5/2009,5,2,-0.928271416,1.0,12.660540911581377,-0.568371028,-1.681780398,-1.748540382,1.6666666666666667,0.6666666666666666,-0.166666667,12.65,-0.55,12.65,-0.55,12.65,-0.55,12.60199655,-0.694916179,0.8,-0.233320415019989,-0.075,192661617.4148026,0.18097608991632957,-0.8497189444957954
305,483,namentenga(boulsa),silague,burkina_faso,11/5/2009,10,1,-0.443302879,0.0,12.660540911581377,-0.568371028,-1.681780398,-1.748540382,1.6666666666666667,0.6666666666666666,-0.166666667,12.65,-0.55,12.65,-0.55,12.65,-0.55,12.60199655,-0.694916179,0.8,-0.233320415019989,-0.075,192661617.4148026,0.18097608991632957,-0.8497189444957954
306,484,namentenga(boulsa),silague,burkina_faso,11/5/2009,8,1,-0.408653338,0.0,12.660540911581377,-0.568371028,-1.681780398,-1.748540382,1.6666666666666667,0.6666666666666666,-0.166666667,12.65,-0.55,12.65,-0.55,12.65,-0.55,12.60199655,-0.694916179,0.8,-0.233320415019989,-0.075,192661617.4148026,0.18097608991632957,-0.8497189444957954
307,485,namentenga(boulsa),silague,burkina_faso,11/5/2009,14,1,-0.594757417,1.0,12.660540911581377,-0.568371028,-1.681780398,-1.748540382,1.6666666666666667,0.6666666666666666,-0.166666667,12.65,-0.55,12.65,-0.55,12.65,-0.55,12.60199655,-0.694916179,0.8,-0.233320415019989,-0.075,192661617.4148026,0.18097608991632957,-0.8497189444957954
308,486,namentenga(boulsa),silague,burkina_faso,11/5/2009,8,1,1.7018248496755093,0.0,12.660540911581377,-0.568371028,-1.681780398,-1.748540382,1.6666666666666667,0.6666666666666666,-0.166666667,12.65,-0.55,12.65,-0.55,12.65,-0.55,12.60199655,-0.694916179,0.8,-0.233320415019989,-0.075,192661617.4148026,0.18097608991632957,-0.8497189444957954
309,495,namentenga(boulsa),tougri secteur 5,burkina_faso,11/10/2009,3,1,-0.956946898,1.0,13.31319193510866,-0.526893673,-1.640898347,-1.640898347,1.0,0.1666666666666666,-0.166666667,13.3,-0.55,13.3,-0.55,13.3,-0.55,13.33129204,-0.431818664,0.2,-0.14089834690093994,-0.017796610169491522,260607319.5464872,0.1678794247648287,0.37892878719915024
310,496,namentenga(boulsa),tougri secteur 5,burkina_faso,11/10/2009,13,1,-0.459432838,1.0,13.31319193510866,-0.526893673,-1.640898347,-1.640898347,1.0,0.1666666666666666,-0.166666667,13.3,-0.55,13.3,-0.55,13.3,-0.55,13.33129204,-0.431818664,0.2,-0.14089834690093994,-0.017796610169491522,260607319.5464872,0.1678794247648287,0.37892878719915024
311,497,namentenga(boulsa),tougri secteur 5,burkina_faso,11/10/2009,13,1,-0.44545354,1.0,13.31319193510866,-0.526893673,-1.640898347,-1.640898347,1.0,0.1666666666666666,-0.166666667,13.3,-0.55,13.3,-0.55,13.3,-0.55,13.33129204,-0.431818664,0.2,-0.14089834690093994,-0.017796610169491522,260607319.5464872,0.1678794247648287,0.37892878719915024
312,498,namentenga(boulsa),tougri secteur 5,burkina_faso,11/10/2009,7,1,-0.967700204,0.0,13.31319193510866,-0.526893673,-1.640898347,-1.640898347,1.0,0.1666666666666666,-0.166666667,13.3,-0.55,13.3,-0.55,13.3,-0.55,13.33129204,-0.431818664,0.2,-0.14089834690093994,-0.017796610169491522,260607319.5464872,0.1678794247648287,0.37892878719915024
313,499,namentenga(boulsa),tougri secteur 5,burkina_faso,11/10/2009,2,1,-0.913933675,0.0,13.31319193510866,-0.526893673,-1.640898347,-1.640898347,1.0,0.1666666666666666,-0.166666667,13.3,-0.55,13.3,-0.55,13.3,-0.55,13.33129204,-0.431818664,0.2,-0.14089834690093994,-0.017796610169491522,260607319.5464872,0.1678794247648287,0.37892878719915024
314,500,namentenga(boulsa),tougri secteur 5,burkina_faso,11/10/2009,19,1,-0.974152187,1.0,13.31319193510866,-0.526893673,-1.640898347,-1.640898347,1.0,0.1666666666666666,-0.166666667,13.3,-0.55,13.3,-0.55,13.3,-0.55,13.33129204,-0.431818664,0.2,-0.14089834690093994,-0.017796610169491522,260607319.5464872,0.1678794247648287,0.37892878719915024
315,501,namentenga(boulsa),tougri secteur 5,burkina_faso,11/10/2009,8,1,-0.949778028,0.0,13.31319193510866,-0.526893673,-1.640898347,-1.640898347,1.0,0.1666666666666666,-0.166666667,13.3,-0.55,13.3,-0.55,13.3,-0.55,13.33129204,-0.431818664,0.2,-0.14089834690093994,-0.017796610169491522,260607319.5464872,0.1678794247648287,0.37892878719915024
316,502,namentenga(boulsa),tougri secteur 5,burkina_faso,11/10/2009,9,1,-0.956946898,1.0,13.31319193510866,-0.526893673,-1.640898347,-1.640898347,1.0,0.1666666666666666,-0.166666667,13.3,-0.55,13.3,-0.55,13.3,-0.55,13.33129204,-0.431818664,0.2,-0.14089834690093994,-0.017796610169491522,260607319.5464872,0.1678794247648287,0.37892878719915024
317,503,namentenga(boulsa),tougri secteur 5,burkina_faso,11/10/2009,7,1,-0.942609157,0.0,13.31319193510866,-0.526893673,-1.640898347,-1.640898347,1.0,0.1666666666666666,-0.166666667,13.3,-0.55,13.3,-0.55,13.3,-0.55,13.33129204,-0.431818664,0.2,-0.14089834690093994,-0.017796610169491522,260607319.5464872,0.1678794247648287,0.37892878719915024
318,504,namentenga(boulsa),tougri secteur 5,burkina_faso,11/10/2009,11,1,-0.951570245,0.0,13.31319193510866,-0.526893673,-1.640898347,-1.640898347,1.0,0.1666666666666666,-0.166666667,13.3,-0.55,13.3,-0.55,13.3,-0.55,13.33129204,-0.431818664,0.2,-0.14089834690093994,-0.017796610169491522,260607319.5464872,0.1678794247648287,0.37892878719915024
319,505,namentenga(boulsa),tougri secteur 5,burkina_faso,11/10/2009,16,1,-0.941585033,1.0,13.31319193510866,-0.526893673,-1.640898347,-1.640898347,1.0,0.1666666666666666,-0.166666667,13.3,-0.55,13.3,-0.55,13.3,-0.55,13.33129204,-0.431818664,0.2,-0.14089834690093994,-0.017796610169491522,260607319.5464872,0.1678794247648287,0.37892878719915024
320,506,namentenga(boulsa),tougri secteur 5,burkina_faso,11/10/2009,14,1,1.9174696489598235,0.0,13.31319193510866,-0.526893673,-1.640898347,-1.640898347,1.0,0.1666666666666666,-0.166666667,13.3,-0.55,13.3,-0.55,13.3,-0.55,13.33129204,-0.431818664,0.2,-0.14089834690093994,-0.017796610169491522,260607319.5464872,0.1678794247648287,0.37892878719915024
321,507,namentenga(boulsa),tougri secteur 5,burkina_faso,11/10/2009,10,1,-0.935440287,1.0,13.31319193510866,-0.526893673,-1.640898347,-1.640898347,1.0,0.1666666666666666,-0.166666667,13.3,-0.55,13.3,-0.55,13.3,-0.55,13.33129204,-0.431818664,0.2,-0.14089834690093994,-0.017796610169491522,260607319.5464872,0.1678794247648287,0.37892878719915024
322,508,namentenga(boulsa),tougri secteur 5,burkina_faso,11/10/2009,16,1,1.757834689913765,1.0,13.31319193510866,-0.526893673,-1.640898347,-1.640898347,1.0,0.1666666666666666,-0.166666667,13.3,-0.55,13.3,-0.55,13.3,-0.55,13.33129204,-0.431818664,0.2,-0.14089834690093994,-0.017796610169491522,260607319.5464872,0.1678794247648287,0.37892878719915024
323,509,namentenga(boulsa),tougri secteur 5,burkina_faso,11/10/2009,12,1,-0.956946898,0.0,13.31319193510866,-0.526893673,-1.640898347,-1.640898347,1.0,0.1666666666666666,-0.166666667,13.3,-0.55,13.3,-0.55,13.3,-0.55,13.33129204,-0.431818664,0.2,-0.14089834690093994,-0.017796610169491522,260607319.5464872,0.1678794247648287,0.37892878719915024
324,510,namentenga(boulsa),tougri secteur 5,burkina_faso,11/10/2009,18,1,-0.947729779,1.0,13.31319193510866,-0.526893673,-1.640898347,-1.640898347,1.0,0.1666666666666666,-0.166666667,13.3,-0.55,13.3,-0.55,13.3,-0.55,13.33129204,-0.431818664,0.2,-0.14089834690093994,-0.017796610169491522,260607319.5464872,0.1678794247648287,0.37892878719915024
325,512,namentenga(boulsa),tougri secteur 5,burkina_faso,11/10/2009,8,2,-0.446887314,1.0,13.31319193510866,-0.526893673,-1.640898347,-1.640898347,1.0,0.1666666666666666,-0.166666667,13.3,-0.55,13.3,-0.55,13.3,-0.55,13.33129204,-0.431818664,0.2,-0.14089834690093994,-0.017796610169491522,260607319.5464872,0.1678794247648287,0.37892878719915024
326,513,namentenga(boulsa),tougri secteur 5,burkina_faso,11/10/2009,8,1,-0.926837642,1.0,13.31319193510866,-0.526893673,-1.640898347,-1.640898347,1.0,0.1666666666666666,-0.166666667,13.3,-0.55,13.3,-0.55,13.3,-0.55,13.33129204,-0.431818664,0.2,-0.14089834690093994,-0.017796610169491522,260607319.5464872,0.1678794247648287,0.37892878719915024
327,514,namentenga(boulsa),youguin,burkina_faso,11/3/2009,15,3,-0.946193592,0.0,12.660540911581377,-0.568371028,-1.681780398,-1.748540382,1.6666666666666667,0.6666666666666666,-0.166666667,12.65,-0.55,12.65,-0.55,12.65,-0.55,12.60199655,-0.694916179,0.8,-0.233320415019989,-0.075,192661617.4148026,0.18097608991632957,-0.8497189444957954
328,515,namentenga(boulsa),youguin,burkina_faso,11/3/2009,11,1,-0.926223168,1.0,12.660540911581377,-0.568371028,-1.681780398,-1.748540382,1.6666666666666667,0.6666666666666666,-0.166666667,12.65,-0.55,12.65,-0.55,12.65,-0.55,12.60199655,-0.694916179,0.8,-0.233320415019989,-0.075,192661617.4148026,0.18097608991632957,-0.8497189444957954
329,516,namentenga(boulsa),youguin,burkina_faso,11/2/2009,8,1,4.115094302469911,1.0,12.660540911581377,-0.568371028,-1.681780398,-1.748540382,1.6666666666666667,0.6666666666666666,-0.166666667,12.65,-0.55,12.65,-0.55,12.65,-0.55,12.60199655,-0.694916179,0.8,-0.233320415019989,-0.075,192661617.4148026,0.18097608991632957,-0.8497189444957954
330,517,namentenga(boulsa),youguin,burkina_faso,11/3/2009,4,1,-0.630601769,0.0,12.660540911581377,-0.568371028,-1.681780398,-1.748540382,1.6666666666666667,0.6666666666666666,-0.166666667,12.65,-0.55,12.65,-0.55,12.65,-0.55,12.60199655,-0.694916179,0.8,-0.233320415019989,-0.075,192661617.4148026,0.18097608991632957,-0.8497189444957954
331,520,namentenga(boulsa),youguin,burkina_faso,11/3/2009,11,2,-0.939741609,1.0,12.660540911581377,-0.568371028,-1.681780398,-1.748540382,1.6666666666666667,0.6666666666666666,-0.166666667,12.65,-0.55,12.65,-0.55,12.65,-0.55,12.60199655,-0.694916179,0.8,-0.233320415019989,-0.075,192661617.4148026,0.18097608991632957,-0.8497189444957954
332,522,namentenga(boulsa),youguin,burkina_faso,11/3/2009,13,1,-0.63777064,0.0,12.660540911581377,-0.568371028,-1.681780398,-1.748540382,1.6666666666666667,0.6666666666666666,-0.166666667,12.65,-0.55,12.65,-0.55,12.65,-0.55,12.60199655,-0.694916179,0.8,-0.233320415019989,-0.075,192661617.4148026,0.18097608991632957,-0.8497189444957954
333,524,namentenga(boulsa),youguin,burkina_faso,11/3/2009,12,2,-0.924686981,1.0,12.660540911581377,-0.568371028,-1.681780398,-1.748540382,1.6666666666666667,0.6666666666666666,-0.166666667,12.65,-0.55,12.65,-0.55,12.65,-0.55,12.60199655,-0.694916179,0.8,-0.233320415019989,-0.075,192661617.4148026,0.18097608991632957,-0.8497189444957954
334,525,namentenga(boulsa),youguin,burkina_faso,11/3/2009,8,4,-0.949778028,1.0,12.660540911581377,-0.568371028,-1.681780398,-1.748540382,1.6666666666666667,0.6666666666666666,-0.166666667,12.65,-0.55,12.65,-0.55,12.65,-0.55,12.60199655,-0.694916179,0.8,-0.233320415019989,-0.075,192661617.4148026,0.18097608991632957,-0.8497189444957954
335,529,namentenga(boulsa),youguin,burkina_faso,11/3/2009,9,1,-0.94081694,1.0,12.660540911581377,-0.568371028,-1.681780398,-1.748540382,1.6666666666666667,0.6666666666666666,-0.166666667,12.65,-0.55,12.65,-0.55,12.65,-0.55,12.60199655,-0.694916179,0.8,-0.233320415019989,-0.075,192661617.4148026,0.18097608991632957,-0.8497189444957954
336,532,namentenga(boulsa),youguin,burkina_faso,11/3/2009,10,1,0.3375460459124116,0.0,12.660540911581377,-0.568371028,-1.681780398,-1.748540382,1.6666666666666667,0.6666666666666666,-0.166666667,12.65,-0.55,12.65,-0.55,12.65,-0.55,12.60199655,-0.694916179,0.8,-0.233320415019989,-0.075,192661617.4148026,0.18097608991632957,-0.8497189444957954
337,533,namentenga(boulsa),youguin,burkina_faso,11/3/2009,14,3,-0.925881793,0.0,12.660540911581377,-0.568371028,-1.681780398,-1.748540382,1.6666666666666667,0.6666666666666666,-0.166666667,12.65,-0.55,12.65,-0.55,12.65,-0.55,12.60199655,-0.694916179,0.8,-0.233320415019989,-0.075,192661617.4148026,0.18097608991632957,-0.8497189444957954
338,534,namentenga(boulsa),youguin,burkina_faso,11/2/2009,10,3,-0.616264029,0.0,12.660540911581377,-0.568371028,-1.681780398,-1.748540382,1.6666666666666667,0.6666666666666666,-0.166666667,12.65,-0.55,12.65,-0.55,12.65,-0.55,12.60199655,-0.694916179,0.8,-0.233320415019989,-0.075,192661617.4148026,0.18097608991632957,-0.8497189444957954
339,536,namentenga(boulsa),youguin,burkina_faso,11/3/2009,14,5,-0.930063634,1.0,12.660540911581377,-0.568371028,-1.681780398,-1.748540382,1.6666666666666667,0.6666666666666666,-0.166666667,12.65,-0.55,12.65,-0.55,12.65,-0.55,12.60199655,-0.694916179,0.8,-0.233320415019989,-0.075,192661617.4148026,0.18097608991632957,-0.8497189444957954
340,539,namentenga(boulsa),youguin,burkina_faso,11/2/2009,14,3,-0.935440287,0.0,12.660540911581377,-0.568371028,-1.681780398,-1.748540382,1.6666666666666667,0.6666666666666666,-0.166666667,12.65,-0.55,12.65,-0.55,12.65,-0.55,12.60199655,-0.694916179,0.8,-0.233320415019989,-0.075,192661617.4148026,0.18097608991632957,-0.8497189444957954
341,540,namentenga(boulsa),youguin,burkina_faso,11/3/2009,8,3,-0.911544052,1.0,12.660540911581377,-0.568371028,-1.681780398,-1.748540382,1.6666666666666667,0.6666666666666666,-0.166666667,12.65,-0.55,12.65,-0.55,12.65,-0.55,12.60199655,-0.694916179,0.8,-0.233320415019989,-0.075,192661617.4148026,0.18097608991632957,-0.8497189444957954
342,550,sanmatenga(kaya),arouem,burkina_faso,11/4/2009,6,2,0.1583617362518842,0.0,13.096810194780764,-1.086335777,-1.677620932,-1.73793523,1.25,0.8333333333333334,-0.433333333,13.1,-1.1,13.1,-1.1,13.1,-1.1,13.09217767,-1.083499768,0.8,-0.2890213131904602,-0.07499999999999998,75473947.14225903,0.16635879581192195,-1.2817542171050573
343,551,sanmatenga(kaya),arouem,burkina_faso,11/4/2009,4,1,-0.904716556,0.0,13.096810194780764,-1.086335777,-1.677620932,-1.73793523,1.25,0.8333333333333334,-0.433333333,13.1,-1.1,13.1,-1.1,13.1,-1.1,13.09217767,-1.083499768,0.8,-0.2890213131904602,-0.07499999999999998,75473947.14225903,0.16635879581192195,-1.2817542171050573
344,552,sanmatenga(kaya),arouem,burkina_faso,11/4/2009,7,1,-0.967700204,0.0,13.096810194780764,-1.086335777,-1.677620932,-1.73793523,1.25,0.8333333333333334,-0.433333333,13.1,-1.1,13.1,-1.1,13.1,-1.1,13.09217767,-1.083499768,0.8,-0.2890213131904602,-0.07499999999999998,75473947.14225903,0.16635879581192195,-1.2817542171050573
345,553,sanmatenga(kaya),arouem,burkina_faso,11/5/2009,10,1,-0.946193592,1.0,13.096810194780764,-1.086335777,-1.677620932,-1.73793523,1.25,0.8333333333333334,-0.433333333,13.1,-1.1,13.1,-1.1,13.1,-1.1,13.09217767,-1.083499768,0.8,-0.2890213131904602,-0.07499999999999998,75473947.14225903,0.16635879581192195,-1.2817542171050573
346,554,sanmatenga(kaya),arouem,burkina_faso,11/4/2009,8,1,-0.935440287,0.0,13.096810194780764,-1.086335777,-1.677620932,-1.73793523,1.25,0.8333333333333334,-0.433333333,13.1,-1.1,13.1,-1.1,13.1,-1.1,13.09217767,-1.083499768,0.8,-0.2890213131904602,-0.07499999999999998,75473947.14225903,0.16635879581192195,-1.2817542171050573
347,555,sanmatenga(kaya),arouem,burkina_faso,11/4/2009,6,1,-0.587588547,0.0,13.096810194780764,-1.086335777,-1.677620932,-1.73793523,1.25,0.8333333333333334,-0.433333333,13.1,-1.1,13.1,-1.1,13.1,-1.1,13.09217767,-1.083499768,0.8,-0.2890213131904602,-0.07499999999999998,75473947.14225903,0.16635879581192195,-1.2817542171050573
348,556,sanmatenga(kaya),arouem,burkina_faso,11/4/2009,10,1,-0.432549573,0.0,13.096810194780764,-1.086335777,-1.677620932,-1.73793523,1.25,0.8333333333333334,-0.433333333,13.1,-1.1,13.1,-1.1,13.1,-1.1,13.09217767,-1.083499768,0.8,-0.2890213131904602,-0.07499999999999998,75473947.14225903,0.16635879581192195,-1.2817542171050573
349,557,sanmatenga(kaya),arouem,burkina_faso,11/4/2009,6,5,-0.913933675,1.0,13.096810194780764,-1.086335777,-1.677620932,-1.73793523,1.25,0.8333333333333334,-0.433333333,13.1,-1.1,13.1,-1.1,13.1,-1.1,13.09217767,-1.083499768,0.8,-0.2890213131904602,-0.07499999999999998,75473947.14225903,0.16635879581192195,-1.2817542171050573
350,558,sanmatenga(kaya),arouem,burkina_faso,11/5/2009,7,1,-0.569666371,1.0,13.096810194780764,-1.086335777,-1.677620932,-1.73793523,1.25,0.8333333333333334,-0.433333333,13.1,-1.1,13.1,-1.1,13.1,-1.1,13.09217767,-1.083499768,0.8,-0.2890213131904602,-0.07499999999999998,75473947.14225903,0.16635879581192195,-1.2817542171050573
351,559,sanmatenga(kaya),arouem,burkina_faso,11/5/2009,5,1,0.694358874,1.0,13.096810194780764,-1.086335777,-1.677620932,-1.73793523,1.25,0.8333333333333334,-0.433333333,13.1,-1.1,13.1,-1.1,13.1,-1.1,13.09217767,-1.083499768,0.8,-0.2890213131904602,-0.07499999999999998,75473947.14225903,0.16635879581192195,-1.2817542171050573
352,560,sanmatenga(kaya),arouem,burkina_faso,11/4/2009,5,1,-0.773232443,0.0,13.096810194780764,-1.086335777,-1.677620932,-1.73793523,1.25,0.8333333333333334,-0.433333333,13.1,-1.1,13.1,-1.1,13.1,-1.1,13.09217767,-1.083499768,0.8,-0.2890213131904602,-0.07499999999999998,75473947.14225903,0.16635879581192195,-1.2817542171050573
353,561,sanmatenga(kaya),arouem,burkina_faso,11/4/2009,9,1,0.3457390407264232,0.0,13.096810194780764,-1.086335777,-1.677620932,-1.73793523,1.25,0.8333333333333334,-0.433333333,13.1,-1.1,13.1,-1.1,13.1,-1.1,13.09217767,-1.083499768,0.8,-0.2890213131904602,-0.07499999999999998,75473947.14225903,0.16635879581192195,-1.2817542171050573
354,562,sanmatenga(kaya),arouem,burkina_faso,11/5/2009,8,1,-0.949778028,1.0,13.096810194780764,-1.086335777,-1.677620932,-1.73793523,1.25,0.8333333333333334,-0.433333333,13.1,-1.1,13.1,-1.1,13.1,-1.1,13.09217767,-1.083499768,0.8,-0.2890213131904602,-0.07499999999999998,75473947.14225903,0.16635879581192195,-1.2817542171050573
355,563,sanmatenga(kaya),arouem,burkina_faso,11/4/2009,6,1,-1.021466732,1.0,13.096810194780764,-1.086335777,-1.677620932,-1.73793523,1.25,0.8333333333333334,-0.433333333,13.1,-1.1,13.1,-1.1,13.1,-1.1,13.09217767,-1.083499768,0.8,-0.2890213131904602,-0.07499999999999998,75473947.14225903,0.16635879581192195,-1.2817542171050573
356,564,sanmatenga(kaya),arouem,burkina_faso,11/4/2009,3,1,-0.956946898,1.0,13.096810194780764,-1.086335777,-1.677620932,-1.73793523,1.25,0.8333333333333334,-0.433333333,13.1,-1.1,13.1,-1.1,13.1,-1.1,13.09217767,-1.083499768,0.8,-0.2890213131904602,-0.07499999999999998,75473947.14225903,0.16635879581192195,-1.2817542171050573
357,565,sanmatenga(kaya),arouem,burkina_faso,11/4/2009,21,1,-0.967700204,1.0,13.096810194780764,-1.086335777,-1.677620932,-1.73793523,1.25,0.8333333333333334,-0.433333333,13.1,-1.1,13.1,-1.1,13.1,-1.1,13.09217767,-1.083499768,0.8,-0.2890213131904602,-0.07499999999999998,75473947.14225903,0.16635879581192195,-1.2817542171050573
358,566,sanmatenga(kaya),arouem,burkina_faso,11/5/2009,3,1,0.1028719525987102,0.0,13.096810194780764,-1.086335777,-1.677620932,-1.73793523,1.25,0.8333333333333334,-0.433333333,13.1,-1.1,13.1,-1.1,13.1,-1.1,13.09217767,-1.083499768,0.8,-0.2890213131904602,-0.07499999999999998,75473947.14225903,0.16635879581192195,-1.2817542171050573
359,567,sanmatenga(kaya),arouem,burkina_faso,11/5/2009,8,2,0.287363953,0.0,13.096810194780764,-1.086335777,-1.677620932,-1.73793523,1.25,0.8333333333333334,-0.433333333,13.1,-1.1,13.1,-1.1,13.1,-1.1,13.09217767,-1.083499768,0.8,-0.2890213131904602,-0.07499999999999998,75473947.14225903,0.16635879581192195,-1.2817542171050573
360,568,sanmatenga(kaya),bagbin-noungou,burkina_faso,10/30/2009,16,1,-0.5828093,0.0,12.72713,-1.05162,-1.70760411,-1.735114127,1.25,1.0,-0.333333333,12.75,-1.05,12.75,-1.05,12.75,-1.05,12.75482216,-1.073963321,1.0,-0.2703947782516479,-0.09545454545454547,154533333.3650556,0.18758024397815262,-0.8956269592449828
361,569,sanmatenga(kaya),bagbin-noungou,burkina_faso,10/29/2009,7,1,-0.582211894,0.0,12.72713,-1.05162,-1.70760411,-1.735114127,1.25,1.0,-0.333333333,12.75,-1.05,12.75,-1.05,12.75,-1.05,12.75482216,-1.073963321,1.0,-0.2703947782516479,-0.09545454545454547,154533333.3650556,0.18758024397815262,-0.8956269592449828
362,570,sanmatenga(kaya),bagbin-noungou,burkina_faso,10/30/2009,7,2,-1.042973344,0.0,12.72713,-1.05162,-1.70760411,-1.735114127,1.25,1.0,-0.333333333,12.75,-1.05,12.75,-1.05,12.75,-1.05,12.75482216,-1.073963321,1.0,-0.2703947782516479,-0.09545454545454547,154533333.3650556,0.18758024397815262,-0.8956269592449828
363,571,sanmatenga(kaya),bagbin-noungou,burkina_faso,10/30/2009,11,5,-1.128999789,1.0,12.72713,-1.05162,-1.70760411,-1.735114127,1.25,1.0,-0.333333333,12.75,-1.05,12.75,-1.05,12.75,-1.05,12.75482216,-1.073963321,1.0,-0.2703947782516479,-0.09545454545454547,154533333.3650556,0.18758024397815262,-0.8956269592449828
364,573,sanmatenga(kaya),bagbin-noungou,burkina_faso,10/30/2009,3,4,-0.801907925,1.0,12.72713,-1.05162,-1.70760411,-1.735114127,1.25,1.0,-0.333333333,12.75,-1.05,12.75,-1.05,12.75,-1.05,12.75482216,-1.073963321,1.0,-0.2703947782516479,-0.09545454545454547,154533333.3650556,0.18758024397815262,-0.8956269592449828
365,575,sanmatenga(kaya),bagbin-noungou,burkina_faso,10/29/2009,9,1,-0.769648008,1.0,12.72713,-1.05162,-1.70760411,-1.735114127,1.25,1.0,-0.333333333,12.75,-1.05,12.75,-1.05,12.75,-1.05,12.75482216,-1.073963321,1.0,-0.2703947782516479,-0.09545454545454547,154533333.3650556,0.18758024397815262,-0.8956269592449828
366,588,sanmatenga(kaya),bagbin-noungou,burkina_faso,10/29/2009,17,3,-0.953362463,0.0,12.72713,-1.05162,-1.70760411,-1.735114127,1.25,1.0,-0.333333333,12.75,-1.05,12.75,-1.05,12.75,-1.05,12.75482216,-1.073963321,1.0,-0.2703947782516479,-0.09545454545454547,154533333.3650556,0.18758024397815262,-0.8956269592449828
367,589,sanmatenga(kaya),bagbin-noungou,burkina_faso,10/29/2009,9,3,-0.931138964,1.0,12.72713,-1.05162,-1.70760411,-1.735114127,1.25,1.0,-0.333333333,12.75,-1.05,12.75,-1.05,12.75,-1.05,12.75482216,-1.073963321,1.0,-0.2703947782516479,-0.09545454545454547,154533333.3650556,0.18758024397815262,-0.8956269592449828
368,590,sanmatenga(kaya),bagbin-noungou,burkina_faso,10/29/2009,12,2,-1.150506401,0.0,12.72713,-1.05162,-1.70760411,-1.735114127,1.25,1.0,-0.333333333,12.75,-1.05,12.75,-1.05,12.75,-1.05,12.75482216,-1.073963321,1.0,-0.2703947782516479,-0.09545454545454547,154533333.3650556,0.18758024397815262,-0.8956269592449828
369,591,sanmatenga(kaya),bagbin-noungou,burkina_faso,10/29/2009,16,3,-1.064479955,0.0,12.72713,-1.05162,-1.70760411,-1.735114127,1.25,1.0,-0.333333333,12.75,-1.05,12.75,-1.05,12.75,-1.05,12.75482216,-1.073963321,1.0,-0.2703947782516479,-0.09545454545454547,154533333.3650556,0.18758024397815262,-0.8956269592449828
370,592,sanmatenga(kaya),bagbin-noungou,burkina_faso,10/29/2009,16,2,-0.593733293,1.0,12.72713,-1.05162,-1.70760411,-1.735114127,1.25,1.0,-0.333333333,12.75,-1.05,12.75,-1.05,12.75,-1.05,12.75482216,-1.073963321,1.0,-0.2703947782516479,-0.09545454545454547,154533333.3650556,0.18758024397815262,-0.8956269592449828
371,593,sanmatenga(kaya),bagbin-noungou,burkina_faso,10/29/2009,8,1,-0.578985902,1.0,12.72713,-1.05162,-1.70760411,-1.735114127,1.25,1.0,-0.333333333,12.75,-1.05,12.75,-1.05,12.75,-1.05,12.75482216,-1.073963321,1.0,-0.2703947782516479,-0.09545454545454547,154533333.3650556,0.18758024397815262,-0.8956269592449828
372,594,sanmatenga(kaya),bagbin-noungou,burkina_faso,10/29/2009,19,2,-1.30105268,0.0,12.72713,-1.05162,-1.70760411,-1.735114127,1.25,1.0,-0.333333333,12.75,-1.05,12.75,-1.05,12.75,-1.05,12.75482216,-1.073963321,1.0,-0.2703947782516479,-0.09545454545454547,154533333.3650556,0.18758024397815262,-0.8956269592449828
373,597,sanmatenga(kaya),bagmiougou,burkina_faso,11/5/2009,13,1,-0.591172982,1.0,13.096810194780764,-1.086335777,-1.677620932,-1.73793523,1.25,0.8333333333333334,-0.433333333,13.1,-1.1,13.1,-1.1,13.1,-1.1,13.09217767,-1.083499768,0.8,-0.2890213131904602,-0.07499999999999998,75473947.14225903,0.16635879581192195,-1.2817542171050573
374,599,sanmatenga(kaya),bagmiougou,burkina_faso,11/5/2009,12,2,-0.200243309,1.0,13.096810194780764,-1.086335777,-1.677620932,-1.73793523,1.25,0.8333333333333334,-0.433333333,13.1,-1.1,13.1,-1.1,13.1,-1.1,13.09217767,-1.083499768,0.8,-0.2890213131904602,-0.07499999999999998,75473947.14225903,0.16635879581192195,-1.2817542171050573
375,600,sanmatenga(kaya),bagmiougou,burkina_faso,11/5/2009,15,2,-0.93275196,1.0,13.096810194780764,-1.086335777,-1.677620932,-1.73793523,1.25,0.8333333333333334,-0.433333333,13.1,-1.1,13.1,-1.1,13.1,-1.1,13.09217767,-1.083499768,0.8,-0.2890213131904602,-0.07499999999999998,75473947.14225903,0.16635879581192195,-1.2817542171050573
376,601,sanmatenga(kaya),bagmiougou,burkina_faso,11/5/2009,5,5,-0.928271416,1.0,13.096810194780764,-1.086335777,-1.677620932,-1.73793523,1.25,0.8333333333333334,-0.433333333,13.1,-1.1,13.1,-1.1,13.1,-1.1,13.09217767,-1.083499768,0.8,-0.2890213131904602,-0.07499999999999998,75473947.14225903,0.16635879581192195,-1.2817542171050573
377,602,sanmatenga(kaya),bagmiougou,burkina_faso,11/5/2009,14,1,0.147608431,0.0,13.096810194780764,-1.086335777,-1.677620932,-1.73793523,1.25,0.8333333333333334,-0.433333333,13.1,-1.1,13.1,-1.1,13.1,-1.1,13.09217767,-1.083499768,0.8,-0.2890213131904602,-0.07499999999999998,75473947.14225903,0.16635879581192195,-1.2817542171050573
378,603,sanmatenga(kaya),bagmiougou,burkina_faso,11/6/2009,8,1,-0.587588547,1.0,13.096810194780764,-1.086335777,-1.677620932,-1.73793523,1.25,0.8333333333333334,-0.433333333,13.1,-1.1,13.1,-1.1,13.1,-1.1,13.09217767,-1.083499768,0.8,-0.2890213131904602,-0.07499999999999998,75473947.14225903,0.16635879581192195,-1.2817542171050573
379,607,sanmatenga(kaya),bagmiougou,burkina_faso,11/6/2009,12,1,-0.924686981,1.0,13.096810194780764,-1.086335777,-1.677620932,-1.73793523,1.25,0.8333333333333334,-0.433333333,13.1,-1.1,13.1,-1.1,13.1,-1.1,13.09217767,-1.083499768,0.8,-0.2890213131904602,-0.07499999999999998,75473947.14225903,0.16635879581192195,-1.2817542171050573
380,608,sanmatenga(kaya),bagmiougou,burkina_faso,11/5/2009,16,2,-0.923709408,1.0,13.096810194780764,-1.086335777,-1.677620932,-1.73793523,1.25,0.8333333333333334,-0.433333333,13.1,-1.1,13.1,-1.1,13.1,-1.1,13.09217767,-1.083499768,0.8,-0.2890213131904602,-0.07499999999999998,75473947.14225903,0.16635879581192195,-1.2817542171050573
381,609,sanmatenga(kaya),bagmiougou,burkina_faso,11/5/2009,9,1,0.4943134567735665,1.0,13.096810194780764,-1.086335777,-1.677620932,-1.73793523,1.25,0.8333333333333334,-0.433333333,13.1,-1.1,13.1,-1.1,13.1,-1.1,13.09217767,-1.083499768,0.8,-0.2890213131904602,-0.07499999999999998,75473947.14225903,0.16635879581192195,-1.2817542171050573
382,610,sanmatenga(kaya),bagmiougou,burkina_faso,11/5/2009,19,1,-0.926479199,1.0,13.096810194780764,-1.086335777,-1.677620932,-1.73793523,1.25,0.8333333333333334,-0.433333333,13.1,-1.1,13.1,-1.1,13.1,-1.1,13.09217767,-1.083499768,0.8,-0.2890213131904602,-0.07499999999999998,75473947.14225903,0.16635879581192195,-1.2817542171050573
383,611,sanmatenga(kaya),bagmiougou,burkina_faso,11/5/2009,6,1,-0.563009562,1.0,13.096810194780764,-1.086335777,-1.677620932,-1.73793523,1.25,0.8333333333333334,-0.433333333,13.1,-1.1,13.1,-1.1,13.1,-1.1,13.09217767,-1.083499768,0.8,-0.2890213131904602,-0.07499999999999998,75473947.14225903,0.16635879581192195,-1.2817542171050573
384,612,sanmatenga(kaya),bagmiougou,burkina_faso,11/5/2009,13,2,-0.920385659,1.0,13.096810194780764,-1.086335777,-1.677620932,-1.73793523,1.25,0.8333333333333334,-0.433333333,13.1,-1.1,13.1,-1.1,13.1,-1.1,13.09217767,-1.083499768,0.8,-0.2890213131904602,-0.07499999999999998,75473947.14225903,0.16635879581192195,-1.2817542171050573
385,613,sanmatenga(kaya),bagmiougou,burkina_faso,11/6/2009,13,1,-0.962323551,0.0,13.096810194780764,-1.086335777,-1.677620932,-1.73793523,1.25,0.8333333333333334,-0.433333333,13.1,-1.1,13.1,-1.1,13.1,-1.1,13.09217767,-1.083499768,0.8,-0.2890213131904602,-0.07499999999999998,75473947.14225903,0.16635879581192195,-1.2817542171050573
386,614,sanmatenga(kaya),bagmiougou,burkina_faso,11/5/2009,20,1,-0.587588547,0.0,13.096810194780764,-1.086335777,-1.677620932,-1.73793523,1.25,0.8333333333333334,-0.433333333,13.1,-1.1,13.1,-1.1,13.1,-1.1,13.09217767,-1.083499768,0.8,-0.2890213131904602,-0.07499999999999998,75473947.14225903,0.16635879581192195,-1.2817542171050573
387,615,sanmatenga(kaya),bagmiougou,burkina_faso,11/6/2009,6,1,-0.935440287,0.0,13.096810194780764,-1.086335777,-1.677620932,-1.73793523,1.25,0.8333333333333334,-0.433333333,13.1,-1.1,13.1,-1.1,13.1,-1.1,13.09217767,-1.083499768,0.8,-0.2890213131904602,-0.07499999999999998,75473947.14225903,0.16635879581192195,-1.2817542171050573
388,616,sanmatenga(kaya),bagmiougou,burkina_faso,11/5/2009,16,1,-0.941585033,1.0,13.096810194780764,-1.086335777,-1.677620932,-1.73793523,1.25,0.8333333333333334,-0.433333333,13.1,-1.1,13.1,-1.1,13.1,-1.1,13.09217767,-1.083499768,0.8,-0.2890213131904602,-0.07499999999999998,75473947.14225903,0.16635879581192195,-1.2817542171050573
389,617,sanmatenga(kaya),bagmiougou,burkina_faso,11/5/2009,14,1,-0.604793836,1.0,13.096810194780764,-1.086335777,-1.677620932,-1.73793523,1.25,0.8333333333333334,-0.433333333,13.1,-1.1,13.1,-1.1,13.1,-1.1,13.09217767,-1.083499768,0.8,-0.2890213131904602,-0.07499999999999998,75473947.14225903,0.16635879581192195,-1.2817542171050573
390,618,sanmatenga(kaya),bagmiougou,burkina_faso,11/5/2009,16,1,-0.587588547,1.0,13.096810194780764,-1.086335777,-1.677620932,-1.73793523,1.25,0.8333333333333334,-0.433333333,13.1,-1.1,13.1,-1.1,13.1,-1.1,13.09217767,-1.083499768,0.8,-0.2890213131904602,-0.07499999999999998,75473947.14225903,0.16635879581192195,-1.2817542171050573
391,624,sanmatenga(kaya),basebrike,burkina_faso,11/8/2009,6,2,-0.935440287,1.0,13.096810194780764,-1.086335777,-1.677620932,-1.73793523,1.25,0.8333333333333334,-0.433333333,13.1,-1.1,13.1,-1.1,13.1,-1.1,13.09217767,-1.083499768,0.8,-0.2890213131904602,-0.07499999999999998,75473947.14225903,0.16635879581192195,-1.2817542171050573
392,625,sanmatenga(kaya),basebrike,burkina_faso,11/8/2009,10,1,-0.935440287,0.0,13.096810194780764,-1.086335777,-1.677620932,-1.73793523,1.25,0.8333333333333334,-0.433333333,13.1,-1.1,13.1,-1.1,13.1,-1.1,13.09217767,-1.083499768,0.8,-0.2890213131904602,-0.07499999999999998,75473947.14225903,0.16635879581192195,-1.2817542171050573
393,626,sanmatenga(kaya),basebrike,burkina_faso,11/7/2009,7,1,-0.942609157,1.0,13.096810194780764,-1.086335777,-1.677620932,-1.73793523,1.25,0.8333333333333334,-0.433333333,13.1,-1.1,13.1,-1.1,13.1,-1.1,13.09217767,-1.083499768,0.8,-0.2890213131904602,-0.07499999999999998,75473947.14225903,0.16635879581192195,-1.2817542171050573
394,627,sanmatenga(kaya),basebrike,burkina_faso,11/7/2009,7,3,-0.20741218,1.0,13.096810194780764,-1.086335777,-1.677620932,-1.73793523,1.25,0.8333333333333334,-0.433333333,13.1,-1.1,13.1,-1.1,13.1,-1.1,13.09217767,-1.083499768,0.8,-0.2890213131904602,-0.07499999999999998,75473947.14225903,0.16635879581192195,-1.2817542171050573
395,628,sanmatenga(kaya),basebrike,burkina_faso,11/7/2009,9,2,-0.776099991,1.0,13.096810194780764,-1.086335777,-1.677620932,-1.73793523,1.25,0.8333333333333334,-0.433333333,13.1,-1.1,13.1,-1.1,13.1,-1.1,13.09217767,-1.083499768,0.8,-0.2890213131904602,-0.07499999999999998,75473947.14225903,0.16635879581192195,-1.2817542171050573
396,630,sanmatenga(kaya),basebrike,burkina_faso,11/7/2009,15,2,-0.93275196,0.0,13.096810194780764,-1.086335777,-1.677620932,-1.73793523,1.25,0.8333333333333334,-0.433333333,13.1,-1.1,13.1,-1.1,13.1,-1.1,13.09217767,-1.083499768,0.8,-0.2890213131904602,-0.07499999999999998,75473947.14225903,0.16635879581192195,-1.2817542171050573
397,631,sanmatenga(kaya),basebrike,burkina_faso,11/7/2009,15,6,-0.917242385,1.0,13.096810194780764,-1.086335777,-1.677620932,-1.73793523,1.25,0.8333333333333334,-0.433333333,13.1,-1.1,13.1,-1.1,13.1,-1.1,13.09217767,-1.083499768,0.8,-0.2890213131904602,-0.07499999999999998,75473947.14225903,0.16635879581192195,-1.2817542171050573
398,632,sanmatenga(kaya),basebrike,burkina_faso,11/7/2009,15,1,-0.93275196,1.0,13.096810194780764,-1.086335777,-1.677620932,-1.73793523,1.25,0.8333333333333334,-0.433333333,13.1,-1.1,13.1,-1.1,13.1,-1.1,13.09217767,-1.083499768,0.8,-0.2890213131904602,-0.07499999999999998,75473947.14225903,0.16635879581192195,-1.2817542171050573
399,633,sanmatenga(kaya),basebrike,burkina_faso,11/7/2009,12,2,-0.935440287,1.0,13.096810194780764,-1.086335777,-1.677620932,-1.73793523,1.25,0.8333333333333334,-0.433333333,13.1,-1.1,13.1,-1.1,13.1,-1.1,13.09217767,-1.083499768,0.8,-0.2890213131904602,-0.07499999999999998,75473947.14225903,0.16635879581192195,-1.2817542171050573
400,634,sanmatenga(kaya),basebrike,burkina_faso,11/7/2009,6,1,-0.918234998,1.0,13.096810194780764,-1.086335777,-1.677620932,-1.73793523,1.25,0.8333333333333334,-0.433333333,13.1,-1.1,13.1,-1.1,13.1,-1.1,13.09217767,-1.083499768,0.8,-0.2890213131904602,-0.07499999999999998,75473947.14225903,0.16635879581192195,-1.2817542171050573
401,638,sanmatenga(kaya),basebrike,burkina_faso,11/8/2009,4,1,-0.913933675,1.0,13.096810194780764,-1.086335777,-1.677620932,-1.73793523,1.25,0.8333333333333334,-0.433333333,13.1,-1.1,13.1,-1.1,13.1,-1.1,13.09217767,-1.083499768,0.8,-0.2890213131904602,-0.07499999999999998,75473947.14225903,0.16635879581192195,-1.2817542171050573
402,639,sanmatenga(kaya),basebrike,burkina_faso,11/8/2009,21,2,-0.930063634,1.0,13.096810194780764,-1.086335777,-1.677620932,-1.73793523,1.25,0.8333333333333334,-0.433333333,13.1,-1.1,13.1,-1.1,13.1,-1.1,13.09217767,-1.083499768,0.8,-0.2890213131904602,-0.07499999999999998,75473947.14225903,0.16635879581192195,-1.2817542171050573
403,643,sanmatenga(kaya),basebrike,burkina_faso,11/7/2009,8,1,-0.780401313,1.0,13.096810194780764,-1.086335777,-1.677620932,-1.73793523,1.25,0.8333333333333334,-0.433333333,13.1,-1.1,13.1,-1.1,13.1,-1.1,13.09217767,-1.083499768,0.8,-0.2890213131904602,-0.07499999999999998,75473947.14225903,0.16635879581192195,-1.2817542171050573
404,644,sanmatenga(kaya),basebrike,burkina_faso,11/7/2009,8,1,-0.926837642,1.0,13.096810194780764,-1.086335777,-1.677620932,-1.73793523,1.25,0.8333333333333334,-0.433333333,13.1,-1.1,13.1,-1.1,13.1,-1.1,13.09217767,-1.083499768,0.8,-0.2890213131904602,-0.07499999999999998,75473947.14225903,0.16635879581192195,-1.2817542171050573
405,645,sanmatenga(kaya),basebrike,burkina_faso,11/8/2009,13,1,-0.932367914,1.0,13.096810194780764,-1.086335777,-1.677620932,-1.73793523,1.25,0.8333333333333334,-0.433333333,13.1,-1.1,13.1,-1.1,13.1,-1.1,13.09217767,-1.083499768,0.8,-0.2890213131904602,-0.07499999999999998,75473947.14225903,0.16635879581192195,-1.2817542171050573
406,646,sanmatenga(kaya),basebrike,burkina_faso,11/7/2009,18,1,-0.956946898,1.0,13.096810194780764,-1.086335777,-1.677620932,-1.73793523,1.25,0.8333333333333334,-0.433333333,13.1,-1.1,13.1,-1.1,13.1,-1.1,13.09217767,-1.083499768,0.8,-0.2890213131904602,-0.07499999999999998,75473947.14225903,0.16635879581192195,-1.2817542171050573
407,647,sanmatenga(kaya),basebrike,burkina_faso,11/7/2009,9,1,-0.94081694,1.0,13.096810194780764,-1.086335777,-1.677620932,-1.73793523,1.25,0.8333333333333334,-0.433333333,13.1,-1.1,13.1,-1.1,13.1,-1.1,13.09217767,-1.083499768,0.8,-0.2890213131904602,-0.07499999999999998,75473947.14225903,0.16635879581192195,-1.2817542171050573
408,648,sanmatenga(kaya),basebrike,burkina_faso,11/7/2009,10,1,-0.200243309,1.0,13.096810194780764,-1.086335777,-1.677620932,-1.73793523,1.25,0.8333333333333334,-0.433333333,13.1,-1.1,13.1,-1.1,13.1,-1.1,13.09217767,-1.083499768,0.8,-0.2890213131904602,-0.07499999999999998,75473947.14225903,0.16635879581192195,-1.2817542171050573
409,652,sanmatenga(kaya),bawenne,burkina_faso,10/31/2009,17,1,-0.953362463,1.0,13.096810194780764,-1.086335777,-1.677620932,-1.73793523,1.25,0.8333333333333334,-0.433333333,13.1,-1.1,13.1,-1.1,13.1,-1.1,13.09217767,-1.083499768,0.8,-0.2890213131904602,-0.07499999999999998,75473947.14225903,0.16635879581192195,-1.2817542171050573
410,653,sanmatenga(kaya),bawenne,burkina_faso,10/31/2009,22,2,-0.935440287,1.0,13.096810194780764,-1.086335777,-1.677620932,-1.73793523,1.25,0.8333333333333334,-0.433333333,13.1,-1.1,13.1,-1.1,13.1,-1.1,13.09217767,-1.083499768,0.8,-0.2890213131904602,-0.07499999999999998,75473947.14225903,0.16635879581192195,-1.2817542171050573
411,654,sanmatenga(kaya),bawenne,burkina_faso,10/31/2009,15,1,-0.946193592,1.0,13.096810194780764,-1.086335777,-1.677620932,-1.73793523,1.25,0.8333333333333334,-0.433333333,13.1,-1.1,13.1,-1.1,13.1,-1.1,13.09217767,-1.083499768,0.8,-0.2890213131904602,-0.07499999999999998,75473947.14225903,0.16635879581192195,-1.2817542171050573
412,655,sanmatenga(kaya),bawenne,burkina_faso,10/31/2009,4,2,-0.566081935,1.0,13.096810194780764,-1.086335777,-1.677620932,-1.73793523,1.25,0.8333333333333334,-0.433333333,13.1,-1.1,13.1,-1.1,13.1,-1.1,13.09217767,-1.083499768,0.8,-0.2890213131904602,-0.07499999999999998,75473947.14225903,0.16635879581192195,-1.2817542171050573
413,656,sanmatenga(kaya),bawenne,burkina_faso,10/31/2009,20,7,-0.935440287,1.0,13.096810194780764,-1.086335777,-1.677620932,-1.73793523,1.25,0.8333333333333334,-0.433333333,13.1,-1.1,13.1,-1.1,13.1,-1.1,13.09217767,-1.083499768,0.8,-0.2890213131904602,-0.07499999999999998,75473947.14225903,0.16635879581192195,-1.2817542171050573
414,657,sanmatenga(kaya),bawenne,burkina_faso,10/31/2009,20,4,-0.598341852,1.0,13.096810194780764,-1.086335777,-1.677620932,-1.73793523,1.25,0.8333333333333334,-0.433333333,13.1,-1.1,13.1,-1.1,13.1,-1.1,13.09217767,-1.083499768,0.8,-0.2890213131904602,-0.07499999999999998,75473947.14225903,0.16635879581192195,-1.2817542171050573
415,658,sanmatenga(kaya),bawenne,burkina_faso,10/31/2009,21,1,1.914352010118625,1.0,13.096810194780764,-1.086335777,-1.677620932,-1.73793523,1.25,0.8333333333333334,-0.433333333,13.1,-1.1,13.1,-1.1,13.1,-1.1,13.09217767,-1.083499768,0.8,-0.2890213131904602,-0.07499999999999998,75473947.14225903,0.16635879581192195,-1.2817542171050573
416,659,sanmatenga(kaya),bawenne,burkina_faso,10/31/2009,17,2,-0.933050663,1.0,13.096810194780764,-1.086335777,-1.677620932,-1.73793523,1.25,0.8333333333333334,-0.433333333,13.1,-1.1,13.1,-1.1,13.1,-1.1,13.09217767,-1.083499768,0.8,-0.2890213131904602,-0.07499999999999998,75473947.14225903,0.16635879581192195,-1.2817542171050573
417,660,sanmatenga(kaya),bawenne,burkina_faso,10/31/2009,9,1,-0.956946898,1.0,13.096810194780764,-1.086335777,-1.677620932,-1.73793523,1.25,0.8333333333333334,-0.433333333,13.1,-1.1,13.1,-1.1,13.1,-1.1,13.09217767,-1.083499768,0.8,-0.2890213131904602,-0.07499999999999998,75473947.14225903,0.16635879581192195,-1.2817542171050573
418,661,sanmatenga(kaya),bawenne,burkina_faso,10/31/2009,16,1,-0.941585033,1.0,13.096810194780764,-1.086335777,-1.677620932,-1.73793523,1.25,0.8333333333333334,-0.433333333,13.1,-1.1,13.1,-1.1,13.1,-1.1,13.09217767,-1.083499768,0.8,-0.2890213131904602,-0.07499999999999998,75473947.14225903,0.16635879581192195,-1.2817542171050573
419,662,sanmatenga(kaya),bawenne,burkina_faso,10/31/2009,7,1,-0.92253632,1.0,13.096810194780764,-1.086335777,-1.677620932,-1.73793523,1.25,0.8333333333333334,-0.433333333,13.1,-1.1,13.1,-1.1,13.1,-1.1,13.09217767,-1.083499768,0.8,-0.2890213131904602,-0.07499999999999998,75473947.14225903,0.16635879581192195,-1.2817542171050573
420,663,sanmatenga(kaya),bawenne,burkina_faso,10/31/2009,18,1,1.9089753572719308,1.0,13.096810194780764,-1.086335777,-1.677620932,-1.73793523,1.25,0.8333333333333334,-0.433333333,13.1,-1.1,13.1,-1.1,13.1,-1.1,13.09217767,-1.083499768,0.8,-0.2890213131904602,-0.07499999999999998,75473947.14225903,0.16635879581192195,-1.2817542171050573
421,667,sanmatenga(kaya),bawenne,burkina_faso,10/31/2009,20,1,-0.598341852,0.0,13.096810194780764,-1.086335777,-1.677620932,-1.73793523,1.25,0.8333333333333334,-0.433333333,13.1,-1.1,13.1,-1.1,13.1,-1.1,13.09217767,-1.083499768,0.8,-0.2890213131904602,-0.07499999999999998,75473947.14225903,0.16635879581192195,-1.2817542171050573
422,668,sanmatenga(kaya),bawenne,burkina_faso,10/31/2009,31,2,-0.627913443,1.0,13.096810194780764,-1.086335777,-1.677620932,-1.73793523,1.25,0.8333333333333334,-0.433333333,13.1,-1.1,13.1,-1.1,13.1,-1.1,13.09217767,-1.083499768,0.8,-0.2890213131904602,-0.07499999999999998,75473947.14225903,0.16635879581192195,-1.2817542171050573
423,669,sanmatenga(kaya),bawenne,burkina_faso,10/31/2009,20,2,-0.946193592,1.0,13.096810194780764,-1.086335777,-1.677620932,-1.73793523,1.25,0.8333333333333334,-0.433333333,13.1,-1.1,13.1,-1.1,13.1,-1.1,13.09217767,-1.083499768,0.8,-0.2890213131904602,-0.07499999999999998,75473947.14225903,0.16635879581192195,-1.2817542171050573
424,670,sanmatenga(kaya),bawenne,burkina_faso,10/31/2009,16,2,-0.578985902,1.0,13.096810194780764,-1.086335777,-1.677620932,-1.73793523,1.25,0.8333333333333334,-0.433333333,13.1,-1.1,13.1,-1.1,13.1,-1.1,13.09217767,-1.083499768,0.8,-0.2890213131904602,-0.07499999999999998,75473947.14225903,0.16635879581192195,-1.2817542171050573
425,672,sanmatenga(kaya),bawenne,burkina_faso,10/31/2009,28,1,-0.935440287,0.0,13.096810194780764,-1.086335777,-1.677620932,-1.73793523,1.25,0.8333333333333334,-0.433333333,13.1,-1.1,13.1,-1.1,13.1,-1.1,13.09217767,-1.083499768,0.8,-0.2890213131904602,-0.07499999999999998,75473947.14225903,0.16635879581192195,-1.2817542171050573
426,675,sanmatenga(kaya),bawenne,burkina_faso,10/31/2009,10,1,-0.964115769,0.0,13.096810194780764,-1.086335777,-1.677620932,-1.73793523,1.25,0.8333333333333334,-0.433333333,13.1,-1.1,13.1,-1.1,13.1,-1.1,13.09217767,-1.083499768,0.8,-0.2890213131904602,-0.07499999999999998,75473947.14225903,0.16635879581192195,-1.2817542171050573
427,676,sanmatenga(kaya),dablo,burkina_faso,10/30/2009,8,1,-0.978453509,1.0,13.736331794273273,-1.177869042,-1.599071503,-1.737089992,2.0,0.1666666666666666,-0.166666667,13.75,-1.2,13.75,-1.2,13.75,-1.2,13.50282815,-1.190020734,0.2,-0.23708999156951904,-0.017796610169491522,260607319.5464872,0.16571054685294556,1.145603651741552
428,677,sanmatenga(kaya),dablo,burkina_faso,10/30/2009,24,1,-0.587588547,1.0,13.736331794273273,-1.177869042,-1.599071503,-1.737089992,2.0,0.1666666666666666,-0.166666667,13.75,-1.2,13.75,-1.2,13.75,-1.2,13.50282815,-1.190020734,0.2,-0.23708999156951904,-0.017796610169491522,260607319.5464872,0.16571054685294556,1.145603651741552
429,678,sanmatenga(kaya),dablo,burkina_faso,10/30/2009,6,1,0.2992044610902847,1.0,13.736331794273273,-1.177869042,-1.599071503,-1.737089992,2.0,0.1666666666666666,-0.166666667,13.75,-1.2,13.75,-1.2,13.75,-1.2,13.50282815,-1.190020734,0.2,-0.23708999156951904,-0.017796610169491522,260607319.5464872,0.16571054685294556,1.145603651741552
430,681,sanmatenga(kaya),dablo,burkina_faso,10/30/2009,9,1,-0.437926226,1.0,13.736331794273273,-1.177869042,-1.599071503,-1.737089992,2.0,0.1666666666666666,-0.166666667,13.75,-1.2,13.75,-1.2,13.75,-1.2,13.50282815,-1.190020734,0.2,-0.23708999156951904,-0.017796610169491522,260607319.5464872,0.16571054685294556,1.145603651741552
431,683,sanmatenga(kaya),dablo,burkina_faso,10/30/2009,7,1,-0.762479137,1.0,13.736331794273273,-1.177869042,-1.599071503,-1.737089992,2.0,0.1666666666666666,-0.166666667,13.75,-1.2,13.75,-1.2,13.75,-1.2,13.50282815,-1.190020734,0.2,-0.23708999156951904,-0.017796610169491522,260607319.5464872,0.16571054685294556,1.145603651741552
432,684,sanmatenga(kaya),dablo,burkina_faso,10/30/2009,7,2,-0.942609157,1.0,13.736331794273273,-1.177869042,-1.599071503,-1.737089992,2.0,0.1666666666666666,-0.166666667,13.75,-1.2,13.75,-1.2,13.75,-1.2,13.50282815,-1.190020734,0.2,-0.23708999156951904,-0.017796610169491522,260607319.5464872,0.16571054685294556,1.145603651741552
433,685,sanmatenga(kaya),dablo,burkina_faso,10/30/2009,22,1,-0.796531272,0.0,13.736331794273273,-1.177869042,-1.599071503,-1.737089992,2.0,0.1666666666666666,-0.166666667,13.75,-1.2,13.75,-1.2,13.75,-1.2,13.50282815,-1.190020734,0.2,-0.23708999156951904,-0.017796610169491522,260607319.5464872,0.16571054685294556,1.145603651741552
434,686,sanmatenga(kaya),dablo,burkina_faso,10/30/2009,7,2,-0.57468458,1.0,13.736331794273273,-1.177869042,-1.599071503,-1.737089992,2.0,0.1666666666666666,-0.166666667,13.75,-1.2,13.75,-1.2,13.75,-1.2,13.50282815,-1.190020734,0.2,-0.23708999156951904,-0.017796610169491522,260607319.5464872,0.16571054685294556,1.145603651741552
435,687,sanmatenga(kaya),dablo,burkina_faso,10/30/2009,18,1,-0.621999125,1.0,13.736331794273273,-1.177869042,-1.599071503,-1.737089992,2.0,0.1666666666666666,-0.166666667,13.75,-1.2,13.75,-1.2,13.75,-1.2,13.50282815,-1.190020734,0.2,-0.23708999156951904,-0.017796610169491522,260607319.5464872,0.16571054685294556,1.145603651741552
436,688,sanmatenga(kaya),dablo,burkina_faso,10/30/2009,7,2,-0.88793437,1.0,13.736331794273273,-1.177869042,-1.599071503,-1.737089992,2.0,0.1666666666666666,-0.166666667,13.75,-1.2,13.75,-1.2,13.75,-1.2,13.50282815,-1.190020734,0.2,-0.23708999156951904,-0.017796610169491522,260607319.5464872,0.16571054685294556,1.145603651741552
437,689,sanmatenga(kaya),dablo,burkina_faso,10/30/2009,5,2,-0.919310328,1.0,13.736331794273273,-1.177869042,-1.599071503,-1.737089992,2.0,0.1666666666666666,-0.166666667,13.75,-1.2,13.75,-1.2,13.75,-1.2,13.50282815,-1.190020734,0.2,-0.23708999156951904,-0.017796610169491522,260607319.5464872,0.16571054685294556,1.145603651741552
438,691,sanmatenga(kaya),dablo,burkina_faso,10/30/2009,12,1,-0.475562796,1.0,13.736331794273273,-1.177869042,-1.599071503,-1.737089992,2.0,0.1666666666666666,-0.166666667,13.75,-1.2,13.75,-1.2,13.75,-1.2,13.50282815,-1.190020734,0.2,-0.23708999156951904,-0.017796610169491522,260607319.5464872,0.16571054685294556,1.145603651741552
439,695,sanmatenga(kaya),dablo,burkina_faso,10/30/2009,21,1,-0.434700234,1.0,13.736331794273273,-1.177869042,-1.599071503,-1.737089992,2.0,0.1666666666666666,-0.166666667,13.75,-1.2,13.75,-1.2,13.75,-1.2,13.50282815,-1.190020734,0.2,-0.23708999156951904,-0.017796610169491522,260607319.5464872,0.16571054685294556,1.145603651741552
440,696,sanmatenga(kaya),dablo,burkina_faso,10/30/2009,12,1,-0.935440287,1.0,13.736331794273273,-1.177869042,-1.599071503,-1.737089992,2.0,0.1666666666666666,-0.166666667,13.75,-1.2,13.75,-1.2,13.75,-1.2,13.50282815,-1.190020734,0.2,-0.23708999156951904,-0.017796610169491522,260607319.5464872,0.16571054685294556,1.145603651741552
441,697,sanmatenga(kaya),dablo,burkina_faso,10/30/2009,13,1,-0.923492169,1.0,13.736331794273273,-1.177869042,-1.599071503,-1.737089992,2.0,0.1666666666666666,-0.166666667,13.75,-1.2,13.75,-1.2,13.75,-1.2,13.50282815,-1.190020734,0.2,-0.23708999156951904,-0.017796610169491522,260607319.5464872,0.16571054685294556,1.145603651741552
442,698,sanmatenga(kaya),dablo,burkina_faso,10/30/2009,7,1,-0.92253632,1.0,13.736331794273273,-1.177869042,-1.599071503,-1.737089992,2.0,0.1666666666666666,-0.166666667,13.75,-1.2,13.75,-1.2,13.75,-1.2,13.50282815,-1.190020734,0.2,-0.23708999156951904,-0.017796610169491522,260607319.5464872,0.16571054685294556,1.145603651741552
443,701,sanmatenga(kaya),dablo,burkina_faso,10/30/2009,12,1,-0.581443801,1.0,13.736331794273273,-1.177869042,-1.599071503,-1.737089992,2.0,0.1666666666666666,-0.166666667,13.75,-1.2,13.75,-1.2,13.75,-1.2,13.50282815,-1.190020734,0.2,-0.23708999156951904,-0.017796610169491522,260607319.5464872,0.16571054685294556,1.145603651741552
444,702,sanmatenga(kaya),dablo,burkina_faso,10/30/2009,21,2,-0.589739208,0.0,13.736331794273273,-1.177869042,-1.599071503,-1.737089992,2.0,0.1666666666666666,-0.166666667,13.75,-1.2,13.75,-1.2,13.75,-1.2,13.50282815,-1.190020734,0.2,-0.23708999156951904,-0.017796610169491522,260607319.5464872,0.16571054685294556,1.145603651741552
445,703,sanmatenga(kaya),dake,burkina_faso,11/1/2009,9,1,-0.066710948,0.0,13.714269999999996,-1.0786,-1.667244077,-1.667244077,1.0,0.1666666666666666,-0.166666667,13.7,-1.1,13.7,-1.1,13.7,-1.1,13.50282815,-1.073963321,0.2,-0.1672440767288208,-0.017796610169491522,260607319.5464872,0.18147148309449151,1.128441800389485
446,705,sanmatenga(kaya),dake,burkina_faso,11/1/2009,23,1,-0.43450472,1.0,13.714269999999996,-1.0786,-1.667244077,-1.667244077,1.0,0.1666666666666666,-0.166666667,13.7,-1.1,13.7,-1.1,13.7,-1.1,13.50282815,-1.073963321,0.2,-0.1672440767288208,-0.017796610169491522,260607319.5464872,0.18147148309449151,1.128441800389485
447,706,sanmatenga(kaya),dake,burkina_faso,11/1/2009,5,1,-0.443302879,0.0,13.714269999999996,-1.0786,-1.667244077,-1.667244077,1.0,0.1666666666666666,-0.166666667,13.7,-1.1,13.7,-1.1,13.7,-1.1,13.50282815,-1.073963321,0.2,-0.1672440767288208,-0.017796610169491522,260607319.5464872,0.18147148309449151,1.128441800389485
448,708,sanmatenga(kaya),dake,burkina_faso,11/1/2009,15,1,-0.791154619,0.0,13.714269999999996,-1.0786,-1.667244077,-1.667244077,1.0,0.1666666666666666,-0.166666667,13.7,-1.1,13.7,-1.1,13.7,-1.1,13.50282815,-1.073963321,0.2,-0.1672440767288208,-0.017796610169491522,260607319.5464872,0.18147148309449151,1.128441800389485
449,709,sanmatenga(kaya),dake,burkina_faso,11/1/2009,24,1,-0.780401313,0.0,13.714269999999996,-1.0786,-1.667244077,-1.667244077,1.0,0.1666666666666666,-0.166666667,13.7,-1.1,13.7,-1.1,13.7,-1.1,13.50282815,-1.073963321,0.2,-0.1672440767288208,-0.017796610169491522,260607319.5464872,0.18147148309449151,1.128441800389485
450,711,sanmatenga(kaya),dake,burkina_faso,11/1/2009,21,1,-0.8502978,1.0,13.714269999999996,-1.0786,-1.667244077,-1.667244077,1.0,0.1666666666666666,-0.166666667,13.7,-1.1,13.7,-1.1,13.7,-1.1,13.50282815,-1.073963321,0.2,-0.1672440767288208,-0.017796610169491522,260607319.5464872,0.18147148309449151,1.128441800389485
451,712,sanmatenga(kaya),dake,burkina_faso,11/1/2009,12,1,-0.581443801,1.0,13.714269999999996,-1.0786,-1.667244077,-1.667244077,1.0,0.1666666666666666,-0.166666667,13.7,-1.1,13.7,-1.1,13.7,-1.1,13.50282815,-1.073963321,0.2,-0.1672440767288208,-0.017796610169491522,260607319.5464872,0.18147148309449151,1.128441800389485
452,713,sanmatenga(kaya),dake,burkina_faso,11/1/2009,4,2,-0.935440287,1.0,13.714269999999996,-1.0786,-1.667244077,-1.667244077,1.0,0.1666666666666666,-0.166666667,13.7,-1.1,13.7,-1.1,13.7,-1.1,13.50282815,-1.073963321,0.2,-0.1672440767288208,-0.017796610169491522,260607319.5464872,0.18147148309449151,1.128441800389485
453,714,sanmatenga(kaya),dake,burkina_faso,11/1/2009,8,1,-0.921102546,1.0,13.714269999999996,-1.0786,-1.667244077,-1.667244077,1.0,0.1666666666666666,-0.166666667,13.7,-1.1,13.7,-1.1,13.7,-1.1,13.50282815,-1.073963321,0.2,-0.1672440767288208,-0.017796610169491522,260607319.5464872,0.18147148309449151,1.128441800389485
454,718,sanmatenga(kaya),dake,burkina_faso,11/1/2009,3,1,-0.908557022,1.0,13.714269999999996,-1.0786,-1.667244077,-1.667244077,1.0,0.1666666666666666,-0.166666667,13.7,-1.1,13.7,-1.1,13.7,-1.1,13.50282815,-1.073963321,0.2,-0.1672440767288208,-0.017796610169491522,260607319.5464872,0.18147148309449151,1.128441800389485
455,719,sanmatenga(kaya),dake,burkina_faso,11/1/2009,6,1,-0.918234998,1.0,13.714269999999996,-1.0786,-1.667244077,-1.667244077,1.0,0.1666666666666666,-0.166666667,13.7,-1.1,13.7,-1.1,13.7,-1.1,13.50282815,-1.073963321,0.2,-0.1672440767288208,-0.017796610169491522,260607319.5464872,0.18147148309449151,1.128441800389485
456,720,sanmatenga(kaya),dake,burkina_faso,11/1/2009,8,3,-0.578985902,1.0,13.714269999999996,-1.0786,-1.667244077,-1.667244077,1.0,0.1666666666666666,-0.166666667,13.7,-1.1,13.7,-1.1,13.7,-1.1,13.50282815,-1.073963321,0.2,-0.1672440767288208,-0.017796610169491522,260607319.5464872,0.18147148309449151,1.128441800389485
457,722,sanmatenga(kaya),dake,burkina_faso,11/1/2009,8,1,-0.935440287,1.0,13.714269999999996,-1.0786,-1.667244077,-1.667244077,1.0,0.1666666666666666,-0.166666667,13.7,-1.1,13.7,-1.1,13.7,-1.1,13.50282815,-1.073963321,0.2,-0.1672440767288208,-0.017796610169491522,260607319.5464872,0.18147148309449151,1.128441800389485
458,725,sanmatenga(kaya),dake,burkina_faso,11/1/2009,11,1,0.143307108,0.0,13.714269999999996,-1.0786,-1.667244077,-1.667244077,1.0,0.1666666666666666,-0.166666667,13.7,-1.1,13.7,-1.1,13.7,-1.1,13.50282815,-1.073963321,0.2,-0.1672440767288208,-0.017796610169491522,260607319.5464872,0.18147148309449151,1.128441800389485
459,726,sanmatenga(kaya),dake,burkina_faso,11/1/2009,19,2,-0.571817032,1.0,13.714269999999996,-1.0786,-1.667244077,-1.667244077,1.0,0.1666666666666666,-0.166666667,13.7,-1.1,13.7,-1.1,13.7,-1.1,13.50282815,-1.073963321,0.2,-0.1672440767288208,-0.017796610169491522,260607319.5464872,0.18147148309449151,1.128441800389485
460,727,sanmatenga(kaya),dake,burkina_faso,11/1/2009,20,1,-0.940219534,1.0,13.714269999999996,-1.0786,-1.667244077,-1.667244077,1.0,0.1666666666666666,-0.166666667,13.7,-1.1,13.7,-1.1,13.7,-1.1,13.50282815,-1.073963321,0.2,-0.1672440767288208,-0.017796610169491522,260607319.5464872,0.18147148309449151,1.128441800389485
461,728,sanmatenga(kaya),dake,burkina_faso,11/1/2009,12,5,-0.924686981,1.0,13.714269999999996,-1.0786,-1.667244077,-1.667244077,1.0,0.1666666666666666,-0.166666667,13.7,-1.1,13.7,-1.1,13.7,-1.1,13.50282815,-1.073963321,0.2,-0.1672440767288208,-0.017796610169491522,260607319.5464872,0.18147148309449151,1.128441800389485
462,729,sanmatenga(kaya),dake,burkina_faso,11/1/2009,10,1,-0.210996615,1.0,13.714269999999996,-1.0786,-1.667244077,-1.667244077,1.0,0.1666666666666666,-0.166666667,13.7,-1.1,13.7,-1.1,13.7,-1.1,13.50282815,-1.073963321,0.2,-0.1672440767288208,-0.017796610169491522,260607319.5464872,0.18147148309449151,1.128441800389485
463,730,sanmatenga(kaya),gounghin,burkina_faso,11/6/2009,8,2,-0.926837642,1.0,12.3566133,-1.547806352,-1.694790377,-1.748734249,1.6666666666666667,1.0,0.3333333333333332,12.35,-1.55,12.35,-1.55,12.35,-1.55,12.36425974,-1.527235853,1.4,-0.23027847494397843,-0.13867924528301886,115809258.71833205,0.1442361469489187,-0.9284777442082618
464,731,sanmatenga(kaya),gounghin,burkina_faso,11/6/2009,5,1,-0.919310328,1.0,12.3566133,-1.547806352,-1.694790377,-1.748734249,1.6666666666666667,1.0,0.3333333333333332,12.35,-1.55,12.35,-1.55,12.35,-1.55,12.36425974,-1.527235853,1.4,-0.23027847494397843,-0.13867924528301886,115809258.71833205,0.1442361469489187,-0.9284777442082618
465,732,sanmatenga(kaya),gounghin,burkina_faso,11/6/2009,18,1,-0.916622002,0.0,12.3566133,-1.547806352,-1.694790377,-1.748734249,1.6666666666666667,1.0,0.3333333333333332,12.35,-1.55,12.35,-1.55,12.35,-1.55,12.36425974,-1.527235853,1.4,-0.23027847494397843,-0.13867924528301886,115809258.71833205,0.1442361469489187,-0.9284777442082618
466,733,sanmatenga(kaya),gounghin,burkina_faso,11/6/2009,3,1,-0.913933675,1.0,12.3566133,-1.547806352,-1.694790377,-1.748734249,1.6666666666666667,1.0,0.3333333333333332,12.35,-1.55,12.35,-1.55,12.35,-1.55,12.36425974,-1.527235853,1.4,-0.23027847494397843,-0.13867924528301886,115809258.71833205,0.1442361469489187,-0.9284777442082618
467,734,sanmatenga(kaya),gounghin,burkina_faso,11/6/2009,20,1,-0.205022556,1.0,12.3566133,-1.547806352,-1.694790377,-1.748734249,1.6666666666666667,1.0,0.3333333333333332,12.35,-1.55,12.35,-1.55,12.35,-1.55,12.36425974,-1.527235853,1.4,-0.23027847494397843,-0.13867924528301886,115809258.71833205,0.1442361469489187,-0.9284777442082618
468,735,sanmatenga(kaya),gounghin,burkina_faso,11/6/2009,7,1,-0.967700204,0.0,12.3566133,-1.547806352,-1.694790377,-1.748734249,1.6666666666666667,1.0,0.3333333333333332,12.35,-1.55,12.35,-1.55,12.35,-1.55,12.36425974,-1.527235853,1.4,-0.23027847494397843,-0.13867924528301886,115809258.71833205,0.1442361469489187,-0.9284777442082618
469,736,sanmatenga(kaya),gounghin,burkina_faso,11/6/2009,5,1,-0.946193592,1.0,12.3566133,-1.547806352,-1.694790377,-1.748734249,1.6666666666666667,1.0,0.3333333333333332,12.35,-1.55,12.35,-1.55,12.35,-1.55,12.36425974,-1.527235853,1.4,-0.23027847494397843,-0.13867924528301886,115809258.71833205,0.1442361469489187,-0.9284777442082618
470,737,sanmatenga(kaya),gounghin,burkina_faso,11/6/2009,2,1,-0.913933675,1.0,12.3566133,-1.547806352,-1.694790377,-1.748734249,1.6666666666666667,1.0,0.3333333333333332,12.35,-1.55,12.35,-1.55,12.35,-1.55,12.36425974,-1.527235853,1.4,-0.23027847494397843,-0.13867924528301886,115809258.71833205,0.1442361469489187,-0.9284777442082618
471,738,sanmatenga(kaya),gounghin,burkina_faso,11/6/2009,7,1,-0.930063634,1.0,12.3566133,-1.547806352,-1.694790377,-1.748734249,1.6666666666666667,1.0,0.3333333333333332,12.35,-1.55,12.35,-1.55,12.35,-1.55,12.36425974,-1.527235853,1.4,-0.23027847494397843,-0.13867924528301886,115809258.71833205,0.1442361469489187,-0.9284777442082618
472,739,sanmatenga(kaya),gounghin,burkina_faso,11/6/2009,14,1,0.6298509119926686,1.0,12.3566133,-1.547806352,-1.694790377,-1.748734249,1.6666666666666667,1.0,0.3333333333333332,12.35,-1.55,12.35,-1.55,12.35,-1.55,12.36425974,-1.527235853,1.4,-0.23027847494397843,-0.13867924528301886,115809258.71833205,0.1442361469489187,-0.9284777442082618
473,740,sanmatenga(kaya),gounghin,burkina_faso,11/6/2009,20,6,0.3199643366679434,1.0,12.3566133,-1.547806352,-1.694790377,-1.748734249,1.6666666666666667,1.0,0.3333333333333332,12.35,-1.55,12.35,-1.55,12.35,-1.55,12.36425974,-1.527235853,1.4,-0.23027847494397843,-0.13867924528301886,115809258.71833205,0.1442361469489187,-0.9284777442082618
474,741,sanmatenga(kaya),gounghin,burkina_faso,11/6/2009,16,3,-0.587588547,1.0,12.3566133,-1.547806352,-1.694790377,-1.748734249,1.6666666666666667,1.0,0.3333333333333332,12.35,-1.55,12.35,-1.55,12.35,-1.55,12.36425974,-1.527235853,1.4,-0.23027847494397843,-0.13867924528301886,115809258.71833205,0.1442361469489187,-0.9284777442082618
475,742,sanmatenga(kaya),gounghin,burkina_faso,11/6/2009,12,2,-0.924686981,1.0,12.3566133,-1.547806352,-1.694790377,-1.748734249,1.6666666666666667,1.0,0.3333333333333332,12.35,-1.55,12.35,-1.55,12.35,-1.55,12.36425974,-1.527235853,1.4,-0.23027847494397843,-0.13867924528301886,115809258.71833205,0.1442361469489187,-0.9284777442082618
476,743,sanmatenga(kaya),gounghin,burkina_faso,11/6/2009,4,1,-0.935440287,1.0,12.3566133,-1.547806352,-1.694790377,-1.748734249,1.6666666666666667,1.0,0.3333333333333332,12.35,-1.55,12.35,-1.55,12.35,-1.55,12.36425974,-1.527235853,1.4,-0.23027847494397843,-0.13867924528301886,115809258.71833205,0.1442361469489187,-0.9284777442082618
477,744,sanmatenga(kaya),gounghin,burkina_faso,11/6/2009,10,1,-0.587588547,1.0,12.3566133,-1.547806352,-1.694790377,-1.748734249,1.6666666666666667,1.0,0.3333333333333332,12.35,-1.55,12.35,-1.55,12.35,-1.55,12.36425974,-1.527235853,1.4,-0.23027847494397843,-0.13867924528301886,115809258.71833205,0.1442361469489187,-0.9284777442082618
478,745,sanmatenga(kaya),gounghin,burkina_faso,11/6/2009,7,5,-0.81266123,1.0,12.3566133,-1.547806352,-1.694790377,-1.748734249,1.6666666666666667,1.0,0.3333333333333332,12.35,-1.55,12.35,-1.55,12.35,-1.55,12.36425974,-1.527235853,1.4,-0.23027847494397843,-0.13867924528301886,115809258.71833205,0.1442361469489187,-0.9284777442082618
479,746,sanmatenga(kaya),gounghin,burkina_faso,11/6/2009,7,3,0.3171266372459349,1.0,12.3566133,-1.547806352,-1.694790377,-1.748734249,1.6666666666666667,1.0,0.3333333333333332,12.35,-1.55,12.35,-1.55,12.35,-1.55,12.36425974,-1.527235853,1.4,-0.23027847494397843,-0.13867924528301886,115809258.71833205,0.1442361469489187,-0.9284777442082618
480,747,sanmatenga(kaya),gounghin,burkina_faso,11/6/2009,9,2,-0.920078421,0.0,12.3566133,-1.547806352,-1.694790377,-1.748734249,1.6666666666666667,1.0,0.3333333333333332,12.35,-1.55,12.35,-1.55,12.35,-1.55,12.36425974,-1.527235853,1.4,-0.23027847494397843,-0.13867924528301886,115809258.71833205,0.1442361469489187,-0.9284777442082618
481,766,sanmatenga(kaya),itaore,burkina_faso,11/8/2009,8,1,-1.064479955,1.0,13.096810194780764,-1.086335777,-1.677620932,-1.73793523,1.25,0.8333333333333334,-0.433333333,13.1,-1.1,13.1,-1.1,13.1,-1.1,13.09217767,-1.083499768,0.8,-0.2890213131904602,-0.07499999999999998,75473947.14225903,0.16635879581192195,-1.2817542171050573
482,768,sanmatenga(kaya),itaore,burkina_faso,11/8/2009,9,1,-0.931138964,1.0,13.096810194780764,-1.086335777,-1.677620932,-1.73793523,1.25,0.8333333333333334,-0.433333333,13.1,-1.1,13.1,-1.1,13.1,-1.1,13.09217767,-1.083499768,0.8,-0.2890213131904602,-0.07499999999999998,75473947.14225903,0.16635879581192195,-1.2817542171050573
483,769,sanmatenga(kaya),itaore,burkina_faso,11/8/2009,3,1,-0.956946898,0.0,13.096810194780764,-1.086335777,-1.677620932,-1.73793523,1.25,0.8333333333333334,-0.433333333,13.1,-1.1,13.1,-1.1,13.1,-1.1,13.09217767,-1.083499768,0.8,-0.2890213131904602,-0.07499999999999998,75473947.14225903,0.16635879581192195,-1.2817542171050573
484,770,sanmatenga(kaya),itaore,burkina_faso,11/9/2009,7,1,-0.942609157,0.0,13.096810194780764,-1.086335777,-1.677620932,-1.73793523,1.25,0.8333333333333334,-0.433333333,13.1,-1.1,13.1,-1.1,13.1,-1.1,13.09217767,-1.083499768,0.8,-0.2890213131904602,-0.07499999999999998,75473947.14225903,0.16635879581192195,-1.2817542171050573
485,771,sanmatenga(kaya),itaore,burkina_faso,11/9/2009,8,1,-0.949778028,1.0,13.096810194780764,-1.086335777,-1.677620932,-1.73793523,1.25,0.8333333333333334,-0.433333333,13.1,-1.1,13.1,-1.1,13.1,-1.1,13.09217767,-1.083499768,0.8,-0.2890213131904602,-0.07499999999999998,75473947.14225903,0.16635879581192195,-1.2817542171050573
486,772,sanmatenga(kaya),itaore,burkina_faso,11/9/2009,14,2,-1.193519623,0.0,13.096810194780764,-1.086335777,-1.677620932,-1.73793523,1.25,0.8333333333333334,-0.433333333,13.1,-1.1,13.1,-1.1,13.1,-1.1,13.09217767,-1.083499768,0.8,-0.2890213131904602,-0.07499999999999998,75473947.14225903,0.16635879581192195,-1.2817542171050573
487,773,sanmatenga(kaya),itaore,burkina_faso,11/9/2009,2,1,-0.913933675,1.0,13.096810194780764,-1.086335777,-1.677620932,-1.73793523,1.25,0.8333333333333334,-0.433333333,13.1,-1.1,13.1,-1.1,13.1,-1.1,13.09217767,-1.083499768,0.8,-0.2890213131904602,-0.07499999999999998,75473947.14225903,0.16635879581192195,-1.2817542171050573
488,774,sanmatenga(kaya),itaore,burkina_faso,11/8/2009,18,1,-0.931138964,1.0,13.096810194780764,-1.086335777,-1.677620932,-1.73793523,1.25,0.8333333333333334,-0.433333333,13.1,-1.1,13.1,-1.1,13.1,-1.1,13.09217767,-1.083499768,0.8,-0.2890213131904602,-0.07499999999999998,75473947.14225903,0.16635879581192195,-1.2817542171050573
489,775,sanmatenga(kaya),itaore,burkina_faso,11/8/2009,14,2,-0.942609157,1.0,13.096810194780764,-1.086335777,-1.677620932,-1.73793523,1.25,0.8333333333333334,-0.433333333,13.1,-1.1,13.1,-1.1,13.1,-1.1,13.09217767,-1.083499768,0.8,-0.2890213131904602,-0.07499999999999998,75473947.14225903,0.16635879581192195,-1.2817542171050573
490,776,sanmatenga(kaya),itaore,burkina_faso,11/8/2009,13,3,-0.579523567,1.0,13.096810194780764,-1.086335777,-1.677620932,-1.73793523,1.25,0.8333333333333334,-0.433333333,13.1,-1.1,13.1,-1.1,13.1,-1.1,13.09217767,-1.083499768,0.8,-0.2890213131904602,-0.07499999999999998,75473947.14225903,0.16635879581192195,-1.2817542171050573
491,777,sanmatenga(kaya),itaore,burkina_faso,11/8/2009,8,1,-0.921102546,0.0,13.096810194780764,-1.086335777,-1.677620932,-1.73793523,1.25,0.8333333333333334,-0.433333333,13.1,-1.1,13.1,-1.1,13.1,-1.1,13.09217767,-1.083499768,0.8,-0.2890213131904602,-0.07499999999999998,75473947.14225903,0.16635879581192195,-1.2817542171050573
492,778,sanmatenga(kaya),itaore,burkina_faso,11/8/2009,6,2,-0.924686981,0.0,13.096810194780764,-1.086335777,-1.677620932,-1.73793523,1.25,0.8333333333333334,-0.433333333,13.1,-1.1,13.1,-1.1,13.1,-1.1,13.09217767,-1.083499768,0.8,-0.2890213131904602,-0.07499999999999998,75473947.14225903,0.16635879581192195,-1.2817542171050573
493,779,sanmatenga(kaya),itaore,burkina_faso,11/8/2009,18,1,-0.931138964,0.0,13.096810194780764,-1.086335777,-1.677620932,-1.73793523,1.25,0.8333333333333334,-0.433333333,13.1,-1.1,13.1,-1.1,13.1,-1.1,13.09217767,-1.083499768,0.8,-0.2890213131904602,-0.07499999999999998,75473947.14225903,0.16635879581192195,-1.2817542171050573
494,780,sanmatenga(kaya),itaore,burkina_faso,11/8/2009,29,3,-0.931407797,1.0,13.096810194780764,-1.086335777,-1.677620932,-1.73793523,1.25,0.8333333333333334,-0.433333333,13.1,-1.1,13.1,-1.1,13.1,-1.1,13.09217767,-1.083499768,0.8,-0.2890213131904602,-0.07499999999999998,75473947.14225903,0.16635879581192195,-1.2817542171050573
495,781,sanmatenga(kaya),itaore,burkina_faso,11/8/2009,17,5,-0.42609759,0.0,13.096810194780764,-1.086335777,-1.677620932,-1.73793523,1.25,0.8333333333333334,-0.433333333,13.1,-1.1,13.1,-1.1,13.1,-1.1,13.09217767,-1.083499768,0.8,-0.2890213131904602,-0.07499999999999998,75473947.14225903,0.16635879581192195,-1.2817542171050573
496,782,sanmatenga(kaya),itaore,burkina_faso,11/8/2009,11,2,-1.128999789,1.0,13.096810194780764,-1.086335777,-1.677620932,-1.73793523,1.25,0.8333333333333334,-0.433333333,13.1,-1.1,13.1,-1.1,13.1,-1.1,13.09217767,-1.083499768,0.8,-0.2890213131904602,-0.07499999999999998,75473947.14225903,0.16635879581192195,-1.2817542171050573
497,783,sanmatenga(kaya),itaore,burkina_faso,11/8/2009,7,2,0.086741994,1.0,13.096810194780764,-1.086335777,-1.677620932,-1.73793523,1.25,0.8333333333333334,-0.433333333,13.1,-1.1,13.1,-1.1,13.1,-1.1,13.09217767,-1.083499768,0.8,-0.2890213131904602,-0.07499999999999998,75473947.14225903,0.16635879581192195,-1.2817542171050573
498,784,sanmatenga(kaya),kaya secteur 1,burkina_faso,11/30/2009,11,2,4.582514158378017,1.0,13.096810194780764,-1.086335777,-1.677620932,-1.73793523,1.25,0.8333333333333334,-0.433333333,13.1,-1.1,13.1,-1.1,13.1,-1.1,13.09217767,-1.083499768,0.8,-0.2890213131904602,-0.07499999999999998,75473947.14225903,0.16635879581192195,-1.2817542171050573
499,786,sanmatenga(kaya),kaya secteur 1,burkina_faso,11/3/2009,3,1,4.231974091942861,1.0,13.096810194780764,-1.086335777,-1.677620932,-1.73793523,1.25,0.8333333333333334,-0.433333333,13.1,-1.1,13.1,-1.1,13.1,-1.1,13.09217767,-1.083499768,0.8,-0.2890213131904602,-0.07499999999999998,75473947.14225903,0.16635879581192195,-1.2817542171050573
500,787,sanmatenga(kaya),kaya secteur 1,burkina_faso,11/3/2009,4,2,0.3447149163746718,1.0,13.096810194780764,-1.086335777,-1.677620932,-1.73793523,1.25,0.8333333333333334,-0.433333333,13.1,-1.1,13.1,-1.1,13.1,-1.1,13.09217767,-1.083499768,0.8,-0.2890213131904602,-0.07499999999999998,75473947.14225903,0.16635879581192195,-1.2817542171050573
501,788,sanmatenga(kaya),kaya secteur 1,burkina_faso,11/3/2009,12,1,6.4494503626292925,0.0,13.096810194780764,-1.086335777,-1.677620932,-1.73793523,1.25,0.8333333333333334,-0.433333333,13.1,-1.1,13.1,-1.1,13.1,-1.1,13.09217767,-1.083499768,0.8,-0.2890213131904602,-0.07499999999999998,75473947.14225903,0.16635879581192195,-1.2817542171050573
502,789,sanmatenga(kaya),kaya secteur 1,burkina_faso,11/3/2009,4,1,6.570086965660971,0.0,13.096810194780764,-1.086335777,-1.677620932,-1.73793523,1.25,0.8333333333333334,-0.433333333,13.1,-1.1,13.1,-1.1,13.1,-1.1,13.09217767,-1.083499768,0.8,-0.2890213131904602,-0.07499999999999998,75473947.14225903,0.16635879581192195,-1.2817542171050573
503,790,sanmatenga(kaya),kaya secteur 1,burkina_faso,11/3/2009,5,1,4.695541911836688,0.0,13.096810194780764,-1.086335777,-1.677620932,-1.73793523,1.25,0.8333333333333334,-0.433333333,13.1,-1.1,13.1,-1.1,13.1,-1.1,13.09217767,-1.083499768,0.8,-0.2890213131904602,-0.07499999999999998,75473947.14225903,0.16635879581192195,-1.2817542171050573
504,791,sanmatenga(kaya),kaya secteur 1,burkina_faso,11/3/2009,6,1,4.414033552921373,1.0,13.096810194780764,-1.086335777,-1.677620932,-1.73793523,1.25,0.8333333333333334,-0.433333333,13.1,-1.1,13.1,-1.1,13.1,-1.1,13.09217767,-1.083499768,0.8,-0.2890213131904602,-0.07499999999999998,75473947.14225903,0.16635879581192195,-1.2817542171050573
505,792,sanmatenga(kaya),kaya secteur 1,burkina_faso,11/3/2009,5,1,3.569306927122074,0.0,13.096810194780764,-1.086335777,-1.677620932,-1.73793523,1.25,0.8333333333333334,-0.433333333,13.1,-1.1,13.1,-1.1,13.1,-1.1,13.09217767,-1.083499768,0.8,-0.2890213131904602,-0.07499999999999998,75473947.14225903,0.16635879581192195,-1.2817542171050573
506,793,sanmatenga(kaya),kaya secteur 1,burkina_faso,11/3/2009,21,1,2.0832619279931204,0.0,13.096810194780764,-1.086335777,-1.677620932,-1.73793523,1.25,0.8333333333333334,-0.433333333,13.1,-1.1,13.1,-1.1,13.1,-1.1,13.09217767,-1.083499768,0.8,-0.2890213131904602,-0.07499999999999998,75473947.14225903,0.16635879581192195,-1.2817542171050573
507,794,sanmatenga(kaya),kaya secteur 1,burkina_faso,11/3/2009,3,3,3.519576007750967,1.0,13.096810194780764,-1.086335777,-1.677620932,-1.73793523,1.25,0.8333333333333334,-0.433333333,13.1,-1.1,13.1,-1.1,13.1,-1.1,13.09217767,-1.083499768,0.8,-0.2890213131904602,-0.07499999999999998,75473947.14225903,0.16635879581192195,-1.2817542171050573
508,795,sanmatenga(kaya),kaya secteur 1,burkina_faso,11/3/2009,2,2,4.897178543181287,1.0,13.096810194780764,-1.086335777,-1.677620932,-1.73793523,1.25,0.8333333333333334,-0.433333333,13.1,-1.1,13.1,-1.1,13.1,-1.1,13.09217767,-1.083499768,0.8,-0.2890213131904602,-0.07499999999999998,75473947.14225903,0.16635879581192195,-1.2817542171050573
509,797,sanmatenga(kaya),kaya secteur 1,burkina_faso,11/3/2009,7,1,7.704514519087481,1.0,13.096810194780764,-1.086335777,-1.677620932,-1.73793523,1.25,0.8333333333333334,-0.433333333,13.1,-1.1,13.1,-1.1,13.1,-1.1,13.09217767,-1.083499768,0.8,-0.2890213131904602,-0.07499999999999998,75473947.14225903,0.16635879581192195,-1.2817542171050573
510,799,sanmatenga(kaya),kaya secteur 1,burkina_faso,11/3/2009,9,1,0.6889822211553498,1.0,13.096810194780764,-1.086335777,-1.677620932,-1.73793523,1.25,0.8333333333333334,-0.433333333,13.1,-1.1,13.1,-1.1,13.1,-1.1,13.09217767,-1.083499768,0.8,-0.2890213131904602,-0.07499999999999998,75473947.14225903,0.16635879581192195,-1.2817542171050573
511,802,sanmatenga(kaya),kaya secteur 1,burkina_faso,11/3/2009,9,1,8.840384480619177,0.0,13.096810194780764,-1.086335777,-1.677620932,-1.73793523,1.25,0.8333333333333334,-0.433333333,13.1,-1.1,13.1,-1.1,13.1,-1.1,13.09217767,-1.083499768,0.8,-0.2890213131904602,-0.07499999999999998,75473947.14225903,0.16635879581192195,-1.2817542171050573
512,803,sanmatenga(kaya),kaya secteur 1,burkina_faso,11/3/2009,6,2,8.637763692449063,0.0,13.096810194780764,-1.086335777,-1.677620932,-1.73793523,1.25,0.8333333333333334,-0.433333333,13.1,-1.1,13.1,-1.1,13.1,-1.1,13.09217767,-1.083499768,0.8,-0.2890213131904602,-0.07499999999999998,75473947.14225903,0.16635879581192195,-1.2817542171050573
513,804,sanmatenga(kaya),kaya secteur 1,burkina_faso,11/3/2009,6,3,-0.956946898,0.0,13.096810194780764,-1.086335777,-1.677620932,-1.73793523,1.25,0.8333333333333334,-0.433333333,13.1,-1.1,13.1,-1.1,13.1,-1.1,13.09217767,-1.083499768,0.8,-0.2890213131904602,-0.07499999999999998,75473947.14225903,0.16635879581192195,-1.2817542171050573
514,805,sanmatenga(kaya),kaya secteur 1,burkina_faso,11/3/2009,5,2,4.558319220567889,1.0,13.096810194780764,-1.086335777,-1.677620932,-1.73793523,1.25,0.8333333333333334,-0.433333333,13.1,-1.1,13.1,-1.1,13.1,-1.1,13.09217767,-1.083499768,0.8,-0.2890213131904602,-0.07499999999999998,75473947.14225903,0.16635879581192195,-1.2817542171050573
515,808,sanmatenga(kaya),kaya secteur 1,burkina_faso,11/3/2009,14,1,9.428692460460825,1.0,13.096810194780764,-1.086335777,-1.677620932,-1.73793523,1.25,0.8333333333333334,-0.433333333,13.1,-1.1,13.1,-1.1,13.1,-1.1,13.09217767,-1.083499768,0.8,-0.2890213131904602,-0.07499999999999998,75473947.14225903,0.16635879581192195,-1.2817542171050573
516,810,sanmatenga(kaya),kaya secteur 1,burkina_faso,11/3/2009,7,1,5.011239542,0.0,13.096810194780764,-1.086335777,-1.677620932,-1.73793523,1.25,0.8333333333333334,-0.433333333,13.1,-1.1,13.1,-1.1,13.1,-1.1,13.09217767,-1.083499768,0.8,-0.2890213131904602,-0.07499999999999998,75473947.14225903,0.16635879581192195,-1.2817542171050573
517,811,sanmatenga(kaya),korsimoro secteur 2,burkina_faso,11/8/2009,18,2,-0.432549573,1.0,12.82064510163223,-1.072442345,-1.69299078,-1.723808706,1.25,1.0,-0.333333333,12.8,-1.05,12.8,-1.05,12.8,-1.05,12.76161893,-1.073963321,1.0,-0.2650074243545532,-0.09545454545454547,154533333.3650556,0.18715340976058062,-0.8318610086087848
518,812,sanmatenga(kaya),korsimoro secteur 2,burkina_faso,11/8/2009,9,1,-0.5929652,1.0,12.82064510163223,-1.072442345,-1.69299078,-1.723808706,1.25,1.0,-0.333333333,12.8,-1.05,12.8,-1.05,12.8,-1.05,12.76161893,-1.073963321,1.0,-0.2650074243545532,-0.09545454545454547,154533333.3650556,0.18715340976058062,-0.8318610086087848
519,813,sanmatenga(kaya),korsimoro secteur 2,burkina_faso,11/8/2009,19,1,-0.45764062,1.0,12.82064510163223,-1.072442345,-1.69299078,-1.723808706,1.25,1.0,-0.333333333,12.8,-1.05,12.8,-1.05,12.8,-1.05,12.76161893,-1.073963321,1.0,-0.2650074243545532,-0.09545454545454547,154533333.3650556,0.18715340976058062,-0.8318610086087848
520,814,sanmatenga(kaya),korsimoro secteur 2,burkina_faso,11/8/2009,13,1,-0.600492514,1.0,12.82064510163223,-1.072442345,-1.69299078,-1.723808706,1.25,1.0,-0.333333333,12.8,-1.05,12.8,-1.05,12.8,-1.05,12.76161893,-1.073963321,1.0,-0.2650074243545532,-0.09545454545454547,154533333.3650556,0.18715340976058062,-0.8318610086087848
521,815,sanmatenga(kaya),korsimoro secteur 2,burkina_faso,11/8/2009,3,1,-0.566081935,1.0,12.82064510163223,-1.072442345,-1.69299078,-1.723808706,1.25,1.0,-0.333333333,12.8,-1.05,12.8,-1.05,12.8,-1.05,12.76161893,-1.073963321,1.0,-0.2650074243545532,-0.09545454545454547,154533333.3650556,0.18715340976058062,-0.8318610086087848
522,816,sanmatenga(kaya),korsimoro secteur 2,burkina_faso,11/2/2009,5,1,-0.919310328,1.0,12.82064510163223,-1.072442345,-1.69299078,-1.723808706,1.25,1.0,-0.333333333,12.8,-1.05,12.8,-1.05,12.8,-1.05,12.76161893,-1.073963321,1.0,-0.2650074243545532,-0.09545454545454547,154533333.3650556,0.18715340976058062,-0.8318610086087848
523,817,sanmatenga(kaya),korsimoro secteur 2,burkina_faso,11/8/2009,7,2,-0.930063634,1.0,12.82064510163223,-1.072442345,-1.69299078,-1.723808706,1.25,1.0,-0.333333333,12.8,-1.05,12.8,-1.05,12.8,-1.05,12.76161893,-1.073963321,1.0,-0.2650074243545532,-0.09545454545454547,154533333.3650556,0.18715340976058062,-0.8318610086087848
524,818,sanmatenga(kaya),korsimoro secteur 2,burkina_faso,11/8/2009,5,1,3.451544932,1.0,12.82064510163223,-1.072442345,-1.69299078,-1.723808706,1.25,1.0,-0.333333333,12.8,-1.05,12.8,-1.05,12.8,-1.05,12.76161893,-1.073963321,1.0,-0.2650074243545532,-0.09545454545454547,154533333.3650556,0.18715340976058062,-0.8318610086087848
525,819,sanmatenga(kaya),korsimoro secteur 2,burkina_faso,11/2/2009,8,1,0.9929028478479256,1.0,12.82064510163223,-1.072442345,-1.69299078,-1.723808706,1.25,1.0,-0.333333333,12.8,-1.05,12.8,-1.05,12.8,-1.05,12.76161893,-1.073963321,1.0,-0.2650074243545532,-0.09545454545454547,154533333.3650556,0.18715340976058062,-0.8318610086087848
526,820,sanmatenga(kaya),korsimoro secteur 2,burkina_faso,11/2/2009,16,2,1.9174696489598235,1.0,12.82064510163223,-1.072442345,-1.69299078,-1.723808706,1.25,1.0,-0.333333333,12.8,-1.05,12.8,-1.05,12.8,-1.05,12.76161893,-1.073963321,1.0,-0.2650074243545532,-0.09545454545454547,154533333.3650556,0.18715340976058062,-0.8318610086087848
527,821,sanmatenga(kaya),korsimoro secteur 2,burkina_faso,11/8/2009,10,1,-0.935440287,0.0,12.82064510163223,-1.072442345,-1.69299078,-1.723808706,1.25,1.0,-0.333333333,12.8,-1.05,12.8,-1.05,12.8,-1.05,12.76161893,-1.073963321,1.0,-0.2650074243545532,-0.09545454545454547,154533333.3650556,0.18715340976058062,-0.8318610086087848
528,822,sanmatenga(kaya),korsimoro secteur 2,burkina_faso,11/8/2009,5,1,-0.928271416,0.0,12.82064510163223,-1.072442345,-1.69299078,-1.723808706,1.25,1.0,-0.333333333,12.8,-1.05,12.8,-1.05,12.8,-1.05,12.76161893,-1.073963321,1.0,-0.2650074243545532,-0.09545454545454547,154533333.3650556,0.18715340976058062,-0.8318610086087848
529,823,sanmatenga(kaya),korsimoro secteur 2,burkina_faso,11/8/2009,6,1,-0.956946898,0.0,12.82064510163223,-1.072442345,-1.69299078,-1.723808706,1.25,1.0,-0.333333333,12.8,-1.05,12.8,-1.05,12.8,-1.05,12.76161893,-1.073963321,1.0,-0.2650074243545532,-0.09545454545454547,154533333.3650556,0.18715340976058062,-0.8318610086087848
530,824,sanmatenga(kaya),korsimoro secteur 2,burkina_faso,11/8/2009,17,3,-0.596805666,1.0,12.82064510163223,-1.072442345,-1.69299078,-1.723808706,1.25,1.0,-0.333333333,12.8,-1.05,12.8,-1.05,12.8,-1.05,12.76161893,-1.073963321,1.0,-0.2650074243545532,-0.09545454545454547,154533333.3650556,0.18715340976058062,-0.8318610086087848
531,825,sanmatenga(kaya),korsimoro secteur 2,burkina_faso,11/2/2009,3,1,-0.956946898,0.0,12.82064510163223,-1.072442345,-1.69299078,-1.723808706,1.25,1.0,-0.333333333,12.8,-1.05,12.8,-1.05,12.8,-1.05,12.76161893,-1.073963321,1.0,-0.2650074243545532,-0.09545454545454547,154533333.3650556,0.18715340976058062,-0.8318610086087848
532,826,sanmatenga(kaya),korsimoro secteur 2,burkina_faso,11/8/2009,12,1,-0.918234998,1.0,12.82064510163223,-1.072442345,-1.69299078,-1.723808706,1.25,1.0,-0.333333333,12.8,-1.05,12.8,-1.05,12.8,-1.05,12.76161893,-1.073963321,1.0,-0.2650074243545532,-0.09545454545454547,154533333.3650556,0.18715340976058062,-0.8318610086087848
533,827,sanmatenga(kaya),korsimoro secteur 2,burkina_faso,11/2/2009,5,1,-0.210996615,1.0,12.82064510163223,-1.072442345,-1.69299078,-1.723808706,1.25,1.0,-0.333333333,12.8,-1.05,12.8,-1.05,12.8,-1.05,12.76161893,-1.073963321,1.0,-0.2650074243545532,-0.09545454545454547,154533333.3650556,0.18715340976058062,-0.8318610086087848
534,828,sanmatenga(kaya),korsimoro secteur 2,burkina_faso,11/8/2009,10,1,0.6450511078361175,1.0,12.82064510163223,-1.072442345,-1.69299078,-1.723808706,1.25,1.0,-0.333333333,12.8,-1.05,12.8,-1.05,12.8,-1.05,12.76161893,-1.073963321,1.0,-0.2650074243545532,-0.09545454545454547,154533333.3650556,0.18715340976058062,-0.8318610086087848
535,847,sanmatenga(kaya),mane mossi,burkina_faso,11/8/2009,8,1,-0.935440287,1.0,12.985760816407712,-1.346525148,-1.640261099,-1.717409983,1.5,1.1666666666666667,-0.023809524,13.0,-1.35,13.0,-1.35,13.0,-1.35,12.98251538,-1.338902266,0.8,-0.2538941502571106,-0.07499999999999998,75473947.14225903,0.18622795716753013,-0.8029376963905062
536,848,sanmatenga(kaya),mane mossi,burkina_faso,11/7/2009,12,1,-0.944042931,1.0,12.985760816407712,-1.346525148,-1.640261099,-1.717409983,1.5,1.1666666666666667,-0.023809524,13.0,-1.35,13.0,-1.35,13.0,-1.35,12.98251538,-1.338902266,0.8,-0.2538941502571106,-0.07499999999999998,75473947.14225903,0.18622795716753013,-0.8029376963905062
537,850,sanmatenga(kaya),mane mossi,burkina_faso,11/7/2009,9,1,-0.583287224,1.0,12.985760816407712,-1.346525148,-1.640261099,-1.717409983,1.5,1.1666666666666667,-0.023809524,13.0,-1.35,13.0,-1.35,13.0,-1.35,12.98251538,-1.338902266,0.8,-0.2538941502571106,-0.07499999999999998,75473947.14225903,0.18622795716753013,-0.8029376963905062
538,851,sanmatenga(kaya),mane mossi,burkina_faso,11/8/2009,6,1,-0.935440287,0.0,12.985760816407712,-1.346525148,-1.640261099,-1.717409983,1.5,1.1666666666666667,-0.023809524,13.0,-1.35,13.0,-1.35,13.0,-1.35,12.98251538,-1.338902266,0.8,-0.2538941502571106,-0.07499999999999998,75473947.14225903,0.18622795716753013,-0.8029376963905062
539,852,sanmatenga(kaya),mane mossi,burkina_faso,11/7/2009,1,4,-0.899595934,0.0,12.985760816407712,-1.346525148,-1.640261099,-1.717409983,1.5,1.1666666666666667,-0.023809524,13.0,-1.35,13.0,-1.35,13.0,-1.35,12.98251538,-1.338902266,0.8,-0.2538941502571106,-0.07499999999999998,75473947.14225903,0.18622795716753013,-0.8029376963905062
540,853,sanmatenga(kaya),mane mossi,burkina_faso,11/7/2009,6,3,-0.563009562,0.0,12.985760816407712,-1.346525148,-1.640261099,-1.717409983,1.5,1.1666666666666667,-0.023809524,13.0,-1.35,13.0,-1.35,13.0,-1.35,12.98251538,-1.338902266,0.8,-0.2538941502571106,-0.07499999999999998,75473947.14225903,0.18622795716753013,-0.8029376963905062
541,854,sanmatenga(kaya),mane mossi,burkina_faso,11/7/2009,6,1,-0.918234998,1.0,12.985760816407712,-1.346525148,-1.640261099,-1.717409983,1.5,1.1666666666666667,-0.023809524,13.0,-1.35,13.0,-1.35,13.0,-1.35,12.98251538,-1.338902266,0.8,-0.2538941502571106,-0.07499999999999998,75473947.14225903,0.18622795716753013,-0.8029376963905062
542,855,sanmatenga(kaya),mane mossi,burkina_faso,11/8/2009,6,2,-0.801907925,1.0,12.985760816407712,-1.346525148,-1.640261099,-1.717409983,1.5,1.1666666666666667,-0.023809524,13.0,-1.35,13.0,-1.35,13.0,-1.35,12.98251538,-1.338902266,0.8,-0.2538941502571106,-0.07499999999999998,75473947.14225903,0.18622795716753013,-0.8029376963905062
543,856,sanmatenga(kaya),mane mossi,burkina_faso,11/8/2009,18,1,-0.931694329,0.0,12.985760816407712,-1.346525148,-1.640261099,-1.717409983,1.5,1.1666666666666667,-0.023809524,13.0,-1.35,13.0,-1.35,13.0,-1.35,12.98251538,-1.338902266,0.8,-0.2538941502571106,-0.07499999999999998,75473947.14225903,0.18622795716753013,-0.8029376963905062
544,858,sanmatenga(kaya),mane mossi,burkina_faso,11/7/2009,12,1,-1.021466732,0.0,12.985760816407712,-1.346525148,-1.640261099,-1.717409983,1.5,1.1666666666666667,-0.023809524,13.0,-1.35,13.0,-1.35,13.0,-1.35,12.98251538,-1.338902266,0.8,-0.2538941502571106,-0.07499999999999998,75473947.14225903,0.18622795716753013,-0.8029376963905062
545,859,sanmatenga(kaya),mane mossi,burkina_faso,11/7/2009,4,1,-0.913933675,0.0,12.985760816407712,-1.346525148,-1.640261099,-1.717409983,1.5,1.1666666666666667,-0.023809524,13.0,-1.35,13.0,-1.35,13.0,-1.35,12.98251538,-1.338902266,0.8,-0.2538941502571106,-0.07499999999999998,75473947.14225903,0.18622795716753013,-0.8029376963905062
546,860,sanmatenga(kaya),mane mossi,burkina_faso,11/7/2009,11,1,-0.574146915,0.0,12.985760816407712,-1.346525148,-1.640261099,-1.717409983,1.5,1.1666666666666667,-0.023809524,13.0,-1.35,13.0,-1.35,13.0,-1.35,12.98251538,-1.338902266,0.8,-0.2538941502571106,-0.07499999999999998,75473947.14225903,0.18622795716753013,-0.8029376963905062
547,861,sanmatenga(kaya),mane mossi,burkina_faso,11/7/2009,7,1,-0.46480949,0.0,12.985760816407712,-1.346525148,-1.640261099,-1.717409983,1.5,1.1666666666666667,-0.023809524,13.0,-1.35,13.0,-1.35,13.0,-1.35,12.98251538,-1.338902266,0.8,-0.2538941502571106,-0.07499999999999998,75473947.14225903,0.18622795716753013,-0.8029376963905062
548,862,sanmatenga(kaya),mane mossi,burkina_faso,11/7/2009,10,1,-0.761284325,0.0,12.985760816407712,-1.346525148,-1.640261099,-1.717409983,1.5,1.1666666666666667,-0.023809524,13.0,-1.35,13.0,-1.35,13.0,-1.35,12.98251538,-1.338902266,0.8,-0.2538941502571106,-0.07499999999999998,75473947.14225903,0.18622795716753013,-0.8029376963905062
549,863,sanmatenga(kaya),mane mossi,burkina_faso,11/8/2009,8,1,-0.978453509,0.0,12.985760816407712,-1.346525148,-1.640261099,-1.717409983,1.5,1.1666666666666667,-0.023809524,13.0,-1.35,13.0,-1.35,13.0,-1.35,12.98251538,-1.338902266,0.8,-0.2538941502571106,-0.07499999999999998,75473947.14225903,0.18622795716753013,-0.8029376963905062
550,864,sanmatenga(kaya),mane mossi,burkina_faso,11/8/2009,9,1,-0.572226681,0.0,12.985760816407712,-1.346525148,-1.640261099,-1.717409983,1.5,1.1666666666666667,-0.023809524,13.0,-1.35,13.0,-1.35,13.0,-1.35,12.98251538,-1.338902266,0.8,-0.2538941502571106,-0.07499999999999998,75473947.14225903,0.18622795716753013,-0.8029376963905062
551,865,sanmatenga(kaya),nahi peulh,burkina_faso,11/2/2009,7,1,0.1404395600962339,1.0,13.737367582050924,-0.874703977,-1.674485445,-1.764300108,2.0,0.1666666666666666,-0.166666667,13.75,-0.85,13.75,-0.85,13.75,-0.85,13.50282815,-0.694916179,0.4,-0.17448550462722778,-0.036206896551724155,130997956.50118181,0.16368240197707204,0.8566105970471147
552,866,sanmatenga(kaya),nahi peulh,burkina_faso,11/2/2009,10,1,-0.946193592,1.0,13.737367582050924,-0.874703977,-1.674485445,-1.764300108,2.0,0.1666666666666666,-0.166666667,13.75,-0.85,13.75,-0.85,13.75,-0.85,13.50282815,-0.694916179,0.4,-0.17448550462722778,-0.036206896551724155,130997956.50118181,0.16368240197707204,0.8566105970471147
553,867,sanmatenga(kaya),nahi peulh,burkina_faso,11/2/2009,15,2,-0.210996615,1.0,13.737367582050924,-0.874703977,-1.674485445,-1.764300108,2.0,0.1666666666666666,-0.166666667,13.75,-0.85,13.75,-0.85,13.75,-0.85,13.50282815,-0.694916179,0.4,-0.17448550462722778,-0.036206896551724155,130997956.50118181,0.16368240197707204,0.8566105970471147
554,869,sanmatenga(kaya),nahi peulh,burkina_faso,11/2/2009,17,1,-0.933050663,1.0,13.737367582050924,-0.874703977,-1.674485445,-1.764300108,2.0,0.1666666666666666,-0.166666667,13.75,-0.85,13.75,-0.85,13.75,-0.85,13.50282815,-0.694916179,0.4,-0.17448550462722778,-0.036206896551724155,130997956.50118181,0.16368240197707204,0.8566105970471147
555,870,sanmatenga(kaya),nahi peulh,burkina_faso,11/2/2009,21,2,0.1341667984417563,1.0,13.737367582050924,-0.874703977,-1.674485445,-1.764300108,2.0,0.1666666666666666,-0.166666667,13.75,-0.85,13.75,-0.85,13.75,-0.85,13.50282815,-0.694916179,0.4,-0.17448550462722778,-0.036206896551724155,130997956.50118181,0.16368240197707204,0.8566105970471147
556,871,sanmatenga(kaya),nahi peulh,burkina_faso,11/3/2009,12,1,-0.924686981,1.0,13.737367582050924,-0.874703977,-1.674485445,-1.764300108,2.0,0.1666666666666666,-0.166666667,13.75,-0.85,13.75,-0.85,13.75,-0.85,13.50282815,-0.694916179,0.4,-0.17448550462722778,-0.036206896551724155,130997956.50118181,0.16368240197707204,0.8566105970471147
557,875,sanmatenga(kaya),nahi peulh,burkina_faso,11/2/2009,27,1,-0.738134826,1.0,13.737367582050924,-0.874703977,-1.674485445,-1.764300108,2.0,0.1666666666666666,-0.166666667,13.75,-0.85,13.75,-0.85,13.75,-0.85,13.50282815,-0.694916179,0.4,-0.17448550462722778,-0.036206896551724155,130997956.50118181,0.16368240197707204,0.8566105970471147
558,877,sanmatenga(kaya),nahi peulh,burkina_faso,11/2/2009,9,1,-0.956946898,1.0,13.737367582050924,-0.874703977,-1.674485445,-1.764300108,2.0,0.1666666666666666,-0.166666667,13.75,-0.85,13.75,-0.85,13.75,-0.85,13.50282815,-0.694916179,0.4,-0.17448550462722778,-0.036206896551724155,130997956.50118181,0.16368240197707204,0.8566105970471147
559,878,sanmatenga(kaya),nahi peulh,burkina_faso,11/2/2009,10,1,-0.575299054,1.0,13.737367582050924,-0.874703977,-1.674485445,-1.764300108,2.0,0.1666666666666666,-0.166666667,13.75,-0.85,13.75,-0.85,13.75,-0.85,13.50282815,-0.694916179,0.4,-0.17448550462722778,-0.036206896551724155,130997956.50118181,0.16368240197707204,0.8566105970471147
560,879,sanmatenga(kaya),nahi peulh,burkina_faso,11/2/2009,11,1,-0.939741609,1.0,13.737367582050924,-0.874703977,-1.674485445,-1.764300108,2.0,0.1666666666666666,-0.166666667,13.75,-0.85,13.75,-0.85,13.75,-0.85,13.50282815,-0.694916179,0.4,-0.17448550462722778,-0.036206896551724155,130997956.50118181,0.16368240197707204,0.8566105970471147
561,880,sanmatenga(kaya),nahi peulh,burkina_faso,11/3/2009,7,1,1.579045793415773,1.0,13.737367582050924,-0.874703977,-1.674485445,-1.764300108,2.0,0.1666666666666666,-0.166666667,13.75,-0.85,13.75,-0.85,13.75,-0.85,13.50282815,-0.694916179,0.4,-0.17448550462722778,-0.036206896551724155,130997956.50118181,0.16368240197707204,0.8566105970471147
562,882,sanmatenga(kaya),nahi peulh,burkina_faso,11/3/2009,5,2,-0.901388152,1.0,13.737367582050924,-0.874703977,-1.674485445,-1.764300108,2.0,0.1666666666666666,-0.166666667,13.75,-0.85,13.75,-0.85,13.75,-0.85,13.50282815,-0.694916179,0.4,-0.17448550462722778,-0.036206896551724155,130997956.50118181,0.16368240197707204,0.8566105970471147
563,884,sanmatenga(kaya),nahi peulh,burkina_faso,11/3/2009,11,1,-0.921998655,1.0,13.737367582050924,-0.874703977,-1.674485445,-1.764300108,2.0,0.1666666666666666,-0.166666667,13.75,-0.85,13.75,-0.85,13.75,-0.85,13.50282815,-0.694916179,0.4,-0.17448550462722778,-0.036206896551724155,130997956.50118181,0.16368240197707204,0.8566105970471147
564,885,sanmatenga(kaya),nahi peulh,burkina_faso,11/2/2009,20,1,-0.953874525,1.0,13.737367582050924,-0.874703977,-1.674485445,-1.764300108,2.0,0.1666666666666666,-0.166666667,13.75,-0.85,13.75,-0.85,13.75,-0.85,13.50282815,-0.694916179,0.4,-0.17448550462722778,-0.036206896551724155,130997956.50118181,0.16368240197707204,0.8566105970471147
565,886,sanmatenga(kaya),nahi peulh,burkina_faso,11/2/2009,11,1,-0.236087662,1.0,13.737367582050924,-0.874703977,-1.674485445,-1.764300108,2.0,0.1666666666666666,-0.166666667,13.75,-0.85,13.75,-0.85,13.75,-0.85,13.50282815,-0.694916179,0.4,-0.17448550462722778,-0.036206896551724155,130997956.50118181,0.16368240197707204,0.8566105970471147
566,889,sanmatenga(kaya),nahi peulh,burkina_faso,11/2/2009,8,1,-0.917006048,1.0,13.737367582050924,-0.874703977,-1.674485445,-1.764300108,2.0,0.1666666666666666,-0.166666667,13.75,-0.85,13.75,-0.85,13.75,-0.85,13.50282815,-0.694916179,0.4,-0.17448550462722778,-0.036206896551724155,130997956.50118181,0.16368240197707204,0.8566105970471147
567,890,sanmatenga(kaya),nahi peulh,burkina_faso,11/2/2009,12,2,-0.944042931,1.0,13.737367582050924,-0.874703977,-1.674485445,-1.764300108,2.0,0.1666666666666666,-0.166666667,13.75,-0.85,13.75,-0.85,13.75,-0.85,13.50282815,-0.694916179,0.4,-0.17448550462722778,-0.036206896551724155,130997956.50118181,0.16368240197707204,0.8566105970471147
568,891,sanmatenga(kaya),nahi peulh,burkina_faso,11/2/2009,10,1,-0.923150794,0.0,13.737367582050924,-0.874703977,-1.674485445,-1.764300108,2.0,0.1666666666666666,-0.166666667,13.75,-0.85,13.75,-0.85,13.75,-0.85,13.50282815,-0.694916179,0.4,-0.17448550462722778,-0.036206896551724155,130997956.50118181,0.16368240197707204,0.8566105970471147
569,901,sanmatenga(kaya),napamboumbou,burkina_faso,11/6/2009,5,1,-0.999960121,1.0,12.87931,-1.26763,-1.657296906,-1.76893569,1.5,1.5,0.055555556,12.9,-1.25,12.9,-1.25,12.9,-1.25,12.96401712,-1.294663715,1.0,-0.3477198123931885,-0.09545454545454547,154533333.3650556,0.18947862827913894,-1.0924269179512924
570,902,sanmatenga(kaya),napamboumbou,burkina_faso,11/6/2009,10,2,-0.919310328,1.0,12.87931,-1.26763,-1.657296906,-1.76893569,1.5,1.5,0.055555556,12.9,-1.25,12.9,-1.25,12.9,-1.25,12.96401712,-1.294663715,1.0,-0.3477198123931885,-0.09545454545454547,154533333.3650556,0.18947862827913894,-1.0924269179512924
571,903,sanmatenga(kaya),napamboumbou,burkina_faso,11/6/2009,11,1,-1.128999789,1.0,12.87931,-1.26763,-1.657296906,-1.76893569,1.5,1.5,0.055555556,12.9,-1.25,12.9,-1.25,12.9,-1.25,12.96401712,-1.294663715,1.0,-0.3477198123931885,-0.09545454545454547,154533333.3650556,0.18947862827913894,-1.0924269179512924
572,904,sanmatenga(kaya),napamboumbou,burkina_faso,11/6/2009,12,1,-0.609095158,1.0,12.87931,-1.26763,-1.657296906,-1.76893569,1.5,1.5,0.055555556,12.9,-1.25,12.9,-1.25,12.9,-1.25,12.96401712,-1.294663715,1.0,-0.3477198123931885,-0.09545454545454547,154533333.3650556,0.18947862827913894,-1.0924269179512924
573,905,sanmatenga(kaya),napamboumbou,burkina_faso,11/6/2009,10,1,0.6183807192530525,0.0,12.87931,-1.26763,-1.657296906,-1.76893569,1.5,1.5,0.055555556,12.9,-1.25,12.9,-1.25,12.9,-1.25,12.96401712,-1.294663715,1.0,-0.3477198123931885,-0.09545454545454547,154533333.3650556,0.18947862827913894,-1.0924269179512924
574,907,sanmatenga(kaya),napamboumbou,burkina_faso,11/6/2009,9,1,-1.085986566,0.0,12.87931,-1.26763,-1.657296906,-1.76893569,1.5,1.5,0.055555556,12.9,-1.25,12.9,-1.25,12.9,-1.25,12.96401712,-1.294663715,1.0,-0.3477198123931885,-0.09545454545454547,154533333.3650556,0.18947862827913894,-1.0924269179512924
575,908,sanmatenga(kaya),napamboumbou,burkina_faso,11/6/2009,11,1,0.2551040355964206,1.0,12.87931,-1.26763,-1.657296906,-1.76893569,1.5,1.5,0.055555556,12.9,-1.25,12.9,-1.25,12.9,-1.25,12.96401712,-1.294663715,1.0,-0.3477198123931885,-0.09545454545454547,154533333.3650556,0.18947862827913894,-1.0924269179512924
576,910,sanmatenga(kaya),napamboumbou,burkina_faso,11/6/2009,15,1,-0.598341852,0.0,12.87931,-1.26763,-1.657296906,-1.76893569,1.5,1.5,0.055555556,12.9,-1.25,12.9,-1.25,12.9,-1.25,12.96401712,-1.294663715,1.0,-0.3477198123931885,-0.09545454545454547,154533333.3650556,0.18947862827913894,-1.0924269179512924
577,911,sanmatenga(kaya),napamboumbou,burkina_faso,11/6/2009,7,1,-0.92253632,0.0,12.87931,-1.26763,-1.657296906,-1.76893569,1.5,1.5,0.055555556,12.9,-1.25,12.9,-1.25,12.9,-1.25,12.96401712,-1.294663715,1.0,-0.3477198123931885,-0.09545454545454547,154533333.3650556,0.18947862827913894,-1.0924269179512924
578,912,sanmatenga(kaya),napamboumbou,burkina_faso,11/6/2009,6,1,-1.021466732,0.0,12.87931,-1.26763,-1.657296906,-1.76893569,1.5,1.5,0.055555556,12.9,-1.25,12.9,-1.25,12.9,-1.25,12.96401712,-1.294663715,1.0,-0.3477198123931885,-0.09545454545454547,154533333.3650556,0.18947862827913894,-1.0924269179512924
579,913,sanmatenga(kaya),napamboumbou,burkina_faso,11/6/2009,21,2,-0.609095158,1.0,12.87931,-1.26763,-1.657296906,-1.76893569,1.5,1.5,0.055555556,12.9,-1.25,12.9,-1.25,12.9,-1.25,12.96401712,-1.294663715,1.0,-0.3477198123931885,-0.09545454545454547,154533333.3650556,0.18947862827913894,-1.0924269179512924
580,914,sanmatenga(kaya),napamboumbou,burkina_faso,11/6/2009,7,1,-0.88793437,0.0,12.87931,-1.26763,-1.657296906,-1.76893569,1.5,1.5,0.055555556,12.9,-1.25,12.9,-1.25,12.9,-1.25,12.96401712,-1.294663715,1.0,-0.3477198123931885,-0.09545454545454547,154533333.3650556,0.18947862827913894,-1.0924269179512924
581,915,sanmatenga(kaya),napamboumbou,burkina_faso,11/6/2009,11,1,-0.816245666,0.0,12.87931,-1.26763,-1.657296906,-1.76893569,1.5,1.5,0.055555556,12.9,-1.25,12.9,-1.25,12.9,-1.25,12.96401712,-1.294663715,1.0,-0.3477198123931885,-0.09545454545454547,154533333.3650556,0.18947862827913894,-1.0924269179512924
582,916,sanmatenga(kaya),napamboumbou,burkina_faso,11/6/2009,4,1,-0.935440287,0.0,12.87931,-1.26763,-1.657296906,-1.76893569,1.5,1.5,0.055555556,12.9,-1.25,12.9,-1.25,12.9,-1.25,12.96401712,-1.294663715,1.0,-0.3477198123931885,-0.09545454545454547,154533333.3650556,0.18947862827913894,-1.0924269179512924
583,917,sanmatenga(kaya),napamboumbou,burkina_faso,11/6/2009,10,1,-0.759641438,0.0,12.87931,-1.26763,-1.657296906,-1.76893569,1.5,1.5,0.055555556,12.9,-1.25,12.9,-1.25,12.9,-1.25,12.96401712,-1.294663715,1.0,-0.3477198123931885,-0.09545454545454547,154533333.3650556,0.18947862827913894,-1.0924269179512924
584,918,sanmatenga(kaya),napamboumbou,burkina_faso,11/6/2009,10,1,-0.964115769,0.0,12.87931,-1.26763,-1.657296906,-1.76893569,1.5,1.5,0.055555556,12.9,-1.25,12.9,-1.25,12.9,-1.25,12.96401712,-1.294663715,1.0,-0.3477198123931885,-0.09545454545454547,154533333.3650556,0.18947862827913894,-1.0924269179512924
585,922,sanmatenga(kaya),niangado,burkina_faso,11/7/2009,14,1,0.652432854,0.0,13.245902265019014,-1.207798996,-1.612162739,-1.685328096,1.5,0.6666666666666666,-0.666666667,13.25,-1.2,13.25,-1.2,13.25,-1.2,13.20909134,-1.190020734,0.8,-0.24098601937294006,-0.07499999999999998,75473947.14225903,0.16794551859434584,-1.0122860265855924
586,923,sanmatenga(kaya),niangado,burkina_faso,11/7/2009,23,1,-0.582625483,1.0,13.245902265019014,-1.207798996,-1.612162739,-1.685328096,1.5,0.6666666666666666,-0.666666667,13.25,-1.2,13.25,-1.2,13.25,-1.2,13.20909134,-1.190020734,0.8,-0.24098601937294006,-0.07499999999999998,75473947.14225903,0.16794551859434584,-1.0122860265855924
587,924,sanmatenga(kaya),niangado,burkina_faso,11/7/2009,19,1,-0.916463865,1.0,13.245902265019014,-1.207798996,-1.612162739,-1.685328096,1.5,0.6666666666666666,-0.666666667,13.25,-1.2,13.25,-1.2,13.25,-1.2,13.20909134,-1.190020734,0.8,-0.24098601937294006,-0.07499999999999998,75473947.14225903,0.16794551859434584,-1.0122860265855924
588,925,sanmatenga(kaya),niangado,burkina_faso,11/7/2009,12,3,-0.956946898,1.0,13.245902265019014,-1.207798996,-1.612162739,-1.685328096,1.5,0.6666666666666666,-0.666666667,13.25,-1.2,13.25,-1.2,13.25,-1.2,13.20909134,-1.190020734,0.8,-0.24098601937294006,-0.07499999999999998,75473947.14225903,0.16794551859434584,-1.0122860265855924
589,926,sanmatenga(kaya),niangado,burkina_faso,11/7/2009,11,1,-0.951570245,0.0,13.245902265019014,-1.207798996,-1.612162739,-1.685328096,1.5,0.6666666666666666,-0.666666667,13.25,-1.2,13.25,-1.2,13.25,-1.2,13.20909134,-1.190020734,0.8,-0.24098601937294006,-0.07499999999999998,75473947.14225903,0.16794551859434584,-1.0122860265855924
590,927,sanmatenga(kaya),niangado,burkina_faso,11/7/2009,26,1,0.9893184126167957,1.0,13.245902265019014,-1.207798996,-1.612162739,-1.685328096,1.5,0.6666666666666666,-0.666666667,13.25,-1.2,13.25,-1.2,13.25,-1.2,13.20909134,-1.190020734,0.8,-0.24098601937294006,-0.07499999999999998,75473947.14225903,0.16794551859434584,-1.0122860265855924
591,934,sanmatenga(kaya),niangado,burkina_faso,11/7/2009,8,1,-0.432549573,0.0,13.245902265019014,-1.207798996,-1.612162739,-1.685328096,1.5,0.6666666666666666,-0.666666667,13.25,-1.2,13.25,-1.2,13.25,-1.2,13.20909134,-1.190020734,0.8,-0.24098601937294006,-0.07499999999999998,75473947.14225903,0.16794551859434584,-1.0122860265855924
592,935,sanmatenga(kaya),niangado,burkina_faso,11/7/2009,8,1,-0.630601769,0.0,13.245902265019014,-1.207798996,-1.612162739,-1.685328096,1.5,0.6666666666666666,-0.666666667,13.25,-1.2,13.25,-1.2,13.25,-1.2,13.20909134,-1.190020734,0.8,-0.24098601937294006,-0.07499999999999998,75473947.14225903,0.16794551859434584,-1.0122860265855924
593,936,sanmatenga(kaya),niangado,burkina_faso,11/7/2009,16,1,-0.941585033,1.0,13.245902265019014,-1.207798996,-1.612162739,-1.685328096,1.5,0.6666666666666666,-0.666666667,13.25,-1.2,13.25,-1.2,13.25,-1.2,13.20909134,-1.190020734,0.8,-0.24098601937294006,-0.07499999999999998,75473947.14225903,0.16794551859434584,-1.0122860265855924
594,937,sanmatenga(kaya),niangado,burkina_faso,11/7/2009,22,1,-0.591889869,0.0,13.245902265019014,-1.207798996,-1.612162739,-1.685328096,1.5,0.6666666666666666,-0.666666667,13.25,-1.2,13.25,-1.2,13.25,-1.2,13.20909134,-1.190020734,0.8,-0.24098601937294006,-0.07499999999999998,75473947.14225903,0.16794551859434584,-1.0122860265855924
595,938,sanmatenga(kaya),niangado,burkina_faso,11/7/2009,9,1,-0.776099991,0.0,13.245902265019014,-1.207798996,-1.612162739,-1.685328096,1.5,0.6666666666666666,-0.666666667,13.25,-1.2,13.25,-1.2,13.25,-1.2,13.20909134,-1.190020734,0.8,-0.24098601937294006,-0.07499999999999998,75473947.14225903,0.16794551859434584,-1.0122860265855924
596,939,sanmatenga(kaya),niangado,burkina_faso,11/7/2009,4,1,-0.758894702,1.0,13.245902265019014,-1.207798996,-1.612162739,-1.685328096,1.5,0.6666666666666666,-0.666666667,13.25,-1.2,13.25,-1.2,13.25,-1.2,13.20909134,-1.190020734,0.8,-0.24098601937294006,-0.07499999999999998,75473947.14225903,0.16794551859434584,-1.0122860265855924
597,940,sanmatenga(kaya),niangado,burkina_faso,11/7/2009,4,1,-0.935440287,1.0,13.245902265019014,-1.207798996,-1.612162739,-1.685328096,1.5,0.6666666666666666,-0.666666667,13.25,-1.2,13.25,-1.2,13.25,-1.2,13.20909134,-1.190020734,0.8,-0.24098601937294006,-0.07499999999999998,75473947.14225903,0.16794551859434584,-1.0122860265855924
598,941,sanmatenga(kaya),niangado,burkina_faso,11/7/2009,13,1,1.7449307230816964,1.0,13.245902265019014,-1.207798996,-1.612162739,-1.685328096,1.5,0.6666666666666666,-0.666666667,13.25,-1.2,13.25,-1.2,13.25,-1.2,13.20909134,-1.190020734,0.8,-0.24098601937294006,-0.07499999999999998,75473947.14225903,0.16794551859434584,-1.0122860265855924
599,942,sanmatenga(kaya),niangado,burkina_faso,11/7/2009,10,1,-0.946193592,1.0,13.245902265019014,-1.207798996,-1.612162739,-1.685328096,1.5,0.6666666666666666,-0.666666667,13.25,-1.2,13.25,-1.2,13.25,-1.2,13.20909134,-1.190020734,0.8,-0.24098601937294006,-0.07499999999999998,75473947.14225903,0.16794551859434584,-1.0122860265855924
600,943,sanmatenga(kaya),niangado,burkina_faso,11/7/2009,21,1,-0.439718444,1.0,13.245902265019014,-1.207798996,-1.612162739,-1.685328096,1.5,0.6666666666666666,-0.666666667,13.25,-1.2,13.25,-1.2,13.25,-1.2,13.20909134,-1.190020734,0.8,-0.24098601937294006,-0.07499999999999998,75473947.14225903,0.16794551859434584,-1.0122860265855924
601,944,sanmatenga(kaya),niangado,burkina_faso,11/7/2009,13,1,-0.77732894,0.0,13.245902265019014,-1.207798996,-1.612162739,-1.685328096,1.5,0.6666666666666666,-0.666666667,13.25,-1.2,13.25,-1.2,13.25,-1.2,13.20909134,-1.190020734,0.8,-0.24098601937294006,-0.07499999999999998,75473947.14225903,0.16794551859434584,-1.0122860265855924
602,945,sanmatenga(kaya),niangado,burkina_faso,11/7/2009,11,1,-0.603718505,1.0,13.245902265019014,-1.207798996,-1.612162739,-1.685328096,1.5,0.6666666666666666,-0.666666667,13.25,-1.2,13.25,-1.2,13.25,-1.2,13.20909134,-1.190020734,0.8,-0.24098601937294006,-0.07499999999999998,75473947.14225903,0.16794551859434584,-1.0122860265855924
603,946,sanmatenga(kaya),nongo,burkina_faso,11/6/2009,13,1,-0.591172982,0.0,13.558039618750165,-0.259182817,-1.592652202,-1.806334615,3.0,0.1666666666666666,-0.166666667,13.55,-0.25,13.55,-0.25,13.55,-0.25,13.50282815,-0.148847385,0.4,-0.1806790828704834,-0.03620689655172409,131445606.5920893,0.15559954576438323,0.681493362688923
604,948,sanmatenga(kaya),nongo,burkina_faso,11/7/2009,7,1,-0.930063634,1.0,13.558039618750165,-0.259182817,-1.592652202,-1.806334615,3.0,0.1666666666666666,-0.166666667,13.55,-0.25,13.55,-0.25,13.55,-0.25,13.50282815,-0.148847385,0.4,-0.1806790828704834,-0.03620689655172409,131445606.5920893,0.15559954576438323,0.681493362688923
605,950,sanmatenga(kaya),nongo,burkina_faso,11/6/2009,8,1,-0.949778028,0.0,13.558039618750165,-0.259182817,-1.592652202,-1.806334615,3.0,0.1666666666666666,-0.166666667,13.55,-0.25,13.55,-0.25,13.55,-0.25,13.50282815,-0.148847385,0.4,-0.1806790828704834,-0.03620689655172409,131445606.5920893,0.15559954576438323,0.681493362688923
606,952,sanmatenga(kaya),nongo,burkina_faso,11/6/2009,19,1,0.829798895,0.0,13.558039618750165,-0.259182817,-1.592652202,-1.806334615,3.0,0.1666666666666666,-0.166666667,13.55,-0.25,13.55,-0.25,13.55,-0.25,13.50282815,-0.148847385,0.4,-0.1806790828704834,-0.03620689655172409,131445606.5920893,0.15559954576438323,0.681493362688923
607,953,sanmatenga(kaya),nongo,burkina_faso,11/7/2009,5,2,-0.907788929,0.0,13.558039618750165,-0.259182817,-1.592652202,-1.806334615,3.0,0.1666666666666666,-0.166666667,13.55,-0.25,13.55,-0.25,13.55,-0.25,13.50282815,-0.148847385,0.4,-0.1806790828704834,-0.03620689655172409,131445606.5920893,0.15559954576438323,0.681493362688923
608,954,sanmatenga(kaya),nongo,burkina_faso,11/6/2009,11,2,-0.591889869,1.0,13.558039618750165,-0.259182817,-1.592652202,-1.806334615,3.0,0.1666666666666666,-0.166666667,13.55,-0.25,13.55,-0.25,13.55,-0.25,13.50282815,-0.148847385,0.4,-0.1806790828704834,-0.03620689655172409,131445606.5920893,0.15559954576438323,0.681493362688923
609,955,sanmatenga(kaya),nongo,burkina_faso,11/6/2009,12,1,-0.929295541,0.0,13.558039618750165,-0.259182817,-1.592652202,-1.806334615,3.0,0.1666666666666666,-0.166666667,13.55,-0.25,13.55,-0.25,13.55,-0.25,13.50282815,-0.148847385,0.4,-0.1806790828704834,-0.03620689655172409,131445606.5920893,0.15559954576438323,0.681493362688923
610,958,sanmatenga(kaya),nongo,burkina_faso,11/6/2009,5,3,-0.210996615,1.0,13.558039618750165,-0.259182817,-1.592652202,-1.806334615,3.0,0.1666666666666666,-0.166666667,13.55,-0.25,13.55,-0.25,13.55,-0.25,13.50282815,-0.148847385,0.4,-0.1806790828704834,-0.03620689655172409,131445606.5920893,0.15559954576438323,0.681493362688923
611,959,sanmatenga(kaya),nongo,burkina_faso,11/6/2009,12,2,-0.956946898,1.0,13.558039618750165,-0.259182817,-1.592652202,-1.806334615,3.0,0.1666666666666666,-0.166666667,13.55,-0.25,13.55,-0.25,13.55,-0.25,13.50282815,-0.148847385,0.4,-0.1806790828704834,-0.03620689655172409,131445606.5920893,0.15559954576438323,0.681493362688923
612,961,sanmatenga(kaya),nongo,burkina_faso,11/6/2009,10,1,-0.598341852,1.0,13.558039618750165,-0.259182817,-1.592652202,-1.806334615,3.0,0.1666666666666666,-0.166666667,13.55,-0.25,13.55,-0.25,13.55,-0.25,13.50282815,-0.148847385,0.4,-0.1806790828704834,-0.03620689655172409,131445606.5920893,0.15559954576438323,0.681493362688923
613,962,sanmatenga(kaya),nongo,burkina_faso,11/6/2009,9,2,-0.94081694,1.0,13.558039618750165,-0.259182817,-1.592652202,-1.806334615,3.0,0.1666666666666666,-0.166666667,13.55,-0.25,13.55,-0.25,13.55,-0.25,13.50282815,-0.148847385,0.4,-0.1806790828704834,-0.03620689655172409,131445606.5920893,0.15559954576438323,0.681493362688923
614,963,sanmatenga(kaya),nongo,burkina_faso,11/6/2009,11,4,-0.931855851,1.0,13.558039618750165,-0.259182817,-1.592652202,-1.806334615,3.0,0.1666666666666666,-0.166666667,13.55,-0.25,13.55,-0.25,13.55,-0.25,13.50282815,-0.148847385,0.4,-0.1806790828704834,-0.03620689655172409,131445606.5920893,0.15559954576438323,0.681493362688923
615,967,sanmatenga(kaya),nongo,burkina_faso,11/6/2009,9,1,-0.931138964,1.0,13.558039618750165,-0.259182817,-1.592652202,-1.806334615,3.0,0.1666666666666666,-0.166666667,13.55,-0.25,13.55,-0.25,13.55,-0.25,13.50282815,-0.148847385,0.4,-0.1806790828704834,-0.03620689655172409,131445606.5920893,0.15559954576438323,0.681493362688923
616,968,sanmatenga(kaya),nongo,burkina_faso,11/6/2009,10,3,-0.935440287,1.0,13.558039618750165,-0.259182817,-1.592652202,-1.806334615,3.0,0.1666666666666666,-0.166666667,13.55,-0.25,13.55,-0.25,13.55,-0.25,13.50282815,-0.148847385,0.4,-0.1806790828704834,-0.03620689655172409,131445606.5920893,0.15559954576438323,0.681493362688923
617,969,sanmatenga(kaya),nongo,burkina_faso,11/6/2009,18,4,-0.772580727,1.0,13.558039618750165,-0.259182817,-1.592652202,-1.806334615,3.0,0.1666666666666666,-0.166666667,13.55,-0.25,13.55,-0.25,13.55,-0.25,13.50282815,-0.148847385,0.4,-0.1806790828704834,-0.03620689655172409,131445606.5920893,0.15559954576438323,0.681493362688923
618,970,sanmatenga(kaya),nongo,burkina_faso,11/6/2009,9,7,-0.916622002,1.0,13.558039618750165,-0.259182817,-1.592652202,-1.806334615,3.0,0.1666666666666666,-0.166666667,13.55,-0.25,13.55,-0.25,13.55,-0.25,13.50282815,-0.148847385,0.4,-0.1806790828704834,-0.03620689655172409,131445606.5920893,0.15559954576438323,0.681493362688923
619,971,sanmatenga(kaya),nongo,burkina_faso,11/6/2009,17,3,-0.922894763,1.0,13.558039618750165,-0.259182817,-1.592652202,-1.806334615,3.0,0.1666666666666666,-0.166666667,13.55,-0.25,13.55,-0.25,13.55,-0.25,13.50282815,-0.148847385,0.4,-0.1806790828704834,-0.03620689655172409,131445606.5920893,0.15559954576438323,0.681493362688923
620,972,sanmatenga(kaya),nongo,burkina_faso,11/6/2009,9,3,-0.920078421,1.0,13.558039618750165,-0.259182817,-1.592652202,-1.806334615,3.0,0.1666666666666666,-0.166666667,13.55,-0.25,13.55,-0.25,13.55,-0.25,13.50282815,-0.148847385,0.4,-0.1806790828704834,-0.03620689655172409,131445606.5920893,0.15559954576438323,0.681493362688923
621,974,sanmatenga(kaya),pibaore,burkina_faso,11/3/2009,3,1,-0.924686981,1.0,12.893723404326067,-0.798730118,-1.642420232,-1.676155925,1.25,1.0,-0.333333333,12.9,-0.8,12.9,-0.8,12.9,-0.8,12.96401712,-0.694916179,0.8,-0.22073319554328918,-0.07500000000000001,186041400.49439877,0.19230256792216024,-0.512775094153003
622,982,sanmatenga(kaya),pibaore,burkina_faso,11/3/2009,7,1,-0.754115455,1.0,12.893723404326067,-0.798730118,-1.642420232,-1.676155925,1.25,1.0,-0.333333333,12.9,-0.8,12.9,-0.8,12.9,-0.8,12.96401712,-0.694916179,0.8,-0.22073319554328918,-0.07500000000000001,186041400.49439877,0.19230256792216024,-0.512775094153003
623,983,sanmatenga(kaya),pibaore,burkina_faso,11/3/2009,8,1,0.6613939420266131,0.0,12.893723404326067,-0.798730118,-1.642420232,-1.676155925,1.25,1.0,-0.333333333,12.9,-0.8,12.9,-0.8,12.9,-0.8,12.96401712,-0.694916179,0.8,-0.22073319554328918,-0.07500000000000001,186041400.49439877,0.19230256792216024,-0.512775094153003
624,984,sanmatenga(kaya),pibaore,burkina_faso,11/3/2009,6,3,-0.454056185,0.0,12.893723404326067,-0.798730118,-1.642420232,-1.676155925,1.25,1.0,-0.333333333,12.9,-0.8,12.9,-0.8,12.9,-0.8,12.96401712,-0.694916179,0.8,-0.22073319554328918,-0.07500000000000001,186041400.49439877,0.19230256792216024,-0.512775094153003
625,985,sanmatenga(kaya),pibaore,burkina_faso,11/3/2009,8,3,-0.913933675,1.0,12.893723404326067,-0.798730118,-1.642420232,-1.676155925,1.25,1.0,-0.333333333,12.9,-0.8,12.9,-0.8,12.9,-0.8,12.96401712,-0.694916179,0.8,-0.22073319554328918,-0.07500000000000001,186041400.49439877,0.19230256792216024,-0.512775094153003
626,986,sanmatenga(kaya),pibaore,burkina_faso,11/3/2009,12,2,-0.956946898,0.0,12.893723404326067,-0.798730118,-1.642420232,-1.676155925,1.25,1.0,-0.333333333,12.9,-0.8,12.9,-0.8,12.9,-0.8,12.96401712,-0.694916179,0.8,-0.22073319554328918,-0.07500000000000001,186041400.49439877,0.19230256792216024,-0.512775094153003
627,987,sanmatenga(kaya),pibaore,burkina_faso,11/3/2009,8,1,-0.978453509,1.0,12.893723404326067,-0.798730118,-1.642420232,-1.676155925,1.25,1.0,-0.333333333,12.9,-0.8,12.9,-0.8,12.9,-0.8,12.96401712,-0.694916179,0.8,-0.22073319554328918,-0.07500000000000001,186041400.49439877,0.19230256792216024,-0.512775094153003
628,988,sanmatenga(kaya),pibaore,burkina_faso,11/3/2009,10,1,-0.999960121,0.0,12.893723404326067,-0.798730118,-1.642420232,-1.676155925,1.25,1.0,-0.333333333,12.9,-0.8,12.9,-0.8,12.9,-0.8,12.96401712,-0.694916179,0.8,-0.22073319554328918,-0.07500000000000001,186041400.49439877,0.19230256792216024,-0.512775094153003
629,989,sanmatenga(kaya),pibaore,burkina_faso,11/3/2009,5,1,-0.580419676,0.0,12.893723404326067,-0.798730118,-1.642420232,-1.676155925,1.25,1.0,-0.333333333,12.9,-0.8,12.9,-0.8,12.9,-0.8,12.96401712,-0.694916179,0.8,-0.22073319554328918,-0.07500000000000001,186041400.49439877,0.19230256792216024,-0.512775094153003
630,990,sanmatenga(kaya),pibaore,burkina_faso,11/3/2009,15,1,-0.435621946,1.0,12.893723404326067,-0.798730118,-1.642420232,-1.676155925,1.25,1.0,-0.333333333,12.9,-0.8,12.9,-0.8,12.9,-0.8,12.96401712,-0.694916179,0.8,-0.22073319554328918,-0.07500000000000001,186041400.49439877,0.19230256792216024,-0.512775094153003
631,991,sanmatenga(kaya),pibaore,burkina_faso,11/3/2009,9,5,-1.085986566,1.0,12.893723404326067,-0.798730118,-1.642420232,-1.676155925,1.25,1.0,-0.333333333,12.9,-0.8,12.9,-0.8,12.9,-0.8,12.96401712,-0.694916179,0.8,-0.22073319554328918,-0.07500000000000001,186041400.49439877,0.19230256792216024,-0.512775094153003
632,992,sanmatenga(kaya),pibaore,burkina_faso,11/3/2009,5,1,-0.443302879,1.0,12.893723404326067,-0.798730118,-1.642420232,-1.676155925,1.25,1.0,-0.333333333,12.9,-0.8,12.9,-0.8,12.9,-0.8,12.96401712,-0.694916179,0.8,-0.22073319554328918,-0.07500000000000001,186041400.49439877,0.19230256792216024,-0.512775094153003
633,993,sanmatenga(kaya),pibaore,burkina_faso,11/3/2009,9,2,-0.94081694,1.0,12.893723404326067,-0.798730118,-1.642420232,-1.676155925,1.25,1.0,-0.333333333,12.9,-0.8,12.9,-0.8,12.9,-0.8,12.96401712,-0.694916179,0.8,-0.22073319554328918,-0.07500000000000001,186041400.49439877,0.19230256792216024,-0.512775094153003
634,994,sanmatenga(kaya),pibaore,burkina_faso,11/3/2009,7,1,-1.042973344,0.0,12.893723404326067,-0.798730118,-1.642420232,-1.676155925,1.25,1.0,-0.333333333,12.9,-0.8,12.9,-0.8,12.9,-0.8,12.96401712,-0.694916179,0.8,-0.22073319554328918,-0.07500000000000001,186041400.49439877,0.19230256792216024,-0.512775094153003
635,995,sanmatenga(kaya),pibaore,burkina_faso,11/3/2009,13,2,-1.172013012,1.0,12.893723404326067,-0.798730118,-1.642420232,-1.676155925,1.25,1.0,-0.333333333,12.9,-0.8,12.9,-0.8,12.9,-0.8,12.96401712,-0.694916179,0.8,-0.22073319554328918,-0.07500000000000001,186041400.49439877,0.19230256792216024,-0.512775094153003
636,996,sanmatenga(kaya),pibaore,burkina_faso,11/3/2009,9,1,-0.94081694,1.0,12.893723404326067,-0.798730118,-1.642420232,-1.676155925,1.25,1.0,-0.333333333,12.9,-0.8,12.9,-0.8,12.9,-0.8,12.96401712,-0.694916179,0.8,-0.22073319554328918,-0.07500000000000001,186041400.49439877,0.19230256792216024,-0.512775094153003
637,997,sanmatenga(kaya),pibaore,burkina_faso,11/3/2009,10,1,0.5197362204033041,1.0,12.893723404326067,-0.798730118,-1.642420232,-1.676155925,1.25,1.0,-0.333333333,12.9,-0.8,12.9,-0.8,12.9,-0.8,12.96401712,-0.694916179,0.8,-0.22073319554328918,-0.07500000000000001,186041400.49439877,0.19230256792216024,-0.512775094153003
638,998,sanmatenga(kaya),pibaore,burkina_faso,11/3/2009,13,4,0.4980771137662531,1.0,12.893723404326067,-0.798730118,-1.642420232,-1.676155925,1.25,1.0,-0.333333333,12.9,-0.8,12.9,-0.8,12.9,-0.8,12.96401712,-0.694916179,0.8,-0.22073319554328918,-0.07500000000000001,186041400.49439877,0.19230256792216024,-0.512775094153003
639,999,sanmatenga(kaya),pibaore,burkina_faso,11/3/2009,9,1,-1.085986566,1.0,12.893723404326067,-0.798730118,-1.642420232,-1.676155925,1.25,1.0,-0.333333333,12.9,-0.8,12.9,-0.8,12.9,-0.8,12.96401712,-0.694916179,0.8,-0.22073319554328918,-0.07500000000000001,186041400.49439877,0.19230256792216024,-0.512775094153003
640,1000,sanmatenga(kaya),sabouri nakoara,burkina_faso,10/31/2009,9,1,-0.930947593,0.0,13.096810194780764,-1.086335777,-1.677620932,-1.73793523,1.25,0.8333333333333334,-0.433333333,13.1,-1.1,13.1,-1.1,13.1,-1.1,13.09217767,-1.083499768,0.8,-0.2890213131904602,-0.07499999999999998,75473947.14225903,0.16635879581192195,-1.2817542171050573
641,1003,sanmatenga(kaya),sabouri nakoara,burkina_faso,10/31/2009,7,3,-0.942609157,1.0,13.096810194780764,-1.086335777,-1.677620932,-1.73793523,1.25,0.8333333333333334,-0.433333333,13.1,-1.1,13.1,-1.1,13.1,-1.1,13.09217767,-1.083499768,0.8,-0.2890213131904602,-0.07499999999999998,75473947.14225903,0.16635879581192195,-1.2817542171050573
642,1004,sanmatenga(kaya),sabouri nakoara,burkina_faso,10/31/2009,6,2,-0.924686981,1.0,13.096810194780764,-1.086335777,-1.677620932,-1.73793523,1.25,0.8333333333333334,-0.433333333,13.1,-1.1,13.1,-1.1,13.1,-1.1,13.09217767,-1.083499768,0.8,-0.2890213131904602,-0.07499999999999998,75473947.14225903,0.16635879581192195,-1.2817542171050573
643,1005,sanmatenga(kaya),sabouri nakoara,burkina_faso,10/31/2009,11,2,-1.010713427,1.0,13.096810194780764,-1.086335777,-1.677620932,-1.73793523,1.25,0.8333333333333334,-0.433333333,13.1,-1.1,13.1,-1.1,13.1,-1.1,13.09217767,-1.083499768,0.8,-0.2890213131904602,-0.07499999999999998,75473947.14225903,0.16635879581192195,-1.2817542171050573
644,1006,sanmatenga(kaya),sabouri nakoara,burkina_faso,10/31/2009,8,3,-0.926837642,1.0,13.096810194780764,-1.086335777,-1.677620932,-1.73793523,1.25,0.8333333333333334,-0.433333333,13.1,-1.1,13.1,-1.1,13.1,-1.1,13.09217767,-1.083499768,0.8,-0.2890213131904602,-0.07499999999999998,75473947.14225903,0.16635879581192195,-1.2817542171050573
645,1007,sanmatenga(kaya),sabouri nakoara,burkina_faso,10/31/2009,8,1,-0.587588547,1.0,13.096810194780764,-1.086335777,-1.677620932,-1.73793523,1.25,0.8333333333333334,-0.433333333,13.1,-1.1,13.1,-1.1,13.1,-1.1,13.09217767,-1.083499768,0.8,-0.2890213131904602,-0.07499999999999998,75473947.14225903,0.16635879581192195,-1.2817542171050573
646,1008,sanmatenga(kaya),sabouri nakoara,burkina_faso,10/31/2009,4,1,-0.921102546,0.0,13.096810194780764,-1.086335777,-1.677620932,-1.73793523,1.25,0.8333333333333334,-0.433333333,13.1,-1.1,13.1,-1.1,13.1,-1.1,13.09217767,-1.083499768,0.8,-0.2890213131904602,-0.07499999999999998,75473947.14225903,0.16635879581192195,-1.2817542171050573
647,1009,sanmatenga(kaya),sabouri nakoara,burkina_faso,10/31/2009,6,2,-0.769648008,1.0,13.096810194780764,-1.086335777,-1.677620932,-1.73793523,1.25,0.8333333333333334,-0.433333333,13.1,-1.1,13.1,-1.1,13.1,-1.1,13.09217767,-1.083499768,0.8,-0.2890213131904602,-0.07499999999999998,75473947.14225903,0.16635879581192195,-1.2817542171050573
648,1010,sanmatenga(kaya),sabouri nakoara,burkina_faso,10/31/2009,8,4,-1.064479955,0.0,13.096810194780764,-1.086335777,-1.677620932,-1.73793523,1.25,0.8333333333333334,-0.433333333,13.1,-1.1,13.1,-1.1,13.1,-1.1,13.09217767,-1.083499768,0.8,-0.2890213131904602,-0.07499999999999998,75473947.14225903,0.16635879581192195,-1.2817542171050573
649,1011,sanmatenga(kaya),sabouri nakoara,burkina_faso,10/31/2009,4,1,-0.978453509,1.0,13.096810194780764,-1.086335777,-1.677620932,-1.73793523,1.25,0.8333333333333334,-0.433333333,13.1,-1.1,13.1,-1.1,13.1,-1.1,13.09217767,-1.083499768,0.8,-0.2890213131904602,-0.07499999999999998,75473947.14225903,0.16635879581192195,-1.2817542171050573
650,1012,sanmatenga(kaya),sabouri nakoara,burkina_faso,10/31/2009,5,1,-0.946193592,0.0,13.096810194780764,-1.086335777,-1.677620932,-1.73793523,1.25,0.8333333333333334,-0.433333333,13.1,-1.1,13.1,-1.1,13.1,-1.1,13.09217767,-1.083499768,0.8,-0.2890213131904602,-0.07499999999999998,75473947.14225903,0.16635879581192195,-1.2817542171050573
651,1013,sanmatenga(kaya),sabouri nakoara,burkina_faso,10/31/2009,7,2,-0.594757417,0.0,13.096810194780764,-1.086335777,-1.677620932,-1.73793523,1.25,0.8333333333333334,-0.433333333,13.1,-1.1,13.1,-1.1,13.1,-1.1,13.09217767,-1.083499768,0.8,-0.2890213131904602,-0.07499999999999998,75473947.14225903,0.16635879581192195,-1.2817542171050573
652,1014,sanmatenga(kaya),sabouri nakoara,burkina_faso,10/31/2009,6,1,-0.935440287,1.0,13.096810194780764,-1.086335777,-1.677620932,-1.73793523,1.25,0.8333333333333334,-0.433333333,13.1,-1.1,13.1,-1.1,13.1,-1.1,13.09217767,-1.083499768,0.8,-0.2890213131904602,-0.07499999999999998,75473947.14225903,0.16635879581192195,-1.2817542171050573
653,1016,sanmatenga(kaya),sabouri nakoara,burkina_faso,10/31/2009,3,1,-0.924686981,0.0,13.096810194780764,-1.086335777,-1.677620932,-1.73793523,1.25,0.8333333333333334,-0.433333333,13.1,-1.1,13.1,-1.1,13.1,-1.1,13.09217767,-1.083499768,0.8,-0.2890213131904602,-0.07499999999999998,75473947.14225903,0.16635879581192195,-1.2817542171050573
654,1018,sanmatenga(kaya),sabouri nakoara,burkina_faso,10/31/2009,9,3,-0.769648008,1.0,13.096810194780764,-1.086335777,-1.677620932,-1.73793523,1.25,0.8333333333333334,-0.433333333,13.1,-1.1,13.1,-1.1,13.1,-1.1,13.09217767,-1.083499768,0.8,-0.2890213131904602,-0.07499999999999998,75473947.14225903,0.16635879581192195,-1.2817542171050573
655,1019,sanmatenga(kaya),sabouri nakoara,burkina_faso,10/31/2009,2,2,-0.935440287,1.0,13.096810194780764,-1.086335777,-1.677620932,-1.73793523,1.25,0.8333333333333334,-0.433333333,13.1,-1.1,13.1,-1.1,13.1,-1.1,13.09217767,-1.083499768,0.8,-0.2890213131904602,-0.07499999999999998,75473947.14225903,0.16635879581192195,-1.2817542171050573
656,1020,sanmatenga(kaya),sabouri nakoara,burkina_faso,10/31/2009,4,1,-0.935440287,0.0,13.096810194780764,-1.086335777,-1.677620932,-1.73793523,1.25,0.8333333333333334,-0.433333333,13.1,-1.1,13.1,-1.1,13.1,-1.1,13.09217767,-1.083499768,0.8,-0.2890213131904602,-0.07499999999999998,75473947.14225903,0.16635879581192195,-1.2817542171050573
657,1024,sanmatenga(kaya),sabouri nakoara,burkina_faso,10/31/2009,5,2,-0.999960121,1.0,13.096810194780764,-1.086335777,-1.677620932,-1.73793523,1.25,0.8333333333333334,-0.433333333,13.1,-1.1,13.1,-1.1,13.1,-1.1,13.09217767,-1.083499768,0.8,-0.2890213131904602,-0.07499999999999998,75473947.14225903,0.16635879581192195,-1.2817542171050573
658,1025,sanmatenga(kaya),sabouri nakoara,burkina_faso,10/31/2009,13,1,-1.172013012,0.0,13.096810194780764,-1.086335777,-1.677620932,-1.73793523,1.25,0.8333333333333334,-0.433333333,13.1,-1.1,13.1,-1.1,13.1,-1.1,13.09217767,-1.083499768,0.8,-0.2890213131904602,-0.07499999999999998,75473947.14225903,0.16635879581192195,-1.2817542171050573
659,1026,sanmatenga(kaya),sabouri nakoara,burkina_faso,10/31/2009,11,2,0.6731713720717547,0.0,13.096810194780764,-1.086335777,-1.677620932,-1.73793523,1.25,0.8333333333333334,-0.433333333,13.1,-1.1,13.1,-1.1,13.1,-1.1,13.09217767,-1.083499768,0.8,-0.2890213131904602,-0.07499999999999998,75473947.14225903,0.16635879581192195,-1.2817542171050573
660,1027,sanmatenga(kaya),sambtenga,burkina_faso,10/29/2009,19,2,-0.943505266,0.0,12.44093395543046,-0.577565912,-1.700703263,-1.715240598,1.3333333333333333,0.8333333333333334,0.3666666666666665,12.45,-0.6,12.45,-0.6,12.45,-0.6,12.36425974,-0.694916179,1.0,-0.2393829345703125,-0.09545454545454544,155184801.37071046,0.18110647095370452,-1.0767984562656705
661,1028,sanmatenga(kaya),sambtenga,burkina_faso,10/30/2009,18,2,-0.935440287,1.0,12.44093395543046,-0.577565912,-1.700703263,-1.715240598,1.3333333333333333,0.8333333333333334,0.3666666666666665,12.45,-0.6,12.45,-0.6,12.45,-0.6,12.36425974,-0.694916179,1.0,-0.2393829345703125,-0.09545454545454544,155184801.37071046,0.18110647095370452,-1.0767984562656705
662,1029,sanmatenga(kaya),sambtenga,burkina_faso,10/29/2009,9,1,-0.956946898,0.0,12.44093395543046,-0.577565912,-1.700703263,-1.715240598,1.3333333333333333,0.8333333333333334,0.3666666666666665,12.45,-0.6,12.45,-0.6,12.45,-0.6,12.36425974,-0.694916179,1.0,-0.2393829345703125,-0.09545454545454544,155184801.37071046,0.18110647095370452,-1.0767984562656705
663,1030,sanmatenga(kaya),sambtenga,burkina_faso,10/29/2009,26,2,-0.595409133,1.0,12.44093395543046,-0.577565912,-1.700703263,-1.715240598,1.3333333333333333,0.8333333333333334,0.3666666666666665,12.45,-0.6,12.45,-0.6,12.45,-0.6,12.36425974,-0.694916179,1.0,-0.2393829345703125,-0.09545454545454544,155184801.37071046,0.18110647095370452,-1.0767984562656705
664,1031,sanmatenga(kaya),sambtenga,burkina_faso,10/29/2009,15,2,-0.956946898,1.0,12.44093395543046,-0.577565912,-1.700703263,-1.715240598,1.3333333333333333,0.8333333333333334,0.3666666666666665,12.45,-0.6,12.45,-0.6,12.45,-0.6,12.36425974,-0.694916179,1.0,-0.2393829345703125,-0.09545454545454544,155184801.37071046,0.18110647095370452,-1.0767984562656705
665,1033,sanmatenga(kaya),sambtenga,burkina_faso,10/29/2009,11,1,-0.939741609,1.0,12.44093395543046,-0.577565912,-1.700703263,-1.715240598,1.3333333333333333,0.8333333333333334,0.3666666666666665,12.45,-0.6,12.45,-0.6,12.45,-0.6,12.36425974,-0.694916179,1.0,-0.2393829345703125,-0.09545454545454544,155184801.37071046,0.18110647095370452,-1.0767984562656705
666,1035,sanmatenga(kaya),sambtenga,burkina_faso,10/29/2009,17,8,-0.585198923,1.0,12.44093395543046,-0.577565912,-1.700703263,-1.715240598,1.3333333333333333,0.8333333333333334,0.3666666666666665,12.45,-0.6,12.45,-0.6,12.45,-0.6,12.36425974,-0.694916179,1.0,-0.2393829345703125,-0.09545454545454544,155184801.37071046,0.18110647095370452,-1.0767984562656705
667,1036,sanmatenga(kaya),sambtenga,burkina_faso,10/29/2009,10,1,-0.571458588,1.0,12.44093395543046,-0.577565912,-1.700703263,-1.715240598,1.3333333333333333,0.8333333333333334,0.3666666666666665,12.45,-0.6,12.45,-0.6,12.45,-0.6,12.36425974,-0.694916179,1.0,-0.2393829345703125,-0.09545454545454544,155184801.37071046,0.18110647095370452,-1.0767984562656705
668,1037,sanmatenga(kaya),sambtenga,burkina_faso,10/30/2009,2,1,-0.913933675,1.0,12.44093395543046,-0.577565912,-1.700703263,-1.715240598,1.3333333333333333,0.8333333333333334,0.3666666666666665,12.45,-0.6,12.45,-0.6,12.45,-0.6,12.36425974,-0.694916179,1.0,-0.2393829345703125,-0.09545454545454544,155184801.37071046,0.18110647095370452,-1.0767984562656705
669,1039,sanmatenga(kaya),sambtenga,burkina_faso,10/30/2009,3,2,-0.221749921,1.0,12.44093395543046,-0.577565912,-1.700703263,-1.715240598,1.3333333333333333,0.8333333333333334,0.3666666666666665,12.45,-0.6,12.45,-0.6,12.45,-0.6,12.36425974,-0.694916179,1.0,-0.2393829345703125,-0.09545454545454544,155184801.37071046,0.18110647095370452,-1.0767984562656705
670,1041,sanmatenga(kaya),sambtenga,burkina_faso,10/30/2009,10,1,-0.946193592,0.0,12.44093395543046,-0.577565912,-1.700703263,-1.715240598,1.3333333333333333,0.8333333333333334,0.3666666666666665,12.45,-0.6,12.45,-0.6,12.45,-0.6,12.36425974,-0.694916179,1.0,-0.2393829345703125,-0.09545454545454544,155184801.37071046,0.18110647095370452,-1.0767984562656705
671,1044,sanmatenga(kaya),sambtenga,burkina_faso,10/29/2009,15,5,-0.928271416,1.0,12.44093395543046,-0.577565912,-1.700703263,-1.715240598,1.3333333333333333,0.8333333333333334,0.3666666666666665,12.45,-0.6,12.45,-0.6,12.45,-0.6,12.36425974,-0.694916179,1.0,-0.2393829345703125,-0.09545454545454544,155184801.37071046,0.18110647095370452,-1.0767984562656705
672,1047,sanmatenga(kaya),sambtenga,burkina_faso,10/29/2009,17,1,-0.581136563,0.0,12.44093395543046,-0.577565912,-1.700703263,-1.715240598,1.3333333333333333,0.8333333333333334,0.3666666666666665,12.45,-0.6,12.45,-0.6,12.45,-0.6,12.36425974,-0.694916179,1.0,-0.2393829345703125,-0.09545454545454544,155184801.37071046,0.18110647095370452,-1.0767984562656705
673,1048,sanmatenga(kaya),sambtenga,burkina_faso,10/29/2009,9,2,-0.572226681,0.0,12.44093395543046,-0.577565912,-1.700703263,-1.715240598,1.3333333333333333,0.8333333333333334,0.3666666666666665,12.45,-0.6,12.45,-0.6,12.45,-0.6,12.36425974,-0.694916179,1.0,-0.2393829345703125,-0.09545454545454544,155184801.37071046,0.18110647095370452,-1.0767984562656705
674,1049,sanmatenga(kaya),sambtenga,burkina_faso,10/29/2009,10,2,0.6495534336129194,0.0,12.44093395543046,-0.577565912,-1.700703263,-1.715240598,1.3333333333333333,0.8333333333333334,0.3666666666666665,12.45,-0.6,12.45,-0.6,12.45,-0.6,12.36425974,-0.694916179,1.0,-0.2393829345703125,-0.09545454545454544,155184801.37071046,0.18110647095370452,-1.0767984562656705
675,1051,sanmatenga(kaya),sambtenga,burkina_faso,10/30/2009,16,1,-0.794739054,1.0,12.44093395543046,-0.577565912,-1.700703263,-1.715240598,1.3333333333333333,0.8333333333333334,0.3666666666666665,12.45,-0.6,12.45,-0.6,12.45,-0.6,12.36425974,-0.694916179,1.0,-0.2393829345703125,-0.09545454545454544,155184801.37071046,0.18110647095370452,-1.0767984562656705
676,1052,sanmatenga(kaya),sambtenga,burkina_faso,10/29/2009,8,1,-0.926837642,0.0,12.44093395543046,-0.577565912,-1.700703263,-1.715240598,1.3333333333333333,0.8333333333333334,0.3666666666666665,12.45,-0.6,12.45,-0.6,12.45,-0.6,12.36425974,-0.694916179,1.0,-0.2393829345703125,-0.09545454545454544,155184801.37071046,0.18110647095370452,-1.0767984562656705
677,1053,sanmatenga(kaya),sambtenga,burkina_faso,10/29/2009,14,3,-0.582211894,0.0,12.44093395543046,-0.577565912,-1.700703263,-1.715240598,1.3333333333333333,0.8333333333333334,0.3666666666666665,12.45,-0.6,12.45,-0.6,12.45,-0.6,12.36425974,-0.694916179,1.0,-0.2393829345703125,-0.09545454545454544,155184801.37071046,0.18110647095370452,-1.0767984562656705
678,1060,sanmatenga(kaya),sera,burkina_faso,11/4/2009,9,1,-1.085986566,0.0,12.95721,-1.07006,-1.725130841,-1.797392949,1.25,1.0,-0.333333333,12.95,-1.05,12.95,-1.05,12.95,-1.05,12.96401712,-1.073963321,1.0,-0.3085930824279785,-0.09545454545454547,154533333.3650556,0.1828506596458616,-0.8890087921706764
679,1063,sanmatenga(kaya),sera,burkina_faso,11/4/2009,14,1,-0.942609157,1.0,12.95721,-1.07006,-1.725130841,-1.797392949,1.25,1.0,-0.333333333,12.95,-1.05,12.95,-1.05,12.95,-1.05,12.96401712,-1.073963321,1.0,-0.3085930824279785,-0.09545454545454547,154533333.3650556,0.1828506596458616,-0.8890087921706764
680,1065,sanmatenga(kaya),sera,burkina_faso,11/4/2009,10,2,-0.928271416,1.0,12.95721,-1.07006,-1.725130841,-1.797392949,1.25,1.0,-0.333333333,12.95,-1.05,12.95,-1.05,12.95,-1.05,12.96401712,-1.073963321,1.0,-0.3085930824279785,-0.09545454545454547,154533333.3650556,0.1828506596458616,-0.8890087921706764
681,1066,sanmatenga(kaya),sera,burkina_faso,11/5/2009,7,1,-0.930063634,0.0,12.95721,-1.07006,-1.725130841,-1.797392949,1.25,1.0,-0.333333333,12.95,-1.05,12.95,-1.05,12.95,-1.05,12.96401712,-1.073963321,1.0,-0.3085930824279785,-0.09545454545454547,154533333.3650556,0.1828506596458616,-0.8890087921706764
682,1067,sanmatenga(kaya),sera,burkina_faso,11/4/2009,4,1,-0.978453509,1.0,12.95721,-1.07006,-1.725130841,-1.797392949,1.25,1.0,-0.333333333,12.95,-1.05,12.95,-1.05,12.95,-1.05,12.96401712,-1.073963321,1.0,-0.3085930824279785,-0.09545454545454547,154533333.3650556,0.1828506596458616,-0.8890087921706764
683,1068,sanmatenga(kaya),sera,burkina_faso,11/4/2009,5,2,-0.946193592,0.0,12.95721,-1.07006,-1.725130841,-1.797392949,1.25,1.0,-0.333333333,12.95,-1.05,12.95,-1.05,12.95,-1.05,12.96401712,-1.073963321,1.0,-0.3085930824279785,-0.09545454545454547,154533333.3650556,0.1828506596458616,-0.8890087921706764
684,1069,sanmatenga(kaya),sera,burkina_faso,11/4/2009,6,2,-0.673614992,0.0,12.95721,-1.07006,-1.725130841,-1.797392949,1.25,1.0,-0.333333333,12.95,-1.05,12.95,-1.05,12.95,-1.05,12.96401712,-1.073963321,1.0,-0.3085930824279785,-0.09545454545454547,154533333.3650556,0.1828506596458616,-0.8890087921706764
685,1070,sanmatenga(kaya),sera,burkina_faso,11/4/2009,6,1,-0.866427759,0.0,12.95721,-1.07006,-1.725130841,-1.797392949,1.25,1.0,-0.333333333,12.95,-1.05,12.95,-1.05,12.95,-1.05,12.96401712,-1.073963321,1.0,-0.3085930824279785,-0.09545454545454547,154533333.3650556,0.1828506596458616,-0.8890087921706764
686,1071,sanmatenga(kaya),sera,burkina_faso,11/4/2009,17,2,-0.944657406,1.0,12.95721,-1.07006,-1.725130841,-1.797392949,1.25,1.0,-0.333333333,12.95,-1.05,12.95,-1.05,12.95,-1.05,12.96401712,-1.073963321,1.0,-0.3085930824279785,-0.09545454545454547,154533333.3650556,0.1828506596458616,-0.8890087921706764
687,1072,sanmatenga(kaya),sera,burkina_faso,11/4/2009,9,2,-0.437926226,0.0,12.95721,-1.07006,-1.725130841,-1.797392949,1.25,1.0,-0.333333333,12.95,-1.05,12.95,-1.05,12.95,-1.05,12.96401712,-1.073963321,1.0,-0.3085930824279785,-0.09545454545454547,154533333.3650556,0.1828506596458616,-0.8890087921706764
688,1073,sanmatenga(kaya),sera,burkina_faso,11/4/2009,15,1,-0.598341852,0.0,12.95721,-1.07006,-1.725130841,-1.797392949,1.25,1.0,-0.333333333,12.95,-1.05,12.95,-1.05,12.95,-1.05,12.96401712,-1.073963321,1.0,-0.3085930824279785,-0.09545454545454547,154533333.3650556,0.1828506596458616,-0.8890087921706764
689,1074,sanmatenga(kaya),sera,burkina_faso,11/4/2009,14,1,-0.935440287,1.0,12.95721,-1.07006,-1.725130841,-1.797392949,1.25,1.0,-0.333333333,12.95,-1.05,12.95,-1.05,12.95,-1.05,12.96401712,-1.073963321,1.0,-0.3085930824279785,-0.09545454545454547,154533333.3650556,0.1828506596458616,-0.8890087921706764
690,1075,sanmatenga(kaya),sera,burkina_faso,11/5/2009,13,2,-0.948344254,1.0,12.95721,-1.07006,-1.725130841,-1.797392949,1.25,1.0,-0.333333333,12.95,-1.05,12.95,-1.05,12.95,-1.05,12.96401712,-1.073963321,1.0,-0.3085930824279785,-0.09545454545454547,154533333.3650556,0.1828506596458616,-0.8890087921706764
691,1076,sanmatenga(kaya),sera,burkina_faso,11/5/2009,11,1,-0.781148049,1.0,12.95721,-1.07006,-1.725130841,-1.797392949,1.25,1.0,-0.333333333,12.95,-1.05,12.95,-1.05,12.95,-1.05,12.96401712,-1.073963321,1.0,-0.3085930824279785,-0.09545454545454547,154533333.3650556,0.1828506596458616,-0.8890087921706764
692,1077,sanmatenga(kaya),sera,burkina_faso,11/5/2009,10,2,-0.964115769,1.0,12.95721,-1.07006,-1.725130841,-1.797392949,1.25,1.0,-0.333333333,12.95,-1.05,12.95,-1.05,12.95,-1.05,12.96401712,-1.073963321,1.0,-0.3085930824279785,-0.09545454545454547,154533333.3650556,0.1828506596458616,-0.8890087921706764
693,1078,sanmatenga(kaya),sera,burkina_faso,11/5/2009,9,2,-1.085986566,1.0,12.95721,-1.07006,-1.725130841,-1.797392949,1.25,1.0,-0.333333333,12.95,-1.05,12.95,-1.05,12.95,-1.05,12.96401712,-1.073963321,1.0,-0.3085930824279785,-0.09545454545454547,154533333.3650556,0.1828506596458616,-0.8890087921706764
694,1079,sanmatenga(kaya),sera,burkina_faso,11/5/2009,7,1,-0.787570184,0.0,12.95721,-1.07006,-1.725130841,-1.797392949,1.25,1.0,-0.333333333,12.95,-1.05,12.95,-1.05,12.95,-1.05,12.96401712,-1.073963321,1.0,-0.3085930824279785,-0.09545454545454547,154533333.3650556,0.1828506596458616,-0.8890087921706764
695,1090,sanmatenga(kaya),soma peulh,burkina_faso,11/1/2009,9,1,0.075988688,0.0,12.908479876971406,-1.077418868,-1.683242962,-1.750156894,1.25,1.1666666666666667,-0.30952381,12.9,-1.1,12.9,-1.1,12.9,-1.1,12.96401712,-1.073963321,1.0,-0.2962533235549927,-0.09545454545454547,154533333.3650556,0.1807040717726717,-1.0323285442419443
696,1091,sanmatenga(kaya),soma peulh,burkina_faso,11/2/2009,12,1,-0.581443801,1.0,12.908479876971406,-1.077418868,-1.683242962,-1.750156894,1.25,1.1666666666666667,-0.30952381,12.9,-1.1,12.9,-1.1,12.9,-1.1,12.96401712,-1.073963321,1.0,-0.2962533235549927,-0.09545454545454547,154533333.3650556,0.1807040717726717,-1.0323285442419443
697,1092,sanmatenga(kaya),soma peulh,burkina_faso,11/2/2009,15,1,-0.598341852,0.0,12.908479876971406,-1.077418868,-1.683242962,-1.750156894,1.25,1.1666666666666667,-0.30952381,12.9,-1.1,12.9,-1.1,12.9,-1.1,12.96401712,-1.073963321,1.0,-0.2962533235549927,-0.09545454545454547,154533333.3650556,0.1807040717726717,-1.0323285442419443
698,1093,sanmatenga(kaya),soma peulh,burkina_faso,11/1/2009,6,1,-0.924686981,0.0,12.908479876971406,-1.077418868,-1.683242962,-1.750156894,1.25,1.1666666666666667,-0.30952381,12.9,-1.1,12.9,-1.1,12.9,-1.1,12.96401712,-1.073963321,1.0,-0.2962533235549927,-0.09545454545454547,154533333.3650556,0.1807040717726717,-1.0323285442419443
699,1094,sanmatenga(kaya),soma peulh,burkina_faso,11/2/2009,7,1,-1.042973344,0.0,12.908479876971406,-1.077418868,-1.683242962,-1.750156894,1.25,1.1666666666666667,-0.30952381,12.9,-1.1,12.9,-1.1,12.9,-1.1,12.96401712,-1.073963321,1.0,-0.2962533235549927,-0.09545454545454547,154533333.3650556,0.1807040717726717,-1.0323285442419443
700,1095,sanmatenga(kaya),soma peulh,burkina_faso,11/1/2009,3,1,-0.609095158,1.0,12.908479876971406,-1.077418868,-1.683242962,-1.750156894,1.25,1.1666666666666667,-0.30952381,12.9,-1.1,12.9,-1.1,12.9,-1.1,12.96401712,-1.073963321,1.0,-0.2962533235549927,-0.09545454545454547,154533333.3650556,0.1807040717726717,-1.0323285442419443
701,1096,sanmatenga(kaya),soma peulh,burkina_faso,11/1/2009,10,1,-1.107493178,1.0,12.908479876971406,-1.077418868,-1.683242962,-1.750156894,1.25,1.1666666666666667,-0.30952381,12.9,-1.1,12.9,-1.1,12.9,-1.1,12.96401712,-1.073963321,1.0,-0.2962533235549927,-0.09545454545454547,154533333.3650556,0.1807040717726717,-1.0323285442419443
702,1097,sanmatenga(kaya),soma peulh,burkina_faso,11/2/2009,9,1,-0.989206815,0.0,12.908479876971406,-1.077418868,-1.683242962,-1.750156894,1.25,1.1666666666666667,-0.30952381,12.9,-1.1,12.9,-1.1,12.9,-1.1,12.96401712,-1.073963321,1.0,-0.2962533235549927,-0.09545454545454547,154533333.3650556,0.1807040717726717,-1.0323285442419443
703,1098,sanmatenga(kaya),soma peulh,burkina_faso,11/1/2009,25,2,0.075499902,0.0,12.908479876971406,-1.077418868,-1.683242962,-1.750156894,1.25,1.1666666666666667,-0.30952381,12.9,-1.1,12.9,-1.1,12.9,-1.1,12.96401712,-1.073963321,1.0,-0.2962533235549927,-0.09545454545454547,154533333.3650556,0.1807040717726717,-1.0323285442419443
704,1099,sanmatenga(kaya),soma peulh,burkina_faso,11/2/2009,20,2,-0.587588547,0.0,12.908479876971406,-1.077418868,-1.683242962,-1.750156894,1.25,1.1666666666666667,-0.30952381,12.9,-1.1,12.9,-1.1,12.9,-1.1,12.96401712,-1.073963321,1.0,-0.2962533235549927,-0.09545454545454547,154533333.3650556,0.1807040717726717,-1.0323285442419443
705,1100,sanmatenga(kaya),soma peulh,burkina_faso,11/2/2009,11,2,-0.939741609,1.0,12.908479876971406,-1.077418868,-1.683242962,-1.750156894,1.25,1.1666666666666667,-0.30952381,12.9,-1.1,12.9,-1.1,12.9,-1.1,12.96401712,-1.073963321,1.0,-0.2962533235549927,-0.09545454545454547,154533333.3650556,0.1807040717726717,-1.0323285442419443
706,1101,sanmatenga(kaya),soma peulh,burkina_faso,11/2/2009,10,1,-0.598341852,0.0,12.908479876971406,-1.077418868,-1.683242962,-1.750156894,1.25,1.1666666666666667,-0.30952381,12.9,-1.1,12.9,-1.1,12.9,-1.1,12.96401712,-1.073963321,1.0,-0.2962533235549927,-0.09545454545454547,154533333.3650556,0.1807040717726717,-1.0323285442419443
707,1102,sanmatenga(kaya),soma peulh,burkina_faso,11/2/2009,10,2,-0.928271416,1.0,12.908479876971406,-1.077418868,-1.683242962,-1.750156894,1.25,1.1666666666666667,-0.30952381,12.9,-1.1,12.9,-1.1,12.9,-1.1,12.96401712,-1.073963321,1.0,-0.2962533235549927,-0.09545454545454547,154533333.3650556,0.1807040717726717,-1.0323285442419443
708,1103,sanmatenga(kaya),soma peulh,burkina_faso,11/2/2009,10,2,-0.580419676,1.0,12.908479876971406,-1.077418868,-1.683242962,-1.750156894,1.25,1.1666666666666667,-0.30952381,12.9,-1.1,12.9,-1.1,12.9,-1.1,12.96401712,-1.073963321,1.0,-0.2962533235549927,-0.09545454545454547,154533333.3650556,0.1807040717726717,-1.0323285442419443
709,1104,sanmatenga(kaya),soma peulh,burkina_faso,11/1/2009,10,1,-1.107493178,0.0,12.908479876971406,-1.077418868,-1.683242962,-1.750156894,1.25,1.1666666666666667,-0.30952381,12.9,-1.1,12.9,-1.1,12.9,-1.1,12.96401712,-1.073963321,1.0,-0.2962533235549927,-0.09545454545454547,154533333.3650556,0.1807040717726717,-1.0323285442419443
710,1105,sanmatenga(kaya),soma peulh,burkina_faso,11/1/2009,19,4,-0.95320094,0.0,12.908479876971406,-1.077418868,-1.683242962,-1.750156894,1.25,1.1666666666666667,-0.30952381,12.9,-1.1,12.9,-1.1,12.9,-1.1,12.96401712,-1.073963321,1.0,-0.2962533235549927,-0.09545454545454547,154533333.3650556,0.1807040717726717,-1.0323285442419443
711,1106,sanmatenga(kaya),soma peulh,burkina_faso,11/1/2009,17,1,-0.944657406,0.0,12.908479876971406,-1.077418868,-1.683242962,-1.750156894,1.25,1.1666666666666667,-0.30952381,12.9,-1.1,12.9,-1.1,12.9,-1.1,12.96401712,-1.073963321,1.0,-0.2962533235549927,-0.09545454545454547,154533333.3650556,0.1807040717726717,-1.0323285442419443
712,1107,sanmatenga(kaya),soma peulh,burkina_faso,11/1/2009,27,2,-0.641355075,0.0,12.908479876971406,-1.077418868,-1.683242962,-1.750156894,1.25,1.1666666666666667,-0.30952381,12.9,-1.1,12.9,-1.1,12.9,-1.1,12.96401712,-1.073963321,1.0,-0.2962533235549927,-0.09545454545454547,154533333.3650556,0.1807040717726717,-1.0323285442419443
713,1108,sanmatenga(kaya),tanseyga,burkina_faso,10/21/2009,4,1,2.209731313568528,0.0,13.096810194780764,-1.086335777,-1.677620932,-1.73793523,1.25,0.8333333333333334,-0.433333333,13.1,-1.1,13.1,-1.1,13.1,-1.1,13.09217767,-1.083499768,0.8,-0.2890213131904602,-0.07499999999999998,75473947.14225903,0.16635879581192195,-1.2817542171050573
714,1109,sanmatenga(kaya),tanseyga,burkina_faso,10/31/2009,10,1,2.2169001840307883,0.0,13.096810194780764,-1.086335777,-1.677620932,-1.73793523,1.25,0.8333333333333334,-0.433333333,13.1,-1.1,13.1,-1.1,13.1,-1.1,13.09217767,-1.083499768,0.8,-0.2890213131904602,-0.07499999999999998,75473947.14225903,0.16635879581192195,-1.2817542171050573
715,1110,sanmatenga(kaya),tanseyga,burkina_faso,10/31/2009,15,2,-0.435621946,0.0,13.096810194780764,-1.086335777,-1.677620932,-1.73793523,1.25,0.8333333333333334,-0.433333333,13.1,-1.1,13.1,-1.1,13.1,-1.1,13.09217767,-1.083499768,0.8,-0.2890213131904602,-0.07499999999999998,75473947.14225903,0.16635879581192195,-1.2817542171050573
716,1111,sanmatenga(kaya),tanseyga,burkina_faso,10/31/2009,9,3,-0.785777966,1.0,13.096810194780764,-1.086335777,-1.677620932,-1.73793523,1.25,0.8333333333333334,-0.433333333,13.1,-1.1,13.1,-1.1,13.1,-1.1,13.09217767,-1.083499768,0.8,-0.2890213131904602,-0.07499999999999998,75473947.14225903,0.16635879581192195,-1.2817542171050573
717,1112,sanmatenga(kaya),tanseyga,burkina_faso,10/31/2009,10,1,-0.780401313,1.0,13.096810194780764,-1.086335777,-1.677620932,-1.73793523,1.25,0.8333333333333334,-0.433333333,13.1,-1.1,13.1,-1.1,13.1,-1.1,13.09217767,-1.083499768,0.8,-0.2890213131904602,-0.07499999999999998,75473947.14225903,0.16635879581192195,-1.2817542171050573
718,1115,sanmatenga(kaya),tanseyga,burkina_faso,10/31/2009,9,1,-0.931138964,0.0,13.096810194780764,-1.086335777,-1.677620932,-1.73793523,1.25,0.8333333333333334,-0.433333333,13.1,-1.1,13.1,-1.1,13.1,-1.1,13.09217767,-1.083499768,0.8,-0.2890213131904602,-0.07499999999999998,75473947.14225903,0.16635879581192195,-1.2817542171050573
719,1116,sanmatenga(kaya),tanseyga,burkina_faso,10/31/2009,13,1,-0.939024722,0.0,13.096810194780764,-1.086335777,-1.677620932,-1.73793523,1.25,0.8333333333333334,-0.433333333,13.1,-1.1,13.1,-1.1,13.1,-1.1,13.09217767,-1.083499768,0.8,-0.2890213131904602,-0.07499999999999998,75473947.14225903,0.16635879581192195,-1.2817542171050573
720,1117,sanmatenga(kaya),tanseyga,burkina_faso,10/31/2009,6,2,-0.780401313,1.0,13.096810194780764,-1.086335777,-1.677620932,-1.73793523,1.25,0.8333333333333334,-0.433333333,13.1,-1.1,13.1,-1.1,13.1,-1.1,13.09217767,-1.083499768,0.8,-0.2890213131904602,-0.07499999999999998,75473947.14225903,0.16635879581192195,-1.2817542171050573
721,1119,sanmatenga(kaya),tanseyga,burkina_faso,10/31/2009,7,2,-0.942609157,0.0,13.096810194780764,-1.086335777,-1.677620932,-1.73793523,1.25,0.8333333333333334,-0.433333333,13.1,-1.1,13.1,-1.1,13.1,-1.1,13.09217767,-1.083499768,0.8,-0.2890213131904602,-0.07499999999999998,75473947.14225903,0.16635879581192195,-1.2817542171050573
722,1120,sanmatenga(kaya),tanseyga,burkina_faso,10/31/2009,14,1,-0.935440287,1.0,13.096810194780764,-1.086335777,-1.677620932,-1.73793523,1.25,0.8333333333333334,-0.433333333,13.1,-1.1,13.1,-1.1,13.1,-1.1,13.09217767,-1.083499768,0.8,-0.2890213131904602,-0.07499999999999998,75473947.14225903,0.16635879581192195,-1.2817542171050573
723,1121,sanmatenga(kaya),tanseyga,burkina_faso,10/31/2009,11,1,-0.448679532,1.0,13.096810194780764,-1.086335777,-1.677620932,-1.73793523,1.25,0.8333333333333334,-0.433333333,13.1,-1.1,13.1,-1.1,13.1,-1.1,13.09217767,-1.083499768,0.8,-0.2890213131904602,-0.07499999999999998,75473947.14225903,0.16635879581192195,-1.2817542171050573
724,1122,sanmatenga(kaya),tanseyga,burkina_faso,10/31/2009,8,3,-0.926837642,1.0,13.096810194780764,-1.086335777,-1.677620932,-1.73793523,1.25,0.8333333333333334,-0.433333333,13.1,-1.1,13.1,-1.1,13.1,-1.1,13.09217767,-1.083499768,0.8,-0.2890213131904602,-0.07499999999999998,75473947.14225903,0.16635879581192195,-1.2817542171050573
725,1123,sanmatenga(kaya),tanseyga,burkina_faso,10/30/2009,11,1,-0.926223168,0.0,13.096810194780764,-1.086335777,-1.677620932,-1.73793523,1.25,0.8333333333333334,-0.433333333,13.1,-1.1,13.1,-1.1,13.1,-1.1,13.09217767,-1.083499768,0.8,-0.2890213131904602,-0.07499999999999998,75473947.14225903,0.16635879581192195,-1.2817542171050573
726,1125,sanmatenga(kaya),tanseyga,burkina_faso,10/30/2009,6,1,-0.758894702,1.0,13.096810194780764,-1.086335777,-1.677620932,-1.73793523,1.25,0.8333333333333334,-0.433333333,13.1,-1.1,13.1,-1.1,13.1,-1.1,13.09217767,-1.083499768,0.8,-0.2890213131904602,-0.07499999999999998,75473947.14225903,0.16635879581192195,-1.2817542171050573
727,1126,sanmatenga(kaya),tanseyga,burkina_faso,10/31/2009,5,1,1.5503703115667324,0.0,13.096810194780764,-1.086335777,-1.677620932,-1.73793523,1.25,0.8333333333333334,-0.433333333,13.1,-1.1,13.1,-1.1,13.1,-1.1,13.09217767,-1.083499768,0.8,-0.2890213131904602,-0.07499999999999998,75473947.14225903,0.16635879581192195,-1.2817542171050573
728,1128,sanmatenga(kaya),tanseyga,burkina_faso,10/31/2009,11,1,-0.796531272,0.0,13.096810194780764,-1.086335777,-1.677620932,-1.73793523,1.25,0.8333333333333334,-0.433333333,13.1,-1.1,13.1,-1.1,13.1,-1.1,13.09217767,-1.083499768,0.8,-0.2890213131904602,-0.07499999999999998,75473947.14225903,0.16635879581192195,-1.2817542171050573
729,1129,sanmatenga(kaya),tanseyga,burkina_faso,10/31/2009,11,2,-0.591889869,0.0,13.096810194780764,-1.086335777,-1.677620932,-1.73793523,1.25,0.8333333333333334,-0.433333333,13.1,-1.1,13.1,-1.1,13.1,-1.1,13.09217767,-1.083499768,0.8,-0.2890213131904602,-0.07499999999999998,75473947.14225903,0.16635879581192195,-1.2817542171050573
730,1134,sanmatenga(kaya),tanseyga,burkina_faso,10/31/2009,7,1,2.202562443106268,1.0,13.096810194780764,-1.086335777,-1.677620932,-1.73793523,1.25,0.8333333333333334,-0.433333333,13.1,-1.1,13.1,-1.1,13.1,-1.1,13.09217767,-1.083499768,0.8,-0.2890213131904602,-0.07499999999999998,75473947.14225903,0.16635879581192195,-1.2817542171050573
731,1135,sanmatenga(kaya),yalgo,burkina_faso,11/3/2009,14,3,-0.57468458,1.0,13.588768431548557,-0.263956546,-1.633850694,-1.848860502,3.0,0.1666666666666666,-0.166666667,13.6,-0.25,13.6,-0.25,13.6,-0.25,13.50282815,-0.148847385,0.4,-0.2035488486289978,-0.03620689655172409,131445606.5920893,0.1531004168277889,0.7332007895104761
732,1136,sanmatenga(kaya),yalgo,burkina_faso,11/4/2009,10,2,-0.923150794,1.0,13.588768431548557,-0.263956546,-1.633850694,-1.848860502,3.0,0.1666666666666666,-0.166666667,13.6,-0.25,13.6,-0.25,13.6,-0.25,13.50282815,-0.148847385,0.4,-0.2035488486289978,-0.03620689655172409,131445606.5920893,0.1531004168277889,0.7332007895104761
733,1137,sanmatenga(kaya),yalgo,burkina_faso,11/3/2009,10,1,-0.228918791,1.0,13.588768431548557,-0.263956546,-1.633850694,-1.848860502,3.0,0.1666666666666666,-0.166666667,13.6,-0.25,13.6,-0.25,13.6,-0.25,13.50282815,-0.148847385,0.4,-0.2035488486289978,-0.03620689655172409,131445606.5920893,0.1531004168277889,0.7332007895104761
734,1138,sanmatenga(kaya),yalgo,burkina_faso,11/3/2009,11,1,-0.931855851,0.0,13.588768431548557,-0.263956546,-1.633850694,-1.848860502,3.0,0.1666666666666666,-0.166666667,13.6,-0.25,13.6,-0.25,13.6,-0.25,13.50282815,-0.148847385,0.4,-0.2035488486289978,-0.03620689655172409,131445606.5920893,0.1531004168277889,0.7332007895104761
735,1139,sanmatenga(kaya),yalgo,burkina_faso,11/3/2009,12,1,-0.944042931,1.0,13.588768431548557,-0.263956546,-1.633850694,-1.848860502,3.0,0.1666666666666666,-0.166666667,13.6,-0.25,13.6,-0.25,13.6,-0.25,13.50282815,-0.148847385,0.4,-0.2035488486289978,-0.03620689655172409,131445606.5920893,0.1531004168277889,0.7332007895104761
736,1140,sanmatenga(kaya),yalgo,burkina_faso,11/3/2009,31,2,-0.59586032,1.0,13.588768431548557,-0.263956546,-1.633850694,-1.848860502,3.0,0.1666666666666666,-0.166666667,13.6,-0.25,13.6,-0.25,13.6,-0.25,13.50282815,-0.148847385,0.4,-0.2035488486289978,-0.03620689655172409,131445606.5920893,0.1531004168277889,0.7332007895104761
737,1141,sanmatenga(kaya),yalgo,burkina_faso,11/4/2009,5,1,-0.928271416,0.0,13.588768431548557,-0.263956546,-1.633850694,-1.848860502,3.0,0.1666666666666666,-0.166666667,13.6,-0.25,13.6,-0.25,13.6,-0.25,13.50282815,-0.148847385,0.4,-0.2035488486289978,-0.03620689655172409,131445606.5920893,0.1531004168277889,0.7332007895104761
738,1142,sanmatenga(kaya),yalgo,burkina_faso,11/3/2009,10,1,-0.935440287,1.0,13.588768431548557,-0.263956546,-1.633850694,-1.848860502,3.0,0.1666666666666666,-0.166666667,13.6,-0.25,13.6,-0.25,13.6,-0.25,13.50282815,-0.148847385,0.4,-0.2035488486289978,-0.03620689655172409,131445606.5920893,0.1531004168277889,0.7332007895104761
739,1143,sanmatenga(kaya),yalgo,burkina_faso,11/4/2009,13,1,-0.569992228,1.0,13.588768431548557,-0.263956546,-1.633850694,-1.848860502,3.0,0.1666666666666666,-0.166666667,13.6,-0.25,13.6,-0.25,13.6,-0.25,13.50282815,-0.148847385,0.4,-0.2035488486289978,-0.03620689655172409,131445606.5920893,0.1531004168277889,0.7332007895104761
740,1144,sanmatenga(kaya),yalgo,burkina_faso,11/4/2009,10,7,-0.946193592,1.0,13.588768431548557,-0.263956546,-1.633850694,-1.848860502,3.0,0.1666666666666666,-0.166666667,13.6,-0.25,13.6,-0.25,13.6,-0.25,13.50282815,-0.148847385,0.4,-0.2035488486289978,-0.03620689655172409,131445606.5920893,0.1531004168277889,0.7332007895104761
741,1145,sanmatenga(kaya),yalgo,burkina_faso,11/4/2009,13,1,-0.575640429,1.0,13.588768431548557,-0.263956546,-1.633850694,-1.848860502,3.0,0.1666666666666666,-0.166666667,13.6,-0.25,13.6,-0.25,13.6,-0.25,13.50282815,-0.148847385,0.4,-0.2035488486289978,-0.03620689655172409,131445606.5920893,0.1531004168277889,0.7332007895104761
742,1146,sanmatenga(kaya),yalgo,burkina_faso,11/3/2009,20,1,-0.606022785,1.0,13.588768431548557,-0.263956546,-1.633850694,-1.848860502,3.0,0.1666666666666666,-0.166666667,13.6,-0.25,13.6,-0.25,13.6,-0.25,13.50282815,-0.148847385,0.4,-0.2035488486289978,-0.03620689655172409,131445606.5920893,0.1531004168277889,0.7332007895104761
743,1147,sanmatenga(kaya),yalgo,burkina_faso,11/3/2009,11,2,0.1610500626752317,1.0,13.588768431548557,-0.263956546,-1.633850694,-1.848860502,3.0,0.1666666666666666,-0.166666667,13.6,-0.25,13.6,-0.25,13.6,-0.25,13.50282815,-0.148847385,0.4,-0.2035488486289978,-0.03620689655172409,131445606.5920893,0.1531004168277889,0.7332007895104761
744,1148,sanmatenga(kaya),yalgo,burkina_faso,11/4/2009,6,1,-0.910861302,1.0,13.588768431548557,-0.263956546,-1.633850694,-1.848860502,3.0,0.1666666666666666,-0.166666667,13.6,-0.25,13.6,-0.25,13.6,-0.25,13.50282815,-0.148847385,0.4,-0.2035488486289978,-0.03620689655172409,131445606.5920893,0.1531004168277889,0.7332007895104761
745,1149,sanmatenga(kaya),yalgo,burkina_faso,11/4/2009,14,2,-0.925881793,1.0,13.588768431548557,-0.263956546,-1.633850694,-1.848860502,3.0,0.1666666666666666,-0.166666667,13.6,-0.25,13.6,-0.25,13.6,-0.25,13.50282815,-0.148847385,0.4,-0.2035488486289978,-0.03620689655172409,131445606.5920893,0.1531004168277889,0.7332007895104761
746,1150,sanmatenga(kaya),yalgo,burkina_faso,11/4/2009,8,1,-0.921102546,1.0,13.588768431548557,-0.263956546,-1.633850694,-1.848860502,3.0,0.1666666666666666,-0.166666667,13.6,-0.25,13.6,-0.25,13.6,-0.25,13.50282815,-0.148847385,0.4,-0.2035488486289978,-0.03620689655172409,131445606.5920893,0.1531004168277889,0.7332007895104761
747,1151,sanmatenga(kaya),yalgo,burkina_faso,11/4/2009,25,2,-0.922297358,1.0,13.588768431548557,-0.263956546,-1.633850694,-1.848860502,3.0,0.1666666666666666,-0.166666667,13.6,-0.25,13.6,-0.25,13.6,-0.25,13.50282815,-0.148847385,0.4,-0.2035488486289978,-0.03620689655172409,131445606.5920893,0.1531004168277889,0.7332007895104761
748,1152,sanmatenga(kaya),yalgo,burkina_faso,11/3/2009,9,1,-0.924686981,1.0,13.588768431548557,-0.263956546,-1.633850694,-1.848860502,3.0,0.1666666666666666,-0.166666667,13.6,-0.25,13.6,-0.25,13.6,-0.25,13.50282815,-0.148847385,0.4,-0.2035488486289978,-0.03620689655172409,131445606.5920893,0.1531004168277889,0.7332007895104761
749,1162,sanmatenga(kaya),zoamba,burkina_faso,11/2/2009,7,1,-0.942609157,1.0,12.76667,-0.83333,-1.636837423,-1.653866142,1.25,1.0,-0.333333333,12.75,-0.85,12.75,-0.85,12.75,-0.85,12.76161893,-0.694916179,0.8,-0.2483685314655304,-0.075,192661617.4148026,0.1964540447852095,-0.7877384860230515
750,1163,sanmatenga(kaya),zoamba,burkina_faso,11/1/2009,12,2,-0.924686981,1.0,12.76667,-0.83333,-1.636837423,-1.653866142,1.25,1.0,-0.333333333,12.75,-0.85,12.75,-0.85,12.75,-0.85,12.76161893,-0.694916179,0.8,-0.2483685314655304,-0.075,192661617.4148026,0.1964540447852095,-0.7877384860230515
751,1164,sanmatenga(kaya),zoamba,burkina_faso,11/1/2009,6,1,-0.956946898,1.0,12.76667,-0.83333,-1.636837423,-1.653866142,1.25,1.0,-0.333333333,12.75,-0.85,12.75,-0.85,12.75,-0.85,12.76161893,-0.694916179,0.8,-0.2483685314655304,-0.075,192661617.4148026,0.1964540447852095,-0.7877384860230515
752,1169,sanmatenga(kaya),zoamba,burkina_faso,11/1/2009,12,2,-0.426404827,1.0,12.76667,-0.83333,-1.636837423,-1.653866142,1.25,1.0,-0.333333333,12.75,-0.85,12.75,-0.85,12.75,-0.85,12.76161893,-0.694916179,0.8,-0.2483685314655304,-0.075,192661617.4148026,0.1964540447852095,-0.7877384860230515
753,1170,sanmatenga(kaya),zoamba,burkina_faso,11/1/2009,16,1,-0.5828093,1.0,12.76667,-0.83333,-1.636837423,-1.653866142,1.25,1.0,-0.333333333,12.75,-0.85,12.75,-0.85,12.75,-0.85,12.76161893,-0.694916179,0.8,-0.2483685314655304,-0.075,192661617.4148026,0.1964540447852095,-0.7877384860230515
754,1171,sanmatenga(kaya),zoamba,burkina_faso,11/1/2009,12,1,-0.929295541,0.0,12.76667,-0.83333,-1.636837423,-1.653866142,1.25,1.0,-0.333333333,12.75,-0.85,12.75,-0.85,12.75,-0.85,12.76161893,-0.694916179,0.8,-0.2483685314655304,-0.075,192661617.4148026,0.1964540447852095,-0.7877384860230515
755,1172,sanmatenga(kaya),zoamba,burkina_faso,11/1/2009,8,1,-0.921102546,1.0,12.76667,-0.83333,-1.636837423,-1.653866142,1.25,1.0,-0.333333333,12.75,-0.85,12.75,-0.85,12.75,-0.85,12.76161893,-0.694916179,0.8,-0.2483685314655304,-0.075,192661617.4148026,0.1964540447852095,-0.7877384860230515
756,1173,sanmatenga(kaya),zoamba,burkina_faso,11/1/2009,9,1,-0.956946898,1.0,12.76667,-0.83333,-1.636837423,-1.653866142,1.25,1.0,-0.333333333,12.75,-0.85,12.75,-0.85,12.75,-0.85,12.76161893,-0.694916179,0.8,-0.2483685314655304,-0.075,192661617.4148026,0.1964540447852095,-0.7877384860230515
757,1174,sanmatenga(kaya),zoamba,burkina_faso,11/1/2009,10,2,-0.919310328,0.0,12.76667,-0.83333,-1.636837423,-1.653866142,1.25,1.0,-0.333333333,12.75,-0.85,12.75,-0.85,12.75,-0.85,12.76161893,-0.694916179,0.8,-0.2483685314655304,-0.075,192661617.4148026,0.1964540447852095,-0.7877384860230515
758,1175,sanmatenga(kaya),zoamba,burkina_faso,11/2/2009,10,1,-0.946193592,0.0,12.76667,-0.83333,-1.636837423,-1.653866142,1.25,1.0,-0.333333333,12.75,-0.85,12.75,-0.85,12.75,-0.85,12.76161893,-0.694916179,0.8,-0.2483685314655304,-0.075,192661617.4148026,0.1964540447852095,-0.7877384860230515
759,1177,sanmatenga(kaya),zoamba,burkina_faso,11/1/2009,14,3,-0.925881793,0.0,12.76667,-0.83333,-1.636837423,-1.653866142,1.25,1.0,-0.333333333,12.75,-0.85,12.75,-0.85,12.75,-0.85,12.76161893,-0.694916179,0.8,-0.2483685314655304,-0.075,192661617.4148026,0.1964540447852095,-0.7877384860230515
760,1178,sanmatenga(kaya),zoamba,burkina_faso,11/1/2009,8,1,1.7345968289315556,1.0,12.76667,-0.83333,-1.636837423,-1.653866142,1.25,1.0,-0.333333333,12.75,-0.85,12.75,-0.85,12.75,-0.85,12.76161893,-0.694916179,0.8,-0.2483685314655304,-0.075,192661617.4148026,0.1964540447852095,-0.7877384860230515
761,1179,sanmatenga(kaya),zoamba,burkina_faso,11/1/2009,10,1,-0.919310328,0.0,12.76667,-0.83333,-1.636837423,-1.653866142,1.25,1.0,-0.333333333,12.75,-0.85,12.75,-0.85,12.75,-0.85,12.76161893,-0.694916179,0.8,-0.2483685314655304,-0.075,192661617.4148026,0.1964540447852095,-0.7877384860230515
762,1180,sanmatenga(kaya),zoamba,burkina_faso,11/1/2009,12,2,1.5672683633706312,1.0,12.76667,-0.83333,-1.636837423,-1.653866142,1.25,1.0,-0.333333333,12.75,-0.85,12.75,-0.85,12.75,-0.85,12.76161893,-0.694916179,0.8,-0.2483685314655304,-0.075,192661617.4148026,0.1964540447852095,-0.7877384860230515
763,1181,sanmatenga(kaya),zoamba,burkina_faso,11/1/2009,10,1,-0.946193592,1.0,12.76667,-0.83333,-1.636837423,-1.653866142,1.25,1.0,-0.333333333,12.75,-0.85,12.75,-0.85,12.75,-0.85,12.76161893,-0.694916179,0.8,-0.2483685314655304,-0.075,192661617.4148026,0.1964540447852095,-0.7877384860230515
764,1182,sanmatenga(kaya),zoamba,burkina_faso,11/1/2009,15,1,-0.203315683,0.0,12.76667,-0.83333,-1.636837423,-1.653866142,1.25,1.0,-0.333333333,12.75,-0.85,12.75,-0.85,12.75,-0.85,12.76161893,-0.694916179,0.8,-0.2483685314655304,-0.075,192661617.4148026,0.1964540447852095,-0.7877384860230515
765,1183,sanmatenga(kaya),zoamba,burkina_faso,11/1/2009,7,1,-0.419645607,1.0,12.76667,-0.83333,-1.636837423,-1.653866142,1.25,1.0,-0.333333333,12.75,-0.85,12.75,-0.85,12.75,-0.85,12.76161893,-0.694916179,0.8,-0.2483685314655304,-0.075,192661617.4148026,0.1964540447852095,-0.7877384860230515
766,1184,sanmatenga(kaya),zoamba,burkina_faso,11/1/2009,9,2,-0.94081694,0.0,12.76667,-0.83333,-1.636837423,-1.653866142,1.25,1.0,-0.333333333,12.75,-0.85,12.75,-0.85,12.75,-0.85,12.76161893,-0.694916179,0.8,-0.2483685314655304,-0.075,192661617.4148026,0.1964540447852095,-0.7877384860230515
767,1189,boulkiemdÃ©(koudougou),kokolo,burkina_faso,10/31/2009,13,14,0.5966951635472834,1.0,11.496635114800164,-4.722468305,-1.765131921,-2.098839939,3.5,0.8333333333333334,-0.433333333,11.5,-4.7,11.5,-4.7,11.5,-4.7,11.49964591,-4.781204746,1.2,-0.35761014620463055,-0.11666666666666668,137015182.57354656,0.2472558622009058,0.7331531823310513
768,1190,boulkiemdÃ©(koudougou),kokolo,burkina_faso,10/31/2009,17,1,-0.938128613,0.0,11.496635114800164,-4.722468305,-1.765131921,-2.098839939,3.5,0.8333333333333334,-0.433333333,11.5,-4.7,11.5,-4.7,11.5,-4.7,11.49964591,-4.781204746,1.2,-0.35761014620463055,-0.11666666666666668,137015182.57354656,0.2472558622009058,0.7331531823310513
769,1191,boulkiemdÃ©(koudougou),kokolo,burkina_faso,10/31/2009,9,3,-0.769648008,1.0,11.496635114800164,-4.722468305,-1.765131921,-2.098839939,3.5,0.8333333333333334,-0.433333333,11.5,-4.7,11.5,-4.7,11.5,-4.7,11.49964591,-4.781204746,1.2,-0.35761014620463055,-0.11666666666666668,137015182.57354656,0.2472558622009058,0.7331531823310513
770,1192,boulkiemdÃ©(koudougou),kokolo,burkina_faso,10/31/2009,7,1,-0.787570184,1.0,11.496635114800164,-4.722468305,-1.765131921,-2.098839939,3.5,0.8333333333333334,-0.433333333,11.5,-4.7,11.5,-4.7,11.5,-4.7,11.49964591,-4.781204746,1.2,-0.35761014620463055,-0.11666666666666668,137015182.57354656,0.2472558622009058,0.7331531823310513
771,1193,boulkiemdÃ©(koudougou),kokolo,burkina_faso,10/31/2009,4,1,-0.418211832,1.0,11.496635114800164,-4.722468305,-1.765131921,-2.098839939,3.5,0.8333333333333334,-0.433333333,11.5,-4.7,11.5,-4.7,11.5,-4.7,11.49964591,-4.781204746,1.2,-0.35761014620463055,-0.11666666666666668,137015182.57354656,0.2472558622009058,0.7331531823310513
772,1194,boulkiemdÃ©(koudougou),kokolo,burkina_faso,10/31/2009,10,4,-0.952454204,1.0,11.496635114800164,-4.722468305,-1.765131921,-2.098839939,3.5,0.8333333333333334,-0.433333333,11.5,-4.7,11.5,-4.7,11.5,-4.7,11.49964591,-4.781204746,1.2,-0.35761014620463055,-0.11666666666666668,137015182.57354656,0.2472558622009058,0.7331531823310513
773,1195,boulkiemdÃ©(koudougou),kokolo,burkina_faso,10/31/2009,9,10,-0.956946898,0.0,11.496635114800164,-4.722468305,-1.765131921,-2.098839939,3.5,0.8333333333333334,-0.433333333,11.5,-4.7,11.5,-4.7,11.5,-4.7,11.49964591,-4.781204746,1.2,-0.35761014620463055,-0.11666666666666668,137015182.57354656,0.2472558622009058,0.7331531823310513
774,1196,boulkiemdÃ©(koudougou),kokolo,burkina_faso,10/31/2009,5,1,-0.919310328,0.0,11.496635114800164,-4.722468305,-1.765131921,-2.098839939,3.5,0.8333333333333334,-0.433333333,11.5,-4.7,11.5,-4.7,11.5,-4.7,11.49964591,-4.781204746,1.2,-0.35761014620463055,-0.11666666666666668,137015182.57354656,0.2472558622009058,0.7331531823310513
775,1197,boulkiemdÃ©(koudougou),kokolo,burkina_faso,10/31/2009,7,1,-0.787570184,0.0,11.496635114800164,-4.722468305,-1.765131921,-2.098839939,3.5,0.8333333333333334,-0.433333333,11.5,-4.7,11.5,-4.7,11.5,-4.7,11.49964591,-4.781204746,1.2,-0.35761014620463055,-0.11666666666666668,137015182.57354656,0.2472558622009058,0.7331531823310513
776,1198,boulkiemdÃ©(koudougou),kokolo,burkina_faso,10/31/2009,4,1,-0.780401313,0.0,11.496635114800164,-4.722468305,-1.765131921,-2.098839939,3.5,0.8333333333333334,-0.433333333,11.5,-4.7,11.5,-4.7,11.5,-4.7,11.49964591,-4.781204746,1.2,-0.35761014620463055,-0.11666666666666668,137015182.57354656,0.2472558622009058,0.7331531823310513
777,1199,boulkiemdÃ©(koudougou),kokolo,burkina_faso,10/31/2009,9,1,-0.776099991,1.0,11.496635114800164,-4.722468305,-1.765131921,-2.098839939,3.5,0.8333333333333334,-0.433333333,11.5,-4.7,11.5,-4.7,11.5,-4.7,11.49964591,-4.781204746,1.2,-0.35761014620463055,-0.11666666666666668,137015182.57354656,0.2472558622009058,0.7331531823310513
778,1200,boulkiemdÃ©(koudougou),kokolo,burkina_faso,10/31/2009,11,1,-0.626109076,1.0,11.496635114800164,-4.722468305,-1.765131921,-2.098839939,3.5,0.8333333333333334,-0.433333333,11.5,-4.7,11.5,-4.7,11.5,-4.7,11.49964591,-4.781204746,1.2,-0.35761014620463055,-0.11666666666666668,137015182.57354656,0.2472558622009058,0.7331531823310513
779,1201,boulkiemdÃ©(koudougou),kokolo,burkina_faso,10/31/2009,6,1,1.6301361450529084,1.0,11.496635114800164,-4.722468305,-1.765131921,-2.098839939,3.5,0.8333333333333334,-0.433333333,11.5,-4.7,11.5,-4.7,11.5,-4.7,11.49964591,-4.781204746,1.2,-0.35761014620463055,-0.11666666666666668,137015182.57354656,0.2472558622009058,0.7331531823310513
780,1202,boulkiemdÃ©(koudougou),kokolo,burkina_faso,10/31/2009,4,1,-0.766063572,1.0,11.496635114800164,-4.722468305,-1.765131921,-2.098839939,3.5,0.8333333333333334,-0.433333333,11.5,-4.7,11.5,-4.7,11.5,-4.7,11.49964591,-4.781204746,1.2,-0.35761014620463055,-0.11666666666666668,137015182.57354656,0.2472558622009058,0.7331531823310513
781,1203,boulkiemdÃ©(koudougou),kokolo,burkina_faso,10/31/2009,10,1,-0.952454204,1.0,11.496635114800164,-4.722468305,-1.765131921,-2.098839939,3.5,0.8333333333333334,-0.433333333,11.5,-4.7,11.5,-4.7,11.5,-4.7,11.49964591,-4.781204746,1.2,-0.35761014620463055,-0.11666666666666668,137015182.57354656,0.2472558622009058,0.7331531823310513
782,1204,boulkiemdÃ©(koudougou),kokolo,burkina_faso,10/31/2009,8,5,-0.949778028,0.0,11.496635114800164,-4.722468305,-1.765131921,-2.098839939,3.5,0.8333333333333334,-0.433333333,11.5,-4.7,11.5,-4.7,11.5,-4.7,11.49964591,-4.781204746,1.2,-0.35761014620463055,-0.11666666666666668,137015182.57354656,0.2472558622009058,0.7331531823310513
783,1205,boulkiemdÃ©(koudougou),kokolo,burkina_faso,10/31/2009,5,1,-0.764271355,1.0,11.496635114800164,-4.722468305,-1.765131921,-2.098839939,3.5,0.8333333333333334,-0.433333333,11.5,-4.7,11.5,-4.7,11.5,-4.7,11.49964591,-4.781204746,1.2,-0.35761014620463055,-0.11666666666666668,137015182.57354656,0.2472558622009058,0.7331531823310513
784,1206,boulkiemdÃ©(koudougou),kokolo,burkina_faso,10/31/2009,5,1,-0.210996615,0.0,11.496635114800164,-4.722468305,-1.765131921,-2.098839939,3.5,0.8333333333333334,-0.433333333,11.5,-4.7,11.5,-4.7,11.5,-4.7,11.49964591,-4.781204746,1.2,-0.35761014620463055,-0.11666666666666668,137015182.57354656,0.2472558622009058,0.7331531823310513
785,1225,boulkiemdÃ©(koudougou),koudougou secteur 9,burkina_faso,11/11/2009,5,1,6.851595324576287,0.0,12.25647213022534,-2.351748273,-1.660920113,-1.808899343,1.875,1.0,-0.333333333,12.25,-2.35,12.25,-2.35,12.25,-2.35,12.25436214,-2.354225661,1.2,-0.22687315940856934,-0.11666666666666665,56611305.97077563,0.18623091512373205,-0.08078036880446902
786,1226,boulkiemdÃ©(koudougou),koudougou secteur 9,burkina_faso,11/11/2009,5,1,12.043037331997482,1.0,12.25647213022534,-2.351748273,-1.660920113,-1.808899343,1.875,1.0,-0.333333333,12.25,-2.35,12.25,-2.35,12.25,-2.35,12.25436214,-2.354225661,1.2,-0.22687315940856934,-0.11666666666666665,56611305.97077563,0.18623091512373205,-0.08078036880446902
787,1227,boulkiemdÃ©(koudougou),koudougou secteur 9,burkina_faso,11/11/2009,3,1,7.229447967662766,0.0,12.25647213022534,-2.351748273,-1.660920113,-1.808899343,1.875,1.0,-0.333333333,12.25,-2.35,12.25,-2.35,12.25,-2.35,12.25436214,-2.354225661,1.2,-0.22687315940856934,-0.11666666666666665,56611305.97077563,0.18623091512373205,-0.08078036880446902
788,1228,boulkiemdÃ©(koudougou),koudougou secteur 9,burkina_faso,11/11/2009,10,1,7.714244126531234,1.0,12.25647213022534,-2.351748273,-1.660920113,-1.808899343,1.875,1.0,-0.333333333,12.25,-2.35,12.25,-2.35,12.25,-2.35,12.25436214,-2.354225661,1.2,-0.22687315940856934,-0.11666666666666665,56611305.97077563,0.18623091512373205,-0.08078036880446902
789,1229,boulkiemdÃ©(koudougou),koudougou secteur 9,burkina_faso,11/11/2009,5,2,7.721412996993495,0.0,12.25647213022534,-2.351748273,-1.660920113,-1.808899343,1.875,1.0,-0.333333333,12.25,-2.35,12.25,-2.35,12.25,-2.35,12.25436214,-2.354225661,1.2,-0.22687315940856934,-0.11666666666666665,56611305.97077563,0.18623091512373205,-0.08078036880446902
790,1230,boulkiemdÃ©(koudougou),koudougou secteur 9,burkina_faso,11/11/2009,6,1,9.715258565930927,0.0,12.25647213022534,-2.351748273,-1.660920113,-1.808899343,1.875,1.0,-0.333333333,12.25,-2.35,12.25,-2.35,12.25,-2.35,12.25436214,-2.354225661,1.2,-0.22687315940856934,-0.11666666666666665,56611305.97077563,0.18623091512373205,-0.08078036880446902
791,1231,boulkiemdÃ©(koudougou),koudougou secteur 9,burkina_faso,11/11/2009,10,1,5.224849093031946,1.0,12.25647213022534,-2.351748273,-1.660920113,-1.808899343,1.875,1.0,-0.333333333,12.25,-2.35,12.25,-2.35,12.25,-2.35,12.25436214,-2.354225661,1.2,-0.22687315940856934,-0.11666666666666665,56611305.97077563,0.18623091512373205,-0.08078036880446902
792,1232,boulkiemdÃ©(koudougou),koudougou secteur 9,burkina_faso,11/11/2009,5,1,0.3375460459124116,1.0,12.25647213022534,-2.351748273,-1.660920113,-1.808899343,1.875,1.0,-0.333333333,12.25,-2.35,12.25,-2.35,12.25,-2.35,12.25436214,-2.354225661,1.2,-0.22687315940856934,-0.11666666666666665,56611305.97077563,0.18623091512373205,-0.08078036880446902
793,1233,boulkiemdÃ©(koudougou),koudougou secteur 9,burkina_faso,11/11/2009,13,1,8.513537842,1.0,12.25647213022534,-2.351748273,-1.660920113,-1.808899343,1.875,1.0,-0.333333333,12.25,-2.35,12.25,-2.35,12.25,-2.35,12.25436214,-2.354225661,1.2,-0.22687315940856934,-0.11666666666666665,56611305.97077563,0.18623091512373205,-0.08078036880446902
794,1234,boulkiemdÃ©(koudougou),koudougou secteur 9,burkina_faso,11/11/2009,5,2,8.996191547222898,0.0,12.25647213022534,-2.351748273,-1.660920113,-1.808899343,1.875,1.0,-0.333333333,12.25,-2.35,12.25,-2.35,12.25,-2.35,12.25436214,-2.354225661,1.2,-0.22687315940856934,-0.11666666666666665,56611305.97077563,0.18623091512373205,-0.08078036880446902
795,1235,boulkiemdÃ©(koudougou),koudougou secteur 9,burkina_faso,11/11/2009,10,1,3.0027638366605176,0.0,12.25647213022534,-2.351748273,-1.660920113,-1.808899343,1.875,1.0,-0.333333333,12.25,-2.35,12.25,-2.35,12.25,-2.35,12.25436214,-2.354225661,1.2,-0.22687315940856934,-0.11666666666666665,56611305.97077563,0.18623091512373205,-0.08078036880446902
796,1236,boulkiemdÃ©(koudougou),koudougou secteur 9,burkina_faso,11/11/2009,10,2,7.703490820837844,1.0,12.25647213022534,-2.351748273,-1.660920113,-1.808899343,1.875,1.0,-0.333333333,12.25,-2.35,12.25,-2.35,12.25,-2.35,12.25436214,-2.354225661,1.2,-0.22687315940856934,-0.11666666666666665,56611305.97077563,0.18623091512373205,-0.08078036880446902
797,1237,boulkiemdÃ©(koudougou),koudougou secteur 9,burkina_faso,11/11/2009,3,1,9.001568200069594,0.0,12.25647213022534,-2.351748273,-1.660920113,-1.808899343,1.875,1.0,-0.333333333,12.25,-2.35,12.25,-2.35,12.25,-2.35,12.25436214,-2.354225661,1.2,-0.22687315940856934,-0.11666666666666665,56611305.97077563,0.18623091512373205,-0.08078036880446902
798,1238,boulkiemdÃ©(koudougou),koudougou secteur 9,burkina_faso,11/11/2009,5,1,3.181961689885769,1.0,12.25647213022534,-2.351748273,-1.660920113,-1.808899343,1.875,1.0,-0.333333333,12.25,-2.35,12.25,-2.35,12.25,-2.35,12.25436214,-2.354225661,1.2,-0.22687315940856934,-0.11666666666666665,56611305.97077563,0.18623091512373205,-0.08078036880446902
799,1239,boulkiemdÃ©(koudougou),koudougou secteur 9,burkina_faso,11/11/2009,4,4,11.051322750702036,1.0,12.25647213022534,-2.351748273,-1.660920113,-1.808899343,1.875,1.0,-0.333333333,12.25,-2.35,12.25,-2.35,12.25,-2.35,12.25436214,-2.354225661,1.2,-0.22687315940856934,-0.11666666666666665,56611305.97077563,0.18623091512373205,-0.08078036880446902
800,1240,boulkiemdÃ©(koudougou),koudougou secteur 9,burkina_faso,11/11/2009,2,1,0.5069227601768389,1.0,12.25647213022534,-2.351748273,-1.660920113,-1.808899343,1.875,1.0,-0.333333333,12.25,-2.35,12.25,-2.35,12.25,-2.35,12.25436214,-2.354225661,1.2,-0.22687315940856934,-0.11666666666666665,56611305.97077563,0.18623091512373205,-0.08078036880446902
801,1241,boulkiemdÃ©(koudougou),koudougou secteur 9,burkina_faso,11/11/2009,7,1,0.4782472783277984,1.0,12.25647213022534,-2.351748273,-1.660920113,-1.808899343,1.875,1.0,-0.333333333,12.25,-2.35,12.25,-2.35,12.25,-2.35,12.25436214,-2.354225661,1.2,-0.22687315940856934,-0.11666666666666665,56611305.97077563,0.18623091512373205,-0.08078036880446902
802,1242,boulkiemdÃ©(koudougou),koudougou secteur 9,burkina_faso,11/11/2009,3,1,1.076327458391655,1.0,12.25647213022534,-2.351748273,-1.660920113,-1.808899343,1.875,1.0,-0.333333333,12.25,-2.35,12.25,-2.35,12.25,-2.35,12.25436214,-2.354225661,1.2,-0.22687315940856934,-0.11666666666666665,56611305.97077563,0.18623091512373205,-0.08078036880446902
803,1244,boulkiemdÃ©(koudougou),nadiolo,burkina_faso,11/5/2009,4,4,-0.766063572,1.0,12.09379722026458,-2.452068613,-1.670132592,-1.742447749,1.625,1.0,-0.333333333,12.1,-2.45,12.1,-2.45,12.1,-2.45,12.07151562,-2.443899142,1.2,-0.20975716908772787,-0.11666666666666665,56611305.97077563,0.20166195610224952,-0.19710375989764864
804,1245,boulkiemdÃ©(koudougou),nadiolo,burkina_faso,11/5/2009,18,4,1.681752012381181,1.0,12.09379722026458,-2.452068613,-1.670132592,-1.742447749,1.625,1.0,-0.333333333,12.1,-2.45,12.1,-2.45,12.1,-2.45,12.07151562,-2.443899142,1.2,-0.20975716908772787,-0.11666666666666665,56611305.97077563,0.20166195610224952,-0.19710375989764864
805,1246,boulkiemdÃ©(koudougou),nadiolo,burkina_faso,11/5/2009,7,3,-0.307776366,1.0,12.09379722026458,-2.452068613,-1.670132592,-1.742447749,1.625,1.0,-0.333333333,12.1,-2.45,12.1,-2.45,12.1,-2.45,12.07151562,-2.443899142,1.2,-0.20975716908772787,-0.11666666666666665,56611305.97077563,0.20166195610224952,-0.19710375989764864
806,1248,boulkiemdÃ©(koudougou),nadiolo,burkina_faso,11/5/2009,9,2,-0.989206815,1.0,12.09379722026458,-2.452068613,-1.670132592,-1.742447749,1.625,1.0,-0.333333333,12.1,-2.45,12.1,-2.45,12.1,-2.45,12.07151562,-2.443899142,1.2,-0.20975716908772787,-0.11666666666666665,56611305.97077563,0.20166195610224952,-0.19710375989764864
807,1249,boulkiemdÃ©(koudougou),nadiolo,burkina_faso,11/5/2009,8,3,-0.780401313,1.0,12.09379722026458,-2.452068613,-1.670132592,-1.742447749,1.625,1.0,-0.333333333,12.1,-2.45,12.1,-2.45,12.1,-2.45,12.07151562,-2.443899142,1.2,-0.20975716908772787,-0.11666666666666665,56611305.97077563,0.20166195610224952,-0.19710375989764864
808,1252,boulkiemdÃ©(koudougou),nadiolo,burkina_faso,11/5/2009,9,2,1.7107859377533343,0.0,12.09379722026458,-2.452068613,-1.670132592,-1.742447749,1.625,1.0,-0.333333333,12.1,-2.45,12.1,-2.45,12.1,-2.45,12.07151562,-2.443899142,1.2,-0.20975716908772787,-0.11666666666666665,56611305.97077563,0.20166195610224952,-0.19710375989764864
809,1253,boulkiemdÃ©(koudougou),nadiolo,burkina_faso,11/5/2009,16,3,2.7268234724028773,1.0,12.09379722026458,-2.452068613,-1.670132592,-1.742447749,1.625,1.0,-0.333333333,12.1,-2.45,12.1,-2.45,12.1,-2.45,12.07151562,-2.443899142,1.2,-0.20975716908772787,-0.11666666666666665,56611305.97077563,0.20166195610224952,-0.19710375989764864
810,1254,boulkiemdÃ©(koudougou),nadiolo,burkina_faso,11/5/2009,9,9,2.0876716031372955,1.0,12.09379722026458,-2.452068613,-1.670132592,-1.742447749,1.625,1.0,-0.333333333,12.1,-2.45,12.1,-2.45,12.1,-2.45,12.07151562,-2.443899142,1.2,-0.20975716908772787,-0.11666666666666665,56611305.97077563,0.20166195610224952,-0.19710375989764864
811,1255,boulkiemdÃ©(koudougou),nadiolo,burkina_faso,11/5/2009,13,1,-1.032220038,1.0,12.09379722026458,-2.452068613,-1.670132592,-1.742447749,1.625,1.0,-0.333333333,12.1,-2.45,12.1,-2.45,12.1,-2.45,12.07151562,-2.443899142,1.2,-0.20975716908772787,-0.11666666666666665,56611305.97077563,0.20166195610224952,-0.19710375989764864
812,1256,boulkiemdÃ©(koudougou),nadiolo,burkina_faso,11/5/2009,7,1,-0.787570184,0.0,12.09379722026458,-2.452068613,-1.670132592,-1.742447749,1.625,1.0,-0.333333333,12.1,-2.45,12.1,-2.45,12.1,-2.45,12.07151562,-2.443899142,1.2,-0.20975716908772787,-0.11666666666666665,56611305.97077563,0.20166195610224952,-0.19710375989764864
813,1257,boulkiemdÃ©(koudougou),nadiolo,burkina_faso,11/4/2009,20,2,-0.952454204,1.0,12.09379722026458,-2.452068613,-1.670132592,-1.742447749,1.625,1.0,-0.333333333,12.1,-2.45,12.1,-2.45,12.1,-2.45,12.07151562,-2.443899142,1.2,-0.20975716908772787,-0.11666666666666665,56611305.97077563,0.20166195610224952,-0.19710375989764864
814,1258,boulkiemdÃ©(koudougou),nadiolo,burkina_faso,11/5/2009,11,3,-0.507822713,1.0,12.09379722026458,-2.452068613,-1.670132592,-1.742447749,1.625,1.0,-0.333333333,12.1,-2.45,12.1,-2.45,12.1,-2.45,12.07151562,-2.443899142,1.2,-0.20975716908772787,-0.11666666666666665,56611305.97077563,0.20166195610224952,-0.19710375989764864
815,1260,boulkiemdÃ©(koudougou),nadiolo,burkina_faso,11/5/2009,14,1,1.6588116269019488,0.0,12.09379722026458,-2.452068613,-1.670132592,-1.742447749,1.625,1.0,-0.333333333,12.1,-2.45,12.1,-2.45,12.1,-2.45,12.07151562,-2.443899142,1.2,-0.20975716908772787,-0.11666666666666665,56611305.97077563,0.20166195610224952,-0.19710375989764864
816,1262,boulkiemdÃ©(koudougou),nadiolo,burkina_faso,11/5/2009,13,1,0.6434717658709629,1.0,12.09379722026458,-2.452068613,-1.670132592,-1.742447749,1.625,1.0,-0.333333333,12.1,-2.45,12.1,-2.45,12.1,-2.45,12.07151562,-2.443899142,1.2,-0.20975716908772787,-0.11666666666666665,56611305.97077563,0.20166195610224952,-0.19710375989764864
817,1265,boulkiemdÃ©(koudougou),nadiolo,burkina_faso,11/4/2009,9,1,-0.776099991,0.0,12.09379722026458,-2.452068613,-1.670132592,-1.742447749,1.625,1.0,-0.333333333,12.1,-2.45,12.1,-2.45,12.1,-2.45,12.07151562,-2.443899142,1.2,-0.20975716908772787,-0.11666666666666665,56611305.97077563,0.20166195610224952,-0.19710375989764864
818,1267,boulkiemdÃ©(koudougou),nadiolo,burkina_faso,11/5/2009,6,1,-0.801907925,1.0,12.09379722026458,-2.452068613,-1.670132592,-1.742447749,1.625,1.0,-0.333333333,12.1,-2.45,12.1,-2.45,12.1,-2.45,12.07151562,-2.443899142,1.2,-0.20975716908772787,-0.11666666666666665,56611305.97077563,0.20166195610224952,-0.19710375989764864
819,1268,boulkiemdÃ©(koudougou),nadiolo,burkina_faso,11/5/2009,13,3,-0.41283518,0.0,12.09379722026458,-2.452068613,-1.670132592,-1.742447749,1.625,1.0,-0.333333333,12.1,-2.45,12.1,-2.45,12.1,-2.45,12.07151562,-2.443899142,1.2,-0.20975716908772787,-0.11666666666666665,56611305.97077563,0.20166195610224952,-0.19710375989764864
820,1278,boulkiemdÃ©(koudougou),sabou secteur 1,burkina_faso,11/8/2009,9,4,6.613131741,1.0,12.060137347471333,-2.225975945,-1.783054546,-1.892540604,1.875,0.8333333333333334,-0.433333333,12.05,-2.25,12.05,-2.25,12.05,-2.25,12.06421524,-2.262677397,1.0,-0.3447005033493042,-0.09545454545454543,67837077.95174627,0.20363703257191784,-0.2838545423065952
821,1280,boulkiemdÃ©(koudougou),sabou secteur 1,burkina_faso,11/8/2009,4,1,2.5073694080863973,1.0,12.060137347471333,-2.225975945,-1.783054546,-1.892540604,1.875,0.8333333333333334,-0.433333333,12.05,-2.25,12.05,-2.25,12.05,-2.25,12.06421524,-2.262677397,1.0,-0.3447005033493042,-0.09545454545454543,67837077.95174627,0.20363703257191784,-0.2838545423065952
822,1281,boulkiemdÃ©(koudougou),sabou secteur 1,burkina_faso,11/8/2009,1,1,-0.913933675,1.0,12.060137347471333,-2.225975945,-1.783054546,-1.892540604,1.875,0.8333333333333334,-0.433333333,12.05,-2.25,12.05,-2.25,12.05,-2.25,12.06421524,-2.262677397,1.0,-0.3447005033493042,-0.09545454545454543,67837077.95174627,0.20363703257191784,-0.2838545423065952
823,1282,boulkiemdÃ©(koudougou),sabou secteur 1,burkina_faso,11/6/2009,5,1,-0.946193592,1.0,12.060137347471333,-2.225975945,-1.783054546,-1.892540604,1.875,0.8333333333333334,-0.433333333,12.05,-2.25,12.05,-2.25,12.05,-2.25,12.06421524,-2.262677397,1.0,-0.3447005033493042,-0.09545454545454543,67837077.95174627,0.20363703257191784,-0.2838545423065952
824,1283,boulkiemdÃ©(koudougou),sabou secteur 1,burkina_faso,11/6/2009,6,1,-0.935440287,0.0,12.060137347471333,-2.225975945,-1.783054546,-1.892540604,1.875,0.8333333333333334,-0.433333333,12.05,-2.25,12.05,-2.25,12.05,-2.25,12.06421524,-2.262677397,1.0,-0.3447005033493042,-0.09545454545454543,67837077.95174627,0.20363703257191784,-0.2838545423065952
825,1284,boulkiemdÃ©(koudougou),sabou secteur 1,burkina_faso,11/6/2009,1,1,8.309307662854096,1.0,12.060137347471333,-2.225975945,-1.783054546,-1.892540604,1.875,0.8333333333333334,-0.433333333,12.05,-2.25,12.05,-2.25,12.05,-2.25,12.06421524,-2.262677397,1.0,-0.3447005033493042,-0.09545454545454543,67837077.95174627,0.20363703257191784,-0.2838545423065952
826,1285,boulkiemdÃ©(koudougou),sabou secteur 1,burkina_faso,11/6/2009,7,2,-0.787570184,1.0,12.060137347471333,-2.225975945,-1.783054546,-1.892540604,1.875,0.8333333333333334,-0.433333333,12.05,-2.25,12.05,-2.25,12.05,-2.25,12.06421524,-2.262677397,1.0,-0.3447005033493042,-0.09545454545454543,67837077.95174627,0.20363703257191784,-0.2838545423065952
827,1286,boulkiemdÃ©(koudougou),sabou secteur 1,burkina_faso,11/6/2009,8,1,0.101152265,1.0,12.060137347471333,-2.225975945,-1.783054546,-1.892540604,1.875,0.8333333333333334,-0.433333333,12.05,-2.25,12.05,-2.25,12.05,-2.25,12.06421524,-2.262677397,1.0,-0.3447005033493042,-0.09545454545454543,67837077.95174627,0.20363703257191784,-0.2838545423065952
828,1287,boulkiemdÃ©(koudougou),sabou secteur 1,burkina_faso,11/8/2009,1,1,-0.913933675,1.0,12.060137347471333,-2.225975945,-1.783054546,-1.892540604,1.875,0.8333333333333334,-0.433333333,12.05,-2.25,12.05,-2.25,12.05,-2.25,12.06421524,-2.262677397,1.0,-0.3447005033493042,-0.09545454545454543,67837077.95174627,0.20363703257191784,-0.2838545423065952
829,1288,boulkiemdÃ©(koudougou),sabou secteur 1,burkina_faso,11/7/2009,24,1,1.5778353834683287,1.0,12.060137347471333,-2.225975945,-1.783054546,-1.892540604,1.875,0.8333333333333334,-0.433333333,12.05,-2.25,12.05,-2.25,12.05,-2.25,12.06421524,-2.262677397,1.0,-0.3447005033493042,-0.09545454545454543,67837077.95174627,0.20363703257191784,-0.2838545423065952
830,1289,boulkiemdÃ©(koudougou),sabou secteur 1,burkina_faso,11/7/2009,3,1,4.684788606143298,1.0,12.060137347471333,-2.225975945,-1.783054546,-1.892540604,1.875,0.8333333333333334,-0.433333333,12.05,-2.25,12.05,-2.25,12.05,-2.25,12.06421524,-2.262677397,1.0,-0.3447005033493042,-0.09545454545454543,67837077.95174627,0.20363703257191784,-0.2838545423065952
831,1290,boulkiemdÃ©(koudougou),sabou secteur 1,burkina_faso,11/7/2009,1,1,-0.913933675,1.0,12.060137347471333,-2.225975945,-1.783054546,-1.892540604,1.875,0.8333333333333334,-0.433333333,12.05,-2.25,12.05,-2.25,12.05,-2.25,12.06421524,-2.262677397,1.0,-0.3447005033493042,-0.09545454545454543,67837077.95174627,0.20363703257191784,-0.2838545423065952
832,1291,boulkiemdÃ©(koudougou),sabou secteur 1,burkina_faso,11/6/2009,6,2,1.5611236172601226,1.0,12.060137347471333,-2.225975945,-1.783054546,-1.892540604,1.875,0.8333333333333334,-0.433333333,12.05,-2.25,12.05,-2.25,12.05,-2.25,12.06421524,-2.262677397,1.0,-0.3447005033493042,-0.09545454545454543,67837077.95174627,0.20363703257191784,-0.2838545423065952
833,1292,boulkiemdÃ©(koudougou),sabou secteur 1,burkina_faso,11/7/2009,6,1,6.7809181704287065,1.0,12.060137347471333,-2.225975945,-1.783054546,-1.892540604,1.875,0.8333333333333334,-0.433333333,12.05,-2.25,12.05,-2.25,12.05,-2.25,12.06421524,-2.262677397,1.0,-0.3447005033493042,-0.09545454545454543,67837077.95174627,0.20363703257191784,-0.2838545423065952
834,1293,boulkiemdÃ©(koudougou),sabou secteur 1,burkina_faso,11/6/2009,16,3,-0.504238278,1.0,12.060137347471333,-2.225975945,-1.783054546,-1.892540604,1.875,0.8333333333333334,-0.433333333,12.05,-2.25,12.05,-2.25,12.05,-2.25,12.06421524,-2.262677397,1.0,-0.3447005033493042,-0.09545454545454543,67837077.95174627,0.20363703257191784,-0.2838545423065952
835,1294,boulkiemdÃ©(koudougou),sabou secteur 1,burkina_faso,11/7/2009,6,5,0.4920172277621859,0.0,12.060137347471333,-2.225975945,-1.783054546,-1.892540604,1.875,0.8333333333333334,-0.433333333,12.05,-2.25,12.05,-2.25,12.05,-2.25,12.06421524,-2.262677397,1.0,-0.3447005033493042,-0.09545454545454543,67837077.95174627,0.20363703257191784,-0.2838545423065952
836,1295,boulkiemdÃ©(koudougou),sabou secteur 1,burkina_faso,11/6/2009,11,3,-0.951570245,1.0,12.060137347471333,-2.225975945,-1.783054546,-1.892540604,1.875,0.8333333333333334,-0.433333333,12.05,-2.25,12.05,-2.25,12.05,-2.25,12.06421524,-2.262677397,1.0,-0.3447005033493042,-0.09545454545454543,67837077.95174627,0.20363703257191784,-0.2838545423065952
837,1296,boulkiemdÃ©(koudougou),sabou secteur 1,burkina_faso,11/6/2009,6,3,2.0812196197212613,1.0,12.060137347471333,-2.225975945,-1.783054546,-1.892540604,1.875,0.8333333333333334,-0.433333333,12.05,-2.25,12.05,-2.25,12.05,-2.25,12.06421524,-2.262677397,1.0,-0.3447005033493042,-0.09545454545454543,67837077.95174627,0.20363703257191784,-0.2838545423065952
838,1297,boulkiemdÃ©(koudougou),poesse,burkina_faso,11/10/2009,8,3,-0.780401313,1.0,12.554480000000002,-2.11213,-1.630878359,-1.69398354,1.625,1.0,-0.333333333,12.55,-2.1,12.55,-2.1,12.55,-2.1,12.60199655,-2.101418271,1.0,-0.2362208127975464,-0.09545454545454546,65921575.8993582,0.19652112891333942,0.08216430214245518
839,1298,boulkiemdÃ©(koudougou),poesse,burkina_faso,11/10/2009,20,2,-0.964115769,1.0,12.554480000000002,-2.11213,-1.630878359,-1.69398354,1.625,1.0,-0.333333333,12.55,-2.1,12.55,-2.1,12.55,-2.1,12.60199655,-2.101418271,1.0,-0.2362208127975464,-0.09545454545454546,65921575.8993582,0.19652112891333942,0.08216430214245518
840,1299,boulkiemdÃ©(koudougou),poesse,burkina_faso,11/10/2009,20,2,-0.78518056,1.0,12.554480000000002,-2.11213,-1.630878359,-1.69398354,1.625,1.0,-0.333333333,12.55,-2.1,12.55,-2.1,12.55,-2.1,12.60199655,-2.101418271,1.0,-0.2362208127975464,-0.09545454545454546,65921575.8993582,0.19652112891333942,0.08216430214245518
841,1300,boulkiemdÃ©(koudougou),poesse,burkina_faso,11/10/2009,14,1,-0.587588547,1.0,12.554480000000002,-2.11213,-1.630878359,-1.69398354,1.625,1.0,-0.333333333,12.55,-2.1,12.55,-2.1,12.55,-2.1,12.60199655,-2.101418271,1.0,-0.2362208127975464,-0.09545454545454546,65921575.8993582,0.19652112891333942,0.08216430214245518
842,1301,boulkiemdÃ©(koudougou),poesse,burkina_faso,11/10/2009,17,2,-0.77394933,1.0,12.554480000000002,-2.11213,-1.630878359,-1.69398354,1.625,1.0,-0.333333333,12.55,-2.1,12.55,-2.1,12.55,-2.1,12.60199655,-2.101418271,1.0,-0.2362208127975464,-0.09545454545454546,65921575.8993582,0.19652112891333942,0.08216430214245518
843,1302,boulkiemdÃ©(koudougou),poesse,burkina_faso,11/10/2009,9,5,-0.609095158,1.0,12.554480000000002,-2.11213,-1.630878359,-1.69398354,1.625,1.0,-0.333333333,12.55,-2.1,12.55,-2.1,12.55,-2.1,12.60199655,-2.101418271,1.0,-0.2362208127975464,-0.09545454545454546,65921575.8993582,0.19652112891333942,0.08216430214245518
844,1303,boulkiemdÃ©(koudougou),poesse,burkina_faso,11/10/2009,14,1,-0.935440287,1.0,12.554480000000002,-2.11213,-1.630878359,-1.69398354,1.625,1.0,-0.333333333,12.55,-2.1,12.55,-2.1,12.55,-2.1,12.60199655,-2.101418271,1.0,-0.2362208127975464,-0.09545454545454546,65921575.8993582,0.19652112891333942,0.08216430214245518
845,1304,boulkiemdÃ©(koudougou),poesse,burkina_faso,11/10/2009,4,1,-0.780401313,0.0,12.554480000000002,-2.11213,-1.630878359,-1.69398354,1.625,1.0,-0.333333333,12.55,-2.1,12.55,-2.1,12.55,-2.1,12.60199655,-2.101418271,1.0,-0.2362208127975464,-0.09545454545454546,65921575.8993582,0.19652112891333942,0.08216430214245518
846,1305,boulkiemdÃ©(koudougou),poesse,burkina_faso,11/10/2009,9,1,-0.924686981,1.0,12.554480000000002,-2.11213,-1.630878359,-1.69398354,1.625,1.0,-0.333333333,12.55,-2.1,12.55,-2.1,12.55,-2.1,12.60199655,-2.101418271,1.0,-0.2362208127975464,-0.09545454545454546,65921575.8993582,0.19652112891333942,0.08216430214245518
847,1306,boulkiemdÃ©(koudougou),poesse,burkina_faso,11/10/2009,17,2,-0.40781697,1.0,12.554480000000002,-2.11213,-1.630878359,-1.69398354,1.625,1.0,-0.333333333,12.55,-2.1,12.55,-2.1,12.55,-2.1,12.60199655,-2.101418271,1.0,-0.2362208127975464,-0.09545454545454546,65921575.8993582,0.19652112891333942,0.08216430214245518
848,1307,boulkiemdÃ©(koudougou),poesse,burkina_faso,11/10/2009,14,3,-0.564648161,1.0,12.554480000000002,-2.11213,-1.630878359,-1.69398354,1.625,1.0,-0.333333333,12.55,-2.1,12.55,-2.1,12.55,-2.1,12.60199655,-2.101418271,1.0,-0.2362208127975464,-0.09545454545454546,65921575.8993582,0.19652112891333942,0.08216430214245518
849,1308,boulkiemdÃ©(koudougou),poesse,burkina_faso,11/10/2009,8,2,-0.771798669,1.0,12.554480000000002,-2.11213,-1.630878359,-1.69398354,1.625,1.0,-0.333333333,12.55,-2.1,12.55,-2.1,12.55,-2.1,12.60199655,-2.101418271,1.0,-0.2362208127975464,-0.09545454545454546,65921575.8993582,0.19652112891333942,0.08216430214245518
850,1309,boulkiemdÃ©(koudougou),poesse,burkina_faso,11/10/2009,9,1,-0.454056185,1.0,12.554480000000002,-2.11213,-1.630878359,-1.69398354,1.625,1.0,-0.333333333,12.55,-2.1,12.55,-2.1,12.55,-2.1,12.60199655,-2.101418271,1.0,-0.2362208127975464,-0.09545454545454546,65921575.8993582,0.19652112891333942,0.08216430214245518
851,1310,boulkiemdÃ©(koudougou),poesse,burkina_faso,11/10/2009,7,2,-0.762479137,1.0,12.554480000000002,-2.11213,-1.630878359,-1.69398354,1.625,1.0,-0.333333333,12.55,-2.1,12.55,-2.1,12.55,-2.1,12.60199655,-2.101418271,1.0,-0.2362208127975464,-0.09545454545454546,65921575.8993582,0.19652112891333942,0.08216430214245518
852,1311,boulkiemdÃ©(koudougou),poesse,burkina_faso,11/10/2009,10,1,-0.809076795,0.0,12.554480000000002,-2.11213,-1.630878359,-1.69398354,1.625,1.0,-0.333333333,12.55,-2.1,12.55,-2.1,12.55,-2.1,12.60199655,-2.101418271,1.0,-0.2362208127975464,-0.09545454545454546,65921575.8993582,0.19652112891333942,0.08216430214245518
853,1312,boulkiemdÃ©(koudougou),poesse,burkina_faso,11/10/2009,12,1,-0.789003958,0.0,12.554480000000002,-2.11213,-1.630878359,-1.69398354,1.625,1.0,-0.333333333,12.55,-2.1,12.55,-2.1,12.55,-2.1,12.60199655,-2.101418271,1.0,-0.2362208127975464,-0.09545454545454546,65921575.8993582,0.19652112891333942,0.08216430214245518
854,1313,boulkiemdÃ©(koudougou),poesse,burkina_faso,11/10/2009,17,2,-0.42609759,1.0,12.554480000000002,-2.11213,-1.630878359,-1.69398354,1.625,1.0,-0.333333333,12.55,-2.1,12.55,-2.1,12.55,-2.1,12.60199655,-2.101418271,1.0,-0.2362208127975464,-0.09545454545454546,65921575.8993582,0.19652112891333942,0.08216430214245518
855,1314,boulkiemdÃ©(koudougou),poesse,burkina_faso,11/10/2009,6,1,-0.918234998,0.0,12.554480000000002,-2.11213,-1.630878359,-1.69398354,1.625,1.0,-0.333333333,12.55,-2.1,12.55,-2.1,12.55,-2.1,12.60199655,-2.101418271,1.0,-0.2362208127975464,-0.09545454545454546,65921575.8993582,0.19652112891333942,0.08216430214245518
856,1325,boulkiemdÃ©(koudougou),sakoinse,burkina_faso,11/6/2009,7,1,-0.81266123,1.0,12.188339999999998,-1.96848,-1.711256236,-1.856367081,2.5,0.6666666666666666,-0.666666667,12.2,-1.95,12.2,-1.95,12.2,-1.95,12.19059873,-2.101418271,1.2,-0.2800499200820923,0.06851851851851852,56606109.58920649,0.19398401738979257,-0.5375072215736321
857,1326,boulkiemdÃ©(koudougou),sakoinse,burkina_faso,11/6/2009,14,4,4.803983227171905,1.0,12.188339999999998,-1.96848,-1.711256236,-1.856367081,2.5,0.6666666666666666,-0.666666667,12.2,-1.95,12.2,-1.95,12.2,-1.95,12.19059873,-2.101418271,1.2,-0.2800499200820923,0.06851851851851852,56606109.58920649,0.19398401738979257,-0.5375072215736321
858,1327,boulkiemdÃ©(koudougou),sakoinse,burkina_faso,11/6/2009,8,1,-0.978453509,1.0,12.188339999999998,-1.96848,-1.711256236,-1.856367081,2.5,0.6666666666666666,-0.666666667,12.2,-1.95,12.2,-1.95,12.2,-1.95,12.19059873,-2.101418271,1.2,-0.2800499200820923,0.06851851851851852,56606109.58920649,0.19398401738979257,-0.5375072215736321
859,1328,boulkiemdÃ©(koudougou),sakoinse,burkina_faso,11/6/2009,5,1,-0.791154619,1.0,12.188339999999998,-1.96848,-1.711256236,-1.856367081,2.5,0.6666666666666666,-0.666666667,12.2,-1.95,12.2,-1.95,12.2,-1.95,12.19059873,-2.101418271,1.2,-0.2800499200820923,0.06851851851851852,56606109.58920649,0.19398401738979257,-0.5375072215736321
860,1329,boulkiemdÃ©(koudougou),sakoinse,burkina_faso,11/6/2009,4,1,-0.978453509,0.0,12.188339999999998,-1.96848,-1.711256236,-1.856367081,2.5,0.6666666666666666,-0.666666667,12.2,-1.95,12.2,-1.95,12.2,-1.95,12.19059873,-2.101418271,1.2,-0.2800499200820923,0.06851851851851852,56606109.58920649,0.19398401738979257,-0.5375072215736321
861,1330,boulkiemdÃ©(koudougou),sakoinse,burkina_faso,11/6/2009,5,1,-0.999960121,1.0,12.188339999999998,-1.96848,-1.711256236,-1.856367081,2.5,0.6666666666666666,-0.666666667,12.2,-1.95,12.2,-1.95,12.2,-1.95,12.19059873,-2.101418271,1.2,-0.2800499200820923,0.06851851851851852,56606109.58920649,0.19398401738979257,-0.5375072215736321
862,1331,boulkiemdÃ©(koudougou),sakoinse,burkina_faso,11/6/2009,10,1,-0.791154619,1.0,12.188339999999998,-1.96848,-1.711256236,-1.856367081,2.5,0.6666666666666666,-0.666666667,12.2,-1.95,12.2,-1.95,12.2,-1.95,12.19059873,-2.101418271,1.2,-0.2800499200820923,0.06851851851851852,56606109.58920649,0.19398401738979257,-0.5375072215736321
863,1332,boulkiemdÃ©(koudougou),sakoinse,burkina_faso,11/6/2009,10,2,-0.773232443,1.0,12.188339999999998,-1.96848,-1.711256236,-1.856367081,2.5,0.6666666666666666,-0.666666667,12.2,-1.95,12.2,-1.95,12.2,-1.95,12.19059873,-2.101418271,1.2,-0.2800499200820923,0.06851851851851852,56606109.58920649,0.19398401738979257,-0.5375072215736321
864,1333,boulkiemdÃ©(koudougou),sakoinse,burkina_faso,11/2/2009,6,4,-0.131230782,1.0,12.188339999999998,-1.96848,-1.711256236,-1.856367081,2.5,0.6666666666666666,-0.666666667,12.2,-1.95,12.2,-1.95,12.2,-1.95,12.19059873,-2.101418271,1.2,-0.2800499200820923,0.06851851851851852,56606109.58920649,0.19398401738979257,-0.5375072215736321
865,1334,boulkiemdÃ©(koudougou),sakoinse,burkina_faso,11/10/2009,14,2,-0.780401313,1.0,12.188339999999998,-1.96848,-1.711256236,-1.856367081,2.5,0.6666666666666666,-0.666666667,12.2,-1.95,12.2,-1.95,12.2,-1.95,12.19059873,-2.101418271,1.2,-0.2800499200820923,0.06851851851851852,56606109.58920649,0.19398401738979257,-0.5375072215736321
866,1336,boulkiemdÃ©(koudougou),sakoinse,burkina_faso,11/6/2009,3,1,1.746271846541522,0.0,12.188339999999998,-1.96848,-1.711256236,-1.856367081,2.5,0.6666666666666666,-0.666666667,12.2,-1.95,12.2,-1.95,12.2,-1.95,12.19059873,-2.101418271,1.2,-0.2800499200820923,0.06851851851851852,56606109.58920649,0.19398401738979257,-0.5375072215736321
867,1337,boulkiemdÃ©(koudougou),sakoinse,burkina_faso,11/6/2009,5,5,-0.901388152,0.0,12.188339999999998,-1.96848,-1.711256236,-1.856367081,2.5,0.6666666666666666,-0.666666667,12.2,-1.95,12.2,-1.95,12.2,-1.95,12.19059873,-2.101418271,1.2,-0.2800499200820923,0.06851851851851852,56606109.58920649,0.19398401738979257,-0.5375072215736321
868,1338,boulkiemdÃ©(koudougou),sakoinse,burkina_faso,11/6/2009,7,1,-0.419645607,0.0,12.188339999999998,-1.96848,-1.711256236,-1.856367081,2.5,0.6666666666666666,-0.666666667,12.2,-1.95,12.2,-1.95,12.2,-1.95,12.19059873,-2.101418271,1.2,-0.2800499200820923,0.06851851851851852,56606109.58920649,0.19398401738979257,-0.5375072215736321
869,1340,boulkiemdÃ©(koudougou),sakoinse,burkina_faso,11/6/2009,15,1,-0.762203411,1.0,12.188339999999998,-1.96848,-1.711256236,-1.856367081,2.5,0.6666666666666666,-0.666666667,12.2,-1.95,12.2,-1.95,12.2,-1.95,12.19059873,-2.101418271,1.2,-0.2800499200820923,0.06851851851851852,56606109.58920649,0.19398401738979257,-0.5375072215736321
870,1341,boulkiemdÃ©(koudougou),sakoinse,burkina_faso,11/6/2009,11,2,-0.409250744,1.0,12.188339999999998,-1.96848,-1.711256236,-1.856367081,2.5,0.6666666666666666,-0.666666667,12.2,-1.95,12.2,-1.95,12.2,-1.95,12.19059873,-2.101418271,1.2,-0.2800499200820923,0.06851851851851852,56606109.58920649,0.19398401738979257,-0.5375072215736321
871,1345,boulkiemdÃ©(koudougou),sakoinse,burkina_faso,11/6/2009,15,4,-0.791154619,1.0,12.188339999999998,-1.96848,-1.711256236,-1.856367081,2.5,0.6666666666666666,-0.666666667,12.2,-1.95,12.2,-1.95,12.2,-1.95,12.19059873,-2.101418271,1.2,-0.2800499200820923,0.06851851851851852,56606109.58920649,0.19398401738979257,-0.5375072215736321
872,1349,boulkiemdÃ©(koudougou),sakoinse,burkina_faso,11/3/2009,6,1,-0.866427759,0.0,12.188339999999998,-1.96848,-1.711256236,-1.856367081,2.5,0.6666666666666666,-0.666666667,12.2,-1.95,12.2,-1.95,12.2,-1.95,12.19059873,-2.101418271,1.2,-0.2800499200820923,0.06851851851851852,56606109.58920649,0.19398401738979257,-0.5375072215736321
873,1350,boulkiemdÃ©(koudougou),sakoinse,burkina_faso,11/6/2009,10,1,-0.780401313,1.0,12.188339999999998,-1.96848,-1.711256236,-1.856367081,2.5,0.6666666666666666,-0.666666667,12.2,-1.95,12.2,-1.95,12.2,-1.95,12.19059873,-2.101418271,1.2,-0.2800499200820923,0.06851851851851852,56606109.58920649,0.19398401738979257,-0.5375072215736321
874,1351,boulgou(tenkodogo),bane,burkina_faso,11/4/2009,2,2,-0.780401313,1.0,11.576123367890464,-0.355584147,-1.3890571,-1.436829448,1.5,0.5,0.1666666666666667,11.6,-0.35,11.6,-0.35,11.6,-0.35,11.49964591,-0.394533913,0.0,0.0,,0.0,0.21316052573628846,0.0
875,1353,boulgou(tenkodogo),bane,burkina_faso,11/4/2009,2,1,-0.935440287,1.0,11.576123367890464,-0.355584147,-1.3890571,-1.436829448,1.5,0.5,0.1666666666666667,11.6,-0.35,11.6,-0.35,11.6,-0.35,11.49964591,-0.394533913,0.0,0.0,,0.0,0.21316052573628846,0.0
876,1354,boulgou(tenkodogo),bane,burkina_faso,11/4/2009,4,2,-0.766063572,1.0,11.576123367890464,-0.355584147,-1.3890571,-1.436829448,1.5,0.5,0.1666666666666667,11.6,-0.35,11.6,-0.35,11.6,-0.35,11.49964591,-0.394533913,0.0,0.0,,0.0,0.21316052573628846,0.0
877,1355,boulgou(tenkodogo),bane,burkina_faso,11/4/2009,14,2,-1.03848065,1.0,11.576123367890464,-0.355584147,-1.3890571,-1.436829448,1.5,0.5,0.1666666666666667,11.6,-0.35,11.6,-0.35,11.6,-0.35,11.49964591,-0.394533913,0.0,0.0,,0.0,0.21316052573628846,0.0
878,1356,boulgou(tenkodogo),bane,burkina_faso,11/4/2009,3,1,-0.758894702,1.0,11.576123367890464,-0.355584147,-1.3890571,-1.436829448,1.5,0.5,0.1666666666666667,11.6,-0.35,11.6,-0.35,11.6,-0.35,11.49964591,-0.394533913,0.0,0.0,,0.0,0.21316052573628846,0.0
879,1357,boulgou(tenkodogo),bane,burkina_faso,11/4/2009,7,1,-0.88793437,1.0,11.576123367890464,-0.355584147,-1.3890571,-1.436829448,1.5,0.5,0.1666666666666667,11.6,-0.35,11.6,-0.35,11.6,-0.35,11.49964591,-0.394533913,0.0,0.0,,0.0,0.21316052573628846,0.0
880,1359,boulgou(tenkodogo),bane,burkina_faso,11/4/2009,6,1,-0.866427759,1.0,11.576123367890464,-0.355584147,-1.3890571,-1.436829448,1.5,0.5,0.1666666666666667,11.6,-0.35,11.6,-0.35,11.6,-0.35,11.49964591,-0.394533913,0.0,0.0,,0.0,0.21316052573628846,0.0
881,1361,boulgou(tenkodogo),bane,burkina_faso,11/4/2009,5,1,0.6363028954087028,0.0,11.576123367890464,-0.355584147,-1.3890571,-1.436829448,1.5,0.5,0.1666666666666667,11.6,-0.35,11.6,-0.35,11.6,-0.35,11.49964591,-0.394533913,0.0,0.0,,0.0,0.21316052573628846,0.0
882,1362,boulgou(tenkodogo),bane,burkina_faso,11/4/2009,9,1,-0.417187708,1.0,11.576123367890464,-0.355584147,-1.3890571,-1.436829448,1.5,0.5,0.1666666666666667,11.6,-0.35,11.6,-0.35,11.6,-0.35,11.49964591,-0.394533913,0.0,0.0,,0.0,0.21316052573628846,0.0
883,1365,boulgou(tenkodogo),bane,burkina_faso,11/4/2009,6,3,-0.518576019,1.0,11.576123367890464,-0.355584147,-1.3890571,-1.436829448,1.5,0.5,0.1666666666666667,11.6,-0.35,11.6,-0.35,11.6,-0.35,11.49964591,-0.394533913,0.0,0.0,,0.0,0.21316052573628846,0.0
884,1366,boulgou(tenkodogo),bane,burkina_faso,11/4/2009,12,1,-0.823414536,1.0,11.576123367890464,-0.355584147,-1.3890571,-1.436829448,1.5,0.5,0.1666666666666667,11.6,-0.35,11.6,-0.35,11.6,-0.35,11.49964591,-0.394533913,0.0,0.0,,0.0,0.21316052573628846,0.0
885,1367,boulgou(tenkodogo),bane,burkina_faso,11/4/2009,4,2,-0.823414536,1.0,11.576123367890464,-0.355584147,-1.3890571,-1.436829448,1.5,0.5,0.1666666666666667,11.6,-0.35,11.6,-0.35,11.6,-0.35,11.49964591,-0.394533913,0.0,0.0,,0.0,0.21316052573628846,0.0
886,1369,boulgou(tenkodogo),bane,burkina_faso,11/4/2009,4,1,-0.935440287,0.0,11.576123367890464,-0.355584147,-1.3890571,-1.436829448,1.5,0.5,0.1666666666666667,11.6,-0.35,11.6,-0.35,11.6,-0.35,11.49964591,-0.394533913,0.0,0.0,,0.0,0.21316052573628846,0.0
887,1371,boulgou(tenkodogo),bane,burkina_faso,11/4/2009,12,11,-0.995467427,1.0,11.576123367890464,-0.355584147,-1.3890571,-1.436829448,1.5,0.5,0.1666666666666667,11.6,-0.35,11.6,-0.35,11.6,-0.35,11.49964591,-0.394533913,0.0,0.0,,0.0,0.21316052573628846,0.0
888,1373,boulgou(tenkodogo),bane,burkina_faso,11/4/2009,10,4,-0.497069408,1.0,11.576123367890464,-0.355584147,-1.3890571,-1.436829448,1.5,0.5,0.1666666666666667,11.6,-0.35,11.6,-0.35,11.6,-0.35,11.49964591,-0.394533913,0.0,0.0,,0.0,0.21316052573628846,0.0
889,1374,boulgou(tenkodogo),bane,burkina_faso,11/4/2009,4,2,-0.935440287,1.0,11.576123367890464,-0.355584147,-1.3890571,-1.436829448,1.5,0.5,0.1666666666666667,11.6,-0.35,11.6,-0.35,11.6,-0.35,11.49964591,-0.394533913,0.0,0.0,,0.0,0.21316052573628846,0.0
890,1375,boulgou(tenkodogo),bane,burkina_faso,11/4/2009,5,1,-0.773232443,1.0,11.576123367890464,-0.355584147,-1.3890571,-1.436829448,1.5,0.5,0.1666666666666667,11.6,-0.35,11.6,-0.35,11.6,-0.35,11.49964591,-0.394533913,0.0,0.0,,0.0,0.21316052573628846,0.0
891,1377,boulgou(tenkodogo),bane,burkina_faso,11/4/2009,3,1,3.770721189985268,1.0,11.576123367890464,-0.355584147,-1.3890571,-1.436829448,1.5,0.5,0.1666666666666667,11.6,-0.35,11.6,-0.35,11.6,-0.35,11.49964591,-0.394533913,0.0,0.0,,0.0,0.21316052573628846,0.0
892,1379,boulgou(tenkodogo),bittou secteur 1,burkina_faso,11/3/2009,2,1,7.018919210669686,0.0,11.25581,-0.30545,-1.371663511,-1.371663511,1.0,0.3333333333333333,-0.333333333,11.25,-0.3,11.25,-0.3,11.25,-0.3,11.18272298,-0.394533913,0.0,0.0,,0.0,0.2062953060208245,0.0
893,1382,boulgou(tenkodogo),bittou secteur 1,burkina_faso,11/3/2009,5,1,-0.999960121,0.0,11.25581,-0.30545,-1.371663511,-1.371663511,1.0,0.3333333333333333,-0.333333333,11.25,-0.3,11.25,-0.3,11.25,-0.3,11.18272298,-0.394533913,0.0,0.0,,0.0,0.2062953060208245,0.0
894,1383,boulgou(tenkodogo),bittou secteur 1,burkina_faso,11/3/2009,4,1,1.5754613581846428,1.0,11.25581,-0.30545,-1.371663511,-1.371663511,1.0,0.3333333333333333,-0.333333333,11.25,-0.3,11.25,-0.3,11.25,-0.3,11.18272298,-0.394533913,0.0,0.0,,0.0,0.2062953060208245,0.0
895,1384,boulgou(tenkodogo),bittou secteur 1,burkina_faso,11/2/2009,2,1,1.737669202,1.0,11.25581,-0.30545,-1.371663511,-1.371663511,1.0,0.3333333333333333,-0.333333333,11.25,-0.3,11.25,-0.3,11.25,-0.3,11.18272298,-0.394533913,0.0,0.0,,0.0,0.2062953060208245,0.0
896,1385,boulgou(tenkodogo),bittou secteur 1,burkina_faso,11/2/2009,7,2,2.0317544135316665,1.0,11.25581,-0.30545,-1.371663511,-1.371663511,1.0,0.3333333333333333,-0.333333333,11.25,-0.3,11.25,-0.3,11.25,-0.3,11.18272298,-0.394533913,0.0,0.0,,0.0,0.2062953060208245,0.0
897,1386,boulgou(tenkodogo),bittou secteur 1,burkina_faso,11/2/2009,6,1,6.624891431493077,0.0,11.25581,-0.30545,-1.371663511,-1.371663511,1.0,0.3333333333333333,-0.333333333,11.25,-0.3,11.25,-0.3,11.25,-0.3,11.18272298,-0.394533913,0.0,0.0,,0.0,0.2062953060208245,0.0
898,1387,boulgou(tenkodogo),bittou secteur 1,burkina_faso,11/3/2009,5,1,1.916144227734191,1.0,11.25581,-0.30545,-1.371663511,-1.371663511,1.0,0.3333333333333333,-0.333333333,11.25,-0.3,11.25,-0.3,11.25,-0.3,11.18272298,-0.394533913,0.0,0.0,,0.0,0.2062953060208245,0.0
899,1388,boulgou(tenkodogo),bittou secteur 1,burkina_faso,11/2/2009,2,1,-0.913933675,0.0,11.25581,-0.30545,-1.371663511,-1.371663511,1.0,0.3333333333333333,-0.333333333,11.25,-0.3,11.25,-0.3,11.25,-0.3,11.18272298,-0.394533913,0.0,0.0,,0.0,0.2062953060208245,0.0
900,1389,boulgou(tenkodogo),bittou secteur 1,burkina_faso,11/2/2009,4,2,-0.432549573,1.0,11.25581,-0.30545,-1.371663511,-1.371663511,1.0,0.3333333333333333,-0.333333333,11.25,-0.3,11.25,-0.3,11.25,-0.3,11.18272298,-0.394533913,0.0,0.0,,0.0,0.2062953060208245,0.0
901,1391,boulgou(tenkodogo),bittou secteur 1,burkina_faso,11/2/2009,17,1,1.899758238106168,0.0,11.25581,-0.30545,-1.371663511,-1.371663511,1.0,0.3333333333333333,-0.333333333,11.25,-0.3,11.25,-0.3,11.25,-0.3,11.18272298,-0.394533913,0.0,0.0,,0.0,0.2062953060208245,0.0
902,1392,boulgou(tenkodogo),bittou secteur 1,burkina_faso,11/2/2009,5,1,1.7233314610622896,1.0,11.25581,-0.30545,-1.371663511,-1.371663511,1.0,0.3333333333333333,-0.333333333,11.25,-0.3,11.25,-0.3,11.25,-0.3,11.18272298,-0.394533913,0.0,0.0,,0.0,0.2062953060208245,0.0
903,1393,boulgou(tenkodogo),bittou secteur 1,burkina_faso,11/2/2009,5,2,3.163121623184447,1.0,11.25581,-0.30545,-1.371663511,-1.371663511,1.0,0.3333333333333333,-0.333333333,11.25,-0.3,11.25,-0.3,11.25,-0.3,11.18272298,-0.394533913,0.0,0.0,,0.0,0.2062953060208245,0.0
904,1394,boulgou(tenkodogo),bittou secteur 1,burkina_faso,11/2/2009,9,1,3.147921427340997,1.0,11.25581,-0.30545,-1.371663511,-1.371663511,1.0,0.3333333333333333,-0.333333333,11.25,-0.3,11.25,-0.3,11.25,-0.3,11.18272298,-0.394533913,0.0,0.0,,0.0,0.2062953060208245,0.0
905,1395,boulgou(tenkodogo),bittou secteur 1,burkina_faso,11/2/2009,6,1,2.9044478988923794,0.0,11.25581,-0.30545,-1.371663511,-1.371663511,1.0,0.3333333333333333,-0.333333333,11.25,-0.3,11.25,-0.3,11.25,-0.3,11.18272298,-0.394533913,0.0,0.0,,0.0,0.2062953060208245,0.0
906,1398,boulgou(tenkodogo),bittou secteur 1,burkina_faso,11/3/2009,5,1,1.5503703115667324,1.0,11.25581,-0.30545,-1.371663511,-1.371663511,1.0,0.3333333333333333,-0.333333333,11.25,-0.3,11.25,-0.3,11.25,-0.3,11.18272298,-0.394533913,0.0,0.0,,0.0,0.2062953060208245,0.0
907,1400,boulgou(tenkodogo),bittou secteur 1,burkina_faso,11/3/2009,4,2,1.7305003315245495,0.0,11.25581,-0.30545,-1.371663511,-1.371663511,1.0,0.3333333333333333,-0.333333333,11.25,-0.3,11.25,-0.3,11.25,-0.3,11.18272298,-0.394533913,0.0,0.0,,0.0,0.2062953060208245,0.0
908,1402,boulgou(tenkodogo),bittou secteur 1,burkina_faso,11/3/2009,6,1,1.578328906369547,1.0,11.25581,-0.30545,-1.371663511,-1.371663511,1.0,0.3333333333333333,-0.333333333,11.25,-0.3,11.25,-0.3,11.25,-0.3,11.18272298,-0.394533913,0.0,0.0,,0.0,0.2062953060208245,0.0
909,1404,boulgou(tenkodogo),bittou secteur 1,burkina_faso,11/3/2009,2,1,2.4728661792349222,1.0,11.25581,-0.30545,-1.371663511,-1.371663511,1.0,0.3333333333333333,-0.333333333,11.25,-0.3,11.25,-0.3,11.25,-0.3,11.18272298,-0.394533913,0.0,0.0,,0.0,0.2062953060208245,0.0
910,1405,boulgou(tenkodogo),gambaghin,burkina_faso,11/12/2009,9,1,-1.085986566,1.0,11.786085461070222,-0.368035917,-1.498634617,-1.506856759,1.3333333333333333,0.8333333333333334,0.3666666666666665,11.8,-0.35,11.8,-0.35,11.8,-0.35,11.84816324,-0.394533913,0.4,-0.1181911826133728,-0.03620689655172412,365689098.9013645,0.2038989997797642,0.5720250345362751
911,1406,boulgou(tenkodogo),gambaghin,burkina_faso,11/12/2009,5,2,-0.946193592,1.0,11.786085461070222,-0.368035917,-1.498634617,-1.506856759,1.3333333333333333,0.8333333333333334,0.3666666666666665,11.8,-0.35,11.8,-0.35,11.8,-0.35,11.84816324,-0.394533913,0.4,-0.1181911826133728,-0.03620689655172412,365689098.9013645,0.2038989997797642,0.5720250345362751
912,1407,boulgou(tenkodogo),gambaghin,burkina_faso,11/12/2009,8,3,-0.446887314,1.0,11.786085461070222,-0.368035917,-1.498634617,-1.506856759,1.3333333333333333,0.8333333333333334,0.3666666666666665,11.8,-0.35,11.8,-0.35,11.8,-0.35,11.84816324,-0.394533913,0.4,-0.1181911826133728,-0.03620689655172412,365689098.9013645,0.2038989997797642,0.5720250345362751
913,1409,boulgou(tenkodogo),gambaghin,burkina_faso,11/12/2009,7,1,-0.92253632,0.0,11.786085461070222,-0.368035917,-1.498634617,-1.506856759,1.3333333333333333,0.8333333333333334,0.3666666666666665,11.8,-0.35,11.8,-0.35,11.8,-0.35,11.84816324,-0.394533913,0.4,-0.1181911826133728,-0.03620689655172412,365689098.9013645,0.2038989997797642,0.5720250345362751
914,1411,boulgou(tenkodogo),gambaghin,burkina_faso,11/12/2009,13,1,-1.016974039,1.0,11.786085461070222,-0.368035917,-1.498634617,-1.506856759,1.3333333333333333,0.8333333333333334,0.3666666666666665,11.8,-0.35,11.8,-0.35,11.8,-0.35,11.84816324,-0.394533913,0.4,-0.1181911826133728,-0.03620689655172412,365689098.9013645,0.2038989997797642,0.5720250345362751
915,1412,boulgou(tenkodogo),gambaghin,burkina_faso,11/12/2009,8,1,-0.475562796,0.0,11.786085461070222,-0.368035917,-1.498634617,-1.506856759,1.3333333333333333,0.8333333333333334,0.3666666666666665,11.8,-0.35,11.8,-0.35,11.8,-0.35,11.84816324,-0.394533913,0.4,-0.1181911826133728,-0.03620689655172412,365689098.9013645,0.2038989997797642,0.5720250345362751
916,1413,boulgou(tenkodogo),gambaghin,burkina_faso,11/12/2009,6,1,-0.935440287,1.0,11.786085461070222,-0.368035917,-1.498634617,-1.506856759,1.3333333333333333,0.8333333333333334,0.3666666666666665,11.8,-0.35,11.8,-0.35,11.8,-0.35,11.84816324,-0.394533913,0.4,-0.1181911826133728,-0.03620689655172412,365689098.9013645,0.2038989997797642,0.5720250345362751
917,1414,boulgou(tenkodogo),gambaghin,burkina_faso,11/12/2009,8,3,-1.064479955,0.0,11.786085461070222,-0.368035917,-1.498634617,-1.506856759,1.3333333333333333,0.8333333333333334,0.3666666666666665,11.8,-0.35,11.8,-0.35,11.8,-0.35,11.84816324,-0.394533913,0.4,-0.1181911826133728,-0.03620689655172412,365689098.9013645,0.2038989997797642,0.5720250345362751
918,1415,boulgou(tenkodogo),gambaghin,burkina_faso,11/12/2009,16,1,-0.561589242,0.0,11.786085461070222,-0.368035917,-1.498634617,-1.506856759,1.3333333333333333,0.8333333333333334,0.3666666666666665,11.8,-0.35,11.8,-0.35,11.8,-0.35,11.84816324,-0.394533913,0.4,-0.1181911826133728,-0.03620689655172412,365689098.9013645,0.2038989997797642,0.5720250345362751
919,1416,boulgou(tenkodogo),gambaghin,burkina_faso,11/12/2009,9,1,-0.801907925,1.0,11.786085461070222,-0.368035917,-1.498634617,-1.506856759,1.3333333333333333,0.8333333333333334,0.3666666666666665,11.8,-0.35,11.8,-0.35,11.8,-0.35,11.84816324,-0.394533913,0.4,-0.1181911826133728,-0.03620689655172412,365689098.9013645,0.2038989997797642,0.5720250345362751
920,1420,boulgou(tenkodogo),gambaghin,burkina_faso,11/12/2009,6,1,0.3099577667836748,1.0,11.786085461070222,-0.368035917,-1.498634617,-1.506856759,1.3333333333333333,0.8333333333333334,0.3666666666666665,11.8,-0.35,11.8,-0.35,11.8,-0.35,11.84816324,-0.394533913,0.4,-0.1181911826133728,-0.03620689655172412,365689098.9013645,0.2038989997797642,0.5720250345362751
921,1421,boulgou(tenkodogo),gambaghin,burkina_faso,11/12/2009,10,2,-0.964115769,0.0,11.786085461070222,-0.368035917,-1.498634617,-1.506856759,1.3333333333333333,0.8333333333333334,0.3666666666666665,11.8,-0.35,11.8,-0.35,11.8,-0.35,11.84816324,-0.394533913,0.4,-0.1181911826133728,-0.03620689655172412,365689098.9013645,0.2038989997797642,0.5720250345362751
922,1423,boulgou(tenkodogo),gambaghin,burkina_faso,11/12/2009,2,2,-0.758894702,1.0,11.786085461070222,-0.368035917,-1.498634617,-1.506856759,1.3333333333333333,0.8333333333333334,0.3666666666666665,11.8,-0.35,11.8,-0.35,11.8,-0.35,11.84816324,-0.394533913,0.4,-0.1181911826133728,-0.03620689655172412,365689098.9013645,0.2038989997797642,0.5720250345362751
923,1424,boulgou(tenkodogo),gambaghin,burkina_faso,11/12/2009,12,1,-0.823414536,0.0,11.786085461070222,-0.368035917,-1.498634617,-1.506856759,1.3333333333333333,0.8333333333333334,0.3666666666666665,11.8,-0.35,11.8,-0.35,11.8,-0.35,11.84816324,-0.394533913,0.4,-0.1181911826133728,-0.03620689655172412,365689098.9013645,0.2038989997797642,0.5720250345362751
924,1425,boulgou(tenkodogo),gambaghin,burkina_faso,11/12/2009,12,1,-0.630601769,1.0,11.786085461070222,-0.368035917,-1.498634617,-1.506856759,1.3333333333333333,0.8333333333333334,0.3666666666666665,11.8,-0.35,11.8,-0.35,11.8,-0.35,11.84816324,-0.394533913,0.4,-0.1181911826133728,-0.03620689655172412,365689098.9013645,0.2038989997797642,0.5720250345362751
925,1429,boulgou(tenkodogo),gambaghin,burkina_faso,11/12/2009,11,1,-0.468393926,1.0,11.786085461070222,-0.368035917,-1.498634617,-1.506856759,1.3333333333333333,0.8333333333333334,0.3666666666666665,11.8,-0.35,11.8,-0.35,11.8,-0.35,11.84816324,-0.394533913,0.4,-0.1181911826133728,-0.03620689655172412,365689098.9013645,0.2038989997797642,0.5720250345362751
926,1430,boulgou(tenkodogo),gambaghin,burkina_faso,11/12/2009,10,1,-0.461225055,0.0,11.786085461070222,-0.368035917,-1.498634617,-1.506856759,1.3333333333333333,0.8333333333333334,0.3666666666666665,11.8,-0.35,11.8,-0.35,11.8,-0.35,11.84816324,-0.394533913,0.4,-0.1181911826133728,-0.03620689655172412,365689098.9013645,0.2038989997797642,0.5720250345362751
927,1431,boulgou(tenkodogo),gambaghin,burkina_faso,11/12/2009,3,1,-0.801907925,1.0,11.786085461070222,-0.368035917,-1.498634617,-1.506856759,1.3333333333333333,0.8333333333333334,0.3666666666666665,11.8,-0.35,11.8,-0.35,11.8,-0.35,11.84816324,-0.394533913,0.4,-0.1181911826133728,-0.03620689655172412,365689098.9013645,0.2038989997797642,0.5720250345362751
928,1432,boulgou(tenkodogo),guella,burkina_faso,11/13/2009,7,2,-0.57468458,1.0,11.786085461070222,-0.368035917,-1.498634617,-1.506856759,1.3333333333333333,0.8333333333333334,0.3666666666666665,11.8,-0.35,11.8,-0.35,11.8,-0.35,11.84816324,-0.394533913,0.4,-0.1181911826133728,-0.03620689655172412,365689098.9013645,0.2038989997797642,0.5720250345362751
929,1435,boulgou(tenkodogo),guella,burkina_faso,11/13/2009,5,1,-0.791154619,0.0,11.786085461070222,-0.368035917,-1.498634617,-1.506856759,1.3333333333333333,0.8333333333333334,0.3666666666666665,11.8,-0.35,11.8,-0.35,11.8,-0.35,11.84816324,-0.394533913,0.4,-0.1181911826133728,-0.03620689655172412,365689098.9013645,0.2038989997797642,0.5720250345362751
930,1437,boulgou(tenkodogo),guella,burkina_faso,11/13/2009,5,1,-0.773232443,0.0,11.786085461070222,-0.368035917,-1.498634617,-1.506856759,1.3333333333333333,0.8333333333333334,0.3666666666666665,11.8,-0.35,11.8,-0.35,11.8,-0.35,11.84816324,-0.394533913,0.4,-0.1181911826133728,-0.03620689655172412,365689098.9013645,0.2038989997797642,0.5720250345362751
931,1438,boulgou(tenkodogo),guella,burkina_faso,11/13/2009,10,1,-0.809076795,1.0,11.786085461070222,-0.368035917,-1.498634617,-1.506856759,1.3333333333333333,0.8333333333333334,0.3666666666666665,11.8,-0.35,11.8,-0.35,11.8,-0.35,11.84816324,-0.394533913,0.4,-0.1181911826133728,-0.03620689655172412,365689098.9013645,0.2038989997797642,0.5720250345362751
932,1439,boulgou(tenkodogo),guella,burkina_faso,11/13/2009,12,1,-0.475562796,0.0,11.786085461070222,-0.368035917,-1.498634617,-1.506856759,1.3333333333333333,0.8333333333333334,0.3666666666666665,11.8,-0.35,11.8,-0.35,11.8,-0.35,11.84816324,-0.394533913,0.4,-0.1181911826133728,-0.03620689655172412,365689098.9013645,0.2038989997797642,0.5720250345362751
933,1440,boulgou(tenkodogo),guella,burkina_faso,11/13/2009,5,1,2.719790897382503,1.0,11.786085461070222,-0.368035917,-1.498634617,-1.506856759,1.3333333333333333,0.8333333333333334,0.3666666666666665,11.8,-0.35,11.8,-0.35,11.8,-0.35,11.84816324,-0.394533913,0.4,-0.1181911826133728,-0.03620689655172412,365689098.9013645,0.2038989997797642,0.5720250345362751
934,1441,boulgou(tenkodogo),guella,burkina_faso,11/13/2009,6,1,-1.021466732,0.0,11.786085461070222,-0.368035917,-1.498634617,-1.506856759,1.3333333333333333,0.8333333333333334,0.3666666666666665,11.8,-0.35,11.8,-0.35,11.8,-0.35,11.84816324,-0.394533913,0.4,-0.1181911826133728,-0.03620689655172412,365689098.9013645,0.2038989997797642,0.5720250345362751
935,1442,boulgou(tenkodogo),guella,burkina_faso,11/13/2009,8,1,-0.780401313,0.0,11.786085461070222,-0.368035917,-1.498634617,-1.506856759,1.3333333333333333,0.8333333333333334,0.3666666666666665,11.8,-0.35,11.8,-0.35,11.8,-0.35,11.84816324,-0.394533913,0.4,-0.1181911826133728,-0.03620689655172412,365689098.9013645,0.2038989997797642,0.5720250345362751
936,1443,boulgou(tenkodogo),guella,burkina_faso,11/13/2009,2,1,-0.758894702,1.0,11.786085461070222,-0.368035917,-1.498634617,-1.506856759,1.3333333333333333,0.8333333333333334,0.3666666666666665,11.8,-0.35,11.8,-0.35,11.8,-0.35,11.84816324,-0.394533913,0.4,-0.1181911826133728,-0.03620689655172412,365689098.9013645,0.2038989997797642,0.5720250345362751
937,1444,boulgou(tenkodogo),guella,burkina_faso,11/13/2009,1,1,-0.744556961,1.0,11.786085461070222,-0.368035917,-1.498634617,-1.506856759,1.3333333333333333,0.8333333333333334,0.3666666666666665,11.8,-0.35,11.8,-0.35,11.8,-0.35,11.84816324,-0.394533913,0.4,-0.1181911826133728,-0.03620689655172412,365689098.9013645,0.2038989997797642,0.5720250345362751
938,1446,boulgou(tenkodogo),guella,burkina_faso,11/13/2009,9,1,-0.801907925,1.0,11.786085461070222,-0.368035917,-1.498634617,-1.506856759,1.3333333333333333,0.8333333333333334,0.3666666666666665,11.8,-0.35,11.8,-0.35,11.8,-0.35,11.84816324,-0.394533913,0.4,-0.1181911826133728,-0.03620689655172412,365689098.9013645,0.2038989997797642,0.5720250345362751
939,1447,boulgou(tenkodogo),guella,burkina_faso,11/13/2009,11,3,-0.855674453,0.0,11.786085461070222,-0.368035917,-1.498634617,-1.506856759,1.3333333333333333,0.8333333333333334,0.3666666666666665,11.8,-0.35,11.8,-0.35,11.8,-0.35,11.84816324,-0.394533913,0.4,-0.1181911826133728,-0.03620689655172412,365689098.9013645,0.2038989997797642,0.5720250345362751
940,1449,boulgou(tenkodogo),guella,burkina_faso,11/13/2009,4,1,-0.780401313,0.0,11.786085461070222,-0.368035917,-1.498634617,-1.506856759,1.3333333333333333,0.8333333333333334,0.3666666666666665,11.8,-0.35,11.8,-0.35,11.8,-0.35,11.84816324,-0.394533913,0.4,-0.1181911826133728,-0.03620689655172412,365689098.9013645,0.2038989997797642,0.5720250345362751
941,1452,boulgou(tenkodogo),guella,burkina_faso,11/13/2009,20,2,-0.952454204,1.0,11.786085461070222,-0.368035917,-1.498634617,-1.506856759,1.3333333333333333,0.8333333333333334,0.3666666666666665,11.8,-0.35,11.8,-0.35,11.8,-0.35,11.84816324,-0.394533913,0.4,-0.1181911826133728,-0.03620689655172412,365689098.9013645,0.2038989997797642,0.5720250345362751
942,1454,boulgou(tenkodogo),guella,burkina_faso,11/13/2009,12,1,-0.823414536,0.0,11.786085461070222,-0.368035917,-1.498634617,-1.506856759,1.3333333333333333,0.8333333333333334,0.3666666666666665,11.8,-0.35,11.8,-0.35,11.8,-0.35,11.84816324,-0.394533913,0.4,-0.1181911826133728,-0.03620689655172412,365689098.9013645,0.2038989997797642,0.5720250345362751
943,1455,boulgou(tenkodogo),guella,burkina_faso,11/13/2009,12,1,-0.774256567,0.0,11.786085461070222,-0.368035917,-1.498634617,-1.506856759,1.3333333333333333,0.8333333333333334,0.3666666666666665,11.8,-0.35,11.8,-0.35,11.8,-0.35,11.84816324,-0.394533913,0.4,-0.1181911826133728,-0.03620689655172412,365689098.9013645,0.2038989997797642,0.5720250345362751
944,1456,boulgou(tenkodogo),guella,burkina_faso,11/13/2009,12,1,-0.801907925,0.0,11.786085461070222,-0.368035917,-1.498634617,-1.506856759,1.3333333333333333,0.8333333333333334,0.3666666666666665,11.8,-0.35,11.8,-0.35,11.8,-0.35,11.84816324,-0.394533913,0.4,-0.1181911826133728,-0.03620689655172412,365689098.9013645,0.2038989997797642,0.5720250345362751
945,1457,boulgou(tenkodogo),guella,burkina_faso,11/13/2009,5,1,-0.764271355,1.0,11.786085461070222,-0.368035917,-1.498634617,-1.506856759,1.3333333333333333,0.8333333333333334,0.3666666666666665,11.8,-0.35,11.8,-0.35,11.8,-0.35,11.84816324,-0.394533913,0.4,-0.1181911826133728,-0.03620689655172412,365689098.9013645,0.2038989997797642,0.5720250345362751
946,1461,boulgou(tenkodogo),tisselin,burkina_faso,11/8/2009,2,1,2.386276898295215,1.0,11.786085461070222,-0.368035917,-1.498634617,-1.506856759,1.3333333333333333,0.8333333333333334,0.3666666666666665,11.8,-0.35,11.8,-0.35,11.8,-0.35,11.84816324,-0.394533913,0.4,-0.1181911826133728,-0.03620689655172412,365689098.9013645,0.2038989997797642,0.5720250345362751
947,1462,boulgou(tenkodogo),tisselin,burkina_faso,11/8/2009,6,1,2.364770286908435,0.0,11.786085461070222,-0.368035917,-1.498634617,-1.506856759,1.3333333333333333,0.8333333333333334,0.3666666666666665,11.8,-0.35,11.8,-0.35,11.8,-0.35,11.84816324,-0.394533913,0.4,-0.1181911826133728,-0.03620689655172412,365689098.9013645,0.2038989997797642,0.5720250345362751
948,1463,boulgou(tenkodogo),tisselin,burkina_faso,11/8/2009,13,1,2.6997180600881747,1.0,11.786085461070222,-0.368035917,-1.498634617,-1.506856759,1.3333333333333333,0.8333333333333334,0.3666666666666665,11.8,-0.35,11.8,-0.35,11.8,-0.35,11.84816324,-0.394533913,0.4,-0.1181911826133728,-0.03620689655172412,365689098.9013645,0.2038989997797642,0.5720250345362751
949,1464,boulgou(tenkodogo),tisselin,burkina_faso,11/8/2009,6,1,-0.801907925,0.0,11.786085461070222,-0.368035917,-1.498634617,-1.506856759,1.3333333333333333,0.8333333333333334,0.3666666666666665,11.8,-0.35,11.8,-0.35,11.8,-0.35,11.84816324,-0.394533913,0.4,-0.1181911826133728,-0.03620689655172412,365689098.9013645,0.2038989997797642,0.5720250345362751
950,1465,boulgou(tenkodogo),tisselin,burkina_faso,11/8/2009,7,1,-0.695121604,0.0,11.786085461070222,-0.368035917,-1.498634617,-1.506856759,1.3333333333333333,0.8333333333333334,0.3666666666666665,11.8,-0.35,11.8,-0.35,11.8,-0.35,11.84816324,-0.394533913,0.4,-0.1181911826133728,-0.03620689655172412,365689098.9013645,0.2038989997797642,0.5720250345362751
951,1466,boulgou(tenkodogo),tisselin,burkina_faso,11/8/2009,4,1,2.7269597678447632,0.0,11.786085461070222,-0.368035917,-1.498634617,-1.506856759,1.3333333333333333,0.8333333333333334,0.3666666666666665,11.8,-0.35,11.8,-0.35,11.8,-0.35,11.84816324,-0.394533913,0.4,-0.1181911826133728,-0.03620689655172412,365689098.9013645,0.2038989997797642,0.5720250345362751
952,1467,boulgou(tenkodogo),tisselin,burkina_faso,11/8/2009,6,1,-1.021466732,0.0,11.786085461070222,-0.368035917,-1.498634617,-1.506856759,1.3333333333333333,0.8333333333333334,0.3666666666666665,11.8,-0.35,11.8,-0.35,11.8,-0.35,11.84816324,-0.394533913,0.4,-0.1181911826133728,-0.03620689655172412,365689098.9013645,0.2038989997797642,0.5720250345362751
953,1468,boulgou(tenkodogo),tisselin,burkina_faso,11/8/2009,6,1,-0.866427759,1.0,11.786085461070222,-0.368035917,-1.498634617,-1.506856759,1.3333333333333333,0.8333333333333334,0.3666666666666665,11.8,-0.35,11.8,-0.35,11.8,-0.35,11.84816324,-0.394533913,0.4,-0.1181911826133728,-0.03620689655172412,365689098.9013645,0.2038989997797642,0.5720250345362751
954,1470,boulgou(tenkodogo),tisselin,burkina_faso,11/8/2009,3,1,-0.956946898,1.0,11.786085461070222,-0.368035917,-1.498634617,-1.506856759,1.3333333333333333,0.8333333333333334,0.3666666666666665,11.8,-0.35,11.8,-0.35,11.8,-0.35,11.84816324,-0.394533913,0.4,-0.1181911826133728,-0.03620689655172412,365689098.9013645,0.2038989997797642,0.5720250345362751
955,1471,boulgou(tenkodogo),tisselin,burkina_faso,11/8/2009,8,1,-0.794739054,1.0,11.786085461070222,-0.368035917,-1.498634617,-1.506856759,1.3333333333333333,0.8333333333333334,0.3666666666666665,11.8,-0.35,11.8,-0.35,11.8,-0.35,11.84816324,-0.394533913,0.4,-0.1181911826133728,-0.03620689655172412,365689098.9013645,0.2038989997797642,0.5720250345362751
956,1472,boulgou(tenkodogo),tisselin,burkina_faso,11/8/2009,2,1,-0.780401313,1.0,11.786085461070222,-0.368035917,-1.498634617,-1.506856759,1.3333333333333333,0.8333333333333334,0.3666666666666665,11.8,-0.35,11.8,-0.35,11.8,-0.35,11.84816324,-0.394533913,0.4,-0.1181911826133728,-0.03620689655172412,365689098.9013645,0.2038989997797642,0.5720250345362751
957,1473,boulgou(tenkodogo),tisselin,burkina_faso,11/8/2009,4,1,-0.935440287,1.0,11.786085461070222,-0.368035917,-1.498634617,-1.506856759,1.3333333333333333,0.8333333333333334,0.3666666666666665,11.8,-0.35,11.8,-0.35,11.8,-0.35,11.84816324,-0.394533913,0.4,-0.1181911826133728,-0.03620689655172412,365689098.9013645,0.2038989997797642,0.5720250345362751
958,1475,boulgou(tenkodogo),tisselin,burkina_faso,11/8/2009,3,1,-0.913933675,0.0,11.786085461070222,-0.368035917,-1.498634617,-1.506856759,1.3333333333333333,0.8333333333333334,0.3666666666666665,11.8,-0.35,11.8,-0.35,11.8,-0.35,11.84816324,-0.394533913,0.4,-0.1181911826133728,-0.03620689655172412,365689098.9013645,0.2038989997797642,0.5720250345362751
959,1476,boulgou(tenkodogo),tisselin,burkina_faso,11/8/2009,12,1,2.356167642353723,0.0,11.786085461070222,-0.368035917,-1.498634617,-1.506856759,1.3333333333333333,0.8333333333333334,0.3666666666666665,11.8,-0.35,11.8,-0.35,11.8,-0.35,11.84816324,-0.394533913,0.4,-0.1181911826133728,-0.03620689655172412,365689098.9013645,0.2038989997797642,0.5720250345362751
960,1479,boulgou(tenkodogo),tisselin,burkina_faso,11/8/2009,7,1,-0.439718444,1.0,11.786085461070222,-0.368035917,-1.498634617,-1.506856759,1.3333333333333333,0.8333333333333334,0.3666666666666665,11.8,-0.35,11.8,-0.35,11.8,-0.35,11.84816324,-0.394533913,0.4,-0.1181911826133728,-0.03620689655172412,365689098.9013645,0.2038989997797642,0.5720250345362751
961,1481,boulgou(tenkodogo),tisselin,burkina_faso,11/8/2009,5,1,2.380900245,0.0,11.786085461070222,-0.368035917,-1.498634617,-1.506856759,1.3333333333333333,0.8333333333333334,0.3666666666666665,11.8,-0.35,11.8,-0.35,11.8,-0.35,11.84816324,-0.394533913,0.4,-0.1181911826133728,-0.03620689655172412,365689098.9013645,0.2038989997797642,0.5720250345362751
962,1482,boulgou(tenkodogo),tisselin,burkina_faso,11/8/2009,4,1,-0.978453509,1.0,11.786085461070222,-0.368035917,-1.498634617,-1.506856759,1.3333333333333333,0.8333333333333334,0.3666666666666665,11.8,-0.35,11.8,-0.35,11.8,-0.35,11.84816324,-0.394533913,0.4,-0.1181911826133728,-0.03620689655172412,365689098.9013645,0.2038989997797642,0.5720250345362751
963,1483,boulgou(tenkodogo),tisselin,burkina_faso,11/8/2009,14,1,-0.69062891,0.0,11.786085461070222,-0.368035917,-1.498634617,-1.506856759,1.3333333333333333,0.8333333333333334,0.3666666666666665,11.8,-0.35,11.8,-0.35,11.8,-0.35,11.84816324,-0.394533913,0.4,-0.1181911826133728,-0.03620689655172412,365689098.9013645,0.2038989997797642,0.5720250345362751
964,1486,boulgou(tenkodogo),zankougdgo,burkina_faso,11/6/2009,10,2,-1.107493178,1.0,11.786085461070222,-0.368035917,-1.498634617,-1.506856759,1.3333333333333333,0.8333333333333334,0.3666666666666665,11.8,-0.35,11.8,-0.35,11.8,-0.35,11.84816324,-0.394533913,0.4,-0.1181911826133728,-0.03620689655172412,365689098.9013645,0.2038989997797642,0.5720250345362751
965,1487,boulgou(tenkodogo),zankougdgo,burkina_faso,11/6/2009,7,1,-0.967700204,1.0,11.786085461070222,-0.368035917,-1.498634617,-1.506856759,1.3333333333333333,0.8333333333333334,0.3666666666666665,11.8,-0.35,11.8,-0.35,11.8,-0.35,11.84816324,-0.394533913,0.4,-0.1181911826133728,-0.03620689655172412,365689098.9013645,0.2038989997797642,0.5720250345362751
966,1488,boulgou(tenkodogo),zankougdgo,burkina_faso,11/6/2009,6,1,-1.021466732,1.0,11.786085461070222,-0.368035917,-1.498634617,-1.506856759,1.3333333333333333,0.8333333333333334,0.3666666666666665,11.8,-0.35,11.8,-0.35,11.8,-0.35,11.84816324,-0.394533913,0.4,-0.1181911826133728,-0.03620689655172412,365689098.9013645,0.2038989997797642,0.5720250345362751
967,1493,boulgou(tenkodogo),zankougdgo,burkina_faso,11/6/2009,8,2,-1.064479955,1.0,11.786085461070222,-0.368035917,-1.498634617,-1.506856759,1.3333333333333333,0.8333333333333334,0.3666666666666665,11.8,-0.35,11.8,-0.35,11.8,-0.35,11.84816324,-0.394533913,0.4,-0.1181911826133728,-0.03620689655172412,365689098.9013645,0.2038989997797642,0.5720250345362751
968,1494,boulgou(tenkodogo),zankougdgo,burkina_faso,11/6/2009,5,1,-0.999960121,1.0,11.786085461070222,-0.368035917,-1.498634617,-1.506856759,1.3333333333333333,0.8333333333333334,0.3666666666666665,11.8,-0.35,11.8,-0.35,11.8,-0.35,11.84816324,-0.394533913,0.4,-0.1181911826133728,-0.03620689655172412,365689098.9013645,0.2038989997797642,0.5720250345362751
969,1496,boulgou(tenkodogo),zankougdgo,burkina_faso,11/6/2009,5,1,-0.999960121,0.0,11.786085461070222,-0.368035917,-1.498634617,-1.506856759,1.3333333333333333,0.8333333333333334,0.3666666666666665,11.8,-0.35,11.8,-0.35,11.8,-0.35,11.84816324,-0.394533913,0.4,-0.1181911826133728,-0.03620689655172412,365689098.9013645,0.2038989997797642,0.5720250345362751
970,1497,boulgou(tenkodogo),zankougdgo,burkina_faso,11/6/2009,10,1,-0.964115769,1.0,11.786085461070222,-0.368035917,-1.498634617,-1.506856759,1.3333333333333333,0.8333333333333334,0.3666666666666665,11.8,-0.35,11.8,-0.35,11.8,-0.35,11.84816324,-0.394533913,0.4,-0.1181911826133728,-0.03620689655172412,365689098.9013645,0.2038989997797642,0.5720250345362751
971,1498,boulgou(tenkodogo),zankougdgo,burkina_faso,11/6/2009,6,1,-0.924686981,0.0,11.786085461070222,-0.368035917,-1.498634617,-1.506856759,1.3333333333333333,0.8333333333333334,0.3666666666666665,11.8,-0.35,11.8,-0.35,11.8,-0.35,11.84816324,-0.394533913,0.4,-0.1181911826133728,-0.03620689655172412,365689098.9013645,0.2038989997797642,0.5720250345362751
972,1499,boulgou(tenkodogo),zankougdgo,burkina_faso,11/6/2009,6,2,-1.021466732,1.0,11.786085461070222,-0.368035917,-1.498634617,-1.506856759,1.3333333333333333,0.8333333333333334,0.3666666666666665,11.8,-0.35,11.8,-0.35,11.8,-0.35,11.84816324,-0.394533913,0.4,-0.1181911826133728,-0.03620689655172412,365689098.9013645,0.2038989997797642,0.5720250345362751
973,1500,boulgou(tenkodogo),zankougdgo,burkina_faso,11/6/2009,3,1,-0.924686981,0.0,11.786085461070222,-0.368035917,-1.498634617,-1.506856759,1.3333333333333333,0.8333333333333334,0.3666666666666665,11.8,-0.35,11.8,-0.35,11.8,-0.35,11.84816324,-0.394533913,0.4,-0.1181911826133728,-0.03620689655172412,365689098.9013645,0.2038989997797642,0.5720250345362751
974,1501,boulgou(tenkodogo),zankougdgo,burkina_faso,11/6/2009,2,1,-0.913933675,0.0,11.786085461070222,-0.368035917,-1.498634617,-1.506856759,1.3333333333333333,0.8333333333333334,0.3666666666666665,11.8,-0.35,11.8,-0.35,11.8,-0.35,11.84816324,-0.394533913,0.4,-0.1181911826133728,-0.03620689655172412,365689098.9013645,0.2038989997797642,0.5720250345362751
975,1502,boulgou(tenkodogo),zankougdgo,burkina_faso,11/6/2009,2,1,-0.935440287,0.0,11.786085461070222,-0.368035917,-1.498634617,-1.506856759,1.3333333333333333,0.8333333333333334,0.3666666666666665,11.8,-0.35,11.8,-0.35,11.8,-0.35,11.84816324,-0.394533913,0.4,-0.1181911826133728,-0.03620689655172412,365689098.9013645,0.2038989997797642,0.5720250345362751
976,1504,boulgou(tenkodogo),zankougdgo,burkina_faso,11/6/2009,5,1,-0.946193592,1.0,11.786085461070222,-0.368035917,-1.498634617,-1.506856759,1.3333333333333333,0.8333333333333334,0.3666666666666665,11.8,-0.35,11.8,-0.35,11.8,-0.35,11.84816324,-0.394533913,0.4,-0.1181911826133728,-0.03620689655172412,365689098.9013645,0.2038989997797642,0.5720250345362751
977,1507,boulgou(tenkodogo),zankougdgo,burkina_faso,11/6/2009,5,1,-0.758894702,1.0,11.786085461070222,-0.368035917,-1.498634617,-1.506856759,1.3333333333333333,0.8333333333333334,0.3666666666666665,11.8,-0.35,11.8,-0.35,11.8,-0.35,11.84816324,-0.394533913,0.4,-0.1181911826133728,-0.03620689655172412,365689098.9013645,0.2038989997797642,0.5720250345362751
978,1508,boulgou(tenkodogo),zankougdgo,burkina_faso,11/6/2009,15,1,-0.93275196,1.0,11.786085461070222,-0.368035917,-1.498634617,-1.506856759,1.3333333333333333,0.8333333333333334,0.3666666666666665,11.8,-0.35,11.8,-0.35,11.8,-0.35,11.84816324,-0.394533913,0.4,-0.1181911826133728,-0.03620689655172412,365689098.9013645,0.2038989997797642,0.5720250345362751
979,1509,boulgou(tenkodogo),zankougdgo,burkina_faso,11/6/2009,12,1,-0.956946898,1.0,11.786085461070222,-0.368035917,-1.498634617,-1.506856759,1.3333333333333333,0.8333333333333334,0.3666666666666665,11.8,-0.35,11.8,-0.35,11.8,-0.35,11.84816324,-0.394533913,0.4,-0.1181911826133728,-0.03620689655172412,365689098.9013645,0.2038989997797642,0.5720250345362751
980,1510,boulgou(tenkodogo),zankougdgo,burkina_faso,11/6/2009,7,1,-0.92253632,1.0,11.786085461070222,-0.368035917,-1.498634617,-1.506856759,1.3333333333333333,0.8333333333333334,0.3666666666666665,11.8,-0.35,11.8,-0.35,11.8,-0.35,11.84816324,-0.394533913,0.4,-0.1181911826133728,-0.03620689655172412,365689098.9013645,0.2038989997797642,0.5720250345362751
981,1511,boulgou(tenkodogo),zankougdgo,burkina_faso,11/6/2009,9,1,-0.930947593,0.0,11.786085461070222,-0.368035917,-1.498634617,-1.506856759,1.3333333333333333,0.8333333333333334,0.3666666666666665,11.8,-0.35,11.8,-0.35,11.8,-0.35,11.84816324,-0.394533913,0.4,-0.1181911826133728,-0.03620689655172412,365689098.9013645,0.2038989997797642,0.5720250345362751
982,1513,boulgou(tenkodogo),zeke,burkina_faso,11/11/2009,6,1,-0.866427759,0.0,11.786085461070222,-0.368035917,-1.498634617,-1.506856759,1.3333333333333333,0.8333333333333334,0.3666666666666665,11.8,-0.35,11.8,-0.35,11.8,-0.35,11.84816324,-0.394533913,0.4,-0.1181911826133728,-0.03620689655172412,365689098.9013645,0.2038989997797642,0.5720250345362751
983,1514,boulgou(tenkodogo),zeke,burkina_faso,11/11/2009,10,1,-1.107493178,0.0,11.786085461070222,-0.368035917,-1.498634617,-1.506856759,1.3333333333333333,0.8333333333333334,0.3666666666666665,11.8,-0.35,11.8,-0.35,11.8,-0.35,11.84816324,-0.394533913,0.4,-0.1181911826133728,-0.03620689655172412,365689098.9013645,0.2038989997797642,0.5720250345362751
984,1515,boulgou(tenkodogo),zeke,burkina_faso,11/11/2009,3,1,0.3411304811435417,0.0,11.786085461070222,-0.368035917,-1.498634617,-1.506856759,1.3333333333333333,0.8333333333333334,0.3666666666666665,11.8,-0.35,11.8,-0.35,11.8,-0.35,11.84816324,-0.394533913,0.4,-0.1181911826133728,-0.03620689655172412,365689098.9013645,0.2038989997797642,0.5720250345362751
985,1516,boulgou(tenkodogo),zeke,burkina_faso,11/11/2009,4,1,-0.978453509,1.0,11.786085461070222,-0.368035917,-1.498634617,-1.506856759,1.3333333333333333,0.8333333333333334,0.3666666666666665,11.8,-0.35,11.8,-0.35,11.8,-0.35,11.84816324,-0.394533913,0.4,-0.1181911826133728,-0.03620689655172412,365689098.9013645,0.2038989997797642,0.5720250345362751
986,1517,boulgou(tenkodogo),zeke,burkina_faso,11/11/2009,4,1,-0.766063572,1.0,11.786085461070222,-0.368035917,-1.498634617,-1.506856759,1.3333333333333333,0.8333333333333334,0.3666666666666665,11.8,-0.35,11.8,-0.35,11.8,-0.35,11.84816324,-0.394533913,0.4,-0.1181911826133728,-0.03620689655172412,365689098.9013645,0.2038989997797642,0.5720250345362751
987,1519,boulgou(tenkodogo),zeke,burkina_faso,11/11/2009,17,1,-0.810510569,1.0,11.786085461070222,-0.368035917,-1.498634617,-1.506856759,1.3333333333333333,0.8333333333333334,0.3666666666666665,11.8,-0.35,11.8,-0.35,11.8,-0.35,11.84816324,-0.394533913,0.4,-0.1181911826133728,-0.03620689655172412,365689098.9013645,0.2038989997797642,0.5720250345362751
988,1522,boulgou(tenkodogo),zeke,burkina_faso,11/11/2009,7,1,-0.81266123,1.0,11.786085461070222,-0.368035917,-1.498634617,-1.506856759,1.3333333333333333,0.8333333333333334,0.3666666666666665,11.8,-0.35,11.8,-0.35,11.8,-0.35,11.84816324,-0.394533913,0.4,-0.1181911826133728,-0.03620689655172412,365689098.9013645,0.2038989997797642,0.5720250345362751
989,1523,boulgou(tenkodogo),zeke,burkina_faso,11/11/2009,6,1,-0.780401313,1.0,11.786085461070222,-0.368035917,-1.498634617,-1.506856759,1.3333333333333333,0.8333333333333334,0.3666666666666665,11.8,-0.35,11.8,-0.35,11.8,-0.35,11.84816324,-0.394533913,0.4,-0.1181911826133728,-0.03620689655172412,365689098.9013645,0.2038989997797642,0.5720250345362751
990,1525,boulgou(tenkodogo),zeke,burkina_faso,11/11/2009,6,1,-0.780401313,0.0,11.786085461070222,-0.368035917,-1.498634617,-1.506856759,1.3333333333333333,0.8333333333333334,0.3666666666666665,11.8,-0.35,11.8,-0.35,11.8,-0.35,11.84816324,-0.394533913,0.4,-0.1181911826133728,-0.03620689655172412,365689098.9013645,0.2038989997797642,0.5720250345362751
991,1526,boulgou(tenkodogo),zeke,burkina_faso,11/11/2009,7,1,0.4782472783277984,1.0,11.786085461070222,-0.368035917,-1.498634617,-1.506856759,1.3333333333333333,0.8333333333333334,0.3666666666666665,11.8,-0.35,11.8,-0.35,11.8,-0.35,11.84816324,-0.394533913,0.4,-0.1181911826133728,-0.03620689655172412,365689098.9013645,0.2038989997797642,0.5720250345362751
992,1527,boulgou(tenkodogo),zeke,burkina_faso,11/11/2009,2,1,-0.935440287,0.0,11.786085461070222,-0.368035917,-1.498634617,-1.506856759,1.3333333333333333,0.8333333333333334,0.3666666666666665,11.8,-0.35,11.8,-0.35,11.8,-0.35,11.84816324,-0.394533913,0.4,-0.1181911826133728,-0.03620689655172412,365689098.9013645,0.2038989997797642,0.5720250345362751
993,1528,boulgou(tenkodogo),zeke,burkina_faso,11/11/2009,11,1,0.4890005840211886,0.0,11.786085461070222,-0.368035917,-1.498634617,-1.506856759,1.3333333333333333,0.8333333333333334,0.3666666666666665,11.8,-0.35,11.8,-0.35,11.8,-0.35,11.84816324,-0.394533913,0.4,-0.1181911826133728,-0.03620689655172412,365689098.9013645,0.2038989997797642,0.5720250345362751
994,1530,boulgou(tenkodogo),zeke,burkina_faso,11/11/2009,10,1,-0.952454204,1.0,11.786085461070222,-0.368035917,-1.498634617,-1.506856759,1.3333333333333333,0.8333333333333334,0.3666666666666665,11.8,-0.35,11.8,-0.35,11.8,-0.35,11.84816324,-0.394533913,0.4,-0.1181911826133728,-0.03620689655172412,365689098.9013645,0.2038989997797642,0.5720250345362751
995,1531,boulgou(tenkodogo),zeke,burkina_faso,11/11/2009,10,1,-0.780401313,1.0,11.786085461070222,-0.368035917,-1.498634617,-1.506856759,1.3333333333333333,0.8333333333333334,0.3666666666666665,11.8,-0.35,11.8,-0.35,11.8,-0.35,11.84816324,-0.394533913,0.4,-0.1181911826133728,-0.03620689655172412,365689098.9013645,0.2038989997797642,0.5720250345362751
996,1533,boulgou(tenkodogo),zeke,burkina_faso,11/11/2009,11,1,-0.448679532,0.0,11.786085461070222,-0.368035917,-1.498634617,-1.506856759,1.3333333333333333,0.8333333333333334,0.3666666666666665,11.8,-0.35,11.8,-0.35,11.8,-0.35,11.84816324,-0.394533913,0.4,-0.1181911826133728,-0.03620689655172412,365689098.9013645,0.2038989997797642,0.5720250345362751
997,1535,boulgou(tenkodogo),zeke,burkina_faso,11/11/2009,3,1,-0.956946898,1.0,11.786085461070222,-0.368035917,-1.498634617,-1.506856759,1.3333333333333333,0.8333333333333334,0.3666666666666665,11.8,-0.35,11.8,-0.35,11.8,-0.35,11.84816324,-0.394533913,0.4,-0.1181911826133728,-0.03620689655172412,365689098.9013645,0.2038989997797642,0.5720250345362751
998,1538,boulgou(tenkodogo),zeke,burkina_faso,11/11/2009,12,1,-1.021466732,1.0,11.786085461070222,-0.368035917,-1.498634617,-1.506856759,1.3333333333333333,0.8333333333333334,0.3666666666666665,11.8,-0.35,11.8,-0.35,11.8,-0.35,11.84816324,-0.394533913,0.4,-0.1181911826133728,-0.03620689655172412,365689098.9013645,0.2038989997797642,0.5720250345362751
999,1539,boulgou(tenkodogo),zeke,burkina_faso,11/11/2009,11,1,-1.010713427,1.0,11.786085461070222,-0.368035917,-1.498634617,-1.506856759,1.3333333333333333,0.8333333333333334,0.3666666666666665,11.8,-0.35,11.8,-0.35,11.8,-0.35,11.84816324,-0.394533913,0.4,-0.1181911826133728,-0.03620689655172412,365689098.9013645,0.2038989997797642,0.5720250345362751
1000,1540,boulgou(tenkodogo),zonse,burkina_faso,10/31/2009,15,1,-1.059987261,0.0,11.35575325177376,-0.635611602,-1.323091467,-1.323091467,1.0,0.6666666666666666,-0.166666667,11.35,-0.65,11.35,-0.65,11.35,-0.65,11.38732922,-0.694916179,0.0,0.0,,0.0,0.19444070118332138,0.0
1001,1542,boulgou(tenkodogo),zonse,burkina_faso,10/31/2009,15,1,-0.791154619,1.0,11.35575325177376,-0.635611602,-1.323091467,-1.323091467,1.0,0.6666666666666666,-0.166666667,11.35,-0.65,11.35,-0.65,11.35,-0.65,11.38732922,-0.694916179,0.0,0.0,,0.0,0.19444070118332138,0.0
1002,1545,boulgou(tenkodogo),zonse,burkina_faso,10/31/2009,2,1,-0.913933675,1.0,11.35575325177376,-0.635611602,-1.323091467,-1.323091467,1.0,0.6666666666666666,-0.166666667,11.35,-0.65,11.35,-0.65,11.35,-0.65,11.38732922,-0.694916179,0.0,0.0,,0.0,0.19444070118332138,0.0
1003,1546,boulgou(tenkodogo),zonse,burkina_faso,10/31/2009,18,1,-0.956946898,1.0,11.35575325177376,-0.635611602,-1.323091467,-1.323091467,1.0,0.6666666666666666,-0.166666667,11.35,-0.65,11.35,-0.65,11.35,-0.65,11.38732922,-0.694916179,0.0,0.0,,0.0,0.19444070118332138,0.0
1004,1547,boulgou(tenkodogo),zonse,burkina_faso,10/31/2009,2,1,3.758103136682641,1.0,11.35575325177376,-0.635611602,-1.323091467,-1.323091467,1.0,0.6666666666666666,-0.166666667,11.35,-0.65,11.35,-0.65,11.35,-0.65,11.38732922,-0.694916179,0.0,0.0,,0.0,0.19444070118332138,0.0
1005,1548,boulgou(tenkodogo),zonse,burkina_faso,10/31/2009,8,1,-0.909440982,1.0,11.35575325177376,-0.635611602,-1.323091467,-1.323091467,1.0,0.6666666666666666,-0.166666667,11.35,-0.65,11.35,-0.65,11.35,-0.65,11.38732922,-0.694916179,0.0,0.0,,0.0,0.19444070118332138,0.0
1006,1549,boulgou(tenkodogo),zonse,burkina_faso,10/31/2009,6,1,-0.780401313,0.0,11.35575325177376,-0.635611602,-1.323091467,-1.323091467,1.0,0.6666666666666666,-0.166666667,11.35,-0.65,11.35,-0.65,11.35,-0.65,11.38732922,-0.694916179,0.0,0.0,,0.0,0.19444070118332138,0.0
1007,1550,boulgou(tenkodogo),zonse,burkina_faso,10/31/2009,6,1,-0.801907925,1.0,11.35575325177376,-0.635611602,-1.323091467,-1.323091467,1.0,0.6666666666666666,-0.166666667,11.35,-0.65,11.35,-0.65,11.35,-0.65,11.38732922,-0.694916179,0.0,0.0,,0.0,0.19444070118332138,0.0
1008,1552,boulgou(tenkodogo),zonse,burkina_faso,10/31/2009,8,1,0.1701647927696028,1.0,11.35575325177376,-0.635611602,-1.323091467,-1.323091467,1.0,0.6666666666666666,-0.166666667,11.35,-0.65,11.35,-0.65,11.35,-0.65,11.38732922,-0.694916179,0.0,0.0,,0.0,0.19444070118332138,0.0
1009,1555,boulgou(tenkodogo),zonse,burkina_faso,10/31/2009,3,1,-0.956946898,0.0,11.35575325177376,-0.635611602,-1.323091467,-1.323091467,1.0,0.6666666666666666,-0.166666667,11.35,-0.65,11.35,-0.65,11.35,-0.65,11.38732922,-0.694916179,0.0,0.0,,0.0,0.19444070118332138,0.0
1010,1556,boulgou(tenkodogo),zonse,burkina_faso,10/31/2009,8,1,1.177599903264611,0.0,11.35575325177376,-0.635611602,-1.323091467,-1.323091467,1.0,0.6666666666666666,-0.166666667,11.35,-0.65,11.35,-0.65,11.35,-0.65,11.38732922,-0.694916179,0.0,0.0,,0.0,0.19444070118332138,0.0
1011,1557,boulgou(tenkodogo),zonse,burkina_faso,10/31/2009,9,2,-0.930947593,1.0,11.35575325177376,-0.635611602,-1.323091467,-1.323091467,1.0,0.6666666666666666,-0.166666667,11.35,-0.65,11.35,-0.65,11.35,-0.65,11.38732922,-0.694916179,0.0,0.0,,0.0,0.19444070118332138,0.0
1012,1558,boulgou(tenkodogo),zonse,burkina_faso,11/1/2009,5,1,-0.844921148,0.0,11.35575325177376,-0.635611602,-1.323091467,-1.323091467,1.0,0.6666666666666666,-0.166666667,11.35,-0.65,11.35,-0.65,11.35,-0.65,11.38732922,-0.694916179,0.0,0.0,,0.0,0.19444070118332138,0.0
1013,1559,boulgou(tenkodogo),zonse,burkina_faso,10/31/2009,4,1,2.7269597678447632,1.0,11.35575325177376,-0.635611602,-1.323091467,-1.323091467,1.0,0.6666666666666666,-0.166666667,11.35,-0.65,11.35,-0.65,11.35,-0.65,11.38732922,-0.694916179,0.0,0.0,,0.0,0.19444070118332138,0.0
1014,1562,boulgou(tenkodogo),zonse,burkina_faso,11/1/2009,6,3,5.131653777022564,0.0,11.35575325177376,-0.635611602,-1.323091467,-1.323091467,1.0,0.6666666666666666,-0.166666667,11.35,-0.65,11.35,-0.65,11.35,-0.65,11.38732922,-0.694916179,0.0,0.0,,0.0,0.19444070118332138,0.0
1015,1563,boulgou(tenkodogo),zonse,burkina_faso,11/1/2009,5,1,-0.791154619,0.0,11.35575325177376,-0.635611602,-1.323091467,-1.323091467,1.0,0.6666666666666666,-0.166666667,11.35,-0.65,11.35,-0.65,11.35,-0.65,11.38732922,-0.694916179,0.0,0.0,,0.0,0.19444070118332138,0.0
1016,1564,boulgou(tenkodogo),zonse,burkina_faso,11/1/2009,17,1,-0.480939449,1.0,11.35575325177376,-0.635611602,-1.323091467,-1.323091467,1.0,0.6666666666666666,-0.166666667,11.35,-0.65,11.35,-0.65,11.35,-0.65,11.38732922,-0.694916179,0.0,0.0,,0.0,0.19444070118332138,0.0
1017,1565,boulgou(tenkodogo),zonse,burkina_faso,11/1/2009,2,1,-0.780401313,1.0,11.35575325177376,-0.635611602,-1.323091467,-1.323091467,1.0,0.6666666666666666,-0.166666667,11.35,-0.65,11.35,-0.65,11.35,-0.65,11.38732922,-0.694916179,0.0,0.0,,0.0,0.19444070118332138,0.0
1018,1567,tuy(houndÃ©),bihoun,burkina_faso,11/1/2009,9,1,-0.738134826,0.0,11.67119878168943,-3.661070784,-1.631868497,-1.782772854,2.25,1.0,-0.333333333,11.65,-3.65,11.65,-3.65,11.65,-3.65,11.67040863,-3.793292763,1.0,-0.19890892505645752,0.12272727272727274,81785674.84500702,0.21479296065399547,-0.31449455176850905
1019,1568,tuy(houndÃ©),bihoun,burkina_faso,11/1/2009,5,1,-0.652108381,0.0,11.67119878168943,-3.661070784,-1.631868497,-1.782772854,2.25,1.0,-0.333333333,11.65,-3.65,11.65,-3.65,11.65,-3.65,11.67040863,-3.793292763,1.0,-0.19890892505645752,0.12272727272727274,81785674.84500702,0.21479296065399547,-0.31449455176850905
1020,1570,tuy(houndÃ©),bihoun,burkina_faso,11/1/2009,6,1,-0.956946898,1.0,11.67119878168943,-3.661070784,-1.631868497,-1.782772854,2.25,1.0,-0.333333333,11.65,-3.65,11.65,-3.65,11.65,-3.65,11.67040863,-3.793292763,1.0,-0.19890892505645752,0.12272727272727274,81785674.84500702,0.21479296065399547,-0.31449455176850905
1021,1577,tuy(houndÃ©),bihoun,burkina_faso,11/1/2009,5,1,-0.764271355,0.0,11.67119878168943,-3.661070784,-1.631868497,-1.782772854,2.25,1.0,-0.333333333,11.65,-3.65,11.65,-3.65,11.65,-3.65,11.67040863,-3.793292763,1.0,-0.19890892505645752,0.12272727272727274,81785674.84500702,0.21479296065399547,-0.31449455176850905
1022,1578,tuy(houndÃ©),bihoun,burkina_faso,11/1/2009,8,2,-0.418211832,1.0,11.67119878168943,-3.661070784,-1.631868497,-1.782772854,2.25,1.0,-0.333333333,11.65,-3.65,11.65,-3.65,11.65,-3.65,11.67040863,-3.793292763,1.0,-0.19890892505645752,0.12272727272727274,81785674.84500702,0.21479296065399547,-0.31449455176850905
1023,1580,tuy(houndÃ©),bihoun,burkina_faso,11/1/2009,16,3,3.1292823641391214,1.0,11.67119878168943,-3.661070784,-1.631868497,-1.782772854,2.25,1.0,-0.333333333,11.65,-3.65,11.65,-3.65,11.65,-3.65,11.67040863,-3.793292763,1.0,-0.19890892505645752,0.12272727272727274,81785674.84500702,0.21479296065399547,-0.31449455176850905
1024,1581,tuy(houndÃ©),bihoun,burkina_faso,11/30/2009,9,1,1.7315244558763012,1.0,11.67119878168943,-3.661070784,-1.631868497,-1.782772854,2.25,1.0,-0.333333333,11.65,-3.65,11.65,-3.65,11.65,-3.65,11.67040863,-3.793292763,1.0,-0.19890892505645752,0.12272727272727274,81785674.84500702,0.21479296065399547,-0.31449455176850905
1025,1584,tuy(houndÃ©),bihoun,burkina_faso,11/17/2009,15,1,2.042507719225057,0.0,11.67119878168943,-3.661070784,-1.631868497,-1.782772854,2.25,1.0,-0.333333333,11.65,-3.65,11.65,-3.65,11.65,-3.65,11.67040863,-3.793292763,1.0,-0.19890892505645752,0.12272727272727274,81785674.84500702,0.21479296065399547,-0.31449455176850905
1026,1585,tuy(houndÃ©),bihoun,burkina_faso,11/3/2009,1,1,5.473752111858362,1.0,11.67119878168943,-3.661070784,-1.631868497,-1.782772854,2.25,1.0,-0.333333333,11.65,-3.65,11.65,-3.65,11.65,-3.65,11.67040863,-3.793292763,1.0,-0.19890892505645752,0.12272727272727274,81785674.84500702,0.21479296065399547,-0.31449455176850905
1027,1590,tuy(houndÃ©),bihoun,burkina_faso,11/1/2009,8,1,-0.475562796,1.0,11.67119878168943,-3.661070784,-1.631868497,-1.782772854,2.25,1.0,-0.333333333,11.65,-3.65,11.65,-3.65,11.65,-3.65,11.67040863,-3.793292763,1.0,-0.19890892505645752,0.12272727272727274,81785674.84500702,0.21479296065399547,-0.31449455176850905
1028,1592,tuy(houndÃ©),bihoun,burkina_faso,11/1/2009,17,1,-0.755148744,1.0,11.67119878168943,-3.661070784,-1.631868497,-1.782772854,2.25,1.0,-0.333333333,11.65,-3.65,11.65,-3.65,11.65,-3.65,11.67040863,-3.793292763,1.0,-0.19890892505645752,0.12272727272727274,81785674.84500702,0.21479296065399547,-0.31449455176850905
1029,1594,tuy(houndÃ©),lokoa,burkina_faso,11/2/2009,10,1,-0.616264029,1.0,11.489445114846363,-3.522869838,-1.59856689,-1.749549776,2.25,1.0,-0.333333333,11.5,-3.5,11.5,-3.5,11.5,-3.5,11.49964591,-3.527335183,0.8,-0.2622620463371277,-0.07500000000000002,82041228.36283356,0.22360993939296137,-0.8035499032827212
1030,1595,tuy(houndÃ©),lokoa,burkina_faso,11/2/2009,5,2,-0.764271355,1.0,11.489445114846363,-3.522869838,-1.59856689,-1.749549776,2.25,1.0,-0.333333333,11.5,-3.5,11.5,-3.5,11.5,-3.5,11.49964591,-3.527335183,0.8,-0.2622620463371277,-0.07500000000000002,82041228.36283356,0.22360993939296137,-0.8035499032827212
1031,1596,tuy(houndÃ©),lokoa,burkina_faso,11/2/2009,11,3,0.8368523240329969,1.0,11.489445114846363,-3.522869838,-1.59856689,-1.749549776,2.25,1.0,-0.333333333,11.5,-3.5,11.5,-3.5,11.5,-3.5,11.49964591,-3.527335183,0.8,-0.2622620463371277,-0.07500000000000002,82041228.36283356,0.22360993939296137,-0.8035499032827212
1032,1597,tuy(houndÃ©),lokoa,burkina_faso,11/2/2009,14,2,0.2493082813839052,1.0,11.489445114846363,-3.522869838,-1.59856689,-1.749549776,2.25,1.0,-0.333333333,11.5,-3.5,11.5,-3.5,11.5,-3.5,11.49964591,-3.527335183,0.8,-0.2622620463371277,-0.07500000000000002,82041228.36283356,0.22360993939296137,-0.8035499032827212
1033,1599,tuy(houndÃ©),lokoa,burkina_faso,11/2/2009,10,1,-0.809076795,1.0,11.489445114846363,-3.522869838,-1.59856689,-1.749549776,2.25,1.0,-0.333333333,11.5,-3.5,11.5,-3.5,11.5,-3.5,11.49964591,-3.527335183,0.8,-0.2622620463371277,-0.07500000000000002,82041228.36283356,0.22360993939296137,-0.8035499032827212
1034,1600,tuy(houndÃ©),lokoa,burkina_faso,11/2/2009,9,4,-0.738134826,1.0,11.489445114846363,-3.522869838,-1.59856689,-1.749549776,2.25,1.0,-0.333333333,11.5,-3.5,11.5,-3.5,11.5,-3.5,11.49964591,-3.527335183,0.8,-0.2622620463371277,-0.07500000000000002,82041228.36283356,0.22360993939296137,-0.8035499032827212
1035,1602,tuy(houndÃ©),lokoa,burkina_faso,11/2/2009,13,1,-1.016974039,0.0,11.489445114846363,-3.522869838,-1.59856689,-1.749549776,2.25,1.0,-0.333333333,11.5,-3.5,11.5,-3.5,11.5,-3.5,11.49964591,-3.527335183,0.8,-0.2622620463371277,-0.07500000000000002,82041228.36283356,0.22360993939296137,-0.8035499032827212
1036,1604,tuy(houndÃ©),lokoa,burkina_faso,11/2/2009,12,1,-0.995467427,0.0,11.489445114846363,-3.522869838,-1.59856689,-1.749549776,2.25,1.0,-0.333333333,11.5,-3.5,11.5,-3.5,11.5,-3.5,11.49964591,-3.527335183,0.8,-0.2622620463371277,-0.07500000000000002,82041228.36283356,0.22360993939296137,-0.8035499032827212
1037,1605,tuy(houndÃ©),lokoa,burkina_faso,11/2/2009,4,1,-0.766063572,0.0,11.489445114846363,-3.522869838,-1.59856689,-1.749549776,2.25,1.0,-0.333333333,11.5,-3.5,11.5,-3.5,11.5,-3.5,11.49964591,-3.527335183,0.8,-0.2622620463371277,-0.07500000000000002,82041228.36283356,0.22360993939296137,-0.8035499032827212
1038,1606,tuy(houndÃ©),lokoa,burkina_faso,11/2/2009,9,1,-0.834167842,1.0,11.489445114846363,-3.522869838,-1.59856689,-1.749549776,2.25,1.0,-0.333333333,11.5,-3.5,11.5,-3.5,11.5,-3.5,11.49964591,-3.527335183,0.8,-0.2622620463371277,-0.07500000000000002,82041228.36283356,0.22360993939296137,-0.8035499032827212
1039,1607,tuy(houndÃ©),lokoa,burkina_faso,11/2/2009,8,1,-1.064479955,0.0,11.489445114846363,-3.522869838,-1.59856689,-1.749549776,2.25,1.0,-0.333333333,11.5,-3.5,11.5,-3.5,11.5,-3.5,11.49964591,-3.527335183,0.8,-0.2622620463371277,-0.07500000000000002,82041228.36283356,0.22360993939296137,-0.8035499032827212
1040,1610,tuy(houndÃ©),lokoa,burkina_faso,11/2/2009,4,1,-0.978453509,0.0,11.489445114846363,-3.522869838,-1.59856689,-1.749549776,2.25,1.0,-0.333333333,11.5,-3.5,11.5,-3.5,11.5,-3.5,11.49964591,-3.527335183,0.8,-0.2622620463371277,-0.07500000000000002,82041228.36283356,0.22360993939296137,-0.8035499032827212
1041,1611,tuy(houndÃ©),lokoa,burkina_faso,11/2/2009,8,1,-0.978453509,0.0,11.489445114846363,-3.522869838,-1.59856689,-1.749549776,2.25,1.0,-0.333333333,11.5,-3.5,11.5,-3.5,11.5,-3.5,11.49964591,-3.527335183,0.8,-0.2622620463371277,-0.07500000000000002,82041228.36283356,0.22360993939296137,-0.8035499032827212
1042,1615,tuy(houndÃ©),lokoa,burkina_faso,11/2/2009,20,1,-0.780401313,0.0,11.489445114846363,-3.522869838,-1.59856689,-1.749549776,2.25,1.0,-0.333333333,11.5,-3.5,11.5,-3.5,11.5,-3.5,11.49964591,-3.527335183,0.8,-0.2622620463371277,-0.07500000000000002,82041228.36283356,0.22360993939296137,-0.8035499032827212
1043,1616,tuy(houndÃ©),lokoa,burkina_faso,11/2/2009,11,1,-0.796531272,1.0,11.489445114846363,-3.522869838,-1.59856689,-1.749549776,2.25,1.0,-0.333333333,11.5,-3.5,11.5,-3.5,11.5,-3.5,11.49964591,-3.527335183,0.8,-0.2622620463371277,-0.07500000000000002,82041228.36283356,0.22360993939296137,-0.8035499032827212
1044,1617,tuy(houndÃ©),lokoa,burkina_faso,11/2/2009,8,1,-0.921102546,1.0,11.489445114846363,-3.522869838,-1.59856689,-1.749549776,2.25,1.0,-0.333333333,11.5,-3.5,11.5,-3.5,11.5,-3.5,11.49964591,-3.527335183,0.8,-0.2622620463371277,-0.07500000000000002,82041228.36283356,0.22360993939296137,-0.8035499032827212
1045,1618,tuy(houndÃ©),lokoa,burkina_faso,11/2/2009,9,1,2.9348146032567843,1.0,11.489445114846363,-3.522869838,-1.59856689,-1.749549776,2.25,1.0,-0.333333333,11.5,-3.5,11.5,-3.5,11.5,-3.5,11.49964591,-3.527335183,0.8,-0.2622620463371277,-0.07500000000000002,82041228.36283356,0.22360993939296137,-0.8035499032827212
1046,1619,tuy(houndÃ©),lokoa,burkina_faso,11/2/2009,8,1,-0.780401313,1.0,11.489445114846363,-3.522869838,-1.59856689,-1.749549776,2.25,1.0,-0.333333333,11.5,-3.5,11.5,-3.5,11.5,-3.5,11.49964591,-3.527335183,0.8,-0.2622620463371277,-0.07500000000000002,82041228.36283356,0.22360993939296137,-0.8035499032827212
1047,1624,tuy(houndÃ©),ouoro,burkina_faso,10/30/2009,5,1,-0.946193592,1.0,11.489445114846363,-3.522869838,-1.59856689,-1.749549776,2.25,1.0,-0.333333333,11.5,-3.5,11.5,-3.5,11.5,-3.5,11.49964591,-3.527335183,0.8,-0.2622620463371277,-0.07500000000000002,82041228.36283356,0.22360993939296137,-0.8035499032827212
1048,1626,tuy(houndÃ©),ouoro,burkina_faso,10/30/2009,13,3,-0.529329325,1.0,11.489445114846363,-3.522869838,-1.59856689,-1.749549776,2.25,1.0,-0.333333333,11.5,-3.5,11.5,-3.5,11.5,-3.5,11.49964591,-3.527335183,0.8,-0.2622620463371277,-0.07500000000000002,82041228.36283356,0.22360993939296137,-0.8035499032827212
1049,1627,tuy(houndÃ©),ouoro,burkina_faso,10/31/2009,20,2,4.591603261999811,1.0,11.489445114846363,-3.522869838,-1.59856689,-1.749549776,2.25,1.0,-0.333333333,11.5,-3.5,11.5,-3.5,11.5,-3.5,11.49964591,-3.527335183,0.8,-0.2622620463371277,-0.07500000000000002,82041228.36283356,0.22360993939296137,-0.8035499032827212
1050,1628,tuy(houndÃ©),ouoro,burkina_faso,10/12/2009,16,2,-0.823414536,1.0,11.489445114846363,-3.522869838,-1.59856689,-1.749549776,2.25,1.0,-0.333333333,11.5,-3.5,11.5,-3.5,11.5,-3.5,11.49964591,-3.527335183,0.8,-0.2622620463371277,-0.07500000000000002,82041228.36283356,0.22360993939296137,-0.8035499032827212
1051,1629,tuy(houndÃ©),ouoro,burkina_faso,11/6/2009,4,5,5.223523671806314,1.0,11.489445114846363,-3.522869838,-1.59856689,-1.749549776,2.25,1.0,-0.333333333,11.5,-3.5,11.5,-3.5,11.5,-3.5,11.49964591,-3.527335183,0.8,-0.2622620463371277,-0.07500000000000002,82041228.36283356,0.22360993939296137,-0.8035499032827212
1052,1630,tuy(houndÃ©),ouoro,burkina_faso,10/30/2009,5,2,-0.764271355,1.0,11.489445114846363,-3.522869838,-1.59856689,-1.749549776,2.25,1.0,-0.333333333,11.5,-3.5,11.5,-3.5,11.5,-3.5,11.49964591,-3.527335183,0.8,-0.2622620463371277,-0.07500000000000002,82041228.36283356,0.22360993939296137,-0.8035499032827212
1053,1631,tuy(houndÃ©),ouoro,burkina_faso,10/30/2009,4,2,-0.780401313,1.0,11.489445114846363,-3.522869838,-1.59856689,-1.749549776,2.25,1.0,-0.333333333,11.5,-3.5,11.5,-3.5,11.5,-3.5,11.49964591,-3.527335183,0.8,-0.2622620463371277,-0.07500000000000002,82041228.36283356,0.22360993939296137,-0.8035499032827212
1054,1632,tuy(houndÃ©),ouoro,burkina_faso,10/31/2009,7,1,-1.042973344,0.0,11.489445114846363,-3.522869838,-1.59856689,-1.749549776,2.25,1.0,-0.333333333,11.5,-3.5,11.5,-3.5,11.5,-3.5,11.49964591,-3.527335183,0.8,-0.2622620463371277,-0.07500000000000002,82041228.36283356,0.22360993939296137,-0.8035499032827212
1055,1633,tuy(houndÃ©),ouoro,burkina_faso,10/31/2009,3,4,-0.758894702,1.0,11.489445114846363,-3.522869838,-1.59856689,-1.749549776,2.25,1.0,-0.333333333,11.5,-3.5,11.5,-3.5,11.5,-3.5,11.49964591,-3.527335183,0.8,-0.2622620463371277,-0.07500000000000002,82041228.36283356,0.22360993939296137,-0.8035499032827212
1056,1635,tuy(houndÃ©),ouoro,burkina_faso,10/30/2009,7,1,-0.967700204,0.0,11.489445114846363,-3.522869838,-1.59856689,-1.749549776,2.25,1.0,-0.333333333,11.5,-3.5,11.5,-3.5,11.5,-3.5,11.49964591,-3.527335183,0.8,-0.2622620463371277,-0.07500000000000002,82041228.36283356,0.22360993939296137,-0.8035499032827212
1057,1644,tuy(houndÃ©),ouoro,burkina_faso,10/31/2009,7,3,2.37014694,1.0,11.489445114846363,-3.522869838,-1.59856689,-1.749549776,2.25,1.0,-0.333333333,11.5,-3.5,11.5,-3.5,11.5,-3.5,11.49964591,-3.527335183,0.8,-0.2622620463371277,-0.07500000000000002,82041228.36283356,0.22360993939296137,-0.8035499032827212
1058,1645,tuy(houndÃ©),ouoro,burkina_faso,10/31/2009,4,2,-0.780401313,1.0,11.489445114846363,-3.522869838,-1.59856689,-1.749549776,2.25,1.0,-0.333333333,11.5,-3.5,11.5,-3.5,11.5,-3.5,11.49964591,-3.527335183,0.8,-0.2622620463371277,-0.07500000000000002,82041228.36283356,0.22360993939296137,-0.8035499032827212
1059,1647,tuy(houndÃ©),ouoro,burkina_faso,10/31/2009,12,3,2.3432636755216545,1.0,11.489445114846363,-3.522869838,-1.59856689,-1.749549776,2.25,1.0,-0.333333333,11.5,-3.5,11.5,-3.5,11.5,-3.5,11.49964591,-3.527335183,0.8,-0.2622620463371277,-0.07500000000000002,82041228.36283356,0.22360993939296137,-0.8035499032827212
1060,1648,tuy(houndÃ©),pana,burkina_faso,11/4/2009,20,1,1.900455731205488,1.0,11.489445114846363,-3.522869838,-1.59856689,-1.749549776,2.25,1.0,-0.333333333,11.5,-3.5,11.5,-3.5,11.5,-3.5,11.49964591,-3.527335183,0.8,-0.2622620463371277,-0.07500000000000002,82041228.36283356,0.22360993939296137,-0.8035499032827212
1061,1649,tuy(houndÃ©),pana,burkina_faso,11/4/2009,20,2,1.6977283522685036,0.0,11.489445114846363,-3.522869838,-1.59856689,-1.749549776,2.25,1.0,-0.333333333,11.5,-3.5,11.5,-3.5,11.5,-3.5,11.49964591,-3.527335183,0.8,-0.2622620463371277,-0.07500000000000002,82041228.36283356,0.22360993939296137,-0.8035499032827212
1062,1650,tuy(houndÃ©),pana,burkina_faso,11/4/2009,13,1,-0.436134009,0.0,11.489445114846363,-3.522869838,-1.59856689,-1.749549776,2.25,1.0,-0.333333333,11.5,-3.5,11.5,-3.5,11.5,-3.5,11.49964591,-3.527335183,0.8,-0.2622620463371277,-0.07500000000000002,82041228.36283356,0.22360993939296137,-0.8035499032827212
1063,1651,tuy(houndÃ©),pana,burkina_faso,11/4/2009,5,1,-0.946193592,1.0,11.489445114846363,-3.522869838,-1.59856689,-1.749549776,2.25,1.0,-0.333333333,11.5,-3.5,11.5,-3.5,11.5,-3.5,11.49964591,-3.527335183,0.8,-0.2622620463371277,-0.07500000000000002,82041228.36283356,0.22360993939296137,-0.8035499032827212
1064,1652,tuy(houndÃ©),pana,burkina_faso,11/4/2009,15,2,-0.416419615,0.0,11.489445114846363,-3.522869838,-1.59856689,-1.749549776,2.25,1.0,-0.333333333,11.5,-3.5,11.5,-3.5,11.5,-3.5,11.49964591,-3.527335183,0.8,-0.2622620463371277,-0.07500000000000002,82041228.36283356,0.22360993939296137,-0.8035499032827212
1065,1653,tuy(houndÃ©),pana,burkina_faso,11/4/2009,8,1,-0.432549573,0.0,11.489445114846363,-3.522869838,-1.59856689,-1.749549776,2.25,1.0,-0.333333333,11.5,-3.5,11.5,-3.5,11.5,-3.5,11.49964591,-3.527335183,0.8,-0.2622620463371277,-0.07500000000000002,82041228.36283356,0.22360993939296137,-0.8035499032827212
1066,1654,tuy(houndÃ©),pana,burkina_faso,11/11/2009,7,1,-0.81266123,1.0,11.489445114846363,-3.522869838,-1.59856689,-1.749549776,2.25,1.0,-0.333333333,11.5,-3.5,11.5,-3.5,11.5,-3.5,11.49964591,-3.527335183,0.8,-0.2622620463371277,-0.07500000000000002,82041228.36283356,0.22360993939296137,-0.8035499032827212
1067,1655,tuy(houndÃ©),pana,burkina_faso,11/4/2009,13,3,-0.529329325,0.0,11.489445114846363,-3.522869838,-1.59856689,-1.749549776,2.25,1.0,-0.333333333,11.5,-3.5,11.5,-3.5,11.5,-3.5,11.49964591,-3.527335183,0.8,-0.2622620463371277,-0.07500000000000002,82041228.36283356,0.22360993939296137,-0.8035499032827212
1068,1656,tuy(houndÃ©),pana,burkina_faso,11/4/2009,6,2,-1.021466732,1.0,11.489445114846363,-3.522869838,-1.59856689,-1.749549776,2.25,1.0,-0.333333333,11.5,-3.5,11.5,-3.5,11.5,-3.5,11.49964591,-3.527335183,0.8,-0.2622620463371277,-0.07500000000000002,82041228.36283356,0.22360993939296137,-0.8035499032827212
1069,1657,tuy(houndÃ©),pana,burkina_faso,11/4/2009,20,1,0.4750033100078504,0.0,11.489445114846363,-3.522869838,-1.59856689,-1.749549776,2.25,1.0,-0.333333333,11.5,-3.5,11.5,-3.5,11.5,-3.5,11.49964591,-3.527335183,0.8,-0.2622620463371277,-0.07500000000000002,82041228.36283356,0.22360993939296137,-0.8035499032827212
1070,1658,tuy(houndÃ©),pana,burkina_faso,11/4/2009,8,1,-0.794739054,1.0,11.489445114846363,-3.522869838,-1.59856689,-1.749549776,2.25,1.0,-0.333333333,11.5,-3.5,11.5,-3.5,11.5,-3.5,11.49964591,-3.527335183,0.8,-0.2622620463371277,-0.07500000000000002,82041228.36283356,0.22360993939296137,-0.8035499032827212
1071,1659,tuy(houndÃ©),pana,burkina_faso,11/4/2009,7,1,-0.787570184,1.0,11.489445114846363,-3.522869838,-1.59856689,-1.749549776,2.25,1.0,-0.333333333,11.5,-3.5,11.5,-3.5,11.5,-3.5,11.49964591,-3.527335183,0.8,-0.2622620463371277,-0.07500000000000002,82041228.36283356,0.22360993939296137,-0.8035499032827212
1072,1660,tuy(houndÃ©),pana,burkina_faso,11/4/2009,9,3,-0.411042962,1.0,11.489445114846363,-3.522869838,-1.59856689,-1.749549776,2.25,1.0,-0.333333333,11.5,-3.5,11.5,-3.5,11.5,-3.5,11.49964591,-3.527335183,0.8,-0.2622620463371277,-0.07500000000000002,82041228.36283356,0.22360993939296137,-0.8035499032827212
1073,1661,tuy(houndÃ©),pana,burkina_faso,11/4/2009,6,1,-0.758894702,1.0,11.489445114846363,-3.522869838,-1.59856689,-1.749549776,2.25,1.0,-0.333333333,11.5,-3.5,11.5,-3.5,11.5,-3.5,11.49964591,-3.527335183,0.8,-0.2622620463371277,-0.07500000000000002,82041228.36283356,0.22360993939296137,-0.8035499032827212
1074,1662,tuy(houndÃ©),pana,burkina_faso,11/4/2009,6,1,-0.935440287,0.0,11.489445114846363,-3.522869838,-1.59856689,-1.749549776,2.25,1.0,-0.333333333,11.5,-3.5,11.5,-3.5,11.5,-3.5,11.49964591,-3.527335183,0.8,-0.2622620463371277,-0.07500000000000002,82041228.36283356,0.22360993939296137,-0.8035499032827212
1075,1663,tuy(houndÃ©),pana,burkina_faso,11/4/2009,6,1,1.7161625906000295,1.0,11.489445114846363,-3.522869838,-1.59856689,-1.749549776,2.25,1.0,-0.333333333,11.5,-3.5,11.5,-3.5,11.5,-3.5,11.49964591,-3.527335183,0.8,-0.2622620463371277,-0.07500000000000002,82041228.36283356,0.22360993939296137,-0.8035499032827212
1076,1664,tuy(houndÃ©),pana,burkina_faso,11/4/2009,3,1,1.5718769229535128,1.0,11.489445114846363,-3.522869838,-1.59856689,-1.749549776,2.25,1.0,-0.333333333,11.5,-3.5,11.5,-3.5,11.5,-3.5,11.49964591,-3.527335183,0.8,-0.2622620463371277,-0.07500000000000002,82041228.36283356,0.22360993939296137,-0.8035499032827212
1077,1665,tuy(houndÃ©),pana,burkina_faso,11/4/2009,6,1,1.7161625906000295,1.0,11.489445114846363,-3.522869838,-1.59856689,-1.749549776,2.25,1.0,-0.333333333,11.5,-3.5,11.5,-3.5,11.5,-3.5,11.49964591,-3.527335183,0.8,-0.2622620463371277,-0.07500000000000002,82041228.36283356,0.22360993939296137,-0.8035499032827212
1078,1675,tuy(houndÃ©),saho,burkina_faso,11/3/2009,7,1,-1.042973344,1.0,11.489445114846363,-3.522869838,-1.59856689,-1.749549776,2.25,1.0,-0.333333333,11.5,-3.5,11.5,-3.5,11.5,-3.5,11.49964591,-3.527335183,0.8,-0.2622620463371277,-0.07500000000000002,82041228.36283356,0.22360993939296137,-0.8035499032827212
1079,1677,tuy(houndÃ©),saho,burkina_faso,11/3/2009,10,2,-0.773232443,1.0,11.489445114846363,-3.522869838,-1.59856689,-1.749549776,2.25,1.0,-0.333333333,11.5,-3.5,11.5,-3.5,11.5,-3.5,11.49964591,-3.527335183,0.8,-0.2622620463371277,-0.07500000000000002,82041228.36283356,0.22360993939296137,-0.8035499032827212
1080,1679,tuy(houndÃ©),saho,burkina_faso,11/3/2009,9,4,1.6946559792132492,1.0,11.489445114846363,-3.522869838,-1.59856689,-1.749549776,2.25,1.0,-0.333333333,11.5,-3.5,11.5,-3.5,11.5,-3.5,11.49964591,-3.527335183,0.8,-0.2622620463371277,-0.07500000000000002,82041228.36283356,0.22360993939296137,-0.8035499032827212
1081,1680,tuy(houndÃ©),saho,burkina_faso,11/3/2009,5,1,-0.999960121,0.0,11.489445114846363,-3.522869838,-1.59856689,-1.749549776,2.25,1.0,-0.333333333,11.5,-3.5,11.5,-3.5,11.5,-3.5,11.49964591,-3.527335183,0.8,-0.2622620463371277,-0.07500000000000002,82041228.36283356,0.22360993939296137,-0.8035499032827212
1082,1681,tuy(houndÃ©),saho,burkina_faso,11/3/2009,11,2,2.047884372071752,1.0,11.489445114846363,-3.522869838,-1.59856689,-1.749549776,2.25,1.0,-0.333333333,11.5,-3.5,11.5,-3.5,11.5,-3.5,11.49964591,-3.527335183,0.8,-0.2622620463371277,-0.07500000000000002,82041228.36283356,0.22360993939296137,-0.8035499032827212
1083,1682,tuy(houndÃ©),saho,burkina_faso,11/3/2009,8,1,-1.064479955,0.0,11.489445114846363,-3.522869838,-1.59856689,-1.749549776,2.25,1.0,-0.333333333,11.5,-3.5,11.5,-3.5,11.5,-3.5,11.49964591,-3.527335183,0.8,-0.2622620463371277,-0.07500000000000002,82041228.36283356,0.22360993939296137,-0.8035499032827212
1084,1683,tuy(houndÃ©),saho,burkina_faso,11/2/2009,12,1,1.673149367826469,1.0,11.489445114846363,-3.522869838,-1.59856689,-1.749549776,2.25,1.0,-0.333333333,11.5,-3.5,11.5,-3.5,11.5,-3.5,11.49964591,-3.527335183,0.8,-0.2622620463371277,-0.07500000000000002,82041228.36283356,0.22360993939296137,-0.8035499032827212
1085,1684,tuy(houndÃ©),saho,burkina_faso,11/2/2009,6,1,1.6946559792132492,1.0,11.489445114846363,-3.522869838,-1.59856689,-1.749549776,2.25,1.0,-0.333333333,11.5,-3.5,11.5,-3.5,11.5,-3.5,11.49964591,-3.527335183,0.8,-0.2622620463371277,-0.07500000000000002,82041228.36283356,0.22360993939296137,-0.8035499032827212
1086,1686,tuy(houndÃ©),saho,burkina_faso,11/3/2009,7,1,1.5665002701068178,1.0,11.489445114846363,-3.522869838,-1.59856689,-1.749549776,2.25,1.0,-0.333333333,11.5,-3.5,11.5,-3.5,11.5,-3.5,11.49964591,-3.527335183,0.8,-0.2622620463371277,-0.07500000000000002,82041228.36283356,0.22360993939296137,-0.8035499032827212
1087,1688,tuy(houndÃ©),saho,burkina_faso,11/3/2009,6,1,-0.956946898,1.0,11.489445114846363,-3.522869838,-1.59856689,-1.749549776,2.25,1.0,-0.333333333,11.5,-3.5,11.5,-3.5,11.5,-3.5,11.49964591,-3.527335183,0.8,-0.2622620463371277,-0.07500000000000002,82041228.36283356,0.22360993939296137,-0.8035499032827212
1088,1689,tuy(houndÃ©),saho,burkina_faso,11/3/2009,14,1,-0.695121604,0.0,11.489445114846363,-3.522869838,-1.59856689,-1.749549776,2.25,1.0,-0.333333333,11.5,-3.5,11.5,-3.5,11.5,-3.5,11.49964591,-3.527335183,0.8,-0.2622620463371277,-0.07500000000000002,82041228.36283356,0.22360993939296137,-0.8035499032827212
1089,1690,tuy(houndÃ©),saho,burkina_faso,11/3/2009,6,1,-1.021466732,0.0,11.489445114846363,-3.522869838,-1.59856689,-1.749549776,2.25,1.0,-0.333333333,11.5,-3.5,11.5,-3.5,11.5,-3.5,11.49964591,-3.527335183,0.8,-0.2622620463371277,-0.07500000000000002,82041228.36283356,0.22360993939296137,-0.8035499032827212
1090,1695,tuy(houndÃ©),saho,burkina_faso,11/3/2009,5,1,-0.999960121,0.0,11.489445114846363,-3.522869838,-1.59856689,-1.749549776,2.25,1.0,-0.333333333,11.5,-3.5,11.5,-3.5,11.5,-3.5,11.49964591,-3.527335183,0.8,-0.2622620463371277,-0.07500000000000002,82041228.36283356,0.22360993939296137,-0.8035499032827212
1091,1696,tuy(houndÃ©),saho,burkina_faso,11/3/2009,7,1,-1.042973344,1.0,11.489445114846363,-3.522869838,-1.59856689,-1.749549776,2.25,1.0,-0.333333333,11.5,-3.5,11.5,-3.5,11.5,-3.5,11.49964591,-3.527335183,0.8,-0.2622620463371277,-0.07500000000000002,82041228.36283356,0.22360993939296137,-0.8035499032827212
1092,1697,tuy(houndÃ©),saho,burkina_faso,11/3/2009,10,2,-0.652108381,1.0,11.489445114846363,-3.522869838,-1.59856689,-1.749549776,2.25,1.0,-0.333333333,11.5,-3.5,11.5,-3.5,11.5,-3.5,11.49964591,-3.527335183,0.8,-0.2622620463371277,-0.07500000000000002,82041228.36283356,0.22360993939296137,-0.8035499032827212
1093,1698,tuy(houndÃ©),saho,burkina_faso,11/3/2009,22,1,-1.017720774,0.0,11.489445114846363,-3.522869838,-1.59856689,-1.749549776,2.25,1.0,-0.333333333,11.5,-3.5,11.5,-3.5,11.5,-3.5,11.49964591,-3.527335183,0.8,-0.2622620463371277,-0.07500000000000002,82041228.36283356,0.22360993939296137,-0.8035499032827212
1094,1699,tuy(houndÃ©),saho,burkina_faso,11/3/2009,7,2,-0.88793437,1.0,11.489445114846363,-3.522869838,-1.59856689,-1.749549776,2.25,1.0,-0.333333333,11.5,-3.5,11.5,-3.5,11.5,-3.5,11.49964591,-3.527335183,0.8,-0.2622620463371277,-0.07500000000000002,82041228.36283356,0.22360993939296137,-0.8035499032827212
1095,1700,tuy(houndÃ©),saho,burkina_faso,11/3/2009,9,2,-1.085986566,0.0,11.489445114846363,-3.522869838,-1.59856689,-1.749549776,2.25,1.0,-0.333333333,11.5,-3.5,11.5,-3.5,11.5,-3.5,11.49964591,-3.527335183,0.8,-0.2622620463371277,-0.07500000000000002,82041228.36283356,0.22360993939296137,-0.8035499032827212
1096,1701,tuy(houndÃ©),saho,burkina_faso,11/3/2009,14,1,-1.193519623,0.0,11.489445114846363,-3.522869838,-1.59856689,-1.749549776,2.25,1.0,-0.333333333,11.5,-3.5,11.5,-3.5,11.5,-3.5,11.49964591,-3.527335183,0.8,-0.2622620463371277,-0.07500000000000002,82041228.36283356,0.22360993939296137,-0.8035499032827212
1097,1702,passorÃ©(yako),bokin secteur 2,burkina_faso,11/14/2009,15,1,5.051074584486631,1.0,13.00350966077545,-1.792657275,-1.559723298,-1.581189702,1.25,1.1666666666666667,-0.023809524,13.0,-1.8,13.0,-1.8,13.0,-1.8,12.98251538,-1.685227986,0.6,-0.23554917176564535,-0.055263157894736806,99958530.46765624,0.1913238582719389,-0.4583607908438485
1098,1705,passorÃ©(yako),bokin secteur 2,burkina_faso,11/14/2009,7,1,-0.81266123,0.0,13.00350966077545,-1.792657275,-1.559723298,-1.581189702,1.25,1.1666666666666667,-0.023809524,13.0,-1.8,13.0,-1.8,13.0,-1.8,12.98251538,-1.685227986,0.6,-0.23554917176564535,-0.055263157894736806,99958530.46765624,0.1913238582719389,-0.4583607908438485
1099,1706,passorÃ©(yako),bokin secteur 2,burkina_faso,11/14/2009,9,1,-0.566081935,0.0,13.00350966077545,-1.792657275,-1.559723298,-1.581189702,1.25,1.1666666666666667,-0.023809524,13.0,-1.8,13.0,-1.8,13.0,-1.8,12.98251538,-1.685227986,0.6,-0.23554917176564535,-0.055263157894736806,99958530.46765624,0.1913238582719389,-0.4583607908438485
1100,1708,passorÃ©(yako),bokin secteur 2,burkina_faso,11/14/2009,19,1,-0.795763179,0.0,13.00350966077545,-1.792657275,-1.559723298,-1.581189702,1.25,1.1666666666666667,-0.023809524,13.0,-1.8,13.0,-1.8,13.0,-1.8,12.98251538,-1.685227986,0.6,-0.23554917176564535,-0.055263157894736806,99958530.46765624,0.1913238582719389,-0.4583607908438485
1101,1709,passorÃ©(yako),bokin secteur 2,burkina_faso,11/14/2009,6,1,-0.755822329,1.0,13.00350966077545,-1.792657275,-1.559723298,-1.581189702,1.25,1.1666666666666667,-0.023809524,13.0,-1.8,13.0,-1.8,13.0,-1.8,12.98251538,-1.685227986,0.6,-0.23554917176564535,-0.055263157894736806,99958530.46765624,0.1913238582719389,-0.4583607908438485
1102,1710,passorÃ©(yako),bokin secteur 2,burkina_faso,11/14/2009,14,1,-0.566081935,1.0,13.00350966077545,-1.792657275,-1.559723298,-1.581189702,1.25,1.1666666666666667,-0.023809524,13.0,-1.8,13.0,-1.8,13.0,-1.8,12.98251538,-1.685227986,0.6,-0.23554917176564535,-0.055263157894736806,99958530.46765624,0.1913238582719389,-0.4583607908438485
1103,1712,passorÃ©(yako),bokin secteur 2,burkina_faso,11/13/2009,15,3,-0.956946898,0.0,13.00350966077545,-1.792657275,-1.559723298,-1.581189702,1.25,1.1666666666666667,-0.023809524,13.0,-1.8,13.0,-1.8,13.0,-1.8,12.98251538,-1.685227986,0.6,-0.23554917176564535,-0.055263157894736806,99958530.46765624,0.1913238582719389,-0.4583607908438485
1104,1713,passorÃ©(yako),bokin secteur 2,burkina_faso,11/14/2009,7,1,-0.967700204,1.0,13.00350966077545,-1.792657275,-1.559723298,-1.581189702,1.25,1.1666666666666667,-0.023809524,13.0,-1.8,13.0,-1.8,13.0,-1.8,12.98251538,-1.685227986,0.6,-0.23554917176564535,-0.055263157894736806,99958530.46765624,0.1913238582719389,-0.4583607908438485
1105,1714,passorÃ©(yako),bokin secteur 2,burkina_faso,11/13/2009,7,1,-0.787570184,1.0,13.00350966077545,-1.792657275,-1.559723298,-1.581189702,1.25,1.1666666666666667,-0.023809524,13.0,-1.8,13.0,-1.8,13.0,-1.8,12.98251538,-1.685227986,0.6,-0.23554917176564535,-0.055263157894736806,99958530.46765624,0.1913238582719389,-0.4583607908438485
1106,1716,passorÃ©(yako),bokin secteur 2,burkina_faso,11/13/2009,15,1,0.2390926409751845,1.0,13.00350966077545,-1.792657275,-1.559723298,-1.581189702,1.25,1.1666666666666667,-0.023809524,13.0,-1.8,13.0,-1.8,13.0,-1.8,12.98251538,-1.685227986,0.6,-0.23554917176564535,-0.055263157894736806,99958530.46765624,0.1913238582719389,-0.4583607908438485
1107,1717,passorÃ©(yako),bokin secteur 2,burkina_faso,11/13/2009,17,1,-0.581136563,1.0,13.00350966077545,-1.792657275,-1.559723298,-1.581189702,1.25,1.1666666666666667,-0.023809524,13.0,-1.8,13.0,-1.8,13.0,-1.8,12.98251538,-1.685227986,0.6,-0.23554917176564535,-0.055263157894736806,99958530.46765624,0.1913238582719389,-0.4583607908438485
1108,1718,passorÃ©(yako),bokin secteur 2,burkina_faso,11/14/2009,3,1,2.391653551,1.0,13.00350966077545,-1.792657275,-1.559723298,-1.581189702,1.25,1.1666666666666667,-0.023809524,13.0,-1.8,13.0,-1.8,13.0,-1.8,12.98251538,-1.685227986,0.6,-0.23554917176564535,-0.055263157894736806,99958530.46765624,0.1913238582719389,-0.4583607908438485
1109,1721,passorÃ©(yako),bokin secteur 2,burkina_faso,11/13/2009,9,1,-0.911783014,0.0,13.00350966077545,-1.792657275,-1.559723298,-1.581189702,1.25,1.1666666666666667,-0.023809524,13.0,-1.8,13.0,-1.8,13.0,-1.8,12.98251538,-1.685227986,0.6,-0.23554917176564535,-0.055263157894736806,99958530.46765624,0.1913238582719389,-0.4583607908438485
1110,1722,passorÃ©(yako),bokin secteur 2,burkina_faso,11/13/2009,17,1,-0.78308964,0.0,13.00350966077545,-1.792657275,-1.559723298,-1.581189702,1.25,1.1666666666666667,-0.023809524,13.0,-1.8,13.0,-1.8,13.0,-1.8,12.98251538,-1.685227986,0.6,-0.23554917176564535,-0.055263157894736806,99958530.46765624,0.1913238582719389,-0.4583607908438485
1111,1724,passorÃ©(yako),bokin secteur 2,burkina_faso,11/13/2009,15,1,3.2862647149650788,0.0,13.00350966077545,-1.792657275,-1.559723298,-1.581189702,1.25,1.1666666666666667,-0.023809524,13.0,-1.8,13.0,-1.8,13.0,-1.8,12.98251538,-1.685227986,0.6,-0.23554917176564535,-0.055263157894736806,99958530.46765624,0.1913238582719389,-0.4583607908438485
1112,1725,passorÃ©(yako),bokin secteur 2,burkina_faso,11/13/2009,22,1,0.6374977071524127,0.0,13.00350966077545,-1.792657275,-1.559723298,-1.581189702,1.25,1.1666666666666667,-0.023809524,13.0,-1.8,13.0,-1.8,13.0,-1.8,12.98251538,-1.685227986,0.6,-0.23554917176564535,-0.055263157894736806,99958530.46765624,0.1913238582719389,-0.4583607908438485
1113,1727,passorÃ©(yako),bokin secteur 2,burkina_faso,11/13/2009,12,1,-0.587588547,0.0,13.00350966077545,-1.792657275,-1.559723298,-1.581189702,1.25,1.1666666666666667,-0.023809524,13.0,-1.8,13.0,-1.8,13.0,-1.8,12.98251538,-1.685227986,0.6,-0.23554917176564535,-0.055263157894736806,99958530.46765624,0.1913238582719389,-0.4583607908438485
1114,1728,passorÃ©(yako),bokin secteur 2,burkina_faso,11/13/2009,14,1,6.2887917053335975,0.0,13.00350966077545,-1.792657275,-1.559723298,-1.581189702,1.25,1.1666666666666667,-0.023809524,13.0,-1.8,13.0,-1.8,13.0,-1.8,12.98251538,-1.685227986,0.6,-0.23554917176564535,-0.055263157894736806,99958530.46765624,0.1913238582719389,-0.4583607908438485
1115,1729,passorÃ©(yako),bouria,burkina_faso,11/1/2009,10,2,-0.768111821,1.0,12.831032143385691,-2.181604187,-1.487978101,-1.548028275,1.375,1.1666666666666667,-0.023809524,12.85,-2.2,12.85,-2.2,12.85,-2.2,12.76161893,-2.101418271,0.4,-0.38784241676330566,-0.03620689655172414,144554192.197085,0.2067328131419402,-0.5045056116534278
1116,1730,passorÃ©(yako),bouria,burkina_faso,11/1/2009,10,2,-0.443302879,1.0,12.831032143385691,-2.181604187,-1.487978101,-1.548028275,1.375,1.1666666666666667,-0.023809524,12.85,-2.2,12.85,-2.2,12.85,-2.2,12.76161893,-2.101418271,0.4,-0.38784241676330566,-0.03620689655172414,144554192.197085,0.2067328131419402,-0.5045056116534278
1117,1731,passorÃ©(yako),bouria,burkina_faso,11/1/2009,5,1,-0.913933675,1.0,12.831032143385691,-2.181604187,-1.487978101,-1.548028275,1.375,1.1666666666666667,-0.023809524,12.85,-2.2,12.85,-2.2,12.85,-2.2,12.76161893,-2.101418271,0.4,-0.38784241676330566,-0.03620689655172414,144554192.197085,0.2067328131419402,-0.5045056116534278
1118,1732,passorÃ©(yako),bouria,burkina_faso,11/1/2009,9,1,-0.94081694,1.0,12.831032143385691,-2.181604187,-1.487978101,-1.548028275,1.375,1.1666666666666667,-0.023809524,12.85,-2.2,12.85,-2.2,12.85,-2.2,12.76161893,-2.101418271,0.4,-0.38784241676330566,-0.03620689655172414,144554192.197085,0.2067328131419402,-0.5045056116534278
1119,1733,passorÃ©(yako),bouria,burkina_faso,11/1/2009,5,1,-0.928271416,1.0,12.831032143385691,-2.181604187,-1.487978101,-1.548028275,1.375,1.1666666666666667,-0.023809524,12.85,-2.2,12.85,-2.2,12.85,-2.2,12.76161893,-2.101418271,0.4,-0.38784241676330566,-0.03620689655172414,144554192.197085,0.2067328131419402,-0.5045056116534278
1120,1734,passorÃ©(yako),bouria,burkina_faso,11/2/2009,8,2,-0.578985902,1.0,12.831032143385691,-2.181604187,-1.487978101,-1.548028275,1.375,1.1666666666666667,-0.023809524,12.85,-2.2,12.85,-2.2,12.85,-2.2,12.76161893,-2.101418271,0.4,-0.38784241676330566,-0.03620689655172414,144554192.197085,0.2067328131419402,-0.5045056116534278
1121,1735,passorÃ©(yako),bouria,burkina_faso,11/2/2009,5,1,0.2525342730919222,1.0,12.831032143385691,-2.181604187,-1.487978101,-1.548028275,1.375,1.1666666666666667,-0.023809524,12.85,-2.2,12.85,-2.2,12.85,-2.2,12.76161893,-2.101418271,0.4,-0.38784241676330566,-0.03620689655172414,144554192.197085,0.2067328131419402,-0.5045056116534278
1122,1736,passorÃ©(yako),bouria,burkina_faso,11/2/2009,4,1,-0.921102546,1.0,12.831032143385691,-2.181604187,-1.487978101,-1.548028275,1.375,1.1666666666666667,-0.023809524,12.85,-2.2,12.85,-2.2,12.85,-2.2,12.76161893,-2.101418271,0.4,-0.38784241676330566,-0.03620689655172414,144554192.197085,0.2067328131419402,-0.5045056116534278
1123,1737,passorÃ©(yako),bouria,burkina_faso,11/2/2009,23,2,-0.643505736,0.0,12.831032143385691,-2.181604187,-1.487978101,-1.548028275,1.375,1.1666666666666667,-0.023809524,12.85,-2.2,12.85,-2.2,12.85,-2.2,12.76161893,-2.101418271,0.4,-0.38784241676330566,-0.03620689655172414,144554192.197085,0.2067328131419402,-0.5045056116534278
1124,1738,passorÃ©(yako),bouria,burkina_faso,11/1/2009,5,1,-0.758894702,1.0,12.831032143385691,-2.181604187,-1.487978101,-1.548028275,1.375,1.1666666666666667,-0.023809524,12.85,-2.2,12.85,-2.2,12.85,-2.2,12.76161893,-2.101418271,0.4,-0.38784241676330566,-0.03620689655172414,144554192.197085,0.2067328131419402,-0.5045056116534278
1125,1739,passorÃ©(yako),bouria,burkina_faso,11/2/2009,4,3,-0.921102546,1.0,12.831032143385691,-2.181604187,-1.487978101,-1.548028275,1.375,1.1666666666666667,-0.023809524,12.85,-2.2,12.85,-2.2,12.85,-2.2,12.76161893,-2.101418271,0.4,-0.38784241676330566,-0.03620689655172414,144554192.197085,0.2067328131419402,-0.5045056116534278
1126,1740,passorÃ©(yako),bouria,burkina_faso,11/2/2009,8,1,-0.446887314,0.0,12.831032143385691,-2.181604187,-1.487978101,-1.548028275,1.375,1.1666666666666667,-0.023809524,12.85,-2.2,12.85,-2.2,12.85,-2.2,12.76161893,-2.101418271,0.4,-0.38784241676330566,-0.03620689655172414,144554192.197085,0.2067328131419402,-0.5045056116534278
1127,1741,passorÃ©(yako),bouria,burkina_faso,11/1/2009,9,1,-0.785777966,0.0,12.831032143385691,-2.181604187,-1.487978101,-1.548028275,1.375,1.1666666666666667,-0.023809524,12.85,-2.2,12.85,-2.2,12.85,-2.2,12.76161893,-2.101418271,0.4,-0.38784241676330566,-0.03620689655172414,144554192.197085,0.2067328131419402,-0.5045056116534278
1128,1742,passorÃ©(yako),bouria,burkina_faso,11/1/2009,5,3,-0.913933675,1.0,12.831032143385691,-2.181604187,-1.487978101,-1.548028275,1.375,1.1666666666666667,-0.023809524,12.85,-2.2,12.85,-2.2,12.85,-2.2,12.76161893,-2.101418271,0.4,-0.38784241676330566,-0.03620689655172414,144554192.197085,0.2067328131419402,-0.5045056116534278
1129,1743,passorÃ©(yako),bouria,burkina_faso,11/1/2009,6,1,-0.918234998,0.0,12.831032143385691,-2.181604187,-1.487978101,-1.548028275,1.375,1.1666666666666667,-0.023809524,12.85,-2.2,12.85,-2.2,12.85,-2.2,12.76161893,-2.101418271,0.4,-0.38784241676330566,-0.03620689655172414,144554192.197085,0.2067328131419402,-0.5045056116534278
1130,1744,passorÃ©(yako),bouria,burkina_faso,11/1/2009,12,1,-0.780401313,1.0,12.831032143385691,-2.181604187,-1.487978101,-1.548028275,1.375,1.1666666666666667,-0.023809524,12.85,-2.2,12.85,-2.2,12.85,-2.2,12.76161893,-2.101418271,0.4,-0.38784241676330566,-0.03620689655172414,144554192.197085,0.2067328131419402,-0.5045056116534278
1131,1745,passorÃ©(yako),bouria,burkina_faso,11/1/2009,6,2,-0.769648008,0.0,12.831032143385691,-2.181604187,-1.487978101,-1.548028275,1.375,1.1666666666666667,-0.023809524,12.85,-2.2,12.85,-2.2,12.85,-2.2,12.76161893,-2.101418271,0.4,-0.38784241676330566,-0.03620689655172414,144554192.197085,0.2067328131419402,-0.5045056116534278
1132,1746,passorÃ©(yako),bouria,burkina_faso,11/1/2009,3,3,-0.905331031,1.0,12.831032143385691,-2.181604187,-1.487978101,-1.548028275,1.375,1.1666666666666667,-0.023809524,12.85,-2.2,12.85,-2.2,12.85,-2.2,12.76161893,-2.101418271,0.4,-0.38784241676330566,-0.03620689655172414,144554192.197085,0.2067328131419402,-0.5045056116534278
1133,1765,passorÃ©(yako),gombre,burkina_faso,11/16/2009,7,1,-0.942609157,1.0,12.963660718169418,-2.259889575,-1.611960709,-1.696244935,1.3333333333333333,0.6666666666666666,-0.166666667,12.95,-2.25,12.95,-2.25,12.95,-2.25,12.96401712,-2.262677397,0.4,-0.24270814657211304,-0.03620689655172414,144554192.197085,0.20529723306164316,-0.3421904270207843
1134,1766,passorÃ©(yako),gombre,burkina_faso,11/16/2009,13,2,-0.614471811,0.0,12.963660718169418,-2.259889575,-1.611960709,-1.696244935,1.3333333333333333,0.6666666666666666,-0.166666667,12.95,-2.25,12.95,-2.25,12.95,-2.25,12.96401712,-2.262677397,0.4,-0.24270814657211304,-0.03620689655172414,144554192.197085,0.20529723306164316,-0.3421904270207843
1135,1767,passorÃ©(yako),gombre,burkina_faso,11/16/2009,8,1,-0.949778028,1.0,12.963660718169418,-2.259889575,-1.611960709,-1.696244935,1.3333333333333333,0.6666666666666666,-0.166666667,12.95,-2.25,12.95,-2.25,12.95,-2.25,12.96401712,-2.262677397,0.4,-0.24270814657211304,-0.03620689655172414,144554192.197085,0.20529723306164316,-0.3421904270207843
1136,1768,passorÃ©(yako),gombre,burkina_faso,11/16/2009,9,4,-0.924686981,1.0,12.963660718169418,-2.259889575,-1.611960709,-1.696244935,1.3333333333333333,0.6666666666666666,-0.166666667,12.95,-2.25,12.95,-2.25,12.95,-2.25,12.96401712,-2.262677397,0.4,-0.24270814657211304,-0.03620689655172414,144554192.197085,0.20529723306164316,-0.3421904270207843
1137,1769,passorÃ©(yako),gombre,burkina_faso,11/16/2009,7,1,-0.942609157,0.0,12.963660718169418,-2.259889575,-1.611960709,-1.696244935,1.3333333333333333,0.6666666666666666,-0.166666667,12.95,-2.25,12.95,-2.25,12.95,-2.25,12.96401712,-2.262677397,0.4,-0.24270814657211304,-0.03620689655172414,144554192.197085,0.20529723306164316,-0.3421904270207843
1138,1770,passorÃ©(yako),gombre,burkina_faso,11/16/2009,13,5,0.4950896008174402,0.0,12.963660718169418,-2.259889575,-1.611960709,-1.696244935,1.3333333333333333,0.6666666666666666,-0.166666667,12.95,-2.25,12.95,-2.25,12.95,-2.25,12.96401712,-2.262677397,0.4,-0.24270814657211304,-0.03620689655172414,144554192.197085,0.20529723306164316,-0.3421904270207843
1139,1771,passorÃ©(yako),gombre,burkina_faso,11/16/2009,16,2,-0.926837642,1.0,12.963660718169418,-2.259889575,-1.611960709,-1.696244935,1.3333333333333333,0.6666666666666666,-0.166666667,12.95,-2.25,12.95,-2.25,12.95,-2.25,12.96401712,-2.262677397,0.4,-0.24270814657211304,-0.03620689655172414,144554192.197085,0.20529723306164316,-0.3421904270207843
1140,1772,passorÃ©(yako),gombre,burkina_faso,11/16/2009,12,1,-0.944042931,1.0,12.963660718169418,-2.259889575,-1.611960709,-1.696244935,1.3333333333333333,0.6666666666666666,-0.166666667,12.95,-2.25,12.95,-2.25,12.95,-2.25,12.96401712,-2.262677397,0.4,-0.24270814657211304,-0.03620689655172414,144554192.197085,0.20529723306164316,-0.3421904270207843
1141,1773,passorÃ©(yako),gombre,burkina_faso,11/16/2009,8,1,-0.978453509,0.0,12.963660718169418,-2.259889575,-1.611960709,-1.696244935,1.3333333333333333,0.6666666666666666,-0.166666667,12.95,-2.25,12.95,-2.25,12.95,-2.25,12.96401712,-2.262677397,0.4,-0.24270814657211304,-0.03620689655172414,144554192.197085,0.20529723306164316,-0.3421904270207843
1142,1774,passorÃ©(yako),gombre,burkina_faso,11/16/2009,18,4,-0.599878039,1.0,12.963660718169418,-2.259889575,-1.611960709,-1.696244935,1.3333333333333333,0.6666666666666666,-0.166666667,12.95,-2.25,12.95,-2.25,12.95,-2.25,12.96401712,-2.262677397,0.4,-0.24270814657211304,-0.03620689655172414,144554192.197085,0.20529723306164316,-0.3421904270207843
1143,1775,passorÃ©(yako),gombre,burkina_faso,11/16/2009,16,2,0.8317191283975098,0.0,12.963660718169418,-2.259889575,-1.611960709,-1.696244935,1.3333333333333333,0.6666666666666666,-0.166666667,12.95,-2.25,12.95,-2.25,12.95,-2.25,12.96401712,-2.262677397,0.4,-0.24270814657211304,-0.03620689655172414,144554192.197085,0.20529723306164316,-0.3421904270207843
1144,1776,passorÃ©(yako),gombre,burkina_faso,11/16/2009,8,1,-0.587588547,1.0,12.963660718169418,-2.259889575,-1.611960709,-1.696244935,1.3333333333333333,0.6666666666666666,-0.166666667,12.95,-2.25,12.95,-2.25,12.95,-2.25,12.96401712,-2.262677397,0.4,-0.24270814657211304,-0.03620689655172414,144554192.197085,0.20529723306164316,-0.3421904270207843
1145,1777,passorÃ©(yako),gombre,burkina_faso,11/16/2009,3,1,-0.956946898,1.0,12.963660718169418,-2.259889575,-1.611960709,-1.696244935,1.3333333333333333,0.6666666666666666,-0.166666667,12.95,-2.25,12.95,-2.25,12.95,-2.25,12.96401712,-2.262677397,0.4,-0.24270814657211304,-0.03620689655172414,144554192.197085,0.20529723306164316,-0.3421904270207843
1146,1778,passorÃ©(yako),gombre,burkina_faso,11/19/2009,16,1,-0.593733293,1.0,12.963660718169418,-2.259889575,-1.611960709,-1.696244935,1.3333333333333333,0.6666666666666666,-0.166666667,12.95,-2.25,12.95,-2.25,12.95,-2.25,12.96401712,-2.262677397,0.4,-0.24270814657211304,-0.03620689655172414,144554192.197085,0.20529723306164316,-0.3421904270207843
1147,1779,passorÃ©(yako),gombre,burkina_faso,11/16/2009,10,1,-0.928271416,1.0,12.963660718169418,-2.259889575,-1.611960709,-1.696244935,1.3333333333333333,0.6666666666666666,-0.166666667,12.95,-2.25,12.95,-2.25,12.95,-2.25,12.96401712,-2.262677397,0.4,-0.24270814657211304,-0.03620689655172414,144554192.197085,0.20529723306164316,-0.3421904270207843
1148,1780,passorÃ©(yako),gombre,burkina_faso,11/16/2009,13,4,-0.591172982,1.0,12.963660718169418,-2.259889575,-1.611960709,-1.696244935,1.3333333333333333,0.6666666666666666,-0.166666667,12.95,-2.25,12.95,-2.25,12.95,-2.25,12.96401712,-2.262677397,0.4,-0.24270814657211304,-0.03620689655172414,144554192.197085,0.20529723306164316,-0.3421904270207843
1149,1781,passorÃ©(yako),gombre,burkina_faso,11/16/2009,8,1,-0.917006048,1.0,12.963660718169418,-2.259889575,-1.611960709,-1.696244935,1.3333333333333333,0.6666666666666666,-0.166666667,12.95,-2.25,12.95,-2.25,12.95,-2.25,12.96401712,-2.262677397,0.4,-0.24270814657211304,-0.03620689655172414,144554192.197085,0.20529723306164316,-0.3421904270207843
1150,1782,passorÃ©(yako),gombre,burkina_faso,11/16/2009,17,12,-0.605510723,1.0,12.963660718169418,-2.259889575,-1.611960709,-1.696244935,1.3333333333333333,0.6666666666666666,-0.166666667,12.95,-2.25,12.95,-2.25,12.95,-2.25,12.96401712,-2.262677397,0.4,-0.24270814657211304,-0.03620689655172414,144554192.197085,0.20529723306164316,-0.3421904270207843
1151,1783,passorÃ©(yako),ilyale,burkina_faso,11/3/2009,10,3,-0.773232443,1.0,12.963660718169418,-2.259889575,-1.611960709,-1.696244935,1.3333333333333333,0.6666666666666666,-0.166666667,12.95,-2.25,12.95,-2.25,12.95,-2.25,12.96401712,-2.262677397,0.4,-0.24270814657211304,-0.03620689655172414,144554192.197085,0.20529723306164316,-0.3421904270207843
1152,1784,passorÃ©(yako),ilyale,burkina_faso,11/3/2009,8,5,-0.949778028,1.0,12.963660718169418,-2.259889575,-1.611960709,-1.696244935,1.3333333333333333,0.6666666666666666,-0.166666667,12.95,-2.25,12.95,-2.25,12.95,-2.25,12.96401712,-2.262677397,0.4,-0.24270814657211304,-0.03620689655172414,144554192.197085,0.20529723306164316,-0.3421904270207843
1153,1785,passorÃ©(yako),ilyale,burkina_faso,11/2/2009,5,3,-0.791154619,1.0,12.963660718169418,-2.259889575,-1.611960709,-1.696244935,1.3333333333333333,0.6666666666666666,-0.166666667,12.95,-2.25,12.95,-2.25,12.95,-2.25,12.96401712,-2.262677397,0.4,-0.24270814657211304,-0.03620689655172414,144554192.197085,0.20529723306164316,-0.3421904270207843
1154,1786,passorÃ©(yako),ilyale,burkina_faso,11/2/2009,6,6,1.8229489117248097,1.0,12.963660718169418,-2.259889575,-1.611960709,-1.696244935,1.3333333333333333,0.6666666666666666,-0.166666667,12.95,-2.25,12.95,-2.25,12.95,-2.25,12.96401712,-2.262677397,0.4,-0.24270814657211304,-0.03620689655172414,144554192.197085,0.20529723306164316,-0.3421904270207843
1155,1787,passorÃ©(yako),ilyale,burkina_faso,11/3/2009,19,5,-0.782790937,1.0,12.963660718169418,-2.259889575,-1.611960709,-1.696244935,1.3333333333333333,0.6666666666666666,-0.166666667,12.95,-2.25,12.95,-2.25,12.95,-2.25,12.96401712,-2.262677397,0.4,-0.24270814657211304,-0.03620689655172414,144554192.197085,0.20529723306164316,-0.3421904270207843
1156,1788,passorÃ©(yako),ilyale,burkina_faso,11/3/2009,11,7,-0.921998655,1.0,12.963660718169418,-2.259889575,-1.611960709,-1.696244935,1.3333333333333333,0.6666666666666666,-0.166666667,12.95,-2.25,12.95,-2.25,12.95,-2.25,12.96401712,-2.262677397,0.4,-0.24270814657211304,-0.03620689655172414,144554192.197085,0.20529723306164316,-0.3421904270207843
1157,1789,passorÃ©(yako),ilyale,burkina_faso,11/3/2009,16,8,-0.432549573,1.0,12.963660718169418,-2.259889575,-1.611960709,-1.696244935,1.3333333333333333,0.6666666666666666,-0.166666667,12.95,-2.25,12.95,-2.25,12.95,-2.25,12.96401712,-2.262677397,0.4,-0.24270814657211304,-0.03620689655172414,144554192.197085,0.20529723306164316,-0.3421904270207843
1158,1790,passorÃ©(yako),ilyale,burkina_faso,11/3/2009,7,1,-1.042973344,1.0,12.963660718169418,-2.259889575,-1.611960709,-1.696244935,1.3333333333333333,0.6666666666666666,-0.166666667,12.95,-2.25,12.95,-2.25,12.95,-2.25,12.96401712,-2.262677397,0.4,-0.24270814657211304,-0.03620689655172414,144554192.197085,0.20529723306164316,-0.3421904270207843
1159,1791,passorÃ©(yako),ilyale,burkina_faso,11/3/2009,12,4,-1.150506401,1.0,12.963660718169418,-2.259889575,-1.611960709,-1.696244935,1.3333333333333333,0.6666666666666666,-0.166666667,12.95,-2.25,12.95,-2.25,12.95,-2.25,12.96401712,-2.262677397,0.4,-0.24270814657211304,-0.03620689655172414,144554192.197085,0.20529723306164316,-0.3421904270207843
1160,1792,passorÃ©(yako),ilyale,burkina_faso,11/3/2009,4,1,-0.766063572,1.0,12.963660718169418,-2.259889575,-1.611960709,-1.696244935,1.3333333333333333,0.6666666666666666,-0.166666667,12.95,-2.25,12.95,-2.25,12.95,-2.25,12.96401712,-2.262677397,0.4,-0.24270814657211304,-0.03620689655172414,144554192.197085,0.20529723306164316,-0.3421904270207843
1161,1793,passorÃ©(yako),ilyale,burkina_faso,11/2/2009,11,2,-0.939741609,1.0,12.963660718169418,-2.259889575,-1.611960709,-1.696244935,1.3333333333333333,0.6666666666666666,-0.166666667,12.95,-2.25,12.95,-2.25,12.95,-2.25,12.96401712,-2.262677397,0.4,-0.24270814657211304,-0.03620689655172414,144554192.197085,0.20529723306164316,-0.3421904270207843
1162,1794,passorÃ©(yako),ilyale,burkina_faso,11/3/2009,11,3,-0.591889869,1.0,12.963660718169418,-2.259889575,-1.611960709,-1.696244935,1.3333333333333333,0.6666666666666666,-0.166666667,12.95,-2.25,12.95,-2.25,12.95,-2.25,12.96401712,-2.262677397,0.4,-0.24270814657211304,-0.03620689655172414,144554192.197085,0.20529723306164316,-0.3421904270207843
1163,1795,passorÃ©(yako),ilyale,burkina_faso,11/3/2009,10,2,-0.761284325,0.0,12.963660718169418,-2.259889575,-1.611960709,-1.696244935,1.3333333333333333,0.6666666666666666,-0.166666667,12.95,-2.25,12.95,-2.25,12.95,-2.25,12.96401712,-2.262677397,0.4,-0.24270814657211304,-0.03620689655172414,144554192.197085,0.20529723306164316,-0.3421904270207843
1164,1796,passorÃ©(yako),ilyale,burkina_faso,11/3/2009,5,2,-0.652108381,1.0,12.963660718169418,-2.259889575,-1.611960709,-1.696244935,1.3333333333333333,0.6666666666666666,-0.166666667,12.95,-2.25,12.95,-2.25,12.95,-2.25,12.96401712,-2.262677397,0.4,-0.24270814657211304,-0.03620689655172414,144554192.197085,0.20529723306164316,-0.3421904270207843
1165,1797,passorÃ©(yako),ilyale,burkina_faso,11/3/2009,11,1,-0.951570245,1.0,12.963660718169418,-2.259889575,-1.611960709,-1.696244935,1.3333333333333333,0.6666666666666666,-0.166666667,12.95,-2.25,12.95,-2.25,12.95,-2.25,12.96401712,-2.262677397,0.4,-0.24270814657211304,-0.03620689655172414,144554192.197085,0.20529723306164316,-0.3421904270207843
1166,1798,passorÃ©(yako),ilyale,burkina_faso,11/3/2009,5,2,-0.999960121,1.0,12.963660718169418,-2.259889575,-1.611960709,-1.696244935,1.3333333333333333,0.6666666666666666,-0.166666667,12.95,-2.25,12.95,-2.25,12.95,-2.25,12.96401712,-2.262677397,0.4,-0.24270814657211304,-0.03620689655172414,144554192.197085,0.20529723306164316,-0.3421904270207843
1167,1799,passorÃ©(yako),ilyale,burkina_faso,11/3/2009,4,3,-0.823414536,1.0,12.963660718169418,-2.259889575,-1.611960709,-1.696244935,1.3333333333333333,0.6666666666666666,-0.166666667,12.95,-2.25,12.95,-2.25,12.95,-2.25,12.96401712,-2.262677397,0.4,-0.24270814657211304,-0.03620689655172414,144554192.197085,0.20529723306164316,-0.3421904270207843
1168,1800,passorÃ©(yako),ilyale,burkina_faso,11/3/2009,6,1,-1.021466732,1.0,12.963660718169418,-2.259889575,-1.611960709,-1.696244935,1.3333333333333333,0.6666666666666666,-0.166666667,12.95,-2.25,12.95,-2.25,12.95,-2.25,12.96401712,-2.262677397,0.4,-0.24270814657211304,-0.03620689655172414,144554192.197085,0.20529723306164316,-0.3421904270207843
1169,1820,passorÃ©(yako),lantaga,burkina_faso,11/12/2009,9,1,-0.801907925,0.0,12.762932763845306,-2.187679805,-1.489808172,-1.597181946,2.0,1.0,0.0,12.75,-2.2,12.75,-2.2,12.75,-2.2,12.76161893,-2.262677397,1.0,-0.19249470233917237,0.12272727272727275,64956322.01579134,0.20405941137018938,0.13941920219393616
1170,1821,passorÃ©(yako),lantaga,burkina_faso,11/11/2009,7,1,-0.81266123,0.0,12.762932763845306,-2.187679805,-1.489808172,-1.597181946,2.0,1.0,0.0,12.75,-2.2,12.75,-2.2,12.75,-2.2,12.76161893,-2.262677397,1.0,-0.19249470233917237,0.12272727272727275,64956322.01579134,0.20405941137018938,0.13941920219393616
1171,1822,passorÃ©(yako),lantaga,burkina_faso,11/11/2009,13,1,-0.939024722,1.0,12.762932763845306,-2.187679805,-1.489808172,-1.597181946,2.0,1.0,0.0,12.75,-2.2,12.75,-2.2,12.75,-2.2,12.76161893,-2.262677397,1.0,-0.19249470233917237,0.12272727272727275,64956322.01579134,0.20405941137018938,0.13941920219393616
1172,1823,passorÃ©(yako),lantaga,burkina_faso,11/11/2009,4,1,-0.921102546,1.0,12.762932763845306,-2.187679805,-1.489808172,-1.597181946,2.0,1.0,0.0,12.75,-2.2,12.75,-2.2,12.75,-2.2,12.76161893,-2.262677397,1.0,-0.19249470233917237,0.12272727272727275,64956322.01579134,0.20405941137018938,0.13941920219393616
1173,1824,passorÃ©(yako),lantaga,burkina_faso,11/12/2009,8,1,-0.913933675,1.0,12.762932763845306,-2.187679805,-1.489808172,-1.597181946,2.0,1.0,0.0,12.75,-2.2,12.75,-2.2,12.75,-2.2,12.76161893,-2.262677397,1.0,-0.19249470233917237,0.12272727272727275,64956322.01579134,0.20405941137018938,0.13941920219393616
1174,1825,passorÃ©(yako),lantaga,burkina_faso,11/11/2009,4,1,-0.935440287,0.0,12.762932763845306,-2.187679805,-1.489808172,-1.597181946,2.0,1.0,0.0,12.75,-2.2,12.75,-2.2,12.75,-2.2,12.76161893,-2.262677397,1.0,-0.19249470233917237,0.12272727272727275,64956322.01579134,0.20405941137018938,0.13941920219393616
1175,1826,passorÃ©(yako),lantaga,burkina_faso,11/12/2009,17,1,-0.209460429,0.0,12.762932763845306,-2.187679805,-1.489808172,-1.597181946,2.0,1.0,0.0,12.75,-2.2,12.75,-2.2,12.75,-2.2,12.76161893,-2.262677397,1.0,-0.19249470233917237,0.12272727272727275,64956322.01579134,0.20405941137018938,0.13941920219393616
1176,1827,passorÃ©(yako),lantaga,burkina_faso,11/11/2009,7,1,-0.775024661,1.0,12.762932763845306,-2.187679805,-1.489808172,-1.597181946,2.0,1.0,0.0,12.75,-2.2,12.75,-2.2,12.75,-2.2,12.76161893,-2.262677397,1.0,-0.19249470233917237,0.12272727272727275,64956322.01579134,0.20405941137018938,0.13941920219393616
1177,1828,passorÃ©(yako),lantaga,burkina_faso,11/12/2009,5,4,-0.746349179,1.0,12.762932763845306,-2.187679805,-1.489808172,-1.597181946,2.0,1.0,0.0,12.75,-2.2,12.75,-2.2,12.75,-2.2,12.76161893,-2.262677397,1.0,-0.19249470233917237,0.12272727272727275,64956322.01579134,0.20405941137018938,0.13941920219393616
1178,1829,passorÃ©(yako),lantaga,burkina_faso,11/12/2009,9,4,-0.785777966,0.0,12.762932763845306,-2.187679805,-1.489808172,-1.597181946,2.0,1.0,0.0,12.75,-2.2,12.75,-2.2,12.75,-2.2,12.76161893,-2.262677397,1.0,-0.19249470233917237,0.12272727272727275,64956322.01579134,0.20405941137018938,0.13941920219393616
1179,1830,passorÃ©(yako),lantaga,burkina_faso,11/11/2009,13,1,-0.77732894,1.0,12.762932763845306,-2.187679805,-1.489808172,-1.597181946,2.0,1.0,0.0,12.75,-2.2,12.75,-2.2,12.75,-2.2,12.76161893,-2.262677397,1.0,-0.19249470233917237,0.12272727272727275,64956322.01579134,0.20405941137018938,0.13941920219393616
1180,1831,passorÃ©(yako),lantaga,burkina_faso,11/11/2009,8,2,-0.766063572,1.0,12.762932763845306,-2.187679805,-1.489808172,-1.597181946,2.0,1.0,0.0,12.75,-2.2,12.75,-2.2,12.75,-2.2,12.76161893,-2.262677397,1.0,-0.19249470233917237,0.12272727272727275,64956322.01579134,0.20405941137018938,0.13941920219393616
1181,1832,passorÃ©(yako),lantaga,burkina_faso,11/11/2009,9,1,-0.931138964,1.0,12.762932763845306,-2.187679805,-1.489808172,-1.597181946,2.0,1.0,0.0,12.75,-2.2,12.75,-2.2,12.75,-2.2,12.76161893,-2.262677397,1.0,-0.19249470233917237,0.12272727272727275,64956322.01579134,0.20405941137018938,0.13941920219393616
1182,1833,passorÃ©(yako),lantaga,burkina_faso,11/12/2009,3,1,-0.924686981,0.0,12.762932763845306,-2.187679805,-1.489808172,-1.597181946,2.0,1.0,0.0,12.75,-2.2,12.75,-2.2,12.75,-2.2,12.76161893,-2.262677397,1.0,-0.19249470233917237,0.12272727272727275,64956322.01579134,0.20405941137018938,0.13941920219393616
1183,1834,passorÃ©(yako),lantaga,burkina_faso,11/12/2009,10,3,-0.791154619,1.0,12.762932763845306,-2.187679805,-1.489808172,-1.597181946,2.0,1.0,0.0,12.75,-2.2,12.75,-2.2,12.75,-2.2,12.76161893,-2.262677397,1.0,-0.19249470233917237,0.12272727272727275,64956322.01579134,0.20405941137018938,0.13941920219393616
1184,1835,passorÃ©(yako),lantaga,burkina_faso,11/11/2009,5,3,-0.773232443,1.0,12.762932763845306,-2.187679805,-1.489808172,-1.597181946,2.0,1.0,0.0,12.75,-2.2,12.75,-2.2,12.75,-2.2,12.76161893,-2.262677397,1.0,-0.19249470233917237,0.12272727272727275,64956322.01579134,0.20405941137018938,0.13941920219393616
1185,1836,passorÃ©(yako),lantaga,burkina_faso,11/12/2009,12,2,-0.769648008,1.0,12.762932763845306,-2.187679805,-1.489808172,-1.597181946,2.0,1.0,0.0,12.75,-2.2,12.75,-2.2,12.75,-2.2,12.76161893,-2.262677397,1.0,-0.19249470233917237,0.12272727272727275,64956322.01579134,0.20405941137018938,0.13941920219393616
1186,1839,passorÃ©(yako),reanon,burkina_faso,11/12/2009,10,1,-0.946193592,1.0,12.963660718169418,-2.259889575,-1.611960709,-1.696244935,1.3333333333333333,0.6666666666666666,-0.166666667,12.95,-2.25,12.95,-2.25,12.95,-2.25,12.96401712,-2.262677397,0.4,-0.24270814657211304,-0.03620689655172414,144554192.197085,0.20529723306164316,-0.3421904270207843
1187,1846,passorÃ©(yako),reanon,burkina_faso,11/13/2009,10,1,-0.575299054,1.0,12.963660718169418,-2.259889575,-1.611960709,-1.696244935,1.3333333333333333,0.6666666666666666,-0.166666667,12.95,-2.25,12.95,-2.25,12.95,-2.25,12.96401712,-2.262677397,0.4,-0.24270814657211304,-0.03620689655172414,144554192.197085,0.20529723306164316,-0.3421904270207843
1188,1847,passorÃ©(yako),reanon,burkina_faso,11/13/2009,14,1,-0.432549573,1.0,12.963660718169418,-2.259889575,-1.611960709,-1.696244935,1.3333333333333333,0.6666666666666666,-0.166666667,12.95,-2.25,12.95,-2.25,12.95,-2.25,12.96401712,-2.262677397,0.4,-0.24270814657211304,-0.03620689655172414,144554192.197085,0.20529723306164316,-0.3421904270207843
1189,1848,passorÃ©(yako),reanon,burkina_faso,11/13/2009,4,1,-0.935440287,1.0,12.963660718169418,-2.259889575,-1.611960709,-1.696244935,1.3333333333333333,0.6666666666666666,-0.166666667,12.95,-2.25,12.95,-2.25,12.95,-2.25,12.96401712,-2.262677397,0.4,-0.24270814657211304,-0.03620689655172414,144554192.197085,0.20529723306164316,-0.3421904270207843
1190,1849,passorÃ©(yako),reanon,burkina_faso,11/12/2009,8,1,0.0670276,1.0,12.963660718169418,-2.259889575,-1.611960709,-1.696244935,1.3333333333333333,0.6666666666666666,-0.166666667,12.95,-2.25,12.95,-2.25,12.95,-2.25,12.96401712,-2.262677397,0.4,-0.24270814657211304,-0.03620689655172414,144554192.197085,0.20529723306164316,-0.3421904270207843
1191,1850,passorÃ©(yako),reanon,burkina_faso,11/12/2009,6,1,-0.956946898,1.0,12.963660718169418,-2.259889575,-1.611960709,-1.696244935,1.3333333333333333,0.6666666666666666,-0.166666667,12.95,-2.25,12.95,-2.25,12.95,-2.25,12.96401712,-2.262677397,0.4,-0.24270814657211304,-0.03620689655172414,144554192.197085,0.20529723306164316,-0.3421904270207843
1192,1851,passorÃ©(yako),reanon,burkina_faso,11/13/2009,10,1,-0.791154619,1.0,12.963660718169418,-2.259889575,-1.611960709,-1.696244935,1.3333333333333333,0.6666666666666666,-0.166666667,12.95,-2.25,12.95,-2.25,12.95,-2.25,12.96401712,-2.262677397,0.4,-0.24270814657211304,-0.03620689655172414,144554192.197085,0.20529723306164316,-0.3421904270207843
1193,1852,passorÃ©(yako),reanon,burkina_faso,11/13/2009,15,1,-0.93275196,0.0,12.963660718169418,-2.259889575,-1.611960709,-1.696244935,1.3333333333333333,0.6666666666666666,-0.166666667,12.95,-2.25,12.95,-2.25,12.95,-2.25,12.96401712,-2.262677397,0.4,-0.24270814657211304,-0.03620689655172414,144554192.197085,0.20529723306164316,-0.3421904270207843
1194,1853,passorÃ©(yako),reanon,burkina_faso,11/13/2009,7,1,-0.930063634,0.0,12.963660718169418,-2.259889575,-1.611960709,-1.696244935,1.3333333333333333,0.6666666666666666,-0.166666667,12.95,-2.25,12.95,-2.25,12.95,-2.25,12.96401712,-2.262677397,0.4,-0.24270814657211304,-0.03620689655172414,144554192.197085,0.20529723306164316,-0.3421904270207843
1195,1854,passorÃ©(yako),reanon,burkina_faso,11/13/2009,12,1,-0.769648008,0.0,12.963660718169418,-2.259889575,-1.611960709,-1.696244935,1.3333333333333333,0.6666666666666666,-0.166666667,12.95,-2.25,12.95,-2.25,12.95,-2.25,12.96401712,-2.262677397,0.4,-0.24270814657211304,-0.03620689655172414,144554192.197085,0.20529723306164316,-0.3421904270207843
1196,1855,passorÃ©(yako),reanon,burkina_faso,11/12/2009,9,1,-0.568770262,1.0,12.963660718169418,-2.259889575,-1.611960709,-1.696244935,1.3333333333333333,0.6666666666666666,-0.166666667,12.95,-2.25,12.95,-2.25,12.95,-2.25,12.96401712,-2.262677397,0.4,-0.24270814657211304,-0.03620689655172414,144554192.197085,0.20529723306164316,-0.3421904270207843
1197,1856,passorÃ©(yako),reanon,burkina_faso,11/13/2009,6,1,-0.918234998,1.0,12.963660718169418,-2.259889575,-1.611960709,-1.696244935,1.3333333333333333,0.6666666666666666,-0.166666667,12.95,-2.25,12.95,-2.25,12.95,-2.25,12.96401712,-2.262677397,0.4,-0.24270814657211304,-0.03620689655172414,144554192.197085,0.20529723306164316,-0.3421904270207843
1198,1857,passorÃ©(yako),reanon,burkina_faso,11/13/2009,3,1,-0.924686981,1.0,12.963660718169418,-2.259889575,-1.611960709,-1.696244935,1.3333333333333333,0.6666666666666666,-0.166666667,12.95,-2.25,12.95,-2.25,12.95,-2.25,12.96401712,-2.262677397,0.4,-0.24270814657211304,-0.03620689655172414,144554192.197085,0.20529723306164316,-0.3421904270207843
1199,1858,passorÃ©(yako),reanon,burkina_faso,11/13/2009,14,1,0.1441654877503777,0.0,12.963660718169418,-2.259889575,-1.611960709,-1.696244935,1.3333333333333333,0.6666666666666666,-0.166666667,12.95,-2.25,12.95,-2.25,12.95,-2.25,12.96401712,-2.262677397,0.4,-0.24270814657211304,-0.03620689655172414,144554192.197085,0.20529723306164316,-0.3421904270207843
1200,1859,passorÃ©(yako),reanon,burkina_faso,11/12/2009,5,1,-0.946193592,0.0,12.963660718169418,-2.259889575,-1.611960709,-1.696244935,1.3333333333333333,0.6666666666666666,-0.166666667,12.95,-2.25,12.95,-2.25,12.95,-2.25,12.96401712,-2.262677397,0.4,-0.24270814657211304,-0.03620689655172414,144554192.197085,0.20529723306164316,-0.3421904270207843
1201,1860,passorÃ©(yako),reanon,burkina_faso,11/12/2009,7,2,0.086741994,0.0,12.963660718169418,-2.259889575,-1.611960709,-1.696244935,1.3333333333333333,0.6666666666666666,-0.166666667,12.95,-2.25,12.95,-2.25,12.95,-2.25,12.96401712,-2.262677397,0.4,-0.24270814657211304,-0.03620689655172414,144554192.197085,0.20529723306164316,-0.3421904270207843
1202,1861,passorÃ©(yako),reanon,burkina_faso,11/13/2009,11,1,0.1611311746981059,1.0,12.963660718169418,-2.259889575,-1.611960709,-1.696244935,1.3333333333333333,0.6666666666666666,-0.166666667,12.95,-2.25,12.95,-2.25,12.95,-2.25,12.96401712,-2.262677397,0.4,-0.24270814657211304,-0.03620689655172414,144554192.197085,0.20529723306164316,-0.3421904270207843
1203,1862,passorÃ©(yako),reanon,burkina_faso,11/12/2009,12,2,-0.789003958,0.0,12.963660718169418,-2.259889575,-1.611960709,-1.696244935,1.3333333333333333,0.6666666666666666,-0.166666667,12.95,-2.25,12.95,-2.25,12.95,-2.25,12.96401712,-2.262677397,0.4,-0.24270814657211304,-0.03620689655172414,144554192.197085,0.20529723306164316,-0.3421904270207843
1204,1863,passorÃ©(yako),reanon,burkina_faso,11/12/2009,15,2,-0.791154619,1.0,12.963660718169418,-2.259889575,-1.611960709,-1.696244935,1.3333333333333333,0.6666666666666666,-0.166666667,12.95,-2.25,12.95,-2.25,12.95,-2.25,12.96401712,-2.262677397,0.4,-0.24270814657211304,-0.03620689655172414,144554192.197085,0.20529723306164316,-0.3421904270207843
1205,1873,yatenga(ouahigouya),balongo,burkina_faso,11/3/2009,7,2,-0.775024661,1.0,13.65945,-2.48013,-1.747280598,-2.154203892,3.0,0.1666666666666666,-0.166666667,13.65,-2.5,13.65,-2.5,13.65,-2.5,13.50282815,-2.443899142,0.4,-0.38149768114089966,-0.036206896551724155,137216247.57673392,0.16339285544895443,1.0188536735849705
1206,1874,yatenga(ouahigouya),balongo,burkina_faso,11/2/2009,6,1,-0.432549573,1.0,13.65945,-2.48013,-1.747280598,-2.154203892,3.0,0.1666666666666666,-0.166666667,13.65,-2.5,13.65,-2.5,13.65,-2.5,13.50282815,-2.443899142,0.4,-0.38149768114089966,-0.036206896551724155,137216247.57673392,0.16339285544895443,1.0188536735849705
1207,1875,yatenga(ouahigouya),balongo,burkina_faso,11/3/2009,6,1,-0.801907925,1.0,13.65945,-2.48013,-1.747280598,-2.154203892,3.0,0.1666666666666666,-0.166666667,13.65,-2.5,13.65,-2.5,13.65,-2.5,13.50282815,-2.443899142,0.4,-0.38149768114089966,-0.036206896551724155,137216247.57673392,0.16339285544895443,1.0188536735849705
1208,1876,yatenga(ouahigouya),balongo,burkina_faso,11/3/2009,8,1,-0.780401313,1.0,13.65945,-2.48013,-1.747280598,-2.154203892,3.0,0.1666666666666666,-0.166666667,13.65,-2.5,13.65,-2.5,13.65,-2.5,13.50282815,-2.443899142,0.4,-0.38149768114089966,-0.036206896551724155,137216247.57673392,0.16339285544895443,1.0188536735849705
1209,1877,yatenga(ouahigouya),balongo,burkina_faso,11/2/2009,9,2,-0.437926226,1.0,13.65945,-2.48013,-1.747280598,-2.154203892,3.0,0.1666666666666666,-0.166666667,13.65,-2.5,13.65,-2.5,13.65,-2.5,13.50282815,-2.443899142,0.4,-0.38149768114089966,-0.036206896551724155,137216247.57673392,0.16339285544895443,1.0188536735849705
1210,1878,yatenga(ouahigouya),balongo,burkina_faso,11/3/2009,6,3,-0.587588547,0.0,13.65945,-2.48013,-1.747280598,-2.154203892,3.0,0.1666666666666666,-0.166666667,13.65,-2.5,13.65,-2.5,13.65,-2.5,13.50282815,-2.443899142,0.4,-0.38149768114089966,-0.036206896551724155,137216247.57673392,0.16339285544895443,1.0188536735849705
1211,1879,yatenga(ouahigouya),balongo,burkina_faso,11/3/2009,3,1,-0.576835241,0.0,13.65945,-2.48013,-1.747280598,-2.154203892,3.0,0.1666666666666666,-0.166666667,13.65,-2.5,13.65,-2.5,13.65,-2.5,13.50282815,-2.443899142,0.4,-0.38149768114089966,-0.036206896551724155,137216247.57673392,0.16339285544895443,1.0188536735849705
1212,1880,yatenga(ouahigouya),balongo,burkina_faso,11/2/2009,9,2,-0.94081694,1.0,13.65945,-2.48013,-1.747280598,-2.154203892,3.0,0.1666666666666666,-0.166666667,13.65,-2.5,13.65,-2.5,13.65,-2.5,13.50282815,-2.443899142,0.4,-0.38149768114089966,-0.036206896551724155,137216247.57673392,0.16339285544895443,1.0188536735849705
1213,1881,yatenga(ouahigouya),balongo,burkina_faso,11/2/2009,5,3,-0.764271355,1.0,13.65945,-2.48013,-1.747280598,-2.154203892,3.0,0.1666666666666666,-0.166666667,13.65,-2.5,13.65,-2.5,13.65,-2.5,13.50282815,-2.443899142,0.4,-0.38149768114089966,-0.036206896551724155,137216247.57673392,0.16339285544895443,1.0188536735849705
1214,1882,yatenga(ouahigouya),balongo,burkina_faso,11/3/2009,7,2,-0.032300369,1.0,13.65945,-2.48013,-1.747280598,-2.154203892,3.0,0.1666666666666666,-0.166666667,13.65,-2.5,13.65,-2.5,13.65,-2.5,13.50282815,-2.443899142,0.4,-0.38149768114089966,-0.036206896551724155,137216247.57673392,0.16339285544895443,1.0188536735849705
1215,1883,yatenga(ouahigouya),balongo,burkina_faso,11/2/2009,4,2,-0.766063572,1.0,13.65945,-2.48013,-1.747280598,-2.154203892,3.0,0.1666666666666666,-0.166666667,13.65,-2.5,13.65,-2.5,13.65,-2.5,13.50282815,-2.443899142,0.4,-0.38149768114089966,-0.036206896551724155,137216247.57673392,0.16339285544895443,1.0188536735849705
1216,1884,yatenga(ouahigouya),balongo,burkina_faso,11/2/2009,6,3,-0.432549573,1.0,13.65945,-2.48013,-1.747280598,-2.154203892,3.0,0.1666666666666666,-0.166666667,13.65,-2.5,13.65,-2.5,13.65,-2.5,13.50282815,-2.443899142,0.4,-0.38149768114089966,-0.036206896551724155,137216247.57673392,0.16339285544895443,1.0188536735849705
1217,1885,yatenga(ouahigouya),balongo,burkina_faso,11/3/2009,19,2,-0.819113214,1.0,13.65945,-2.48013,-1.747280598,-2.154203892,3.0,0.1666666666666666,-0.166666667,13.65,-2.5,13.65,-2.5,13.65,-2.5,13.50282815,-2.443899142,0.4,-0.38149768114089966,-0.036206896551724155,137216247.57673392,0.16339285544895443,1.0188536735849705
1218,1886,yatenga(ouahigouya),balongo,burkina_faso,11/3/2009,5,2,-0.928271416,1.0,13.65945,-2.48013,-1.747280598,-2.154203892,3.0,0.1666666666666666,-0.166666667,13.65,-2.5,13.65,-2.5,13.65,-2.5,13.50282815,-2.443899142,0.4,-0.38149768114089966,-0.036206896551724155,137216247.57673392,0.16339285544895443,1.0188536735849705
1219,1887,yatenga(ouahigouya),balongo,burkina_faso,11/2/2009,9,3,-0.785777966,1.0,13.65945,-2.48013,-1.747280598,-2.154203892,3.0,0.1666666666666666,-0.166666667,13.65,-2.5,13.65,-2.5,13.65,-2.5,13.50282815,-2.443899142,0.4,-0.38149768114089966,-0.036206896551724155,137216247.57673392,0.16339285544895443,1.0188536735849705
1220,1888,yatenga(ouahigouya),balongo,burkina_faso,11/3/2009,23,2,0.4938094453777509,1.0,13.65945,-2.48013,-1.747280598,-2.154203892,3.0,0.1666666666666666,-0.166666667,13.65,-2.5,13.65,-2.5,13.65,-2.5,13.50282815,-2.443899142,0.4,-0.38149768114089966,-0.036206896551724155,137216247.57673392,0.16339285544895443,1.0188536735849705
1221,1889,yatenga(ouahigouya),balongo,burkina_faso,11/3/2009,33,10,-0.781745477,1.0,13.65945,-2.48013,-1.747280598,-2.154203892,3.0,0.1666666666666666,-0.166666667,13.65,-2.5,13.65,-2.5,13.65,-2.5,13.50282815,-2.443899142,0.4,-0.38149768114089966,-0.036206896551724155,137216247.57673392,0.16339285544895443,1.0188536735849705
1222,1890,yatenga(ouahigouya),balongo,burkina_faso,11/2/2009,14,4,-0.427172921,1.0,13.65945,-2.48013,-1.747280598,-2.154203892,3.0,0.1666666666666666,-0.166666667,13.65,-2.5,13.65,-2.5,13.65,-2.5,13.50282815,-2.443899142,0.4,-0.38149768114089966,-0.036206896551724155,137216247.57673392,0.16339285544895443,1.0188536735849705
1223,1891,yatenga(ouahigouya),barma-mossi,burkina_faso,11/7/2009,9,2,-0.94081694,1.0,13.240319999999995,-2.05716,-1.605768124,-1.605768124,1.0,0.5,-0.5,13.25,-2.05,13.25,-2.05,13.25,-2.05,13.20909134,-2.101418271,0.2,-0.379349946975708,-0.017796610169491522,260607319.5464872,0.1876529513225009,0.9714459079839552
1224,1894,yatenga(ouahigouya),barma-mossi,burkina_faso,11/7/2009,8,1,-0.771798669,1.0,13.240319999999995,-2.05716,-1.605768124,-1.605768124,1.0,0.5,-0.5,13.25,-2.05,13.25,-2.05,13.25,-2.05,13.20909134,-2.101418271,0.2,-0.379349946975708,-0.017796610169491522,260607319.5464872,0.1876529513225009,0.9714459079839552
1225,1895,yatenga(ouahigouya),barma-mossi,burkina_faso,11/7/2009,8,2,-0.475562796,1.0,13.240319999999995,-2.05716,-1.605768124,-1.605768124,1.0,0.5,-0.5,13.25,-2.05,13.25,-2.05,13.25,-2.05,13.20909134,-2.101418271,0.2,-0.379349946975708,-0.017796610169491522,260607319.5464872,0.1876529513225009,0.9714459079839552
1226,1896,yatenga(ouahigouya),barma-mossi,burkina_faso,11/7/2009,8,1,-0.418211832,0.0,13.240319999999995,-2.05716,-1.605768124,-1.605768124,1.0,0.5,-0.5,13.25,-2.05,13.25,-2.05,13.25,-2.05,13.20909134,-2.101418271,0.2,-0.379349946975708,-0.017796610169491522,260607319.5464872,0.1876529513225009,0.9714459079839552
1227,1899,yatenga(ouahigouya),barma-mossi,burkina_faso,11/7/2009,5,2,-0.773232443,1.0,13.240319999999995,-2.05716,-1.605768124,-1.605768124,1.0,0.5,-0.5,13.25,-2.05,13.25,-2.05,13.25,-2.05,13.20909134,-2.101418271,0.2,-0.379349946975708,-0.017796610169491522,260607319.5464872,0.1876529513225009,0.9714459079839552
1228,1900,yatenga(ouahigouya),barma-mossi,burkina_faso,11/7/2009,11,1,-0.603718505,1.0,13.240319999999995,-2.05716,-1.605768124,-1.605768124,1.0,0.5,-0.5,13.25,-2.05,13.25,-2.05,13.25,-2.05,13.20909134,-2.101418271,0.2,-0.379349946975708,-0.017796610169491522,260607319.5464872,0.1876529513225009,0.9714459079839552
1229,1901,yatenga(ouahigouya),barma-mossi,burkina_faso,11/7/2009,11,1,-0.931855851,1.0,13.240319999999995,-2.05716,-1.605768124,-1.605768124,1.0,0.5,-0.5,13.25,-2.05,13.25,-2.05,13.25,-2.05,13.20909134,-2.101418271,0.2,-0.379349946975708,-0.017796610169491522,260607319.5464872,0.1876529513225009,0.9714459079839552
1230,1902,yatenga(ouahigouya),barma-mossi,burkina_faso,11/7/2009,2,1,-0.913933675,1.0,13.240319999999995,-2.05716,-1.605768124,-1.605768124,1.0,0.5,-0.5,13.25,-2.05,13.25,-2.05,13.25,-2.05,13.20909134,-2.101418271,0.2,-0.379349946975708,-0.017796610169491522,260607319.5464872,0.1876529513225009,0.9714459079839552
1231,1903,yatenga(ouahigouya),barma-mossi,burkina_faso,11/7/2009,8,1,-0.949778028,1.0,13.240319999999995,-2.05716,-1.605768124,-1.605768124,1.0,0.5,-0.5,13.25,-2.05,13.25,-2.05,13.25,-2.05,13.20909134,-2.101418271,0.2,-0.379349946975708,-0.017796610169491522,260607319.5464872,0.1876529513225009,0.9714459079839552
1232,1905,yatenga(ouahigouya),barma-mossi,burkina_faso,11/7/2009,12,1,-0.432549573,1.0,13.240319999999995,-2.05716,-1.605768124,-1.605768124,1.0,0.5,-0.5,13.25,-2.05,13.25,-2.05,13.25,-2.05,13.20909134,-2.101418271,0.2,-0.379349946975708,-0.017796610169491522,260607319.5464872,0.1876529513225009,0.9714459079839552
1233,1906,yatenga(ouahigouya),barma-mossi,burkina_faso,11/7/2009,20,4,-0.823414536,1.0,13.240319999999995,-2.05716,-1.605768124,-1.605768124,1.0,0.5,-0.5,13.25,-2.05,13.25,-2.05,13.25,-2.05,13.20909134,-2.101418271,0.2,-0.379349946975708,-0.017796610169491522,260607319.5464872,0.1876529513225009,0.9714459079839552
1234,1908,yatenga(ouahigouya),barma-mossi,burkina_faso,11/7/2009,5,1,-0.928271416,1.0,13.240319999999995,-2.05716,-1.605768124,-1.605768124,1.0,0.5,-0.5,13.25,-2.05,13.25,-2.05,13.25,-2.05,13.20909134,-2.101418271,0.2,-0.379349946975708,-0.017796610169491522,260607319.5464872,0.1876529513225009,0.9714459079839552
1235,1909,yatenga(ouahigouya),barma-mossi,burkina_faso,11/7/2009,12,1,-0.432549573,1.0,13.240319999999995,-2.05716,-1.605768124,-1.605768124,1.0,0.5,-0.5,13.25,-2.05,13.25,-2.05,13.25,-2.05,13.20909134,-2.101418271,0.2,-0.379349946975708,-0.017796610169491522,260607319.5464872,0.1876529513225009,0.9714459079839552
1236,1910,yatenga(ouahigouya),barma-mossi,burkina_faso,11/7/2009,7,2,-0.787570184,1.0,13.240319999999995,-2.05716,-1.605768124,-1.605768124,1.0,0.5,-0.5,13.25,-2.05,13.25,-2.05,13.25,-2.05,13.20909134,-2.101418271,0.2,-0.379349946975708,-0.017796610169491522,260607319.5464872,0.1876529513225009,0.9714459079839552
1237,1911,yatenga(ouahigouya),barma-mossi,burkina_faso,11/7/2009,16,2,-0.446887314,1.0,13.240319999999995,-2.05716,-1.605768124,-1.605768124,1.0,0.5,-0.5,13.25,-2.05,13.25,-2.05,13.25,-2.05,13.20909134,-2.101418271,0.2,-0.379349946975708,-0.017796610169491522,260607319.5464872,0.1876529513225009,0.9714459079839552
1238,1912,yatenga(ouahigouya),barma-mossi,burkina_faso,11/7/2009,8,2,-0.059542077,1.0,13.240319999999995,-2.05716,-1.605768124,-1.605768124,1.0,0.5,-0.5,13.25,-2.05,13.25,-2.05,13.25,-2.05,13.20909134,-2.101418271,0.2,-0.379349946975708,-0.017796610169491522,260607319.5464872,0.1876529513225009,0.9714459079839552
1239,1913,yatenga(ouahigouya),barma-mossi,burkina_faso,11/7/2009,8,1,-0.949778028,1.0,13.240319999999995,-2.05716,-1.605768124,-1.605768124,1.0,0.5,-0.5,13.25,-2.05,13.25,-2.05,13.25,-2.05,13.20909134,-2.101418271,0.2,-0.379349946975708,-0.017796610169491522,260607319.5464872,0.1876529513225009,0.9714459079839552
1240,1915,yatenga(ouahigouya),barma-mossi,burkina_faso,11/7/2009,25,1,-0.797128678,1.0,13.240319999999995,-2.05716,-1.605768124,-1.605768124,1.0,0.5,-0.5,13.25,-2.05,13.25,-2.05,13.25,-2.05,13.20909134,-2.101418271,0.2,-0.379349946975708,-0.017796610169491522,260607319.5464872,0.1876529513225009,0.9714459079839552
1241,1919,yatenga(ouahigouya),bidi rimaibe thiou,burkina_faso,11/1/2009,12,1,-0.978453509,1.0,13.90834,-2.48512,-1.890518188,-2.302386522,3.0,0.1666666666666666,-0.166666667,13.9,-2.5,13.9,-2.5,13.9,-2.5,14.03752044,-2.443899142,0.4,-0.5889012217521667,-0.036206896551724155,137216247.57673392,0.16007303070697987,1.087380337980886
1242,1920,yatenga(ouahigouya),bidi rimaibe thiou,burkina_faso,11/1/2009,12,3,-0.609095158,1.0,13.90834,-2.48512,-1.890518188,-2.302386522,3.0,0.1666666666666666,-0.166666667,13.9,-2.5,13.9,-2.5,13.9,-2.5,14.03752044,-2.443899142,0.4,-0.5889012217521667,-0.036206896551724155,137216247.57673392,0.16007303070697987,1.087380337980886
1243,1921,yatenga(ouahigouya),bidi rimaibe thiou,burkina_faso,11/1/2009,5,1,-0.193074439,1.0,13.90834,-2.48512,-1.890518188,-2.302386522,3.0,0.1666666666666666,-0.166666667,13.9,-2.5,13.9,-2.5,13.9,-2.5,14.03752044,-2.443899142,0.4,-0.5889012217521667,-0.036206896551724155,137216247.57673392,0.16007303070697987,1.087380337980886
1244,1922,yatenga(ouahigouya),bidi rimaibe thiou,burkina_faso,11/1/2009,10,1,-0.928271416,0.0,13.90834,-2.48512,-1.890518188,-2.302386522,3.0,0.1666666666666666,-0.166666667,13.9,-2.5,13.9,-2.5,13.9,-2.5,14.03752044,-2.443899142,0.4,-0.5889012217521667,-0.036206896551724155,137216247.57673392,0.16007303070697987,1.087380337980886
1245,1924,yatenga(ouahigouya),bidi rimaibe thiou,burkina_faso,11/1/2009,2,2,-0.935440287,1.0,13.90834,-2.48512,-1.890518188,-2.302386522,3.0,0.1666666666666666,-0.166666667,13.9,-2.5,13.9,-2.5,13.9,-2.5,14.03752044,-2.443899142,0.4,-0.5889012217521667,-0.036206896551724155,137216247.57673392,0.16007303070697987,1.087380337980886
1246,1925,yatenga(ouahigouya),bidi rimaibe thiou,burkina_faso,11/1/2009,4,1,-0.573250806,0.0,13.90834,-2.48512,-1.890518188,-2.302386522,3.0,0.1666666666666666,-0.166666667,13.9,-2.5,13.9,-2.5,13.9,-2.5,14.03752044,-2.443899142,0.4,-0.5889012217521667,-0.036206896551724155,137216247.57673392,0.16007303070697987,1.087380337980886
1247,1926,yatenga(ouahigouya),bidi rimaibe thiou,burkina_faso,11/1/2009,20,4,0.6286219627705669,1.0,13.90834,-2.48512,-1.890518188,-2.302386522,3.0,0.1666666666666666,-0.166666667,13.9,-2.5,13.9,-2.5,13.9,-2.5,14.03752044,-2.443899142,0.4,-0.5889012217521667,-0.036206896551724155,137216247.57673392,0.16007303070697987,1.087380337980886
1248,1927,yatenga(ouahigouya),bidi rimaibe thiou,burkina_faso,11/1/2009,23,2,-0.471978361,1.0,13.90834,-2.48512,-1.890518188,-2.302386522,3.0,0.1666666666666666,-0.166666667,13.9,-2.5,13.9,-2.5,13.9,-2.5,14.03752044,-2.443899142,0.4,-0.5889012217521667,-0.036206896551724155,137216247.57673392,0.16007303070697987,1.087380337980886
1249,1929,yatenga(ouahigouya),bidi rimaibe thiou,burkina_faso,11/1/2009,14,2,0.2418534973922038,0.0,13.90834,-2.48512,-1.890518188,-2.302386522,3.0,0.1666666666666666,-0.166666667,13.9,-2.5,13.9,-2.5,13.9,-2.5,14.03752044,-2.443899142,0.4,-0.5889012217521667,-0.036206896551724155,137216247.57673392,0.16007303070697987,1.087380337980886
1250,1931,yatenga(ouahigouya),bidi rimaibe thiou,burkina_faso,11/1/2009,15,5,-0.801907925,1.0,13.90834,-2.48512,-1.890518188,-2.302386522,3.0,0.1666666666666666,-0.166666667,13.9,-2.5,13.9,-2.5,13.9,-2.5,14.03752044,-2.443899142,0.4,-0.5889012217521667,-0.036206896551724155,137216247.57673392,0.16007303070697987,1.087380337980886
1251,1933,yatenga(ouahigouya),bidi rimaibe thiou,burkina_faso,11/1/2009,12,1,-0.823414536,1.0,13.90834,-2.48512,-1.890518188,-2.302386522,3.0,0.1666666666666666,-0.166666667,13.9,-2.5,13.9,-2.5,13.9,-2.5,14.03752044,-2.443899142,0.4,-0.5889012217521667,-0.036206896551724155,137216247.57673392,0.16007303070697987,1.087380337980886
1252,1936,yatenga(ouahigouya),bidi rimaibe thiou,burkina_faso,11/1/2009,12,1,-0.441152218,1.0,13.90834,-2.48512,-1.890518188,-2.302386522,3.0,0.1666666666666666,-0.166666667,13.9,-2.5,13.9,-2.5,13.9,-2.5,14.03752044,-2.443899142,0.4,-0.5889012217521667,-0.036206896551724155,137216247.57673392,0.16007303070697987,1.087380337980886
1253,1937,yatenga(ouahigouya),bidi rimaibe thiou,burkina_faso,11/1/2009,12,1,-0.630601769,0.0,13.90834,-2.48512,-1.890518188,-2.302386522,3.0,0.1666666666666666,-0.166666667,13.9,-2.5,13.9,-2.5,13.9,-2.5,14.03752044,-2.443899142,0.4,-0.5889012217521667,-0.036206896551724155,137216247.57673392,0.16007303070697987,1.087380337980886
1254,1938,yatenga(ouahigouya),bidi rimaibe thiou,burkina_faso,11/1/2009,36,3,-0.466960152,1.0,13.90834,-2.48512,-1.890518188,-2.302386522,3.0,0.1666666666666666,-0.166666667,13.9,-2.5,13.9,-2.5,13.9,-2.5,14.03752044,-2.443899142,0.4,-0.5889012217521667,-0.036206896551724155,137216247.57673392,0.16007303070697987,1.087380337980886
1255,1940,yatenga(ouahigouya),bidi rimaibe thiou,burkina_faso,11/1/2009,13,1,-0.98562238,1.0,13.90834,-2.48512,-1.890518188,-2.302386522,3.0,0.1666666666666666,-0.166666667,13.9,-2.5,13.9,-2.5,13.9,-2.5,14.03752044,-2.443899142,0.4,-0.5889012217521667,-0.036206896551724155,137216247.57673392,0.16007303070697987,1.087380337980886
1256,1941,yatenga(ouahigouya),bidi rimaibe thiou,burkina_faso,11/1/2009,9,1,-0.5929652,1.0,13.90834,-2.48512,-1.890518188,-2.302386522,3.0,0.1666666666666666,-0.166666667,13.9,-2.5,13.9,-2.5,13.9,-2.5,14.03752044,-2.443899142,0.4,-0.5889012217521667,-0.036206896551724155,137216247.57673392,0.16007303070697987,1.087380337980886
1257,1942,yatenga(ouahigouya),bidi rimaibe thiou,burkina_faso,11/1/2009,30,2,-0.448190745,1.0,13.90834,-2.48512,-1.890518188,-2.302386522,3.0,0.1666666666666666,-0.166666667,13.9,-2.5,13.9,-2.5,13.9,-2.5,14.03752044,-2.443899142,0.4,-0.5889012217521667,-0.036206896551724155,137216247.57673392,0.16007303070697987,1.087380337980886
1258,1943,yatenga(ouahigouya),bidi rimaibe thiou,burkina_faso,11/1/2009,8,1,-0.432549573,0.0,13.90834,-2.48512,-1.890518188,-2.302386522,3.0,0.1666666666666666,-0.166666667,13.9,-2.5,13.9,-2.5,13.9,-2.5,14.03752044,-2.443899142,0.4,-0.5889012217521667,-0.036206896551724155,137216247.57673392,0.16007303070697987,1.087380337980886
1259,1945,yatenga(ouahigouya),bissighin,burkina_faso,11/5/2009,8,1,-0.794739054,1.0,12.50923,-1.7206,-1.59091262,-1.676187317,2.0,1.0,0.0,12.5,-1.7,12.5,-1.7,12.5,-1.7,12.60199655,-1.685227986,1.4,-0.22614879267556326,-0.13867924528301886,115741367.52214856,0.19525762520832388,-0.49249711025659526
1260,1946,yatenga(ouahigouya),bissighin,burkina_faso,11/6/2009,13,1,-0.807284578,1.0,12.50923,-1.7206,-1.59091262,-1.676187317,2.0,1.0,0.0,12.5,-1.7,12.5,-1.7,12.5,-1.7,12.60199655,-1.685227986,1.4,-0.22614879267556326,-0.13867924528301886,115741367.52214856,0.19525762520832388,-0.49249711025659526
1261,1948,yatenga(ouahigouya),bissighin,burkina_faso,11/5/2009,6,2,-0.780401313,1.0,12.50923,-1.7206,-1.59091262,-1.676187317,2.0,1.0,0.0,12.5,-1.7,12.5,-1.7,12.5,-1.7,12.60199655,-1.685227986,1.4,-0.22614879267556326,-0.13867924528301886,115741367.52214856,0.19525762520832388,-0.49249711025659526
1262,1949,yatenga(ouahigouya),bissighin,burkina_faso,11/6/2009,9,1,-0.776099991,1.0,12.50923,-1.7206,-1.59091262,-1.676187317,2.0,1.0,0.0,12.5,-1.7,12.5,-1.7,12.5,-1.7,12.60199655,-1.685227986,1.4,-0.22614879267556326,-0.13867924528301886,115741367.52214856,0.19525762520832388,-0.49249711025659526
1263,1951,yatenga(ouahigouya),bissighin,burkina_faso,11/6/2009,5,1,-0.764271355,1.0,12.50923,-1.7206,-1.59091262,-1.676187317,2.0,1.0,0.0,12.5,-1.7,12.5,-1.7,12.5,-1.7,12.60199655,-1.685227986,1.4,-0.22614879267556326,-0.13867924528301886,115741367.52214856,0.19525762520832388,-0.49249711025659526
1264,1953,yatenga(ouahigouya),bissighin,burkina_faso,11/6/2009,7,1,-0.787570184,1.0,12.50923,-1.7206,-1.59091262,-1.676187317,2.0,1.0,0.0,12.5,-1.7,12.5,-1.7,12.5,-1.7,12.60199655,-1.685227986,1.4,-0.22614879267556326,-0.13867924528301886,115741367.52214856,0.19525762520832388,-0.49249711025659526
1265,1954,yatenga(ouahigouya),bissighin,burkina_faso,11/6/2009,7,1,-0.787570184,1.0,12.50923,-1.7206,-1.59091262,-1.676187317,2.0,1.0,0.0,12.5,-1.7,12.5,-1.7,12.5,-1.7,12.60199655,-1.685227986,1.4,-0.22614879267556326,-0.13867924528301886,115741367.52214856,0.19525762520832388,-0.49249711025659526
1266,1955,yatenga(ouahigouya),bissighin,burkina_faso,11/6/2009,6,1,0.1441654877503777,1.0,12.50923,-1.7206,-1.59091262,-1.676187317,2.0,1.0,0.0,12.5,-1.7,12.5,-1.7,12.5,-1.7,12.60199655,-1.685227986,1.4,-0.22614879267556326,-0.13867924528301886,115741367.52214856,0.19525762520832388,-0.49249711025659526
1267,1956,yatenga(ouahigouya),bissighin,burkina_faso,11/6/2009,8,1,-0.949778028,0.0,12.50923,-1.7206,-1.59091262,-1.676187317,2.0,1.0,0.0,12.5,-1.7,12.5,-1.7,12.5,-1.7,12.60199655,-1.685227986,1.4,-0.22614879267556326,-0.13867924528301886,115741367.52214856,0.19525762520832388,-0.49249711025659526
1268,1957,yatenga(ouahigouya),bissighin,burkina_faso,11/6/2009,9,3,-0.576835241,1.0,12.50923,-1.7206,-1.59091262,-1.676187317,2.0,1.0,0.0,12.5,-1.7,12.5,-1.7,12.5,-1.7,12.60199655,-1.685227986,1.4,-0.22614879267556326,-0.13867924528301886,115741367.52214856,0.19525762520832388,-0.49249711025659526
1269,1958,yatenga(ouahigouya),bissighin,burkina_faso,11/5/2009,4,1,-0.935440287,0.0,12.50923,-1.7206,-1.59091262,-1.676187317,2.0,1.0,0.0,12.5,-1.7,12.5,-1.7,12.5,-1.7,12.60199655,-1.685227986,1.4,-0.22614879267556326,-0.13867924528301886,115741367.52214856,0.19525762520832388,-0.49249711025659526
1270,1959,yatenga(ouahigouya),bissighin,burkina_faso,11/5/2009,8,1,-0.935440287,1.0,12.50923,-1.7206,-1.59091262,-1.676187317,2.0,1.0,0.0,12.5,-1.7,12.5,-1.7,12.5,-1.7,12.60199655,-1.685227986,1.4,-0.22614879267556326,-0.13867924528301886,115741367.52214856,0.19525762520832388,-0.49249711025659526
1271,1965,yatenga(ouahigouya),bissighin,burkina_faso,11/5/2009,5,2,-0.755310267,1.0,12.50923,-1.7206,-1.59091262,-1.676187317,2.0,1.0,0.0,12.5,-1.7,12.5,-1.7,12.5,-1.7,12.60199655,-1.685227986,1.4,-0.22614879267556326,-0.13867924528301886,115741367.52214856,0.19525762520832388,-0.49249711025659526
1272,1966,yatenga(ouahigouya),bissighin,burkina_faso,11/5/2009,9,1,-0.785777966,1.0,12.50923,-1.7206,-1.59091262,-1.676187317,2.0,1.0,0.0,12.5,-1.7,12.5,-1.7,12.5,-1.7,12.60199655,-1.685227986,1.4,-0.22614879267556326,-0.13867924528301886,115741367.52214856,0.19525762520832388,-0.49249711025659526
1273,1967,yatenga(ouahigouya),bissighin,burkina_faso,11/5/2009,15,4,-0.435621946,1.0,12.50923,-1.7206,-1.59091262,-1.676187317,2.0,1.0,0.0,12.5,-1.7,12.5,-1.7,12.5,-1.7,12.60199655,-1.685227986,1.4,-0.22614879267556326,-0.13867924528301886,115741367.52214856,0.19525762520832388,-0.49249711025659526
1274,1968,yatenga(ouahigouya),bissighin,burkina_faso,11/6/2009,5,1,-0.773232443,1.0,12.50923,-1.7206,-1.59091262,-1.676187317,2.0,1.0,0.0,12.5,-1.7,12.5,-1.7,12.5,-1.7,12.60199655,-1.685227986,1.4,-0.22614879267556326,-0.13867924528301886,115741367.52214856,0.19525762520832388,-0.49249711025659526
1275,1969,yatenga(ouahigouya),bissighin,burkina_faso,11/6/2009,7,2,-0.775024661,1.0,12.50923,-1.7206,-1.59091262,-1.676187317,2.0,1.0,0.0,12.5,-1.7,12.5,-1.7,12.5,-1.7,12.60199655,-1.685227986,1.4,-0.22614879267556326,-0.13867924528301886,115741367.52214856,0.19525762520832388,-0.49249711025659526
1276,1971,yatenga(ouahigouya),bissighin,burkina_faso,11/5/2009,8,2,-0.780401313,1.0,12.50923,-1.7206,-1.59091262,-1.676187317,2.0,1.0,0.0,12.5,-1.7,12.5,-1.7,12.5,-1.7,12.60199655,-1.685227986,1.4,-0.22614879267556326,-0.13867924528301886,115741367.52214856,0.19525762520832388,-0.49249711025659526
1277,1973,yatenga(ouahigouya),boulle,burkina_faso,11/9/2009,20,1,-0.497069408,1.0,13.194374569284037,-3.833565665,-1.626473248,-1.789244473,2.0,0.3333333333333333,-0.333333333,13.2,-3.85,13.2,-3.85,13.2,-3.85,13.20909134,-3.793292763,0.2,-0.43959033489227295,-0.017796610169491522,260607319.5464872,0.2122978398267186,0.5238618592651207
1278,1974,yatenga(ouahigouya),boulle,burkina_faso,11/9/2009,13,2,0.6341522342700248,1.0,13.194374569284037,-3.833565665,-1.626473248,-1.789244473,2.0,0.3333333333333333,-0.333333333,13.2,-3.85,13.2,-3.85,13.2,-3.85,13.20909134,-3.793292763,0.2,-0.43959033489227295,-0.017796610169491522,260607319.5464872,0.2122978398267186,0.5238618592651207
1279,1976,yatenga(ouahigouya),boulle,burkina_faso,11/9/2009,6,1,-0.587588547,1.0,13.194374569284037,-3.833565665,-1.626473248,-1.789244473,2.0,0.3333333333333333,-0.333333333,13.2,-3.85,13.2,-3.85,13.2,-3.85,13.20909134,-3.793292763,0.2,-0.43959033489227295,-0.017796610169491522,260607319.5464872,0.2122978398267186,0.5238618592651207
1280,1977,yatenga(ouahigouya),boulle,burkina_faso,11/9/2009,7,1,-0.767497347,1.0,13.194374569284037,-3.833565665,-1.626473248,-1.789244473,2.0,0.3333333333333333,-0.333333333,13.2,-3.85,13.2,-3.85,13.2,-3.85,13.20909134,-3.793292763,0.2,-0.43959033489227295,-0.017796610169491522,260607319.5464872,0.2122978398267186,0.5238618592651207
1281,1979,yatenga(ouahigouya),boulle,burkina_faso,11/9/2009,6,1,-0.432549573,1.0,13.194374569284037,-3.833565665,-1.626473248,-1.789244473,2.0,0.3333333333333333,-0.333333333,13.2,-3.85,13.2,-3.85,13.2,-3.85,13.20909134,-3.793292763,0.2,-0.43959033489227295,-0.017796610169491522,260607319.5464872,0.2122978398267186,0.5238618592651207
1282,1980,yatenga(ouahigouya),boulle,burkina_faso,11/9/2009,12,1,-0.801907925,1.0,13.194374569284037,-3.833565665,-1.626473248,-1.789244473,2.0,0.3333333333333333,-0.333333333,13.2,-3.85,13.2,-3.85,13.2,-3.85,13.20909134,-3.793292763,0.2,-0.43959033489227295,-0.017796610169491522,260607319.5464872,0.2122978398267186,0.5238618592651207
1283,1982,yatenga(ouahigouya),boulle,burkina_faso,11/8/2009,10,2,-0.791154619,1.0,13.194374569284037,-3.833565665,-1.626473248,-1.789244473,2.0,0.3333333333333333,-0.333333333,13.2,-3.85,13.2,-3.85,13.2,-3.85,13.20909134,-3.793292763,0.2,-0.43959033489227295,-0.017796610169491522,260607319.5464872,0.2122978398267186,0.5238618592651207
1284,1984,yatenga(ouahigouya),boulle,burkina_faso,11/8/2009,14,1,-0.419645607,1.0,13.194374569284037,-3.833565665,-1.626473248,-1.789244473,2.0,0.3333333333333333,-0.333333333,13.2,-3.85,13.2,-3.85,13.2,-3.85,13.20909134,-3.793292763,0.2,-0.43959033489227295,-0.017796610169491522,260607319.5464872,0.2122978398267186,0.5238618592651207
1285,1985,yatenga(ouahigouya),boulle,burkina_faso,11/8/2009,12,1,-0.426404827,1.0,13.194374569284037,-3.833565665,-1.626473248,-1.789244473,2.0,0.3333333333333333,-0.333333333,13.2,-3.85,13.2,-3.85,13.2,-3.85,13.20909134,-3.793292763,0.2,-0.43959033489227295,-0.017796610169491522,260607319.5464872,0.2122978398267186,0.5238618592651207
1286,1986,yatenga(ouahigouya),boulle,burkina_faso,11/8/2009,13,2,-0.79330528,1.0,13.194374569284037,-3.833565665,-1.626473248,-1.789244473,2.0,0.3333333333333333,-0.333333333,13.2,-3.85,13.2,-3.85,13.2,-3.85,13.20909134,-3.793292763,0.2,-0.43959033489227295,-0.017796610169491522,260607319.5464872,0.2122978398267186,0.5238618592651207
1287,1987,yatenga(ouahigouya),boulle,burkina_faso,11/8/2009,12,1,0.4639095374032782,1.0,13.194374569284037,-3.833565665,-1.626473248,-1.789244473,2.0,0.3333333333333333,-0.333333333,13.2,-3.85,13.2,-3.85,13.2,-3.85,13.20909134,-3.793292763,0.2,-0.43959033489227295,-0.017796610169491522,260607319.5464872,0.2122978398267186,0.5238618592651207
1288,1989,yatenga(ouahigouya),boulle,burkina_faso,11/9/2009,9,1,-0.428248251,0.0,13.194374569284037,-3.833565665,-1.626473248,-1.789244473,2.0,0.3333333333333333,-0.333333333,13.2,-3.85,13.2,-3.85,13.2,-3.85,13.20909134,-3.793292763,0.2,-0.43959033489227295,-0.017796610169491522,260607319.5464872,0.2122978398267186,0.5238618592651207
1289,1991,yatenga(ouahigouya),boulle,burkina_faso,11/9/2009,12,1,-0.432549573,1.0,13.194374569284037,-3.833565665,-1.626473248,-1.789244473,2.0,0.3333333333333333,-0.333333333,13.2,-3.85,13.2,-3.85,13.2,-3.85,13.20909134,-3.793292763,0.2,-0.43959033489227295,-0.017796610169491522,260607319.5464872,0.2122978398267186,0.5238618592651207
1290,1992,yatenga(ouahigouya),boulle,burkina_faso,11/9/2009,16,2,-0.432549573,1.0,13.194374569284037,-3.833565665,-1.626473248,-1.789244473,2.0,0.3333333333333333,-0.333333333,13.2,-3.85,13.2,-3.85,13.2,-3.85,13.20909134,-3.793292763,0.2,-0.43959033489227295,-0.017796610169491522,260607319.5464872,0.2122978398267186,0.5238618592651207
1291,1993,yatenga(ouahigouya),boulle,burkina_faso,11/9/2009,11,1,-0.971284639,1.0,13.194374569284037,-3.833565665,-1.626473248,-1.789244473,2.0,0.3333333333333333,-0.333333333,13.2,-3.85,13.2,-3.85,13.2,-3.85,13.20909134,-3.793292763,0.2,-0.43959033489227295,-0.017796610169491522,260607319.5464872,0.2122978398267186,0.5238618592651207
1292,1994,yatenga(ouahigouya),boulle,burkina_faso,11/9/2009,11,1,-0.468393926,1.0,13.194374569284037,-3.833565665,-1.626473248,-1.789244473,2.0,0.3333333333333333,-0.333333333,13.2,-3.85,13.2,-3.85,13.2,-3.85,13.20909134,-3.793292763,0.2,-0.43959033489227295,-0.017796610169491522,260607319.5464872,0.2122978398267186,0.5238618592651207
1293,1996,yatenga(ouahigouya),boulle,burkina_faso,11/9/2009,8,1,-0.794739054,1.0,13.194374569284037,-3.833565665,-1.626473248,-1.789244473,2.0,0.3333333333333333,-0.333333333,13.2,-3.85,13.2,-3.85,13.2,-3.85,13.20909134,-3.793292763,0.2,-0.43959033489227295,-0.017796610169491522,260607319.5464872,0.2122978398267186,0.5238618592651207
1294,1998,yatenga(ouahigouya),boulle,burkina_faso,11/9/2009,9,1,-0.583287224,1.0,13.194374569284037,-3.833565665,-1.626473248,-1.789244473,2.0,0.3333333333333333,-0.333333333,13.2,-3.85,13.2,-3.85,13.2,-3.85,13.20909134,-3.793292763,0.2,-0.43959033489227295,-0.017796610169491522,260607319.5464872,0.2122978398267186,0.5238618592651207
1295,2000,yatenga(ouahigouya),dinguiri,burkina_faso,10/30/2009,11,2,0.4692861902499733,1.0,13.76697,-2.35906,-1.871886253,-2.271956444,3.0,0.1666666666666666,-0.166666667,13.75,-2.35,13.75,-2.35,13.75,-2.35,13.50282815,-2.354225661,0.6,-0.3718862533569336,-0.05526315789473682,91661086.81706162,0.1677883752825909,1.0003395924342768
1296,2001,yatenga(ouahigouya),dinguiri,burkina_faso,10/31/2009,6,2,-0.935440287,0.0,13.76697,-2.35906,-1.871886253,-2.271956444,3.0,0.1666666666666666,-0.166666667,13.75,-2.35,13.75,-2.35,13.75,-2.35,13.50282815,-2.354225661,0.6,-0.3718862533569336,-0.05526315789473682,91661086.81706162,0.1677883752825909,1.0003395924342768
1297,2002,yatenga(ouahigouya),dinguiri,burkina_faso,10/31/2009,12,1,-0.673614992,0.0,13.76697,-2.35906,-1.871886253,-2.271956444,3.0,0.1666666666666666,-0.166666667,13.75,-2.35,13.75,-2.35,13.75,-2.35,13.50282815,-2.354225661,0.6,-0.3718862533569336,-0.05526315789473682,91661086.81706162,0.1677883752825909,1.0003395924342768
1298,2003,yatenga(ouahigouya),dinguiri,burkina_faso,10/30/2009,12,1,-0.609095158,0.0,13.76697,-2.35906,-1.871886253,-2.271956444,3.0,0.1666666666666666,-0.166666667,13.75,-2.35,13.75,-2.35,13.75,-2.35,13.50282815,-2.354225661,0.6,-0.3718862533569336,-0.05526315789473682,91661086.81706162,0.1677883752825909,1.0003395924342768
1299,2004,yatenga(ouahigouya),dinguiri,burkina_faso,10/30/2009,19,1,-0.593849159,0.0,13.76697,-2.35906,-1.871886253,-2.271956444,3.0,0.1666666666666666,-0.166666667,13.75,-2.35,13.75,-2.35,13.75,-2.35,13.50282815,-2.354225661,0.6,-0.3718862533569336,-0.05526315789473682,91661086.81706162,0.1677883752825909,1.0003395924342768
1300,2005,yatenga(ouahigouya),dinguiri,burkina_faso,10/31/2009,11,1,-0.436850896,1.0,13.76697,-2.35906,-1.871886253,-2.271956444,3.0,0.1666666666666666,-0.166666667,13.75,-2.35,13.75,-2.35,13.75,-2.35,13.50282815,-2.354225661,0.6,-0.3718862533569336,-0.05526315789473682,91661086.81706162,0.1677883752825909,1.0003395924342768
1301,2009,yatenga(ouahigouya),dinguiri,burkina_faso,10/30/2009,10,1,-0.780401313,0.0,13.76697,-2.35906,-1.871886253,-2.271956444,3.0,0.1666666666666666,-0.166666667,13.75,-2.35,13.75,-2.35,13.75,-2.35,13.50282815,-2.354225661,0.6,-0.3718862533569336,-0.05526315789473682,91661086.81706162,0.1677883752825909,1.0003395924342768
1302,2010,yatenga(ouahigouya),dinguiri,burkina_faso,10/30/2009,8,1,-0.578985902,0.0,13.76697,-2.35906,-1.871886253,-2.271956444,3.0,0.1666666666666666,-0.166666667,13.75,-2.35,13.75,-2.35,13.75,-2.35,13.50282815,-2.354225661,0.6,-0.3718862533569336,-0.05526315789473682,91661086.81706162,0.1677883752825909,1.0003395924342768
1303,2012,yatenga(ouahigouya),dinguiri,burkina_faso,10/30/2009,7,1,-0.419645607,1.0,13.76697,-2.35906,-1.871886253,-2.271956444,3.0,0.1666666666666666,-0.166666667,13.75,-2.35,13.75,-2.35,13.75,-2.35,13.50282815,-2.354225661,0.6,-0.3718862533569336,-0.05526315789473682,91661086.81706162,0.1677883752825909,1.0003395924342768
1304,2013,yatenga(ouahigouya),dinguiri,burkina_faso,10/30/2009,15,1,-0.801907925,0.0,13.76697,-2.35906,-1.871886253,-2.271956444,3.0,0.1666666666666666,-0.166666667,13.75,-2.35,13.75,-2.35,13.75,-2.35,13.50282815,-2.354225661,0.6,-0.3718862533569336,-0.05526315789473682,91661086.81706162,0.1677883752825909,1.0003395924342768
1305,2014,yatenga(ouahigouya),dinguiri,burkina_faso,10/30/2009,15,2,0.6255495897153126,1.0,13.76697,-2.35906,-1.871886253,-2.271956444,3.0,0.1666666666666666,-0.166666667,13.75,-2.35,13.75,-2.35,13.75,-2.35,13.50282815,-2.354225661,0.6,-0.3718862533569336,-0.05526315789473682,91661086.81706162,0.1677883752825909,1.0003395924342768
1306,2015,yatenga(ouahigouya),dinguiri,burkina_faso,11/1/2009,10,1,0.6450511078361175,0.0,13.76697,-2.35906,-1.871886253,-2.271956444,3.0,0.1666666666666666,-0.166666667,13.75,-2.35,13.75,-2.35,13.75,-2.35,13.50282815,-2.354225661,0.6,-0.3718862533569336,-0.05526315789473682,91661086.81706162,0.1677883752825909,1.0003395924342768
1307,2016,yatenga(ouahigouya),dinguiri,burkina_faso,10/30/2009,16,1,0.6327184601775727,1.0,13.76697,-2.35906,-1.871886253,-2.271956444,3.0,0.1666666666666666,-0.166666667,13.75,-2.35,13.75,-2.35,13.75,-2.35,13.50282815,-2.354225661,0.6,-0.3718862533569336,-0.05526315789473682,91661086.81706162,0.1677883752825909,1.0003395924342768
1308,2019,yatenga(ouahigouya),dinguiri,burkina_faso,10/30/2009,6,1,-0.780401313,1.0,13.76697,-2.35906,-1.871886253,-2.271956444,3.0,0.1666666666666666,-0.166666667,13.75,-2.35,13.75,-2.35,13.75,-2.35,13.50282815,-2.354225661,0.6,-0.3718862533569336,-0.05526315789473682,91661086.81706162,0.1677883752825909,1.0003395924342768
1309,2020,yatenga(ouahigouya),dinguiri,burkina_faso,10/30/2009,10,3,-0.791154619,1.0,13.76697,-2.35906,-1.871886253,-2.271956444,3.0,0.1666666666666666,-0.166666667,13.75,-2.35,13.75,-2.35,13.75,-2.35,13.50282815,-2.354225661,0.6,-0.3718862533569336,-0.05526315789473682,91661086.81706162,0.1677883752825909,1.0003395924342768
1310,2021,yatenga(ouahigouya),dinguiri,burkina_faso,10/30/2009,6,1,2.7233753326136334,1.0,13.76697,-2.35906,-1.871886253,-2.271956444,3.0,0.1666666666666666,-0.166666667,13.75,-2.35,13.75,-2.35,13.75,-2.35,13.50282815,-2.354225661,0.6,-0.3718862533569336,-0.05526315789473682,91661086.81706162,0.1677883752825909,1.0003395924342768
1311,2023,yatenga(ouahigouya),dinguiri,burkina_faso,10/31/2009,5,1,-0.773232443,1.0,13.76697,-2.35906,-1.871886253,-2.271956444,3.0,0.1666666666666666,-0.166666667,13.75,-2.35,13.75,-2.35,13.75,-2.35,13.50282815,-2.354225661,0.6,-0.3718862533569336,-0.05526315789473682,91661086.81706162,0.1677883752825909,1.0003395924342768
1312,2024,yatenga(ouahigouya),dinguiri,burkina_faso,10/30/2009,6,3,-0.576835241,1.0,13.76697,-2.35906,-1.871886253,-2.271956444,3.0,0.1666666666666666,-0.166666667,13.75,-2.35,13.75,-2.35,13.75,-2.35,13.50282815,-2.354225661,0.6,-0.3718862533569336,-0.05526315789473682,91661086.81706162,0.1677883752825909,1.0003395924342768
1313,2036,yatenga(ouahigouya),mouni,burkina_faso,11/10/2009,11,4,-0.784702636,1.0,11.83428,-3.433,-1.796625674,-2.005547523,4.0,0.3333333333333333,-0.333333333,11.85,-3.45,11.85,-3.45,11.85,-3.45,11.84816324,-3.512248969,0.6,-0.3577016592025757,-0.05526315789473682,106167361.66127197,0.22373021744839203,-1.0040976313826038
1314,2037,yatenga(ouahigouya),mouni,burkina_faso,11/10/2009,6,1,-0.769648008,1.0,11.83428,-3.433,-1.796625674,-2.005547523,4.0,0.3333333333333333,-0.333333333,11.85,-3.45,11.85,-3.45,11.85,-3.45,11.84816324,-3.512248969,0.6,-0.3577016592025757,-0.05526315789473682,106167361.66127197,0.22373021744839203,-1.0040976313826038
1315,2038,yatenga(ouahigouya),mouni,burkina_faso,11/10/2009,6,1,-0.780401313,1.0,11.83428,-3.433,-1.796625674,-2.005547523,4.0,0.3333333333333333,-0.333333333,11.85,-3.45,11.85,-3.45,11.85,-3.45,11.84816324,-3.512248969,0.6,-0.3577016592025757,-0.05526315789473682,106167361.66127197,0.22373021744839203,-1.0040976313826038
1316,2039,yatenga(ouahigouya),mouni,burkina_faso,11/10/2009,8,1,-0.432549573,1.0,11.83428,-3.433,-1.796625674,-2.005547523,4.0,0.3333333333333333,-0.333333333,11.85,-3.45,11.85,-3.45,11.85,-3.45,11.84816324,-3.512248969,0.6,-0.3577016592025757,-0.05526315789473682,106167361.66127197,0.22373021744839203,-1.0040976313826038
1317,2040,yatenga(ouahigouya),mouni,burkina_faso,11/10/2009,17,1,-0.760238865,0.0,11.83428,-3.433,-1.796625674,-2.005547523,4.0,0.3333333333333333,-0.333333333,11.85,-3.45,11.85,-3.45,11.85,-3.45,11.84816324,-3.512248969,0.6,-0.3577016592025757,-0.05526315789473682,106167361.66127197,0.22373021744839203,-1.0040976313826038
1318,2041,yatenga(ouahigouya),mouni,burkina_faso,11/10/2009,8,1,-0.794739054,1.0,11.83428,-3.433,-1.796625674,-2.005547523,4.0,0.3333333333333333,-0.333333333,11.85,-3.45,11.85,-3.45,11.85,-3.45,11.84816324,-3.512248969,0.6,-0.3577016592025757,-0.05526315789473682,106167361.66127197,0.22373021744839203,-1.0040976313826038
1319,2042,yatenga(ouahigouya),mouni,burkina_faso,11/10/2009,4,1,-0.823414536,1.0,11.83428,-3.433,-1.796625674,-2.005547523,4.0,0.3333333333333333,-0.333333333,11.85,-3.45,11.85,-3.45,11.85,-3.45,11.84816324,-3.512248969,0.6,-0.3577016592025757,-0.05526315789473682,106167361.66127197,0.22373021744839203,-1.0040976313826038
1320,2043,yatenga(ouahigouya),mouni,burkina_faso,11/10/2009,7,1,-0.439718444,1.0,11.83428,-3.433,-1.796625674,-2.005547523,4.0,0.3333333333333333,-0.333333333,11.85,-3.45,11.85,-3.45,11.85,-3.45,11.84816324,-3.512248969,0.6,-0.3577016592025757,-0.05526315789473682,106167361.66127197,0.22373021744839203,-1.0040976313826038
1321,2044,yatenga(ouahigouya),mouni,burkina_faso,11/10/2009,7,1,-0.775024661,1.0,11.83428,-3.433,-1.796625674,-2.005547523,4.0,0.3333333333333333,-0.333333333,11.85,-3.45,11.85,-3.45,11.85,-3.45,11.84816324,-3.512248969,0.6,-0.3577016592025757,-0.05526315789473682,106167361.66127197,0.22373021744839203,-1.0040976313826038
1322,2045,yatenga(ouahigouya),mouni,burkina_faso,11/10/2009,7,1,-0.767497347,1.0,11.83428,-3.433,-1.796625674,-2.005547523,4.0,0.3333333333333333,-0.333333333,11.85,-3.45,11.85,-3.45,11.85,-3.45,11.84816324,-3.512248969,0.6,-0.3577016592025757,-0.05526315789473682,106167361.66127197,0.22373021744839203,-1.0040976313826038
1323,2046,yatenga(ouahigouya),mouni,burkina_faso,11/10/2009,6,1,-0.769648008,0.0,11.83428,-3.433,-1.796625674,-2.005547523,4.0,0.3333333333333333,-0.333333333,11.85,-3.45,11.85,-3.45,11.85,-3.45,11.84816324,-3.512248969,0.6,-0.3577016592025757,-0.05526315789473682,106167361.66127197,0.22373021744839203,-1.0040976313826038
1324,2047,yatenga(ouahigouya),mouni,burkina_faso,11/10/2009,9,1,-0.421796268,0.0,11.83428,-3.433,-1.796625674,-2.005547523,4.0,0.3333333333333333,-0.333333333,11.85,-3.45,11.85,-3.45,11.85,-3.45,11.84816324,-3.512248969,0.6,-0.3577016592025757,-0.05526315789473682,106167361.66127197,0.22373021744839203,-1.0040976313826038
1325,2048,yatenga(ouahigouya),mouni,burkina_faso,11/10/2009,6,1,-0.801907925,1.0,11.83428,-3.433,-1.796625674,-2.005547523,4.0,0.3333333333333333,-0.333333333,11.85,-3.45,11.85,-3.45,11.85,-3.45,11.84816324,-3.512248969,0.6,-0.3577016592025757,-0.05526315789473682,106167361.66127197,0.22373021744839203,-1.0040976313826038
1326,2049,yatenga(ouahigouya),mouni,burkina_faso,11/10/2009,20,3,-0.43732882,1.0,11.83428,-3.433,-1.796625674,-2.005547523,4.0,0.3333333333333333,-0.333333333,11.85,-3.45,11.85,-3.45,11.85,-3.45,11.84816324,-3.512248969,0.6,-0.3577016592025757,-0.05526315789473682,106167361.66127197,0.22373021744839203,-1.0040976313826038
1327,2050,yatenga(ouahigouya),mouni,burkina_faso,11/10/2009,9,2,-0.417187708,1.0,11.83428,-3.433,-1.796625674,-2.005547523,4.0,0.3333333333333333,-0.333333333,11.85,-3.45,11.85,-3.45,11.85,-3.45,11.84816324,-3.512248969,0.6,-0.3577016592025757,-0.05526315789473682,106167361.66127197,0.22373021744839203,-1.0040976313826038
1328,2051,yatenga(ouahigouya),mouni,burkina_faso,11/10/2009,11,2,-0.436850896,1.0,11.83428,-3.433,-1.796625674,-2.005547523,4.0,0.3333333333333333,-0.333333333,11.85,-3.45,11.85,-3.45,11.85,-3.45,11.84816324,-3.512248969,0.6,-0.3577016592025757,-0.05526315789473682,106167361.66127197,0.22373021744839203,-1.0040976313826038
1329,2052,yatenga(ouahigouya),mouni,burkina_faso,11/10/2009,12,2,-0.441152218,0.0,11.83428,-3.433,-1.796625674,-2.005547523,4.0,0.3333333333333333,-0.333333333,11.85,-3.45,11.85,-3.45,11.85,-3.45,11.84816324,-3.512248969,0.6,-0.3577016592025757,-0.05526315789473682,106167361.66127197,0.22373021744839203,-1.0040976313826038
1330,2062,yatenga(ouahigouya),zimba,burkina_faso,11/4/2009,3,1,-0.221749921,1.0,13.50408,-2.44842,-1.749676168,-1.749676168,1.0,0.3333333333333333,-0.333333333,13.5,-2.45,13.5,-2.45,13.5,-2.45,13.50282815,-2.443899142,0.2,-0.49630558490753174,-0.017796610169491522,260607319.5464872,0.17716679583601794,0.8673614437973056
1331,2063,yatenga(ouahigouya),zimba,burkina_faso,11/4/2009,10,1,-0.791154619,1.0,13.50408,-2.44842,-1.749676168,-1.749676168,1.0,0.3333333333333333,-0.333333333,13.5,-2.45,13.5,-2.45,13.5,-2.45,13.50282815,-2.443899142,0.2,-0.49630558490753174,-0.017796610169491522,260607319.5464872,0.17716679583601794,0.8673614437973056
1332,2064,yatenga(ouahigouya),zimba,burkina_faso,11/4/2009,3,2,-0.411042962,1.0,13.50408,-2.44842,-1.749676168,-1.749676168,1.0,0.3333333333333333,-0.333333333,13.5,-2.45,13.5,-2.45,13.5,-2.45,13.50282815,-2.443899142,0.2,-0.49630558490753174,-0.017796610169491522,260607319.5464872,0.17716679583601794,0.8673614437973056
1333,2065,yatenga(ouahigouya),zimba,burkina_faso,11/3/2009,17,3,-0.42609759,1.0,13.50408,-2.44842,-1.749676168,-1.749676168,1.0,0.3333333333333333,-0.333333333,13.5,-2.45,13.5,-2.45,13.5,-2.45,13.50282815,-2.443899142,0.2,-0.49630558490753174,-0.017796610169491522,260607319.5464872,0.17716679583601794,0.8673614437973056
1334,2066,yatenga(ouahigouya),zimba,burkina_faso,11/4/2009,6,1,-0.780401313,1.0,13.50408,-2.44842,-1.749676168,-1.749676168,1.0,0.3333333333333333,-0.333333333,13.5,-2.45,13.5,-2.45,13.5,-2.45,13.50282815,-2.443899142,0.2,-0.49630558490753174,-0.017796610169491522,260607319.5464872,0.17716679583601794,0.8673614437973056
1335,2067,yatenga(ouahigouya),zimba,burkina_faso,11/4/2009,5,2,-0.905868696,1.0,13.50408,-2.44842,-1.749676168,-1.749676168,1.0,0.3333333333333333,-0.333333333,13.5,-2.45,13.5,-2.45,13.5,-2.45,13.50282815,-2.443899142,0.2,-0.49630558490753174,-0.017796610169491522,260607319.5464872,0.17716679583601794,0.8673614437973056
1336,2068,yatenga(ouahigouya),zimba,burkina_faso,11/3/2009,6,1,-0.801907925,1.0,13.50408,-2.44842,-1.749676168,-1.749676168,1.0,0.3333333333333333,-0.333333333,13.5,-2.45,13.5,-2.45,13.5,-2.45,13.50282815,-2.443899142,0.2,-0.49630558490753174,-0.017796610169491522,260607319.5464872,0.17716679583601794,0.8673614437973056
1337,2069,yatenga(ouahigouya),zimba,burkina_faso,11/3/2009,6,1,-0.924686981,1.0,13.50408,-2.44842,-1.749676168,-1.749676168,1.0,0.3333333333333333,-0.333333333,13.5,-2.45,13.5,-2.45,13.5,-2.45,13.50282815,-2.443899142,0.2,-0.49630558490753174,-0.017796610169491522,260607319.5464872,0.17716679583601794,0.8673614437973056
1338,2070,yatenga(ouahigouya),zimba,burkina_faso,11/4/2009,6,2,-0.801907925,1.0,13.50408,-2.44842,-1.749676168,-1.749676168,1.0,0.3333333333333333,-0.333333333,13.5,-2.45,13.5,-2.45,13.5,-2.45,13.50282815,-2.443899142,0.2,-0.49630558490753174,-0.017796610169491522,260607319.5464872,0.17716679583601794,0.8673614437973056
1339,2071,yatenga(ouahigouya),zimba,burkina_faso,11/4/2009,4,1,-0.432549573,0.0,13.50408,-2.44842,-1.749676168,-1.749676168,1.0,0.3333333333333333,-0.333333333,13.5,-2.45,13.5,-2.45,13.5,-2.45,13.50282815,-2.443899142,0.2,-0.49630558490753174,-0.017796610169491522,260607319.5464872,0.17716679583601794,0.8673614437973056
1340,2072,yatenga(ouahigouya),zimba,burkina_faso,11/4/2009,6,1,0.8332678888018669,1.0,13.50408,-2.44842,-1.749676168,-1.749676168,1.0,0.3333333333333333,-0.333333333,13.5,-2.45,13.5,-2.45,13.5,-2.45,13.50282815,-2.443899142,0.2,-0.49630558490753174,-0.017796610169491522,260607319.5464872,0.17716679583601794,0.8673614437973056
1341,2073,yatenga(ouahigouya),zimba,burkina_faso,11/3/2009,4,1,-0.935440287,1.0,13.50408,-2.44842,-1.749676168,-1.749676168,1.0,0.3333333333333333,-0.333333333,13.5,-2.45,13.5,-2.45,13.5,-2.45,13.50282815,-2.443899142,0.2,-0.49630558490753174,-0.017796610169491522,260607319.5464872,0.17716679583601794,0.8673614437973056
1342,2074,yatenga(ouahigouya),zimba,burkina_faso,11/4/2009,3,2,0.4639095374032782,0.0,13.50408,-2.44842,-1.749676168,-1.749676168,1.0,0.3333333333333333,-0.333333333,13.5,-2.45,13.5,-2.45,13.5,-2.45,13.50282815,-2.443899142,0.2,-0.49630558490753174,-0.017796610169491522,260607319.5464872,0.17716679583601794,0.8673614437973056
1343,2075,yatenga(ouahigouya),zimba,burkina_faso,11/4/2009,14,2,-0.582211894,1.0,13.50408,-2.44842,-1.749676168,-1.749676168,1.0,0.3333333333333333,-0.333333333,13.5,-2.45,13.5,-2.45,13.5,-2.45,13.50282815,-2.443899142,0.2,-0.49630558490753174,-0.017796610169491522,260607319.5464872,0.17716679583601794,0.8673614437973056
1344,2076,yatenga(ouahigouya),zimba,burkina_faso,11/4/2009,11,2,-0.776816878,1.0,13.50408,-2.44842,-1.749676168,-1.749676168,1.0,0.3333333333333333,-0.333333333,13.5,-2.45,13.5,-2.45,13.5,-2.45,13.50282815,-2.443899142,0.2,-0.49630558490753174,-0.017796610169491522,260607319.5464872,0.17716679583601794,0.8673614437973056
1345,2077,yatenga(ouahigouya),zimba,burkina_faso,11/3/2009,2,1,-0.780401313,1.0,13.50408,-2.44842,-1.749676168,-1.749676168,1.0,0.3333333333333333,-0.333333333,13.5,-2.45,13.5,-2.45,13.5,-2.45,13.50282815,-2.443899142,0.2,-0.49630558490753174,-0.017796610169491522,260607319.5464872,0.17716679583601794,0.8673614437973056
1346,2078,yatenga(ouahigouya),zimba,burkina_faso,11/4/2009,5,1,-0.764271355,1.0,13.50408,-2.44842,-1.749676168,-1.749676168,1.0,0.3333333333333333,-0.333333333,13.5,-2.45,13.5,-2.45,13.5,-2.45,13.50282815,-2.443899142,0.2,-0.49630558490753174,-0.017796610169491522,260607319.5464872,0.17716679583601794,0.8673614437973056
1347,2079,yatenga(ouahigouya),zimba,burkina_faso,11/3/2009,5,1,-0.764271355,1.0,13.50408,-2.44842,-1.749676168,-1.749676168,1.0,0.3333333333333333,-0.333333333,13.5,-2.45,13.5,-2.45,13.5,-2.45,13.50282815,-2.443899142,0.2,-0.49630558490753174,-0.017796610169491522,260607319.5464872,0.17716679583601794,0.8673614437973056
1348,2081,yatenga(ouahigouya),zongo,burkina_faso,11/10/2009,8,1,-0.935440287,1.0,13.231849999999998,-1.96395,-1.531155527,-1.571456134,1.5,0.6666666666666666,-0.666666667,13.25,-1.95,13.25,-1.95,13.25,-1.95,13.20909134,-2.101418271,0.2,-0.387113094329834,-0.017796610169491522,260607319.5464872,0.1909496466377552,1.0682189986853088
1349,2082,yatenga(ouahigouya),zongo,burkina_faso,11/10/2009,11,1,-0.931855851,1.0,13.231849999999998,-1.96395,-1.531155527,-1.571456134,1.5,0.6666666666666666,-0.666666667,13.25,-1.95,13.25,-1.95,13.25,-1.95,13.20909134,-2.101418271,0.2,-0.387113094329834,-0.017796610169491522,260607319.5464872,0.1909496466377552,1.0682189986853088
1350,2083,yatenga(ouahigouya),zongo,burkina_faso,11/10/2009,10,1,-0.773232443,1.0,13.231849999999998,-1.96395,-1.531155527,-1.571456134,1.5,0.6666666666666666,-0.666666667,13.25,-1.95,13.25,-1.95,13.25,-1.95,13.20909134,-2.101418271,0.2,-0.387113094329834,-0.017796610169491522,260607319.5464872,0.1909496466377552,1.0682189986853088
1351,2084,yatenga(ouahigouya),zongo,burkina_faso,11/10/2009,17,1,-0.441766693,1.0,13.231849999999998,-1.96395,-1.531155527,-1.571456134,1.5,0.6666666666666666,-0.666666667,13.25,-1.95,13.25,-1.95,13.25,-1.95,13.20909134,-2.101418271,0.2,-0.387113094329834,-0.017796610169491522,260607319.5464872,0.1909496466377552,1.0682189986853088
1352,2086,yatenga(ouahigouya),zongo,burkina_faso,11/10/2009,18,3,-0.454056185,1.0,13.231849999999998,-1.96395,-1.531155527,-1.571456134,1.5,0.6666666666666666,-0.666666667,13.25,-1.95,13.25,-1.95,13.25,-1.95,13.20909134,-2.101418271,0.2,-0.387113094329834,-0.017796610169491522,260607319.5464872,0.1909496466377552,1.0682189986853088
1353,2087,yatenga(ouahigouya),zongo,burkina_faso,11/10/2009,14,2,-0.422991079,1.0,13.231849999999998,-1.96395,-1.531155527,-1.571456134,1.5,0.6666666666666666,-0.666666667,13.25,-1.95,13.25,-1.95,13.25,-1.95,13.20909134,-2.101418271,0.2,-0.387113094329834,-0.017796610169491522,260607319.5464872,0.1909496466377552,1.0682189986853088
1354,2089,yatenga(ouahigouya),zongo,burkina_faso,11/10/2009,14,3,-0.427172921,1.0,13.231849999999998,-1.96395,-1.531155527,-1.571456134,1.5,0.6666666666666666,-0.666666667,13.25,-1.95,13.25,-1.95,13.25,-1.95,13.20909134,-2.101418271,0.2,-0.387113094329834,-0.017796610169491522,260607319.5464872,0.1909496466377552,1.0682189986853088
1355,2090,yatenga(ouahigouya),zongo,burkina_faso,11/10/2009,18,1,-0.424728987,1.0,13.231849999999998,-1.96395,-1.531155527,-1.571456134,1.5,0.6666666666666666,-0.666666667,13.25,-1.95,13.25,-1.95,13.25,-1.95,13.20909134,-2.101418271,0.2,-0.387113094329834,-0.017796610169491522,260607319.5464872,0.1909496466377552,1.0682189986853088
1356,2091,yatenga(ouahigouya),zongo,burkina_faso,11/10/2009,12,2,-0.426404827,1.0,13.231849999999998,-1.96395,-1.531155527,-1.571456134,1.5,0.6666666666666666,-0.666666667,13.25,-1.95,13.25,-1.95,13.25,-1.95,13.20909134,-2.101418271,0.2,-0.387113094329834,-0.017796610169491522,260607319.5464872,0.1909496466377552,1.0682189986853088
1357,2093,yatenga(ouahigouya),zongo,burkina_faso,11/10/2009,6,1,-0.769648008,1.0,13.231849999999998,-1.96395,-1.531155527,-1.571456134,1.5,0.6666666666666666,-0.666666667,13.25,-1.95,13.25,-1.95,13.25,-1.95,13.20909134,-2.101418271,0.2,-0.387113094329834,-0.017796610169491522,260607319.5464872,0.1909496466377552,1.0682189986853088
1358,2095,yatenga(ouahigouya),zongo,burkina_faso,11/10/2009,8,2,-0.780401313,1.0,13.231849999999998,-1.96395,-1.531155527,-1.571456134,1.5,0.6666666666666666,-0.666666667,13.25,-1.95,13.25,-1.95,13.25,-1.95,13.20909134,-2.101418271,0.2,-0.387113094329834,-0.017796610169491522,260607319.5464872,0.1909496466377552,1.0682189986853088
1359,2096,yatenga(ouahigouya),zongo,burkina_faso,11/10/2009,20,1,0.654225072,1.0,13.231849999999998,-1.96395,-1.531155527,-1.571456134,1.5,0.6666666666666666,-0.666666667,13.25,-1.95,13.25,-1.95,13.25,-1.95,13.20909134,-2.101418271,0.2,-0.387113094329834,-0.017796610169491522,260607319.5464872,0.1909496466377552,1.0682189986853088
1360,2098,yatenga(ouahigouya),zongo,burkina_faso,11/11/2009,9,1,-0.421796268,1.0,13.231849999999998,-1.96395,-1.531155527,-1.571456134,1.5,0.6666666666666666,-0.666666667,13.25,-1.95,13.25,-1.95,13.25,-1.95,13.20909134,-2.101418271,0.2,-0.387113094329834,-0.017796610169491522,260607319.5464872,0.1909496466377552,1.0682189986853088
1361,2099,yatenga(ouahigouya),zongo,burkina_faso,11/10/2009,17,2,-0.789618433,1.0,13.231849999999998,-1.96395,-1.531155527,-1.571456134,1.5,0.6666666666666666,-0.666666667,13.25,-1.95,13.25,-1.95,13.25,-1.95,13.20909134,-2.101418271,0.2,-0.387113094329834,-0.017796610169491522,260607319.5464872,0.1909496466377552,1.0682189986853088
1362,2100,yatenga(ouahigouya),zongo,burkina_faso,11/10/2009,5,1,-0.928271416,0.0,13.231849999999998,-1.96395,-1.531155527,-1.571456134,1.5,0.6666666666666666,-0.666666667,13.25,-1.95,13.25,-1.95,13.25,-1.95,13.20909134,-2.101418271,0.2,-0.387113094329834,-0.017796610169491522,260607319.5464872,0.1909496466377552,1.0682189986853088
1363,2102,yatenga(ouahigouya),zongo,burkina_faso,11/10/2009,14,1,0.6470562011020929,1.0,13.231849999999998,-1.96395,-1.531155527,-1.571456134,1.5,0.6666666666666666,-0.666666667,13.25,-1.95,13.25,-1.95,13.25,-1.95,13.20909134,-2.101418271,0.2,-0.387113094329834,-0.017796610169491522,260607319.5464872,0.1909496466377552,1.0682189986853088
1364,2103,yatenga(ouahigouya),zongo,burkina_faso,11/10/2009,7,1,-0.930063634,1.0,13.231849999999998,-1.96395,-1.531155527,-1.571456134,1.5,0.6666666666666666,-0.666666667,13.25,-1.95,13.25,-1.95,13.25,-1.95,13.20909134,-2.101418271,0.2,-0.387113094329834,-0.017796610169491522,260607319.5464872,0.1909496466377552,1.0682189986853088
1365,2106,yatenga(ouahigouya),zongo,burkina_faso,11/10/2009,10,1,-0.780401313,1.0,13.231849999999998,-1.96395,-1.531155527,-1.571456134,1.5,0.6666666666666666,-0.666666667,13.25,-1.95,13.25,-1.95,13.25,-1.95,13.20909134,-2.101418271,0.2,-0.387113094329834,-0.017796610169491522,260607319.5464872,0.1909496466377552,1.0682189986853088
1366,19,banwa(solenzo),bankouma,burkina_faso,11/5/2009,14,0,5.185420305489515,,11.883200619057966,-4.266469868,-1.532716379,-1.588496193,1.5,1.1666666666666667,-0.30952381,11.9,-4.25,11.9,-4.25,11.9,-4.25,11.84816324,-4.306628383,1.0,-0.20244007110595702,-0.09545454545454543,65047710.48149407,0.21608694266152512,-0.27612537821780636
1367,20,banwa(solenzo),bankouma,burkina_faso,11/5/2009,4,0,-0.823414536,,11.883200619057966,-4.266469868,-1.532716379,-1.588496193,1.5,1.1666666666666667,-0.30952381,11.9,-4.25,11.9,-4.25,11.9,-4.25,11.84816324,-4.306628383,1.0,-0.20244007110595702,-0.09545454545454543,65047710.48149407,0.21608694266152512,-0.27612537821780636
1368,21,banwa(solenzo),bankouma,burkina_faso,11/5/2009,6,0,1.7333678797094538,1.0,11.883200619057966,-4.266469868,-1.532716379,-1.588496193,1.5,1.1666666666666667,-0.30952381,11.9,-4.25,11.9,-4.25,11.9,-4.25,11.84816324,-4.306628383,1.0,-0.20244007110595702,-0.09545454545454543,65047710.48149407,0.21608694266152512,-0.27612537821780636
1369,22,banwa(solenzo),bankouma,burkina_faso,11/5/2009,11,0,0.2633601087789842,,11.883200619057966,-4.266469868,-1.532716379,-1.588496193,1.5,1.1666666666666667,-0.30952381,11.9,-4.25,11.9,-4.25,11.9,-4.25,11.84816324,-4.306628383,1.0,-0.20244007110595702,-0.09545454545454543,65047710.48149407,0.21608694266152512,-0.27612537821780636
1370,23,banwa(solenzo),bankouma,burkina_faso,11/6/2009,5,0,-0.791154619,1.0,11.883200619057966,-4.266469868,-1.532716379,-1.588496193,1.5,1.1666666666666667,-0.30952381,11.9,-4.25,11.9,-4.25,11.9,-4.25,11.84816324,-4.306628383,1.0,-0.20244007110595702,-0.09545454545454543,65047710.48149407,0.21608694266152512,-0.27612537821780636
1371,24,banwa(solenzo),bankouma,burkina_faso,11/5/2009,6,0,-0.780401313,1.0,11.883200619057966,-4.266469868,-1.532716379,-1.588496193,1.5,1.1666666666666667,-0.30952381,11.9,-4.25,11.9,-4.25,11.9,-4.25,11.84816324,-4.306628383,1.0,-0.20244007110595702,-0.09545454545454543,65047710.48149407,0.21608694266152512,-0.27612537821780636
1372,25,banwa(solenzo),bankouma,burkina_faso,11/6/2009,6,0,0.2471576202452271,,11.883200619057966,-4.266469868,-1.532716379,-1.588496193,1.5,1.1666666666666667,-0.30952381,11.9,-4.25,11.9,-4.25,11.9,-4.25,11.84816324,-4.306628383,1.0,-0.20244007110595702,-0.09545454545454543,65047710.48149407,0.21608694266152512,-0.27612537821780636
1373,26,banwa(solenzo),bankouma,burkina_faso,11/6/2009,16,0,-0.786546059,1.0,11.883200619057966,-4.266469868,-1.532716379,-1.588496193,1.5,1.1666666666666667,-0.30952381,11.9,-4.25,11.9,-4.25,11.9,-4.25,11.84816324,-4.306628383,1.0,-0.20244007110595702,-0.09545454545454543,65047710.48149407,0.21608694266152512,-0.27612537821780636
1374,27,banwa(solenzo),bankouma,burkina_faso,11/6/2009,9,0,0.6416795482553979,,11.883200619057966,-4.266469868,-1.532716379,-1.588496193,1.5,1.1666666666666667,-0.30952381,11.9,-4.25,11.9,-4.25,11.9,-4.25,11.84816324,-4.306628383,1.0,-0.20244007110595702,-0.09545454545454543,65047710.48149407,0.21608694266152512,-0.27612537821780636
1375,30,banwa(solenzo),diontala,burkina_faso,11/7/2009,8,0,-0.432549573,,11.766716904941084,-4.455623572,-1.679054365,-1.840692356,3.0,1.0,-0.333333333,11.75,-4.45,11.75,-4.45,11.75,-4.45,11.69166694,-4.306628383,1.2,-0.25263704856236774,0.06851851851851853,146616542.0802128,0.23271524466943058,0.04310799276380347
1376,31,banwa(solenzo),diontala,burkina_faso,11/7/2009,14,0,5.110147165635784,1.0,11.766716904941084,-4.455623572,-1.679054365,-1.840692356,3.0,1.0,-0.333333333,11.75,-4.45,11.75,-4.45,11.75,-4.45,11.69166694,-4.306628383,1.2,-0.25263704856236774,0.06851851851851853,146616542.0802128,0.23271524466943058,0.04310799276380347
1377,32,banwa(solenzo),diontala,burkina_faso,11/7/2009,9,0,-0.785777966,1.0,11.766716904941084,-4.455623572,-1.679054365,-1.840692356,3.0,1.0,-0.333333333,11.75,-4.45,11.75,-4.45,11.75,-4.45,11.69166694,-4.306628383,1.2,-0.25263704856236774,0.06851851851851853,146616542.0802128,0.23271524466943058,0.04310799276380347
1378,33,banwa(solenzo),diontala,burkina_faso,11/7/2009,16,0,-0.771798669,1.0,11.766716904941084,-4.455623572,-1.679054365,-1.840692356,3.0,1.0,-0.333333333,11.75,-4.45,11.75,-4.45,11.75,-4.45,11.69166694,-4.306628383,1.2,-0.25263704856236774,0.06851851851851853,146616542.0802128,0.23271524466943058,0.04310799276380347
1379,34,banwa(solenzo),diontala,burkina_faso,11/7/2009,19,0,-0.423588485,,11.766716904941084,-4.455623572,-1.679054365,-1.840692356,3.0,1.0,-0.333333333,11.75,-4.45,11.75,-4.45,11.75,-4.45,11.69166694,-4.306628383,1.2,-0.25263704856236774,0.06851851851851853,146616542.0802128,0.23271524466943058,0.04310799276380347
1380,35,banwa(solenzo),diontala,burkina_faso,11/7/2009,7,0,2.056845460149577,1.0,11.766716904941084,-4.455623572,-1.679054365,-1.840692356,3.0,1.0,-0.333333333,11.75,-4.45,11.75,-4.45,11.75,-4.45,11.69166694,-4.306628383,1.2,-0.25263704856236774,0.06851851851851853,146616542.0802128,0.23271524466943058,0.04310799276380347
1381,36,banwa(solenzo),diontala,burkina_faso,11/7/2009,10,0,-0.809076795,,11.766716904941084,-4.455623572,-1.679054365,-1.840692356,3.0,1.0,-0.333333333,11.75,-4.45,11.75,-4.45,11.75,-4.45,11.69166694,-4.306628383,1.2,-0.25263704856236774,0.06851851851851853,146616542.0802128,0.23271524466943058,0.04310799276380347
1382,37,banwa(solenzo),diontala,burkina_faso,11/8/2009,6,0,-0.801907925,,11.766716904941084,-4.455623572,-1.679054365,-1.840692356,3.0,1.0,-0.333333333,11.75,-4.45,11.75,-4.45,11.75,-4.45,11.69166694,-4.306628383,1.2,-0.25263704856236774,0.06851851851851853,146616542.0802128,0.23271524466943058,0.04310799276380347
1383,38,banwa(solenzo),diontala,burkina_faso,11/8/2009,5,0,-0.999960121,1.0,11.766716904941084,-4.455623572,-1.679054365,-1.840692356,3.0,1.0,-0.333333333,11.75,-4.45,11.75,-4.45,11.75,-4.45,11.69166694,-4.306628383,1.2,-0.25263704856236774,0.06851851851851853,146616542.0802128,0.23271524466943058,0.04310799276380347
1384,73,banwa(solenzo),sanakuy,burkina_faso,11/4/2009,5,0,-0.416419615,1.0,12.184773721304458,-4.085154664,-1.535560384,-1.570247427,1.375,1.1666666666666667,-0.30952381,12.2,-4.1,12.2,-4.1,12.2,-4.1,12.19059873,-4.082842506,0.8,-0.23997828364372253,0.19285714285714292,79633304.70295598,0.21819075197251475,0.16119196972386973
1385,74,banwa(solenzo),sanakuy,burkina_faso,11/4/2009,6,0,-0.769648008,1.0,12.184773721304458,-4.085154664,-1.535560384,-1.570247427,1.375,1.1666666666666667,-0.30952381,12.2,-4.1,12.2,-4.1,12.2,-4.1,12.19059873,-4.082842506,0.8,-0.23997828364372253,0.19285714285714292,79633304.70295598,0.21819075197251475,0.16119196972386973
1386,75,banwa(solenzo),sanakuy,burkina_faso,11/4/2009,4,0,-0.758894702,1.0,12.184773721304458,-4.085154664,-1.535560384,-1.570247427,1.375,1.1666666666666667,-0.30952381,12.2,-4.1,12.2,-4.1,12.2,-4.1,12.19059873,-4.082842506,0.8,-0.23997828364372253,0.19285714285714292,79633304.70295598,0.21819075197251475,0.16119196972386973
1387,76,banwa(solenzo),sanakuy,burkina_faso,11/4/2009,5,0,-0.791154619,,12.184773721304458,-4.085154664,-1.535560384,-1.570247427,1.375,1.1666666666666667,-0.30952381,12.2,-4.1,12.2,-4.1,12.2,-4.1,12.19059873,-4.082842506,0.8,-0.23997828364372253,0.19285714285714292,79633304.70295598,0.21819075197251475,0.16119196972386973
1388,77,banwa(solenzo),sanakuy,burkina_faso,11/4/2009,34,0,3.125697928907991,1.0,12.184773721304458,-4.085154664,-1.535560384,-1.570247427,1.375,1.1666666666666667,-0.30952381,12.2,-4.1,12.2,-4.1,12.2,-4.1,12.19059873,-4.082842506,0.8,-0.23997828364372253,0.19285714285714292,79633304.70295598,0.21819075197251475,0.16119196972386973
1389,78,banwa(solenzo),sanakuy,burkina_faso,11/4/2009,5,0,-0.758894702,,12.184773721304458,-4.085154664,-1.535560384,-1.570247427,1.375,1.1666666666666667,-0.30952381,12.2,-4.1,12.2,-4.1,12.2,-4.1,12.19059873,-4.082842506,0.8,-0.23997828364372253,0.19285714285714292,79633304.70295598,0.21819075197251475,0.16119196972386973
1390,79,banwa(solenzo),sanakuy,burkina_faso,11/4/2009,10,0,-0.780401313,1.0,12.184773721304458,-4.085154664,-1.535560384,-1.570247427,1.375,1.1666666666666667,-0.30952381,12.2,-4.1,12.2,-4.1,12.2,-4.1,12.19059873,-4.082842506,0.8,-0.23997828364372253,0.19285714285714292,79633304.70295598,0.21819075197251475,0.16119196972386973
1391,80,banwa(solenzo),sanakuy,burkina_faso,11/4/2009,6,0,-0.801907925,,12.184773721304458,-4.085154664,-1.535560384,-1.570247427,1.375,1.1666666666666667,-0.30952381,12.2,-4.1,12.2,-4.1,12.2,-4.1,12.19059873,-4.082842506,0.8,-0.23997828364372253,0.19285714285714292,79633304.70295598,0.21819075197251475,0.16119196972386973
1392,81,banwa(solenzo),sanakuy,burkina_faso,11/3/2009,7,0,-0.775024661,,12.184773721304458,-4.085154664,-1.535560384,-1.570247427,1.375,1.1666666666666667,-0.30952381,12.2,-4.1,12.2,-4.1,12.2,-4.1,12.19059873,-4.082842506,0.8,-0.23997828364372253,0.19285714285714292,79633304.70295598,0.21819075197251475,0.16119196972386973
1393,83,banwa(solenzo),moara,burkina_faso,11/1/2009,7,0,-1.042973344,,12.793094716472693,-3.341217169,-1.53161939,-1.621225238,1.6666666666666667,0.5,-0.5,12.8,-3.35,12.8,-3.35,12.8,-3.35,12.76161893,-3.217301896,0.4,-0.435987651348114,-0.03620689655172415,144990636.41486877,0.20703265777386864,0.5532877237739755
1394,96,banwa(solenzo),moara,burkina_faso,11/2/2009,4,0,-0.935440287,,12.793094716472693,-3.341217169,-1.53161939,-1.621225238,1.6666666666666667,0.5,-0.5,12.8,-3.35,12.8,-3.35,12.8,-3.35,12.76161893,-3.217301896,0.4,-0.435987651348114,-0.03620689655172415,144990636.41486877,0.20703265777386864,0.5532877237739755
1395,97,banwa(solenzo),moara,burkina_faso,11/2/2009,8,0,-0.823414536,,12.793094716472693,-3.341217169,-1.53161939,-1.621225238,1.6666666666666667,0.5,-0.5,12.8,-3.35,12.8,-3.35,12.8,-3.35,12.76161893,-3.217301896,0.4,-0.435987651348114,-0.03620689655172415,144990636.41486877,0.20703265777386864,0.5532877237739755
1396,98,banwa(solenzo),moara,burkina_faso,11/2/2009,4,0,-0.921102546,,12.793094716472693,-3.341217169,-1.53161939,-1.621225238,1.6666666666666667,0.5,-0.5,12.8,-3.35,12.8,-3.35,12.8,-3.35,12.76161893,-3.217301896,0.4,-0.435987651348114,-0.03620689655172415,144990636.41486877,0.20703265777386864,0.5532877237739755
1397,99,banwa(solenzo),moara,burkina_faso,11/2/2009,9,0,-0.956946898,,12.793094716472693,-3.341217169,-1.53161939,-1.621225238,1.6666666666666667,0.5,-0.5,12.8,-3.35,12.8,-3.35,12.8,-3.35,12.76161893,-3.217301896,0.4,-0.435987651348114,-0.03620689655172415,144990636.41486877,0.20703265777386864,0.5532877237739755
1398,100,banwa(solenzo),moara,burkina_faso,11/2/2009,4,0,-0.935440287,,12.793094716472693,-3.341217169,-1.53161939,-1.621225238,1.6666666666666667,0.5,-0.5,12.8,-3.35,12.8,-3.35,12.8,-3.35,12.76161893,-3.217301896,0.4,-0.435987651348114,-0.03620689655172415,144990636.41486877,0.20703265777386864,0.5532877237739755
1399,101,banwa(solenzo),moara,burkina_faso,11/2/2009,13,0,-0.830583407,,12.793094716472693,-3.341217169,-1.53161939,-1.621225238,1.6666666666666667,0.5,-0.5,12.8,-3.35,12.8,-3.35,12.8,-3.35,12.76161893,-3.217301896,0.4,-0.435987651348114,-0.03620689655172415,144990636.41486877,0.20703265777386864,0.5532877237739755
1400,102,banwa(solenzo),moara,burkina_faso,11/1/2009,4,0,-0.758894702,,12.793094716472693,-3.341217169,-1.53161939,-1.621225238,1.6666666666666667,0.5,-0.5,12.8,-3.35,12.8,-3.35,12.8,-3.35,12.76161893,-3.217301896,0.4,-0.435987651348114,-0.03620689655172415,144990636.41486877,0.20703265777386864,0.5532877237739755
1401,103,banwa(solenzo),moara,burkina_faso,11/1/2009,12,0,-0.866427759,,12.793094716472693,-3.341217169,-1.53161939,-1.621225238,1.6666666666666667,0.5,-0.5,12.8,-3.35,12.8,-3.35,12.8,-3.35,12.76161893,-3.217301896,0.4,-0.435987651348114,-0.03620689655172415,144990636.41486877,0.20703265777386864,0.5532877237739755
1402,114,banwa(solenzo),tamouga,burkina_faso,10/31/2009,9,0,-0.931138964,,12.184773721304458,-4.085154664,-1.535560384,-1.570247427,1.375,1.1666666666666667,-0.30952381,12.2,-4.1,12.2,-4.1,12.2,-4.1,12.19059873,-4.082842506,0.8,-0.23997828364372253,0.19285714285714292,79633304.70295598,0.21819075197251475,0.16119196972386973
1403,115,banwa(solenzo),tamouga,burkina_faso,10/31/2009,6,0,-0.411042962,,12.184773721304458,-4.085154664,-1.535560384,-1.570247427,1.375,1.1666666666666667,-0.30952381,12.2,-4.1,12.2,-4.1,12.2,-4.1,12.19059873,-4.082842506,0.8,-0.23997828364372253,0.19285714285714292,79633304.70295598,0.21819075197251475,0.16119196972386973
1404,116,banwa(solenzo),tamouga,burkina_faso,10/31/2009,6,0,-0.935440287,,12.184773721304458,-4.085154664,-1.535560384,-1.570247427,1.375,1.1666666666666667,-0.30952381,12.2,-4.1,12.2,-4.1,12.2,-4.1,12.19059873,-4.082842506,0.8,-0.23997828364372253,0.19285714285714292,79633304.70295598,0.21819075197251475,0.16119196972386973
1405,117,banwa(solenzo),tamouga,burkina_faso,10/31/2009,3,0,-0.913933675,,12.184773721304458,-4.085154664,-1.535560384,-1.570247427,1.375,1.1666666666666667,-0.30952381,12.2,-4.1,12.2,-4.1,12.2,-4.1,12.19059873,-4.082842506,0.8,-0.23997828364372253,0.19285714285714292,79633304.70295598,0.21819075197251475,0.16119196972386973
1406,118,banwa(solenzo),tamouga,burkina_faso,10/31/2009,2,0,1.0870807640850448,,12.184773721304458,-4.085154664,-1.535560384,-1.570247427,1.375,1.1666666666666667,-0.30952381,12.2,-4.1,12.2,-4.1,12.2,-4.1,12.19059873,-4.082842506,0.8,-0.23997828364372253,0.19285714285714292,79633304.70295598,0.21819075197251475,0.16119196972386973
1407,119,banwa(solenzo),tamouga,burkina_faso,10/31/2009,5,0,-0.791154619,1.0,12.184773721304458,-4.085154664,-1.535560384,-1.570247427,1.375,1.1666666666666667,-0.30952381,12.2,-4.1,12.2,-4.1,12.2,-4.1,12.19059873,-4.082842506,0.8,-0.23997828364372253,0.19285714285714292,79633304.70295598,0.21819075197251475,0.16119196972386973
1408,120,banwa(solenzo),tamouga,burkina_faso,10/30/2009,6,0,-0.801907925,,12.184773721304458,-4.085154664,-1.535560384,-1.570247427,1.375,1.1666666666666667,-0.30952381,12.2,-4.1,12.2,-4.1,12.2,-4.1,12.19059873,-4.082842506,0.8,-0.23997828364372253,0.19285714285714292,79633304.70295598,0.21819075197251475,0.16119196972386973
1409,121,banwa(solenzo),tamouga,burkina_faso,10/31/2009,5,0,-0.791154619,,12.184773721304458,-4.085154664,-1.535560384,-1.570247427,1.375,1.1666666666666667,-0.30952381,12.2,-4.1,12.2,-4.1,12.2,-4.1,12.19059873,-4.082842506,0.8,-0.23997828364372253,0.19285714285714292,79633304.70295598,0.21819075197251475,0.16119196972386973
1410,123,banwa(solenzo),tamouga,burkina_faso,10/31/2009,14,0,-0.967700204,,12.184773721304458,-4.085154664,-1.535560384,-1.570247427,1.375,1.1666666666666667,-0.30952381,12.2,-4.1,12.2,-4.1,12.2,-4.1,12.19059873,-4.082842506,0.8,-0.23997828364372253,0.19285714285714292,79633304.70295598,0.21819075197251475,0.16119196972386973
1411,136,sourou(tougan),domoni,burkina_faso,11/3/2009,8,0,-0.771798669,,13.49467687,-3.162732285,-1.623969396,-1.623969396,1.0,0.5,-0.5,13.5,-3.15,13.5,-3.15,13.5,-3.15,13.50282815,-3.1768016,0.2,-0.4317077398300171,-0.017796610169491522,260607319.5464872,0.19852365444717776,0.9809729456340129
1412,154,sourou(tougan),domoni,burkina_faso,11/4/2009,4,0,-0.935440287,,13.49467687,-3.162732285,-1.623969396,-1.623969396,1.0,0.5,-0.5,13.5,-3.15,13.5,-3.15,13.5,-3.15,13.50282815,-3.1768016,0.2,-0.4317077398300171,-0.017796610169491522,260607319.5464872,0.19852365444717776,0.9809729456340129
1413,155,sourou(tougan),domoni,burkina_faso,11/3/2009,13,0,-0.939024722,,13.49467687,-3.162732285,-1.623969396,-1.623969396,1.0,0.5,-0.5,13.5,-3.15,13.5,-3.15,13.5,-3.15,13.50282815,-3.1768016,0.2,-0.4317077398300171,-0.017796610169491522,260607319.5464872,0.19852365444717776,0.9809729456340129
1414,156,sourou(tougan),domoni,burkina_faso,11/3/2009,8,0,-0.794739054,,13.49467687,-3.162732285,-1.623969396,-1.623969396,1.0,0.5,-0.5,13.5,-3.15,13.5,-3.15,13.5,-3.15,13.50282815,-3.1768016,0.2,-0.4317077398300171,-0.017796610169491522,260607319.5464872,0.19852365444717776,0.9809729456340129
1415,157,sourou(tougan),domoni,burkina_faso,11/4/2009,8,0,0.6020378850625568,,13.49467687,-3.162732285,-1.623969396,-1.623969396,1.0,0.5,-0.5,13.5,-3.15,13.5,-3.15,13.5,-3.15,13.50282815,-3.1768016,0.2,-0.4317077398300171,-0.017796610169491522,260607319.5464872,0.19852365444717776,0.9809729456340129
1416,158,sourou(tougan),domoni,burkina_faso,11/3/2009,12,0,-0.789003958,,13.49467687,-3.162732285,-1.623969396,-1.623969396,1.0,0.5,-0.5,13.5,-3.15,13.5,-3.15,13.5,-3.15,13.50282815,-3.1768016,0.2,-0.4317077398300171,-0.017796610169491522,260607319.5464872,0.19852365444717776,0.9809729456340129
1417,159,sourou(tougan),domoni,burkina_faso,11/3/2009,6,0,-0.769648008,,13.49467687,-3.162732285,-1.623969396,-1.623969396,1.0,0.5,-0.5,13.5,-3.15,13.5,-3.15,13.5,-3.15,13.50282815,-3.1768016,0.2,-0.4317077398300171,-0.017796610169491522,260607319.5464872,0.19852365444717776,0.9809729456340129
1418,160,sourou(tougan),domoni,burkina_faso,11/3/2009,4,0,-0.823414536,,13.49467687,-3.162732285,-1.623969396,-1.623969396,1.0,0.5,-0.5,13.5,-3.15,13.5,-3.15,13.5,-3.15,13.50282815,-3.1768016,0.2,-0.4317077398300171,-0.017796610169491522,260607319.5464872,0.19852365444717776,0.9809729456340129
1419,161,sourou(tougan),domoni,burkina_faso,11/4/2009,11,0,-0.939741609,,13.49467687,-3.162732285,-1.623969396,-1.623969396,1.0,0.5,-0.5,13.5,-3.15,13.5,-3.15,13.5,-3.15,13.50282815,-3.1768016,0.2,-0.4317077398300171,-0.017796610169491522,260607319.5464872,0.19852365444717776,0.9809729456340129
1420,162,sourou(tougan),domoni,burkina_faso,11/4/2009,4,0,-0.978453509,,13.49467687,-3.162732285,-1.623969396,-1.623969396,1.0,0.5,-0.5,13.5,-3.15,13.5,-3.15,13.5,-3.15,13.50282815,-3.1768016,0.2,-0.4317077398300171,-0.017796610169491522,260607319.5464872,0.19852365444717776,0.9809729456340129
1421,164,sourou(tougan),kawara,burkina_faso,10/31/2009,4,0,-0.935440287,,10.633767554703368,-5.217299505,-1.605371225,-1.688951361,1.4,1.1666666666666667,-0.595238095,10.65,-5.2,10.65,-5.2,10.65,-5.2,10.59784676,-4.827014731,1.2,-0.32114676634470624,0.0685185185185185,142905836.6227679,0.2488933837647504,-0.015379919560358704
1422,165,sourou(tougan),kawara,burkina_faso,10/31/2009,4,0,-0.921102546,,10.633767554703368,-5.217299505,-1.605371225,-1.688951361,1.4,1.1666666666666667,-0.595238095,10.65,-5.2,10.65,-5.2,10.65,-5.2,10.59784676,-4.827014731,1.2,-0.32114676634470624,0.0685185185185185,142905836.6227679,0.2488933837647504,-0.015379919560358704
1423,168,sourou(tougan),kawara,burkina_faso,10/31/2009,11,0,-0.951570245,,10.633767554703368,-5.217299505,-1.605371225,-1.688951361,1.4,1.1666666666666667,-0.595238095,10.65,-5.2,10.65,-5.2,10.65,-5.2,10.59784676,-4.827014731,1.2,-0.32114676634470624,0.0685185185185185,142905836.6227679,0.2488933837647504,-0.015379919560358704
1424,169,sourou(tougan),kawara,burkina_faso,10/30/2009,8,0,0.6327184601775727,,10.633767554703368,-5.217299505,-1.605371225,-1.688951361,1.4,1.1666666666666667,-0.595238095,10.65,-5.2,10.65,-5.2,10.65,-5.2,10.59784676,-4.827014731,1.2,-0.32114676634470624,0.0685185185185185,142905836.6227679,0.2488933837647504,-0.015379919560358704
1425,171,sourou(tougan),kawara,burkina_faso,10/31/2009,6,0,-0.866427759,,10.633767554703368,-5.217299505,-1.605371225,-1.688951361,1.4,1.1666666666666667,-0.595238095,10.65,-5.2,10.65,-5.2,10.65,-5.2,10.59784676,-4.827014731,1.2,-0.32114676634470624,0.0685185185185185,142905836.6227679,0.2488933837647504,-0.015379919560358704
1426,174,sourou(tougan),kawara,burkina_faso,10/30/2009,13,0,-0.948344254,,10.633767554703368,-5.217299505,-1.605371225,-1.688951361,1.4,1.1666666666666667,-0.595238095,10.65,-5.2,10.65,-5.2,10.65,-5.2,10.59784676,-4.827014731,1.2,-0.32114676634470624,0.0685185185185185,142905836.6227679,0.2488933837647504,-0.015379919560358704
1427,175,sourou(tougan),kawara,burkina_faso,10/10/2009,9,0,-0.769648008,,10.633767554703368,-5.217299505,-1.605371225,-1.688951361,1.4,1.1666666666666667,-0.595238095,10.65,-5.2,10.65,-5.2,10.65,-5.2,10.59784676,-4.827014731,1.2,-0.32114676634470624,0.0685185185185185,142905836.6227679,0.2488933837647504,-0.015379919560358704
1428,176,sourou(tougan),kawara,burkina_faso,10/30/2009,12,0,5.282762892122612,,10.633767554703368,-5.217299505,-1.605371225,-1.688951361,1.4,1.1666666666666667,-0.595238095,10.65,-5.2,10.65,-5.2,10.65,-5.2,10.59784676,-4.827014731,1.2,-0.32114676634470624,0.0685185185185185,142905836.6227679,0.2488933837647504,-0.015379919560358704
1429,177,sourou(tougan),kawara,burkina_faso,10/31/2009,10,0,-0.575299054,,10.633767554703368,-5.217299505,-1.605371225,-1.688951361,1.4,1.1666666666666667,-0.595238095,10.65,-5.2,10.65,-5.2,10.65,-5.2,10.59784676,-4.827014731,1.2,-0.32114676634470624,0.0685185185185185,142905836.6227679,0.2488933837647504,-0.015379919560358704
1430,180,sourou(tougan),kawara,burkina_faso,10/30/2009,14,0,-0.775024661,,10.633767554703368,-5.217299505,-1.605371225,-1.688951361,1.4,1.1666666666666667,-0.595238095,10.65,-5.2,10.65,-5.2,10.65,-5.2,10.59784676,-4.827014731,1.2,-0.32114676634470624,0.0685185185185185,142905836.6227679,0.2488933837647504,-0.015379919560358704
1431,181,sourou(tougan),kawara,burkina_faso,11/30/2009,11,0,0.8424850079676297,,10.633767554703368,-5.217299505,-1.605371225,-1.688951361,1.4,1.1666666666666667,-0.595238095,10.65,-5.2,10.65,-5.2,10.65,-5.2,10.59784676,-4.827014731,1.2,-0.32114676634470624,0.0685185185185185,142905836.6227679,0.2488933837647504,-0.015379919560358704
1432,182,sourou(tougan),kawara,burkina_faso,,10,0,-0.844921148,,10.633767554703368,-5.217299505,-1.605371225,-1.688951361,1.4,1.1666666666666667,-0.595238095,10.65,-5.2,10.65,-5.2,10.65,-5.2,10.59784676,-4.827014731,1.2,-0.32114676634470624,0.0685185185185185,142905836.6227679,0.2488933837647504,-0.015379919560358704
1433,190,sourou(tougan),koromi,burkina_faso,11/5/2009,2,0,-0.935440287,1.0,13.131425207249544,-3.370307136,-1.674777746,-1.74576813,1.5,0.3333333333333333,-0.333333333,13.15,-3.35,13.15,-3.35,13.15,-3.35,13.09217767,-3.512248969,0.4,-0.22407621145248413,-0.03620689655172415,144990636.41486877,0.19587037426960516,0.6643220727399362
1434,193,sourou(tougan),koromi,burkina_faso,11/5/2009,15,0,-0.973076857,,13.131425207249544,-3.370307136,-1.674777746,-1.74576813,1.5,0.3333333333333333,-0.333333333,13.15,-3.35,13.15,-3.35,13.15,-3.35,13.09217767,-3.512248969,0.4,-0.22407621145248413,-0.03620689655172415,144990636.41486877,0.19587037426960516,0.6643220727399362
1435,194,sourou(tougan),koromi,burkina_faso,11/5/2009,11,0,-0.926223168,,13.131425207249544,-3.370307136,-1.674777746,-1.74576813,1.5,0.3333333333333333,-0.333333333,13.15,-3.35,13.15,-3.35,13.15,-3.35,13.09217767,-3.512248969,0.4,-0.22407621145248413,-0.03620689655172415,144990636.41486877,0.19587037426960516,0.6643220727399362
1436,195,sourou(tougan),koromi,burkina_faso,11/5/2009,8,0,-0.949778028,1.0,13.131425207249544,-3.370307136,-1.674777746,-1.74576813,1.5,0.3333333333333333,-0.333333333,13.15,-3.35,13.15,-3.35,13.15,-3.35,13.09217767,-3.512248969,0.4,-0.22407621145248413,-0.03620689655172415,144990636.41486877,0.19587037426960516,0.6643220727399362
1437,196,sourou(tougan),koromi,burkina_faso,11/5/2009,12,0,-0.760849848,,13.131425207249544,-3.370307136,-1.674777746,-1.74576813,1.5,0.3333333333333333,-0.333333333,13.15,-3.35,13.15,-3.35,13.15,-3.35,13.09217767,-3.512248969,0.4,-0.22407621145248413,-0.03620689655172415,144990636.41486877,0.19587037426960516,0.6643220727399362
1438,197,sourou(tougan),koromi,burkina_faso,11/5/2009,2,0,-0.758894702,,13.131425207249544,-3.370307136,-1.674777746,-1.74576813,1.5,0.3333333333333333,-0.333333333,13.15,-3.35,13.15,-3.35,13.15,-3.35,13.09217767,-3.512248969,0.4,-0.22407621145248413,-0.03620689655172415,144990636.41486877,0.19587037426960516,0.6643220727399362
1439,198,sourou(tougan),koromi,burkina_faso,11/5/2009,7,0,-0.942609157,,13.131425207249544,-3.370307136,-1.674777746,-1.74576813,1.5,0.3333333333333333,-0.333333333,13.15,-3.35,13.15,-3.35,13.15,-3.35,13.09217767,-3.512248969,0.4,-0.22407621145248413,-0.03620689655172415,144990636.41486877,0.19587037426960516,0.6643220727399362
1440,199,sourou(tougan),koromi,burkina_faso,11/5/2009,8,0,-0.926837642,1.0,13.131425207249544,-3.370307136,-1.674777746,-1.74576813,1.5,0.3333333333333333,-0.333333333,13.15,-3.35,13.15,-3.35,13.15,-3.35,13.09217767,-3.512248969,0.4,-0.22407621145248413,-0.03620689655172415,144990636.41486877,0.19587037426960516,0.6643220727399362
1441,200,sourou(tougan),koromi,burkina_faso,11/5/2009,8,0,-0.716628215,,13.131425207249544,-3.370307136,-1.674777746,-1.74576813,1.5,0.3333333333333333,-0.333333333,13.15,-3.35,13.15,-3.35,13.15,-3.35,13.09217767,-3.512248969,0.4,-0.22407621145248413,-0.03620689655172415,144990636.41486877,0.19587037426960516,0.6643220727399362
1442,201,sourou(tougan),koromi,burkina_faso,11/5/2009,8,0,-0.794739054,1.0,13.131425207249544,-3.370307136,-1.674777746,-1.74576813,1.5,0.3333333333333333,-0.333333333,13.15,-3.35,13.15,-3.35,13.15,-3.35,13.09217767,-3.512248969,0.4,-0.22407621145248413,-0.03620689655172415,144990636.41486877,0.19587037426960516,0.6643220727399362
1443,202,sourou(tougan),koromi,burkina_faso,11/5/2009,5,0,0.6342978021427274,,13.131425207249544,-3.370307136,-1.674777746,-1.74576813,1.5,0.3333333333333333,-0.333333333,13.15,-3.35,13.15,-3.35,13.15,-3.35,13.09217767,-3.512248969,0.4,-0.22407621145248413,-0.03620689655172415,144990636.41486877,0.19587037426960516,0.6643220727399362
1444,217,sourou(tougan),tougan secteur 6,burkina_faso,11/7/2009,9,0,4.219287076210892,,13.069049212563538,-3.064919248,-1.612811208,-1.671682298,1.5,0.3333333333333333,-0.333333333,13.05,-3.05,13.05,-3.05,13.05,-3.05,13.07293219,-3.067356703,0.4,-0.2351554036140442,-0.03620689655172415,144990636.41486877,0.20196784795128056,0.41041235955182653
1445,219,sourou(tougan),tougan secteur 6,burkina_faso,11/7/2009,5,0,4.558319220567889,1.0,13.069049212563538,-3.064919248,-1.612811208,-1.671682298,1.5,0.3333333333333333,-0.333333333,13.05,-3.05,13.05,-3.05,13.05,-3.05,13.07293219,-3.067356703,0.4,-0.2351554036140442,-0.03620689655172415,144990636.41486877,0.20196784795128056,0.41041235955182653
1446,222,sourou(tougan),tougan secteur 6,burkina_faso,11/7/2009,3,0,6.425801298014454,,13.069049212563538,-3.064919248,-1.612811208,-1.671682298,1.5,0.3333333333333333,-0.333333333,13.05,-3.05,13.05,-3.05,13.05,-3.05,13.07293219,-3.067356703,0.4,-0.2351554036140442,-0.03620689655172415,144990636.41486877,0.20196784795128056,0.41041235955182653
1447,224,sourou(tougan),tougan secteur 6,burkina_faso,11/7/2009,2,0,3.583644668046594,1.0,13.069049212563538,-3.064919248,-1.612811208,-1.671682298,1.5,0.3333333333333333,-0.333333333,13.05,-3.05,13.05,-3.05,13.05,-3.05,13.07293219,-3.067356703,0.4,-0.2351554036140442,-0.03620689655172415,144990636.41486877,0.20196784795128056,0.41041235955182653
1448,237,sourou(tougan),tougan secteur 6,burkina_faso,11/7/2009,2,0,3.583644668046594,,13.069049212563538,-3.064919248,-1.612811208,-1.671682298,1.5,0.3333333333333333,-0.333333333,13.05,-3.05,13.05,-3.05,13.05,-3.05,13.07293219,-3.067356703,0.4,-0.2351554036140442,-0.03620689655172415,144990636.41486877,0.20196784795128056,0.41041235955182653
1449,239,sourou(tougan),tougan secteur 6,burkina_faso,11/7/2009,4,0,8.661460725,,13.069049212563538,-3.064919248,-1.612811208,-1.671682298,1.5,0.3333333333333333,-0.333333333,13.05,-3.05,13.05,-3.05,13.05,-3.05,13.07293219,-3.067356703,0.4,-0.2351554036140442,-0.03620689655172415,144990636.41486877,0.20196784795128056,0.41041235955182653
1450,240,sourou(tougan),tougan secteur 6,burkina_faso,11/6/2009,6,0,4.966083866470671,,13.069049212563538,-3.064919248,-1.612811208,-1.671682298,1.5,0.3333333333333333,-0.333333333,13.05,-3.05,13.05,-3.05,13.05,-3.05,13.07293219,-3.067356703,0.4,-0.2351554036140442,-0.03620689655172415,144990636.41486877,0.20196784795128056,0.41041235955182653
1451,241,sourou(tougan),tougan secteur 6,burkina_faso,11/7/2009,5,0,-0.928271416,,13.069049212563538,-3.064919248,-1.612811208,-1.671682298,1.5,0.3333333333333333,-0.333333333,13.05,-3.05,13.05,-3.05,13.05,-3.05,13.07293219,-3.067356703,0.4,-0.2351554036140442,-0.03620689655172415,144990636.41486877,0.20196784795128056,0.41041235955182653
1452,251,sourou(tougan),tombila,burkina_faso,11/2/2009,7,0,0.6685628124888732,,13.068424936855669,-3.071164397,-1.612811208,-1.671682298,1.5,0.3333333333333333,-0.333333333,13.05,-3.05,13.05,-3.05,13.05,-3.05,13.07293219,-3.067356703,0.4,-0.2351554036140442,-0.03620689655172415,144990636.41486877,0.20196784795128056,0.41041235955182653
1453,259,sourou(tougan),tombila,burkina_faso,11/1/2009,8,0,0.5699183136391249,,13.068424936855669,-3.071164397,-1.612811208,-1.671682298,1.5,0.3333333333333333,-0.333333333,13.05,-3.05,13.05,-3.05,13.05,-3.05,13.07293219,-3.067356703,0.4,-0.2351554036140442,-0.03620689655172415,144990636.41486877,0.20196784795128056,0.41041235955182653
1454,260,sourou(tougan),tombila,burkina_faso,11/1/2009,11,0,-0.755585993,1.0,13.068424936855669,-3.071164397,-1.612811208,-1.671682298,1.5,0.3333333333333333,-0.333333333,13.05,-3.05,13.05,-3.05,13.05,-3.05,13.07293219,-3.067356703,0.4,-0.2351554036140442,-0.03620689655172415,144990636.41486877,0.20196784795128056,0.41041235955182653
1455,261,sourou(tougan),tombila,burkina_faso,11/1/2009,2,0,3.3214555126774896,,13.068424936855669,-3.071164397,-1.612811208,-1.671682298,1.5,0.3333333333333333,-0.333333333,13.05,-3.05,13.05,-3.05,13.05,-3.05,13.07293219,-3.067356703,0.4,-0.2351554036140442,-0.03620689655172415,144990636.41486877,0.20196784795128056,0.41041235955182653
1456,262,sourou(tougan),tombila,burkina_faso,11/1/2009,15,0,-0.93851266,,13.068424936855669,-3.071164397,-1.612811208,-1.671682298,1.5,0.3333333333333333,-0.333333333,13.05,-3.05,13.05,-3.05,13.05,-3.05,13.07293219,-3.067356703,0.4,-0.2351554036140442,-0.03620689655172415,144990636.41486877,0.20196784795128056,0.41041235955182653
1457,263,sourou(tougan),tombila,burkina_faso,11/1/2009,8,0,-0.935440287,,13.068424936855669,-3.071164397,-1.612811208,-1.671682298,1.5,0.3333333333333333,-0.333333333,13.05,-3.05,13.05,-3.05,13.05,-3.05,13.07293219,-3.067356703,0.4,-0.2351554036140442,-0.03620689655172415,144990636.41486877,0.20196784795128056,0.41041235955182653
1458,264,sourou(tougan),tombila,burkina_faso,11/1/2009,11,0,-0.931855851,,13.068424936855669,-3.071164397,-1.612811208,-1.671682298,1.5,0.3333333333333333,-0.333333333,13.05,-3.05,13.05,-3.05,13.05,-3.05,13.07293219,-3.067356703,0.4,-0.2351554036140442,-0.03620689655172415,144990636.41486877,0.20196784795128056,0.41041235955182653
1459,265,sourou(tougan),tombila,burkina_faso,11/1/2009,6,0,-0.801907925,,13.068424936855669,-3.071164397,-1.612811208,-1.671682298,1.5,0.3333333333333333,-0.333333333,13.05,-3.05,13.05,-3.05,13.05,-3.05,13.07293219,-3.067356703,0.4,-0.2351554036140442,-0.03620689655172415,144990636.41486877,0.20196784795128056,0.41041235955182653
1460,266,sourou(tougan),tombila,burkina_faso,11/2/2009,21,0,-0.439718444,,13.068424936855669,-3.071164397,-1.612811208,-1.671682298,1.5,0.3333333333333333,-0.333333333,13.05,-3.05,13.05,-3.05,13.05,-3.05,13.07293219,-3.067356703,0.4,-0.2351554036140442,-0.03620689655172415,144990636.41486877,0.20196784795128056,0.41041235955182653
1461,267,sourou(tougan),tombila,burkina_faso,11/1/2009,12,0,-0.924686981,1.0,13.068424936855669,-3.071164397,-1.612811208,-1.671682298,1.5,0.3333333333333333,-0.333333333,13.05,-3.05,13.05,-3.05,13.05,-3.05,13.07293219,-3.067356703,0.4,-0.2351554036140442,-0.03620689655172415,144990636.41486877,0.20196784795128056,0.41041235955182653
1462,287,"kadiogo(ouagadougou, la capitale",lao,burkina_faso,11/4/2009,6,0,-0.935440287,1.0,12.424206793135868,-1.752109988,-1.620604038,-1.728714426,1.6666666666666667,0.8333333333333334,0.3666666666666665,12.4,-1.75,12.4,-1.75,12.4,-1.75,12.36425974,-1.685227986,0.8,-0.27840808033943176,-0.07500000000000001,76288282.14932764,0.1810630783670414,-1.1490821920870902
1463,289,"kadiogo(ouagadougou, la capitale",lao,burkina_faso,11/6/2009,4,0,-0.780401313,1.0,12.424206793135868,-1.752109988,-1.620604038,-1.728714426,1.6666666666666667,0.8333333333333334,0.3666666666666665,12.4,-1.75,12.4,-1.75,12.4,-1.75,12.36425974,-1.685227986,0.8,-0.27840808033943176,-0.07500000000000001,76288282.14932764,0.1810630783670414,-1.1490821920870902
1464,290,"kadiogo(ouagadougou, la capitale",lao,burkina_faso,11/6/2009,4,0,-0.630601769,1.0,12.424206793135868,-1.752109988,-1.620604038,-1.728714426,1.6666666666666667,0.8333333333333334,0.3666666666666665,12.4,-1.75,12.4,-1.75,12.4,-1.75,12.36425974,-1.685227986,0.8,-0.27840808033943176,-0.07500000000000001,76288282.14932764,0.1810630783670414,-1.1490821920870902
1465,291,"kadiogo(ouagadougou, la capitale",lao,burkina_faso,11/5/2009,1,0,-0.913933675,1.0,12.424206793135868,-1.752109988,-1.620604038,-1.728714426,1.6666666666666667,0.8333333333333334,0.3666666666666665,12.4,-1.75,12.4,-1.75,12.4,-1.75,12.36425974,-1.685227986,0.8,-0.27840808033943176,-0.07500000000000001,76288282.14932764,0.1810630783670414,-1.1490821920870902
1466,292,"kadiogo(ouagadougou, la capitale",lao,burkina_faso,11/4/2009,5,0,-0.580419676,,12.424206793135868,-1.752109988,-1.620604038,-1.728714426,1.6666666666666667,0.8333333333333334,0.3666666666666665,12.4,-1.75,12.4,-1.75,12.4,-1.75,12.36425974,-1.685227986,0.8,-0.27840808033943176,-0.07500000000000001,76288282.14932764,0.1810630783670414,-1.1490821920870902
1467,293,"kadiogo(ouagadougou, la capitale",lao,burkina_faso,11/5/2009,1,0,-0.913933675,1.0,12.424206793135868,-1.752109988,-1.620604038,-1.728714426,1.6666666666666667,0.8333333333333334,0.3666666666666665,12.4,-1.75,12.4,-1.75,12.4,-1.75,12.36425974,-1.685227986,0.8,-0.27840808033943176,-0.07500000000000001,76288282.14932764,0.1810630783670414,-1.1490821920870902
1468,294,"kadiogo(ouagadougou, la capitale",lao,burkina_faso,11/4/2009,2,0,-0.780401313,1.0,12.424206793135868,-1.752109988,-1.620604038,-1.728714426,1.6666666666666667,0.8333333333333334,0.3666666666666665,12.4,-1.75,12.4,-1.75,12.4,-1.75,12.36425974,-1.685227986,0.8,-0.27840808033943176,-0.07500000000000001,76288282.14932764,0.1810630783670414,-1.1490821920870902
1469,295,"kadiogo(ouagadougou, la capitale",lao,burkina_faso,11/5/2009,3,0,-0.924686981,,12.424206793135868,-1.752109988,-1.620604038,-1.728714426,1.6666666666666667,0.8333333333333334,0.3666666666666665,12.4,-1.75,12.4,-1.75,12.4,-1.75,12.36425974,-1.685227986,0.8,-0.27840808033943176,-0.07500000000000001,76288282.14932764,0.1810630783670414,-1.1490821920870902
1470,297,"kadiogo(ouagadougou, la capitale",lao,burkina_faso,11/6/2009,9,0,-0.956946898,1.0,12.424206793135868,-1.752109988,-1.620604038,-1.728714426,1.6666666666666667,0.8333333333333334,0.3666666666666665,12.4,-1.75,12.4,-1.75,12.4,-1.75,12.36425974,-1.685227986,0.8,-0.27840808033943176,-0.07500000000000001,76288282.14932764,0.1810630783670414,-1.1490821920870902
1471,299,"kadiogo(ouagadougou, la capitale",ouagadougou secteur 16,burkina_faso,11/12/2009,5,0,4.877464149410071,1.0,12.335180808674052,-1.499024703,-1.693612523,-1.748929169,1.6666666666666667,1.0,0.3333333333333332,12.35,-1.5,12.35,-1.5,12.35,-1.5,12.36425974,-1.524314245,1.2,-0.268368939558665,-0.11666666666666665,134992711.33582887,0.15949199688134066,-0.5782525965864629
1472,311,"kadiogo(ouagadougou, la capitale",ouagadougou secteur 16,burkina_faso,11/14/2009,2,0,10.494805854540108,1.0,12.335180808674052,-1.499024703,-1.693612523,-1.748929169,1.6666666666666667,1.0,0.3333333333333332,12.35,-1.5,12.35,-1.5,12.35,-1.5,12.36425974,-1.524314245,1.2,-0.268368939558665,-0.11666666666666665,134992711.33582887,0.15949199688134066,-0.5782525965864629
1473,317,"kadiogo(ouagadougou, la capitale",ouagadougou secteur 16,burkina_faso,11/14/2009,4,0,4.515584270206468,,12.335180808674052,-1.499024703,-1.693612523,-1.748929169,1.6666666666666667,1.0,0.3333333333333332,12.35,-1.5,12.35,-1.5,12.35,-1.5,12.36425974,-1.524314245,1.2,-0.268368939558665,-0.11666666666666665,134992711.33582887,0.15949199688134066,-0.5782525965864629
1474,318,"kadiogo(ouagadougou, la capitale",ouagadougou secteur 16,burkina_faso,11/12/2009,2,0,8.154268689514188,1.0,12.335180808674052,-1.499024703,-1.693612523,-1.748929169,1.6666666666666667,1.0,0.3333333333333332,12.35,-1.5,12.35,-1.5,12.35,-1.5,12.36425974,-1.524314245,1.2,-0.268368939558665,-0.11666666666666665,134992711.33582887,0.15949199688134066,-0.5782525965864629
1475,319,"kadiogo(ouagadougou, la capitale",ouagadougou secteur 16,burkina_faso,11/12/2009,10,0,8.987230459145074,,12.335180808674052,-1.499024703,-1.693612523,-1.748929169,1.6666666666666667,1.0,0.3333333333333332,12.35,-1.5,12.35,-1.5,12.35,-1.5,12.36425974,-1.524314245,1.2,-0.268368939558665,-0.11666666666666665,134992711.33582887,0.15949199688134066,-0.5782525965864629
1476,320,"kadiogo(ouagadougou, la capitale",ouagadougou secteur 16,burkina_faso,11/18/2009,3,0,9.581726203977802,1.0,12.335180808674052,-1.499024703,-1.693612523,-1.748929169,1.6666666666666667,1.0,0.3333333333333332,12.35,-1.5,12.35,-1.5,12.35,-1.5,12.36425974,-1.524314245,1.2,-0.268368939558665,-0.11666666666666665,134992711.33582887,0.15949199688134066,-0.5782525965864629
1477,321,"kadiogo(ouagadougou, la capitale",ouagadougou secteur 16,burkina_faso,11/12/2009,3,0,8.143515383820796,,12.335180808674052,-1.499024703,-1.693612523,-1.748929169,1.6666666666666667,1.0,0.3333333333333332,12.35,-1.5,12.35,-1.5,12.35,-1.5,12.36425974,-1.524314245,1.2,-0.268368939558665,-0.11666666666666665,134992711.33582887,0.15949199688134066,-0.5782525965864629
1478,322,"kadiogo(ouagadougou, la capitale",ouagadougou secteur 16,burkina_faso,11/12/2009,9,0,8.626833195824311,,12.335180808674052,-1.499024703,-1.693612523,-1.748929169,1.6666666666666667,1.0,0.3333333333333332,12.35,-1.5,12.35,-1.5,12.35,-1.5,12.36425974,-1.524314245,1.2,-0.268368939558665,-0.11666666666666665,134992711.33582887,0.15949199688134066,-0.5782525965864629
1479,323,"kadiogo(ouagadougou, la capitale",ouagadougou secteur 16,burkina_faso,11/12/2009,6,0,8.990814894376204,1.0,12.335180808674052,-1.499024703,-1.693612523,-1.748929169,1.6666666666666667,1.0,0.3333333333333332,12.35,-1.5,12.35,-1.5,12.35,-1.5,12.36425974,-1.524314245,1.2,-0.268368939558665,-0.11666666666666665,134992711.33582887,0.15949199688134066,-0.5782525965864629
1480,324,"kadiogo(ouagadougou, la capitale",ouagadougou secteur 16,burkina_faso,11/12/2009,5,0,8.987230459145074,1.0,12.335180808674052,-1.499024703,-1.693612523,-1.748929169,1.6666666666666667,1.0,0.3333333333333332,12.35,-1.5,12.35,-1.5,12.35,-1.5,12.36425974,-1.524314245,1.2,-0.268368939558665,-0.11666666666666665,134992711.33582887,0.15949199688134066,-0.5782525965864629
1481,343,"kadiogo(ouagadougou, la capitale",ouagadougou secteur 27,burkina_faso,11/15/2009,3,0,9.538712981204242,1.0,12.399109627372065,-1.477554274,-1.674724069,-1.727728016,1.6666666666666667,1.0,0.3333333333333332,12.4,-1.5,12.4,-1.5,12.4,-1.5,12.36425974,-1.524314245,1.2,-0.24512751897176108,-0.11666666666666665,134992711.33582887,0.1570823560438112,-0.5791473710597906
1482,344,"kadiogo(ouagadougou, la capitale",ouagadougou secteur 27,burkina_faso,11/16/2009,1,0,11.654779583612587,1.0,12.399109627372065,-1.477554274,-1.674724069,-1.727728016,1.6666666666666667,1.0,0.3333333333333332,12.4,-1.5,12.4,-1.5,12.4,-1.5,12.36425974,-1.524314245,1.2,-0.24512751897176108,-0.11666666666666665,134992711.33582887,0.1570823560438112,-0.5791473710597906
1483,345,"kadiogo(ouagadougou, la capitale",ouagadougou secteur 27,burkina_faso,11/17/2009,1,0,9.581726203977802,1.0,12.399109627372065,-1.477554274,-1.674724069,-1.727728016,1.6666666666666667,1.0,0.3333333333333332,12.4,-1.5,12.4,-1.5,12.4,-1.5,12.36425974,-1.524314245,1.2,-0.24512751897176108,-0.11666666666666665,134992711.33582887,0.1570823560438112,-0.5791473710597906
1484,346,"kadiogo(ouagadougou, la capitale",ouagadougou secteur 27,burkina_faso,11/16/2009,3,0,3.8884831852848416,1.0,12.399109627372065,-1.477554274,-1.674724069,-1.727728016,1.6666666666666667,1.0,0.3333333333333332,12.4,-1.5,12.4,-1.5,12.4,-1.5,12.36425974,-1.524314245,1.2,-0.24512751897176108,-0.11666666666666665,134992711.33582887,0.1570823560438112,-0.5791473710597906
1485,347,"kadiogo(ouagadougou, la capitale",ouagadougou secteur 27,burkina_faso,11/16/2009,1,0,7.095915606,,12.399109627372065,-1.477554274,-1.674724069,-1.727728016,1.6666666666666667,1.0,0.3333333333333332,12.4,-1.5,12.4,-1.5,12.4,-1.5,12.36425974,-1.524314245,1.2,-0.24512751897176108,-0.11666666666666665,134992711.33582887,0.1570823560438112,-0.5791473710597906
1486,348,"kadiogo(ouagadougou, la capitale",ouagadougou secteur 27,burkina_faso,11/16/2009,5,0,10.012997175136254,,12.399109627372065,-1.477554274,-1.674724069,-1.727728016,1.6666666666666667,1.0,0.3333333333333332,12.4,-1.5,12.4,-1.5,12.4,-1.5,12.36425974,-1.524314245,1.2,-0.24512751897176108,-0.11666666666666665,134992711.33582887,0.1570823560438112,-0.5791473710597906
1487,349,"kadiogo(ouagadougou, la capitale",ouagadougou secteur 27,burkina_faso,11/15/2009,1,0,9.581726203977802,1.0,12.399109627372065,-1.477554274,-1.674724069,-1.727728016,1.6666666666666667,1.0,0.3333333333333332,12.4,-1.5,12.4,-1.5,12.4,-1.5,12.36425974,-1.524314245,1.2,-0.24512751897176108,-0.11666666666666665,134992711.33582887,0.1570823560438112,-0.5791473710597906
1488,350,"kadiogo(ouagadougou, la capitale",ouagadougou secteur 27,burkina_faso,11/15/2009,2,0,11.617143013685723,1.0,12.399109627372065,-1.477554274,-1.674724069,-1.727728016,1.6666666666666667,1.0,0.3333333333333332,12.4,-1.5,12.4,-1.5,12.4,-1.5,12.36425974,-1.524314245,1.2,-0.24512751897176108,-0.11666666666666665,134992711.33582887,0.1570823560438112,-0.5791473710597906
1489,351,"kadiogo(ouagadougou, la capitale",ouagadougou secteur 27,burkina_faso,11/15/2009,2,0,9.560219592591022,1.0,12.399109627372065,-1.477554274,-1.674724069,-1.727728016,1.6666666666666667,1.0,0.3333333333333332,12.4,-1.5,12.4,-1.5,12.4,-1.5,12.36425974,-1.524314245,1.2,-0.24512751897176108,-0.11666666666666665,134992711.33582887,0.1570823560438112,-0.5791473710597906
1490,370,"kadiogo(ouagadougou, la capitale",ouavougue,burkina_faso,11/4/2009,6,0,-0.924686981,1.0,12.358802531921253,-1.513194096,-1.693612523,-1.748929169,1.6666666666666667,1.0,0.3333333333333332,12.35,-1.5,12.35,-1.5,12.35,-1.5,12.36425974,-1.524314245,1.2,-0.268368939558665,-0.11666666666666665,134992711.33582887,0.15949199688134066,-0.5782525965864629
1491,371,"kadiogo(ouagadougou, la capitale",ouavougue,burkina_faso,11/4/2009,4,0,-0.978453509,,12.358802531921253,-1.513194096,-1.693612523,-1.748929169,1.6666666666666667,1.0,0.3333333333333332,12.35,-1.5,12.35,-1.5,12.35,-1.5,12.36425974,-1.524314245,1.2,-0.268368939558665,-0.11666666666666665,134992711.33582887,0.15949199688134066,-0.5782525965864629
1492,372,"kadiogo(ouagadougou, la capitale",ouavougue,burkina_faso,11/4/2009,4,0,-0.978453509,,12.358802531921253,-1.513194096,-1.693612523,-1.748929169,1.6666666666666667,1.0,0.3333333333333332,12.35,-1.5,12.35,-1.5,12.35,-1.5,12.36425974,-1.524314245,1.2,-0.268368939558665,-0.11666666666666665,134992711.33582887,0.15949199688134066,-0.5782525965864629
1493,373,"kadiogo(ouagadougou, la capitale",ouavougue,burkina_faso,11/4/2009,12,0,-0.866427759,1.0,12.358802531921253,-1.513194096,-1.693612523,-1.748929169,1.6666666666666667,1.0,0.3333333333333332,12.35,-1.5,12.35,-1.5,12.35,-1.5,12.36425974,-1.524314245,1.2,-0.268368939558665,-0.11666666666666665,134992711.33582887,0.15949199688134066,-0.5782525965864629
1494,374,"kadiogo(ouagadougou, la capitale",ouavougue,burkina_faso,11/4/2009,7,0,0.6504277606828126,1.0,12.358802531921253,-1.513194096,-1.693612523,-1.748929169,1.6666666666666667,1.0,0.3333333333333332,12.35,-1.5,12.35,-1.5,12.35,-1.5,12.36425974,-1.524314245,1.2,-0.268368939558665,-0.11666666666666665,134992711.33582887,0.15949199688134066,-0.5782525965864629
1495,375,"kadiogo(ouagadougou, la capitale",ouavougue,burkina_faso,11/4/2009,6,0,-0.780401313,1.0,12.358802531921253,-1.513194096,-1.693612523,-1.748929169,1.6666666666666667,1.0,0.3333333333333332,12.35,-1.5,12.35,-1.5,12.35,-1.5,12.36425974,-1.524314245,1.2,-0.268368939558665,-0.11666666666666665,134992711.33582887,0.15949199688134066,-0.5782525965864629
1496,376,"kadiogo(ouagadougou, la capitale",ouavougue,burkina_faso,11/4/2009,8,0,-0.780401313,1.0,12.358802531921253,-1.513194096,-1.693612523,-1.748929169,1.6666666666666667,1.0,0.3333333333333332,12.35,-1.5,12.35,-1.5,12.35,-1.5,12.36425974,-1.524314245,1.2,-0.268368939558665,-0.11666666666666665,134992711.33582887,0.15949199688134066,-0.5782525965864629
1497,377,"kadiogo(ouagadougou, la capitale",ouavougue,burkina_faso,11/4/2009,4,0,-0.978453509,,12.358802531921253,-1.513194096,-1.693612523,-1.748929169,1.6666666666666667,1.0,0.3333333333333332,12.35,-1.5,12.35,-1.5,12.35,-1.5,12.36425974,-1.524314245,1.2,-0.268368939558665,-0.11666666666666665,134992711.33582887,0.15949199688134066,-0.5782525965864629
1498,378,"kadiogo(ouagadougou, la capitale",ouavougue,burkina_faso,11/4/2009,6,0,-0.935440287,,12.358802531921253,-1.513194096,-1.693612523,-1.748929169,1.6666666666666667,1.0,0.3333333333333332,12.35,-1.5,12.35,-1.5,12.35,-1.5,12.36425974,-1.524314245,1.2,-0.268368939558665,-0.11666666666666665,134992711.33582887,0.15949199688134066,-0.5782525965864629
1499,381,namentenga(boulsa),bougou,burkina_faso,11/7/2009,15,0,-0.946193592,,13.485007288017284,-0.428522595,-1.656924367,-1.656924367,1.0,0.3333333333333333,0.6666666666666667,13.5,-0.45,13.5,-0.45,13.5,-0.45,13.50282815,-0.431818664,0.4,-0.15692436695098877,-0.03620689655172409,131445606.5920893,0.16410115328072605,0.5992701607012143
1500,382,namentenga(boulsa),bougou,burkina_faso,11/7/2009,5,0,-0.580419676,,13.485007288017284,-0.428522595,-1.656924367,-1.656924367,1.0,0.3333333333333333,0.6666666666666667,13.5,-0.45,13.5,-0.45,13.5,-0.45,13.50282815,-0.431818664,0.4,-0.15692436695098877,-0.03620689655172409,131445606.5920893,0.16410115328072605,0.5992701607012143
1501,383,namentenga(boulsa),bougou,burkina_faso,11/7/2009,5,0,-0.928271416,,13.485007288017284,-0.428522595,-1.656924367,-1.656924367,1.0,0.3333333333333333,0.6666666666666667,13.5,-0.45,13.5,-0.45,13.5,-0.45,13.50282815,-0.431818664,0.4,-0.15692436695098877,-0.03620689655172409,131445606.5920893,0.16410115328072605,0.5992701607012143
1502,384,namentenga(boulsa),bougou,burkina_faso,11/7/2009,7,0,-0.758894702,,13.485007288017284,-0.428522595,-1.656924367,-1.656924367,1.0,0.3333333333333333,0.6666666666666667,13.5,-0.45,13.5,-0.45,13.5,-0.45,13.50282815,-0.431818664,0.4,-0.15692436695098877,-0.03620689655172409,131445606.5920893,0.16410115328072605,0.5992701607012143
1503,385,namentenga(boulsa),bougou,burkina_faso,11/7/2009,6,0,-0.758894702,,13.485007288017284,-0.428522595,-1.656924367,-1.656924367,1.0,0.3333333333333333,0.6666666666666667,13.5,-0.45,13.5,-0.45,13.5,-0.45,13.50282815,-0.431818664,0.4,-0.15692436695098877,-0.03620689655172409,131445606.5920893,0.16410115328072605,0.5992701607012143
1504,396,namentenga(boulsa),bougou,burkina_faso,11/8/2009,12,0,-0.978453509,,13.485007288017284,-0.428522595,-1.656924367,-1.656924367,1.0,0.3333333333333333,0.6666666666666667,13.5,-0.45,13.5,-0.45,13.5,-0.45,13.50282815,-0.431818664,0.4,-0.15692436695098877,-0.03620689655172409,131445606.5920893,0.16410115328072605,0.5992701607012143
1505,398,namentenga(boulsa),bougou,burkina_faso,11/7/2009,9,0,-0.94081694,1.0,13.485007288017284,-0.428522595,-1.656924367,-1.656924367,1.0,0.3333333333333333,0.6666666666666667,13.5,-0.45,13.5,-0.45,13.5,-0.45,13.50282815,-0.431818664,0.4,-0.15692436695098877,-0.03620689655172409,131445606.5920893,0.16410115328072605,0.5992701607012143
1506,402,namentenga(boulsa),bougou,burkina_faso,11/7/2009,6,0,-1.021466732,1.0,13.485007288017284,-0.428522595,-1.656924367,-1.656924367,1.0,0.3333333333333333,0.6666666666666667,13.5,-0.45,13.5,-0.45,13.5,-0.45,13.50282815,-0.431818664,0.4,-0.15692436695098877,-0.03620689655172409,131445606.5920893,0.16410115328072605,0.5992701607012143
1507,403,namentenga(boulsa),bougou,burkina_faso,11/7/2009,8,0,-0.921102546,1.0,13.485007288017284,-0.428522595,-1.656924367,-1.656924367,1.0,0.3333333333333333,0.6666666666666667,13.5,-0.45,13.5,-0.45,13.5,-0.45,13.50282815,-0.431818664,0.4,-0.15692436695098877,-0.03620689655172409,131445606.5920893,0.16410115328072605,0.5992701607012143
1508,405,namentenga(boulsa),bougou,burkina_faso,11/7/2009,4,0,-0.935440287,,13.485007288017284,-0.428522595,-1.656924367,-1.656924367,1.0,0.3333333333333333,0.6666666666666667,13.5,-0.45,13.5,-0.45,13.5,-0.45,13.50282815,-0.431818664,0.4,-0.15692436695098877,-0.03620689655172409,131445606.5920893,0.16410115328072605,0.5992701607012143
1509,418,namentenga(boulsa),dazanrin,burkina_faso,11/1/2009,6,0,-0.956946898,,12.660287851621774,-0.567514272,-1.681780398,-1.748540382,1.6666666666666667,0.6666666666666666,-0.166666667,12.65,-0.55,12.65,-0.55,12.65,-0.55,12.60199655,-0.694916179,0.8,-0.233320415019989,-0.075,192661617.4148026,0.18097608991632957,-0.8497189444957954
1510,419,namentenga(boulsa),dazanrin,burkina_faso,11/1/2009,11,0,-1.010713427,,12.660287851621774,-0.567514272,-1.681780398,-1.748540382,1.6666666666666667,0.6666666666666666,-0.166666667,12.65,-0.55,12.65,-0.55,12.65,-0.55,12.60199655,-0.694916179,0.8,-0.233320415019989,-0.075,192661617.4148026,0.18097608991632957,-0.8497189444957954
1511,420,namentenga(boulsa),dazanrin,burkina_faso,11/1/2009,12,0,-0.956946898,,12.660287851621774,-0.567514272,-1.681780398,-1.748540382,1.6666666666666667,0.6666666666666666,-0.166666667,12.65,-0.55,12.65,-0.55,12.65,-0.55,12.60199655,-0.694916179,0.8,-0.233320415019989,-0.075,192661617.4148026,0.18097608991632957,-0.8497189444957954
1512,421,namentenga(boulsa),dazanrin,burkina_faso,11/1/2009,11,0,-0.971284639,,12.660287851621774,-0.567514272,-1.681780398,-1.748540382,1.6666666666666667,0.6666666666666666,-0.166666667,12.65,-0.55,12.65,-0.55,12.65,-0.55,12.60199655,-0.694916179,0.8,-0.233320415019989,-0.075,192661617.4148026,0.18097608991632957,-0.8497189444957954
1513,422,namentenga(boulsa),dazanrin,burkina_faso,11/1/2009,6,0,-0.935440287,,12.660287851621774,-0.567514272,-1.681780398,-1.748540382,1.6666666666666667,0.6666666666666666,-0.166666667,12.65,-0.55,12.65,-0.55,12.65,-0.55,12.60199655,-0.694916179,0.8,-0.233320415019989,-0.075,192661617.4148026,0.18097608991632957,-0.8497189444957954
1514,423,namentenga(boulsa),dazanrin,burkina_faso,11/1/2009,5,0,-0.928271416,,12.660287851621774,-0.567514272,-1.681780398,-1.748540382,1.6666666666666667,0.6666666666666666,-0.166666667,12.65,-0.55,12.65,-0.55,12.65,-0.55,12.60199655,-0.694916179,0.8,-0.233320415019989,-0.075,192661617.4148026,0.18097608991632957,-0.8497189444957954
1515,424,namentenga(boulsa),dazanrin,burkina_faso,11/1/2009,5,0,-0.919310328,,12.660287851621774,-0.567514272,-1.681780398,-1.748540382,1.6666666666666667,0.6666666666666666,-0.166666667,12.65,-0.55,12.65,-0.55,12.65,-0.55,12.60199655,-0.694916179,0.8,-0.233320415019989,-0.075,192661617.4148026,0.18097608991632957,-0.8497189444957954
1516,425,namentenga(boulsa),dazanrin,burkina_faso,11/1/2009,7,0,-0.942609157,,12.660287851621774,-0.567514272,-1.681780398,-1.748540382,1.6666666666666667,0.6666666666666666,-0.166666667,12.65,-0.55,12.65,-0.55,12.65,-0.55,12.60199655,-0.694916179,0.8,-0.233320415019989,-0.075,192661617.4148026,0.18097608991632957,-0.8497189444957954
1517,426,namentenga(boulsa),dazanrin,burkina_faso,11/1/2009,7,0,-0.967700204,,12.660287851621774,-0.567514272,-1.681780398,-1.748540382,1.6666666666666667,0.6666666666666666,-0.166666667,12.65,-0.55,12.65,-0.55,12.65,-0.55,12.60199655,-0.694916179,0.8,-0.233320415019989,-0.075,192661617.4148026,0.18097608991632957,-0.8497189444957954
1518,427,namentenga(boulsa),dazanrin,burkina_faso,11/1/2009,8,0,-0.935440287,,12.660287851621774,-0.567514272,-1.681780398,-1.748540382,1.6666666666666667,0.6666666666666666,-0.166666667,12.65,-0.55,12.65,-0.55,12.65,-0.55,12.60199655,-0.694916179,0.8,-0.233320415019989,-0.075,192661617.4148026,0.18097608991632957,-0.8497189444957954
1519,429,namentenga(boulsa),dazanrin,burkina_faso,11/1/2009,5,0,-0.946193592,,12.660287851621774,-0.567514272,-1.681780398,-1.748540382,1.6666666666666667,0.6666666666666666,-0.166666667,12.65,-0.55,12.65,-0.55,12.65,-0.55,12.60199655,-0.694916179,0.8,-0.233320415019989,-0.075,192661617.4148026,0.18097608991632957,-0.8497189444957954
1520,430,namentenga(boulsa),dazanrin,burkina_faso,11/1/2009,7,0,-0.92253632,,12.660287851621774,-0.567514272,-1.681780398,-1.748540382,1.6666666666666667,0.6666666666666666,-0.166666667,12.65,-0.55,12.65,-0.55,12.65,-0.55,12.60199655,-0.694916179,0.8,-0.233320415019989,-0.075,192661617.4148026,0.18097608991632957,-0.8497189444957954
1521,431,namentenga(boulsa),dazanrin,burkina_faso,11/1/2009,8,0,-0.949778028,1.0,12.660287851621774,-0.567514272,-1.681780398,-1.748540382,1.6666666666666667,0.6666666666666666,-0.166666667,12.65,-0.55,12.65,-0.55,12.65,-0.55,12.60199655,-0.694916179,0.8,-0.233320415019989,-0.075,192661617.4148026,0.18097608991632957,-0.8497189444957954
1522,432,namentenga(boulsa),dazanrin,burkina_faso,11/1/2009,7,0,-0.92253632,,12.660287851621774,-0.567514272,-1.681780398,-1.748540382,1.6666666666666667,0.6666666666666666,-0.166666667,12.65,-0.55,12.65,-0.55,12.65,-0.55,12.60199655,-0.694916179,0.8,-0.233320415019989,-0.075,192661617.4148026,0.18097608991632957,-0.8497189444957954
1523,448,namentenga(boulsa),konkoara,burkina_faso,10/30/2009,11,0,0.2668030515871006,,12.660540911581377,-0.568371028,-1.681780398,-1.748540382,1.6666666666666667,0.6666666666666666,-0.166666667,12.65,-0.55,12.65,-0.55,12.65,-0.55,12.60199655,-0.694916179,0.8,-0.233320415019989,-0.075,192661617.4148026,0.18097608991632957,-0.8497189444957954
1524,449,namentenga(boulsa),konkoara,burkina_faso,10/30/2009,8,0,-0.949778028,,12.660540911581377,-0.568371028,-1.681780398,-1.748540382,1.6666666666666667,0.6666666666666666,-0.166666667,12.65,-0.55,12.65,-0.55,12.65,-0.55,12.60199655,-0.694916179,0.8,-0.233320415019989,-0.075,192661617.4148026,0.18097608991632957,-0.8497189444957954
1525,450,namentenga(boulsa),konkoara,burkina_faso,10/30/2009,7,0,-0.942609157,,12.660540911581377,-0.568371028,-1.681780398,-1.748540382,1.6666666666666667,0.6666666666666666,-0.166666667,12.65,-0.55,12.65,-0.55,12.65,-0.55,12.60199655,-0.694916179,0.8,-0.233320415019989,-0.075,192661617.4148026,0.18097608991632957,-0.8497189444957954
1526,451,namentenga(boulsa),konkoara,burkina_faso,10/30/2009,10,0,0.6363028954087028,,12.660540911581377,-0.568371028,-1.681780398,-1.748540382,1.6666666666666667,0.6666666666666666,-0.166666667,12.65,-0.55,12.65,-0.55,12.65,-0.55,12.60199655,-0.694916179,0.8,-0.233320415019989,-0.075,192661617.4148026,0.18097608991632957,-0.8497189444957954
1527,452,namentenga(boulsa),konkoara,burkina_faso,10/30/2009,10,0,-0.935440287,,12.660540911581377,-0.568371028,-1.681780398,-1.748540382,1.6666666666666667,0.6666666666666666,-0.166666667,12.65,-0.55,12.65,-0.55,12.65,-0.55,12.60199655,-0.694916179,0.8,-0.233320415019989,-0.075,192661617.4148026,0.18097608991632957,-0.8497189444957954
1528,454,namentenga(boulsa),konkoara,burkina_faso,10/30/2009,2,0,-0.935440287,,12.660540911581377,-0.568371028,-1.681780398,-1.748540382,1.6666666666666667,0.6666666666666666,-0.166666667,12.65,-0.55,12.65,-0.55,12.65,-0.55,12.60199655,-0.694916179,0.8,-0.233320415019989,-0.075,192661617.4148026,0.18097608991632957,-0.8497189444957954
1529,455,namentenga(boulsa),konkoara,burkina_faso,10/30/2009,6,0,-0.918234998,,12.660540911581377,-0.568371028,-1.681780398,-1.748540382,1.6666666666666667,0.6666666666666666,-0.166666667,12.65,-0.55,12.65,-0.55,12.65,-0.55,12.60199655,-0.694916179,0.8,-0.233320415019989,-0.075,192661617.4148026,0.18097608991632957,-0.8497189444957954
1530,460,namentenga(boulsa),silague,burkina_faso,11/5/2009,8,0,-0.917006048,,12.660540911581377,-0.568371028,-1.681780398,-1.748540382,1.6666666666666667,0.6666666666666666,-0.166666667,12.65,-0.55,12.65,-0.55,12.65,-0.55,12.60199655,-0.694916179,0.8,-0.233320415019989,-0.075,192661617.4148026,0.18097608991632957,-0.8497189444957954
1531,461,namentenga(boulsa),silague,burkina_faso,11/5/2009,6,0,-0.956946898,,12.660540911581377,-0.568371028,-1.681780398,-1.748540382,1.6666666666666667,0.6666666666666666,-0.166666667,12.65,-0.55,12.65,-0.55,12.65,-0.55,12.60199655,-0.694916179,0.8,-0.233320415019989,-0.075,192661617.4148026,0.18097608991632957,-0.8497189444957954
1532,462,namentenga(boulsa),silague,burkina_faso,11/5/2009,10,0,-0.425380703,,12.660540911581377,-0.568371028,-1.681780398,-1.748540382,1.6666666666666667,0.6666666666666666,-0.166666667,12.65,-0.55,12.65,-0.55,12.65,-0.55,12.60199655,-0.694916179,0.8,-0.233320415019989,-0.075,192661617.4148026,0.18097608991632957,-0.8497189444957954
1533,463,namentenga(boulsa),silague,burkina_faso,11/5/2009,11,0,-0.591889869,,12.660540911581377,-0.568371028,-1.681780398,-1.748540382,1.6666666666666667,0.6666666666666666,-0.166666667,12.65,-0.55,12.65,-0.55,12.65,-0.55,12.60199655,-0.694916179,0.8,-0.233320415019989,-0.075,192661617.4148026,0.18097608991632957,-0.8497189444957954
1534,464,namentenga(boulsa),silague,burkina_faso,11/5/2009,14,0,-0.99279125,,12.660540911581377,-0.568371028,-1.681780398,-1.748540382,1.6666666666666667,0.6666666666666666,-0.166666667,12.65,-0.55,12.65,-0.55,12.65,-0.55,12.60199655,-0.694916179,0.8,-0.233320415019989,-0.075,192661617.4148026,0.18097608991632957,-0.8497189444957954
1535,465,namentenga(boulsa),silague,burkina_faso,11/5/2009,16,0,-0.806209247,1.0,12.660540911581377,-0.568371028,-1.681780398,-1.748540382,1.6666666666666667,0.6666666666666666,-0.166666667,12.65,-0.55,12.65,-0.55,12.65,-0.55,12.60199655,-0.694916179,0.8,-0.233320415019989,-0.075,192661617.4148026,0.18097608991632957,-0.8497189444957954
1536,466,namentenga(boulsa),silague,burkina_faso,11/5/2009,9,0,-0.428248251,1.0,12.660540911581377,-0.568371028,-1.681780398,-1.748540382,1.6666666666666667,0.6666666666666666,-0.166666667,12.65,-0.55,12.65,-0.55,12.65,-0.55,12.60199655,-0.694916179,0.8,-0.233320415019989,-0.075,192661617.4148026,0.18097608991632957,-0.8497189444957954
1537,468,namentenga(boulsa),silague,burkina_faso,11/6/2009,6,0,-0.924686981,,12.660540911581377,-0.568371028,-1.681780398,-1.748540382,1.6666666666666667,0.6666666666666666,-0.166666667,12.65,-0.55,12.65,-0.55,12.65,-0.55,12.60199655,-0.694916179,0.8,-0.233320415019989,-0.075,192661617.4148026,0.18097608991632957,-0.8497189444957954
1538,469,namentenga(boulsa),silague,burkina_faso,11/5/2009,2,0,-0.913933675,1.0,12.660540911581377,-0.568371028,-1.681780398,-1.748540382,1.6666666666666667,0.6666666666666666,-0.166666667,12.65,-0.55,12.65,-0.55,12.65,-0.55,12.60199655,-0.694916179,0.8,-0.233320415019989,-0.075,192661617.4148026,0.18097608991632957,-0.8497189444957954
1539,487,namentenga(boulsa),tougri secteur 5,burkina_faso,11/10/2009,2,0,-0.913933675,1.0,13.31319193510866,-0.526893673,-1.640898347,-1.640898347,1.0,0.1666666666666666,-0.166666667,13.3,-0.55,13.3,-0.55,13.3,-0.55,13.33129204,-0.431818664,0.2,-0.14089834690093994,-0.017796610169491522,260607319.5464872,0.1678794247648287,0.37892878719915024
1540,488,namentenga(boulsa),tougri secteur 5,burkina_faso,11/10/2009,10,0,-0.598341852,,13.31319193510866,-0.526893673,-1.640898347,-1.640898347,1.0,0.1666666666666666,-0.166666667,13.3,-0.55,13.3,-0.55,13.3,-0.55,13.33129204,-0.431818664,0.2,-0.14089834690093994,-0.017796610169491522,260607319.5464872,0.1678794247648287,0.37892878719915024
1541,489,namentenga(boulsa),tougri secteur 5,burkina_faso,11/10/2009,14,0,-0.582211894,1.0,13.31319193510866,-0.526893673,-1.640898347,-1.640898347,1.0,0.1666666666666666,-0.166666667,13.3,-0.55,13.3,-0.55,13.3,-0.55,13.33129204,-0.431818664,0.2,-0.14089834690093994,-0.017796610169491522,260607319.5464872,0.1678794247648287,0.37892878719915024
1542,490,namentenga(boulsa),tougri secteur 5,burkina_faso,11/10/2009,3,0,-0.924686981,,13.31319193510866,-0.526893673,-1.640898347,-1.640898347,1.0,0.1666666666666666,-0.166666667,13.3,-0.55,13.3,-0.55,13.3,-0.55,13.33129204,-0.431818664,0.2,-0.14089834690093994,-0.017796610169491522,260607319.5464872,0.1678794247648287,0.37892878719915024
1543,491,namentenga(boulsa),tougri secteur 5,burkina_faso,11/10/2009,7,0,-0.57468458,,13.31319193510866,-0.526893673,-1.640898347,-1.640898347,1.0,0.1666666666666666,-0.166666667,13.3,-0.55,13.3,-0.55,13.3,-0.55,13.33129204,-0.431818664,0.2,-0.14089834690093994,-0.017796610169491522,260607319.5464872,0.1678794247648287,0.37892878719915024
1544,492,namentenga(boulsa),tougri secteur 5,burkina_faso,11/10/2009,8,0,-0.949778028,,13.31319193510866,-0.526893673,-1.640898347,-1.640898347,1.0,0.1666666666666666,-0.166666667,13.3,-0.55,13.3,-0.55,13.3,-0.55,13.33129204,-0.431818664,0.2,-0.14089834690093994,-0.017796610169491522,260607319.5464872,0.1678794247648287,0.37892878719915024
1545,493,namentenga(boulsa),tougri secteur 5,burkina_faso,11/10/2009,3,0,-0.956946898,,13.31319193510866,-0.526893673,-1.640898347,-1.640898347,1.0,0.1666666666666666,-0.166666667,13.3,-0.55,13.3,-0.55,13.3,-0.55,13.33129204,-0.431818664,0.2,-0.14089834690093994,-0.017796610169491522,260607319.5464872,0.1678794247648287,0.37892878719915024
1546,494,namentenga(boulsa),tougri secteur 5,burkina_faso,11/10/2009,5,0,-0.928271416,,13.31319193510866,-0.526893673,-1.640898347,-1.640898347,1.0,0.1666666666666666,-0.166666667,13.3,-0.55,13.3,-0.55,13.3,-0.55,13.33129204,-0.431818664,0.2,-0.14089834690093994,-0.017796610169491522,260607319.5464872,0.1678794247648287,0.37892878719915024
1547,511,namentenga(boulsa),tougri secteur 5,burkina_faso,11/10/2009,4,0,-0.935440287,,13.31319193510866,-0.526893673,-1.640898347,-1.640898347,1.0,0.1666666666666666,-0.166666667,13.3,-0.55,13.3,-0.55,13.3,-0.55,13.33129204,-0.431818664,0.2,-0.14089834690093994,-0.017796610169491522,260607319.5464872,0.1678794247648287,0.37892878719915024
1548,518,namentenga(boulsa),youguin,burkina_faso,11/3/2009,5,0,-0.946193592,,12.660540911581377,-0.568371028,-1.681780398,-1.748540382,1.6666666666666667,0.6666666666666666,-0.166666667,12.65,-0.55,12.65,-0.55,12.65,-0.55,12.60199655,-0.694916179,0.8,-0.233320415019989,-0.075,192661617.4148026,0.18097608991632957,-0.8497189444957954
1549,519,namentenga(boulsa),youguin,burkina_faso,11/3/2009,8,0,-0.949778028,,12.660540911581377,-0.568371028,-1.681780398,-1.748540382,1.6666666666666667,0.6666666666666666,-0.166666667,12.65,-0.55,12.65,-0.55,12.65,-0.55,12.60199655,-0.694916179,0.8,-0.233320415019989,-0.075,192661617.4148026,0.18097608991632957,-0.8497189444957954
1550,521,namentenga(boulsa),youguin,burkina_faso,11/3/2009,5,0,-0.999960121,,12.660540911581377,-0.568371028,-1.681780398,-1.748540382,1.6666666666666667,0.6666666666666666,-0.166666667,12.65,-0.55,12.65,-0.55,12.65,-0.55,12.60199655,-0.694916179,0.8,-0.233320415019989,-0.075,192661617.4148026,0.18097608991632957,-0.8497189444957954
1551,523,namentenga(boulsa),youguin,burkina_faso,11/3/2009,19,0,-0.585437886,1.0,12.660540911581377,-0.568371028,-1.681780398,-1.748540382,1.6666666666666667,0.6666666666666666,-0.166666667,12.65,-0.55,12.65,-0.55,12.65,-0.55,12.60199655,-0.694916179,0.8,-0.233320415019989,-0.075,192661617.4148026,0.18097608991632957,-0.8497189444957954
1552,526,namentenga(boulsa),youguin,burkina_faso,11/3/2009,10,0,-0.919310328,,12.660540911581377,-0.568371028,-1.681780398,-1.748540382,1.6666666666666667,0.6666666666666666,-0.166666667,12.65,-0.55,12.65,-0.55,12.65,-0.55,12.60199655,-0.694916179,0.8,-0.233320415019989,-0.075,192661617.4148026,0.18097608991632957,-0.8497189444957954
1553,527,namentenga(boulsa),youguin,burkina_faso,11/3/2009,8,0,1.5611236172601226,,12.660540911581377,-0.568371028,-1.681780398,-1.748540382,1.6666666666666667,0.6666666666666666,-0.166666667,12.65,-0.55,12.65,-0.55,12.65,-0.55,12.60199655,-0.694916179,0.8,-0.233320415019989,-0.075,192661617.4148026,0.18097608991632957,-0.8497189444957954
1554,528,namentenga(boulsa),youguin,burkina_faso,11/2/2009,8,0,-0.926837642,,12.660540911581377,-0.568371028,-1.681780398,-1.748540382,1.6666666666666667,0.6666666666666666,-0.166666667,12.65,-0.55,12.65,-0.55,12.65,-0.55,12.60199655,-0.694916179,0.8,-0.233320415019989,-0.075,192661617.4148026,0.18097608991632957,-0.8497189444957954
1555,530,namentenga(boulsa),youguin,burkina_faso,11/3/2009,7,0,-0.942609157,,12.660540911581377,-0.568371028,-1.681780398,-1.748540382,1.6666666666666667,0.6666666666666666,-0.166666667,12.65,-0.55,12.65,-0.55,12.65,-0.55,12.60199655,-0.694916179,0.8,-0.233320415019989,-0.075,192661617.4148026,0.18097608991632957,-0.8497189444957954
1556,531,namentenga(boulsa),youguin,burkina_faso,11/3/2009,11,0,-0.931855851,1.0,12.660540911581377,-0.568371028,-1.681780398,-1.748540382,1.6666666666666667,0.6666666666666666,-0.166666667,12.65,-0.55,12.65,-0.55,12.65,-0.55,12.60199655,-0.694916179,0.8,-0.233320415019989,-0.075,192661617.4148026,0.18097608991632957,-0.8497189444957954
1557,535,namentenga(boulsa),youguin,burkina_faso,11/2/2009,10,0,-0.946193592,,12.660540911581377,-0.568371028,-1.681780398,-1.748540382,1.6666666666666667,0.6666666666666666,-0.166666667,12.65,-0.55,12.65,-0.55,12.65,-0.55,12.60199655,-0.694916179,0.8,-0.233320415019989,-0.075,192661617.4148026,0.18097608991632957,-0.8497189444957954
1558,537,namentenga(boulsa),youguin,burkina_faso,11/3/2009,4,0,-0.978453509,,12.660540911581377,-0.568371028,-1.681780398,-1.748540382,1.6666666666666667,0.6666666666666666,-0.166666667,12.65,-0.55,12.65,-0.55,12.65,-0.55,12.60199655,-0.694916179,0.8,-0.233320415019989,-0.075,192661617.4148026,0.18097608991632957,-0.8497189444957954
1559,538,namentenga(boulsa),youguin,burkina_faso,11/3/2009,6,0,-0.587588547,,12.660540911581377,-0.568371028,-1.681780398,-1.748540382,1.6666666666666667,0.6666666666666666,-0.166666667,12.65,-0.55,12.65,-0.55,12.65,-0.55,12.60199655,-0.694916179,0.8,-0.233320415019989,-0.075,192661617.4148026,0.18097608991632957,-0.8497189444957954
1560,541,sanmatenga(kaya),arouem,burkina_faso,11/4/2009,8,0,-0.949778028,1.0,13.096810194780764,-1.086335777,-1.677620932,-1.73793523,1.25,0.8333333333333334,-0.433333333,13.1,-1.1,13.1,-1.1,13.1,-1.1,13.09217767,-1.083499768,0.8,-0.2890213131904602,-0.07499999999999998,75473947.14225903,0.16635879581192195,-1.2817542171050573
1561,542,sanmatenga(kaya),arouem,burkina_faso,11/4/2009,36,0,0.6384535565473808,1.0,13.096810194780764,-1.086335777,-1.677620932,-1.73793523,1.25,0.8333333333333334,-0.433333333,13.1,-1.1,13.1,-1.1,13.1,-1.1,13.09217767,-1.083499768,0.8,-0.2890213131904602,-0.07499999999999998,75473947.14225903,0.16635879581192195,-1.2817542171050573
1562,543,sanmatenga(kaya),arouem,burkina_faso,11/5/2009,7,0,-0.942609157,,13.096810194780764,-1.086335777,-1.677620932,-1.73793523,1.25,0.8333333333333334,-0.433333333,13.1,-1.1,13.1,-1.1,13.1,-1.1,13.09217767,-1.083499768,0.8,-0.2890213131904602,-0.07499999999999998,75473947.14225903,0.16635879581192195,-1.2817542171050573
1563,544,sanmatenga(kaya),arouem,burkina_faso,11/4/2009,8,0,-0.935440287,,13.096810194780764,-1.086335777,-1.677620932,-1.73793523,1.25,0.8333333333333334,-0.433333333,13.1,-1.1,13.1,-1.1,13.1,-1.1,13.09217767,-1.083499768,0.8,-0.2890213131904602,-0.07499999999999998,75473947.14225903,0.16635879581192195,-1.2817542171050573
1564,545,sanmatenga(kaya),arouem,burkina_faso,11/5/2009,4,0,-0.913933675,,13.096810194780764,-1.086335777,-1.677620932,-1.73793523,1.25,0.8333333333333334,-0.433333333,13.1,-1.1,13.1,-1.1,13.1,-1.1,13.09217767,-1.083499768,0.8,-0.2890213131904602,-0.07499999999999998,75473947.14225903,0.16635879581192195,-1.2817542171050573
1565,546,sanmatenga(kaya),arouem,burkina_faso,11/4/2009,19,0,0.8308782653144468,,13.096810194780764,-1.086335777,-1.677620932,-1.73793523,1.25,0.8333333333333334,-0.433333333,13.1,-1.1,13.1,-1.1,13.1,-1.1,13.09217767,-1.083499768,0.8,-0.2890213131904602,-0.07499999999999998,75473947.14225903,0.16635879581192195,-1.2817542171050573
1566,547,sanmatenga(kaya),arouem,burkina_faso,11/5/2009,7,0,-0.414627397,,13.096810194780764,-1.086335777,-1.677620932,-1.73793523,1.25,0.8333333333333334,-0.433333333,13.1,-1.1,13.1,-1.1,13.1,-1.1,13.09217767,-1.083499768,0.8,-0.2890213131904602,-0.07499999999999998,75473947.14225903,0.16635879581192195,-1.2817542171050573
1567,548,sanmatenga(kaya),arouem,burkina_faso,11/4/2009,8,0,-0.935440287,1.0,13.096810194780764,-1.086335777,-1.677620932,-1.73793523,1.25,0.8333333333333334,-0.433333333,13.1,-1.1,13.1,-1.1,13.1,-1.1,13.09217767,-1.083499768,0.8,-0.2890213131904602,-0.07499999999999998,75473947.14225903,0.16635879581192195,-1.2817542171050573
1568,549,sanmatenga(kaya),arouem,burkina_faso,11/4/2009,8,0,-0.949778028,,13.096810194780764,-1.086335777,-1.677620932,-1.73793523,1.25,0.8333333333333334,-0.433333333,13.1,-1.1,13.1,-1.1,13.1,-1.1,13.09217767,-1.083499768,0.8,-0.2890213131904602,-0.07499999999999998,75473947.14225903,0.16635879581192195,-1.2817542171050573
1569,572,sanmatenga(kaya),bagbin-noungou,burkina_faso,10/29/2009,13,0,-0.824161272,,12.72713,-1.05162,-1.70760411,-1.735114127,1.25,1.0,-0.333333333,12.75,-1.05,12.75,-1.05,12.75,-1.05,12.75482216,-1.073963321,1.0,-0.2703947782516479,-0.09545454545454547,154533333.3650556,0.18758024397815262,-0.8956269592449828
1570,574,sanmatenga(kaya),bagbin-noungou,burkina_faso,10/29/2009,8,0,-0.935440287,,12.72713,-1.05162,-1.70760411,-1.735114127,1.25,1.0,-0.333333333,12.75,-1.05,12.75,-1.05,12.75,-1.05,12.75482216,-1.073963321,1.0,-0.2703947782516479,-0.09545454545454547,154533333.3650556,0.18758024397815262,-0.8956269592449828
1571,576,sanmatenga(kaya),bagbin-noungou,burkina_faso,10/29/2009,13,0,-0.824161272,,12.72713,-1.05162,-1.70760411,-1.735114127,1.25,1.0,-0.333333333,12.75,-1.05,12.75,-1.05,12.75,-1.05,12.75482216,-1.073963321,1.0,-0.2703947782516479,-0.09545454545454547,154533333.3650556,0.18758024397815262,-0.8956269592449828
1572,577,sanmatenga(kaya),bagbin-noungou,burkina_faso,10/30/2009,11,0,-0.926223168,,12.72713,-1.05162,-1.70760411,-1.735114127,1.25,1.0,-0.333333333,12.75,-1.05,12.75,-1.05,12.75,-1.05,12.75482216,-1.073963321,1.0,-0.2703947782516479,-0.09545454545454547,154533333.3650556,0.18758024397815262,-0.8956269592449828
1573,578,sanmatenga(kaya),bagbin-noungou,burkina_faso,10/30/2009,12,0,-0.944042931,,12.72713,-1.05162,-1.70760411,-1.735114127,1.25,1.0,-0.333333333,12.75,-1.05,12.75,-1.05,12.75,-1.05,12.75482216,-1.073963321,1.0,-0.2703947782516479,-0.09545454545454547,154533333.3650556,0.18758024397815262,-0.8956269592449828
1574,579,sanmatenga(kaya),bagbin-noungou,burkina_faso,10/29/2009,10,0,-0.587588547,,12.72713,-1.05162,-1.70760411,-1.735114127,1.25,1.0,-0.333333333,12.75,-1.05,12.75,-1.05,12.75,-1.05,12.75482216,-1.073963321,1.0,-0.2703947782516479,-0.09545454545454547,154533333.3650556,0.18758024397815262,-0.8956269592449828
1575,580,sanmatenga(kaya),bagbin-noungou,burkina_faso,10/29/2009,5,0,-0.946193592,,12.72713,-1.05162,-1.70760411,-1.735114127,1.25,1.0,-0.333333333,12.75,-1.05,12.75,-1.05,12.75,-1.05,12.75482216,-1.073963321,1.0,-0.2703947782516479,-0.09545454545454547,154533333.3650556,0.18758024397815262,-0.8956269592449828
1576,581,sanmatenga(kaya),bagbin-noungou,burkina_faso,10/29/2009,7,0,-0.88793437,,12.72713,-1.05162,-1.70760411,-1.735114127,1.25,1.0,-0.333333333,12.75,-1.05,12.75,-1.05,12.75,-1.05,12.75482216,-1.073963321,1.0,-0.2703947782516479,-0.09545454545454547,154533333.3650556,0.18758024397815262,-0.8956269592449828
1577,582,sanmatenga(kaya),bagbin-noungou,burkina_faso,10/29/2009,21,0,-0.454056185,1.0,12.72713,-1.05162,-1.70760411,-1.735114127,1.25,1.0,-0.333333333,12.75,-1.05,12.75,-1.05,12.75,-1.05,12.75482216,-1.073963321,1.0,-0.2703947782516479,-0.09545454545454547,154533333.3650556,0.18758024397815262,-0.8956269592449828
1578,583,sanmatenga(kaya),bagbin-noungou,burkina_faso,10/30/2009,3,0,-0.956946898,,12.72713,-1.05162,-1.70760411,-1.735114127,1.25,1.0,-0.333333333,12.75,-1.05,12.75,-1.05,12.75,-1.05,12.75482216,-1.073963321,1.0,-0.2703947782516479,-0.09545454545454547,154533333.3650556,0.18758024397815262,-0.8956269592449828
1579,584,sanmatenga(kaya),bagbin-noungou,burkina_faso,10/29/2009,2,0,-0.935440287,,12.72713,-1.05162,-1.70760411,-1.735114127,1.25,1.0,-0.333333333,12.75,-1.05,12.75,-1.05,12.75,-1.05,12.75482216,-1.073963321,1.0,-0.2703947782516479,-0.09545454545454547,154533333.3650556,0.18758024397815262,-0.8956269592449828
1580,585,sanmatenga(kaya),bagbin-noungou,burkina_faso,10/29/2009,7,0,-0.619848464,,12.72713,-1.05162,-1.70760411,-1.735114127,1.25,1.0,-0.333333333,12.75,-1.05,12.75,-1.05,12.75,-1.05,12.75482216,-1.073963321,1.0,-0.2703947782516479,-0.09545454545454547,154533333.3650556,0.18758024397815262,-0.8956269592449828
1581,586,sanmatenga(kaya),bagbin-noungou,burkina_faso,10/29/2009,6,0,-1.021466732,,12.72713,-1.05162,-1.70760411,-1.735114127,1.25,1.0,-0.333333333,12.75,-1.05,12.75,-1.05,12.75,-1.05,12.75482216,-1.073963321,1.0,-0.2703947782516479,-0.09545454545454547,154533333.3650556,0.18758024397815262,-0.8956269592449828
1582,587,sanmatenga(kaya),bagbin-noungou,burkina_faso,10/30/2009,6,0,-1.021466732,1.0,12.72713,-1.05162,-1.70760411,-1.735114127,1.25,1.0,-0.333333333,12.75,-1.05,12.75,-1.05,12.75,-1.05,12.75482216,-1.073963321,1.0,-0.2703947782516479,-0.09545454545454547,154533333.3650556,0.18758024397815262,-0.8956269592449828
1583,595,sanmatenga(kaya),bagmiougou,burkina_faso,11/5/2009,5,0,-0.193074439,,13.096810194780764,-1.086335777,-1.677620932,-1.73793523,1.25,0.8333333333333334,-0.433333333,13.1,-1.1,13.1,-1.1,13.1,-1.1,13.09217767,-1.083499768,0.8,-0.2890213131904602,-0.07499999999999998,75473947.14225903,0.16635879581192195,-1.2817542171050573
1584,596,sanmatenga(kaya),bagmiougou,burkina_faso,11/6/2009,6,0,-0.189490004,,13.096810194780764,-1.086335777,-1.677620932,-1.73793523,1.25,0.8333333333333334,-0.433333333,13.1,-1.1,13.1,-1.1,13.1,-1.1,13.09217767,-1.083499768,0.8,-0.2890213131904602,-0.07499999999999998,75473947.14225903,0.16635879581192195,-1.2817542171050573
1585,598,sanmatenga(kaya),bagmiougou,burkina_faso,11/5/2009,5,0,-0.193074439,,13.096810194780764,-1.086335777,-1.677620932,-1.73793523,1.25,0.8333333333333334,-0.433333333,13.1,-1.1,13.1,-1.1,13.1,-1.1,13.09217767,-1.083499768,0.8,-0.2890213131904602,-0.07499999999999998,75473947.14225903,0.16635879581192195,-1.2817542171050573
1586,604,sanmatenga(kaya),bagmiougou,burkina_faso,11/5/2009,11,0,-0.931855851,1.0,13.096810194780764,-1.086335777,-1.677620932,-1.73793523,1.25,0.8333333333333334,-0.433333333,13.1,-1.1,13.1,-1.1,13.1,-1.1,13.09217767,-1.083499768,0.8,-0.2890213131904602,-0.07499999999999998,75473947.14225903,0.16635879581192195,-1.2817542171050573
1587,605,sanmatenga(kaya),bagmiougou,burkina_faso,11/6/2009,5,0,-0.580419676,1.0,13.096810194780764,-1.086335777,-1.677620932,-1.73793523,1.25,0.8333333333333334,-0.433333333,13.1,-1.1,13.1,-1.1,13.1,-1.1,13.09217767,-1.083499768,0.8,-0.2890213131904602,-0.07499999999999998,75473947.14225903,0.16635879581192195,-1.2817542171050573
1588,606,sanmatenga(kaya),bagmiougou,burkina_faso,11/5/2009,5,0,-0.928271416,1.0,13.096810194780764,-1.086335777,-1.677620932,-1.73793523,1.25,0.8333333333333334,-0.433333333,13.1,-1.1,13.1,-1.1,13.1,-1.1,13.09217767,-1.083499768,0.8,-0.2890213131904602,-0.07499999999999998,75473947.14225903,0.16635879581192195,-1.2817542171050573
1589,619,sanmatenga(kaya),bagmiougou,burkina_faso,11/6/2009,16,0,-0.935440287,,13.096810194780764,-1.086335777,-1.677620932,-1.73793523,1.25,0.8333333333333334,-0.433333333,13.1,-1.1,13.1,-1.1,13.1,-1.1,13.09217767,-1.083499768,0.8,-0.2890213131904602,-0.07499999999999998,75473947.14225903,0.16635879581192195,-1.2817542171050573
1590,620,sanmatenga(kaya),bagmiougou,burkina_faso,11/5/2009,17,0,-0.938128613,1.0,13.096810194780764,-1.086335777,-1.677620932,-1.73793523,1.25,0.8333333333333334,-0.433333333,13.1,-1.1,13.1,-1.1,13.1,-1.1,13.09217767,-1.083499768,0.8,-0.2890213131904602,-0.07499999999999998,75473947.14225903,0.16635879581192195,-1.2817542171050573
1591,621,sanmatenga(kaya),bagmiougou,burkina_faso,11/5/2009,7,0,-0.232503227,,13.096810194780764,-1.086335777,-1.677620932,-1.73793523,1.25,0.8333333333333334,-0.433333333,13.1,-1.1,13.1,-1.1,13.1,-1.1,13.09217767,-1.083499768,0.8,-0.2890213131904602,-0.07499999999999998,75473947.14225903,0.16635879581192195,-1.2817542171050573
1592,622,sanmatenga(kaya),basebrike,burkina_faso,11/7/2009,11,0,-0.971284639,,13.096810194780764,-1.086335777,-1.677620932,-1.73793523,1.25,0.8333333333333334,-0.433333333,13.1,-1.1,13.1,-1.1,13.1,-1.1,13.09217767,-1.083499768,0.8,-0.2890213131904602,-0.07499999999999998,75473947.14225903,0.16635879581192195,-1.2817542171050573
1593,623,sanmatenga(kaya),basebrike,burkina_faso,11/7/2009,10,0,-0.964115769,,13.096810194780764,-1.086335777,-1.677620932,-1.73793523,1.25,0.8333333333333334,-0.433333333,13.1,-1.1,13.1,-1.1,13.1,-1.1,13.09217767,-1.083499768,0.8,-0.2890213131904602,-0.07499999999999998,75473947.14225903,0.16635879581192195,-1.2817542171050573
1594,629,sanmatenga(kaya),basebrike,burkina_faso,11/7/2009,4,0,-0.935440287,,13.096810194780764,-1.086335777,-1.677620932,-1.73793523,1.25,0.8333333333333334,-0.433333333,13.1,-1.1,13.1,-1.1,13.1,-1.1,13.09217767,-1.083499768,0.8,-0.2890213131904602,-0.07499999999999998,75473947.14225903,0.16635879581192195,-1.2817542171050573
1595,635,sanmatenga(kaya),basebrike,burkina_faso,11/7/2009,4,0,-0.185905569,1.0,13.096810194780764,-1.086335777,-1.677620932,-1.73793523,1.25,0.8333333333333334,-0.433333333,13.1,-1.1,13.1,-1.1,13.1,-1.1,13.09217767,-1.083499768,0.8,-0.2890213131904602,-0.07499999999999998,75473947.14225903,0.16635879581192195,-1.2817542171050573
1596,636,sanmatenga(kaya),basebrike,burkina_faso,11/7/2009,11,0,-0.926223168,1.0,13.096810194780764,-1.086335777,-1.677620932,-1.73793523,1.25,0.8333333333333334,-0.433333333,13.1,-1.1,13.1,-1.1,13.1,-1.1,13.09217767,-1.083499768,0.8,-0.2890213131904602,-0.07499999999999998,75473947.14225903,0.16635879581192195,-1.2817542171050573
1597,637,sanmatenga(kaya),basebrike,burkina_faso,11/7/2009,14,0,-0.578030053,,13.096810194780764,-1.086335777,-1.677620932,-1.73793523,1.25,0.8333333333333334,-0.433333333,13.1,-1.1,13.1,-1.1,13.1,-1.1,13.09217767,-1.083499768,0.8,-0.2890213131904602,-0.07499999999999998,75473947.14225903,0.16635879581192195,-1.2817542171050573
1598,640,sanmatenga(kaya),basebrike,burkina_faso,11/7/2009,7,0,-0.930063634,,13.096810194780764,-1.086335777,-1.677620932,-1.73793523,1.25,0.8333333333333334,-0.433333333,13.1,-1.1,13.1,-1.1,13.1,-1.1,13.09217767,-1.083499768,0.8,-0.2890213131904602,-0.07499999999999998,75473947.14225903,0.16635879581192195,-1.2817542171050573
1599,641,sanmatenga(kaya),basebrike,burkina_faso,11/7/2009,12,0,-0.243256532,1.0,13.096810194780764,-1.086335777,-1.677620932,-1.73793523,1.25,0.8333333333333334,-0.433333333,13.1,-1.1,13.1,-1.1,13.1,-1.1,13.09217767,-1.083499768,0.8,-0.2890213131904602,-0.07499999999999998,75473947.14225903,0.16635879581192195,-1.2817542171050573
1600,642,sanmatenga(kaya),basebrike,burkina_faso,11/8/2009,15,0,-0.580419676,1.0,13.096810194780764,-1.086335777,-1.677620932,-1.73793523,1.25,0.8333333333333334,-0.433333333,13.1,-1.1,13.1,-1.1,13.1,-1.1,13.09217767,-1.083499768,0.8,-0.2890213131904602,-0.07499999999999998,75473947.14225903,0.16635879581192195,-1.2817542171050573
1601,649,sanmatenga(kaya),bawenne,burkina_faso,10/31/2009,7,0,-0.427172921,1.0,13.096810194780764,-1.086335777,-1.677620932,-1.73793523,1.25,0.8333333333333334,-0.433333333,13.1,-1.1,13.1,-1.1,13.1,-1.1,13.09217767,-1.083499768,0.8,-0.2890213131904602,-0.07499999999999998,75473947.14225903,0.16635879581192195,-1.2817542171050573
1602,650,sanmatenga(kaya),bawenne,burkina_faso,10/31/2009,10,0,-0.946193592,1.0,13.096810194780764,-1.086335777,-1.677620932,-1.73793523,1.25,0.8333333333333334,-0.433333333,13.1,-1.1,13.1,-1.1,13.1,-1.1,13.09217767,-1.083499768,0.8,-0.2890213131904602,-0.07499999999999998,75473947.14225903,0.16635879581192195,-1.2817542171050573
1603,651,sanmatenga(kaya),bawenne,burkina_faso,10/31/2009,3,0,-0.924686981,1.0,13.096810194780764,-1.086335777,-1.677620932,-1.73793523,1.25,0.8333333333333334,-0.433333333,13.1,-1.1,13.1,-1.1,13.1,-1.1,13.09217767,-1.083499768,0.8,-0.2890213131904602,-0.07499999999999998,75473947.14225903,0.16635879581192195,-1.2817542171050573
1604,664,sanmatenga(kaya),bawenne,burkina_faso,10/31/2009,5,0,-0.210996615,,13.096810194780764,-1.086335777,-1.677620932,-1.73793523,1.25,0.8333333333333334,-0.433333333,13.1,-1.1,13.1,-1.1,13.1,-1.1,13.09217767,-1.083499768,0.8,-0.2890213131904602,-0.07499999999999998,75473947.14225903,0.16635879581192195,-1.2817542171050573
1605,665,sanmatenga(kaya),bawenne,burkina_faso,10/31/2009,16,0,1.5659028642349628,,13.096810194780764,-1.086335777,-1.677620932,-1.73793523,1.25,0.8333333333333334,-0.433333333,13.1,-1.1,13.1,-1.1,13.1,-1.1,13.09217767,-1.083499768,0.8,-0.2890213131904602,-0.07499999999999998,75473947.14225903,0.16635879581192195,-1.2817542171050573
1606,666,sanmatenga(kaya),bawenne,burkina_faso,10/31/2009,6,0,0.1583617362518842,1.0,13.096810194780764,-1.086335777,-1.677620932,-1.73793523,1.25,0.8333333333333334,-0.433333333,13.1,-1.1,13.1,-1.1,13.1,-1.1,13.09217767,-1.083499768,0.8,-0.2890213131904602,-0.07499999999999998,75473947.14225903,0.16635879581192195,-1.2817542171050573
1607,671,sanmatenga(kaya),bawenne,burkina_faso,10/31/2009,14,0,-0.587588547,,13.096810194780764,-1.086335777,-1.677620932,-1.73793523,1.25,0.8333333333333334,-0.433333333,13.1,-1.1,13.1,-1.1,13.1,-1.1,13.09217767,-1.083499768,0.8,-0.2890213131904602,-0.07499999999999998,75473947.14225903,0.16635879581192195,-1.2817542171050573
1608,673,sanmatenga(kaya),bawenne,burkina_faso,10/31/2009,5,0,-0.946193592,,13.096810194780764,-1.086335777,-1.677620932,-1.73793523,1.25,0.8333333333333334,-0.433333333,13.1,-1.1,13.1,-1.1,13.1,-1.1,13.09217767,-1.083499768,0.8,-0.2890213131904602,-0.07499999999999998,75473947.14225903,0.16635879581192195,-1.2817542171050573
1609,674,sanmatenga(kaya),bawenne,burkina_faso,10/31/2009,12,0,0.05985873,1.0,13.096810194780764,-1.086335777,-1.677620932,-1.73793523,1.25,0.8333333333333334,-0.433333333,13.1,-1.1,13.1,-1.1,13.1,-1.1,13.09217767,-1.083499768,0.8,-0.2890213131904602,-0.07499999999999998,75473947.14225903,0.16635879581192195,-1.2817542171050573
1610,679,sanmatenga(kaya),dablo,burkina_faso,10/30/2009,4,0,-0.766063572,,13.736331794273273,-1.177869042,-1.599071503,-1.737089992,2.0,0.1666666666666666,-0.166666667,13.75,-1.2,13.75,-1.2,13.75,-1.2,13.50282815,-1.190020734,0.2,-0.23708999156951904,-0.017796610169491522,260607319.5464872,0.16571054685294556,1.145603651741552
1611,680,sanmatenga(kaya),dablo,burkina_faso,10/30/2009,6,0,-0.956946898,,13.736331794273273,-1.177869042,-1.599071503,-1.737089992,2.0,0.1666666666666666,-0.166666667,13.75,-1.2,13.75,-1.2,13.75,-1.2,13.50282815,-1.190020734,0.2,-0.23708999156951904,-0.017796610169491522,260607319.5464872,0.16571054685294556,1.145603651741552
1612,682,sanmatenga(kaya),dablo,burkina_faso,10/30/2009,20,0,0.6286219627705669,,13.736331794273273,-1.177869042,-1.599071503,-1.737089992,2.0,0.1666666666666666,-0.166666667,13.75,-1.2,13.75,-1.2,13.75,-1.2,13.50282815,-1.190020734,0.2,-0.23708999156951904,-0.017796610169491522,260607319.5464872,0.16571054685294556,1.145603651741552
1613,690,sanmatenga(kaya),dablo,burkina_faso,10/30/2009,5,0,-0.598341852,,13.736331794273273,-1.177869042,-1.599071503,-1.737089992,2.0,0.1666666666666666,-0.166666667,13.75,-1.2,13.75,-1.2,13.75,-1.2,13.50282815,-1.190020734,0.2,-0.23708999156951904,-0.017796610169491522,260607319.5464872,0.16571054685294556,1.145603651741552
1614,692,sanmatenga(kaya),dablo,burkina_faso,10/30/2009,5,0,-0.210996615,,13.736331794273273,-1.177869042,-1.599071503,-1.737089992,2.0,0.1666666666666666,-0.166666667,13.75,-1.2,13.75,-1.2,13.75,-1.2,13.50282815,-1.190020734,0.2,-0.23708999156951904,-0.017796610169491522,260607319.5464872,0.16571054685294556,1.145603651741552
1615,693,sanmatenga(kaya),dablo,burkina_faso,10/30/2009,6,0,-0.200243309,,13.736331794273273,-1.177869042,-1.599071503,-1.737089992,2.0,0.1666666666666666,-0.166666667,13.75,-1.2,13.75,-1.2,13.75,-1.2,13.50282815,-1.190020734,0.2,-0.23708999156951904,-0.017796610169491522,260607319.5464872,0.16571054685294556,1.145603651741552
1616,694,sanmatenga(kaya),dablo,burkina_faso,10/30/2009,9,0,-0.583287224,,13.736331794273273,-1.177869042,-1.599071503,-1.737089992,2.0,0.1666666666666666,-0.166666667,13.75,-1.2,13.75,-1.2,13.75,-1.2,13.50282815,-1.190020734,0.2,-0.23708999156951904,-0.017796610169491522,260607319.5464872,0.16571054685294556,1.145603651741552
1617,699,sanmatenga(kaya),dablo,burkina_faso,10/30/2009,3,0,-0.221749921,,13.736331794273273,-1.177869042,-1.599071503,-1.737089992,2.0,0.1666666666666666,-0.166666667,13.75,-1.2,13.75,-1.2,13.75,-1.2,13.50282815,-1.190020734,0.2,-0.23708999156951904,-0.017796610169491522,260607319.5464872,0.16571054685294556,1.145603651741552
1618,700,sanmatenga(kaya),dablo,burkina_faso,10/30/2009,4,0,-0.243256532,,13.736331794273273,-1.177869042,-1.599071503,-1.737089992,2.0,0.1666666666666666,-0.166666667,13.75,-1.2,13.75,-1.2,13.75,-1.2,13.50282815,-1.190020734,0.2,-0.23708999156951904,-0.017796610169491522,260607319.5464872,0.16571054685294556,1.145603651741552
1619,704,sanmatenga(kaya),dake,burkina_faso,11/1/2009,6,0,-0.780401313,,13.714269999999996,-1.0786,-1.667244077,-1.667244077,1.0,0.1666666666666666,-0.166666667,13.7,-1.1,13.7,-1.1,13.7,-1.1,13.50282815,-1.073963321,0.2,-0.1672440767288208,-0.017796610169491522,260607319.5464872,0.18147148309449151,1.128441800389485
1620,707,sanmatenga(kaya),dake,burkina_faso,11/1/2009,17,0,-0.635978422,,13.714269999999996,-1.0786,-1.667244077,-1.667244077,1.0,0.1666666666666666,-0.166666667,13.7,-1.1,13.7,-1.1,13.7,-1.1,13.50282815,-1.073963321,0.2,-0.1672440767288208,-0.017796610169491522,260607319.5464872,0.18147148309449151,1.128441800389485
1621,710,sanmatenga(kaya),dake,burkina_faso,11/1/2009,11,0,-0.796531272,1.0,13.714269999999996,-1.0786,-1.667244077,-1.667244077,1.0,0.1666666666666666,-0.166666667,13.7,-1.1,13.7,-1.1,13.7,-1.1,13.50282815,-1.073963321,0.2,-0.1672440767288208,-0.017796610169491522,260607319.5464872,0.18147148309449151,1.128441800389485
1622,715,sanmatenga(kaya),dake,burkina_faso,11/1/2009,7,0,-0.942609157,1.0,13.714269999999996,-1.0786,-1.667244077,-1.667244077,1.0,0.1666666666666666,-0.166666667,13.7,-1.1,13.7,-1.1,13.7,-1.1,13.50282815,-1.073963321,0.2,-0.1672440767288208,-0.017796610169491522,260607319.5464872,0.18147148309449151,1.128441800389485
1623,716,sanmatenga(kaya),dake,burkina_faso,11/1/2009,6,0,-0.935440287,1.0,13.714269999999996,-1.0786,-1.667244077,-1.667244077,1.0,0.1666666666666666,-0.166666667,13.7,-1.1,13.7,-1.1,13.7,-1.1,13.50282815,-1.073963321,0.2,-0.1672440767288208,-0.017796610169491522,260607319.5464872,0.18147148309449151,1.128441800389485
1624,717,sanmatenga(kaya),dake,burkina_faso,11/1/2009,3,0,0.1549187934437678,,13.714269999999996,-1.0786,-1.667244077,-1.667244077,1.0,0.1666666666666666,-0.166666667,13.7,-1.1,13.7,-1.1,13.7,-1.1,13.50282815,-1.073963321,0.2,-0.1672440767288208,-0.017796610169491522,260607319.5464872,0.18147148309449151,1.128441800389485
1625,721,sanmatenga(kaya),dake,burkina_faso,11/1/2009,11,0,-0.971284639,,13.714269999999996,-1.0786,-1.667244077,-1.667244077,1.0,0.1666666666666666,-0.166666667,13.7,-1.1,13.7,-1.1,13.7,-1.1,13.50282815,-1.073963321,0.2,-0.1672440767288208,-0.017796610169491522,260607319.5464872,0.18147148309449151,1.128441800389485
1626,723,sanmatenga(kaya),dake,burkina_faso,11/1/2009,20,0,-0.940219534,1.0,13.714269999999996,-1.0786,-1.667244077,-1.667244077,1.0,0.1666666666666666,-0.166666667,13.7,-1.1,13.7,-1.1,13.7,-1.1,13.50282815,-1.073963321,0.2,-0.1672440767288208,-0.017796610169491522,260607319.5464872,0.18147148309449151,1.128441800389485
1627,724,sanmatenga(kaya),dake,burkina_faso,11/1/2009,5,0,1.0548208470048743,,13.714269999999996,-1.0786,-1.667244077,-1.667244077,1.0,0.1666666666666666,-0.166666667,13.7,-1.1,13.7,-1.1,13.7,-1.1,13.50282815,-1.073963321,0.2,-0.1672440767288208,-0.017796610169491522,260607319.5464872,0.18147148309449151,1.128441800389485
1628,748,sanmatenga(kaya),gounghin,burkina_faso,11/6/2009,9,0,-0.94081694,,12.3566133,-1.547806352,-1.694790377,-1.748734249,1.6666666666666667,1.0,0.3333333333333332,12.35,-1.55,12.35,-1.55,12.35,-1.55,12.36425974,-1.527235853,1.4,-0.23027847494397843,-0.13867924528301886,115809258.71833205,0.1442361469489187,-0.9284777442082618
1629,749,sanmatenga(kaya),gounghin,burkina_faso,11/6/2009,4,0,-0.935440287,,12.3566133,-1.547806352,-1.694790377,-1.748734249,1.6666666666666667,1.0,0.3333333333333332,12.35,-1.55,12.35,-1.55,12.35,-1.55,12.36425974,-1.527235853,1.4,-0.23027847494397843,-0.13867924528301886,115809258.71833205,0.1442361469489187,-0.9284777442082618
1630,750,sanmatenga(kaya),gounghin,burkina_faso,11/6/2009,3,0,-0.956946898,1.0,12.3566133,-1.547806352,-1.694790377,-1.748734249,1.6666666666666667,1.0,0.3333333333333332,12.35,-1.55,12.35,-1.55,12.35,-1.55,12.36425974,-1.527235853,1.4,-0.23027847494397843,-0.13867924528301886,115809258.71833205,0.1442361469489187,-0.9284777442082618
1631,751,sanmatenga(kaya),gounghin,burkina_faso,11/6/2009,14,0,-0.942609157,1.0,12.3566133,-1.547806352,-1.694790377,-1.748734249,1.6666666666666667,1.0,0.3333333333333332,12.35,-1.55,12.35,-1.55,12.35,-1.55,12.36425974,-1.527235853,1.4,-0.23027847494397843,-0.13867924528301886,115809258.71833205,0.1442361469489187,-0.9284777442082618
1632,752,sanmatenga(kaya),gounghin,burkina_faso,11/6/2009,12,0,-0.935440287,,12.3566133,-1.547806352,-1.694790377,-1.748734249,1.6666666666666667,1.0,0.3333333333333332,12.35,-1.55,12.35,-1.55,12.35,-1.55,12.36425974,-1.527235853,1.4,-0.23027847494397843,-0.13867924528301886,115809258.71833205,0.1442361469489187,-0.9284777442082618
1633,753,sanmatenga(kaya),gounghin,burkina_faso,11/6/2009,9,0,-0.785777966,,12.3566133,-1.547806352,-1.694790377,-1.748734249,1.6666666666666667,1.0,0.3333333333333332,12.35,-1.55,12.35,-1.55,12.35,-1.55,12.36425974,-1.527235853,1.4,-0.23027847494397843,-0.13867924528301886,115809258.71833205,0.1442361469489187,-0.9284777442082618
1634,754,sanmatenga(kaya),gounghin,burkina_faso,11/6/2009,5,0,-0.999960121,,12.3566133,-1.547806352,-1.694790377,-1.748734249,1.6666666666666667,1.0,0.3333333333333332,12.35,-1.55,12.35,-1.55,12.35,-1.55,12.36425974,-1.527235853,1.4,-0.23027847494397843,-0.13867924528301886,115809258.71833205,0.1442361469489187,-0.9284777442082618
1635,755,sanmatenga(kaya),gounghin,burkina_faso,11/6/2009,11,0,1.3117087667262857,,12.3566133,-1.547806352,-1.694790377,-1.748734249,1.6666666666666667,1.0,0.3333333333333332,12.35,-1.55,12.35,-1.55,12.35,-1.55,12.36425974,-1.527235853,1.4,-0.23027847494397843,-0.13867924528301886,115809258.71833205,0.1442361469489187,-0.9284777442082618
1636,756,sanmatenga(kaya),gounghin,burkina_faso,11/6/2009,4,0,-0.935440287,,12.3566133,-1.547806352,-1.694790377,-1.748734249,1.6666666666666667,1.0,0.3333333333333332,12.35,-1.55,12.35,-1.55,12.35,-1.55,12.36425974,-1.527235853,1.4,-0.23027847494397843,-0.13867924528301886,115809258.71833205,0.1442361469489187,-0.9284777442082618
1637,757,sanmatenga(kaya),itaore,burkina_faso,11/8/2009,5,0,-0.999960121,,13.096810194780764,-1.086335777,-1.677620932,-1.73793523,1.25,0.8333333333333334,-0.433333333,13.1,-1.1,13.1,-1.1,13.1,-1.1,13.09217767,-1.083499768,0.8,-0.2890213131904602,-0.07499999999999998,75473947.14225903,0.16635879581192195,-1.2817542171050573
1638,758,sanmatenga(kaya),itaore,burkina_faso,11/9/2009,5,0,-0.919310328,,13.096810194780764,-1.086335777,-1.677620932,-1.73793523,1.25,0.8333333333333334,-0.433333333,13.1,-1.1,13.1,-1.1,13.1,-1.1,13.09217767,-1.083499768,0.8,-0.2890213131904602,-0.07499999999999998,75473947.14225903,0.16635879581192195,-1.2817542171050573
1639,759,sanmatenga(kaya),itaore,burkina_faso,11/8/2009,4,0,-0.978453509,,13.096810194780764,-1.086335777,-1.677620932,-1.73793523,1.25,0.8333333333333334,-0.433333333,13.1,-1.1,13.1,-1.1,13.1,-1.1,13.09217767,-1.083499768,0.8,-0.2890213131904602,-0.07499999999999998,75473947.14225903,0.16635879581192195,-1.2817542171050573
1640,760,sanmatenga(kaya),itaore,burkina_faso,11/9/2009,5,0,-0.999960121,,13.096810194780764,-1.086335777,-1.677620932,-1.73793523,1.25,0.8333333333333334,-0.433333333,13.1,-1.1,13.1,-1.1,13.1,-1.1,13.09217767,-1.083499768,0.8,-0.2890213131904602,-0.07499999999999998,75473947.14225903,0.16635879581192195,-1.2817542171050573
1641,761,sanmatenga(kaya),itaore,burkina_faso,11/9/2009,9,0,-0.931138964,,13.096810194780764,-1.086335777,-1.677620932,-1.73793523,1.25,0.8333333333333334,-0.433333333,13.1,-1.1,13.1,-1.1,13.1,-1.1,13.09217767,-1.083499768,0.8,-0.2890213131904602,-0.07499999999999998,75473947.14225903,0.16635879581192195,-1.2817542171050573
1642,762,sanmatenga(kaya),itaore,burkina_faso,11/8/2009,4,0,3.583528107269156,1.0,13.096810194780764,-1.086335777,-1.677620932,-1.73793523,1.25,0.8333333333333334,-0.433333333,13.1,-1.1,13.1,-1.1,13.1,-1.1,13.09217767,-1.083499768,0.8,-0.2890213131904602,-0.07499999999999998,75473947.14225903,0.16635879581192195,-1.2817542171050573
1643,763,sanmatenga(kaya),itaore,burkina_faso,11/8/2009,13,0,-1.172013012,,13.096810194780764,-1.086335777,-1.677620932,-1.73793523,1.25,0.8333333333333334,-0.433333333,13.1,-1.1,13.1,-1.1,13.1,-1.1,13.09217767,-1.083499768,0.8,-0.2890213131904602,-0.07499999999999998,75473947.14225903,0.16635879581192195,-1.2817542171050573
1644,764,sanmatenga(kaya),itaore,burkina_faso,11/8/2009,11,0,-0.971284639,,13.096810194780764,-1.086335777,-1.677620932,-1.73793523,1.25,0.8333333333333334,-0.433333333,13.1,-1.1,13.1,-1.1,13.1,-1.1,13.09217767,-1.083499768,0.8,-0.2890213131904602,-0.07499999999999998,75473947.14225903,0.16635879581192195,-1.2817542171050573
1645,765,sanmatenga(kaya),itaore,burkina_faso,11/8/2009,14,0,-0.967700204,1.0,13.096810194780764,-1.086335777,-1.677620932,-1.73793523,1.25,0.8333333333333334,-0.433333333,13.1,-1.1,13.1,-1.1,13.1,-1.1,13.09217767,-1.083499768,0.8,-0.2890213131904602,-0.07499999999999998,75473947.14225903,0.16635879581192195,-1.2817542171050573
1646,767,sanmatenga(kaya),itaore,burkina_faso,11/8/2009,6,0,-1.021466732,,13.096810194780764,-1.086335777,-1.677620932,-1.73793523,1.25,0.8333333333333334,-0.433333333,13.1,-1.1,13.1,-1.1,13.1,-1.1,13.09217767,-1.083499768,0.8,-0.2890213131904602,-0.07499999999999998,75473947.14225903,0.16635879581192195,-1.2817542171050573
1647,785,sanmatenga(kaya),kaya secteur 1,burkina_faso,11/3/2009,5,0,1.8982220515785404,,13.096810194780764,-1.086335777,-1.677620932,-1.73793523,1.25,0.8333333333333334,-0.433333333,13.1,-1.1,13.1,-1.1,13.1,-1.1,13.09217767,-1.083499768,0.8,-0.2890213131904602,-0.07499999999999998,75473947.14225903,0.16635879581192195,-1.2817542171050573
1648,796,sanmatenga(kaya),kaya secteur 1,burkina_faso,11/3/2009,2,0,6.591593577047751,,13.096810194780764,-1.086335777,-1.677620932,-1.73793523,1.25,0.8333333333333334,-0.433333333,13.1,-1.1,13.1,-1.1,13.1,-1.1,13.09217767,-1.083499768,0.8,-0.2890213131904602,-0.07499999999999998,75473947.14225903,0.16635879581192195,-1.2817542171050573
1649,798,sanmatenga(kaya),kaya secteur 1,burkina_faso,11/3/2009,4,0,2.086846363,,13.096810194780764,-1.086335777,-1.677620932,-1.73793523,1.25,0.8333333333333334,-0.433333333,13.1,-1.1,13.1,-1.1,13.1,-1.1,13.09217767,-1.083499768,0.8,-0.2890213131904602,-0.07499999999999998,75473947.14225903,0.16635879581192195,-1.2817542171050573
1650,800,sanmatenga(kaya),kaya secteur 1,burkina_faso,11/3/2009,4,0,1.0072405887724458,1.0,13.096810194780764,-1.086335777,-1.677620932,-1.73793523,1.25,0.8333333333333334,-0.433333333,13.1,-1.1,13.1,-1.1,13.1,-1.1,13.09217767,-1.083499768,0.8,-0.2890213131904602,-0.07499999999999998,75473947.14225903,0.16635879581192195,-1.2817542171050573
1651,801,sanmatenga(kaya),kaya secteur 1,burkina_faso,11/3/2009,3,0,9.570972898284412,,13.096810194780764,-1.086335777,-1.677620932,-1.73793523,1.25,0.8333333333333334,-0.433333333,13.1,-1.1,13.1,-1.1,13.1,-1.1,13.09217767,-1.083499768,0.8,-0.2890213131904602,-0.07499999999999998,75473947.14225903,0.16635879581192195,-1.2817542171050573
1652,806,sanmatenga(kaya),kaya secteur 1,burkina_faso,11/3/2009,13,0,10.479481260640574,,13.096810194780764,-1.086335777,-1.677620932,-1.73793523,1.25,0.8333333333333334,-0.433333333,13.1,-1.1,13.1,-1.1,13.1,-1.1,13.09217767,-1.083499768,0.8,-0.2890213131904602,-0.07499999999999998,75473947.14225903,0.16635879581192195,-1.2817542171050573
1653,807,sanmatenga(kaya),kaya secteur 1,burkina_faso,11/3/2009,14,0,2.986576038,,13.096810194780764,-1.086335777,-1.677620932,-1.73793523,1.25,0.8333333333333334,-0.433333333,13.1,-1.1,13.1,-1.1,13.1,-1.1,13.09217767,-1.083499768,0.8,-0.2890213131904602,-0.07499999999999998,75473947.14225903,0.16635879581192195,-1.2817542171050573
1654,809,sanmatenga(kaya),kaya secteur 1,burkina_faso,11/3/2009,6,0,3.200492400220826,,13.096810194780764,-1.086335777,-1.677620932,-1.73793523,1.25,0.8333333333333334,-0.433333333,13.1,-1.1,13.1,-1.1,13.1,-1.1,13.09217767,-1.083499768,0.8,-0.2890213131904602,-0.07499999999999998,75473947.14225903,0.16635879581192195,-1.2817542171050573
1655,829,sanmatenga(kaya),korsimoro secteur 2,burkina_faso,11/8/2009,5,0,0.4971810049584705,,12.82064510163223,-1.072442345,-1.69299078,-1.723808706,1.25,1.0,-0.333333333,12.8,-1.05,12.8,-1.05,12.8,-1.05,12.76161893,-1.073963321,1.0,-0.2650074243545532,-0.09545454545454547,154533333.3650556,0.18715340976058062,-0.8318610086087848
1656,830,sanmatenga(kaya),korsimoro secteur 2,burkina_faso,11/8/2009,9,0,-0.956946898,,12.82064510163223,-1.072442345,-1.69299078,-1.723808706,1.25,1.0,-0.333333333,12.8,-1.05,12.8,-1.05,12.8,-1.05,12.76161893,-1.073963321,1.0,-0.2650074243545532,-0.09545454545454547,154533333.3650556,0.18715340976058062,-0.8318610086087848
1657,831,sanmatenga(kaya),korsimoro secteur 2,burkina_faso,11/8/2009,12,0,-0.596191191,1.0,12.82064510163223,-1.072442345,-1.69299078,-1.723808706,1.25,1.0,-0.333333333,12.8,-1.05,12.8,-1.05,12.8,-1.05,12.76161893,-1.073963321,1.0,-0.2650074243545532,-0.09545454545454547,154533333.3650556,0.18715340976058062,-0.8318610086087848
1658,832,sanmatenga(kaya),korsimoro secteur 2,burkina_faso,11/8/2009,11,0,-0.623432899,,12.82064510163223,-1.072442345,-1.69299078,-1.723808706,1.25,1.0,-0.333333333,12.8,-1.05,12.8,-1.05,12.8,-1.05,12.76161893,-1.073963321,1.0,-0.2650074243545532,-0.09545454545454547,154533333.3650556,0.18715340976058062,-0.8318610086087848
1659,833,sanmatenga(kaya),korsimoro secteur 2,burkina_faso,11/8/2009,8,0,-0.771798669,,12.82064510163223,-1.072442345,-1.69299078,-1.723808706,1.25,1.0,-0.333333333,12.8,-1.05,12.8,-1.05,12.8,-1.05,12.76161893,-1.073963321,1.0,-0.2650074243545532,-0.09545454545454547,154533333.3650556,0.18715340976058062,-0.8318610086087848
1660,834,sanmatenga(kaya),korsimoro secteur 2,burkina_faso,11/8/2009,6,0,-0.956946898,,12.82064510163223,-1.072442345,-1.69299078,-1.723808706,1.25,1.0,-0.333333333,12.8,-1.05,12.8,-1.05,12.8,-1.05,12.76161893,-1.073963321,1.0,-0.2650074243545532,-0.09545454545454547,154533333.3650556,0.18715340976058062,-0.8318610086087848
1661,835,sanmatenga(kaya),korsimoro secteur 2,burkina_faso,11/8/2009,9,0,0.4961694544834487,,12.82064510163223,-1.072442345,-1.69299078,-1.723808706,1.25,1.0,-0.333333333,12.8,-1.05,12.8,-1.05,12.8,-1.05,12.76161893,-1.073963321,1.0,-0.2650074243545532,-0.09545454545454547,154533333.3650556,0.18715340976058062,-0.8318610086087848
1662,836,sanmatenga(kaya),korsimoro secteur 2,burkina_faso,11/8/2009,8,0,-0.921102546,1.0,12.82064510163223,-1.072442345,-1.69299078,-1.723808706,1.25,1.0,-0.333333333,12.8,-1.05,12.8,-1.05,12.8,-1.05,12.76161893,-1.073963321,1.0,-0.2650074243545532,-0.09545454545454547,154533333.3650556,0.18715340976058062,-0.8318610086087848
1663,837,sanmatenga(kaya),korsimoro secteur 2,burkina_faso,11/8/2009,7,0,-0.787570184,,12.82064510163223,-1.072442345,-1.69299078,-1.723808706,1.25,1.0,-0.333333333,12.8,-1.05,12.8,-1.05,12.8,-1.05,12.76161893,-1.073963321,1.0,-0.2650074243545532,-0.09545454545454547,154533333.3650556,0.18715340976058062,-0.8318610086087848
1664,838,sanmatenga(kaya),mane mossi,burkina_faso,11/7/2009,13,0,-0.63777064,,12.985760816407712,-1.346525148,-1.640261099,-1.717409983,1.5,1.1666666666666667,-0.023809524,13.0,-1.35,13.0,-1.35,13.0,-1.35,12.98251538,-1.338902266,0.8,-0.2538941502571106,-0.07499999999999998,75473947.14225903,0.18622795716753013,-0.8029376963905062
1665,839,sanmatenga(kaya),mane mossi,burkina_faso,11/7/2009,10,0,-0.575299054,,12.985760816407712,-1.346525148,-1.640261099,-1.717409983,1.5,1.1666666666666667,-0.023809524,13.0,-1.35,13.0,-1.35,13.0,-1.35,12.98251538,-1.338902266,0.8,-0.2538941502571106,-0.07499999999999998,75473947.14225903,0.18622795716753013,-0.8029376963905062
1666,840,sanmatenga(kaya),mane mossi,burkina_faso,11/7/2009,5,0,0.6363028954087028,,12.985760816407712,-1.346525148,-1.640261099,-1.717409983,1.5,1.1666666666666667,-0.023809524,13.0,-1.35,13.0,-1.35,13.0,-1.35,12.98251538,-1.338902266,0.8,-0.2538941502571106,-0.07499999999999998,75473947.14225903,0.18622795716753013,-0.8029376963905062
1667,841,sanmatenga(kaya),mane mossi,burkina_faso,11/7/2009,8,0,0.6040429783285323,,12.985760816407712,-1.346525148,-1.640261099,-1.717409983,1.5,1.1666666666666667,-0.023809524,13.0,-1.35,13.0,-1.35,13.0,-1.35,12.98251538,-1.338902266,0.8,-0.2538941502571106,-0.07499999999999998,75473947.14225903,0.18622795716753013,-0.8029376963905062
1668,842,sanmatenga(kaya),mane mossi,burkina_faso,11/7/2009,10,0,-0.652108381,,12.985760816407712,-1.346525148,-1.640261099,-1.717409983,1.5,1.1666666666666667,-0.023809524,13.0,-1.35,13.0,-1.35,13.0,-1.35,12.98251538,-1.338902266,0.8,-0.2538941502571106,-0.07499999999999998,75473947.14225903,0.18622795716753013,-0.8029376963905062
1669,843,sanmatenga(kaya),mane mossi,burkina_faso,11/7/2009,2,0,-0.935440287,,12.985760816407712,-1.346525148,-1.640261099,-1.717409983,1.5,1.1666666666666667,-0.023809524,13.0,-1.35,13.0,-1.35,13.0,-1.35,12.98251538,-1.338902266,0.8,-0.2538941502571106,-0.07499999999999998,75473947.14225903,0.18622795716753013,-0.8029376963905062
1670,844,sanmatenga(kaya),mane mossi,burkina_faso,11/7/2009,4,0,-0.935440287,,12.985760816407712,-1.346525148,-1.640261099,-1.717409983,1.5,1.1666666666666667,-0.023809524,13.0,-1.35,13.0,-1.35,13.0,-1.35,12.98251538,-1.338902266,0.8,-0.2538941502571106,-0.07499999999999998,75473947.14225903,0.18622795716753013,-0.8029376963905062
1671,845,sanmatenga(kaya),mane mossi,burkina_faso,11/8/2009,13,0,0.031183248,,12.985760816407712,-1.346525148,-1.640261099,-1.717409983,1.5,1.1666666666666667,-0.023809524,13.0,-1.35,13.0,-1.35,13.0,-1.35,12.98251538,-1.338902266,0.8,-0.2538941502571106,-0.07499999999999998,75473947.14225903,0.18622795716753013,-0.8029376963905062
1672,846,sanmatenga(kaya),mane mossi,burkina_faso,11/8/2009,2,0,3.939990699746295,,12.985760816407712,-1.346525148,-1.640261099,-1.717409983,1.5,1.1666666666666667,-0.023809524,13.0,-1.35,13.0,-1.35,13.0,-1.35,12.98251538,-1.338902266,0.8,-0.2538941502571106,-0.07499999999999998,75473947.14225903,0.18622795716753013,-0.8029376963905062
1673,849,sanmatenga(kaya),mane mossi,burkina_faso,11/7/2009,11,0,-0.781148049,,12.985760816407712,-1.346525148,-1.640261099,-1.717409983,1.5,1.1666666666666667,-0.023809524,13.0,-1.35,13.0,-1.35,13.0,-1.35,12.98251538,-1.338902266,0.8,-0.2538941502571106,-0.07499999999999998,75473947.14225903,0.18622795716753013,-0.8029376963905062
1674,857,sanmatenga(kaya),mane mossi,burkina_faso,11/8/2009,14,0,2.015157658601649,,12.985760816407712,-1.346525148,-1.640261099,-1.717409983,1.5,1.1666666666666667,-0.023809524,13.0,-1.35,13.0,-1.35,13.0,-1.35,12.98251538,-1.338902266,0.8,-0.2538941502571106,-0.07499999999999998,75473947.14225903,0.18622795716753013,-0.8029376963905062
1675,868,sanmatenga(kaya),nahi peulh,burkina_faso,11/2/2009,7,0,-0.967700204,1.0,13.737367582050924,-0.874703977,-1.674485445,-1.764300108,2.0,0.1666666666666666,-0.166666667,13.75,-0.85,13.75,-0.85,13.75,-0.85,13.50282815,-0.694916179,0.4,-0.17448550462722778,-0.036206896551724155,130997956.50118181,0.16368240197707204,0.8566105970471147
1676,872,sanmatenga(kaya),nahi peulh,burkina_faso,11/2/2009,5,0,-0.928271416,,13.737367582050924,-0.874703977,-1.674485445,-1.764300108,2.0,0.1666666666666666,-0.166666667,13.75,-0.85,13.75,-0.85,13.75,-0.85,13.50282815,-0.694916179,0.4,-0.17448550462722778,-0.036206896551724155,130997956.50118181,0.16368240197707204,0.8566105970471147
1677,873,sanmatenga(kaya),nahi peulh,burkina_faso,11/2/2009,6,0,-0.045204336,,13.737367582050924,-0.874703977,-1.674485445,-1.764300108,2.0,0.1666666666666666,-0.166666667,13.75,-0.85,13.75,-0.85,13.75,-0.85,13.50282815,-0.694916179,0.4,-0.17448550462722778,-0.036206896551724155,130997956.50118181,0.16368240197707204,0.8566105970471147
1678,874,sanmatenga(kaya),nahi peulh,burkina_faso,11/2/2009,12,0,-0.944042931,1.0,13.737367582050924,-0.874703977,-1.674485445,-1.764300108,2.0,0.1666666666666666,-0.166666667,13.75,-0.85,13.75,-0.85,13.75,-0.85,13.50282815,-0.694916179,0.4,-0.17448550462722778,-0.036206896551724155,130997956.50118181,0.16368240197707204,0.8566105970471147
1679,876,sanmatenga(kaya),nahi peulh,burkina_faso,11/2/2009,5,0,-0.946193592,1.0,13.737367582050924,-0.874703977,-1.674485445,-1.764300108,2.0,0.1666666666666666,-0.166666667,13.75,-0.85,13.75,-0.85,13.75,-0.85,13.50282815,-0.694916179,0.4,-0.17448550462722778,-0.036206896551724155,130997956.50118181,0.16368240197707204,0.8566105970471147
1680,881,sanmatenga(kaya),nahi peulh,burkina_faso,11/3/2009,9,0,-0.769648008,1.0,13.737367582050924,-0.874703977,-1.674485445,-1.764300108,2.0,0.1666666666666666,-0.166666667,13.75,-0.85,13.75,-0.85,13.75,-0.85,13.50282815,-0.694916179,0.4,-0.17448550462722778,-0.036206896551724155,130997956.50118181,0.16368240197707204,0.8566105970471147
1681,883,sanmatenga(kaya),nahi peulh,burkina_faso,11/2/2009,14,0,-0.797606602,,13.737367582050924,-0.874703977,-1.674485445,-1.764300108,2.0,0.1666666666666666,-0.166666667,13.75,-0.85,13.75,-0.85,13.75,-0.85,13.50282815,-0.694916179,0.4,-0.17448550462722778,-0.036206896551724155,130997956.50118181,0.16368240197707204,0.8566105970471147
1682,887,sanmatenga(kaya),nahi peulh,burkina_faso,11/2/2009,6,0,-0.221749921,,13.737367582050924,-0.874703977,-1.674485445,-1.764300108,2.0,0.1666666666666666,-0.166666667,13.75,-0.85,13.75,-0.85,13.75,-0.85,13.50282815,-0.694916179,0.4,-0.17448550462722778,-0.036206896551724155,130997956.50118181,0.16368240197707204,0.8566105970471147
1683,888,sanmatenga(kaya),nahi peulh,burkina_faso,11/3/2009,4,0,-0.200243309,,13.737367582050924,-0.874703977,-1.674485445,-1.764300108,2.0,0.1666666666666666,-0.166666667,13.75,-0.85,13.75,-0.85,13.75,-0.85,13.50282815,-0.694916179,0.4,-0.17448550462722778,-0.036206896551724155,130997956.50118181,0.16368240197707204,0.8566105970471147
1684,892,sanmatenga(kaya),napamboumbou,burkina_faso,11/6/2009,8,0,-0.823414536,,12.87931,-1.26763,-1.657296906,-1.76893569,1.5,1.5,0.055555556,12.9,-1.25,12.9,-1.25,12.9,-1.25,12.96401712,-1.294663715,1.0,-0.3477198123931885,-0.09545454545454547,154533333.3650556,0.18947862827913894,-1.0924269179512924
1685,893,sanmatenga(kaya),napamboumbou,burkina_faso,11/6/2009,16,0,-0.949778028,,12.87931,-1.26763,-1.657296906,-1.76893569,1.5,1.5,0.055555556,12.9,-1.25,12.9,-1.25,12.9,-1.25,12.96401712,-1.294663715,1.0,-0.3477198123931885,-0.09545454545454547,154533333.3650556,0.18947862827913894,-1.0924269179512924
1686,894,sanmatenga(kaya),napamboumbou,burkina_faso,11/6/2009,3,0,-0.758894702,,12.87931,-1.26763,-1.657296906,-1.76893569,1.5,1.5,0.055555556,12.9,-1.25,12.9,-1.25,12.9,-1.25,12.96401712,-1.294663715,1.0,-0.3477198123931885,-0.09545454545454547,154533333.3650556,0.18947862827913894,-1.0924269179512924
1687,895,sanmatenga(kaya),napamboumbou,burkina_faso,11/6/2009,8,0,-0.423946929,,12.87931,-1.26763,-1.657296906,-1.76893569,1.5,1.5,0.055555556,12.9,-1.25,12.9,-1.25,12.9,-1.25,12.96401712,-1.294663715,1.0,-0.3477198123931885,-0.09545454545454547,154533333.3650556,0.18947862827913894,-1.0924269179512924
1688,896,sanmatenga(kaya),napamboumbou,burkina_faso,11/6/2009,4,0,-0.921102546,1.0,12.87931,-1.26763,-1.657296906,-1.76893569,1.5,1.5,0.055555556,12.9,-1.25,12.9,-1.25,12.9,-1.25,12.96401712,-1.294663715,1.0,-0.3477198123931885,-0.09545454545454547,154533333.3650556,0.18947862827913894,-1.0924269179512924
1689,897,sanmatenga(kaya),napamboumbou,burkina_faso,11/6/2009,6,0,-0.935440287,,12.87931,-1.26763,-1.657296906,-1.76893569,1.5,1.5,0.055555556,12.9,-1.25,12.9,-1.25,12.9,-1.25,12.96401712,-1.294663715,1.0,-0.3477198123931885,-0.09545454545454547,154533333.3650556,0.18947862827913894,-1.0924269179512924
1690,898,sanmatenga(kaya),napamboumbou,burkina_faso,11/6/2009,3,0,-0.758894702,,12.87931,-1.26763,-1.657296906,-1.76893569,1.5,1.5,0.055555556,12.9,-1.25,12.9,-1.25,12.9,-1.25,12.96401712,-1.294663715,1.0,-0.3477198123931885,-0.09545454545454547,154533333.3650556,0.18947862827913894,-1.0924269179512924
1691,899,sanmatenga(kaya),napamboumbou,burkina_faso,11/6/2009,4,0,-0.921102546,,12.87931,-1.26763,-1.657296906,-1.76893569,1.5,1.5,0.055555556,12.9,-1.25,12.9,-1.25,12.9,-1.25,12.96401712,-1.294663715,1.0,-0.3477198123931885,-0.09545454545454547,154533333.3650556,0.18947862827913894,-1.0924269179512924
1692,900,sanmatenga(kaya),napamboumbou,burkina_faso,11/6/2009,6,0,-0.780401313,1.0,12.87931,-1.26763,-1.657296906,-1.76893569,1.5,1.5,0.055555556,12.9,-1.25,12.9,-1.25,12.9,-1.25,12.96401712,-1.294663715,1.0,-0.3477198123931885,-0.09545454545454547,154533333.3650556,0.18947862827913894,-1.0924269179512924
1693,906,sanmatenga(kaya),napamboumbou,burkina_faso,11/6/2009,3,0,-0.956946898,,12.87931,-1.26763,-1.657296906,-1.76893569,1.5,1.5,0.055555556,12.9,-1.25,12.9,-1.25,12.9,-1.25,12.96401712,-1.294663715,1.0,-0.3477198123931885,-0.09545454545454547,154533333.3650556,0.18947862827913894,-1.0924269179512924
1694,909,sanmatenga(kaya),napamboumbou,burkina_faso,11/6/2009,2,0,-0.935440287,,12.87931,-1.26763,-1.657296906,-1.76893569,1.5,1.5,0.055555556,12.9,-1.25,12.9,-1.25,12.9,-1.25,12.96401712,-1.294663715,1.0,-0.3477198123931885,-0.09545454545454547,154533333.3650556,0.18947862827913894,-1.0924269179512924
1695,919,sanmatenga(kaya),niangado,burkina_faso,11/7/2009,8,0,-0.978453509,,13.245902265019014,-1.207798996,-1.612162739,-1.685328096,1.5,0.6666666666666666,-0.666666667,13.25,-1.2,13.25,-1.2,13.25,-1.2,13.20909134,-1.190020734,0.8,-0.24098601937294006,-0.07499999999999998,75473947.14225903,0.16794551859434584,-1.0122860265855924
1696,920,sanmatenga(kaya),niangado,burkina_faso,11/7/2009,9,0,-0.769648008,,13.245902265019014,-1.207798996,-1.612162739,-1.685328096,1.5,0.6666666666666666,-0.666666667,13.25,-1.2,13.25,-1.2,13.25,-1.2,13.20909134,-1.190020734,0.8,-0.24098601937294006,-0.07499999999999998,75473947.14225903,0.16794551859434584,-1.0122860265855924
1697,921,sanmatenga(kaya),niangado,burkina_faso,11/7/2009,5,0,-0.210996615,,13.245902265019014,-1.207798996,-1.612162739,-1.685328096,1.5,0.6666666666666666,-0.666666667,13.25,-1.2,13.25,-1.2,13.25,-1.2,13.20909134,-1.190020734,0.8,-0.24098601937294006,-0.07499999999999998,75473947.14225903,0.16794551859434584,-1.0122860265855924
1698,928,sanmatenga(kaya),niangado,burkina_faso,11/7/2009,5,0,-0.946193592,,13.245902265019014,-1.207798996,-1.612162739,-1.685328096,1.5,0.6666666666666666,-0.666666667,13.25,-1.2,13.25,-1.2,13.25,-1.2,13.20909134,-1.190020734,0.8,-0.24098601937294006,-0.07499999999999998,75473947.14225903,0.16794551859434584,-1.0122860265855924
1699,929,sanmatenga(kaya),niangado,burkina_faso,11/7/2009,8,0,-0.794739054,,13.245902265019014,-1.207798996,-1.612162739,-1.685328096,1.5,0.6666666666666666,-0.666666667,13.25,-1.2,13.25,-1.2,13.25,-1.2,13.20909134,-1.190020734,0.8,-0.24098601937294006,-0.07499999999999998,75473947.14225903,0.16794551859434584,-1.0122860265855924
1700,930,sanmatenga(kaya),niangado,burkina_faso,11/7/2009,12,0,-0.956946898,,13.245902265019014,-1.207798996,-1.612162739,-1.685328096,1.5,0.6666666666666666,-0.666666667,13.25,-1.2,13.25,-1.2,13.25,-1.2,13.20909134,-1.190020734,0.8,-0.24098601937294006,-0.07499999999999998,75473947.14225903,0.16794551859434584,-1.0122860265855924
1701,931,sanmatenga(kaya),niangado,burkina_faso,11/7/2009,12,0,-0.421796268,,13.245902265019014,-1.207798996,-1.612162739,-1.685328096,1.5,0.6666666666666666,-0.666666667,13.25,-1.2,13.25,-1.2,13.25,-1.2,13.20909134,-1.190020734,0.8,-0.24098601937294006,-0.07499999999999998,75473947.14225903,0.16794551859434584,-1.0122860265855924
1702,932,sanmatenga(kaya),niangado,burkina_faso,11/7/2009,6,0,-0.956946898,,13.245902265019014,-1.207798996,-1.612162739,-1.685328096,1.5,0.6666666666666666,-0.666666667,13.25,-1.2,13.25,-1.2,13.25,-1.2,13.20909134,-1.190020734,0.8,-0.24098601937294006,-0.07499999999999998,75473947.14225903,0.16794551859434584,-1.0122860265855924
1703,933,sanmatenga(kaya),niangado,burkina_faso,11/7/2009,6,0,-0.956946898,,13.245902265019014,-1.207798996,-1.612162739,-1.685328096,1.5,0.6666666666666666,-0.666666667,13.25,-1.2,13.25,-1.2,13.25,-1.2,13.20909134,-1.190020734,0.8,-0.24098601937294006,-0.07499999999999998,75473947.14225903,0.16794551859434584,-1.0122860265855924
1704,947,sanmatenga(kaya),nongo,burkina_faso,11/6/2009,6,0,-0.935440287,,13.558039618750165,-0.259182817,-1.592652202,-1.806334615,3.0,0.1666666666666666,-0.166666667,13.55,-0.25,13.55,-0.25,13.55,-0.25,13.50282815,-0.148847385,0.4,-0.1806790828704834,-0.03620689655172409,131445606.5920893,0.15559954576438323,0.681493362688923
1705,949,sanmatenga(kaya),nongo,burkina_faso,11/6/2009,7,0,-0.582211894,,13.558039618750165,-0.259182817,-1.592652202,-1.806334615,3.0,0.1666666666666666,-0.166666667,13.55,-0.25,13.55,-0.25,13.55,-0.25,13.50282815,-0.148847385,0.4,-0.1806790828704834,-0.03620689655172409,131445606.5920893,0.15559954576438323,0.681493362688923
1706,951,sanmatenga(kaya),nongo,burkina_faso,11/6/2009,12,0,-0.221749921,,13.558039618750165,-0.259182817,-1.592652202,-1.806334615,3.0,0.1666666666666666,-0.166666667,13.55,-0.25,13.55,-0.25,13.55,-0.25,13.50282815,-0.148847385,0.4,-0.1806790828704834,-0.03620689655172409,131445606.5920893,0.15559954576438323,0.681493362688923
1707,956,sanmatenga(kaya),nongo,burkina_faso,11/7/2009,11,0,-0.204544632,,13.558039618750165,-0.259182817,-1.592652202,-1.806334615,3.0,0.1666666666666666,-0.166666667,13.55,-0.25,13.55,-0.25,13.55,-0.25,13.50282815,-0.148847385,0.4,-0.1806790828704834,-0.03620689655172409,131445606.5920893,0.15559954576438323,0.681493362688923
1708,957,sanmatenga(kaya),nongo,burkina_faso,11/6/2009,9,0,-0.924686981,,13.558039618750165,-0.259182817,-1.592652202,-1.806334615,3.0,0.1666666666666666,-0.166666667,13.55,-0.25,13.55,-0.25,13.55,-0.25,13.50282815,-0.148847385,0.4,-0.1806790828704834,-0.03620689655172409,131445606.5920893,0.15559954576438323,0.681493362688923
1709,960,sanmatenga(kaya),nongo,burkina_faso,11/6/2009,10,0,-0.598341852,,13.558039618750165,-0.259182817,-1.592652202,-1.806334615,3.0,0.1666666666666666,-0.166666667,13.55,-0.25,13.55,-0.25,13.55,-0.25,13.50282815,-0.148847385,0.4,-0.1806790828704834,-0.03620689655172409,131445606.5920893,0.15559954576438323,0.681493362688923
1710,964,sanmatenga(kaya),nongo,burkina_faso,11/7/2009,4,0,-0.935440287,,13.558039618750165,-0.259182817,-1.592652202,-1.806334615,3.0,0.1666666666666666,-0.166666667,13.55,-0.25,13.55,-0.25,13.55,-0.25,13.50282815,-0.148847385,0.4,-0.1806790828704834,-0.03620689655172409,131445606.5920893,0.15559954576438323,0.681493362688923
1711,965,sanmatenga(kaya),nongo,burkina_faso,11/6/2009,3,0,-0.189490004,,13.558039618750165,-0.259182817,-1.592652202,-1.806334615,3.0,0.1666666666666666,-0.166666667,13.55,-0.25,13.55,-0.25,13.55,-0.25,13.50282815,-0.148847385,0.4,-0.1806790828704834,-0.03620689655172409,131445606.5920893,0.15559954576438323,0.681493362688923
1712,966,sanmatenga(kaya),nongo,burkina_faso,11/7/2009,9,0,-0.94081694,1.0,13.558039618750165,-0.259182817,-1.592652202,-1.806334615,3.0,0.1666666666666666,-0.166666667,13.55,-0.25,13.55,-0.25,13.55,-0.25,13.50282815,-0.148847385,0.4,-0.1806790828704834,-0.03620689655172409,131445606.5920893,0.15559954576438323,0.681493362688923
1713,973,sanmatenga(kaya),pibaore,burkina_faso,11/3/2009,17,0,0.6291340249464427,,12.893723404326067,-0.798730118,-1.642420232,-1.676155925,1.25,1.0,-0.333333333,12.9,-0.8,12.9,-0.8,12.9,-0.8,12.96401712,-0.694916179,0.8,-0.22073319554328918,-0.07500000000000001,186041400.49439877,0.19230256792216024,-0.512775094153003
1714,975,sanmatenga(kaya),pibaore,burkina_faso,11/3/2009,1,0,-0.913933675,,12.893723404326067,-0.798730118,-1.642420232,-1.676155925,1.25,1.0,-0.333333333,12.9,-0.8,12.9,-0.8,12.9,-0.8,12.96401712,-0.694916179,0.8,-0.22073319554328918,-0.07500000000000001,186041400.49439877,0.19230256792216024,-0.512775094153003
1715,976,sanmatenga(kaya),pibaore,burkina_faso,11/3/2009,6,0,-0.935440287,,12.893723404326067,-0.798730118,-1.642420232,-1.676155925,1.25,1.0,-0.333333333,12.9,-0.8,12.9,-0.8,12.9,-0.8,12.96401712,-0.694916179,0.8,-0.22073319554328918,-0.07500000000000001,186041400.49439877,0.19230256792216024,-0.512775094153003
1716,977,sanmatenga(kaya),pibaore,burkina_faso,11/3/2009,5,0,-0.844921148,,12.893723404326067,-0.798730118,-1.642420232,-1.676155925,1.25,1.0,-0.333333333,12.9,-0.8,12.9,-0.8,12.9,-0.8,12.96401712,-0.694916179,0.8,-0.22073319554328918,-0.07500000000000001,186041400.49439877,0.19230256792216024,-0.512775094153003
1717,978,sanmatenga(kaya),pibaore,burkina_faso,11/3/2009,2,0,-0.913933675,,12.893723404326067,-0.798730118,-1.642420232,-1.676155925,1.25,1.0,-0.333333333,12.9,-0.8,12.9,-0.8,12.9,-0.8,12.96401712,-0.694916179,0.8,-0.22073319554328918,-0.07500000000000001,186041400.49439877,0.19230256792216024,-0.512775094153003
1718,979,sanmatenga(kaya),pibaore,burkina_faso,11/2/2009,3,0,-0.956946898,,12.893723404326067,-0.798730118,-1.642420232,-1.676155925,1.25,1.0,-0.333333333,12.9,-0.8,12.9,-0.8,12.9,-0.8,12.96401712,-0.694916179,0.8,-0.22073319554328918,-0.07500000000000001,186041400.49439877,0.19230256792216024,-0.512775094153003
1719,980,sanmatenga(kaya),pibaore,burkina_faso,11/3/2009,5,0,-0.946193592,,12.893723404326067,-0.798730118,-1.642420232,-1.676155925,1.25,1.0,-0.333333333,12.9,-0.8,12.9,-0.8,12.9,-0.8,12.96401712,-0.694916179,0.8,-0.22073319554328918,-0.07500000000000001,186041400.49439877,0.19230256792216024,-0.512775094153003
1720,981,sanmatenga(kaya),pibaore,burkina_faso,11/3/2009,7,0,-0.411042962,1.0,12.893723404326067,-0.798730118,-1.642420232,-1.676155925,1.25,1.0,-0.333333333,12.9,-0.8,12.9,-0.8,12.9,-0.8,12.96401712,-0.694916179,0.8,-0.22073319554328918,-0.07500000000000001,186041400.49439877,0.19230256792216024,-0.512775094153003
1721,1001,sanmatenga(kaya),sabouri nakoara,burkina_faso,10/31/2009,13,0,-1.172013012,,13.096810194780764,-1.086335777,-1.677620932,-1.73793523,1.25,0.8333333333333334,-0.433333333,13.1,-1.1,13.1,-1.1,13.1,-1.1,13.09217767,-1.083499768,0.8,-0.2890213131904602,-0.07499999999999998,75473947.14225903,0.16635879581192195,-1.2817542171050573
1722,1002,sanmatenga(kaya),sabouri nakoara,burkina_faso,10/31/2009,5,0,4.889401383906079,,13.096810194780764,-1.086335777,-1.677620932,-1.73793523,1.25,0.8333333333333334,-0.433333333,13.1,-1.1,13.1,-1.1,13.1,-1.1,13.09217767,-1.083499768,0.8,-0.2890213131904602,-0.07499999999999998,75473947.14225903,0.16635879581192195,-1.2817542171050573
1723,1015,sanmatenga(kaya),sabouri nakoara,burkina_faso,10/31/2009,2,0,-0.935440287,,13.096810194780764,-1.086335777,-1.677620932,-1.73793523,1.25,0.8333333333333334,-0.433333333,13.1,-1.1,13.1,-1.1,13.1,-1.1,13.09217767,-1.083499768,0.8,-0.2890213131904602,-0.07499999999999998,75473947.14225903,0.16635879581192195,-1.2817542171050573
1724,1017,sanmatenga(kaya),sabouri nakoara,burkina_faso,10/31/2009,10,0,-0.964115769,,13.096810194780764,-1.086335777,-1.677620932,-1.73793523,1.25,0.8333333333333334,-0.433333333,13.1,-1.1,13.1,-1.1,13.1,-1.1,13.09217767,-1.083499768,0.8,-0.2890213131904602,-0.07499999999999998,75473947.14225903,0.16635879581192195,-1.2817542171050573
1725,1021,sanmatenga(kaya),sabouri nakoara,burkina_faso,10/31/2009,3,0,-0.956946898,,13.096810194780764,-1.086335777,-1.677620932,-1.73793523,1.25,0.8333333333333334,-0.433333333,13.1,-1.1,13.1,-1.1,13.1,-1.1,13.09217767,-1.083499768,0.8,-0.2890213131904602,-0.07499999999999998,75473947.14225903,0.16635879581192195,-1.2817542171050573
1726,1022,sanmatenga(kaya),sabouri nakoara,burkina_faso,10/31/2009,6,0,-0.935440287,,13.096810194780764,-1.086335777,-1.677620932,-1.73793523,1.25,0.8333333333333334,-0.433333333,13.1,-1.1,13.1,-1.1,13.1,-1.1,13.09217767,-1.083499768,0.8,-0.2890213131904602,-0.07499999999999998,75473947.14225903,0.16635879581192195,-1.2817542171050573
1727,1023,sanmatenga(kaya),sabouri nakoara,burkina_faso,10/31/2009,8,0,-0.949778028,,13.096810194780764,-1.086335777,-1.677620932,-1.73793523,1.25,0.8333333333333334,-0.433333333,13.1,-1.1,13.1,-1.1,13.1,-1.1,13.09217767,-1.083499768,0.8,-0.2890213131904602,-0.07499999999999998,75473947.14225903,0.16635879581192195,-1.2817542171050573
1728,1032,sanmatenga(kaya),sambtenga,burkina_faso,10/29/2009,15,0,-0.454056185,,12.44093395543046,-0.577565912,-1.700703263,-1.715240598,1.3333333333333333,0.8333333333333334,0.3666666666666665,12.45,-0.6,12.45,-0.6,12.45,-0.6,12.36425974,-0.694916179,1.0,-0.2393829345703125,-0.09545454545454544,155184801.37071046,0.18110647095370452,-1.0767984562656705
1729,1034,sanmatenga(kaya),sambtenga,burkina_faso,10/29/2009,15,0,-0.59066092,,12.44093395543046,-0.577565912,-1.700703263,-1.715240598,1.3333333333333333,0.8333333333333334,0.3666666666666665,12.45,-0.6,12.45,-0.6,12.45,-0.6,12.36425974,-0.694916179,1.0,-0.2393829345703125,-0.09545454545454544,155184801.37071046,0.18110647095370452,-1.0767984562656705
1730,1038,sanmatenga(kaya),sambtenga,burkina_faso,10/29/2009,3,0,-0.956946898,,12.44093395543046,-0.577565912,-1.700703263,-1.715240598,1.3333333333333333,0.8333333333333334,0.3666666666666665,12.45,-0.6,12.45,-0.6,12.45,-0.6,12.36425974,-0.694916179,1.0,-0.2393829345703125,-0.09545454545454544,155184801.37071046,0.18110647095370452,-1.0767984562656705
1731,1040,sanmatenga(kaya),sambtenga,burkina_faso,10/29/2009,12,0,-0.935440287,,12.44093395543046,-0.577565912,-1.700703263,-1.715240598,1.3333333333333333,0.8333333333333334,0.3666666666666665,12.45,-0.6,12.45,-0.6,12.45,-0.6,12.36425974,-0.694916179,1.0,-0.2393829345703125,-0.09545454545454544,155184801.37071046,0.18110647095370452,-1.0767984562656705
1732,1042,sanmatenga(kaya),sambtenga,burkina_faso,10/30/2009,3,0,-0.924686981,,12.44093395543046,-0.577565912,-1.700703263,-1.715240598,1.3333333333333333,0.8333333333333334,0.3666666666666665,12.45,-0.6,12.45,-0.6,12.45,-0.6,12.36425974,-0.694916179,1.0,-0.2393829345703125,-0.09545454545454544,155184801.37071046,0.18110647095370452,-1.0767984562656705
1733,1043,sanmatenga(kaya),sambtenga,burkina_faso,10/29/2009,6,0,-0.956946898,,12.44093395543046,-0.577565912,-1.700703263,-1.715240598,1.3333333333333333,0.8333333333333334,0.3666666666666665,12.45,-0.6,12.45,-0.6,12.45,-0.6,12.36425974,-0.694916179,1.0,-0.2393829345703125,-0.09545454545454544,155184801.37071046,0.18110647095370452,-1.0767984562656705
1734,1045,sanmatenga(kaya),sambtenga,burkina_faso,10/29/2009,16,0,-0.601926288,,12.44093395543046,-0.577565912,-1.700703263,-1.715240598,1.3333333333333333,0.8333333333333334,0.3666666666666665,12.45,-0.6,12.45,-0.6,12.45,-0.6,12.36425974,-0.694916179,1.0,-0.2393829345703125,-0.09545454545454544,155184801.37071046,0.18110647095370452,-1.0767984562656705
1735,1046,sanmatenga(kaya),sambtenga,burkina_faso,10/29/2009,1,0,0.3518837868369319,,12.44093395543046,-0.577565912,-1.700703263,-1.715240598,1.3333333333333333,0.8333333333333334,0.3666666666666665,12.45,-0.6,12.45,-0.6,12.45,-0.6,12.36425974,-0.694916179,1.0,-0.2393829345703125,-0.09545454545454544,155184801.37071046,0.18110647095370452,-1.0767984562656705
1736,1050,sanmatenga(kaya),sambtenga,burkina_faso,10/29/2009,6,0,-1.021466732,,12.44093395543046,-0.577565912,-1.700703263,-1.715240598,1.3333333333333333,0.8333333333333334,0.3666666666666665,12.45,-0.6,12.45,-0.6,12.45,-0.6,12.36425974,-0.694916179,1.0,-0.2393829345703125,-0.09545454545454544,155184801.37071046,0.18110647095370452,-1.0767984562656705
1737,1054,sanmatenga(kaya),sera,burkina_faso,11/5/2009,10,0,-0.964115769,,12.95721,-1.07006,-1.725130841,-1.797392949,1.25,1.0,-0.333333333,12.95,-1.05,12.95,-1.05,12.95,-1.05,12.96401712,-1.073963321,1.0,-0.3085930824279785,-0.09545454545454547,154533333.3650556,0.1828506596458616,-0.8890087921706764
1738,1055,sanmatenga(kaya),sera,burkina_faso,11/5/2009,13,0,-0.948344254,,12.95721,-1.07006,-1.725130841,-1.797392949,1.25,1.0,-0.333333333,12.95,-1.05,12.95,-1.05,12.95,-1.05,12.96401712,-1.073963321,1.0,-0.3085930824279785,-0.09545454545454547,154533333.3650556,0.1828506596458616,-0.8890087921706764
1739,1056,sanmatenga(kaya),sera,burkina_faso,11/4/2009,15,0,-0.999960121,,12.95721,-1.07006,-1.725130841,-1.797392949,1.25,1.0,-0.333333333,12.95,-1.05,12.95,-1.05,12.95,-1.05,12.96401712,-1.073963321,1.0,-0.3085930824279785,-0.09545454545454547,154533333.3650556,0.1828506596458616,-0.8890087921706764
1740,1057,sanmatenga(kaya),sera,burkina_faso,11/5/2009,6,0,-1.021466732,,12.95721,-1.07006,-1.725130841,-1.797392949,1.25,1.0,-0.333333333,12.95,-1.05,12.95,-1.05,12.95,-1.05,12.96401712,-1.073963321,1.0,-0.3085930824279785,-0.09545454545454547,154533333.3650556,0.1828506596458616,-0.8890087921706764
1741,1058,sanmatenga(kaya),sera,burkina_faso,11/5/2009,6,0,-0.924686981,,12.95721,-1.07006,-1.725130841,-1.797392949,1.25,1.0,-0.333333333,12.95,-1.05,12.95,-1.05,12.95,-1.05,12.96401712,-1.073963321,1.0,-0.3085930824279785,-0.09545454545454547,154533333.3650556,0.1828506596458616,-0.8890087921706764
1742,1059,sanmatenga(kaya),sera,burkina_faso,11/4/2009,19,0,-1.30105268,,12.95721,-1.07006,-1.725130841,-1.797392949,1.25,1.0,-0.333333333,12.95,-1.05,12.95,-1.05,12.95,-1.05,12.96401712,-1.073963321,1.0,-0.3085930824279785,-0.09545454545454547,154533333.3650556,0.1828506596458616,-0.8890087921706764
1743,1061,sanmatenga(kaya),sera,burkina_faso,11/4/2009,6,0,-0.956946898,,12.95721,-1.07006,-1.725130841,-1.797392949,1.25,1.0,-0.333333333,12.95,-1.05,12.95,-1.05,12.95,-1.05,12.96401712,-1.073963321,1.0,-0.3085930824279785,-0.09545454545454547,154533333.3650556,0.1828506596458616,-0.8890087921706764
1744,1062,sanmatenga(kaya),sera,burkina_faso,11/5/2009,3,0,-0.924686981,,12.95721,-1.07006,-1.725130841,-1.797392949,1.25,1.0,-0.333333333,12.95,-1.05,12.95,-1.05,12.95,-1.05,12.96401712,-1.073963321,1.0,-0.3085930824279785,-0.09545454545454547,154533333.3650556,0.1828506596458616,-0.8890087921706764
1745,1064,sanmatenga(kaya),sera,burkina_faso,11/4/2009,10,0,1.3367699645813005,,12.95721,-1.07006,-1.725130841,-1.797392949,1.25,1.0,-0.333333333,12.95,-1.05,12.95,-1.05,12.95,-1.05,12.96401712,-1.073963321,1.0,-0.3085930824279785,-0.09545454545454547,154533333.3650556,0.1828506596458616,-0.8890087921706764
1746,1080,sanmatenga(kaya),sera,burkina_faso,11/5/2009,4,0,-0.978453509,1.0,12.95721,-1.07006,-1.725130841,-1.797392949,1.25,1.0,-0.333333333,12.95,-1.05,12.95,-1.05,12.95,-1.05,12.96401712,-1.073963321,1.0,-0.3085930824279785,-0.09545454545454547,154533333.3650556,0.1828506596458616,-0.8890087921706764
1747,1081,sanmatenga(kaya),soma peulh,burkina_faso,11/2/2009,17,0,-0.933050663,,12.908479876971406,-1.077418868,-1.683242962,-1.750156894,1.25,1.1666666666666667,-0.30952381,12.9,-1.1,12.9,-1.1,12.9,-1.1,12.96401712,-1.073963321,1.0,-0.2962533235549927,-0.09545454545454547,154533333.3650556,0.1807040717726717,-1.0323285442419443
1748,1082,sanmatenga(kaya),soma peulh,burkina_faso,11/1/2009,3,0,-0.956946898,1.0,12.908479876971406,-1.077418868,-1.683242962,-1.750156894,1.25,1.1666666666666667,-0.30952381,12.9,-1.1,12.9,-1.1,12.9,-1.1,12.96401712,-1.073963321,1.0,-0.2962533235549927,-0.09545454545454547,154533333.3650556,0.1807040717726717,-1.0323285442419443
1749,1083,sanmatenga(kaya),soma peulh,burkina_faso,11/1/2009,2,0,-0.935440287,,12.908479876971406,-1.077418868,-1.683242962,-1.750156894,1.25,1.1666666666666667,-0.30952381,12.9,-1.1,12.9,-1.1,12.9,-1.1,12.96401712,-1.073963321,1.0,-0.2962533235549927,-0.09545454545454547,154533333.3650556,0.1807040717726717,-1.0323285442419443
1750,1084,sanmatenga(kaya),soma peulh,burkina_faso,11/1/2009,5,0,-0.919310328,,12.908479876971406,-1.077418868,-1.683242962,-1.750156894,1.25,1.1666666666666667,-0.30952381,12.9,-1.1,12.9,-1.1,12.9,-1.1,12.96401712,-1.073963321,1.0,-0.2962533235549927,-0.09545454545454547,154533333.3650556,0.1807040717726717,-1.0323285442419443
1751,1085,sanmatenga(kaya),soma peulh,burkina_faso,11/2/2009,7,0,-1.042973344,,12.908479876971406,-1.077418868,-1.683242962,-1.750156894,1.25,1.1666666666666667,-0.30952381,12.9,-1.1,12.9,-1.1,12.9,-1.1,12.96401712,-1.073963321,1.0,-0.2962533235549927,-0.09545454545454547,154533333.3650556,0.1807040717726717,-1.0323285442419443
1752,1086,sanmatenga(kaya),soma peulh,burkina_faso,11/2/2009,5,0,-0.928271416,,12.908479876971406,-1.077418868,-1.683242962,-1.750156894,1.25,1.1666666666666667,-0.30952381,12.9,-1.1,12.9,-1.1,12.9,-1.1,12.96401712,-1.073963321,1.0,-0.2962533235549927,-0.09545454545454547,154533333.3650556,0.1807040717726717,-1.0323285442419443
1753,1087,sanmatenga(kaya),soma peulh,burkina_faso,11/2/2009,4,0,-0.978453509,,12.908479876971406,-1.077418868,-1.683242962,-1.750156894,1.25,1.1666666666666667,-0.30952381,12.9,-1.1,12.9,-1.1,12.9,-1.1,12.96401712,-1.073963321,1.0,-0.2962533235549927,-0.09545454545454547,154533333.3650556,0.1807040717726717,-1.0323285442419443
1754,1088,sanmatenga(kaya),soma peulh,burkina_faso,11/2/2009,10,0,-0.580419676,,12.908479876971406,-1.077418868,-1.683242962,-1.750156894,1.25,1.1666666666666667,-0.30952381,12.9,-1.1,12.9,-1.1,12.9,-1.1,12.96401712,-1.073963321,1.0,-0.2962533235549927,-0.09545454545454547,154533333.3650556,0.1807040717726717,-1.0323285442419443
1755,1089,sanmatenga(kaya),soma peulh,burkina_faso,11/1/2009,14,0,-0.967700204,,12.908479876971406,-1.077418868,-1.683242962,-1.750156894,1.25,1.1666666666666667,-0.30952381,12.9,-1.1,12.9,-1.1,12.9,-1.1,12.96401712,-1.073963321,1.0,-0.2962533235549927,-0.09545454545454547,154533333.3650556,0.1807040717726717,-1.0323285442419443
1756,1113,sanmatenga(kaya),tanseyga,burkina_faso,10/31/2009,10,0,-0.416419615,1.0,13.096810194780764,-1.086335777,-1.677620932,-1.73793523,1.25,0.8333333333333334,-0.433333333,13.1,-1.1,13.1,-1.1,13.1,-1.1,13.09217767,-1.083499768,0.8,-0.2890213131904602,-0.07499999999999998,75473947.14225903,0.16635879581192195,-1.2817542171050573
1757,1114,sanmatenga(kaya),tanseyga,burkina_faso,10/31/2009,7,0,-0.942609157,1.0,13.096810194780764,-1.086335777,-1.677620932,-1.73793523,1.25,0.8333333333333334,-0.433333333,13.1,-1.1,13.1,-1.1,13.1,-1.1,13.09217767,-1.083499768,0.8,-0.2890213131904602,-0.07499999999999998,75473947.14225903,0.16635879581192195,-1.2817542171050573
1758,1118,sanmatenga(kaya),tanseyga,burkina_faso,10/31/2009,6,0,-0.956946898,,13.096810194780764,-1.086335777,-1.677620932,-1.73793523,1.25,0.8333333333333334,-0.433333333,13.1,-1.1,13.1,-1.1,13.1,-1.1,13.09217767,-1.083499768,0.8,-0.2890213131904602,-0.07499999999999998,75473947.14225903,0.16635879581192195,-1.2817542171050573
1759,1124,sanmatenga(kaya),tanseyga,burkina_faso,10/30/2009,8,0,-0.949778028,,13.096810194780764,-1.086335777,-1.677620932,-1.73793523,1.25,0.8333333333333334,-0.433333333,13.1,-1.1,13.1,-1.1,13.1,-1.1,13.09217767,-1.083499768,0.8,-0.2890213131904602,-0.07499999999999998,75473947.14225903,0.16635879581192195,-1.2817542171050573
1760,1127,sanmatenga(kaya),tanseyga,burkina_faso,10/31/2009,7,0,-0.942609157,,13.096810194780764,-1.086335777,-1.677620932,-1.73793523,1.25,0.8333333333333334,-0.433333333,13.1,-1.1,13.1,-1.1,13.1,-1.1,13.09217767,-1.083499768,0.8,-0.2890213131904602,-0.07499999999999998,75473947.14225903,0.16635879581192195,-1.2817542171050573
1761,1130,sanmatenga(kaya),tanseyga,burkina_faso,10/31/2009,13,0,-0.932367914,,13.096810194780764,-1.086335777,-1.677620932,-1.73793523,1.25,0.8333333333333334,-0.433333333,13.1,-1.1,13.1,-1.1,13.1,-1.1,13.09217767,-1.083499768,0.8,-0.2890213131904602,-0.07499999999999998,75473947.14225903,0.16635879581192195,-1.2817542171050573
1762,1131,sanmatenga(kaya),tanseyga,burkina_faso,10/31/2009,1,0,-0.758894702,,13.096810194780764,-1.086335777,-1.677620932,-1.73793523,1.25,0.8333333333333334,-0.433333333,13.1,-1.1,13.1,-1.1,13.1,-1.1,13.09217767,-1.083499768,0.8,-0.2890213131904602,-0.07499999999999998,75473947.14225903,0.16635879581192195,-1.2817542171050573
1763,1132,sanmatenga(kaya),tanseyga,burkina_faso,10/31/2009,11,0,-0.921998655,,13.096810194780764,-1.086335777,-1.677620932,-1.73793523,1.25,0.8333333333333334,-0.433333333,13.1,-1.1,13.1,-1.1,13.1,-1.1,13.09217767,-1.083499768,0.8,-0.2890213131904602,-0.07499999999999998,75473947.14225903,0.16635879581192195,-1.2817542171050573
1764,1133,sanmatenga(kaya),tanseyga,burkina_faso,10/31/2009,15,0,-0.928271416,,13.096810194780764,-1.086335777,-1.677620932,-1.73793523,1.25,0.8333333333333334,-0.433333333,13.1,-1.1,13.1,-1.1,13.1,-1.1,13.09217767,-1.083499768,0.8,-0.2890213131904602,-0.07499999999999998,75473947.14225903,0.16635879581192195,-1.2817542171050573
1765,1153,sanmatenga(kaya),yalgo,burkina_faso,11/3/2009,10,0,-0.616264029,1.0,13.588768431548557,-0.263956546,-1.633850694,-1.848860502,3.0,0.1666666666666666,-0.166666667,13.6,-0.25,13.6,-0.25,13.6,-0.25,13.50282815,-0.148847385,0.4,-0.2035488486289978,-0.03620689655172409,131445606.5920893,0.1531004168277889,0.7332007895104761
1766,1154,sanmatenga(kaya),yalgo,burkina_faso,11/3/2009,11,0,-0.939741609,1.0,13.588768431548557,-0.263956546,-1.633850694,-1.848860502,3.0,0.1666666666666666,-0.166666667,13.6,-0.25,13.6,-0.25,13.6,-0.25,13.50282815,-0.148847385,0.4,-0.2035488486289978,-0.03620689655172409,131445606.5920893,0.1531004168277889,0.7332007895104761
1767,1155,sanmatenga(kaya),yalgo,burkina_faso,11/3/2009,5,0,-0.210996615,,13.588768431548557,-0.263956546,-1.633850694,-1.848860502,3.0,0.1666666666666666,-0.166666667,13.6,-0.25,13.6,-0.25,13.6,-0.25,13.50282815,-0.148847385,0.4,-0.2035488486289978,-0.03620689655172409,131445606.5920893,0.1531004168277889,0.7332007895104761
1768,1156,sanmatenga(kaya),yalgo,burkina_faso,11/4/2009,16,0,-0.780401313,1.0,13.588768431548557,-0.263956546,-1.633850694,-1.848860502,3.0,0.1666666666666666,-0.166666667,13.6,-0.25,13.6,-0.25,13.6,-0.25,13.50282815,-0.148847385,0.4,-0.2035488486289978,-0.03620689655172409,131445606.5920893,0.1531004168277889,0.7332007895104761
1769,1157,sanmatenga(kaya),yalgo,burkina_faso,11/4/2009,11,0,0.2668030515871006,1.0,13.588768431548557,-0.263956546,-1.633850694,-1.848860502,3.0,0.1666666666666666,-0.166666667,13.6,-0.25,13.6,-0.25,13.6,-0.25,13.50282815,-0.148847385,0.4,-0.2035488486289978,-0.03620689655172409,131445606.5920893,0.1531004168277889,0.7332007895104761
1770,1158,sanmatenga(kaya),yalgo,burkina_faso,11/4/2009,6,0,-0.200243309,1.0,13.588768431548557,-0.263956546,-1.633850694,-1.848860502,3.0,0.1666666666666666,-0.166666667,13.6,-0.25,13.6,-0.25,13.6,-0.25,13.50282815,-0.148847385,0.4,-0.2035488486289978,-0.03620689655172409,131445606.5920893,0.1531004168277889,0.7332007895104761
1771,1159,sanmatenga(kaya),yalgo,burkina_faso,11/4/2009,3,0,-0.924686981,,13.588768431548557,-0.263956546,-1.633850694,-1.848860502,3.0,0.1666666666666666,-0.166666667,13.6,-0.25,13.6,-0.25,13.6,-0.25,13.50282815,-0.148847385,0.4,-0.2035488486289978,-0.03620689655172409,131445606.5920893,0.1531004168277889,0.7332007895104761
1772,1160,sanmatenga(kaya),yalgo,burkina_faso,11/4/2009,5,0,-0.580419676,1.0,13.588768431548557,-0.263956546,-1.633850694,-1.848860502,3.0,0.1666666666666666,-0.166666667,13.6,-0.25,13.6,-0.25,13.6,-0.25,13.50282815,-0.148847385,0.4,-0.2035488486289978,-0.03620689655172409,131445606.5920893,0.1531004168277889,0.7332007895104761
1773,1161,sanmatenga(kaya),yalgo,burkina_faso,11/4/2009,12,0,-0.935440287,1.0,13.588768431548557,-0.263956546,-1.633850694,-1.848860502,3.0,0.1666666666666666,-0.166666667,13.6,-0.25,13.6,-0.25,13.6,-0.25,13.50282815,-0.148847385,0.4,-0.2035488486289978,-0.03620689655172409,131445606.5920893,0.1531004168277889,0.7332007895104761
1774,1165,sanmatenga(kaya),zoamba,burkina_faso,11/1/2009,3,0,-0.956946898,,12.76667,-0.83333,-1.636837423,-1.653866142,1.25,1.0,-0.333333333,12.75,-0.85,12.75,-0.85,12.75,-0.85,12.76161893,-0.694916179,0.8,-0.2483685314655304,-0.075,192661617.4148026,0.1964540447852095,-0.7877384860230515
1775,1166,sanmatenga(kaya),zoamba,burkina_faso,11/1/2009,4,0,-0.978453509,,12.76667,-0.83333,-1.636837423,-1.653866142,1.25,1.0,-0.333333333,12.75,-0.85,12.75,-0.85,12.75,-0.85,12.76161893,-0.694916179,0.8,-0.2483685314655304,-0.075,192661617.4148026,0.1964540447852095,-0.7877384860230515
1776,1167,sanmatenga(kaya),zoamba,burkina_faso,11/1/2009,6,0,-0.221749921,,12.76667,-0.83333,-1.636837423,-1.653866142,1.25,1.0,-0.333333333,12.75,-0.85,12.75,-0.85,12.75,-0.85,12.76161893,-0.694916179,0.8,-0.2483685314655304,-0.075,192661617.4148026,0.1964540447852095,-0.7877384860230515
1777,1168,sanmatenga(kaya),zoamba,burkina_faso,11/1/2009,2,0,-0.935440287,,12.76667,-0.83333,-1.636837423,-1.653866142,1.25,1.0,-0.333333333,12.75,-0.85,12.75,-0.85,12.75,-0.85,12.76161893,-0.694916179,0.8,-0.2483685314655304,-0.075,192661617.4148026,0.1964540447852095,-0.7877384860230515
1778,1176,sanmatenga(kaya),zoamba,burkina_faso,11/2/2009,6,0,-0.902353192,,12.76667,-0.83333,-1.636837423,-1.653866142,1.25,1.0,-0.333333333,12.75,-0.85,12.75,-0.85,12.75,-0.85,12.76161893,-0.694916179,0.8,-0.2483685314655304,-0.075,192661617.4148026,0.1964540447852095,-0.7877384860230515
1779,1185,sanmatenga(kaya),zoamba,burkina_faso,11/1/2009,2,0,-0.200243309,,12.76667,-0.83333,-1.636837423,-1.653866142,1.25,1.0,-0.333333333,12.75,-0.85,12.75,-0.85,12.75,-0.85,12.76161893,-0.694916179,0.8,-0.2483685314655304,-0.075,192661617.4148026,0.1964540447852095,-0.7877384860230515
1780,1186,sanmatenga(kaya),zoamba,burkina_faso,11/1/2009,2,0,-0.935440287,,12.76667,-0.83333,-1.636837423,-1.653866142,1.25,1.0,-0.333333333,12.75,-0.85,12.75,-0.85,12.75,-0.85,12.76161893,-0.694916179,0.8,-0.2483685314655304,-0.075,192661617.4148026,0.1964540447852095,-0.7877384860230515
1781,1187,sanmatenga(kaya),zoamba,burkina_faso,11/1/2009,4,0,-0.935440287,,12.76667,-0.83333,-1.636837423,-1.653866142,1.25,1.0,-0.333333333,12.75,-0.85,12.75,-0.85,12.75,-0.85,12.76161893,-0.694916179,0.8,-0.2483685314655304,-0.075,192661617.4148026,0.1964540447852095,-0.7877384860230515
1782,1188,sanmatenga(kaya),zoamba,burkina_faso,11/1/2009,4,0,-0.935440287,,12.76667,-0.83333,-1.636837423,-1.653866142,1.25,1.0,-0.333333333,12.75,-0.85,12.75,-0.85,12.75,-0.85,12.76161893,-0.694916179,0.8,-0.2483685314655304,-0.075,192661617.4148026,0.1964540447852095,-0.7877384860230515
1783,1207,boulkiemdÃ©(koudougou),kokolo,burkina_faso,10/31/2009,1,0,-0.913933675,1.0,11.496635114800164,-4.722468305,-1.765131921,-2.098839939,3.5,0.8333333333333334,-0.433333333,11.5,-4.7,11.5,-4.7,11.5,-4.7,11.49964591,-4.781204746,1.2,-0.35761014620463055,-0.11666666666666668,137015182.57354656,0.2472558622009058,0.7331531823310513
1784,1208,boulkiemdÃ©(koudougou),kokolo,burkina_faso,10/31/2009,7,0,5.760982323691569,,11.496635114800164,-4.722468305,-1.765131921,-2.098839939,3.5,0.8333333333333334,-0.433333333,11.5,-4.7,11.5,-4.7,11.5,-4.7,11.49964591,-4.781204746,1.2,-0.35761014620463055,-0.11666666666666668,137015182.57354656,0.2472558622009058,0.7331531823310513
1785,1209,boulkiemdÃ©(koudougou),kokolo,burkina_faso,10/31/2009,14,0,0.6610236263525355,,11.496635114800164,-4.722468305,-1.765131921,-2.098839939,3.5,0.8333333333333334,-0.433333333,11.5,-4.7,11.5,-4.7,11.5,-4.7,11.49964591,-4.781204746,1.2,-0.35761014620463055,-0.11666666666666668,137015182.57354656,0.2472558622009058,0.7331531823310513
1786,1210,boulkiemdÃ©(koudougou),kokolo,burkina_faso,10/31/2009,2,0,2.266094235800568,,11.496635114800164,-4.722468305,-1.765131921,-2.098839939,3.5,0.8333333333333334,-0.433333333,11.5,-4.7,11.5,-4.7,11.5,-4.7,11.49964591,-4.781204746,1.2,-0.35761014620463055,-0.11666666666666668,137015182.57354656,0.2472558622009058,0.7331531823310513
1787,1211,boulkiemdÃ©(koudougou),kokolo,burkina_faso,10/31/2009,6,0,-0.221749921,,11.496635114800164,-4.722468305,-1.765131921,-2.098839939,3.5,0.8333333333333334,-0.433333333,11.5,-4.7,11.5,-4.7,11.5,-4.7,11.49964591,-4.781204746,1.2,-0.35761014620463055,-0.11666666666666668,137015182.57354656,0.2472558622009058,0.7331531823310513
1788,1212,boulkiemdÃ©(koudougou),kokolo,burkina_faso,10/31/2009,6,0,-0.066710948,,11.496635114800164,-4.722468305,-1.765131921,-2.098839939,3.5,0.8333333333333334,-0.433333333,11.5,-4.7,11.5,-4.7,11.5,-4.7,11.49964591,-4.781204746,1.2,-0.35761014620463055,-0.11666666666666668,137015182.57354656,0.2472558622009058,0.7331531823310513
1789,1213,boulkiemdÃ©(koudougou),kokolo,burkina_faso,10/31/2009,8,0,-0.909440982,,11.496635114800164,-4.722468305,-1.765131921,-2.098839939,3.5,0.8333333333333334,-0.433333333,11.5,-4.7,11.5,-4.7,11.5,-4.7,11.49964591,-4.781204746,1.2,-0.35761014620463055,-0.11666666666666668,137015182.57354656,0.2472558622009058,0.7331531823310513
1790,1214,boulkiemdÃ©(koudougou),kokolo,burkina_faso,10/31/2009,15,0,-1.215026235,,11.496635114800164,-4.722468305,-1.765131921,-2.098839939,3.5,0.8333333333333334,-0.433333333,11.5,-4.7,11.5,-4.7,11.5,-4.7,11.49964591,-4.781204746,1.2,-0.35761014620463055,-0.11666666666666668,137015182.57354656,0.2472558622009058,0.7331531823310513
1791,1215,boulkiemdÃ©(koudougou),kokolo,burkina_faso,10/31/2009,1,0,-0.913933675,,11.496635114800164,-4.722468305,-1.765131921,-2.098839939,3.5,0.8333333333333334,-0.433333333,11.5,-4.7,11.5,-4.7,11.5,-4.7,11.49964591,-4.781204746,1.2,-0.35761014620463055,-0.11666666666666668,137015182.57354656,0.2472558622009058,0.7331531823310513
1792,1216,boulkiemdÃ©(koudougou),koudougou secteur 9,burkina_faso,11/11/2009,2,0,5.791237147505765,,12.25647213022534,-2.351748273,-1.660920113,-1.808899343,1.875,1.0,-0.333333333,12.25,-2.35,12.25,-2.35,12.25,-2.35,12.25436214,-2.354225661,1.2,-0.22687315940856934,-0.11666666666666665,56611305.97077563,0.18623091512373205,-0.08078036880446902
1793,1217,boulkiemdÃ©(koudougou),koudougou secteur 9,burkina_faso,11/11/2009,5,0,4.199992447274831,,12.25647213022534,-2.351748273,-1.660920113,-1.808899343,1.875,1.0,-0.333333333,12.25,-2.35,12.25,-2.35,12.25,-2.35,12.25436214,-2.354225661,1.2,-0.22687315940856934,-0.11666666666666665,56611305.97077563,0.18623091512373205,-0.08078036880446902
1794,1218,boulkiemdÃ©(koudougou),koudougou secteur 9,burkina_faso,11/11/2009,10,0,8.980061588682814,,12.25647213022534,-2.351748273,-1.660920113,-1.808899343,1.875,1.0,-0.333333333,12.25,-2.35,12.25,-2.35,12.25,-2.35,12.25436214,-2.354225661,1.2,-0.22687315940856934,-0.11666666666666665,56611305.97077563,0.18623091512373205,-0.08078036880446902
1795,1219,boulkiemdÃ©(koudougou),koudougou secteur 9,burkina_faso,11/11/2009,5,0,10.012997175136254,,12.25647213022534,-2.351748273,-1.660920113,-1.808899343,1.875,1.0,-0.333333333,12.25,-2.35,12.25,-2.35,12.25,-2.35,12.25436214,-2.354225661,1.2,-0.22687315940856934,-0.11666666666666665,56611305.97077563,0.18623091512373205,-0.08078036880446902
1796,1220,boulkiemdÃ©(koudougou),koudougou secteur 9,burkina_faso,11/11/2009,4,0,11.051322750702036,,12.25647213022534,-2.351748273,-1.660920113,-1.808899343,1.875,1.0,-0.333333333,12.25,-2.35,12.25,-2.35,12.25,-2.35,12.25436214,-2.354225661,1.2,-0.22687315940856934,-0.11666666666666665,56611305.97077563,0.18623091512373205,-0.08078036880446902
1797,1221,boulkiemdÃ©(koudougou),koudougou secteur 9,burkina_faso,11/11/2009,2,0,8.309307662854096,,12.25647213022534,-2.351748273,-1.660920113,-1.808899343,1.875,1.0,-0.333333333,12.25,-2.35,12.25,-2.35,12.25,-2.35,12.25436214,-2.354225661,1.2,-0.22687315940856934,-0.11666666666666665,56611305.97077563,0.18623091512373205,-0.08078036880446902
1798,1222,boulkiemdÃ©(koudougou),koudougou secteur 9,burkina_faso,11/11/2009,7,0,7.707075256068975,,12.25647213022534,-2.351748273,-1.660920113,-1.808899343,1.875,1.0,-0.333333333,12.25,-2.35,12.25,-2.35,12.25,-2.35,12.25436214,-2.354225661,1.2,-0.22687315940856934,-0.11666666666666665,56611305.97077563,0.18623091512373205,-0.08078036880446902
1799,1223,boulkiemdÃ©(koudougou),koudougou secteur 9,burkina_faso,11/11/2009,8,0,12.053790637690872,,12.25647213022534,-2.351748273,-1.660920113,-1.808899343,1.875,1.0,-0.333333333,12.25,-2.35,12.25,-2.35,12.25,-2.35,12.25436214,-2.354225661,1.2,-0.22687315940856934,-0.11666666666666665,56611305.97077563,0.18623091512373205,-0.08078036880446902
1800,1224,boulkiemdÃ©(koudougou),koudougou secteur 9,burkina_faso,11/11/2009,3,0,9.570972898284412,,12.25647213022534,-2.351748273,-1.660920113,-1.808899343,1.875,1.0,-0.333333333,12.25,-2.35,12.25,-2.35,12.25,-2.35,12.25436214,-2.354225661,1.2,-0.22687315940856934,-0.11666666666666665,56611305.97077563,0.18623091512373205,-0.08078036880446902
1801,1243,boulkiemdÃ©(koudougou),nadiolo,burkina_faso,11/5/2009,12,0,-0.766063572,,12.09379722026458,-2.452068613,-1.670132592,-1.742447749,1.625,1.0,-0.333333333,12.1,-2.45,12.1,-2.45,12.1,-2.45,12.07151562,-2.443899142,1.2,-0.20975716908772787,-0.11666666666666665,56611305.97077563,0.20166195610224952,-0.19710375989764864
1802,1247,boulkiemdÃ©(koudougou),nadiolo,burkina_faso,11/5/2009,7,0,1.683902673519859,,12.09379722026458,-2.452068613,-1.670132592,-1.742447749,1.625,1.0,-0.333333333,12.1,-2.45,12.1,-2.45,12.1,-2.45,12.07151562,-2.443899142,1.2,-0.20975716908772787,-0.11666666666666665,56611305.97077563,0.20166195610224952,-0.19710375989764864
1803,1250,boulkiemdÃ©(koudougou),nadiolo,burkina_faso,11/5/2009,9,0,-0.486316102,,12.09379722026458,-2.452068613,-1.670132592,-1.742447749,1.625,1.0,-0.333333333,12.1,-2.45,12.1,-2.45,12.1,-2.45,12.07151562,-2.443899142,1.2,-0.20975716908772787,-0.11666666666666665,56611305.97077563,0.20166195610224952,-0.19710375989764864
1804,1251,boulkiemdÃ©(koudougou),nadiolo,burkina_faso,11/5/2009,4,0,1.7161625906000295,,12.09379722026458,-2.452068613,-1.670132592,-1.742447749,1.625,1.0,-0.333333333,12.1,-2.45,12.1,-2.45,12.1,-2.45,12.07151562,-2.443899142,1.2,-0.20975716908772787,-0.11666666666666665,56611305.97077563,0.20166195610224952,-0.19710375989764864
1805,1259,boulkiemdÃ©(koudougou),nadiolo,burkina_faso,11/5/2009,4,0,-0.935440287,,12.09379722026458,-2.452068613,-1.670132592,-1.742447749,1.625,1.0,-0.333333333,12.1,-2.45,12.1,-2.45,12.1,-2.45,12.07151562,-2.443899142,1.2,-0.20975716908772787,-0.11666666666666665,56611305.97077563,0.20166195610224952,-0.19710375989764864
1806,1261,boulkiemdÃ©(koudougou),nadiolo,burkina_faso,11/4/2009,9,0,-0.989206815,,12.09379722026458,-2.452068613,-1.670132592,-1.742447749,1.625,1.0,-0.333333333,12.1,-2.45,12.1,-2.45,12.1,-2.45,12.07151562,-2.443899142,1.2,-0.20975716908772787,-0.11666666666666665,56611305.97077563,0.20166195610224952,-0.19710375989764864
1807,1263,boulkiemdÃ©(koudougou),nadiolo,burkina_faso,11/5/2009,3,0,-0.924686981,,12.09379722026458,-2.452068613,-1.670132592,-1.742447749,1.625,1.0,-0.333333333,12.1,-2.45,12.1,-2.45,12.1,-2.45,12.07151562,-2.443899142,1.2,-0.20975716908772787,-0.11666666666666665,56611305.97077563,0.20166195610224952,-0.19710375989764864
1808,1264,boulkiemdÃ©(koudougou),nadiolo,burkina_faso,11/5/2009,14,0,-0.489900537,,12.09379722026458,-2.452068613,-1.670132592,-1.742447749,1.625,1.0,-0.333333333,12.1,-2.45,12.1,-2.45,12.1,-2.45,12.07151562,-2.443899142,1.2,-0.20975716908772787,-0.11666666666666665,56611305.97077563,0.20166195610224952,-0.19710375989764864
1809,1266,boulkiemdÃ©(koudougou),nadiolo,burkina_faso,11/5/2009,8,0,-0.780401313,,12.09379722026458,-2.452068613,-1.670132592,-1.742447749,1.625,1.0,-0.333333333,12.1,-2.45,12.1,-2.45,12.1,-2.45,12.07151562,-2.443899142,1.2,-0.20975716908772787,-0.11666666666666665,56611305.97077563,0.20166195610224952,-0.19710375989764864
1810,1269,boulkiemdÃ©(koudougou),nadiolo,burkina_faso,11/5/2009,5,0,-0.764271355,,12.09379722026458,-2.452068613,-1.670132592,-1.742447749,1.625,1.0,-0.333333333,12.1,-2.45,12.1,-2.45,12.1,-2.45,12.07151562,-2.443899142,1.2,-0.20975716908772787,-0.11666666666666665,56611305.97077563,0.20166195610224952,-0.19710375989764864
1811,1270,boulkiemdÃ©(koudougou),sabou secteur 1,burkina_faso,11/8/2009,1,0,4.580104104366809,1.0,12.060137347471333,-2.225975945,-1.783054546,-1.892540604,1.875,0.8333333333333334,-0.433333333,12.05,-2.25,12.05,-2.25,12.05,-2.25,12.06421524,-2.262677397,1.0,-0.3447005033493042,-0.09545454545454543,67837077.95174627,0.20363703257191784,-0.2838545423065952
1812,1271,boulkiemdÃ©(koudougou),sabou secteur 1,burkina_faso,11/6/2009,3,0,-0.769648008,1.0,12.060137347471333,-2.225975945,-1.783054546,-1.892540604,1.875,0.8333333333333334,-0.433333333,12.05,-2.25,12.05,-2.25,12.05,-2.25,12.06421524,-2.262677397,1.0,-0.3447005033493042,-0.09545454545454543,67837077.95174627,0.20363703257191784,-0.2838545423065952
1813,1272,boulkiemdÃ©(koudougou),sabou secteur 1,burkina_faso,11/6/2009,3,0,-0.924686981,,12.060137347471333,-2.225975945,-1.783054546,-1.892540604,1.875,0.8333333333333334,-0.433333333,12.05,-2.25,12.05,-2.25,12.05,-2.25,12.06421524,-2.262677397,1.0,-0.3447005033493042,-0.09545454545454543,67837077.95174627,0.20363703257191784,-0.2838545423065952
1814,1273,boulkiemdÃ©(koudougou),sabou secteur 1,burkina_faso,11/6/2009,16,0,0.5412428317900845,1.0,12.060137347471333,-2.225975945,-1.783054546,-1.892540604,1.875,0.8333333333333334,-0.433333333,12.05,-2.25,12.05,-2.25,12.05,-2.25,12.06421524,-2.262677397,1.0,-0.3447005033493042,-0.09545454545454543,67837077.95174627,0.20363703257191784,-0.2838545423065952
1815,1274,boulkiemdÃ©(koudougou),sabou secteur 1,burkina_faso,11/6/2009,1,0,4.246590105279521,,12.060137347471333,-2.225975945,-1.783054546,-1.892540604,1.875,0.8333333333333334,-0.433333333,12.05,-2.25,12.05,-2.25,12.05,-2.25,12.06421524,-2.262677397,1.0,-0.3447005033493042,-0.09545454545454543,67837077.95174627,0.20363703257191784,-0.2838545423065952
1816,1275,boulkiemdÃ©(koudougou),sabou secteur 1,burkina_faso,11/7/2009,5,0,7.052902382936079,1.0,12.060137347471333,-2.225975945,-1.783054546,-1.892540604,1.875,0.8333333333333334,-0.433333333,12.05,-2.25,12.05,-2.25,12.05,-2.25,12.06421524,-2.262677397,1.0,-0.3447005033493042,-0.09545454545454543,67837077.95174627,0.20363703257191784,-0.2838545423065952
1817,1276,boulkiemdÃ©(koudougou),sabou secteur 1,burkina_faso,11/7/2009,5,0,1.389422048812466,1.0,12.060137347471333,-2.225975945,-1.783054546,-1.892540604,1.875,0.8333333333333334,-0.433333333,12.05,-2.25,12.05,-2.25,12.05,-2.25,12.06421524,-2.262677397,1.0,-0.3447005033493042,-0.09545454545454543,67837077.95174627,0.20363703257191784,-0.2838545423065952
1818,1277,boulkiemdÃ©(koudougou),sabou secteur 1,burkina_faso,11/7/2009,2,0,6.490871610522329,1.0,12.060137347471333,-2.225975945,-1.783054546,-1.892540604,1.875,0.8333333333333334,-0.433333333,12.05,-2.25,12.05,-2.25,12.05,-2.25,12.06421524,-2.262677397,1.0,-0.3447005033493042,-0.09545454545454543,67837077.95174627,0.20363703257191784,-0.2838545423065952
1819,1279,boulkiemdÃ©(koudougou),sabou secteur 1,burkina_faso,11/6/2009,2,0,-0.758894702,1.0,12.060137347471333,-2.225975945,-1.783054546,-1.892540604,1.875,0.8333333333333334,-0.433333333,12.05,-2.25,12.05,-2.25,12.05,-2.25,12.06421524,-2.262677397,1.0,-0.3447005033493042,-0.09545454545454543,67837077.95174627,0.20363703257191784,-0.2838545423065952
1820,1315,boulkiemdÃ©(koudougou),poesse,burkina_faso,11/10/2009,18,0,-0.432549573,1.0,12.554480000000002,-2.11213,-1.630878359,-1.69398354,1.625,1.0,-0.333333333,12.55,-2.1,12.55,-2.1,12.55,-2.1,12.60199655,-2.101418271,1.0,-0.2362208127975464,-0.09545454545454546,65921575.8993582,0.19652112891333942,0.08216430214245518
1821,1316,boulkiemdÃ©(koudougou),poesse,burkina_faso,11/10/2009,9,0,-0.924686981,1.0,12.554480000000002,-2.11213,-1.630878359,-1.69398354,1.625,1.0,-0.333333333,12.55,-2.1,12.55,-2.1,12.55,-2.1,12.60199655,-2.101418271,1.0,-0.2362208127975464,-0.09545454545454546,65921575.8993582,0.19652112891333942,0.08216430214245518
1822,1317,boulkiemdÃ©(koudougou),poesse,burkina_faso,11/10/2009,5,0,-0.999960121,1.0,12.554480000000002,-2.11213,-1.630878359,-1.69398354,1.625,1.0,-0.333333333,12.55,-2.1,12.55,-2.1,12.55,-2.1,12.60199655,-2.101418271,1.0,-0.2362208127975464,-0.09545454545454546,65921575.8993582,0.19652112891333942,0.08216430214245518
1823,1318,boulkiemdÃ©(koudougou),poesse,burkina_faso,11/10/2009,6,0,-0.956946898,1.0,12.554480000000002,-2.11213,-1.630878359,-1.69398354,1.625,1.0,-0.333333333,12.55,-2.1,12.55,-2.1,12.55,-2.1,12.60199655,-2.101418271,1.0,-0.2362208127975464,-0.09545454545454546,65921575.8993582,0.19652112891333942,0.08216430214245518
1824,1319,boulkiemdÃ©(koudougou),poesse,burkina_faso,11/10/2009,15,0,0.6363028954087028,1.0,12.554480000000002,-2.11213,-1.630878359,-1.69398354,1.625,1.0,-0.333333333,12.55,-2.1,12.55,-2.1,12.55,-2.1,12.60199655,-2.101418271,1.0,-0.2362208127975464,-0.09545454545454546,65921575.8993582,0.19652112891333942,0.08216430214245518
1825,1320,boulkiemdÃ©(koudougou),poesse,burkina_faso,11/10/2009,10,0,-0.780401313,1.0,12.554480000000002,-2.11213,-1.630878359,-1.69398354,1.625,1.0,-0.333333333,12.55,-2.1,12.55,-2.1,12.55,-2.1,12.60199655,-2.101418271,1.0,-0.2362208127975464,-0.09545454545454546,65921575.8993582,0.19652112891333942,0.08216430214245518
1826,1321,boulkiemdÃ©(koudougou),poesse,burkina_faso,11/10/2009,11,0,-0.816245666,1.0,12.554480000000002,-2.11213,-1.630878359,-1.69398354,1.625,1.0,-0.333333333,12.55,-2.1,12.55,-2.1,12.55,-2.1,12.60199655,-2.101418271,1.0,-0.2362208127975464,-0.09545454545454546,65921575.8993582,0.19652112891333942,0.08216430214245518
1827,1322,boulkiemdÃ©(koudougou),poesse,burkina_faso,11/10/2009,6,0,-0.780401313,,12.554480000000002,-2.11213,-1.630878359,-1.69398354,1.625,1.0,-0.333333333,12.55,-2.1,12.55,-2.1,12.55,-2.1,12.60199655,-2.101418271,1.0,-0.2362208127975464,-0.09545454545454546,65921575.8993582,0.19652112891333942,0.08216430214245518
1828,1323,boulkiemdÃ©(koudougou),poesse,burkina_faso,11/10/2009,7,0,-0.942609157,,12.554480000000002,-2.11213,-1.630878359,-1.69398354,1.625,1.0,-0.333333333,12.55,-2.1,12.55,-2.1,12.55,-2.1,12.60199655,-2.101418271,1.0,-0.2362208127975464,-0.09545454545454546,65921575.8993582,0.19652112891333942,0.08216430214245518
1829,1324,boulkiemdÃ©(koudougou),sakoinse,burkina_faso,11/6/2009,5,0,-0.844921148,,12.188339999999998,-1.96848,-1.711256236,-1.856367081,2.5,0.6666666666666666,-0.666666667,12.2,-1.95,12.2,-1.95,12.2,-1.95,12.19059873,-2.101418271,1.2,-0.2800499200820923,0.06851851851851852,56606109.58920649,0.19398401738979257,-0.5375072215736321
1830,1335,boulkiemdÃ©(koudougou),sakoinse,burkina_faso,11/3/2009,11,0,-0.081048688,1.0,12.188339999999998,-1.96848,-1.711256236,-1.856367081,2.5,0.6666666666666666,-0.666666667,12.2,-1.95,12.2,-1.95,12.2,-1.95,12.19059873,-2.101418271,1.2,-0.2800499200820923,0.06851851851851852,56606109.58920649,0.19398401738979257,-0.5375072215736321
1831,1339,boulkiemdÃ©(koudougou),sakoinse,burkina_faso,11/6/2009,7,0,0.4782472783277984,,12.188339999999998,-1.96848,-1.711256236,-1.856367081,2.5,0.6666666666666666,-0.666666667,12.2,-1.95,12.2,-1.95,12.2,-1.95,12.19059873,-2.101418271,1.2,-0.2800499200820923,0.06851851851851852,56606109.58920649,0.19398401738979257,-0.5375072215736321
1832,1342,boulkiemdÃ©(koudougou),sakoinse,burkina_faso,11/6/2009,21,0,-0.427172921,,12.188339999999998,-1.96848,-1.711256236,-1.856367081,2.5,0.6666666666666666,-0.666666667,12.2,-1.95,12.2,-1.95,12.2,-1.95,12.19059873,-2.101418271,1.2,-0.2800499200820923,0.06851851851851852,56606109.58920649,0.19398401738979257,-0.5375072215736321
1833,1343,boulkiemdÃ©(koudougou),sakoinse,burkina_faso,11/6/2009,2,0,-0.935440287,,12.188339999999998,-1.96848,-1.711256236,-1.856367081,2.5,0.6666666666666666,-0.666666667,12.2,-1.95,12.2,-1.95,12.2,-1.95,12.19059873,-2.101418271,1.2,-0.2800499200820923,0.06851851851851852,56606109.58920649,0.19398401738979257,-0.5375072215736321
1834,1344,boulkiemdÃ©(koudougou),sakoinse,burkina_faso,11/6/2009,2,0,-0.913933675,,12.188339999999998,-1.96848,-1.711256236,-1.856367081,2.5,0.6666666666666666,-0.666666667,12.2,-1.95,12.2,-1.95,12.2,-1.95,12.19059873,-2.101418271,1.2,-0.2800499200820923,0.06851851851851852,56606109.58920649,0.19398401738979257,-0.5375072215736321
1835,1346,boulkiemdÃ©(koudougou),sakoinse,burkina_faso,11/6/2009,16,0,0.2965026577878924,1.0,12.188339999999998,-1.96848,-1.711256236,-1.856367081,2.5,0.6666666666666666,-0.666666667,12.2,-1.95,12.2,-1.95,12.2,-1.95,12.19059873,-2.101418271,1.2,-0.2800499200820923,0.06851851851851852,56606109.58920649,0.19398401738979257,-0.5375072215736321
1836,1347,boulkiemdÃ©(koudougou),sakoinse,burkina_faso,11/6/2009,8,0,-0.045204336,1.0,12.188339999999998,-1.96848,-1.711256236,-1.856367081,2.5,0.6666666666666666,-0.666666667,12.2,-1.95,12.2,-1.95,12.2,-1.95,12.19059873,-2.101418271,1.2,-0.2800499200820923,0.06851851851851852,56606109.58920649,0.19398401738979257,-0.5375072215736321
1837,1348,boulkiemdÃ©(koudougou),sakoinse,burkina_faso,11/6/2009,5,0,0.2658573412898106,,12.188339999999998,-1.96848,-1.711256236,-1.856367081,2.5,0.6666666666666666,-0.666666667,12.2,-1.95,12.2,-1.95,12.2,-1.95,12.19059873,-2.101418271,1.2,-0.2800499200820923,0.06851851851851852,56606109.58920649,0.19398401738979257,-0.5375072215736321
1838,1352,boulgou(tenkodogo),bane,burkina_faso,11/4/2009,5,0,-0.773232443,,11.576123367890464,-0.355584147,-1.3890571,-1.436829448,1.5,0.5,0.1666666666666667,11.6,-0.35,11.6,-0.35,11.6,-0.35,11.49964591,-0.394533913,0.0,0.0,,0.0,0.21316052573628846,0.0
1839,1358,boulgou(tenkodogo),bane,burkina_faso,11/4/2009,3,0,-0.801907925,,11.576123367890464,-0.355584147,-1.3890571,-1.436829448,1.5,0.5,0.1666666666666667,11.6,-0.35,11.6,-0.35,11.6,-0.35,11.49964591,-0.394533913,0.0,0.0,,0.0,0.21316052573628846,0.0
1840,1360,boulgou(tenkodogo),bane,burkina_faso,11/4/2009,5,0,-0.407458527,,11.576123367890464,-0.355584147,-1.3890571,-1.436829448,1.5,0.5,0.1666666666666667,11.6,-0.35,11.6,-0.35,11.6,-0.35,11.49964591,-0.394533913,0.0,0.0,,0.0,0.21316052573628846,0.0
1841,1363,boulgou(tenkodogo),bane,burkina_faso,11/4/2009,7,0,-0.88793437,,11.576123367890464,-0.355584147,-1.3890571,-1.436829448,1.5,0.5,0.1666666666666667,11.6,-0.35,11.6,-0.35,11.6,-0.35,11.49964591,-0.394533913,0.0,0.0,,0.0,0.21316052573628846,0.0
1842,1364,boulgou(tenkodogo),bane,burkina_faso,11/4/2009,6,0,-0.801907925,,11.576123367890464,-0.355584147,-1.3890571,-1.436829448,1.5,0.5,0.1666666666666667,11.6,-0.35,11.6,-0.35,11.6,-0.35,11.49964591,-0.394533913,0.0,0.0,,0.0,0.21316052573628846,0.0
1843,1368,boulgou(tenkodogo),bane,burkina_faso,11/4/2009,6,0,-0.801907925,1.0,11.576123367890464,-0.355584147,-1.3890571,-1.436829448,1.5,0.5,0.1666666666666667,11.6,-0.35,11.6,-0.35,11.6,-0.35,11.49964591,-0.394533913,0.0,0.0,,0.0,0.21316052573628846,0.0
1844,1370,boulgou(tenkodogo),bane,burkina_faso,11/4/2009,5,0,-0.773232443,1.0,11.576123367890464,-0.355584147,-1.3890571,-1.436829448,1.5,0.5,0.1666666666666667,11.6,-0.35,11.6,-0.35,11.6,-0.35,11.49964591,-0.394533913,0.0,0.0,,0.0,0.21316052573628846,0.0
1845,1372,boulgou(tenkodogo),bane,burkina_faso,11/4/2009,1,0,-0.913933675,,11.576123367890464,-0.355584147,-1.3890571,-1.436829448,1.5,0.5,0.1666666666666667,11.6,-0.35,11.6,-0.35,11.6,-0.35,11.49964591,-0.394533913,0.0,0.0,,0.0,0.21316052573628846,0.0
1846,1376,boulgou(tenkodogo),bane,burkina_faso,11/4/2009,7,0,2.37014694,,11.576123367890464,-0.355584147,-1.3890571,-1.436829448,1.5,0.5,0.1666666666666667,11.6,-0.35,11.6,-0.35,11.6,-0.35,11.49964591,-0.394533913,0.0,0.0,,0.0,0.21316052573628846,0.0
1847,1378,boulgou(tenkodogo),bittou secteur 1,burkina_faso,11/2/2009,5,0,6.623885046,,11.25581,-0.30545,-1.371663511,-1.371663511,1.0,0.3333333333333333,-0.333333333,11.25,-0.3,11.25,-0.3,11.25,-0.3,11.18272298,-0.394533913,0.0,0.0,,0.0,0.2062953060208245,0.0
1848,1380,boulgou(tenkodogo),bittou secteur 1,burkina_faso,11/2/2009,9,0,2.010247802144886,,11.25581,-0.30545,-1.371663511,-1.371663511,1.0,0.3333333333333333,-0.333333333,11.25,-0.3,11.25,-0.3,11.25,-0.3,11.18272298,-0.394533913,0.0,0.0,,0.0,0.2062953060208245,0.0
1849,1381,boulgou(tenkodogo),bittou secteur 1,burkina_faso,11/2/2009,8,0,1.8946376163474103,,11.25581,-0.30545,-1.371663511,-1.371663511,1.0,0.3333333333333333,-0.333333333,11.25,-0.3,11.25,-0.3,11.25,-0.3,11.18272298,-0.394533913,0.0,0.0,,0.0,0.2062953060208245,0.0
1850,1390,boulgou(tenkodogo),bittou secteur 1,burkina_faso,11/2/2009,4,0,-0.935440287,,11.25581,-0.30545,-1.371663511,-1.371663511,1.0,0.3333333333333333,-0.333333333,11.25,-0.3,11.25,-0.3,11.25,-0.3,11.18272298,-0.394533913,0.0,0.0,,0.0,0.2062953060208245,0.0
1851,1396,boulgou(tenkodogo),bittou secteur 1,burkina_faso,11/3/2009,17,0,1.9242213565977653,,11.25581,-0.30545,-1.371663511,-1.371663511,1.0,0.3333333333333333,-0.333333333,11.25,-0.3,11.25,-0.3,11.25,-0.3,11.18272298,-0.394533913,0.0,0.0,,0.0,0.2062953060208245,0.0
1852,1397,boulgou(tenkodogo),bittou secteur 1,burkina_faso,11/2/2009,3,0,0.5135238391489662,,11.25581,-0.30545,-1.371663511,-1.371663511,1.0,0.3333333333333333,-0.333333333,11.25,-0.3,11.25,-0.3,11.25,-0.3,11.18272298,-0.394533913,0.0,0.0,,0.0,0.2062953060208245,0.0
1853,1399,boulgou(tenkodogo),bittou secteur 1,burkina_faso,11/3/2009,4,0,-0.780401313,1.0,11.25581,-0.30545,-1.371663511,-1.371663511,1.0,0.3333333333333333,-0.333333333,11.25,-0.3,11.25,-0.3,11.25,-0.3,11.18272298,-0.394533913,0.0,0.0,,0.0,0.2062953060208245,0.0
1854,1401,boulgou(tenkodogo),bittou secteur 1,burkina_faso,11/3/2009,3,0,-0.758894702,,11.25581,-0.30545,-1.371663511,-1.371663511,1.0,0.3333333333333333,-0.333333333,11.25,-0.3,11.25,-0.3,11.25,-0.3,11.18272298,-0.394533913,0.0,0.0,,0.0,0.2062953060208245,0.0
1855,1403,boulgou(tenkodogo),bittou secteur 1,burkina_faso,11/3/2009,8,0,10.463351302100488,,11.25581,-0.30545,-1.371663511,-1.371663511,1.0,0.3333333333333333,-0.333333333,11.25,-0.3,11.25,-0.3,11.25,-0.3,11.18272298,-0.394533913,0.0,0.0,,0.0,0.2062953060208245,0.0
1856,1408,boulgou(tenkodogo),gambaghin,burkina_faso,11/12/2009,2,0,-0.935440287,,11.786085461070222,-0.368035917,-1.498634617,-1.506856759,1.3333333333333333,0.8333333333333334,0.3666666666666665,11.8,-0.35,11.8,-0.35,11.8,-0.35,11.84816324,-0.394533913,0.4,-0.1181911826133728,-0.03620689655172412,365689098.9013645,0.2038989997797642,0.5720250345362751
1857,1410,boulgou(tenkodogo),gambaghin,burkina_faso,11/12/2009,4,0,-0.766063572,,11.786085461070222,-0.368035917,-1.498634617,-1.506856759,1.3333333333333333,0.8333333333333334,0.3666666666666665,11.8,-0.35,11.8,-0.35,11.8,-0.35,11.84816324,-0.394533913,0.4,-0.1181911826133728,-0.03620689655172412,365689098.9013645,0.2038989997797642,0.5720250345362751
1858,1417,boulgou(tenkodogo),gambaghin,burkina_faso,11/12/2009,11,0,-0.951570245,,11.786085461070222,-0.368035917,-1.498634617,-1.506856759,1.3333333333333333,0.8333333333333334,0.3666666666666665,11.8,-0.35,11.8,-0.35,11.8,-0.35,11.84816324,-0.394533913,0.4,-0.1181911826133728,-0.03620689655172412,365689098.9013645,0.2038989997797642,0.5720250345362751
1859,1418,boulgou(tenkodogo),gambaghin,burkina_faso,11/12/2009,3,0,-0.421796268,,11.786085461070222,-0.368035917,-1.498634617,-1.506856759,1.3333333333333333,0.8333333333333334,0.3666666666666665,11.8,-0.35,11.8,-0.35,11.8,-0.35,11.84816324,-0.394533913,0.4,-0.1181911826133728,-0.03620689655172412,365689098.9013645,0.2038989997797642,0.5720250345362751
1860,1419,boulgou(tenkodogo),gambaghin,burkina_faso,11/12/2009,5,0,0.2346846269299437,,11.786085461070222,-0.368035917,-1.498634617,-1.506856759,1.3333333333333333,0.8333333333333334,0.3666666666666665,11.8,-0.35,11.8,-0.35,11.8,-0.35,11.84816324,-0.394533913,0.4,-0.1181911826133728,-0.03620689655172412,365689098.9013645,0.2038989997797642,0.5720250345362751
1861,1422,boulgou(tenkodogo),gambaghin,burkina_faso,11/12/2009,9,0,-0.956946898,,11.786085461070222,-0.368035917,-1.498634617,-1.506856759,1.3333333333333333,0.8333333333333334,0.3666666666666665,11.8,-0.35,11.8,-0.35,11.8,-0.35,11.84816324,-0.394533913,0.4,-0.1181911826133728,-0.03620689655172412,365689098.9013645,0.2038989997797642,0.5720250345362751
1862,1426,boulgou(tenkodogo),gambaghin,burkina_faso,11/12/2009,6,0,-1.021466732,,11.786085461070222,-0.368035917,-1.498634617,-1.506856759,1.3333333333333333,0.8333333333333334,0.3666666666666665,11.8,-0.35,11.8,-0.35,11.8,-0.35,11.84816324,-0.394533913,0.4,-0.1181911826133728,-0.03620689655172412,365689098.9013645,0.2038989997797642,0.5720250345362751
1863,1427,boulgou(tenkodogo),gambaghin,burkina_faso,11/12/2009,11,0,-1.128999789,,11.786085461070222,-0.368035917,-1.498634617,-1.506856759,1.3333333333333333,0.8333333333333334,0.3666666666666665,11.8,-0.35,11.8,-0.35,11.8,-0.35,11.84816324,-0.394533913,0.4,-0.1181911826133728,-0.03620689655172412,365689098.9013645,0.2038989997797642,0.5720250345362751
1864,1428,boulgou(tenkodogo),gambaghin,burkina_faso,11/12/2009,1,0,-0.913933675,,11.786085461070222,-0.368035917,-1.498634617,-1.506856759,1.3333333333333333,0.8333333333333334,0.3666666666666665,11.8,-0.35,11.8,-0.35,11.8,-0.35,11.84816324,-0.394533913,0.4,-0.1181911826133728,-0.03620689655172412,365689098.9013645,0.2038989997797642,0.5720250345362751
1865,1433,boulgou(tenkodogo),guella,burkina_faso,11/13/2009,4,0,0.4997538897145788,,11.786085461070222,-0.368035917,-1.498634617,-1.506856759,1.3333333333333333,0.8333333333333334,0.3666666666666665,11.8,-0.35,11.8,-0.35,11.8,-0.35,11.84816324,-0.394533913,0.4,-0.1181911826133728,-0.03620689655172412,365689098.9013645,0.2038989997797642,0.5720250345362751
1866,1434,boulgou(tenkodogo),guella,burkina_faso,11/13/2009,11,0,-0.816245666,,11.786085461070222,-0.368035917,-1.498634617,-1.506856759,1.3333333333333333,0.8333333333333334,0.3666666666666665,11.8,-0.35,11.8,-0.35,11.8,-0.35,11.84816324,-0.394533913,0.4,-0.1181911826133728,-0.03620689655172412,365689098.9013645,0.2038989997797642,0.5720250345362751
1867,1436,boulgou(tenkodogo),guella,burkina_faso,11/13/2009,4,0,-0.780401313,,11.786085461070222,-0.368035917,-1.498634617,-1.506856759,1.3333333333333333,0.8333333333333334,0.3666666666666665,11.8,-0.35,11.8,-0.35,11.8,-0.35,11.84816324,-0.394533913,0.4,-0.1181911826133728,-0.03620689655172412,365689098.9013645,0.2038989997797642,0.5720250345362751
1868,1445,boulgou(tenkodogo),guella,burkina_faso,11/12/2009,5,0,-0.999960121,,11.786085461070222,-0.368035917,-1.498634617,-1.506856759,1.3333333333333333,0.8333333333333334,0.3666666666666665,11.8,-0.35,11.8,-0.35,11.8,-0.35,11.84816324,-0.394533913,0.4,-0.1181911826133728,-0.03620689655172412,365689098.9013645,0.2038989997797642,0.5720250345362751
1869,1448,boulgou(tenkodogo),guella,burkina_faso,11/13/2009,3,0,-0.956946898,,11.786085461070222,-0.368035917,-1.498634617,-1.506856759,1.3333333333333333,0.8333333333333334,0.3666666666666665,11.8,-0.35,11.8,-0.35,11.8,-0.35,11.84816324,-0.394533913,0.4,-0.1181911826133728,-0.03620689655172412,365689098.9013645,0.2038989997797642,0.5720250345362751
1870,1450,boulgou(tenkodogo),guella,burkina_faso,11/13/2009,11,0,-0.766959681,,11.786085461070222,-0.368035917,-1.498634617,-1.506856759,1.3333333333333333,0.8333333333333334,0.3666666666666665,11.8,-0.35,11.8,-0.35,11.8,-0.35,11.84816324,-0.394533913,0.4,-0.1181911826133728,-0.03620689655172412,365689098.9013645,0.2038989997797642,0.5720250345362751
1871,1451,boulgou(tenkodogo),guella,burkina_faso,11/13/2009,2,0,-0.780401313,,11.786085461070222,-0.368035917,-1.498634617,-1.506856759,1.3333333333333333,0.8333333333333334,0.3666666666666665,11.8,-0.35,11.8,-0.35,11.8,-0.35,11.84816324,-0.394533913,0.4,-0.1181911826133728,-0.03620689655172412,365689098.9013645,0.2038989997797642,0.5720250345362751
1872,1453,boulgou(tenkodogo),guella,burkina_faso,11/13/2009,5,0,-0.773232443,,11.786085461070222,-0.368035917,-1.498634617,-1.506856759,1.3333333333333333,0.8333333333333334,0.3666666666666665,11.8,-0.35,11.8,-0.35,11.8,-0.35,11.84816324,-0.394533913,0.4,-0.1181911826133728,-0.03620689655172412,365689098.9013645,0.2038989997797642,0.5720250345362751
1873,1458,boulgou(tenkodogo),guella,burkina_faso,11/13/2009,13,0,1.6590498454072775,,11.786085461070222,-0.368035917,-1.498634617,-1.506856759,1.3333333333333333,0.8333333333333334,0.3666666666666665,11.8,-0.35,11.8,-0.35,11.8,-0.35,11.84816324,-0.394533913,0.4,-0.1181911826133728,-0.03620689655172412,365689098.9013645,0.2038989997797642,0.5720250345362751
1874,1459,boulgou(tenkodogo),tisselin,burkina_faso,11/8/2009,7,0,-0.787570184,,11.786085461070222,-0.368035917,-1.498634617,-1.506856759,1.3333333333333333,0.8333333333333334,0.3666666666666665,11.8,-0.35,11.8,-0.35,11.8,-0.35,11.84816324,-0.394533913,0.4,-0.1181911826133728,-0.03620689655172412,365689098.9013645,0.2038989997797642,0.5720250345362751
1875,1460,boulgou(tenkodogo),tisselin,burkina_faso,11/8/2009,6,0,0.5610297555549717,,11.786085461070222,-0.368035917,-1.498634617,-1.506856759,1.3333333333333333,0.8333333333333334,0.3666666666666665,11.8,-0.35,11.8,-0.35,11.8,-0.35,11.84816324,-0.394533913,0.4,-0.1181911826133728,-0.03620689655172412,365689098.9013645,0.2038989997797642,0.5720250345362751
1876,1469,boulgou(tenkodogo),tisselin,burkina_faso,11/8/2009,9,0,-0.066710948,,11.786085461070222,-0.368035917,-1.498634617,-1.506856759,1.3333333333333333,0.8333333333333334,0.3666666666666665,11.8,-0.35,11.8,-0.35,11.8,-0.35,11.84816324,-0.394533913,0.4,-0.1181911826133728,-0.03620689655172412,365689098.9013645,0.2038989997797642,0.5720250345362751
1877,1474,boulgou(tenkodogo),tisselin,burkina_faso,11/8/2009,10,0,-0.952454204,,11.786085461070222,-0.368035917,-1.498634617,-1.506856759,1.3333333333333333,0.8333333333333334,0.3666666666666665,11.8,-0.35,11.8,-0.35,11.8,-0.35,11.84816324,-0.394533913,0.4,-0.1181911826133728,-0.03620689655172412,365689098.9013645,0.2038989997797642,0.5720250345362751
1878,1477,boulgou(tenkodogo),tisselin,burkina_faso,11/8/2009,5,0,-0.791154619,,11.786085461070222,-0.368035917,-1.498634617,-1.506856759,1.3333333333333333,0.8333333333333334,0.3666666666666665,11.8,-0.35,11.8,-0.35,11.8,-0.35,11.84816324,-0.394533913,0.4,-0.1181911826133728,-0.03620689655172412,365689098.9013645,0.2038989997797642,0.5720250345362751
1879,1478,boulgou(tenkodogo),tisselin,burkina_faso,11/8/2009,4,0,-0.978453509,,11.786085461070222,-0.368035917,-1.498634617,-1.506856759,1.3333333333333333,0.8333333333333334,0.3666666666666665,11.8,-0.35,11.8,-0.35,11.8,-0.35,11.84816324,-0.394533913,0.4,-0.1181911826133728,-0.03620689655172412,365689098.9013645,0.2038989997797642,0.5720250345362751
1880,1480,boulgou(tenkodogo),tisselin,burkina_faso,11/8/2009,5,0,-0.946193592,,11.786085461070222,-0.368035917,-1.498634617,-1.506856759,1.3333333333333333,0.8333333333333334,0.3666666666666665,11.8,-0.35,11.8,-0.35,11.8,-0.35,11.84816324,-0.394533913,0.4,-0.1181911826133728,-0.03620689655172412,365689098.9013645,0.2038989997797642,0.5720250345362751
1881,1484,boulgou(tenkodogo),tisselin,burkina_faso,11/8/2009,3,0,2.536076442193556,,11.786085461070222,-0.368035917,-1.498634617,-1.506856759,1.3333333333333333,0.8333333333333334,0.3666666666666665,11.8,-0.35,11.8,-0.35,11.8,-0.35,11.84816324,-0.394533913,0.4,-0.1181911826133728,-0.03620689655172412,365689098.9013645,0.2038989997797642,0.5720250345362751
1882,1485,boulgou(tenkodogo),tisselin,burkina_faso,11/8/2009,5,0,-0.652108381,,11.786085461070222,-0.368035917,-1.498634617,-1.506856759,1.3333333333333333,0.8333333333333334,0.3666666666666665,11.8,-0.35,11.8,-0.35,11.8,-0.35,11.84816324,-0.394533913,0.4,-0.1181911826133728,-0.03620689655172412,365689098.9013645,0.2038989997797642,0.5720250345362751
1883,1489,boulgou(tenkodogo),zankougdgo,burkina_faso,11/6/2009,6,0,-0.758894702,,11.786085461070222,-0.368035917,-1.498634617,-1.506856759,1.3333333333333333,0.8333333333333334,0.3666666666666665,11.8,-0.35,11.8,-0.35,11.8,-0.35,11.84816324,-0.394533913,0.4,-0.1181911826133728,-0.03620689655172412,365689098.9013645,0.2038989997797642,0.5720250345362751
1884,1490,boulgou(tenkodogo),zankougdgo,burkina_faso,11/6/2009,4,0,-0.935440287,,11.786085461070222,-0.368035917,-1.498634617,-1.506856759,1.3333333333333333,0.8333333333333334,0.3666666666666665,11.8,-0.35,11.8,-0.35,11.8,-0.35,11.84816324,-0.394533913,0.4,-0.1181911826133728,-0.03620689655172412,365689098.9013645,0.2038989997797642,0.5720250345362751
1885,1491,boulgou(tenkodogo),zankougdgo,burkina_faso,11/6/2009,4,0,-0.978453509,1.0,11.786085461070222,-0.368035917,-1.498634617,-1.506856759,1.3333333333333333,0.8333333333333334,0.3666666666666665,11.8,-0.35,11.8,-0.35,11.8,-0.35,11.84816324,-0.394533913,0.4,-0.1181911826133728,-0.03620689655172412,365689098.9013645,0.2038989997797642,0.5720250345362751
1886,1492,boulgou(tenkodogo),zankougdgo,burkina_faso,11/6/2009,4,0,-0.573250806,,11.786085461070222,-0.368035917,-1.498634617,-1.506856759,1.3333333333333333,0.8333333333333334,0.3666666666666665,11.8,-0.35,11.8,-0.35,11.8,-0.35,11.84816324,-0.394533913,0.4,-0.1181911826133728,-0.03620689655172412,365689098.9013645,0.2038989997797642,0.5720250345362751
1887,1495,boulgou(tenkodogo),zankougdgo,burkina_faso,11/6/2009,5,0,-0.999960121,,11.786085461070222,-0.368035917,-1.498634617,-1.506856759,1.3333333333333333,0.8333333333333334,0.3666666666666665,11.8,-0.35,11.8,-0.35,11.8,-0.35,11.84816324,-0.394533913,0.4,-0.1181911826133728,-0.03620689655172412,365689098.9013645,0.2038989997797642,0.5720250345362751
1888,1503,boulgou(tenkodogo),zankougdgo,burkina_faso,11/6/2009,7,0,-1.042973344,,11.786085461070222,-0.368035917,-1.498634617,-1.506856759,1.3333333333333333,0.8333333333333334,0.3666666666666665,11.8,-0.35,11.8,-0.35,11.8,-0.35,11.84816324,-0.394533913,0.4,-0.1181911826133728,-0.03620689655172412,365689098.9013645,0.2038989997797642,0.5720250345362751
1889,1505,boulgou(tenkodogo),zankougdgo,burkina_faso,11/6/2009,7,0,-0.787570184,,11.786085461070222,-0.368035917,-1.498634617,-1.506856759,1.3333333333333333,0.8333333333333334,0.3666666666666665,11.8,-0.35,11.8,-0.35,11.8,-0.35,11.84816324,-0.394533913,0.4,-0.1181911826133728,-0.03620689655172412,365689098.9013645,0.2038989997797642,0.5720250345362751
1890,1506,boulgou(tenkodogo),zankougdgo,burkina_faso,11/6/2009,4,0,-0.978453509,,11.786085461070222,-0.368035917,-1.498634617,-1.506856759,1.3333333333333333,0.8333333333333334,0.3666666666666665,11.8,-0.35,11.8,-0.35,11.8,-0.35,11.84816324,-0.394533913,0.4,-0.1181911826133728,-0.03620689655172412,365689098.9013645,0.2038989997797642,0.5720250345362751
1891,1512,boulgou(tenkodogo),zankougdgo,burkina_faso,11/6/2009,16,0,-0.941585033,,11.786085461070222,-0.368035917,-1.498634617,-1.506856759,1.3333333333333333,0.8333333333333334,0.3666666666666665,11.8,-0.35,11.8,-0.35,11.8,-0.35,11.84816324,-0.394533913,0.4,-0.1181911826133728,-0.03620689655172412,365689098.9013645,0.2038989997797642,0.5720250345362751
1892,1518,boulgou(tenkodogo),zeke,burkina_faso,11/11/2009,4,0,-0.573250806,,11.786085461070222,-0.368035917,-1.498634617,-1.506856759,1.3333333333333333,0.8333333333333334,0.3666666666666665,11.8,-0.35,11.8,-0.35,11.8,-0.35,11.84816324,-0.394533913,0.4,-0.1181911826133728,-0.03620689655172412,365689098.9013645,0.2038989997797642,0.5720250345362751
1893,1520,boulgou(tenkodogo),zeke,burkina_faso,11/11/2009,5,0,-0.773232443,,11.786085461070222,-0.368035917,-1.498634617,-1.506856759,1.3333333333333333,0.8333333333333334,0.3666666666666665,11.8,-0.35,11.8,-0.35,11.8,-0.35,11.84816324,-0.394533913,0.4,-0.1181911826133728,-0.03620689655172412,365689098.9013645,0.2038989997797642,0.5720250345362751
1894,1521,boulgou(tenkodogo),zeke,burkina_faso,11/11/2009,14,0,-1.042973344,,11.786085461070222,-0.368035917,-1.498634617,-1.506856759,1.3333333333333333,0.8333333333333334,0.3666666666666665,11.8,-0.35,11.8,-0.35,11.8,-0.35,11.84816324,-0.394533913,0.4,-0.1181911826133728,-0.03620689655172412,365689098.9013645,0.2038989997797642,0.5720250345362751
1895,1524,boulgou(tenkodogo),zeke,burkina_faso,11/11/2009,6,0,-0.780401313,,11.786085461070222,-0.368035917,-1.498634617,-1.506856759,1.3333333333333333,0.8333333333333334,0.3666666666666665,11.8,-0.35,11.8,-0.35,11.8,-0.35,11.84816324,-0.394533913,0.4,-0.1181911826133728,-0.03620689655172412,365689098.9013645,0.2038989997797642,0.5720250345362751
1896,1529,boulgou(tenkodogo),zeke,burkina_faso,11/11/2009,4,0,-0.780401313,,11.786085461070222,-0.368035917,-1.498634617,-1.506856759,1.3333333333333333,0.8333333333333334,0.3666666666666665,11.8,-0.35,11.8,-0.35,11.8,-0.35,11.84816324,-0.394533913,0.4,-0.1181911826133728,-0.03620689655172412,365689098.9013645,0.2038989997797642,0.5720250345362751
1897,1532,boulgou(tenkodogo),zeke,burkina_faso,11/11/2009,10,0,-0.809076795,,11.786085461070222,-0.368035917,-1.498634617,-1.506856759,1.3333333333333333,0.8333333333333334,0.3666666666666665,11.8,-0.35,11.8,-0.35,11.8,-0.35,11.84816324,-0.394533913,0.4,-0.1181911826133728,-0.03620689655172412,365689098.9013645,0.2038989997797642,0.5720250345362751
1898,1534,boulgou(tenkodogo),zeke,burkina_faso,11/11/2009,4,0,-0.780401313,,11.786085461070222,-0.368035917,-1.498634617,-1.506856759,1.3333333333333333,0.8333333333333334,0.3666666666666665,11.8,-0.35,11.8,-0.35,11.8,-0.35,11.84816324,-0.394533913,0.4,-0.1181911826133728,-0.03620689655172412,365689098.9013645,0.2038989997797642,0.5720250345362751
1899,1536,boulgou(tenkodogo),zeke,burkina_faso,11/11/2009,3,0,-0.956946898,,11.786085461070222,-0.368035917,-1.498634617,-1.506856759,1.3333333333333333,0.8333333333333334,0.3666666666666665,11.8,-0.35,11.8,-0.35,11.8,-0.35,11.84816324,-0.394533913,0.4,-0.1181911826133728,-0.03620689655172412,365689098.9013645,0.2038989997797642,0.5720250345362751
1900,1537,boulgou(tenkodogo),zeke,burkina_faso,11/11/2009,9,0,1.6946559792132492,,11.786085461070222,-0.368035917,-1.498634617,-1.506856759,1.3333333333333333,0.8333333333333334,0.3666666666666665,11.8,-0.35,11.8,-0.35,11.8,-0.35,11.84816324,-0.394533913,0.4,-0.1181911826133728,-0.03620689655172412,365689098.9013645,0.2038989997797642,0.5720250345362751
1901,1541,boulgou(tenkodogo),zonse,burkina_faso,10/31/2009,8,0,-0.418211832,,11.35575325177376,-0.635611602,-1.323091467,-1.323091467,1.0,0.6666666666666666,-0.166666667,11.35,-0.65,11.35,-0.65,11.35,-0.65,11.38732922,-0.694916179,0.0,0.0,,0.0,0.19444070118332138,0.0
1902,1543,boulgou(tenkodogo),zonse,burkina_faso,10/31/2009,5,0,-0.791154619,,11.35575325177376,-0.635611602,-1.323091467,-1.323091467,1.0,0.6666666666666666,-0.166666667,11.35,-0.65,11.35,-0.65,11.35,-0.65,11.38732922,-0.694916179,0.0,0.0,,0.0,0.19444070118332138,0.0
1903,1544,boulgou(tenkodogo),zonse,burkina_faso,10/31/2009,10,0,-0.964115769,,11.35575325177376,-0.635611602,-1.323091467,-1.323091467,1.0,0.6666666666666666,-0.166666667,11.35,-0.65,11.35,-0.65,11.35,-0.65,11.38732922,-0.694916179,0.0,0.0,,0.0,0.19444070118332138,0.0
1904,1551,boulgou(tenkodogo),zonse,burkina_faso,10/31/2009,2,0,-0.432549573,,11.35575325177376,-0.635611602,-1.323091467,-1.323091467,1.0,0.6666666666666666,-0.166666667,11.35,-0.65,11.35,-0.65,11.35,-0.65,11.38732922,-0.694916179,0.0,0.0,,0.0,0.19444070118332138,0.0
1905,1553,boulgou(tenkodogo),zonse,burkina_faso,10/31/2009,2,0,-0.913933675,,11.35575325177376,-0.635611602,-1.323091467,-1.323091467,1.0,0.6666666666666666,-0.166666667,11.35,-0.65,11.35,-0.65,11.35,-0.65,11.38732922,-0.694916179,0.0,0.0,,0.0,0.19444070118332138,0.0
1906,1554,boulgou(tenkodogo),zonse,burkina_faso,10/31/2009,4,0,2.712622026920243,,11.35575325177376,-0.635611602,-1.323091467,-1.323091467,1.0,0.6666666666666666,-0.166666667,11.35,-0.65,11.35,-0.65,11.35,-0.65,11.38732922,-0.694916179,0.0,0.0,,0.0,0.19444070118332138,0.0
1907,1560,boulgou(tenkodogo),zonse,burkina_faso,10/31/2009,9,0,-1.085986566,,11.35575325177376,-0.635611602,-1.323091467,-1.323091467,1.0,0.6666666666666666,-0.166666667,11.35,-0.65,11.35,-0.65,11.35,-0.65,11.38732922,-0.694916179,0.0,0.0,,0.0,0.19444070118332138,0.0
1908,1561,boulgou(tenkodogo),zonse,burkina_faso,10/31/2009,3,0,-0.924686981,,11.35575325177376,-0.635611602,-1.323091467,-1.323091467,1.0,0.6666666666666666,-0.166666667,11.35,-0.65,11.35,-0.65,11.35,-0.65,11.38732922,-0.694916179,0.0,0.0,,0.0,0.19444070118332138,0.0
1909,1566,boulgou(tenkodogo),zonse,burkina_faso,11/1/2009,8,0,2.0726169751665493,,11.35575325177376,-0.635611602,-1.323091467,-1.323091467,1.0,0.6666666666666666,-0.166666667,11.35,-0.65,11.35,-0.65,11.35,-0.65,11.38732922,-0.694916179,0.0,0.0,,0.0,0.19444070118332138,0.0
1910,1569,tuy(houndÃ©),bihoun,burkina_faso,11/1/2009,6,0,0.4059907822150647,,11.67119878168943,-3.661070784,-1.631868497,-1.782772854,2.25,1.0,-0.333333333,11.65,-3.65,11.65,-3.65,11.65,-3.65,11.67040863,-3.793292763,1.0,-0.19890892505645752,0.12272727272727274,81785674.84500702,0.21479296065399547,-0.31449455176850905
1911,1571,tuy(houndÃ©),bihoun,burkina_faso,11/1/2009,6,0,-0.956946898,,11.67119878168943,-3.661070784,-1.631868497,-1.782772854,2.25,1.0,-0.333333333,11.65,-3.65,11.65,-3.65,11.65,-3.65,11.67040863,-3.793292763,1.0,-0.19890892505645752,0.12272727272727274,81785674.84500702,0.21479296065399547,-0.31449455176850905
1912,1572,tuy(houndÃ©),bihoun,burkina_faso,11/1/2009,5,0,0.079645654,,11.67119878168943,-3.661070784,-1.631868497,-1.782772854,2.25,1.0,-0.333333333,11.65,-3.65,11.65,-3.65,11.65,-3.65,11.67040863,-3.793292763,1.0,-0.19890892505645752,0.12272727272727274,81785674.84500702,0.21479296065399547,-0.31449455176850905
1913,1573,tuy(houndÃ©),bihoun,burkina_faso,11/1/2009,7,0,-0.88793437,,11.67119878168943,-3.661070784,-1.631868497,-1.782772854,2.25,1.0,-0.333333333,11.65,-3.65,11.65,-3.65,11.65,-3.65,11.67040863,-3.793292763,1.0,-0.19890892505645752,0.12272727272727274,81785674.84500702,0.21479296065399547,-0.31449455176850905
1914,1574,tuy(houndÃ©),bihoun,burkina_faso,11/1/2009,10,0,-0.946193592,,11.67119878168943,-3.661070784,-1.631868497,-1.782772854,2.25,1.0,-0.333333333,11.65,-3.65,11.65,-3.65,11.65,-3.65,11.67040863,-3.793292763,1.0,-0.19890892505645752,0.12272727272727274,81785674.84500702,0.21479296065399547,-0.31449455176850905
1915,1575,tuy(houndÃ©),bihoun,burkina_faso,11/1/2009,12,0,0.3053492072007934,,11.67119878168943,-3.661070784,-1.631868497,-1.782772854,2.25,1.0,-0.333333333,11.65,-3.65,11.65,-3.65,11.65,-3.65,11.67040863,-3.793292763,1.0,-0.19890892505645752,0.12272727272727274,81785674.84500702,0.21479296065399547,-0.31449455176850905
1916,1576,tuy(houndÃ©),bihoun,burkina_faso,11/1/2009,10,0,0.3375460459124116,,11.67119878168943,-3.661070784,-1.631868497,-1.782772854,2.25,1.0,-0.333333333,11.65,-3.65,11.65,-3.65,11.65,-3.65,11.67040863,-3.793292763,1.0,-0.19890892505645752,0.12272727272727274,81785674.84500702,0.21479296065399547,-0.31449455176850905
1917,1579,tuy(houndÃ©),bihoun,burkina_faso,11/1/2009,4,0,-0.432549573,,11.67119878168943,-3.661070784,-1.631868497,-1.782772854,2.25,1.0,-0.333333333,11.65,-3.65,11.65,-3.65,11.65,-3.65,11.67040863,-3.793292763,1.0,-0.19890892505645752,0.12272727272727274,81785674.84500702,0.21479296065399547,-0.31449455176850905
1918,1582,tuy(houndÃ©),bihoun,burkina_faso,11/11/2009,14,0,3.1264148159542176,,11.67119878168943,-3.661070784,-1.631868497,-1.782772854,2.25,1.0,-0.333333333,11.65,-3.65,11.65,-3.65,11.65,-3.65,11.67040863,-3.793292763,1.0,-0.19890892505645752,0.12272727272727274,81785674.84500702,0.21479296065399547,-0.31449455176850905
1919,1583,tuy(houndÃ©),bihoun,burkina_faso,11/1/2009,3,0,1.7269158962934197,1.0,11.67119878168943,-3.661070784,-1.631868497,-1.782772854,2.25,1.0,-0.333333333,11.65,-3.65,11.65,-3.65,11.65,-3.65,11.67040863,-3.793292763,1.0,-0.19890892505645752,0.12272727272727274,81785674.84500702,0.21479296065399547,-0.31449455176850905
1920,1586,tuy(houndÃ©),bihoun,burkina_faso,10/31/2009,6,0,-0.421796268,,11.67119878168943,-3.661070784,-1.631868497,-1.782772854,2.25,1.0,-0.333333333,11.65,-3.65,11.65,-3.65,11.65,-3.65,11.67040863,-3.793292763,1.0,-0.19890892505645752,0.12272727272727274,81785674.84500702,0.21479296065399547,-0.31449455176850905
1921,1587,tuy(houndÃ©),bihoun,burkina_faso,11/1/2009,14,0,-0.46480949,,11.67119878168943,-3.661070784,-1.631868497,-1.782772854,2.25,1.0,-0.333333333,11.65,-3.65,11.65,-3.65,11.65,-3.65,11.67040863,-3.793292763,1.0,-0.19890892505645752,0.12272727272727274,81785674.84500702,0.21479296065399547,-0.31449455176850905
1922,1588,tuy(houndÃ©),bihoun,burkina_faso,11/6/2009,5,0,-0.497069408,,11.67119878168943,-3.661070784,-1.631868497,-1.782772854,2.25,1.0,-0.333333333,11.65,-3.65,11.65,-3.65,11.65,-3.65,11.67040863,-3.793292763,1.0,-0.19890892505645752,0.12272727272727274,81785674.84500702,0.21479296065399547,-0.31449455176850905
1923,1589,tuy(houndÃ©),bihoun,burkina_faso,11/1/2009,3,0,-0.801907925,,11.67119878168943,-3.661070784,-1.631868497,-1.782772854,2.25,1.0,-0.333333333,11.65,-3.65,11.65,-3.65,11.65,-3.65,11.67040863,-3.793292763,1.0,-0.19890892505645752,0.12272727272727274,81785674.84500702,0.21479296065399547,-0.31449455176850905
1924,1591,tuy(houndÃ©),bihoun,burkina_faso,11/1/2009,4,0,-0.780401313,,11.67119878168943,-3.661070784,-1.631868497,-1.782772854,2.25,1.0,-0.333333333,11.65,-3.65,11.65,-3.65,11.65,-3.65,11.67040863,-3.793292763,1.0,-0.19890892505645752,0.12272727272727274,81785674.84500702,0.21479296065399547,-0.31449455176850905
1925,1593,tuy(houndÃ©),bihoun,burkina_faso,11/1/2009,10,0,-0.952454204,,11.67119878168943,-3.661070784,-1.631868497,-1.782772854,2.25,1.0,-0.333333333,11.65,-3.65,11.65,-3.65,11.65,-3.65,11.67040863,-3.793292763,1.0,-0.19890892505645752,0.12272727272727274,81785674.84500702,0.21479296065399547,-0.31449455176850905
1926,1598,tuy(houndÃ©),lokoa,burkina_faso,11/2/2009,8,0,-0.794739054,,11.489445114846363,-3.522869838,-1.59856689,-1.749549776,2.25,1.0,-0.333333333,11.5,-3.5,11.5,-3.5,11.5,-3.5,11.49964591,-3.527335183,0.8,-0.2622620463371277,-0.07500000000000002,82041228.36283356,0.22360993939296137,-0.8035499032827212
1927,1601,tuy(houndÃ©),lokoa,burkina_faso,11/2/2009,10,0,-0.999960121,,11.489445114846363,-3.522869838,-1.59856689,-1.749549776,2.25,1.0,-0.333333333,11.5,-3.5,11.5,-3.5,11.5,-3.5,11.49964591,-3.527335183,0.8,-0.2622620463371277,-0.07500000000000002,82041228.36283356,0.22360993939296137,-0.8035499032827212
1928,1603,tuy(houndÃ©),lokoa,burkina_faso,11/2/2009,25,0,-0.916609852,,11.489445114846363,-3.522869838,-1.59856689,-1.749549776,2.25,1.0,-0.333333333,11.5,-3.5,11.5,-3.5,11.5,-3.5,11.49964591,-3.527335183,0.8,-0.2622620463371277,-0.07500000000000002,82041228.36283356,0.22360993939296137,-0.8035499032827212
1929,1608,tuy(houndÃ©),lokoa,burkina_faso,11/2/2009,7,0,-0.152737393,,11.489445114846363,-3.522869838,-1.59856689,-1.749549776,2.25,1.0,-0.333333333,11.5,-3.5,11.5,-3.5,11.5,-3.5,11.49964591,-3.527335183,0.8,-0.2622620463371277,-0.07500000000000002,82041228.36283356,0.22360993939296137,-0.8035499032827212
1930,1609,tuy(houndÃ©),lokoa,burkina_faso,11/2/2009,6,0,-0.866427759,,11.489445114846363,-3.522869838,-1.59856689,-1.749549776,2.25,1.0,-0.333333333,11.5,-3.5,11.5,-3.5,11.5,-3.5,11.49964591,-3.527335183,0.8,-0.2622620463371277,-0.07500000000000002,82041228.36283356,0.22360993939296137,-0.8035499032827212
1931,1612,tuy(houndÃ©),lokoa,burkina_faso,11/2/2009,8,0,-0.446887314,,11.489445114846363,-3.522869838,-1.59856689,-1.749549776,2.25,1.0,-0.333333333,11.5,-3.5,11.5,-3.5,11.5,-3.5,11.49964591,-3.527335183,0.8,-0.2622620463371277,-0.07500000000000002,82041228.36283356,0.22360993939296137,-0.8035499032827212
1932,1613,tuy(houndÃ©),lokoa,burkina_faso,11/2/2009,12,0,0.9990475939584342,,11.489445114846363,-3.522869838,-1.59856689,-1.749549776,2.25,1.0,-0.333333333,11.5,-3.5,11.5,-3.5,11.5,-3.5,11.49964591,-3.527335183,0.8,-0.2622620463371277,-0.07500000000000002,82041228.36283356,0.22360993939296137,-0.8035499032827212
1933,1614,tuy(houndÃ©),lokoa,burkina_faso,11/2/2009,8,0,-0.780401313,,11.489445114846363,-3.522869838,-1.59856689,-1.749549776,2.25,1.0,-0.333333333,11.5,-3.5,11.5,-3.5,11.5,-3.5,11.49964591,-3.527335183,0.8,-0.2622620463371277,-0.07500000000000002,82041228.36283356,0.22360993939296137,-0.8035499032827212
1934,1620,tuy(houndÃ©),lokoa,burkina_faso,11/2/2009,4,0,-0.935440287,,11.489445114846363,-3.522869838,-1.59856689,-1.749549776,2.25,1.0,-0.333333333,11.5,-3.5,11.5,-3.5,11.5,-3.5,11.49964591,-3.527335183,0.8,-0.2622620463371277,-0.07500000000000002,82041228.36283356,0.22360993939296137,-0.8035499032827212
1935,1621,tuy(houndÃ©),ouoro,burkina_faso,11/3/2009,4,0,-0.766063572,,11.489445114846363,-3.522869838,-1.59856689,-1.749549776,2.25,1.0,-0.333333333,11.5,-3.5,11.5,-3.5,11.5,-3.5,11.49964591,-3.527335183,0.8,-0.2622620463371277,-0.07500000000000002,82041228.36283356,0.22360993939296137,-0.8035499032827212
1936,1622,tuy(houndÃ©),ouoro,burkina_faso,11/3/2009,5,0,-0.764271355,,11.489445114846363,-3.522869838,-1.59856689,-1.749549776,2.25,1.0,-0.333333333,11.5,-3.5,11.5,-3.5,11.5,-3.5,11.49964591,-3.527335183,0.8,-0.2622620463371277,-0.07500000000000002,82041228.36283356,0.22360993939296137,-0.8035499032827212
1937,1623,tuy(houndÃ©),ouoro,burkina_faso,10/30/2009,8,0,-0.475562796,,11.489445114846363,-3.522869838,-1.59856689,-1.749549776,2.25,1.0,-0.333333333,11.5,-3.5,11.5,-3.5,11.5,-3.5,11.49964591,-3.527335183,0.8,-0.2622620463371277,-0.07500000000000002,82041228.36283356,0.22360993939296137,-0.8035499032827212
1938,1625,tuy(houndÃ©),ouoro,burkina_faso,10/30/2009,3,0,-0.913933675,,11.489445114846363,-3.522869838,-1.59856689,-1.749549776,2.25,1.0,-0.333333333,11.5,-3.5,11.5,-3.5,11.5,-3.5,11.49964591,-3.527335183,0.8,-0.2622620463371277,-0.07500000000000002,82041228.36283356,0.22360993939296137,-0.8035499032827212
1939,1634,tuy(houndÃ©),ouoro,burkina_faso,10/31/2009,11,0,0.449571796,1.0,11.489445114846363,-3.522869838,-1.59856689,-1.749549776,2.25,1.0,-0.333333333,11.5,-3.5,11.5,-3.5,11.5,-3.5,11.49964591,-3.527335183,0.8,-0.2622620463371277,-0.07500000000000002,82041228.36283356,0.22360993939296137,-0.8035499032827212
1940,1636,tuy(houndÃ©),ouoro,burkina_faso,10/30/2009,2,0,-0.913933675,,11.489445114846363,-3.522869838,-1.59856689,-1.749549776,2.25,1.0,-0.333333333,11.5,-3.5,11.5,-3.5,11.5,-3.5,11.49964591,-3.527335183,0.8,-0.2622620463371277,-0.07500000000000002,82041228.36283356,0.22360993939296137,-0.8035499032827212
1941,1637,tuy(houndÃ©),ouoro,burkina_faso,10/30/2009,9,0,-1.085986566,,11.489445114846363,-3.522869838,-1.59856689,-1.749549776,2.25,1.0,-0.333333333,11.5,-3.5,11.5,-3.5,11.5,-3.5,11.49964591,-3.527335183,0.8,-0.2622620463371277,-0.07500000000000002,82041228.36283356,0.22360993939296137,-0.8035499032827212
1942,1638,tuy(houndÃ©),ouoro,burkina_faso,10/31/2009,16,0,2.5693139325185803,,11.489445114846363,-3.522869838,-1.59856689,-1.749549776,2.25,1.0,-0.333333333,11.5,-3.5,11.5,-3.5,11.5,-3.5,11.49964591,-3.527335183,0.8,-0.2622620463371277,-0.07500000000000002,82041228.36283356,0.22360993939296137,-0.8035499032827212
1943,1639,tuy(houndÃ©),ouoro,burkina_faso,10/31/2009,5,0,-0.946193592,,11.489445114846363,-3.522869838,-1.59856689,-1.749549776,2.25,1.0,-0.333333333,11.5,-3.5,11.5,-3.5,11.5,-3.5,11.49964591,-3.527335183,0.8,-0.2622620463371277,-0.07500000000000002,82041228.36283356,0.22360993939296137,-0.8035499032827212
1944,1640,tuy(houndÃ©),ouoro,burkina_faso,10/31/2009,7,0,-0.942609157,,11.489445114846363,-3.522869838,-1.59856689,-1.749549776,2.25,1.0,-0.333333333,11.5,-3.5,11.5,-3.5,11.5,-3.5,11.49964591,-3.527335183,0.8,-0.2622620463371277,-0.07500000000000002,82041228.36283356,0.22360993939296137,-0.8035499032827212
1945,1641,tuy(houndÃ©),ouoro,burkina_faso,10/31/2009,4,0,-0.418211832,1.0,11.489445114846363,-3.522869838,-1.59856689,-1.749549776,2.25,1.0,-0.333333333,11.5,-3.5,11.5,-3.5,11.5,-3.5,11.49964591,-3.527335183,0.8,-0.2622620463371277,-0.07500000000000002,82041228.36283356,0.22360993939296137,-0.8035499032827212
1946,1642,tuy(houndÃ©),ouoro,burkina_faso,10/31/2009,3,0,0.2776978497035044,1.0,11.489445114846363,-3.522869838,-1.59856689,-1.749549776,2.25,1.0,-0.333333333,11.5,-3.5,11.5,-3.5,11.5,-3.5,11.49964591,-3.527335183,0.8,-0.2622620463371277,-0.07500000000000002,82041228.36283356,0.22360993939296137,-0.8035499032827212
1947,1643,tuy(houndÃ©),ouoro,burkina_faso,10/31/2009,8,0,-0.561589242,1.0,11.489445114846363,-3.522869838,-1.59856689,-1.749549776,2.25,1.0,-0.333333333,11.5,-3.5,11.5,-3.5,11.5,-3.5,11.49964591,-3.527335183,0.8,-0.2622620463371277,-0.07500000000000002,82041228.36283356,0.22360993939296137,-0.8035499032827212
1948,1646,tuy(houndÃ©),ouoro,burkina_faso,10/31/2009,14,0,-0.797606602,1.0,11.489445114846363,-3.522869838,-1.59856689,-1.749549776,2.25,1.0,-0.333333333,11.5,-3.5,11.5,-3.5,11.5,-3.5,11.49964591,-3.527335183,0.8,-0.2622620463371277,-0.07500000000000002,82041228.36283356,0.22360993939296137,-0.8035499032827212
1949,1666,tuy(houndÃ©),pana,burkina_faso,11/4/2009,6,0,-1.021466732,,11.489445114846363,-3.522869838,-1.59856689,-1.749549776,2.25,1.0,-0.333333333,11.5,-3.5,11.5,-3.5,11.5,-3.5,11.49964591,-3.527335183,0.8,-0.2622620463371277,-0.07500000000000002,82041228.36283356,0.22360993939296137,-0.8035499032827212
1950,1667,tuy(houndÃ©),pana,burkina_faso,11/4/2009,8,0,1.8744564261862624,,11.489445114846363,-3.522869838,-1.59856689,-1.749549776,2.25,1.0,-0.333333333,11.5,-3.5,11.5,-3.5,11.5,-3.5,11.49964591,-3.527335183,0.8,-0.2622620463371277,-0.07500000000000002,82041228.36283356,0.22360993939296137,-0.8035499032827212
1951,1668,tuy(houndÃ©),pana,burkina_faso,11/4/2009,6,0,-0.780401313,,11.489445114846363,-3.522869838,-1.59856689,-1.749549776,2.25,1.0,-0.333333333,11.5,-3.5,11.5,-3.5,11.5,-3.5,11.49964591,-3.527335183,0.8,-0.2622620463371277,-0.07500000000000002,82041228.36283356,0.22360993939296137,-0.8035499032827212
1952,1669,tuy(houndÃ©),pana,burkina_faso,11/4/2009,7,0,0.4907928016367536,,11.489445114846363,-3.522869838,-1.59856689,-1.749549776,2.25,1.0,-0.333333333,11.5,-3.5,11.5,-3.5,11.5,-3.5,11.49964591,-3.527335183,0.8,-0.2622620463371277,-0.07500000000000002,82041228.36283356,0.22360993939296137,-0.8035499032827212
1953,1670,tuy(houndÃ©),pana,burkina_faso,11/4/2009,6,0,0.4961694544834487,,11.489445114846363,-3.522869838,-1.59856689,-1.749549776,2.25,1.0,-0.333333333,11.5,-3.5,11.5,-3.5,11.5,-3.5,11.49964591,-3.527335183,0.8,-0.2622620463371277,-0.07500000000000002,82041228.36283356,0.22360993939296137,-0.8035499032827212
1954,1671,tuy(houndÃ©),pana,burkina_faso,11/4/2009,6,0,1.7407415750420645,1.0,11.489445114846363,-3.522869838,-1.59856689,-1.749549776,2.25,1.0,-0.333333333,11.5,-3.5,11.5,-3.5,11.5,-3.5,11.49964591,-3.527335183,0.8,-0.2622620463371277,-0.07500000000000002,82041228.36283356,0.22360993939296137,-0.8035499032827212
1955,1672,tuy(houndÃ©),pana,burkina_faso,11/4/2009,6,0,-0.935440287,,11.489445114846363,-3.522869838,-1.59856689,-1.749549776,2.25,1.0,-0.333333333,11.5,-3.5,11.5,-3.5,11.5,-3.5,11.49964591,-3.527335183,0.8,-0.2622620463371277,-0.07500000000000002,82041228.36283356,0.22360993939296137,-0.8035499032827212
1956,1673,tuy(houndÃ©),pana,burkina_faso,11/4/2009,6,0,-0.432549573,,11.489445114846363,-3.522869838,-1.59856689,-1.749549776,2.25,1.0,-0.333333333,11.5,-3.5,11.5,-3.5,11.5,-3.5,11.49964591,-3.527335183,0.8,-0.2622620463371277,-0.07500000000000002,82041228.36283356,0.22360993939296137,-0.8035499032827212
1957,1674,tuy(houndÃ©),pana,burkina_faso,11/4/2009,6,0,3.4894667518094744,1.0,11.489445114846363,-3.522869838,-1.59856689,-1.749549776,2.25,1.0,-0.333333333,11.5,-3.5,11.5,-3.5,11.5,-3.5,11.49964591,-3.527335183,0.8,-0.2622620463371277,-0.07500000000000002,82041228.36283356,0.22360993939296137,-0.8035499032827212
1958,1676,tuy(houndÃ©),saho,burkina_faso,11/3/2009,5,0,-0.764271355,,11.489445114846363,-3.522869838,-1.59856689,-1.749549776,2.25,1.0,-0.333333333,11.5,-3.5,11.5,-3.5,11.5,-3.5,11.49964591,-3.527335183,0.8,-0.2622620463371277,-0.07500000000000002,82041228.36283356,0.22360993939296137,-0.8035499032827212
1959,1678,tuy(houndÃ©),saho,burkina_faso,11/3/2009,11,0,-0.796531272,,11.489445114846363,-3.522869838,-1.59856689,-1.749549776,2.25,1.0,-0.333333333,11.5,-3.5,11.5,-3.5,11.5,-3.5,11.49964591,-3.527335183,0.8,-0.2622620463371277,-0.07500000000000002,82041228.36283356,0.22360993939296137,-0.8035499032827212
1960,1685,tuy(houndÃ©),saho,burkina_faso,11/3/2009,19,0,2.004871149298191,,11.489445114846363,-3.522869838,-1.59856689,-1.749549776,2.25,1.0,-0.333333333,11.5,-3.5,11.5,-3.5,11.5,-3.5,11.49964591,-3.527335183,0.8,-0.2622620463371277,-0.07500000000000002,82041228.36283356,0.22360993939296137,-0.8035499032827212
1961,1687,tuy(houndÃ©),saho,burkina_faso,11/3/2009,6,0,1.7161625906000295,1.0,11.489445114846363,-3.522869838,-1.59856689,-1.749549776,2.25,1.0,-0.333333333,11.5,-3.5,11.5,-3.5,11.5,-3.5,11.49964591,-3.527335183,0.8,-0.2622620463371277,-0.07500000000000002,82041228.36283356,0.22360993939296137,-0.8035499032827212
1962,1691,tuy(houndÃ©),saho,burkina_faso,11/3/2009,8,0,-0.978453509,,11.489445114846363,-3.522869838,-1.59856689,-1.749549776,2.25,1.0,-0.333333333,11.5,-3.5,11.5,-3.5,11.5,-3.5,11.49964591,-3.527335183,0.8,-0.2622620463371277,-0.07500000000000002,82041228.36283356,0.22360993939296137,-0.8035499032827212
1963,1692,tuy(houndÃ©),saho,burkina_faso,11/3/2009,13,0,-0.79330528,,11.489445114846363,-3.522869838,-1.59856689,-1.749549776,2.25,1.0,-0.333333333,11.5,-3.5,11.5,-3.5,11.5,-3.5,11.49964591,-3.527335183,0.8,-0.2622620463371277,-0.07500000000000002,82041228.36283356,0.22360993939296137,-0.8035499032827212
1964,1693,tuy(houndÃ©),saho,burkina_faso,11/3/2009,18,0,-0.454056185,,11.489445114846363,-3.522869838,-1.59856689,-1.749549776,2.25,1.0,-0.333333333,11.5,-3.5,11.5,-3.5,11.5,-3.5,11.49964591,-3.527335183,0.8,-0.2622620463371277,-0.07500000000000002,82041228.36283356,0.22360993939296137,-0.8035499032827212
1965,1694,tuy(houndÃ©),saho,burkina_faso,11/3/2009,11,0,-0.448679532,,11.489445114846363,-3.522869838,-1.59856689,-1.749549776,2.25,1.0,-0.333333333,11.5,-3.5,11.5,-3.5,11.5,-3.5,11.49964591,-3.527335183,0.8,-0.2622620463371277,-0.07500000000000002,82041228.36283356,0.22360993939296137,-0.8035499032827212
1966,1703,passorÃ©(yako),bokin secteur 2,burkina_faso,11/14/2009,3,0,1.582630228646903,1.0,13.00350966077545,-1.792657275,-1.559723298,-1.581189702,1.25,1.1666666666666667,-0.023809524,13.0,-1.8,13.0,-1.8,13.0,-1.8,12.98251538,-1.685227986,0.6,-0.23554917176564535,-0.055263157894736806,99958530.46765624,0.1913238582719389,-0.4583607908438485
1967,1704,passorÃ©(yako),bokin secteur 2,burkina_faso,11/14/2009,6,0,-0.956946898,,13.00350966077545,-1.792657275,-1.559723298,-1.581189702,1.25,1.1666666666666667,-0.023809524,13.0,-1.8,13.0,-1.8,13.0,-1.8,12.98251538,-1.685227986,0.6,-0.23554917176564535,-0.055263157894736806,99958530.46765624,0.1913238582719389,-0.4583607908438485
1968,1707,passorÃ©(yako),bokin secteur 2,burkina_faso,11/14/2009,30,0,6.267285093946818,,13.00350966077545,-1.792657275,-1.559723298,-1.581189702,1.25,1.1666666666666667,-0.023809524,13.0,-1.8,13.0,-1.8,13.0,-1.8,12.98251538,-1.685227986,0.6,-0.23554917176564535,-0.055263157894736806,99958530.46765624,0.1913238582719389,-0.4583607908438485
1969,1711,passorÃ©(yako),bokin secteur 2,burkina_faso,11/13/2009,9,0,-0.956946898,,13.00350966077545,-1.792657275,-1.559723298,-1.581189702,1.25,1.1666666666666667,-0.023809524,13.0,-1.8,13.0,-1.8,13.0,-1.8,12.98251538,-1.685227986,0.6,-0.23554917176564535,-0.055263157894736806,99958530.46765624,0.1913238582719389,-0.4583607908438485
1970,1715,passorÃ©(yako),bokin secteur 2,burkina_faso,11/14/2009,3,0,-0.956946898,1.0,13.00350966077545,-1.792657275,-1.559723298,-1.581189702,1.25,1.1666666666666667,-0.023809524,13.0,-1.8,13.0,-1.8,13.0,-1.8,12.98251538,-1.685227986,0.6,-0.23554917176564535,-0.055263157894736806,99958530.46765624,0.1913238582719389,-0.4583607908438485
1971,1719,passorÃ©(yako),bokin secteur 2,burkina_faso,11/13/2009,6,0,-0.935440287,1.0,13.00350966077545,-1.792657275,-1.559723298,-1.581189702,1.25,1.1666666666666667,-0.023809524,13.0,-1.8,13.0,-1.8,13.0,-1.8,12.98251538,-1.685227986,0.6,-0.23554917176564535,-0.055263157894736806,99958530.46765624,0.1913238582719389,-0.4583607908438485
1972,1720,passorÃ©(yako),bokin secteur 2,burkina_faso,11/14/2009,5,0,1.5503703115667324,1.0,13.00350966077545,-1.792657275,-1.559723298,-1.581189702,1.25,1.1666666666666667,-0.023809524,13.0,-1.8,13.0,-1.8,13.0,-1.8,12.98251538,-1.685227986,0.6,-0.23554917176564535,-0.055263157894736806,99958530.46765624,0.1913238582719389,-0.4583607908438485
1973,1723,passorÃ©(yako),bokin secteur 2,burkina_faso,11/14/2009,4,0,-0.587588547,1.0,13.00350966077545,-1.792657275,-1.559723298,-1.581189702,1.25,1.1666666666666667,-0.023809524,13.0,-1.8,13.0,-1.8,13.0,-1.8,12.98251538,-1.685227986,0.6,-0.23554917176564535,-0.055263157894736806,99958530.46765624,0.1913238582719389,-0.4583607908438485
1974,1726,passorÃ©(yako),bokin secteur 2,burkina_faso,11/13/2009,12,0,1.5181103944865622,1.0,13.00350966077545,-1.792657275,-1.559723298,-1.581189702,1.25,1.1666666666666667,-0.023809524,13.0,-1.8,13.0,-1.8,13.0,-1.8,12.98251538,-1.685227986,0.6,-0.23554917176564535,-0.055263157894736806,99958530.46765624,0.1913238582719389,-0.4583607908438485
1975,1747,passorÃ©(yako),bouria,burkina_faso,11/2/2009,6,0,-0.570383258,1.0,12.831032143385691,-2.181604187,-1.487978101,-1.548028275,1.375,1.1666666666666667,-0.023809524,12.85,-2.2,12.85,-2.2,12.85,-2.2,12.76161893,-2.101418271,0.4,-0.38784241676330566,-0.03620689655172414,144554192.197085,0.2067328131419402,-0.5045056116534278
1976,1748,passorÃ©(yako),bouria,burkina_faso,11/1/2009,12,0,-0.441152218,,12.831032143385691,-2.181604187,-1.487978101,-1.548028275,1.375,1.1666666666666667,-0.023809524,12.85,-2.2,12.85,-2.2,12.85,-2.2,12.76161893,-2.101418271,0.4,-0.38784241676330566,-0.03620689655172414,144554192.197085,0.2067328131419402,-0.5045056116534278
1977,1749,passorÃ©(yako),bouria,burkina_faso,11/1/2009,1,0,-0.896728386,,12.831032143385691,-2.181604187,-1.487978101,-1.548028275,1.375,1.1666666666666667,-0.023809524,12.85,-2.2,12.85,-2.2,12.85,-2.2,12.76161893,-2.101418271,0.4,-0.38784241676330566,-0.03620689655172414,144554192.197085,0.2067328131419402,-0.5045056116534278
1978,1750,passorÃ©(yako),bouria,burkina_faso,11/1/2009,7,0,-0.767497347,,12.831032143385691,-2.181604187,-1.487978101,-1.548028275,1.375,1.1666666666666667,-0.023809524,12.85,-2.2,12.85,-2.2,12.85,-2.2,12.76161893,-2.101418271,0.4,-0.38784241676330566,-0.03620689655172414,144554192.197085,0.2067328131419402,-0.5045056116534278
1979,1751,passorÃ©(yako),bouria,burkina_faso,11/1/2009,10,0,-0.946193592,,12.831032143385691,-2.181604187,-1.487978101,-1.548028275,1.375,1.1666666666666667,-0.023809524,12.85,-2.2,12.85,-2.2,12.85,-2.2,12.76161893,-2.101418271,0.4,-0.38784241676330566,-0.03620689655172414,144554192.197085,0.2067328131419402,-0.5045056116534278
1980,1752,passorÃ©(yako),bouria,burkina_faso,11/2/2009,15,0,-0.443302879,1.0,12.831032143385691,-2.181604187,-1.487978101,-1.548028275,1.375,1.1666666666666667,-0.023809524,12.85,-2.2,12.85,-2.2,12.85,-2.2,12.76161893,-2.101418271,0.4,-0.38784241676330566,-0.03620689655172414,144554192.197085,0.2067328131419402,-0.5045056116534278
1981,1753,passorÃ©(yako),bouria,burkina_faso,11/1/2009,15,0,-0.956946898,,12.831032143385691,-2.181604187,-1.487978101,-1.548028275,1.375,1.1666666666666667,-0.023809524,12.85,-2.2,12.85,-2.2,12.85,-2.2,12.76161893,-2.101418271,0.4,-0.38784241676330566,-0.03620689655172414,144554192.197085,0.2067328131419402,-0.5045056116534278
1982,1754,passorÃ©(yako),bouria,burkina_faso,11/1/2009,8,0,-0.780401313,,12.831032143385691,-2.181604187,-1.487978101,-1.548028275,1.375,1.1666666666666667,-0.023809524,12.85,-2.2,12.85,-2.2,12.85,-2.2,12.76161893,-2.101418271,0.4,-0.38784241676330566,-0.03620689655172414,144554192.197085,0.2067328131419402,-0.5045056116534278
1983,1755,passorÃ©(yako),bouria,burkina_faso,11/1/2009,9,0,-0.801907925,1.0,12.831032143385691,-2.181604187,-1.487978101,-1.548028275,1.375,1.1666666666666667,-0.023809524,12.85,-2.2,12.85,-2.2,12.85,-2.2,12.76161893,-2.101418271,0.4,-0.38784241676330566,-0.03620689655172414,144554192.197085,0.2067328131419402,-0.5045056116534278
1984,1756,passorÃ©(yako),gombre,burkina_faso,11/16/2009,1,0,-0.758894702,1.0,12.963660718169418,-2.259889575,-1.611960709,-1.696244935,1.3333333333333333,0.6666666666666666,-0.166666667,12.95,-2.25,12.95,-2.25,12.95,-2.25,12.96401712,-2.262677397,0.4,-0.24270814657211304,-0.03620689655172414,144554192.197085,0.20529723306164316,-0.3421904270207843
1985,1757,passorÃ©(yako),gombre,burkina_faso,11/16/2009,6,0,-0.935440287,,12.963660718169418,-2.259889575,-1.611960709,-1.696244935,1.3333333333333333,0.6666666666666666,-0.166666667,12.95,-2.25,12.95,-2.25,12.95,-2.25,12.96401712,-2.262677397,0.4,-0.24270814657211304,-0.03620689655172414,144554192.197085,0.20529723306164316,-0.3421904270207843
1986,1758,passorÃ©(yako),gombre,burkina_faso,11/16/2009,4,0,-0.935440287,,12.963660718169418,-2.259889575,-1.611960709,-1.696244935,1.3333333333333333,0.6666666666666666,-0.166666667,12.95,-2.25,12.95,-2.25,12.95,-2.25,12.96401712,-2.262677397,0.4,-0.24270814657211304,-0.03620689655172414,144554192.197085,0.20529723306164316,-0.3421904270207843
1987,1759,passorÃ©(yako),gombre,burkina_faso,11/16/2009,9,0,-0.956946898,1.0,12.963660718169418,-2.259889575,-1.611960709,-1.696244935,1.3333333333333333,0.6666666666666666,-0.166666667,12.95,-2.25,12.95,-2.25,12.95,-2.25,12.96401712,-2.262677397,0.4,-0.24270814657211304,-0.03620689655172414,144554192.197085,0.20529723306164316,-0.3421904270207843
1988,1760,passorÃ©(yako),gombre,burkina_faso,11/16/2009,4,0,-0.935440287,,12.963660718169418,-2.259889575,-1.611960709,-1.696244935,1.3333333333333333,0.6666666666666666,-0.166666667,12.95,-2.25,12.95,-2.25,12.95,-2.25,12.96401712,-2.262677397,0.4,-0.24270814657211304,-0.03620689655172414,144554192.197085,0.20529723306164316,-0.3421904270207843
1989,1761,passorÃ©(yako),gombre,burkina_faso,11/16/2009,6,0,-0.935440287,,12.963660718169418,-2.259889575,-1.611960709,-1.696244935,1.3333333333333333,0.6666666666666666,-0.166666667,12.95,-2.25,12.95,-2.25,12.95,-2.25,12.96401712,-2.262677397,0.4,-0.24270814657211304,-0.03620689655172414,144554192.197085,0.20529723306164316,-0.3421904270207843
1990,1762,passorÃ©(yako),gombre,burkina_faso,11/16/2009,5,0,-0.928271416,,12.963660718169418,-2.259889575,-1.611960709,-1.696244935,1.3333333333333333,0.6666666666666666,-0.166666667,12.95,-2.25,12.95,-2.25,12.95,-2.25,12.96401712,-2.262677397,0.4,-0.24270814657211304,-0.03620689655172414,144554192.197085,0.20529723306164316,-0.3421904270207843
1991,1763,passorÃ©(yako),gombre,burkina_faso,11/16/2009,11,0,-0.951570245,,12.963660718169418,-2.259889575,-1.611960709,-1.696244935,1.3333333333333333,0.6666666666666666,-0.166666667,12.95,-2.25,12.95,-2.25,12.95,-2.25,12.96401712,-2.262677397,0.4,-0.24270814657211304,-0.03620689655172414,144554192.197085,0.20529723306164316,-0.3421904270207843
1992,1764,passorÃ©(yako),gombre,burkina_faso,11/16/2009,21,0,-0.601030179,1.0,12.963660718169418,-2.259889575,-1.611960709,-1.696244935,1.3333333333333333,0.6666666666666666,-0.166666667,12.95,-2.25,12.95,-2.25,12.95,-2.25,12.96401712,-2.262677397,0.4,-0.24270814657211304,-0.03620689655172414,144554192.197085,0.20529723306164316,-0.3421904270207843
1993,1801,passorÃ©(yako),ilyale,burkina_faso,11/2/2009,5,0,-0.791154619,,12.963660718169418,-2.259889575,-1.611960709,-1.696244935,1.3333333333333333,0.6666666666666666,-0.166666667,12.95,-2.25,12.95,-2.25,12.95,-2.25,12.96401712,-2.262677397,0.4,-0.24270814657211304,-0.03620689655172414,144554192.197085,0.20529723306164316,-0.3421904270207843
1994,1802,passorÃ©(yako),ilyale,burkina_faso,11/2/2009,2,0,-0.913933675,1.0,12.963660718169418,-2.259889575,-1.611960709,-1.696244935,1.3333333333333333,0.6666666666666666,-0.166666667,12.95,-2.25,12.95,-2.25,12.95,-2.25,12.96401712,-2.262677397,0.4,-0.24270814657211304,-0.03620689655172414,144554192.197085,0.20529723306164316,-0.3421904270207843
1995,1803,passorÃ©(yako),ilyale,burkina_faso,11/2/2009,7,0,-0.767497347,1.0,12.963660718169418,-2.259889575,-1.611960709,-1.696244935,1.3333333333333333,0.6666666666666666,-0.166666667,12.95,-2.25,12.95,-2.25,12.95,-2.25,12.96401712,-2.262677397,0.4,-0.24270814657211304,-0.03620689655172414,144554192.197085,0.20529723306164316,-0.3421904270207843
1996,1804,passorÃ©(yako),ilyale,burkina_faso,11/2/2009,7,0,-0.787570184,,12.963660718169418,-2.259889575,-1.611960709,-1.696244935,1.3333333333333333,0.6666666666666666,-0.166666667,12.95,-2.25,12.95,-2.25,12.95,-2.25,12.96401712,-2.262677397,0.4,-0.24270814657211304,-0.03620689655172414,144554192.197085,0.20529723306164316,-0.3421904270207843
1997,1805,passorÃ©(yako),ilyale,burkina_faso,11/2/2009,4,0,-0.935440287,1.0,12.963660718169418,-2.259889575,-1.611960709,-1.696244935,1.3333333333333333,0.6666666666666666,-0.166666667,12.95,-2.25,12.95,-2.25,12.95,-2.25,12.96401712,-2.262677397,0.4,-0.24270814657211304,-0.03620689655172414,144554192.197085,0.20529723306164316,-0.3421904270207843
1998,1806,passorÃ©(yako),ilyale,burkina_faso,11/3/2009,12,0,-1.150506401,,12.963660718169418,-2.259889575,-1.611960709,-1.696244935,1.3333333333333333,0.6666666666666666,-0.166666667,12.95,-2.25,12.95,-2.25,12.95,-2.25,12.96401712,-2.262677397,0.4,-0.24270814657211304,-0.03620689655172414,144554192.197085,0.20529723306164316,-0.3421904270207843
1999,1807,passorÃ©(yako),ilyale,burkina_faso,11/2/2009,1,0,-0.913933675,,12.963660718169418,-2.259889575,-1.611960709,-1.696244935,1.3333333333333333,0.6666666666666666,-0.166666667,12.95,-2.25,12.95,-2.25,12.95,-2.25,12.96401712,-2.262677397,0.4,-0.24270814657211304,-0.03620689655172414,144554192.197085,0.20529723306164316,-0.3421904270207843
2000,1808,passorÃ©(yako),ilyale,burkina_faso,11/2/2009,1,0,-0.178736698,1.0,12.963660718169418,-2.259889575,-1.611960709,-1.696244935,1.3333333333333333,0.6666666666666666,-0.166666667,12.95,-2.25,12.95,-2.25,12.95,-2.25,12.96401712,-2.262677397,0.4,-0.24270814657211304,-0.03620689655172414,144554192.197085,0.20529723306164316,-0.3421904270207843
2001,1809,passorÃ©(yako),ilyale,burkina_faso,11/2/2009,1,0,-0.178736698,1.0,12.963660718169418,-2.259889575,-1.611960709,-1.696244935,1.3333333333333333,0.6666666666666666,-0.166666667,12.95,-2.25,12.95,-2.25,12.95,-2.25,12.96401712,-2.262677397,0.4,-0.24270814657211304,-0.03620689655172414,144554192.197085,0.20529723306164316,-0.3421904270207843
2002,1810,passorÃ©(yako),lantaga,burkina_faso,11/12/2009,12,0,-0.866427759,,12.762932763845306,-2.187679805,-1.489808172,-1.597181946,2.0,1.0,0.0,12.75,-2.2,12.75,-2.2,12.75,-2.2,12.76161893,-2.262677397,1.0,-0.19249470233917237,0.12272727272727275,64956322.01579134,0.20405941137018938,0.13941920219393616
2003,1811,passorÃ©(yako),lantaga,burkina_faso,11/11/2009,5,0,-0.946193592,,12.762932763845306,-2.187679805,-1.489808172,-1.597181946,2.0,1.0,0.0,12.75,-2.2,12.75,-2.2,12.75,-2.2,12.76161893,-2.262677397,1.0,-0.19249470233917237,0.12272727272727275,64956322.01579134,0.20405941137018938,0.13941920219393616
2004,1812,passorÃ©(yako),lantaga,burkina_faso,11/12/2009,15,0,-0.924686981,,12.762932763845306,-2.187679805,-1.489808172,-1.597181946,2.0,1.0,0.0,12.75,-2.2,12.75,-2.2,12.75,-2.2,12.76161893,-2.262677397,1.0,-0.19249470233917237,0.12272727272727275,64956322.01579134,0.20405941137018938,0.13941920219393616
2005,1813,passorÃ©(yako),lantaga,burkina_faso,11/11/2009,4,0,-0.904716556,,12.762932763845306,-2.187679805,-1.489808172,-1.597181946,2.0,1.0,0.0,12.75,-2.2,12.75,-2.2,12.75,-2.2,12.76161893,-2.262677397,1.0,-0.19249470233917237,0.12272727272727275,64956322.01579134,0.20405941137018938,0.13941920219393616
2006,1814,passorÃ©(yako),lantaga,burkina_faso,11/11/2009,7,0,-0.92253632,,12.762932763845306,-2.187679805,-1.489808172,-1.597181946,2.0,1.0,0.0,12.75,-2.2,12.75,-2.2,12.75,-2.2,12.76161893,-2.262677397,1.0,-0.19249470233917237,0.12272727272727275,64956322.01579134,0.20405941137018938,0.13941920219393616
2007,1815,passorÃ©(yako),lantaga,burkina_faso,11/11/2009,3,0,-0.913933675,,12.762932763845306,-2.187679805,-1.489808172,-1.597181946,2.0,1.0,0.0,12.75,-2.2,12.75,-2.2,12.75,-2.2,12.76161893,-2.262677397,1.0,-0.19249470233917237,0.12272727272727275,64956322.01579134,0.20405941137018938,0.13941920219393616
2008,1816,passorÃ©(yako),lantaga,burkina_faso,11/11/2009,6,0,-0.421796268,,12.762932763845306,-2.187679805,-1.489808172,-1.597181946,2.0,1.0,0.0,12.75,-2.2,12.75,-2.2,12.75,-2.2,12.76161893,-2.262677397,1.0,-0.19249470233917237,0.12272727272727275,64956322.01579134,0.20405941137018938,0.13941920219393616
2009,1817,passorÃ©(yako),lantaga,burkina_faso,11/12/2009,8,0,-0.935440287,,12.762932763845306,-2.187679805,-1.489808172,-1.597181946,2.0,1.0,0.0,12.75,-2.2,12.75,-2.2,12.75,-2.2,12.76161893,-2.262677397,1.0,-0.19249470233917237,0.12272727272727275,64956322.01579134,0.20405941137018938,0.13941920219393616
2010,1818,passorÃ©(yako),lantaga,burkina_faso,,4,0,-0.921102546,,12.762932763845306,-2.187679805,-1.489808172,-1.597181946,2.0,1.0,0.0,12.75,-2.2,12.75,-2.2,12.75,-2.2,12.76161893,-2.262677397,1.0,-0.19249470233917237,0.12272727272727275,64956322.01579134,0.20405941137018938,0.13941920219393616
2011,1819,passorÃ©(yako),lantaga,burkina_faso,11/12/2009,11,0,-0.623432899,1.0,12.762932763845306,-2.187679805,-1.489808172,-1.597181946,2.0,1.0,0.0,12.75,-2.2,12.75,-2.2,12.75,-2.2,12.76161893,-2.262677397,1.0,-0.19249470233917237,0.12272727272727275,64956322.01579134,0.20405941137018938,0.13941920219393616
2012,1837,passorÃ©(yako),reanon,burkina_faso,11/12/2009,4,0,-0.978453509,,12.963660718169418,-2.259889575,-1.611960709,-1.696244935,1.3333333333333333,0.6666666666666666,-0.166666667,12.95,-2.25,12.95,-2.25,12.95,-2.25,12.96401712,-2.262677397,0.4,-0.24270814657211304,-0.03620689655172414,144554192.197085,0.20529723306164316,-0.3421904270207843
2013,1838,passorÃ©(yako),reanon,burkina_faso,11/13/2009,2,0,-0.913933675,,12.963660718169418,-2.259889575,-1.611960709,-1.696244935,1.3333333333333333,0.6666666666666666,-0.166666667,12.95,-2.25,12.95,-2.25,12.95,-2.25,12.96401712,-2.262677397,0.4,-0.24270814657211304,-0.03620689655172414,144554192.197085,0.20529723306164316,-0.3421904270207843
2014,1840,passorÃ©(yako),reanon,burkina_faso,11/13/2009,7,0,-0.917518111,,12.963660718169418,-2.259889575,-1.611960709,-1.696244935,1.3333333333333333,0.6666666666666666,-0.166666667,12.95,-2.25,12.95,-2.25,12.95,-2.25,12.96401712,-2.262677397,0.4,-0.24270814657211304,-0.03620689655172414,144554192.197085,0.20529723306164316,-0.3421904270207843
2015,1841,passorÃ©(yako),reanon,burkina_faso,11/13/2009,9,0,-0.769648008,,12.963660718169418,-2.259889575,-1.611960709,-1.696244935,1.3333333333333333,0.6666666666666666,-0.166666667,12.95,-2.25,12.95,-2.25,12.95,-2.25,12.96401712,-2.262677397,0.4,-0.24270814657211304,-0.03620689655172414,144554192.197085,0.20529723306164316,-0.3421904270207843
2016,1842,passorÃ©(yako),reanon,burkina_faso,11/13/2009,8,0,-0.935440287,,12.963660718169418,-2.259889575,-1.611960709,-1.696244935,1.3333333333333333,0.6666666666666666,-0.166666667,12.95,-2.25,12.95,-2.25,12.95,-2.25,12.96401712,-2.262677397,0.4,-0.24270814657211304,-0.03620689655172414,144554192.197085,0.20529723306164316,-0.3421904270207843
2017,1843,passorÃ©(yako),reanon,burkina_faso,11/13/2009,7,0,-0.930063634,,12.963660718169418,-2.259889575,-1.611960709,-1.696244935,1.3333333333333333,0.6666666666666666,-0.166666667,12.95,-2.25,12.95,-2.25,12.95,-2.25,12.96401712,-2.262677397,0.4,-0.24270814657211304,-0.03620689655172414,144554192.197085,0.20529723306164316,-0.3421904270207843
2018,1844,passorÃ©(yako),reanon,burkina_faso,11/13/2009,14,0,-0.767497347,,12.963660718169418,-2.259889575,-1.611960709,-1.696244935,1.3333333333333333,0.6666666666666666,-0.166666667,12.95,-2.25,12.95,-2.25,12.95,-2.25,12.96401712,-2.262677397,0.4,-0.24270814657211304,-0.03620689655172414,144554192.197085,0.20529723306164316,-0.3421904270207843
2019,1845,passorÃ©(yako),reanon,burkina_faso,11/12/2009,10,0,-0.946193592,,12.963660718169418,-2.259889575,-1.611960709,-1.696244935,1.3333333333333333,0.6666666666666666,-0.166666667,12.95,-2.25,12.95,-2.25,12.95,-2.25,12.96401712,-2.262677397,0.4,-0.24270814657211304,-0.03620689655172414,144554192.197085,0.20529723306164316,-0.3421904270207843
2020,1864,yatenga(ouahigouya),balongo,burkina_faso,11/2/2009,5,0,-0.773232443,1.0,13.65945,-2.48013,-1.747280598,-2.154203892,3.0,0.1666666666666666,-0.166666667,13.65,-2.5,13.65,-2.5,13.65,-2.5,13.50282815,-2.443899142,0.4,-0.38149768114089966,-0.036206896551724155,137216247.57673392,0.16339285544895443,1.0188536735849705
2021,1865,yatenga(ouahigouya),balongo,burkina_faso,11/2/2009,5,0,-0.946193592,,13.65945,-2.48013,-1.747280598,-2.154203892,3.0,0.1666666666666666,-0.166666667,13.65,-2.5,13.65,-2.5,13.65,-2.5,13.50282815,-2.443899142,0.4,-0.38149768114089966,-0.036206896551724155,137216247.57673392,0.16339285544895443,1.0188536735849705
2022,1866,yatenga(ouahigouya),balongo,burkina_faso,11/3/2009,5,0,-0.773232443,,13.65945,-2.48013,-1.747280598,-2.154203892,3.0,0.1666666666666666,-0.166666667,13.65,-2.5,13.65,-2.5,13.65,-2.5,13.50282815,-2.443899142,0.4,-0.38149768114089966,-0.036206896551724155,137216247.57673392,0.16339285544895443,1.0188536735849705
2023,1867,yatenga(ouahigouya),balongo,burkina_faso,11/2/2009,3,0,-0.769648008,,13.65945,-2.48013,-1.747280598,-2.154203892,3.0,0.1666666666666666,-0.166666667,13.65,-2.5,13.65,-2.5,13.65,-2.5,13.50282815,-2.443899142,0.4,-0.38149768114089966,-0.036206896551724155,137216247.57673392,0.16339285544895443,1.0188536735849705
2024,1868,yatenga(ouahigouya),balongo,burkina_faso,11/2/2009,5,0,-0.773232443,,13.65945,-2.48013,-1.747280598,-2.154203892,3.0,0.1666666666666666,-0.166666667,13.65,-2.5,13.65,-2.5,13.65,-2.5,13.50282815,-2.443899142,0.4,-0.38149768114089966,-0.036206896551724155,137216247.57673392,0.16339285544895443,1.0188536735849705
2025,1869,yatenga(ouahigouya),balongo,burkina_faso,11/2/2009,6,0,-0.780401313,,13.65945,-2.48013,-1.747280598,-2.154203892,3.0,0.1666666666666666,-0.166666667,13.65,-2.5,13.65,-2.5,13.65,-2.5,13.50282815,-2.443899142,0.4,-0.38149768114089966,-0.036206896551724155,137216247.57673392,0.16339285544895443,1.0188536735849705
2026,1870,yatenga(ouahigouya),balongo,burkina_faso,11/3/2009,7,0,-0.775024661,,13.65945,-2.48013,-1.747280598,-2.154203892,3.0,0.1666666666666666,-0.166666667,13.65,-2.5,13.65,-2.5,13.65,-2.5,13.50282815,-2.443899142,0.4,-0.38149768114089966,-0.036206896551724155,137216247.57673392,0.16339285544895443,1.0188536735849705
2027,1871,yatenga(ouahigouya),balongo,burkina_faso,11/3/2009,10,0,-0.791154619,,13.65945,-2.48013,-1.747280598,-2.154203892,3.0,0.1666666666666666,-0.166666667,13.65,-2.5,13.65,-2.5,13.65,-2.5,13.50282815,-2.443899142,0.4,-0.38149768114089966,-0.036206896551724155,137216247.57673392,0.16339285544895443,1.0188536735849705
2028,1872,yatenga(ouahigouya),balongo,burkina_faso,11/2/2009,3,0,-0.924686981,,13.65945,-2.48013,-1.747280598,-2.154203892,3.0,0.1666666666666666,-0.166666667,13.65,-2.5,13.65,-2.5,13.65,-2.5,13.50282815,-2.443899142,0.4,-0.38149768114089966,-0.036206896551724155,137216247.57673392,0.16339285544895443,1.0188536735849705
2029,1892,yatenga(ouahigouya),barma-mossi,burkina_faso,11/7/2009,14,0,-0.780401313,1.0,13.240319999999995,-2.05716,-1.605768124,-1.605768124,1.0,0.5,-0.5,13.25,-2.05,13.25,-2.05,13.25,-2.05,13.20909134,-2.101418271,0.2,-0.379349946975708,-0.017796610169491522,260607319.5464872,0.1876529513225009,0.9714459079839552
2030,1893,yatenga(ouahigouya),barma-mossi,burkina_faso,11/7/2009,8,0,-0.475562796,1.0,13.240319999999995,-2.05716,-1.605768124,-1.605768124,1.0,0.5,-0.5,13.25,-2.05,13.25,-2.05,13.25,-2.05,13.20909134,-2.101418271,0.2,-0.379349946975708,-0.017796610169491522,260607319.5464872,0.1876529513225009,0.9714459079839552
2031,1897,yatenga(ouahigouya),barma-mossi,burkina_faso,11/7/2009,12,0,-0.432549573,,13.240319999999995,-2.05716,-1.605768124,-1.605768124,1.0,0.5,-0.5,13.25,-2.05,13.25,-2.05,13.25,-2.05,13.20909134,-2.101418271,0.2,-0.379349946975708,-0.017796610169491522,260607319.5464872,0.1876529513225009,0.9714459079839552
2032,1898,yatenga(ouahigouya),barma-mossi,burkina_faso,11/7/2009,5,0,-0.791154619,1.0,13.240319999999995,-2.05716,-1.605768124,-1.605768124,1.0,0.5,-0.5,13.25,-2.05,13.25,-2.05,13.25,-2.05,13.20909134,-2.101418271,0.2,-0.379349946975708,-0.017796610169491522,260607319.5464872,0.1876529513225009,0.9714459079839552
2033,1904,yatenga(ouahigouya),barma-mossi,burkina_faso,11/7/2009,5,0,-0.946193592,1.0,13.240319999999995,-2.05716,-1.605768124,-1.605768124,1.0,0.5,-0.5,13.25,-2.05,13.25,-2.05,13.25,-2.05,13.20909134,-2.101418271,0.2,-0.379349946975708,-0.017796610169491522,260607319.5464872,0.1876529513225009,0.9714459079839552
2034,1907,yatenga(ouahigouya),barma-mossi,burkina_faso,11/8/2009,6,0,-0.801907925,1.0,13.240319999999995,-2.05716,-1.605768124,-1.605768124,1.0,0.5,-0.5,13.25,-2.05,13.25,-2.05,13.25,-2.05,13.20909134,-2.101418271,0.2,-0.379349946975708,-0.017796610169491522,260607319.5464872,0.1876529513225009,0.9714459079839552
2035,1914,yatenga(ouahigouya),barma-mossi,burkina_faso,11/7/2009,11,0,-0.951570245,1.0,13.240319999999995,-2.05716,-1.605768124,-1.605768124,1.0,0.5,-0.5,13.25,-2.05,13.25,-2.05,13.25,-2.05,13.20909134,-2.101418271,0.2,-0.379349946975708,-0.017796610169491522,260607319.5464872,0.1876529513225009,0.9714459079839552
2036,1916,yatenga(ouahigouya),barma-mossi,burkina_faso,11/8/2009,8,0,-0.935440287,1.0,13.240319999999995,-2.05716,-1.605768124,-1.605768124,1.0,0.5,-0.5,13.25,-2.05,13.25,-2.05,13.25,-2.05,13.20909134,-2.101418271,0.2,-0.379349946975708,-0.017796610169491522,260607319.5464872,0.1876529513225009,0.9714459079839552
2037,1917,yatenga(ouahigouya),barma-mossi,burkina_faso,11/8/2009,11,0,-0.816245666,1.0,13.240319999999995,-2.05716,-1.605768124,-1.605768124,1.0,0.5,-0.5,13.25,-2.05,13.25,-2.05,13.25,-2.05,13.20909134,-2.101418271,0.2,-0.379349946975708,-0.017796610169491522,260607319.5464872,0.1876529513225009,0.9714459079839552
2038,1918,yatenga(ouahigouya),bidi rimaibe thiou,burkina_faso,11/1/2009,6,0,-0.801907925,,13.90834,-2.48512,-1.890518188,-2.302386522,3.0,0.1666666666666666,-0.166666667,13.9,-2.5,13.9,-2.5,13.9,-2.5,14.03752044,-2.443899142,0.4,-0.5889012217521667,-0.036206896551724155,137216247.57673392,0.16007303070697987,1.087380337980886
2039,1923,yatenga(ouahigouya),bidi rimaibe thiou,burkina_faso,11/1/2009,11,0,-0.796531272,,13.90834,-2.48512,-1.890518188,-2.302386522,3.0,0.1666666666666666,-0.166666667,13.9,-2.5,13.9,-2.5,13.9,-2.5,14.03752044,-2.443899142,0.4,-0.5889012217521667,-0.036206896551724155,137216247.57673392,0.16007303070697987,1.087380337980886
2040,1928,yatenga(ouahigouya),bidi rimaibe thiou,burkina_faso,11/1/2009,12,0,-0.780401313,1.0,13.90834,-2.48512,-1.890518188,-2.302386522,3.0,0.1666666666666666,-0.166666667,13.9,-2.5,13.9,-2.5,13.9,-2.5,14.03752044,-2.443899142,0.4,-0.5889012217521667,-0.036206896551724155,137216247.57673392,0.16007303070697987,1.087380337980886
2041,1930,yatenga(ouahigouya),bidi rimaibe thiou,burkina_faso,11/1/2009,10,0,-0.432549573,,13.90834,-2.48512,-1.890518188,-2.302386522,3.0,0.1666666666666666,-0.166666667,13.9,-2.5,13.9,-2.5,13.9,-2.5,14.03752044,-2.443899142,0.4,-0.5889012217521667,-0.036206896551724155,137216247.57673392,0.16007303070697987,1.087380337980886
2042,1932,yatenga(ouahigouya),bidi rimaibe thiou,burkina_faso,11/1/2009,6,0,-0.780401313,,13.90834,-2.48512,-1.890518188,-2.302386522,3.0,0.1666666666666666,-0.166666667,13.9,-2.5,13.9,-2.5,13.9,-2.5,14.03752044,-2.443899142,0.4,-0.5889012217521667,-0.036206896551724155,137216247.57673392,0.16007303070697987,1.087380337980886
2043,1934,yatenga(ouahigouya),bidi rimaibe thiou,burkina_faso,11/1/2009,3,0,-0.769648008,,13.90834,-2.48512,-1.890518188,-2.302386522,3.0,0.1666666666666666,-0.166666667,13.9,-2.5,13.9,-2.5,13.9,-2.5,14.03752044,-2.443899142,0.4,-0.5889012217521667,-0.036206896551724155,137216247.57673392,0.16007303070697987,1.087380337980886
2044,1935,yatenga(ouahigouya),bidi rimaibe thiou,burkina_faso,11/1/2009,19,0,-0.447911439,1.0,13.90834,-2.48512,-1.890518188,-2.302386522,3.0,0.1666666666666666,-0.166666667,13.9,-2.5,13.9,-2.5,13.9,-2.5,14.03752044,-2.443899142,0.4,-0.5889012217521667,-0.036206896551724155,137216247.57673392,0.16007303070697987,1.087380337980886
2045,1939,yatenga(ouahigouya),bidi rimaibe thiou,burkina_faso,11/1/2009,2,0,-0.913933675,,13.90834,-2.48512,-1.890518188,-2.302386522,3.0,0.1666666666666666,-0.166666667,13.9,-2.5,13.9,-2.5,13.9,-2.5,14.03752044,-2.443899142,0.4,-0.5889012217521667,-0.036206896551724155,137216247.57673392,0.16007303070697987,1.087380337980886
2046,1944,yatenga(ouahigouya),bidi rimaibe thiou,burkina_faso,11/1/2009,6,0,-0.454056185,,13.90834,-2.48512,-1.890518188,-2.302386522,3.0,0.1666666666666666,-0.166666667,13.9,-2.5,13.9,-2.5,13.9,-2.5,14.03752044,-2.443899142,0.4,-0.5889012217521667,-0.036206896551724155,137216247.57673392,0.16007303070697987,1.087380337980886
2047,1947,yatenga(ouahigouya),bissighin,burkina_faso,11/5/2009,7,0,-0.787570184,1.0,12.50923,-1.7206,-1.59091262,-1.676187317,2.0,1.0,0.0,12.5,-1.7,12.5,-1.7,12.5,-1.7,12.60199655,-1.685227986,1.4,-0.22614879267556326,-0.13867924528301886,115741367.52214856,0.19525762520832388,-0.49249711025659526
2048,1950,yatenga(ouahigouya),bissighin,burkina_faso,11/6/2009,6,0,-0.924686981,1.0,12.50923,-1.7206,-1.59091262,-1.676187317,2.0,1.0,0.0,12.5,-1.7,12.5,-1.7,12.5,-1.7,12.60199655,-1.685227986,1.4,-0.22614879267556326,-0.13867924528301886,115741367.52214856,0.19525762520832388,-0.49249711025659526
2049,1952,yatenga(ouahigouya),bissighin,burkina_faso,11/5/2009,7,0,-0.775024661,1.0,12.50923,-1.7206,-1.59091262,-1.676187317,2.0,1.0,0.0,12.5,-1.7,12.5,-1.7,12.5,-1.7,12.60199655,-1.685227986,1.4,-0.22614879267556326,-0.13867924528301886,115741367.52214856,0.19525762520832388,-0.49249711025659526
2050,1960,yatenga(ouahigouya),bissighin,burkina_faso,11/5/2009,5,0,-0.946193592,,12.50923,-1.7206,-1.59091262,-1.676187317,2.0,1.0,0.0,12.5,-1.7,12.5,-1.7,12.5,-1.7,12.60199655,-1.685227986,1.4,-0.22614879267556326,-0.13867924528301886,115741367.52214856,0.19525762520832388,-0.49249711025659526
2051,1961,yatenga(ouahigouya),bissighin,burkina_faso,11/6/2009,9,0,-0.785777966,,12.50923,-1.7206,-1.59091262,-1.676187317,2.0,1.0,0.0,12.5,-1.7,12.5,-1.7,12.5,-1.7,12.60199655,-1.685227986,1.4,-0.22614879267556326,-0.13867924528301886,115741367.52214856,0.19525762520832388,-0.49249711025659526
2052,1962,yatenga(ouahigouya),bissighin,burkina_faso,11/5/2009,6,0,-0.801907925,,12.50923,-1.7206,-1.59091262,-1.676187317,2.0,1.0,0.0,12.5,-1.7,12.5,-1.7,12.5,-1.7,12.60199655,-1.685227986,1.4,-0.22614879267556326,-0.13867924528301886,115741367.52214856,0.19525762520832388,-0.49249711025659526
2053,1963,yatenga(ouahigouya),bissighin,burkina_faso,11/5/2009,4,0,-0.780401313,,12.50923,-1.7206,-1.59091262,-1.676187317,2.0,1.0,0.0,12.5,-1.7,12.5,-1.7,12.5,-1.7,12.60199655,-1.685227986,1.4,-0.22614879267556326,-0.13867924528301886,115741367.52214856,0.19525762520832388,-0.49249711025659526
2054,1964,yatenga(ouahigouya),bissighin,burkina_faso,11/6/2009,10,0,-0.791154619,,12.50923,-1.7206,-1.59091262,-1.676187317,2.0,1.0,0.0,12.5,-1.7,12.5,-1.7,12.5,-1.7,12.60199655,-1.685227986,1.4,-0.22614879267556326,-0.13867924528301886,115741367.52214856,0.19525762520832388,-0.49249711025659526
2055,1970,yatenga(ouahigouya),bissighin,burkina_faso,11/5/2009,10,0,-0.791154619,,12.50923,-1.7206,-1.59091262,-1.676187317,2.0,1.0,0.0,12.5,-1.7,12.5,-1.7,12.5,-1.7,12.60199655,-1.685227986,1.4,-0.22614879267556326,-0.13867924528301886,115741367.52214856,0.19525762520832388,-0.49249711025659526
2056,1972,yatenga(ouahigouya),boulle,burkina_faso,11/9/2009,14,0,-0.422991079,,13.194374569284037,-3.833565665,-1.626473248,-1.789244473,2.0,0.3333333333333333,-0.333333333,13.2,-3.85,13.2,-3.85,13.2,-3.85,13.20909134,-3.793292763,0.2,-0.43959033489227295,-0.017796610169491522,260607319.5464872,0.2122978398267186,0.5238618592651207
2057,1975,yatenga(ouahigouya),boulle,burkina_faso,11/9/2009,5,0,-0.598341852,,13.194374569284037,-3.833565665,-1.626473248,-1.789244473,2.0,0.3333333333333333,-0.333333333,13.2,-3.85,13.2,-3.85,13.2,-3.85,13.20909134,-3.793292763,0.2,-0.43959033489227295,-0.017796610169491522,260607319.5464872,0.2122978398267186,0.5238618592651207
2058,1978,yatenga(ouahigouya),boulle,burkina_faso,11/9/2009,13,0,-0.436134009,1.0,13.194374569284037,-3.833565665,-1.626473248,-1.789244473,2.0,0.3333333333333333,-0.333333333,13.2,-3.85,13.2,-3.85,13.2,-3.85,13.20909134,-3.793292763,0.2,-0.43959033489227295,-0.017796610169491522,260607319.5464872,0.2122978398267186,0.5238618592651207
2059,1981,yatenga(ouahigouya),boulle,burkina_faso,11/8/2009,7,0,-0.787570184,1.0,13.194374569284037,-3.833565665,-1.626473248,-1.789244473,2.0,0.3333333333333333,-0.333333333,13.2,-3.85,13.2,-3.85,13.2,-3.85,13.20909134,-3.793292763,0.2,-0.43959033489227295,-0.017796610169491522,260607319.5464872,0.2122978398267186,0.5238618592651207
2060,1983,yatenga(ouahigouya),boulle,burkina_faso,11/8/2009,4,0,-0.40674164,1.0,13.194374569284037,-3.833565665,-1.626473248,-1.789244473,2.0,0.3333333333333333,-0.333333333,13.2,-3.85,13.2,-3.85,13.2,-3.85,13.20909134,-3.793292763,0.2,-0.43959033489227295,-0.017796610169491522,260607319.5464872,0.2122978398267186,0.5238618592651207
2061,1988,yatenga(ouahigouya),boulle,burkina_faso,11/8/2009,14,0,0.8260990183396067,1.0,13.194374569284037,-3.833565665,-1.626473248,-1.789244473,2.0,0.3333333333333333,-0.333333333,13.2,-3.85,13.2,-3.85,13.2,-3.85,13.20909134,-3.793292763,0.2,-0.43959033489227295,-0.017796610169491522,260607319.5464872,0.2122978398267186,0.5238618592651207
2062,1990,yatenga(ouahigouya),boulle,burkina_faso,11/9/2009,6,0,-0.935440287,1.0,13.194374569284037,-3.833565665,-1.626473248,-1.789244473,2.0,0.3333333333333333,-0.333333333,13.2,-3.85,13.2,-3.85,13.2,-3.85,13.20909134,-3.793292763,0.2,-0.43959033489227295,-0.017796610169491522,260607319.5464872,0.2122978398267186,0.5238618592651207
2063,1995,yatenga(ouahigouya),boulle,burkina_faso,11/9/2009,5,0,-0.791154619,1.0,13.194374569284037,-3.833565665,-1.626473248,-1.789244473,2.0,0.3333333333333333,-0.333333333,13.2,-3.85,13.2,-3.85,13.2,-3.85,13.20909134,-3.793292763,0.2,-0.43959033489227295,-0.017796610169491522,260607319.5464872,0.2122978398267186,0.5238618592651207
2064,1997,yatenga(ouahigouya),boulle,burkina_faso,11/9/2009,20,0,-0.43732882,1.0,13.194374569284037,-3.833565665,-1.626473248,-1.789244473,2.0,0.3333333333333333,-0.333333333,13.2,-3.85,13.2,-3.85,13.2,-3.85,13.20909134,-3.793292763,0.2,-0.43959033489227295,-0.017796610169491522,260607319.5464872,0.2122978398267186,0.5238618592651207
2065,1999,yatenga(ouahigouya),dinguiri,burkina_faso,10/31/2009,11,0,-0.423332454,,13.76697,-2.35906,-1.871886253,-2.271956444,3.0,0.1666666666666666,-0.166666667,13.75,-2.35,13.75,-2.35,13.75,-2.35,13.50282815,-2.354225661,0.6,-0.3718862533569336,-0.05526315789473682,91661086.81706162,0.1677883752825909,1.0003395924342768
2066,2006,yatenga(ouahigouya),dinguiri,burkina_faso,10/31/2009,12,0,-0.432549573,,13.76697,-2.35906,-1.871886253,-2.271956444,3.0,0.1666666666666666,-0.166666667,13.75,-2.35,13.75,-2.35,13.75,-2.35,13.50282815,-2.354225661,0.6,-0.3718862533569336,-0.05526315789473682,91661086.81706162,0.1677883752825909,1.0003395924342768
2067,2007,yatenga(ouahigouya),dinguiri,burkina_faso,10/30/2009,8,0,-0.446887314,,13.76697,-2.35906,-1.871886253,-2.271956444,3.0,0.1666666666666666,-0.166666667,13.75,-2.35,13.75,-2.35,13.75,-2.35,13.50282815,-2.354225661,0.6,-0.3718862533569336,-0.05526315789473682,91661086.81706162,0.1677883752825909,1.0003395924342768
2068,2008,yatenga(ouahigouya),dinguiri,burkina_faso,10/31/2009,10,0,0.4567406669410181,,13.76697,-2.35906,-1.871886253,-2.271956444,3.0,0.1666666666666666,-0.166666667,13.75,-2.35,13.75,-2.35,13.75,-2.35,13.50282815,-2.354225661,0.6,-0.3718862533569336,-0.05526315789473682,91661086.81706162,0.1677883752825909,1.0003395924342768
2069,2011,yatenga(ouahigouya),dinguiri,burkina_faso,10/30/2009,8,0,-0.771798669,,13.76697,-2.35906,-1.871886253,-2.271956444,3.0,0.1666666666666666,-0.166666667,13.75,-2.35,13.75,-2.35,13.75,-2.35,13.50282815,-2.354225661,0.6,-0.3718862533569336,-0.05526315789473682,91661086.81706162,0.1677883752825909,1.0003395924342768
2070,2017,yatenga(ouahigouya),dinguiri,burkina_faso,10/30/2009,9,0,-0.989206815,1.0,13.76697,-2.35906,-1.871886253,-2.271956444,3.0,0.1666666666666666,-0.166666667,13.75,-2.35,13.75,-2.35,13.75,-2.35,13.50282815,-2.354225661,0.6,-0.3718862533569336,-0.05526315789473682,91661086.81706162,0.1677883752825909,1.0003395924342768
2071,2018,yatenga(ouahigouya),dinguiri,burkina_faso,11/1/2009,7,0,-0.787570184,1.0,13.76697,-2.35906,-1.871886253,-2.271956444,3.0,0.1666666666666666,-0.166666667,13.75,-2.35,13.75,-2.35,13.75,-2.35,13.50282815,-2.354225661,0.6,-0.3718862533569336,-0.05526315789473682,91661086.81706162,0.1677883752825909,1.0003395924342768
2072,2022,yatenga(ouahigouya),dinguiri,burkina_faso,10/31/2009,4,0,0.1441654877503777,,13.76697,-2.35906,-1.871886253,-2.271956444,3.0,0.1666666666666666,-0.166666667,13.75,-2.35,13.75,-2.35,13.75,-2.35,13.50282815,-2.354225661,0.6,-0.3718862533569336,-0.05526315789473682,91661086.81706162,0.1677883752825909,1.0003395924342768
2073,2025,yatenga(ouahigouya),dinguiri,burkina_faso,10/30/2009,6,0,0.657809507,,13.76697,-2.35906,-1.871886253,-2.271956444,3.0,0.1666666666666666,-0.166666667,13.75,-2.35,13.75,-2.35,13.75,-2.35,13.50282815,-2.354225661,0.6,-0.3718862533569336,-0.05526315789473682,91661086.81706162,0.1677883752825909,1.0003395924342768
2074,2026,yatenga(ouahigouya),mouni,burkina_faso,11/10/2009,8,0,-0.601926288,,11.83428,-3.433,-1.796625674,-2.005547523,4.0,0.3333333333333333,-0.333333333,11.85,-3.45,11.85,-3.45,11.85,-3.45,11.84816324,-3.512248969,0.6,-0.3577016592025757,-0.05526315789473682,106167361.66127197,0.22373021744839203,-1.0040976313826038
2075,2027,yatenga(ouahigouya),mouni,burkina_faso,11/10/2009,4,0,-0.766063572,,11.83428,-3.433,-1.796625674,-2.005547523,4.0,0.3333333333333333,-0.333333333,11.85,-3.45,11.85,-3.45,11.85,-3.45,11.84816324,-3.512248969,0.6,-0.3577016592025757,-0.05526315789473682,106167361.66127197,0.22373021744839203,-1.0040976313826038
2076,2028,yatenga(ouahigouya),mouni,burkina_faso,11/10/2009,5,0,-0.443302879,,11.83428,-3.433,-1.796625674,-2.005547523,4.0,0.3333333333333333,-0.333333333,11.85,-3.45,11.85,-3.45,11.85,-3.45,11.84816324,-3.512248969,0.6,-0.3577016592025757,-0.05526315789473682,106167361.66127197,0.22373021744839203,-1.0040976313826038
2077,2029,yatenga(ouahigouya),mouni,burkina_faso,11/10/2009,3,0,-0.801907925,,11.83428,-3.433,-1.796625674,-2.005547523,4.0,0.3333333333333333,-0.333333333,11.85,-3.45,11.85,-3.45,11.85,-3.45,11.84816324,-3.512248969,0.6,-0.3577016592025757,-0.05526315789473682,106167361.66127197,0.22373021744839203,-1.0040976313826038
2078,2030,yatenga(ouahigouya),mouni,burkina_faso,11/10/2009,3,0,-0.753518049,,11.83428,-3.433,-1.796625674,-2.005547523,4.0,0.3333333333333333,-0.333333333,11.85,-3.45,11.85,-3.45,11.85,-3.45,11.84816324,-3.512248969,0.6,-0.3577016592025757,-0.05526315789473682,106167361.66127197,0.22373021744839203,-1.0040976313826038
2079,2031,yatenga(ouahigouya),mouni,burkina_faso,11/10/2009,8,0,-0.794739054,,11.83428,-3.433,-1.796625674,-2.005547523,4.0,0.3333333333333333,-0.333333333,11.85,-3.45,11.85,-3.45,11.85,-3.45,11.84816324,-3.512248969,0.6,-0.3577016592025757,-0.05526315789473682,106167361.66127197,0.22373021744839203,-1.0040976313826038
2080,2032,yatenga(ouahigouya),mouni,burkina_faso,11/10/2009,8,0,0.9785651069234054,,11.83428,-3.433,-1.796625674,-2.005547523,4.0,0.3333333333333333,-0.333333333,11.85,-3.45,11.85,-3.45,11.85,-3.45,11.84816324,-3.512248969,0.6,-0.3577016592025757,-0.05526315789473682,106167361.66127197,0.22373021744839203,-1.0040976313826038
2081,2033,yatenga(ouahigouya),mouni,burkina_faso,11/10/2009,9,0,-0.437926226,1.0,11.83428,-3.433,-1.796625674,-2.005547523,4.0,0.3333333333333333,-0.333333333,11.85,-3.45,11.85,-3.45,11.85,-3.45,11.84816324,-3.512248969,0.6,-0.3577016592025757,-0.05526315789473682,106167361.66127197,0.22373021744839203,-1.0040976313826038
2082,2034,yatenga(ouahigouya),mouni,burkina_faso,11/10/2009,9,0,-0.801907925,1.0,11.83428,-3.433,-1.796625674,-2.005547523,4.0,0.3333333333333333,-0.333333333,11.85,-3.45,11.85,-3.45,11.85,-3.45,11.84816324,-3.512248969,0.6,-0.3577016592025757,-0.05526315789473682,106167361.66127197,0.22373021744839203,-1.0040976313826038
2083,2035,yatenga(ouahigouya),mouni,burkina_faso,11/10/2009,6,0,-0.780401313,,11.83428,-3.433,-1.796625674,-2.005547523,4.0,0.3333333333333333,-0.333333333,11.85,-3.45,11.85,-3.45,11.85,-3.45,11.84816324,-3.512248969,0.6,-0.3577016592025757,-0.05526315789473682,106167361.66127197,0.22373021744839203,-1.0040976313826038
2084,2053,yatenga(ouahigouya),zimba,burkina_faso,11/3/2009,7,0,-0.775024661,,13.50408,-2.44842,-1.749676168,-1.749676168,1.0,0.3333333333333333,-0.333333333,13.5,-2.45,13.5,-2.45,13.5,-2.45,13.50282815,-2.443899142,0.2,-0.49630558490753174,-0.017796610169491522,260607319.5464872,0.17716679583601794,0.8673614437973056
2085,2054,yatenga(ouahigouya),zimba,burkina_faso,11/4/2009,5,0,-0.773232443,,13.50408,-2.44842,-1.749676168,-1.749676168,1.0,0.3333333333333333,-0.333333333,13.5,-2.45,13.5,-2.45,13.5,-2.45,13.50282815,-2.443899142,0.2,-0.49630558490753174,-0.017796610169491522,260607319.5464872,0.17716679583601794,0.8673614437973056
2086,2055,yatenga(ouahigouya),zimba,burkina_faso,11/3/2009,7,0,-0.439718444,,13.50408,-2.44842,-1.749676168,-1.749676168,1.0,0.3333333333333333,-0.333333333,13.5,-2.45,13.5,-2.45,13.5,-2.45,13.50282815,-2.443899142,0.2,-0.49630558490753174,-0.017796610169491522,260607319.5464872,0.17716679583601794,0.8673614437973056
2087,2056,yatenga(ouahigouya),zimba,burkina_faso,11/4/2009,2,0,-0.758894702,,13.50408,-2.44842,-1.749676168,-1.749676168,1.0,0.3333333333333333,-0.333333333,13.5,-2.45,13.5,-2.45,13.5,-2.45,13.50282815,-2.443899142,0.2,-0.49630558490753174,-0.017796610169491522,260607319.5464872,0.17716679583601794,0.8673614437973056
2088,2057,yatenga(ouahigouya),zimba,burkina_faso,11/3/2009,12,0,-0.432549573,,13.50408,-2.44842,-1.749676168,-1.749676168,1.0,0.3333333333333333,-0.333333333,13.5,-2.45,13.5,-2.45,13.5,-2.45,13.50282815,-2.443899142,0.2,-0.49630558490753174,-0.017796610169491522,260607319.5464872,0.17716679583601794,0.8673614437973056
2089,2058,yatenga(ouahigouya),zimba,burkina_faso,11/4/2009,4,0,-0.780401313,,13.50408,-2.44842,-1.749676168,-1.749676168,1.0,0.3333333333333333,-0.333333333,13.5,-2.45,13.5,-2.45,13.5,-2.45,13.50282815,-2.443899142,0.2,-0.49630558490753174,-0.017796610169491522,260607319.5464872,0.17716679583601794,0.8673614437973056
2090,2059,yatenga(ouahigouya),zimba,burkina_faso,11/3/2009,3,0,-0.454056185,,13.50408,-2.44842,-1.749676168,-1.749676168,1.0,0.3333333333333333,-0.333333333,13.5,-2.45,13.5,-2.45,13.5,-2.45,13.50282815,-2.443899142,0.2,-0.49630558490753174,-0.017796610169491522,260607319.5464872,0.17716679583601794,0.8673614437973056
2091,2060,yatenga(ouahigouya),zimba,burkina_faso,11/4/2009,7,0,-0.767497347,,13.50408,-2.44842,-1.749676168,-1.749676168,1.0,0.3333333333333333,-0.333333333,13.5,-2.45,13.5,-2.45,13.5,-2.45,13.50282815,-2.443899142,0.2,-0.49630558490753174,-0.017796610169491522,260607319.5464872,0.17716679583601794,0.8673614437973056
2092,2061,yatenga(ouahigouya),zimba,burkina_faso,11/4/2009,6,0,-0.956946898,,13.50408,-2.44842,-1.749676168,-1.749676168,1.0,0.3333333333333333,-0.333333333,13.5,-2.45,13.5,-2.45,13.5,-2.45,13.50282815,-2.443899142,0.2,-0.49630558490753174,-0.017796610169491522,260607319.5464872,0.17716679583601794,0.8673614437973056
2093,2080,yatenga(ouahigouya),zongo,burkina_faso,11/10/2009,11,0,-0.591889869,1.0,13.231849999999998,-1.96395,-1.531155527,-1.571456134,1.5,0.6666666666666666,-0.666666667,13.25,-1.95,13.25,-1.95,13.25,-1.95,13.20909134,-2.101418271,0.2,-0.387113094329834,-0.017796610169491522,260607319.5464872,0.1909496466377552,1.0682189986853088
2094,2085,yatenga(ouahigouya),zongo,burkina_faso,11/10/2009,20,0,-0.630601769,1.0,13.231849999999998,-1.96395,-1.531155527,-1.571456134,1.5,0.6666666666666666,-0.666666667,13.25,-1.95,13.25,-1.95,13.25,-1.95,13.20909134,-2.101418271,0.2,-0.387113094329834,-0.017796610169491522,260607319.5464872,0.1909496466377552,1.0682189986853088
2095,2088,yatenga(ouahigouya),zongo,burkina_faso,11/10/2009,14,0,-0.422991079,1.0,13.231849999999998,-1.96395,-1.531155527,-1.571456134,1.5,0.6666666666666666,-0.666666667,13.25,-1.95,13.25,-1.95,13.25,-1.95,13.20909134,-2.101418271,0.2,-0.387113094329834,-0.017796610169491522,260607319.5464872,0.1909496466377552,1.0682189986853088
2096,2092,yatenga(ouahigouya),zongo,burkina_faso,11/10/2009,10,0,-0.780401313,,13.231849999999998,-1.96395,-1.531155527,-1.571456134,1.5,0.6666666666666666,-0.666666667,13.25,-1.95,13.25,-1.95,13.25,-1.95,13.20909134,-2.101418271,0.2,-0.387113094329834,-0.017796610169491522,260607319.5464872,0.1909496466377552,1.0682189986853088
2097,2094,yatenga(ouahigouya),zongo,burkina_faso,11/10/2009,9,0,-0.776099991,,13.231849999999998,-1.96395,-1.531155527,-1.571456134,1.5,0.6666666666666666,-0.666666667,13.25,-1.95,13.25,-1.95,13.25,-1.95,13.20909134,-2.101418271,0.2,-0.387113094329834,-0.017796610169491522,260607319.5464872,0.1909496466377552,1.0682189986853088
2098,2097,yatenga(ouahigouya),zongo,burkina_faso,11/11/2009,12,0,-0.789003958,1.0,13.231849999999998,-1.96395,-1.531155527,-1.571456134,1.5,0.6666666666666666,-0.666666667,13.25,-1.95,13.25,-1.95,13.25,-1.95,13.20909134,-2.101418271,0.2,-0.387113094329834,-0.017796610169491522,260607319.5464872,0.1909496466377552,1.0682189986853088
2099,2101,yatenga(ouahigouya),zongo,burkina_faso,11/10/2009,15,0,-0.58490022,,13.231849999999998,-1.96395,-1.531155527,-1.571456134,1.5,0.6666666666666666,-0.666666667,13.25,-1.95,13.25,-1.95,13.25,-1.95,13.20909134,-2.101418271,0.2,-0.387113094329834,-0.017796610169491522,260607319.5464872,0.1909496466377552,1.0682189986853088
2100,2104,yatenga(ouahigouya),zongo,burkina_faso,11/10/2009,10,0,-0.587588547,1.0,13.231849999999998,-1.96395,-1.531155527,-1.571456134,1.5,0.6666666666666666,-0.666666667,13.25,-1.95,13.25,-1.95,13.25,-1.95,13.20909134,-2.101418271,0.2,-0.387113094329834,-0.017796610169491522,260607319.5464872,0.1909496466377552,1.0682189986853088
2101,2105,yatenga(ouahigouya),zongo,burkina_faso,11/10/2009,13,0,-0.783985749,1.0,13.231849999999998,-1.96395,-1.531155527,-1.571456134,1.5,0.6666666666666666,-0.666666667,13.25,-1.95,13.25,-1.95,13.25,-1.95,13.20909134,-2.101418271,0.2,-0.387113094329834,-0.017796610169491522,260607319.5464872,0.1909496466377552,1.0682189986853088
