,house,district,census_tract,country,date,hh_size,migrant_num,wealth_index,remit,lat,long,lat_regrid,long_regrid,intensity,magnitude,duration,frequency,severity,dispersion,area,NDVI_mean,SVI_severity
0,1,nairobi,buruburu phase 1,kenya,10/24/2009,4,0,-2.295708653,,-1.278857181,36.87752154,-1.3,36.9,-1.6927040815353394,-1.766977071762085,2.0,0.8,-3.4520761569341025,-0.29999999999999993,292229481.5451066,0.1868949074233102,-1.872201829025151
1,2,nairobi,buruburu phase 1,kenya,10/24/2009,2,2,-1.897507885,1.0,-1.278857181,36.87752154,-1.3,36.9,-1.6927040815353394,-1.766977071762085,2.0,0.8,-3.4520761569341025,-0.29999999999999993,292229481.5451066,0.1868949074233102,-1.872201829025151
2,3,nairobi,buruburu phase 1,kenya,10/24/2009,4,0,-2.811978856,,-1.278857181,36.87752154,-1.3,36.9,-1.6927040815353394,-1.766977071762085,2.0,0.8,-3.4520761569341025,-0.29999999999999993,292229481.5451066,0.1868949074233102,-1.872201829025151
3,4,nairobi,buruburu phase 1,kenya,10/24/2009,2,2,-3.008395714,1.0,-1.278857181,36.87752154,-1.3,36.9,-1.6927040815353394,-1.766977071762085,2.0,0.8,-3.4520761569341025,-0.29999999999999993,292229481.5451066,0.1868949074233102,-1.872201829025151
4,5,nairobi,buruburu phase 1,kenya,10/24/2009,4,2,-3.320279494,1.0,-1.278857181,36.87752154,-1.3,36.9,-1.6927040815353394,-1.766977071762085,2.0,0.8,-3.4520761569341025,-0.29999999999999993,292229481.5451066,0.1868949074233102,-1.872201829025151
5,6,nairobi,buruburu phase 1,kenya,10/24/2009,4,1,-1.627699987,1.0,-1.278857181,36.87752154,-1.3,36.9,-1.6927040815353394,-1.766977071762085,2.0,0.8,-3.4520761569341025,-0.29999999999999993,292229481.5451066,0.1868949074233102,-1.872201829025151
6,7,nairobi,buruburu phase 1,kenya,10/24/2009,4,1,-2.492088918,1.0,-1.278857181,36.87752154,-1.3,36.9,-1.6927040815353394,-1.766977071762085,2.0,0.8,-3.4520761569341025,-0.29999999999999993,292229481.5451066,0.1868949074233102,-1.872201829025151
7,8,nairobi,buruburu phase 1,kenya,10/24/2009,6,3,-2.750431672,1.0,-1.278857181,36.87752154,-1.3,36.9,-1.6927040815353394,-1.766977071762085,2.0,0.8,-3.4520761569341025,-0.29999999999999993,292229481.5451066,0.1868949074233102,-1.872201829025151
8,9,nairobi,buruburu phase 1,kenya,10/24/2009,5,1,-2.564597876,0.0,-1.278857181,36.87752154,-1.3,36.9,-1.6927040815353394,-1.766977071762085,2.0,0.8,-3.4520761569341025,-0.29999999999999993,292229481.5451066,0.1868949074233102,-1.872201829025151
9,10,nairobi,buruburu phase 1,kenya,10/24/2009,5,0,-2.675566091,,-1.278857181,36.87752154,-1.3,36.9,-1.6927040815353394,-1.766977071762085,2.0,0.8,-3.4520761569341025,-0.29999999999999993,292229481.5451066,0.1868949074233102,-1.872201829025151
10,11,nairobi,buruburu phase 1,kenya,10/24/2009,5,0,-3.503394582,,-1.278857181,36.87752154,-1.3,36.9,-1.6927040815353394,-1.766977071762085,2.0,0.8,-3.4520761569341025,-0.29999999999999993,292229481.5451066,0.1868949074233102,-1.872201829025151
11,12,nairobi,buruburu phase 1,kenya,11/2/2009,7,2,-2.488879325,1.0,-1.278857181,36.87752154,-1.3,36.9,-1.6927040815353394,-1.766977071762085,2.0,0.8,-3.4520761569341025,-0.29999999999999993,292229481.5451066,0.1868949074233102,-1.872201829025151
12,13,nairobi,buruburu phase 1,kenya,11/3/2009,6,1,-3.724496146,1.0,-1.278857181,36.87752154,-1.3,36.9,-1.6927040815353394,-1.766977071762085,2.0,0.8,-3.4520761569341025,-0.29999999999999993,292229481.5451066,0.1868949074233102,-1.872201829025151
13,14,nairobi,buruburu phase 1,kenya,11/3/2009,5,2,-3.386847219,0.0,-1.278857181,36.87752154,-1.3,36.9,-1.6927040815353394,-1.766977071762085,2.0,0.8,-3.4520761569341025,-0.29999999999999993,292229481.5451066,0.1868949074233102,-1.872201829025151
14,15,nairobi,buruburu phase 1,kenya,11/3/2009,2,0,-2.349739956,,-1.278857181,36.87752154,-1.3,36.9,-1.6927040815353394,-1.766977071762085,2.0,0.8,-3.4520761569341025,-0.29999999999999993,292229481.5451066,0.1868949074233102,-1.872201829025151
15,16,nairobi,buruburu phase 1,kenya,11/2/2009,4,2,-2.405191567,1.0,-1.278857181,36.87752154,-1.3,36.9,-1.6927040815353394,-1.766977071762085,2.0,0.8,-3.4520761569341025,-0.29999999999999993,292229481.5451066,0.1868949074233102,-1.872201829025151
16,17,nairobi,buruburu phase 1,kenya,11/7/2009,4,0,0.369446825,,-1.278857181,36.87752154,-1.3,36.9,-1.6927040815353394,-1.766977071762085,2.0,0.8,-3.4520761569341025,-0.29999999999999993,292229481.5451066,0.1868949074233102,-1.872201829025151
17,18,kiambu,mbwa kali,kenya,11/8/2009,1,3,-0.199933874,0.0,-1.170804963,36.83215946,-1.15,36.85,-1.725689858198166,-1.7882348597049713,2.25,0.6,-3.9089466631412506,0.06666666666666665,413029382.9447616,0.22856255272502962,-0.8916113182117079
18,19,kiambu,sigona/nyathuwa,kenya,11/8/2009,4,2,1.268953163,1.0,-1.213613261,36.66018801,-1.2,36.65,-1.6657076478004456,-1.707313895225525,1.8333333333333333,0.8,-3.1515795985857644,-0.29999999999999993,309899937.8916723,0.2436836131442984,0.23396200216063165
19,20,kiambu,sigona/nyathuwa,kenya,11/8/2009,1,2,-0.897196212,0.0,-1.213613261,36.66018801,-1.2,36.65,-1.6657076478004456,-1.707313895225525,1.8333333333333333,0.8,-3.1515795985857644,-0.29999999999999993,309899937.8916723,0.2436836131442984,0.23396200216063165
20,21,kiambu,mbwa kali,kenya,11/8/2009,5,0,0.045733475,,-1.170804963,36.83215946,-1.15,36.85,-1.725689858198166,-1.7882348597049713,2.25,0.6,-3.9089466631412506,0.06666666666666665,413029382.9447616,0.22856255272502962,-0.8916113182117079
21,22,kiambu,mbwa kali,kenya,11/7/2009,3,0,1.459239706,,-1.170804963,36.83215946,-1.15,36.85,-1.725689858198166,-1.7882348597049713,2.25,0.6,-3.9089466631412506,0.06666666666666665,413029382.9447616,0.22856255272502962,-0.8916113182117079
22,23,kiambu,guthunguri,kenya,11/8/2009,2,2,-1.897507885,1.0,-1.058419348,36.77391802,-1.05,36.75,-1.7090195218722026,-1.7469932238260906,1.8333333333333333,0.8,-3.1817588210105896,-0.29999999999999993,309899937.8916723,0.24960287899731454,0.9345258778053145
23,24,kiambu,mbwa kali,kenya,11/6/2009,7,1,-3.077477775,1.0,-1.170804963,36.83215946,-1.15,36.85,-1.725689858198166,-1.7882348597049713,2.25,0.6,-3.9089466631412506,0.06666666666666665,413029382.9447616,0.22856255272502962,-0.8916113182117079
24,25,kiambu,sigona/nyathuwa,kenya,11/8/2009,7,2,0.169822963,0.0,-1.213613261,36.66018801,-1.2,36.65,-1.6657076478004456,-1.707313895225525,1.8333333333333333,0.8,-3.1515795985857644,-0.29999999999999993,309899937.8916723,0.2436836131442984,0.23396200216063165
25,26,kiambu,sigona/nyathuwa,kenya,11/8/2009,2,2,-2.445297464,0.0,-1.213613261,36.66018801,-1.2,36.65,-1.6657076478004456,-1.707313895225525,1.8333333333333333,0.8,-3.1515795985857644,-0.29999999999999993,309899937.8916723,0.2436836131442984,0.23396200216063165
26,27,kisii,kerera,kenya,11/5/2009,6,1,0.101642939,1.0,-0.754425695,34.82872552,-0.75,34.85,-1.5968827903270721,-1.6692858636379242,2.25,0.8,-3.845115154981613,-0.8,198846275.59763497,0.2176646620599989,-0.07095430164525252
27,28,kisii,irianyi,kenya,11/5/2009,5,1,3.093204555,1.0,-0.662238252,34.85472107,-0.65,34.85,-1.666750192642212,-1.7113603949546814,1.75,0.8,-3.1180976033210754,-0.7999999999999999,235461747.48176438,0.20952260109076443,0.41224182983684593
28,29,kisii,kerera,kenya,11/5/2009,4,0,-0.408046038,,-0.754425695,34.82872552,-0.75,34.85,-1.5968827903270721,-1.6692858636379242,2.25,0.8,-3.845115154981613,-0.8,198846275.59763497,0.2176646620599989,-0.07095430164525252
29,30,kisii,bomakombi,kenya,11/5/2009,6,5,-1.479944538,1.0,-0.70441522,34.69546123,-0.7,34.7,-2.0119850635528564,-2.1218271255493164,3.0,0.2,-6.035955429077148,-0.19999999999999973,419523885.8808659,0.22378636470066288,-0.48225635294378133
30,31,kisii,kerera,kenya,11/5/2009,5,2,2.70933236,1.0,-0.754425695,34.82872552,-0.75,34.85,-1.5968827903270721,-1.6692858636379242,2.25,0.8,-3.845115154981613,-0.8,198846275.59763497,0.2176646620599989,-0.07095430164525252
31,32,kisii,bomakombi,kenya,11/5/2009,4,0,-1.216390033,,-0.70441522,34.69546123,-0.7,34.7,-2.0119850635528564,-2.1218271255493164,3.0,0.2,-6.035955429077148,-0.19999999999999973,419523885.8808659,0.22378636470066288,-0.48225635294378133
32,33,kisii,bonyanchaire,kenya,11/6/2009,3,0,0.952753018,,-0.678288351,34.70904985,-0.7,34.7,-2.0119850635528564,-2.1218271255493164,3.0,0.2,-6.035955429077148,-0.19999999999999973,419523885.8808659,0.22378636470066288,-0.48225635294378133
33,34,kisii,bonyanchaire,kenya,11/6/2009,4,1,0.660345587,1.0,-0.678288351,34.70904985,-0.7,34.7,-2.0119850635528564,-2.1218271255493164,3.0,0.2,-6.035955429077148,-0.19999999999999973,419523885.8808659,0.22378636470066288,-0.48225635294378133
34,35,kisii,bonyanchaire,kenya,11/6/2009,7,0,0.339367403,,-0.678288351,34.70904985,-0.7,34.7,-2.0119850635528564,-2.1218271255493164,3.0,0.2,-6.035955429077148,-0.19999999999999973,419523885.8808659,0.22378636470066288,-0.48225635294378133
35,36,machakos,kaluoki,kenya,11/10/2009,3,1,-1.718025368,1.0,-1.522391812,37.26633915,-1.5,37.25,-1.6932993829250336,-1.8430760204792023,2.25,0.6,-3.8753124475479126,0.06666666666666665,409440079.4565756,0.23093912976487968,-1.018864189454069
36,37,machakos,kaluoki,kenya,11/10/2009,3,1,-0.581070903,1.0,-1.522391812,37.26633915,-1.5,37.25,-1.6932993829250336,-1.8430760204792023,2.25,0.6,-3.8753124475479126,0.06666666666666665,409440079.4565756,0.23093912976487968,-1.018864189454069
37,39,machakos,kaluoki,kenya,11/10/2009,4,2,-1.446026459,1.0,-1.522391812,37.26633915,-1.5,37.25,-1.6932993829250336,-1.8430760204792023,2.25,0.6,-3.8753124475479126,0.06666666666666665,409440079.4565756,0.23093912976487968,-1.018864189454069
38,40,nakuru,section 58,kenya,11/9/2009,4,2,-3.090010867,1.0,-0.283812727,36.09431466,-0.3,36.1,-1.8410974740982056,-1.950044830640157,2.0,0.6,-3.682194948196411,-0.5999999999999999,371501488.3083488,0.17070980063279748,-0.6307676315926216
39,41,nakuru,section 58,kenya,11/9/2009,1,7,-3.118084995,1.0,-0.283812727,36.09431466,-0.3,36.1,-1.8410974740982056,-1.950044830640157,2.0,0.6,-3.682194948196411,-0.5999999999999999,371501488.3083488,0.17070980063279748,-0.6307676315926216
40,42,nakuru,section 58,kenya,11/9/2009,4,4,-1.686951928,0.0,-0.283812727,36.09431466,-0.3,36.1,-1.8410974740982056,-1.950044830640157,2.0,0.6,-3.682194948196411,-0.5999999999999999,371501488.3083488,0.17070980063279748,-0.6307676315926216
41,43,nakuru,section 58,kenya,11/9/2009,6,4,-2.265726549,1.0,-0.283812727,36.09431466,-0.3,36.1,-1.8410974740982056,-1.950044830640157,2.0,0.6,-3.682194948196411,-0.5999999999999999,371501488.3083488,0.17070980063279748,-0.6307676315926216
42,44,kisii,bomakombi,kenya,11/10/2009,5,0,1.021741343,,-0.70441522,34.69546123,-0.7,34.7,-2.0119850635528564,-2.1218271255493164,3.0,0.2,-6.035955429077148,-0.19999999999999973,419523885.8808659,0.22378636470066288,-0.48225635294378133
43,45,kisii,bomakombi,kenya,11/10/2009,1,0,0.140843215,,-0.70441522,34.69546123,-0.7,34.7,-2.0119850635528564,-2.1218271255493164,3.0,0.2,-6.035955429077148,-0.19999999999999973,419523885.8808659,0.22378636470066288,-0.48225635294378133
44,46,kisii,bonyanchaire,kenya,11/9/2009,5,0,-0.519108962,,-0.678288351,34.70904985,-0.7,34.7,-2.0119850635528564,-2.1218271255493164,3.0,0.2,-6.035955429077148,-0.19999999999999973,419523885.8808659,0.22378636470066288,-0.48225635294378133
45,47,kisii,bonyanchaire,kenya,11/8/2009,6,0,3.182537202,1.0,-0.678288351,34.70904985,-0.7,34.7,-2.0119850635528564,-2.1218271255493164,3.0,0.2,-6.035955429077148,-0.19999999999999973,419523885.8808659,0.22378636470066288,-0.48225635294378133
46,48,kisii,bomakombi,kenya,11/10/2009,6,0,1.812343324,,-0.70441522,34.69546123,-0.7,34.7,-2.0119850635528564,-2.1218271255493164,3.0,0.2,-6.035955429077148,-0.19999999999999973,419523885.8808659,0.22378636470066288,-0.48225635294378133
47,49,kisii,bonyanchaire,kenya,11/8/2009,4,0,3.332934314,,-0.678288351,34.70904985,-0.7,34.7,-2.0119850635528564,-2.1218271255493164,3.0,0.2,-6.035955429077148,-0.19999999999999973,419523885.8808659,0.22378636470066288,-0.48225635294378133
48,50,kisii,bonyanchaire,kenya,11/8/2009,6,0,1.068270799,1.0,-0.678288351,34.70904985,-0.7,34.7,-2.0119850635528564,-2.1218271255493164,3.0,0.2,-6.035955429077148,-0.19999999999999973,419523885.8808659,0.22378636470066288,-0.48225635294378133
49,51,kisii,bonyanchaire,kenya,11/8/2009,5,0,0.49414113,,-0.678288351,34.70904985,-0.7,34.7,-2.0119850635528564,-2.1218271255493164,3.0,0.2,-6.035955429077148,-0.19999999999999973,419523885.8808659,0.22378636470066288,-0.48225635294378133
50,52,kisii,bonyanchaire,kenya,11/8/2009,4,0,1.649402436,,-0.678288351,34.70904985,-0.7,34.7,-2.0119850635528564,-2.1218271255493164,3.0,0.2,-6.035955429077148,-0.19999999999999973,419523885.8808659,0.22378636470066288,-0.48225635294378133
51,53,kisii,bonyanchaire,kenya,11/8/2009,5,0,3.143336925,,-0.678288351,34.70904985,-0.7,34.7,-2.0119850635528564,-2.1218271255493164,3.0,0.2,-6.035955429077148,-0.19999999999999973,419523885.8808659,0.22378636470066288,-0.48225635294378133
52,54,kisii,bomakombi,kenya,11/9/2009,2,0,0.149770014,1.0,-0.70441522,34.69546123,-0.7,34.7,-2.0119850635528564,-2.1218271255493164,3.0,0.2,-6.035955429077148,-0.19999999999999973,419523885.8808659,0.22378636470066288,-0.48225635294378133
53,55,kisii,bomakombi,kenya,11/10/2009,5,0,0.840822121,1.0,-0.70441522,34.69546123,-0.7,34.7,-2.0119850635528564,-2.1218271255493164,3.0,0.2,-6.035955429077148,-0.19999999999999973,419523885.8808659,0.22378636470066288,-0.48225635294378133
54,56,kisii,bomakombi,kenya,11/8/2009,4,0,3.073151607,,-0.70441522,34.69546123,-0.7,34.7,-2.0119850635528564,-2.1218271255493164,3.0,0.2,-6.035955429077148,-0.19999999999999973,419523885.8808659,0.22378636470066288,-0.48225635294378133
55,57,kisii,bomakombi,kenya,11/9/2009,2,0,3.548432227,1.0,-0.70441522,34.69546123,-0.7,34.7,-2.0119850635528564,-2.1218271255493164,3.0,0.2,-6.035955429077148,-0.19999999999999973,419523885.8808659,0.22378636470066288,-0.48225635294378133
56,58,kisii,bomakombi,kenya,11/9/2009,5,0,2.431666529,,-0.70441522,34.69546123,-0.7,34.7,-2.0119850635528564,-2.1218271255493164,3.0,0.2,-6.035955429077148,-0.19999999999999973,419523885.8808659,0.22378636470066288,-0.48225635294378133
57,59,kisii,bomakombi,kenya,11/8/2009,6,0,3.212616624,,-0.70441522,34.69546123,-0.7,34.7,-2.0119850635528564,-2.1218271255493164,3.0,0.2,-6.035955429077148,-0.19999999999999973,419523885.8808659,0.22378636470066288,-0.48225635294378133
58,60,kisii,nyokabaria,kenya,11/8/2009,6,3,0.168593329,1.0,-0.674091366,34.77188889,-0.65,34.75,-1.7889425158500671,-1.8509891629219055,2.0,0.4,-3.8485057950019836,-0.3999999999999999,414311315.99458534,0.2144258914894218,0.408293776897601
59,61,kisii,nyokabaria,kenya,11/8/2009,2,0,-0.516799982,,-0.674091366,34.77188889,-0.65,34.75,-1.7889425158500671,-1.8509891629219055,2.0,0.4,-3.8485057950019836,-0.3999999999999999,414311315.99458534,0.2144258914894218,0.408293776897601
60,62,kisii,nyokabaria,kenya,11/8/2009,3,0,-0.628616663,,-0.674091366,34.77188889,-0.65,34.75,-1.7889425158500671,-1.8509891629219055,2.0,0.4,-3.8485057950019836,-0.3999999999999999,414311315.99458534,0.2144258914894218,0.408293776897601
61,63,kisii,nyokabaria,kenya,11/11/2009,1,0,0.711043299,,-0.674091366,34.77188889,-0.65,34.75,-1.7889425158500671,-1.8509891629219055,2.0,0.4,-3.8485057950019836,-0.3999999999999999,414311315.99458534,0.2144258914894218,0.408293776897601
62,64,kisii,nyokabaria,kenya,11/10/2009,4,0,3.172510728,,-0.674091366,34.77188889,-0.65,34.75,-1.7889425158500671,-1.8509891629219055,2.0,0.4,-3.8485057950019836,-0.3999999999999999,414311315.99458534,0.2144258914894218,0.408293776897601
63,65,kisii,nyokabaria,kenya,11/10/2009,6,0,0.98786441,,-0.674091366,34.77188889,-0.65,34.75,-1.7889425158500671,-1.8509891629219055,2.0,0.4,-3.8485057950019836,-0.3999999999999999,414311315.99458534,0.2144258914894218,0.408293776897601
64,66,kisii,nyokabaria,kenya,11/8/2009,6,0,0.858425867,,-0.674091366,34.77188889,-0.65,34.75,-1.7889425158500671,-1.8509891629219055,2.0,0.4,-3.8485057950019836,-0.3999999999999999,414311315.99458534,0.2144258914894218,0.408293776897601
65,67,kisii,kerera,kenya,11/9/2009,9,3,0.078673198,1.0,-0.754425695,34.82872552,-0.75,34.85,-1.5968827903270721,-1.6692858636379242,2.25,0.8,-3.845115154981613,-0.8,198846275.59763497,0.2176646620599989,-0.07095430164525252
66,68,kisii,irianyi,kenya,11/8/2009,4,9,3.053098658,1.0,-0.662238252,34.85472107,-0.65,34.85,-1.666750192642212,-1.7113603949546814,1.75,0.8,-3.1180976033210754,-0.7999999999999999,235461747.48176438,0.20952260109076443,0.41224182983684593
67,69,kisii,irianyi,kenya,11/8/2009,7,7,0.873465578,1.0,-0.662238252,34.85472107,-0.65,34.85,-1.666750192642212,-1.7113603949546814,1.75,0.8,-3.1180976033210754,-0.7999999999999999,235461747.48176438,0.20952260109076443,0.41224182983684593
68,70,kisii,irianyi,kenya,11/8/2009,6,6,1.48988447,1.0,-0.662238252,34.85472107,-0.65,34.85,-1.666750192642212,-1.7113603949546814,1.75,0.8,-3.1180976033210754,-0.7999999999999999,235461747.48176438,0.20952260109076443,0.41224182983684593
69,71,kisii,kerera,kenya,11/9/2009,6,1,1.589243591,1.0,-0.754425695,34.82872552,-0.75,34.85,-1.5968827903270721,-1.6692858636379242,2.25,0.8,-3.845115154981613,-0.8,198846275.59763497,0.2176646620599989,-0.07095430164525252
70,72,kisii,kerera,kenya,11/9/2009,4,2,-0.480236652,0.0,-0.754425695,34.82872552,-0.75,34.85,-1.5968827903270721,-1.6692858636379242,2.25,0.8,-3.845115154981613,-0.8,198846275.59763497,0.2176646620599989,-0.07095430164525252
71,73,kisii,kerera,kenya,11/9/2009,7,4,0.723083095,1.0,-0.754425695,34.82872552,-0.75,34.85,-1.5968827903270721,-1.6692858636379242,2.25,0.8,-3.845115154981613,-0.8,198846275.59763497,0.2176646620599989,-0.07095430164525252
72,74,kisii,kerera,kenya,11/9/2009,4,4,1.072590695,1.0,-0.754425695,34.82872552,-0.75,34.85,-1.5968827903270721,-1.6692858636379242,2.25,0.8,-3.845115154981613,-0.8,198846275.59763497,0.2176646620599989,-0.07095430164525252
73,75,kisii,bonyanchaire,kenya,11/8/2009,3,3,-0.555102234,1.0,-0.678288351,34.70904985,-0.7,34.7,-2.0119850635528564,-2.1218271255493164,3.0,0.2,-6.035955429077148,-0.19999999999999973,419523885.8808659,0.22378636470066288,-0.48225635294378133
74,76,kisii,bonyanchaire,kenya,11/9/2009,5,6,-0.540062523,1.0,-0.678288351,34.70904985,-0.7,34.7,-2.0119850635528564,-2.1218271255493164,3.0,0.2,-6.035955429077148,-0.19999999999999973,419523885.8808659,0.22378636470066288,-0.48225635294378133
75,77,kisii,bonyanchaire,kenya,11/9/2009,7,1,3.133310451,1.0,-0.678288351,34.70904985,-0.7,34.7,-2.0119850635528564,-2.1218271255493164,3.0,0.2,-6.035955429077148,-0.19999999999999973,419523885.8808659,0.22378636470066288,-0.48225635294378133
76,78,kisii,bonyanchaire,kenya,11/9/2009,3,5,2.005270987,1.0,-0.678288351,34.70904985,-0.7,34.7,-2.0119850635528564,-2.1218271255493164,3.0,0.2,-6.035955429077148,-0.19999999999999973,419523885.8808659,0.22378636470066288,-0.48225635294378133
77,79,kisii,kerera,kenya,11/9/2009,4,1,3.073151607,0.0,-0.754425695,34.82872552,-0.75,34.85,-1.5968827903270721,-1.6692858636379242,2.25,0.8,-3.845115154981613,-0.8,198846275.59763497,0.2176646620599989,-0.07095430164525252
78,80,kisii,kerera,kenya,11/9/2009,9,1,0.903545,1.0,-0.754425695,34.82872552,-0.75,34.85,-1.5968827903270721,-1.6692858636379242,2.25,0.8,-3.845115154981613,-0.8,198846275.59763497,0.2176646620599989,-0.07095430164525252
79,81,kisii,kerera,kenya,11/10/2009,5,2,0.868452341,1.0,-0.754425695,34.82872552,-0.75,34.85,-1.5968827903270721,-1.6692858636379242,2.25,0.8,-3.845115154981613,-0.8,198846275.59763497,0.2176646620599989,-0.07095430164525252
80,82,kisii,kerera,kenya,11/9/2009,2,1,1.96917568,1.0,-0.754425695,34.82872552,-0.75,34.85,-1.5968827903270721,-1.6692858636379242,2.25,0.8,-3.845115154981613,-0.8,198846275.59763497,0.2176646620599989,-0.07095430164525252
81,83,kisii,kerera,kenya,11/10/2009,10,1,3.193469296,0.0,-0.754425695,34.82872552,-0.75,34.85,-1.5968827903270721,-1.6692858636379242,2.25,0.8,-3.845115154981613,-0.8,198846275.59763497,0.2176646620599989,-0.07095430164525252
82,84,kisii,kerera,kenya,11/10/2009,9,1,3.263654615,1.0,-0.754425695,34.82872552,-0.75,34.85,-1.5968827903270721,-1.6692858636379242,2.25,0.8,-3.845115154981613,-0.8,198846275.59763497,0.2176646620599989,-0.07095430164525252
83,85,kisii,irianyi,kenya,11/9/2009,4,6,1.259615843,1.0,-0.662238252,34.85472107,-0.65,34.85,-1.666750192642212,-1.7113603949546814,1.75,0.8,-3.1180976033210754,-0.7999999999999999,235461747.48176438,0.20952260109076443,0.41224182983684593
84,86,kisii,irianyi,kenya,11/9/2009,3,2,2.802777083,1.0,-0.662238252,34.85472107,-0.65,34.85,-1.666750192642212,-1.7113603949546814,1.75,0.8,-3.1180976033210754,-0.7999999999999999,235461747.48176438,0.20952260109076443,0.41224182983684593
85,87,kisii,irianyi,kenya,11/9/2009,3,5,3.3181636,1.0,-0.662238252,34.85472107,-0.65,34.85,-1.666750192642212,-1.7113603949546814,1.75,0.8,-3.1180976033210754,-0.7999999999999999,235461747.48176438,0.20952260109076443,0.41224182983684593
86,88,kisii,bomakombi,kenya,11/10/2009,3,3,0.188970291,1.0,-0.70441522,34.69546123,-0.7,34.7,-2.0119850635528564,-2.1218271255493164,3.0,0.2,-6.035955429077148,-0.19999999999999973,419523885.8808659,0.22378636470066288,-0.48225635294378133
87,89,kisii,nyokabaria,kenya,11/8/2009,3,2,-0.585181656,1.0,-0.674091366,34.77188889,-0.65,34.75,-1.7889425158500671,-1.8509891629219055,2.0,0.4,-3.8485057950019836,-0.3999999999999999,414311315.99458534,0.2144258914894218,0.408293776897601
88,90,kisii,nyokabaria,kenya,11/8/2009,5,3,0.828346444,1.0,-0.674091366,34.77188889,-0.65,34.75,-1.7889425158500671,-1.8509891629219055,2.0,0.4,-3.8485057950019836,-0.3999999999999999,414311315.99458534,0.2144258914894218,0.408293776897601
89,91,kisii,irianyi,kenya,11/8/2009,5,2,2.535388502,1.0,-0.662238252,34.85472107,-0.65,34.85,-1.666750192642212,-1.7113603949546814,1.75,0.8,-3.1180976033210754,-0.7999999999999999,235461747.48176438,0.20952260109076443,0.41224182983684593
90,92,kisii,irianyi,kenya,11/9/2009,4,1,3.073151607,1.0,-0.662238252,34.85472107,-0.65,34.85,-1.666750192642212,-1.7113603949546814,1.75,0.8,-3.1180976033210754,-0.7999999999999999,235461747.48176438,0.20952260109076443,0.41224182983684593
91,93,kisii,bomakombi,kenya,11/10/2009,4,2,2.334416332,1.0,-0.70441522,34.69546123,-0.7,34.7,-2.0119850635528564,-2.1218271255493164,3.0,0.2,-6.035955429077148,-0.19999999999999973,419523885.8808659,0.22378636470066288,-0.48225635294378133
92,94,kisii,bomakombi,kenya,11/10/2009,4,1,1.769720126,1.0,-0.70441522,34.69546123,-0.7,34.7,-2.0119850635528564,-2.1218271255493164,3.0,0.2,-6.035955429077148,-0.19999999999999973,419523885.8808659,0.22378636470066288,-0.48225635294378133
93,95,kisii,bomakombi,kenya,11/10/2009,6,1,0.30928798,1.0,-0.70441522,34.69546123,-0.7,34.7,-2.0119850635528564,-2.1218271255493164,3.0,0.2,-6.035955429077148,-0.19999999999999973,419523885.8808659,0.22378636470066288,-0.48225635294378133
94,98,kisii,bonyanchaire,kenya,11/8/2009,2,3,3.053098658,1.0,-0.678288351,34.70904985,-0.7,34.7,-2.0119850635528564,-2.1218271255493164,3.0,0.2,-6.035955429077148,-0.19999999999999973,419523885.8808659,0.22378636470066288,-0.48225635294378133
95,99,kisii,bonyanchaire,kenya,11/9/2009,6,1,0.858425867,1.0,-0.678288351,34.70904985,-0.7,34.7,-2.0119850635528564,-2.1218271255493164,3.0,0.2,-6.035955429077148,-0.19999999999999973,419523885.8808659,0.22378636470066288,-0.48225635294378133
96,100,kisii,bomakombi,kenya,11/10/2009,4,3,0.249129136,1.0,-0.70441522,34.69546123,-0.7,34.7,-2.0119850635528564,-2.1218271255493164,3.0,0.2,-6.035955429077148,-0.19999999999999973,419523885.8808659,0.22378636470066288,-0.48225635294378133
97,101,kisii,bomakombi,kenya,11/10/2009,4,1,3.848320831,1.0,-0.70441522,34.69546123,-0.7,34.7,-2.0119850635528564,-2.1218271255493164,3.0,0.2,-6.035955429077148,-0.19999999999999973,419523885.8808659,0.22378636470066288,-0.48225635294378133
98,102,kisii,bomakombi,kenya,11/10/2009,4,2,0.056189589,1.0,-0.70441522,34.69546123,-0.7,34.7,-2.0119850635528564,-2.1218271255493164,3.0,0.2,-6.035955429077148,-0.19999999999999973,419523885.8808659,0.22378636470066288,-0.48225635294378133
99,103,kisii,bonyanchaire,kenya,11/9/2009,5,1,-0.744988286,1.0,-0.678288351,34.70904985,-0.7,34.7,-2.0119850635528564,-2.1218271255493164,3.0,0.2,-6.035955429077148,-0.19999999999999973,419523885.8808659,0.22378636470066288,-0.48225635294378133
100,104,kisii,bonyanchaire,kenya,11/8/2009,5,1,1.504924181,0.0,-0.678288351,34.70904985,-0.7,34.7,-2.0119850635528564,-2.1218271255493164,3.0,0.2,-6.035955429077148,-0.19999999999999973,419523885.8808659,0.22378636470066288,-0.48225635294378133
101,105,kisii,kerera,kenya,11/9/2009,5,5,3.192563676,1.0,-0.754425695,34.82872552,-0.75,34.85,-1.5968827903270721,-1.6692858636379242,2.25,0.8,-3.845115154981613,-0.8,198846275.59763497,0.2176646620599989,-0.07095430164525252
102,106,kisii,kerera,kenya,11/9/2009,5,1,0.918584711,1.0,-0.754425695,34.82872552,-0.75,34.85,-1.5968827903270721,-1.6692858636379242,2.25,0.8,-3.845115154981613,-0.8,198846275.59763497,0.2176646620599989,-0.07095430164525252
103,107,kisii,kerera,kenya,11/9/2009,4,1,0.771202144,1.0,-0.754425695,34.82872552,-0.75,34.85,-1.5968827903270721,-1.6692858636379242,2.25,0.8,-3.845115154981613,-0.8,198846275.59763497,0.2176646620599989,-0.07095430164525252
104,108,kisii,kerera,kenya,11/10/2009,6,1,1.086711132,1.0,-0.754425695,34.82872552,-0.75,34.85,-1.5968827903270721,-1.6692858636379242,2.25,0.8,-3.845115154981613,-0.8,198846275.59763497,0.2176646620599989,-0.07095430164525252
105,109,kisii,irianyi,kenya,11/8/2009,5,0,3.358269497,,-0.662238252,34.85472107,-0.65,34.85,-1.666750192642212,-1.7113603949546814,1.75,0.8,-3.1180976033210754,-0.7999999999999999,235461747.48176438,0.20952260109076443,0.41224182983684593
106,110,kisii,irianyi,kenya,11/9/2009,4,0,3.338216549,,-0.662238252,34.85472107,-0.65,34.85,-1.666750192642212,-1.7113603949546814,1.75,0.8,-3.1180976033210754,-0.7999999999999999,235461747.48176438,0.20952260109076443,0.41224182983684593
107,111,kisii,irianyi,kenya,11/9/2009,7,0,1.800068546,,-0.662238252,34.85472107,-0.65,34.85,-1.666750192642212,-1.7113603949546814,1.75,0.8,-3.1180976033210754,-0.7999999999999999,235461747.48176438,0.20952260109076443,0.41224182983684593
108,112,kisii,irianyi,kenya,11/8/2009,8,0,3.418428342,1.0,-0.662238252,34.85472107,-0.65,34.85,-1.666750192642212,-1.7113603949546814,1.75,0.8,-3.1180976033210754,-0.7999999999999999,235461747.48176438,0.20952260109076443,0.41224182983684593
109,113,kisii,kerera,kenya,11/10/2009,5,0,1.073636049,,-0.754425695,34.82872552,-0.75,34.85,-1.5968827903270721,-1.6692858636379242,2.25,0.8,-3.845115154981613,-0.8,198846275.59763497,0.2176646620599989,-0.07095430164525252
110,114,kisii,kerera,kenya,11/10/2009,6,0,3.113257503,,-0.754425695,34.82872552,-0.75,34.85,-1.5968827903270721,-1.6692858636379242,2.25,0.8,-3.845115154981613,-0.8,198846275.59763497,0.2176646620599989,-0.07095430164525252
111,115,kisii,kerera,kenya,11/10/2009,5,0,2.35446928,,-0.754425695,34.82872552,-0.75,34.85,-1.5968827903270721,-1.6692858636379242,2.25,0.8,-3.845115154981613,-0.8,198846275.59763497,0.2176646620599989,-0.07095430164525252
112,116,kisii,kerera,kenya,11/10/2009,6,0,2.451719477,,-0.754425695,34.82872552,-0.75,34.85,-1.5968827903270721,-1.6692858636379242,2.25,0.8,-3.845115154981613,-0.8,198846275.59763497,0.2176646620599989,-0.07095430164525252
113,117,kisii,kerera,kenya,11/9/2009,1,0,0.721069773,,-0.754425695,34.82872552,-0.75,34.85,-1.5968827903270721,-1.6692858636379242,2.25,0.8,-3.845115154981613,-0.8,198846275.59763497,0.2176646620599989,-0.07095430164525252
114,118,kisii,kerera,kenya,11/10/2009,2,0,3.03304571,1.0,-0.754425695,34.82872552,-0.75,34.85,-1.5968827903270721,-1.6692858636379242,2.25,0.8,-3.845115154981613,-0.8,198846275.59763497,0.2176646620599989,-0.07095430164525252
115,119,kisii,kerera,kenya,11/9/2009,6,0,3.62864402,,-0.754425695,34.82872552,-0.75,34.85,-1.5968827903270721,-1.6692858636379242,2.25,0.8,-3.845115154981613,-0.8,198846275.59763497,0.2176646620599989,-0.07095430164525252
116,120,kisii,kerera,kenya,11/9/2009,5,0,3.707950193,,-0.754425695,34.82872552,-0.75,34.85,-1.5968827903270721,-1.6692858636379242,2.25,0.8,-3.845115154981613,-0.8,198846275.59763497,0.2176646620599989,-0.07095430164525252
117,121,kisii,irianyi,kenya,11/8/2009,3,4,3.053098658,1.0,-0.662238252,34.85472107,-0.65,34.85,-1.666750192642212,-1.7113603949546814,1.75,0.8,-3.1180976033210754,-0.7999999999999999,235461747.48176438,0.20952260109076443,0.41224182983684593
118,122,kisii,irianyi,kenya,11/8/2009,4,4,0.802564082,0.0,-0.662238252,34.85472107,-0.65,34.85,-1.666750192642212,-1.7113603949546814,1.75,0.8,-3.1180976033210754,-0.7999999999999999,235461747.48176438,0.20952260109076443,0.41224182983684593
119,123,kisii,nyokabaria,kenya,11/8/2009,5,1,-1.861103436,0.0,-0.674091366,34.77188889,-0.65,34.75,-1.7889425158500671,-1.8509891629219055,2.0,0.4,-3.8485057950019836,-0.3999999999999999,414311315.99458534,0.2144258914894218,0.408293776897601
120,124,kisii,nyokabaria,kenya,11/8/2009,6,1,-1.553358183,0.0,-0.674091366,34.77188889,-0.65,34.75,-1.7889425158500671,-1.8509891629219055,2.0,0.4,-3.8485057950019836,-0.3999999999999999,414311315.99458534,0.2144258914894218,0.408293776897601
121,125,kisii,kerera,kenya,11/8/2009,4,7,-0.678626928,1.0,-0.754425695,34.82872552,-0.75,34.85,-1.5968827903270721,-1.6692858636379242,2.25,0.8,-3.845115154981613,-0.8,198846275.59763497,0.2176646620599989,-0.07095430164525252
122,127,kisii,bonyanchaire,kenya,11/10/2009,2,4,0.059531747,1.0,-0.678288351,34.70904985,-0.7,34.7,-2.0119850635528564,-2.1218271255493164,3.0,0.2,-6.035955429077148,-0.19999999999999973,419523885.8808659,0.22378636470066288,-0.48225635294378133
123,128,kisii,bonyanchaire,kenya,11/10/2009,1,5,0.324770379,0.0,-0.678288351,34.70904985,-0.7,34.7,-2.0119850635528564,-2.1218271255493164,3.0,0.2,-6.035955429077148,-0.19999999999999973,419523885.8808659,0.22378636470066288,-0.48225635294378133
124,129,kisii,bonyanchaire,kenya,11/9/2009,7,1,0.08961117,1.0,-0.678288351,34.70904985,-0.7,34.7,-2.0119850635528564,-2.1218271255493164,3.0,0.2,-6.035955429077148,-0.19999999999999973,419523885.8808659,0.22378636470066288,-0.48225635294378133
125,130,kisii,bonyanchaire,kenya,11/9/2009,4,1,2.025323935,1.0,-0.678288351,34.70904985,-0.7,34.7,-2.0119850635528564,-2.1218271255493164,3.0,0.2,-6.035955429077148,-0.19999999999999973,419523885.8808659,0.22378636470066288,-0.48225635294378133
126,131,kisii,bonyanchaire,kenya,11/9/2009,7,1,3.567919834,0.0,-0.678288351,34.70904985,-0.7,34.7,-2.0119850635528564,-2.1218271255493164,3.0,0.2,-6.035955429077148,-0.19999999999999973,419523885.8808659,0.22378636470066288,-0.48225635294378133
127,133,kisii,bomakombi,kenya,11/10/2009,5,2,1.692931254,1.0,-0.70441522,34.69546123,-0.7,34.7,-2.0119850635528564,-2.1218271255493164,3.0,0.2,-6.035955429077148,-0.19999999999999973,419523885.8808659,0.22378636470066288,-0.48225635294378133
128,134,kisii,bomakombi,kenya,11/10/2009,5,1,2.431666529,1.0,-0.70441522,34.69546123,-0.7,34.7,-2.0119850635528564,-2.1218271255493164,3.0,0.2,-6.035955429077148,-0.19999999999999973,419523885.8808659,0.22378636470066288,-0.48225635294378133
129,135,kisii,bomakombi,kenya,11/10/2009,3,1,-0.688653402,1.0,-0.70441522,34.69546123,-0.7,34.7,-2.0119850635528564,-2.1218271255493164,3.0,0.2,-6.035955429077148,-0.19999999999999973,419523885.8808659,0.22378636470066288,-0.48225635294378133
130,136,kisii,bomakombi,kenya,11/10/2009,3,1,-0.106960441,1.0,-0.70441522,34.69546123,-0.7,34.7,-2.0119850635528564,-2.1218271255493164,3.0,0.2,-6.035955429077148,-0.19999999999999973,419523885.8808659,0.22378636470066288,-0.48225635294378133
131,137,kisii,irianyi,kenya,11/9/2009,3,1,0.798267022,1.0,-0.662238252,34.85472107,-0.65,34.85,-1.666750192642212,-1.7113603949546814,1.75,0.8,-3.1180976033210754,-0.7999999999999999,235461747.48176438,0.20952260109076443,0.41224182983684593
132,138,kisii,irianyi,kenya,11/9/2009,4,1,0.109664118,0.0,-0.662238252,34.85472107,-0.65,34.85,-1.666750192642212,-1.7113603949546814,1.75,0.8,-3.1180976033210754,-0.7999999999999999,235461747.48176438,0.20952260109076443,0.41224182983684593
133,139,kisii,irianyi,kenya,11/9/2009,3,2,0.021895065,1.0,-0.662238252,34.85472107,-0.65,34.85,-1.666750192642212,-1.7113603949546814,1.75,0.8,-3.1180976033210754,-0.7999999999999999,235461747.48176438,0.20952260109076443,0.41224182983684593
134,140,kisii,irianyi,kenya,11/8/2009,4,2,0.816314675,1.0,-0.662238252,34.85472107,-0.65,34.85,-1.666750192642212,-1.7113603949546814,1.75,0.8,-3.1180976033210754,-0.7999999999999999,235461747.48176438,0.20952260109076443,0.41224182983684593
135,141,kisii,irianyi,kenya,11/8/2009,5,1,0.161073474,1.0,-0.662238252,34.85472107,-0.65,34.85,-1.666750192642212,-1.7113603949546814,1.75,0.8,-3.1180976033210754,-0.7999999999999999,235461747.48176438,0.20952260109076443,0.41224182983684593
136,143,kisii,irianyi,kenya,11/9/2009,2,2,-1.90622257,1.0,-0.662238252,34.85472107,-0.65,34.85,-1.666750192642212,-1.7113603949546814,1.75,0.8,-3.1180976033210754,-0.7999999999999999,235461747.48176438,0.20952260109076443,0.41224182983684593
137,144,kisii,irianyi,kenya,11/9/2009,2,1,0.788240548,1.0,-0.662238252,34.85472107,-0.65,34.85,-1.666750192642212,-1.7113603949546814,1.75,0.8,-3.1180976033210754,-0.7999999999999999,235461747.48176438,0.20952260109076443,0.41224182983684593
138,145,kisii,nyokabaria,kenya,11/10/2009,2,4,-1.261509166,1.0,-0.674091366,34.77188889,-0.65,34.75,-1.7889425158500671,-1.8509891629219055,2.0,0.4,-3.8485057950019836,-0.3999999999999999,414311315.99458534,0.2144258914894218,0.408293776897601
139,146,kisii,nyokabaria,kenya,11/8/2009,3,3,-1.256495929,1.0,-0.674091366,34.77188889,-0.65,34.75,-1.7889425158500671,-1.8509891629219055,2.0,0.4,-3.8485057950019836,-0.3999999999999999,414311315.99458534,0.2144258914894218,0.408293776897601
140,147,kisii,nyokabaria,kenya,11/8/2009,6,3,-0.543070465,1.0,-0.674091366,34.77188889,-0.65,34.75,-1.7889425158500671,-1.8509891629219055,2.0,0.4,-3.8485057950019836,-0.3999999999999999,414311315.99458534,0.2144258914894218,0.408293776897601
141,148,kisii,nyokabaria,kenya,11/8/2009,5,2,0.08961117,1.0,-0.674091366,34.77188889,-0.65,34.75,-1.7889425158500671,-1.8509891629219055,2.0,0.4,-3.8485057950019836,-0.3999999999999999,414311315.99458534,0.2144258914894218,0.408293776897601
142,149,kisii,nyokabaria,kenya,11/8/2009,4,4,-0.670605749,1.0,-0.674091366,34.77188889,-0.65,34.75,-1.7889425158500671,-1.8509891629219055,2.0,0.4,-3.8485057950019836,-0.3999999999999999,414311315.99458534,0.2144258914894218,0.408293776897601
143,150,kisii,nyokabaria,kenya,11/8/2009,3,1,-1.019884192,1.0,-0.674091366,34.77188889,-0.65,34.75,-1.7889425158500671,-1.8509891629219055,2.0,0.4,-3.8485057950019836,-0.3999999999999999,414311315.99458534,0.2144258914894218,0.408293776897601
144,151,kiambu,mutundu,kenya,11/9/2009,3,5,-0.673613691,1.0,-1.170374442,36.83007059,-1.15,36.85,-1.725689858198166,-1.7882348597049713,2.25,0.6,-3.9089466631412506,0.06666666666666665,413029382.9447616,0.22856255272502962,-0.8916113182117079
145,152,kiambu,mutundu,kenya,11/10/2009,6,0,1.501916239,,-1.170374442,36.83007059,-1.15,36.85,-1.725689858198166,-1.7882348597049713,2.25,0.6,-3.9089466631412506,0.06666666666666665,413029382.9447616,0.22856255272502962,-0.8916113182117079
146,153,kiambu,mutundu,kenya,11/9/2009,6,0,3.164489549,,-1.170374442,36.83007059,-1.15,36.85,-1.725689858198166,-1.7882348597049713,2.25,0.6,-3.9089466631412506,0.06666666666666665,413029382.9447616,0.22856255272502962,-0.8916113182117079
147,154,kiambu,mutundu,kenya,11/9/2009,5,0,1.679481858,,-1.170374442,36.83007059,-1.15,36.85,-1.725689858198166,-1.7882348597049713,2.25,0.6,-3.9089466631412506,0.06666666666666665,413029382.9447616,0.22856255272502962,-0.8916113182117079
148,155,kiambu,mutundu,kenya,11/10/2009,3,1,0.466415097,0.0,-1.170374442,36.83007059,-1.15,36.85,-1.725689858198166,-1.7882348597049713,2.25,0.6,-3.9089466631412506,0.06666666666666665,413029382.9447616,0.22856255272502962,-0.8916113182117079
149,156,kiambu,mutundu,kenya,11/9/2009,2,1,0.183825765,1.0,-1.170374442,36.83007059,-1.15,36.85,-1.725689858198166,-1.7882348597049713,2.25,0.6,-3.9089466631412506,0.06666666666666665,413029382.9447616,0.22856255272502962,-0.8916113182117079
150,157,kiambu,mutundu,kenya,11/10/2009,4,1,-0.206933673,1.0,-1.170374442,36.83007059,-1.15,36.85,-1.725689858198166,-1.7882348597049713,2.25,0.6,-3.9089466631412506,0.06666666666666665,413029382.9447616,0.22856255272502962,-0.8916113182117079
151,158,kiambu,mutundu,kenya,11/9/2009,3,1,-1.458694596,0.0,-1.170374442,36.83007059,-1.15,36.85,-1.725689858198166,-1.7882348597049713,2.25,0.6,-3.9089466631412506,0.06666666666666665,413029382.9447616,0.22856255272502962,-0.8916113182117079
152,159,kiambu,mutundu,kenya,11/9/2009,4,9,-1.042446175,1.0,-1.170374442,36.83007059,-1.15,36.85,-1.725689858198166,-1.7882348597049713,2.25,0.6,-3.9089466631412506,0.06666666666666665,413029382.9447616,0.22856255272502962,-0.8916113182117079
153,160,kiambu,mutundu,kenya,11/10/2009,5,1,1.146118172,0.0,-1.170374442,36.83007059,-1.15,36.85,-1.725689858198166,-1.7882348597049713,2.25,0.6,-3.9089466631412506,0.06666666666666665,413029382.9447616,0.22856255272502962,-0.8916113182117079
154,161,kiambu,mutundu,kenya,11/10/2009,6,2,0.474553672,0.0,-1.170374442,36.83007059,-1.15,36.85,-1.725689858198166,-1.7882348597049713,2.25,0.6,-3.9089466631412506,0.06666666666666665,413029382.9447616,0.22856255272502962,-0.8916113182117079
155,162,kiambu,mutundu,kenya,11/10/2009,3,0,1.606359081,1.0,-1.170374442,36.83007059,-1.15,36.85,-1.725689858198166,-1.7882348597049713,2.25,0.6,-3.9089466631412506,0.06666666666666665,413029382.9447616,0.22856255272502962,-0.8916113182117079
156,163,kiambu,mutundu,kenya,11/10/2009,4,1,1.289006111,1.0,-1.170374442,36.83007059,-1.15,36.85,-1.725689858198166,-1.7882348597049713,2.25,0.6,-3.9089466631412506,0.06666666666666665,413029382.9447616,0.22856255272502962,-0.8916113182117079
157,164,kiambu,mutundu,kenya,11/9/2009,2,2,1.075932853,1.0,-1.170374442,36.83007059,-1.15,36.85,-1.725689858198166,-1.7882348597049713,2.25,0.6,-3.9089466631412506,0.06666666666666665,413029382.9447616,0.22856255272502962,-0.8916113182117079
158,165,kiambu,mutundu,kenya,11/9/2009,6,1,0.504633094,1.0,-1.170374442,36.83007059,-1.15,36.85,-1.725689858198166,-1.7882348597049713,2.25,0.6,-3.9089466631412506,0.06666666666666665,413029382.9447616,0.22856255272502962,-0.8916113182117079
159,166,kiambu,mutundu,kenya,11/9/2009,3,5,-1.066509713,1.0,-1.170374442,36.83007059,-1.15,36.85,-1.725689858198166,-1.7882348597049713,2.25,0.6,-3.9089466631412506,0.06666666666666665,413029382.9447616,0.22856255272502962,-0.8916113182117079
160,167,kiambu,mutundu,kenya,11/9/2009,2,0,-0.044062105,1.0,-1.170374442,36.83007059,-1.15,36.85,-1.725689858198166,-1.7882348597049713,2.25,0.6,-3.9089466631412506,0.06666666666666665,413029382.9447616,0.22856255272502962,-0.8916113182117079
161,168,kiambu,mutundu,kenya,11/10/2009,1,1,-1.732278712,1.0,-1.170374442,36.83007059,-1.15,36.85,-1.725689858198166,-1.7882348597049713,2.25,0.6,-3.9089466631412506,0.06666666666666665,413029382.9447616,0.22856255272502962,-0.8916113182117079
162,169,kiambu,mutundu,kenya,11/9/2009,5,2,-0.51474611,1.0,-1.170374442,36.83007059,-1.15,36.85,-1.725689858198166,-1.7882348597049713,2.25,0.6,-3.9089466631412506,0.06666666666666665,413029382.9447616,0.22856255272502962,-0.8916113182117079
163,170,kiambu,mutundu,kenya,11/10/2009,5,0,1.167174584,1.0,-1.170374442,36.83007059,-1.15,36.85,-1.725689858198166,-1.7882348597049713,2.25,0.6,-3.9089466631412506,0.06666666666666665,413029382.9447616,0.22856255272502962,-0.8916113182117079
164,171,kiambu,mutundu,kenya,11/10/2009,2,2,0.027910949,0.0,-1.170374442,36.83007059,-1.15,36.85,-1.725689858198166,-1.7882348597049713,2.25,0.6,-3.9089466631412506,0.06666666666666665,413029382.9447616,0.22856255272502962,-0.8916113182117079
165,172,kiambu,mutundu,kenya,11/9/2009,4,0,1.233154015,1.0,-1.170374442,36.83007059,-1.15,36.85,-1.725689858198166,-1.7882348597049713,2.25,0.6,-3.9089466631412506,0.06666666666666665,413029382.9447616,0.22856255272502962,-0.8916113182117079
166,173,nairobi,outering,kenya,11/4/2009,2,0,-1.805866257,,-1.267001706,36.88035515,-1.25,36.9,-1.7591270009676616,-1.7819124857584636,1.5,0.8,-2.7071780363718667,-0.29999999999999993,334661383.914048,0.19635583447905752,-1.1166820352534093
167,174,nairobi,muthaiga,kenya,11/6/2009,1,0,-3.127479817,,-1.254882111,36.83204676,-1.25,36.85,-1.769141137599945,-1.8396335542201996,2.25,0.6,-3.9934211373329163,0.06666666666666665,413029382.9447616,0.19688685226612057,-2.3364258337957224
168,175,nairobi,muthaiga,kenya,11/6/2009,1,2,-2.376017765,0.0,-1.254882111,36.83204676,-1.25,36.85,-1.769141137599945,-1.8396335542201996,2.25,0.6,-3.9934211373329163,0.06666666666666665,413029382.9447616,0.19688685226612057,-2.3364258337957224
169,176,nairobi,muthaiga,kenya,11/6/2009,2,2,-3.406900167,1.0,-1.254882111,36.83204676,-1.25,36.85,-1.769141137599945,-1.8396335542201996,2.25,0.6,-3.9934211373329163,0.06666666666666665,413029382.9447616,0.19688685226612057,-2.3364258337957224
170,177,nairobi,muthaiga,kenya,11/7/2009,1,1,-3.766607338,1.0,-1.254882111,36.83204676,-1.25,36.85,-1.769141137599945,-1.8396335542201996,2.25,0.6,-3.9934211373329163,0.06666666666666665,413029382.9447616,0.19688685226612057,-2.3364258337957224
171,178,nairobi,muthaiga,kenya,11/6/2009,1,0,-1.024916162,,-1.254882111,36.83204676,-1.25,36.85,-1.769141137599945,-1.8396335542201996,2.25,0.6,-3.9934211373329163,0.06666666666666665,413029382.9447616,0.19688685226612057,-2.3364258337957224
172,179,nairobi,muthaiga,kenya,11/7/2009,4,1,-3.466153392,0.0,-1.254882111,36.83204676,-1.25,36.85,-1.769141137599945,-1.8396335542201996,2.25,0.6,-3.9934211373329163,0.06666666666666665,413029382.9447616,0.19688685226612057,-2.3364258337957224
173,180,nairobi,muthaiga,kenya,11/7/2009,2,0,-0.4493708,,-1.254882111,36.83204676,-1.25,36.85,-1.769141137599945,-1.8396335542201996,2.25,0.6,-3.9934211373329163,0.06666666666666665,413029382.9447616,0.19688685226612057,-2.3364258337957224
174,181,nairobi,muthaiga,kenya,11/6/2009,3,3,-2.449308053,0.0,-1.254882111,36.83204676,-1.25,36.85,-1.769141137599945,-1.8396335542201996,2.25,0.6,-3.9934211373329163,0.06666666666666665,413029382.9447616,0.19688685226612057,-2.3364258337957224
175,182,nairobi,muthaiga,kenya,11/7/2009,1,0,-1.71653361,,-1.254882111,36.83204676,-1.25,36.85,-1.769141137599945,-1.8396335542201996,2.25,0.6,-3.9934211373329163,0.06666666666666665,413029382.9447616,0.19688685226612057,-2.3364258337957224
176,183,nairobi,muthaiga,kenya,11/7/2009,2,1,-3.772623222,0.0,-1.254882111,36.83204676,-1.25,36.85,-1.769141137599945,-1.8396335542201996,2.25,0.6,-3.9934211373329163,0.06666666666666665,413029382.9447616,0.19688685226612057,-2.3364258337957224
177,184,nairobi,muthaiga,kenya,11/7/2009,2,1,-3.766607338,0.0,-1.254882111,36.83204676,-1.25,36.85,-1.769141137599945,-1.8396335542201996,2.25,0.6,-3.9934211373329163,0.06666666666666665,413029382.9447616,0.19688685226612057,-2.3364258337957224
178,185,nairobi,muthaiga,kenya,11/7/2009,2,2,-3.766607338,0.0,-1.254882111,36.83204676,-1.25,36.85,-1.769141137599945,-1.8396335542201996,2.25,0.6,-3.9934211373329163,0.06666666666666665,413029382.9447616,0.19688685226612057,-2.3364258337957224
179,186,nairobi,muthaiga,kenya,11/7/2009,2,0,-1.626295343,,-1.254882111,36.83204676,-1.25,36.85,-1.769141137599945,-1.8396335542201996,2.25,0.6,-3.9934211373329163,0.06666666666666665,413029382.9447616,0.19688685226612057,-2.3364258337957224
180,187,nairobi,muthaiga,kenya,11/7/2009,1,1,-3.431966353,1.0,-1.254882111,36.83204676,-1.25,36.85,-1.769141137599945,-1.8396335542201996,2.25,0.6,-3.9934211373329163,0.06666666666666665,413029382.9447616,0.19688685226612057,-2.3364258337957224
181,189,nairobi,muthaiga,kenya,11/7/2009,3,3,-3.410910757,0.0,-1.254882111,36.83204676,-1.25,36.85,-1.769141137599945,-1.8396335542201996,2.25,0.6,-3.9934211373329163,0.06666666666666665,413029382.9447616,0.19688685226612057,-2.3364258337957224
182,190,nairobi,muthaiga,kenya,11/6/2009,1,0,-1.686454188,,-1.254882111,36.83204676,-1.25,36.85,-1.769141137599945,-1.8396335542201996,2.25,0.6,-3.9934211373329163,0.06666666666666665,413029382.9447616,0.19688685226612057,-2.3364258337957224
183,191,nairobi,outering,kenya,11/4/2009,5,3,-1.671414477,0.0,-1.267001706,36.88035515,-1.25,36.9,-1.7591270009676616,-1.7819124857584636,1.5,0.8,-2.7071780363718667,-0.29999999999999993,334661383.914048,0.19635583447905752,-1.1166820352534093
184,192,nairobi,outering,kenya,11/4/2009,5,0,-1.671414477,,-1.267001706,36.88035515,-1.25,36.9,-1.7591270009676616,-1.7819124857584636,1.5,0.8,-2.7071780363718667,-0.29999999999999993,334661383.914048,0.19635583447905752,-1.1166820352534093
185,193,nairobi,outering,kenya,11/4/2009,4,2,-2.253720116,1.0,-1.267001706,36.88035515,-1.25,36.9,-1.7591270009676616,-1.7819124857584636,1.5,0.8,-2.7071780363718667,-0.29999999999999993,334661383.914048,0.19635583447905752,-1.1166820352534093
186,194,nairobi,outering,kenya,11/4/2009,8,2,-1.854760326,1.0,-1.267001706,36.88035515,-1.25,36.9,-1.7591270009676616,-1.7819124857584636,1.5,0.8,-2.7071780363718667,-0.29999999999999993,334661383.914048,0.19635583447905752,-1.1166820352534093
187,195,nairobi,outering,kenya,11/3/2009,3,2,-2.449679049,1.0,-1.267001706,36.88035515,-1.25,36.9,-1.7591270009676616,-1.7819124857584636,1.5,0.8,-2.7071780363718667,-0.29999999999999993,334661383.914048,0.19635583447905752,-1.1166820352534093
188,196,nairobi,outering,kenya,11/3/2009,3,1,-2.434639337,1.0,-1.267001706,36.88035515,-1.25,36.9,-1.7591270009676616,-1.7819124857584636,1.5,0.8,-2.7071780363718667,-0.29999999999999993,334661383.914048,0.19635583447905752,-1.1166820352534093
189,197,nairobi,outering,kenya,11/4/2009,3,0,-1.755733887,,-1.267001706,36.88035515,-1.25,36.9,-1.7591270009676616,-1.7819124857584636,1.5,0.8,-2.7071780363718667,-0.29999999999999993,334661383.914048,0.19635583447905752,-1.1166820352534093
190,199,nairobi,outering,kenya,11/4/2009,7,1,-1.635416197,1.0,-1.267001706,36.88035515,-1.25,36.9,-1.7591270009676616,-1.7819124857584636,1.5,0.8,-2.7071780363718667,-0.29999999999999993,334661383.914048,0.19635583447905752,-1.1166820352534093
191,200,nairobi,outering,kenya,11/3/2009,5,1,-2.687754908,1.0,-1.267001706,36.88035515,-1.25,36.9,-1.7591270009676616,-1.7819124857584636,1.5,0.8,-2.7071780363718667,-0.29999999999999993,334661383.914048,0.19635583447905752,-1.1166820352534093
192,202,nairobi,outering,kenya,11/4/2009,5,0,-3.088473595,1.0,-1.267001706,36.88035515,-1.25,36.9,-1.7591270009676616,-1.7819124857584636,1.5,0.8,-2.7071780363718667,-0.29999999999999993,334661383.914048,0.19635583447905752,-1.1166820352534093
193,203,nairobi,outering,kenya,11/3/2009,3,1,-2.762463441,0.0,-1.267001706,36.88035515,-1.25,36.9,-1.7591270009676616,-1.7819124857584636,1.5,0.8,-2.7071780363718667,-0.29999999999999993,334661383.914048,0.19635583447905752,-1.1166820352534093
194,204,nairobi,outering,kenya,11/4/2009,5,0,-2.34440107,,-1.267001706,36.88035515,-1.25,36.9,-1.7591270009676616,-1.7819124857584636,1.5,0.8,-2.7071780363718667,-0.29999999999999993,334661383.914048,0.19635583447905752,-1.1166820352534093
195,205,nairobi,outering,kenya,11/3/2009,1,2,-3.109432164,1.0,-1.267001706,36.88035515,-1.25,36.9,-1.7591270009676616,-1.7819124857584636,1.5,0.8,-2.7071780363718667,-0.29999999999999993,334661383.914048,0.19635583447905752,-1.1166820352534093
196,206,nairobi,outering,kenya,11/4/2009,4,3,-3.091814512,0.0,-1.267001706,36.88035515,-1.25,36.9,-1.7591270009676616,-1.7819124857584636,1.5,0.8,-2.7071780363718667,-0.29999999999999993,334661383.914048,0.19635583447905752,-1.1166820352534093
197,207,nairobi,outering,kenya,11/4/2009,1,3,-2.579117592,1.0,-1.267001706,36.88035515,-1.25,36.9,-1.7591270009676616,-1.7819124857584636,1.5,0.8,-2.7071780363718667,-0.29999999999999993,334661383.914048,0.19635583447905752,-1.1166820352534093
198,208,nairobi,outering,kenya,11/3/2009,4,2,-2.968289817,1.0,-1.267001706,36.88035515,-1.25,36.9,-1.7591270009676616,-1.7819124857584636,1.5,0.8,-2.7071780363718667,-0.29999999999999993,334661383.914048,0.19635583447905752,-1.1166820352534093
199,209,nairobi,outering,kenya,11/4/2009,3,0,-3.193751574,,-1.267001706,36.88035515,-1.25,36.9,-1.7591270009676616,-1.7819124857584636,1.5,0.8,-2.7071780363718667,-0.29999999999999993,334661383.914048,0.19635583447905752,-1.1166820352534093
200,210,nairobi,outering,kenya,11/7/2009,1,0,-1.686454188,,-1.267001706,36.88035515,-1.25,36.9,-1.7591270009676616,-1.7819124857584636,1.5,0.8,-2.7071780363718667,-0.29999999999999993,334661383.914048,0.19635583447905752,-1.1166820352534093
201,211,kiambu,guthunguri,kenya,11/11/2009,4,1,-0.940778073,0.0,-1.058419348,36.77391802,-1.05,36.75,-1.7090195218722026,-1.7469932238260906,1.8333333333333333,0.8,-3.1817588210105896,-0.29999999999999993,309899937.8916723,0.24960287899731454,0.9345258778053145
202,212,kiambu,guthunguri,kenya,11/11/2009,3,1,-2.54903817,0.0,-1.058419348,36.77391802,-1.05,36.75,-1.7090195218722026,-1.7469932238260906,1.8333333333333333,0.8,-3.1817588210105896,-0.29999999999999993,309899937.8916723,0.24960287899731454,0.9345258778053145
203,213,kiambu,guthunguri,kenya,11/11/2009,3,0,-1.098613766,1.0,-1.058419348,36.77391802,-1.05,36.75,-1.7090195218722026,-1.7469932238260906,1.8333333333333333,0.8,-3.1817588210105896,-0.29999999999999993,309899937.8916723,0.24960287899731454,0.9345258778053145
204,214,kiambu,guthunguri,kenya,11/11/2009,2,0,-2.018390916,,-1.058419348,36.77391802,-1.05,36.75,-1.7090195218722026,-1.7469932238260906,1.8333333333333333,0.8,-3.1817588210105896,-0.29999999999999993,309899937.8916723,0.24960287899731454,0.9345258778053145
205,215,kiambu,guthunguri,kenya,11/11/2009,5,0,-0.979778295,1.0,-1.058419348,36.77391802,-1.05,36.75,-1.7090195218722026,-1.7469932238260906,1.8333333333333333,0.8,-3.1817588210105896,-0.29999999999999993,309899937.8916723,0.24960287899731454,0.9345258778053145
206,216,kiambu,guthunguri,kenya,11/11/2009,3,0,-3.08499763,1.0,-1.058419348,36.77391802,-1.05,36.75,-1.7090195218722026,-1.7469932238260906,1.8333333333333333,0.8,-3.1817588210105896,-0.29999999999999993,309899937.8916723,0.24960287899731454,0.9345258778053145
207,217,kiambu,guthunguri,kenya,11/11/2009,2,0,-1.03993714,,-1.058419348,36.77391802,-1.05,36.75,-1.7090195218722026,-1.7469932238260906,1.8333333333333333,0.8,-3.1817588210105896,-0.29999999999999993,309899937.8916723,0.24960287899731454,0.9345258778053145
208,218,kiambu,guthunguri,kenya,11/11/2009,5,0,-0.929645925,,-1.058419348,36.77391802,-1.05,36.75,-1.7090195218722026,-1.7469932238260906,1.8333333333333333,0.8,-3.1817588210105896,-0.29999999999999993,309899937.8916723,0.24960287899731454,0.9345258778053145
209,219,kiambu,guthunguri,kenya,11/11/2009,2,1,-1.706507136,0.0,-1.058419348,36.77391802,-1.05,36.75,-1.7090195218722026,-1.7469932238260906,1.8333333333333333,0.8,-3.1817588210105896,-0.29999999999999993,309899937.8916723,0.24960287899731454,0.9345258778053145
210,220,kiambu,guthunguri,kenya,11/11/2009,1,2,-2.802569338,0.0,-1.058419348,36.77391802,-1.05,36.75,-1.7090195218722026,-1.7469932238260906,1.8333333333333333,0.8,-3.1817588210105896,-0.29999999999999993,309899937.8916723,0.24960287899731454,0.9345258778053145
211,221,kiambu,guthunguri,kenya,11/11/2009,4,0,-1.626295343,,-1.058419348,36.77391802,-1.05,36.75,-1.7090195218722026,-1.7469932238260906,1.8333333333333333,0.8,-3.1817588210105896,-0.29999999999999993,309899937.8916723,0.24960287899731454,0.9345258778053145
212,222,kiambu,guthunguri,kenya,11/11/2009,3,1,-2.434639337,1.0,-1.058419348,36.77391802,-1.05,36.75,-1.7090195218722026,-1.7469932238260906,1.8333333333333333,0.8,-3.1817588210105896,-0.29999999999999993,309899937.8916723,0.24960287899731454,0.9345258778053145
213,223,kiambu,guthunguri,kenya,11/11/2009,4,1,-1.644544647,1.0,-1.058419348,36.77391802,-1.05,36.75,-1.7090195218722026,-1.7469932238260906,1.8333333333333333,0.8,-3.1817588210105896,-0.29999999999999993,309899937.8916723,0.24960287899731454,0.9345258778053145
214,224,kiambu,guthunguri,kenya,11/11/2009,4,0,-1.958232072,,-1.058419348,36.77391802,-1.05,36.75,-1.7090195218722026,-1.7469932238260906,1.8333333333333333,0.8,-3.1817588210105896,-0.29999999999999993,309899937.8916723,0.24960287899731454,0.9345258778053145
215,225,kiambu,guthunguri,kenya,11/11/2009,3,1,-1.024916162,0.0,-1.058419348,36.77391802,-1.05,36.75,-1.7090195218722026,-1.7469932238260906,1.8333333333333333,0.8,-3.1817588210105896,-0.29999999999999993,309899937.8916723,0.24960287899731454,0.9345258778053145
216,226,kiambu,guthunguri,kenya,11/11/2009,7,1,-0.86948708,1.0,-1.058419348,36.77391802,-1.05,36.75,-1.7090195218722026,-1.7469932238260906,1.8333333333333333,0.8,-3.1817588210105896,-0.29999999999999993,309899937.8916723,0.24960287899731454,0.9345258778053145
217,227,kiambu,njiku,kenya,11/11/2009,6,1,1.590754028,0.0,-1.175746093,36.75241747,-1.2,36.75,-1.730698436498642,-1.8212981224060059,2.25,0.6,-3.9414689242839813,0.06666666666666665,413029382.9447616,0.23967321190053906,-0.44495448198441456
218,228,kiambu,njiku,kenya,11/11/2009,3,0,-0.831392478,,-1.175746093,36.75241747,-1.2,36.75,-1.730698436498642,-1.8212981224060059,2.25,0.6,-3.9414689242839813,0.06666666666666665,413029382.9447616,0.23967321190053906,-0.44495448198441456
219,229,kiambu,njiku,kenya,11/11/2009,4,0,-3.10384628,1.0,-1.175746093,36.75241747,-1.2,36.75,-1.730698436498642,-1.8212981224060059,2.25,0.6,-3.9414689242839813,0.06666666666666665,413029382.9447616,0.23967321190053906,-0.44495448198441456
220,230,kiambu,njiku,kenya,11/11/2009,4,0,0.47398833,,-1.175746093,36.75241747,-1.2,36.75,-1.730698436498642,-1.8212981224060059,2.25,0.6,-3.9414689242839813,0.06666666666666665,413029382.9447616,0.23967321190053906,-0.44495448198441456
221,231,kiambu,njiku,kenya,11/12/2009,6,1,0.573912793,1.0,-1.175746093,36.75241747,-1.2,36.75,-1.730698436498642,-1.8212981224060059,2.25,0.6,-3.9414689242839813,0.06666666666666665,413029382.9447616,0.23967321190053906,-0.44495448198441456
222,232,kiambu,njiku,kenya,11/11/2009,4,1,-0.180763354,1.0,-1.175746093,36.75241747,-1.2,36.75,-1.730698436498642,-1.8212981224060059,2.25,0.6,-3.9414689242839813,0.06666666666666665,413029382.9447616,0.23967321190053906,-0.44495448198441456
223,233,kiambu,njiku,kenya,11/11/2009,3,1,2.902136205,1.0,-1.175746093,36.75241747,-1.2,36.75,-1.730698436498642,-1.8212981224060059,2.25,0.6,-3.9414689242839813,0.06666666666666665,413029382.9447616,0.23967321190053906,-0.44495448198441456
224,234,kiambu,njiku,kenya,11/12/2009,3,1,2.107047559,1.0,-1.175746093,36.75241747,-1.2,36.75,-1.730698436498642,-1.8212981224060059,2.25,0.6,-3.9414689242839813,0.06666666666666665,413029382.9447616,0.23967321190053906,-0.44495448198441456
225,235,kiambu,njiku,kenya,11/11/2009,6,0,-1.233801318,,-1.175746093,36.75241747,-1.2,36.75,-1.730698436498642,-1.8212981224060059,2.25,0.6,-3.9414689242839813,0.06666666666666665,413029382.9447616,0.23967321190053906,-0.44495448198441456
226,236,kiambu,njiku,kenya,11/11/2009,5,0,-2.722357545,,-1.175746093,36.75241747,-1.2,36.75,-1.730698436498642,-1.8212981224060059,2.25,0.6,-3.9414689242839813,0.06666666666666665,413029382.9447616,0.23967321190053906,-0.44495448198441456
227,237,kiambu,njiku,kenya,11/11/2009,5,0,-1.662019655,,-1.175746093,36.75241747,-1.2,36.75,-1.730698436498642,-1.8212981224060059,2.25,0.6,-3.9414689242839813,0.06666666666666665,413029382.9447616,0.23967321190053906,-0.44495448198441456
228,238,kiambu,njiku,kenya,11/11/2009,1,0,1.68488474,,-1.175746093,36.75241747,-1.2,36.75,-1.730698436498642,-1.8212981224060059,2.25,0.6,-3.9414689242839813,0.06666666666666665,413029382.9447616,0.23967321190053906,-0.44495448198441456
229,239,kiambu,njiku,kenya,11/10/2009,6,5,-2.117750038,1.0,-1.175746093,36.75241747,-1.2,36.75,-1.730698436498642,-1.8212981224060059,2.25,0.6,-3.9414689242839813,0.06666666666666665,413029382.9447616,0.23967321190053906,-0.44495448198441456
230,240,kiambu,njiku,kenya,11/11/2009,5,1,-3.597062897,0.0,-1.175746093,36.75241747,-1.2,36.75,-1.730698436498642,-1.8212981224060059,2.25,0.6,-3.9414689242839813,0.06666666666666665,413029382.9447616,0.23967321190053906,-0.44495448198441456
231,241,kiambu,njiku,kenya,11/11/2009,4,0,-2.428314311,,-1.175746093,36.75241747,-1.2,36.75,-1.730698436498642,-1.8212981224060059,2.25,0.6,-3.9414689242839813,0.06666666666666665,413029382.9447616,0.23967321190053906,-0.44495448198441456
232,242,kiambu,njiku,kenya,11/11/2009,4,1,0.816469453,0.0,-1.175746093,36.75241747,-1.2,36.75,-1.730698436498642,-1.8212981224060059,2.25,0.6,-3.9414689242839813,0.06666666666666665,413029382.9447616,0.23967321190053906,-0.44495448198441456
233,243,kiambu,njiku,kenya,11/11/2009,4,0,0.856575349,1.0,-1.175746093,36.75241747,-1.2,36.75,-1.730698436498642,-1.8212981224060059,2.25,0.6,-3.9414689242839813,0.06666666666666665,413029382.9447616,0.23967321190053906,-0.44495448198441456
234,244,kiambu,njiku,kenya,11/11/2009,3,0,-1.240126344,,-1.175746093,36.75241747,-1.2,36.75,-1.730698436498642,-1.8212981224060059,2.25,0.6,-3.9414689242839813,0.06666666666666665,413029382.9447616,0.23967321190053906,-0.44495448198441456
235,245,kiambu,njiku,kenya,11/11/2009,4,0,-1.505977653,,-1.175746093,36.75241747,-1.2,36.75,-1.730698436498642,-1.8212981224060059,2.25,0.6,-3.9414689242839813,0.06666666666666665,413029382.9447616,0.23967321190053906,-0.44495448198441456
236,246,kiambu,mutundu,kenya,11/10/2009,1,1,0.020308279,1.0,-1.170374442,36.83007059,-1.15,36.85,-1.725689858198166,-1.7882348597049713,2.25,0.6,-3.9089466631412506,0.06666666666666665,413029382.9447616,0.22856255272502962,-0.8916113182117079
237,247,kiambu,mutundu,kenya,11/10/2009,1,1,-1.725983485,1.0,-1.170374442,36.83007059,-1.15,36.85,-1.725689858198166,-1.7882348597049713,2.25,0.6,-3.9089466631412506,0.06666666666666665,413029382.9447616,0.22856255272502962,-0.8916113182117079
238,248,kiambu,mutundu,kenya,11/10/2009,4,0,0.387329949,,-1.170374442,36.83007059,-1.15,36.85,-1.725689858198166,-1.7882348597049713,2.25,0.6,-3.9089466631412506,0.06666666666666665,413029382.9447616,0.22856255272502962,-0.8916113182117079
239,249,kiambu,mutundu,kenya,11/10/2009,2,0,-0.445223479,1.0,-1.170374442,36.83007059,-1.15,36.85,-1.725689858198166,-1.7882348597049713,2.25,0.6,-3.9089466631412506,0.06666666666666665,413029382.9447616,0.22856255272502962,-0.8916113182117079
240,250,kiambu,sigona/nyathuwa,kenya,11/11/2009,2,2,-1.236442981,1.0,-1.213613261,36.66018801,-1.2,36.65,-1.6657076478004456,-1.707313895225525,1.8333333333333333,0.8,-3.1515795985857644,-0.29999999999999993,309899937.8916723,0.2436836131442984,0.23396200216063165
241,251,kiambu,sigona/nyathuwa,kenya,11/10/2009,3,2,0.589957976,1.0,-1.213613261,36.66018801,-1.2,36.65,-1.6657076478004456,-1.707313895225525,1.8333333333333333,0.8,-3.1515795985857644,-0.29999999999999993,309899937.8916723,0.2436836131442984,0.23396200216063165
242,252,kiambu,sigona/nyathuwa,kenya,11/9/2009,5,2,-1.027406464,1.0,-1.213613261,36.66018801,-1.2,36.65,-1.6657076478004456,-1.707313895225525,1.8333333333333333,0.8,-3.1515795985857644,-0.29999999999999993,309899937.8916723,0.2436836131442984,0.23396200216063165
243,253,kiambu,sigona/nyathuwa,kenya,11/9/2009,7,4,-1.095179775,1.0,-1.213613261,36.66018801,-1.2,36.65,-1.6657076478004456,-1.707313895225525,1.8333333333333333,0.8,-3.1515795985857644,-0.29999999999999993,309899937.8916723,0.2436836131442984,0.23396200216063165
244,254,kiambu,sigona/nyathuwa,kenya,11/8/2009,5,1,-0.294261025,1.0,-1.213613261,36.66018801,-1.2,36.65,-1.6657076478004456,-1.707313895225525,1.8333333333333333,0.8,-3.1515795985857644,-0.29999999999999993,309899937.8916723,0.2436836131442984,0.23396200216063165
245,255,kiambu,sigona/nyathuwa,kenya,11/9/2009,8,2,-1.018978572,1.0,-1.213613261,36.66018801,-1.2,36.65,-1.6657076478004456,-1.707313895225525,1.8333333333333333,0.8,-3.1515795985857644,-0.29999999999999993,309899937.8916723,0.2436836131442984,0.23396200216063165
246,256,kiambu,sigona/nyathuwa,kenya,11/9/2009,5,0,-0.254155129,,-1.213613261,36.66018801,-1.2,36.65,-1.6657076478004456,-1.707313895225525,1.8333333333333333,0.8,-3.1515795985857644,-0.29999999999999993,309899937.8916723,0.2436836131442984,0.23396200216063165
247,257,kiambu,sigona/nyathuwa,kenya,11/11/2009,4,0,1.015208666,,-1.213613261,36.66018801,-1.2,36.65,-1.6657076478004456,-1.707313895225525,1.8333333333333333,0.8,-3.1515795985857644,-0.29999999999999993,309899937.8916723,0.2436836131442984,0.23396200216063165
248,258,kiambu,sigona/nyathuwa,kenya,11/11/2009,3,0,0.443970875,,-1.213613261,36.66018801,-1.2,36.65,-1.6657076478004456,-1.707313895225525,1.8333333333333333,0.8,-3.1515795985857644,-0.29999999999999993,309899937.8916723,0.2436836131442984,0.23396200216063165
249,259,kiambu,sigona/nyathuwa,kenya,11/11/2009,2,0,1.106012275,,-1.213613261,36.66018801,-1.2,36.65,-1.6657076478004456,-1.707313895225525,1.8333333333333333,0.8,-3.1515795985857644,-0.29999999999999993,309899937.8916723,0.2436836131442984,0.23396200216063165
250,260,kiambu,sigona/nyathuwa,kenya,11/10/2009,5,0,-0.160636632,,-1.213613261,36.66018801,-1.2,36.65,-1.6657076478004456,-1.707313895225525,1.8333333333333333,0.8,-3.1515795985857644,-0.29999999999999993,309899937.8916723,0.2436836131442984,0.23396200216063165
251,261,kiambu,sigona/nyathuwa,kenya,11/12/2009,6,1,-0.148678636,1.0,-1.213613261,36.66018801,-1.2,36.65,-1.6657076478004456,-1.707313895225525,1.8333333333333333,0.8,-3.1515795985857644,-0.29999999999999993,309899937.8916723,0.2436836131442984,0.23396200216063165
252,262,kiambu,sigona/nyathuwa,kenya,11/9/2009,3,2,0.828346444,1.0,-1.213613261,36.66018801,-1.2,36.65,-1.6657076478004456,-1.707313895225525,1.8333333333333333,0.8,-3.1515795985857644,-0.29999999999999993,309899937.8916723,0.2436836131442984,0.23396200216063165
253,263,kiambu,sigona/nyathuwa,kenya,11/10/2009,3,1,0.470748198,0.0,-1.213613261,36.66018801,-1.2,36.65,-1.6657076478004456,-1.707313895225525,1.8333333333333333,0.8,-3.1515795985857644,-0.29999999999999993,309899937.8916723,0.2436836131442984,0.23396200216063165
254,264,kiambu,sigona/nyathuwa,kenya,11/9/2009,2,2,0.069558221,1.0,-1.213613261,36.66018801,-1.2,36.65,-1.6657076478004456,-1.707313895225525,1.8333333333333333,0.8,-3.1515795985857644,-0.29999999999999993,309899937.8916723,0.2436836131442984,0.23396200216063165
255,265,kiambu,sigona/nyathuwa,kenya,11/10/2009,7,3,-1.339176324,1.0,-1.213613261,36.66018801,-1.2,36.65,-1.6657076478004456,-1.707313895225525,1.8333333333333333,0.8,-3.1515795985857644,-0.29999999999999993,309899937.8916723,0.2436836131442984,0.23396200216063165
256,266,kiambu,sigona/nyathuwa,kenya,11/10/2009,4,1,0.944046851,0.0,-1.213613261,36.66018801,-1.2,36.65,-1.6657076478004456,-1.707313895225525,1.8333333333333333,0.8,-3.1515795985857644,-0.29999999999999993,309899937.8916723,0.2436836131442984,0.23396200216063165
257,267,kiambu,sigona/nyathuwa,kenya,11/9/2009,1,1,-1.912547596,1.0,-1.213613261,36.66018801,-1.2,36.65,-1.6657076478004456,-1.707313895225525,1.8333333333333333,0.8,-3.1515795985857644,-0.29999999999999993,309899937.8916723,0.2436836131442984,0.23396200216063165
258,268,kiambu,sigona/nyathuwa,kenya,11/9/2009,3,1,-0.218965442,1.0,-1.213613261,36.66018801,-1.2,36.65,-1.6657076478004456,-1.707313895225525,1.8333333333333333,0.8,-3.1515795985857644,-0.29999999999999993,309899937.8916723,0.2436836131442984,0.23396200216063165
259,269,kiambu,sigona/nyathuwa,kenya,11/11/2009,3,1,-1.057485886,1.0,-1.213613261,36.66018801,-1.2,36.65,-1.6657076478004456,-1.707313895225525,1.8333333333333333,0.8,-3.1515795985857644,-0.29999999999999993,309899937.8916723,0.2436836131442984,0.23396200216063165
260,270,kiambu,sigona/nyathuwa,kenya,11/10/2009,8,5,-1.059084468,1.0,-1.213613261,36.66018801,-1.2,36.65,-1.6657076478004456,-1.707313895225525,1.8333333333333333,0.8,-3.1515795985857644,-0.29999999999999993,309899937.8916723,0.2436836131442984,0.23396200216063165
261,271,kiambu,sigona/nyathuwa,kenya,11/10/2009,6,1,-1.570182805,0.0,-1.213613261,36.66018801,-1.2,36.65,-1.6657076478004456,-1.707313895225525,1.8333333333333333,0.8,-3.1515795985857644,-0.29999999999999993,309899937.8916723,0.2436836131442984,0.23396200216063165
262,272,kiambu,sigona/nyathuwa,kenya,11/11/2009,5,1,0.129717066,1.0,-1.213613261,36.66018801,-1.2,36.65,-1.6657076478004456,-1.707313895225525,1.8333333333333333,0.8,-3.1515795985857644,-0.29999999999999993,309899937.8916723,0.2436836131442984,0.23396200216063165
263,273,kiambu,sigona/nyathuwa,kenya,11/9/2009,1,4,-1.337886883,1.0,-1.213613261,36.66018801,-1.2,36.65,-1.6657076478004456,-1.707313895225525,1.8333333333333333,0.8,-3.1515795985857644,-0.29999999999999993,309899937.8916723,0.2436836131442984,0.23396200216063165
264,274,kiambu,sigona/nyathuwa,kenya,11/11/2009,1,0,-1.149322736,,-1.213613261,36.66018801,-1.2,36.65,-1.6657076478004456,-1.707313895225525,1.8333333333333333,0.8,-3.1515795985857644,-0.29999999999999993,309899937.8916723,0.2436836131442984,0.23396200216063165
265,275,kiambu,sigona/nyathuwa,kenya,11/10/2009,5,0,-0.618468083,,-1.213613261,36.66018801,-1.2,36.65,-1.6657076478004456,-1.707313895225525,1.8333333333333333,0.8,-3.1515795985857644,-0.29999999999999993,309899937.8916723,0.2436836131442984,0.23396200216063165
266,276,kiambu,sigona/nyathuwa,kenya,11/12/2009,2,5,3.164560032,1.0,-1.213613261,36.66018801,-1.2,36.65,-1.6657076478004456,-1.707313895225525,1.8333333333333333,0.8,-3.1515795985857644,-0.29999999999999993,309899937.8916723,0.2436836131442984,0.23396200216063165
267,277,kiambu,sigona/nyathuwa,kenya,11/11/2009,3,0,-0.294261025,,-1.213613261,36.66018801,-1.2,36.65,-1.6657076478004456,-1.707313895225525,1.8333333333333333,0.8,-3.1515795985857644,-0.29999999999999993,309899937.8916723,0.2436836131442984,0.23396200216063165
268,278,kiambu,sigona/nyathuwa,kenya,11/10/2009,2,3,0.037628282,0.0,-1.213613261,36.66018801,-1.2,36.65,-1.6657076478004456,-1.707313895225525,1.8333333333333333,0.8,-3.1515795985857644,-0.29999999999999993,309899937.8916723,0.2436836131442984,0.23396200216063165
269,279,kiambu,sigona/nyathuwa,kenya,11/9/2009,4,1,-0.294261025,1.0,-1.213613261,36.66018801,-1.2,36.65,-1.6657076478004456,-1.707313895225525,1.8333333333333333,0.8,-3.1515795985857644,-0.29999999999999993,309899937.8916723,0.2436836131442984,0.23396200216063165
270,280,kiambu,sigona/nyathuwa,kenya,11/9/2009,4,4,-1.600262228,1.0,-1.213613261,36.66018801,-1.2,36.65,-1.6657076478004456,-1.707313895225525,1.8333333333333333,0.8,-3.1515795985857644,-0.29999999999999993,309899937.8916723,0.2436836131442984,0.23396200216063165
271,281,kiambu,sigona/nyathuwa,kenya,11/11/2009,4,3,-0.274208077,1.0,-1.213613261,36.66018801,-1.2,36.65,-1.6657076478004456,-1.707313895225525,1.8333333333333333,0.8,-3.1515795985857644,-0.29999999999999993,309899937.8916723,0.2436836131442984,0.23396200216063165
272,282,kiambu,sigona/nyathuwa,kenya,11/10/2009,8,2,-0.494943389,0.0,-1.213613261,36.66018801,-1.2,36.65,-1.6657076478004456,-1.707313895225525,1.8333333333333333,0.8,-3.1515795985857644,-0.29999999999999993,309899937.8916723,0.2436836131442984,0.23396200216063165
273,283,kiambu,sigona/nyathuwa,kenya,11/11/2009,4,1,-0.23410218,0.0,-1.213613261,36.66018801,-1.2,36.65,-1.6657076478004456,-1.707313895225525,1.8333333333333333,0.8,-3.1515795985857644,-0.29999999999999993,309899937.8916723,0.2436836131442984,0.23396200216063165
274,284,kiambu,sigona/nyathuwa,kenya,11/11/2009,2,1,-1.139296261,1.0,-1.213613261,36.66018801,-1.2,36.65,-1.6657076478004456,-1.707313895225525,1.8333333333333333,0.8,-3.1515795985857644,-0.29999999999999993,309899937.8916723,0.2436836131442984,0.23396200216063165
275,285,kiambu,sigona/nyathuwa,kenya,11/11/2009,3,1,-1.566136498,1.0,-1.213613261,36.66018801,-1.2,36.65,-1.6657076478004456,-1.707313895225525,1.8333333333333333,0.8,-3.1515795985857644,-0.29999999999999993,309899937.8916723,0.2436836131442984,0.23396200216063165
276,286,kiambu,sigona/nyathuwa,kenya,11/8/2009,3,5,-1.615301939,1.0,-1.213613261,36.66018801,-1.2,36.65,-1.6657076478004456,-1.707313895225525,1.8333333333333333,0.8,-3.1515795985857644,-0.29999999999999993,309899937.8916723,0.2436836131442984,0.23396200216063165
277,287,kiambu,sigona/nyathuwa,kenya,11/11/2009,3,1,-0.294261025,1.0,-1.213613261,36.66018801,-1.2,36.65,-1.6657076478004456,-1.707313895225525,1.8333333333333333,0.8,-3.1515795985857644,-0.29999999999999993,309899937.8916723,0.2436836131442984,0.23396200216063165
278,288,kiambu,sigona/nyathuwa,kenya,11/12/2009,2,1,-0.98319295,0.0,-1.213613261,36.66018801,-1.2,36.65,-1.6657076478004456,-1.707313895225525,1.8333333333333333,0.8,-3.1515795985857644,-0.29999999999999993,309899937.8916723,0.2436836131442984,0.23396200216063165
279,289,kiambu,mbwa kali,kenya,11/8/2009,3,0,-1.678936748,1.0,-1.170804963,36.83215946,-1.15,36.85,-1.725689858198166,-1.7882348597049713,2.25,0.6,-3.9089466631412506,0.06666666666666665,413029382.9447616,0.22856255272502962,-0.8916113182117079
280,290,kiambu,mbwa kali,kenya,11/8/2009,2,0,-0.139775029,,-1.170804963,36.83215946,-1.15,36.85,-1.725689858198166,-1.7882348597049713,2.25,0.6,-3.9089466631412506,0.06666666666666665,413029382.9447616,0.22856255272502962,-0.8916113182117079
281,291,kiambu,mbwa kali,kenya,11/6/2009,4,0,-0.680995366,,-1.170804963,36.83215946,-1.15,36.85,-1.725689858198166,-1.7882348597049713,2.25,0.6,-3.9089466631412506,0.06666666666666665,413029382.9447616,0.22856255272502962,-0.8916113182117079
282,292,kiambu,mbwa kali,kenya,11/8/2009,4,4,-2.265028579,1.0,-1.170804963,36.83215946,-1.15,36.85,-1.725689858198166,-1.7882348597049713,2.25,0.6,-3.9089466631412506,0.06666666666666665,413029382.9447616,0.22856255272502962,-0.8916113182117079
283,293,kiambu,mbwa kali,kenya,11/6/2009,2,2,-0.801313055,0.0,-1.170804963,36.83215946,-1.15,36.85,-1.725689858198166,-1.7882348597049713,2.25,0.6,-3.9089466631412506,0.06666666666666665,413029382.9447616,0.22856255272502962,-0.8916113182117079
284,294,kiambu,mbwa kali,kenya,11/8/2009,4,3,-0.680995366,0.0,-1.170804963,36.83215946,-1.15,36.85,-1.725689858198166,-1.7882348597049713,2.25,0.6,-3.9089466631412506,0.06666666666666665,413029382.9447616,0.22856255272502962,-0.8916113182117079
285,295,kiambu,mbwa kali,kenya,11/7/2009,1,3,-0.188306596,1.0,-1.170804963,36.83215946,-1.15,36.85,-1.725689858198166,-1.7882348597049713,2.25,0.6,-3.9089466631412506,0.06666666666666665,413029382.9447616,0.22856255272502962,-0.8916113182117079
286,296,kiambu,mbwa kali,kenya,11/7/2009,4,4,-0.805423809,1.0,-1.170804963,36.83215946,-1.15,36.85,-1.725689858198166,-1.7882348597049713,2.25,0.6,-3.9089466631412506,0.06666666666666665,413029382.9447616,0.22856255272502962,-0.8916113182117079
287,297,kiambu,mbwa kali,kenya,11/8/2009,1,1,0.188970291,0.0,-1.170804963,36.83215946,-1.15,36.85,-1.725689858198166,-1.7882348597049713,2.25,0.6,-3.9089466631412506,0.06666666666666665,413029382.9447616,0.22856255272502962,-0.8916113182117079
288,298,kiambu,mbwa kali,kenya,11/8/2009,5,0,-0.618468083,,-1.170804963,36.83215946,-1.15,36.85,-1.725689858198166,-1.7882348597049713,2.25,0.6,-3.9089466631412506,0.06666666666666665,413029382.9447616,0.22856255272502962,-0.8916113182117079
289,299,kiambu,mbwa kali,kenya,11/9/2009,3,2,-0.356716674,1.0,-1.170804963,36.83215946,-1.15,36.85,-1.725689858198166,-1.7882348597049713,2.25,0.6,-3.9089466631412506,0.06666666666666665,413029382.9447616,0.22856255272502962,-0.8916113182117079
290,300,kiambu,mbwa kali,kenya,11/6/2009,6,0,-0.41744086,,-1.170804963,36.83215946,-1.15,36.85,-1.725689858198166,-1.7882348597049713,2.25,0.6,-3.9089466631412506,0.06666666666666665,413029382.9447616,0.22856255272502962,-0.8916113182117079
291,301,kiambu,mbwa kali,kenya,11/6/2009,7,0,-0.143863913,,-1.170804963,36.83215946,-1.15,36.85,-1.725689858198166,-1.7882348597049713,2.25,0.6,-3.9089466631412506,0.06666666666666665,413029382.9447616,0.22856255272502962,-0.8916113182117079
292,302,kiambu,mbwa kali,kenya,11/11/2009,3,0,-0.490832635,,-1.170804963,36.83215946,-1.15,36.85,-1.725689858198166,-1.7882348597049713,2.25,0.6,-3.9089466631412506,0.06666666666666665,413029382.9447616,0.22856255272502962,-0.8916113182117079
293,303,kiambu,mbwa kali,kenya,11/8/2009,1,0,-0.199933874,,-1.170804963,36.83215946,-1.15,36.85,-1.725689858198166,-1.7882348597049713,2.25,0.6,-3.9089466631412506,0.06666666666666665,413029382.9447616,0.22856255272502962,-0.8916113182117079
294,304,kiambu,mbwa kali,kenya,11/12/2009,4,2,-0.623182094,0.0,-1.170804963,36.83215946,-1.15,36.85,-1.725689858198166,-1.7882348597049713,2.25,0.6,-3.9089466631412506,0.06666666666666665,413029382.9447616,0.22856255272502962,-0.8916113182117079
295,305,kiambu,mbwa kali,kenya,11/8/2009,8,1,-0.98228733,0.0,-1.170804963,36.83215946,-1.15,36.85,-1.725689858198166,-1.7882348597049713,2.25,0.6,-3.9089466631412506,0.06666666666666665,413029382.9447616,0.22856255272502962,-0.8916113182117079
296,306,kiambu,mbwa kali,kenya,11/8/2009,1,0,-0.891551322,1.0,-1.170804963,36.83215946,-1.15,36.85,-1.725689858198166,-1.7882348597049713,2.25,0.6,-3.9089466631412506,0.06666666666666665,413029382.9447616,0.22856255272502962,-0.8916113182117079
297,307,kiambu,mbwa kali,kenya,11/8/2009,3,1,0.01106477,0.0,-1.170804963,36.83215946,-1.15,36.85,-1.725689858198166,-1.7882348597049713,2.25,0.6,-3.9089466631412506,0.06666666666666665,413029382.9447616,0.22856255272502962,-0.8916113182117079
298,308,kiambu,mbwa kali,kenya,11/8/2009,5,1,-1.099963357,1.0,-1.170804963,36.83215946,-1.15,36.85,-1.725689858198166,-1.7882348597049713,2.25,0.6,-3.9089466631412506,0.06666666666666665,413029382.9447616,0.22856255272502962,-0.8916113182117079
299,309,kisii,nyokabaria,kenya,11/9/2009,5,5,-0.675762221,1.0,-0.674091366,34.77188889,-0.65,34.75,-1.7889425158500671,-1.8509891629219055,2.0,0.4,-3.8485057950019836,-0.3999999999999999,414311315.99458534,0.2144258914894218,0.408293776897601
300,310,kisii,nyokabaria,kenya,11/10/2009,11,2,-0.586383366,1.0,-0.674091366,34.77188889,-0.65,34.75,-1.7889425158500671,-1.8509891629219055,2.0,0.4,-3.8485057950019836,-0.3999999999999999,414311315.99458534,0.2144258914894218,0.408293776897601
301,311,kisii,nyokabaria,kenya,11/8/2009,3,6,-0.361013734,1.0,-0.674091366,34.77188889,-0.65,34.75,-1.7889425158500671,-1.8509891629219055,2.0,0.4,-3.8485057950019836,-0.3999999999999999,414311315.99458534,0.2144258914894218,0.408293776897601
302,312,kisii,nyokabaria,kenya,11/10/2009,3,0,1.898114963,,-0.674091366,34.77188889,-0.65,34.75,-1.7889425158500671,-1.8509891629219055,2.0,0.4,-3.8485057950019836,-0.3999999999999999,414311315.99458534,0.2144258914894218,0.408293776897601
303,313,kisii,bomakombi,kenya,11/9/2009,7,0,0.339367403,,-0.70441522,34.69546123,-0.7,34.7,-2.0119850635528564,-2.1218271255493164,3.0,0.2,-6.035955429077148,-0.19999999999999973,419523885.8808659,0.22378636470066288,-0.48225635294378133
304,314,rachuonyo,atandi,kenya,11/17/2009,7,5,1.130075813,1.0,-1.298984456,36.8069776,-1.3,36.8,-1.752311885356903,-1.818533331155777,2.25,0.6,-3.966824859380722,0.06666666666666665,413029382.9447616,0.19164837633405407,-2.4186223658082064
305,315,rachuonyo,atandi,kenya,11/17/2009,5,2,-0.695469735,0.0,-1.298984456,36.8069776,-1.3,36.8,-1.752311885356903,-1.818533331155777,2.25,0.6,-3.966824859380722,0.06666666666666665,413029382.9447616,0.19164837633405407,-2.4186223658082064
306,316,rachuonyo,atandi,kenya,11/17/2009,6,6,-2.482062444,0.0,-1.298984456,36.8069776,-1.3,36.8,-1.752311885356903,-1.818533331155777,2.25,0.6,-3.966824859380722,0.06666666666666665,413029382.9447616,0.19164837633405407,-2.4186223658082064
307,317,rachuonyo,atandi,kenya,11/17/2009,4,4,0.166493852,1.0,-1.298984456,36.8069776,-1.3,36.8,-1.752311885356903,-1.818533331155777,2.25,0.6,-3.966824859380722,0.06666666666666665,413029382.9447616,0.19164837633405407,-2.4186223658082064
308,318,rachuonyo,atandi,kenya,11/17/2009,11,3,-0.470406028,1.0,-1.298984456,36.8069776,-1.3,36.8,-1.752311885356903,-1.818533331155777,2.25,0.6,-3.966824859380722,0.06666666666666665,413029382.9447616,0.19164837633405407,-2.4186223658082064
309,319,rachuonyo,nyabola,kenya,11/17/2009,4,1,0.464527198,1.0,-0.425136583,34.68950586,-0.45,34.7,-1.7896702885627747,-1.8705628514289856,2.5,0.4,-4.562572717666626,-0.3999999999999999,417881147.2242052,0.26411445630543334,-0.18919721927575606
310,320,rachuonyo,nyabola,kenya,11/17/2009,3,1,-0.341676963,1.0,-0.425136583,34.68950586,-0.45,34.7,-1.7896702885627747,-1.8705628514289856,2.5,0.4,-4.562572717666626,-0.3999999999999999,417881147.2242052,0.26411445630543334,-0.18919721927575606
311,321,rachuonyo,nyabola,kenya,11/17/2009,6,3,-1.318327095,1.0,-0.425136583,34.68950586,-0.45,34.7,-1.7896702885627747,-1.8705628514289856,2.5,0.4,-4.562572717666626,-0.3999999999999999,417881147.2242052,0.26411445630543334,-0.18919721927575606
312,322,rachuonyo,nyabola,kenya,11/17/2009,1,1,0.294794878,1.0,-0.425136583,34.68950586,-0.45,34.7,-1.7896702885627747,-1.8705628514289856,2.5,0.4,-4.562572717666626,-0.3999999999999999,417881147.2242052,0.26411445630543334,-0.18919721927575606
313,323,rachuonyo,atandi,kenya,11/17/2009,3,2,0.671120382,1.0,-1.298984456,36.8069776,-1.3,36.8,-1.752311885356903,-1.818533331155777,2.25,0.6,-3.966824859380722,0.06666666666666665,413029382.9447616,0.19164837633405407,-2.4186223658082064
314,324,rachuonyo,atandi,kenya,11/17/2009,3,1,-0.361013734,0.0,-1.298984456,36.8069776,-1.3,36.8,-1.752311885356903,-1.818533331155777,2.25,0.6,-3.966824859380722,0.06666666666666665,413029382.9447616,0.19164837633405407,-2.4186223658082064
315,325,rachuonyo,nyabola,kenya,11/17/2009,4,1,2.689279412,1.0,-0.425136583,34.68950586,-0.45,34.7,-1.7896702885627747,-1.8705628514289856,2.5,0.4,-4.562572717666626,-0.3999999999999999,417881147.2242052,0.26411445630543334,-0.18919721927575606
316,326,rachuonyo,atandi,kenya,11/17/2009,5,1,0.271412819,1.0,-1.298984456,36.8069776,-1.3,36.8,-1.752311885356903,-1.818533331155777,2.25,0.6,-3.966824859380722,0.06666666666666665,413029382.9447616,0.19164837633405407,-2.4186223658082064
317,327,rachuonyo,atandi,kenya,11/17/2009,6,1,-0.821997656,0.0,-1.298984456,36.8069776,-1.3,36.8,-1.752311885356903,-1.818533331155777,2.25,0.6,-3.966824859380722,0.06666666666666665,413029382.9447616,0.19164837633405407,-2.4186223658082064
318,328,rachuonyo,atandi,kenya,11/17/2009,4,3,2.468544099,1.0,-1.298984456,36.8069776,-1.3,36.8,-1.752311885356903,-1.818533331155777,2.25,0.6,-3.966824859380722,0.06666666666666665,413029382.9447616,0.19164837633405407,-2.4186223658082064
319,329,rachuonyo,nyabola,kenya,11/17/2009,8,2,1.753090099,1.0,-0.425136583,34.68950586,-0.45,34.7,-1.7896702885627747,-1.8705628514289856,2.5,0.4,-4.562572717666626,-0.3999999999999999,417881147.2242052,0.26411445630543334,-0.18919721927575606
320,330,rachuonyo,nyabola,kenya,11/17/2009,6,1,3.272775469,1.0,-0.425136583,34.68950586,-0.45,34.7,-1.7896702885627747,-1.8705628514289856,2.5,0.4,-4.562572717666626,-0.3999999999999999,417881147.2242052,0.26411445630543334,-0.18919721927575606
321,331,rachuonyo,nyabola,kenya,11/17/2009,8,1,3.284877722,1.0,-0.425136583,34.68950586,-0.45,34.7,-1.7896702885627747,-1.8705628514289856,2.5,0.4,-4.562572717666626,-0.3999999999999999,417881147.2242052,0.26411445630543334,-0.18919721927575606
322,332,rachuonyo,atandi,kenya,11/17/2009,8,1,3.210292985,1.0,-1.298984456,36.8069776,-1.3,36.8,-1.752311885356903,-1.818533331155777,2.25,0.6,-3.966824859380722,0.06666666666666665,413029382.9447616,0.19164837633405407,-2.4186223658082064
323,333,rachuonyo,nyabola,kenya,11/17/2009,7,1,1.48988447,1.0,-0.425136583,34.68950586,-0.45,34.7,-1.7896702885627747,-1.8705628514289856,2.5,0.4,-4.562572717666626,-0.3999999999999999,417881147.2242052,0.26411445630543334,-0.18919721927575606
324,334,rachuonyo,nyabola,kenya,11/17/2009,2,2,3.03304571,1.0,-0.425136583,34.68950586,-0.45,34.7,-1.7896702885627747,-1.8705628514289856,2.5,0.4,-4.562572717666626,-0.3999999999999999,417881147.2242052,0.26411445630543334,-0.18919721927575606
325,335,rachuonyo,atandi,kenya,11/17/2009,3,1,0.030708412,0.0,-1.298984456,36.8069776,-1.3,36.8,-1.752311885356903,-1.818533331155777,2.25,0.6,-3.966824859380722,0.06666666666666665,413029382.9447616,0.19164837633405407,-2.4186223658082064
326,336,rachuonyo,atandi,kenya,11/17/2009,3,2,-1.384604599,0.0,-1.298984456,36.8069776,-1.3,36.8,-1.752311885356903,-1.818533331155777,2.25,0.6,-3.966824859380722,0.06666666666666665,413029382.9447616,0.19164837633405407,-2.4186223658082064
327,337,rachuonyo,atandi,kenya,11/17/2009,3,1,1.693060697,1.0,-1.298984456,36.8069776,-1.3,36.8,-1.752311885356903,-1.818533331155777,2.25,0.6,-3.966824859380722,0.06666666666666665,413029382.9447616,0.19164837633405407,-2.4186223658082064
328,338,rachuonyo,atandi,kenya,11/17/2009,1,2,1.205371396,1.0,-1.298984456,36.8069776,-1.3,36.8,-1.752311885356903,-1.818533331155777,2.25,0.6,-3.966824859380722,0.06666666666666665,413029382.9447616,0.19164837633405407,-2.4186223658082064
329,339,rachuonyo,atandi,kenya,11/17/2009,1,0,-0.531470492,,-1.298984456,36.8069776,-1.3,36.8,-1.752311885356903,-1.818533331155777,2.25,0.6,-3.966824859380722,0.06666666666666665,413029382.9447616,0.19164837633405407,-2.4186223658082064
330,340,rachuonyo,atandi,kenya,11/17/2009,1,0,1.205371396,,-1.298984456,36.8069776,-1.3,36.8,-1.752311885356903,-1.818533331155777,2.25,0.6,-3.966824859380722,0.06666666666666665,413029382.9447616,0.19164837633405407,-2.4186223658082064
331,341,rachuonyo,atandi,kenya,11/17/2009,8,0,-1.725654464,,-1.298984456,36.8069776,-1.3,36.8,-1.752311885356903,-1.818533331155777,2.25,0.6,-3.966824859380722,0.06666666666666665,413029382.9447616,0.19164837633405407,-2.4186223658082064
332,342,rachuonyo,atandi,kenya,11/17/2009,4,0,0.719277935,,-1.298984456,36.8069776,-1.3,36.8,-1.752311885356903,-1.818533331155777,2.25,0.6,-3.966824859380722,0.06666666666666665,413029382.9447616,0.19164837633405407,-2.4186223658082064
333,343,rachuonyo,atandi,kenya,11/17/2009,5,2,-1.354525177,1.0,-1.298984456,36.8069776,-1.3,36.8,-1.752311885356903,-1.818533331155777,2.25,0.6,-3.966824859380722,0.06666666666666665,413029382.9447616,0.19164837633405407,-2.4186223658082064
334,344,rachuonyo,nyabola,kenya,11/17/2009,3,0,2.669226463,,-0.425136583,34.68950586,-0.45,34.7,-1.7896702885627747,-1.8705628514289856,2.5,0.4,-4.562572717666626,-0.3999999999999999,417881147.2242052,0.26411445630543334,-0.18919721927575606
335,345,rachuonyo,nyabola,kenya,11/17/2009,3,0,2.669226463,,-0.425136583,34.68950586,-0.45,34.7,-1.7896702885627747,-1.8705628514289856,2.5,0.4,-4.562572717666626,-0.3999999999999999,417881147.2242052,0.26411445630543334,-0.18919721927575606
336,346,rachuonyo,nyabola,kenya,11/17/2009,8,0,1.590149211,,-0.425136583,34.68950586,-0.45,34.7,-1.7896702885627747,-1.8705628514289856,2.5,0.4,-4.562572717666626,-0.3999999999999999,417881147.2242052,0.26411445630543334,-0.18919721927575606
337,347,rachuonyo,nyabola,kenya,11/17/2009,4,0,2.689279412,1.0,-0.425136583,34.68950586,-0.45,34.7,-1.7896702885627747,-1.8705628514289856,2.5,0.4,-4.562572717666626,-0.3999999999999999,417881147.2242052,0.26411445630543334,-0.18919721927575606
338,348,rachuonyo,nyabola,kenya,11/17/2009,7,0,1.701610585,,-0.425136583,34.68950586,-0.45,34.7,-1.7896702885627747,-1.8705628514289856,2.5,0.4,-4.562572717666626,-0.3999999999999999,417881147.2242052,0.26411445630543334,-0.18919721927575606
339,349,rachuonyo,nyabola,kenya,11/17/2009,8,0,1.525979777,,-0.425136583,34.68950586,-0.45,34.7,-1.7896702885627747,-1.8705628514289856,2.5,0.4,-4.562572717666626,-0.3999999999999999,417881147.2242052,0.26411445630543334,-0.18919721927575606
340,350,rachuonyo,nyabola,kenya,11/17/2009,7,0,2.213331009,,-0.425136583,34.68950586,-0.45,34.7,-1.7896702885627747,-1.8705628514289856,2.5,0.4,-4.562572717666626,-0.3999999999999999,417881147.2242052,0.26411445630543334,-0.18919721927575606
341,351,rachuonyo,atandi,kenya,11/17/2009,5,2,-0.540062523,1.0,-1.298984456,36.8069776,-1.3,36.8,-1.752311885356903,-1.818533331155777,2.25,0.6,-3.966824859380722,0.06666666666666665,413029382.9447616,0.19164837633405407,-2.4186223658082064
342,352,rachuonyo,atandi,kenya,11/18/2009,6,1,-0.320349194,0.0,-1.298984456,36.8069776,-1.3,36.8,-1.752311885356903,-1.818533331155777,2.25,0.6,-3.966824859380722,0.06666666666666665,413029382.9447616,0.19164837633405407,-2.4186223658082064
343,353,rachuonyo,atandi,kenya,11/18/2009,1,1,-1.019884192,1.0,-1.298984456,36.8069776,-1.3,36.8,-1.752311885356903,-1.818533331155777,2.25,0.6,-3.966824859380722,0.06666666666666665,413029382.9447616,0.19164837633405407,-2.4186223658082064
344,354,rachuonyo,atandi,kenya,11/18/2009,6,0,1.95143876,,-1.298984456,36.8069776,-1.3,36.8,-1.752311885356903,-1.818533331155777,2.25,0.6,-3.966824859380722,0.06666666666666665,413029382.9447616,0.19164837633405407,-2.4186223658082064
345,356,rachuonyo,atandi,kenya,11/18/2009,5,0,2.70933236,,-1.298984456,36.8069776,-1.3,36.8,-1.752311885356903,-1.818533331155777,2.25,0.6,-3.966824859380722,0.06666666666666665,413029382.9447616,0.19164837633405407,-2.4186223658082064
346,357,rachuonyo,atandi,kenya,11/18/2009,9,0,-0.46210796,,-1.298984456,36.8069776,-1.3,36.8,-1.752311885356903,-1.818533331155777,2.25,0.6,-3.966824859380722,0.06666666666666665,413029382.9447616,0.19164837633405407,-2.4186223658082064
347,358,rachuonyo,karianya,kenya,11/18/2009,6,1,0.119690592,1.0,-0.502554,34.73417442,-0.5,34.75,-1.8049896955490112,-1.8318281173706055,2.0,0.4,-3.8205184936523438,-0.3999999999999999,421450978.453825,0.23887285487534776,0.1496298090184976
348,359,rachuonyo,karianya,kenya,11/20/2009,6,1,1.550043315,0.0,-0.502554,34.73417442,-0.5,34.75,-1.8049896955490112,-1.8318281173706055,2.0,0.4,-3.8205184936523438,-0.3999999999999999,421450978.453825,0.23887285487534776,0.1496298090184976
349,360,rachuonyo,karianya,kenya,11/20/2009,3,1,-1.701122904,1.0,-0.502554,34.73417442,-0.5,34.75,-1.8049896955490112,-1.8318281173706055,2.0,0.4,-3.8205184936523438,-0.3999999999999999,421450978.453825,0.23887285487534776,0.1496298090184976
350,361,rachuonyo,karianya,kenya,11/18/2009,4,1,3.073151607,1.0,-0.502554,34.73417442,-0.5,34.75,-1.8049896955490112,-1.8318281173706055,2.0,0.4,-3.8205184936523438,-0.3999999999999999,421450978.453825,0.23887285487534776,0.1496298090184976
351,362,rachuonyo,karianya,kenya,11/18/2009,5,1,3.143336925,1.0,-0.502554,34.73417442,-0.5,34.75,-1.8049896955490112,-1.8318281173706055,2.0,0.4,-3.8205184936523438,-0.3999999999999999,421450978.453825,0.23887285487534776,0.1496298090184976
352,363,rachuonyo,karianya,kenya,11/18/2009,3,2,2.669226463,0.0,-0.502554,34.73417442,-0.5,34.75,-1.8049896955490112,-1.8318281173706055,2.0,0.4,-3.8205184936523438,-0.3999999999999999,421450978.453825,0.23887285487534776,0.1496298090184976
353,364,rachuonyo,nyabola,kenya,11/18/2009,6,1,3.113257503,1.0,-0.425136583,34.68950586,-0.45,34.7,-1.7896702885627747,-1.8705628514289856,2.5,0.4,-4.562572717666626,-0.3999999999999999,417881147.2242052,0.26411445630543334,-0.18919721927575606
354,365,rachuonyo,nyabola,kenya,11/18/2009,7,1,3.648696968,0.0,-0.425136583,34.68950586,-0.45,34.7,-1.7896702885627747,-1.8705628514289856,2.5,0.4,-4.562572717666626,-0.3999999999999999,417881147.2242052,0.26411445630543334,-0.18919721927575606
355,366,rachuonyo,karianya,kenya,11/18/2009,11,0,3.839199977,,-0.502554,34.73417442,-0.5,34.75,-1.8049896955490112,-1.8318281173706055,2.0,0.4,-3.8205184936523438,-0.3999999999999999,421450978.453825,0.23887285487534776,0.1496298090184976
356,367,rachuonyo,karianya,kenya,11/18/2009,9,0,2.904948457,,-0.502554,34.73417442,-0.5,34.75,-1.8049896955490112,-1.8318281173706055,2.0,0.4,-3.8205184936523438,-0.3999999999999999,421450978.453825,0.23887285487534776,0.1496298090184976
357,368,rachuonyo,karianya,kenya,11/18/2009,5,0,3.457628618,1.0,-0.502554,34.73417442,-0.5,34.75,-1.8049896955490112,-1.8318281173706055,2.0,0.4,-3.8205184936523438,-0.3999999999999999,421450978.453825,0.23887285487534776,0.1496298090184976
358,369,rachuonyo,karianya,kenya,11/18/2009,5,0,3.358269497,1.0,-0.502554,34.73417442,-0.5,34.75,-1.8049896955490112,-1.8318281173706055,2.0,0.4,-3.8205184936523438,-0.3999999999999999,421450978.453825,0.23887285487534776,0.1496298090184976
359,370,rachuonyo,karianya,kenya,11/18/2009,6,0,3.173416348,,-0.502554,34.73417442,-0.5,34.75,-1.8049896955490112,-1.8318281173706055,2.0,0.4,-3.8205184936523438,-0.3999999999999999,421450978.453825,0.23887285487534776,0.1496298090184976
360,371,rachuonyo,karianya,kenya,11/18/2009,7,0,1.319774688,,-0.502554,34.73417442,-0.5,34.75,-1.8049896955490112,-1.8318281173706055,2.0,0.4,-3.8205184936523438,-0.3999999999999999,421450978.453825,0.23887285487534776,0.1496298090184976
361,372,rachuonyo,ayuang,kenya,11/20/2009,2,4,3.667844297,0.0,-0.495313912,34.73284732,-0.5,34.75,-1.8049896955490112,-1.8318281173706055,2.0,0.4,-3.8205184936523438,-0.3999999999999999,421450978.453825,0.23887285487534776,0.1496298090184976
362,373,rachuonyo,ayuang,kenya,11/20/2009,4,2,3.113257503,1.0,-0.495313912,34.73284732,-0.5,34.75,-1.8049896955490112,-1.8318281173706055,2.0,0.4,-3.8205184936523438,-0.3999999999999999,421450978.453825,0.23887285487534776,0.1496298090184976
363,374,rachuonyo,ayuang,kenya,11/19/2009,6,1,3.212616624,1.0,-0.495313912,34.73284732,-0.5,34.75,-1.8049896955490112,-1.8318281173706055,2.0,0.4,-3.8205184936523438,-0.3999999999999999,421450978.453825,0.23887285487534776,0.1496298090184976
364,375,rachuonyo,ayuang,kenya,11/19/2009,4,6,0.270530391,1.0,-0.495313912,34.73284732,-0.5,34.75,-1.8049896955490112,-1.8318281173706055,2.0,0.4,-3.8205184936523438,-0.3999999999999999,421450978.453825,0.23887285487534776,0.1496298090184976
365,376,rachuonyo,ayuang,kenya,11/19/2009,2,3,-0.770946937,1.0,-0.495313912,34.73284732,-0.5,34.75,-1.8049896955490112,-1.8318281173706055,2.0,0.4,-3.8205184936523438,-0.3999999999999999,421450978.453825,0.23887285487534776,0.1496298090184976
366,377,rachuonyo,ayuang,kenya,11/10/2009,5,1,1.795055309,1.0,-0.495313912,34.73284732,-0.5,34.75,-1.8049896955490112,-1.8318281173706055,2.0,0.4,-3.8205184936523438,-0.3999999999999999,421450978.453825,0.23887285487534776,0.1496298090184976
367,378,rachuonyo,ayuang,kenya,11/19/2009,4,6,1.259615843,1.0,-0.495313912,34.73284732,-0.5,34.75,-1.8049896955490112,-1.8318281173706055,2.0,0.4,-3.8205184936523438,-0.3999999999999999,421450978.453825,0.23887285487534776,0.1496298090184976
368,379,rachuonyo,ayuang,kenya,11/19/2009,6,5,1.29972174,1.0,-0.495313912,34.73284732,-0.5,34.75,-1.8049896955490112,-1.8318281173706055,2.0,0.4,-3.8205184936523438,-0.3999999999999999,421450978.453825,0.23887285487534776,0.1496298090184976
369,380,rachuonyo,ayuang,kenya,11/19/2009,9,3,-0.085511849,1.0,-0.495313912,34.73284732,-0.5,34.75,-1.8049896955490112,-1.8318281173706055,2.0,0.4,-3.8205184936523438,-0.3999999999999999,421450978.453825,0.23887285487534776,0.1496298090184976
370,381,rachuonyo,ayuang,kenya,11/20/2009,3,1,-1.375796342,1.0,-0.495313912,34.73284732,-0.5,34.75,-1.8049896955490112,-1.8318281173706055,2.0,0.4,-3.8205184936523438,-0.3999999999999999,421450978.453825,0.23887285487534776,0.1496298090184976
371,382,rachuonyo,ayuang,kenya,11/20/2009,4,0,1.762787552,,-0.495313912,34.73284732,-0.5,34.75,-1.8049896955490112,-1.8318281173706055,2.0,0.4,-3.8205184936523438,-0.3999999999999999,421450978.453825,0.23887285487534776,0.1496298090184976
372,383,rachuonyo,ayuang,kenya,11/20/2009,6,0,3.272775469,,-0.495313912,34.73284732,-0.5,34.75,-1.8049896955490112,-1.8318281173706055,2.0,0.4,-3.8205184936523438,-0.3999999999999999,421450978.453825,0.23887285487534776,0.1496298090184976
373,384,rachuonyo,ayuang,kenya,11/20/2009,8,0,3.082391714,1.0,-0.495313912,34.73284732,-0.5,34.75,-1.8049896955490112,-1.8318281173706055,2.0,0.4,-3.8205184936523438,-0.3999999999999999,421450978.453825,0.23887285487534776,0.1496298090184976
374,385,rachuonyo,ayuang,kenya,11/19/2009,3,0,3.697923719,,-0.495313912,34.73284732,-0.5,34.75,-1.8049896955490112,-1.8318281173706055,2.0,0.4,-3.8205184936523438,-0.3999999999999999,421450978.453825,0.23887285487534776,0.1496298090184976
375,386,rachuonyo,ayuang,kenya,11/20/2009,5,0,0.209192386,1.0,-0.495313912,34.73284732,-0.5,34.75,-1.8049896955490112,-1.8318281173706055,2.0,0.4,-3.8205184936523438,-0.3999999999999999,421450978.453825,0.23887285487534776,0.1496298090184976
376,387,rachuonyo,ayuang,kenya,11/20/2009,9,0,1.413899547,,-0.495313912,34.73284732,-0.5,34.75,-1.8049896955490112,-1.8318281173706055,2.0,0.4,-3.8205184936523438,-0.3999999999999999,421450978.453825,0.23887285487534776,0.1496298090184976
377,388,rachuonyo,ayuang,kenya,11/20/2009,6,0,2.261556747,1.0,-0.495313912,34.73284732,-0.5,34.75,-1.8049896955490112,-1.8318281173706055,2.0,0.4,-3.8205184936523438,-0.3999999999999999,421450978.453825,0.23887285487534776,0.1496298090184976
378,389,rachuonyo,ayuang,kenya,11/20/2009,7,1,3.133310451,1.0,-0.495313912,34.73284732,-0.5,34.75,-1.8049896955490112,-1.8318281173706055,2.0,0.4,-3.8205184936523438,-0.3999999999999999,421450978.453825,0.23887285487534776,0.1496298090184976
379,390,rachuonyo,ayuang,kenya,11/20/2009,5,1,3.293734037,1.0,-0.495313912,34.73284732,-0.5,34.75,-1.8049896955490112,-1.8318281173706055,2.0,0.4,-3.8205184936523438,-0.3999999999999999,421450978.453825,0.23887285487534776,0.1496298090184976
380,400,rachuonyo,ayuang,kenya,11/19/2009,7,5,0.873465578,1.0,-0.495313912,34.73284732,-0.5,34.75,-1.8049896955490112,-1.8318281173706055,2.0,0.4,-3.8205184936523438,-0.3999999999999999,421450978.453825,0.23887285487534776,0.1496298090184976
381,401,rachuonyo,ayuang,kenya,11/19/2009,6,2,3.62864402,1.0,-0.495313912,34.73284732,-0.5,34.75,-1.8049896955490112,-1.8318281173706055,2.0,0.4,-3.8205184936523438,-0.3999999999999999,421450978.453825,0.23887285487534776,0.1496298090184976
382,402,rachuonyo,ayuang,kenya,11/19/2009,3,2,3.568485175,1.0,-0.495313912,34.73284732,-0.5,34.75,-1.8049896955490112,-1.8318281173706055,2.0,0.4,-3.8205184936523438,-0.3999999999999999,421450978.453825,0.23887285487534776,0.1496298090184976
383,403,rachuonyo,ayuang,kenya,11/19/2009,4,3,3.687897245,1.0,-0.495313912,34.73284732,-0.5,34.75,-1.8049896955490112,-1.8318281173706055,2.0,0.4,-3.8205184936523438,-0.3999999999999999,421450978.453825,0.23887285487534776,0.1496298090184976
384,404,rachuonyo,ayuang,kenya,11/18/2009,3,1,3.447602144,1.0,-0.495313912,34.73284732,-0.5,34.75,-1.8049896955490112,-1.8318281173706055,2.0,0.4,-3.8205184936523438,-0.3999999999999999,421450978.453825,0.23887285487534776,0.1496298090184976
385,405,rachuonyo,karianya,kenya,11/18/2009,7,1,3.398375393,1.0,-0.502554,34.73417442,-0.5,34.75,-1.8049896955490112,-1.8318281173706055,2.0,0.4,-3.8205184936523438,-0.3999999999999999,421450978.453825,0.23887285487534776,0.1496298090184976
386,406,rachuonyo,karianya,kenya,11/18/2009,6,1,-1.171773061,1.0,-0.502554,34.73417442,-0.5,34.75,-1.8049896955490112,-1.8318281173706055,2.0,0.4,-3.8205184936523438,-0.3999999999999999,421450978.453825,0.23887285487534776,0.1496298090184976
387,407,rachuonyo,karianya,kenya,11/18/2009,3,1,-2.287086823,1.0,-0.502554,34.73417442,-0.5,34.75,-1.8049896955490112,-1.8318281173706055,2.0,0.4,-3.8205184936523438,-0.3999999999999999,421450978.453825,0.23887285487534776,0.1496298090184976
388,408,nakuru,morop,kenya,11/10/2009,6,1,1.406806499,0.0,-0.110336674,35.94205931,-0.1,35.95,-1.7097965876261394,-1.7587907711664836,1.5,0.8,-2.617211937904358,-0.29999999999999993,279176940.63850015,0.20723545622717054,-0.5538160389278398
389,409,nakuru,morop,kenya,11/12/2009,2,1,2.171569255,1.0,-0.110336674,35.94205931,-0.1,35.95,-1.7097965876261394,-1.7587907711664836,1.5,0.8,-2.617211937904358,-0.29999999999999993,279176940.63850015,0.20723545622717054,-0.5538160389278398
390,410,nakuru,morop,kenya,11/12/2009,5,1,1.346647654,1.0,-0.110336674,35.94205931,-0.1,35.95,-1.7097965876261394,-1.7587907711664836,1.5,0.8,-2.617211937904358,-0.29999999999999993,279176940.63850015,0.20723545622717054,-0.5538160389278398
391,411,nakuru,london,kenya,11/10/2009,4,2,-3.090010867,1.0,-0.275922368,36.07027959,-0.3,36.05,-1.8573858737945557,-1.9762049118677776,2.0,0.6,-3.7147717475891113,-0.5999999999999999,371501488.3083488,0.17299280969731395,-1.0054061199623072
392,412,nakuru,london,kenya,11/10/2009,1,1,-0.738106285,0.0,-0.275922368,36.07027959,-0.3,36.05,-1.8573858737945557,-1.9762049118677776,2.0,0.6,-3.7147717475891113,-0.5999999999999999,371501488.3083488,0.17299280969731395,-1.0054061199623072
393,413,nakuru,london,kenya,11/12/2009,1,3,-1.725186442,0.0,-0.275922368,36.07027959,-0.3,36.05,-1.8573858737945557,-1.9762049118677776,2.0,0.6,-3.7147717475891113,-0.5999999999999999,371501488.3083488,0.17299280969731395,-1.0054061199623072
394,414,nakuru,london,kenya,11/12/2009,1,4,-3.12009029,0.0,-0.275922368,36.07027959,-0.3,36.05,-1.8573858737945557,-1.9762049118677776,2.0,0.6,-3.7147717475891113,-0.5999999999999999,371501488.3083488,0.17299280969731395,-1.0054061199623072
395,415,nakuru,london,kenya,11/14/2009,2,4,-2.711661397,0.0,-0.275922368,36.07027959,-0.3,36.05,-1.8573858737945557,-1.9762049118677776,2.0,0.6,-3.7147717475891113,-0.5999999999999999,371501488.3083488,0.17299280969731395,-1.0054061199623072
396,416,nakuru,london,kenya,11/10/2009,5,2,-3.054918208,0.0,-0.275922368,36.07027959,-0.3,36.05,-1.8573858737945557,-1.9762049118677776,2.0,0.6,-3.7147717475891113,-0.5999999999999999,371501488.3083488,0.17299280969731395,-1.0054061199623072
397,418,nakuru,plant breeding,kenya,11/12/2009,2,1,-0.325381164,0.0,-0.275922368,36.07027959,-0.3,36.05,-1.8573858737945557,-1.9762049118677776,2.0,0.6,-3.7147717475891113,-0.5999999999999999,371501488.3083488,0.17299280969731395,-1.0054061199623072
398,419,nakuru,plant breeding,kenya,11/14/2009,1,2,-1.047078035,0.0,-0.275922368,36.07027959,-0.3,36.05,-1.8573858737945557,-1.9762049118677776,2.0,0.6,-3.7147717475891113,-0.5999999999999999,371501488.3083488,0.17299280969731395,-1.0054061199623072
399,420,nakuru,plant breeding,kenya,11/14/2009,2,1,-1.725654464,0.0,-0.275922368,36.07027959,-0.3,36.05,-1.8573858737945557,-1.9762049118677776,2.0,0.6,-3.7147717475891113,-0.5999999999999999,371501488.3083488,0.17299280969731395,-1.0054061199623072
400,421,rachuonyo,karianya,kenya,11/18/2009,7,0,2.571131547,,-0.502554,34.73417442,-0.5,34.75,-1.8049896955490112,-1.8318281173706055,2.0,0.4,-3.8205184936523438,-0.3999999999999999,421450978.453825,0.23887285487534776,0.1496298090184976
401,422,nakuru,plant breeding,kenya,11/14/2009,3,3,-1.66549562,1.0,-0.275922368,36.07027959,-0.3,36.05,-1.8573858737945557,-1.9762049118677776,2.0,0.6,-3.7147717475891113,-0.5999999999999999,371501488.3083488,0.17299280969731395,-1.0054061199623072
402,423,nakuru,plant breeding,kenya,11/14/2009,1,1,-1.785813309,0.0,-0.275922368,36.07027959,-0.3,36.05,-1.8573858737945557,-1.9762049118677776,2.0,0.6,-3.7147717475891113,-0.5999999999999999,371501488.3083488,0.17299280969731395,-1.0054061199623072
403,424,nakuru,plant breeding,kenya,11/14/2009,3,1,-0.286180888,1.0,-0.275922368,36.07027959,-0.3,36.05,-1.8573858737945557,-1.9762049118677776,2.0,0.6,-3.7147717475891113,-0.5999999999999999,371501488.3083488,0.17299280969731395,-1.0054061199623072
404,425,nakuru,plant breeding,kenya,11/14/2009,6,1,-2.129732489,0.0,-0.275922368,36.07027959,-0.3,36.05,-1.8573858737945557,-1.9762049118677776,2.0,0.6,-3.7147717475891113,-0.5999999999999999,371501488.3083488,0.17299280969731395,-1.0054061199623072
405,426,nakuru,ngondu,kenya,11/14/2009,3,3,-2.459620998,1.0,-0.369182194,35.94336408,-0.35,35.95,-1.8103533387184143,-1.9271731972694397,2.0,0.8,-3.6518402298291526,-0.29999999999999993,322157893.9968456,0.19177434575980593,-1.27195412150372
406,427,nakuru,ngondu,kenya,11/11/2009,2,2,0.24493468,1.0,-0.369182194,35.94336408,-0.35,35.95,-1.8103533387184143,-1.9271731972694397,2.0,0.8,-3.6518402298291526,-0.29999999999999993,322157893.9968456,0.19177434575980593,-1.27195412150372
407,428,nakuru,ngondu,kenya,11/12/2009,1,4,2.827617784,0.0,-0.369182194,35.94336408,-0.35,35.95,-1.8103533387184143,-1.9271731972694397,2.0,0.8,-3.6518402298291526,-0.29999999999999993,322157893.9968456,0.19177434575980593,-1.27195412150372
408,429,nakuru,morop,kenya,11/13/2009,4,1,2.849702998,1.0,-0.110336674,35.94205931,-0.1,35.95,-1.7097965876261394,-1.7587907711664836,1.5,0.8,-2.617211937904358,-0.29999999999999993,279176940.63850015,0.20723545622717054,-0.5538160389278398
409,430,nakuru,morop,kenya,11/10/2009,2,1,0.479028181,1.0,-0.110336674,35.94205931,-0.1,35.95,-1.7097965876261394,-1.7587907711664836,1.5,0.8,-2.617211937904358,-0.29999999999999993,279176940.63850015,0.20723545622717054,-0.5538160389278398
410,431,nakuru,plant breeding,kenya,11/14/2009,6,0,-0.084745785,,-0.275922368,36.07027959,-0.3,36.05,-1.8573858737945557,-1.9762049118677776,2.0,0.6,-3.7147717475891113,-0.5999999999999999,371501488.3083488,0.17299280969731395,-1.0054061199623072
411,432,nakuru,plant breeding,kenya,11/14/2009,6,0,-0.746283811,,-0.275922368,36.07027959,-0.3,36.05,-1.8573858737945557,-1.9762049118677776,2.0,0.6,-3.7147717475891113,-0.5999999999999999,371501488.3083488,0.17299280969731395,-1.0054061199623072
412,433,nakuru,london,kenya,11/10/2009,6,0,-2.663534322,,-0.275922368,36.07027959,-0.3,36.05,-1.8573858737945557,-1.9762049118677776,2.0,0.6,-3.7147717475891113,-0.5999999999999999,371501488.3083488,0.17299280969731395,-1.0054061199623072
413,434,nakuru,london,kenya,11/10/2009,4,0,-2.990651746,,-0.275922368,36.07027959,-0.3,36.05,-1.8573858737945557,-1.9762049118677776,2.0,0.6,-3.7147717475891113,-0.5999999999999999,371501488.3083488,0.17299280969731395,-1.0054061199623072
414,435,nakuru,london,kenya,11/10/2009,5,0,-3.069957919,,-0.275922368,36.07027959,-0.3,36.05,-1.8573858737945557,-1.9762049118677776,2.0,0.6,-3.7147717475891113,-0.5999999999999999,371501488.3083488,0.17299280969731395,-1.0054061199623072
415,436,nakuru,london,kenya,11/10/2009,2,0,-0.708026862,,-0.275922368,36.07027959,-0.3,36.05,-1.8573858737945557,-1.9762049118677776,2.0,0.6,-3.7147717475891113,-0.5999999999999999,371501488.3083488,0.17299280969731395,-1.0054061199623072
416,437,nakuru,london,kenya,11/10/2009,3,0,-1.139314994,,-0.275922368,36.07027959,-0.3,36.05,-1.8573858737945557,-1.9762049118677776,2.0,0.6,-3.7147717475891113,-0.5999999999999999,371501488.3083488,0.17299280969731395,-1.0054061199623072
417,438,nakuru,ngondu,kenya,11/12/2009,2,0,3.15245778,,-0.369182194,35.94336408,-0.35,35.95,-1.8103533387184143,-1.9271731972694397,2.0,0.8,-3.6518402298291526,-0.29999999999999993,322157893.9968456,0.19177434575980593,-1.27195412150372
418,439,nakuru,ngondu,kenya,11/12/2009,1,0,1.41039814,,-0.369182194,35.94336408,-0.35,35.95,-1.8103533387184143,-1.9271731972694397,2.0,0.8,-3.6518402298291526,-0.29999999999999993,322157893.9968456,0.19177434575980593,-1.27195412150372
419,440,nakuru,ngondu,kenya,11/13/2009,4,0,1.363182684,,-0.369182194,35.94336408,-0.35,35.95,-1.8103533387184143,-1.9271731972694397,2.0,0.8,-3.6518402298291526,-0.29999999999999993,322157893.9968456,0.19177434575980593,-1.27195412150372
420,441,nakuru,ngondu,kenya,11/13/2009,5,0,-0.19594262,,-0.369182194,35.94336408,-0.35,35.95,-1.8103533387184143,-1.9271731972694397,2.0,0.8,-3.6518402298291526,-0.29999999999999993,322157893.9968456,0.19177434575980593,-1.27195412150372
421,442,nakuru,ngondu,kenya,11/12/2009,1,0,0.199126207,,-0.369182194,35.94336408,-0.35,35.95,-1.8103533387184143,-1.9271731972694397,2.0,0.8,-3.6518402298291526,-0.29999999999999993,322157893.9968456,0.19177434575980593,-1.27195412150372
422,443,nakuru,ngondu,kenya,11/11/2009,2,0,-0.286180888,,-0.369182194,35.94336408,-0.35,35.95,-1.8103533387184143,-1.9271731972694397,2.0,0.8,-3.6518402298291526,-0.29999999999999993,322157893.9968456,0.19177434575980593,-1.27195412150372
423,444,nakuru,ngondu,kenya,11/13/2009,5,0,1.222812046,,-0.369182194,35.94336408,-0.35,35.95,-1.8103533387184143,-1.9271731972694397,2.0,0.8,-3.6518402298291526,-0.29999999999999993,322157893.9968456,0.19177434575980593,-1.27195412150372
424,445,nakuru,plant breeding,kenya,11/14/2009,2,0,-0.325381164,,-0.275922368,36.07027959,-0.3,36.05,-1.8573858737945557,-1.9762049118677776,2.0,0.6,-3.7147717475891113,-0.5999999999999999,371501488.3083488,0.17299280969731395,-1.0054061199623072
425,446,nakuru,plant breeding,kenya,11/14/2009,1,0,-0.286180888,1.0,-0.275922368,36.07027959,-0.3,36.05,-1.8573858737945557,-1.9762049118677776,2.0,0.6,-3.7147717475891113,-0.5999999999999999,371501488.3083488,0.17299280969731395,-1.0054061199623072
426,447,nakuru,morop,kenya,11/10/2009,1,0,-1.815892732,,-0.110336674,35.94205931,-0.1,35.95,-1.7097965876261394,-1.7587907711664836,1.5,0.8,-2.617211937904358,-0.29999999999999993,279176940.63850015,0.20723545622717054,-0.5538160389278398
427,448,nakuru,plant breeding,kenya,11/14/2009,1,0,-1.785813309,,-0.275922368,36.07027959,-0.3,36.05,-1.8573858737945557,-1.9762049118677776,2.0,0.6,-3.7147717475891113,-0.5999999999999999,371501488.3083488,0.17299280969731395,-1.0054061199623072
428,449,nakuru,morop,kenya,11/10/2009,11,0,-1.098850087,,-0.110336674,35.94205931,-0.1,35.95,-1.7097965876261394,-1.7587907711664836,1.5,0.8,-2.617211937904358,-0.29999999999999993,279176940.63850015,0.20723545622717054,-0.5538160389278398
429,450,nakuru,morop,kenya,11/11/2009,6,1,1.406806499,1.0,-0.110336674,35.94205931,-0.1,35.95,-1.7097965876261394,-1.7587907711664836,1.5,0.8,-2.617211937904358,-0.29999999999999993,279176940.63850015,0.20723545622717054,-0.5538160389278398
430,451,nakuru,morop,kenya,11/11/2009,8,1,2.674089956,1.0,-0.110336674,35.94205931,-0.1,35.95,-1.7097965876261394,-1.7587907711664836,1.5,0.8,-2.617211937904358,-0.29999999999999993,279176940.63850015,0.20723545622717054,-0.5538160389278398
431,452,nakuru,london,kenya,11/10/2009,5,0,-1.72095893,,-0.275922368,36.07027959,-0.3,36.05,-1.8573858737945557,-1.9762049118677776,2.0,0.6,-3.7147717475891113,-0.5999999999999999,371501488.3083488,0.17299280969731395,-1.0054061199623072
432,453,nakuru,plant breeding,kenya,11/14/2009,4,1,-2.412797404,0.0,-0.275922368,36.07027959,-0.3,36.05,-1.8573858737945557,-1.9762049118677776,2.0,0.6,-3.7147717475891113,-0.5999999999999999,371501488.3083488,0.17299280969731395,-1.0054061199623072
433,454,nakuru,plant breeding,kenya,11/14/2009,6,1,-2.877917638,0.0,-0.275922368,36.07027959,-0.3,36.05,-1.8573858737945557,-1.9762049118677776,2.0,0.6,-3.7147717475891113,-0.5999999999999999,371501488.3083488,0.17299280969731395,-1.0054061199623072
434,455,nakuru,plant breeding,kenya,11/14/2009,4,1,-3.118553018,0.0,-0.275922368,36.07027959,-0.3,36.05,-1.8573858737945557,-1.9762049118677776,2.0,0.6,-3.7147717475891113,-0.5999999999999999,371501488.3083488,0.17299280969731395,-1.0054061199623072
435,456,nakuru,plant breeding,kenya,11/14/2009,4,4,-0.970094568,0.0,-0.275922368,36.07027959,-0.3,36.05,-1.8573858737945557,-1.9762049118677776,2.0,0.6,-3.7147717475891113,-0.5999999999999999,371501488.3083488,0.17299280969731395,-1.0054061199623072
436,457,nakuru,plant breeding,kenya,11/14/2009,5,1,-2.189891334,1.0,-0.275922368,36.07027959,-0.3,36.05,-1.8573858737945557,-1.9762049118677776,2.0,0.6,-3.7147717475891113,-0.5999999999999999,371501488.3083488,0.17299280969731395,-1.0054061199623072
437,458,nakuru,london,kenya,11/10/2009,5,1,-2.928390287,1.0,-0.275922368,36.07027959,-0.3,36.05,-1.8573858737945557,-1.9762049118677776,2.0,0.6,-3.7147717475891113,-0.5999999999999999,371501488.3083488,0.17299280969731395,-1.0054061199623072
438,459,nakuru,london,kenya,11/10/2009,5,1,-3.054918208,1.0,-0.275922368,36.07027959,-0.3,36.05,-1.8573858737945557,-1.9762049118677776,2.0,0.6,-3.7147717475891113,-0.5999999999999999,371501488.3083488,0.17299280969731395,-1.0054061199623072
439,460,nakuru,london,kenya,11/10/2009,3,2,-3.104334402,0.0,-0.275922368,36.07027959,-0.3,36.05,-1.8573858737945557,-1.9762049118677776,2.0,0.6,-3.7147717475891113,-0.5999999999999999,371501488.3083488,0.17299280969731395,-1.0054061199623072
440,461,nakuru,section 58,kenya,11/14/2009,7,0,-3.196856835,,-0.283812727,36.09431466,-0.3,36.1,-1.8410974740982056,-1.950044830640157,2.0,0.6,-3.682194948196411,-0.5999999999999999,371501488.3083488,0.17070980063279748,-0.6307676315926216
441,462,nakuru,section 58,kenya,11/11/2009,4,3,-2.982630567,1.0,-0.283812727,36.09431466,-0.3,36.1,-1.8410974740982056,-1.950044830640157,2.0,0.6,-3.682194948196411,-0.5999999999999999,371501488.3083488,0.17070980063279748,-0.6307676315926216
442,463,nakuru,section 58,kenya,11/13/2009,5,2,-2.970598798,1.0,-0.283812727,36.09431466,-0.3,36.1,-1.8410974740982056,-1.950044830640157,2.0,0.6,-3.682194948196411,-0.5999999999999999,371501488.3083488,0.17070980063279748,-0.6307676315926216
443,464,nakuru,section 58,kenya,11/10/2009,7,1,-2.371874547,1.0,-0.283812727,36.09431466,-0.3,36.1,-1.8410974740982056,-1.950044830640157,2.0,0.6,-3.682194948196411,-0.5999999999999999,371501488.3083488,0.17070980063279748,-0.6307676315926216
444,465,nakuru,section 58,kenya,11/12/2009,2,1,-2.361980701,1.0,-0.283812727,36.09431466,-0.3,36.1,-1.8410974740982056,-1.950044830640157,2.0,0.6,-3.682194948196411,-0.5999999999999999,371501488.3083488,0.17070980063279748,-0.6307676315926216
445,466,nakuru,section 58,kenya,11/13/2009,4,3,-2.99638116,1.0,-0.283812727,36.09431466,-0.3,36.1,-1.8410974740982056,-1.950044830640157,2.0,0.6,-3.682194948196411,-0.5999999999999999,371501488.3083488,0.17070980063279748,-0.6307676315926216
446,467,nakuru,section 58,kenya,11/11/2009,4,2,-3.649200563,0.0,-0.283812727,36.09431466,-0.3,36.1,-1.8410974740982056,-1.950044830640157,2.0,0.6,-3.682194948196411,-0.5999999999999999,371501488.3083488,0.17070980063279748,-0.6307676315926216
447,468,nakuru,morop,kenya,11/10/2009,6,1,1.406806499,0.0,-0.110336674,35.94205931,-0.1,35.95,-1.7097965876261394,-1.7587907711664836,1.5,0.8,-2.617211937904358,-0.29999999999999993,279176940.63850015,0.20723545622717054,-0.5538160389278398
448,469,nakuru,section 58,kenya,11/11/2009,4,3,-2.982630567,1.0,-0.283812727,36.09431466,-0.3,36.1,-1.8410974740982056,-1.950044830640157,2.0,0.6,-3.682194948196411,-0.5999999999999999,371501488.3083488,0.17070980063279748,-0.6307676315926216
449,470,nairobi,kileleshwa,kenya,11/24/2009,4,0,-2.928390287,,-1.277725066,36.79054034,-1.3,36.8,-1.752311885356903,-1.818533331155777,2.25,0.6,-3.966824859380722,0.06666666666666665,413029382.9447616,0.19164837633405407,-2.4186223658082064
450,471,nairobi,kileleshwa,kenya,11/24/2009,1,0,-3.784654991,,-1.277725066,36.79054034,-1.3,36.8,-1.752311885356903,-1.818533331155777,2.25,0.6,-3.966824859380722,0.06666666666666665,413029382.9447616,0.19164837633405407,-2.4186223658082064
451,472,nairobi,kileleshwa,kenya,11/23/2009,4,1,-3.511988702,0.0,-1.277725066,36.79054034,-1.3,36.8,-1.752311885356903,-1.818533331155777,2.25,0.6,-3.966824859380722,0.06666666666666665,413029382.9447616,0.19164837633405407,-2.4186223658082064
452,473,nairobi,kileleshwa,kenya,11/24/2009,2,2,-3.772623222,1.0,-1.277725066,36.79054034,-1.3,36.8,-1.752311885356903,-1.818533331155777,2.25,0.6,-3.966824859380722,0.06666666666666665,413029382.9447616,0.19164837633405407,-2.4186223658082064
453,474,nairobi,kileleshwa,kenya,11/24/2009,5,1,-3.753716157,1.0,-1.277725066,36.79054034,-1.3,36.8,-1.752311885356903,-1.818533331155777,2.25,0.6,-3.966824859380722,0.06666666666666665,413029382.9447616,0.19164837633405407,-2.4186223658082064
454,475,nairobi,kileleshwa,kenya,11/23/2009,1,4,-3.776633812,0.0,-1.277725066,36.79054034,-1.3,36.8,-1.752311885356903,-1.818533331155777,2.25,0.6,-3.966824859380722,0.06666666666666665,413029382.9447616,0.19164837633405407,-2.4186223658082064
455,476,nairobi,kileleshwa,kenya,11/24/2009,1,0,-2.616533891,,-1.277725066,36.79054034,-1.3,36.8,-1.752311885356903,-1.818533331155777,2.25,0.6,-3.966824859380722,0.06666666666666665,413029382.9447616,0.19164837633405407,-2.4186223658082064
456,477,nairobi,kileleshwa,kenya,11/23/2009,2,1,-3.756580863,0.0,-1.277725066,36.79054034,-1.3,36.8,-1.752311885356903,-1.818533331155777,2.25,0.6,-3.966824859380722,0.06666666666666665,413029382.9447616,0.19164837633405407,-2.4186223658082064
457,478,nairobi,kileleshwa,kenya,11/23/2009,1,1,-3.127479817,1.0,-1.277725066,36.79054034,-1.3,36.8,-1.752311885356903,-1.818533331155777,2.25,0.6,-3.966824859380722,0.06666666666666665,413029382.9447616,0.19164837633405407,-2.4186223658082064
458,479,nairobi,kileleshwa,kenya,11/23/2009,2,1,-3.673264101,0.0,-1.277725066,36.79054034,-1.3,36.8,-1.752311885356903,-1.818533331155777,2.25,0.6,-3.966824859380722,0.06666666666666665,413029382.9447616,0.19164837633405407,-2.4186223658082064
459,480,nairobi,kileleshwa,kenya,11/23/2009,5,1,-3.386847219,0.0,-1.277725066,36.79054034,-1.3,36.8,-1.752311885356903,-1.818533331155777,2.25,0.6,-3.966824859380722,0.06666666666666665,413029382.9447616,0.19164837633405407,-2.4186223658082064
460,481,nairobi,kileleshwa,kenya,11/23/2009,1,0,-3.100037342,,-1.277725066,36.79054034,-1.3,36.8,-1.752311885356903,-1.818533331155777,2.25,0.6,-3.966824859380722,0.06666666666666665,413029382.9447616,0.19164837633405407,-2.4186223658082064
461,482,nairobi,kileleshwa,kenya,11/23/2009,3,0,-3.48620634,,-1.277725066,36.79054034,-1.3,36.8,-1.752311885356903,-1.818533331155777,2.25,0.6,-3.966824859380722,0.06666666666666665,413029382.9447616,0.19164837633405407,-2.4186223658082064
462,484,machakos,makadara,kenya,12/11/2009,5,1,-3.180814476,0.0,-1.296292895,36.87271104,-1.3,36.85,-1.781482756137848,-1.8480762243270874,2.25,0.6,-4.020374655723572,0.06666666666666665,413029382.9447616,0.18488966184246364,-2.518953119160753
463,485,machakos,makadara,kenya,11/12/2009,3,2,-1.566136498,0.0,-1.296292895,36.87271104,-1.3,36.85,-1.781482756137848,-1.8480762243270874,2.25,0.6,-4.020374655723572,0.06666666666666665,413029382.9447616,0.18488966184246364,-2.518953119160753
464,486,machakos,makadara,kenya,11/12/2009,6,0,1.089917199,,-1.296292895,36.87271104,-1.3,36.85,-1.781482756137848,-1.8480762243270874,2.25,0.6,-4.020374655723572,0.06666666666666665,413029382.9447616,0.18488966184246364,-2.518953119160753
465,487,machakos,makadara,kenya,11/12/2009,4,0,-1.725654464,,-1.296292895,36.87271104,-1.3,36.85,-1.781482756137848,-1.8480762243270874,2.25,0.6,-4.020374655723572,0.06666666666666665,413029382.9447616,0.18488966184246364,-2.518953119160753
466,488,machakos,makadara,kenya,11/12/2009,4,0,-1.765760361,,-1.296292895,36.87271104,-1.3,36.85,-1.781482756137848,-1.8480762243270874,2.25,0.6,-4.020374655723572,0.06666666666666665,413029382.9447616,0.18488966184246364,-2.518953119160753
467,489,machakos,makadara,kenya,11/12/2009,2,0,-0.801313055,,-1.296292895,36.87271104,-1.3,36.85,-1.781482756137848,-1.8480762243270874,2.25,0.6,-4.020374655723572,0.06666666666666665,413029382.9447616,0.18488966184246364,-2.518953119160753
468,490,machakos,makadara,kenya,11/12/2009,2,0,-2.020687172,,-1.296292895,36.87271104,-1.3,36.85,-1.781482756137848,-1.8480762243270874,2.25,0.6,-4.020374655723572,0.06666666666666665,413029382.9447616,0.18488966184246364,-2.518953119160753
469,491,machakos,makadara,kenya,11/12/2009,3,0,-1.315814923,,-1.296292895,36.87271104,-1.3,36.85,-1.781482756137848,-1.8480762243270874,2.25,0.6,-4.020374655723572,0.06666666666666665,413029382.9447616,0.18488966184246364,-2.518953119160753
470,492,machakos,makadara,kenya,11/12/2009,2,0,1.265530241,,-1.296292895,36.87271104,-1.3,36.85,-1.781482756137848,-1.8480762243270874,2.25,0.6,-4.020374655723572,0.06666666666666665,413029382.9447616,0.18488966184246364,-2.518953119160753
471,493,machakos,makadara,kenya,11/12/2009,1,0,0.5388014,,-1.296292895,36.87271104,-1.3,36.85,-1.781482756137848,-1.8480762243270874,2.25,0.6,-4.020374655723572,0.06666666666666665,413029382.9447616,0.18488966184246364,-2.518953119160753
472,494,thika,mabanda,kenya,11/18/2009,8,2,-0.778806125,1.0,-1.041188884,37.0787284,-1.05,37.1,-2.016399621963501,-2.201001226902008,2.0,0.4,-4.032799243927002,-0.3999999999999999,488575244.2058349,0.23638485369261658,0.19599828677679398
473,495,thika,mabanda,kenya,11/18/2009,4,1,1.106012275,0.0,-1.041188884,37.0787284,-1.05,37.1,-2.016399621963501,-2.201001226902008,2.0,0.4,-4.032799243927002,-0.3999999999999999,488575244.2058349,0.23638485369261658,0.19599828677679398
474,496,thika,mabanda,kenya,11/18/2009,5,1,1.196250542,1.0,-1.041188884,37.0787284,-1.05,37.1,-2.016399621963501,-2.201001226902008,2.0,0.4,-4.032799243927002,-0.3999999999999999,488575244.2058349,0.23638485369261658,0.19599828677679398
475,497,thika,muirini,kenya,11/21/2009,1,1,-0.611150325,0.0,-0.923809304,37.00615886,-0.9,37.0,-2.098525285720825,-2.369628071784973,2.5,0.4,-5.233442783355713,-0.3999999999999999,401912223.66476744,0.2429094066516065,1.4365149860512139
476,498,thika,githuguchu,kenya,11/19/2009,4,1,-1.03993714,0.0,-1.016283022,36.91457325,-1.0,36.9,-1.7179928819338481,-1.8142847418785095,1.8333333333333333,0.8,-3.2930924693743386,-0.29999999999999993,309899937.8916723,0.24236957635376247,0.5707823608026977
477,499,thika,githuguchu,kenya,11/19/2009,2,1,-1.139296261,1.0,-1.016283022,36.91457325,-1.0,36.9,-1.7179928819338481,-1.8142847418785095,1.8333333333333333,0.8,-3.2930924693743386,-0.29999999999999993,309899937.8916723,0.24236957635376247,0.5707823608026977
478,500,thika,githuguchu,kenya,11/19/2009,5,5,-0.340402142,1.0,-1.016283022,36.91457325,-1.0,36.9,-1.7179928819338481,-1.8142847418785095,1.8333333333333333,0.8,-3.2930924693743386,-0.29999999999999993,309899937.8916723,0.24236957635376247,0.5707823608026977
479,501,nakuru,section 58,kenya,11/12/2009,1,8,-2.482766413,1.0,-0.283812727,36.09431466,-0.3,36.1,-1.8410974740982056,-1.950044830640157,2.0,0.6,-3.682194948196411,-0.5999999999999999,371501488.3083488,0.17070980063279748,-0.6307676315926216
480,502,nakuru,section 58,kenya,11/10/2009,3,7,-3.386847219,1.0,-0.283812727,36.09431466,-0.3,36.1,-1.8410974740982056,-1.950044830640157,2.0,0.6,-3.682194948196411,-0.5999999999999999,371501488.3083488,0.17070980063279748,-0.6307676315926216
481,503,nakuru,section 58,kenya,11/11/2009,1,0,-1.054995584,,-0.283812727,36.09431466,-0.3,36.1,-1.8410974740982056,-1.950044830640157,2.0,0.6,-3.682194948196411,-0.5999999999999999,371501488.3083488,0.17070980063279748,-0.6307676315926216
482,504,nakuru,section 58,kenya,11/11/2009,3,0,-0.169854452,,-0.283812727,36.09431466,-0.3,36.1,-1.8410974740982056,-1.950044830640157,2.0,0.6,-3.682194948196411,-0.5999999999999999,371501488.3083488,0.17070980063279748,-0.6307676315926216
483,505,nakuru,section 58,kenya,11/15/2009,2,0,-0.139775029,,-0.283812727,36.09431466,-0.3,36.1,-1.8410974740982056,-1.950044830640157,2.0,0.6,-3.682194948196411,-0.5999999999999999,371501488.3083488,0.17070980063279748,-0.6307676315926216
484,506,nairobi,kileleshwa,kenya,11/23/2009,2,0,-3.522301647,,-1.277725066,36.79054034,-1.3,36.8,-1.752311885356903,-1.818533331155777,2.25,0.6,-3.966824859380722,0.06666666666666665,413029382.9447616,0.19164837633405407,-2.4186223658082064
485,507,garissa,kamour,kenya,11/15/2009,8,2,2.353242784,0.0,-0.448509961,39.65421677,-0.45,39.65,-1.69865083694458,-1.7904492616653442,2.0,0.2,-3.39730167388916,-0.19999999999999973,528801301.73394907,0.17425480544480676,-1.7101272592794032
486,508,garissa,kamour,kenya,11/15/2009,7,1,-1.03903152,1.0,-0.448509961,39.65421677,-0.45,39.65,-1.69865083694458,-1.7904492616653442,2.0,0.2,-3.39730167388916,-0.19999999999999973,528801301.73394907,0.17425480544480676,-1.7101272592794032
487,509,garissa,kamour,kenya,11/15/2009,8,2,2.769491205,0.0,-0.448509961,39.65421677,-0.45,39.65,-1.69865083694458,-1.7904492616653442,2.0,0.2,-3.39730167388916,-0.19999999999999973,528801301.73394907,0.17425480544480676,-1.7101272592794032
488,510,garissa,kamour,kenya,11/14/2009,4,2,-2.283676884,1.0,-0.448509961,39.65421677,-0.45,39.65,-1.69865083694458,-1.7904492616653442,2.0,0.2,-3.39730167388916,-0.19999999999999973,528801301.73394907,0.17425480544480676,-1.7101272592794032
489,511,garissa,kamour,kenya,11/14/2009,8,1,2.769491205,0.0,-0.448509961,39.65421677,-0.45,39.65,-1.69865083694458,-1.7904492616653442,2.0,0.2,-3.39730167388916,-0.19999999999999973,528801301.73394907,0.17425480544480676,-1.7101272592794032
490,512,garissa,hidaya,kenya,11/10/2009,8,1,-0.289397533,0.0,-0.448244644,39.65445633,-0.45,39.65,-1.69865083694458,-1.7904492616653442,2.0,0.2,-3.39730167388916,-0.19999999999999973,528801301.73394907,0.17425480544480676,-1.7101272592794032
491,513,garissa,hidaya,kenya,11/10/2009,4,1,0.709816802,1.0,-0.448244644,39.65445633,-0.45,39.65,-1.69865083694458,-1.7904492616653442,2.0,0.2,-3.39730167388916,-0.19999999999999973,528801301.73394907,0.17425480544480676,-1.7101272592794032
492,514,garissa,hidaya,kenya,11/13/2009,3,1,-1.550531445,1.0,-0.448244644,39.65445633,-0.45,39.65,-1.69865083694458,-1.7904492616653442,2.0,0.2,-3.39730167388916,-0.19999999999999973,528801301.73394907,0.17425480544480676,-1.7101272592794032
493,515,garissa,hidaya,kenya,11/13/2009,4,1,-2.295708653,1.0,-0.448244644,39.65445633,-0.45,39.65,-1.69865083694458,-1.7904492616653442,2.0,0.2,-3.39730167388916,-0.19999999999999973,528801301.73394907,0.17425480544480676,-1.7101272592794032
494,516,garissa,hidaya,kenya,11/11/2009,1,2,0.466636122,0.0,-0.448244644,39.65445633,-0.45,39.65,-1.69865083694458,-1.7904492616653442,2.0,0.2,-3.39730167388916,-0.19999999999999973,528801301.73394907,0.17425480544480676,-1.7101272592794032
495,517,garissa,hidaya,kenya,11/11/2009,1,3,0.466636122,0.0,-0.448244644,39.65445633,-0.45,39.65,-1.69865083694458,-1.7904492616653442,2.0,0.2,-3.39730167388916,-0.19999999999999973,528801301.73394907,0.17425480544480676,-1.7101272592794032
496,518,garissa,hidaya,kenya,11/11/2009,1,2,0.466636122,0.0,-0.448244644,39.65445633,-0.45,39.65,-1.69865083694458,-1.7904492616653442,2.0,0.2,-3.39730167388916,-0.19999999999999973,528801301.73394907,0.17425480544480676,-1.7101272592794032
497,519,garissa,hidaya,kenya,11/11/2009,4,2,0.709816802,1.0,-0.448244644,39.65445633,-0.45,39.65,-1.69865083694458,-1.7904492616653442,2.0,0.2,-3.39730167388916,-0.19999999999999973,528801301.73394907,0.17425480544480676,-1.7101272592794032
498,520,garissa,town centre,kenya,11/8/2009,5,2,-2.268637173,1.0,-0.448509961,39.65421677,-0.45,39.65,-1.69865083694458,-1.7904492616653442,2.0,0.2,-3.39730167388916,-0.19999999999999973,528801301.73394907,0.17425480544480676,-1.7101272592794032
499,521,garissa,town centre,kenya,11/9/2009,5,1,2.213889423,0.0,-0.448509961,39.65421677,-0.45,39.65,-1.69865083694458,-1.7904492616653442,2.0,0.2,-3.39730167388916,-0.19999999999999973,528801301.73394907,0.17425480544480676,-1.7101272592794032
500,522,garissa,town centre,kenya,11/8/2009,7,1,0.769975647,0.0,-0.448509961,39.65421677,-0.45,39.65,-1.69865083694458,-1.7904492616653442,2.0,0.2,-3.39730167388916,-0.19999999999999973,528801301.73394907,0.17425480544480676,-1.7101272592794032
501,523,garissa,town centre,kenya,11/9/2009,5,1,2.293083939,0.0,-0.448509961,39.65421677,-0.45,39.65,-1.69865083694458,-1.7904492616653442,2.0,0.2,-3.39730167388916,-0.19999999999999973,528801301.73394907,0.17425480544480676,-1.7101272592794032
502,524,garissa,town centre,kenya,11/8/2009,5,2,2.293083939,1.0,-0.448509961,39.65421677,-0.45,39.65,-1.69865083694458,-1.7904492616653442,2.0,0.2,-3.39730167388916,-0.19999999999999973,528801301.73394907,0.17425480544480676,-1.7101272592794032
503,525,garissa,kamour,kenya,11/14/2009,5,2,-2.243570987,1.0,-0.448509961,39.65421677,-0.45,39.65,-1.69865083694458,-1.7904492616653442,2.0,0.2,-3.39730167388916,-0.19999999999999973,528801301.73394907,0.17425480544480676,-1.7101272592794032
504,526,garissa,kamour,kenya,11/14/2009,4,0,2.313136887,,-0.448509961,39.65421677,-0.45,39.65,-1.69865083694458,-1.7904492616653442,2.0,0.2,-3.39730167388916,-0.19999999999999973,528801301.73394907,0.17425480544480676,-1.7101272592794032
505,527,garissa,kamour,kenya,11/14/2009,7,0,2.819623575,,-0.448509961,39.65421677,-0.45,39.65,-1.69865083694458,-1.7904492616653442,2.0,0.2,-3.39730167388916,-0.19999999999999973,528801301.73394907,0.17425480544480676,-1.7101272592794032
506,528,garissa,kamour,kenya,11/14/2009,4,1,-0.01945734,0.0,-0.448509961,39.65421677,-0.45,39.65,-1.69865083694458,-1.7904492616653442,2.0,0.2,-3.39730167388916,-0.19999999999999973,528801301.73394907,0.17425480544480676,-1.7101272592794032
507,529,garissa,kamour,kenya,11/16/2009,5,0,2.34321631,,-0.448509961,39.65421677,-0.45,39.65,-1.69865083694458,-1.7904492616653442,2.0,0.2,-3.39730167388916,-0.19999999999999973,528801301.73394907,0.17425480544480676,-1.7101272592794032
508,530,garissa,kamour,kenya,11/16/2009,9,0,2.789544153,,-0.448509961,39.65421677,-0.45,39.65,-1.69865083694458,-1.7904492616653442,2.0,0.2,-3.39730167388916,-0.19999999999999973,528801301.73394907,0.17425480544480676,-1.7101272592794032
509,531,garissa,kamour,kenya,11/16/2009,3,0,-0.079616184,,-0.448509961,39.65421677,-0.45,39.65,-1.69865083694458,-1.7904492616653442,2.0,0.2,-3.39730167388916,-0.19999999999999973,528801301.73394907,0.17425480544480676,-1.7101272592794032
510,532,garissa,kamour,kenya,11/16/2009,9,0,0.810081544,,-0.448509961,39.65421677,-0.45,39.65,-1.69865083694458,-1.7904492616653442,2.0,0.2,-3.39730167388916,-0.19999999999999973,528801301.73394907,0.17425480544480676,-1.7101272592794032
511,533,garissa,town centre,kenya,11/8/2009,3,2,2.252978042,0.0,-0.448509961,39.65421677,-0.45,39.65,-1.69865083694458,-1.7904492616653442,2.0,0.2,-3.39730167388916,-0.19999999999999973,528801301.73394907,0.17425480544480676,-1.7101272592794032
512,534,garissa,hidaya,kenya,11/13/2009,2,3,-2.313756306,1.0,-0.448244644,39.65445633,-0.45,39.65,-1.69865083694458,-1.7904492616653442,2.0,0.2,-3.39730167388916,-0.19999999999999973,528801301.73394907,0.17425480544480676,-1.7101272592794032
513,535,garissa,hidaya,kenya,11/12/2009,1,0,-0.199933874,,-0.448244644,39.65445633,-0.45,39.65,-1.69865083694458,-1.7904492616653442,2.0,0.2,-3.39730167388916,-0.19999999999999973,528801301.73394907,0.17425480544480676,-1.7101272592794032
514,536,garissa,hidaya,kenya,11/10/2009,1,0,-0.178077282,,-0.448244644,39.65445633,-0.45,39.65,-1.69865083694458,-1.7904492616653442,2.0,0.2,-3.39730167388916,-0.19999999999999973,528801301.73394907,0.17425480544480676,-1.7101272592794032
515,537,garissa,hidaya,kenya,11/10/2009,4,0,2.273030991,,-0.448244644,39.65445633,-0.45,39.65,-1.69865083694458,-1.7904492616653442,2.0,0.2,-3.39730167388916,-0.19999999999999973,528801301.73394907,0.17425480544480676,-1.7101272592794032
516,538,garissa,hidaya,kenya,11/12/2009,4,0,0.709816802,,-0.448244644,39.65445633,-0.45,39.65,-1.69865083694458,-1.7904492616653442,2.0,0.2,-3.39730167388916,-0.19999999999999973,528801301.73394907,0.17425480544480676,-1.7101272592794032
517,539,garissa,town centre,kenya,11/12/2009,2,1,-1.75562223,0.0,-0.448509961,39.65421677,-0.45,39.65,-1.69865083694458,-1.7904492616653442,2.0,0.2,-3.39730167388916,-0.19999999999999973,528801301.73394907,0.17425480544480676,-1.7101272592794032
518,540,garissa,town centre,kenya,11/11/2009,8,3,-2.911337977,1.0,-0.448509961,39.65421677,-0.45,39.65,-1.69865083694458,-1.7904492616653442,2.0,0.2,-3.39730167388916,-0.19999999999999973,528801301.73394907,0.17425480544480676,-1.7101272592794032
519,541,garissa,town centre,kenya,11/9/2009,4,6,-2.150691057,0.0,-0.448509961,39.65421677,-0.45,39.65,-1.69865083694458,-1.7904492616653442,2.0,0.2,-3.39730167388916,-0.19999999999999973,528801301.73394907,0.17425480544480676,-1.7101272592794032
520,542,garissa,town centre,kenya,11/9/2009,7,1,-0.763322215,1.0,-0.448509961,39.65421677,-0.45,39.65,-1.69865083694458,-1.7904492616653442,2.0,0.2,-3.39730167388916,-0.19999999999999973,528801301.73394907,0.17425480544480676,-1.7101272592794032
521,543,garissa,town centre,kenya,11/10/2009,10,3,-2.944776737,1.0,-0.448509961,39.65421677,-0.45,39.65,-1.69865083694458,-1.7904492616653442,2.0,0.2,-3.39730167388916,-0.19999999999999973,528801301.73394907,0.17425480544480676,-1.7101272592794032
522,544,garissa,jaribu,kenya,11/13/2009,3,0,-0.00292231,,-0.44980003,39.63990781,-0.45,39.65,-1.69865083694458,-1.7904492616653442,2.0,0.2,-3.39730167388916,-0.19999999999999973,528801301.73394907,0.17425480544480676,-1.7101272592794032
523,545,rachuonyo,kamanga,kenya,11/19/2009,8,0,2.849702998,,-0.400624514,34.66554334,-0.4,34.65,-1.8101815581321716,-1.9138848781585693,2.5,0.4,-4.586674094200134,-0.3999999999999999,417881147.2242052,0.27406307954251885,-0.6811316173277286
524,546,garissa,jaribu,kenya,11/13/2009,7,0,-1.982676293,,-0.44980003,39.63990781,-0.45,39.65,-1.69865083694458,-1.7904492616653442,2.0,0.2,-3.39730167388916,-0.19999999999999973,528801301.73394907,0.17425480544480676,-1.7101272592794032
525,547,garissa,jaribu,kenya,11/13/2009,3,0,-1.566136498,1.0,-0.44980003,39.63990781,-0.45,39.65,-1.69865083694458,-1.7904492616653442,2.0,0.2,-3.39730167388916,-0.19999999999999973,528801301.73394907,0.17425480544480676,-1.7101272592794032
526,548,garissa,jaribu,kenya,11/13/2009,9,2,-1.802406125,1.0,-0.44980003,39.63990781,-0.45,39.65,-1.69865083694458,-1.7904492616653442,2.0,0.2,-3.39730167388916,-0.19999999999999973,528801301.73394907,0.17425480544480676,-1.7101272592794032
527,549,garissa,town centre,kenya,11/9/2009,5,3,-2.184609136,1.0,-0.448509961,39.65421677,-0.45,39.65,-1.69865083694458,-1.7904492616653442,2.0,0.2,-3.39730167388916,-0.19999999999999973,528801301.73394907,0.17425480544480676,-1.7101272592794032
528,550,garissa,town centre,kenya,11/9/2009,1,1,-1.024916162,1.0,-0.448509961,39.65421677,-0.45,39.65,-1.69865083694458,-1.7904492616653442,2.0,0.2,-3.39730167388916,-0.19999999999999973,528801301.73394907,0.17425480544480676,-1.7101272592794032
529,551,garissa,town centre,kenya,11/10/2009,12,1,-0.058715403,0.0,-0.448509961,39.65421677,-0.45,39.65,-1.69865083694458,-1.7904492616653442,2.0,0.2,-3.39730167388916,-0.19999999999999973,528801301.73394907,0.17425480544480676,-1.7101272592794032
530,552,garissa,town centre,kenya,11/11/2009,4,0,-2.911337977,,-0.448509961,39.65421677,-0.45,39.65,-1.69865083694458,-1.7904492616653442,2.0,0.2,-3.39730167388916,-0.19999999999999973,528801301.73394907,0.17425480544480676,-1.7101272592794032
531,553,garissa,town centre,kenya,11/9/2009,3,0,-0.904598472,,-0.448509961,39.65421677,-0.45,39.65,-1.69865083694458,-1.7904492616653442,2.0,0.2,-3.39730167388916,-0.19999999999999973,528801301.73394907,0.17425480544480676,-1.7101272592794032
532,554,garissa,town centre,kenya,11/10/2009,4,1,-0.790307736,1.0,-0.448509961,39.65421677,-0.45,39.65,-1.69865083694458,-1.7904492616653442,2.0,0.2,-3.39730167388916,-0.19999999999999973,528801301.73394907,0.17425480544480676,-1.7101272592794032
533,555,garissa,jaribu,kenya,11/12/2009,12,5,-2.124450292,1.0,-0.44980003,39.63990781,-0.45,39.65,-1.69865083694458,-1.7904492616653442,2.0,0.2,-3.39730167388916,-0.19999999999999973,528801301.73394907,0.17425480544480676,-1.7101272592794032
534,556,garissa,jaribu,kenya,11/12/2009,2,1,-1.626295343,1.0,-0.44980003,39.63990781,-0.45,39.65,-1.69865083694458,-1.7904492616653442,2.0,0.2,-3.39730167388916,-0.19999999999999973,528801301.73394907,0.17425480544480676,-1.7101272592794032
535,557,garissa,jaribu,kenya,11/12/2009,5,0,-1.445818809,,-0.44980003,39.63990781,-0.45,39.65,-1.69865083694458,-1.7904492616653442,2.0,0.2,-3.39730167388916,-0.19999999999999973,528801301.73394907,0.17425480544480676,-1.7101272592794032
536,558,garissa,jaribu,kenya,11/13/2009,7,3,-2.691095825,1.0,-0.44980003,39.63990781,-0.45,39.65,-1.69865083694458,-1.7904492616653442,2.0,0.2,-3.39730167388916,-0.19999999999999973,528801301.73394907,0.17425480544480676,-1.7101272592794032
537,559,garissa,jaribu,kenya,11/12/2009,3,1,-1.566136498,1.0,-0.44980003,39.63990781,-0.45,39.65,-1.69865083694458,-1.7904492616653442,2.0,0.2,-3.39730167388916,-0.19999999999999973,528801301.73394907,0.17425480544480676,-1.7101272592794032
538,560,garissa,town centre,kenya,11/9/2009,4,1,-1.475332889,1.0,-0.448509961,39.65421677,-0.45,39.65,-1.69865083694458,-1.7904492616653442,2.0,0.2,-3.39730167388916,-0.19999999999999973,528801301.73394907,0.17425480544480676,-1.7101272592794032
539,561,garissa,town centre,kenya,11/9/2009,5,1,-1.445253467,1.0,-0.448509961,39.65421677,-0.45,39.65,-1.69865083694458,-1.7904492616653442,2.0,0.2,-3.39730167388916,-0.19999999999999973,528801301.73394907,0.17425480544480676,-1.7101272592794032
540,562,garissa,town centre,kenya,11/9/2009,9,2,-0.66238237,0.0,-0.448509961,39.65421677,-0.45,39.65,-1.69865083694458,-1.7904492616653442,2.0,0.2,-3.39730167388916,-0.19999999999999973,528801301.73394907,0.17425480544480676,-1.7101272592794032
541,563,garissa,town centre,kenya,11/9/2009,3,0,-2.841492937,,-0.448509961,39.65421677,-0.45,39.65,-1.69865083694458,-1.7904492616653442,2.0,0.2,-3.39730167388916,-0.19999999999999973,528801301.73394907,0.17425480544480676,-1.7101272592794032
542,564,garissa,town centre,kenya,11/9/2009,4,1,-1.505977653,0.0,-0.448509961,39.65421677,-0.45,39.65,-1.69865083694458,-1.7904492616653442,2.0,0.2,-3.39730167388916,-0.19999999999999973,528801301.73394907,0.17425480544480676,-1.7101272592794032
543,565,garissa,town centre,kenya,11/9/2009,2,1,-2.841492937,0.0,-0.448509961,39.65421677,-0.45,39.65,-1.69865083694458,-1.7904492616653442,2.0,0.2,-3.39730167388916,-0.19999999999999973,528801301.73394907,0.17425480544480676,-1.7101272592794032
544,566,garissa,town centre,kenya,11/9/2009,1,1,-0.8614719,0.0,-0.448509961,39.65421677,-0.45,39.65,-1.69865083694458,-1.7904492616653442,2.0,0.2,-3.39730167388916,-0.19999999999999973,528801301.73394907,0.17425480544480676,-1.7101272592794032
545,567,garissa,town centre,kenya,11/10/2009,1,1,-1.60965705,1.0,-0.448509961,39.65421677,-0.45,39.65,-1.69865083694458,-1.7904492616653442,2.0,0.2,-3.39730167388916,-0.19999999999999973,528801301.73394907,0.17425480544480676,-1.7101272592794032
546,568,garissa,town centre,kenya,11/10/2009,4,1,-0.780354487,0.0,-0.448509961,39.65421677,-0.45,39.65,-1.69865083694458,-1.7904492616653442,2.0,0.2,-3.39730167388916,-0.19999999999999973,528801301.73394907,0.17425480544480676,-1.7101272592794032
547,569,garissa,town centre,kenya,11/9/2009,1,3,-1.458694596,0.0,-0.448509961,39.65421677,-0.45,39.65,-1.69865083694458,-1.7904492616653442,2.0,0.2,-3.39730167388916,-0.19999999999999973,528801301.73394907,0.17425480544480676,-1.7101272592794032
548,570,garissa,town centre,kenya,11/10/2009,7,1,0.530565195,1.0,-0.448509961,39.65421677,-0.45,39.65,-1.69865083694458,-1.7904492616653442,2.0,0.2,-3.39730167388916,-0.19999999999999973,528801301.73394907,0.17425480544480676,-1.7101272592794032
549,571,garissa,jaribu,kenya,11/13/2009,7,1,-1.455279941,1.0,-0.44980003,39.63990781,-0.45,39.65,-1.69865083694458,-1.7904492616653442,2.0,0.2,-3.39730167388916,-0.19999999999999973,528801301.73394907,0.17425480544480676,-1.7101272592794032
550,572,garissa,jaribu,kenya,11/14/2009,4,0,-1.725654464,,-0.44980003,39.63990781,-0.45,39.65,-1.69865083694458,-1.7904492616653442,2.0,0.2,-3.39730167388916,-0.19999999999999973,528801301.73394907,0.17425480544480676,-1.7101272592794032
551,573,garissa,jaribu,kenya,11/13/2009,8,2,-2.80539763,1.0,-0.44980003,39.63990781,-0.45,39.65,-1.69865083694458,-1.7904492616653442,2.0,0.2,-3.39730167388916,-0.19999999999999973,528801301.73394907,0.17425480544480676,-1.7101272592794032
552,574,rachuonyo,kamanga,kenya,11/19/2009,2,3,1.429837282,0.0,-0.400624514,34.66554334,-0.4,34.65,-1.8101815581321716,-1.9138848781585693,2.5,0.4,-4.586674094200134,-0.3999999999999999,417881147.2242052,0.27406307954251885,-0.6811316173277286
553,575,rachuonyo,kamanga,kenya,11/19/2009,3,0,3.667844297,1.0,-0.400624514,34.66554334,-0.4,34.65,-1.8101815581321716,-1.9138848781585693,2.5,0.4,-4.586674094200134,-0.3999999999999999,417881147.2242052,0.27406307954251885,-0.6811316173277286
554,576,rachuonyo,kamanga,kenya,11/19/2009,9,0,3.643683731,,-0.400624514,34.66554334,-0.4,34.65,-1.8101815581321716,-1.9138848781585693,2.5,0.4,-4.586674094200134,-0.3999999999999999,417881147.2242052,0.27406307954251885,-0.6811316173277286
555,577,rachuonyo,kamanga,kenya,11/19/2009,2,0,3.667844297,,-0.400624514,34.66554334,-0.4,34.65,-1.8101815581321716,-1.9138848781585693,2.5,0.4,-4.586674094200134,-0.3999999999999999,417881147.2242052,0.27406307954251885,-0.6811316173277286
556,578,rachuonyo,kamanga,kenya,11/19/2009,3,0,3.697923719,,-0.400624514,34.66554334,-0.4,34.65,-1.8101815581321716,-1.9138848781585693,2.5,0.4,-4.586674094200134,-0.3999999999999999,417881147.2242052,0.27406307954251885,-0.6811316173277286
557,579,rachuonyo,kamanga,kenya,11/19/2009,4,0,3.62864402,,-0.400624514,34.66554334,-0.4,34.65,-1.8101815581321716,-1.9138848781585693,2.5,0.4,-4.586674094200134,-0.3999999999999999,417881147.2242052,0.27406307954251885,-0.6811316173277286
558,580,rachuonyo,kamanga,kenya,11/19/2009,6,0,1.501916239,,-0.400624514,34.66554334,-0.4,34.65,-1.8101815581321716,-1.9138848781585693,2.5,0.4,-4.586674094200134,-0.3999999999999999,417881147.2242052,0.27406307954251885,-0.6811316173277286
559,581,rachuonyo,kamanga,kenya,11/19/2009,8,1,0.888505289,1.0,-0.400624514,34.66554334,-0.4,34.65,-1.8101815581321716,-1.9138848781585693,2.5,0.4,-4.586674094200134,-0.3999999999999999,417881147.2242052,0.27406307954251885,-0.6811316173277286
560,582,rachuonyo,kamanga,kenya,11/19/2009,2,1,1.48988447,1.0,-0.400624514,34.66554334,-0.4,34.65,-1.8101815581321716,-1.9138848781585693,2.5,0.4,-4.586674094200134,-0.3999999999999999,417881147.2242052,0.27406307954251885,-0.6811316173277286
561,583,rachuonyo,kamanga,kenya,11/19/2009,4,1,1.48988447,1.0,-0.400624514,34.66554334,-0.4,34.65,-1.8101815581321716,-1.9138848781585693,2.5,0.4,-4.586674094200134,-0.3999999999999999,417881147.2242052,0.27406307954251885,-0.6811316173277286
562,584,rachuonyo,kamanga,kenya,11/19/2009,3,1,-0.512031241,1.0,-0.400624514,34.66554334,-0.4,34.65,-1.8101815581321716,-1.9138848781585693,2.5,0.4,-4.586674094200134,-0.3999999999999999,417881147.2242052,0.27406307954251885,-0.6811316173277286
563,585,rachuonyo,kamanga,kenya,11/19/2009,1,1,0.24223588,1.0,-0.400624514,34.66554334,-0.4,34.65,-1.8101815581321716,-1.9138848781585693,2.5,0.4,-4.586674094200134,-0.3999999999999999,417881147.2242052,0.27406307954251885,-0.6811316173277286
564,586,rachuonyo,kamanga,kenya,11/19/2009,1,1,-1.916965221,0.0,-0.400624514,34.66554334,-0.4,34.65,-1.8101815581321716,-1.9138848781585693,2.5,0.4,-4.586674094200134,-0.3999999999999999,417881147.2242052,0.27406307954251885,-0.6811316173277286
565,587,rachuonyo,kamanga,kenya,11/19/2009,10,1,2.506326357,1.0,-0.400624514,34.66554334,-0.4,34.65,-1.8101815581321716,-1.9138848781585693,2.5,0.4,-4.586674094200134,-0.3999999999999999,417881147.2242052,0.27406307954251885,-0.6811316173277286
566,588,rachuonyo,kamanga,kenya,11/19/2009,3,1,0.16325372,1.0,-0.400624514,34.66554334,-0.4,34.65,-1.8101815581321716,-1.9138848781585693,2.5,0.4,-4.586674094200134,-0.3999999999999999,417881147.2242052,0.27406307954251885,-0.6811316173277286
567,589,rachuonyo,kamanga,kenya,11/19/2009,3,1,-1.898702714,1.0,-0.400624514,34.66554334,-0.4,34.65,-1.8101815581321716,-1.9138848781585693,2.5,0.4,-4.586674094200134,-0.3999999999999999,417881147.2242052,0.27406307954251885,-0.6811316173277286
568,590,rachuonyo,kamanga,kenya,11/19/2009,5,2,1.103688636,1.0,-0.400624514,34.66554334,-0.4,34.65,-1.8101815581321716,-1.9138848781585693,2.5,0.4,-4.586674094200134,-0.3999999999999999,417881147.2242052,0.27406307954251885,-0.6811316173277286
569,591,rachuonyo,kamanga,kenya,11/19/2009,8,1,3.1533634,0.0,-0.400624514,34.66554334,-0.4,34.65,-1.8101815581321716,-1.9138848781585693,2.5,0.4,-4.586674094200134,-0.3999999999999999,417881147.2242052,0.27406307954251885,-0.6811316173277286
570,592,rachuonyo,kamanga,kenya,11/19/2009,10,2,3.143336925,0.0,-0.400624514,34.66554334,-0.4,34.65,-1.8101815581321716,-1.9138848781585693,2.5,0.4,-4.586674094200134,-0.3999999999999999,417881147.2242052,0.27406307954251885,-0.6811316173277286
571,593,rachuonyo,kamanga,kenya,11/19/2009,3,3,1.589243591,1.0,-0.400624514,34.66554334,-0.4,34.65,-1.8101815581321716,-1.9138848781585693,2.5,0.4,-4.586674094200134,-0.3999999999999999,417881147.2242052,0.27406307954251885,-0.6811316173277286
572,594,rachuonyo,kamanga,kenya,11/19/2009,5,1,0.08961117,1.0,-0.400624514,34.66554334,-0.4,34.65,-1.8101815581321716,-1.9138848781585693,2.5,0.4,-4.586674094200134,-0.3999999999999999,417881147.2242052,0.27406307954251885,-0.6811316173277286
573,595,rachuonyo,kamanga,kenya,11/19/2009,3,1,3.697923719,1.0,-0.400624514,34.66554334,-0.4,34.65,-1.8101815581321716,-1.9138848781585693,2.5,0.4,-4.586674094200134,-0.3999999999999999,417881147.2242052,0.27406307954251885,-0.6811316173277286
574,596,rachuonyo,kamanga,kenya,11/19/2009,4,4,3.172510728,1.0,-0.400624514,34.66554334,-0.4,34.65,-1.8101815581321716,-1.9138848781585693,2.5,0.4,-4.586674094200134,-0.3999999999999999,417881147.2242052,0.27406307954251885,-0.6811316173277286
575,597,nakuru,ngondu,kenya,11/12/2009,6,1,3.022232869,1.0,-0.369182194,35.94336408,-0.35,35.95,-1.8103533387184143,-1.9271731972694397,2.0,0.8,-3.6518402298291526,-0.29999999999999993,322157893.9968456,0.19177434575980593,-1.27195412150372
576,598,nakuru,ngondu,kenya,11/12/2009,7,2,-0.928297617,0.0,-0.369182194,35.94336408,-0.35,35.95,-1.8103533387184143,-1.9271731972694397,2.0,0.8,-3.6518402298291526,-0.29999999999999993,322157893.9968456,0.19177434575980593,-1.27195412150372
577,599,nakuru,ngondu,kenya,11/12/2009,6,0,3.212616624,,-0.369182194,35.94336408,-0.35,35.95,-1.8103533387184143,-1.9271731972694397,2.0,0.8,-3.6518402298291526,-0.29999999999999993,322157893.9968456,0.19177434575980593,-1.27195412150372
578,600,nakuru,ngondu,kenya,11/13/2009,2,1,-0.968403514,1.0,-0.369182194,35.94336408,-0.35,35.95,-1.8103533387184143,-1.9271731972694397,2.0,0.8,-3.6518402298291526,-0.29999999999999993,322157893.9968456,0.19177434575980593,-1.27195412150372
579,601,nakuru,ngondu,kenya,11/13/2009,3,2,2.238170208,1.0,-0.369182194,35.94336408,-0.35,35.95,-1.8103533387184143,-1.9271731972694397,2.0,0.8,-3.6518402298291526,-0.29999999999999993,322157893.9968456,0.19177434575980593,-1.27195412150372
580,602,nakuru,london,kenya,11/10/2009,4,1,-3.095740281,0.0,-0.275922368,36.07027959,-0.3,36.05,-1.8573858737945557,-1.9762049118677776,2.0,0.6,-3.7147717475891113,-0.5999999999999999,371501488.3083488,0.17299280969731395,-1.0054061199623072
581,603,nakuru,london,kenya,11/10/2009,2,2,-2.096813724,0.0,-0.275922368,36.07027959,-0.3,36.05,-1.8573858737945557,-1.9762049118677776,2.0,0.6,-3.7147717475891113,-0.5999999999999999,371501488.3083488,0.17299280969731395,-1.0054061199623072
582,604,nakuru,morop,kenya,11/12/2009,3,3,0.668513912,1.0,-0.110336674,35.94205931,-0.1,35.95,-1.7097965876261394,-1.7587907711664836,1.5,0.8,-2.617211937904358,-0.29999999999999993,279176940.63850015,0.20723545622717054,-0.5538160389278398
583,605,nakuru,morop,kenya,11/10/2009,4,2,0.728672757,0.0,-0.110336674,35.94205931,-0.1,35.95,-1.7097965876261394,-1.7587907711664836,1.5,0.8,-2.617211937904358,-0.29999999999999993,279176940.63850015,0.20723545622717054,-0.5538160389278398
584,606,nakuru,morop,kenya,11/10/2009,5,6,1.480198274,1.0,-0.110336674,35.94205931,-0.1,35.95,-1.7097965876261394,-1.7587907711664836,1.5,0.8,-2.617211937904358,-0.29999999999999993,279176940.63850015,0.20723545622717054,-0.5538160389278398
585,607,nakuru,section 58,kenya,11/11/2009,3,0,-0.637432237,,-0.283812727,36.09431466,-0.3,36.1,-1.8410974740982056,-1.950044830640157,2.0,0.6,-3.682194948196411,-0.5999999999999999,371501488.3083488,0.17070980063279748,-0.6307676315926216
586,608,nakuru,section 58,kenya,11/10/2009,4,0,-2.99245539,,-0.283812727,36.09431466,-0.3,36.1,-1.8410974740982056,-1.950044830640157,2.0,0.6,-3.682194948196411,-0.5999999999999999,371501488.3083488,0.17070980063279748,-0.6307676315926216
587,609,nakuru,section 58,kenya,11/10/2009,5,0,-1.768069342,,-0.283812727,36.09431466,-0.3,36.1,-1.8410974740982056,-1.950044830640157,2.0,0.6,-3.682194948196411,-0.5999999999999999,371501488.3083488,0.17070980063279748,-0.6307676315926216
588,610,nakuru,section 58,kenya,11/10/2009,2,7,-1.225784855,1.0,-0.283812727,36.09431466,-0.3,36.1,-1.8410974740982056,-1.950044830640157,2.0,0.6,-3.682194948196411,-0.5999999999999999,371501488.3083488,0.17070980063279748,-0.6307676315926216
589,611,nakuru,section 58,kenya,11/10/2009,3,2,-2.600270507,0.0,-0.283812727,36.09431466,-0.3,36.1,-1.8410974740982056,-1.950044830640157,2.0,0.6,-3.682194948196411,-0.5999999999999999,371501488.3083488,0.17070980063279748,-0.6307676315926216
590,612,nakuru,section 58,kenya,11/11/2009,4,1,-3.649200563,1.0,-0.283812727,36.09431466,-0.3,36.1,-1.8410974740982056,-1.950044830640157,2.0,0.6,-3.682194948196411,-0.5999999999999999,371501488.3083488,0.17070980063279748,-0.6307676315926216
591,613,nakuru,section 58,kenya,11/11/2009,2,1,-2.693183743,0.0,-0.283812727,36.09431466,-0.3,36.1,-1.8410974740982056,-1.950044830640157,2.0,0.6,-3.682194948196411,-0.5999999999999999,371501488.3083488,0.17070980063279748,-0.6307676315926216
592,614,nakuru,section 58,kenya,11/11/2009,4,1,-3.246702735,1.0,-0.283812727,36.09431466,-0.3,36.1,-1.8410974740982056,-1.950044830640157,2.0,0.6,-3.682194948196411,-0.5999999999999999,371501488.3083488,0.17070980063279748,-0.6307676315926216
593,615,nakuru,section 58,kenya,11/11/2009,2,1,-1.098409034,0.0,-0.283812727,36.09431466,-0.3,36.1,-1.8410974740982056,-1.950044830640157,2.0,0.6,-3.682194948196411,-0.5999999999999999,371501488.3083488,0.17070980063279748,-0.6307676315926216
594,616,nakuru,section 58,kenya,11/14/2009,12,1,-3.260120649,1.0,-0.283812727,36.09431466,-0.3,36.1,-1.8410974740982056,-1.950044830640157,2.0,0.6,-3.682194948196411,-0.5999999999999999,371501488.3083488,0.17070980063279748,-0.6307676315926216
595,618,nakuru,london,kenya,11/10/2009,3,2,-2.527181578,0.0,-0.275922368,36.07027959,-0.3,36.05,-1.8573858737945557,-1.9762049118677776,2.0,0.6,-3.7147717475891113,-0.5999999999999999,371501488.3083488,0.17299280969731395,-1.0054061199623072
596,619,nakuru,london,kenya,11/10/2009,2,3,-1.707138788,0.0,-0.275922368,36.07027959,-0.3,36.05,-1.8573858737945557,-1.9762049118677776,2.0,0.6,-3.7147717475891113,-0.5999999999999999,371501488.3083488,0.17299280969731395,-1.0054061199623072
597,620,lugari,pan paper,kenya,11/22/2009,5,5,2.858823852,1.0,0.686881781,34.99065085,0.7,35.0,-1.7780580073595047,-1.8413462191820145,1.25,1.0,-2.2432953864336014,-0.6,260866075.8288907,0.22861159558093608,0.45403220472308714
598,621,lugari,pan paper,kenya,11/22/2009,8,3,3.034556147,0.0,0.686881781,34.99065085,0.7,35.0,-1.7780580073595047,-1.8413462191820145,1.25,1.0,-2.2432953864336014,-0.6,260866075.8288907,0.22861159558093608,0.45403220472308714
599,622,lugari,pan paper,kenya,11/22/2009,6,3,2.99445025,0.0,0.686881781,34.99065085,0.7,35.0,-1.7780580073595047,-1.8413462191820145,1.25,1.0,-2.2432953864336014,-0.6,260866075.8288907,0.22861159558093608,0.45403220472308714
600,623,lugari,pan paper,kenya,11/22/2009,3,0,3.214692403,,0.686881781,34.99065085,0.7,35.0,-1.7780580073595047,-1.8413462191820145,1.25,1.0,-2.2432953864336014,-0.6,260866075.8288907,0.22861159558093608,0.45403220472308714
601,624,lugari,pan paper,kenya,11/22/2009,11,1,3.455327782,0.0,0.686881781,34.99065085,0.7,35.0,-1.7780580073595047,-1.8413462191820145,1.25,1.0,-2.2432953864336014,-0.6,260866075.8288907,0.22861159558093608,0.45403220472308714
602,625,lugari,pan paper,kenya,11/22/2009,5,1,2.858823852,1.0,0.686881781,34.99065085,0.7,35.0,-1.7780580073595047,-1.8413462191820145,1.25,1.0,-2.2432953864336014,-0.6,260866075.8288907,0.22861159558093608,0.45403220472308714
603,626,lugari,pan paper,kenya,11/22/2009,5,2,2.783625296,0.0,0.686881781,34.99065085,0.7,35.0,-1.7780580073595047,-1.8413462191820145,1.25,1.0,-2.2432953864336014,-0.6,260866075.8288907,0.22861159558093608,0.45403220472308714
604,627,lugari,pan paper,kenya,11/22/2009,4,1,2.167206404,1.0,0.686881781,34.99065085,0.7,35.0,-1.7780580073595047,-1.8413462191820145,1.25,1.0,-2.2432953864336014,-0.6,260866075.8288907,0.22861159558093608,0.45403220472308714
605,628,lugari,pan paper,kenya,11/22/2009,7,2,2.15808555,0.0,0.686881781,34.99065085,0.7,35.0,-1.7780580073595047,-1.8413462191820145,1.25,1.0,-2.2432953864336014,-0.6,260866075.8288907,0.22861159558093608,0.45403220472308714
606,629,lugari,pan paper,kenya,11/22/2009,4,1,3.244771825,1.0,0.686881781,34.99065085,0.7,35.0,-1.7780580073595047,-1.8413462191820145,1.25,1.0,-2.2432953864336014,-0.6,260866075.8288907,0.22861159558093608,0.45403220472308714
607,630,lugari,pan paper,kenya,11/22/2009,8,0,2.849702998,,0.686881781,34.99065085,0.7,35.0,-1.7780580073595047,-1.8413462191820145,1.25,1.0,-2.2432953864336014,-0.6,260866075.8288907,0.22861159558093608,0.45403220472308714
608,631,lugari,pan paper,kenya,11/22/2009,5,0,3.274851248,,0.686881781,34.99065085,0.7,35.0,-1.7780580073595047,-1.8413462191820145,1.25,1.0,-2.2432953864336014,-0.6,260866075.8288907,0.22861159558093608,0.45403220472308714
609,632,lugari,pan paper,kenya,11/22/2009,1,0,3.243866205,,0.686881781,34.99065085,0.7,35.0,-1.7780580073595047,-1.8413462191820145,1.25,1.0,-2.2432953864336014,-0.6,260866075.8288907,0.22861159558093608,0.45403220472308714
610,633,lugari,pan paper,kenya,11/22/2009,5,0,2.783625296,,0.686881781,34.99065085,0.7,35.0,-1.7780580073595047,-1.8413462191820145,1.25,1.0,-2.2432953864336014,-0.6,260866075.8288907,0.22861159558093608,0.45403220472308714
611,634,lugari,pan paper,kenya,11/22/2009,8,0,2.79787864,,0.686881781,34.99065085,0.7,35.0,-1.7780580073595047,-1.8413462191820145,1.25,1.0,-2.2432953864336014,-0.6,260866075.8288907,0.22861159558093608,0.45403220472308714
612,635,lugari,pan paper,kenya,11/22/2009,5,0,3.024529673,,0.686881781,34.99065085,0.7,35.0,-1.7780580073595047,-1.8413462191820145,1.25,1.0,-2.2432953864336014,-0.6,260866075.8288907,0.22861159558093608,0.45403220472308714
613,636,lugari,pan paper,kenya,11/22/2009,7,0,2.333189835,,0.686881781,34.99065085,0.7,35.0,-1.7780580073595047,-1.8413462191820145,1.25,1.0,-2.2432953864336014,-0.6,260866075.8288907,0.22861159558093608,0.45403220472308714
614,637,lugari,bendera,kenya,11/23/2009,6,0,3.244771825,,0.651269818,34.87616289,0.65,34.9,-1.6221684217453003,-1.6974429686864216,1.3333333333333333,0.6,-2.20953377087911,-0.5999999999999999,273031614.4678259,0.22637249126432163,0.6409339815678713
615,638,lugari,bendera,kenya,11/23/2009,4,0,3.113257503,,0.651269818,34.87616289,0.65,34.9,-1.6221684217453003,-1.6974429686864216,1.3333333333333333,0.6,-2.20953377087911,-0.5999999999999999,273031614.4678259,0.22637249126432163,0.6409339815678713
616,639,lugari,bendera,kenya,11/23/2009,2,0,2.382809582,,0.651269818,34.87616289,0.65,34.9,-1.6221684217453003,-1.6974429686864216,1.3333333333333333,0.6,-2.20953377087911,-0.5999999999999999,273031614.4678259,0.22637249126432163,0.6409339815678713
617,640,lugari,bendera,kenya,11/23/2009,5,0,2.70933236,,0.651269818,34.87616289,0.65,34.9,-1.6221684217453003,-1.6974429686864216,1.3333333333333333,0.6,-2.20953377087911,-0.5999999999999999,273031614.4678259,0.22637249126432163,0.6409339815678713
618,641,lugari,bendera,kenya,11/23/2009,5,0,3.024529673,,0.651269818,34.87616289,0.65,34.9,-1.6221684217453003,-1.6974429686864216,1.3333333333333333,0.6,-2.20953377087911,-0.5999999999999999,273031614.4678259,0.22637249126432163,0.6409339815678713
619,642,lugari,bendera,kenya,11/23/2009,4,0,2.418904888,,0.651269818,34.87616289,0.65,34.9,-1.6221684217453003,-1.6974429686864216,1.3333333333333333,0.6,-2.20953377087911,-0.5999999999999999,273031614.4678259,0.22637249126432163,0.6409339815678713
620,643,lugari,bendera,kenya,11/23/2009,11,0,2.355979717,1.0,0.651269818,34.87616289,0.65,34.9,-1.6221684217453003,-1.6974429686864216,1.3333333333333333,0.6,-2.20953377087911,-0.5999999999999999,273031614.4678259,0.22637249126432163,0.6409339815678713
621,656,lugari,mlimani,kenya,11/20/2009,5,0,0.77943678,,0.651451675,34.87612009,0.65,34.9,-1.6221684217453003,-1.6974429686864216,1.3333333333333333,0.6,-2.20953377087911,-0.5999999999999999,273031614.4678259,0.22637249126432163,0.6409339815678713
622,657,lugari,mlimani,kenya,11/20/2009,4,0,2.062815312,,0.651451675,34.87612009,0.65,34.9,-1.6221684217453003,-1.6974429686864216,1.3333333333333333,0.6,-2.20953377087911,-0.5999999999999999,273031614.4678259,0.22637249126432163,0.6409339815678713
623,658,lugari,mlimani,kenya,11/20/2009,6,0,2.697009082,,0.651451675,34.87612009,0.65,34.9,-1.6221684217453003,-1.6974429686864216,1.3333333333333333,0.6,-2.20953377087911,-0.5999999999999999,273031614.4678259,0.22637249126432163,0.6409339815678713
624,659,lugari,mlimani,kenya,11/20/2009,5,0,3.333203312,,0.651451675,34.87612009,0.65,34.9,-1.6221684217453003,-1.6974429686864216,1.3333333333333333,0.6,-2.20953377087911,-0.5999999999999999,273031614.4678259,0.22637249126432163,0.6409339815678713
625,660,lugari,mlimani,kenya,11/20/2009,3,0,3.314051524,,0.651451675,34.87612009,0.65,34.9,-1.6221684217453003,-1.6974429686864216,1.3333333333333333,0.6,-2.20953377087911,-0.5999999999999999,273031614.4678259,0.22637249126432163,0.6409339815678713
626,661,lugari,mlimani,kenya,11/20/2009,9,0,3.788161986,,0.651451675,34.87612009,0.65,34.9,-1.6221684217453003,-1.6974429686864216,1.3333333333333333,0.6,-2.20953377087911,-0.5999999999999999,273031614.4678259,0.22637249126432163,0.6409339815678713
627,662,lugari,mlimani,kenya,11/20/2009,6,0,3.244771825,,0.651451675,34.87612009,0.65,34.9,-1.6221684217453003,-1.6974429686864216,1.3333333333333333,0.6,-2.20953377087911,-0.5999999999999999,273031614.4678259,0.22637249126432163,0.6409339815678713
628,663,lugari,mlimani,kenya,11/20/2009,4,0,1.577211822,1.0,0.651451675,34.87612009,0.65,34.9,-1.6221684217453003,-1.6974429686864216,1.3333333333333333,0.6,-2.20953377087911,-0.5999999999999999,273031614.4678259,0.22637249126432163,0.6409339815678713
629,678,lugari,mwamba,kenya,11/21/2009,4,0,1.281650502,,0.633755504,35.0218391,0.65,35.0,-1.6908513605594635,-1.7484560310840607,1.25,1.0,-2.156077414751053,-0.6,260866075.8288907,0.23569399805259844,0.2822764368731514
630,679,lugari,mwamba,kenya,11/21/2009,5,0,1.464912096,,0.633755504,35.0218391,0.65,35.0,-1.6908513605594635,-1.7484560310840607,1.25,1.0,-2.156077414751053,-0.6,260866075.8288907,0.23569399805259844,0.2822764368731514
631,680,lugari,mwamba,kenya,11/21/2009,3,0,2.798665007,,0.633755504,35.0218391,0.65,35.0,-1.6908513605594635,-1.7484560310840607,1.25,1.0,-2.156077414751053,-0.6,260866075.8288907,0.23569399805259844,0.2822764368731514
632,681,lugari,mwamba,kenya,11/21/2009,5,0,2.022728149,,0.633755504,35.0218391,0.65,35.0,-1.6908513605594635,-1.7484560310840607,1.25,1.0,-2.156077414751053,-0.6,260866075.8288907,0.23569399805259844,0.2822764368731514
633,682,lugari,mwamba,kenya,11/21/2009,2,0,1.014987641,,0.633755504,35.0218391,0.65,35.0,-1.6908513605594635,-1.7484560310840607,1.25,1.0,-2.156077414751053,-0.6,260866075.8288907,0.23569399805259844,0.2822764368731514
634,683,lugari,mwamba,kenya,11/21/2009,5,0,0.018539632,,0.633755504,35.0218391,0.65,35.0,-1.6908513605594635,-1.7484560310840607,1.25,1.0,-2.156077414751053,-0.6,260866075.8288907,0.23569399805259844,0.2822764368731514
635,697,nairobi,kilimani,kenya,11/21/2009,5,0,-3.637168794,,-1.283550951,36.79040057,-1.3,36.8,-1.752311885356903,-1.818533331155777,2.25,0.6,-3.966824859380722,0.06666666666666665,413029382.9447616,0.19164837633405407,-2.4186223658082064
636,698,nairobi,kilimani,kenya,11/23/2009,1,0,-3.127479817,,-1.283550951,36.79040057,-1.3,36.8,-1.752311885356903,-1.818533331155777,2.25,0.6,-3.966824859380722,0.06666666666666665,413029382.9447616,0.19164837633405407,-2.4186223658082064
637,699,nairobi,kilimani,kenya,11/23/2009,3,0,-3.751567626,,-1.283550951,36.79040057,-1.3,36.8,-1.752311885356903,-1.818533331155777,2.25,0.6,-3.966824859380722,0.06666666666666665,413029382.9447616,0.19164837633405407,-2.4186223658082064
638,700,nairobi,kilimani,kenya,12/23/2009,4,0,-2.173313727,,-1.283550951,36.79040057,-1.3,36.8,-1.752311885356903,-1.818533331155777,2.25,0.6,-3.966824859380722,0.06666666666666665,413029382.9447616,0.19164837633405407,-2.4186223658082064
639,701,nairobi,kilimani,kenya,11/21/2009,4,0,-3.617115846,1.0,-1.283550951,36.79040057,-1.3,36.8,-1.752311885356903,-1.818533331155777,2.25,0.6,-3.966824859380722,0.06666666666666665,413029382.9447616,0.19164837633405407,-2.4186223658082064
640,702,nairobi,kilimani,kenya,11/23/2009,5,0,-2.973303054,,-1.283550951,36.79040057,-1.3,36.8,-1.752311885356903,-1.818533331155777,2.25,0.6,-3.966824859380722,0.06666666666666665,413029382.9447616,0.19164837633405407,-2.4186223658082064
641,703,nairobi,kilimani,kenya,11/23/2009,6,2,-3.607089371,0.0,-1.283550951,36.79040057,-1.3,36.8,-1.752311885356903,-1.818533331155777,2.25,0.6,-3.966824859380722,0.06666666666666665,413029382.9447616,0.19164837633405407,-2.4186223658082064
642,704,nairobi,kilimani,kenya,11/21/2009,1,2,-3.776633812,0.0,-1.283550951,36.79040057,-1.3,36.8,-1.752311885356903,-1.818533331155777,2.25,0.6,-3.966824859380722,0.06666666666666665,413029382.9447616,0.19164837633405407,-2.4186223658082064
643,705,nairobi,kilimani,kenya,11/21/2009,1,0,-3.776633812,,-1.283550951,36.79040057,-1.3,36.8,-1.752311885356903,-1.818533331155777,2.25,0.6,-3.966824859380722,0.06666666666666665,413029382.9447616,0.19164837633405407,-2.4186223658082064
644,706,nairobi,kilimani,kenya,11/21/2009,1,0,-3.781647049,,-1.283550951,36.79040057,-1.3,36.8,-1.752311885356903,-1.818533331155777,2.25,0.6,-3.966824859380722,0.06666666666666665,413029382.9447616,0.19164837633405407,-2.4186223658082064
645,707,nairobi,kilimani,kenya,11/21/2009,1,0,-1.686454188,,-1.283550951,36.79040057,-1.3,36.8,-1.752311885356903,-1.818533331155777,2.25,0.6,-3.966824859380722,0.06666666666666665,413029382.9447616,0.19164837633405407,-2.4186223658082064
646,708,nairobi,kilimani,kenya,11/24/2009,2,3,-3.779498519,0.0,-1.283550951,36.79040057,-1.3,36.8,-1.752311885356903,-1.818533331155777,2.25,0.6,-3.966824859380722,0.06666666666666665,413029382.9447616,0.19164837633405407,-2.4186223658082064
647,709,nairobi,kilimani,kenya,11/23/2009,7,1,-3.178711862,0.0,-1.283550951,36.79040057,-1.3,36.8,-1.752311885356903,-1.818533331155777,2.25,0.6,-3.966824859380722,0.06666666666666665,413029382.9447616,0.19164837633405407,-2.4186223658082064
648,710,nairobi,kilimani,kenya,11/23/2009,5,2,-3.503394582,1.0,-1.283550951,36.79040057,-1.3,36.8,-1.752311885356903,-1.818533331155777,2.25,0.6,-3.966824859380722,0.06666666666666665,413029382.9447616,0.19164837633405407,-2.4186223658082064
649,711,nairobi,kilimani,kenya,11/23/2009,1,3,-3.788092639,0.0,-1.283550951,36.79040057,-1.3,36.8,-1.752311885356903,-1.818533331155777,2.25,0.6,-3.966824859380722,0.06666666666666665,413029382.9447616,0.19164837633405407,-2.4186223658082064
650,712,nairobi,kilimani,kenya,11/22/2009,1,0,-3.788092639,1.0,-1.283550951,36.79040057,-1.3,36.8,-1.752311885356903,-1.818533331155777,2.25,0.6,-3.966824859380722,0.06666666666666665,413029382.9447616,0.19164837633405407,-2.4186223658082064
651,713,nairobi,rusinga,kenya,11/23/2009,4,1,-3.762310277,0.0,-1.396492153,36.83163364,-1.4,36.85,-1.661060055096944,-1.7293430368105571,1.8333333333333333,0.8,-3.1200714111328125,-0.29999999999999993,309789745.7640342,0.1821887720218443,-1.4166173868130105
652,714,nairobi,rusinga,kenya,11/22/2009,2,1,-3.208791285,0.0,-1.396492153,36.83163364,-1.4,36.85,-1.661060055096944,-1.7293430368105571,1.8333333333333333,0.8,-3.1200714111328125,-0.29999999999999993,309789745.7640342,0.1821887720218443,-1.4166173868130105
653,715,nairobi,rusinga,kenya,11/21/2009,2,1,-3.772623222,1.0,-1.396492153,36.83163364,-1.4,36.85,-1.661060055096944,-1.7293430368105571,1.8333333333333333,0.8,-3.1200714111328125,-0.29999999999999993,309789745.7640342,0.1821887720218443,-1.4166173868130105
654,716,nairobi,rusinga,kenya,11/21/2009,5,1,-3.696422019,1.0,-1.396492153,36.83163364,-1.4,36.85,-1.661060055096944,-1.7293430368105571,1.8333333333333333,0.8,-3.1200714111328125,-0.29999999999999993,309789745.7640342,0.1821887720218443,-1.4166173868130105
655,717,nairobi,rusinga,kenya,11/21/2009,5,1,-3.471166629,0.0,-1.396492153,36.83163364,-1.4,36.85,-1.661060055096944,-1.7293430368105571,1.8333333333333333,0.8,-3.1200714111328125,-0.29999999999999993,309789745.7640342,0.1821887720218443,-1.4166173868130105
656,718,nairobi,rusinga,kenya,11/21/2009,4,1,-3.506259288,1.0,-1.396492153,36.83163364,-1.4,36.85,-1.661060055096944,-1.7293430368105571,1.8333333333333333,0.8,-3.1200714111328125,-0.29999999999999993,309789745.7640342,0.1821887720218443,-1.4166173868130105
657,719,nairobi,rusinga,kenya,11/21/2009,4,2,-3.412629581,1.0,-1.396492153,36.83163364,-1.4,36.85,-1.661060055096944,-1.7293430368105571,1.8333333333333333,0.8,-3.1200714111328125,-0.29999999999999993,309789745.7640342,0.1821887720218443,-1.4166173868130105
658,720,nairobi,rusinga,kenya,11/21/2009,5,1,-3.40403546,0.0,-1.396492153,36.83163364,-1.4,36.85,-1.661060055096944,-1.7293430368105571,1.8333333333333333,0.8,-3.1200714111328125,-0.29999999999999993,309789745.7640342,0.1821887720218443,-1.4166173868130105
659,722,nairobi,rusinga,kenya,11/22/2009,2,0,-3.766607338,,-1.396492153,36.83163364,-1.4,36.85,-1.661060055096944,-1.7293430368105571,1.8333333333333333,0.8,-3.1200714111328125,-0.29999999999999993,309789745.7640342,0.1821887720218443,-1.4166173868130105
660,723,nairobi,rusinga,kenya,11/23/2009,2,1,-3.766607338,0.0,-1.396492153,36.83163364,-1.4,36.85,-1.661060055096944,-1.7293430368105571,1.8333333333333333,0.8,-3.1200714111328125,-0.29999999999999993,309789745.7640342,0.1821887720218443,-1.4166173868130105
661,725,nairobi,rusinga,kenya,11/21/2009,4,0,-3.649200563,,-1.396492153,36.83163364,-1.4,36.85,-1.661060055096944,-1.7293430368105571,1.8333333333333333,0.8,-3.1200714111328125,-0.29999999999999993,309789745.7640342,0.1821887720218443,-1.4166173868130105
662,726,nairobi,rusinga,kenya,11/21/2009,7,1,-3.736527915,0.0,-1.396492153,36.83163364,-1.4,36.85,-1.661060055096944,-1.7293430368105571,1.8333333333333333,0.8,-3.1200714111328125,-0.29999999999999993,309789745.7640342,0.1821887720218443,-1.4166173868130105
663,727,nairobi,rusinga,kenya,11/24/2009,4,2,-3.511988702,1.0,-1.396492153,36.83163364,-1.4,36.85,-1.661060055096944,-1.7293430368105571,1.8333333333333333,0.8,-3.1200714111328125,-0.29999999999999993,309789745.7640342,0.1821887720218443,-1.4166173868130105
664,728,nairobi,rusinga,kenya,11/22/2009,6,2,-3.745122036,0.0,-1.396492153,36.83163364,-1.4,36.85,-1.661060055096944,-1.7293430368105571,1.8333333333333333,0.8,-3.1200714111328125,-0.29999999999999993,309789745.7640342,0.1821887720218443,-1.4166173868130105
665,729,nairobi,rusinga,kenya,11/24/2009,2,0,-3.772623222,,-1.396492153,36.83163364,-1.4,36.85,-1.661060055096944,-1.7293430368105571,1.8333333333333333,0.8,-3.1200714111328125,-0.29999999999999993,309789745.7640342,0.1821887720218443,-1.4166173868130105
666,730,nairobi,rusinga,kenya,11/22/2009,3,0,-2.836250044,,-1.396492153,36.83163364,-1.4,36.85,-1.661060055096944,-1.7293430368105571,1.8333333333333333,0.8,-3.1200714111328125,-0.29999999999999993,309789745.7640342,0.1821887720218443,-1.4166173868130105
667,731,nairobi,rusinga,kenya,11/22/2009,3,0,-2.54903817,,-1.396492153,36.83163364,-1.4,36.85,-1.661060055096944,-1.7293430368105571,1.8333333333333333,0.8,-3.1200714111328125,-0.29999999999999993,309789745.7640342,0.1821887720218443,-1.4166173868130105
668,732,nairobi,rusinga,kenya,11/21/2009,1,0,-1.709735462,,-1.396492153,36.83163364,-1.4,36.85,-1.661060055096944,-1.7293430368105571,1.8333333333333333,0.8,-3.1200714111328125,-0.29999999999999993,309789745.7640342,0.1821887720218443,-1.4166173868130105
669,733,nairobi,rusinga,kenya,11/22/2009,2,0,-3.766607338,,-1.396492153,36.83163364,-1.4,36.85,-1.661060055096944,-1.7293430368105571,1.8333333333333333,0.8,-3.1200714111328125,-0.29999999999999993,309789745.7640342,0.1821887720218443,-1.4166173868130105
670,734,nairobi,rusinga,kenya,11/21/2009,1,0,-3.43697959,,-1.396492153,36.83163364,-1.4,36.85,-1.661060055096944,-1.7293430368105571,1.8333333333333333,0.8,-3.1200714111328125,-0.29999999999999993,309789745.7640342,0.1821887720218443,-1.4166173868130105
671,735,nairobi,maili saba,kenya,11/22/2009,5,0,-0.821366003,,-1.255299966,36.91591022,-1.25,36.9,-1.7591270009676616,-1.7819124857584636,1.5,0.8,-2.7071780363718667,-0.29999999999999993,334661383.914048,0.19635583447905752,-1.1166820352534093
672,736,nairobi,maili saba,kenya,11/22/2009,4,0,0.057739909,,-1.255299966,36.91591022,-1.25,36.9,-1.7591270009676616,-1.7819124857584636,1.5,0.8,-2.7071780363718667,-0.29999999999999993,334661383.914048,0.19635583447905752,-1.1166820352534093
673,737,nairobi,maili saba,kenya,11/22/2009,5,0,0.77943678,,-1.255299966,36.91591022,-1.25,36.9,-1.7591270009676616,-1.7819124857584636,1.5,0.8,-2.7071780363718667,-0.29999999999999993,334661383.914048,0.19635583447905752,-1.1166820352534093
674,738,nairobi,maili saba,kenya,11/22/2009,1,0,-0.162842522,,-1.255299966,36.91591022,-1.25,36.9,-1.7591270009676616,-1.7819124857584636,1.5,0.8,-2.7071780363718667,-0.29999999999999993,334661383.914048,0.19635583447905752,-1.1166820352534093
675,739,nairobi,maili saba,kenya,11/22/2009,6,0,-0.736597615,,-1.255299966,36.91591022,-1.25,36.9,-1.7591270009676616,-1.7819124857584636,1.5,0.8,-2.7071780363718667,-0.29999999999999993,334661383.914048,0.19635583447905752,-1.1166820352534093
676,740,nairobi,maili saba,kenya,11/22/2009,1,3,2.102015589,0.0,-1.255299966,36.91591022,-1.25,36.9,-1.7591270009676616,-1.7819124857584636,1.5,0.8,-2.7071780363718667,-0.29999999999999993,334661383.914048,0.19635583447905752,-1.1166820352534093
677,741,nairobi,maili saba,kenya,11/22/2009,2,0,2.162174434,,-1.255299966,36.91591022,-1.25,36.9,-1.7591270009676616,-1.7819124857584636,1.5,0.8,-2.7071780363718667,-0.29999999999999993,334661383.914048,0.19635583447905752,-1.1166820352534093
678,742,nairobi,maili saba,kenya,11/21/2009,4,0,-0.940778073,,-1.255299966,36.91591022,-1.25,36.9,-1.7591270009676616,-1.7819124857584636,1.5,0.8,-2.7071780363718667,-0.29999999999999993,334661383.914048,0.19635583447905752,-1.1166820352534093
679,743,nairobi,maili saba,kenya,11/22/2009,1,1,-1.024916162,0.0,-1.255299966,36.91591022,-1.25,36.9,-1.7591270009676616,-1.7819124857584636,1.5,0.8,-2.7071780363718667,-0.29999999999999993,334661383.914048,0.19635583447905752,-1.1166820352534093
680,744,nairobi,maili saba,kenya,11/22/2009,4,0,-1.549498205,,-1.255299966,36.91591022,-1.25,36.9,-1.7591270009676616,-1.7819124857584636,1.5,0.8,-2.7071780363718667,-0.29999999999999993,334661383.914048,0.19635583447905752,-1.1166820352534093
681,745,nairobi,maili saba,kenya,11/22/2009,4,1,-2.274423401,0.0,-1.255299966,36.91591022,-1.25,36.9,-1.7591270009676616,-1.7819124857584636,1.5,0.8,-2.7071780363718667,-0.29999999999999993,334661383.914048,0.19635583447905752,-1.1166820352534093
682,746,nairobi,maili saba,kenya,11/22/2009,2,2,-0.801313055,0.0,-1.255299966,36.91591022,-1.25,36.9,-1.7591270009676616,-1.7819124857584636,1.5,0.8,-2.7071780363718667,-0.29999999999999993,334661383.914048,0.19635583447905752,-1.1166820352534093
683,747,nairobi,maili saba,kenya,11/22/2009,3,2,-0.766677037,0.0,-1.255299966,36.91591022,-1.25,36.9,-1.7591270009676616,-1.7819124857584636,1.5,0.8,-2.7071780363718667,-0.29999999999999993,334661383.914048,0.19635583447905752,-1.1166820352534093
684,748,nairobi,maili saba,kenya,11/22/2009,7,2,-2.401180978,1.0,-1.255299966,36.91591022,-1.25,36.9,-1.7591270009676616,-1.7819124857584636,1.5,0.8,-2.7071780363718667,-0.29999999999999993,334661383.914048,0.19635583447905752,-1.1166820352534093
685,749,nairobi,muthaiga,kenya,11/6/2009,2,3,-3.522301647,1.0,-1.254882111,36.83204676,-1.25,36.85,-1.769141137599945,-1.8396335542201996,2.25,0.6,-3.9934211373329163,0.06666666666666665,413029382.9447616,0.19688685226612057,-2.3364258337957224
686,750,nairobi,buruburu phase 1,kenya,11/6/2009,2,4,-3.756580863,1.0,-1.278857181,36.87752154,-1.3,36.9,-1.6927040815353394,-1.766977071762085,2.0,0.8,-3.4520761569341025,-0.29999999999999993,292229481.5451066,0.1868949074233102,-1.872201829025151
687,751,nairobi,buruburu phase 1,kenya,11/2/2009,2,2,-3.657221742,1.0,-1.278857181,36.87752154,-1.3,36.9,-1.6927040815353394,-1.766977071762085,2.0,0.8,-3.4520761569341025,-0.29999999999999993,292229481.5451066,0.1868949074233102,-1.872201829025151
688,752,nairobi,muthaiga,kenya,11/9/2009,3,1,-3.751567626,0.0,-1.254882111,36.83204676,-1.25,36.85,-1.769141137599945,-1.8396335542201996,2.25,0.6,-3.9934211373329163,0.06666666666666665,413029382.9447616,0.19688685226612057,-2.3364258337957224
689,753,nairobi,muthaiga,kenya,11/9/2009,1,0,-1.686454188,,-1.254882111,36.83204676,-1.25,36.85,-1.769141137599945,-1.8396335542201996,2.25,0.6,-3.9934211373329163,0.06666666666666665,413029382.9447616,0.19688685226612057,-2.3364258337957224
690,754,garissa,jaribu,kenya,11/12/2009,4,0,-2.033148942,,-0.44980003,39.63990781,-0.45,39.65,-1.69865083694458,-1.7904492616653442,2.0,0.2,-3.39730167388916,-0.19999999999999973,528801301.73394907,0.17425480544480676,-1.7101272592794032
691,755,garissa,jaribu,kenya,11/12/2009,2,0,-1.725654464,,-0.44980003,39.63990781,-0.45,39.65,-1.69865083694458,-1.7904492616653442,2.0,0.2,-3.39730167388916,-0.19999999999999973,528801301.73394907,0.17425480544480676,-1.7101272592794032
692,756,garissa,jaribu,kenya,11/12/2009,3,0,-1.66549562,,-0.44980003,39.63990781,-0.45,39.65,-1.69865083694458,-1.7904492616653442,2.0,0.2,-3.39730167388916,-0.19999999999999973,528801301.73394907,0.17425480544480676,-1.7101272592794032
693,757,garissa,jaribu,kenya,11/12/2009,4,0,-0.938766779,,-0.44980003,39.63990781,-0.45,39.65,-1.69865083694458,-1.7904492616653442,2.0,0.2,-3.39730167388916,-0.19999999999999973,528801301.73394907,0.17425480544480676,-1.7101272592794032
694,758,garissa,jaribu,kenya,11/12/2009,7,5,-2.401180978,0.0,-0.44980003,39.63990781,-0.45,39.65,-1.69865083694458,-1.7904492616653442,2.0,0.2,-3.39730167388916,-0.19999999999999973,528801301.73394907,0.17425480544480676,-1.7101272592794032
695,759,garissa,jaribu,kenya,11/12/2009,5,0,-1.54517793,,-0.44980003,39.63990781,-0.45,39.65,-1.69865083694458,-1.7904492616653442,2.0,0.2,-3.39730167388916,-0.19999999999999973,528801301.73394907,0.17425480544480676,-1.7101272592794032
696,760,garissa,jaribu,kenya,11/12/2009,3,3,-1.415174045,1.0,-0.44980003,39.63990781,-0.45,39.65,-1.69865083694458,-1.7904492616653442,2.0,0.2,-3.39730167388916,-0.19999999999999973,528801301.73394907,0.17425480544480676,-1.7101272592794032
697,761,garissa,town centre,kenya,11/10/2009,3,2,-1.84238101,1.0,-0.448509961,39.65421677,-0.45,39.65,-1.69865083694458,-1.7904492616653442,2.0,0.2,-3.39730167388916,-0.19999999999999973,528801301.73394907,0.17425480544480676,-1.7101272592794032
698,762,garissa,town centre,kenya,11/10/2009,2,3,-2.861545885,1.0,-0.448509961,39.65421677,-0.45,39.65,-1.69865083694458,-1.7904492616653442,2.0,0.2,-3.39730167388916,-0.19999999999999973,528801301.73394907,0.17425480544480676,-1.7101272592794032
699,763,garissa,jaribu,kenya,11/13/2009,4,1,-0.548729921,1.0,-0.44980003,39.63990781,-0.45,39.65,-1.69865083694458,-1.7904492616653442,2.0,0.2,-3.39730167388916,-0.19999999999999973,528801301.73394907,0.17425480544480676,-1.7101272592794032
700,764,garissa,kamour,kenya,11/15/2009,5,1,-2.29336308,1.0,-0.448509961,39.65421677,-0.45,39.65,-1.69865083694458,-1.7904492616653442,2.0,0.2,-3.39730167388916,-0.19999999999999973,528801301.73394907,0.17425480544480676,-1.7101272592794032
701,765,garissa,kamour,kenya,11/15/2009,7,1,0.002385878,0.0,-0.448509961,39.65421677,-0.45,39.65,-1.69865083694458,-1.7904492616653442,2.0,0.2,-3.39730167388916,-0.19999999999999973,528801301.73394907,0.17425480544480676,-1.7101272592794032
702,766,garissa,kamour,kenya,11/15/2009,6,2,-0.573159484,0.0,-0.448509961,39.65421677,-0.45,39.65,-1.69865083694458,-1.7904492616653442,2.0,0.2,-3.39730167388916,-0.19999999999999973,528801301.73394907,0.17425480544480676,-1.7101272592794032
703,767,garissa,market,kenya,11/9/2009,3,1,-2.413680769,1.0,-0.440424441,39.66017825,-0.45,39.65,-1.69865083694458,-1.7904492616653442,2.0,0.2,-3.39730167388916,-0.19999999999999973,528801301.73394907,0.17425480544480676,-1.7101272592794032
704,768,garissa,market,kenya,11/7/2009,5,2,-2.193438617,1.0,-0.440424441,39.66017825,-0.45,39.65,-1.69865083694458,-1.7904492616653442,2.0,0.2,-3.39730167388916,-0.19999999999999973,528801301.73394907,0.17425480544480676,-1.7101272592794032
705,769,garissa,hidaya,kenya,11/12/2009,10,1,-0.633318329,1.0,-0.448244644,39.65445633,-0.45,39.65,-1.69865083694458,-1.7904492616653442,2.0,0.2,-3.39730167388916,-0.19999999999999973,528801301.73394907,0.17425480544480676,-1.7101272592794032
706,770,garissa,hidaya,kenya,11/11/2009,10,2,-1.626793084,1.0,-0.448244644,39.65445633,-0.45,39.65,-1.69865083694458,-1.7904492616653442,2.0,0.2,-3.39730167388916,-0.19999999999999973,528801301.73394907,0.17425480544480676,-1.7101272592794032
707,771,garissa,market,kenya,11/7/2009,8,0,-0.12373774,,-0.440424441,39.66017825,-0.45,39.65,-1.69865083694458,-1.7904492616653442,2.0,0.2,-3.39730167388916,-0.19999999999999973,528801301.73394907,0.17425480544480676,-1.7101272592794032
708,772,garissa,market,kenya,11/8/2009,7,0,0.379602742,,-0.440424441,39.66017825,-0.45,39.65,-1.69865083694458,-1.7904492616653442,2.0,0.2,-3.39730167388916,-0.19999999999999973,528801301.73394907,0.17425480544480676,-1.7101272592794032
709,773,garissa,market,kenya,11/7/2009,5,0,1.539304247,,-0.440424441,39.66017825,-0.45,39.65,-1.69865083694458,-1.7904492616653442,2.0,0.2,-3.39730167388916,-0.19999999999999973,528801301.73394907,0.17425480544480676,-1.7101272592794032
710,774,garissa,hidaya,kenya,11/11/2009,5,0,-0.633318329,,-0.448244644,39.65445633,-0.45,39.65,-1.69865083694458,-1.7904492616653442,2.0,0.2,-3.39730167388916,-0.19999999999999973,528801301.73394907,0.17425480544480676,-1.7101272592794032
711,775,garissa,kamour,kenya,11/15/2009,3,1,-1.415174045,1.0,-0.448509961,39.65421677,-0.45,39.65,-1.69865083694458,-1.7904492616653442,2.0,0.2,-3.39730167388916,-0.19999999999999973,528801301.73394907,0.17425480544480676,-1.7101272592794032
712,776,garissa,market,kenya,11/8/2009,6,3,-0.753636019,1.0,-0.440424441,39.66017825,-0.45,39.65,-1.69865083694458,-1.7904492616653442,2.0,0.2,-3.39730167388916,-0.19999999999999973,528801301.73394907,0.17425480544480676,-1.7101272592794032
713,777,garissa,town centre,kenya,11/7/2009,7,1,-0.723556596,1.0,-0.448509961,39.65421677,-0.45,39.65,-1.69865083694458,-1.7904492616653442,2.0,0.2,-3.39730167388916,-0.19999999999999973,528801301.73394907,0.17425480544480676,-1.7101272592794032
714,778,garissa,town centre,kenya,11/9/2009,3,1,2.638360674,1.0,-0.448509961,39.65421677,-0.45,39.65,-1.69865083694458,-1.7904492616653442,2.0,0.2,-3.39730167388916,-0.19999999999999973,528801301.73394907,0.17425480544480676,-1.7101272592794032
715,779,garissa,town centre,kenya,11/8/2009,5,1,-0.633318329,1.0,-0.448509961,39.65421677,-0.45,39.65,-1.69865083694458,-1.7904492616653442,2.0,0.2,-3.39730167388916,-0.19999999999999973,528801301.73394907,0.17425480544480676,-1.7101272592794032
716,780,garissa,town centre,kenya,11/9/2009,6,1,1.478468403,1.0,-0.448509961,39.65421677,-0.45,39.65,-1.69865083694458,-1.7904492616653442,2.0,0.2,-3.39730167388916,-0.19999999999999973,528801301.73394907,0.17425480544480676,-1.7101272592794032
717,781,garissa,town centre,kenya,11/9/2009,3,1,-1.003957594,1.0,-0.448509961,39.65421677,-0.45,39.65,-1.69865083694458,-1.7904492616653442,2.0,0.2,-3.39730167388916,-0.19999999999999973,528801301.73394907,0.17425480544480676,-1.7101272592794032
718,782,garissa,market,kenya,11/9/2009,5,1,-1.445253467,1.0,-0.440424441,39.66017825,-0.45,39.65,-1.69865083694458,-1.7904492616653442,2.0,0.2,-3.39730167388916,-0.19999999999999973,528801301.73394907,0.17425480544480676,-1.7101272592794032
719,783,garissa,market,kenya,11/7/2009,5,1,2.758678364,1.0,-0.440424441,39.66017825,-0.45,39.65,-1.69865083694458,-1.7904492616653442,2.0,0.2,-3.39730167388916,-0.19999999999999973,528801301.73394907,0.17425480544480676,-1.7101272592794032
720,784,garissa,market,kenya,11/8/2009,5,1,-2.687754908,1.0,-0.440424441,39.66017825,-0.45,39.65,-1.69865083694458,-1.7904492616653442,2.0,0.2,-3.39730167388916,-0.19999999999999973,528801301.73394907,0.17425480544480676,-1.7101272592794032
721,785,garissa,kamour,kenya,11/14/2009,7,1,-0.973878171,1.0,-0.448509961,39.65421677,-0.45,39.65,-1.69865083694458,-1.7904492616653442,2.0,0.2,-3.39730167388916,-0.19999999999999973,528801301.73394907,0.17425480544480676,-1.7101272592794032
722,786,garissa,kamour,kenya,11/14/2009,4,3,-1.3550152,1.0,-0.448509961,39.65421677,-0.45,39.65,-1.69865083694458,-1.7904492616653442,2.0,0.2,-3.39730167388916,-0.19999999999999973,528801301.73394907,0.17425480544480676,-1.7101272592794032
723,787,garissa,kamour,kenya,11/14/2009,10,1,0.083724316,1.0,-0.448509961,39.65421677,-0.45,39.65,-1.69865083694458,-1.7904492616653442,2.0,0.2,-3.39730167388916,-0.19999999999999973,528801301.73394907,0.17425480544480676,-1.7101272592794032
724,788,garissa,kamour,kenya,11/14/2009,3,1,-1.003957594,1.0,-0.448509961,39.65421677,-0.45,39.65,-1.69865083694458,-1.7904492616653442,2.0,0.2,-3.39730167388916,-0.19999999999999973,528801301.73394907,0.17425480544480676,-1.7101272592794032
725,789,garissa,hidaya,kenya,11/12/2009,3,1,-1.505412312,1.0,-0.448244644,39.65445633,-0.45,39.65,-1.69865083694458,-1.7904492616653442,2.0,0.2,-3.39730167388916,-0.19999999999999973,528801301.73394907,0.17425480544480676,-1.7101272592794032
726,790,garissa,hidaya,kenya,11/12/2009,9,1,1.638551711,0.0,-0.448244644,39.65445633,-0.45,39.65,-1.69865083694458,-1.7904492616653442,2.0,0.2,-3.39730167388916,-0.19999999999999973,528801301.73394907,0.17425480544480676,-1.7101272592794032
727,791,garissa,hidaya,kenya,11/12/2009,8,3,-2.103200349,1.0,-0.448244644,39.65445633,-0.45,39.65,-1.69865083694458,-1.7904492616653442,2.0,0.2,-3.39730167388916,-0.19999999999999973,528801301.73394907,0.17425480544480676,-1.7101272592794032
728,792,garissa,hidaya,kenya,9/11/2009,3,0,0.559759969,,-0.448244644,39.65445633,-0.45,39.65,-1.69865083694458,-1.7904492616653442,2.0,0.2,-3.39730167388916,-0.19999999999999973,528801301.73394907,0.17425480544480676,-1.7101272592794032
729,793,garissa,hidaya,kenya,11/11/2009,3,0,2.122974157,,-0.448244644,39.65445633,-0.45,39.65,-1.69865083694458,-1.7904492616653442,2.0,0.2,-3.39730167388916,-0.19999999999999973,528801301.73394907,0.17425480544480676,-1.7101272592794032
730,794,garissa,market,kenya,11/8/2009,20,0,2.2344903,,-0.440424441,39.66017825,-0.45,39.65,-1.69865083694458,-1.7904492616653442,2.0,0.2,-3.39730167388916,-0.19999999999999973,528801301.73394907,0.17425480544480676,-1.7101272592794032
731,795,nairobi,eastleigh,kenya,11/22/2009,2,0,-0.964757317,,-1.269577908,36.84078563,-1.25,36.85,-1.769141137599945,-1.8396335542201996,2.25,0.6,-3.9934211373329163,0.06666666666666665,413029382.9447616,0.19688685226612057,-2.3364258337957224
732,796,nairobi,eastleigh,kenya,11/22/2009,4,0,-2.51394551,,-1.269577908,36.84078563,-1.25,36.85,-1.769141137599945,-1.8396335542201996,2.25,0.6,-3.9934211373329163,0.06666666666666665,413029382.9447616,0.19688685226612057,-2.3364258337957224
733,797,nairobi,eastleigh,kenya,11/22/2009,8,0,-3.078447121,,-1.269577908,36.84078563,-1.25,36.85,-1.769141137599945,-1.8396335542201996,2.25,0.6,-3.9934211373329163,0.06666666666666665,413029382.9447616,0.19688685226612057,-2.3364258337957224
734,798,nairobi,eastleigh,kenya,11/22/2009,2,0,-0.881524848,,-1.269577908,36.84078563,-1.25,36.85,-1.769141137599945,-1.8396335542201996,2.25,0.6,-3.9934211373329163,0.06666666666666665,413029382.9447616,0.19688685226612057,-2.3364258337957224
735,799,nairobi,eastleigh,kenya,11/22/2009,3,0,-2.269410164,,-1.269577908,36.84078563,-1.25,36.85,-1.769141137599945,-1.8396335542201996,2.25,0.6,-3.9934211373329163,0.06666666666666665,413029382.9447616,0.19688685226612057,-2.3364258337957224
736,800,nairobi,eastleigh,kenya,11/22/2009,4,0,-2.473839614,,-1.269577908,36.84078563,-1.25,36.85,-1.769141137599945,-1.8396335542201996,2.25,0.6,-3.9934211373329163,0.06666666666666665,413029382.9447616,0.19688685226612057,-2.3364258337957224
737,801,nairobi,eastleigh,kenya,11/22/2009,7,0,-2.718399672,,-1.269577908,36.84078563,-1.25,36.85,-1.769141137599945,-1.8396335542201996,2.25,0.6,-3.9934211373329163,0.06666666666666665,413029382.9447616,0.19688685226612057,-2.3364258337957224
738,803,nairobi,eastleigh,kenya,11/22/2009,4,1,-3.079352741,1.0,-1.269577908,36.84078563,-1.25,36.85,-1.769141137599945,-1.8396335542201996,2.25,0.6,-3.9934211373329163,0.06666666666666665,413029382.9447616,0.19688685226612057,-2.3364258337957224
739,804,nairobi,eastleigh,kenya,11/22/2009,7,2,-3.691408782,1.0,-1.269577908,36.84078563,-1.25,36.85,-1.769141137599945,-1.8396335542201996,2.25,0.6,-3.9934211373329163,0.06666666666666665,413029382.9447616,0.19688685226612057,-2.3364258337957224
740,805,nairobi,eastleigh,kenya,11/22/2009,3,1,-3.751567626,1.0,-1.269577908,36.84078563,-1.25,36.85,-1.769141137599945,-1.8396335542201996,2.25,0.6,-3.9934211373329163,0.06666666666666665,413029382.9447616,0.19688685226612057,-2.3364258337957224
741,806,nairobi,eastleigh,kenya,11/22/2009,10,1,-0.251484264,1.0,-1.269577908,36.84078563,-1.25,36.85,-1.769141137599945,-1.8396335542201996,2.25,0.6,-3.9934211373329163,0.06666666666666665,413029382.9447616,0.19688685226612057,-2.3364258337957224
742,807,nairobi,eastleigh,kenya,11/22/2009,4,2,-2.331167592,1.0,-1.269577908,36.84078563,-1.25,36.85,-1.769141137599945,-1.8396335542201996,2.25,0.6,-3.9934211373329163,0.06666666666666665,413029382.9447616,0.19688685226612057,-2.3364258337957224
743,808,nairobi,eastleigh,kenya,11/22/2009,12,2,-2.314321648,1.0,-1.269577908,36.84078563,-1.25,36.85,-1.769141137599945,-1.8396335542201996,2.25,0.6,-3.9934211373329163,0.06666666666666665,413029382.9447616,0.19688685226612057,-2.3364258337957224
744,809,nairobi,eastleigh,kenya,11/22/2009,9,1,-3.561970238,1.0,-1.269577908,36.84078563,-1.25,36.85,-1.769141137599945,-1.8396335542201996,2.25,0.6,-3.9934211373329163,0.06666666666666665,413029382.9447616,0.19688685226612057,-2.3364258337957224
745,810,nairobi,eastleigh,kenya,11/22/2009,12,1,0.154992241,0.0,-1.269577908,36.84078563,-1.25,36.85,-1.769141137599945,-1.8396335542201996,2.25,0.6,-3.9934211373329163,0.06666666666666665,413029382.9447616,0.19688685226612057,-2.3364258337957224
746,811,nairobi,kibarage,kenya,11/20/2009,3,2,0.65911909,0.0,-1.250681394,36.75244144,-1.25,36.75,-1.709973305463791,-1.82805597782135,2.75,0.6,-4.729718416929245,0.06666666666666665,326143344.6789755,0.2191704428026071,-0.93455529535761
747,813,nairobi,kibarage,kenya,11/20/2009,1,2,0.5388014,1.0,-1.250681394,36.75244144,-1.25,36.75,-1.709973305463791,-1.82805597782135,2.75,0.6,-4.729718416929245,0.06666666666666665,326143344.6789755,0.2191704428026071,-0.93455529535761
748,814,nairobi,kibarage,kenya,11/21/2009,4,4,-0.697397338,0.0,-1.250681394,36.75244144,-1.25,36.75,-1.709973305463791,-1.82805597782135,2.75,0.6,-4.729718416929245,0.06666666666666665,326143344.6789755,0.2191704428026071,-0.93455529535761
749,815,nairobi,kibarage,kenya,11/21/2009,2,1,-0.4493708,1.0,-1.250681394,36.75244144,-1.25,36.75,-1.709973305463791,-1.82805597782135,2.75,0.6,-4.729718416929245,0.06666666666666665,326143344.6789755,0.2191704428026071,-0.93455529535761
750,816,nairobi,kibarage,kenya,11/20/2009,5,1,0.117898754,1.0,-1.250681394,36.75244144,-1.25,36.75,-1.709973305463791,-1.82805597782135,2.75,0.6,-4.729718416929245,0.06666666666666665,326143344.6789755,0.2191704428026071,-0.93455529535761
751,818,nairobi,kibarage,kenya,11/20/2009,1,0,0.508721978,,-1.250681394,36.75244144,-1.25,36.75,-1.709973305463791,-1.82805597782135,2.75,0.6,-4.729718416929245,0.06666666666666665,326143344.6789755,0.2191704428026071,-0.93455529535761
752,819,nairobi,kibarage,kenya,11/21/2009,2,1,0.598960245,0.0,-1.250681394,36.75244144,-1.25,36.75,-1.709973305463791,-1.82805597782135,2.75,0.6,-4.729718416929245,0.06666666666666665,326143344.6789755,0.2191704428026071,-0.93455529535761
753,820,nairobi,kibarage,kenya,11/21/2009,5,0,0.77943678,,-1.250681394,36.75244144,-1.25,36.75,-1.709973305463791,-1.82805597782135,2.75,0.6,-4.729718416929245,0.06666666666666665,326143344.6789755,0.2191704428026071,-0.93455529535761
754,821,nairobi,kibarage,kenya,11/20/2009,2,1,0.598960245,0.0,-1.250681394,36.75244144,-1.25,36.75,-1.709973305463791,-1.82805597782135,2.75,0.6,-4.729718416929245,0.06666666666666665,326143344.6789755,0.2191704428026071,-0.93455529535761
755,822,nairobi,kibarage,kenya,11/20/2009,4,0,0.719277935,,-1.250681394,36.75244144,-1.25,36.75,-1.709973305463791,-1.82805597782135,2.75,0.6,-4.729718416929245,0.06666666666666665,326143344.6789755,0.2191704428026071,-0.93455529535761
756,823,nairobi,kibarage,kenya,11/20/2009,3,0,0.65911909,,-1.250681394,36.75244144,-1.25,36.75,-1.709973305463791,-1.82805597782135,2.75,0.6,-4.729718416929245,0.06666666666666665,326143344.6789755,0.2191704428026071,-0.93455529535761
757,824,nairobi,kibarage,kenya,11/21/2009,10,0,-0.29570109,,-1.250681394,36.75244144,-1.25,36.75,-1.709973305463791,-1.82805597782135,2.75,0.6,-4.729718416929245,0.06666666666666665,326143344.6789755,0.2191704428026071,-0.93455529535761
758,825,nairobi,kibarage,kenya,11/21/2009,1,0,1.41039814,,-1.250681394,36.75244144,-1.25,36.75,-1.709973305463791,-1.82805597782135,2.75,0.6,-4.729718416929245,0.06666666666666665,326143344.6789755,0.2191704428026071,-0.93455529535761
759,826,nairobi,kibarage,kenya,11/21/2009,1,3,2.071936166,0.0,-1.250681394,36.75244144,-1.25,36.75,-1.709973305463791,-1.82805597782135,2.75,0.6,-4.729718416929245,0.06666666666666665,326143344.6789755,0.2191704428026071,-0.93455529535761
760,827,machakos,kanzia,kenya,11/14/2009,5,1,1.529990367,1.0,-1.522119854,37.26569689,-1.5,37.25,-1.6932993829250336,-1.8430760204792023,2.25,0.6,-3.8753124475479126,0.06666666666666665,409440079.4565756,0.23093912976487968,-1.018864189454069
761,828,machakos,kanzia,kenya,11/14/2009,4,2,1.509937418,1.0,-1.522119854,37.26569689,-1.5,37.25,-1.6932993829250336,-1.8430760204792023,2.25,0.6,-3.8753124475479126,0.06666666666666665,409440079.4565756,0.23093912976487968,-1.018864189454069
762,829,machakos,kanzia,kenya,11/14/2009,4,1,0.920036648,1.0,-1.522119854,37.26569689,-1.5,37.25,-1.6932993829250336,-1.8430760204792023,2.25,0.6,-3.8753124475479126,0.06666666666666665,409440079.4565756,0.23093912976487968,-1.018864189454069
763,830,machakos,kanzia,kenya,11/14/2009,2,1,0.766337082,1.0,-1.522119854,37.26569689,-1.5,37.25,-1.6932993829250336,-1.8430760204792023,2.25,0.6,-3.8753124475479126,0.06666666666666665,409440079.4565756,0.23093912976487968,-1.018864189454069
764,831,machakos,kanzia,kenya,11/14/2009,3,1,1.474844759,1.0,-1.522119854,37.26569689,-1.5,37.25,-1.6932993829250336,-1.8430760204792023,2.25,0.6,-3.8753124475479126,0.06666666666666665,409440079.4565756,0.23093912976487968,-1.018864189454069
765,832,machakos,kanzia,kenya,11/14/2009,6,1,0.858425867,1.0,-1.522119854,37.26569689,-1.5,37.25,-1.6932993829250336,-1.8430760204792023,2.25,0.6,-3.8753124475479126,0.06666666666666665,409440079.4565756,0.23093912976487968,-1.018864189454069
766,833,machakos,kanzia,kenya,11/14/2009,4,1,1.48988447,0.0,-1.522119854,37.26569689,-1.5,37.25,-1.6932993829250336,-1.8430760204792023,2.25,0.6,-3.8753124475479126,0.06666666666666665,409440079.4565756,0.23093912976487968,-1.018864189454069
767,834,machakos,kanzia,kenya,11/14/2009,4,1,0.751149195,0.0,-1.522119854,37.26569689,-1.5,37.25,-1.6932993829250336,-1.8430760204792023,2.25,0.6,-3.8753124475479126,0.06666666666666665,409440079.4565756,0.23093912976487968,-1.018864189454069
768,835,machakos,kanzia,kenya,11/14/2009,8,6,0.947758514,1.0,-1.522119854,37.26569689,-1.5,37.25,-1.6932993829250336,-1.8430760204792023,2.25,0.6,-3.8753124475479126,0.06666666666666665,409440079.4565756,0.23093912976487968,-1.018864189454069
769,836,machakos,kanzia,kenya,11/14/2009,4,1,0.504633094,1.0,-1.522119854,37.26569689,-1.5,37.25,-1.6932993829250336,-1.8430760204792023,2.25,0.6,-3.8753124475479126,0.06666666666666665,409440079.4565756,0.23093912976487968,-1.018864189454069
770,837,machakos,kanzia,kenya,11/14/2009,5,1,0.828346444,1.0,-1.522119854,37.26569689,-1.5,37.25,-1.6932993829250336,-1.8430760204792023,2.25,0.6,-3.8753124475479126,0.06666666666666665,409440079.4565756,0.23093912976487968,-1.018864189454069
771,838,machakos,kanzia,kenya,11/14/2009,2,3,0.808293496,1.0,-1.522119854,37.26569689,-1.5,37.25,-1.6932993829250336,-1.8430760204792023,2.25,0.6,-3.8753124475479126,0.06666666666666665,409440079.4565756,0.23093912976487968,-1.018864189454069
772,839,machakos,kanzia,kenya,11/14/2009,3,6,1.474844759,1.0,-1.522119854,37.26569689,-1.5,37.25,-1.6932993829250336,-1.8430760204792023,2.25,0.6,-3.8753124475479126,0.06666666666666665,409440079.4565756,0.23093912976487968,-1.018864189454069
773,840,machakos,kanzia,kenya,11/14/2009,3,1,1.48988447,1.0,-1.522119854,37.26569689,-1.5,37.25,-1.6932993829250336,-1.8430760204792023,2.25,0.6,-3.8753124475479126,0.06666666666666665,409440079.4565756,0.23093912976487968,-1.018864189454069
774,841,machakos,kanzia,kenya,11/14/2009,2,1,0.503727474,0.0,-1.522119854,37.26569689,-1.5,37.25,-1.6932993829250336,-1.8430760204792023,2.25,0.6,-3.8753124475479126,0.06666666666666665,409440079.4565756,0.23093912976487968,-1.018864189454069
775,842,machakos,kanzia,kenya,11/14/2009,6,0,2.125588677,,-1.522119854,37.26569689,-1.5,37.25,-1.6932993829250336,-1.8430760204792023,2.25,0.6,-3.8753124475479126,0.06666666666666665,409440079.4565756,0.23093912976487968,-1.018864189454069
776,843,machakos,kanzia,kenya,11/14/2009,4,0,2.025323935,,-1.522119854,37.26569689,-1.5,37.25,-1.6932993829250336,-1.8430760204792023,2.25,0.6,-3.8753124475479126,0.06666666666666665,409440079.4565756,0.23093912976487968,-1.018864189454069
777,844,machakos,kaluoki,kenya,11/10/2009,1,0,-2.533998459,,-1.522391812,37.26633915,-1.5,37.25,-1.6932993829250336,-1.8430760204792023,2.25,0.6,-3.8753124475479126,0.06666666666666665,409440079.4565756,0.23093912976487968,-1.018864189454069
778,845,machakos,kaluoki,kenya,11/10/2009,3,1,-2.266832224,1.0,-1.522391812,37.26633915,-1.5,37.25,-1.6932993829250336,-1.8430760204792023,2.25,0.6,-3.8753124475479126,0.06666666666666665,409440079.4565756,0.23093912976487968,-1.018864189454069
779,846,machakos,kaluoki,kenya,11/10/2009,6,0,1.354982141,,-1.522391812,37.26633915,-1.5,37.25,-1.6932993829250336,-1.8430760204792023,2.25,0.6,-3.8753124475479126,0.06666666666666665,409440079.4565756,0.23093912976487968,-1.018864189454069
780,847,machakos,kaluoki,kenya,11/10/2009,6,1,-1.648857326,0.0,-1.522391812,37.26633915,-1.5,37.25,-1.6932993829250336,-1.8430760204792023,2.25,0.6,-3.8753124475479126,0.06666666666666665,409440079.4565756,0.23093912976487968,-1.018864189454069
781,848,machakos,kaluoki,kenya,11/10/2009,4,1,0.444474249,0.0,-1.522391812,37.26633915,-1.5,37.25,-1.6932993829250336,-1.8430760204792023,2.25,0.6,-3.8753124475479126,0.06666666666666665,409440079.4565756,0.23093912976487968,-1.018864189454069
782,849,machakos,kaluoki,kenya,11/10/2009,3,1,-1.019884192,0.0,-1.522391812,37.26633915,-1.5,37.25,-1.6932993829250336,-1.8430760204792023,2.25,0.6,-3.8753124475479126,0.06666666666666665,409440079.4565756,0.23093912976487968,-1.018864189454069
783,850,machakos,kaluoki,kenya,11/10/2009,2,1,0.84928182,1.0,-1.522391812,37.26633915,-1.5,37.25,-1.6932993829250336,-1.8430760204792023,2.25,0.6,-3.8753124475479126,0.06666666666666665,409440079.4565756,0.23093912976487968,-1.018864189454069
784,851,machakos,kaluoki,kenya,11/10/2009,2,0,1.114346762,,-1.522391812,37.26633915,-1.5,37.25,-1.6932993829250336,-1.8430760204792023,2.25,0.6,-3.8753124475479126,0.06666666666666665,409440079.4565756,0.23093912976487968,-1.018864189454069
785,852,nairobi,loresho,kenya,11/21/2009,2,1,-1.953071574,0.0,-1.253745825,36.75036738,-1.25,36.75,-1.709973305463791,-1.82805597782135,2.75,0.6,-4.729718416929245,0.06666666666666665,326143344.6789755,0.2191704428026071,-0.93455529535761
786,853,machakos,kaluoki,kenya,11/10/2009,3,1,-0.962758625,0.0,-1.522391812,37.26633915,-1.5,37.25,-1.6932993829250336,-1.8430760204792023,2.25,0.6,-3.8753124475479126,0.06666666666666665,409440079.4565756,0.23093912976487968,-1.018864189454069
787,854,machakos,kaluoki,kenya,11/10/2009,3,0,-1.785813309,,-1.522391812,37.26633915,-1.5,37.25,-1.6932993829250336,-1.8430760204792023,2.25,0.6,-3.8753124475479126,0.06666666666666665,409440079.4565756,0.23093912976487968,-1.018864189454069
788,855,machakos,kaluoki,kenya,11/10/2009,3,0,-0.611150325,,-1.522391812,37.26633915,-1.5,37.25,-1.6932993829250336,-1.8430760204792023,2.25,0.6,-3.8753124475479126,0.06666666666666665,409440079.4565756,0.23093912976487968,-1.018864189454069
789,856,machakos,kaluoki,kenya,11/10/2009,4,0,-0.631203273,1.0,-1.522391812,37.26633915,-1.5,37.25,-1.6932993829250336,-1.8430760204792023,2.25,0.6,-3.8753124475479126,0.06666666666666665,409440079.4565756,0.23093912976487968,-1.018864189454069
790,857,machakos,kaluoki,kenya,11/10/2009,7,1,-1.325501119,1.0,-1.522391812,37.26633915,-1.5,37.25,-1.6932993829250336,-1.8430760204792023,2.25,0.6,-3.8753124475479126,0.06666666666666665,409440079.4565756,0.23093912976487968,-1.018864189454069
791,858,machakos,kaluoki,kenya,11/10/2009,3,1,-1.154354706,1.0,-1.522391812,37.26633915,-1.5,37.25,-1.6932993829250336,-1.8430760204792023,2.25,0.6,-3.8753124475479126,0.06666666666666665,409440079.4565756,0.23093912976487968,-1.018864189454069
792,859,machakos,kaluoki,kenya,11/11/2009,6,2,-1.756037573,1.0,-1.522391812,37.26633915,-1.5,37.25,-1.6932993829250336,-1.8430760204792023,2.25,0.6,-3.8753124475479126,0.06666666666666665,409440079.4565756,0.23093912976487968,-1.018864189454069
793,860,machakos,kaluoki,kenya,11/11/2009,4,8,0.051328268,1.0,-1.522391812,37.26633915,-1.5,37.25,-1.6932993829250336,-1.8430760204792023,2.25,0.6,-3.8753124475479126,0.06666666666666665,409440079.4565756,0.23093912976487968,-1.018864189454069
794,861,machakos,kanzia,kenya,11/14/2009,3,0,0.410468531,,-1.522119854,37.26569689,-1.5,37.25,-1.6932993829250336,-1.8430760204792023,2.25,0.6,-3.8753124475479126,0.06666666666666665,409440079.4565756,0.23093912976487968,-1.018864189454069
795,862,machakos,kanzia,kenya,11/14/2009,5,0,0.296069698,,-1.522119854,37.26569689,-1.5,37.25,-1.6932993829250336,-1.8430760204792023,2.25,0.6,-3.8753124475479126,0.06666666666666665,409440079.4565756,0.23093912976487968,-1.018864189454069
796,863,machakos,kanzia,kenya,11/14/2009,2,0,0.657110017,,-1.522119854,37.26569689,-1.5,37.25,-1.6932993829250336,-1.8430760204792023,2.25,0.6,-3.8753124475479126,0.06666666666666665,409440079.4565756,0.23093912976487968,-1.018864189454069
797,864,machakos,kaluoki,kenya,11/10/2009,5,2,-2.455323938,1.0,-1.522391812,37.26633915,-1.5,37.25,-1.6932993829250336,-1.8430760204792023,2.25,0.6,-3.8753124475479126,0.06666666666666665,409440079.4565756,0.23093912976487968,-1.018864189454069
798,865,machakos,kaluoki,kenya,11/10/2009,4,1,-1.66640124,0.0,-1.522391812,37.26633915,-1.5,37.25,-1.6932993829250336,-1.8430760204792023,2.25,0.6,-3.8753124475479126,0.06666666666666665,409440079.4565756,0.23093912976487968,-1.018864189454069
799,866,machakos,kaluoki,kenya,11/10/2009,5,1,-1.436132613,0.0,-1.522391812,37.26633915,-1.5,37.25,-1.6932993829250336,-1.8430760204792023,2.25,0.6,-3.8753124475479126,0.06666666666666665,409440079.4565756,0.23093912976487968,-1.018864189454069
800,867,machakos,kaluoki,kenya,11/10/2009,3,1,-1.798148764,1.0,-1.522391812,37.26633915,-1.5,37.25,-1.6932993829250336,-1.8430760204792023,2.25,0.6,-3.8753124475479126,0.06666666666666665,409440079.4565756,0.23093912976487968,-1.018864189454069
801,869,nairobi,loresho,kenya,11/20/2009,3,4,-3.424446497,1.0,-1.253745825,36.75036738,-1.25,36.75,-1.709973305463791,-1.82805597782135,2.75,0.6,-4.729718416929245,0.06666666666666665,326143344.6789755,0.2191704428026071,-0.93455529535761
802,870,nairobi,loresho,kenya,11/20/2009,7,1,-3.411913404,0.0,-1.253745825,36.75036738,-1.25,36.75,-1.709973305463791,-1.82805597782135,2.75,0.6,-4.729718416929245,0.06666666666666665,326143344.6789755,0.2191704428026071,-0.93455529535761
803,872,nairobi,loresho,kenya,11/20/2009,4,3,-3.386847219,1.0,-1.253745825,36.75036738,-1.25,36.75,-1.709973305463791,-1.82805597782135,2.75,0.6,-4.729718416929245,0.06666666666666665,326143344.6789755,0.2191704428026071,-0.93455529535761
804,873,nairobi,loresho,kenya,11/20/2009,7,1,-3.133592729,1.0,-1.253745825,36.75036738,-1.25,36.75,-1.709973305463791,-1.82805597782135,2.75,0.6,-4.729718416929245,0.06666666666666665,326143344.6789755,0.2191704428026071,-0.93455529535761
805,875,nairobi,loresho,kenya,11/21/2009,2,2,-2.95846971,0.0,-1.253745825,36.75036738,-1.25,36.75,-1.709973305463791,-1.82805597782135,2.75,0.6,-4.729718416929245,0.06666666666666665,326143344.6789755,0.2191704428026071,-0.93455529535761
806,876,nairobi,loresho,kenya,11/20/2009,3,2,-3.516285763,1.0,-1.253745825,36.75036738,-1.25,36.75,-1.709973305463791,-1.82805597782135,2.75,0.6,-4.729718416929245,0.06666666666666665,326143344.6789755,0.2191704428026071,-0.93455529535761
807,877,nairobi,loresho,kenya,11/21/2009,2,3,-2.95846971,0.0,-1.253745825,36.75036738,-1.25,36.75,-1.709973305463791,-1.82805597782135,2.75,0.6,-4.729718416929245,0.06666666666666665,326143344.6789755,0.2191704428026071,-0.93455529535761
808,878,nairobi,loresho,kenya,11/20/2009,2,3,-3.766607338,1.0,-1.253745825,36.75036738,-1.25,36.75,-1.709973305463791,-1.82805597782135,2.75,0.6,-4.729718416929245,0.06666666666666665,326143344.6789755,0.2191704428026071,-0.93455529535761
809,879,nairobi,loresho,kenya,11/19/2009,1,1,-3.534333416,1.0,-1.253745825,36.75036738,-1.25,36.75,-1.709973305463791,-1.82805597782135,2.75,0.6,-4.729718416929245,0.06666666666666665,326143344.6789755,0.2191704428026071,-0.93455529535761
810,880,nairobi,loresho,kenya,11/24/2009,4,2,-3.506259288,1.0,-1.253745825,36.75036738,-1.25,36.75,-1.709973305463791,-1.82805597782135,2.75,0.6,-4.729718416929245,0.06666666666666665,326143344.6789755,0.2191704428026071,-0.93455529535761
811,881,nairobi,loresho,kenya,11/23/2009,6,3,-3.474174571,1.0,-1.253745825,36.75036738,-1.25,36.75,-1.709973305463791,-1.82805597782135,2.75,0.6,-4.729718416929245,0.06666666666666665,326143344.6789755,0.2191704428026071,-0.93455529535761
812,882,nairobi,loresho,kenya,11/21/2009,2,2,-3.776633812,0.0,-1.253745825,36.75036738,-1.25,36.75,-1.709973305463791,-1.82805597782135,2.75,0.6,-4.729718416929245,0.06666666666666665,326143344.6789755,0.2191704428026071,-0.93455529535761
813,883,nairobi,loresho,kenya,11/23/2009,8,4,-0.572793459,1.0,-1.253745825,36.75036738,-1.25,36.75,-1.709973305463791,-1.82805597782135,2.75,0.6,-4.729718416929245,0.06666666666666665,326143344.6789755,0.2191704428026071,-0.93455529535761
814,884,nairobi,loresho,kenya,11/22/2009,5,2,-2.34090884,1.0,-1.253745825,36.75036738,-1.25,36.75,-1.709973305463791,-1.82805597782135,2.75,0.6,-4.729718416929245,0.06666666666666665,326143344.6789755,0.2191704428026071,-0.93455529535761
815,885,nairobi,loresho,kenya,11/23/2009,7,2,-3.059931445,1.0,-1.253745825,36.75036738,-1.25,36.75,-1.709973305463791,-1.82805597782135,2.75,0.6,-4.729718416929245,0.06666666666666665,326143344.6789755,0.2191704428026071,-0.93455529535761
816,886,nairobi,loresho,kenya,11/23/2009,2,2,-2.877588243,1.0,-1.253745825,36.75036738,-1.25,36.75,-1.709973305463791,-1.82805597782135,2.75,0.6,-4.729718416929245,0.06666666666666665,326143344.6789755,0.2191704428026071,-0.93455529535761
817,887,machakos,mbondoni,kenya,11/9/2009,6,1,-0.264181603,1.0,-0.971685469,37.99497116,-0.95,38.0,-1.760150671005249,-1.9474151134490967,3.5,0.4,-6.343756198883057,-0.3999999999999999,411068887.4820011,0.23918747857575157,-2.9874780346890746
818,888,machakos,mbondoni,kenya,11/9/2009,5,2,-0.938324091,1.0,-0.971685469,37.99497116,-0.95,38.0,-1.760150671005249,-1.9474151134490967,3.5,0.4,-6.343756198883057,-0.3999999999999999,411068887.4820011,0.23918747857575157,-2.9874780346890746
819,889,machakos,mbondoni,kenya,11/9/2009,6,2,-1.737989919,1.0,-0.971685469,37.99497116,-0.95,38.0,-1.760150671005249,-1.9474151134490967,3.5,0.4,-6.343756198883057,-0.3999999999999999,411068887.4820011,0.23918747857575157,-2.9874780346890746
820,890,machakos,mbondoni,kenya,11/10/2009,4,1,0.341188832,0.0,-0.971685469,37.99497116,-0.95,38.0,-1.760150671005249,-1.9474151134490967,3.5,0.4,-6.343756198883057,-0.3999999999999999,411068887.4820011,0.23918747857575157,-2.9874780346890746
821,891,machakos,mususye,kenya,11/13/2009,5,1,0.81831997,1.0,-1.521255838,37.26570298,-1.5,37.25,-1.6932993829250336,-1.8430760204792023,2.25,0.6,-3.8753124475479126,0.06666666666666665,409440079.4565756,0.23093912976487968,-1.018864189454069
822,892,machakos,mususye,kenya,11/13/2009,2,4,1.303627065,1.0,-1.521255838,37.26570298,-1.5,37.25,-1.6932993829250336,-1.8430760204792023,2.25,0.6,-3.8753124475479126,0.06666666666666665,409440079.4565756,0.23093912976487968,-1.018864189454069
823,893,machakos,mususye,kenya,11/13/2009,4,2,0.828346444,1.0,-1.521255838,37.26570298,-1.5,37.25,-1.6932993829250336,-1.8430760204792023,2.25,0.6,-3.8753124475479126,0.06666666666666665,409440079.4565756,0.23093912976487968,-1.018864189454069
824,894,machakos,mususye,kenya,11/13/2009,1,2,0.594916354,1.0,-1.521255838,37.26570298,-1.5,37.25,-1.6932993829250336,-1.8430760204792023,2.25,0.6,-3.8753124475479126,0.06666666666666665,409440079.4565756,0.23093912976487968,-1.018864189454069
825,895,machakos,mususye,kenya,11/13/2009,3,1,-0.318324563,1.0,-1.521255838,37.26570298,-1.5,37.25,-1.6932993829250336,-1.8430760204792023,2.25,0.6,-3.8753124475479126,0.06666666666666665,409440079.4565756,0.23093912976487968,-1.018864189454069
826,896,machakos,mususye,kenya,11/13/2009,4,2,-0.306292794,1.0,-1.521255838,37.26570298,-1.5,37.25,-1.6932993829250336,-1.8430760204792023,2.25,0.6,-3.8753124475479126,0.06666666666666665,409440079.4565756,0.23093912976487968,-1.018864189454069
827,897,machakos,mususye,kenya,11/13/2009,5,1,-0.212090145,0.0,-1.521255838,37.26570298,-1.5,37.25,-1.6932993829250336,-1.8430760204792023,2.25,0.6,-3.8753124475479126,0.06666666666666665,409440079.4565756,0.23093912976487968,-1.018864189454069
828,898,machakos,mususye,kenya,11/13/2009,3,2,2.005270987,1.0,-1.521255838,37.26570298,-1.5,37.25,-1.6932993829250336,-1.8430760204792023,2.25,0.6,-3.8753124475479126,0.06666666666666665,409440079.4565756,0.23093912976487968,-1.018864189454069
829,899,machakos,mususye,kenya,11/13/2009,5,2,1.529990367,1.0,-1.521255838,37.26570298,-1.5,37.25,-1.6932993829250336,-1.8430760204792023,2.25,0.6,-3.8753124475479126,0.06666666666666665,409440079.4565756,0.23093912976487968,-1.018864189454069
830,900,machakos,mususye,kenya,11/13/2009,4,2,0.604997687,1.0,-1.521255838,37.26570298,-1.5,37.25,-1.6932993829250336,-1.8430760204792023,2.25,0.6,-3.8753124475479126,0.06666666666666665,409440079.4565756,0.23093912976487968,-1.018864189454069
831,901,machakos,mususye,kenya,11/13/2009,5,1,1.146118172,0.0,-1.521255838,37.26570298,-1.5,37.25,-1.6932993829250336,-1.8430760204792023,2.25,0.6,-3.8753124475479126,0.06666666666666665,409440079.4565756,0.23093912976487968,-1.018864189454069
832,902,machakos,mususye,kenya,11/13/2009,3,1,0.367277001,0.0,-1.521255838,37.26570298,-1.5,37.25,-1.6932993829250336,-1.8430760204792023,2.25,0.6,-3.8753124475479126,0.06666666666666665,409440079.4565756,0.23093912976487968,-1.018864189454069
833,903,machakos,mususye,kenya,11/13/2009,4,1,1.106012275,1.0,-1.521255838,37.26570298,-1.5,37.25,-1.6932993829250336,-1.8430760204792023,2.25,0.6,-3.8753124475479126,0.06666666666666665,409440079.4565756,0.23093912976487968,-1.018864189454069
834,904,machakos,mususye,kenya,11/13/2009,4,2,1.085959327,1.0,-1.521255838,37.26570298,-1.5,37.25,-1.6932993829250336,-1.8430760204792023,2.25,0.6,-3.8753124475479126,0.06666666666666665,409440079.4565756,0.23093912976487968,-1.018864189454069
835,905,machakos,mususye,kenya,11/13/2009,5,0,1.295609664,,-1.521255838,37.26570298,-1.5,37.25,-1.6932993829250336,-1.8430760204792023,2.25,0.6,-3.8753124475479126,0.06666666666666665,409440079.4565756,0.23093912976487968,-1.018864189454069
836,906,machakos,mususye,kenya,11/13/2009,8,0,-0.285666905,,-1.521255838,37.26570298,-1.5,37.25,-1.6932993829250336,-1.8430760204792023,2.25,0.6,-3.8753124475479126,0.06666666666666665,409440079.4565756,0.23093912976487968,-1.018864189454069
837,907,machakos,mususye,kenya,11/13/2009,8,0,0.387329949,,-1.521255838,37.26570298,-1.5,37.25,-1.6932993829250336,-1.8430760204792023,2.25,0.6,-3.8753124475479126,0.06666666666666665,409440079.4565756,0.23093912976487968,-1.018864189454069
838,908,nairobi,loresho,kenya,11/23/2009,8,2,-2.935074603,1.0,-1.253745825,36.75036738,-1.25,36.75,-1.709973305463791,-1.82805597782135,2.75,0.6,-4.729718416929245,0.06666666666666665,326143344.6789755,0.2191704428026071,-0.93455529535761
839,909,machakos,kanzia,kenya,11/14/2009,5,0,2.045376884,,-1.522119854,37.26569689,-1.5,37.25,-1.6932993829250336,-1.8430760204792023,2.25,0.6,-3.8753124475479126,0.06666666666666665,409440079.4565756,0.23093912976487968,-1.018864189454069
840,910,machakos,mbondoni,kenya,11/9/2009,5,1,1.529990367,1.0,-0.971685469,37.99497116,-0.95,38.0,-1.760150671005249,-1.9474151134490967,3.5,0.4,-6.343756198883057,-0.3999999999999999,411068887.4820011,0.23918747857575157,-2.9874780346890746
841,911,machakos,mbondoni,kenya,11/9/2009,5,1,-0.380508039,1.0,-0.971685469,37.99497116,-0.95,38.0,-1.760150671005249,-1.9474151134490967,3.5,0.4,-6.343756198883057,-0.3999999999999999,411068887.4820011,0.23918747857575157,-2.9874780346890746
842,912,machakos,mbondoni,kenya,11/9/2009,10,1,-0.241043021,1.0,-0.971685469,37.99497116,-0.95,38.0,-1.760150671005249,-1.9474151134490967,3.5,0.4,-6.343756198883057,-0.3999999999999999,411068887.4820011,0.23918747857575157,-2.9874780346890746
843,913,machakos,mbondoni,kenya,11/9/2009,5,1,0.321135884,1.0,-0.971685469,37.99497116,-0.95,38.0,-1.760150671005249,-1.9474151134490967,3.5,0.4,-6.343756198883057,-0.3999999999999999,411068887.4820011,0.23918747857575157,-2.9874780346890746
844,914,machakos,mbondoni,kenya,11/9/2009,7,1,0.305093525,1.0,-0.971685469,37.99497116,-0.95,38.0,-1.760150671005249,-1.9474151134490967,3.5,0.4,-6.343756198883057,-0.3999999999999999,411068887.4820011,0.23918747857575157,-2.9874780346890746
845,915,machakos,mbondoni,kenya,11/9/2009,4,4,1.48988447,1.0,-0.971685469,37.99497116,-0.95,38.0,-1.760150671005249,-1.9474151134490967,3.5,0.4,-6.343756198883057,-0.3999999999999999,411068887.4820011,0.23918747857575157,-2.9874780346890746
846,916,machakos,mbondoni,kenya,11/9/2009,8,2,0.504633094,0.0,-0.971685469,37.99497116,-0.95,38.0,-1.760150671005249,-1.9474151134490967,3.5,0.4,-6.343756198883057,-0.3999999999999999,411068887.4820011,0.23918747857575157,-2.9874780346890746
847,917,machakos,mbondoni,kenya,11/9/2009,5,0,-0.948350566,,-0.971685469,37.99497116,-0.95,38.0,-1.760150671005249,-1.9474151134490967,3.5,0.4,-6.343756198883057,-0.3999999999999999,411068887.4820011,0.23918747857575157,-2.9874780346890746
848,918,machakos,mbondoni,kenya,11/9/2009,2,1,0.260977039,0.0,-0.971685469,37.99497116,-0.95,38.0,-1.760150671005249,-1.9474151134490967,3.5,0.4,-6.343756198883057,-0.3999999999999999,411068887.4820011,0.23918747857575157,-2.9874780346890746
849,919,machakos,mbondoni,kenya,11/9/2009,3,1,-0.968403514,1.0,-0.971685469,37.99497116,-0.95,38.0,-1.760150671005249,-1.9474151134490967,3.5,0.4,-6.343756198883057,-0.3999999999999999,411068887.4820011,0.23918747857575157,-2.9874780346890746
850,920,machakos,mbondoni,kenya,11/11/2009,2,1,-2.461339822,1.0,-0.971685469,37.99497116,-0.95,38.0,-1.760150671005249,-1.9474151134490967,3.5,0.4,-6.343756198883057,-0.3999999999999999,411068887.4820011,0.23918747857575157,-2.9874780346890746
851,921,machakos,mbondoni,kenya,11/9/2009,2,2,0.344293802,1.0,-0.971685469,37.99497116,-0.95,38.0,-1.760150671005249,-1.9474151134490967,3.5,0.4,-6.343756198883057,-0.3999999999999999,411068887.4820011,0.23918747857575157,-2.9874780346890746
852,922,machakos,mbondoni,kenya,11/9/2009,3,2,-2.455323938,1.0,-0.971685469,37.99497116,-0.95,38.0,-1.760150671005249,-1.9474151134490967,3.5,0.4,-6.343756198883057,-0.3999999999999999,411068887.4820011,0.23918747857575157,-2.9874780346890746
853,923,machakos,mbondoni,kenya,11/9/2009,7,1,0.326149121,1.0,-0.971685469,37.99497116,-0.95,38.0,-1.760150671005249,-1.9474151134490967,3.5,0.4,-6.343756198883057,-0.3999999999999999,411068887.4820011,0.23918747857575157,-2.9874780346890746
854,924,machakos,mbondoni,kenya,11/9/2009,7,2,-0.914260554,0.0,-0.971685469,37.99497116,-0.95,38.0,-1.760150671005249,-1.9474151134490967,3.5,0.4,-6.343756198883057,-0.3999999999999999,411068887.4820011,0.23918747857575157,-2.9874780346890746
855,925,machakos,mbondoni,kenya,11/9/2009,5,1,-0.340402142,1.0,-0.971685469,37.99497116,-0.95,38.0,-1.760150671005249,-1.9474151134490967,3.5,0.4,-6.343756198883057,-0.3999999999999999,411068887.4820011,0.23918747857575157,-2.9874780346890746
856,926,machakos,mbondoni,kenya,11/9/2009,3,1,-0.39554775,1.0,-0.971685469,37.99497116,-0.95,38.0,-1.760150671005249,-1.9474151134490967,3.5,0.4,-6.343756198883057,-0.3999999999999999,411068887.4820011,0.23918747857575157,-2.9874780346890746
857,927,machakos,mususye,kenya,11/13/2009,3,0,-1.082838864,1.0,-1.521255838,37.26570298,-1.5,37.25,-1.6932993829250336,-1.8430760204792023,2.25,0.6,-3.8753124475479126,0.06666666666666665,409440079.4565756,0.23093912976487968,-1.018864189454069
858,928,machakos,mususye,kenya,11/13/2009,5,0,2.194868376,,-1.521255838,37.26570298,-1.5,37.25,-1.6932993829250336,-1.8430760204792023,2.25,0.6,-3.8753124475479126,0.06666666666666665,409440079.4565756,0.23093912976487968,-1.018864189454069
859,929,machakos,mususye,kenya,11/13/2009,4,0,1.48988447,,-1.521255838,37.26570298,-1.5,37.25,-1.6932993829250336,-1.8430760204792023,2.25,0.6,-3.8753124475479126,0.06666666666666665,409440079.4565756,0.23093912976487968,-1.018864189454069
860,930,machakos,mususye,kenya,11/14/2009,6,0,0.401347677,,-1.521255838,37.26570298,-1.5,37.25,-1.6932993829250336,-1.8430760204792023,2.25,0.6,-3.8753124475479126,0.06666666666666665,409440079.4565756,0.23093912976487968,-1.018864189454069
861,931,machakos,makadara,kenya,11/12/2009,2,2,0.598960245,0.0,-1.296292895,36.87271104,-1.3,36.85,-1.781482756137848,-1.8480762243270874,2.25,0.6,-4.020374655723572,0.06666666666666665,413029382.9447616,0.18488966184246364,-2.518953119160753
862,932,machakos,makadara,kenya,11/12/2009,2,1,-1.375973768,1.0,-1.296292895,36.87271104,-1.3,36.85,-1.781482756137848,-1.8480762243270874,2.25,0.6,-4.020374655723572,0.06666666666666665,413029382.9447616,0.18488966184246364,-2.518953119160753
863,933,machakos,makadara,kenya,11/12/2009,4,2,-2.425244516,1.0,-1.296292895,36.87271104,-1.3,36.85,-1.781482756137848,-1.8480762243270874,2.25,0.6,-4.020374655723572,0.06666666666666665,413029382.9447616,0.18488966184246364,-2.518953119160753
864,934,machakos,makadara,kenya,11/12/2009,5,1,-1.596215921,0.0,-1.296292895,36.87271104,-1.3,36.85,-1.781482756137848,-1.8480762243270874,2.25,0.6,-4.020374655723572,0.06666666666666665,413029382.9447616,0.18488966184246364,-2.518953119160753
865,935,machakos,makadara,kenya,11/12/2009,3,1,1.325689086,1.0,-1.296292895,36.87271104,-1.3,36.85,-1.781482756137848,-1.8480762243270874,2.25,0.6,-4.020374655723572,0.06666666666666665,413029382.9447616,0.18488966184246364,-2.518953119160753
866,936,machakos,makadara,kenya,11/11/2009,1,1,-1.686454188,0.0,-1.296292895,36.87271104,-1.3,36.85,-1.781482756137848,-1.8480762243270874,2.25,0.6,-4.020374655723572,0.06666666666666665,413029382.9447616,0.18488966184246364,-2.518953119160753
867,938,machakos,makadara,kenya,11/12/2009,3,1,-2.859110589,1.0,-1.296292895,36.87271104,-1.3,36.85,-1.781482756137848,-1.8480762243270874,2.25,0.6,-4.020374655723572,0.06666666666666665,413029382.9447616,0.18488966184246364,-2.518953119160753
868,939,machakos,makadara,kenya,11/12/2009,3,1,-0.160831228,1.0,-1.296292895,36.87271104,-1.3,36.85,-1.781482756137848,-1.8480762243270874,2.25,0.6,-4.020374655723572,0.06666666666666665,413029382.9447616,0.18488966184246364,-2.518953119160753
869,940,machakos,makadara,kenya,11/12/2009,3,3,-0.718647281,1.0,-1.296292895,36.87271104,-1.3,36.85,-1.781482756137848,-1.8480762243270874,2.25,0.6,-4.020374655723572,0.06666666666666665,413029382.9447616,0.18488966184246364,-2.518953119160753
870,941,machakos,makadara,kenya,11/12/2009,3,3,-3.115878049,1.0,-1.296292895,36.87271104,-1.3,36.85,-1.781482756137848,-1.8480762243270874,2.25,0.6,-4.020374655723572,0.06666666666666665,413029382.9447616,0.18488966184246364,-2.518953119160753
871,942,thika,juja,kenya,11/21/2009,4,1,-3.320279494,1.0,-1.097205267,37.02491062,-1.1,37.0,-1.811856061220169,-1.8909963071346283,1.75,0.6,-3.2397667467594147,0.06666666666666665,446191567.14478,0.22158865260814858,-1.0742823672863706
872,943,thika,majengo,kenya,11/20/2009,1,2,-1.119243313,1.0,-1.280655187,36.84627548,-1.3,36.85,-1.781482756137848,-1.8480762243270874,2.25,0.6,-4.020374655723572,0.06666666666666665,413029382.9447616,0.18488966184246364,-2.518953119160753
873,944,thika,majengo,kenya,11/20/2009,3,1,-0.899566502,1.0,-1.280655187,36.84627548,-1.3,36.85,-1.781482756137848,-1.8480762243270874,2.25,0.6,-4.020374655723572,0.06666666666666665,413029382.9447616,0.18488966184246364,-2.518953119160753
874,945,thika,mabanda,kenya,11/18/2009,5,3,1.529990367,1.0,-1.041188884,37.0787284,-1.05,37.1,-2.016399621963501,-2.201001226902008,2.0,0.4,-4.032799243927002,-0.3999999999999999,488575244.2058349,0.23638485369261658,0.19599828677679398
875,946,thika,muirini,kenya,11/19/2009,6,1,0.888505289,1.0,-0.923809304,37.00615886,-0.9,37.0,-2.098525285720825,-2.369628071784973,2.5,0.4,-5.233442783355713,-0.3999999999999999,401912223.66476744,0.2429094066516065,1.4365149860512139
876,947,thika,muirini,kenya,11/19/2009,3,6,0.796416504,1.0,-0.923809304,37.00615886,-0.9,37.0,-2.098525285720825,-2.369628071784973,2.5,0.4,-5.233442783355713,-0.3999999999999999,401912223.66476744,0.2429094066516065,1.4365149860512139
877,948,thika,muirini,kenya,11/19/2009,3,1,1.754949412,1.0,-0.923809304,37.00615886,-0.9,37.0,-2.098525285720825,-2.369628071784973,2.5,0.4,-5.233442783355713,-0.3999999999999999,401912223.66476744,0.2429094066516065,1.4365149860512139
878,949,thika,muirini,kenya,11/20/2009,3,3,0.059531747,1.0,-0.923809304,37.00615886,-0.9,37.0,-2.098525285720825,-2.369628071784973,2.5,0.4,-5.233442783355713,-0.3999999999999999,401912223.66476744,0.2429094066516065,1.4365149860512139
879,950,thika,muirini,kenya,11/19/2009,3,1,0.030708412,1.0,-0.923809304,37.00615886,-0.9,37.0,-2.098525285720825,-2.369628071784973,2.5,0.4,-5.233442783355713,-0.3999999999999999,401912223.66476744,0.2429094066516065,1.4365149860512139
880,951,thika,muirini,kenya,11/19/2009,4,1,0.520880569,1.0,-0.923809304,37.00615886,-0.9,37.0,-2.098525285720825,-2.369628071784973,2.5,0.4,-5.233442783355713,-0.3999999999999999,401912223.66476744,0.2429094066516065,1.4365149860512139
881,952,thika,mabanda,kenya,11/18/2009,5,1,-0.692987151,0.0,-1.041188884,37.0787284,-1.05,37.1,-2.016399621963501,-2.201001226902008,2.0,0.4,-4.032799243927002,-0.3999999999999999,488575244.2058349,0.23638485369261658,0.19599828677679398
882,953,thika,juja,kenya,11/21/2009,5,2,-0.783715441,0.0,-1.097205267,37.02491062,-1.1,37.0,-1.811856061220169,-1.8909963071346283,1.75,0.6,-3.2397667467594147,0.06666666666666665,446191567.14478,0.22158865260814858,-1.0742823672863706
883,954,thika,juja,kenya,11/21/2009,4,2,-2.331167592,1.0,-1.097205267,37.02491062,-1.1,37.0,-1.811856061220169,-1.8909963071346283,1.75,0.6,-3.2397667467594147,0.06666666666666665,446191567.14478,0.22158865260814858,-1.0742823672863706
884,955,thika,juja,kenya,11/21/2009,3,1,-2.301088169,1.0,-1.097205267,37.02491062,-1.1,37.0,-1.811856061220169,-1.8909963071346283,1.75,0.6,-3.2397667467594147,0.06666666666666665,446191567.14478,0.22158865260814858,-1.0742823672863706
885,956,thika,majengo,kenya,11/20/2009,2,1,-0.964757317,0.0,-1.280655187,36.84627548,-1.3,36.85,-1.781482756137848,-1.8480762243270874,2.25,0.6,-4.020374655723572,0.06666666666666665,413029382.9447616,0.18488966184246364,-2.518953119160753
886,957,thika,majengo,kenya,11/20/2009,2,1,-0.4493708,1.0,-1.280655187,36.84627548,-1.3,36.85,-1.781482756137848,-1.8480762243270874,2.25,0.6,-4.020374655723572,0.06666666666666665,413029382.9447616,0.18488966184246364,-2.518953119160753
887,958,thika,majengo,kenya,11/20/2009,2,1,-1.535491734,1.0,-1.280655187,36.84627548,-1.3,36.85,-1.781482756137848,-1.8480762243270874,2.25,0.6,-4.020374655723572,0.06666666666666665,413029382.9447616,0.18488966184246364,-2.518953119160753
888,959,thika,mabanda,kenya,11/18/2009,5,1,0.586200826,0.0,-1.041188884,37.0787284,-1.05,37.1,-2.016399621963501,-2.201001226902008,2.0,0.4,-4.032799243927002,-0.3999999999999999,488575244.2058349,0.23638485369261658,0.19599828677679398
889,960,thika,mabanda,kenya,11/18/2009,3,1,-0.99483674,0.0,-1.041188884,37.0787284,-1.05,37.1,-2.016399621963501,-2.201001226902008,2.0,0.4,-4.032799243927002,-0.3999999999999999,488575244.2058349,0.23638485369261658,0.19599828677679398
890,961,thika,guthunguri,kenya,11/19/2009,2,1,-1.626295343,1.0,-1.058419348,36.77391802,-1.05,36.75,-1.7090195218722026,-1.7469932238260906,1.8333333333333333,0.8,-3.1817588210105896,-0.29999999999999993,309899937.8916723,0.24960287899731454,0.9345258778053145
891,962,thika,guthunguri,kenya,11/19/2009,4,1,-0.608667741,1.0,-1.058419348,36.77391802,-1.05,36.75,-1.7090195218722026,-1.7469932238260906,1.8333333333333333,0.8,-3.1817588210105896,-0.29999999999999993,309899937.8916723,0.24960287899731454,0.9345258778053145
892,963,thika,mabanda,kenya,11/18/2009,3,7,-0.309300736,1.0,-1.041188884,37.0787284,-1.05,37.1,-2.016399621963501,-2.201001226902008,2.0,0.4,-4.032799243927002,-0.3999999999999999,488575244.2058349,0.23638485369261658,0.19599828677679398
893,964,thika,juja,kenya,11/20/2009,2,4,-1.536998413,0.0,-1.097205267,37.02491062,-1.1,37.0,-1.811856061220169,-1.8909963071346283,1.75,0.6,-3.2397667467594147,0.06666666666666665,446191567.14478,0.22158865260814858,-1.0742823672863706
894,965,thika,juja,kenya,11/21/2009,4,2,-0.959725347,1.0,-1.097205267,37.02491062,-1.1,37.0,-1.811856061220169,-1.8909963071346283,1.75,0.6,-3.2397667467594147,0.06666666666666665,446191567.14478,0.22158865260814858,-1.0742823672863706
895,966,thika,muirini,kenya,11/19/2009,8,1,2.459895434,1.0,-0.923809304,37.00615886,-0.9,37.0,-2.098525285720825,-2.369628071784973,2.5,0.4,-5.233442783355713,-0.3999999999999999,401912223.66476744,0.2429094066516065,1.4365149860512139
896,967,thika,muirini,kenya,11/19/2009,2,5,-0.314313973,0.0,-0.923809304,37.00615886,-0.9,37.0,-2.098525285720825,-2.369628071784973,2.5,0.4,-5.233442783355713,-0.3999999999999999,401912223.66476744,0.2429094066516065,1.4365149860512139
897,968,thika,majengo,kenya,11/20/2009,5,1,-1.279326621,1.0,-1.280655187,36.84627548,-1.3,36.85,-1.781482756137848,-1.8480762243270874,2.25,0.6,-4.020374655723572,0.06666666666666665,413029382.9447616,0.18488966184246364,-2.518953119160753
898,969,thika,majengo,kenya,11/20/2009,2,1,-2.861545885,1.0,-1.280655187,36.84627548,-1.3,36.85,-1.781482756137848,-1.8480762243270874,2.25,0.6,-4.020374655723572,0.06666666666666665,413029382.9447616,0.18488966184246364,-2.518953119160753
899,970,thika,majengo,kenya,11/20/2009,3,2,-3.178711862,1.0,-1.280655187,36.84627548,-1.3,36.85,-1.781482756137848,-1.8480762243270874,2.25,0.6,-4.020374655723572,0.06666666666666665,413029382.9447616,0.18488966184246364,-2.518953119160753
900,971,thika,mabanda,kenya,11/18/2009,4,1,0.355245232,1.0,-1.041188884,37.0787284,-1.05,37.1,-2.016399621963501,-2.201001226902008,2.0,0.4,-4.032799243927002,-0.3999999999999999,488575244.2058349,0.23638485369261658,0.19599828677679398
901,972,thika,mabanda,kenya,11/18/2009,3,1,-0.876140616,0.0,-1.041188884,37.0787284,-1.05,37.1,-2.016399621963501,-2.201001226902008,2.0,0.4,-4.032799243927002,-0.3999999999999999,488575244.2058349,0.23638485369261658,0.19599828677679398
902,973,thika,githuguchu,kenya,11/19/2009,2,1,-3.106053226,0.0,-1.016283022,36.91457325,-1.0,36.9,-1.7179928819338481,-1.8142847418785095,1.8333333333333333,0.8,-3.2930924693743386,-0.29999999999999993,309899937.8916723,0.24236957635376247,0.5707823608026977
903,974,thika,githuguchu,kenya,11/19/2009,4,1,-1.763956717,1.0,-1.016283022,36.91457325,-1.0,36.9,-1.7179928819338481,-1.8142847418785095,1.8333333333333333,0.8,-3.2930924693743386,-0.29999999999999993,309899937.8916723,0.24236957635376247,0.5707823608026977
904,975,thika,muirini,kenya,11/19/2009,4,4,-0.294261025,1.0,-0.923809304,37.00615886,-0.9,37.0,-2.098525285720825,-2.369628071784973,2.5,0.4,-5.233442783355713,-0.3999999999999999,401912223.66476744,0.2429094066516065,1.4365149860512139
905,976,thika,majengo,kenya,11/20/2009,1,0,-1.686454188,,-1.280655187,36.84627548,-1.3,36.85,-1.781482756137848,-1.8480762243270874,2.25,0.6,-4.020374655723572,0.06666666666666665,413029382.9447616,0.18488966184246364,-2.518953119160753
906,977,thika,majengo,kenya,11/20/2009,5,2,-1.677831074,1.0,-1.280655187,36.84627548,-1.3,36.85,-1.781482756137848,-1.8480762243270874,2.25,0.6,-4.020374655723572,0.06666666666666665,413029382.9447616,0.18488966184246364,-2.518953119160753
907,978,thika,majengo,kenya,11/20/2009,8,3,-1.628502289,1.0,-1.280655187,36.84627548,-1.3,36.85,-1.781482756137848,-1.8480762243270874,2.25,0.6,-4.020374655723572,0.06666666666666665,413029382.9447616,0.18488966184246364,-2.518953119160753
908,979,thika,githuguchu,kenya,11/19/2009,1,1,-1.059990088,0.0,-1.016283022,36.91457325,-1.0,36.9,-1.7179928819338481,-1.8142847418785095,1.8333333333333333,0.8,-3.2930924693743386,-0.29999999999999993,309899937.8916723,0.24236957635376247,0.5707823608026977
909,980,thika,githuguchu,kenya,11/19/2009,6,1,-2.985638509,0.0,-1.016283022,36.91457325,-1.0,36.9,-1.7179928819338481,-1.8142847418785095,1.8333333333333333,0.8,-3.2930924693743386,-0.29999999999999993,309899937.8916723,0.24236957635376247,0.5707823608026977
910,981,thika,githuguchu,kenya,11/19/2009,4,1,-1.748016393,1.0,-1.016283022,36.91457325,-1.0,36.9,-1.7179928819338481,-1.8142847418785095,1.8333333333333333,0.8,-3.2930924693743386,-0.29999999999999993,309899937.8916723,0.24236957635376247,0.5707823608026977
911,982,thika,mabanda,kenya,11/18/2009,3,1,-0.218965442,0.0,-1.041188884,37.0787284,-1.05,37.1,-2.016399621963501,-2.201001226902008,2.0,0.4,-4.032799243927002,-0.3999999999999999,488575244.2058349,0.23638485369261658,0.19599828677679398
912,983,thika,juja,kenya,11/21/2009,1,3,-1.082552071,1.0,-1.097205267,37.02491062,-1.1,37.0,-1.811856061220169,-1.8909963071346283,1.75,0.6,-3.2397667467594147,0.06666666666666665,446191567.14478,0.22158865260814858,-1.0742823672863706
913,984,thika,mabanda,kenya,11/18/2009,5,1,-1.104203602,1.0,-1.041188884,37.0787284,-1.05,37.1,-2.016399621963501,-2.201001226902008,2.0,0.4,-4.032799243927002,-0.3999999999999999,488575244.2058349,0.23638485369261658,0.19599828677679398
914,985,thika,githuguchu,kenya,11/19/2009,1,6,3.568485175,1.0,-1.016283022,36.91457325,-1.0,36.9,-1.7179928819338481,-1.8142847418785095,1.8333333333333333,0.8,-3.2930924693743386,-0.29999999999999993,309899937.8916723,0.24236957635376247,0.5707823608026977
915,986,thika,muirini,kenya,11/19/2009,4,1,-0.83202413,1.0,-0.923809304,37.00615886,-0.9,37.0,-2.098525285720825,-2.369628071784973,2.5,0.4,-5.233442783355713,-0.3999999999999999,401912223.66476744,0.2429094066516065,1.4365149860512139
916,987,thika,muirini,kenya,11/19/2009,2,1,-1.15934921,0.0,-0.923809304,37.00615886,-0.9,37.0,-2.098525285720825,-2.369628071784973,2.5,0.4,-5.233442783355713,-0.3999999999999999,401912223.66476744,0.2429094066516065,1.4365149860512139
917,988,thika,muirini,kenya,11/19/2009,7,3,-1.857401989,1.0,-0.923809304,37.00615886,-0.9,37.0,-2.098525285720825,-2.369628071784973,2.5,0.4,-5.233442783355713,-0.3999999999999999,401912223.66476744,0.2429094066516065,1.4365149860512139
918,989,thika,muirini,kenya,11/19/2009,3,1,-0.294261025,1.0,-0.923809304,37.00615886,-0.9,37.0,-2.098525285720825,-2.369628071784973,2.5,0.4,-5.233442783355713,-0.3999999999999999,401912223.66476744,0.2429094066516065,1.4365149860512139
919,990,thika,muirini,kenya,11/19/2009,3,1,-1.134283024,1.0,-0.923809304,37.00615886,-0.9,37.0,-2.098525285720825,-2.369628071784973,2.5,0.4,-5.233442783355713,-0.3999999999999999,401912223.66476744,0.2429094066516065,1.4365149860512139
920,991,thika,githuguchu,kenya,11/19/2009,4,0,-0.400560987,,-1.016283022,36.91457325,-1.0,36.9,-1.7179928819338481,-1.8142847418785095,1.8333333333333333,0.8,-3.2930924693743386,-0.29999999999999993,309899937.8916723,0.24236957635376247,0.5707823608026977
921,992,thika,githuguchu,kenya,11/19/2009,3,0,-1.778996428,,-1.016283022,36.91457325,-1.0,36.9,-1.7179928819338481,-1.8142847418785095,1.8333333333333333,0.8,-3.2930924693743386,-0.29999999999999993,309899937.8916723,0.24236957635376247,0.5707823608026977
922,993,thika,majengo,kenya,11/20/2009,4,0,-1.958232072,,-1.280655187,36.84627548,-1.3,36.85,-1.781482756137848,-1.8480762243270874,2.25,0.6,-4.020374655723572,0.06666666666666665,413029382.9447616,0.18488966184246364,-2.518953119160753
923,994,thika,majengo,kenya,11/20/2009,5,0,-0.929645925,,-1.280655187,36.84627548,-1.3,36.85,-1.781482756137848,-1.8480762243270874,2.25,0.6,-4.020374655723572,0.06666666666666665,413029382.9447616,0.18488966184246364,-2.518953119160753
924,995,thika,majengo,kenya,11/20/2009,5,0,-2.78892527,,-1.280655187,36.84627548,-1.3,36.85,-1.781482756137848,-1.8480762243270874,2.25,0.6,-4.020374655723572,0.06666666666666665,413029382.9447616,0.18488966184246364,-2.518953119160753
925,996,thika,githuguchu,kenya,11/19/2009,4,0,0.431939106,1.0,-1.016283022,36.91457325,-1.0,36.9,-1.7179928819338481,-1.8142847418785095,1.8333333333333333,0.8,-3.2930924693743386,-0.29999999999999993,309899937.8916723,0.24236957635376247,0.5707823608026977
926,997,thika,githuguchu,kenya,11/19/2009,3,0,0.724249218,,-1.016283022,36.91457325,-1.0,36.9,-1.7179928819338481,-1.8142847418785095,1.8333333333333333,0.8,-3.2930924693743386,-0.29999999999999993,309899937.8916723,0.24236957635376247,0.5707823608026977
927,998,thika,mabanda,kenya,11/18/2009,2,0,-1.270205767,1.0,-1.041188884,37.0787284,-1.05,37.1,-2.016399621963501,-2.201001226902008,2.0,0.4,-4.032799243927002,-0.3999999999999999,488575244.2058349,0.23638485369261658,0.19599828677679398
928,999,thika,juja,kenya,11/21/2009,2,5,2.458989814,0.0,-1.097205267,37.02491062,-1.1,37.0,-1.811856061220169,-1.8909963071346283,1.75,0.6,-3.2397667467594147,0.06666666666666665,446191567.14478,0.22158865260814858,-1.0742823672863706
929,1000,thika,mabanda,kenya,11/18/2009,4,0,0.341188832,,-1.041188884,37.0787284,-1.05,37.1,-2.016399621963501,-2.201001226902008,2.0,0.4,-4.032799243927002,-0.3999999999999999,488575244.2058349,0.23638485369261658,0.19599828677679398
930,1001,thika,muirini,kenya,11/19/2009,3,0,0.223412565,,-0.923809304,37.00615886,-0.9,37.0,-2.098525285720825,-2.369628071784973,2.5,0.4,-5.233442783355713,-0.3999999999999999,401912223.66476744,0.2429094066516065,1.4365149860512139
931,1002,thika,githuguchu,kenya,11/19/2009,2,0,-1.139296261,,-1.016283022,36.91457325,-1.0,36.9,-1.7179928819338481,-1.8142847418785095,1.8333333333333333,0.8,-3.2930924693743386,-0.29999999999999993,309899937.8916723,0.24236957635376247,0.5707823608026977
932,1003,thika,githuguchu,kenya,11/19/2009,4,0,-0.36045509,,-1.016283022,36.91457325,-1.0,36.9,-1.7179928819338481,-1.8142847418785095,1.8333333333333333,0.8,-3.2930924693743386,-0.29999999999999993,309899937.8916723,0.24236957635376247,0.5707823608026977
933,1004,thika,mabanda,kenya,11/18/2009,2,1,-1.149322736,1.0,-1.041188884,37.0787284,-1.05,37.1,-2.016399621963501,-2.201001226902008,2.0,0.4,-4.032799243927002,-0.3999999999999999,488575244.2058349,0.23638485369261658,0.19599828677679398
934,1005,thika,juja,kenya,11/20/2009,4,1,-1.78812229,1.0,-1.097205267,37.02491062,-1.1,37.0,-1.811856061220169,-1.8909963071346283,1.75,0.6,-3.2397667467594147,0.06666666666666665,446191567.14478,0.22158865260814858,-1.0742823672863706
935,1006,thika,juja,kenya,11/20/2009,4,1,-2.345938343,1.0,-1.097205267,37.02491062,-1.1,37.0,-1.811856061220169,-1.8909963071346283,1.75,0.6,-3.2397667467594147,0.06666666666666665,446191567.14478,0.22158865260814858,-1.0742823672863706
936,1007,thika,juja,kenya,11/21/2009,5,1,-2.851519411,0.0,-1.097205267,37.02491062,-1.1,37.0,-1.811856061220169,-1.8909963071346283,1.75,0.6,-3.2397667467594147,0.06666666666666665,446191567.14478,0.22158865260814858,-1.0742823672863706
937,1008,thika,majengo,kenya,11/20/2009,4,1,-1.43873293,1.0,-1.280655187,36.84627548,-1.3,36.85,-1.781482756137848,-1.8480762243270874,2.25,0.6,-4.020374655723572,0.06666666666666665,413029382.9447616,0.18488966184246364,-2.518953119160753
938,1009,thika,majengo,kenya,11/20/2009,1,1,-1.300285189,0.0,-1.280655187,36.84627548,-1.3,36.85,-1.781482756137848,-1.8480762243270874,2.25,0.6,-4.020374655723572,0.06666666666666665,413029382.9447616,0.18488966184246364,-2.518953119160753
939,1010,thika,mabanda,kenya,11/18/2009,4,1,1.71333467,1.0,-1.041188884,37.0787284,-1.05,37.1,-2.016399621963501,-2.201001226902008,2.0,0.4,-4.032799243927002,-0.3999999999999999,488575244.2058349,0.23638485369261658,0.19599828677679398
940,1011,thika,mabanda,kenya,11/18/2009,5,2,-1.369564888,1.0,-1.041188884,37.0787284,-1.05,37.1,-2.016399621963501,-2.201001226902008,2.0,0.4,-4.032799243927002,-0.3999999999999999,488575244.2058349,0.23638485369261658,0.19599828677679398
941,1012,thika,githuguchu,kenya,11/19/2009,3,1,-0.519537386,0.0,-1.016283022,36.91457325,-1.0,36.9,-1.7179928819338481,-1.8142847418785095,1.8333333333333333,0.8,-3.2930924693743386,-0.29999999999999993,309899937.8916723,0.24236957635376247,0.5707823608026977
942,1013,thika,githuguchu,kenya,11/19/2009,2,1,-1.804164648,0.0,-1.016283022,36.91457325,-1.0,36.9,-1.7179928819338481,-1.8142847418785095,1.8333333333333333,0.8,-3.2930924693743386,-0.29999999999999993,309899937.8916723,0.24236957635376247,0.5707823608026977
943,1014,thika,mabanda,kenya,11/18/2009,3,1,0.074571458,0.0,-1.041188884,37.0787284,-1.05,37.1,-2.016399621963501,-2.201001226902008,2.0,0.4,-4.032799243927002,-0.3999999999999999,488575244.2058349,0.23638485369261658,0.19599828677679398
944,1015,thika,mabanda,kenya,11/18/2009,4,1,2.729385308,1.0,-1.041188884,37.0787284,-1.05,37.1,-2.016399621963501,-2.201001226902008,2.0,0.4,-4.032799243927002,-0.3999999999999999,488575244.2058349,0.23638485369261658,0.19599828677679398
945,1016,thika,juja,kenya,11/20/2009,7,1,-2.488078328,1.0,-1.097205267,37.02491062,-1.1,37.0,-1.811856061220169,-1.8909963071346283,1.75,0.6,-3.2397667467594147,0.06666666666666665,446191567.14478,0.22158865260814858,-1.0742823672863706
946,1017,thika,juja,kenya,11/20/2009,2,1,1.720757913,0.0,-1.097205267,37.02491062,-1.1,37.0,-1.811856061220169,-1.8909963071346283,1.75,0.6,-3.2397667467594147,0.06666666666666665,446191567.14478,0.22158865260814858,-1.0742823672863706
947,1018,thika,juja,kenya,11/21/2009,5,1,-3.054918208,1.0,-1.097205267,37.02491062,-1.1,37.0,-1.811856061220169,-1.8909963071346283,1.75,0.6,-3.2397667467594147,0.06666666666666665,446191567.14478,0.22158865260814858,-1.0742823672863706
948,1019,thika,muirini,kenya,11/19/2009,2,1,1.185318448,1.0,-0.923809304,37.00615886,-0.9,37.0,-2.098525285720825,-2.369628071784973,2.5,0.4,-5.233442783355713,-0.3999999999999999,401912223.66476744,0.2429094066516065,1.4365149860512139
949,1020,thika,muirini,kenya,11/19/2009,4,1,-1.689091135,1.0,-0.923809304,37.00615886,-0.9,37.0,-2.098525285720825,-2.369628071784973,2.5,0.4,-5.233442783355713,-0.3999999999999999,401912223.66476744,0.2429094066516065,1.4365149860512139
950,1021,thika,majengo,kenya,11/20/2009,2,0,-1.686454188,,-1.280655187,36.84627548,-1.3,36.85,-1.781482756137848,-1.8480762243270874,2.25,0.6,-4.020374655723572,0.06666666666666665,413029382.9447616,0.18488966184246364,-2.518953119160753
951,1022,thika,majengo,kenya,11/20/2009,5,0,-1.777190196,,-1.280655187,36.84627548,-1.3,36.85,-1.781482756137848,-1.8480762243270874,2.25,0.6,-4.020374655723572,0.06666666666666665,413029382.9447616,0.18488966184246364,-2.518953119160753
952,1023,thika,mabanda,kenya,11/18/2009,7,0,1.186224068,,-1.041188884,37.0787284,-1.05,37.1,-2.016399621963501,-2.201001226902008,2.0,0.4,-4.032799243927002,-0.3999999999999999,488575244.2058349,0.23638485369261658,0.19599828677679398
953,1024,thika,muirini,kenya,11/19/2009,3,0,-0.12394539,,-0.923809304,37.00615886,-0.9,37.0,-2.098525285720825,-2.369628071784973,2.5,0.4,-5.233442783355713,-0.3999999999999999,401912223.66476744,0.2429094066516065,1.4365149860512139
954,1025,thika,majengo,kenya,11/20/2009,4,2,-0.990591136,0.0,-1.280655187,36.84627548,-1.3,36.85,-1.781482756137848,-1.8480762243270874,2.25,0.6,-4.020374655723572,0.06666666666666665,413029382.9447616,0.18488966184246364,-2.518953119160753
955,1026,thika,majengo,kenya,11/20/2009,5,1,0.684606254,1.0,-1.280655187,36.84627548,-1.3,36.85,-1.781482756137848,-1.8480762243270874,2.25,0.6,-4.020374655723572,0.06666666666666665,413029382.9447616,0.18488966184246364,-2.518953119160753
956,1027,thika,majengo,kenya,11/20/2009,4,1,-1.707910497,1.0,-1.280655187,36.84627548,-1.3,36.85,-1.781482756137848,-1.8480762243270874,2.25,0.6,-4.020374655723572,0.06666666666666665,413029382.9447616,0.18488966184246364,-2.518953119160753
957,1028,thika,mabanda,kenya,11/18/2009,6,1,-0.282229256,1.0,-1.041188884,37.0787284,-1.05,37.1,-2.016399621963501,-2.201001226902008,2.0,0.4,-4.032799243927002,-0.3999999999999999,488575244.2058349,0.23638485369261658,0.19599828677679398
958,1029,thika,githuguchu,kenya,11/19/2009,1,1,-1.164362447,0.0,-1.016283022,36.91457325,-1.0,36.9,-1.7179928819338481,-1.8142847418785095,1.8333333333333333,0.8,-3.2930924693743386,-0.29999999999999993,309899937.8916723,0.24236957635376247,0.5707823608026977
959,1030,thika,githuguchu,kenya,11/19/2009,2,2,-1.149322736,0.0,-1.016283022,36.91457325,-1.0,36.9,-1.7179928819338481,-1.8142847418785095,1.8333333333333333,0.8,-3.2930924693743386,-0.29999999999999993,309899937.8916723,0.24236957635376247,0.5707823608026977
960,1031,thika,juja,kenya,11/21/2009,1,6,-0.774594587,0.0,-1.097205267,37.02491062,-1.1,37.0,-1.811856061220169,-1.8909963071346283,1.75,0.6,-3.2397667467594147,0.06666666666666665,446191567.14478,0.22158865260814858,-1.0742823672863706
961,1032,thika,majengo,kenya,11/20/2009,1,1,0.538298026,0.0,-1.280655187,36.84627548,-1.3,36.85,-1.781482756137848,-1.8480762243270874,2.25,0.6,-4.020374655723572,0.06666666666666665,413029382.9447616,0.18488966184246364,-2.518953119160753
962,1033,thika,majengo,kenya,11/20/2009,2,5,-0.4493708,0.0,-1.280655187,36.84627548,-1.3,36.85,-1.781482756137848,-1.8480762243270874,2.25,0.6,-4.020374655723572,0.06666666666666665,413029382.9447616,0.18488966184246364,-2.518953119160753
963,1034,thika,muirini,kenya,11/19/2009,5,0,1.196250542,,-0.923809304,37.00615886,-0.9,37.0,-2.098525285720825,-2.369628071784973,2.5,0.4,-5.233442783355713,-0.3999999999999999,401912223.66476744,0.2429094066516065,1.4365149860512139
964,1035,thika,muirini,kenya,11/19/2009,3,0,-1.134283024,,-0.923809304,37.00615886,-0.9,37.0,-2.098525285720825,-2.369628071784973,2.5,0.4,-5.233442783355713,-0.3999999999999999,401912223.66476744,0.2429094066516065,1.4365149860512139
965,1036,thika,mabanda,kenya,11/19/2009,4,0,1.259615843,,-1.041188884,37.0787284,-1.05,37.1,-2.016399621963501,-2.201001226902008,2.0,0.4,-4.032799243927002,-0.3999999999999999,488575244.2058349,0.23638485369261658,0.19599828677679398
966,1037,thika,mabanda,kenya,11/18/2009,2,0,0.912331626,,-1.041188884,37.0787284,-1.05,37.1,-2.016399621963501,-2.201001226902008,2.0,0.4,-4.032799243927002,-0.3999999999999999,488575244.2058349,0.23638485369261658,0.19599828677679398
967,1038,thika,mabanda,kenya,11/18/2009,4,0,-0.392539808,,-1.041188884,37.0787284,-1.05,37.1,-2.016399621963501,-2.201001226902008,2.0,0.4,-4.032799243927002,-0.3999999999999999,488575244.2058349,0.23638485369261658,0.19599828677679398
968,1039,thika,juja,kenya,11/20/2009,6,0,0.909440665,,-1.097205267,37.02491062,-1.1,37.0,-1.811856061220169,-1.8909963071346283,1.75,0.6,-3.2397667467594147,0.06666666666666665,446191567.14478,0.22158865260814858,-1.0742823672863706
969,1040,thika,juja,kenya,11/20/2009,3,0,-0.74115421,,-1.097205267,37.02491062,-1.1,37.0,-1.811856061220169,-1.8909963071346283,1.75,0.6,-3.2397667467594147,0.06666666666666665,446191567.14478,0.22158865260814858,-1.0742823672863706
970,1041,thika,juja,kenya,11/20/2009,3,0,-1.686454188,,-1.097205267,37.02491062,-1.1,37.0,-1.811856061220169,-1.8909963071346283,1.75,0.6,-3.2397667467594147,0.06666666666666665,446191567.14478,0.22158865260814858,-1.0742823672863706
971,1042,thika,juja,kenya,11/20/2009,1,0,-1.686454188,,-1.097205267,37.02491062,-1.1,37.0,-1.811856061220169,-1.8909963071346283,1.75,0.6,-3.2397667467594147,0.06666666666666665,446191567.14478,0.22158865260814858,-1.0742823672863706
972,1043,thika,majengo,kenya,11/20/2009,5,0,-1.607647039,,-1.280655187,36.84627548,-1.3,36.85,-1.781482756137848,-1.8480762243270874,2.25,0.6,-4.020374655723572,0.06666666666666665,413029382.9447616,0.18488966184246364,-2.518953119160753
973,1044,malindi,gongoni,kenya,11/27/2009,9,2,3.314051524,0.0,-3.826004893,39.76446172,-3.85,39.75,0.0,0.0,0.0,0.0,0.0,0.0,0.0,0.2646158881961368,0.0
974,1045,malindi,gongoni,kenya,11/27/2009,5,1,0.995155718,0.0,-3.826004893,39.76446172,-3.85,39.75,0.0,0.0,0.0,0.0,0.0,0.0,0.0,0.2646158881961368,0.0
975,1046,thika,githuguchu,kenya,11/19/2009,4,0,1.618536647,,-1.016283022,36.91457325,-1.0,36.9,-1.7179928819338481,-1.8142847418785095,1.8333333333333333,0.8,-3.2930924693743386,-0.29999999999999993,309899937.8916723,0.24236957635376247,0.5707823608026977
976,1047,thika,mabanda,kenya,11/18/2009,4,0,-0.294261025,,-1.041188884,37.0787284,-1.05,37.1,-2.016399621963501,-2.201001226902008,2.0,0.4,-4.032799243927002,-0.3999999999999999,488575244.2058349,0.23638485369261658,0.19599828677679398
977,1048,thika,mabanda,kenya,11/18/2009,6,0,1.303023839,,-1.041188884,37.0787284,-1.05,37.1,-2.016399621963501,-2.201001226902008,2.0,0.4,-4.032799243927002,-0.3999999999999999,488575244.2058349,0.23638485369261658,0.19599828677679398
978,1049,thika,juja,kenya,11/20/2009,3,0,0.300412932,,-1.097205267,37.02491062,-1.1,37.0,-1.811856061220169,-1.8909963071346283,1.75,0.6,-3.2397667467594147,0.06666666666666665,446191567.14478,0.22158865260814858,-1.0742823672863706
979,1050,thika,juja,kenya,11/20/2009,2,0,-0.139775029,,-1.097205267,37.02491062,-1.1,37.0,-1.811856061220169,-1.8909963071346283,1.75,0.6,-3.2397667467594147,0.06666666666666665,446191567.14478,0.22158865260814858,-1.0742823672863706
980,1051,thika,juja,kenya,11/20/2009,3,0,-1.656374765,,-1.097205267,37.02491062,-1.1,37.0,-1.811856061220169,-1.8909963071346283,1.75,0.6,-3.2397667467594147,0.06666666666666665,446191567.14478,0.22158865260814858,-1.0742823672863706
981,1052,thika,juja,kenya,11/20/2009,5,0,-0.979778295,,-1.097205267,37.02491062,-1.1,37.0,-1.811856061220169,-1.8909963071346283,1.75,0.6,-3.2397667467594147,0.06666666666666665,446191567.14478,0.22158865260814858,-1.0742823672863706
982,1053,thika,juja,kenya,11/20/2009,4,0,0.070163038,,-1.097205267,37.02491062,-1.1,37.0,-1.811856061220169,-1.8909963071346283,1.75,0.6,-3.2397667467594147,0.06666666666666665,446191567.14478,0.22158865260814858,-1.0742823672863706
983,1054,thika,githuguchu,kenya,11/19/2009,4,0,-1.879460232,,-1.016283022,36.91457325,-1.0,36.9,-1.7179928819338481,-1.8142847418785095,1.8333333333333333,0.8,-3.2930924693743386,-0.29999999999999993,309899937.8916723,0.24236957635376247,0.5707823608026977
984,1055,malindi,musufini,kenya,11/27/2009,3,1,-2.298716595,0.0,-3.223163803,40.08609972,-3.2,40.1,0.0,0.0,0.0,0.0,0.0,0.0,0.0,0.18402886839192933,0.0
985,1056,malindi,musufini,kenya,11/27/2009,6,2,-0.843874286,0.0,-3.223163803,40.08609972,-3.2,40.1,0.0,0.0,0.0,0.0,0.0,0.0,0.0,0.18402886839192933,0.0
986,1057,malindi,majengo,kenya,11/26/2009,5,2,-3.069957919,0.0,-1.280655187,36.84627548,-1.3,36.85,-1.781482756137848,-1.8480762243270874,2.25,0.6,-4.020374655723572,0.06666666666666665,413029382.9447616,0.18488966184246364,-2.518953119160753
987,1058,malindi,majengo,kenya,11/26/2009,1,4,-0.497811184,0.0,-1.280655187,36.84627548,-1.3,36.85,-1.781482756137848,-1.8480762243270874,2.25,0.6,-4.020374655723572,0.06666666666666665,413029382.9447616,0.18488966184246364,-2.518953119160753
988,1059,malindi,majengo,kenya,11/26/2009,5,1,-2.80138704,0.0,-1.280655187,36.84627548,-1.3,36.85,-1.781482756137848,-1.8480762243270874,2.25,0.6,-4.020374655723572,0.06666666666666665,413029382.9447616,0.18488966184246364,-2.518953119160753
989,1060,malindi,barani,kenya,11/29/2009,8,1,-0.660303851,1.0,-3.22414082,40.08627707,-3.2,40.1,0.0,0.0,0.0,0.0,0.0,0.0,0.0,0.18402886839192933,0.0
990,1061,malindi,gongoni,kenya,11/27/2009,2,1,2.22289862,1.0,-3.826004893,39.76446172,-3.85,39.75,0.0,0.0,0.0,0.0,0.0,0.0,0.0,0.2646158881961368,0.0
991,1062,malindi,gongoni,kenya,11/29/2009,11,1,2.741417077,0.0,-3.826004893,39.76446172,-3.85,39.75,0.0,0.0,0.0,0.0,0.0,0.0,0.0,0.2646158881961368,0.0
992,1063,malindi,gongoni,kenya,11/27/2009,4,1,-0.8614719,1.0,-3.826004893,39.76446172,-3.85,39.75,0.0,0.0,0.0,0.0,0.0,0.0,0.0,0.2646158881961368,0.0
993,1064,malindi,musufini,kenya,11/28/2009,3,2,3.447602144,1.0,-3.223163803,40.08609972,-3.2,40.1,0.0,0.0,0.0,0.0,0.0,0.0,0.0,0.18402886839192933,0.0
994,1065,malindi,musufini,kenya,11/28/2009,5,1,-1.05978269,1.0,-3.223163803,40.08609972,-3.2,40.1,0.0,0.0,0.0,0.0,0.0,0.0,0.0,0.18402886839192933,0.0
995,1066,malindi,musufini,kenya,11/28/2009,6,1,3.044089461,1.0,-3.223163803,40.08609972,-3.2,40.1,0.0,0.0,0.0,0.0,0.0,0.0,0.0,0.18402886839192933,0.0
996,1067,malindi,majengo,kenya,11/26/2009,3,1,-2.31354994,1.0,-1.280655187,36.84627548,-1.3,36.85,-1.781482756137848,-1.8480762243270874,2.25,0.6,-4.020374655723572,0.06666666666666665,413029382.9447616,0.18488966184246364,-2.518953119160753
997,1068,malindi,majengo,kenya,11/26/2009,4,1,-2.432835693,1.0,-1.280655187,36.84627548,-1.3,36.85,-1.781482756137848,-1.8480762243270874,2.25,0.6,-4.020374655723572,0.06666666666666665,413029382.9447616,0.18488966184246364,-2.518953119160753
998,1069,malindi,majengo,kenya,11/26/2009,1,1,-3.121893934,1.0,-1.280655187,36.84627548,-1.3,36.85,-1.781482756137848,-1.8480762243270874,2.25,0.6,-4.020374655723572,0.06666666666666665,413029382.9447616,0.18488966184246364,-2.518953119160753
999,1070,malindi,kwa haidari,kenya,11/29/2009,1,1,-0.914059605,1.0,-3.219793069,40.11219331,-3.2,40.1,0.0,0.0,0.0,0.0,0.0,0.0,0.0,0.18402886839192933,0.0
1000,1071,malindi,kwa haidari,kenya,11/29/2009,4,1,0.400442057,1.0,-3.219793069,40.11219331,-3.2,40.1,0.0,0.0,0.0,0.0,0.0,0.0,0.0,0.18402886839192933,0.0
1001,1072,malindi,kwa haidari,kenya,11/29/2009,4,1,0.281029987,1.0,-3.219793069,40.11219331,-3.2,40.1,0.0,0.0,0.0,0.0,0.0,0.0,0.0,0.18402886839192933,0.0
1002,1073,malindi,musufini,kenya,11/28/2009,2,1,3.3181636,1.0,-3.223163803,40.08609972,-3.2,40.1,0.0,0.0,0.0,0.0,0.0,0.0,0.0,0.18402886839192933,0.0
1003,1074,malindi,gongoni,kenya,11/27/2009,6,2,-0.744515165,0.0,-3.826004893,39.76446172,-3.85,39.75,0.0,0.0,0.0,0.0,0.0,0.0,0.0,0.2646158881961368,0.0
1004,1075,malindi,gongoni,kenya,11/27/2009,4,1,3.30402505,1.0,-3.826004893,39.76446172,-3.85,39.75,0.0,0.0,0.0,0.0,0.0,0.0,0.0,0.2646158881961368,0.0
1005,1076,malindi,kwa haidari,kenya,11/28/2009,7,1,0.36124178,1.0,-3.219793069,40.11219331,-3.2,40.1,0.0,0.0,0.0,0.0,0.0,0.0,0.0,0.18402886839192933,0.0
1006,1077,malindi,kwa haidari,kenya,11/28/2009,3,1,-1.83734904,1.0,-3.219793069,40.11219331,-3.2,40.1,0.0,0.0,0.0,0.0,0.0,0.0,0.0,0.18402886839192933,0.0
1007,1078,malindi,gongoni,kenya,11/27/2009,7,1,-0.359132533,1.0,-3.826004893,39.76446172,-3.85,39.75,0.0,0.0,0.0,0.0,0.0,0.0,0.0,0.2646158881961368,0.0
1008,1079,malindi,kwa haidari,kenya,11/28/2009,3,1,0.131947801,0.0,-3.219793069,40.11219331,-3.2,40.1,0.0,0.0,0.0,0.0,0.0,0.0,0.0,0.18402886839192933,0.0
1009,1080,malindi,kwa haidari,kenya,11/28/2009,4,1,1.234664452,0.0,-3.219793069,40.11219331,-3.2,40.1,0.0,0.0,0.0,0.0,0.0,0.0,0.0,0.18402886839192933,0.0
1010,1081,malindi,gongoni,kenya,11/27/2009,7,1,2.082868261,0.0,-3.826004893,39.76446172,-3.85,39.75,0.0,0.0,0.0,0.0,0.0,0.0,0.0,0.2646158881961368,0.0
1011,1082,malindi,gongoni,kenya,11/27/2009,7,1,2.187259352,0.0,-3.826004893,39.76446172,-3.85,39.75,0.0,0.0,0.0,0.0,0.0,0.0,0.0,0.2646158881961368,0.0
1012,1083,malindi,gongoni,kenya,11/27/2009,4,1,-1.129137159,1.0,-3.826004893,39.76446172,-3.85,39.75,0.0,0.0,0.0,0.0,0.0,0.0,0.0,0.2646158881961368,0.0
1013,1084,malindi,barani,kenya,11/26/2009,5,1,-0.963986122,0.0,-3.22414082,40.08627707,-3.2,40.1,0.0,0.0,0.0,0.0,0.0,0.0,0.0,0.18402886839192933,0.0
1014,1085,malindi,barani,kenya,11/26/2009,8,1,2.523127502,1.0,-3.22414082,40.08627707,-3.2,40.1,0.0,0.0,0.0,0.0,0.0,0.0,0.0,0.18402886839192933,0.0
1015,1086,malindi,barani,kenya,11/30/2009,9,1,0.304404186,0.0,-3.22414082,40.08627707,-3.2,40.1,0.0,0.0,0.0,0.0,0.0,0.0,0.0,0.18402886839192933,0.0
1016,1087,malindi,barani,kenya,11/30/2009,2,0,-1.110908826,,-3.22414082,40.08627707,-3.2,40.1,0.0,0.0,0.0,0.0,0.0,0.0,0.0,0.18402886839192933,0.0
1017,1088,malindi,barani,kenya,11/30/2009,6,1,-1.83734904,1.0,-3.22414082,40.08627707,-3.2,40.1,0.0,0.0,0.0,0.0,0.0,0.0,0.0,0.18402886839192933,0.0
1018,1089,malindi,majengo,kenya,11/26/2009,16,1,-1.870361315,1.0,-1.280655187,36.84627548,-1.3,36.85,-1.781482756137848,-1.8480762243270874,2.25,0.6,-4.020374655723572,0.06666666666666665,413029382.9447616,0.18488966184246364,-2.518953119160753
1019,1090,malindi,majengo,kenya,11/26/2009,4,2,-1.019884192,0.0,-1.280655187,36.84627548,-1.3,36.85,-1.781482756137848,-1.8480762243270874,2.25,0.6,-4.020374655723572,0.06666666666666665,413029382.9447616,0.18488966184246364,-2.518953119160753
1020,1091,malindi,barani,kenya,11/28/2009,11,1,1.993735667,1.0,-3.22414082,40.08627707,-3.2,40.1,0.0,0.0,0.0,0.0,0.0,0.0,0.0,0.18402886839192933,0.0
1021,1092,malindi,barani,kenya,11/28/2009,5,1,-0.784280783,0.0,-3.22414082,40.08627707,-3.2,40.1,0.0,0.0,0.0,0.0,0.0,0.0,0.0,0.18402886839192933,0.0
1022,1093,malindi,gongoni,kenya,11/27/2009,5,3,-0.519108962,1.0,-3.826004893,39.76446172,-3.85,39.75,0.0,0.0,0.0,0.0,0.0,0.0,0.0,0.2646158881961368,0.0
1023,1094,malindi,gongoni,kenya,11/27/2009,4,6,2.591619744,1.0,-3.826004893,39.76446172,-3.85,39.75,0.0,0.0,0.0,0.0,0.0,0.0,0.0,0.2646158881961368,0.0
1024,1095,malindi,gongoni,kenya,11/27/2009,11,1,2.141424042,0.0,-3.826004893,39.76446172,-3.85,39.75,0.0,0.0,0.0,0.0,0.0,0.0,0.0,0.2646158881961368,0.0
1025,1096,malindi,kwa haidari,kenya,11/29/2009,2,1,2.102900238,0.0,-3.219793069,40.11219331,-3.2,40.1,0.0,0.0,0.0,0.0,0.0,0.0,0.0,0.18402886839192933,0.0
1026,1097,malindi,majengo,kenya,11/26/2009,1,2,0.101980036,0.0,-1.280655187,36.84627548,-1.3,36.85,-1.781482756137848,-1.8480762243270874,2.25,0.6,-4.020374655723572,0.06666666666666665,413029382.9447616,0.18488966184246364,-2.518953119160753
1027,1098,malindi,majengo,kenya,11/26/2009,3,2,-1.677059366,1.0,-1.280655187,36.84627548,-1.3,36.85,-1.781482756137848,-1.8480762243270874,2.25,0.6,-4.020374655723572,0.06666666666666665,413029382.9447616,0.18488966184246364,-2.518953119160753
1028,1099,malindi,majengo,kenya,11/26/2009,5,2,-2.635460194,1.0,-1.280655187,36.84627548,-1.3,36.85,-1.781482756137848,-1.8480762243270874,2.25,0.6,-4.020374655723572,0.06666666666666665,413029382.9447616,0.18488966184246364,-2.518953119160753
1029,1100,malindi,musufini,kenya,11/28/2009,2,1,2.796368203,1.0,-3.223163803,40.08609972,-3.2,40.1,0.0,0.0,0.0,0.0,0.0,0.0,0.0,0.18402886839192933,0.0
1030,1101,malindi,gongoni,kenya,11/28/2009,4,0,-1.647752935,,-3.826004893,39.76446172,-3.85,39.75,0.0,0.0,0.0,0.0,0.0,0.0,0.0,0.2646158881961368,0.0
1031,1102,malindi,gongoni,kenya,11/27/2009,4,0,0.714134347,,-3.826004893,39.76446172,-3.85,39.75,0.0,0.0,0.0,0.0,0.0,0.0,0.0,0.2646158881961368,0.0
1032,1103,malindi,gongoni,kenya,11/29/2009,1,0,2.518042985,,-3.826004893,39.76446172,-3.85,39.75,0.0,0.0,0.0,0.0,0.0,0.0,0.0,0.2646158881961368,0.0
1033,1104,malindi,gongoni,kenya,11/27/2009,8,0,2.162174434,,-3.826004893,39.76446172,-3.85,39.75,0.0,0.0,0.0,0.0,0.0,0.0,0.0,0.2646158881961368,0.0
1034,1105,malindi,kwa haidari,kenya,11/29/2009,3,0,1.912737507,,-3.219793069,40.11219331,-3.2,40.1,0.0,0.0,0.0,0.0,0.0,0.0,0.0,0.18402886839192933,0.0
1035,1106,malindi,kwa haidari,kenya,11/20/2009,6,0,2.102900238,,-3.219793069,40.11219331,-3.2,40.1,0.0,0.0,0.0,0.0,0.0,0.0,0.0,0.18402886839192933,0.0
1036,1107,malindi,musufini,kenya,11/27/2009,4,0,-0.297178224,,-3.223163803,40.08609972,-3.2,40.1,0.0,0.0,0.0,0.0,0.0,0.0,0.0,0.18402886839192933,0.0
1037,1108,malindi,majengo,kenya,11/26/2009,9,0,-2.971496822,,-1.280655187,36.84627548,-1.3,36.85,-1.781482756137848,-1.8480762243270874,2.25,0.6,-4.020374655723572,0.06666666666666665,413029382.9447616,0.18488966184246364,-2.518953119160753
1038,1109,malindi,majengo,kenya,11/26/2009,2,0,-2.32177277,,-1.280655187,36.84627548,-1.3,36.85,-1.781482756137848,-1.8480762243270874,2.25,0.6,-4.020374655723572,0.06666666666666665,413029382.9447616,0.18488966184246364,-2.518953119160753
1039,1110,malindi,musufini,kenya,11/27/2009,3,1,-0.88899342,1.0,-3.223163803,40.08609972,-3.2,40.1,0.0,0.0,0.0,0.0,0.0,0.0,0.0,0.18402886839192933,0.0
1040,1111,malindi,majengo,kenya,11/26/2009,12,1,0.623023783,1.0,-1.280655187,36.84627548,-1.3,36.85,-1.781482756137848,-1.8480762243270874,2.25,0.6,-4.020374655723572,0.06666666666666665,413029382.9447616,0.18488966184246364,-2.518953119160753
1041,1112,malindi,majengo,kenya,11/26/2009,7,1,-1.490372601,0.0,-1.280655187,36.84627548,-1.3,36.85,-1.781482756137848,-1.8480762243270874,2.25,0.6,-4.020374655723572,0.06666666666666665,413029382.9447616,0.18488966184246364,-2.518953119160753
1042,1113,malindi,barani,kenya,11/30/2009,3,1,-0.165186199,1.0,-3.22414082,40.08627707,-3.2,40.1,0.0,0.0,0.0,0.0,0.0,0.0,0.0,0.18402886839192933,0.0
1043,1114,malindi,barani,kenya,11/26/2009,3,1,-1.656374765,1.0,-3.22414082,40.08627707,-3.2,40.1,0.0,0.0,0.0,0.0,0.0,0.0,0.0,0.18402886839192933,0.0
1044,1115,malindi,barani,kenya,11/30/2009,3,1,-2.283676884,1.0,-3.22414082,40.08627707,-3.2,40.1,0.0,0.0,0.0,0.0,0.0,0.0,0.0,0.18402886839192933,0.0
1045,1116,malindi,kwa haidari,kenya,11/28/2009,4,1,-1.581149596,0.0,-3.219793069,40.11219331,-3.2,40.1,0.0,0.0,0.0,0.0,0.0,0.0,0.0,0.18402886839192933,0.0
1046,1117,malindi,musufini,kenya,11/27/2009,5,3,0.281029987,0.0,-3.223163803,40.08609972,-3.2,40.1,0.0,0.0,0.0,0.0,0.0,0.0,0.0,0.18402886839192933,0.0
1047,1118,malindi,musufini,kenya,11/27/2009,8,1,-0.870037126,0.0,-3.223163803,40.08609972,-3.2,40.1,0.0,0.0,0.0,0.0,0.0,0.0,0.0,0.18402886839192933,0.0
1048,1119,malindi,musufini,kenya,11/27/2009,4,6,-0.122736625,0.0,-3.223163803,40.08609972,-3.2,40.1,0.0,0.0,0.0,0.0,0.0,0.0,0.0,0.18402886839192933,0.0
1049,1120,malindi,kwa haidari,kenya,11/28/2009,6,1,0.500706798,1.0,-3.219793069,40.11219331,-3.2,40.1,0.0,0.0,0.0,0.0,0.0,0.0,0.0,0.18402886839192933,0.0
1050,1121,malindi,kwa haidari,kenya,11/28/2009,8,2,0.749922699,0.0,-3.219793069,40.11219331,-3.2,40.1,0.0,0.0,0.0,0.0,0.0,0.0,0.0,0.18402886839192933,0.0
1051,1122,malindi,kwa haidari,kenya,11/28/2009,4,1,-1.867428463,0.0,-3.219793069,40.11219331,-3.2,40.1,0.0,0.0,0.0,0.0,0.0,0.0,0.0,0.18402886839192933,0.0
1052,1123,malindi,gongoni,kenya,11/27/2009,5,2,0.119559304,1.0,-3.826004893,39.76446172,-3.85,39.75,0.0,0.0,0.0,0.0,0.0,0.0,0.0,0.2646158881961368,0.0
1053,1124,malindi,gongoni,kenya,11/27/2009,11,1,2.82965005,1.0,-3.826004893,39.76446172,-3.85,39.75,0.0,0.0,0.0,0.0,0.0,0.0,0.0,0.2646158881961368,0.0
1054,1125,malindi,barani,kenya,11/26/2009,3,2,2.222333278,0.0,-3.22414082,40.08627707,-3.2,40.1,0.0,0.0,0.0,0.0,0.0,0.0,0.0,0.18402886839192933,0.0
1055,1126,malindi,barani,kenya,11/26/2009,8,3,-1.083148006,1.0,-3.22414082,40.08627707,-3.2,40.1,0.0,0.0,0.0,0.0,0.0,0.0,0.0,0.18402886839192933,0.0
1056,1127,malindi,barani,kenya,11/26/2009,10,2,-0.630224428,1.0,-3.22414082,40.08627707,-3.2,40.1,0.0,0.0,0.0,0.0,0.0,0.0,0.0,0.18402886839192933,0.0
1057,1128,malindi,barani,kenya,11/26/2009,7,1,0.073344962,0.0,-3.22414082,40.08627707,-3.2,40.1,0.0,0.0,0.0,0.0,0.0,0.0,0.0,0.18402886839192933,0.0
1058,1129,malindi,majengo,kenya,11/26/2009,2,1,-2.454692286,1.0,-1.280655187,36.84627548,-1.3,36.85,-1.781482756137848,-1.8480762243270874,2.25,0.6,-4.020374655723572,0.06666666666666665,413029382.9447616,0.18488966184246364,-2.518953119160753
1059,1130,malindi,majengo,kenya,11/26/2009,2,1,-1.825919206,1.0,-1.280655187,36.84627548,-1.3,36.85,-1.781482756137848,-1.8480762243270874,2.25,0.6,-4.020374655723572,0.06666666666666665,413029382.9447616,0.18488966184246364,-2.518953119160753
1060,1131,malindi,majengo,kenya,11/26/2009,1,1,-2.452888642,1.0,-1.280655187,36.84627548,-1.3,36.85,-1.781482756137848,-1.8480762243270874,2.25,0.6,-4.020374655723572,0.06666666666666665,413029382.9447616,0.18488966184246364,-2.518953119160753
1061,1132,malindi,majengo,kenya,11/26/2009,9,2,-2.224083381,1.0,-1.280655187,36.84627548,-1.3,36.85,-1.781482756137848,-1.8480762243270874,2.25,0.6,-4.020374655723572,0.06666666666666665,413029382.9447616,0.18488966184246364,-2.518953119160753
1062,1133,malindi,musufini,kenya,11/28/2009,3,1,-1.656374765,1.0,-3.223163803,40.08609972,-3.2,40.1,0.0,0.0,0.0,0.0,0.0,0.0,0.0,0.18402886839192933,0.0
1063,1134,malindi,musufini,kenya,11/27/2009,1,1,-1.481251746,1.0,-3.223163803,40.08609972,-3.2,40.1,0.0,0.0,0.0,0.0,0.0,0.0,0.0,0.18402886839192933,0.0
1064,1135,malindi,musufini,kenya,11/26/2009,3,3,-1.783109053,1.0,-3.223163803,40.08609972,-3.2,40.1,0.0,0.0,0.0,0.0,0.0,0.0,0.0,0.18402886839192933,0.0
1065,1136,malindi,musufini,kenya,11/30/2009,7,2,-2.197686395,0.0,-3.223163803,40.08609972,-3.2,40.1,0.0,0.0,0.0,0.0,0.0,0.0,0.0,0.18402886839192933,0.0
1066,1137,malindi,barani,kenya,11/26/2009,7,2,-2.073686269,1.0,-3.22414082,40.08627707,-3.2,40.1,0.0,0.0,0.0,0.0,0.0,0.0,0.0,0.18402886839192933,0.0
1067,1138,malindi,barani,kenya,11/30/2009,4,1,-0.844439628,1.0,-3.22414082,40.08627707,-3.2,40.1,0.0,0.0,0.0,0.0,0.0,0.0,0.0,0.18402886839192933,0.0
1068,1139,malindi,barani,kenya,11/26/2009,8,1,-2.477321606,1.0,-3.22414082,40.08627707,-3.2,40.1,0.0,0.0,0.0,0.0,0.0,0.0,0.0,0.18402886839192933,0.0
1069,1140,malindi,kwa haidari,kenya,11/28/2009,6,1,1.354921455,1.0,-3.219793069,40.11219331,-3.2,40.1,0.0,0.0,0.0,0.0,0.0,0.0,0.0,0.18402886839192933,0.0
1070,1141,malindi,kwa haidari,kenya,11/28/2009,2,1,-0.105027354,0.0,-3.219793069,40.11219331,-3.2,40.1,0.0,0.0,0.0,0.0,0.0,0.0,0.0,0.18402886839192933,0.0
1071,1142,thika,githuguchu,kenya,11/19/2009,3,0,-0.808885548,,-1.016283022,36.91457325,-1.0,36.9,-1.7179928819338481,-1.8142847418785095,1.8333333333333333,0.8,-3.2930924693743386,-0.29999999999999993,309899937.8916723,0.24236957635376247,0.5707823608026977
1072,1143,malindi,musufini,kenya,11/27/2009,2,2,-0.298408346,1.0,-3.223163803,40.08609972,-3.2,40.1,0.0,0.0,0.0,0.0,0.0,0.0,0.0,0.18402886839192933,0.0
1073,1144,malindi,gongoni,kenya,11/27/2009,4,1,0.749922699,1.0,-3.826004893,39.76446172,-3.85,39.75,0.0,0.0,0.0,0.0,0.0,0.0,0.0,0.2646158881961368,0.0
1074,1145,malindi,gongoni,kenya,11/27/2009,4,0,-2.254162803,,-3.826004893,39.76446172,-3.85,39.75,0.0,0.0,0.0,0.0,0.0,0.0,0.0,0.2646158881961368,0.0
1075,1146,malindi,musufini,kenya,11/29/2009,9,0,-0.543645404,,-3.223163803,40.08609972,-3.2,40.1,0.0,0.0,0.0,0.0,0.0,0.0,0.0,0.18402886839192933,0.0
1076,1147,malindi,barani,kenya,11/30/2009,5,1,-0.419291378,1.0,-3.22414082,40.08627707,-3.2,40.1,0.0,0.0,0.0,0.0,0.0,0.0,0.0,0.18402886839192933,0.0
1077,1148,malindi,kwa haidari,kenya,11/28/2009,1,2,-1.024916162,0.0,-3.219793069,40.11219331,-3.2,40.1,0.0,0.0,0.0,0.0,0.0,0.0,0.0,0.18402886839192933,0.0
1078,1149,malindi,kwa haidari,kenya,11/28/2009,6,1,2.638581699,0.0,-3.219793069,40.11219331,-3.2,40.1,0.0,0.0,0.0,0.0,0.0,0.0,0.0,0.18402886839192933,0.0
1079,1150,malindi,musufini,kenya,11/29/2009,5,1,-2.531988448,0.0,-3.223163803,40.08609972,-3.2,40.1,0.0,0.0,0.0,0.0,0.0,0.0,0.0,0.18402886839192933,0.0
1080,1151,malindi,musufini,kenya,11/29/2009,1,1,-0.403686325,0.0,-3.223163803,40.08609972,-3.2,40.1,0.0,0.0,0.0,0.0,0.0,0.0,0.0,0.18402886839192933,0.0
1081,1152,malindi,majengo,kenya,11/26/2009,3,0,-0.225767693,,-1.280655187,36.84627548,-1.3,36.85,-1.781482756137848,-1.8480762243270874,2.25,0.6,-4.020374655723572,0.06666666666666665,413029382.9447616,0.18488966184246364,-2.518953119160753
1082,1153,malindi,musufini,kenya,11/27/2009,6,0,-2.314321648,,-3.223163803,40.08609972,-3.2,40.1,0.0,0.0,0.0,0.0,0.0,0.0,0.0,0.18402886839192933,0.0
1083,1154,malindi,barani,kenya,11/26/2009,7,0,-2.073686269,,-3.22414082,40.08627707,-3.2,40.1,0.0,0.0,0.0,0.0,0.0,0.0,0.0,0.18402886839192933,0.0
1084,1155,malindi,barani,kenya,11/26/2009,7,0,-1.325501119,,-3.22414082,40.08627707,-3.2,40.1,0.0,0.0,0.0,0.0,0.0,0.0,0.0,0.18402886839192933,0.0
1085,1156,malindi,barani,kenya,11/26/2009,2,0,-0.650350601,,-3.22414082,40.08627707,-3.2,40.1,0.0,0.0,0.0,0.0,0.0,0.0,0.0,0.18402886839192933,0.0
1086,1157,malindi,barani,kenya,11/26/2009,1,0,-1.154243049,,-3.22414082,40.08627707,-3.2,40.1,0.0,0.0,0.0,0.0,0.0,0.0,0.0,0.18402886839192933,0.0
1087,1158,malindi,kwa haidari,kenya,11/28/2009,4,0,0.337516885,,-3.219793069,40.11219331,-3.2,40.1,0.0,0.0,0.0,0.0,0.0,0.0,0.0,0.18402886839192933,0.0
1088,1159,malindi,kwa haidari,kenya,11/28/2009,3,0,-0.488571077,,-3.219793069,40.11219331,-3.2,40.1,0.0,0.0,0.0,0.0,0.0,0.0,0.0,0.18402886839192933,0.0
1089,1160,malindi,musufini,kenya,11/27/2009,1,0,2.587322683,,-3.223163803,40.08609972,-3.2,40.1,0.0,0.0,0.0,0.0,0.0,0.0,0.0,0.18402886839192933,0.0
1090,1161,malindi,musufini,kenya,11/27/2009,6,0,-2.395165093,,-3.223163803,40.08609972,-3.2,40.1,0.0,0.0,0.0,0.0,0.0,0.0,0.0,0.18402886839192933,0.0
1091,1162,malindi,majengo,kenya,11/26/2009,7,0,-2.151188798,,-1.280655187,36.84627548,-1.3,36.85,-1.781482756137848,-1.8480762243270874,2.25,0.6,-4.020374655723572,0.06666666666666665,413029382.9447616,0.18488966184246364,-2.518953119160753
1092,1163,malindi,majengo,kenya,11/26/2009,4,0,-3.069957919,,-1.280655187,36.84627548,-1.3,36.85,-1.781482756137848,-1.8480762243270874,2.25,0.6,-4.020374655723572,0.06666666666666665,413029382.9447616,0.18488966184246364,-2.518953119160753
1093,1164,malindi,barani,kenya,11/26/2009,5,0,1.136411005,,-3.22414082,40.08627707,-3.2,40.1,0.0,0.0,0.0,0.0,0.0,0.0,0.0,0.18402886839192933,0.0
1094,1165,malindi,kwa haidari,kenya,11/28/2009,4,0,2.223217927,,-3.219793069,40.11219331,-3.2,40.1,0.0,0.0,0.0,0.0,0.0,0.0,0.0,0.18402886839192933,0.0
1095,1166,malindi,kwa haidari,kenya,11/28/2009,6,0,0.681183332,,-3.219793069,40.11219331,-3.2,40.1,0.0,0.0,0.0,0.0,0.0,0.0,0.0,0.18402886839192933,0.0
1096,1167,malindi,gongoni,kenya,11/27/2009,8,0,0.790028595,,-3.826004893,39.76446172,-3.85,39.75,0.0,0.0,0.0,0.0,0.0,0.0,0.0,0.2646158881961368,0.0
1097,1168,malindi,kwa haidari,kenya,11/28/2009,1,1,2.22289862,1.0,-3.219793069,40.11219331,-3.2,40.1,0.0,0.0,0.0,0.0,0.0,0.0,0.0,0.18402886839192933,0.0
1098,1169,malindi,gongoni,kenya,11/27/2009,3,0,0.509606627,,-3.826004893,39.76446172,-3.85,39.75,0.0,0.0,0.0,0.0,0.0,0.0,0.0,0.2646158881961368,0.0
1099,1170,malindi,gongoni,kenya,11/27/2009,4,0,-0.226022043,,-3.826004893,39.76446172,-3.85,39.75,0.0,0.0,0.0,0.0,0.0,0.0,0.0,0.2646158881961368,0.0
1100,1171,malindi,kwa haidari,kenya,11/28/2009,5,0,-1.1799675,,-3.219793069,40.11219331,-3.2,40.1,0.0,0.0,0.0,0.0,0.0,0.0,0.0,0.18402886839192933,0.0
1101,1172,malindi,gongoni,kenya,11/27/2009,1,0,2.617402106,,-3.826004893,39.76446172,-3.85,39.75,0.0,0.0,0.0,0.0,0.0,0.0,0.0,0.2646158881961368,0.0
1102,1173,malindi,gongoni,kenya,11/27/2009,1,0,2.617402106,,-3.826004893,39.76446172,-3.85,39.75,0.0,0.0,0.0,0.0,0.0,0.0,0.0,0.2646158881961368,0.0
1103,1174,malindi,barani,kenya,11/26/2009,3,0,-0.843874286,,-3.22414082,40.08627707,-3.2,40.1,0.0,0.0,0.0,0.0,0.0,0.0,0.0,0.18402886839192933,0.0
1104,1175,malindi,barani,kenya,11/26/2009,2,0,2.162174434,,-3.22414082,40.08627707,-3.2,40.1,0.0,0.0,0.0,0.0,0.0,0.0,0.0,0.18402886839192933,0.0
1105,1176,malindi,majengo,kenya,11/26/2009,12,0,-1.418403304,,-1.280655187,36.84627548,-1.3,36.85,-1.781482756137848,-1.8480762243270874,2.25,0.6,-4.020374655723572,0.06666666666666665,413029382.9447616,0.18488966184246364,-2.518953119160753
1106,1177,malindi,majengo,kenya,11/26/2009,5,0,-2.169278051,,-1.280655187,36.84627548,-1.3,36.85,-1.781482756137848,-1.8480762243270874,2.25,0.6,-4.020374655723572,0.06666666666666665,413029382.9447616,0.18488966184246364,-2.518953119160753
1107,1178,embu,kairuri,kenya,11/20/2009,4,1,3.588538124,1.0,-0.424974285,37.46462153,-0.4,37.45,-2.1627174019813538,-2.19547301530838,1.25,0.6,-2.712945520877838,0.06666666666666665,404352150.17433846,0.2398478547090594,1.1239198321334958
1108,1179,embu,kairuri,kenya,11/20/2009,6,1,-1.107211544,1.0,-0.424974285,37.46462153,-0.4,37.45,-2.1627174019813538,-2.19547301530838,1.25,0.6,-2.712945520877838,0.06666666666666665,404352150.17433846,0.2398478547090594,1.1239198321334958
1109,1180,embu,kairuri,kenya,11/20/2009,9,1,3.534369417,0.0,-0.424974285,37.46462153,-0.4,37.45,-2.1627174019813538,-2.19547301530838,1.25,0.6,-2.712945520877838,0.06666666666666665,404352150.17433846,0.2398478547090594,1.1239198321334958
1110,1181,embu,kairuri,kenya,11/21/2009,2,1,-0.063081155,1.0,-0.424974285,37.46462153,-0.4,37.45,-2.1627174019813538,-2.19547301530838,1.25,0.6,-2.712945520877838,0.06666666666666665,404352150.17433846,0.2398478547090594,1.1239198321334958
1111,1182,embu,kairuri,kenya,11/20/2009,5,1,1.222812046,1.0,-0.424974285,37.46462153,-0.4,37.45,-2.1627174019813538,-2.19547301530838,1.25,0.6,-2.712945520877838,0.06666666666666665,404352150.17433846,0.2398478547090594,1.1239198321334958
1112,1183,embu,kiangucu,kenya,11/26/2009,5,4,-3.079984393,1.0,-0.523215993,37.45247101,-0.5,37.45,-1.9350212415059407,-2.0437349875768027,1.5,0.8,-3.0355489253997803,-0.29999999999999993,333400502.438788,0.24469872155914948,0.8444191713614968
1113,1184,embu,kiangucu,kenya,11/27/2009,1,1,1.928071731,1.0,-0.523215993,37.45247101,-0.5,37.45,-1.9350212415059407,-2.0437349875768027,1.5,0.8,-3.0355489253997803,-0.29999999999999993,333400502.438788,0.24469872155914948,0.8444191713614968
1114,1185,embu,kiangucu,kenya,11/26/2009,5,2,0.639929808,1.0,-0.523215993,37.45247101,-0.5,37.45,-1.9350212415059407,-2.0437349875768027,1.5,0.8,-3.0355489253997803,-0.29999999999999993,333400502.438788,0.24469872155914948,0.8444191713614968
1115,1187,embu,kiangucu,kenya,11/26/2009,1,1,0.235910854,1.0,-0.523215993,37.45247101,-0.5,37.45,-1.9350212415059407,-2.0437349875768027,1.5,0.8,-3.0355489253997803,-0.29999999999999993,333400502.438788,0.24469872155914948,0.8444191713614968
1116,1188,embu,kairuri,kenya,11/20/2009,4,1,0.644943045,1.0,-0.424974285,37.46462153,-0.4,37.45,-2.1627174019813538,-2.19547301530838,1.25,0.6,-2.712945520877838,0.06666666666666665,404352150.17433846,0.2398478547090594,1.1239198321334958
1117,1189,embu,kiangucu,kenya,11/27/2009,3,4,-2.440284227,1.0,-0.523215993,37.45247101,-0.5,37.45,-1.9350212415059407,-2.0437349875768027,1.5,0.8,-3.0355489253997803,-0.29999999999999993,333400502.438788,0.24469872155914948,0.8444191713614968
1118,1190,embu,kiangucu,kenya,11/27/2009,4,1,-1.119243313,1.0,-0.523215993,37.45247101,-0.5,37.45,-1.9350212415059407,-2.0437349875768027,1.5,0.8,-3.0355489253997803,-0.29999999999999993,333400502.438788,0.24469872155914948,0.8444191713614968
1119,1191,embu,kiangucu,kenya,11/27/2009,2,1,-3.110063816,1.0,-0.523215993,37.45247101,-0.5,37.45,-1.9350212415059407,-2.0437349875768027,1.5,0.8,-3.0355489253997803,-0.29999999999999993,333400502.438788,0.24469872155914948,0.8444191713614968
1120,1192,embu,kiangucu,kenya,11/26/2009,6,1,1.212785572,1.0,-0.523215993,37.45247101,-0.5,37.45,-1.9350212415059407,-2.0437349875768027,1.5,0.8,-3.0355489253997803,-0.29999999999999993,333400502.438788,0.24469872155914948,0.8444191713614968
1121,1193,embu,manyatta,kenya,11/21/2009,2,0,3.132183806,,-0.430576281,37.47760539,-0.45,37.5,-1.8347212076187134,-1.9776201645533245,1.5,0.8,-2.822416345278422,-0.29999999999999993,333400502.438788,0.24015629505001407,1.1098947137363855
1122,1194,embu,manyatta,kenya,11/21/2009,2,0,1.814164753,,-0.430576281,37.47760539,-0.45,37.5,-1.8347212076187134,-1.9776201645533245,1.5,0.8,-2.822416345278422,-0.29999999999999993,333400502.438788,0.24015629505001407,1.1098947137363855
1123,1195,embu,manyatta,kenya,11/21/2009,2,0,0.50412972,,-0.430576281,37.47760539,-0.45,37.5,-1.8347212076187134,-1.9776201645533245,1.5,0.8,-2.822416345278422,-0.29999999999999993,333400502.438788,0.24015629505001407,1.1098947137363855
1124,1196,embu,manyatta,kenya,11/21/2009,4,0,-2.093307787,1.0,-0.430576281,37.47760539,-0.45,37.5,-1.8347212076187134,-1.9776201645533245,1.5,0.8,-2.822416345278422,-0.29999999999999993,333400502.438788,0.24015629505001407,1.1098947137363855
1125,1197,embu,kau,kenya,11/25/2009,2,1,1.550043315,1.0,-2.486505577,40.43775301,-2.5,40.45,0.0,0.0,0.0,0.0,0.0,0.0,0.0,0.2634452231928254,0.0
1126,1198,embu,kau,kenya,11/25/2009,4,3,3.073151607,1.0,-2.486505577,40.43775301,-2.5,40.45,0.0,0.0,0.0,0.0,0.0,0.0,0.0,0.2634452231928254,0.0
1127,1199,embu,kau,kenya,11/25/2009,4,1,2.025323935,1.0,-2.486505577,40.43775301,-2.5,40.45,0.0,0.0,0.0,0.0,0.0,0.0,0.0,0.2634452231928254,0.0
1128,1200,embu,kau,kenya,11/25/2009,1,1,1.965165091,1.0,-2.486505577,40.43775301,-2.5,40.45,0.0,0.0,0.0,0.0,0.0,0.0,0.0,0.2634452231928254,0.0
1129,1201,embu,kau,kenya,11/24/2009,4,2,3.073151607,0.0,-2.486505577,40.43775301,-2.5,40.45,0.0,0.0,0.0,0.0,0.0,0.0,0.0,0.2634452231928254,0.0
1130,1202,embu,kau,kenya,11/24/2009,2,1,0.490688591,0.0,-2.486505577,40.43775301,-2.5,40.45,0.0,0.0,0.0,0.0,0.0,0.0,0.0,0.2634452231928254,0.0
1131,1203,embu,kau,kenya,11/24/2009,4,2,-1.119243313,1.0,-2.486505577,40.43775301,-2.5,40.45,0.0,0.0,0.0,0.0,0.0,0.0,0.0,0.2634452231928254,0.0
1132,1204,embu,kau,kenya,11/24/2009,10,0,3.113257503,1.0,-2.486505577,40.43775301,-2.5,40.45,0.0,0.0,0.0,0.0,0.0,0.0,0.0,0.2634452231928254,0.0
1133,1205,embu,kau,kenya,11/25/2009,4,5,1.093477132,1.0,-2.486505577,40.43775301,-2.5,40.45,0.0,0.0,0.0,0.0,0.0,0.0,0.0,0.2634452231928254,0.0
1134,1206,embu,kau,kenya,11/25/2009,6,2,1.519963892,1.0,-2.486505577,40.43775301,-2.5,40.45,0.0,0.0,0.0,0.0,0.0,0.0,0.0,0.2634452231928254,0.0
1135,1207,embu,kau,kenya,11/24/2009,6,2,-0.404571577,1.0,-2.486505577,40.43775301,-2.5,40.45,0.0,0.0,0.0,0.0,0.0,0.0,0.0,0.2634452231928254,0.0
1136,1208,embu,kiangucu,kenya,11/26/2009,6,1,2.389710115,1.0,-0.523215993,37.45247101,-0.5,37.45,-1.9350212415059407,-2.0437349875768027,1.5,0.8,-3.0355489253997803,-0.29999999999999993,333400502.438788,0.24469872155914948,0.8444191713614968
1137,1209,embu,kiangucu,kenya,11/27/2009,3,1,-1.882468174,1.0,-0.523215993,37.45247101,-0.5,37.45,-1.9350212415059407,-2.0437349875768027,1.5,0.8,-3.0355489253997803,-0.29999999999999993,333400502.438788,0.24469872155914948,0.8444191713614968
1138,1210,embu,kiangucu,kenya,11/26/2009,4,1,-0.938324091,1.0,-0.523215993,37.45247101,-0.5,37.45,-1.9350212415059407,-2.0437349875768027,1.5,0.8,-3.0355489253997803,-0.29999999999999993,333400502.438788,0.24469872155914948,0.8444191713614968
1139,1211,embu,kiangucu,kenya,11/26/2009,6,1,2.506846352,1.0,-0.523215993,37.45247101,-0.5,37.45,-1.9350212415059407,-2.0437349875768027,1.5,0.8,-3.0355489253997803,-0.29999999999999993,333400502.438788,0.24469872155914948,0.8444191713614968
1140,1212,embu,matakare,kenya,11/22/2009,3,0,0.07863779,1.0,-0.540014726,37.45160569,-0.55,37.45,-1.9499226411183674,-2.057109256585439,1.6666666666666667,0.8,-3.401758054892222,-0.29999999999999993,317035963.8968278,0.24357624587526222,0.6322138836437788
1141,1213,embu,manyatta,kenya,11/21/2009,2,1,-1.626295343,0.0,-0.430576281,37.47760539,-0.45,37.5,-1.8347212076187134,-1.9776201645533245,1.5,0.8,-2.822416345278422,-0.29999999999999993,333400502.438788,0.24015629505001407,1.1098947137363855
1142,1214,embu,manyatta,kenya,11/21/2009,4,1,2.102900238,1.0,-0.430576281,37.47760539,-0.45,37.5,-1.8347212076187134,-1.9776201645533245,1.5,0.8,-2.822416345278422,-0.29999999999999993,333400502.438788,0.24015629505001407,1.1098947137363855
1143,1215,embu,manyatta,kenya,11/21/2009,2,1,-1.626295343,1.0,-0.430576281,37.47760539,-0.45,37.5,-1.8347212076187134,-1.9776201645533245,1.5,0.8,-2.822416345278422,-0.29999999999999993,333400502.438788,0.24015629505001407,1.1098947137363855
1144,1216,embu,manyatta,kenya,11/21/2009,6,4,2.506846352,1.0,-0.430576281,37.47760539,-0.45,37.5,-1.8347212076187134,-1.9776201645533245,1.5,0.8,-2.822416345278422,-0.29999999999999993,333400502.438788,0.24015629505001407,1.1098947137363855
1145,1217,embu,manyatta,kenya,11/21/2009,4,1,2.697009082,1.0,-0.430576281,37.47760539,-0.45,37.5,-1.8347212076187134,-1.9776201645533245,1.5,0.8,-2.822416345278422,-0.29999999999999993,333400502.438788,0.24015629505001407,1.1098947137363855
1146,1218,embu,matakare,kenya,11/23/2009,4,1,0.409682164,1.0,-0.540014726,37.45160569,-0.55,37.45,-1.9499226411183674,-2.057109256585439,1.6666666666666667,0.8,-3.401758054892222,-0.29999999999999993,317035963.8968278,0.24357624587526222,0.6322138836437788
1147,1219,embu,kau,kenya,11/25/2009,6,1,-1.107211544,1.0,-2.486505577,40.43775301,-2.5,40.45,0.0,0.0,0.0,0.0,0.0,0.0,0.0,0.2634452231928254,0.0
1148,1220,embu,kau,kenya,11/24/2009,7,1,0.36124178,1.0,-2.486505577,40.43775301,-2.5,40.45,0.0,0.0,0.0,0.0,0.0,0.0,0.0,0.2634452231928254,0.0
1149,1221,embu,kau,kenya,11/24/2009,5,0,3.068138369,,-2.486505577,40.43775301,-2.5,40.45,0.0,0.0,0.0,0.0,0.0,0.0,0.0,0.2634452231928254,0.0
1150,1222,embu,kau,kenya,11/25/2009,4,0,1.242864994,,-2.486505577,40.43775301,-2.5,40.45,0.0,0.0,0.0,0.0,0.0,0.0,0.0,0.2634452231928254,0.0
1151,1223,embu,kau,kenya,11/24/2009,7,0,3.232669573,1.0,-2.486505577,40.43775301,-2.5,40.45,0.0,0.0,0.0,0.0,0.0,0.0,0.0,0.2634452231928254,0.0
1152,1224,embu,manyatta,kenya,11/21/2009,4,1,1.237833024,1.0,-0.430576281,37.47760539,-0.45,37.5,-1.8347212076187134,-1.9776201645533245,1.5,0.8,-2.822416345278422,-0.29999999999999993,333400502.438788,0.24015629505001407,1.1098947137363855
1153,1225,embu,kairuri,kenya,11/20/2009,5,1,0.886654771,1.0,-0.424974285,37.46462153,-0.4,37.45,-2.1627174019813538,-2.19547301530838,1.25,0.6,-2.712945520877838,0.06666666666666665,404352150.17433846,0.2398478547090594,1.1239198321334958
1154,1226,embu,matakare,kenya,11/23/2009,1,2,0.895775626,0.0,-0.540014726,37.45160569,-0.55,37.45,-1.9499226411183674,-2.057109256585439,1.6666666666666667,0.8,-3.401758054892222,-0.29999999999999993,317035963.8968278,0.24357624587526222,0.6322138836437788
1155,1227,embu,matakare,kenya,11/22/2009,2,2,1.337192146,1.0,-0.540014726,37.45160569,-0.55,37.45,-1.9499226411183674,-2.057109256585439,1.6666666666666667,0.8,-3.401758054892222,-0.29999999999999993,317035963.8968278,0.24357624587526222,0.6322138836437788
1156,1228,embu,matakare,kenya,11/22/2009,6,1,-1.119243313,0.0,-0.540014726,37.45160569,-0.55,37.45,-1.9499226411183674,-2.057109256585439,1.6666666666666667,0.8,-3.401758054892222,-0.29999999999999993,317035963.8968278,0.24357624587526222,0.6322138836437788
1157,1229,embu,matakare,kenya,11/23/2009,1,1,-3.208791285,1.0,-0.540014726,37.45160569,-0.55,37.45,-1.9499226411183674,-2.057109256585439,1.6666666666666667,0.8,-3.401758054892222,-0.29999999999999993,317035963.8968278,0.24357624587526222,0.6322138836437788
1158,1230,embu,kiangucu,kenya,11/27/2009,4,1,2.411613581,1.0,-0.523215993,37.45247101,-0.5,37.45,-1.9350212415059407,-2.0437349875768027,1.5,0.8,-3.0355489253997803,-0.29999999999999993,333400502.438788,0.24469872155914948,0.8444191713614968
1159,1231,embu,kiangucu,kenya,11/26/2009,3,1,2.359630693,1.0,-0.523215993,37.45247101,-0.5,37.45,-1.9350212415059407,-2.0437349875768027,1.5,0.8,-3.0355489253997803,-0.29999999999999993,333400502.438788,0.24469872155914948,0.8444191713614968
1160,1232,embu,kiangucu,kenya,11/26/2009,5,0,0.296069698,,-0.523215993,37.45247101,-0.5,37.45,-1.9350212415059407,-2.0437349875768027,1.5,0.8,-3.0355489253997803,-0.29999999999999993,333400502.438788,0.24469872155914948,0.8444191713614968
1161,1233,embu,kiangucu,kenya,11/27/2009,3,0,1.368780413,,-0.523215993,37.45247101,-0.5,37.45,-1.9350212415059407,-2.0437349875768027,1.5,0.8,-3.0355489253997803,-0.29999999999999993,333400502.438788,0.24469872155914948,0.8444191713614968
1162,1234,embu,kiangucu,kenya,11/27/2009,6,0,-1.059084468,,-0.523215993,37.45247101,-0.5,37.45,-1.9350212415059407,-2.0437349875768027,1.5,0.8,-3.0355489253997803,-0.29999999999999993,333400502.438788,0.24469872155914948,0.8444191713614968
1163,1235,embu,kairuri,kenya,11/20/2009,3,1,-1.692099077,1.0,-0.424974285,37.46462153,-0.4,37.45,-2.1627174019813538,-2.19547301530838,1.25,0.6,-2.712945520877838,0.06666666666666665,404352150.17433846,0.2398478547090594,1.1239198321334958
1164,1236,embu,kairuri,kenya,11/20/2009,3,2,-1.134283024,1.0,-0.424974285,37.46462153,-0.4,37.45,-2.1627174019813538,-2.19547301530838,1.25,0.6,-2.712945520877838,0.06666666666666665,404352150.17433846,0.2398478547090594,1.1239198321334958
1165,1237,embu,kairuri,kenya,11/20/2009,3,1,3.598564598,0.0,-0.424974285,37.46462153,-0.4,37.45,-2.1627174019813538,-2.19547301530838,1.25,0.6,-2.712945520877838,0.06666666666666665,404352150.17433846,0.2398478547090594,1.1239198321334958
1166,1238,embu,kairuri,kenya,11/20/2009,6,0,-0.320349194,1.0,-0.424974285,37.46462153,-0.4,37.45,-2.1627174019813538,-2.19547301530838,1.25,0.6,-2.712945520877838,0.06666666666666665,404352150.17433846,0.2398478547090594,1.1239198321334958
1167,1239,embu,kairuri,kenya,11/2/2009,4,0,2.962074024,,-0.424974285,37.46462153,-0.4,37.45,-2.1627174019813538,-2.19547301530838,1.25,0.6,-2.712945520877838,0.06666666666666665,404352150.17433846,0.2398478547090594,1.1239198321334958
1168,1240,embu,kairuri,kenya,11/20/2009,2,0,0.496083205,1.0,-0.424974285,37.46462153,-0.4,37.45,-2.1627174019813538,-2.19547301530838,1.25,0.6,-2.712945520877838,0.06666666666666665,404352150.17433846,0.2398478547090594,1.1239198321334958
1169,1241,embu,kairuri,kenya,11/20/2009,7,0,2.466740455,1.0,-0.424974285,37.46462153,-0.4,37.45,-2.1627174019813538,-2.19547301530838,1.25,0.6,-2.712945520877838,0.06666666666666665,404352150.17433846,0.2398478547090594,1.1239198321334958
1170,1242,embu,kairuri,kenya,11/20/2009,4,0,-1.131275082,,-0.424974285,37.46462153,-0.4,37.45,-2.1627174019813538,-2.19547301530838,1.25,0.6,-2.712945520877838,0.06666666666666665,404352150.17433846,0.2398478547090594,1.1239198321334958
1171,1243,embu,kairuri,kenya,11/20/2009,2,0,2.901915179,1.0,-0.424974285,37.46462153,-0.4,37.45,-2.1627174019813538,-2.19547301530838,1.25,0.6,-2.712945520877838,0.06666666666666665,404352150.17433846,0.2398478547090594,1.1239198321334958
1172,1244,embu,kairuri,kenya,11/20/2009,5,1,1.990351923,1.0,-0.424974285,37.46462153,-0.4,37.45,-2.1627174019813538,-2.19547301530838,1.25,0.6,-2.712945520877838,0.06666666666666665,404352150.17433846,0.2398478547090594,1.1239198321334958
1173,1245,embu,kairuri,kenya,11/20/2009,4,0,3.073151607,,-0.424974285,37.46462153,-0.4,37.45,-2.1627174019813538,-2.19547301530838,1.25,0.6,-2.712945520877838,0.06666666666666665,404352150.17433846,0.2398478547090594,1.1239198321334958
1174,1246,embu,kairuri,kenya,11/20/2009,4,0,-1.947433889,,-0.424974285,37.46462153,-0.4,37.45,-2.1627174019813538,-2.19547301530838,1.25,0.6,-2.712945520877838,0.06666666666666665,404352150.17433846,0.2398478547090594,1.1239198321334958
1175,1247,embu,kairuri,kenya,11/20/2009,5,0,3.091512568,,-0.424974285,37.46462153,-0.4,37.45,-2.1627174019813538,-2.19547301530838,1.25,0.6,-2.712945520877838,0.06666666666666665,404352150.17433846,0.2398478547090594,1.1239198321334958
1176,1248,embu,kairuri,kenya,11/20/2009,3,0,1.17767418,1.0,-0.424974285,37.46462153,-0.4,37.45,-2.1627174019813538,-2.19547301530838,1.25,0.6,-2.712945520877838,0.06666666666666665,404352150.17433846,0.2398478547090594,1.1239198321334958
1177,1249,embu,kiangucu,kenya,11/26/2009,5,0,2.399736589,,-0.523215993,37.45247101,-0.5,37.45,-1.9350212415059407,-2.0437349875768027,1.5,0.8,-3.0355489253997803,-0.29999999999999993,333400502.438788,0.24469872155914948,0.8444191713614968
1178,1250,embu,kairuri,kenya,11/20/2009,2,1,0.766337082,1.0,-0.424974285,37.46462153,-0.4,37.45,-2.1627174019813538,-2.19547301530838,1.25,0.6,-2.712945520877838,0.06666666666666665,404352150.17433846,0.2398478547090594,1.1239198321334958
1179,1251,embu,kiangucu,kenya,11/26/2009,2,3,1.146610843,1.0,-0.523215993,37.45247101,-0.5,37.45,-1.9350212415059407,-2.0437349875768027,1.5,0.8,-3.0355489253997803,-0.29999999999999993,333400502.438788,0.24469872155914948,0.8444191713614968
1180,1252,embu,matakare,kenya,11/23/2009,3,0,1.912737507,1.0,-0.540014726,37.45160569,-0.55,37.45,-1.9499226411183674,-2.057109256585439,1.6666666666666667,0.8,-3.401758054892222,-0.29999999999999993,317035963.8968278,0.24357624587526222,0.6322138836437788
1181,1253,embu,matakare,kenya,11/23/2009,7,1,1.283626664,1.0,-0.540014726,37.45160569,-0.55,37.45,-1.9499226411183674,-2.057109256585439,1.6666666666666667,0.8,-3.401758054892222,-0.29999999999999993,317035963.8968278,0.24357624587526222,0.6322138836437788
1182,1254,embu,matakare,kenya,11/22/2009,1,1,-0.84399694,1.0,-0.540014726,37.45160569,-0.55,37.45,-1.9499226411183674,-2.057109256585439,1.6666666666666667,0.8,-3.401758054892222,-0.29999999999999993,317035963.8968278,0.24357624587526222,0.6322138836437788
1183,1255,embu,matakare,kenya,11/22/2009,1,1,-2.564077881,1.0,-0.540014726,37.45160569,-0.55,37.45,-1.9499226411183674,-2.057109256585439,1.6666666666666667,0.8,-3.401758054892222,-0.29999999999999993,317035963.8968278,0.24357624587526222,0.6322138836437788
1184,1256,embu,matakare,kenya,11/22/2009,5,1,0.621024488,0.0,-0.540014726,37.45160569,-0.55,37.45,-1.9499226411183674,-2.057109256585439,1.6666666666666667,0.8,-3.401758054892222,-0.29999999999999993,317035963.8968278,0.24357624587526222,0.6322138836437788
1185,1257,embu,matakare,kenya,11/22/2009,4,2,-1.059084468,1.0,-0.540014726,37.45160569,-0.55,37.45,-1.9499226411183674,-2.057109256585439,1.6666666666666667,0.8,-3.401758054892222,-0.29999999999999993,317035963.8968278,0.24357624587526222,0.6322138836437788
1186,1258,embu,matakare,kenya,11/23/2009,3,1,-2.533998459,1.0,-0.540014726,37.45160569,-0.55,37.45,-1.9499226411183674,-2.057109256585439,1.6666666666666667,0.8,-3.401758054892222,-0.29999999999999993,317035963.8968278,0.24357624587526222,0.6322138836437788
1187,1259,embu,matakare,kenya,11/23/2009,2,1,1.649402436,0.0,-0.540014726,37.45160569,-0.55,37.45,-1.9499226411183674,-2.057109256585439,1.6666666666666667,0.8,-3.401758054892222,-0.29999999999999993,317035963.8968278,0.24357624587526222,0.6322138836437788
1188,1260,embu,kau,kenya,11/25/2009,12,0,3.498640135,,-2.486505577,40.43775301,-2.5,40.45,0.0,0.0,0.0,0.0,0.0,0.0,0.0,0.2634452231928254,0.0
1189,1261,embu,kau,kenya,11/25/2009,5,0,2.84288298,,-2.486505577,40.43775301,-2.5,40.45,0.0,0.0,0.0,0.0,0.0,0.0,0.0,0.2634452231928254,0.0
1190,1262,embu,kau,kenya,11/25/2009,5,0,2.374670404,,-2.486505577,40.43775301,-2.5,40.45,0.0,0.0,0.0,0.0,0.0,0.0,0.0,0.2634452231928254,0.0
1191,1263,embu,kau,kenya,11/25/2009,8,0,1.282970891,,-2.486505577,40.43775301,-2.5,40.45,0.0,0.0,0.0,0.0,0.0,0.0,0.0,0.2634452231928254,0.0
1192,1264,embu,kau,kenya,11/24/2009,5,0,1.297104982,1.0,-2.486505577,40.43775301,-2.5,40.45,0.0,0.0,0.0,0.0,0.0,0.0,0.0,0.2634452231928254,0.0
1193,1265,embu,manyatta,kenya,11/21/2009,2,2,-0.959725347,1.0,-0.430576281,37.47760539,-0.45,37.5,-1.8347212076187134,-1.9776201645533245,1.5,0.8,-2.822416345278422,-0.29999999999999993,333400502.438788,0.24015629505001407,1.1098947137363855
1194,1266,embu,manyatta,kenya,11/21/2009,3,1,-1.149888077,0.0,-0.430576281,37.47760539,-0.45,37.5,-1.8347212076187134,-1.9776201645533245,1.5,0.8,-2.822416345278422,-0.29999999999999993,333400502.438788,0.24015629505001407,1.1098947137363855
1195,1267,embu,manyatta,kenya,11/21/2009,1,1,-1.024916162,1.0,-0.430576281,37.47760539,-0.45,37.5,-1.8347212076187134,-1.9776201645533245,1.5,0.8,-2.822416345278422,-0.29999999999999993,333400502.438788,0.24015629505001407,1.1098947137363855
1196,1268,embu,manyatta,kenya,11/21/2009,3,3,-0.39554775,1.0,-0.430576281,37.47760539,-0.45,37.5,-1.8347212076187134,-1.9776201645533245,1.5,0.8,-2.822416345278422,-0.29999999999999993,333400502.438788,0.24015629505001407,1.1098947137363855
1197,1269,embu,manyatta,kenya,11/21/2009,3,2,3.182316177,0.0,-0.430576281,37.47760539,-0.45,37.5,-1.8347212076187134,-1.9776201645533245,1.5,0.8,-2.822416345278422,-0.29999999999999993,333400502.438788,0.24015629505001407,1.1098947137363855
1198,1270,embu,manyatta,kenya,11/21/2009,1,0,0.22920563,,-0.430576281,37.47760539,-0.45,37.5,-1.8347212076187134,-1.9776201645533245,1.5,0.8,-2.822416345278422,-0.29999999999999993,333400502.438788,0.24015629505001407,1.1098947137363855
1199,1271,embu,manyatta,kenya,11/21/2009,1,0,-0.84399694,1.0,-0.430576281,37.47760539,-0.45,37.5,-1.8347212076187134,-1.9776201645533245,1.5,0.8,-2.822416345278422,-0.29999999999999993,333400502.438788,0.24015629505001407,1.1098947137363855
1200,1272,embu,manyatta,kenya,11/21/2009,2,0,0.516136154,1.0,-0.430576281,37.47760539,-0.45,37.5,-1.8347212076187134,-1.9776201645533245,1.5,0.8,-2.822416345278422,-0.29999999999999993,333400502.438788,0.24015629505001407,1.1098947137363855
1201,1273,embu,manyatta,kenya,11/21/2009,4,0,0.409682164,1.0,-0.430576281,37.47760539,-0.45,37.5,-1.8347212076187134,-1.9776201645533245,1.5,0.8,-2.822416345278422,-0.29999999999999993,333400502.438788,0.24015629505001407,1.1098947137363855
1202,1274,embu,manyatta,kenya,11/21/2009,3,0,-1.119243313,,-0.430576281,37.47760539,-0.45,37.5,-1.8347212076187134,-1.9776201645533245,1.5,0.8,-2.822416345278422,-0.29999999999999993,333400502.438788,0.24015629505001407,1.1098947137363855
1203,1275,embu,manyatta,kenya,11/21/2009,5,0,-0.246074991,1.0,-0.430576281,37.47760539,-0.45,37.5,-1.8347212076187134,-1.9776201645533245,1.5,0.8,-2.822416345278422,-0.29999999999999993,333400502.438788,0.24015629505001407,1.1098947137363855
1204,1276,embu,manyatta,kenya,11/21/2009,1,0,-1.077157457,,-0.430576281,37.47760539,-0.45,37.5,-1.8347212076187134,-1.9776201645533245,1.5,0.8,-2.822416345278422,-0.29999999999999993,333400502.438788,0.24015629505001407,1.1098947137363855
1205,1277,embu,kiangucu,kenya,11/27/2009,5,2,-0.39769628,1.0,-0.523215993,37.45247101,-0.5,37.45,-1.9350212415059407,-2.0437349875768027,1.5,0.8,-3.0355489253997803,-0.29999999999999993,333400502.438788,0.24469872155914948,0.8444191713614968
1206,1278,embu,matakare,kenya,11/23/2009,7,0,-2.343629362,,-0.540014726,37.45160569,-0.55,37.45,-1.9499226411183674,-2.057109256585439,1.6666666666666667,0.8,-3.401758054892222,-0.29999999999999993,317035963.8968278,0.24357624587526222,0.6322138836437788
1207,1279,embu,matakare,kenya,11/22/2009,6,0,-0.084745785,,-0.540014726,37.45160569,-0.55,37.45,-1.9499226411183674,-2.057109256585439,1.6666666666666667,0.8,-3.401758054892222,-0.29999999999999993,317035963.8968278,0.24357624587526222,0.6322138836437788
1208,1280,embu,matakare,kenya,11/22/2009,6,0,-0.325381164,1.0,-0.540014726,37.45160569,-0.55,37.45,-1.9499226411183674,-2.057109256585439,1.6666666666666667,0.8,-3.401758054892222,-0.29999999999999993,317035963.8968278,0.24357624587526222,0.6322138836437788
1209,1281,embu,matakare,kenya,11/22/2009,3,1,-1.134283024,1.0,-0.540014726,37.45160569,-0.55,37.45,-1.9499226411183674,-2.057109256585439,1.6666666666666667,0.8,-3.401758054892222,-0.29999999999999993,317035963.8968278,0.24357624587526222,0.6322138836437788
1210,1282,embu,matakare,kenya,11/22/2009,4,0,-0.428412232,,-0.540014726,37.45160569,-0.55,37.45,-1.9499226411183674,-2.057109256585439,1.6666666666666667,0.8,-3.401758054892222,-0.29999999999999993,317035963.8968278,0.24357624587526222,0.6322138836437788
1211,1283,embu,matakare,kenya,11/22/2009,2,0,1.852578663,,-0.540014726,37.45160569,-0.55,37.45,-1.9499226411183674,-2.057109256585439,1.6666666666666667,0.8,-3.401758054892222,-0.29999999999999993,317035963.8968278,0.24357624587526222,0.6322138836437788
1212,1284,embu,matakare,kenya,11/22/2009,2,0,0.289364474,,-0.540014726,37.45160569,-0.55,37.45,-1.9499226411183674,-2.057109256585439,1.6666666666666667,0.8,-3.401758054892222,-0.29999999999999993,317035963.8968278,0.24357624587526222,0.6322138836437788
1213,1285,siaya,yombura,kenya,12/7/2009,3,0,3.598564598,,0.065231303,34.28678507,0.05,34.3,-1.9496451020240784,-2.1670268177986145,2.5,0.4,-4.944404482841492,-0.3999999999999999,417881147.2242052,0.2727281234234435,0.07414390189993081
1214,1286,siaya,yombura,kenya,12/7/2009,3,3,-0.579165772,1.0,0.065231303,34.28678507,0.05,34.3,-1.9496451020240784,-2.1670268177986145,2.5,0.4,-4.944404482841492,-0.3999999999999999,417881147.2242052,0.2727281234234435,0.07414390189993081
1215,1287,siaya,yombura,kenya,12/7/2009,2,3,2.768585585,1.0,0.065231303,34.28678507,0.05,34.3,-1.9496451020240784,-2.1670268177986145,2.5,0.4,-4.944404482841492,-0.3999999999999999,417881147.2242052,0.2727281234234435,0.07414390189993081
1216,1288,siaya,yombura,kenya,12/7/2009,5,2,0.434447775,1.0,0.065231303,34.28678507,0.05,34.3,-1.9496451020240784,-2.1670268177986145,2.5,0.4,-4.944404482841492,-0.3999999999999999,417881147.2242052,0.2727281234234435,0.07414390189993081
1217,1289,siaya,yombura,kenya,12/7/2009,4,1,0.802564082,1.0,0.065231303,34.28678507,0.05,34.3,-1.9496451020240784,-2.1670268177986145,2.5,0.4,-4.944404482841492,-0.3999999999999999,417881147.2242052,0.2727281234234435,0.07414390189993081
1218,1290,siaya,yombura,kenya,12/7/2009,5,4,2.759464731,1.0,0.065231303,34.28678507,0.05,34.3,-1.9496451020240784,-2.1670268177986145,2.5,0.4,-4.944404482841492,-0.3999999999999999,417881147.2242052,0.2727281234234435,0.07414390189993081
1219,1291,siaya,yombura,kenya,12/7/2009,3,1,2.669226463,0.0,0.065231303,34.28678507,0.05,34.3,-1.9496451020240784,-2.1670268177986145,2.5,0.4,-4.944404482841492,-0.3999999999999999,417881147.2242052,0.2727281234234435,0.07414390189993081
1220,1292,siaya,yombura,kenya,12/7/2009,3,0,3.272775469,,0.065231303,34.28678507,0.05,34.3,-1.9496451020240784,-2.1670268177986145,2.5,0.4,-4.944404482841492,-0.3999999999999999,417881147.2242052,0.2727281234234435,0.07414390189993081
1221,1293,siaya,yombura,kenya,12/7/2009,4,1,0.915673796,0.0,0.065231303,34.28678507,0.05,34.3,-1.9496451020240784,-2.1670268177986145,2.5,0.4,-4.944404482841492,-0.3999999999999999,417881147.2242052,0.2727281234234435,0.07414390189993081
1222,1294,siaya,yombura,kenya,12/7/2009,4,1,3.172510728,1.0,0.065231303,34.28678507,0.05,34.3,-1.9496451020240784,-2.1670268177986145,2.5,0.4,-4.944404482841492,-0.3999999999999999,417881147.2242052,0.2727281234234435,0.07414390189993081
1223,1295,siaya,yombura,kenya,12/7/2009,7,6,-1.135078565,1.0,0.065231303,34.28678507,0.05,34.3,-1.9496451020240784,-2.1670268177986145,2.5,0.4,-4.944404482841492,-0.3999999999999999,417881147.2242052,0.2727281234234435,0.07414390189993081
1224,1296,siaya,yombura,kenya,12/7/2009,6,1,-0.128381515,1.0,0.065231303,34.28678507,0.05,34.3,-1.9496451020240784,-2.1670268177986145,2.5,0.4,-4.944404482841492,-0.3999999999999999,417881147.2242052,0.2727281234234435,0.07414390189993081
1225,1297,siaya,yombura,kenya,12/7/2009,7,1,0.951769103,1.0,0.065231303,34.28678507,0.05,34.3,-1.9496451020240784,-2.1670268177986145,2.5,0.4,-4.944404482841492,-0.3999999999999999,417881147.2242052,0.2727281234234435,0.07414390189993081
1226,1298,siaya,yombura,kenya,12/7/2009,6,0,3.173416348,,0.065231303,34.28678507,0.05,34.3,-1.9496451020240784,-2.1670268177986145,2.5,0.4,-4.944404482841492,-0.3999999999999999,417881147.2242052,0.2727281234234435,0.07414390189993081
1227,1299,siaya,yombura,kenya,12/7/2009,5,1,1.245477293,1.0,0.065231303,34.28678507,0.05,34.3,-1.9496451020240784,-2.1670268177986145,2.5,0.4,-4.944404482841492,-0.3999999999999999,417881147.2242052,0.2727281234234435,0.07414390189993081
1228,1300,siaya,yombura,kenya,12/7/2009,3,2,0.932068417,0.0,0.065231303,34.28678507,0.05,34.3,-1.9496451020240784,-2.1670268177986145,2.5,0.4,-4.944404482841492,-0.3999999999999999,417881147.2242052,0.2727281234234435,0.07414390189993081
1229,1301,siaya,yombura,kenya,12/7/2009,5,0,3.658723443,,0.065231303,34.28678507,0.05,34.3,-1.9496451020240784,-2.1670268177986145,2.5,0.4,-4.944404482841492,-0.3999999999999999,417881147.2242052,0.2727281234234435,0.07414390189993081
1230,1302,siaya,yombura,kenya,12/7/2009,7,0,3.20349577,,0.065231303,34.28678507,0.05,34.3,-1.9496451020240784,-2.1670268177986145,2.5,0.4,-4.944404482841492,-0.3999999999999999,417881147.2242052,0.2727281234234435,0.07414390189993081
1231,1303,siaya,yombura,kenya,12/7/2009,2,0,3.033650527,,0.065231303,34.28678507,0.05,34.3,-1.9496451020240784,-2.1670268177986145,2.5,0.4,-4.944404482841492,-0.3999999999999999,417881147.2242052,0.2727281234234435,0.07414390189993081
1232,1304,siaya,yombura,kenya,12/7/2009,5,0,3.093204555,,0.065231303,34.28678507,0.05,34.3,-1.9496451020240784,-2.1670268177986145,2.5,0.4,-4.944404482841492,-0.3999999999999999,417881147.2242052,0.2727281234234435,0.07414390189993081
1233,1305,siaya,yombura,kenya,12/7/2009,7,0,2.558782367,,0.065231303,34.28678507,0.05,34.3,-1.9496451020240784,-2.1670268177986145,2.5,0.4,-4.944404482841492,-0.3999999999999999,417881147.2242052,0.2727281234234435,0.07414390189993081
1234,1306,siaya,yombura,kenya,12/7/2009,7,0,2.000966314,,0.065231303,34.28678507,0.05,34.3,-1.9496451020240784,-2.1670268177986145,2.5,0.4,-4.944404482841492,-0.3999999999999999,417881147.2242052,0.2727281234234435,0.07414390189993081
1235,1307,siaya,uhanya,kenya,12/7/2009,6,0,-0.998925624,,0.065231303,34.28678507,0.05,34.3,-1.9496451020240784,-2.1670268177986145,2.5,0.4,-4.944404482841492,-0.3999999999999999,417881147.2242052,0.2727281234234435,0.07414390189993081
1236,1308,siaya,awello,kenya,12/8/2009,4,0,1.786738411,,0.065469979,34.28796477,0.05,34.3,-1.9496451020240784,-2.1670268177986145,2.5,0.4,-4.944404482841492,-0.3999999999999999,417881147.2242052,0.2727281234234435,0.07414390189993081
1237,1309,siaya,awello,kenya,12/8/2009,1,2,1.022071325,1.0,0.065469979,34.28796477,0.05,34.3,-1.9496451020240784,-2.1670268177986145,2.5,0.4,-4.944404482841492,-0.3999999999999999,417881147.2242052,0.2727281234234435,0.07414390189993081
1238,1310,siaya,awello,kenya,11/8/2009,6,0,1.709561281,,0.065469979,34.28796477,0.05,34.3,-1.9496451020240784,-2.1670268177986145,2.5,0.4,-4.944404482841492,-0.3999999999999999,417881147.2242052,0.2727281234234435,0.07414390189993081
1239,1311,siaya,awello,kenya,12/8/2009,6,2,3.173416348,0.0,0.065469979,34.28796477,0.05,34.3,-1.9496451020240784,-2.1670268177986145,2.5,0.4,-4.944404482841492,-0.3999999999999999,417881147.2242052,0.2727281234234435,0.07414390189993081
1240,1312,siaya,awello,kenya,12/8/2009,5,2,1.518234022,1.0,0.065469979,34.28796477,0.05,34.3,-1.9496451020240784,-2.1670268177986145,2.5,0.4,-4.944404482841492,-0.3999999999999999,417881147.2242052,0.2727281234234435,0.07414390189993081
1241,1313,siaya,awello,kenya,12/8/2009,7,1,-0.300296246,1.0,0.065469979,34.28796477,0.05,34.3,-1.9496451020240784,-2.1670268177986145,2.5,0.4,-4.944404482841492,-0.3999999999999999,417881147.2242052,0.2727281234234435,0.07414390189993081
1242,1314,siaya,awello,kenya,12/8/2009,2,1,1.095009305,1.0,0.065469979,34.28796477,0.05,34.3,-1.9496451020240784,-2.1670268177986145,2.5,0.4,-4.944404482841492,-0.3999999999999999,417881147.2242052,0.2727281234234435,0.07414390189993081
1243,1315,siaya,awello,kenya,12/8/2009,5,1,1.580122737,1.0,0.065469979,34.28796477,0.05,34.3,-1.9496451020240784,-2.1670268177986145,2.5,0.4,-4.944404482841492,-0.3999999999999999,417881147.2242052,0.2727281234234435,0.07414390189993081
1244,1316,siaya,awello,kenya,12/8/2009,5,1,2.49909571,0.0,0.065469979,34.28796477,0.05,34.3,-1.9496451020240784,-2.1670268177986145,2.5,0.4,-4.944404482841492,-0.3999999999999999,417881147.2242052,0.2727281234234435,0.07414390189993081
1245,1317,siaya,awello,kenya,12/8/2009,4,4,0.163580092,1.0,0.065469979,34.28796477,0.05,34.3,-1.9496451020240784,-2.1670268177986145,2.5,0.4,-4.944404482841492,-0.3999999999999999,417881147.2242052,0.2727281234234435,0.07414390189993081
1246,1318,siaya,awello,kenya,12/8/2009,2,1,3.667844297,0.0,0.065469979,34.28796477,0.05,34.3,-1.9496451020240784,-2.1670268177986145,2.5,0.4,-4.944404482841492,-0.3999999999999999,417881147.2242052,0.2727281234234435,0.07414390189993081
1247,1319,siaya,awello,kenya,12/8/2009,1,1,2.076747111,1.0,0.065469979,34.28796477,0.05,34.3,-1.9496451020240784,-2.1670268177986145,2.5,0.4,-4.944404482841492,-0.3999999999999999,417881147.2242052,0.2727281234234435,0.07414390189993081
1248,1320,siaya,awello,kenya,12/8/2009,4,1,0.115421143,1.0,0.065469979,34.28796477,0.05,34.3,-1.9496451020240784,-2.1670268177986145,2.5,0.4,-4.944404482841492,-0.3999999999999999,417881147.2242052,0.2727281234234435,0.07414390189993081
1249,1321,siaya,ukwala 'b',kenya,12/9/2009,4,2,-1.746904407,1.0,0.196054801,34.18935761,0.2,34.2,-1.9594011902809143,-2.3580609560012817,3.0,0.4,-5.8196961879730225,-0.3999999999999999,384718963.0241868,0.2804948595082066,0.9637693636328841
1250,1322,siaya,ukwala 'b',kenya,12/9/2009,3,0,1.973682719,,0.196054801,34.18935761,0.2,34.2,-1.9594011902809143,-2.3580609560012817,3.0,0.4,-5.8196961879730225,-0.3999999999999999,384718963.0241868,0.2804948595082066,0.9637693636328841
1251,1323,siaya,ukwala 'b',kenya,12/9/2009,9,0,2.579307503,,0.196054801,34.18935761,0.2,34.2,-1.9594011902809143,-2.3580609560012817,3.0,0.4,-5.8196961879730225,-0.3999999999999999,384718963.0241868,0.2804948595082066,0.9637693636328841
1252,1324,siaya,uhanya,kenya,12/7/2009,3,1,3.272775469,1.0,0.065231303,34.28678507,0.05,34.3,-1.9496451020240784,-2.1670268177986145,2.5,0.4,-4.944404482841492,-0.3999999999999999,417881147.2242052,0.2727281234234435,0.07414390189993081
1253,1325,siaya,uhanya,kenya,12/7/2009,8,1,3.573569693,1.0,0.065231303,34.28678507,0.05,34.3,-1.9496451020240784,-2.1670268177986145,2.5,0.4,-4.944404482841492,-0.3999999999999999,417881147.2242052,0.2727281234234435,0.07414390189993081
1254,1326,siaya,uhanya,kenya,12/7/2009,2,1,3.053098658,0.0,0.065231303,34.28678507,0.05,34.3,-1.9496451020240784,-2.1670268177986145,2.5,0.4,-4.944404482841492,-0.3999999999999999,417881147.2242052,0.2727281234234435,0.07414390189993081
1255,1327,siaya,sinaga,kenya,12/5/2009,11,0,3.213522244,,0.056656404,34.51714114,0.05,34.5,-1.7148576974868774,-1.8643593788146973,2.3333333333333335,0.6,-4.10774830977122,-0.5999999999999999,288730104.9058913,0.25923495623011117,0.5885926075267632
1256,1328,siaya,sinaga,kenya,12/5/2009,2,0,3.116362473,,0.056656404,34.51714114,0.05,34.5,-1.7148576974868774,-1.8643593788146973,2.3333333333333335,0.6,-4.10774830977122,-0.5999999999999999,288730104.9058913,0.25923495623011117,0.5885926075267632
1257,1329,siaya,sinaga,kenya,12/5/2009,5,0,3.908479676,,0.056656404,34.51714114,0.05,34.5,-1.7148576974868774,-1.8643593788146973,2.3333333333333335,0.6,-4.10774830977122,-0.5999999999999999,288730104.9058913,0.25923495623011117,0.5885926075267632
1258,1330,siaya,uhanya,kenya,12/7/2009,2,0,1.48988447,,0.065231303,34.28678507,0.05,34.3,-1.9496451020240784,-2.1670268177986145,2.5,0.4,-4.944404482841492,-0.3999999999999999,417881147.2242052,0.2727281234234435,0.07414390189993081
1259,1331,siaya,uhanya,kenya,12/7/2009,6,1,0.81130804,0.0,0.065231303,34.28678507,0.05,34.3,-1.9496451020240784,-2.1670268177986145,2.5,0.4,-4.944404482841492,-0.3999999999999999,417881147.2242052,0.2727281234234435,0.07414390189993081
1260,1332,siaya,uhanya,kenya,12/6/2009,4,1,1.428471129,0.0,0.065231303,34.28678507,0.05,34.3,-1.9496451020240784,-2.1670268177986145,2.5,0.4,-4.944404482841492,-0.3999999999999999,417881147.2242052,0.2727281234234435,0.07414390189993081
1261,1334,siaya,uhanya,kenya,12/7/2009,3,3,1.589243591,1.0,0.065231303,34.28678507,0.05,34.3,-1.9496451020240784,-2.1670268177986145,2.5,0.4,-4.944404482841492,-0.3999999999999999,417881147.2242052,0.2727281234234435,0.07414390189993081
1262,1335,siaya,uhanya,kenya,12/7/2009,4,1,-1.881156385,1.0,0.065231303,34.28678507,0.05,34.3,-1.9496451020240784,-2.1670268177986145,2.5,0.4,-4.944404482841492,-0.3999999999999999,417881147.2242052,0.2727281234234435,0.07414390189993081
1263,1336,siaya,uhanya,kenya,12/7/2009,2,1,-0.236334461,1.0,0.065231303,34.28678507,0.05,34.3,-1.9496451020240784,-2.1670268177986145,2.5,0.4,-4.944404482841492,-0.3999999999999999,417881147.2242052,0.2727281234234435,0.07414390189993081
1264,1337,siaya,uhanya,kenya,12/7/2009,3,3,0.813306733,1.0,0.065231303,34.28678507,0.05,34.3,-1.9496451020240784,-2.1670268177986145,2.5,0.4,-4.944404482841492,-0.3999999999999999,417881147.2242052,0.2727281234234435,0.07414390189993081
1265,1338,siaya,uhanya,kenya,12/7/2009,3,2,0.810794584,1.0,0.065231303,34.28678507,0.05,34.3,-1.9496451020240784,-2.1670268177986145,2.5,0.4,-4.944404482841492,-0.3999999999999999,417881147.2242052,0.2727281234234435,0.07414390189993081
1266,1339,siaya,uhanya,kenya,12/7/2009,2,2,2.669226463,1.0,0.065231303,34.28678507,0.05,34.3,-1.9496451020240784,-2.1670268177986145,2.5,0.4,-4.944404482841492,-0.3999999999999999,417881147.2242052,0.2727281234234435,0.07414390189993081
1267,1340,siaya,uhanya,kenya,11/7/2009,2,0,2.438936866,,0.065231303,34.28678507,0.05,34.3,-1.9496451020240784,-2.1670268177986145,2.5,0.4,-4.944404482841492,-0.3999999999999999,417881147.2242052,0.2727281234234435,0.07414390189993081
1268,1341,siaya,sinaga,kenya,11/7/2009,5,0,1.733387618,,0.056656404,34.51714114,0.05,34.5,-1.7148576974868774,-1.8643593788146973,2.3333333333333335,0.6,-4.10774830977122,-0.5999999999999999,288730104.9058913,0.25923495623011117,0.5885926075267632
1269,1342,siaya,sinaga,kenya,11/7/2009,6,0,3.212616624,,0.056656404,34.51714114,0.05,34.5,-1.7148576974868774,-1.8643593788146973,2.3333333333333335,0.6,-4.10774830977122,-0.5999999999999999,288730104.9058913,0.25923495623011117,0.5885926075267632
1270,1343,siaya,uhanya,kenya,12/7/2009,5,0,2.498623522,,0.065231303,34.28678507,0.05,34.3,-1.9496451020240784,-2.1670268177986145,2.5,0.4,-4.944404482841492,-0.3999999999999999,417881147.2242052,0.2727281234234435,0.07414390189993081
1271,1344,siaya,yombura,kenya,11/7/2009,5,0,3.658723443,,0.065231303,34.28678507,0.05,34.3,-1.9496451020240784,-2.1670268177986145,2.5,0.4,-4.944404482841492,-0.3999999999999999,417881147.2242052,0.2727281234234435,0.07414390189993081
1272,1345,siaya,yombura,kenya,12/7/2009,2,2,-1.078541482,1.0,0.065231303,34.28678507,0.05,34.3,-1.9496451020240784,-2.1670268177986145,2.5,0.4,-4.944404482841492,-0.3999999999999999,417881147.2242052,0.2727281234234435,0.07414390189993081
1273,1346,siaya,yombura,kenya,12/7/2009,3,1,-0.074584214,1.0,0.065231303,34.28678507,0.05,34.3,-1.9496451020240784,-2.1670268177986145,2.5,0.4,-4.944404482841492,-0.3999999999999999,417881147.2242052,0.2727281234234435,0.07414390189993081
1274,1347,siaya,yombura,kenya,12/7/2009,4,1,0.647112656,1.0,0.065231303,34.28678507,0.05,34.3,-1.9496451020240784,-2.1670268177986145,2.5,0.4,-4.944404482841492,-0.3999999999999999,417881147.2242052,0.2727281234234435,0.07414390189993081
1275,1348,siaya,yombura,kenya,12/7/2009,3,3,-0.895828965,1.0,0.065231303,34.28678507,0.05,34.3,-1.9496451020240784,-2.1670268177986145,2.5,0.4,-4.944404482841492,-0.3999999999999999,417881147.2242052,0.2727281234234435,0.07414390189993081
1276,1350,siaya,yombura,kenya,12/7/2009,2,1,-0.139775029,1.0,0.065231303,34.28678507,0.05,34.3,-1.9496451020240784,-2.1670268177986145,2.5,0.4,-4.944404482841492,-0.3999999999999999,417881147.2242052,0.2727281234234435,0.07414390189993081
1277,1351,siaya,yombura,kenya,12/7/2009,3,1,1.325689086,1.0,0.065231303,34.28678507,0.05,34.3,-1.9496451020240784,-2.1670268177986145,2.5,0.4,-4.944404482841492,-0.3999999999999999,417881147.2242052,0.2727281234234435,0.07414390189993081
1278,1352,siaya,yombura,kenya,12/7/2009,3,1,3.053098658,1.0,0.065231303,34.28678507,0.05,34.3,-1.9496451020240784,-2.1670268177986145,2.5,0.4,-4.944404482841492,-0.3999999999999999,417881147.2242052,0.2727281234234435,0.07414390189993081
1279,1353,siaya,yombura,kenya,12/7/2009,6,2,3.083178081,1.0,0.065231303,34.28678507,0.05,34.3,-1.9496451020240784,-2.1670268177986145,2.5,0.4,-4.944404482841492,-0.3999999999999999,417881147.2242052,0.2727281234234435,0.07414390189993081
1280,1354,siaya,yombura,kenya,12/7/2009,6,1,2.468544099,0.0,0.065231303,34.28678507,0.05,34.3,-1.9496451020240784,-2.1670268177986145,2.5,0.4,-4.944404482841492,-0.3999999999999999,417881147.2242052,0.2727281234234435,0.07414390189993081
1281,1355,siaya,sinaga,kenya,12/5/2009,2,1,3.03304571,0.0,0.056656404,34.51714114,0.05,34.5,-1.7148576974868774,-1.8643593788146973,2.3333333333333335,0.6,-4.10774830977122,-0.5999999999999999,288730104.9058913,0.25923495623011117,0.5885926075267632
1282,1356,siaya,awello,kenya,12/8/2009,3,4,-1.813001696,1.0,0.065469979,34.28796477,0.05,34.3,-1.9496451020240784,-2.1670268177986145,2.5,0.4,-4.944404482841492,-0.3999999999999999,417881147.2242052,0.2727281234234435,0.07414390189993081
1283,1357,siaya,awello,kenya,12/8/2009,3,2,0.179112963,1.0,0.065469979,34.28796477,0.05,34.3,-1.9496451020240784,-2.1670268177986145,2.5,0.4,-4.944404482841492,-0.3999999999999999,417881147.2242052,0.2727281234234435,0.07414390189993081
1284,1358,siaya,awello,kenya,12/8/2009,3,2,0.506234093,1.0,0.065469979,34.28796477,0.05,34.3,-1.9496451020240784,-2.1670268177986145,2.5,0.4,-4.944404482841492,-0.3999999999999999,417881147.2242052,0.2727281234234435,0.07414390189993081
1285,1359,siaya,awello,kenya,12/8/2009,4,0,0.190226378,,0.065469979,34.28796477,0.05,34.3,-1.9496451020240784,-2.1670268177986145,2.5,0.4,-4.944404482841492,-0.3999999999999999,417881147.2242052,0.2727281234234435,0.07414390189993081
1286,1360,siaya,awello,kenya,12/8/2009,3,0,2.137126981,,0.065469979,34.28796477,0.05,34.3,-1.9496451020240784,-2.1670268177986145,2.5,0.4,-4.944404482841492,-0.3999999999999999,417881147.2242052,0.2727281234234435,0.07414390189993081
1287,1361,siaya,sinaga,kenya,11/5/2009,5,1,3.758082564,1.0,0.056656404,34.51714114,0.05,34.5,-1.7148576974868774,-1.8643593788146973,2.3333333333333335,0.6,-4.10774830977122,-0.5999999999999999,288730104.9058913,0.25923495623011117,0.5885926075267632
1288,1363,siaya,sinaga,kenya,12/5/2009,4,1,-0.395584268,1.0,0.056656404,34.51714114,0.05,34.5,-1.7148576974868774,-1.8643593788146973,2.3333333333333335,0.6,-4.10774830977122,-0.5999999999999999,288730104.9058913,0.25923495623011117,0.5885926075267632
1289,1364,siaya,sinaga,kenya,12/5/2009,8,2,3.1533634,0.0,0.056656404,34.51714114,0.05,34.5,-1.7148576974868774,-1.8643593788146973,2.3333333333333335,0.6,-4.10774830977122,-0.5999999999999999,288730104.9058913,0.25923495623011117,0.5885926075267632
1290,1365,siaya,sinaga,kenya,12/5/2009,2,0,3.15245778,,0.056656404,34.51714114,0.05,34.5,-1.7148576974868774,-1.8643593788146973,2.3333333333333335,0.6,-4.10774830977122,-0.5999999999999999,288730104.9058913,0.25923495623011117,0.5885926075267632
1291,1366,siaya,awello,kenya,12/8/2009,4,1,0.43244248,0.0,0.065469979,34.28796477,0.05,34.3,-1.9496451020240784,-2.1670268177986145,2.5,0.4,-4.944404482841492,-0.3999999999999999,417881147.2242052,0.2727281234234435,0.07414390189993081
1292,1367,siaya,awello,kenya,12/8/2009,3,1,0.813306733,0.0,0.065469979,34.28796477,0.05,34.3,-1.9496451020240784,-2.1670268177986145,2.5,0.4,-4.944404482841492,-0.3999999999999999,417881147.2242052,0.2727281234234435,0.07414390189993081
1293,1368,siaya,awello,kenya,12/9/2009,4,1,-1.775988486,1.0,0.065469979,34.28796477,0.05,34.3,-1.9496451020240784,-2.1670268177986145,2.5,0.4,-4.944404482841492,-0.3999999999999999,417881147.2242052,0.2727281234234435,0.07414390189993081
1294,1369,siaya,ukwala 'b',kenya,12/5/2009,2,1,-0.400560987,1.0,0.196054801,34.18935761,0.2,34.2,-1.9594011902809143,-2.3580609560012817,3.0,0.4,-5.8196961879730225,-0.3999999999999999,384718963.0241868,0.2804948595082066,0.9637693636328841
1295,1370,siaya,ukwala 'b',kenya,12/9/2009,3,1,0.350309686,1.0,0.196054801,34.18935761,0.2,34.2,-1.9594011902809143,-2.3580609560012817,3.0,0.4,-5.8196961879730225,-0.3999999999999999,384718963.0241868,0.2804948595082066,0.9637693636328841
1296,1371,siaya,awello,kenya,12/8/2009,4,2,0.418691887,1.0,0.065469979,34.28796477,0.05,34.3,-1.9496451020240784,-2.1670268177986145,2.5,0.4,-4.944404482841492,-0.3999999999999999,417881147.2242052,0.2727281234234435,0.07414390189993081
1297,1372,siaya,awello,kenya,12/8/2009,5,1,1.272944417,1.0,0.065469979,34.28796477,0.05,34.3,-1.9496451020240784,-2.1670268177986145,2.5,0.4,-4.944404482841492,-0.3999999999999999,417881147.2242052,0.2727281234234435,0.07414390189993081
1298,1373,siaya,awello,kenya,12/8/2009,4,0,3.687897245,,0.065469979,34.28796477,0.05,34.3,-1.9496451020240784,-2.1670268177986145,2.5,0.4,-4.944404482841492,-0.3999999999999999,417881147.2242052,0.2727281234234435,0.07414390189993081
1299,1374,siaya,awello,kenya,12/8/2009,6,0,3.43848129,,0.065469979,34.28796477,0.05,34.3,-1.9496451020240784,-2.1670268177986145,2.5,0.4,-4.944404482841492,-0.3999999999999999,417881147.2242052,0.2727281234234435,0.07414390189993081
1300,1375,siaya,awello,kenya,12/18/2009,6,0,0.737542835,,0.065469979,34.28796477,0.05,34.3,-1.9496451020240784,-2.1670268177986145,2.5,0.4,-4.944404482841492,-0.3999999999999999,417881147.2242052,0.2727281234234435,0.07414390189993081
1301,1376,siaya,ukwala 'b',kenya,12/9/2009,3,0,1.874323598,,0.196054801,34.18935761,0.2,34.2,-1.9594011902809143,-2.3580609560012817,3.0,0.4,-5.8196961879730225,-0.3999999999999999,384718963.0241868,0.2804948595082066,0.9637693636328841
1302,1377,siaya,ukwala 'b',kenya,12/9/2009,3,0,3.083178081,,0.196054801,34.18935761,0.2,34.2,-1.9594011902809143,-2.3580609560012817,3.0,0.4,-5.8196961879730225,-0.3999999999999999,384718963.0241868,0.2804948595082066,0.9637693636328841
1303,1378,siaya,ukwala 'b',kenya,12/9/2009,10,0,1.323076787,,0.196054801,34.18935761,0.2,34.2,-1.9594011902809143,-2.3580609560012817,3.0,0.4,-5.8196961879730225,-0.3999999999999999,384718963.0241868,0.2804948595082066,0.9637693636328841
1304,1379,siaya,uhanya,kenya,12/7/2009,5,1,1.245477293,0.0,0.065231303,34.28678507,0.05,34.3,-1.9496451020240784,-2.1670268177986145,2.5,0.4,-4.944404482841492,-0.3999999999999999,417881147.2242052,0.2727281234234435,0.07414390189993081
1305,1380,siaya,uhanya,kenya,12/7/2009,4,0,3.62864402,,0.065231303,34.28678507,0.05,34.3,-1.9496451020240784,-2.1670268177986145,2.5,0.4,-4.944404482841492,-0.3999999999999999,417881147.2242052,0.2727281234234435,0.07414390189993081
1306,1381,siaya,uhanya,kenya,12/7/2009,2,0,0.830455368,,0.065231303,34.28678507,0.05,34.3,-1.9496451020240784,-2.1670268177986145,2.5,0.4,-4.944404482841492,-0.3999999999999999,417881147.2242052,0.2727281234234435,0.07414390189993081
1307,1382,siaya,uhanya,kenya,12/7/2009,4,0,0.739117427,,0.065231303,34.28678507,0.05,34.3,-1.9496451020240784,-2.1670268177986145,2.5,0.4,-4.944404482841492,-0.3999999999999999,417881147.2242052,0.2727281234234435,0.07414390189993081
1308,1383,siaya,uhanya,kenya,12/7/2009,4,0,3.728003141,,0.065231303,34.28678507,0.05,34.3,-1.9496451020240784,-2.1670268177986145,2.5,0.4,-4.944404482841492,-0.3999999999999999,417881147.2242052,0.2727281234234435,0.07414390189993081
1309,1384,siaya,ukwala 'b',kenya,12/9/2009,5,1,3.192563676,1.0,0.196054801,34.18935761,0.2,34.2,-1.9594011902809143,-2.3580609560012817,3.0,0.4,-5.8196961879730225,-0.3999999999999999,384718963.0241868,0.2804948595082066,0.9637693636328841
1310,1385,siaya,ukwala 'b',kenya,12/9/2009,4,1,-0.380508039,1.0,0.196054801,34.18935761,0.2,34.2,-1.9594011902809143,-2.3580609560012817,3.0,0.4,-5.8196961879730225,-0.3999999999999999,384718963.0241868,0.2804948595082066,0.9637693636328841
1311,1386,siaya,ukwala 'b',kenya,12/9/2009,4,2,-1.099190365,1.0,0.196054801,34.18935761,0.2,34.2,-1.9594011902809143,-2.3580609560012817,3.0,0.4,-5.8196961879730225,-0.3999999999999999,384718963.0241868,0.2804948595082066,0.9637693636328841
1312,1387,siaya,ukwala 'b',kenya,12/9/2009,3,1,3.053098658,1.0,0.196054801,34.18935761,0.2,34.2,-1.9594011902809143,-2.3580609560012817,3.0,0.4,-5.8196961879730225,-0.3999999999999999,384718963.0241868,0.2804948595082066,0.9637693636328841
1313,1388,siaya,ukwala 'b',kenya,12/9/2009,3,1,0.528793659,1.0,0.196054801,34.18935761,0.2,34.2,-1.9594011902809143,-2.3580609560012817,3.0,0.4,-5.8196961879730225,-0.3999999999999999,384718963.0241868,0.2804948595082066,0.9637693636328841
1314,1389,siaya,ukwala 'b',kenya,12/9/2009,2,1,2.748532636,1.0,0.196054801,34.18935761,0.2,34.2,-1.9594011902809143,-2.3580609560012817,3.0,0.4,-5.8196961879730225,-0.3999999999999999,384718963.0241868,0.2804948595082066,0.9637693636328841
1315,1390,siaya,ukwala 'b',kenya,12/9/2009,4,1,-1.139296261,1.0,0.196054801,34.18935761,0.2,34.2,-1.9594011902809143,-2.3580609560012817,3.0,0.4,-5.8196961879730225,-0.3999999999999999,384718963.0241868,0.2804948595082066,0.9637693636328841
1316,1391,siaya,ukwala 'b',kenya,12/9/2009,3,1,3.268932391,1.0,0.196054801,34.18935761,0.2,34.2,-1.9594011902809143,-2.3580609560012817,3.0,0.4,-5.8196961879730225,-0.3999999999999999,384718963.0241868,0.2804948595082066,0.9637693636328841
1317,1392,siaya,ukwala 'b',kenya,12/9/2009,3,1,-1.707138788,1.0,0.196054801,34.18935761,0.2,34.2,-1.9594011902809143,-2.3580609560012817,3.0,0.4,-5.8196961879730225,-0.3999999999999999,384718963.0241868,0.2804948595082066,0.9637693636328841
1318,1393,siaya,sinaga,kenya,12/5/2009,2,4,-0.698679877,1.0,0.056656404,34.51714114,0.05,34.5,-1.7148576974868774,-1.8643593788146973,2.3333333333333335,0.6,-4.10774830977122,-0.5999999999999999,288730104.9058913,0.25923495623011117,0.5885926075267632
1319,1394,siaya,sinaga,kenya,12/5/2009,4,2,3.172510728,1.0,0.056656404,34.51714114,0.05,34.5,-1.7148576974868774,-1.8643593788146973,2.3333333333333335,0.6,-4.10774830977122,-0.5999999999999999,288730104.9058913,0.25923495623011117,0.5885926075267632
1320,1395,siaya,sinaga,kenya,12/5/2009,4,2,-1.836465675,1.0,0.056656404,34.51714114,0.05,34.5,-1.7148576974868774,-1.8643593788146973,2.3333333333333335,0.6,-4.10774830977122,-0.5999999999999999,288730104.9058913,0.25923495623011117,0.5885926075267632
1321,1396,siaya,sinaga,kenya,12/5/2009,4,3,-0.276786066,1.0,0.056656404,34.51714114,0.05,34.5,-1.7148576974868774,-1.8643593788146973,2.3333333333333335,0.6,-4.10774830977122,-0.5999999999999999,288730104.9058913,0.25923495623011117,0.5885926075267632
1322,1397,siaya,sinaga,kenya,12/5/2009,3,2,0.828346444,0.0,0.056656404,34.51714114,0.05,34.5,-1.7148576974868774,-1.8643593788146973,2.3333333333333335,0.6,-4.10774830977122,-0.5999999999999999,288730104.9058913,0.25923495623011117,0.5885926075267632
1323,1398,siaya,sinaga,kenya,12/5/2009,2,6,0.050081872,1.0,0.056656404,34.51714114,0.05,34.5,-1.7148576974868774,-1.8643593788146973,2.3333333333333335,0.6,-4.10774830977122,-0.5999999999999999,288730104.9058913,0.25923495623011117,0.5885926075267632
1324,1399,siaya,sinaga,kenya,12/5/2009,11,1,0.239102662,1.0,0.056656404,34.51714114,0.05,34.5,-1.7148576974868774,-1.8643593788146973,2.3333333333333335,0.6,-4.10774830977122,-0.5999999999999999,288730104.9058913,0.25923495623011117,0.5885926075267632
1325,1400,siaya,sinaga,kenya,12/5/2009,5,1,0.850508317,1.0,0.056656404,34.51714114,0.05,34.5,-1.7148576974868774,-1.8643593788146973,2.3333333333333335,0.6,-4.10774830977122,-0.5999999999999999,288730104.9058913,0.25923495623011117,0.5885926075267632
1326,1401,siaya,sinaga,kenya,12/5/2009,5,1,-0.428098987,0.0,0.056656404,34.51714114,0.05,34.5,-1.7148576974868774,-1.8643593788146973,2.3333333333333335,0.6,-4.10774830977122,-0.5999999999999999,288730104.9058913,0.25923495623011117,0.5885926075267632
1327,1402,siaya,sinaga,kenya,12/5/2009,4,3,0.334792387,1.0,0.056656404,34.51714114,0.05,34.5,-1.7148576974868774,-1.8643593788146973,2.3333333333333335,0.6,-4.10774830977122,-0.5999999999999999,288730104.9058913,0.25923495623011117,0.5885926075267632
1328,1403,siaya,sinaga,kenya,12/5/2009,6,1,3.113257503,1.0,0.056656404,34.51714114,0.05,34.5,-1.7148576974868774,-1.8643593788146973,2.3333333333333335,0.6,-4.10774830977122,-0.5999999999999999,288730104.9058913,0.25923495623011117,0.5885926075267632
1329,1404,siaya,sinaga,kenya,12/5/2009,5,1,0.08961117,1.0,0.056656404,34.51714114,0.05,34.5,-1.7148576974868774,-1.8643593788146973,2.3333333333333335,0.6,-4.10774830977122,-0.5999999999999999,288730104.9058913,0.25923495623011117,0.5885926075267632
1330,1405,siaya,sinaga,kenya,12/5/2009,3,2,3.598564598,1.0,0.056656404,34.51714114,0.05,34.5,-1.7148576974868774,-1.8643593788146973,2.3333333333333335,0.6,-4.10774830977122,-0.5999999999999999,288730104.9058913,0.25923495623011117,0.5885926075267632
1331,1406,siaya,ukwala 'b',kenya,12/9/2009,4,4,-2.333804539,1.0,0.196054801,34.18935761,0.2,34.2,-1.9594011902809143,-2.3580609560012817,3.0,0.4,-5.8196961879730225,-0.3999999999999999,384718963.0241868,0.2804948595082066,0.9637693636328841
1332,1407,siaya,ukwala 'b',kenya,12/9/2009,3,0,2.489069236,,0.196054801,34.18935761,0.2,34.2,-1.9594011902809143,-2.3580609560012817,3.0,0.4,-5.8196961879730225,-0.3999999999999999,384718963.0241868,0.2804948595082066,0.9637693636328841
1333,1408,lugari,township,kenya,11/25/2009,2,2,-1.245996333,1.0,0.6475208,34.87395182,0.65,34.85,-1.6337840954462688,-1.7064898411432903,1.3333333333333333,0.6,-2.2171687682469687,-0.5999999999999999,273031614.4678259,0.22513762624009842,0.6128025380498251
1334,1409,lugari,township,kenya,11/24/2009,5,0,2.406600344,,0.6475208,34.87395182,0.65,34.85,-1.6337840954462688,-1.7064898411432903,1.3333333333333333,0.6,-2.2171687682469687,-0.5999999999999999,273031614.4678259,0.22513762624009842,0.6128025380498251
1335,1410,lugari,muyunchi,kenya,11/27/2009,1,1,3.528379279,1.0,0.651269818,34.87616289,0.65,34.9,-1.6221684217453003,-1.6974429686864216,1.3333333333333333,0.6,-2.20953377087911,-0.5999999999999999,273031614.4678259,0.22637249126432163,0.6409339815678713
1336,1411,lugari,mlimani,kenya,11/27/2009,9,2,1.181210831,0.0,0.651451675,34.87612009,0.65,34.9,-1.6221684217453003,-1.6974429686864216,1.3333333333333333,0.6,-2.20953377087911,-0.5999999999999999,273031614.4678259,0.22637249126432163,0.6409339815678713
1337,1412,lugari,muyunchi,kenya,11/27/2009,10,1,3.07888102,0.0,0.651269818,34.87616289,0.65,34.9,-1.6221684217453003,-1.6974429686864216,1.3333333333333333,0.6,-2.20953377087911,-0.5999999999999999,273031614.4678259,0.22637249126432163,0.6409339815678713
1338,1413,lugari,township,kenya,11/24/2009,7,2,1.349164956,1.0,0.6475208,34.87395182,0.65,34.85,-1.6337840954462688,-1.7064898411432903,1.3333333333333333,0.6,-2.2171687682469687,-0.5999999999999999,273031614.4678259,0.22513762624009842,0.6128025380498251
1339,1414,lugari,mlimani,kenya,11/26/2009,3,2,1.465820932,1.0,0.651451675,34.87612009,0.65,34.9,-1.6221684217453003,-1.6974429686864216,1.3333333333333333,0.6,-2.20953377087911,-0.5999999999999999,273031614.4678259,0.22637249126432163,0.6409339815678713
1340,1415,lugari,mlimani,kenya,11/27/2009,3,1,1.068412997,1.0,0.651451675,34.87612009,0.65,34.9,-1.6221684217453003,-1.6974429686864216,1.3333333333333333,0.6,-2.20953377087911,-0.5999999999999999,273031614.4678259,0.22637249126432163,0.6409339815678713
1341,1416,kilifi,kiwandani,kenya,12/7/2009,5,1,-0.873953708,0.0,-3.609861016,39.8623924,-3.6,39.85,-1.7379088401794434,-1.7438273429870605,3.0,0.2,-5.21372652053833,-0.19999999999999984,117950.37992409333,0.22156958323640427,-0.6468295871418919
1342,1417,kilifi,kiwandani,kenya,12/7/2009,4,2,-2.853524706,1.0,-3.609861016,39.8623924,-3.6,39.85,-1.7379088401794434,-1.7438273429870605,3.0,0.2,-5.21372652053833,-0.19999999999999984,117950.37992409333,0.22156958323640427,-0.6468295871418919
1343,1418,kilifi,kiwandani,kenya,12/7/2009,6,1,-1.311452071,1.0,-3.609861016,39.8623924,-3.6,39.85,-1.7379088401794434,-1.7438273429870605,3.0,0.2,-5.21372652053833,-0.19999999999999984,117950.37992409333,0.22156958323640427,-0.6468295871418919
1344,1419,kilifi,kiwandani,kenya,12/7/2009,1,1,-2.88661207,1.0,-3.609861016,39.8623924,-3.6,39.85,-1.7379088401794434,-1.7438273429870605,3.0,0.2,-5.21372652053833,-0.19999999999999984,117950.37992409333,0.22156958323640427,-0.6468295871418919
1345,1420,kilifi,kiwandani,kenya,12/7/2009,3,1,-3.501246051,1.0,-3.609861016,39.8623924,-3.6,39.85,-1.7379088401794434,-1.7438273429870605,3.0,0.2,-5.21372652053833,-0.19999999999999984,117950.37992409333,0.22156958323640427,-0.6468295871418919
1346,1421,kilifi,kiwandani,kenya,12/7/2009,2,1,1.085959327,1.0,-3.609861016,39.8623924,-3.6,39.85,-1.7379088401794434,-1.7438273429870605,3.0,0.2,-5.21372652053833,-0.19999999999999984,117950.37992409333,0.22156958323640427,-0.6468295871418919
1347,1422,kilifi,kiwandani,kenya,12/7/2009,6,1,-3.069957919,0.0,-3.609861016,39.8623924,-3.6,39.85,-1.7379088401794434,-1.7438273429870605,3.0,0.2,-5.21372652053833,-0.19999999999999984,117950.37992409333,0.22156958323640427,-0.6468295871418919
1348,1423,kilifi,kiwandani,kenya,12/7/2009,3,1,-0.731759388,1.0,-3.609861016,39.8623924,-3.6,39.85,-1.7379088401794434,-1.7438273429870605,3.0,0.2,-5.21372652053833,-0.19999999999999984,117950.37992409333,0.22156958323640427,-0.6468295871418919
1349,1424,kilifi,kiwandani,kenya,12/7/2009,3,1,2.03776786,0.0,-3.609861016,39.8623924,-3.6,39.85,-1.7379088401794434,-1.7438273429870605,3.0,0.2,-5.21372652053833,-0.19999999999999984,117950.37992409333,0.22156958323640427,-0.6468295871418919
1350,1425,kilifi,kiwandani,kenya,12/9/2009,4,1,-2.78251639,0.0,-3.609861016,39.8623924,-3.6,39.85,-1.7379088401794434,-1.7438273429870605,3.0,0.2,-5.21372652053833,-0.19999999999999984,117950.37992409333,0.22156958323640427,-0.6468295871418919
1351,1426,kilifi,kiwandani,kenya,12/6/2009,3,1,-0.345822092,1.0,-3.609861016,39.8623924,-3.6,39.85,-1.7379088401794434,-1.7438273429870605,3.0,0.2,-5.21372652053833,-0.19999999999999984,117950.37992409333,0.22156958323640427,-0.6468295871418919
1352,1427,kilifi,kiwandani,kenya,12/7/2009,6,1,-1.98288266,1.0,-3.609861016,39.8623924,-3.6,39.85,-1.7379088401794434,-1.7438273429870605,3.0,0.2,-5.21372652053833,-0.19999999999999984,117950.37992409333,0.22156958323640427,-0.6468295871418919
1353,1428,kilifi,kiwandani,kenya,12/7/2009,4,0,-2.223518039,1.0,-3.609861016,39.8623924,-3.6,39.85,-1.7379088401794434,-1.7438273429870605,3.0,0.2,-5.21372652053833,-0.19999999999999984,117950.37992409333,0.22156958323640427,-0.6468295871418919
1354,1429,kilifi,kiwandani,kenya,12/7/2009,3,1,-2.721175247,1.0,-3.609861016,39.8623924,-3.6,39.85,-1.7379088401794434,-1.7438273429870605,3.0,0.2,-5.21372652053833,-0.19999999999999984,117950.37992409333,0.22156958323640427,-0.6468295871418919
1355,1430,kilifi,kiwandani,kenya,12/7/2009,5,0,-2.331799244,,-3.609861016,39.8623924,-3.6,39.85,-1.7379088401794434,-1.7438273429870605,3.0,0.2,-5.21372652053833,-0.19999999999999984,117950.37992409333,0.22156958323640427,-0.6468295871418919
1356,1431,kilifi,kiwandani,kenya,12/7/2009,5,0,-3.087146161,,-3.609861016,39.8623924,-3.6,39.85,-1.7379088401794434,-1.7438273429870605,3.0,0.2,-5.21372652053833,-0.19999999999999984,117950.37992409333,0.22156958323640427,-0.6468295871418919
1357,1432,kilifi,kiwandani,kenya,12/6/2009,5,0,0.654671195,,-3.609861016,39.8623924,-3.6,39.85,-1.7379088401794434,-1.7438273429870605,3.0,0.2,-5.21372652053833,-0.19999999999999984,117950.37992409333,0.22156958323640427,-0.6468295871418919
1358,1433,kilifi,kiwandani,kenya,12/7/2009,6,0,0.429434538,,-3.609861016,39.8623924,-3.6,39.85,-1.7379088401794434,-1.7438273429870605,3.0,0.2,-5.21372652053833,-0.19999999999999984,117950.37992409333,0.22156958323640427,-0.6468295871418919
1359,1435,kilifi,kiwandani,kenya,12/6/2009,8,0,0.444474249,,-3.609861016,39.8623924,-3.6,39.85,-1.7379088401794434,-1.7438273429870605,3.0,0.2,-5.21372652053833,-0.19999999999999984,117950.37992409333,0.22156958323640427,-0.6468295871418919
1360,1436,kilifi,kiwandani,kenya,12/7/2009,4,0,-3.100037342,,-3.609861016,39.8623924,-3.6,39.85,-1.7379088401794434,-1.7438273429870605,3.0,0.2,-5.21372652053833,-0.19999999999999984,117950.37992409333,0.22156958323640427,-0.6468295871418919
1361,1437,lugari,township,kenya,11/26/2009,5,1,0.434447775,1.0,0.6475208,34.87395182,0.65,34.85,-1.6337840954462688,-1.7064898411432903,1.3333333333333333,0.6,-2.2171687682469687,-0.5999999999999999,273031614.4678259,0.22513762624009842,0.6128025380498251
1362,1438,lugari,township,kenya,11/26/2009,3,1,2.007688438,1.0,0.6475208,34.87395182,0.65,34.85,-1.6337840954462688,-1.7064898411432903,1.3333333333333333,0.6,-2.2171687682469687,-0.5999999999999999,273031614.4678259,0.22513762624009842,0.6128025380498251
1363,1439,lugari,mwamba,kenya,11/26/2009,4,3,2.027741386,1.0,0.633755504,35.0218391,0.65,35.0,-1.6908513605594635,-1.7484560310840607,1.25,1.0,-2.156077414751053,-0.6,260866075.8288907,0.23569399805259844,0.2822764368731514
1364,1440,lugari,mwamba,kenya,11/26/2009,2,0,2.649173515,,0.633755504,35.0218391,0.65,35.0,-1.6908513605594635,-1.7484560310840607,1.25,1.0,-2.156077414751053,-0.6,260866075.8288907,0.23569399805259844,0.2822764368731514
1365,1441,lugari,mwamba,kenya,11/26/2009,2,1,3.184612981,0.0,0.633755504,35.0218391,0.65,35.0,-1.6908513605594635,-1.7484560310840607,1.25,1.0,-2.156077414751053,-0.6,260866075.8288907,0.23569399805259844,0.2822764368731514
1366,1442,lugari,township,kenya,11/25/2009,10,1,0.816602081,0.0,0.6475208,34.87395182,0.65,34.85,-1.6337840954462688,-1.7064898411432903,1.3333333333333333,0.6,-2.2171687682469687,-0.5999999999999999,273031614.4678259,0.22513762624009842,0.6128025380498251
1367,1443,lugari,township,kenya,11/25/2009,2,4,-1.068192046,1.0,0.6475208,34.87395182,0.65,34.85,-1.6337840954462688,-1.7064898411432903,1.3333333333333333,0.6,-2.2171687682469687,-0.5999999999999999,273031614.4678259,0.22513762624009842,0.6128025380498251
1368,1444,kilifi,kisumu  ndogo,kenya,11/7/2009,3,1,-2.03033079,1.0,-1.253957244,36.88794055,-1.25,36.9,-1.7591270009676616,-1.7819124857584636,1.5,0.8,-2.7071780363718667,-0.29999999999999993,334661383.914048,0.19635583447905752,-1.1166820352534093
1369,1445,kilifi,kisumu  ndogo,kenya,12/7/2009,5,2,-2.518958748,1.0,-1.253957244,36.88794055,-1.25,36.9,-1.7591270009676616,-1.7819124857584636,1.5,0.8,-2.7071780363718667,-0.29999999999999993,334661383.914048,0.19635583447905752,-1.1166820352534093
1370,1446,kilifi,kisumu  ndogo,kenya,12/7/2009,1,1,-3.526312237,0.0,-1.253957244,36.88794055,-1.25,36.9,-1.7591270009676616,-1.7819124857584636,1.5,0.8,-2.7071780363718667,-0.29999999999999993,334661383.914048,0.19635583447905752,-1.1166820352534093
1371,1447,kilifi,kisumu  ndogo,kenya,12/7/2009,4,2,-0.01945734,1.0,-1.253957244,36.88794055,-1.25,36.9,-1.7591270009676616,-1.7819124857584636,1.5,0.8,-2.7071780363718667,-0.29999999999999993,334661383.914048,0.19635583447905752,-1.1166820352534093
1372,1448,kilifi,kisumu  ndogo,kenya,12/7/2009,3,1,0.297986305,0.0,-1.253957244,36.88794055,-1.25,36.9,-1.7591270009676616,-1.7819124857584636,1.5,0.8,-2.7071780363718667,-0.29999999999999993,334661383.914048,0.19635583447905752,-1.1166820352534093
1373,1449,kilifi,kisumu  ndogo,kenya,12/7/2009,1,1,-3.208791285,1.0,-1.253957244,36.88794055,-1.25,36.9,-1.7591270009676616,-1.7819124857584636,1.5,0.8,-2.7071780363718667,-0.29999999999999993,334661383.914048,0.19635583447905752,-1.1166820352534093
1374,1450,kilifi,kisumu  ndogo,kenya,12/7/2009,5,1,-1.54517793,0.0,-1.253957244,36.88794055,-1.25,36.9,-1.7591270009676616,-1.7819124857584636,1.5,0.8,-2.7071780363718667,-0.29999999999999993,334661383.914048,0.19635583447905752,-1.1166820352534093
1375,1451,kilifi,kisumu  ndogo,kenya,12/7/2009,4,1,2.282492123,1.0,-1.253957244,36.88794055,-1.25,36.9,-1.7591270009676616,-1.7819124857584636,1.5,0.8,-2.7071780363718667,-0.29999999999999993,334661383.914048,0.19635583447905752,-1.1166820352534093
1376,1452,kilifi,kisumu  ndogo,kenya,12/7/2009,2,1,-0.385064634,0.0,-1.253957244,36.88794055,-1.25,36.9,-1.7591270009676616,-1.7819124857584636,1.5,0.8,-2.7071780363718667,-0.29999999999999993,334661383.914048,0.19635583447905752,-1.1166820352534093
1377,1453,kilifi,kisumu  ndogo,kenya,12/7/2009,2,1,1.423439159,1.0,-1.253957244,36.88794055,-1.25,36.9,-1.7591270009676616,-1.7819124857584636,1.5,0.8,-2.7071780363718667,-0.29999999999999993,334661383.914048,0.19635583447905752,-1.1166820352534093
1378,1454,kilifi,kisumu  ndogo,kenya,12/9/2009,2,0,-2.123387209,,-1.253957244,36.88794055,-1.25,36.9,-1.7591270009676616,-1.7819124857584636,1.5,0.8,-2.7071780363718667,-0.29999999999999993,334661383.914048,0.19635583447905752,-1.1166820352534093
1379,1455,kilifi,kisumu  ndogo,kenya,12/7/2009,2,0,-2.266832224,,-1.253957244,36.88794055,-1.25,36.9,-1.7591270009676616,-1.7819124857584636,1.5,0.8,-2.7071780363718667,-0.29999999999999993,334661383.914048,0.19635583447905752,-1.1166820352534093
1380,1456,kilifi,kisumu  ndogo,kenya,12/7/2009,1,0,-0.445223479,,-1.253957244,36.88794055,-1.25,36.9,-1.7591270009676616,-1.7819124857584636,1.5,0.8,-2.7071780363718667,-0.29999999999999993,334661383.914048,0.19635583447905752,-1.1166820352534093
1381,1457,kilifi,kisumu  ndogo,kenya,12/7/2009,2,0,0.632574247,,-1.253957244,36.88794055,-1.25,36.9,-1.7591270009676616,-1.7819124857584636,1.5,0.8,-2.7071780363718667,-0.29999999999999993,334661383.914048,0.19635583447905752,-1.1166820352534093
1382,1458,kilifi,kisumu  ndogo,kenya,12/9/2009,1,0,-0.445223479,,-1.253957244,36.88794055,-1.25,36.9,-1.7591270009676616,-1.7819124857584636,1.5,0.8,-2.7071780363718667,-0.29999999999999993,334661383.914048,0.19635583447905752,-1.1166820352534093
1383,1459,kilifi,kisumu  ndogo,kenya,12/7/2009,3,0,-3.115878049,,-1.253957244,36.88794055,-1.25,36.9,-1.7591270009676616,-1.7819124857584636,1.5,0.8,-2.7071780363718667,-0.29999999999999993,334661383.914048,0.19635583447905752,-1.1166820352534093
1384,1460,kilifi,kisumu  ndogo,kenya,12/7/2009,1,0,-1.154354706,,-1.253957244,36.88794055,-1.25,36.9,-1.7591270009676616,-1.7819124857584636,1.5,0.8,-2.7071780363718667,-0.29999999999999993,334661383.914048,0.19635583447905752,-1.1166820352534093
1385,1461,kilifi,kisumu  ndogo,kenya,12/7/2009,1,0,-1.077557567,,-1.253957244,36.88794055,-1.25,36.9,-1.7591270009676616,-1.7819124857584636,1.5,0.8,-2.7071780363718667,-0.29999999999999993,334661383.914048,0.19635583447905752,-1.1166820352534093
1386,1462,kilifi,kisumu  ndogo,kenya,12/9/2009,1,0,-1.506185304,,-1.253957244,36.88794055,-1.25,36.9,-1.7591270009676616,-1.7819124857584636,1.5,0.8,-2.7071780363718667,-0.29999999999999993,334661383.914048,0.19635583447905752,-1.1166820352534093
1387,1463,kilifi,kisumu  ndogo,kenya,12/7/2009,2,0,-3.67636907,,-1.253957244,36.88794055,-1.25,36.9,-1.7591270009676616,-1.7819124857584636,1.5,0.8,-2.7071780363718667,-0.29999999999999993,334661383.914048,0.19635583447905752,-1.1166820352534093
1388,1464,kilifi,kisumu  ndogo,kenya,12/7/2009,1,0,-0.122736625,,-1.253957244,36.88794055,-1.25,36.9,-1.7591270009676616,-1.7819124857584636,1.5,0.8,-2.7071780363718667,-0.29999999999999993,334661383.914048,0.19635583447905752,-1.1166820352534093
1389,1465,nairobi,loresho,kenya,11/20/2009,5,2,-3.512943605,1.0,-1.253745825,36.75036738,-1.25,36.75,-1.709973305463791,-1.82805597782135,2.75,0.6,-4.729718416929245,0.06666666666666665,326143344.6789755,0.2191704428026071,-0.93455529535761
1390,1466,nairobi,loresho,kenya,11/20/2009,2,1,-3.522301647,0.0,-1.253745825,36.75036738,-1.25,36.75,-1.709973305463791,-1.82805597782135,2.75,0.6,-4.729718416929245,0.06666666666666665,326143344.6789755,0.2191704428026071,-0.93455529535761
1391,1467,nairobi,loresho,kenya,11/23/2009,3,2,-3.510269878,1.0,-1.253745825,36.75036738,-1.25,36.75,-1.709973305463791,-1.82805597782135,2.75,0.6,-4.729718416929245,0.06666666666666665,326143344.6789755,0.2191704428026071,-0.93455529535761
1392,1468,nairobi,loresho,kenya,11/20/2009,2,2,-2.964485594,1.0,-1.253745825,36.75036738,-1.25,36.75,-1.709973305463791,-1.82805597782135,2.75,0.6,-4.729718416929245,0.06666666666666665,326143344.6789755,0.2191704428026071,-0.93455529535761
1393,1469,nairobi,loresho,kenya,11/23/2009,3,1,-3.00067822,0.0,-1.253745825,36.75036738,-1.25,36.75,-1.709973305463791,-1.82805597782135,2.75,0.6,-4.729718416929245,0.06666666666666665,326143344.6789755,0.2191704428026071,-0.93455529535761
1394,1470,nairobi,loresho,kenya,11/23/2009,5,1,-3.396873693,0.0,-1.253745825,36.75036738,-1.25,36.75,-1.709973305463791,-1.82805597782135,2.75,0.6,-4.729718416929245,0.06666666666666665,326143344.6789755,0.2191704428026071,-0.93455529535761
1395,1471,nairobi,kibarage,kenya,11/20/2009,3,1,-1.562102667,0.0,-1.250681394,36.75244144,-1.25,36.75,-1.709973305463791,-1.82805597782135,2.75,0.6,-4.729718416929245,0.06666666666666665,326143344.6789755,0.2191704428026071,-0.93455529535761
1396,1472,lugari,mlimani,kenya,11/26/2009,5,4,1.328496194,1.0,0.651451675,34.87612009,0.65,34.9,-1.6221684217453003,-1.6974429686864216,1.3333333333333333,0.6,-2.20953377087911,-0.5999999999999999,273031614.4678259,0.22637249126432163,0.6409339815678713
1397,1473,lugari,township,kenya,11/26/2009,3,0,3.083178081,,0.6475208,34.87395182,0.65,34.85,-1.6337840954462688,-1.7064898411432903,1.3333333333333333,0.6,-2.2171687682469687,-0.5999999999999999,273031614.4678259,0.22513762624009842,0.6128025380498251
1398,1474,lugari,township,kenya,11/26/2009,5,1,0.843386155,1.0,0.6475208,34.87395182,0.65,34.85,-1.6337840954462688,-1.7064898411432903,1.3333333333333333,0.6,-2.2171687682469687,-0.5999999999999999,273031614.4678259,0.22513762624009842,0.6128025380498251
1399,1475,lugari,mlimani,kenya,11/26/2009,7,1,2.186358191,1.0,0.651451675,34.87612009,0.65,34.9,-1.6221684217453003,-1.6974429686864216,1.3333333333333333,0.6,-2.20953377087911,-0.5999999999999999,273031614.4678259,0.22637249126432163,0.6409339815678713
1400,1476,lugari,township,kenya,11/24/2009,6,2,0.819752323,0.0,0.6475208,34.87395182,0.65,34.85,-1.6337840954462688,-1.7064898411432903,1.3333333333333333,0.6,-2.2171687682469687,-0.5999999999999999,273031614.4678259,0.22513762624009842,0.6128025380498251
1401,1477,lugari,township,kenya,11/24/2009,3,0,2.699305886,,0.6475208,34.87395182,0.65,34.85,-1.6337840954462688,-1.7064898411432903,1.3333333333333333,0.6,-2.2171687682469687,-0.5999999999999999,273031614.4678259,0.22513762624009842,0.6128025380498251
1402,1478,lugari,township,kenya,11/24/2009,5,0,2.418904888,,0.6475208,34.87395182,0.65,34.85,-1.6337840954462688,-1.7064898411432903,1.3333333333333333,0.6,-2.2171687682469687,-0.5999999999999999,273031614.4678259,0.22513762624009842,0.6128025380498251
1403,1479,lugari,township,kenya,11/24/2009,5,0,2.52599368,,0.6475208,34.87395182,0.65,34.85,-1.6337840954462688,-1.7064898411432903,1.3333333333333333,0.6,-2.2171687682469687,-0.5999999999999999,273031614.4678259,0.22513762624009842,0.6128025380498251
1404,1480,lugari,township,kenya,11/24/2009,10,2,2.659540268,1.0,0.6475208,34.87395182,0.65,34.85,-1.6337840954462688,-1.7064898411432903,1.3333333333333333,0.6,-2.2171687682469687,-0.5999999999999999,273031614.4678259,0.22513762624009842,0.6128025380498251
1405,1481,lugari,township,kenya,11/24/2009,3,5,2.403865177,1.0,0.6475208,34.87395182,0.65,34.85,-1.6337840954462688,-1.7064898411432903,1.3333333333333333,0.6,-2.2171687682469687,-0.5999999999999999,273031614.4678259,0.22513762624009842,0.6128025380498251
1406,1482,lugari,township,kenya,11/24/2009,5,0,1.946964251,,0.6475208,34.87395182,0.65,34.85,-1.6337840954462688,-1.7064898411432903,1.3333333333333333,0.6,-2.2171687682469687,-0.5999999999999999,273031614.4678259,0.22513762624009842,0.6128025380498251
1407,1483,lugari,township,kenya,11/25/2009,3,7,1.106012275,0.0,0.6475208,34.87395182,0.65,34.85,-1.6337840954462688,-1.7064898411432903,1.3333333333333333,0.6,-2.2171687682469687,-0.5999999999999999,273031614.4678259,0.22513762624009842,0.6128025380498251
1408,1484,lugari,township,kenya,11/24/2009,5,1,2.342650968,0.0,0.6475208,34.87395182,0.65,34.85,-1.6337840954462688,-1.7064898411432903,1.3333333333333333,0.6,-2.2171687682469687,-0.5999999999999999,273031614.4678259,0.22513762624009842,0.6128025380498251
1409,1485,lugari,township,kenya,11/26/2009,8,1,2.067847282,1.0,0.6475208,34.87395182,0.65,34.85,-1.6337840954462688,-1.7064898411432903,1.3333333333333333,0.6,-2.2171687682469687,-0.5999999999999999,273031614.4678259,0.22513762624009842,0.6128025380498251
1410,1486,kilifi,mtondia,kenya,12/7/2009,1,1,-3.48620634,1.0,-3.575678316,39.86724913,-3.6,39.85,-1.7379088401794434,-1.7438273429870605,3.0,0.2,-5.21372652053833,-0.19999999999999984,117950.37992409333,0.22156958323640427,-0.6468295871418919
1411,1487,kilifi,mtondia,kenya,12/7/2009,1,0,-1.751224681,1.0,-3.575678316,39.86724913,-3.6,39.85,-1.7379088401794434,-1.7438273429870605,3.0,0.2,-5.21372652053833,-0.19999999999999984,117950.37992409333,0.22156958323640427,-0.6468295871418919
1412,1489,kilifi,mtondia,kenya,12/12/2009,1,0,-3.365398628,1.0,-3.575678316,39.86724913,-3.6,39.85,-1.7379088401794434,-1.7438273429870605,3.0,0.2,-5.21372652053833,-0.19999999999999984,117950.37992409333,0.22156958323640427,-0.6468295871418919
1413,1490,kilifi,mtondia,kenya,12/9/2009,2,1,-3.106053226,1.0,-3.575678316,39.86724913,-3.6,39.85,-1.7379088401794434,-1.7438273429870605,3.0,0.2,-5.21372652053833,-0.19999999999999984,117950.37992409333,0.22156958323640427,-0.6468295871418919
1414,1491,kilifi,mtondia,kenya,12/8/2009,2,0,-2.32378278,1.0,-3.575678316,39.86724913,-3.6,39.85,-1.7379088401794434,-1.7438273429870605,3.0,0.2,-5.21372652053833,-0.19999999999999984,117950.37992409333,0.22156958323640427,-0.6468295871418919
1415,1492,kilifi,mtondia,kenya,12/10/2009,2,1,-2.223518039,0.0,-3.575678316,39.86724913,-3.6,39.85,-1.7379088401794434,-1.7438273429870605,3.0,0.2,-5.21372652053833,-0.19999999999999984,117950.37992409333,0.22156958323640427,-0.6468295871418919
1416,1493,kilifi,mtondia,kenya,12/10/2009,1,1,-2.331167592,0.0,-3.575678316,39.86724913,-3.6,39.85,-1.7379088401794434,-1.7438273429870605,3.0,0.2,-5.21372652053833,-0.19999999999999984,117950.37992409333,0.22156958323640427,-0.6468295871418919
1417,1494,kilifi,mtondia,kenya,12/10/2009,1,3,-2.533998459,1.0,-3.575678316,39.86724913,-3.6,39.85,-1.7379088401794434,-1.7438273429870605,3.0,0.2,-5.21372652053833,-0.19999999999999984,117950.37992409333,0.22156958323640427,-0.6468295871418919
1418,1495,kilifi,mtondia,kenya,12/10/2009,5,1,-1.626793084,1.0,-3.575678316,39.86724913,-3.6,39.85,-1.7379088401794434,-1.7438273429870605,3.0,0.2,-5.21372652053833,-0.19999999999999984,117950.37992409333,0.22156958323640427,-0.6468295871418919
1419,1496,kilifi,mtondia,kenya,12/10/2009,2,0,2.313136887,,-3.575678316,39.86724913,-3.6,39.85,-1.7379088401794434,-1.7438273429870605,3.0,0.2,-5.21372652053833,-0.19999999999999984,117950.37992409333,0.22156958323640427,-0.6468295871418919
1420,1497,kilifi,mtondia,kenya,12/9/2009,8,1,0.63208921,1.0,-3.575678316,39.86724913,-3.6,39.85,-1.7379088401794434,-1.7438273429870605,3.0,0.2,-5.21372652053833,-0.19999999999999984,117950.37992409333,0.22156958323640427,-0.6468295871418919
1421,1498,kilifi,mtondia,kenya,12/8/2009,1,1,-1.417691964,1.0,-3.575678316,39.86724913,-3.6,39.85,-1.7379088401794434,-1.7438273429870605,3.0,0.2,-5.21372652053833,-0.19999999999999984,117950.37992409333,0.22156958323640427,-0.6468295871418919
1422,1500,kilifi,mtondia,kenya,12/10/2009,1,0,-0.857109048,,-3.575678316,39.86724913,-3.6,39.85,-1.7379088401794434,-1.7438273429870605,3.0,0.2,-5.21372652053833,-0.19999999999999984,117950.37992409333,0.22156958323640427,-0.6468295871418919
1423,1501,kilifi,mtondia,kenya,12/8/2009,3,0,-0.079616184,,-3.575678316,39.86724913,-3.6,39.85,-1.7379088401794434,-1.7438273429870605,3.0,0.2,-5.21372652053833,-0.19999999999999984,117950.37992409333,0.22156958323640427,-0.6468295871418919
1424,1502,kilifi,mtondia,kenya,12/10/2009,1,0,0.5388014,,-3.575678316,39.86724913,-3.6,39.85,-1.7379088401794434,-1.7438273429870605,3.0,0.2,-5.21372652053833,-0.19999999999999984,117950.37992409333,0.22156958323640427,-0.6468295871418919
1425,1503,kilifi,mtondia,kenya,12/8/2009,6,0,-0.407232638,,-3.575678316,39.86724913,-3.6,39.85,-1.7379088401794434,-1.7438273429870605,3.0,0.2,-5.21372652053833,-0.19999999999999984,117950.37992409333,0.22156958323640427,-0.6468295871418919
1426,1504,kilifi,mtondia,kenya,12/8/2009,6,0,-1.66549562,,-3.575678316,39.86724913,-3.6,39.85,-1.7379088401794434,-1.7438273429870605,3.0,0.2,-5.21372652053833,-0.19999999999999984,117950.37992409333,0.22156958323640427,-0.6468295871418919
1427,1505,kilifi,mtondia,kenya,12/8/2009,6,0,-0.488350051,,-3.575678316,39.86724913,-3.6,39.85,-1.7379088401794434,-1.7438273429870605,3.0,0.2,-5.21372652053833,-0.19999999999999984,117950.37992409333,0.22156958323640427,-0.6468295871418919
1428,1506,kilifi,makiwo,kenya,12/8/2009,4,1,-0.780354487,1.0,-3.579764276,39.89489589,-3.6,39.9,-1.728939175605774,-1.7349501848220825,3.0,0.2,-5.186817646026611,-0.19999999999999984,117950.37992409333,0.14309152650326423,0.0
1429,1507,kilifi,makiwo,kenya,12/9/2009,1,1,-2.296911646,0.0,-3.579764276,39.89489589,-3.6,39.9,-1.728939175605774,-1.7349501848220825,3.0,0.2,-5.186817646026611,-0.19999999999999984,117950.37992409333,0.14309152650326423,0.0
1430,1508,kilifi,makiwo,kenya,12/9/2009,3,1,0.65911909,1.0,-3.579764276,39.89489589,-3.6,39.9,-1.728939175605774,-1.7349501848220825,3.0,0.2,-5.186817646026611,-0.19999999999999984,117950.37992409333,0.14309152650326423,0.0
1431,1509,kilifi,makiwo,kenya,12/8/2009,4,1,-3.090010867,0.0,-3.579764276,39.89489589,-3.6,39.9,-1.728939175605774,-1.7349501848220825,3.0,0.2,-5.186817646026611,-0.19999999999999984,117950.37992409333,0.14309152650326423,0.0
1432,1511,kilifi,makiwo,kenya,12/9/2009,2,1,-2.781334092,1.0,-3.579764276,39.89489589,-3.6,39.9,-1.728939175605774,-1.7349501848220825,3.0,0.2,-5.186817646026611,-0.19999999999999984,117950.37992409333,0.14309152650326423,0.0
1433,1512,kilifi,makiwo,kenya,12/9/2009,2,1,-3.426047495,0.0,-3.579764276,39.89489589,-3.6,39.9,-1.728939175605774,-1.7349501848220825,3.0,0.2,-5.186817646026611,-0.19999999999999984,117950.37992409333,0.14309152650326423,0.0
1434,1513,kilifi,makiwo,kenya,12/9/2009,1,1,-2.173313727,0.0,-3.579764276,39.89489589,-3.6,39.9,-1.728939175605774,-1.7349501848220825,3.0,0.2,-5.186817646026611,-0.19999999999999984,117950.37992409333,0.14309152650326423,0.0
1435,1514,kilifi,makiwo,kenya,12/9/2009,1,1,-0.680552678,0.0,-3.579764276,39.89489589,-3.6,39.9,-1.728939175605774,-1.7349501848220825,3.0,0.2,-5.186817646026611,-0.19999999999999984,117950.37992409333,0.14309152650326423,0.0
1436,1515,kilifi,makiwo,kenya,12/9/2009,2,1,-1.405660195,1.0,-3.579764276,39.89489589,-3.6,39.9,-1.728939175605774,-1.7349501848220825,3.0,0.2,-5.186817646026611,-0.19999999999999984,117950.37992409333,0.14309152650326423,0.0
1437,1516,kilifi,makiwo,kenya,12/8/2009,2,1,0.424720228,1.0,-3.579764276,39.89489589,-3.6,39.9,-1.728939175605774,-1.7349501848220825,3.0,0.2,-5.186817646026611,-0.19999999999999984,117950.37992409333,0.14309152650326423,0.0
1438,1517,kilifi,makiwo,kenya,12/9/2009,4,0,-0.530032912,,-3.579764276,39.89489589,-3.6,39.9,-1.728939175605774,-1.7349501848220825,3.0,0.2,-5.186817646026611,-0.19999999999999984,117950.37992409333,0.14309152650326423,0.0
1439,1518,kilifi,makiwo,kenya,12/8/2009,4,0,2.140924491,,-3.579764276,39.89489589,-3.6,39.9,-1.728939175605774,-1.7349501848220825,3.0,0.2,-5.186817646026611,-0.19999999999999984,117950.37992409333,0.14309152650326423,0.0
1440,1519,kilifi,makiwo,kenya,12/8/2009,7,0,-3.067750974,,-3.579764276,39.89489589,-3.6,39.9,-1.728939175605774,-1.7349501848220825,3.0,0.2,-5.186817646026611,-0.19999999999999984,117950.37992409333,0.14309152650326423,0.0
1441,1520,kilifi,makiwo,kenya,12/8/2009,4,0,1.135526356,,-3.579764276,39.89489589,-3.6,39.9,-1.728939175605774,-1.7349501848220825,3.0,0.2,-5.186817646026611,-0.19999999999999984,117950.37992409333,0.14309152650326423,0.0
1442,1521,kilifi,makiwo,kenya,12/9/2009,1,0,2.102015589,,-3.579764276,39.89489589,-3.6,39.9,-1.728939175605774,-1.7349501848220825,3.0,0.2,-5.186817646026611,-0.19999999999999984,117950.37992409333,0.14309152650326423,0.0
1443,1522,kilifi,makiwo,kenya,12/9/2009,9,0,0.11690809,,-3.579764276,39.89489589,-3.6,39.9,-1.728939175605774,-1.7349501848220825,3.0,0.2,-5.186817646026611,-0.19999999999999984,117950.37992409333,0.14309152650326423,0.0
1444,1523,kilifi,makiwo,kenya,12/8/2009,8,0,-2.639470784,,-3.579764276,39.89489589,-3.6,39.9,-1.728939175605774,-1.7349501848220825,3.0,0.2,-5.186817646026611,-0.19999999999999984,117950.37992409333,0.14309152650326423,0.0
1445,1524,kilifi,makiwo,kenya,12/8/2009,2,0,-0.385064634,,-3.579764276,39.89489589,-3.6,39.9,-1.728939175605774,-1.7349501848220825,3.0,0.2,-5.186817646026611,-0.19999999999999984,117950.37992409333,0.14309152650326423,0.0
1446,1525,kilifi,makiwo,kenya,12/8/2009,1,0,0.409362857,,-3.579764276,39.89489589,-3.6,39.9,-1.728939175605774,-1.7349501848220825,3.0,0.2,-5.186817646026611,-0.19999999999999984,117950.37992409333,0.14309152650326423,0.0
1447,1526,kilifi,mtwapa,kenya,12/9/2009,7,0,-0.957419594,,-3.946691482,39.74501658,-3.95,39.75,0.0,0.0,0.0,0.0,0.0,0.0,0.0,0.16871721654667504,0.0
1448,1527,kilifi,mtwapa,kenya,12/9/2009,3,0,-3.350358917,1.0,-3.946691482,39.74501658,-3.95,39.75,0.0,0.0,0.0,0.0,0.0,0.0,0.0,0.16871721654667504,0.0
1449,1528,kilifi,mtwapa,kenya,12/8/2009,1,1,-2.604703773,1.0,-3.946691482,39.74501658,-3.95,39.75,0.0,0.0,0.0,0.0,0.0,0.0,0.0,0.16871721654667504,0.0
1450,1529,kilifi,mtwapa,kenya,11/9/2009,2,0,-3.67636907,,-3.946691482,39.74501658,-3.95,39.75,0.0,0.0,0.0,0.0,0.0,0.0,0.0,0.16871721654667504,0.0
1451,1530,kilifi,mtwapa,kenya,12/9/2009,6,2,-2.791020288,0.0,-3.946691482,39.74501658,-3.95,39.75,0.0,0.0,0.0,0.0,0.0,0.0,0.0,0.16871721654667504,0.0
1452,1531,kilifi,mtwapa,kenya,12/8/2009,6,1,-3.67636907,0.0,-3.946691482,39.74501658,-3.95,39.75,0.0,0.0,0.0,0.0,0.0,0.0,0.0,0.16871721654667504,0.0
1453,1532,kilifi,mtwapa,kenya,12/9/2009,1,1,-3.526312237,1.0,-3.946691482,39.74501658,-3.95,39.75,0.0,0.0,0.0,0.0,0.0,0.0,0.0,0.16871721654667504,0.0
1454,1533,kilifi,mtwapa,kenya,12/9/2009,8,1,-3.315416002,0.0,-3.946691482,39.74501658,-3.95,39.75,0.0,0.0,0.0,0.0,0.0,0.0,0.0,0.16871721654667504,0.0
1455,1534,kilifi,mtwapa,kenya,12/9/2009,1,1,-3.766607338,0.0,-3.946691482,39.74501658,-3.95,39.75,0.0,0.0,0.0,0.0,0.0,0.0,0.0,0.16871721654667504,0.0
1456,1535,kilifi,mtwapa,kenya,12/9/2009,1,1,-1.154354706,1.0,-3.946691482,39.74501658,-3.95,39.75,0.0,0.0,0.0,0.0,0.0,0.0,0.0,0.16871721654667504,0.0
1457,1536,kilifi,mtwapa,kenya,12/8/2009,1,1,-3.766607338,0.0,-3.946691482,39.74501658,-3.95,39.75,0.0,0.0,0.0,0.0,0.0,0.0,0.0,0.16871721654667504,0.0
1458,1537,kilifi,mtwapa,kenya,12/8/2009,1,0,-2.810590517,1.0,-3.946691482,39.74501658,-3.95,39.75,0.0,0.0,0.0,0.0,0.0,0.0,0.0,0.16871721654667504,0.0
1459,1538,kilifi,mtwapa,kenya,12/8/2009,6,1,-3.435733691,1.0,-3.946691482,39.74501658,-3.95,39.75,0.0,0.0,0.0,0.0,0.0,0.0,0.0,0.16871721654667504,0.0
1460,1539,kilifi,mtwapa,kenya,12/8/2009,3,1,-2.503919036,1.0,-3.946691482,39.74501658,-3.95,39.75,0.0,0.0,0.0,0.0,0.0,0.0,0.0,0.16871721654667504,0.0
1461,1540,kilifi,mtwapa,kenya,12/9/2009,1,1,-3.370411865,0.0,-3.946691482,39.74501658,-3.95,39.75,0.0,0.0,0.0,0.0,0.0,0.0,0.0,0.16871721654667504,0.0
1462,1541,kilifi,mtwapa,kenya,12/9/2009,2,1,-2.928390287,1.0,-3.946691482,39.74501658,-3.95,39.75,0.0,0.0,0.0,0.0,0.0,0.0,0.0,0.16871721654667504,0.0
1463,1542,kilifi,mtwapa,kenya,12/10/2009,3,0,-3.766607338,,-3.946691482,39.74501658,-3.95,39.75,0.0,0.0,0.0,0.0,0.0,0.0,0.0,0.16871721654667504,0.0
1464,1543,kilifi,mtwapa,kenya,12/8/2009,1,0,-1.169394417,,-3.946691482,39.74501658,-3.95,39.75,0.0,0.0,0.0,0.0,0.0,0.0,0.0,0.16871721654667504,0.0
1465,1544,kilifi,mtwapa,kenya,12/8/2009,6,0,-3.091814512,,-3.946691482,39.74501658,-3.95,39.75,0.0,0.0,0.0,0.0,0.0,0.0,0.0,0.16871721654667504,0.0
1466,1545,kilifi,mtwapa,kenya,12/8/2009,3,1,-3.091814512,1.0,-3.946691482,39.74501658,-3.95,39.75,0.0,0.0,0.0,0.0,0.0,0.0,0.0,0.16871721654667504,0.0
1467,1546,kilifi,mtwapa,kenya,12/8/2009,5,0,-2.762463441,1.0,-3.946691482,39.74501658,-3.95,39.75,0.0,0.0,0.0,0.0,0.0,0.0,0.0,0.16871721654667504,0.0
1468,1547,kilifi,mtwapa,kenya,12/9/2009,1,0,-3.100037342,,-3.946691482,39.74501658,-3.95,39.75,0.0,0.0,0.0,0.0,0.0,0.0,0.0,0.16871721654667504,0.0
1469,1548,kilifi,mtondia,kenya,12/9/2009,5,0,-0.259187099,,-3.575678316,39.86724913,-3.6,39.85,-1.7379088401794434,-1.7438273429870605,3.0,0.2,-5.21372652053833,-0.19999999999999984,117950.37992409333,0.22156958323640427,-0.6468295871418919
1470,1550,kakamega,mayakolo,kenya,12/13/2009,7,4,2.225068445,1.0,0.275181264,34.76077413,0.3,34.75,-1.682494044303894,-1.772343913714091,2.0,0.6,-3.364988088607788,-0.5999999999999999,368213884.3064215,0.23074258818364438,1.746935595553244
1471,1551,kakamega,mayakolo,kenya,12/13/2009,8,5,2.654800572,0.0,0.275181264,34.76077413,0.3,34.75,-1.682494044303894,-1.772343913714091,2.0,0.6,-3.364988088607788,-0.5999999999999999,368213884.3064215,0.23074258818364438,1.746935595553244
1472,1552,kakamega,mayakolo,kenya,12/13/2009,6,1,2.403592401,1.0,0.275181264,34.76077413,0.3,34.75,-1.682494044303894,-1.772343913714091,2.0,0.6,-3.364988088607788,-0.5999999999999999,368213884.3064215,0.23074258818364438,1.746935595553244
1473,1553,kakamega,mayakolo,kenya,12/13/2009,4,0,2.671396288,,0.275181264,34.76077413,0.3,34.75,-1.682494044303894,-1.772343913714091,2.0,0.6,-3.364988088607788,-0.5999999999999999,368213884.3064215,0.23074258818364438,1.746935595553244
1474,1554,kakamega,mayakolo,kenya,12/13/2009,1,4,3.15245778,1.0,0.275181264,34.76077413,0.3,34.75,-1.682494044303894,-1.772343913714091,2.0,0.6,-3.364988088607788,-0.5999999999999999,368213884.3064215,0.23074258818364438,1.746935595553244
1475,1555,kakamega,mayakolo,kenya,12/14/2009,3,1,2.413722505,1.0,0.275181264,34.76077413,0.3,34.75,-1.682494044303894,-1.772343913714091,2.0,0.6,-3.364988088607788,-0.5999999999999999,368213884.3064215,0.23074258818364438,1.746935595553244
1476,1556,kakamega,mayakolo,kenya,12/13/2009,8,1,2.452410382,1.0,0.275181264,34.76077413,0.3,34.75,-1.682494044303894,-1.772343913714091,2.0,0.6,-3.364988088607788,-0.5999999999999999,368213884.3064215,0.23074258818364438,1.746935595553244
1477,1557,kakamega,mayakolo,kenya,12/13/2009,6,0,0.840378213,,0.275181264,34.76077413,0.3,34.75,-1.682494044303894,-1.772343913714091,2.0,0.6,-3.364988088607788,-0.5999999999999999,368213884.3064215,0.23074258818364438,1.746935595553244
1478,1558,kakamega,mayakolo,kenya,12/12/2009,5,0,2.169272452,,0.275181264,34.76077413,0.3,34.75,-1.682494044303894,-1.772343913714091,2.0,0.6,-3.364988088607788,-0.5999999999999999,368213884.3064215,0.23074258818364438,1.746935595553244
1479,1559,kakamega,mayakolo,kenya,12/13/2009,6,0,2.005391634,,0.275181264,34.76077413,0.3,34.75,-1.682494044303894,-1.772343913714091,2.0,0.6,-3.364988088607788,-0.5999999999999999,368213884.3064215,0.23074258818364438,1.746935595553244
1480,1560,kakamega,mayakolo,kenya,12/13/2009,8,0,2.817326772,,0.275181264,34.76077413,0.3,34.75,-1.682494044303894,-1.772343913714091,2.0,0.6,-3.364988088607788,-0.5999999999999999,368213884.3064215,0.23074258818364438,1.746935595553244
1481,1561,kakamega,mayakolo,kenya,12/13/2009,1,1,2.902136205,0.0,0.275181264,34.76077413,0.3,34.75,-1.682494044303894,-1.772343913714091,2.0,0.6,-3.364988088607788,-0.5999999999999999,368213884.3064215,0.23074258818364438,1.746935595553244
1482,1562,kakamega,mayakolo,kenya,12/13/2009,1,1,-2.376017765,1.0,0.275181264,34.76077413,0.3,34.75,-1.682494044303894,-1.772343913714091,2.0,0.6,-3.364988088607788,-0.5999999999999999,368213884.3064215,0.23074258818364438,1.746935595553244
1483,1563,kakamega,mayakolo,kenya,12/13/2009,4,0,1.211904073,,0.275181264,34.76077413,0.3,34.75,-1.682494044303894,-1.772343913714091,2.0,0.6,-3.364988088607788,-0.5999999999999999,368213884.3064215,0.23074258818364438,1.746935595553244
1484,1564,kakamega,mayakolo,kenya,12/13/2009,11,2,-0.396014269,0.0,0.275181264,34.76077413,0.3,34.75,-1.682494044303894,-1.772343913714091,2.0,0.6,-3.364988088607788,-0.5999999999999999,368213884.3064215,0.23074258818364438,1.746935595553244
1485,1565,kakamega,mayakolo,kenya,12/13/2009,3,0,1.619323014,,0.275181264,34.76077413,0.3,34.75,-1.682494044303894,-1.772343913714091,2.0,0.6,-3.364988088607788,-0.5999999999999999,368213884.3064215,0.23074258818364438,1.746935595553244
1486,1566,kakamega,mayakolo,kenya,12/13/2009,2,0,1.399080861,,0.275181264,34.76077413,0.3,34.75,-1.682494044303894,-1.772343913714091,2.0,0.6,-3.364988088607788,-0.5999999999999999,368213884.3064215,0.23074258818364438,1.746935595553244
1487,1567,kakamega,mayakolo,kenya,12/13/2009,7,6,2.787247349,1.0,0.275181264,34.76077413,0.3,34.75,-1.682494044303894,-1.772343913714091,2.0,0.6,-3.364988088607788,-0.5999999999999999,368213884.3064215,0.23074258818364438,1.746935595553244
1488,1568,kakamega,likwilo,kenya,12/12/2009,6,0,-0.722638534,1.0,0.275181264,34.76077413,0.3,34.75,-1.682494044303894,-1.772343913714091,2.0,0.6,-3.364988088607788,-0.5999999999999999,368213884.3064215,0.23074258818364438,1.746935595553244
1489,1569,kakamega,likwilo,kenya,12/12/2009,1,0,0.543833371,,0.275181264,34.76077413,0.3,34.75,-1.682494044303894,-1.772343913714091,2.0,0.6,-3.364988088607788,-0.5999999999999999,368213884.3064215,0.23074258818364438,1.746935595553244
1490,1570,kakamega,likwilo,kenya,12/12/2009,2,0,0.350309686,,0.275181264,34.76077413,0.3,34.75,-1.682494044303894,-1.772343913714091,2.0,0.6,-3.364988088607788,-0.5999999999999999,368213884.3064215,0.23074258818364438,1.746935595553244
1491,1571,kakamega,likwilo,kenya,12/12/2009,2,0,0.281029987,,0.275181264,34.76077413,0.3,34.75,-1.682494044303894,-1.772343913714091,2.0,0.6,-3.364988088607788,-0.5999999999999999,368213884.3064215,0.23074258818364438,1.746935595553244
1492,1572,kakamega,likwilo,kenya,12/12/2009,7,0,1.669455384,,0.275181264,34.76077413,0.3,34.75,-1.682494044303894,-1.772343913714091,2.0,0.6,-3.364988088607788,-0.5999999999999999,368213884.3064215,0.23074258818364438,1.746935595553244
1493,1573,kakamega,likwilo,kenya,12/12/2009,4,0,-0.765041235,1.0,0.275181264,34.76077413,0.3,34.75,-1.682494044303894,-1.772343913714091,2.0,0.6,-3.364988088607788,-0.5999999999999999,368213884.3064215,0.23074258818364438,1.746935595553244
1494,1574,kakamega,likwilo,kenya,12/12/2009,3,0,0.500706798,,0.275181264,34.76077413,0.3,34.75,-1.682494044303894,-1.772343913714091,2.0,0.6,-3.364988088607788,-0.5999999999999999,368213884.3064215,0.23074258818364438,1.746935595553244
1495,1575,kakamega,likwilo,kenya,12/12/2009,8,1,-1.01676617,1.0,0.275181264,34.76077413,0.3,34.75,-1.682494044303894,-1.772343913714091,2.0,0.6,-3.364988088607788,-0.5999999999999999,368213884.3064215,0.23074258818364438,1.746935595553244
1496,1576,kakamega,likwilo,kenya,12/12/2009,5,1,0.260503917,1.0,0.275181264,34.76077413,0.3,34.75,-1.682494044303894,-1.772343913714091,2.0,0.6,-3.364988088607788,-0.5999999999999999,368213884.3064215,0.23074258818364438,1.746935595553244
1497,1577,kakamega,likwilo,kenya,12/12/2009,4,1,3.113257503,0.0,0.275181264,34.76077413,0.3,34.75,-1.682494044303894,-1.772343913714091,2.0,0.6,-3.364988088607788,-0.5999999999999999,368213884.3064215,0.23074258818364438,1.746935595553244
1498,1578,kakamega,likwilo,kenya,12/12/2009,5,4,-1.019884192,1.0,0.275181264,34.76077413,0.3,34.75,-1.682494044303894,-1.772343913714091,2.0,0.6,-3.364988088607788,-0.5999999999999999,368213884.3064215,0.23074258818364438,1.746935595553244
1499,1579,kakamega,likwilo,kenya,12/12/2009,7,1,3.133310451,0.0,0.275181264,34.76077413,0.3,34.75,-1.682494044303894,-1.772343913714091,2.0,0.6,-3.364988088607788,-0.5999999999999999,368213884.3064215,0.23074258818364438,1.746935595553244
1500,1580,kakamega,likwilo,kenya,12/12/2009,6,1,-0.778806125,1.0,0.275181264,34.76077413,0.3,34.75,-1.682494044303894,-1.772343913714091,2.0,0.6,-3.364988088607788,-0.5999999999999999,368213884.3064215,0.23074258818364438,1.746935595553244
1501,1581,kakamega,likwilo,kenya,12/12/2009,7,1,-0.377493494,1.0,0.275181264,34.76077413,0.3,34.75,-1.682494044303894,-1.772343913714091,2.0,0.6,-3.364988088607788,-0.5999999999999999,368213884.3064215,0.23074258818364438,1.746935595553244
1502,1582,kakamega,likwilo,kenya,12/12/2009,8,3,1.944508917,0.0,0.275181264,34.76077413,0.3,34.75,-1.682494044303894,-1.772343913714091,2.0,0.6,-3.364988088607788,-0.5999999999999999,368213884.3064215,0.23074258818364438,1.746935595553244
1503,1583,kakamega,likwilo,kenya,12/12/2009,6,1,2.421640055,0.0,0.275181264,34.76077413,0.3,34.75,-1.682494044303894,-1.772343913714091,2.0,0.6,-3.364988088607788,-0.5999999999999999,368213884.3064215,0.23074258818364438,1.746935595553244
1504,1584,kakamega,likwilo,kenya,12/12/2009,4,3,1.772237427,1.0,0.275181264,34.76077413,0.3,34.75,-1.682494044303894,-1.772343913714091,2.0,0.6,-3.364988088607788,-0.5999999999999999,368213884.3064215,0.23074258818364438,1.746935595553244
1505,1585,kakamega,likwilo,kenya,12/12/2009,4,1,-1.684650544,1.0,0.275181264,34.76077413,0.3,34.75,-1.682494044303894,-1.772343913714091,2.0,0.6,-3.364988088607788,-0.5999999999999999,368213884.3064215,0.23074258818364438,1.746935595553244
1506,1586,kakamega,likwilo,kenya,12/11/2009,4,2,-0.274208077,1.0,0.275181264,34.76077413,0.3,34.75,-1.682494044303894,-1.772343913714091,2.0,0.6,-3.364988088607788,-0.5999999999999999,368213884.3064215,0.23074258818364438,1.746935595553244
1507,1587,kakamega,shipalo,kenya,12/14/2009,11,1,3.213522244,1.0,0.208604266,34.75376078,0.2,34.75,-1.6971582969029744,-1.7479910453160603,1.6666666666666667,0.6,-2.8266007900238037,-0.5999999999999999,368240450.9824468,0.21611201730618168,0.7681824393325796
1508,1588,kakamega,shipalo,kenya,12/14/2009,1,1,-1.337886883,1.0,0.208604266,34.75376078,0.2,34.75,-1.6971582969029744,-1.7479910453160603,1.6666666666666667,0.6,-2.8266007900238037,-0.5999999999999999,368240450.9824468,0.21611201730618168,0.7681824393325796
1509,1589,kakamega,shipalo,kenya,12/15/2009,4,1,3.43757567,0.0,0.208604266,34.75376078,0.2,34.75,-1.6971582969029744,-1.7479910453160603,1.6666666666666667,0.6,-2.8266007900238037,-0.5999999999999999,368240450.9824468,0.21611201730618168,0.7681824393325796
1510,1590,kakamega,shipalo,kenya,12/15/2009,2,2,0.464732314,1.0,0.208604266,34.75376078,0.2,34.75,-1.6971582969029744,-1.7479910453160603,1.6666666666666667,0.6,-2.8266007900238037,-0.5999999999999999,368240450.9824468,0.21611201730618168,0.7681824393325796
1511,1591,kakamega,shipalo,kenya,12/14/2009,2,1,3.397469773,0.0,0.208604266,34.75376078,0.2,34.75,-1.6971582969029744,-1.7479910453160603,1.6666666666666667,0.6,-2.8266007900238037,-0.5999999999999999,368240450.9824468,0.21611201730618168,0.7681824393325796
1512,1592,kakamega,shipalo,kenya,12/15/2009,1,0,3.001274301,,0.208604266,34.75376078,0.2,34.75,-1.6971582969029744,-1.7479910453160603,1.6666666666666667,0.6,-2.8266007900238037,-0.5999999999999999,368240450.9824468,0.21611201730618168,0.7681824393325796
1513,1593,kakamega,shipalo,kenya,12/15/2009,7,0,2.882988876,,0.208604266,34.75376078,0.2,34.75,-1.6971582969029744,-1.7479910453160603,1.6666666666666667,0.6,-2.8266007900238037,-0.5999999999999999,368240450.9824468,0.21611201730618168,0.7681824393325796
1514,1594,kakamega,shipalo,kenya,12/15/2009,5,0,2.84288298,,0.208604266,34.75376078,0.2,34.75,-1.6971582969029744,-1.7479910453160603,1.6666666666666667,0.6,-2.8266007900238037,-0.5999999999999999,368240450.9824468,0.21611201730618168,0.7681824393325796
1515,1595,kakamega,shipalo,kenya,2/14/2009,7,0,2.847896217,,0.208604266,34.75376078,0.2,34.75,-1.6971582969029744,-1.7479910453160603,1.6666666666666667,0.6,-2.8266007900238037,-0.5999999999999999,368240450.9824468,0.21611201730618168,0.7681824393325796
1516,1596,kakamega,shipalo,kenya,12/14/2009,1,0,3.278057704,1.0,0.208604266,34.75376078,0.2,34.75,-1.6971582969029744,-1.7479910453160603,1.6666666666666667,0.6,-2.8266007900238037,-0.5999999999999999,368240450.9824468,0.21611201730618168,0.7681824393325796
1517,1597,kakamega,shipalo,kenya,12/15/2009,3,0,2.141239057,,0.208604266,34.75376078,0.2,34.75,-1.6971582969029744,-1.7479910453160603,1.6666666666666667,0.6,-2.8266007900238037,-0.5999999999999999,368240450.9824468,0.21611201730618168,0.7681824393325796
1518,1598,kakamega,shipalo,kenya,12/15/2009,7,0,3.014503199,,0.208604266,34.75376078,0.2,34.75,-1.6971582969029744,-1.7479910453160603,1.6666666666666667,0.6,-2.8266007900238037,-0.5999999999999999,368240450.9824468,0.21611201730618168,0.7681824393325796
1519,1599,kakamega,shipalo,kenya,12/15/2009,5,1,0.344649638,1.0,0.208604266,34.75376078,0.2,34.75,-1.6971582969029744,-1.7479910453160603,1.6666666666666667,0.6,-2.8266007900238037,-0.5999999999999999,368240450.9824468,0.21611201730618168,0.7681824393325796
1520,1600,kakamega,shipalo,kenya,12/15/2009,3,2,0.798267022,0.0,0.208604266,34.75376078,0.2,34.75,-1.6971582969029744,-1.7479910453160603,1.6666666666666667,0.6,-2.8266007900238037,-0.5999999999999999,368240450.9824468,0.21611201730618168,0.7681824393325796
1521,1601,kakamega,shipalo,kenya,12/15/2009,2,3,2.782724135,1.0,0.208604266,34.75376078,0.2,34.75,-1.6971582969029744,-1.7479910453160603,1.6666666666666667,0.6,-2.8266007900238037,-0.5999999999999999,368240450.9824468,0.21611201730618168,0.7681824393325796
1522,1602,kakamega,shipalo,kenya,12/15/2009,4,2,2.802777083,0.0,0.208604266,34.75376078,0.2,34.75,-1.6971582969029744,-1.7479910453160603,1.6666666666666667,0.6,-2.8266007900238037,-0.5999999999999999,368240450.9824468,0.21611201730618168,0.7681824393325796
1523,1603,kakamega,shipalo,kenya,12/15/2009,5,3,2.942021076,1.0,0.208604266,34.75376078,0.2,34.75,-1.6971582969029744,-1.7479910453160603,1.6666666666666667,0.6,-2.8266007900238037,-0.5999999999999999,368240450.9824468,0.21611201730618168,0.7681824393325796
1524,1604,kakamega,shipalo,kenya,12/14/2009,3,2,3.3181636,1.0,0.208604266,34.75376078,0.2,34.75,-1.6971582969029744,-1.7479910453160603,1.6666666666666667,0.6,-2.8266007900238037,-0.5999999999999999,368240450.9824468,0.21611201730618168,0.7681824393325796
1525,1605,kakamega,shipalo,kenya,12/14/2009,2,2,2.882083256,1.0,0.208604266,34.75376078,0.2,34.75,-1.6971582969029744,-1.7479910453160603,1.6666666666666667,0.6,-2.8266007900238037,-0.5999999999999999,368240450.9824468,0.21611201730618168,0.7681824393325796
1526,1606,kakamega,shipalo,kenya,12/15/2009,6,1,1.269642317,1.0,0.208604266,34.75376078,0.2,34.75,-1.6971582969029744,-1.7479910453160603,1.6666666666666667,0.6,-2.8266007900238037,-0.5999999999999999,368240450.9824468,0.21611201730618168,0.7681824393325796
1527,1607,kakamega,shipalo,kenya,12/14/2009,5,3,2.156278769,1.0,0.208604266,34.75376078,0.2,34.75,-1.6971582969029744,-1.7479910453160603,1.6666666666666667,0.6,-2.8266007900238037,-0.5999999999999999,368240450.9824468,0.21611201730618168,0.7681824393325796
1528,1608,kakamega,shipalo,kenya,12/14/2009,4,5,-0.386214781,1.0,0.208604266,34.75376078,0.2,34.75,-1.6971582969029744,-1.7479910453160603,1.6666666666666667,0.6,-2.8266007900238037,-0.5999999999999999,368240450.9824468,0.21611201730618168,0.7681824393325796
1529,1609,kakamega,musakhwe,kenya,12/15/2009,4,1,3.62864402,1.0,0.275181264,34.76077413,0.3,34.75,-1.682494044303894,-1.772343913714091,2.0,0.6,-3.364988088607788,-0.5999999999999999,368213884.3064215,0.23074258818364438,1.746935595553244
1530,1610,kakamega,musakhwe,kenya,12/12/2009,5,1,1.873850476,0.0,0.275181264,34.76077413,0.3,34.75,-1.682494044303894,-1.772343913714091,2.0,0.6,-3.364988088607788,-0.5999999999999999,368213884.3064215,0.23074258818364438,1.746935595553244
1531,1611,kakamega,musakhwe,kenya,12/12/2009,6,3,2.171569255,0.0,0.275181264,34.76077413,0.3,34.75,-1.682494044303894,-1.772343913714091,2.0,0.6,-3.364988088607788,-0.5999999999999999,368213884.3064215,0.23074258818364438,1.746935595553244
1532,1612,kakamega,musakhwe,kenya,12/12/2009,3,3,2.141489833,1.0,0.275181264,34.76077413,0.3,34.75,-1.682494044303894,-1.772343913714091,2.0,0.6,-3.364988088607788,-0.5999999999999999,368213884.3064215,0.23074258818364438,1.746935595553244
1533,1613,kakamega,musakhwe,kenya,12/12/2009,2,3,-2.461339822,1.0,0.275181264,34.76077413,0.3,34.75,-1.682494044303894,-1.772343913714091,2.0,0.6,-3.364988088607788,-0.5999999999999999,368213884.3064215,0.23074258818364438,1.746935595553244
1534,1614,kakamega,musakhwe,kenya,12/15/2009,5,2,-0.948750676,1.0,0.275181264,34.76077413,0.3,34.75,-1.682494044303894,-1.772343913714091,2.0,0.6,-3.364988088607788,-0.5999999999999999,368213884.3064215,0.23074258818364438,1.746935595553244
1535,1615,kakamega,matere,kenya,12/14/2009,2,0,3.053098658,,0.285207843,34.75153374,0.3,34.75,-1.682494044303894,-1.772343913714091,2.0,0.6,-3.364988088607788,-0.5999999999999999,368213884.3064215,0.23074258818364438,1.746935595553244
1536,1616,kakamega,matere,kenya,12/14/2009,3,0,3.697923719,,0.285207843,34.75153374,0.3,34.75,-1.682494044303894,-1.772343913714091,2.0,0.6,-3.364988088607788,-0.5999999999999999,368213884.3064215,0.23074258818364438,1.746935595553244
1537,1617,kakamega,matere,kenya,12/14/2009,3,0,3.038058947,,0.285207843,34.75153374,0.3,34.75,-1.682494044303894,-1.772343913714091,2.0,0.6,-3.364988088607788,-0.5999999999999999,368213884.3064215,0.23074258818364438,1.746935595553244
1538,1618,kakamega,matere,kenya,12/14/2009,4,0,3.332934314,,0.285207843,34.75153374,0.3,34.75,-1.682494044303894,-1.772343913714091,2.0,0.6,-3.364988088607788,-0.5999999999999999,368213884.3064215,0.23074258818364438,1.746935595553244
1539,1619,kakamega,matere,kenya,12/14/2009,4,0,0.737542835,,0.285207843,34.75153374,0.3,34.75,-1.682494044303894,-1.772343913714091,2.0,0.6,-3.364988088607788,-0.5999999999999999,368213884.3064215,0.23074258818364438,1.746935595553244
1540,1620,kakamega,matere,kenya,12/14/2009,6,0,1.760710929,,0.285207843,34.75153374,0.3,34.75,-1.682494044303894,-1.772343913714091,2.0,0.6,-3.364988088607788,-0.5999999999999999,368213884.3064215,0.23074258818364438,1.746935595553244
1541,1621,kakamega,matere,kenya,12/14/2009,1,0,0.382018601,,0.285207843,34.75153374,0.3,34.75,-1.682494044303894,-1.772343913714091,2.0,0.6,-3.364988088607788,-0.5999999999999999,368213884.3064215,0.23074258818364438,1.746935595553244
1542,1622,kakamega,matere,kenya,12/14/2009,3,0,3.182537202,,0.285207843,34.75153374,0.3,34.75,-1.682494044303894,-1.772343913714091,2.0,0.6,-3.364988088607788,-0.5999999999999999,368213884.3064215,0.23074258818364438,1.746935595553244
1543,1623,kakamega,matere,kenya,12/14/2009,6,2,-1.057485886,1.0,0.285207843,34.75153374,0.3,34.75,-1.682494044303894,-1.772343913714091,2.0,0.6,-3.364988088607788,-0.5999999999999999,368213884.3064215,0.23074258818364438,1.746935595553244
1544,1624,kakamega,matere,kenya,12/14/2009,7,3,2.952066283,1.0,0.285207843,34.75153374,0.3,34.75,-1.682494044303894,-1.772343913714091,2.0,0.6,-3.364988088607788,-0.5999999999999999,368213884.3064215,0.23074258818364438,1.746935595553244
1545,1625,kakamega,matere,kenya,12/14/2009,2,2,1.975191565,0.0,0.285207843,34.75153374,0.3,34.75,-1.682494044303894,-1.772343913714091,2.0,0.6,-3.364988088607788,-0.5999999999999999,368213884.3064215,0.23074258818364438,1.746935595553244
1546,1626,kakamega,matere,kenya,12/14/2009,6,2,3.968638521,1.0,0.285207843,34.75153374,0.3,34.75,-1.682494044303894,-1.772343913714091,2.0,0.6,-3.364988088607788,-0.5999999999999999,368213884.3064215,0.23074258818364438,1.746935595553244
1547,1627,kakamega,matere,kenya,12/14/2009,5,1,-1.042446175,1.0,0.285207843,34.75153374,0.3,34.75,-1.682494044303894,-1.772343913714091,2.0,0.6,-3.364988088607788,-0.5999999999999999,368213884.3064215,0.23074258818364438,1.746935595553244
1548,1628,kakamega,matere,kenya,12/14/2009,9,1,3.173416348,1.0,0.285207843,34.75153374,0.3,34.75,-1.682494044303894,-1.772343913714091,2.0,0.6,-3.364988088607788,-0.5999999999999999,368213884.3064215,0.23074258818364438,1.746935595553244
1549,1629,kakamega,matere,kenya,12/14/2009,8,1,3.74896171,1.0,0.285207843,34.75153374,0.3,34.75,-1.682494044303894,-1.772343913714091,2.0,0.6,-3.364988088607788,-0.5999999999999999,368213884.3064215,0.23074258818364438,1.746935595553244
1550,1630,kakamega,matere,kenya,12/14/2009,4,1,3.212616624,1.0,0.285207843,34.75153374,0.3,34.75,-1.682494044303894,-1.772343913714091,2.0,0.6,-3.364988088607788,-0.5999999999999999,368213884.3064215,0.23074258818364438,1.746935595553244
1551,1631,kakamega,matere,kenya,12/14/2009,5,4,3.608591072,0.0,0.285207843,34.75153374,0.3,34.75,-1.682494044303894,-1.772343913714091,2.0,0.6,-3.364988088607788,-0.5999999999999999,368213884.3064215,0.23074258818364438,1.746935595553244
1552,1632,kakamega,matere,kenya,12/14/2009,4,1,0.838476548,0.0,0.285207843,34.75153374,0.3,34.75,-1.682494044303894,-1.772343913714091,2.0,0.6,-3.364988088607788,-0.5999999999999999,368213884.3064215,0.23074258818364438,1.746935595553244
1553,1633,kakamega,matere,kenya,12/14/2009,5,1,0.434447775,1.0,0.285207843,34.75153374,0.3,34.75,-1.682494044303894,-1.772343913714091,2.0,0.6,-3.364988088607788,-0.5999999999999999,368213884.3064215,0.23074258818364438,1.746935595553244
1554,1634,kakamega,matere,kenya,12/14/2009,2,1,-0.688653402,1.0,0.285207843,34.75153374,0.3,34.75,-1.682494044303894,-1.772343913714091,2.0,0.6,-3.364988088607788,-0.5999999999999999,368213884.3064215,0.23074258818364438,1.746935595553244
1555,1635,kakamega,musakhwe,kenya,12/15/2009,3,0,3.083178081,,0.275181264,34.76077413,0.3,34.75,-1.682494044303894,-1.772343913714091,2.0,0.6,-3.364988088607788,-0.5999999999999999,368213884.3064215,0.23074258818364438,1.746935595553244
1556,1636,kakamega,musakhwe,kenya,12/15/2009,9,0,3.263654615,,0.275181264,34.76077413,0.3,34.75,-1.682494044303894,-1.772343913714091,2.0,0.6,-3.364988088607788,-0.5999999999999999,368213884.3064215,0.23074258818364438,1.746935595553244
1557,1637,kakamega,musakhwe,kenya,12/15/2009,5,0,3.242696047,,0.275181264,34.76077413,0.3,34.75,-1.682494044303894,-1.772343913714091,2.0,0.6,-3.364988088607788,-0.5999999999999999,368213884.3064215,0.23074258818364438,1.746935595553244
1558,1638,kakamega,musakhwe,kenya,12/15/2009,5,0,2.147153455,,0.275181264,34.76077413,0.3,34.75,-1.682494044303894,-1.772343913714091,2.0,0.6,-3.364988088607788,-0.5999999999999999,368213884.3064215,0.23074258818364438,1.746935595553244
1559,1639,kakamega,musakhwe,kenya,12/15/2009,5,0,3.293734037,1.0,0.275181264,34.76077413,0.3,34.75,-1.682494044303894,-1.772343913714091,2.0,0.6,-3.364988088607788,-0.5999999999999999,368213884.3064215,0.23074258818364438,1.746935595553244
1560,1640,kakamega,musakhwe,kenya,12/15/2009,5,0,3.809120555,1.0,0.275181264,34.76077413,0.3,34.75,-1.682494044303894,-1.772343913714091,2.0,0.6,-3.364988088607788,-0.5999999999999999,368213884.3064215,0.23074258818364438,1.746935595553244
1561,1641,kakamega,musakhwe,kenya,12/15/2009,7,0,3.929438244,,0.275181264,34.76077413,0.3,34.75,-1.682494044303894,-1.772343913714091,2.0,0.6,-3.364988088607788,-0.5999999999999999,368213884.3064215,0.23074258818364438,1.746935595553244
1562,1642,kakamega,musakhwe,kenya,12/15/2009,4,1,3.728003141,1.0,0.275181264,34.76077413,0.3,34.75,-1.682494044303894,-1.772343913714091,2.0,0.6,-3.364988088607788,-0.5999999999999999,368213884.3064215,0.23074258818364438,1.746935595553244
1563,1643,kakamega,musakhwe,kenya,12/15/2009,4,1,2.171569255,1.0,0.275181264,34.76077413,0.3,34.75,-1.682494044303894,-1.772343913714091,2.0,0.6,-3.364988088607788,-0.5999999999999999,368213884.3064215,0.23074258818364438,1.746935595553244
1564,1644,kakamega,musakhwe,kenya,12/15/2009,3,4,1.519963892,1.0,0.275181264,34.76077413,0.3,34.75,-1.682494044303894,-1.772343913714091,2.0,0.6,-3.364988088607788,-0.5999999999999999,368213884.3064215,0.23074258818364438,1.746935595553244
1565,1645,kakamega,musakhwe,kenya,12/15/2009,6,1,1.48988447,1.0,0.275181264,34.76077413,0.3,34.75,-1.682494044303894,-1.772343913714091,2.0,0.6,-3.364988088607788,-0.5999999999999999,368213884.3064215,0.23074258818364438,1.746935595553244
1566,1646,kakamega,musakhwe,kenya,12/15/2009,5,2,3.143336925,1.0,0.275181264,34.76077413,0.3,34.75,-1.682494044303894,-1.772343913714091,2.0,0.6,-3.364988088607788,-0.5999999999999999,368213884.3064215,0.23074258818364438,1.746935595553244
1567,1647,kakamega,musakhwe,kenya,12/15/2009,5,1,3.658158101,1.0,0.275181264,34.76077413,0.3,34.75,-1.682494044303894,-1.772343913714091,2.0,0.6,-3.364988088607788,-0.5999999999999999,368213884.3064215,0.23074258818364438,1.746935595553244
1568,1648,kakamega,musakhwe,kenya,12/15/2009,5,2,3.608591072,0.0,0.275181264,34.76077413,0.3,34.75,-1.682494044303894,-1.772343913714091,2.0,0.6,-3.364988088607788,-0.5999999999999999,368213884.3064215,0.23074258818364438,1.746935595553244
1569,1649,kakamega,musakhwe,kenya,12/15/2009,2,1,2.081330988,1.0,0.275181264,34.76077413,0.3,34.75,-1.682494044303894,-1.772343913714091,2.0,0.6,-3.364988088607788,-0.5999999999999999,368213884.3064215,0.23074258818364438,1.746935595553244
1570,1650,migori,manywanda,kenya,12/12/2009,2,1,0.240450969,0.0,-0.14525758,34.47078471,-0.15,34.45,-1.7809606790542603,-1.9137755036354065,3.0,0.4,-5.49631929397583,-0.3999999999999999,384718963.0241868,0.22574297829296236,-0.5487032276553558
1571,1652,migori,manywanda,kenya,12/12/2009,2,1,0.897626143,0.0,-0.14525758,34.47078471,-0.15,34.45,-1.7809606790542603,-1.9137755036354065,3.0,0.4,-5.49631929397583,-0.3999999999999999,384718963.0241868,0.22574297829296236,-0.5487032276553558
1572,1653,migori,manywanda,kenya,12/12/2009,1,1,1.459805048,1.0,-0.14525758,34.47078471,-0.15,34.45,-1.7809606790542603,-1.9137755036354065,3.0,0.4,-5.49631929397583,-0.3999999999999999,384718963.0241868,0.22574297829296236,-0.5487032276553558
1573,1654,migori,manywanda,kenya,12/12/2009,3,1,0.813306733,0.0,-0.14525758,34.47078471,-0.15,34.45,-1.7809606790542603,-1.9137755036354065,3.0,0.4,-5.49631929397583,-0.3999999999999999,384718963.0241868,0.22574297829296236,-0.5487032276553558
1574,1655,migori,manywanda,kenya,12/12/2009,5,1,2.581158021,1.0,-0.14525758,34.47078471,-0.15,34.45,-1.7809606790542603,-1.9137755036354065,3.0,0.4,-5.49631929397583,-0.3999999999999999,384718963.0241868,0.22574297829296236,-0.5487032276553558
1575,1656,migori,manywanda,kenya,12/12/2009,3,1,0.828346444,1.0,-0.14525758,34.47078471,-0.15,34.45,-1.7809606790542603,-1.9137755036354065,3.0,0.4,-5.49631929397583,-0.3999999999999999,384718963.0241868,0.22574297829296236,-0.5487032276553558
1576,1657,migori,manywanda,kenya,12/13/2009,3,0,3.788161986,,-0.14525758,34.47078471,-0.15,34.45,-1.7809606790542603,-1.9137755036354065,3.0,0.4,-5.49631929397583,-0.3999999999999999,384718963.0241868,0.22574297829296236,-0.5487032276553558
1577,1658,migori,manywanda,kenya,12/13/2009,3,0,1.944667447,,-0.14525758,34.47078471,-0.15,34.45,-1.7809606790542603,-1.9137755036354065,3.0,0.4,-5.49631929397583,-0.3999999999999999,384718963.0241868,0.22574297829296236,-0.5487032276553558
1578,1659,migori,manywanda,kenya,12/13/2009,3,0,3.3181636,,-0.14525758,34.47078471,-0.15,34.45,-1.7809606790542603,-1.9137755036354065,3.0,0.4,-5.49631929397583,-0.3999999999999999,384718963.0241868,0.22574297829296236,-0.5487032276553558
1579,1660,migori,ngere a & b,kenya,12/13/2009,1,1,3.637764874,1.0,-0.760685911,34.57716418,-0.75,34.6,-1.8471485376358032,-1.8587690591812134,3.0,0.2,-5.541445732116699,-0.19999999999999973,419523885.8808659,0.2338849969852744,-1.0430644398994582
1580,1661,migori,manyera,kenya,12/14/2009,8,0,4.08895621,,-1.062359051,34.47956637,-1.05,34.5,-1.6743206977844238,-1.769534945487976,4.0,0.2,-6.697282791137695,-0.19999999999999973,369780609.5808382,0.24639383253051225,0.9534281143618893
1581,1662,migori,manyera,kenya,12/14/2009,8,0,3.233575193,,-1.062359051,34.47956637,-1.05,34.5,-1.6743206977844238,-1.769534945487976,4.0,0.2,-6.697282791137695,-0.19999999999999973,369780609.5808382,0.24639383253051225,0.9534281143618893
1582,1663,migori,manyera,kenya,12/14/2009,4,0,3.113257503,,-1.062359051,34.47956637,-1.05,34.5,-1.6743206977844238,-1.769534945487976,4.0,0.2,-6.697282791137695,-0.19999999999999973,369780609.5808382,0.24639383253051225,0.9534281143618893
1583,1664,migori,manyera,kenya,12/14/2009,4,1,2.411613581,1.0,-1.062359051,34.47956637,-1.05,34.5,-1.6743206977844238,-1.769534945487976,4.0,0.2,-6.697282791137695,-0.19999999999999973,369780609.5808382,0.24639383253051225,0.9534281143618893
1584,1665,migori,manyera,kenya,12/14/2009,3,1,0.927705565,1.0,-1.062359051,34.47956637,-1.05,34.5,-1.6743206977844238,-1.769534945487976,4.0,0.2,-6.697282791137695,-0.19999999999999973,369780609.5808382,0.24639383253051225,0.9534281143618893
1585,1667,migori,kimaiga,kenya,12/11/2009,3,1,0.230424495,1.0,-1.054740122,34.4754613,-1.05,34.5,-1.6743206977844238,-1.769534945487976,4.0,0.2,-6.697282791137695,-0.19999999999999973,369780609.5808382,0.24639383253051225,0.9534281143618893
1586,1668,migori,kimaiga,kenya,12/11/2009,5,2,0.270530391,1.0,-1.054740122,34.4754613,-1.05,34.5,-1.6743206977844238,-1.769534945487976,4.0,0.2,-6.697282791137695,-0.19999999999999973,369780609.5808382,0.24639383253051225,0.9534281143618893
1587,1669,migori,kimaiga,kenya,12/11/2009,9,1,1.226329965,0.0,-1.054740122,34.4754613,-1.05,34.5,-1.6743206977844238,-1.769534945487976,4.0,0.2,-6.697282791137695,-0.19999999999999973,369780609.5808382,0.24639383253051225,0.9534281143618893
1588,1670,migori,kimaiga,kenya,12/11/2009,5,2,0.434447775,1.0,-1.054740122,34.4754613,-1.05,34.5,-1.6743206977844238,-1.769534945487976,4.0,0.2,-6.697282791137695,-0.19999999999999973,369780609.5808382,0.24639383253051225,0.9534281143618893
1589,1671,migori,ngere a & b,kenya,12/13/2009,6,0,3.30493067,,-0.760685911,34.57716418,-0.75,34.6,-1.8471485376358032,-1.8587690591812134,3.0,0.2,-5.541445732116699,-0.19999999999999973,419523885.8808659,0.2338849969852744,-1.0430644398994582
1590,1672,migori,ngere a & b,kenya,12/13/2009,5,2,3.608591072,0.0,-0.760685911,34.57716418,-0.75,34.6,-1.8471485376358032,-1.8587690591812134,3.0,0.2,-5.541445732116699,-0.19999999999999973,419523885.8808659,0.2338849969852744,-1.0430644398994582
1591,1673,migori,ngere a & b,kenya,12/13/2009,8,1,1.689508333,1.0,-0.760685911,34.57716418,-0.75,34.6,-1.8471485376358032,-1.8587690591812134,3.0,0.2,-5.541445732116699,-0.19999999999999973,419523885.8808659,0.2338849969852744,-1.0430644398994582
1592,1674,migori,ngere a & b,kenya,12/13/2009,5,1,0.967811462,1.0,-0.760685911,34.57716418,-0.75,34.6,-1.8471485376358032,-1.8587690591812134,3.0,0.2,-5.541445732116699,-0.19999999999999973,419523885.8808659,0.2338849969852744,-1.0430644398994582
1593,1675,migori,ngere a & b,kenya,12/13/2009,7,1,0.852409982,1.0,-0.760685911,34.57716418,-0.75,34.6,-1.8471485376358032,-1.8587690591812134,3.0,0.2,-5.541445732116699,-0.19999999999999973,419523885.8808659,0.2338849969852744,-1.0430644398994582
1594,1676,migori,ngere a & b,kenya,12/13/2009,4,1,0.640180083,1.0,-0.760685911,34.57716418,-0.75,34.6,-1.8471485376358032,-1.8587690591812134,3.0,0.2,-5.541445732116699,-0.19999999999999973,419523885.8808659,0.2338849969852744,-1.0430644398994582
1595,1677,migori,manyera,kenya,12/14/2009,9,0,3.878400253,,-1.062359051,34.47956637,-1.05,34.5,-1.6743206977844238,-1.769534945487976,4.0,0.2,-6.697282791137695,-0.19999999999999973,369780609.5808382,0.24639383253051225,0.9534281143618893
1596,1678,migori,manyera,kenya,12/14/2009,6,0,3.212616624,,-1.062359051,34.47956637,-1.05,34.5,-1.6743206977844238,-1.769534945487976,4.0,0.2,-6.697282791137695,-0.19999999999999973,369780609.5808382,0.24639383253051225,0.9534281143618893
1597,1679,migori,manyera,kenya,12/14/2009,8,0,2.143142866,,-1.062359051,34.47956637,-1.05,34.5,-1.6743206977844238,-1.769534945487976,4.0,0.2,-6.697282791137695,-0.19999999999999973,369780609.5808382,0.24639383253051225,0.9534281143618893
1598,1680,migori,manyera,kenya,12/14/2009,5,0,3.143336925,,-1.062359051,34.47956637,-1.05,34.5,-1.6743206977844238,-1.769534945487976,4.0,0.2,-6.697282791137695,-0.19999999999999973,369780609.5808382,0.24639383253051225,0.9534281143618893
1599,1681,migori,lichota,kenya,12/10/2009,7,1,2.848797378,1.0,-1.114080965,34.48229518,-1.1,34.5,-1.6310459971427917,-1.6966083645820618,2.5,0.4,-4.212550580501556,-0.3999999999999999,297653465.18283546,0.2534437600673372,-0.19632754376280137
1600,1682,migori,lichota,kenya,12/10/2009,7,1,3.818241409,1.0,-1.114080965,34.48229518,-1.1,34.5,-1.6310459971427917,-1.6966083645820618,2.5,0.4,-4.212550580501556,-0.3999999999999999,297653465.18283546,0.2534437600673372,-0.19632754376280137
1601,1683,migori,lichota,kenya,12/10/2009,9,1,-0.215278866,1.0,-1.114080965,34.48229518,-1.1,34.5,-1.6310459971427917,-1.6966083645820618,2.5,0.4,-4.212550580501556,-0.3999999999999999,297653465.18283546,0.2534437600673372,-0.19632754376280137
1602,1684,migori,lichota,kenya,12/10/2009,7,1,2.25502722,1.0,-1.114080965,34.48229518,-1.1,34.5,-1.6310459971427917,-1.6966083645820618,2.5,0.4,-4.212550580501556,-0.3999999999999999,297653465.18283546,0.2534437600673372,-0.19632754376280137
1603,1685,migori,lichota,kenya,12/10/2009,2,1,3.132404831,1.0,-1.114080965,34.48229518,-1.1,34.5,-1.6310459971427917,-1.6966083645820618,2.5,0.4,-4.212550580501556,-0.3999999999999999,297653465.18283546,0.2534437600673372,-0.19632754376280137
1604,1686,migori,lichota,kenya,12/10/2009,8,1,1.590149211,1.0,-1.114080965,34.48229518,-1.1,34.5,-1.6310459971427917,-1.6966083645820618,2.5,0.4,-4.212550580501556,-0.3999999999999999,297653465.18283546,0.2534437600673372,-0.19632754376280137
1605,1687,migori,lichota,kenya,12/10/2009,11,1,3.125289272,1.0,-1.114080965,34.48229518,-1.1,34.5,-1.6310459971427917,-1.6966083645820618,2.5,0.4,-4.212550580501556,-0.3999999999999999,297653465.18283546,0.2534437600673372,-0.19632754376280137
1606,1688,migori,lichota,kenya,12/10/2009,8,1,2.775118261,1.0,-1.114080965,34.48229518,-1.1,34.5,-1.6310459971427917,-1.6966083645820618,2.5,0.4,-4.212550580501556,-0.3999999999999999,297653465.18283546,0.2534437600673372,-0.19632754376280137
1607,1689,migori,lichota,kenya,12/10/2009,12,1,0.313500995,1.0,-1.114080965,34.48229518,-1.1,34.5,-1.6310459971427917,-1.6966083645820618,2.5,0.4,-4.212550580501556,-0.3999999999999999,297653465.18283546,0.2534437600673372,-0.19632754376280137
1608,1690,migori,lichota,kenya,12/10/2009,3,1,0.240450969,1.0,-1.114080965,34.48229518,-1.1,34.5,-1.6310459971427917,-1.6966083645820618,2.5,0.4,-4.212550580501556,-0.3999999999999999,297653465.18283546,0.2534437600673372,-0.19632754376280137
1609,1691,migori,manywanda,kenya,12/12/2009,8,1,3.848320831,0.0,-0.14525758,34.47078471,-0.15,34.45,-1.7809606790542603,-1.9137755036354065,3.0,0.4,-5.49631929397583,-0.3999999999999999,384718963.0241868,0.22574297829296236,-0.5487032276553558
1610,1692,migori,manywanda,kenya,12/12/2009,4,2,1.509937418,0.0,-0.14525758,34.47078471,-0.15,34.45,-1.7809606790542603,-1.9137755036354065,3.0,0.4,-5.49631929397583,-0.3999999999999999,384718963.0241868,0.22574297829296236,-0.5487032276553558
1611,1693,migori,manywanda,kenya,12/12/2009,9,0,3.779041132,,-0.14525758,34.47078471,-0.15,34.45,-1.7809606790542603,-1.9137755036354065,3.0,0.4,-5.49631929397583,-0.3999999999999999,384718963.0241868,0.22574297829296236,-0.5487032276553558
1612,1694,migori,manywanda,kenya,12/12/2009,3,0,3.272775469,,-0.14525758,34.47078471,-0.15,34.45,-1.7809606790542603,-1.9137755036354065,3.0,0.4,-5.49631929397583,-0.3999999999999999,384718963.0241868,0.22574297829296236,-0.5487032276553558
1613,1695,migori,manywanda,kenya,12/12/2009,2,0,3.212616624,,-0.14525758,34.47078471,-0.15,34.45,-1.7809606790542603,-1.9137755036354065,3.0,0.4,-5.49631929397583,-0.3999999999999999,384718963.0241868,0.22574297829296236,-0.5487032276553558
1614,1696,migori,manywanda,kenya,12/12/2009,3,0,3.598564598,,-0.14525758,34.47078471,-0.15,34.45,-1.7809606790542603,-1.9137755036354065,3.0,0.4,-5.49631929397583,-0.3999999999999999,384718963.0241868,0.22574297829296236,-0.5487032276553558
1615,1697,migori,manywanda,kenya,12/12/2009,6,0,3.62864402,,-0.14525758,34.47078471,-0.15,34.45,-1.7809606790542603,-1.9137755036354065,3.0,0.4,-5.49631929397583,-0.3999999999999999,384718963.0241868,0.22574297829296236,-0.5487032276553558
1616,1698,migori,manywanda,kenya,12/12/2009,7,0,-0.293971219,,-0.14525758,34.47078471,-0.15,34.45,-1.7809606790542603,-1.9137755036354065,3.0,0.4,-5.49631929397583,-0.3999999999999999,384718963.0241868,0.22574297829296236,-0.5487032276553558
1617,1699,migori,manywanda,kenya,12/12/2009,6,0,1.61020216,,-0.14525758,34.47078471,-0.15,34.45,-1.7809606790542603,-1.9137755036354065,3.0,0.4,-5.49631929397583,-0.3999999999999999,384718963.0241868,0.22574297829296236,-0.5487032276553558
1618,1700,migori,kimaiga,kenya,12/11/2009,6,4,-1.100886518,1.0,-1.054740122,34.4754613,-1.05,34.5,-1.6743206977844238,-1.769534945487976,4.0,0.2,-6.697282791137695,-0.19999999999999973,369780609.5808382,0.24639383253051225,0.9534281143618893
1619,1701,migori,ngere a & b,kenya,12/13/1991,3,1,0.912665854,1.0,-0.760685911,34.57716418,-0.75,34.6,-1.8471485376358032,-1.8587690591812134,3.0,0.2,-5.541445732116699,-0.19999999999999973,419523885.8808659,0.2338849969852744,-1.0430644398994582
1620,1702,migori,ngere a & b,kenya,12/13/2009,2,0,3.477681566,,-0.760685911,34.57716418,-0.75,34.6,-1.8471485376358032,-1.8587690591812134,3.0,0.2,-5.541445732116699,-0.19999999999999973,419523885.8808659,0.2338849969852744,-1.0430644398994582
1621,1703,migori,kimaiga,kenya,12/11/2009,3,2,-2.336812481,1.0,-1.054740122,34.4754613,-1.05,34.5,-1.6743206977844238,-1.769534945487976,4.0,0.2,-6.697282791137695,-0.19999999999999973,369780609.5808382,0.24639383253051225,0.9534281143618893
1622,1704,migori,kimaiga,kenya,12/11/2009,3,1,0.414394827,1.0,-1.054740122,34.4754613,-1.05,34.5,-1.6743206977844238,-1.769534945487976,4.0,0.2,-6.697282791137695,-0.19999999999999973,369780609.5808382,0.24639383253051225,0.9534281143618893
1623,1705,migori,kimaiga,kenya,12/11/2009,10,1,1.818462904,0.0,-1.054740122,34.4754613,-1.05,34.5,-1.6743206977844238,-1.769534945487976,4.0,0.2,-6.697282791137695,-0.19999999999999973,369780609.5808382,0.24639383253051225,0.9534281143618893
1624,1706,migori,kimaiga,kenya,12/11/2009,3,2,0.270530391,1.0,-1.054740122,34.4754613,-1.05,34.5,-1.6743206977844238,-1.769534945487976,4.0,0.2,-6.697282791137695,-0.19999999999999973,369780609.5808382,0.24639383253051225,0.9534281143618893
1625,1707,migori,kimaiga,kenya,12/11/2009,3,1,0.819202398,0.0,-1.054740122,34.4754613,-1.05,34.5,-1.6743206977844238,-1.769534945487976,4.0,0.2,-6.697282791137695,-0.19999999999999973,369780609.5808382,0.24639383253051225,0.9534281143618893
1626,1708,migori,lichota,kenya,12/14/2009,3,1,1.57420388,1.0,-1.114080965,34.48229518,-1.1,34.5,-1.6310459971427917,-1.6966083645820618,2.5,0.4,-4.212550580501556,-0.3999999999999999,297653465.18283546,0.2534437600673372,-0.19632754376280137
1627,1709,migori,manyera,kenya,12/14/2009,4,1,0.952121365,1.0,-1.062359051,34.47956637,-1.05,34.5,-1.6743206977844238,-1.769534945487976,4.0,0.2,-6.697282791137695,-0.19999999999999973,369780609.5808382,0.24639383253051225,0.9534281143618893
1628,1711,migori,manywanda,kenya,12/12/2009,3,1,3.040748545,1.0,-0.14525758,34.47078471,-0.15,34.45,-1.7809606790542603,-1.9137755036354065,3.0,0.4,-5.49631929397583,-0.3999999999999999,384718963.0241868,0.22574297829296236,-0.5487032276553558
1629,1712,migori,lichota,kenya,12/10/2009,10,0,1.630255108,,-1.114080965,34.48229518,-1.1,34.5,-1.6310459971427917,-1.6966083645820618,2.5,0.4,-4.212550580501556,-0.3999999999999999,297653465.18283546,0.2534437600673372,-0.19632754376280137
1630,1713,migori,manywanda,kenya,12/12/2009,3,1,0.828346444,1.0,-0.14525758,34.47078471,-0.15,34.45,-1.7809606790542603,-1.9137755036354065,3.0,0.4,-5.49631929397583,-0.3999999999999999,384718963.0241868,0.22574297829296236,-0.5487032276553558
1631,1714,migori,manywanda,kenya,12/12/2009,4,2,0.344107151,1.0,-0.14525758,34.47078471,-0.15,34.45,-1.7809606790542603,-1.9137755036354065,3.0,0.4,-5.49631929397583,-0.3999999999999999,384718963.0241868,0.22574297829296236,-0.5487032276553558
1632,1715,migori,kimaiga,kenya,12/12/2009,1,0,3.283972102,,-1.054740122,34.4754613,-1.05,34.5,-1.6743206977844238,-1.769534945487976,4.0,0.2,-6.697282791137695,-0.19999999999999973,369780609.5808382,0.24639383253051225,0.9534281143618893
1633,1716,migori,lichota,kenya,12/10/2009,7,0,2.257444671,,-1.114080965,34.48229518,-1.1,34.5,-1.6310459971427917,-1.6966083645820618,2.5,0.4,-4.212550580501556,-0.3999999999999999,297653465.18283546,0.2534437600673372,-0.19632754376280137
1634,1717,migori,lichota,kenya,12/10/2009,3,0,3.697923719,,-1.114080965,34.48229518,-1.1,34.5,-1.6310459971427917,-1.6966083645820618,2.5,0.4,-4.212550580501556,-0.3999999999999999,297653465.18283546,0.2534437600673372,-0.19632754376280137
1635,1718,migori,lichota,kenya,12/10/2009,4,0,3.848320831,,-1.114080965,34.48229518,-1.1,34.5,-1.6310459971427917,-1.6966083645820618,2.5,0.4,-4.212550580501556,-0.3999999999999999,297653465.18283546,0.2534437600673372,-0.19632754376280137
1636,1719,migori,lichota,kenya,12/10/2009,4,0,3.728003141,,-1.114080965,34.48229518,-1.1,34.5,-1.6310459971427917,-1.6966083645820618,2.5,0.4,-4.212550580501556,-0.3999999999999999,297653465.18283546,0.2534437600673372,-0.19632754376280137
1637,1720,migori,lichota,kenya,12/10/2009,4,0,3.728003141,,-1.114080965,34.48229518,-1.1,34.5,-1.6310459971427917,-1.6966083645820618,2.5,0.4,-4.212550580501556,-0.3999999999999999,297653465.18283546,0.2534437600673372,-0.19632754376280137
1638,1721,migori,lichota,kenya,12/10/2009,3,0,3.184612981,,-1.114080965,34.48229518,-1.1,34.5,-1.6310459971427917,-1.6966083645820618,2.5,0.4,-4.212550580501556,-0.3999999999999999,297653465.18283546,0.2534437600673372,-0.19632754376280137
1639,1722,migori,lichota,kenya,12/10/2009,7,0,3.129538653,,-1.114080965,34.48229518,-1.1,34.5,-1.6310459971427917,-1.6966083645820618,2.5,0.4,-4.212550580501556,-0.3999999999999999,297653465.18283546,0.2534437600673372,-0.19632754376280137
1640,1723,migori,lichota,kenya,12/10/2009,5,1,2.535388502,1.0,-1.114080965,34.48229518,-1.1,34.5,-1.6310459971427917,-1.6966083645820618,2.5,0.4,-4.212550580501556,-0.3999999999999999,297653465.18283546,0.2534437600673372,-0.19632754376280137
1641,1724,migori,kimaiga,kenya,12/11/2009,6,1,2.55544145,1.0,-1.054740122,34.4754613,-1.05,34.5,-1.6743206977844238,-1.769534945487976,4.0,0.2,-6.697282791137695,-0.19999999999999973,369780609.5808382,0.24639383253051225,0.9534281143618893
1642,1725,migori,kimaiga,kenya,12/11/2009,6,1,-0.581384146,0.0,-1.054740122,34.4754613,-1.05,34.5,-1.6743206977844238,-1.769534945487976,4.0,0.2,-6.697282791137695,-0.19999999999999973,369780609.5808382,0.24639383253051225,0.9534281143618893
1643,1726,migori,kimaiga,kenya,12/11/2009,3,1,3.568485175,1.0,-1.054740122,34.4754613,-1.05,34.5,-1.6743206977844238,-1.769534945487976,4.0,0.2,-6.697282791137695,-0.19999999999999973,369780609.5808382,0.24639383253051225,0.9534281143618893
1644,1727,vihiga,mbale/nyembe,kenya,12/16/2009,7,2,2.780048234,0.0,0.090242818,34.72120122,0.1,34.7,-1.684524377187093,-1.8111075162887573,2.0,0.6,-3.4411223332087197,-0.5999999999999999,313601743.05590516,0.21728507710603834,1.0407334993047097
1645,1728,migori,kimaiga,kenya,12/11/2009,4,0,0.828346444,,-1.054740122,34.4754613,-1.05,34.5,-1.6743206977844238,-1.769534945487976,4.0,0.2,-6.697282791137695,-0.19999999999999973,369780609.5808382,0.24639383253051225,0.9534281143618893
1646,1729,migori,kimaiga,kenya,12/11/2009,2,0,2.074550686,,-1.054740122,34.4754613,-1.05,34.5,-1.6743206977844238,-1.769534945487976,4.0,0.2,-6.697282791137695,-0.19999999999999973,369780609.5808382,0.24639383253051225,0.9534281143618893
1647,1730,migori,kimaiga,kenya,12/11/2009,4,0,2.862935928,,-1.054740122,34.4754613,-1.05,34.5,-1.6743206977844238,-1.769534945487976,4.0,0.2,-6.697282791137695,-0.19999999999999973,369780609.5808382,0.24639383253051225,0.9534281143618893
1648,1731,migori,kimaiga,kenya,12/11/2009,5,0,0.470627376,,-1.054740122,34.4754613,-1.05,34.5,-1.6743206977844238,-1.769534945487976,4.0,0.2,-6.697282791137695,-0.19999999999999973,369780609.5808382,0.24639383253051225,0.9534281143618893
1649,1732,migori,kimaiga,kenya,12/11/2009,4,0,1.286428123,,-1.054740122,34.4754613,-1.05,34.5,-1.6743206977844238,-1.769534945487976,4.0,0.2,-6.697282791137695,-0.19999999999999973,369780609.5808382,0.24639383253051225,0.9534281143618893
1650,1733,migori,lichota,kenya,12/10/2009,4,2,-0.670605749,1.0,-1.114080965,34.48229518,-1.1,34.5,-1.6310459971427917,-1.6966083645820618,2.5,0.4,-4.212550580501556,-0.3999999999999999,297653465.18283546,0.2534437600673372,-0.19632754376280137
1651,1734,migori,manyera,kenya,12/14/2009,5,1,3.608591072,1.0,-1.062359051,34.47956637,-1.05,34.5,-1.6743206977844238,-1.769534945487976,4.0,0.2,-6.697282791137695,-0.19999999999999973,369780609.5808382,0.24639383253051225,0.9534281143618893
1652,1735,migori,manyera,kenya,12/14/2009,7,1,1.593489194,1.0,-1.062359051,34.47956637,-1.05,34.5,-1.6743206977844238,-1.769534945487976,4.0,0.2,-6.697282791137695,-0.19999999999999973,369780609.5808382,0.24639383253051225,0.9534281143618893
1653,1736,migori,manyera,kenya,12/14/2009,3,1,1.990231276,1.0,-1.062359051,34.47956637,-1.05,34.5,-1.6743206977844238,-1.769534945487976,4.0,0.2,-6.697282791137695,-0.19999999999999973,369780609.5808382,0.24639383253051225,0.9534281143618893
1654,1737,migori,manyera,kenya,12/14/2009,3,1,3.053098658,1.0,-1.062359051,34.47956637,-1.05,34.5,-1.6743206977844238,-1.769534945487976,4.0,0.2,-6.697282791137695,-0.19999999999999973,369780609.5808382,0.24639383253051225,0.9534281143618893
1655,1738,migori,manyera,kenya,12/14/2009,5,1,2.11966982,1.0,-1.062359051,34.47956637,-1.05,34.5,-1.6743206977844238,-1.769534945487976,4.0,0.2,-6.697282791137695,-0.19999999999999973,369780609.5808382,0.24639383253051225,0.9534281143618893
1656,1739,migori,manyera,kenya,12/14/2009,9,1,1.93131387,0.0,-1.062359051,34.47956637,-1.05,34.5,-1.6743206977844238,-1.769534945487976,4.0,0.2,-6.697282791137695,-0.19999999999999973,369780609.5808382,0.24639383253051225,0.9534281143618893
1657,1740,migori,manyera,kenya,12/14/2009,8,1,3.848320831,0.0,-1.062359051,34.47956637,-1.05,34.5,-1.6743206977844238,-1.769534945487976,4.0,0.2,-6.697282791137695,-0.19999999999999973,369780609.5808382,0.24639383253051225,0.9534281143618893
1658,1741,migori,manyera,kenya,12/14/2009,3,1,3.314051524,1.0,-1.062359051,34.47956637,-1.05,34.5,-1.6743206977844238,-1.769534945487976,4.0,0.2,-6.697282791137695,-0.19999999999999973,369780609.5808382,0.24639383253051225,0.9534281143618893
1659,1742,migori,manyera,kenya,12/14/2009,2,1,3.728003141,1.0,-1.062359051,34.47956637,-1.05,34.5,-1.6743206977844238,-1.769534945487976,4.0,0.2,-6.697282791137695,-0.19999999999999973,369780609.5808382,0.24639383253051225,0.9534281143618893
1660,1743,migori,manyera,kenya,12/14/2009,9,1,-0.331062571,1.0,-1.062359051,34.47956637,-1.05,34.5,-1.6743206977844238,-1.769534945487976,4.0,0.2,-6.697282791137695,-0.19999999999999973,369780609.5808382,0.24639383253051225,0.9534281143618893
1661,1744,migori,manyera,kenya,12/14/2009,6,1,0.149770014,1.0,-1.062359051,34.47956637,-1.05,34.5,-1.6743206977844238,-1.769534945487976,4.0,0.2,-6.697282791137695,-0.19999999999999973,369780609.5808382,0.24639383253051225,0.9534281143618893
1662,1745,migori,manywanda,kenya,12/15/2009,3,2,-0.389222723,1.0,-0.14525758,34.47078471,-0.15,34.45,-1.7809606790542603,-1.9137755036354065,3.0,0.4,-5.49631929397583,-0.3999999999999999,384718963.0241868,0.22574297829296236,-0.5487032276553558
1663,1746,migori,manywanda,kenya,12/12/2009,7,2,0.315649525,1.0,-0.14525758,34.47078471,-0.15,34.45,-1.7809606790542603,-1.9137755036354065,3.0,0.4,-5.49631929397583,-0.3999999999999999,384718963.0241868,0.22574297829296236,-0.5487032276553558
1664,1747,migori,ngere a & b,kenya,12/13/2009,3,1,-0.8821565,1.0,-0.760685911,34.57716418,-0.75,34.6,-1.8471485376358032,-1.8587690591812134,3.0,0.2,-5.541445732116699,-0.19999999999999973,419523885.8808659,0.2338849969852744,-1.0430644398994582
1665,1748,migori,ngere a & b,kenya,12/13/2009,6,1,0.270530391,1.0,-0.760685911,34.57716418,-0.75,34.6,-1.8471485376358032,-1.8587690591812134,3.0,0.2,-5.541445732116699,-0.19999999999999973,419523885.8808659,0.2338849969852744,-1.0430644398994582
1666,1749,migori,ngere a & b,kenya,12/13/2009,5,1,1.842422746,1.0,-0.760685911,34.57716418,-0.75,34.6,-1.8471485376358032,-1.8587690591812134,3.0,0.2,-5.541445732116699,-0.19999999999999973,419523885.8808659,0.2338849969852744,-1.0430644398994582
1667,1750,migori,ngere a & b,kenya,12/13/2009,6,1,0.8147733,1.0,-0.760685911,34.57716418,-0.75,34.6,-1.8471485376358032,-1.8587690591812134,3.0,0.2,-5.541445732116699,-0.19999999999999973,419523885.8808659,0.2338849969852744,-1.0430644398994582
1668,1751,migori,ngere a & b,kenya,12/13/2009,1,1,-1.652901217,1.0,-0.760685911,34.57716418,-0.75,34.6,-1.8471485376358032,-1.8587690591812134,3.0,0.2,-5.541445732116699,-0.19999999999999973,419523885.8808659,0.2338849969852744,-1.0430644398994582
1669,1752,migori,ngere a & b,kenya,12/13/2009,5,1,0.805786877,0.0,-0.760685911,34.57716418,-0.75,34.6,-1.8471485376358032,-1.8587690591812134,3.0,0.2,-5.541445732116699,-0.19999999999999973,419523885.8808659,0.2338849969852744,-1.0430644398994582
1670,1753,migori,ngere a & b,kenya,12/13/2009,1,1,0.039478799,1.0,-0.760685911,34.57716418,-0.75,34.6,-1.8471485376358032,-1.8587690591812134,3.0,0.2,-5.541445732116699,-0.19999999999999973,419523885.8808659,0.2338849969852744,-1.0430644398994582
1671,1754,migori,ngere a & b,kenya,12/13/2009,6,0,3.272775469,,-0.760685911,34.57716418,-0.75,34.6,-1.8471485376358032,-1.8587690591812134,3.0,0.2,-5.541445732116699,-0.19999999999999973,419523885.8808659,0.2338849969852744,-1.0430644398994582
1672,1755,migori,ngere a & b,kenya,12/13/2009,3,3,3.568485175,1.0,-0.760685911,34.57716418,-0.75,34.6,-1.8471485376358032,-1.8587690591812134,3.0,0.2,-5.541445732116699,-0.19999999999999973,419523885.8808659,0.2338849969852744,-1.0430644398994582
1673,1756,migori,ngere a & b,kenya,12/13/2009,4,0,3.061433145,,-0.760685911,34.57716418,-0.75,34.6,-1.8471485376358032,-1.8587690591812134,3.0,0.2,-5.541445732116699,-0.19999999999999973,419523885.8808659,0.2338849969852744,-1.0430644398994582
1674,1757,migori,lichota,kenya,12/10/2009,6,2,2.525362028,1.0,-1.114080965,34.48229518,-1.1,34.5,-1.6310459971427917,-1.6966083645820618,2.5,0.4,-4.212550580501556,-0.3999999999999999,297653465.18283546,0.2534437600673372,-0.19632754376280137
1675,1758,migori,lichota,kenya,12/10/2008,7,1,3.098217792,1.0,-1.114080965,34.48229518,-1.1,34.5,-1.6310459971427917,-1.6966083645820618,2.5,0.4,-4.212550580501556,-0.3999999999999999,297653465.18283546,0.2534437600673372,-0.19632754376280137
1676,1759,migori,lichota,kenya,12/10/2009,3,1,2.798665007,1.0,-1.114080965,34.48229518,-1.1,34.5,-1.6310459971427917,-1.6966083645820618,2.5,0.4,-4.212550580501556,-0.3999999999999999,297653465.18283546,0.2534437600673372,-0.19632754376280137
1677,1760,migori,lichota,kenya,12/10/2009,9,1,3.173416348,1.0,-1.114080965,34.48229518,-1.1,34.5,-1.6310459971427917,-1.6966083645820618,2.5,0.4,-4.212550580501556,-0.3999999999999999,297653465.18283546,0.2534437600673372,-0.19632754376280137
1678,1761,migori,lichota,kenya,12/10/2009,2,1,2.210769532,0.0,-1.114080965,34.48229518,-1.1,34.5,-1.6310459971427917,-1.6966083645820618,2.5,0.4,-4.212550580501556,-0.3999999999999999,297653465.18283546,0.2534437600673372,-0.19632754376280137
1679,1762,migori,kimaiga,kenya,12/11/2009,6,2,-0.628494558,0.0,-1.054740122,34.4754613,-1.05,34.5,-1.6743206977844238,-1.769534945487976,4.0,0.2,-6.697282791137695,-0.19999999999999973,369780609.5808382,0.24639383253051225,0.9534281143618893
1680,1763,migori,kimaiga,kenya,12/11/2009,6,1,3.173416348,1.0,-1.054740122,34.4754613,-1.05,34.5,-1.6743206977844238,-1.769534945487976,4.0,0.2,-6.697282791137695,-0.19999999999999973,369780609.5808382,0.24639383253051225,0.9534281143618893
1681,1764,migori,kimaiga,kenya,12/11/2009,1,2,2.768585585,1.0,-1.054740122,34.4754613,-1.05,34.5,-1.6743206977844238,-1.769534945487976,4.0,0.2,-6.697282791137695,-0.19999999999999973,369780609.5808382,0.24639383253051225,0.9534281143618893
1682,1765,vihiga,idohi,kenya,12/15/2009,3,1,1.637785647,0.0,0.084078524,34.7227277,0.1,34.7,-1.684524377187093,-1.8111075162887573,2.0,0.6,-3.4411223332087197,-0.5999999999999999,313601743.05590516,0.21728507710603834,1.0407334993047097
1683,1766,vihiga,idohi,kenya,12/15/2009,5,1,1.926415055,1.0,0.084078524,34.7227277,0.1,34.7,-1.684524377187093,-1.8111075162887573,2.0,0.6,-3.4411223332087197,-0.5999999999999999,313601743.05590516,0.21728507710603834,1.0407334993047097
1684,1767,vihiga,idohi,kenya,12/15/2009,3,0,1.809310047,1.0,0.084078524,34.7227277,0.1,34.7,-1.684524377187093,-1.8111075162887573,2.0,0.6,-3.4411223332087197,-0.5999999999999999,313601743.05590516,0.21728507710603834,1.0407334993047097
1685,1768,vihiga,idohi,kenya,12/15/2009,7,0,2.947034313,,0.084078524,34.7227277,0.1,34.7,-1.684524377187093,-1.8111075162887573,2.0,0.6,-3.4411223332087197,-0.5999999999999999,313601743.05590516,0.21728507710603834,1.0407334993047097
1686,1769,vihiga,idohi,kenya,12/15/2009,8,3,2.451719477,1.0,0.084078524,34.7227277,0.1,34.7,-1.684524377187093,-1.8111075162887573,2.0,0.6,-3.4411223332087197,-0.5999999999999999,313601743.05590516,0.21728507710603834,1.0407334993047097
1687,1770,vihiga,ikengero,kenya,12/18/2009,2,0,-0.065938735,,0.046629774,34.72621267,0.05,34.75,-1.7200993299484253,-1.8332599798838298,2.0,0.6,-3.5099716583887735,-0.5999999999999999,313601743.05590516,0.22937305026772065,0.7714106416615714
1688,1771,vihiga,idohi,kenya,12/15/2009,5,0,3.358269497,1.0,0.084078524,34.7227277,0.1,34.7,-1.684524377187093,-1.8111075162887573,2.0,0.6,-3.4411223332087197,-0.5999999999999999,313601743.05590516,0.21728507710603834,1.0407334993047097
1689,1772,vihiga,mbale/nyembe,kenya,12/16/2009,6,2,0.819752323,1.0,0.090242818,34.72120122,0.1,34.7,-1.684524377187093,-1.8111075162887573,2.0,0.6,-3.4411223332087197,-0.5999999999999999,313601743.05590516,0.21728507710603834,1.0407334993047097
1690,1773,vihiga,ikengero,kenya,12/17/2009,12,1,2.579307503,0.0,0.046629774,34.72621267,0.05,34.75,-1.7200993299484253,-1.8332599798838298,2.0,0.6,-3.5099716583887735,-0.5999999999999999,313601743.05590516,0.22937305026772065,0.7714106416615714
1691,1774,vihiga,magina,kenya,12/20/2009,2,0,3.667844297,,-0.960800433,36.62619657,-0.95,36.65,-1.6766071915626526,-1.7100677291552226,1.8333333333333333,0.8,-3.1162154277165732,-0.29999999999999993,307767289.1903428,0.22880595043558327,2.143442688708158
1692,1775,migori,kimaiga,kenya,12/11/2009,6,0,2.244397521,,-1.054740122,34.4754613,-1.05,34.5,-1.6743206977844238,-1.769534945487976,4.0,0.2,-6.697282791137695,-0.19999999999999973,369780609.5808382,0.24639383253051225,0.9534281143618893
1693,1776,vihiga,mbale/nyembe,kenya,12/16/2009,5,1,-0.929645925,1.0,0.090242818,34.72120122,0.1,34.7,-1.684524377187093,-1.8111075162887573,2.0,0.6,-3.4411223332087197,-0.5999999999999999,313601743.05590516,0.21728507710603834,1.0407334993047097
1694,1777,vihiga,mbale/nyembe,kenya,12/16/2009,6,6,-0.298187321,1.0,0.090242818,34.72120122,0.1,34.7,-1.684524377187093,-1.8111075162887573,2.0,0.6,-3.4411223332087197,-0.5999999999999999,313601743.05590516,0.21728507710603834,1.0407334993047097
1695,1778,vihiga,mbale/nyembe,kenya,12/16/2009,8,5,0.480066182,1.0,0.090242818,34.72120122,0.1,34.7,-1.684524377187093,-1.8111075162887573,2.0,0.6,-3.4411223332087197,-0.5999999999999999,313601743.05590516,0.21728507710603834,1.0407334993047097
1696,1779,vihiga,mbale/nyembe,kenya,12/16/2009,6,0,1.994075946,,0.090242818,34.72120122,0.1,34.7,-1.684524377187093,-1.8111075162887573,2.0,0.6,-3.4411223332087197,-0.5999999999999999,313601743.05590516,0.21728507710603834,1.0407334993047097
1697,1780,vihiga,mbale/nyembe,kenya,12/16/2009,3,0,3.272775469,1.0,0.090242818,34.72120122,0.1,34.7,-1.684524377187093,-1.8111075162887573,2.0,0.6,-3.4411223332087197,-0.5999999999999999,313601743.05590516,0.21728507710603834,1.0407334993047097
1698,1781,vihiga,idohi,kenya,12/15/2009,1,6,-0.430640409,0.0,0.084078524,34.7227277,0.1,34.7,-1.684524377187093,-1.8111075162887573,2.0,0.6,-3.4411223332087197,-0.5999999999999999,313601743.05590516,0.21728507710603834,1.0407334993047097
1699,1782,vihiga,idohi,kenya,12/15/2009,4,4,0.109664118,1.0,0.084078524,34.7227277,0.1,34.7,-1.684524377187093,-1.8111075162887573,2.0,0.6,-3.4411223332087197,-0.5999999999999999,313601743.05590516,0.21728507710603834,1.0407334993047097
1700,1783,vihiga,idohi,kenya,12/15/2009,3,6,-0.583278397,1.0,0.084078524,34.7227277,0.1,34.7,-1.684524377187093,-1.8111075162887573,2.0,0.6,-3.4411223332087197,-0.5999999999999999,313601743.05590516,0.21728507710603834,1.0407334993047097
1701,1784,vihiga,idohi,kenya,12/15/2009,4,0,0.98283244,,0.084078524,34.7227277,0.1,34.7,-1.684524377187093,-1.8111075162887573,2.0,0.6,-3.4411223332087197,-0.5999999999999999,313601743.05590516,0.21728507710603834,1.0407334993047097
1702,1785,vihiga,idohi,kenya,12/15/2009,5,5,2.84288298,1.0,0.084078524,34.7227277,0.1,34.7,-1.684524377187093,-1.8111075162887573,2.0,0.6,-3.4411223332087197,-0.5999999999999999,313601743.05590516,0.21728507710603834,1.0407334993047097
1703,1786,vihiga,idohi,kenya,12/15/2009,8,6,1.90440302,1.0,0.084078524,34.7227277,0.1,34.7,-1.684524377187093,-1.8111075162887573,2.0,0.6,-3.4411223332087197,-0.5999999999999999,313601743.05590516,0.21728507710603834,1.0407334993047097
1704,1787,vihiga,idohi,kenya,12/15/2009,6,3,2.421640055,1.0,0.084078524,34.7227277,0.1,34.7,-1.684524377187093,-1.8111075162887573,2.0,0.6,-3.4411223332087197,-0.5999999999999999,313601743.05590516,0.21728507710603834,1.0407334993047097
1705,1788,vihiga,idohi,kenya,12/15/2009,3,0,1.092431364,,0.084078524,34.7227277,0.1,34.7,-1.684524377187093,-1.8111075162887573,2.0,0.6,-3.4411223332087197,-0.5999999999999999,313601743.05590516,0.21728507710603834,1.0407334993047097
1706,1789,vihiga,mbale/nyembe,kenya,12/16/2009,2,0,-0.394441473,,0.090242818,34.72120122,0.1,34.7,-1.684524377187093,-1.8111075162887573,2.0,0.6,-3.4411223332087197,-0.5999999999999999,313601743.05590516,0.21728507710603834,1.0407334993047097
1707,1790,vihiga,mbale/nyembe,kenya,12/17/2009,7,1,-2.367663612,1.0,0.090242818,34.72120122,0.1,34.7,-1.684524377187093,-1.8111075162887573,2.0,0.6,-3.4411223332087197,-0.5999999999999999,313601743.05590516,0.21728507710603834,1.0407334993047097
1708,1791,vihiga,mbale/nyembe,kenya,12/16/2009,2,1,0.416103854,1.0,0.090242818,34.72120122,0.1,34.7,-1.684524377187093,-1.8111075162887573,2.0,0.6,-3.4411223332087197,-0.5999999999999999,313601743.05590516,0.21728507710603834,1.0407334993047097
1709,1792,vihiga,idohi,kenya,12/15/2009,5,0,1.632810281,,0.084078524,34.7227277,0.1,34.7,-1.684524377187093,-1.8111075162887573,2.0,0.6,-3.4411223332087197,-0.5999999999999999,313601743.05590516,0.21728507710603834,1.0407334993047097
1710,1793,vihiga,idohi,kenya,12/15/2009,4,0,0.104632148,,0.084078524,34.7227277,0.1,34.7,-1.684524377187093,-1.8111075162887573,2.0,0.6,-3.4411223332087197,-0.5999999999999999,313601743.05590516,0.21728507710603834,1.0407334993047097
1711,1794,vihiga,mbale/nyembe,kenya,12/16/2009,1,2,2.346422766,0.0,0.090242818,34.72120122,0.1,34.7,-1.684524377187093,-1.8111075162887573,2.0,0.6,-3.4411223332087197,-0.5999999999999999,313601743.05590516,0.21728507710603834,1.0407334993047097
1712,1795,vihiga,mbale/nyembe,kenya,12/16/2009,5,2,-2.47203597,1.0,0.090242818,34.72120122,0.1,34.7,-1.684524377187093,-1.8111075162887573,2.0,0.6,-3.4411223332087197,-0.5999999999999999,313601743.05590516,0.21728507710603834,1.0407334993047097
1713,1796,vihiga,mbale/nyembe,kenya,12/16/2009,2,0,-0.385540009,,0.090242818,34.72120122,0.1,34.7,-1.684524377187093,-1.8111075162887573,2.0,0.6,-3.4411223332087197,-0.5999999999999999,313601743.05590516,0.21728507710603834,1.0407334993047097
1714,1797,vihiga,idohi,kenya,12/15/2009,6,1,1.874323598,0.0,0.084078524,34.7227277,0.1,34.7,-1.684524377187093,-1.8111075162887573,2.0,0.6,-3.4411223332087197,-0.5999999999999999,313601743.05590516,0.21728507710603834,1.0407334993047097
1715,1798,vihiga,mbale/nyembe,kenya,12/16/2009,7,2,2.947255338,1.0,0.090242818,34.72120122,0.1,34.7,-1.684524377187093,-1.8111075162887573,2.0,0.6,-3.4411223332087197,-0.5999999999999999,313601743.05590516,0.21728507710603834,1.0407334993047097
1716,1799,vihiga,idohi,kenya,12/15/2009,6,2,0.101642939,0.0,0.084078524,34.7227277,0.1,34.7,-1.684524377187093,-1.8111075162887573,2.0,0.6,-3.4411223332087197,-0.5999999999999999,313601743.05590516,0.21728507710603834,1.0407334993047097
1717,1800,vihiga,mbale/nyembe,kenya,12/16/2009,2,5,-0.488194082,1.0,0.090242818,34.72120122,0.1,34.7,-1.684524377187093,-1.8111075162887573,2.0,0.6,-3.4411223332087197,-0.5999999999999999,313601743.05590516,0.21728507710603834,1.0407334993047097
1718,1801,vihiga,mbale/nyembe,kenya,12/16/2009,9,5,1.669121157,1.0,0.090242818,34.72120122,0.1,34.7,-1.684524377187093,-1.8111075162887573,2.0,0.6,-3.4411223332087197,-0.5999999999999999,313601743.05590516,0.21728507710603834,1.0407334993047097
1719,1802,vihiga,mbale/nyembe,kenya,12/16/2009,7,0,-1.619478462,,0.090242818,34.72120122,0.1,34.7,-1.684524377187093,-1.8111075162887573,2.0,0.6,-3.4411223332087197,-0.5999999999999999,313601743.05590516,0.21728507710603834,1.0407334993047097
1720,1803,vihiga,idohi,kenya,12/15/2009,9,4,0.164809726,1.0,0.084078524,34.7227277,0.1,34.7,-1.684524377187093,-1.8111075162887573,2.0,0.6,-3.4411223332087197,-0.5999999999999999,313601743.05590516,0.21728507710603834,1.0407334993047097
1721,1804,vihiga,idohi,kenya,12/15/2009,5,0,3.068138369,,0.084078524,34.7227277,0.1,34.7,-1.684524377187093,-1.8111075162887573,2.0,0.6,-3.4411223332087197,-0.5999999999999999,313601743.05590516,0.21728507710603834,1.0407334993047097
1722,1805,vihiga,idohi,kenya,12/15/2009,5,1,-1.025221442,1.0,0.084078524,34.7227277,0.1,34.7,-1.684524377187093,-1.8111075162887573,2.0,0.6,-3.4411223332087197,-0.5999999999999999,313601743.05590516,0.21728507710603834,1.0407334993047097
1723,1806,vihiga,idohi,kenya,12/15/2009,5,7,1.405436188,1.0,0.084078524,34.7227277,0.1,34.7,-1.684524377187093,-1.8111075162887573,2.0,0.6,-3.4411223332087197,-0.5999999999999999,313601743.05590516,0.21728507710603834,1.0407334993047097
1724,1807,vihiga,magina,kenya,12/20/2009,6,0,2.681258232,,-0.960800433,36.62619657,-0.95,36.65,-1.6766071915626526,-1.7100677291552226,1.8333333333333333,0.8,-3.1162154277165732,-0.29999999999999993,307767289.1903428,0.22880595043558327,2.143442688708158
1725,1808,vihiga,magina,kenya,12/20/2009,1,0,1.706822336,,-0.960800433,36.62619657,-0.95,36.65,-1.6766071915626526,-1.7100677291552226,1.8333333333333333,0.8,-3.1162154277165732,-0.29999999999999993,307767289.1903428,0.22880595043558327,2.143442688708158
1726,1809,vihiga,ikengero,kenya,12/18/2009,3,0,2.458989814,1.0,0.046629774,34.72621267,0.05,34.75,-1.7200993299484253,-1.8332599798838298,2.0,0.6,-3.5099716583887735,-0.5999999999999999,313601743.05590516,0.22937305026772065,0.7714106416615714
1727,1810,vihiga,ikengero,kenya,12/18/2009,5,0,-2.291061695,,0.046629774,34.72621267,0.05,34.75,-1.7200993299484253,-1.8332599798838298,2.0,0.6,-3.5099716583887735,-0.5999999999999999,313601743.05590516,0.22937305026772065,0.7714106416615714
1728,1811,vihiga,ikengero,kenya,12/18/2009,8,2,0.787244502,1.0,0.046629774,34.72621267,0.05,34.75,-1.7200993299484253,-1.8332599798838298,2.0,0.6,-3.5099716583887735,-0.5999999999999999,313601743.05590516,0.22937305026772065,0.7714106416615714
1729,1812,vihiga,ikengero,kenya,12/18/2009,2,3,1.569190643,1.0,0.046629774,34.72621267,0.05,34.75,-1.7200993299484253,-1.8332599798838298,2.0,0.6,-3.5099716583887735,-0.5999999999999999,313601743.05590516,0.22937305026772065,0.7714106416615714
1730,1813,vihiga,mbale/nyembe,kenya,12/16/2009,7,0,1.889363309,1.0,0.090242818,34.72120122,0.1,34.7,-1.684524377187093,-1.8111075162887573,2.0,0.6,-3.4411223332087197,-0.5999999999999999,313601743.05590516,0.21728507710603834,1.0407334993047097
1731,1814,vihiga,ikengero,kenya,12/16/2009,1,3,0.892594173,1.0,0.046629774,34.72621267,0.05,34.75,-1.7200993299484253,-1.8332599798838298,2.0,0.6,-3.5099716583887735,-0.5999999999999999,313601743.05590516,0.22937305026772065,0.7714106416615714
1732,1815,vihiga,ikengero,kenya,12/18/2009,5,2,0.469841009,1.0,0.046629774,34.72621267,0.05,34.75,-1.7200993299484253,-1.8332599798838298,2.0,0.6,-3.5099716583887735,-0.5999999999999999,313601743.05590516,0.22937305026772065,0.7714106416615714
1733,1816,vihiga,idohi,kenya,12/15/2009,9,1,0.626151945,1.0,0.084078524,34.7227277,0.1,34.7,-1.684524377187093,-1.8111075162887573,2.0,0.6,-3.4411223332087197,-0.5999999999999999,313601743.05590516,0.21728507710603834,1.0407334993047097
1734,1817,vihiga,idohi,kenya,12/15/2009,5,4,-0.718526458,1.0,0.084078524,34.7227277,0.1,34.7,-1.684524377187093,-1.8111075162887573,2.0,0.6,-3.4411223332087197,-0.5999999999999999,313601743.05590516,0.21728507710603834,1.0407334993047097
1735,1818,vihiga,ikengero,kenya,12/17/2009,8,1,-2.005684171,0.0,0.046629774,34.72621267,0.05,34.75,-1.7200993299484253,-1.8332599798838298,2.0,0.6,-3.5099716583887735,-0.5999999999999999,313601743.05590516,0.22937305026772065,0.7714106416615714
1736,1819,vihiga,ikengero,kenya,12/17/2009,4,1,-2.66310432,1.0,0.046629774,34.72621267,0.05,34.75,-1.7200993299484253,-1.8332599798838298,2.0,0.6,-3.5099716583887735,-0.5999999999999999,313601743.05590516,0.22937305026772065,0.7714106416615714
1737,1820,vihiga,ikengero,kenya,12/17/2009,5,0,-0.984810265,,0.046629774,34.72621267,0.05,34.75,-1.7200993299484253,-1.8332599798838298,2.0,0.6,-3.5099716583887735,-0.5999999999999999,313601743.05590516,0.22937305026772065,0.7714106416615714
1738,1821,vihiga,mbale/nyembe,kenya,12/16/2009,1,3,2.878652638,0.0,0.090242818,34.72120122,0.1,34.7,-1.684524377187093,-1.8111075162887573,2.0,0.6,-3.4411223332087197,-0.5999999999999999,313601743.05590516,0.21728507710603834,1.0407334993047097
1739,1822,vihiga,mbale/nyembe,kenya,12/17/2009,5,1,3.333203312,0.0,0.090242818,34.72120122,0.1,34.7,-1.684524377187093,-1.8111075162887573,2.0,0.6,-3.4411223332087197,-0.5999999999999999,313601743.05590516,0.21728507710603834,1.0407334993047097
1740,1823,vihiga,mbale/nyembe,kenya,12/17/2009,3,5,0.059531747,1.0,0.090242818,34.72120122,0.1,34.7,-1.684524377187093,-1.8111075162887573,2.0,0.6,-3.4411223332087197,-0.5999999999999999,313601743.05590516,0.21728507710603834,1.0407334993047097
1741,1824,vihiga,liamidi,kenya,12/19/2009,4,2,0.794924864,1.0,-0.022113269,34.74408902,-0.0,34.75,-1.716753641764323,-1.7842376629511516,2.0,0.6,-3.5199309587478638,-0.5999999999999999,313601743.05590516,0.25760026386707563,0.5462990864972853
1742,1825,vihiga,liamidi,kenya,12/19/2009,10,2,0.603807231,1.0,-0.022113269,34.74408902,-0.0,34.75,-1.716753641764323,-1.7842376629511516,2.0,0.6,-3.5199309587478638,-0.5999999999999999,313601743.05590516,0.25760026386707563,0.5462990864972853
1743,1826,vihiga,liamidi,kenya,12/19/2009,4,0,2.922189153,,-0.022113269,34.74408902,-0.0,34.75,-1.716753641764323,-1.7842376629511516,2.0,0.6,-3.5199309587478638,-0.5999999999999999,313601743.05590516,0.25760026386707563,0.5462990864972853
1744,1827,vihiga,liamidi,kenya,12/19/2009,6,1,2.141489833,1.0,-0.022113269,34.74408902,-0.0,34.75,-1.716753641764323,-1.7842376629511516,2.0,0.6,-3.5199309587478638,-0.5999999999999999,313601743.05590516,0.25760026386707563,0.5462990864972853
1745,1828,vihiga,liamidi,kenya,12/19/2009,5,1,-0.321047415,1.0,-0.022113269,34.74408902,-0.0,34.75,-1.716753641764323,-1.7842376629511516,2.0,0.6,-3.5199309587478638,-0.5999999999999999,313601743.05590516,0.25760026386707563,0.5462990864972853
1746,1829,vihiga,liamidi,kenya,12/19/2009,3,2,0.394805798,1.0,-0.022113269,34.74408902,-0.0,34.75,-1.716753641764323,-1.7842376629511516,2.0,0.6,-3.5199309587478638,-0.5999999999999999,313601743.05590516,0.25760026386707563,0.5462990864972853
1747,1830,vihiga,liamidi,kenya,12/19/2009,11,3,0.042768383,1.0,-0.022113269,34.74408902,-0.0,34.75,-1.716753641764323,-1.7842376629511516,2.0,0.6,-3.5199309587478638,-0.5999999999999999,313601743.05590516,0.25760026386707563,0.5462990864972853
1748,1831,vihiga,magina,kenya,12/20/2009,2,1,0.414394827,1.0,-0.960800433,36.62619657,-0.95,36.65,-1.6766071915626526,-1.7100677291552226,1.8333333333333333,0.8,-3.1162154277165732,-0.29999999999999993,307767289.1903428,0.22880595043558327,2.143442688708158
1749,1832,vihiga,magina,kenya,12/20/2009,5,1,-1.129269787,1.0,-0.960800433,36.62619657,-0.95,36.65,-1.6766071915626526,-1.7100677291552226,1.8333333333333333,0.8,-3.1162154277165732,-0.29999999999999993,307767289.1903428,0.22880595043558327,2.143442688708158
1750,1833,vihiga,magina,kenya,12/20/2009,3,1,1.992648726,1.0,-0.960800433,36.62619657,-0.95,36.65,-1.6766071915626526,-1.7100677291552226,1.8333333333333333,0.8,-3.1162154277165732,-0.29999999999999993,307767289.1903428,0.22880595043558327,2.143442688708158
1751,1834,vihiga,magina,kenya,12/19/2009,7,2,3.133310451,1.0,-0.960800433,36.62619657,-0.95,36.65,-1.6766071915626526,-1.7100677291552226,1.8333333333333333,0.8,-3.1162154277165732,-0.29999999999999993,307767289.1903428,0.22880595043558327,2.143442688708158
1752,1835,vihiga,magina,kenya,12/19/2009,5,0,3.242696047,1.0,-0.960800433,36.62619657,-0.95,36.65,-1.6766071915626526,-1.7100677291552226,1.8333333333333333,0.8,-3.1162154277165732,-0.29999999999999993,307767289.1903428,0.22880595043558327,2.143442688708158
1753,1836,vihiga,magina,kenya,12/19/2009,3,3,3.544421637,1.0,-0.960800433,36.62619657,-0.95,36.65,-1.6766071915626526,-1.7100677291552226,1.8333333333333333,0.8,-3.1162154277165732,-0.29999999999999993,307767289.1903428,0.22880595043558327,2.143442688708158
1754,1837,vihiga,liamidi,kenya,12/19/2009,6,2,3.182537202,1.0,-0.022113269,34.74408902,-0.0,34.75,-1.716753641764323,-1.7842376629511516,2.0,0.6,-3.5199309587478638,-0.5999999999999999,313601743.05590516,0.25760026386707563,0.5462990864972853
1755,1838,vihiga,liamidi,kenya,12/19/2009,5,5,3.043072184,1.0,-0.022113269,34.74408902,-0.0,34.75,-1.716753641764323,-1.7842376629511516,2.0,0.6,-3.5199309587478638,-0.5999999999999999,313601743.05590516,0.25760026386707563,0.5462990864972853
1756,1839,vihiga,liamidi,kenya,12/19/2009,3,1,1.282065271,1.0,-0.022113269,34.74408902,-0.0,34.75,-1.716753641764323,-1.7842376629511516,2.0,0.6,-3.5199309587478638,-0.5999999999999999,313601743.05590516,0.25760026386707563,0.5462990864972853
1757,1840,vihiga,ikengero,kenya,12/19/2009,2,0,-0.247331078,,0.046629774,34.72621267,0.05,34.75,-1.7200993299484253,-1.8332599798838298,2.0,0.6,-3.5099716583887735,-0.5999999999999999,313601743.05590516,0.22937305026772065,0.7714106416615714
1758,1841,vihiga,ikengero,kenya,12/18/2009,10,2,3.143336925,1.0,0.046629774,34.72621267,0.05,34.75,-1.7200993299484253,-1.8332599798838298,2.0,0.6,-3.5099716583887735,-0.5999999999999999,313601743.05590516,0.22937305026772065,0.7714106416615714
1759,1842,vihiga,ikengero,kenya,12/17/2009,2,1,-0.529582593,1.0,0.046629774,34.72621267,0.05,34.75,-1.7200993299484253,-1.8332599798838298,2.0,0.6,-3.5099716583887735,-0.5999999999999999,313601743.05590516,0.22937305026772065,0.7714106416615714
1760,1843,vihiga,liamidi,kenya,12/18/2009,5,1,2.156278769,1.0,-0.022113269,34.74408902,-0.0,34.75,-1.716753641764323,-1.7842376629511516,2.0,0.6,-3.5199309587478638,-0.5999999999999999,313601743.05590516,0.25760026386707563,0.5462990864972853
1761,1844,vihiga,liamidi,kenya,12/18/2009,6,1,3.348243023,1.0,-0.022113269,34.74408902,-0.0,34.75,-1.716753641764323,-1.7842376629511516,2.0,0.6,-3.5199309587478638,-0.5999999999999999,313601743.05590516,0.25760026386707563,0.5462990864972853
1762,1845,vihiga,magina,kenya,12/18/2009,5,0,1.254602606,1.0,-0.960800433,36.62619657,-0.95,36.65,-1.6766071915626526,-1.7100677291552226,1.8333333333333333,0.8,-3.1162154277165732,-0.29999999999999993,307767289.1903428,0.22880595043558327,2.143442688708158
1763,1846,vihiga,liamidi,kenya,12/17/2009,9,3,2.89612032,1.0,-0.022113269,34.74408902,-0.0,34.75,-1.716753641764323,-1.7842376629511516,2.0,0.6,-3.5199309587478638,-0.5999999999999999,313601743.05590516,0.25760026386707563,0.5462990864972853
1764,1847,vihiga,liamidi,kenya,12/17/2009,5,1,3.682884008,1.0,-0.022113269,34.74408902,-0.0,34.75,-1.716753641764323,-1.7842376629511516,2.0,0.6,-3.5199309587478638,-0.5999999999999999,313601743.05590516,0.25760026386707563,0.5462990864972853
1765,1848,vihiga,liamidi,kenya,12/17/2009,8,2,2.140725415,1.0,-0.022113269,34.74408902,-0.0,34.75,-1.716753641764323,-1.7842376629511516,2.0,0.6,-3.5199309587478638,-0.5999999999999999,313601743.05590516,0.25760026386707563,0.5462990864972853
1766,1849,vihiga,liamidi,kenya,12/17/2009,3,0,1.57420388,,-0.022113269,34.74408902,-0.0,34.75,-1.716753641764323,-1.7842376629511516,2.0,0.6,-3.5199309587478638,-0.5999999999999999,313601743.05590516,0.25760026386707563,0.5462990864972853
1767,1850,vihiga,ikengero,kenya,12/18/2009,11,1,0.294398619,1.0,0.046629774,34.72621267,0.05,34.75,-1.7200993299484253,-1.8332599798838298,2.0,0.6,-3.5099716583887735,-0.5999999999999999,313601743.05590516,0.22937305026772065,0.7714106416615714
1768,1851,vihiga,liamidi,kenya,12/14/2009,6,0,3.173416348,,-0.022113269,34.74408902,-0.0,34.75,-1.716753641764323,-1.7842376629511516,2.0,0.6,-3.5199309587478638,-0.5999999999999999,313601743.05590516,0.25760026386707563,0.5462990864972853
1769,1852,vihiga,magina,kenya,12/14/2009,6,1,2.669226463,0.0,-0.960800433,36.62619657,-0.95,36.65,-1.6766071915626526,-1.7100677291552226,1.8333333333333333,0.8,-3.1162154277165732,-0.29999999999999993,307767289.1903428,0.22880595043558327,2.143442688708158
1770,1853,vihiga,magina,kenya,12/14/2009,5,0,2.802777083,,-0.960800433,36.62619657,-0.95,36.65,-1.6766071915626526,-1.7100677291552226,1.8333333333333333,0.8,-3.1162154277165732,-0.29999999999999993,307767289.1903428,0.22880595043558327,2.143442688708158
1771,1854,vihiga,magina,kenya,12/14/2009,5,0,2.181344954,,-0.960800433,36.62619657,-0.95,36.65,-1.6766071915626526,-1.7100677291552226,1.8333333333333333,0.8,-3.1162154277165732,-0.29999999999999993,307767289.1903428,0.22880595043558327,2.143442688708158
1772,1855,vihiga,liamidi,kenya,12/14/2009,8,0,3.728003141,,-0.022113269,34.74408902,-0.0,34.75,-1.716753641764323,-1.7842376629511516,2.0,0.6,-3.5199309587478638,-0.5999999999999999,313601743.05590516,0.25760026386707563,0.5462990864972853
1773,1856,vihiga,liamidi,kenya,12/14/2009,1,4,3.619717221,1.0,-0.022113269,34.74408902,-0.0,34.75,-1.716753641764323,-1.7842376629511516,2.0,0.6,-3.5199309587478638,-0.5999999999999999,313601743.05590516,0.25760026386707563,0.5462990864972853
1774,1857,vihiga,liamidi,kenya,12/14/2009,5,1,3.068138369,0.0,-0.022113269,34.74408902,-0.0,34.75,-1.716753641764323,-1.7842376629511516,2.0,0.6,-3.5199309587478638,-0.5999999999999999,313601743.05590516,0.25760026386707563,0.5462990864972853
1775,1858,vihiga,liamidi,kenya,12/14/2009,6,0,2.520999176,1.0,-0.022113269,34.74408902,-0.0,34.75,-1.716753641764323,-1.7842376629511516,2.0,0.6,-3.5199309587478638,-0.5999999999999999,313601743.05590516,0.25760026386707563,0.5462990864972853
1776,1859,vihiga,magina,kenya,12/20/2009,2,1,0.557971921,1.0,-0.960800433,36.62619657,-0.95,36.65,-1.6766071915626526,-1.7100677291552226,1.8333333333333333,0.8,-3.1162154277165732,-0.29999999999999993,307767289.1903428,0.22880595043558327,2.143442688708158
1777,1860,vihiga,magina,kenya,12/20/2009,7,6,-0.531470492,1.0,-0.960800433,36.62619657,-0.95,36.65,-1.6766071915626526,-1.7100677291552226,1.8333333333333333,0.8,-3.1162154277165732,-0.29999999999999993,307767289.1903428,0.22880595043558327,2.143442688708158
1778,1861,vihiga,ikengero,kenya,12/19/2009,4,2,1.18270615,1.0,0.046629774,34.72621267,0.05,34.75,-1.7200993299484253,-1.8332599798838298,2.0,0.6,-3.5099716583887735,-0.5999999999999999,313601743.05590516,0.22937305026772065,0.7714106416615714
1779,1862,vihiga,magina,kenya,12/20/2009,3,1,2.787737372,1.0,-0.960800433,36.62619657,-0.95,36.65,-1.6766071915626526,-1.7100677291552226,1.8333333333333333,0.8,-3.1162154277165732,-0.29999999999999993,307767289.1903428,0.22880595043558327,2.143442688708158
1780,1863,vihiga,magina,kenya,12/20/2009,6,3,-0.667168101,1.0,-0.960800433,36.62619657,-0.95,36.65,-1.6766071915626526,-1.7100677291552226,1.8333333333333333,0.8,-3.1162154277165732,-0.29999999999999993,307767289.1903428,0.22880595043558327,2.143442688708158
1781,1864,vihiga,magina,kenya,12/20/2009,2,1,1.146610843,1.0,-0.960800433,36.62619657,-0.95,36.65,-1.6766071915626526,-1.7100677291552226,1.8333333333333333,0.8,-3.1162154277165732,-0.29999999999999993,307767289.1903428,0.22880595043558327,2.143442688708158
1782,1865,vihiga,magina,kenya,12/20/2009,3,2,0.256966449,1.0,-0.960800433,36.62619657,-0.95,36.65,-1.6766071915626526,-1.7100677291552226,1.8333333333333333,0.8,-3.1162154277165732,-0.29999999999999993,307767289.1903428,0.22880595043558327,2.143442688708158
1783,1866,vihiga,magina,kenya,12/20/2009,9,2,1.257904706,1.0,-0.960800433,36.62619657,-0.95,36.65,-1.6766071915626526,-1.7100677291552226,1.8333333333333333,0.8,-3.1162154277165732,-0.29999999999999993,307767289.1903428,0.22880595043558327,2.143442688708158
1784,1867,vihiga,magina,kenya,12/20/2009,12,1,1.266928532,1.0,-0.960800433,36.62619657,-0.95,36.65,-1.6766071915626526,-1.7100677291552226,1.8333333333333333,0.8,-3.1162154277165732,-0.29999999999999993,307767289.1903428,0.22880595043558327,2.143442688708158
1785,1868,vihiga,magina,kenya,12/20/2009,6,0,3.314051524,,-0.960800433,36.62619657,-0.95,36.65,-1.6766071915626526,-1.7100677291552226,1.8333333333333333,0.8,-3.1162154277165732,-0.29999999999999993,307767289.1903428,0.22880595043558327,2.143442688708158
1786,1869,vihiga,liamidi,kenya,12/20/2009,4,1,-1.250152819,1.0,-0.022113269,34.74408902,-0.0,34.75,-1.716753641764323,-1.7842376629511516,2.0,0.6,-3.5199309587478638,-0.5999999999999999,313601743.05590516,0.25760026386707563,0.5462990864972853
1787,1870,vihiga,magina,kenya,12/20/2009,1,1,1.960151853,0.0,-0.960800433,36.62619657,-0.95,36.65,-1.6766071915626526,-1.7100677291552226,1.8333333333333333,0.8,-3.1162154277165732,-0.29999999999999993,307767289.1903428,0.22880595043558327,2.143442688708158
1788,1871,vihiga,magina,kenya,12/20/2009,1,1,1.539111221,1.0,-0.960800433,36.62619657,-0.95,36.65,-1.6766071915626526,-1.7100677291552226,1.8333333333333333,0.8,-3.1162154277165732,-0.29999999999999993,307767289.1903428,0.22880595043558327,2.143442688708158
1789,1872,vihiga,ikengero,kenya,12/17/2009,6,1,-1.556741676,0.0,0.046629774,34.72621267,0.05,34.75,-1.7200993299484253,-1.8332599798838298,2.0,0.6,-3.5099716583887735,-0.5999999999999999,313601743.05590516,0.22937305026772065,0.7714106416615714
1790,1873,vihiga,ikengero,kenya,12/17/2009,6,1,0.401347677,1.0,0.046629774,34.72621267,0.05,34.75,-1.7200993299484253,-1.8332599798838298,2.0,0.6,-3.5099716583887735,-0.5999999999999999,313601743.05590516,0.22937305026772065,0.7714106416615714
1791,1874,vihiga,ikengero,kenya,12/17/2009,5,0,-0.53685293,1.0,0.046629774,34.72621267,0.05,34.75,-1.7200993299484253,-1.8332599798838298,2.0,0.6,-3.5099716583887735,-0.5999999999999999,313601743.05590516,0.22937305026772065,0.7714106416615714
1792,1875,vihiga,ikengero,kenya,12/17/2009,6,1,2.371662462,1.0,0.046629774,34.72621267,0.05,34.75,-1.7200993299484253,-1.8332599798838298,2.0,0.6,-3.5099716583887735,-0.5999999999999999,313601743.05590516,0.22937305026772065,0.7714106416615714
1793,1876,vihiga,ikengero,kenya,12/17/2009,4,0,-0.365487061,1.0,0.046629774,34.72621267,0.05,34.75,-1.7200993299484253,-1.8332599798838298,2.0,0.6,-3.5099716583887735,-0.5999999999999999,313601743.05590516,0.22937305026772065,0.7714106416615714
1794,1877,vihiga,ikengero,kenya,12/18/2009,2,1,-3.099405689,0.0,0.046629774,34.72621267,0.05,34.75,-1.7200993299484253,-1.8332599798838298,2.0,0.6,-3.5099716583887735,-0.5999999999999999,313601743.05590516,0.22937305026772065,0.7714106416615714
1795,1878,vihiga,magina,kenya,12/19/2009,6,0,3.182537202,,-0.960800433,36.62619657,-0.95,36.65,-1.6766071915626526,-1.7100677291552226,1.8333333333333333,0.8,-3.1162154277165732,-0.29999999999999993,307767289.1903428,0.22880595043558327,2.143442688708158
1796,1879,vihiga,magina,kenya,12/19/2009,5,1,-0.177898647,1.0,-0.960800433,36.62619657,-0.95,36.65,-1.6766071915626526,-1.7100677291552226,1.8333333333333333,0.8,-3.1162154277165732,-0.29999999999999993,307767289.1903428,0.22880595043558327,2.143442688708158
1797,1880,vihiga,ikengero,kenya,12/18/2009,4,2,-1.626295343,1.0,0.046629774,34.72621267,0.05,34.75,-1.7200993299484253,-1.8332599798838298,2.0,0.6,-3.5099716583887735,-0.5999999999999999,313601743.05590516,0.22937305026772065,0.7714106416615714
1798,1881,mombasa,ganjoni,kenya,12/18/2009,3,1,-2.791227938,1.0,-4.063406982,39.65985288,-4.05,39.65,0.0,0.0,0.0,0.0,0.0,0.0,0.0,0.1576496984059891,0.0
1799,1882,mombasa,ganjoni,kenya,12/17/2009,2,1,-1.398535751,1.0,-4.063406982,39.65985288,-4.05,39.65,0.0,0.0,0.0,0.0,0.0,0.0,0.0,0.1576496984059891,0.0
1800,1883,mombasa,ganjoni,kenya,12/17/2009,4,1,-3.081989688,1.0,-4.063406982,39.65985288,-4.05,39.65,0.0,0.0,0.0,0.0,0.0,0.0,0.0,0.1576496984059891,0.0
1801,1884,mombasa,ganjoni,kenya,12/18/2009,3,1,-3.528317532,0.0,-4.063406982,39.65985288,-4.05,39.65,0.0,0.0,0.0,0.0,0.0,0.0,0.0,0.1576496984059891,0.0
1802,1885,mombasa,ganjoni,kenya,12/17/2009,5,0,-2.82932254,,-4.063406982,39.65985288,-4.05,39.65,0.0,0.0,0.0,0.0,0.0,0.0,0.0,0.1576496984059891,0.0
1803,1886,mombasa,ganjoni,kenya,12/17/2009,6,2,-3.67636907,0.0,-4.063406982,39.65985288,-4.05,39.65,0.0,0.0,0.0,0.0,0.0,0.0,0.0,0.1576496984059891,0.0
1804,1887,mombasa,ganjoni,kenya,12/21/2009,5,1,-2.80138704,0.0,-4.063406982,39.65985288,-4.05,39.65,0.0,0.0,0.0,0.0,0.0,0.0,0.0,0.1576496984059891,0.0
1805,1888,mombasa,ganjoni,kenya,12/20/2009,3,1,-3.501246051,0.0,-4.063406982,39.65985288,-4.05,39.65,0.0,0.0,0.0,0.0,0.0,0.0,0.0,0.1576496984059891,0.0
1806,1889,mombasa,ganjoni,kenya,12/21/2009,1,1,-3.208791285,0.0,-4.063406982,39.65985288,-4.05,39.65,0.0,0.0,0.0,0.0,0.0,0.0,0.0,0.1576496984059891,0.0
1807,1890,mombasa,ganjoni,kenya,12/20/2009,2,0,-3.320279494,1.0,-4.063406982,39.65985288,-4.05,39.65,0.0,0.0,0.0,0.0,0.0,0.0,0.0,0.1576496984059891,0.0
1808,1891,mombasa,ganjoni,kenya,12/19/2009,2,1,-3.736527915,0.0,-4.063406982,39.65985288,-4.05,39.65,0.0,0.0,0.0,0.0,0.0,0.0,0.0,0.1576496984059891,0.0
1809,1892,mombasa,ganjoni,kenya,12/20/2009,7,0,-2.691095825,1.0,-4.063406982,39.65985288,-4.05,39.65,0.0,0.0,0.0,0.0,0.0,0.0,0.0,0.1576496984059891,0.0
1810,1893,mombasa,ganjoni,kenya,12/17/2009,1,1,-1.785813309,1.0,-4.063406982,39.65985288,-4.05,39.65,0.0,0.0,0.0,0.0,0.0,0.0,0.0,0.1576496984059891,0.0
1811,1894,mombasa,ganjoni,kenya,12/17/2009,4,1,-1.505977653,1.0,-4.063406982,39.65985288,-4.05,39.65,0.0,0.0,0.0,0.0,0.0,0.0,0.0,0.1576496984059891,0.0
1812,1895,mombasa,ganjoni,kenya,12/17/2009,3,0,-2.898310865,,-4.063406982,39.65985288,-4.05,39.65,0.0,0.0,0.0,0.0,0.0,0.0,0.0,0.1576496984059891,0.0
1813,1896,mombasa,ganjoni,kenya,12/17/2009,3,0,-3.290200072,,-4.063406982,39.65985288,-4.05,39.65,0.0,0.0,0.0,0.0,0.0,0.0,0.0,0.1576496984059891,0.0
1814,1897,mombasa,ganjoni,kenya,12/20/2009,1,0,-3.766607338,,-4.063406982,39.65985288,-4.05,39.65,0.0,0.0,0.0,0.0,0.0,0.0,0.0,0.1576496984059891,0.0
1815,1898,mombasa,ganjoni,kenya,12/17/2009,5,0,-3.051708615,,-4.063406982,39.65985288,-4.05,39.65,0.0,0.0,0.0,0.0,0.0,0.0,0.0,0.1576496984059891,0.0
1816,1899,mombasa,ganjoni,kenya,12/17/2009,7,0,-3.240067701,,-4.063406982,39.65985288,-4.05,39.65,0.0,0.0,0.0,0.0,0.0,0.0,0.0,0.1576496984059891,0.0
1817,1901,mombasa,ganjoni,kenya,12/17/2009,9,0,-3.255257157,,-4.063406982,39.65985288,-4.05,39.65,0.0,0.0,0.0,0.0,0.0,0.0,0.0,0.1576496984059891,0.0
1818,1902,mombasa,ganjoni,kenya,12/17/2009,4,0,-2.482848811,,-4.063406982,39.65985288,-4.05,39.65,0.0,0.0,0.0,0.0,0.0,0.0,0.0,0.1576496984059891,0.0
1819,1903,mombasa,nyali,kenya,12/20/2009,1,2,-3.526312237,0.0,-4.05187597,39.69310018,-4.05,39.7,0.0,0.0,0.0,0.0,0.0,0.0,0.0,0.1025789092006317,0.0
1820,1904,mombasa,nyali,kenya,12/20/2009,1,1,-3.526312237,1.0,-4.05187597,39.69310018,-4.05,39.7,0.0,0.0,0.0,0.0,0.0,0.0,0.0,0.1025789092006317,0.0
1821,1905,mombasa,nyali,kenya,12/20/2009,6,0,-3.260120649,1.0,-4.05187597,39.69310018,-4.05,39.7,0.0,0.0,0.0,0.0,0.0,0.0,0.0,0.1025789092006317,0.0
1822,1906,mombasa,nyali,kenya,12/19/2009,4,1,-3.48620634,1.0,-4.05187597,39.69310018,-4.05,39.7,0.0,0.0,0.0,0.0,0.0,0.0,0.0,0.1025789092006317,0.0
1823,1907,mombasa,nyali,kenya,12/19/2009,2,1,-3.48620634,0.0,-4.05187597,39.69310018,-4.05,39.7,0.0,0.0,0.0,0.0,0.0,0.0,0.0,0.1025789092006317,0.0
1824,1908,mombasa,nyali,kenya,12/20/2009,1,1,-3.534333416,0.0,-4.05187597,39.69310018,-4.05,39.7,0.0,0.0,0.0,0.0,0.0,0.0,0.0,0.1025789092006317,0.0
1825,1909,mombasa,nyali,kenya,12/20/2009,4,0,-3.498238109,1.0,-4.05187597,39.69310018,-4.05,39.7,0.0,0.0,0.0,0.0,0.0,0.0,0.0,0.1025789092006317,0.0
1826,1910,mombasa,nyali,kenya,12/19/2009,1,1,-3.118084995,0.0,-4.05187597,39.69310018,-4.05,39.7,0.0,0.0,0.0,0.0,0.0,0.0,0.0,0.1025789092006317,0.0
1827,1911,mombasa,nyali,kenya,12/20/2009,1,1,-2.473371591,1.0,-4.05187597,39.69310018,-4.05,39.7,0.0,0.0,0.0,0.0,0.0,0.0,0.0,0.1025789092006317,0.0
1828,1912,mombasa,nyali,kenya,12/19/2009,1,0,-3.118084995,,-4.05187597,39.69310018,-4.05,39.7,0.0,0.0,0.0,0.0,0.0,0.0,0.0,0.1025789092006317,0.0
1829,1913,mombasa,nyali,kenya,12/20/2009,5,0,-0.883639904,,-4.05187597,39.69310018,-4.05,39.7,0.0,0.0,0.0,0.0,0.0,0.0,0.0,0.1025789092006317,0.0
1830,1914,mombasa,nyali,kenya,12/20/2009,2,1,-3.506259288,0.0,-4.05187597,39.69310018,-4.05,39.7,0.0,0.0,0.0,0.0,0.0,0.0,0.0,0.1025789092006317,0.0
1831,1915,mombasa,nyali,kenya,12/19/2009,1,3,-2.701329949,0.0,-4.05187597,39.69310018,-4.05,39.7,0.0,0.0,0.0,0.0,0.0,0.0,0.0,0.1025789092006317,0.0
1832,1916,mombasa,nyali,kenya,12/19/2009,2,1,-3.516285763,0.0,-4.05187597,39.69310018,-4.05,39.7,0.0,0.0,0.0,0.0,0.0,0.0,0.0,0.1025789092006317,0.0
1833,1917,mombasa,nyali,kenya,12/19/2009,3,0,-3.48620634,,-4.05187597,39.69310018,-4.05,39.7,0.0,0.0,0.0,0.0,0.0,0.0,0.0,0.1025789092006317,0.0
1834,1918,mombasa,nyali,kenya,12/19/2009,1,2,-3.110063816,0.0,-4.05187597,39.69310018,-4.05,39.7,0.0,0.0,0.0,0.0,0.0,0.0,0.0,0.1025789092006317,0.0
1835,1919,mombasa,nyali,kenya,12/20/2009,4,2,-3.466153392,0.0,-4.05187597,39.69310018,-4.05,39.7,0.0,0.0,0.0,0.0,0.0,0.0,0.0,0.1025789092006317,0.0
1836,1920,mombasa,nyali,kenya,12/20/2009,4,1,-3.305729806,1.0,-4.05187597,39.69310018,-4.05,39.7,0.0,0.0,0.0,0.0,0.0,0.0,0.0,0.1025789092006317,0.0
1837,1921,mombasa,nyali,kenya,12/18/2009,4,1,-2.889481385,0.0,-4.05187597,39.69310018,-4.05,39.7,0.0,0.0,0.0,0.0,0.0,0.0,0.0,0.1025789092006317,0.0
1838,1922,mombasa,nyali,kenya,12/20/2009,1,1,-3.534333416,0.0,-4.05187597,39.69310018,-4.05,39.7,0.0,0.0,0.0,0.0,0.0,0.0,0.0,0.1025789092006317,0.0
1839,1923,mombasa,nyali,kenya,12/19/2009,2,0,-3.522301647,1.0,-4.05187597,39.69310018,-4.05,39.7,0.0,0.0,0.0,0.0,0.0,0.0,0.0,0.1025789092006317,0.0
1840,1924,mombasa,kisimani,kenya,12/21/2009,6,0,-2.473839614,,-4.025637365,39.69565977,-4.05,39.7,0.0,0.0,0.0,0.0,0.0,0.0,0.0,0.1025789092006317,0.0
1841,1925,mombasa,kisimani,kenya,12/20/2009,1,1,-3.526312237,0.0,-4.025637365,39.69565977,-4.05,39.7,0.0,0.0,0.0,0.0,0.0,0.0,0.0,0.1025789092006317,0.0
1842,1926,mombasa,kisimani,kenya,12/21/2009,5,1,-2.80138704,0.0,-4.025637365,39.69565977,-4.05,39.7,0.0,0.0,0.0,0.0,0.0,0.0,0.0,0.1025789092006317,0.0
1843,1927,mombasa,kisimani,kenya,12/17/2009,5,0,-0.469874067,1.0,-4.025637365,39.69565977,-4.05,39.7,0.0,0.0,0.0,0.0,0.0,0.0,0.0,0.1025789092006317,0.0
1844,1928,mombasa,kisimani,kenya,12/21/2009,3,1,-0.8614719,1.0,-4.025637365,39.69565977,-4.05,39.7,0.0,0.0,0.0,0.0,0.0,0.0,0.0,0.1025789092006317,0.0
1845,1929,mombasa,kisimani,kenya,12/21/2009,3,0,-2.365858663,1.0,-4.025637365,39.69565977,-4.05,39.7,0.0,0.0,0.0,0.0,0.0,0.0,0.0,0.1025789092006317,0.0
1846,1930,mombasa,kisimani,kenya,12/21/2009,2,0,-0.471711758,1.0,-4.025637365,39.69565977,-4.05,39.7,0.0,0.0,0.0,0.0,0.0,0.0,0.0,0.1025789092006317,0.0
1847,1931,mombasa,kisimani,kenya,12/17/2009,4,0,1.265530241,,-4.025637365,39.69565977,-4.05,39.7,0.0,0.0,0.0,0.0,0.0,0.0,0.0,0.1025789092006317,0.0
1848,1932,mombasa,kisimani,kenya,12/17/2009,3,0,1.090972564,,-4.025637365,39.69565977,-4.05,39.7,0.0,0.0,0.0,0.0,0.0,0.0,0.0,0.1025789092006317,0.0
1849,1933,mombasa,kisimani,kenya,12/21/2009,3,1,-2.123952551,1.0,-4.025637365,39.69565977,-4.05,39.7,0.0,0.0,0.0,0.0,0.0,0.0,0.0,0.1025789092006317,0.0
1850,1934,mombasa,kisimani,kenya,12/21/2009,3,1,-0.74115421,0.0,-4.025637365,39.69565977,-4.05,39.7,0.0,0.0,0.0,0.0,0.0,0.0,0.0,0.1025789092006317,0.0
1851,1936,mombasa,kisimani,kenya,12/21/2009,5,1,0.434788053,1.0,-4.025637365,39.69565977,-4.05,39.7,0.0,0.0,0.0,0.0,0.0,0.0,0.0,0.1025789092006317,0.0
1852,1937,mombasa,kisimani,kenya,12/21/2009,5,0,-1.218059217,,-4.025637365,39.69565977,-4.05,39.7,0.0,0.0,0.0,0.0,0.0,0.0,0.0,0.1025789092006317,0.0
1853,1938,mombasa,kisimani,kenya,12/17/2009,6,0,2.132095011,,-4.025637365,39.69565977,-4.05,39.7,0.0,0.0,0.0,0.0,0.0,0.0,0.0,0.1025789092006317,0.0
1854,1939,mombasa,kisimani,kenya,12/20/2009,1,0,-0.8614719,,-4.025637365,39.69565977,-4.05,39.7,0.0,0.0,0.0,0.0,0.0,0.0,0.0,0.1025789092006317,0.0
1855,1940,mombasa,kisimani,kenya,12/21/2009,1,0,-3.218817759,,-4.025637365,39.69565977,-4.05,39.7,0.0,0.0,0.0,0.0,0.0,0.0,0.0,0.1025789092006317,0.0
1856,1941,mombasa,kisimani,kenya,12/21/2009,1,0,-3.776633812,,-4.025637365,39.69565977,-4.05,39.7,0.0,0.0,0.0,0.0,0.0,0.0,0.0,0.1025789092006317,0.0
1857,1942,mombasa,kisimani,kenya,12/22/2009,1,0,-1.003039532,,-4.025637365,39.69565977,-4.05,39.7,0.0,0.0,0.0,0.0,0.0,0.0,0.0,0.1025789092006317,0.0
1858,1943,mombasa,kisimani,kenya,12/17/2009,3,0,-0.324905789,,-4.025637365,39.69565977,-4.05,39.7,0.0,0.0,0.0,0.0,0.0,0.0,0.0,0.1025789092006317,0.0
1859,1944,mombasa,kisimani,kenya,12/21/2009,1,2,-2.283676884,0.0,-4.025637365,39.69565977,-4.05,39.7,0.0,0.0,0.0,0.0,0.0,0.0,0.0,0.1025789092006317,0.0
1860,1945,mombasa,mnazi moja,kenya,12/22/2009,1,1,-3.100037342,1.0,-4.063707862,39.66663648,-4.05,39.65,0.0,0.0,0.0,0.0,0.0,0.0,0.0,0.1576496984059891,0.0
1861,1946,mombasa,mnazi moja,kenya,12/17/2009,3,2,-3.751567626,0.0,-4.063707862,39.66663648,-4.05,39.65,0.0,0.0,0.0,0.0,0.0,0.0,0.0,0.1576496984059891,0.0
1862,1947,mombasa,mnazi moja,kenya,12/17/2009,7,2,-3.691408782,1.0,-4.063707862,39.66663648,-4.05,39.65,0.0,0.0,0.0,0.0,0.0,0.0,0.0,0.1576496984059891,0.0
1863,1948,mombasa,mnazi moja,kenya,12/22/2009,7,1,-3.024838786,1.0,-4.063707862,39.66663648,-4.05,39.65,0.0,0.0,0.0,0.0,0.0,0.0,0.0,0.1576496984059891,0.0
1864,1949,mombasa,mnazi moja,kenya,12/17/2009,2,1,-3.756580863,0.0,-4.063707862,39.66663648,-4.05,39.65,0.0,0.0,0.0,0.0,0.0,0.0,0.0,0.1576496984059891,0.0
1865,1950,mombasa,mnazi moja,kenya,12/17/2009,7,2,-2.09259856,1.0,-4.063707862,39.66663648,-4.05,39.65,0.0,0.0,0.0,0.0,0.0,0.0,0.0,0.1576496984059891,0.0
1866,1951,mombasa,mnazi moja,kenya,12/17/2009,3,1,-2.663325345,0.0,-4.063707862,39.66663648,-4.05,39.65,0.0,0.0,0.0,0.0,0.0,0.0,0.0,0.1576496984059891,0.0
1867,1952,mombasa,mnazi moja,kenya,12/17/2009,1,1,-2.426238533,0.0,-4.063707862,39.66663648,-4.05,39.65,0.0,0.0,0.0,0.0,0.0,0.0,0.0,0.1576496984059891,0.0
1868,1953,mombasa,mnazi moja,kenya,12/21/2009,3,1,-3.178711862,1.0,-4.063707862,39.66663648,-4.05,39.65,0.0,0.0,0.0,0.0,0.0,0.0,0.0,0.1576496984059891,0.0
1869,1954,mombasa,mnazi moja,kenya,12/18/2009,5,1,-2.026196844,1.0,-4.063707862,39.66663648,-4.05,39.65,0.0,0.0,0.0,0.0,0.0,0.0,0.0,0.1576496984059891,0.0
1870,1955,mombasa,mnazi moja,kenya,12/17/2009,5,1,-2.036716478,1.0,-4.063707862,39.66663648,-4.05,39.65,0.0,0.0,0.0,0.0,0.0,0.0,0.0,0.1576496984059891,0.0
1871,1957,mombasa,mnazi moja,kenya,12/21/2009,2,2,-2.206673379,0.0,-4.063707862,39.66663648,-4.05,39.65,0.0,0.0,0.0,0.0,0.0,0.0,0.0,0.1576496984059891,0.0
1872,1958,mombasa,mnazi moja,kenya,12/21/2009,2,1,-3.356374801,1.0,-4.063707862,39.66663648,-4.05,39.65,0.0,0.0,0.0,0.0,0.0,0.0,0.0,0.1576496984059891,0.0
1873,1959,mombasa,mnazi moja,kenya,12/17/2009,4,0,-3.049904971,1.0,-4.063707862,39.66663648,-4.05,39.65,0.0,0.0,0.0,0.0,0.0,0.0,0.0,0.1576496984059891,0.0
1874,1960,mombasa,mnazi moja,kenya,12/21/2009,4,1,-3.426047495,0.0,-4.063707862,39.66663648,-4.05,39.65,0.0,0.0,0.0,0.0,0.0,0.0,0.0,0.1576496984059891,0.0
1875,1961,mombasa,mnazi moja,kenya,12/17/2009,1,2,-1.600262228,1.0,-4.063707862,39.66663648,-4.05,39.65,0.0,0.0,0.0,0.0,0.0,0.0,0.0,0.1576496984059891,0.0
1876,1962,mombasa,mnazi moja,kenya,12/22/2009,2,1,-2.675566091,1.0,-4.063707862,39.66663648,-4.05,39.65,0.0,0.0,0.0,0.0,0.0,0.0,0.0,0.1576496984059891,0.0
1877,1963,mombasa,mnazi moja,kenya,12/17/2009,2,0,-3.350358917,,-4.063707862,39.66663648,-4.05,39.65,0.0,0.0,0.0,0.0,0.0,0.0,0.0,0.1576496984059891,0.0
1878,1964,mombasa,mnazi moja,kenya,12/17/2009,3,0,-3.706448493,,-4.063707862,39.66663648,-4.05,39.65,0.0,0.0,0.0,0.0,0.0,0.0,0.0,0.1576496984059891,0.0
1879,1965,mombasa,mnazi moja,kenya,12/17/2009,8,0,-3.636263174,,-4.063707862,39.66663648,-4.05,39.65,0.0,0.0,0.0,0.0,0.0,0.0,0.0,0.1576496984059891,0.0
1880,1966,mombasa,bamburi,kenya,12/21/2009,6,0,-0.998925624,1.0,-4.003897815,39.69829208,-4.0,39.7,0.0,0.0,0.0,0.0,0.0,0.0,0.0,0.16574694348827448,0.0
1881,1967,mombasa,bamburi,kenya,12/18/2009,7,1,-1.33123848,0.0,-4.003897815,39.69829208,-4.0,39.7,0.0,0.0,0.0,0.0,0.0,0.0,0.0,0.16574694348827448,0.0
1882,1968,mombasa,bamburi,kenya,12/18/2009,2,0,-1.626295343,1.0,-4.003897815,39.69829208,-4.0,39.7,0.0,0.0,0.0,0.0,0.0,0.0,0.0,0.16574694348827448,0.0
1883,1969,mombasa,bamburi,kenya,12/19/2009,8,0,-2.473839614,1.0,-4.003897815,39.69829208,-4.0,39.7,0.0,0.0,0.0,0.0,0.0,0.0,0.0,0.16574694348827448,0.0
1884,1970,mombasa,bamburi,kenya,12/18/2009,9,1,-1.898073227,0.0,-4.003897815,39.69829208,-4.0,39.7,0.0,0.0,0.0,0.0,0.0,0.0,0.0,0.16574694348827448,0.0
1885,1971,mombasa,bamburi,kenya,12/21/2009,3,0,-1.003957594,,-4.003897815,39.69829208,-4.0,39.7,0.0,0.0,0.0,0.0,0.0,0.0,0.0,0.16574694348827448,0.0
1886,1972,mombasa,bamburi,kenya,12/19/2009,3,1,-2.533998459,1.0,-4.003897815,39.69829208,-4.0,39.7,0.0,0.0,0.0,0.0,0.0,0.0,0.0,0.16574694348827448,0.0
1887,1973,mombasa,bamburi,kenya,12/18/2009,4,1,-2.51394551,0.0,-4.003897815,39.69829208,-4.0,39.7,0.0,0.0,0.0,0.0,0.0,0.0,0.0,0.16574694348827448,0.0
1888,1974,mombasa,bamburi,kenya,12/18/2009,2,1,-3.198764811,0.0,-4.003897815,39.69829208,-4.0,39.7,0.0,0.0,0.0,0.0,0.0,0.0,0.0,0.16574694348827448,0.0
1889,1975,mombasa,bamburi,kenya,12/18/2009,4,1,-3.054936941,0.0,-4.003897815,39.69829208,-4.0,39.7,0.0,0.0,0.0,0.0,0.0,0.0,0.0,0.16574694348827448,0.0
1890,1976,mombasa,bamburi,kenya,12/18/2009,9,0,-3.616210226,,-4.003897815,39.69829208,-4.0,39.7,0.0,0.0,0.0,0.0,0.0,0.0,0.0,0.16574694348827448,0.0
1891,1977,mombasa,bamburi,kenya,12/19/2009,3,1,-2.721175247,0.0,-4.003897815,39.69829208,-4.0,39.7,0.0,0.0,0.0,0.0,0.0,0.0,0.0,0.16574694348827448,0.0
1892,1978,mombasa,bamburi,kenya,12/18/2009,5,2,-2.035579158,0.0,-4.003897815,39.69829208,-4.0,39.7,0.0,0.0,0.0,0.0,0.0,0.0,0.0,0.16574694348827448,0.0
1893,1979,mombasa,bamburi,kenya,12/18/2009,11,1,-2.045559424,1.0,-4.003897815,39.69829208,-4.0,39.7,0.0,0.0,0.0,0.0,0.0,0.0,0.0,0.16574694348827448,0.0
1894,1980,mombasa,bamburi,kenya,12/18/2009,2,0,-3.426047495,,-4.003897815,39.69829208,-4.0,39.7,0.0,0.0,0.0,0.0,0.0,0.0,0.0,0.16574694348827448,0.0
1895,1981,mombasa,bamburi,kenya,12/20/2009,4,1,-2.103200349,1.0,-4.003897815,39.69829208,-4.0,39.7,0.0,0.0,0.0,0.0,0.0,0.0,0.0,0.16574694348827448,0.0
1896,1982,mombasa,bamburi,kenya,12/19/2009,4,0,-1.605336775,,-4.003897815,39.69829208,-4.0,39.7,0.0,0.0,0.0,0.0,0.0,0.0,0.0,0.16574694348827448,0.0
1897,1983,mombasa,bamburi,kenya,12/17/2009,5,0,-2.43527099,,-4.003897815,39.69829208,-4.0,39.7,0.0,0.0,0.0,0.0,0.0,0.0,0.0,0.16574694348827448,0.0
1898,1984,mombasa,bamburi,kenya,12/17/2009,1,0,-1.60965705,,-4.003897815,39.69829208,-4.0,39.7,0.0,0.0,0.0,0.0,0.0,0.0,0.0,0.16574694348827448,0.0
1899,1985,mombasa,bamburi,kenya,12/17/2009,5,0,-3.069957919,,-4.003897815,39.69829208,-4.0,39.7,0.0,0.0,0.0,0.0,0.0,0.0,0.0,0.16574694348827448,0.0
1900,1986,mombasa,bamburi,kenya,12/17/2009,1,0,-1.506185304,,-4.003897815,39.69829208,-4.0,39.7,0.0,0.0,0.0,0.0,0.0,0.0,0.0,0.16574694348827448,0.0
1901,1987,mombasa,bamburi,kenya,12/19/2009,5,0,-1.560156331,,-4.003897815,39.69829208,-4.0,39.7,0.0,0.0,0.0,0.0,0.0,0.0,0.0,0.16574694348827448,0.0
1902,1988,mombasa,tudor,kenya,12/18/2009,4,0,0.719277935,,-4.040374335,39.66426192,-4.05,39.65,0.0,0.0,0.0,0.0,0.0,0.0,0.0,0.1576496984059891,0.0
1903,1989,mombasa,tudor,kenya,12/18/2009,5,3,0.444474249,1.0,-4.040374335,39.66426192,-4.05,39.65,0.0,0.0,0.0,0.0,0.0,0.0,0.0,0.1576496984059891,0.0
1904,1990,mombasa,tudor,kenya,12/18/2009,2,0,1.015208666,,-4.040374335,39.66426192,-4.05,39.65,0.0,0.0,0.0,0.0,0.0,0.0,0.0,0.1576496984059891,0.0
1905,1991,mombasa,tudor,kenya,12/19/2009,1,0,-0.948119024,,-4.040374335,39.66426192,-4.05,39.65,0.0,0.0,0.0,0.0,0.0,0.0,0.0,0.1576496984059891,0.0
1906,1992,mombasa,tudor,kenya,12/18/2009,7,1,-1.04406349,0.0,-4.040374335,39.66426192,-4.05,39.65,0.0,0.0,0.0,0.0,0.0,0.0,0.0,0.1576496984059891,0.0
1907,1993,mombasa,tudor,kenya,12/18/2009,1,1,-1.785813309,0.0,-4.040374335,39.66426192,-4.05,39.65,0.0,0.0,0.0,0.0,0.0,0.0,0.0,0.1576496984059891,0.0
1908,1994,mombasa,tudor,kenya,12/18/2009,3,1,-3.091814512,1.0,-4.040374335,39.66426192,-4.05,39.65,0.0,0.0,0.0,0.0,0.0,0.0,0.0,0.1576496984059891,0.0
1909,1995,mombasa,tudor,kenya,12/18/2009,5,1,-2.443760192,0.0,-4.040374335,39.66426192,-4.05,39.65,0.0,0.0,0.0,0.0,0.0,0.0,0.0,0.1576496984059891,0.0
1910,1996,mombasa,tudor,kenya,12/18/2009,5,0,-1.695575042,,-4.040374335,39.66426192,-4.05,39.65,0.0,0.0,0.0,0.0,0.0,0.0,0.0,0.1576496984059891,0.0
1911,1997,mombasa,tudor,kenya,12/19/2009,6,1,-1.260302424,0.0,-4.040374335,39.66426192,-4.05,39.65,0.0,0.0,0.0,0.0,0.0,0.0,0.0,0.1576496984059891,0.0
1912,1998,mombasa,tudor,kenya,12/19/2009,1,3,-1.419287953,0.0,-4.040374335,39.66426192,-4.05,39.65,0.0,0.0,0.0,0.0,0.0,0.0,0.0,0.1576496984059891,0.0
1913,1999,mombasa,tudor,kenya,12/19/2009,5,0,0.372583181,,-4.040374335,39.66426192,-4.05,39.65,0.0,0.0,0.0,0.0,0.0,0.0,0.0,0.1576496984059891,0.0
1914,2000,mombasa,tudor,kenya,12/20/2009,2,1,-1.648857326,1.0,-4.040374335,39.66426192,-4.05,39.65,0.0,0.0,0.0,0.0,0.0,0.0,0.0,0.1576496984059891,0.0
1915,2001,mombasa,tudor,kenya,12/18/2009,2,1,-0.98228733,1.0,-4.040374335,39.66426192,-4.05,39.65,0.0,0.0,0.0,0.0,0.0,0.0,0.0,0.1576496984059891,0.0
1916,2002,mombasa,tudor,kenya,12/18/2009,1,0,-2.574104355,1.0,-4.040374335,39.66426192,-4.05,39.65,0.0,0.0,0.0,0.0,0.0,0.0,0.0,0.1576496984059891,0.0
1917,2003,mombasa,tudor,kenya,12/19/2009,3,1,-3.344343032,0.0,-4.040374335,39.66426192,-4.05,39.65,0.0,0.0,0.0,0.0,0.0,0.0,0.0,0.1576496984059891,0.0
1918,2004,mombasa,tudor,kenya,12/18/2009,1,0,-2.574104355,,-4.040374335,39.66426192,-4.05,39.65,0.0,0.0,0.0,0.0,0.0,0.0,0.0,0.1576496984059891,0.0
1919,2005,mombasa,tudor,kenya,12/19/2009,3,2,-2.786526979,1.0,-4.040374335,39.66426192,-4.05,39.65,0.0,0.0,0.0,0.0,0.0,0.0,0.0,0.1576496984059891,0.0
1920,2007,mombasa,tudor,kenya,12/19/2009,3,3,-0.590191757,1.0,-4.040374335,39.66426192,-4.05,39.65,0.0,0.0,0.0,0.0,0.0,0.0,0.0,0.1576496984059891,0.0
1921,2008,thika,mabanda,kenya,11/18/2009,5,0,-0.045545508,,-1.041188884,37.0787284,-1.05,37.1,-2.016399621963501,-2.201001226902008,2.0,0.4,-4.032799243927002,-0.3999999999999999,488575244.2058349,0.23638485369261658,0.19599828677679398
1922,2009,nakuru,morop,kenya,11/12/2009,4,2,-0.671600544,0.0,-0.110336674,35.94205931,-0.1,35.95,-1.7097965876261394,-1.7587907711664836,1.5,0.8,-2.617211937904358,-0.29999999999999993,279176940.63850015,0.20723545622717054,-0.5538160389278398
1923,2010,machakos,kaluoki,kenya,11/10/2009,3,2,-0.831392478,1.0,-1.522391812,37.26633915,-1.5,37.25,-1.6932993829250336,-1.8430760204792023,2.25,0.6,-3.8753124475479126,0.06666666666666665,409440079.4565756,0.23093912976487968,-1.018864189454069
1924,2011,embu,kiangucu,kenya,11/27/2009,2,1,1.765719333,1.0,-0.523215993,37.45247101,-0.5,37.45,-1.9350212415059407,-2.0437349875768027,1.5,0.8,-3.0355489253997803,-0.29999999999999993,333400502.438788,0.24469872155914948,0.8444191713614968
1925,2012,siaya,yombura,kenya,12/7/2009,1,2,0.396347173,1.0,0.065231303,34.28678507,0.05,34.3,-1.9496451020240784,-2.1670268177986145,2.5,0.4,-4.944404482841492,-0.3999999999999999,417881147.2242052,0.2727281234234435,0.07414390189993081
1926,2013,mombasa,mnazi moja,kenya,12/22/2009,2,1,-3.106053226,1.0,-4.063707862,39.66663648,-4.05,39.65,0.0,0.0,0.0,0.0,0.0,0.0,0.0,0.1576496984059891,0.0
1927,2014,siaya,sinaga,kenya,12/5/2009,3,3,3.137418068,1.0,0.056656404,34.51714114,0.05,34.5,-1.7148576974868774,-1.8643593788146973,2.3333333333333335,0.6,-4.10774830977122,-0.5999999999999999,288730104.9058913,0.25923495623011117,0.5885926075267632
1928,2015,migori,manyera,kenya,12/14/2009,4,1,0.947758514,1.0,-1.062359051,34.47956637,-1.05,34.5,-1.6743206977844238,-1.769534945487976,4.0,0.2,-6.697282791137695,-0.19999999999999973,369780609.5808382,0.24639383253051225,0.9534281143618893
