,house,country,frequency,severity,dispersion,area,NDVI_mean,SVI_severity
0,1,nigeria,0.0,0.0,0.0,0.0,0.20229140891934558,0.0
1,2,nigeria,0.0,0.0,0.0,0.0,0.20229140891934558,0.0
2,3,nigeria,0.0,0.0,0.0,0.0,0.20229140891934558,0.0
3,4,nigeria,0.0,0.0,0.0,0.0,0.20229140891934558,0.0
4,5,nigeria,0.0,0.0,0.0,0.0,0.20229140891934558,0.0
5,6,nigeria,0.0,0.0,0.0,0.0,0.20229140891934558,0.0
6,7,nigeria,0.0,0.0,0.0,0.0,0.20229140891934558,0.0
7,8,nigeria,0.0,0.0,0.0,0.0,0.20229140891934558,0.0
8,9,nigeria,0.0,0.0,0.0,0.0,0.20229140891934558,0.0
9,10,nigeria,0.0,0.0,0.0,0.0,0.20229140891934558,0.0
10,11,nigeria,0.0,0.0,0.0,0.0,0.20229140891934558,0.0
11,12,nigeria,0.0,0.0,0.0,0.0,0.20229140891934558,0.0
12,13,nigeria,0.0,0.0,0.0,0.0,0.20229140891934558,0.0
13,14,nigeria,0.0,0.0,0.0,0.0,0.20229140891934558,0.0
14,15,nigeria,0.0,0.0,0.0,0.0,0.20229140891934558,0.0
15,16,nigeria,0.0,0.0,0.0,0.0,0.20229140891934558,0.0
16,17,nigeria,0.0,0.0,0.0,0.0,0.20229140891934558,0.0
17,18,nigeria,0.0,0.0,0.0,0.0,0.20229140891934558,0.0
18,19,nigeria,0.0,0.0,0.0,0.0,0.20229140891934558,0.0
19,20,nigeria,0.0,0.0,0.0,0.0,0.20229140891934558,0.0
20,21,nigeria,0.0,0.0,0.0,0.0,0.20229140891934558,0.0
21,22,nigeria,0.0,0.0,0.0,0.0,0.20229140891934558,0.0
22,23,nigeria,0.0,0.0,0.0,0.0,0.20229140891934558,0.0
23,24,nigeria,0.0,0.0,0.0,0.0,0.20229140891934558,0.0
24,25,nigeria,0.0,0.0,0.0,0.0,0.20229140891934558,0.0
25,26,nigeria,0.4,-3.5046773552894592,-0.3999999999999999,27282519.361727543,0.22954344724489933,-0.8550784466676578
26,27,nigeria,0.4,-3.5046773552894592,-0.3999999999999999,27282519.361727543,0.22954344724489933,-0.8550784466676578
27,28,nigeria,0.4,-3.5046773552894592,-0.3999999999999999,27282519.361727543,0.22954344724489933,-0.8550784466676578
28,29,nigeria,0.4,-3.5046773552894592,-0.3999999999999999,27282519.361727543,0.22954344724489933,-0.8550784466676578
29,30,nigeria,0.4,-3.5046773552894592,-0.3999999999999999,27282519.361727543,0.22954344724489933,-0.8550784466676578
30,31,nigeria,0.4,-3.5046773552894592,-0.3999999999999999,27282519.361727543,0.22954344724489933,-0.8550784466676578
31,32,nigeria,0.4,-3.5046773552894592,-0.3999999999999999,27282519.361727543,0.22954344724489933,-0.8550784466676578
32,33,nigeria,0.4,-3.5046773552894592,-0.3999999999999999,27282519.361727543,0.22954344724489933,-0.8550784466676578
33,34,nigeria,0.4,-3.5046773552894592,-0.3999999999999999,27282519.361727543,0.22954344724489933,-0.8550784466676578
34,35,nigeria,0.4,-3.5046773552894592,-0.3999999999999999,27282519.361727543,0.22954344724489933,-0.8550784466676578
35,36,nigeria,0.4,-3.5046773552894592,-0.3999999999999999,27282519.361727543,0.22954344724489933,-0.8550784466676578
36,37,nigeria,0.4,-3.5046773552894592,-0.3999999999999999,27282519.361727543,0.22954344724489933,-0.8550784466676578
37,38,nigeria,0.4,-3.5046773552894592,-0.3999999999999999,27282519.361727543,0.22954344724489933,-0.8550784466676578
38,39,nigeria,0.4,-3.5046773552894592,-0.3999999999999999,27282519.361727543,0.22954344724489933,-0.8550784466676578
39,40,nigeria,0.4,-3.5046773552894592,-0.3999999999999999,27282519.361727543,0.22954344724489933,-0.8550784466676578
40,41,nigeria,0.4,-3.5046773552894592,-0.3999999999999999,27282519.361727543,0.22954344724489933,-0.8550784466676578
41,42,nigeria,0.4,-3.5046773552894592,-0.3999999999999999,27282519.361727543,0.22954344724489933,-0.8550784466676578
42,43,nigeria,0.4,-3.5046773552894592,-0.3999999999999999,27282519.361727543,0.22954344724489933,-0.8550784466676578
43,44,nigeria,0.4,-3.5046773552894592,-0.3999999999999999,27282519.361727543,0.22954344724489933,-0.8550784466676578
44,45,nigeria,0.4,-3.5046773552894592,-0.3999999999999999,27282519.361727543,0.22954344724489933,-0.8550784466676578
45,46,nigeria,0.4,-3.5046773552894592,-0.3999999999999999,27282519.361727543,0.22954344724489933,-0.8550784466676578
46,47,nigeria,0.4,-3.5046773552894592,-0.3999999999999999,27282519.361727543,0.22954344724489933,-0.8550784466676578
47,48,nigeria,0.4,-3.5046773552894592,-0.3999999999999999,27282519.361727543,0.22954344724489933,-0.8550784466676578
48,49,nigeria,0.4,-3.5046773552894592,-0.3999999999999999,27282519.361727543,0.22954344724489933,-0.8550784466676578
49,50,nigeria,0.4,-3.5046773552894592,-0.3999999999999999,27282519.361727543,0.22954344724489933,-0.8550784466676578
50,51,nigeria,0.4,-3.5046773552894592,-0.3999999999999999,27282519.361727543,0.22954344724489933,-0.8550784466676578
51,52,nigeria,0.4,-3.5046773552894592,-0.3999999999999999,27282519.361727543,0.22954344724489933,-0.8550784466676578
52,53,nigeria,0.4,-3.5046773552894592,-0.3999999999999999,27282519.361727543,0.22954344724489933,-0.8550784466676578
53,54,nigeria,0.4,-3.5046773552894592,-0.3999999999999999,27282519.361727543,0.22954344724489933,-0.8550784466676578
54,55,nigeria,0.4,-3.5046773552894592,-0.3999999999999999,27282519.361727543,0.22954344724489933,-0.8550784466676578
55,56,nigeria,0.4,-3.5046773552894592,-0.3999999999999999,27282519.361727543,0.22954344724489933,-0.8550784466676578
56,57,nigeria,0.4,-3.5046773552894592,-0.3999999999999999,27282519.361727543,0.22954344724489933,-0.8550784466676578
57,58,nigeria,0.4,-3.5046773552894592,-0.3999999999999999,27282519.361727543,0.22954344724489933,-0.8550784466676578
58,59,nigeria,0.4,-3.5046773552894592,-0.3999999999999999,27282519.361727543,0.22954344724489933,-0.8550784466676578
59,60,nigeria,0.0,0.0,0.0,0.0,0.14557763971112483,0.0
60,61,nigeria,0.0,0.0,0.0,0.0,0.14557763971112483,0.0
61,62,nigeria,0.0,0.0,0.0,0.0,0.14557763971112483,0.0
62,63,nigeria,0.0,0.0,0.0,0.0,0.14557763971112483,0.0
63,64,nigeria,0.0,0.0,0.0,0.0,0.14557763971112483,0.0
64,65,nigeria,0.0,0.0,0.0,0.0,0.14557763971112483,0.0
65,66,nigeria,0.0,0.0,0.0,0.0,0.14557763971112483,0.0
66,67,nigeria,0.0,0.0,0.0,0.0,0.14557763971112483,0.0
67,68,nigeria,0.0,0.0,0.0,0.0,0.14557763971112483,0.0
68,69,nigeria,0.0,0.0,0.0,0.0,0.14557763971112483,0.0
69,70,nigeria,0.0,0.0,0.0,0.0,0.14557763971112483,0.0
70,71,nigeria,0.0,0.0,0.0,0.0,0.14557763971112483,0.0
71,72,nigeria,0.0,0.0,0.0,0.0,0.14557763971112483,0.0
72,73,nigeria,0.0,0.0,0.0,0.0,0.14557763971112483,0.0
73,74,nigeria,0.0,0.0,0.0,0.0,0.14557763971112483,0.0
74,75,nigeria,0.0,0.0,0.0,0.0,0.14557763971112483,0.0
75,76,nigeria,0.0,0.0,0.0,0.0,0.14557763971112483,0.0
76,77,nigeria,0.0,0.0,0.0,0.0,0.14557763971112483,0.0
77,78,nigeria,0.0,0.0,0.0,0.0,0.14557763971112483,0.0
78,79,nigeria,0.0,0.0,0.0,0.0,0.14557763971112483,0.0
79,80,nigeria,0.0,0.0,0.0,0.0,0.14557763971112483,0.0
80,81,nigeria,0.0,0.0,0.0,0.0,0.14557763971112483,0.0
81,82,nigeria,0.0,0.0,0.0,0.0,0.14557763971112483,0.0
82,83,nigeria,0.0,0.0,0.0,0.0,0.14557763971112483,0.0
83,84,nigeria,0.0,0.0,0.0,0.0,0.14557763971112483,0.0
84,85,nigeria,0.0,0.0,0.0,0.0,0.18568836953997214,0.0
85,87,nigeria,0.0,0.0,0.0,0.0,0.18568836953997214,0.0
86,88,nigeria,0.0,0.0,0.0,0.0,0.18568836953997214,0.0
87,89,nigeria,0.0,0.0,0.0,0.0,0.18568836953997214,0.0
88,90,nigeria,0.0,0.0,0.0,0.0,0.18568836953997214,0.0
89,91,nigeria,0.0,0.0,0.0,0.0,0.18568836953997214,0.0
90,92,nigeria,0.0,0.0,0.0,0.0,0.18568836953997214,0.0
91,93,nigeria,0.0,0.0,0.0,0.0,0.18568836953997214,0.0
92,94,nigeria,0.0,0.0,0.0,0.0,0.18568836953997214,0.0
93,95,nigeria,0.0,0.0,0.0,0.0,0.18568836953997214,0.0
94,96,nigeria,0.0,0.0,0.0,0.0,0.18568836953997214,0.0
95,97,nigeria,0.0,0.0,0.0,0.0,0.18568836953997214,0.0
96,98,nigeria,0.0,0.0,0.0,0.0,0.18568836953997214,0.0
97,99,nigeria,0.0,0.0,0.0,0.0,0.18568836953997214,0.0
98,100,nigeria,0.0,0.0,0.0,0.0,0.18568836953997214,0.0
99,101,nigeria,0.0,0.0,0.0,0.0,0.18568836953997214,0.0
100,102,nigeria,0.0,0.0,0.0,0.0,0.18568836953997214,0.0
101,103,nigeria,0.0,0.0,0.0,0.0,0.18568836953997214,0.0
102,104,nigeria,0.0,0.0,0.0,0.0,0.18568836953997214,0.0
103,105,nigeria,0.0,0.0,0.0,0.0,0.18568836953997214,0.0
104,106,nigeria,0.0,0.0,0.0,0.0,0.18568836953997214,0.0
105,107,nigeria,0.0,0.0,0.0,0.0,0.18568836953997214,0.0
106,108,nigeria,0.0,0.0,0.0,0.0,0.18568836953997214,0.0
107,109,nigeria,0.0,0.0,0.0,0.0,0.18568836953997214,0.0
108,110,nigeria,0.0,0.0,0.0,0.0,0.1828195737064619,0.0
109,111,nigeria,0.0,0.0,0.0,0.0,0.1828195737064619,0.0
110,112,nigeria,0.0,0.0,0.0,0.0,0.1828195737064619,0.0
111,113,nigeria,0.0,0.0,0.0,0.0,0.1828195737064619,0.0
112,114,nigeria,0.0,0.0,0.0,0.0,0.1828195737064619,0.0
113,115,nigeria,0.0,0.0,0.0,0.0,0.1828195737064619,0.0
114,116,nigeria,0.0,0.0,0.0,0.0,0.1828195737064619,0.0
115,117,nigeria,0.0,0.0,0.0,0.0,0.1828195737064619,0.0
116,118,nigeria,0.0,0.0,0.0,0.0,0.1828195737064619,0.0
117,119,nigeria,0.0,0.0,0.0,0.0,0.1828195737064619,0.0
118,120,nigeria,0.0,0.0,0.0,0.0,0.1828195737064619,0.0
119,121,nigeria,0.0,0.0,0.0,0.0,0.1828195737064619,0.0
120,122,nigeria,0.0,0.0,0.0,0.0,0.1828195737064619,0.0
121,123,nigeria,0.0,0.0,0.0,0.0,0.1828195737064619,0.0
122,124,nigeria,0.0,0.0,0.0,0.0,0.1828195737064619,0.0
123,125,nigeria,0.0,0.0,0.0,0.0,0.1828195737064619,0.0
124,126,nigeria,0.0,0.0,0.0,0.0,0.1828195737064619,0.0
125,127,nigeria,0.0,0.0,0.0,0.0,0.1828195737064619,0.0
126,128,nigeria,0.0,0.0,0.0,0.0,0.1828195737064619,0.0
127,129,nigeria,0.0,0.0,0.0,0.0,0.1828195737064619,0.0
128,130,nigeria,0.0,0.0,0.0,0.0,0.2111940276732284,0.0
129,131,nigeria,0.0,0.0,0.0,0.0,0.2111940276732284,0.0
130,132,nigeria,0.0,0.0,0.0,0.0,0.2111940276732284,0.0
131,133,nigeria,0.0,0.0,0.0,0.0,0.2111940276732284,0.0
132,134,nigeria,0.0,0.0,0.0,0.0,0.2111940276732284,0.0
133,135,nigeria,0.0,0.0,0.0,0.0,0.2111940276732284,0.0
134,136,nigeria,0.0,0.0,0.0,0.0,0.2111940276732284,0.0
135,137,nigeria,0.0,0.0,0.0,0.0,0.2111940276732284,0.0
136,139,nigeria,0.0,0.0,0.0,0.0,0.2111940276732284,0.0
137,140,nigeria,0.0,0.0,0.0,0.0,0.2111940276732284,0.0
138,141,nigeria,0.0,0.0,0.0,0.0,0.2111940276732284,0.0
139,142,nigeria,0.0,0.0,0.0,0.0,0.2111940276732284,0.0
140,143,nigeria,0.0,0.0,0.0,0.0,0.2111940276732284,0.0
141,144,nigeria,0.0,0.0,0.0,0.0,0.2111940276732284,0.0
142,145,nigeria,0.0,0.0,0.0,0.0,0.2111940276732284,0.0
143,146,nigeria,0.0,0.0,0.0,0.0,0.2111940276732284,0.0
144,147,nigeria,0.0,0.0,0.0,0.0,0.2111940276732284,0.0
145,148,nigeria,0.0,0.0,0.0,0.0,0.2111940276732284,0.0
146,149,nigeria,0.0,0.0,0.0,0.0,0.2111940276732284,0.0
147,150,nigeria,0.0,0.0,0.0,0.0,0.2111940276732284,0.0
148,151,nigeria,0.0,0.0,0.0,0.0,0.2487737761353424,0.0
149,152,nigeria,0.0,0.0,0.0,0.0,0.2487737761353424,0.0
150,153,nigeria,0.0,0.0,0.0,0.0,0.2487737761353424,0.0
151,154,nigeria,0.0,0.0,0.0,0.0,0.2487737761353424,0.0
152,155,nigeria,0.0,0.0,0.0,0.0,0.2487737761353424,0.0
153,156,nigeria,0.0,0.0,0.0,0.0,0.2487737761353424,0.0
154,157,nigeria,0.0,0.0,0.0,0.0,0.2487737761353424,0.0
155,158,nigeria,0.0,0.0,0.0,0.0,0.2487737761353424,0.0
156,159,nigeria,0.0,0.0,0.0,0.0,0.2487737761353424,0.0
157,160,nigeria,0.0,0.0,0.0,0.0,0.2487737761353424,0.0
158,161,nigeria,0.0,0.0,0.0,0.0,0.2487737761353424,0.0
159,162,nigeria,0.0,0.0,0.0,0.0,0.2487737761353424,0.0
160,163,nigeria,0.0,0.0,0.0,0.0,0.2487737761353424,0.0
161,164,nigeria,0.0,0.0,0.0,0.0,0.2487737761353424,0.0
162,165,nigeria,0.0,0.0,0.0,0.0,0.2487737761353424,0.0
163,166,nigeria,0.0,0.0,0.0,0.0,0.2487737761353424,0.0
164,167,nigeria,0.0,0.0,0.0,0.0,0.2487737761353424,0.0
165,168,nigeria,0.0,0.0,0.0,0.0,0.2487737761353424,0.0
166,169,nigeria,0.0,0.0,0.0,0.0,0.2487737761353424,0.0
167,170,nigeria,0.0,0.0,0.0,0.0,0.2487737761353424,0.0
168,171,nigeria,0.2,-1.1348097324371338,-0.19999999999999973,164525.46403261414,0.2497875347622415,-0.5483127546136508
169,172,nigeria,0.2,-1.1348097324371338,-0.19999999999999973,164525.46403261414,0.2497875347622415,-0.5483127546136508
170,173,nigeria,0.2,-1.1348097324371338,-0.19999999999999973,164525.46403261414,0.2497875347622415,-0.5483127546136508
171,174,nigeria,0.2,-1.1348097324371338,-0.19999999999999973,164525.46403261414,0.2497875347622415,-0.5483127546136508
172,175,nigeria,0.2,-1.1348097324371338,-0.19999999999999973,164525.46403261414,0.2497875347622415,-0.5483127546136508
173,176,nigeria,0.2,-1.1348097324371338,-0.19999999999999973,164525.46403261414,0.2497875347622415,-0.5483127546136508
174,177,nigeria,0.2,-1.1348097324371338,-0.19999999999999973,164525.46403261414,0.2497875347622415,-0.5483127546136508
175,178,nigeria,0.2,-1.1348097324371338,-0.19999999999999973,164525.46403261414,0.2497875347622415,-0.5483127546136508
176,179,nigeria,0.2,-1.1348097324371338,-0.19999999999999973,164525.46403261414,0.2497875347622415,-0.5483127546136508
177,180,nigeria,0.2,-1.1348097324371338,-0.19999999999999973,164525.46403261414,0.2497875347622415,-0.5483127546136508
178,181,nigeria,0.2,-1.1348097324371338,-0.19999999999999973,164525.46403261414,0.2497875347622415,-0.5483127546136508
179,182,nigeria,0.2,-1.1348097324371338,-0.19999999999999973,164525.46403261414,0.2497875347622415,-0.5483127546136508
180,183,nigeria,0.2,-1.1348097324371338,-0.19999999999999973,164525.46403261414,0.2497875347622415,-0.5483127546136508
181,184,nigeria,0.2,-1.1348097324371338,-0.19999999999999973,164525.46403261414,0.2497875347622415,-0.5483127546136508
182,185,nigeria,0.2,-1.1348097324371338,-0.19999999999999973,164525.46403261414,0.2497875347622415,-0.5483127546136508
183,186,nigeria,0.2,-1.1348097324371338,-0.19999999999999973,164525.46403261414,0.2497875347622415,-0.5483127546136508
184,187,nigeria,0.2,-1.1348097324371338,-0.19999999999999973,164525.46403261414,0.2497875347622415,-0.5483127546136508
185,188,nigeria,0.2,-1.1348097324371338,-0.19999999999999973,164525.46403261414,0.2497875347622415,-0.5483127546136508
186,189,nigeria,0.2,-1.1348097324371338,-0.19999999999999973,164525.46403261414,0.2497875347622415,-0.5483127546136508
187,190,nigeria,0.2,-1.1348097324371338,-0.19999999999999973,164525.46403261414,0.2497875347622415,-0.5483127546136508
188,191,nigeria,0.2,-1.1348097324371338,-0.19999999999999973,164525.46403261414,0.2497875347622415,-0.5483127546136508
189,192,nigeria,0.2,-1.1348097324371338,-0.19999999999999973,164525.46403261414,0.2497875347622415,-0.5483127546136508
190,193,nigeria,0.2,-1.1348097324371338,-0.19999999999999973,164525.46403261414,0.2497875347622415,-0.5483127546136508
191,194,nigeria,0.2,-1.1348097324371338,-0.19999999999999973,164525.46403261414,0.2497875347622415,-0.5483127546136508
192,195,nigeria,0.2,-1.1348097324371338,-0.19999999999999973,164525.46403261414,0.2497875347622415,-0.5483127546136508
193,196,nigeria,0.0,0.0,0.0,0.0,0.10164416577434121,0.0
194,197,nigeria,0.0,0.0,0.0,0.0,0.10164416577434121,0.0
195,198,nigeria,0.0,0.0,0.0,0.0,0.10164416577434121,0.0
196,199,nigeria,0.0,0.0,0.0,0.0,0.10164416577434121,0.0
197,200,nigeria,0.0,0.0,0.0,0.0,0.10164416577434121,0.0
198,201,nigeria,0.0,0.0,0.0,0.0,0.10164416577434121,0.0
199,202,nigeria,0.0,0.0,0.0,0.0,0.10164416577434121,0.0
200,203,nigeria,0.0,0.0,0.0,0.0,0.10164416577434121,0.0
201,204,nigeria,0.0,0.0,0.0,0.0,0.10164416577434121,0.0
202,205,nigeria,0.0,0.0,0.0,0.0,0.10164416577434121,0.0
203,206,nigeria,0.0,0.0,0.0,0.0,0.10164416577434121,0.0
204,207,nigeria,0.0,0.0,0.0,0.0,0.10164416577434121,0.0
205,208,nigeria,0.0,0.0,0.0,0.0,0.10164416577434121,0.0
206,209,nigeria,0.0,0.0,0.0,0.0,0.10164416577434121,0.0
207,211,nigeria,0.0,0.0,0.0,0.0,0.10164416577434121,0.0
208,212,nigeria,0.0,0.0,0.0,0.0,0.10164416577434121,0.0
209,213,nigeria,0.0,0.0,0.0,0.0,0.10164416577434121,0.0
210,214,nigeria,0.0,0.0,0.0,0.0,0.10164416577434121,0.0
211,215,nigeria,0.0,0.0,0.0,0.0,0.10164416577434121,0.0
212,216,nigeria,0.0,0.0,0.0,0.0,0.10164416577434121,0.0
213,217,nigeria,0.0,0.0,0.0,0.0,0.10164416577434121,0.0
214,218,nigeria,0.0,0.0,0.0,0.0,0.10164416577434121,0.0
215,219,nigeria,0.0,0.0,0.0,0.0,0.10164416577434121,0.0
216,220,nigeria,0.0,0.0,0.0,0.0,0.10164416577434121,0.0
217,221,nigeria,0.0,0.0,0.0,0.0,0.19830472199581584,0.0
218,222,nigeria,0.0,0.0,0.0,0.0,0.19830472199581584,0.0
219,223,nigeria,0.0,0.0,0.0,0.0,0.19830472199581584,0.0
220,224,nigeria,0.0,0.0,0.0,0.0,0.19830472199581584,0.0
221,225,nigeria,0.0,0.0,0.0,0.0,0.19830472199581584,0.0
222,226,nigeria,0.0,0.0,0.0,0.0,0.19830472199581584,0.0
223,227,nigeria,0.0,0.0,0.0,0.0,0.19830472199581584,0.0
224,228,nigeria,0.0,0.0,0.0,0.0,0.19830472199581584,0.0
225,229,nigeria,0.0,0.0,0.0,0.0,0.19830472199581584,0.0
226,230,nigeria,0.0,0.0,0.0,0.0,0.19830472199581584,0.0
227,231,nigeria,0.0,0.0,0.0,0.0,0.19830472199581584,0.0
228,232,nigeria,0.0,0.0,0.0,0.0,0.19830472199581584,0.0
229,233,nigeria,0.0,0.0,0.0,0.0,0.19830472199581584,0.0
230,234,nigeria,0.0,0.0,0.0,0.0,0.19830472199581584,0.0
231,235,nigeria,0.0,0.0,0.0,0.0,0.19830472199581584,0.0
232,236,nigeria,0.0,0.0,0.0,0.0,0.19830472199581584,0.0
233,237,nigeria,0.0,0.0,0.0,0.0,0.19830472199581584,0.0
234,238,nigeria,0.0,0.0,0.0,0.0,0.19830472199581584,0.0
235,239,nigeria,0.0,0.0,0.0,0.0,0.19830472199581584,0.0
236,240,nigeria,0.0,0.0,0.0,0.0,0.19830472199581584,0.0
237,241,nigeria,0.0,0.0,0.0,0.0,0.19830472199581584,0.0
238,242,nigeria,0.0,0.0,0.0,0.0,0.19830472199581584,0.0
239,243,nigeria,0.0,0.0,0.0,0.0,0.19830472199581584,0.0
240,244,nigeria,0.0,0.0,0.0,0.0,0.19830472199581584,0.0
241,245,nigeria,0.0,0.0,0.0,0.0,0.19830472199581584,0.0
242,249,nigeria,0.0,0.0,0.0,0.0,0.16319089348259355,0.0
243,250,nigeria,0.0,0.0,0.0,0.0,0.16319089348259355,0.0
244,251,nigeria,0.0,0.0,0.0,0.0,0.16319089348259355,0.0
245,253,nigeria,0.0,0.0,0.0,0.0,0.16319089348259355,0.0
246,254,nigeria,0.0,0.0,0.0,0.0,0.16319089348259355,0.0
247,255,nigeria,0.0,0.0,0.0,0.0,0.16319089348259355,0.0
248,256,nigeria,0.0,0.0,0.0,0.0,0.16319089348259355,0.0
249,257,nigeria,0.0,0.0,0.0,0.0,0.16319089348259355,0.0
250,258,nigeria,0.0,0.0,0.0,0.0,0.16319089348259355,0.0
251,259,nigeria,0.0,0.0,0.0,0.0,0.16319089348259355,0.0
252,260,nigeria,0.0,0.0,0.0,0.0,0.16319089348259355,0.0
253,261,nigeria,0.0,0.0,0.0,0.0,0.16319089348259355,0.0
254,262,nigeria,0.0,0.0,0.0,0.0,0.16319089348259355,0.0
255,263,nigeria,0.0,0.0,0.0,0.0,0.16319089348259355,0.0
256,264,nigeria,0.0,0.0,0.0,0.0,0.16319089348259355,0.0
257,265,nigeria,0.0,0.0,0.0,0.0,0.16319089348259355,0.0
258,266,nigeria,0.0,0.0,0.0,0.0,0.257654667502193,0.0
259,267,nigeria,0.0,0.0,0.0,0.0,0.257654667502193,0.0
260,268,nigeria,0.0,0.0,0.0,0.0,0.257654667502193,0.0
261,269,nigeria,0.0,0.0,0.0,0.0,0.257654667502193,0.0
262,270,nigeria,0.0,0.0,0.0,0.0,0.257654667502193,0.0
263,271,nigeria,0.0,0.0,0.0,0.0,0.257654667502193,0.0
264,272,nigeria,0.0,0.0,0.0,0.0,0.257654667502193,0.0
265,273,nigeria,0.0,0.0,0.0,0.0,0.257654667502193,0.0
266,274,nigeria,0.0,0.0,0.0,0.0,0.257654667502193,0.0
267,275,nigeria,0.0,0.0,0.0,0.0,0.257654667502193,0.0
268,276,nigeria,0.0,0.0,0.0,0.0,0.257654667502193,0.0
269,277,nigeria,0.0,0.0,0.0,0.0,0.257654667502193,0.0
270,278,nigeria,0.0,0.0,0.0,0.0,0.257654667502193,0.0
271,279,nigeria,0.0,0.0,0.0,0.0,0.257654667502193,0.0
272,280,nigeria,0.0,0.0,0.0,0.0,0.257654667502193,0.0
273,281,nigeria,0.0,0.0,0.0,0.0,0.257654667502193,0.0
274,282,nigeria,0.0,0.0,0.0,0.0,0.257654667502193,0.0
275,283,nigeria,0.0,0.0,0.0,0.0,0.257654667502193,0.0
276,284,nigeria,0.0,0.0,0.0,0.0,0.257654667502193,0.0
277,285,nigeria,0.0,0.0,0.0,0.0,0.257654667502193,0.0
278,286,nigeria,0.0,0.0,0.0,0.0,0.257654667502193,0.0
279,287,nigeria,0.0,0.0,0.0,0.0,0.257654667502193,0.0
280,288,nigeria,0.0,0.0,0.0,0.0,0.257654667502193,0.0
281,289,nigeria,0.0,0.0,0.0,0.0,0.257654667502193,0.0
282,290,nigeria,0.0,0.0,0.0,0.0,0.257654667502193,0.0
283,291,nigeria,0.0,0.0,0.0,0.0,0.257654667502193,0.0
284,292,nigeria,0.0,0.0,0.0,0.0,0.257654667502193,0.0
285,293,nigeria,0.0,0.0,0.0,0.0,0.257654667502193,0.0
286,294,nigeria,0.0,0.0,0.0,0.0,0.257654667502193,0.0
287,295,nigeria,0.0,0.0,0.0,0.0,0.257654667502193,0.0
288,296,nigeria,0.0,0.0,0.0,0.0,0.257654667502193,0.0
289,297,nigeria,0.0,0.0,0.0,0.0,0.257654667502193,0.0
290,298,nigeria,0.0,0.0,0.0,0.0,0.257654667502193,0.0
291,299,nigeria,0.0,0.0,0.0,0.0,0.257654667502193,0.0
292,300,nigeria,0.0,0.0,0.0,0.0,0.24413291583870608,0.0
293,301,nigeria,0.0,0.0,0.0,0.0,0.24413291583870608,0.0
294,302,nigeria,0.0,0.0,0.0,0.0,0.24413291583870608,0.0
295,303,nigeria,0.0,0.0,0.0,0.0,0.24413291583870608,0.0
296,304,nigeria,0.0,0.0,0.0,0.0,0.24413291583870608,0.0
297,305,nigeria,0.0,0.0,0.0,0.0,0.24413291583870608,0.0
298,306,nigeria,0.0,0.0,0.0,0.0,0.24413291583870608,0.0
299,307,nigeria,0.0,0.0,0.0,0.0,0.24413291583870608,0.0
300,308,nigeria,0.0,0.0,0.0,0.0,0.24413291583870608,0.0
301,309,nigeria,0.0,0.0,0.0,0.0,0.24413291583870608,0.0
302,311,nigeria,0.0,0.0,0.0,0.0,0.24413291583870608,0.0
303,312,nigeria,0.0,0.0,0.0,0.0,0.24413291583870608,0.0
304,313,nigeria,0.0,0.0,0.0,0.0,0.24413291583870608,0.0
305,314,nigeria,0.0,0.0,0.0,0.0,0.24413291583870608,0.0
306,315,nigeria,0.0,0.0,0.0,0.0,0.24413291583870608,0.0
307,316,nigeria,0.0,0.0,0.0,0.0,0.24413291583870608,0.0
308,317,nigeria,0.0,0.0,0.0,0.0,0.24413291583870608,0.0
309,318,nigeria,0.0,0.0,0.0,0.0,0.24413291583870608,0.0
310,319,nigeria,0.0,0.0,0.0,0.0,0.24413291583870608,0.0
311,320,nigeria,0.0,0.0,0.0,0.0,0.24413291583870608,0.0
312,321,nigeria,0.0,0.0,0.0,0.0,0.24413291583870608,0.0
313,322,nigeria,0.2,-8.265402793884277,-0.19999999999999984,24982367.22344375,0.19327738728110275,2.2875296772468765
314,323,nigeria,0.2,-8.265402793884277,-0.19999999999999984,24982367.22344375,0.19327738728110275,2.2875296772468765
315,324,nigeria,0.2,-8.265402793884277,-0.19999999999999984,24982367.22344375,0.19327738728110275,2.2875296772468765
316,325,nigeria,0.2,-8.265402793884277,-0.19999999999999984,24982367.22344375,0.19327738728110275,2.2875296772468765
317,326,nigeria,0.2,-8.265402793884277,-0.19999999999999984,24982367.22344375,0.19327738728110275,2.2875296772468765
318,327,nigeria,0.2,-8.265402793884277,-0.19999999999999984,24982367.22344375,0.19327738728110275,2.2875296772468765
319,328,nigeria,0.2,-8.265402793884277,-0.19999999999999984,24982367.22344375,0.19327738728110275,2.2875296772468765
320,329,nigeria,0.2,-8.265402793884277,-0.19999999999999984,24982367.22344375,0.19327738728110275,2.2875296772468765
321,330,nigeria,0.2,-8.265402793884277,-0.19999999999999984,24982367.22344375,0.19327738728110275,2.2875296772468765
322,331,nigeria,0.2,-8.265402793884277,-0.19999999999999984,24982367.22344375,0.19327738728110275,2.2875296772468765
323,332,nigeria,0.2,-8.265402793884277,-0.19999999999999984,24982367.22344375,0.19327738728110275,2.2875296772468765
324,333,nigeria,0.2,-8.265402793884277,-0.19999999999999984,24982367.22344375,0.19327738728110275,2.2875296772468765
325,334,nigeria,0.2,-8.265402793884277,-0.19999999999999984,24982367.22344375,0.19327738728110275,2.2875296772468765
326,335,nigeria,0.2,-8.265402793884277,-0.19999999999999984,24982367.22344375,0.19327738728110275,2.2875296772468765
327,336,nigeria,0.2,-8.265402793884277,-0.19999999999999984,24982367.22344375,0.19327738728110275,2.2875296772468765
328,337,nigeria,0.2,-8.265402793884277,-0.19999999999999984,24982367.22344375,0.19327738728110275,2.2875296772468765
329,338,nigeria,0.2,-8.265402793884277,-0.19999999999999984,24982367.22344375,0.19327738728110275,2.2875296772468765
330,339,nigeria,0.2,-8.265402793884277,-0.19999999999999984,24982367.22344375,0.19327738728110275,2.2875296772468765
331,340,nigeria,0.2,-8.265402793884277,-0.19999999999999984,24982367.22344375,0.19327738728110275,2.2875296772468765
332,341,nigeria,0.0,0.0,0.0,0.0,0.16748868825794877,0.0
333,342,nigeria,0.0,0.0,0.0,0.0,0.16748868825794877,0.0
334,343,nigeria,0.0,0.0,0.0,0.0,0.16748868825794877,0.0
335,344,nigeria,0.0,0.0,0.0,0.0,0.16748868825794877,0.0
336,345,nigeria,0.0,0.0,0.0,0.0,0.16748868825794877,0.0
337,346,nigeria,0.0,0.0,0.0,0.0,0.16748868825794877,0.0
338,347,nigeria,0.0,0.0,0.0,0.0,0.16748868825794877,0.0
339,348,nigeria,0.0,0.0,0.0,0.0,0.16748868825794877,0.0
340,349,nigeria,0.0,0.0,0.0,0.0,0.16748868825794877,0.0
341,350,nigeria,0.0,0.0,0.0,0.0,0.16748868825794877,0.0
342,351,nigeria,0.0,0.0,0.0,0.0,0.16748868825794877,0.0
343,352,nigeria,0.0,0.0,0.0,0.0,0.16748868825794877,0.0
344,353,nigeria,0.0,0.0,0.0,0.0,0.16748868825794877,0.0
345,354,nigeria,0.0,0.0,0.0,0.0,0.16748868825794877,0.0
346,355,nigeria,0.0,0.0,0.0,0.0,0.16748868825794877,0.0
347,356,nigeria,0.0,0.0,0.0,0.0,0.16748868825794877,0.0
348,357,nigeria,0.0,0.0,0.0,0.0,0.16748868825794877,0.0
349,358,nigeria,0.0,0.0,0.0,0.0,0.16748868825794877,0.0
350,359,nigeria,0.0,0.0,0.0,0.0,0.16748868825794877,0.0
351,360,nigeria,0.0,0.0,0.0,0.0,0.16748868825794877,0.0
352,362,nigeria,0.0,0.0,0.0,0.0,0.11516182001358097,0.0
353,363,nigeria,0.0,0.0,0.0,0.0,0.11516182001358097,0.0
354,364,nigeria,0.0,0.0,0.0,0.0,0.11516182001358097,0.0
355,365,nigeria,0.0,0.0,0.0,0.0,0.11516182001358097,0.0
356,366,nigeria,0.0,0.0,0.0,0.0,0.11516182001358097,0.0
357,367,nigeria,0.0,0.0,0.0,0.0,0.11516182001358097,0.0
358,368,nigeria,0.0,0.0,0.0,0.0,0.11516182001358097,0.0
359,369,nigeria,0.0,0.0,0.0,0.0,0.11516182001358097,0.0
360,370,nigeria,0.0,0.0,0.0,0.0,0.11516182001358097,0.0
361,371,nigeria,0.0,0.0,0.0,0.0,0.11516182001358097,0.0
362,372,nigeria,0.0,0.0,0.0,0.0,0.11516182001358097,0.0
363,373,nigeria,0.0,0.0,0.0,0.0,0.11516182001358097,0.0
364,374,nigeria,0.0,0.0,0.0,0.0,0.11516182001358097,0.0
365,375,nigeria,0.0,0.0,0.0,0.0,0.11516182001358097,0.0
366,376,nigeria,0.0,0.0,0.0,0.0,0.11516182001358097,0.0
367,377,nigeria,0.0,0.0,0.0,0.0,0.11516182001358097,0.0
368,378,nigeria,0.0,0.0,0.0,0.0,0.11516182001358097,0.0
369,379,nigeria,0.0,0.0,0.0,0.0,0.11516182001358097,0.0
370,380,nigeria,0.0,0.0,0.0,0.0,0.11516182001358097,0.0
371,381,nigeria,0.0,0.0,0.0,0.0,0.11516182001358097,0.0
372,382,nigeria,0.0,0.0,0.0,0.0,0.11516182001358097,0.0
373,383,nigeria,0.0,0.0,0.0,0.0,0.11516182001358097,0.0
374,384,nigeria,0.0,0.0,0.0,0.0,0.11516182001358097,0.0
375,385,nigeria,0.0,0.0,0.0,0.0,0.11516182001358097,0.0
376,386,nigeria,0.0,0.0,0.0,0.0,0.11516182001358097,0.0
377,387,nigeria,0.0,0.0,0.0,0.0,0.11516182001358097,0.0
378,388,nigeria,0.0,0.0,0.0,0.0,0.11516182001358097,0.0
379,389,nigeria,0.0,0.0,0.0,0.0,0.11516182001358097,0.0
380,390,nigeria,0.0,0.0,0.0,0.0,0.11516182001358097,0.0
381,391,nigeria,0.0,0.0,0.0,0.0,0.11516182001358097,0.0
382,392,nigeria,0.0,0.0,0.0,0.0,0.11516182001358097,0.0
383,393,nigeria,0.0,0.0,0.0,0.0,0.11516182001358097,0.0
384,394,nigeria,0.0,0.0,0.0,0.0,0.11516182001358097,0.0
385,395,nigeria,0.0,0.0,0.0,0.0,0.11516182001358097,0.0
386,396,nigeria,0.0,0.0,0.0,0.0,0.11516182001358097,0.0
387,405,nigeria,0.0,0.0,0.0,0.0,0.11516182001358097,0.0
388,407,nigeria,0.0,0.0,0.0,0.0,0.11516182001358097,0.0
389,408,nigeria,0.0,0.0,0.0,0.0,0.11516182001358097,0.0
390,409,nigeria,0.0,0.0,0.0,0.0,0.11516182001358097,0.0
391,410,nigeria,0.0,0.0,0.0,0.0,0.11516182001358097,0.0
392,412,nigeria,0.0,0.0,0.0,0.0,0.11516182001358097,0.0
393,413,nigeria,0.0,0.0,0.0,0.0,0.11516182001358097,0.0
394,414,nigeria,0.0,0.0,0.0,0.0,0.11516182001358097,0.0
395,415,nigeria,0.0,0.0,0.0,0.0,0.11516182001358097,0.0
396,416,nigeria,0.0,0.0,0.0,0.0,0.11516182001358097,0.0
397,417,nigeria,0.0,0.0,0.0,0.0,0.11516182001358097,0.0
398,418,nigeria,0.0,0.0,0.0,0.0,0.11516182001358097,0.0
399,419,nigeria,0.0,0.0,0.0,0.0,0.11516182001358097,0.0
400,420,nigeria,0.0,0.0,0.0,0.0,0.11516182001358097,0.0
401,421,nigeria,0.0,0.0,0.0,0.0,0.11516182001358097,0.0
402,422,nigeria,0.0,0.0,0.0,0.0,0.11516182001358097,0.0
403,423,nigeria,0.0,0.0,0.0,0.0,0.11516182001358097,0.0
404,424,nigeria,0.0,0.0,0.0,0.0,0.11516182001358097,0.0
405,429,nigeria,0.2,-3.218207836151123,-0.19999999999999984,47636285.20065093,0.20129559835077107,0.7006563825083026
406,430,nigeria,0.2,-3.218207836151123,-0.19999999999999984,47636285.20065093,0.20129559835077107,0.7006563825083026
407,431,nigeria,0.2,-3.218207836151123,-0.19999999999999984,47636285.20065093,0.20129559835077107,0.7006563825083026
408,432,nigeria,0.2,-3.218207836151123,-0.19999999999999984,47636285.20065093,0.20129559835077107,0.7006563825083026
409,433,nigeria,0.2,-3.218207836151123,-0.19999999999999984,47636285.20065093,0.20129559835077107,0.7006563825083026
410,434,nigeria,0.2,-3.218207836151123,-0.19999999999999984,47636285.20065093,0.20129559835077107,0.7006563825083026
411,436,nigeria,0.2,-3.218207836151123,-0.19999999999999984,47636285.20065093,0.20129559835077107,0.7006563825083026
412,437,nigeria,0.2,-3.218207836151123,-0.19999999999999984,47636285.20065093,0.20129559835077107,0.7006563825083026
413,438,nigeria,0.2,-3.218207836151123,-0.19999999999999984,47636285.20065093,0.20129559835077107,0.7006563825083026
414,439,nigeria,0.2,-3.218207836151123,-0.19999999999999984,47636285.20065093,0.20129559835077107,0.7006563825083026
415,440,nigeria,0.2,-3.218207836151123,-0.19999999999999984,47636285.20065093,0.20129559835077107,0.7006563825083026
416,441,nigeria,0.2,-3.218207836151123,-0.19999999999999984,47636285.20065093,0.20129559835077107,0.7006563825083026
417,442,nigeria,0.2,-3.218207836151123,-0.19999999999999984,47636285.20065093,0.20129559835077107,0.7006563825083026
418,443,nigeria,0.2,-3.218207836151123,-0.19999999999999984,47636285.20065093,0.20129559835077107,0.7006563825083026
419,444,nigeria,0.2,-3.218207836151123,-0.19999999999999984,47636285.20065093,0.20129559835077107,0.7006563825083026
420,445,nigeria,0.0,0.0,0.0,0.0,0.27988084821802955,0.0
421,446,nigeria,0.0,0.0,0.0,0.0,0.27988084821802955,0.0
422,447,nigeria,0.0,0.0,0.0,0.0,0.27988084821802955,0.0
423,448,nigeria,0.0,0.0,0.0,0.0,0.27988084821802955,0.0
424,449,nigeria,0.0,0.0,0.0,0.0,0.27988084821802955,0.0
425,450,nigeria,0.0,0.0,0.0,0.0,0.27988084821802955,0.0
426,451,nigeria,0.0,0.0,0.0,0.0,0.27988084821802955,0.0
427,452,nigeria,0.0,0.0,0.0,0.0,0.27988084821802955,0.0
428,453,nigeria,0.0,0.0,0.0,0.0,0.27988084821802955,0.0
429,454,nigeria,0.0,0.0,0.0,0.0,0.27988084821802955,0.0
430,455,nigeria,0.0,0.0,0.0,0.0,0.27988084821802955,0.0
431,456,nigeria,0.0,0.0,0.0,0.0,0.27988084821802955,0.0
432,457,nigeria,0.0,0.0,0.0,0.0,0.27988084821802955,0.0
433,458,nigeria,0.0,0.0,0.0,0.0,0.27988084821802955,0.0
434,459,nigeria,0.0,0.0,0.0,0.0,0.27988084821802955,0.0
435,460,nigeria,0.0,0.0,0.0,0.0,0.27988084821802955,0.0
436,461,nigeria,0.0,0.0,0.0,0.0,0.27988084821802955,0.0
437,462,nigeria,0.0,0.0,0.0,0.0,0.27988084821802955,0.0
438,463,nigeria,0.0,0.0,0.0,0.0,0.27988084821802955,0.0
439,464,nigeria,0.0,0.0,0.0,0.0,0.27988084821802955,0.0
440,465,nigeria,0.0,0.0,0.0,0.0,0.19830472199581584,0.0
441,466,nigeria,0.0,0.0,0.0,0.0,0.19830472199581584,0.0
442,467,nigeria,0.0,0.0,0.0,0.0,0.19830472199581584,0.0
443,468,nigeria,0.0,0.0,0.0,0.0,0.19830472199581584,0.0
444,469,nigeria,0.0,0.0,0.0,0.0,0.19830472199581584,0.0
445,470,nigeria,0.0,0.0,0.0,0.0,0.19830472199581584,0.0
446,471,nigeria,0.0,0.0,0.0,0.0,0.19830472199581584,0.0
447,472,nigeria,0.0,0.0,0.0,0.0,0.19830472199581584,0.0
448,473,nigeria,0.0,0.0,0.0,0.0,0.19830472199581584,0.0
449,474,nigeria,0.0,0.0,0.0,0.0,0.19830472199581584,0.0
450,475,nigeria,0.0,0.0,0.0,0.0,0.19830472199581584,0.0
451,476,nigeria,0.0,0.0,0.0,0.0,0.19830472199581584,0.0
452,477,nigeria,0.0,0.0,0.0,0.0,0.19830472199581584,0.0
453,478,nigeria,0.0,0.0,0.0,0.0,0.19830472199581584,0.0
454,479,nigeria,0.0,0.0,0.0,0.0,0.19830472199581584,0.0
455,480,nigeria,0.0,0.0,0.0,0.0,0.19830472199581584,0.0
456,481,nigeria,0.0,0.0,0.0,0.0,0.19830472199581584,0.0
457,482,nigeria,0.0,0.0,0.0,0.0,0.19830472199581584,0.0
458,483,nigeria,0.0,0.0,0.0,0.0,0.19830472199581584,0.0
459,484,nigeria,0.0,0.0,0.0,0.0,0.19830472199581584,0.0
460,485,nigeria,0.2,-1.6293163299560547,-0.19999999999999973,2913695.1597351665,0.18317834400841523,-1.6082551570764894
461,486,nigeria,0.2,-1.6293163299560547,-0.19999999999999973,2913695.1597351665,0.18317834400841523,-1.6082551570764894
462,487,nigeria,0.2,-1.6293163299560547,-0.19999999999999973,2913695.1597351665,0.18317834400841523,-1.6082551570764894
463,488,nigeria,0.2,-1.6293163299560547,-0.19999999999999973,2913695.1597351665,0.18317834400841523,-1.6082551570764894
464,489,nigeria,0.2,-1.6293163299560547,-0.19999999999999973,2913695.1597351665,0.18317834400841523,-1.6082551570764894
465,490,nigeria,0.2,-1.6293163299560547,-0.19999999999999973,2913695.1597351665,0.18317834400841523,-1.6082551570764894
466,491,nigeria,0.2,-1.6293163299560547,-0.19999999999999973,2913695.1597351665,0.18317834400841523,-1.6082551570764894
467,492,nigeria,0.2,-1.6293163299560547,-0.19999999999999973,2913695.1597351665,0.18317834400841523,-1.6082551570764894
468,493,nigeria,0.2,-1.6293163299560547,-0.19999999999999973,2913695.1597351665,0.18317834400841523,-1.6082551570764894
469,494,nigeria,0.2,-1.6293163299560547,-0.19999999999999973,2913695.1597351665,0.18317834400841523,-1.6082551570764894
470,495,nigeria,0.2,-1.6293163299560547,-0.19999999999999973,2913695.1597351665,0.18317834400841523,-1.6082551570764894
471,496,nigeria,0.2,-1.6293163299560547,-0.19999999999999973,2913695.1597351665,0.18317834400841523,-1.6082551570764894
472,497,nigeria,0.2,-1.6293163299560547,-0.19999999999999973,2913695.1597351665,0.18317834400841523,-1.6082551570764894
473,498,nigeria,0.2,-1.6293163299560547,-0.19999999999999973,2913695.1597351665,0.18317834400841523,-1.6082551570764894
474,499,nigeria,0.2,-1.6293163299560547,-0.19999999999999973,2913695.1597351665,0.18317834400841523,-1.6082551570764894
475,500,nigeria,0.2,-1.6293163299560547,-0.19999999999999973,2913695.1597351665,0.18317834400841523,-1.6082551570764894
476,501,nigeria,0.2,-1.6293163299560547,-0.19999999999999973,2913695.1597351665,0.18317834400841523,-1.6082551570764894
477,502,nigeria,0.2,-1.6293163299560547,-0.19999999999999973,2913695.1597351665,0.18317834400841523,-1.6082551570764894
478,503,nigeria,0.2,-1.6293163299560547,-0.19999999999999973,2913695.1597351665,0.18317834400841523,-1.6082551570764894
479,504,nigeria,0.2,-1.6293163299560547,-0.19999999999999973,2913695.1597351665,0.18317834400841523,-1.6082551570764894
480,505,nigeria,0.2,-1.6293163299560547,-0.19999999999999973,2913695.1597351665,0.18317834400841523,-1.6082551570764894
481,506,nigeria,0.2,-1.6293163299560547,-0.19999999999999973,2913695.1597351665,0.18317834400841523,-1.6082551570764894
482,507,nigeria,0.2,-1.6293163299560547,-0.19999999999999973,2913695.1597351665,0.18317834400841523,-1.6082551570764894
483,508,nigeria,0.2,-1.6293163299560547,-0.19999999999999973,2913695.1597351665,0.18317834400841523,-1.6082551570764894
484,509,nigeria,0.2,-1.6293163299560547,-0.19999999999999973,2913695.1597351665,0.18317834400841523,-1.6082551570764894
485,510,nigeria,0.2,-1.6293163299560547,-0.19999999999999973,2913695.1597351665,0.18317834400841523,-1.6082551570764894
486,511,nigeria,0.2,-1.6293163299560547,-0.19999999999999973,2913695.1597351665,0.18317834400841523,-1.6082551570764894
487,512,nigeria,0.2,-1.6293163299560547,-0.19999999999999973,2913695.1597351665,0.18317834400841523,-1.6082551570764894
488,513,nigeria,0.2,-1.6293163299560547,-0.19999999999999973,2913695.1597351665,0.18317834400841523,-1.6082551570764894
489,514,nigeria,0.2,-1.6293163299560547,-0.19999999999999973,2913695.1597351665,0.18317834400841523,-1.6082551570764894
490,515,nigeria,0.2,-1.6293163299560547,-0.19999999999999973,2913695.1597351665,0.18317834400841523,-1.6082551570764894
491,516,nigeria,0.2,-1.6293163299560547,-0.19999999999999973,2913695.1597351665,0.18317834400841523,-1.6082551570764894
492,517,nigeria,0.2,-1.6293163299560547,-0.19999999999999973,2913695.1597351665,0.18317834400841523,-1.6082551570764894
493,518,nigeria,0.2,-1.6293163299560547,-0.19999999999999973,2913695.1597351665,0.18317834400841523,-1.6082551570764894
494,519,nigeria,0.0,0.0,0.0,0.0,0.10164416577434121,0.0
495,520,nigeria,0.0,0.0,0.0,0.0,0.10164416577434121,0.0
496,521,nigeria,0.0,0.0,0.0,0.0,0.10164416577434121,0.0
497,523,nigeria,0.0,0.0,0.0,0.0,0.10164416577434121,0.0
498,524,nigeria,0.0,0.0,0.0,0.0,0.10164416577434121,0.0
499,526,nigeria,0.0,0.0,0.0,0.0,0.10164416577434121,0.0
500,527,nigeria,0.0,0.0,0.0,0.0,0.10164416577434121,0.0
501,528,nigeria,0.0,0.0,0.0,0.0,0.10164416577434121,0.0
502,529,nigeria,0.0,0.0,0.0,0.0,0.10164416577434121,0.0
503,530,nigeria,0.0,0.0,0.0,0.0,0.10164416577434121,0.0
504,532,nigeria,0.0,0.0,0.0,0.0,0.10164416577434121,0.0
505,533,nigeria,0.0,0.0,0.0,0.0,0.10164416577434121,0.0
506,538,nigeria,0.0,0.0,0.0,0.0,0.10164416577434121,0.0
507,539,nigeria,0.0,0.0,0.0,0.0,0.10164416577434121,0.0
508,540,nigeria,0.0,0.0,0.0,0.0,0.10164416577434121,0.0
509,542,nigeria,0.0,0.0,0.0,0.0,0.10164416577434121,0.0
510,543,nigeria,0.0,0.0,0.0,0.0,0.10164416577434121,0.0
511,544,nigeria,0.2,-3.0008277893066406,-0.19999999999999973,1368977.7077238217,0.2509936844393209,-0.7771717063087209
512,545,nigeria,0.2,-3.0008277893066406,-0.19999999999999973,1368977.7077238217,0.2509936844393209,-0.7771717063087209
513,546,nigeria,0.2,-3.0008277893066406,-0.19999999999999973,1368977.7077238217,0.2509936844393209,-0.7771717063087209
514,549,nigeria,0.2,-3.0008277893066406,-0.19999999999999973,1368977.7077238217,0.2509936844393209,-0.7771717063087209
515,550,nigeria,0.2,-3.0008277893066406,-0.19999999999999973,1368977.7077238217,0.2509936844393209,-0.7771717063087209
516,551,nigeria,0.2,-3.0008277893066406,-0.19999999999999973,1368977.7077238217,0.2509936844393209,-0.7771717063087209
517,552,nigeria,0.2,-3.0008277893066406,-0.19999999999999973,1368977.7077238217,0.2509936844393209,-0.7771717063087209
518,553,nigeria,0.2,-3.0008277893066406,-0.19999999999999973,1368977.7077238217,0.2509936844393209,-0.7771717063087209
519,554,nigeria,0.2,-3.0008277893066406,-0.19999999999999973,1368977.7077238217,0.2509936844393209,-0.7771717063087209
520,555,nigeria,0.2,-3.0008277893066406,-0.19999999999999973,1368977.7077238217,0.2509936844393209,-0.7771717063087209
521,556,nigeria,0.2,-3.0008277893066406,-0.19999999999999973,1368977.7077238217,0.2509936844393209,-0.7771717063087209
522,557,nigeria,0.2,-3.0008277893066406,-0.19999999999999973,1368977.7077238217,0.2509936844393209,-0.7771717063087209
523,558,nigeria,0.2,-3.0008277893066406,-0.19999999999999973,1368977.7077238217,0.2509936844393209,-0.7771717063087209
524,559,nigeria,0.2,-3.0008277893066406,-0.19999999999999973,1368977.7077238217,0.2509936844393209,-0.7771717063087209
525,561,nigeria,0.2,-3.0008277893066406,-0.19999999999999973,1368977.7077238217,0.2509936844393209,-0.7771717063087209
526,562,nigeria,0.2,-3.0008277893066406,-0.19999999999999973,1368977.7077238217,0.2509936844393209,-0.7771717063087209
527,563,nigeria,0.0,0.0,0.0,0.0,0.18485368149457415,0.0
528,564,nigeria,0.0,0.0,0.0,0.0,0.18485368149457415,0.0
529,565,nigeria,0.0,0.0,0.0,0.0,0.18485368149457415,0.0
530,566,nigeria,0.0,0.0,0.0,0.0,0.18485368149457415,0.0
531,567,nigeria,0.0,0.0,0.0,0.0,0.18485368149457415,0.0
532,568,nigeria,0.0,0.0,0.0,0.0,0.18485368149457415,0.0
533,569,nigeria,0.0,0.0,0.0,0.0,0.18485368149457415,0.0
534,570,nigeria,0.0,0.0,0.0,0.0,0.18485368149457415,0.0
535,571,nigeria,0.0,0.0,0.0,0.0,0.18485368149457415,0.0
536,572,nigeria,0.0,0.0,0.0,0.0,0.18485368149457415,0.0
537,573,nigeria,0.0,0.0,0.0,0.0,0.18485368149457415,0.0
538,574,nigeria,0.0,0.0,0.0,0.0,0.18485368149457415,0.0
539,575,nigeria,0.0,0.0,0.0,0.0,0.18485368149457415,0.0
540,576,nigeria,0.0,0.0,0.0,0.0,0.18485368149457415,0.0
541,577,nigeria,0.0,0.0,0.0,0.0,0.18485368149457415,0.0
542,578,nigeria,0.0,0.0,0.0,0.0,0.18485368149457415,0.0
543,579,nigeria,0.0,0.0,0.0,0.0,0.18485368149457415,0.0
544,580,nigeria,0.0,0.0,0.0,0.0,0.18485368149457415,0.0
545,581,nigeria,0.0,0.0,0.0,0.0,0.18485368149457415,0.0
546,582,nigeria,0.0,0.0,0.0,0.0,0.18485368149457415,0.0
547,583,nigeria,0.0,0.0,0.0,0.0,0.18485368149457415,0.0
548,584,nigeria,0.0,0.0,0.0,0.0,0.18485368149457415,0.0
549,585,nigeria,0.0,0.0,0.0,0.0,0.18485368149457415,0.0
550,586,nigeria,0.0,0.0,0.0,0.0,0.18485368149457415,0.0
551,587,nigeria,0.0,0.0,0.0,0.0,0.18485368149457415,0.0
552,588,nigeria,0.0,0.0,0.0,0.0,0.2788508132667263,0.0
553,589,nigeria,0.0,0.0,0.0,0.0,0.2788508132667263,0.0
554,590,nigeria,0.0,0.0,0.0,0.0,0.2788508132667263,0.0
555,591,nigeria,0.0,0.0,0.0,0.0,0.2788508132667263,0.0
556,592,nigeria,0.0,0.0,0.0,0.0,0.2788508132667263,0.0
557,593,nigeria,0.0,0.0,0.0,0.0,0.2788508132667263,0.0
558,594,nigeria,0.0,0.0,0.0,0.0,0.2788508132667263,0.0
559,595,nigeria,0.0,0.0,0.0,0.0,0.2788508132667263,0.0
560,596,nigeria,0.0,0.0,0.0,0.0,0.2788508132667263,0.0
561,597,nigeria,0.0,0.0,0.0,0.0,0.2788508132667263,0.0
562,598,nigeria,0.0,0.0,0.0,0.0,0.2788508132667263,0.0
563,599,nigeria,0.0,0.0,0.0,0.0,0.2788508132667263,0.0
564,600,nigeria,0.0,0.0,0.0,0.0,0.2788508132667263,0.0
565,601,nigeria,0.0,0.0,0.0,0.0,0.2788508132667263,0.0
566,602,nigeria,0.0,0.0,0.0,0.0,0.2788508132667263,0.0
567,603,nigeria,0.0,0.0,0.0,0.0,0.2788508132667263,0.0
568,604,nigeria,0.0,0.0,0.0,0.0,0.2788508132667263,0.0
569,605,nigeria,0.0,0.0,0.0,0.0,0.2788508132667263,0.0
570,606,nigeria,0.0,0.0,0.0,0.0,0.2788508132667263,0.0
571,607,nigeria,0.0,0.0,0.0,0.0,0.2788508132667263,0.0
572,608,nigeria,0.0,0.0,0.0,0.0,0.1889153260006784,0.0
573,609,nigeria,0.0,0.0,0.0,0.0,0.1889153260006784,0.0
574,610,nigeria,0.0,0.0,0.0,0.0,0.1889153260006784,0.0
575,611,nigeria,0.0,0.0,0.0,0.0,0.1889153260006784,0.0
576,612,nigeria,0.0,0.0,0.0,0.0,0.1889153260006784,0.0
577,613,nigeria,0.0,0.0,0.0,0.0,0.1889153260006784,0.0
578,614,nigeria,0.0,0.0,0.0,0.0,0.1889153260006784,0.0
579,615,nigeria,0.0,0.0,0.0,0.0,0.1889153260006784,0.0
580,616,nigeria,0.0,0.0,0.0,0.0,0.1889153260006784,0.0
581,617,nigeria,0.0,0.0,0.0,0.0,0.1889153260006784,0.0
582,618,nigeria,0.0,0.0,0.0,0.0,0.1889153260006784,0.0
583,619,nigeria,0.0,0.0,0.0,0.0,0.1889153260006784,0.0
584,620,nigeria,0.0,0.0,0.0,0.0,0.1889153260006784,0.0
585,621,nigeria,0.0,0.0,0.0,0.0,0.1889153260006784,0.0
586,622,nigeria,0.0,0.0,0.0,0.0,0.1889153260006784,0.0
587,623,nigeria,0.0,0.0,0.0,0.0,0.1889153260006784,0.0
588,624,nigeria,0.0,0.0,0.0,0.0,0.1889153260006784,0.0
589,625,nigeria,0.0,0.0,0.0,0.0,0.1889153260006784,0.0
590,626,nigeria,0.0,0.0,0.0,0.0,0.1889153260006784,0.0
591,627,nigeria,0.0,0.0,0.0,0.0,0.1889153260006784,0.0
592,628,nigeria,0.0,0.0,0.0,0.0,0.1889153260006784,0.0
593,629,nigeria,0.0,0.0,0.0,0.0,0.1889153260006784,0.0
594,630,nigeria,0.0,0.0,0.0,0.0,0.1889153260006784,0.0
595,631,nigeria,0.0,0.0,0.0,0.0,0.1889153260006784,0.0
596,632,nigeria,0.0,0.0,0.0,0.0,0.1889153260006784,0.0
597,633,nigeria,0.0,0.0,0.0,0.0,0.18726194649066283,0.0
598,634,nigeria,0.0,0.0,0.0,0.0,0.18726194649066283,0.0
599,635,nigeria,0.0,0.0,0.0,0.0,0.18726194649066283,0.0
600,636,nigeria,0.0,0.0,0.0,0.0,0.18726194649066283,0.0
601,638,nigeria,0.0,0.0,0.0,0.0,0.18726194649066283,0.0
602,639,nigeria,0.0,0.0,0.0,0.0,0.18726194649066283,0.0
603,640,nigeria,0.0,0.0,0.0,0.0,0.18726194649066283,0.0
604,641,nigeria,0.0,0.0,0.0,0.0,0.18726194649066283,0.0
605,642,nigeria,0.0,0.0,0.0,0.0,0.18726194649066283,0.0
606,643,nigeria,0.0,0.0,0.0,0.0,0.18726194649066283,0.0
607,644,nigeria,0.0,0.0,0.0,0.0,0.18726194649066283,0.0
608,645,nigeria,0.0,0.0,0.0,0.0,0.18726194649066283,0.0
609,646,nigeria,0.0,0.0,0.0,0.0,0.18726194649066283,0.0
610,647,nigeria,0.0,0.0,0.0,0.0,0.18726194649066283,0.0
611,648,nigeria,0.0,0.0,0.0,0.0,0.18726194649066283,0.0
612,649,nigeria,0.0,0.0,0.0,0.0,0.18726194649066283,0.0
613,650,nigeria,0.0,0.0,0.0,0.0,0.18726194649066283,0.0
614,651,nigeria,0.0,0.0,0.0,0.0,0.18726194649066283,0.0
615,652,nigeria,0.0,0.0,0.0,0.0,0.18726194649066283,0.0
616,653,nigeria,0.0,0.0,0.0,0.0,0.18726194649066283,0.0
617,654,nigeria,0.0,0.0,0.0,0.0,0.18726194649066283,0.0
618,655,nigeria,0.0,0.0,0.0,0.0,0.18726194649066283,0.0
619,656,nigeria,0.0,0.0,0.0,0.0,0.18726194649066283,0.0
620,657,nigeria,0.0,0.0,0.0,0.0,0.18726194649066283,0.0
621,658,nigeria,0.0,0.0,0.0,0.0,0.18726194649066283,0.0
622,659,nigeria,0.0,0.0,0.0,0.0,0.18726194649066283,0.0
623,660,nigeria,0.0,0.0,0.0,0.0,0.18726194649066283,0.0
624,661,nigeria,0.0,0.0,0.0,0.0,0.18726194649066283,0.0
625,662,nigeria,0.0,0.0,0.0,0.0,0.18726194649066283,0.0
626,663,nigeria,0.0,0.0,0.0,0.0,0.18726194649066283,0.0
627,664,nigeria,0.0,0.0,0.0,0.0,0.18726194649066283,0.0
628,665,nigeria,0.0,0.0,0.0,0.0,0.18726194649066283,0.0
629,666,nigeria,0.0,0.0,0.0,0.0,0.18726194649066283,0.0
630,667,nigeria,0.0,0.0,0.0,0.0,0.18726194649066283,0.0
631,668,nigeria,0.0,0.0,0.0,0.0,0.18726194649066283,0.0
632,669,nigeria,0.0,0.0,0.0,0.0,0.18726194649066283,0.0
633,670,nigeria,0.4,-4.5038429498672485,-0.3999999999999999,9596157.68974562,0.26374098561467674,1.306407087986026
634,671,nigeria,0.4,-4.5038429498672485,-0.3999999999999999,9596157.68974562,0.26374098561467674,1.306407087986026
635,672,nigeria,0.4,-4.5038429498672485,-0.3999999999999999,9596157.68974562,0.26374098561467674,1.306407087986026
636,673,nigeria,0.4,-4.5038429498672485,-0.3999999999999999,9596157.68974562,0.26374098561467674,1.306407087986026
637,674,nigeria,0.4,-4.5038429498672485,-0.3999999999999999,9596157.68974562,0.26374098561467674,1.306407087986026
638,675,nigeria,0.4,-4.5038429498672485,-0.3999999999999999,9596157.68974562,0.26374098561467674,1.306407087986026
639,676,nigeria,0.4,-4.5038429498672485,-0.3999999999999999,9596157.68974562,0.26374098561467674,1.306407087986026
640,677,nigeria,0.4,-4.5038429498672485,-0.3999999999999999,9596157.68974562,0.26374098561467674,1.306407087986026
641,678,nigeria,0.4,-4.5038429498672485,-0.3999999999999999,9596157.68974562,0.26374098561467674,1.306407087986026
642,679,nigeria,0.4,-4.5038429498672485,-0.3999999999999999,9596157.68974562,0.26374098561467674,1.306407087986026
643,681,nigeria,0.4,-4.5038429498672485,-0.3999999999999999,9596157.68974562,0.26374098561467674,1.306407087986026
644,682,nigeria,0.4,-4.5038429498672485,-0.3999999999999999,9596157.68974562,0.26374098561467674,1.306407087986026
645,683,nigeria,0.4,-4.5038429498672485,-0.3999999999999999,9596157.68974562,0.26374098561467674,1.306407087986026
646,684,nigeria,0.4,-4.5038429498672485,-0.3999999999999999,9596157.68974562,0.26374098561467674,1.306407087986026
647,685,nigeria,0.4,-4.5038429498672485,-0.3999999999999999,9596157.68974562,0.26374098561467674,1.306407087986026
648,686,nigeria,0.4,-4.5038429498672485,-0.3999999999999999,9596157.68974562,0.26374098561467674,1.306407087986026
649,687,nigeria,0.4,-4.5038429498672485,-0.3999999999999999,9596157.68974562,0.26374098561467674,1.306407087986026
650,688,nigeria,0.4,-4.5038429498672485,-0.3999999999999999,9596157.68974562,0.26374098561467674,1.306407087986026
651,689,nigeria,0.4,-4.5038429498672485,-0.3999999999999999,9596157.68974562,0.26374098561467674,1.306407087986026
652,690,nigeria,0.0,0.0,0.0,0.0,0.25907169327030827,0.0
653,691,nigeria,0.0,0.0,0.0,0.0,0.25907169327030827,0.0
654,692,nigeria,0.0,0.0,0.0,0.0,0.25907169327030827,0.0
655,693,nigeria,0.0,0.0,0.0,0.0,0.25907169327030827,0.0
656,694,nigeria,0.0,0.0,0.0,0.0,0.25907169327030827,0.0
657,695,nigeria,0.0,0.0,0.0,0.0,0.25907169327030827,0.0
658,696,nigeria,0.0,0.0,0.0,0.0,0.25907169327030827,0.0
659,697,nigeria,0.0,0.0,0.0,0.0,0.25907169327030827,0.0
660,698,nigeria,0.0,0.0,0.0,0.0,0.25907169327030827,0.0
661,699,nigeria,0.0,0.0,0.0,0.0,0.25907169327030827,0.0
662,700,nigeria,0.0,0.0,0.0,0.0,0.25907169327030827,0.0
663,701,nigeria,0.0,0.0,0.0,0.0,0.25907169327030827,0.0
664,702,nigeria,0.0,0.0,0.0,0.0,0.25907169327030827,0.0
665,703,nigeria,0.0,0.0,0.0,0.0,0.25907169327030827,0.0
666,704,nigeria,0.0,0.0,0.0,0.0,0.25907169327030827,0.0
667,705,nigeria,0.0,0.0,0.0,0.0,0.25907169327030827,0.0
668,706,nigeria,0.0,0.0,0.0,0.0,0.25907169327030827,0.0
669,707,nigeria,0.0,0.0,0.0,0.0,0.25907169327030827,0.0
670,708,nigeria,0.0,0.0,0.0,0.0,0.25907169327030827,0.0
671,709,nigeria,0.0,0.0,0.0,0.0,0.25907169327030827,0.0
672,710,nigeria,0.0,0.0,0.0,0.0,0.25907169327030827,0.0
673,711,nigeria,0.0,0.0,0.0,0.0,0.25907169327030827,0.0
674,712,nigeria,0.0,0.0,0.0,0.0,0.25907169327030827,0.0
675,713,nigeria,0.0,0.0,0.0,0.0,0.25907169327030827,0.0
676,714,nigeria,0.0,0.0,0.0,0.0,0.25907169327030827,0.0
677,715,nigeria,0.0,0.0,0.0,0.0,0.10164416577434121,0.0
678,716,nigeria,0.0,0.0,0.0,0.0,0.10164416577434121,0.0
679,717,nigeria,0.0,0.0,0.0,0.0,0.10164416577434121,0.0
680,718,nigeria,0.0,0.0,0.0,0.0,0.10164416577434121,0.0
681,719,nigeria,0.0,0.0,0.0,0.0,0.10164416577434121,0.0
682,720,nigeria,0.0,0.0,0.0,0.0,0.10164416577434121,0.0
683,721,nigeria,0.0,0.0,0.0,0.0,0.10164416577434121,0.0
684,722,nigeria,0.0,0.0,0.0,0.0,0.10164416577434121,0.0
685,723,nigeria,0.0,0.0,0.0,0.0,0.10164416577434121,0.0
686,724,nigeria,0.0,0.0,0.0,0.0,0.10164416577434121,0.0
687,725,nigeria,0.0,0.0,0.0,0.0,0.10164416577434121,0.0
688,726,nigeria,0.0,0.0,0.0,0.0,0.10164416577434121,0.0
689,727,nigeria,0.0,0.0,0.0,0.0,0.10164416577434121,0.0
690,728,nigeria,0.0,0.0,0.0,0.0,0.10164416577434121,0.0
691,729,nigeria,0.0,0.0,0.0,0.0,0.10164416577434121,0.0
692,730,nigeria,0.0,0.0,0.0,0.0,0.10164416577434121,0.0
693,731,nigeria,0.0,0.0,0.0,0.0,0.10164416577434121,0.0
694,732,nigeria,0.0,0.0,0.0,0.0,0.10164416577434121,0.0
695,733,nigeria,0.0,0.0,0.0,0.0,0.10164416577434121,0.0
696,734,nigeria,0.0,0.0,0.0,0.0,0.10164416577434121,0.0
697,735,nigeria,0.0,0.0,0.0,0.0,0.10164416577434121,0.0
698,736,nigeria,0.0,0.0,0.0,0.0,0.10164416577434121,0.0
699,737,nigeria,0.0,0.0,0.0,0.0,0.10164416577434121,0.0
700,738,nigeria,0.0,0.0,0.0,0.0,0.10164416577434121,0.0
701,739,nigeria,0.0,0.0,0.0,0.0,0.10164416577434121,0.0
702,740,nigeria,0.0,0.0,0.0,0.0,0.19654083795337274,0.0
703,741,nigeria,0.0,0.0,0.0,0.0,0.19654083795337274,0.0
704,743,nigeria,0.0,0.0,0.0,0.0,0.19654083795337274,0.0
705,744,nigeria,0.0,0.0,0.0,0.0,0.19654083795337274,0.0
706,745,nigeria,0.0,0.0,0.0,0.0,0.19654083795337274,0.0
707,746,nigeria,0.0,0.0,0.0,0.0,0.19654083795337274,0.0
708,747,nigeria,0.0,0.0,0.0,0.0,0.19654083795337274,0.0
709,749,nigeria,0.0,0.0,0.0,0.0,0.19654083795337274,0.0
710,750,nigeria,0.0,0.0,0.0,0.0,0.19654083795337274,0.0
711,751,nigeria,0.0,0.0,0.0,0.0,0.19654083795337274,0.0
712,752,nigeria,0.0,0.0,0.0,0.0,0.19654083795337274,0.0
713,753,nigeria,0.0,0.0,0.0,0.0,0.19654083795337274,0.0
714,754,nigeria,0.0,0.0,0.0,0.0,0.19654083795337274,0.0
715,755,nigeria,0.0,0.0,0.0,0.0,0.19654083795337274,0.0
716,756,nigeria,0.0,0.0,0.0,0.0,0.19654083795337274,0.0
717,757,nigeria,0.0,0.0,0.0,0.0,0.19654083795337274,0.0
718,758,nigeria,0.0,0.0,0.0,0.0,0.19654083795337274,0.0
719,759,nigeria,0.0,0.0,0.0,0.0,0.19654083795337274,0.0
720,760,nigeria,0.0,0.0,0.0,0.0,0.19654083795337274,0.0
721,761,nigeria,0.0,0.0,0.0,0.0,0.19654083795337274,0.0
722,762,nigeria,0.0,0.0,0.0,0.0,0.19654083795337274,0.0
723,763,nigeria,0.0,0.0,0.0,0.0,0.19654083795337274,0.0
724,764,nigeria,0.0,0.0,0.0,0.0,0.19654083795337274,0.0
725,765,nigeria,0.0,0.0,0.0,0.0,0.19654083795337274,0.0
726,766,nigeria,0.0,0.0,0.0,0.0,0.19654083795337274,0.0
727,767,nigeria,0.0,0.0,0.0,0.0,0.19654083795337274,0.0
728,768,nigeria,0.0,0.0,0.0,0.0,0.19654083795337274,0.0
729,769,nigeria,0.0,0.0,0.0,0.0,0.19654083795337274,0.0
730,770,nigeria,0.0,0.0,0.0,0.0,0.19654083795337274,0.0
731,772,nigeria,0.0,0.0,0.0,0.0,0.19654083795337274,0.0
732,773,nigeria,0.0,0.0,0.0,0.0,0.19654083795337274,0.0
733,774,nigeria,0.0,0.0,0.0,0.0,0.19654083795337274,0.0
734,775,nigeria,0.0,0.0,0.0,0.0,0.19654083795337274,0.0
735,776,nigeria,0.4,-1.600743293762207,-0.3999999999999999,5925550.494626737,0.2008829123466284,0.1416809661603199
736,777,nigeria,0.4,-1.600743293762207,-0.3999999999999999,5925550.494626737,0.2008829123466284,0.1416809661603199
737,778,nigeria,0.4,-1.600743293762207,-0.3999999999999999,5925550.494626737,0.2008829123466284,0.1416809661603199
738,779,nigeria,0.4,-1.600743293762207,-0.3999999999999999,5925550.494626737,0.2008829123466284,0.1416809661603199
739,780,nigeria,0.4,-1.600743293762207,-0.3999999999999999,5925550.494626737,0.2008829123466284,0.1416809661603199
740,781,nigeria,0.4,-1.600743293762207,-0.3999999999999999,5925550.494626737,0.2008829123466284,0.1416809661603199
741,782,nigeria,0.4,-1.600743293762207,-0.3999999999999999,5925550.494626737,0.2008829123466284,0.1416809661603199
742,783,nigeria,0.0,0.0,0.0,0.0,0.2187747349400838,0.0
743,784,nigeria,0.0,0.0,0.0,0.0,0.2187747349400838,0.0
744,785,nigeria,0.0,0.0,0.0,0.0,0.2187747349400838,0.0
745,786,nigeria,0.0,0.0,0.0,0.0,0.2187747349400838,0.0
746,787,nigeria,0.0,0.0,0.0,0.0,0.2187747349400838,0.0
747,788,nigeria,0.0,0.0,0.0,0.0,0.2187747349400838,0.0
748,789,nigeria,0.0,0.0,0.0,0.0,0.2187747349400838,0.0
749,790,nigeria,0.0,0.0,0.0,0.0,0.2187747349400838,0.0
750,791,nigeria,0.0,0.0,0.0,0.0,0.2187747349400838,0.0
751,792,nigeria,0.0,0.0,0.0,0.0,0.2187747349400838,0.0
752,793,nigeria,0.0,0.0,0.0,0.0,0.2187747349400838,0.0
753,794,nigeria,0.0,0.0,0.0,0.0,0.2187747349400838,0.0
754,795,nigeria,0.0,0.0,0.0,0.0,0.2187747349400838,0.0
755,796,nigeria,0.0,0.0,0.0,0.0,0.2187747349400838,0.0
756,797,nigeria,0.0,0.0,0.0,0.0,0.2187747349400838,0.0
757,798,nigeria,0.0,0.0,0.0,0.0,0.2187747349400838,0.0
758,799,nigeria,0.0,0.0,0.0,0.0,0.2187747349400838,0.0
759,800,nigeria,0.0,0.0,0.0,0.0,0.2187747349400838,0.0
760,801,nigeria,0.0,0.0,0.0,0.0,0.2187747349400838,0.0
761,802,nigeria,0.0,0.0,0.0,0.0,0.2187747349400838,0.0
762,803,nigeria,0.0,0.0,0.0,0.0,0.2187747349400838,0.0
763,804,nigeria,0.0,0.0,0.0,0.0,0.2187747349400838,0.0
764,805,nigeria,0.0,0.0,0.0,0.0,0.2187747349400838,0.0
765,806,nigeria,0.0,0.0,0.0,0.0,0.2187747349400838,0.0
766,807,nigeria,0.0,0.0,0.0,0.0,0.2187747349400838,0.0
767,808,nigeria,0.0,0.0,0.0,0.0,0.2187747349400838,0.0
768,809,nigeria,0.0,0.0,0.0,0.0,0.2187747349400838,0.0
769,810,nigeria,0.0,0.0,0.0,0.0,0.2187747349400838,0.0
770,811,nigeria,0.0,0.0,0.0,0.0,0.2187747349400838,0.0
771,812,nigeria,0.0,0.0,0.0,0.0,0.2187747349400838,0.0
772,813,nigeria,0.0,0.0,0.0,0.0,0.2187747349400838,0.0
773,814,nigeria,0.0,0.0,0.0,0.0,0.2187747349400838,0.0
774,815,nigeria,0.0,0.0,0.0,0.0,0.2187747349400838,0.0
775,816,nigeria,0.0,0.0,0.0,0.0,0.2187747349400838,0.0
776,817,nigeria,0.0,0.0,0.0,0.0,0.22520330492905657,0.0
777,818,nigeria,0.0,0.0,0.0,0.0,0.22520330492905657,0.0
778,819,nigeria,0.0,0.0,0.0,0.0,0.22520330492905657,0.0
779,820,nigeria,0.0,0.0,0.0,0.0,0.22520330492905657,0.0
780,821,nigeria,0.0,0.0,0.0,0.0,0.22520330492905657,0.0
781,822,nigeria,0.0,0.0,0.0,0.0,0.22520330492905657,0.0
782,823,nigeria,0.0,0.0,0.0,0.0,0.22520330492905657,0.0
783,824,nigeria,0.0,0.0,0.0,0.0,0.22520330492905657,0.0
784,825,nigeria,0.0,0.0,0.0,0.0,0.22520330492905657,0.0
785,826,nigeria,0.0,0.0,0.0,0.0,0.22520330492905657,0.0
786,827,nigeria,0.0,0.0,0.0,0.0,0.22520330492905657,0.0
787,828,nigeria,0.0,0.0,0.0,0.0,0.22520330492905657,0.0
788,829,nigeria,0.0,0.0,0.0,0.0,0.22520330492905657,0.0
789,830,nigeria,0.0,0.0,0.0,0.0,0.22520330492905657,0.0
790,831,nigeria,0.0,0.0,0.0,0.0,0.22520330492905657,0.0
791,832,nigeria,0.0,0.0,0.0,0.0,0.22520330492905657,0.0
792,833,nigeria,0.0,0.0,0.0,0.0,0.22520330492905657,0.0
793,834,nigeria,0.0,0.0,0.0,0.0,0.22520330492905657,0.0
794,835,nigeria,0.0,0.0,0.0,0.0,0.22520330492905657,0.0
795,836,nigeria,0.0,0.0,0.0,0.0,0.22520330492905657,0.0
796,837,nigeria,0.0,0.0,0.0,0.0,0.22520330492905657,0.0
797,838,nigeria,0.0,0.0,0.0,0.0,0.22520330492905657,0.0
798,839,nigeria,0.0,0.0,0.0,0.0,0.22520330492905657,0.0
799,840,nigeria,0.0,0.0,0.0,0.0,0.22520330492905657,0.0
800,841,nigeria,0.0,0.0,0.0,0.0,0.22520330492905657,0.0
801,842,nigeria,0.0,0.0,0.0,0.0,0.22520330492905657,0.0
802,843,nigeria,0.0,0.0,0.0,0.0,0.22520330492905657,0.0
803,844,nigeria,0.0,0.0,0.0,0.0,0.22520330492905657,0.0
804,845,nigeria,0.0,0.0,0.0,0.0,0.22520330492905657,0.0
805,846,nigeria,0.0,0.0,0.0,0.0,0.22520330492905657,0.0
806,847,nigeria,0.0,0.0,0.0,0.0,0.22520330492905657,0.0
807,848,nigeria,0.0,0.0,0.0,0.0,0.22520330492905657,0.0
808,849,nigeria,0.0,0.0,0.0,0.0,0.22520330492905657,0.0
809,850,nigeria,0.0,0.0,0.0,0.0,0.22520330492905657,0.0
810,851,nigeria,0.0,0.0,0.0,0.0,0.20626679873783188,0.0
811,852,nigeria,0.0,0.0,0.0,0.0,0.20626679873783188,0.0
812,853,nigeria,0.0,0.0,0.0,0.0,0.20626679873783188,0.0
813,854,nigeria,0.0,0.0,0.0,0.0,0.20626679873783188,0.0
814,855,nigeria,0.0,0.0,0.0,0.0,0.20626679873783188,0.0
815,856,nigeria,0.0,0.0,0.0,0.0,0.20626679873783188,0.0
816,857,nigeria,0.0,0.0,0.0,0.0,0.20626679873783188,0.0
817,858,nigeria,0.0,0.0,0.0,0.0,0.20626679873783188,0.0
818,859,nigeria,0.0,0.0,0.0,0.0,0.20626679873783188,0.0
819,860,nigeria,0.0,0.0,0.0,0.0,0.20626679873783188,0.0
820,861,nigeria,0.0,0.0,0.0,0.0,0.20626679873783188,0.0
821,862,nigeria,0.0,0.0,0.0,0.0,0.20626679873783188,0.0
822,863,nigeria,0.0,0.0,0.0,0.0,0.20626679873783188,0.0
823,864,nigeria,0.0,0.0,0.0,0.0,0.20626679873783188,0.0
824,865,nigeria,0.0,0.0,0.0,0.0,0.20626679873783188,0.0
825,866,nigeria,0.0,0.0,0.0,0.0,0.20626679873783188,0.0
826,867,nigeria,0.0,0.0,0.0,0.0,0.20626679873783188,0.0
827,868,nigeria,0.0,0.0,0.0,0.0,0.20626679873783188,0.0
828,869,nigeria,0.0,0.0,0.0,0.0,0.20626679873783188,0.0
829,870,nigeria,0.0,0.0,0.0,0.0,0.20626679873783188,0.0
830,871,nigeria,0.2,-7.3389081954956055,-0.19999999999999984,6495918.017961912,0.23792784722018373,-6.002824885987048
831,872,nigeria,0.2,-7.3389081954956055,-0.19999999999999984,6495918.017961912,0.23792784722018373,-6.002824885987048
832,873,nigeria,0.2,-7.3389081954956055,-0.19999999999999984,6495918.017961912,0.23792784722018373,-6.002824885987048
833,874,nigeria,0.2,-7.3389081954956055,-0.19999999999999984,6495918.017961912,0.23792784722018373,-6.002824885987048
834,875,nigeria,0.2,-7.3389081954956055,-0.19999999999999984,6495918.017961912,0.23792784722018373,-6.002824885987048
835,876,nigeria,0.2,-7.3389081954956055,-0.19999999999999984,6495918.017961912,0.23792784722018373,-6.002824885987048
836,877,nigeria,0.2,-7.3389081954956055,-0.19999999999999984,6495918.017961912,0.23792784722018373,-6.002824885987048
837,878,nigeria,0.2,-7.3389081954956055,-0.19999999999999984,6495918.017961912,0.23792784722018373,-6.002824885987048
838,879,nigeria,0.2,-7.3389081954956055,-0.19999999999999984,6495918.017961912,0.23792784722018373,-6.002824885987048
839,880,nigeria,0.2,-7.3389081954956055,-0.19999999999999984,6495918.017961912,0.23792784722018373,-6.002824885987048
840,881,nigeria,0.2,-7.3389081954956055,-0.19999999999999984,6495918.017961912,0.23792784722018373,-6.002824885987048
841,882,nigeria,0.2,-7.3389081954956055,-0.19999999999999984,6495918.017961912,0.23792784722018373,-6.002824885987048
842,883,nigeria,0.2,-7.3389081954956055,-0.19999999999999984,6495918.017961912,0.23792784722018373,-6.002824885987048
843,884,nigeria,0.2,-7.3389081954956055,-0.19999999999999984,6495918.017961912,0.23792784722018373,-6.002824885987048
844,885,nigeria,0.2,-7.3389081954956055,-0.19999999999999984,6495918.017961912,0.23792784722018373,-6.002824885987048
845,886,nigeria,0.2,-7.3389081954956055,-0.19999999999999984,6495918.017961912,0.23792784722018373,-6.002824885987048
846,887,nigeria,0.2,-7.3389081954956055,-0.19999999999999984,6495918.017961912,0.23792784722018373,-6.002824885987048
847,888,nigeria,0.2,-7.3389081954956055,-0.19999999999999984,6495918.017961912,0.23792784722018373,-6.002824885987048
848,889,nigeria,0.2,-7.3389081954956055,-0.19999999999999984,6495918.017961912,0.23792784722018373,-6.002824885987048
849,890,nigeria,0.2,-7.3389081954956055,-0.19999999999999984,6495918.017961912,0.23792784722018373,-6.002824885987048
850,891,nigeria,0.2,-7.3389081954956055,-0.19999999999999984,6495918.017961912,0.23792784722018373,-6.002824885987048
851,892,nigeria,0.2,-7.3389081954956055,-0.19999999999999984,6495918.017961912,0.23792784722018373,-6.002824885987048
852,893,nigeria,0.2,-7.3389081954956055,-0.19999999999999984,6495918.017961912,0.23792784722018373,-6.002824885987048
853,894,nigeria,0.2,-7.3389081954956055,-0.19999999999999984,6495918.017961912,0.23792784722018373,-6.002824885987048
854,895,nigeria,0.2,-7.3389081954956055,-0.19999999999999984,6495918.017961912,0.23792784722018373,-6.002824885987048
855,896,nigeria,0.2,-7.3389081954956055,-0.19999999999999984,6495918.017961912,0.23792784722018373,-6.002824885987048
856,897,nigeria,0.2,-7.3389081954956055,-0.19999999999999984,6495918.017961912,0.23792784722018373,-6.002824885987048
857,898,nigeria,0.2,-7.3389081954956055,-0.19999999999999984,6495918.017961912,0.23792784722018373,-6.002824885987048
858,899,nigeria,0.0,0.0,0.0,0.0,0.10164416577434121,0.0
859,901,nigeria,0.0,0.0,0.0,0.0,0.10164416577434121,0.0
860,902,nigeria,0.0,0.0,0.0,0.0,0.10164416577434121,0.0
861,903,nigeria,0.0,0.0,0.0,0.0,0.10164416577434121,0.0
862,904,nigeria,0.0,0.0,0.0,0.0,0.10164416577434121,0.0
863,905,nigeria,0.0,0.0,0.0,0.0,0.10164416577434121,0.0
864,907,nigeria,0.0,0.0,0.0,0.0,0.10164416577434121,0.0
865,908,nigeria,0.0,0.0,0.0,0.0,0.10164416577434121,0.0
866,909,nigeria,0.0,0.0,0.0,0.0,0.10164416577434121,0.0
867,910,nigeria,0.0,0.0,0.0,0.0,0.10164416577434121,0.0
868,914,nigeria,0.0,0.0,0.0,0.0,0.10164416577434121,0.0
869,916,nigeria,0.0,0.0,0.0,0.0,0.10164416577434121,0.0
870,917,nigeria,0.0,0.0,0.0,0.0,0.10164416577434121,0.0
871,918,nigeria,0.0,0.0,0.0,0.0,0.10164416577434121,0.0
872,919,nigeria,0.0,0.0,0.0,0.0,0.10164416577434121,0.0
873,920,nigeria,0.0,0.0,0.0,0.0,0.10164416577434121,0.0
874,921,nigeria,0.0,0.0,0.0,0.0,0.10164416577434121,0.0
875,922,nigeria,0.0,0.0,0.0,0.0,0.10164416577434121,0.0
876,923,nigeria,0.0,0.0,0.0,0.0,0.10164416577434121,0.0
877,924,nigeria,0.0,0.0,0.0,0.0,0.10164416577434121,0.0
878,925,nigeria,0.0,0.0,0.0,0.0,0.10164416577434121,0.0
879,928,nigeria,0.0,0.0,0.0,0.0,0.10164416577434121,0.0
880,929,nigeria,0.0,0.0,0.0,0.0,0.10164416577434121,0.0
881,930,nigeria,0.0,0.0,0.0,0.0,0.10164416577434121,0.0
882,931,nigeria,0.0,0.0,0.0,0.0,0.10164416577434121,0.0
883,932,nigeria,0.0,0.0,0.0,0.0,0.25367846105751757,0.0
884,933,nigeria,0.0,0.0,0.0,0.0,0.25367846105751757,0.0
885,934,nigeria,0.0,0.0,0.0,0.0,0.25367846105751757,0.0
886,935,nigeria,0.0,0.0,0.0,0.0,0.25367846105751757,0.0
887,936,nigeria,0.0,0.0,0.0,0.0,0.25367846105751757,0.0
888,937,nigeria,0.0,0.0,0.0,0.0,0.25367846105751757,0.0
889,938,nigeria,0.0,0.0,0.0,0.0,0.25367846105751757,0.0
890,939,nigeria,0.0,0.0,0.0,0.0,0.25367846105751757,0.0
891,940,nigeria,0.0,0.0,0.0,0.0,0.25367846105751757,0.0
892,941,nigeria,0.0,0.0,0.0,0.0,0.25367846105751757,0.0
893,942,nigeria,0.0,0.0,0.0,0.0,0.25367846105751757,0.0
894,943,nigeria,0.0,0.0,0.0,0.0,0.25367846105751757,0.0
895,944,nigeria,0.0,0.0,0.0,0.0,0.25367846105751757,0.0
896,945,nigeria,0.0,0.0,0.0,0.0,0.25367846105751757,0.0
897,946,nigeria,0.0,0.0,0.0,0.0,0.25367846105751757,0.0
898,947,nigeria,0.0,0.0,0.0,0.0,0.25367846105751757,0.0
899,948,nigeria,0.0,0.0,0.0,0.0,0.25367846105751757,0.0
900,949,nigeria,0.0,0.0,0.0,0.0,0.25367846105751757,0.0
901,950,nigeria,0.0,0.0,0.0,0.0,0.25367846105751757,0.0
902,951,nigeria,0.0,0.0,0.0,0.0,0.25367846105751757,0.0
903,952,nigeria,0.0,0.0,0.0,0.0,0.25367846105751757,0.0
904,953,nigeria,0.0,0.0,0.0,0.0,0.23548964509108097,0.0
905,954,nigeria,0.0,0.0,0.0,0.0,0.23548964509108097,0.0
906,955,nigeria,0.0,0.0,0.0,0.0,0.23548964509108097,0.0
907,956,nigeria,0.0,0.0,0.0,0.0,0.23548964509108097,0.0
908,957,nigeria,0.0,0.0,0.0,0.0,0.23548964509108097,0.0
909,958,nigeria,0.0,0.0,0.0,0.0,0.23548964509108097,0.0
910,959,nigeria,0.0,0.0,0.0,0.0,0.23548964509108097,0.0
911,960,nigeria,0.0,0.0,0.0,0.0,0.23548964509108097,0.0
912,961,nigeria,0.0,0.0,0.0,0.0,0.23548964509108097,0.0
913,962,nigeria,0.0,0.0,0.0,0.0,0.23548964509108097,0.0
914,963,nigeria,0.0,0.0,0.0,0.0,0.23548964509108097,0.0
915,964,nigeria,0.0,0.0,0.0,0.0,0.23548964509108097,0.0
916,965,nigeria,0.0,0.0,0.0,0.0,0.23548964509108097,0.0
917,966,nigeria,0.0,0.0,0.0,0.0,0.23548964509108097,0.0
918,967,nigeria,0.0,0.0,0.0,0.0,0.23548964509108097,0.0
919,968,nigeria,0.0,0.0,0.0,0.0,0.23548964509108097,0.0
920,969,nigeria,0.0,0.0,0.0,0.0,0.23548964509108097,0.0
921,970,nigeria,0.0,0.0,0.0,0.0,0.23548964509108097,0.0
922,971,nigeria,0.0,0.0,0.0,0.0,0.23548964509108097,0.0
923,972,nigeria,0.0,0.0,0.0,0.0,0.23548964509108097,0.0
924,973,nigeria,0.2,-1.026516318321228,-0.19999999999999973,164525.46403261414,0.24097738993554746,-0.546279690785482
925,974,nigeria,0.2,-1.026516318321228,-0.19999999999999973,164525.46403261414,0.24097738993554746,-0.546279690785482
926,975,nigeria,0.2,-1.026516318321228,-0.19999999999999973,164525.46403261414,0.24097738993554746,-0.546279690785482
927,976,nigeria,0.2,-1.026516318321228,-0.19999999999999973,164525.46403261414,0.24097738993554746,-0.546279690785482
928,977,nigeria,0.2,-1.026516318321228,-0.19999999999999973,164525.46403261414,0.24097738993554746,-0.546279690785482
929,978,nigeria,0.2,-1.026516318321228,-0.19999999999999973,164525.46403261414,0.24097738993554746,-0.546279690785482
930,979,nigeria,0.2,-1.026516318321228,-0.19999999999999973,164525.46403261414,0.24097738993554746,-0.546279690785482
931,980,nigeria,0.2,-1.026516318321228,-0.19999999999999973,164525.46403261414,0.24097738993554746,-0.546279690785482
932,981,nigeria,0.2,-1.026516318321228,-0.19999999999999973,164525.46403261414,0.24097738993554746,-0.546279690785482
933,982,nigeria,0.2,-1.026516318321228,-0.19999999999999973,164525.46403261414,0.24097738993554746,-0.546279690785482
934,983,nigeria,0.2,-1.026516318321228,-0.19999999999999973,164525.46403261414,0.24097738993554746,-0.546279690785482
935,984,nigeria,0.2,-1.026516318321228,-0.19999999999999973,164525.46403261414,0.24097738993554746,-0.546279690785482
936,985,nigeria,0.2,-1.026516318321228,-0.19999999999999973,164525.46403261414,0.24097738993554746,-0.546279690785482
937,986,nigeria,0.2,-1.026516318321228,-0.19999999999999973,164525.46403261414,0.24097738993554746,-0.546279690785482
938,987,nigeria,0.2,-1.026516318321228,-0.19999999999999973,164525.46403261414,0.24097738993554746,-0.546279690785482
939,988,nigeria,0.2,-1.026516318321228,-0.19999999999999973,164525.46403261414,0.24097738993554746,-0.546279690785482
940,989,nigeria,0.2,-1.026516318321228,-0.19999999999999973,164525.46403261414,0.24097738993554746,-0.546279690785482
941,990,nigeria,0.2,-1.026516318321228,-0.19999999999999973,164525.46403261414,0.24097738993554746,-0.546279690785482
942,991,nigeria,0.2,-1.026516318321228,-0.19999999999999973,164525.46403261414,0.24097738993554746,-0.546279690785482
943,992,nigeria,0.2,-1.026516318321228,-0.19999999999999973,164525.46403261414,0.24097738993554746,-0.546279690785482
944,993,nigeria,0.2,-1.026516318321228,-0.19999999999999973,164525.46403261414,0.24097738993554746,-0.546279690785482
945,994,nigeria,0.2,-1.026516318321228,-0.19999999999999973,164525.46403261414,0.24097738993554746,-0.546279690785482
946,995,nigeria,0.2,-1.026516318321228,-0.19999999999999973,164525.46403261414,0.24097738993554746,-0.546279690785482
947,996,nigeria,0.2,-1.026516318321228,-0.19999999999999973,164525.46403261414,0.24097738993554746,-0.546279690785482
948,997,nigeria,0.2,-1.026516318321228,-0.19999999999999973,164525.46403261414,0.24097738993554746,-0.546279690785482
949,998,nigeria,0.0,0.0,0.0,0.0,0.20229140891934558,0.0
950,999,nigeria,0.0,0.0,0.0,0.0,0.20229140891934558,0.0
951,1000,nigeria,0.0,0.0,0.0,0.0,0.20229140891934558,0.0
952,1001,nigeria,0.0,0.0,0.0,0.0,0.20229140891934558,0.0
953,1002,nigeria,0.0,0.0,0.0,0.0,0.20229140891934558,0.0
954,1003,nigeria,0.0,0.0,0.0,0.0,0.20229140891934558,0.0
955,1004,nigeria,0.0,0.0,0.0,0.0,0.20229140891934558,0.0
956,1005,nigeria,0.0,0.0,0.0,0.0,0.20229140891934558,0.0
957,1006,nigeria,0.0,0.0,0.0,0.0,0.20229140891934558,0.0
958,1007,nigeria,0.0,0.0,0.0,0.0,0.20229140891934558,0.0
959,1008,nigeria,0.0,0.0,0.0,0.0,0.20229140891934558,0.0
960,1009,nigeria,0.0,0.0,0.0,0.0,0.20229140891934558,0.0
961,1010,nigeria,0.0,0.0,0.0,0.0,0.20229140891934558,0.0
962,1011,nigeria,0.0,0.0,0.0,0.0,0.20229140891934558,0.0
963,1012,nigeria,0.0,0.0,0.0,0.0,0.20229140891934558,0.0
964,1013,nigeria,0.0,0.0,0.0,0.0,0.20229140891934558,0.0
965,1014,nigeria,0.0,0.0,0.0,0.0,0.20229140891934558,0.0
966,1015,nigeria,0.0,0.0,0.0,0.0,0.20229140891934558,0.0
967,1016,nigeria,0.0,0.0,0.0,0.0,0.20229140891934558,0.0
968,1017,nigeria,0.0,0.0,0.0,0.0,0.20229140891934558,0.0
969,1018,nigeria,0.0,0.0,0.0,0.0,0.20229140891934558,0.0
970,1019,nigeria,0.0,0.0,0.0,0.0,0.20229140891934558,0.0
971,1020,nigeria,0.0,0.0,0.0,0.0,0.20229140891934558,0.0
972,1021,nigeria,0.0,0.0,0.0,0.0,0.20229140891934558,0.0
973,1022,nigeria,0.0,0.0,0.0,0.0,0.20229140891934558,0.0
974,1023,nigeria,0.0,0.0,0.0,0.0,0.1883853563072989,0.0
975,1024,nigeria,0.0,0.0,0.0,0.0,0.1883853563072989,0.0
976,1025,nigeria,0.0,0.0,0.0,0.0,0.1883853563072989,0.0
977,1026,nigeria,0.0,0.0,0.0,0.0,0.1883853563072989,0.0
978,1027,nigeria,0.0,0.0,0.0,0.0,0.1883853563072989,0.0
979,1028,nigeria,0.0,0.0,0.0,0.0,0.1883853563072989,0.0
980,1029,nigeria,0.0,0.0,0.0,0.0,0.1883853563072989,0.0
981,1030,nigeria,0.0,0.0,0.0,0.0,0.1883853563072989,0.0
982,1031,nigeria,0.0,0.0,0.0,0.0,0.1883853563072989,0.0
983,1032,nigeria,0.0,0.0,0.0,0.0,0.1883853563072989,0.0
984,1033,nigeria,0.0,0.0,0.0,0.0,0.1883853563072989,0.0
985,1034,nigeria,0.0,0.0,0.0,0.0,0.1883853563072989,0.0
986,1035,nigeria,0.0,0.0,0.0,0.0,0.1883853563072989,0.0
987,1036,nigeria,0.0,0.0,0.0,0.0,0.1883853563072989,0.0
988,1037,nigeria,0.0,0.0,0.0,0.0,0.1883853563072989,0.0
989,1038,nigeria,0.0,0.0,0.0,0.0,0.1883853563072989,0.0
990,1039,nigeria,0.0,0.0,0.0,0.0,0.1883853563072989,0.0
991,1040,nigeria,0.0,0.0,0.0,0.0,0.1883853563072989,0.0
992,1041,nigeria,0.0,0.0,0.0,0.0,0.1883853563072989,0.0
993,1042,nigeria,0.0,0.0,0.0,0.0,0.1883853563072989,0.0
994,1043,nigeria,0.0,0.0,0.0,0.0,0.1883853563072989,0.0
995,1044,nigeria,0.0,0.0,0.0,0.0,0.1883853563072989,0.0
996,1045,nigeria,0.0,0.0,0.0,0.0,0.1883853563072989,0.0
997,1046,nigeria,0.0,0.0,0.0,0.0,0.1883853563072989,0.0
998,1047,nigeria,0.0,0.0,0.0,0.0,0.1883853563072989,0.0
999,1048,nigeria,0.0,0.0,0.0,0.0,0.09864873196316357,0.0
1000,1049,nigeria,0.0,0.0,0.0,0.0,0.09864873196316357,0.0
1001,1050,nigeria,0.0,0.0,0.0,0.0,0.09864873196316357,0.0
1002,1051,nigeria,0.0,0.0,0.0,0.0,0.09864873196316357,0.0
1003,1052,nigeria,0.0,0.0,0.0,0.0,0.09864873196316357,0.0
1004,1053,nigeria,0.0,0.0,0.0,0.0,0.09864873196316357,0.0
1005,1054,nigeria,0.0,0.0,0.0,0.0,0.09864873196316357,0.0
1006,1055,nigeria,0.0,0.0,0.0,0.0,0.09864873196316357,0.0
1007,1056,nigeria,0.0,0.0,0.0,0.0,0.09864873196316357,0.0
1008,1057,nigeria,0.0,0.0,0.0,0.0,0.09864873196316357,0.0
1009,1058,nigeria,0.0,0.0,0.0,0.0,0.09864873196316357,0.0
1010,1059,nigeria,0.0,0.0,0.0,0.0,0.09864873196316357,0.0
1011,1060,nigeria,0.0,0.0,0.0,0.0,0.09864873196316357,0.0
1012,1061,nigeria,0.0,0.0,0.0,0.0,0.09864873196316357,0.0
1013,1062,nigeria,0.0,0.0,0.0,0.0,0.09864873196316357,0.0
1014,1063,nigeria,0.0,0.0,0.0,0.0,0.09864873196316357,0.0
1015,1064,nigeria,0.0,0.0,0.0,0.0,0.09864873196316357,0.0
1016,1065,nigeria,0.0,0.0,0.0,0.0,0.09864873196316357,0.0
1017,1066,nigeria,0.0,0.0,0.0,0.0,0.09864873196316357,0.0
1018,1067,nigeria,0.0,0.0,0.0,0.0,0.09864873196316357,0.0
1019,1068,nigeria,0.0,0.0,0.0,0.0,0.09864873196316357,0.0
1020,1069,nigeria,0.0,0.0,0.0,0.0,0.09864873196316357,0.0
1021,1070,nigeria,0.0,0.0,0.0,0.0,0.09864873196316357,0.0
1022,1071,nigeria,0.0,0.0,0.0,0.0,0.09864873196316357,0.0
1023,1072,nigeria,0.0,0.0,0.0,0.0,0.09864873196316357,0.0
1024,1073,nigeria,0.0,0.0,0.0,0.0,0.09864873196316357,0.0
1025,1074,nigeria,0.0,0.0,0.0,0.0,0.09864873196316357,0.0
1026,1075,nigeria,0.0,0.0,0.0,0.0,0.09864873196316357,0.0
1027,1076,nigeria,0.0,0.0,0.0,0.0,0.09864873196316357,0.0
1028,1077,nigeria,0.0,0.0,0.0,0.0,0.09864873196316357,0.0
1029,1078,nigeria,0.0,0.0,0.0,0.0,0.09864873196316357,0.0
1030,1079,nigeria,0.0,0.0,0.0,0.0,0.09864873196316357,0.0
1031,1080,nigeria,0.0,0.0,0.0,0.0,0.09864873196316357,0.0
1032,1081,nigeria,0.0,0.0,0.0,0.0,0.09864873196316357,0.0
1033,1082,nigeria,0.0,0.0,0.0,0.0,0.1764462399135635,0.0
1034,1083,nigeria,0.0,0.0,0.0,0.0,0.1764462399135635,0.0
1035,1084,nigeria,0.0,0.0,0.0,0.0,0.1764462399135635,0.0
1036,1085,nigeria,0.0,0.0,0.0,0.0,0.1764462399135635,0.0
1037,1086,nigeria,0.0,0.0,0.0,0.0,0.1764462399135635,0.0
1038,1087,nigeria,0.0,0.0,0.0,0.0,0.1764462399135635,0.0
1039,1088,nigeria,0.0,0.0,0.0,0.0,0.1764462399135635,0.0
1040,1089,nigeria,0.0,0.0,0.0,0.0,0.1764462399135635,0.0
1041,1091,nigeria,0.0,0.0,0.0,0.0,0.1764462399135635,0.0
1042,1092,nigeria,0.0,0.0,0.0,0.0,0.1764462399135635,0.0
1043,1093,nigeria,0.0,0.0,0.0,0.0,0.1764462399135635,0.0
1044,1094,nigeria,0.0,0.0,0.0,0.0,0.1764462399135635,0.0
1045,1095,nigeria,0.0,0.0,0.0,0.0,0.1764462399135635,0.0
1046,1096,nigeria,0.0,0.0,0.0,0.0,0.1764462399135635,0.0
1047,1097,nigeria,0.0,0.0,0.0,0.0,0.1764462399135635,0.0
1048,1098,nigeria,0.0,0.0,0.0,0.0,0.1764462399135635,0.0
1049,1099,nigeria,0.0,0.0,0.0,0.0,0.1764462399135635,0.0
1050,1100,nigeria,0.0,0.0,0.0,0.0,0.1764462399135635,0.0
1051,1101,nigeria,0.0,0.0,0.0,0.0,0.1764462399135635,0.0
1052,1102,nigeria,0.0,0.0,0.0,0.0,0.28259901789736136,0.0
1053,1103,nigeria,0.0,0.0,0.0,0.0,0.28259901789736136,0.0
1054,1104,nigeria,0.0,0.0,0.0,0.0,0.28259901789736136,0.0
1055,1105,nigeria,0.0,0.0,0.0,0.0,0.28259901789736136,0.0
1056,1106,nigeria,0.0,0.0,0.0,0.0,0.28259901789736136,0.0
1057,1107,nigeria,0.0,0.0,0.0,0.0,0.28259901789736136,0.0
1058,1108,nigeria,0.0,0.0,0.0,0.0,0.28259901789736136,0.0
1059,1109,nigeria,0.0,0.0,0.0,0.0,0.28259901789736136,0.0
1060,1110,nigeria,0.0,0.0,0.0,0.0,0.28259901789736136,0.0
1061,1111,nigeria,0.0,0.0,0.0,0.0,0.28259901789736136,0.0
1062,1112,nigeria,0.0,0.0,0.0,0.0,0.28259901789736136,0.0
1063,1113,nigeria,0.0,0.0,0.0,0.0,0.28259901789736136,0.0
1064,1114,nigeria,0.0,0.0,0.0,0.0,0.28259901789736136,0.0
1065,1115,nigeria,0.0,0.0,0.0,0.0,0.28259901789736136,0.0
1066,1116,nigeria,0.0,0.0,0.0,0.0,0.28259901789736136,0.0
1067,1117,nigeria,0.0,0.0,0.0,0.0,0.28259901789736136,0.0
1068,1118,nigeria,0.0,0.0,0.0,0.0,0.28259901789736136,0.0
1069,1119,nigeria,0.0,0.0,0.0,0.0,0.28259901789736136,0.0
1070,1120,nigeria,0.0,0.0,0.0,0.0,0.28259901789736136,0.0
1071,1121,nigeria,0.0,0.0,0.0,0.0,0.28259901789736136,0.0
1072,1122,nigeria,0.4,-4.323763608932495,-0.3999999999999999,8426687.315679243,0.2603517803046465,0.5016975196832358
1073,1123,nigeria,0.4,-4.323763608932495,-0.3999999999999999,8426687.315679243,0.2603517803046465,0.5016975196832358
1074,1124,nigeria,0.4,-4.323763608932495,-0.3999999999999999,8426687.315679243,0.2603517803046465,0.5016975196832358
1075,1125,nigeria,0.4,-4.323763608932495,-0.3999999999999999,8426687.315679243,0.2603517803046465,0.5016975196832358
1076,1126,nigeria,0.4,-4.323763608932495,-0.3999999999999999,8426687.315679243,0.2603517803046465,0.5016975196832358
1077,1127,nigeria,0.4,-4.323763608932495,-0.3999999999999999,8426687.315679243,0.2603517803046465,0.5016975196832358
1078,1128,nigeria,0.4,-4.323763608932495,-0.3999999999999999,8426687.315679243,0.2603517803046465,0.5016975196832358
1079,1129,nigeria,0.4,-4.323763608932495,-0.3999999999999999,8426687.315679243,0.2603517803046465,0.5016975196832358
1080,1131,nigeria,0.4,-4.323763608932495,-0.3999999999999999,8426687.315679243,0.2603517803046465,0.5016975196832358
1081,1132,nigeria,0.4,-4.323763608932495,-0.3999999999999999,8426687.315679243,0.2603517803046465,0.5016975196832358
1082,1133,nigeria,0.4,-4.323763608932495,-0.3999999999999999,8426687.315679243,0.2603517803046465,0.5016975196832358
1083,1134,nigeria,0.4,-4.323763608932495,-0.3999999999999999,8426687.315679243,0.2603517803046465,0.5016975196832358
1084,1135,nigeria,0.4,-4.323763608932495,-0.3999999999999999,8426687.315679243,0.2603517803046465,0.5016975196832358
1085,1136,nigeria,0.4,-4.323763608932495,-0.3999999999999999,8426687.315679243,0.2603517803046465,0.5016975196832358
1086,1137,nigeria,0.4,-4.323763608932495,-0.3999999999999999,8426687.315679243,0.2603517803046465,0.5016975196832358
1087,1138,nigeria,0.4,-4.323763608932495,-0.3999999999999999,8426687.315679243,0.2603517803046465,0.5016975196832358
1088,1139,nigeria,0.4,-4.323763608932495,-0.3999999999999999,8426687.315679243,0.2603517803046465,0.5016975196832358
1089,1140,nigeria,0.4,-4.323763608932495,-0.3999999999999999,8426687.315679243,0.2603517803046465,0.5016975196832358
1090,1141,nigeria,0.4,-4.323763608932495,-0.3999999999999999,8426687.315679243,0.2603517803046465,0.5016975196832358
1091,1142,nigeria,0.0,0.0,0.0,0.0,0.1414357979180191,0.0
1092,1143,nigeria,0.0,0.0,0.0,0.0,0.1414357979180191,0.0
1093,1144,nigeria,0.0,0.0,0.0,0.0,0.1414357979180191,0.0
1094,1145,nigeria,0.0,0.0,0.0,0.0,0.1414357979180191,0.0
1095,1146,nigeria,0.0,0.0,0.0,0.0,0.1414357979180191,0.0
1096,1147,nigeria,0.0,0.0,0.0,0.0,0.1414357979180191,0.0
1097,1148,nigeria,0.0,0.0,0.0,0.0,0.1414357979180191,0.0
1098,1149,nigeria,0.0,0.0,0.0,0.0,0.1414357979180191,0.0
1099,1150,nigeria,0.0,0.0,0.0,0.0,0.1414357979180191,0.0
1100,1151,nigeria,0.0,0.0,0.0,0.0,0.1414357979180191,0.0
1101,1152,nigeria,0.0,0.0,0.0,0.0,0.1414357979180191,0.0
1102,1153,nigeria,0.0,0.0,0.0,0.0,0.1414357979180191,0.0
1103,1154,nigeria,0.0,0.0,0.0,0.0,0.1414357979180191,0.0
1104,1155,nigeria,0.0,0.0,0.0,0.0,0.1414357979180191,0.0
1105,1156,nigeria,0.0,0.0,0.0,0.0,0.1414357979180191,0.0
1106,1157,nigeria,0.0,0.0,0.0,0.0,0.1414357979180191,0.0
1107,1158,nigeria,0.0,0.0,0.0,0.0,0.1414357979180191,0.0
1108,1159,nigeria,0.0,0.0,0.0,0.0,0.1414357979180191,0.0
1109,1160,nigeria,0.0,0.0,0.0,0.0,0.1414357979180191,0.0
1110,1161,nigeria,0.0,0.0,0.0,0.0,0.1414357979180191,0.0
1111,1162,nigeria,0.0,0.0,0.0,0.0,0.1414357979180191,0.0
1112,1163,nigeria,0.0,0.0,0.0,0.0,0.1414357979180191,0.0
1113,1164,nigeria,0.0,0.0,0.0,0.0,0.1414357979180191,0.0
1114,1165,nigeria,0.0,0.0,0.0,0.0,0.1414357979180191,0.0
1115,1166,nigeria,0.0,0.0,0.0,0.0,0.1414357979180191,0.0
1116,1167,nigeria,0.0,0.0,0.0,0.0,0.1414357979180191,0.0
1117,1168,nigeria,0.0,0.0,0.0,0.0,0.1414357979180191,0.0
1118,1203,nigeria,0.0,0.0,0.0,0.0,0.22939812675820703,0.0
1119,1204,nigeria,0.0,0.0,0.0,0.0,0.22939812675820703,0.0
1120,1205,nigeria,0.0,0.0,0.0,0.0,0.22939812675820703,0.0
1121,1206,nigeria,0.0,0.0,0.0,0.0,0.22939812675820703,0.0
1122,1207,nigeria,0.0,0.0,0.0,0.0,0.22939812675820703,0.0
1123,1208,nigeria,0.0,0.0,0.0,0.0,0.22939812675820703,0.0
1124,1209,nigeria,0.0,0.0,0.0,0.0,0.22939812675820703,0.0
1125,1210,nigeria,0.0,0.0,0.0,0.0,0.22939812675820703,0.0
1126,1211,nigeria,0.0,0.0,0.0,0.0,0.22939812675820703,0.0
1127,1212,nigeria,0.0,0.0,0.0,0.0,0.22939812675820703,0.0
1128,1213,nigeria,0.0,0.0,0.0,0.0,0.22939812675820703,0.0
1129,1214,nigeria,0.0,0.0,0.0,0.0,0.22939812675820703,0.0
1130,1215,nigeria,0.0,0.0,0.0,0.0,0.22939812675820703,0.0
1131,1216,nigeria,0.0,0.0,0.0,0.0,0.22939812675820703,0.0
1132,1217,nigeria,0.0,0.0,0.0,0.0,0.22939812675820703,0.0
1133,1218,nigeria,0.0,0.0,0.0,0.0,0.22939812675820703,0.0
1134,1219,nigeria,0.4,-1.5707937479019165,-0.3999999999999999,5925550.494626737,0.2047171477520299,0.16554987085311962
1135,1220,nigeria,0.4,-1.5707937479019165,-0.3999999999999999,5925550.494626737,0.2047171477520299,0.16554987085311962
1136,1221,nigeria,0.4,-1.5707937479019165,-0.3999999999999999,5925550.494626737,0.2047171477520299,0.16554987085311962
1137,1222,nigeria,0.4,-1.5707937479019165,-0.3999999999999999,5925550.494626737,0.2047171477520299,0.16554987085311962
1138,1223,nigeria,0.0,0.0,0.0,0.0,0.23575781485349429,0.0
1139,1224,nigeria,0.0,0.0,0.0,0.0,0.23575781485349429,0.0
1140,1225,nigeria,0.0,0.0,0.0,0.0,0.23575781485349429,0.0
1141,1226,nigeria,0.0,0.0,0.0,0.0,0.23575781485349429,0.0
1142,1227,nigeria,0.0,0.0,0.0,0.0,0.23575781485349429,0.0
1143,1228,nigeria,0.0,0.0,0.0,0.0,0.23575781485349429,0.0
1144,1229,nigeria,0.0,0.0,0.0,0.0,0.23575781485349429,0.0
1145,1230,nigeria,0.0,0.0,0.0,0.0,0.23575781485349429,0.0
1146,1231,nigeria,0.0,0.0,0.0,0.0,0.23575781485349429,0.0
1147,1232,nigeria,0.0,0.0,0.0,0.0,0.23575781485349429,0.0
1148,1233,nigeria,0.0,0.0,0.0,0.0,0.23575781485349429,0.0
1149,1234,nigeria,0.0,0.0,0.0,0.0,0.23575781485349429,0.0
1150,1235,nigeria,0.0,0.0,0.0,0.0,0.23575781485349429,0.0
1151,1236,nigeria,0.0,0.0,0.0,0.0,0.23575781485349429,0.0
1152,1237,nigeria,0.0,0.0,0.0,0.0,0.23575781485349429,0.0
1153,1238,nigeria,0.0,0.0,0.0,0.0,0.23575781485349429,0.0
1154,1239,nigeria,0.0,0.0,0.0,0.0,0.23575781485349429,0.0
1155,1240,nigeria,0.0,0.0,0.0,0.0,0.23575781485349429,0.0
1156,1241,nigeria,0.0,0.0,0.0,0.0,0.23575781485349429,0.0
1157,1242,nigeria,0.0,0.0,0.0,0.0,0.23575781485349429,0.0
1158,1243,nigeria,0.0,0.0,0.0,0.0,0.23575781485349429,0.0
1159,1244,nigeria,0.0,0.0,0.0,0.0,0.23575781485349429,0.0
1160,1245,nigeria,0.0,0.0,0.0,0.0,0.23575781485349429,0.0
1161,1246,nigeria,0.0,0.0,0.0,0.0,0.23575781485349429,0.0
1162,1247,nigeria,0.0,0.0,0.0,0.0,0.23575781485349429,0.0
1163,1248,nigeria,0.0,0.0,0.0,0.0,0.23575781485349429,0.0
1164,1249,nigeria,0.0,0.0,0.0,0.0,0.23575781485349429,0.0
1165,1250,nigeria,0.0,0.0,0.0,0.0,0.23575781485349429,0.0
1166,1251,nigeria,0.0,0.0,0.0,0.0,0.23575781485349429,0.0
1167,1252,nigeria,0.0,0.0,0.0,0.0,0.23575781485349429,0.0
1168,1253,nigeria,0.0,0.0,0.0,0.0,0.23575781485349429,0.0
1169,1254,nigeria,0.0,0.0,0.0,0.0,0.23575781485349429,0.0
1170,1255,nigeria,0.0,0.0,0.0,0.0,0.23575781485349429,0.0
1171,1256,nigeria,0.0,0.0,0.0,0.0,0.23575781485349429,0.0
1172,1257,nigeria,0.2,-3.281217336654663,-0.19999999999999973,7725898.525412818,0.2282094830103981,1.7575641749936404
1173,1258,nigeria,0.2,-3.281217336654663,-0.19999999999999973,7725898.525412818,0.2282094830103981,1.7575641749936404
1174,1259,nigeria,0.2,-3.281217336654663,-0.19999999999999973,7725898.525412818,0.2282094830103981,1.7575641749936404
1175,1260,nigeria,0.2,-3.281217336654663,-0.19999999999999973,7725898.525412818,0.2282094830103981,1.7575641749936404
1176,1261,nigeria,0.2,-3.281217336654663,-0.19999999999999973,7725898.525412818,0.2282094830103981,1.7575641749936404
1177,1262,nigeria,0.2,-3.281217336654663,-0.19999999999999973,7725898.525412818,0.2282094830103981,1.7575641749936404
1178,1263,nigeria,0.2,-3.281217336654663,-0.19999999999999973,7725898.525412818,0.2282094830103981,1.7575641749936404
1179,1264,nigeria,0.2,-3.281217336654663,-0.19999999999999973,7725898.525412818,0.2282094830103981,1.7575641749936404
1180,1265,nigeria,0.2,-3.281217336654663,-0.19999999999999973,7725898.525412818,0.2282094830103981,1.7575641749936404
1181,1266,nigeria,0.2,-3.281217336654663,-0.19999999999999973,7725898.525412818,0.2282094830103981,1.7575641749936404
1182,1267,nigeria,0.2,-3.281217336654663,-0.19999999999999973,7725898.525412818,0.2282094830103981,1.7575641749936404
1183,1268,nigeria,0.2,-3.281217336654663,-0.19999999999999973,7725898.525412818,0.2282094830103981,1.7575641749936404
1184,1269,nigeria,0.2,-3.281217336654663,-0.19999999999999973,7725898.525412818,0.2282094830103981,1.7575641749936404
1185,1270,nigeria,0.2,-3.281217336654663,-0.19999999999999973,7725898.525412818,0.2282094830103981,1.7575641749936404
1186,1271,nigeria,0.2,-3.281217336654663,-0.19999999999999973,7725898.525412818,0.2282094830103981,1.7575641749936404
1187,1272,nigeria,0.2,-3.281217336654663,-0.19999999999999973,7725898.525412818,0.2282094830103981,1.7575641749936404
1188,1273,nigeria,0.2,-3.281217336654663,-0.19999999999999973,7725898.525412818,0.2282094830103981,1.7575641749936404
1189,1274,nigeria,0.2,-3.281217336654663,-0.19999999999999973,7725898.525412818,0.2282094830103981,1.7575641749936404
1190,1275,nigeria,0.2,-3.281217336654663,-0.19999999999999973,7725898.525412818,0.2282094830103981,1.7575641749936404
1191,1276,nigeria,0.2,-3.281217336654663,-0.19999999999999973,7725898.525412818,0.2282094830103981,1.7575641749936404
1192,1277,nigeria,0.2,-3.281217336654663,-0.19999999999999973,7725898.525412818,0.2282094830103981,1.7575641749936404
1193,1278,nigeria,0.2,-3.281217336654663,-0.19999999999999973,7725898.525412818,0.2282094830103981,1.7575641749936404
1194,1279,nigeria,0.2,-3.281217336654663,-0.19999999999999973,7725898.525412818,0.2282094830103981,1.7575641749936404
1195,1280,nigeria,0.2,-3.281217336654663,-0.19999999999999973,7725898.525412818,0.2282094830103981,1.7575641749936404
1196,1281,nigeria,0.2,-3.281217336654663,-0.19999999999999973,7725898.525412818,0.2282094830103981,1.7575641749936404
1197,1282,nigeria,0.2,-3.281217336654663,-0.19999999999999973,7725898.525412818,0.2282094830103981,1.7575641749936404
1198,1283,nigeria,0.2,-3.281217336654663,-0.19999999999999973,7725898.525412818,0.2282094830103981,1.7575641749936404
1199,1284,nigeria,0.2,-3.281217336654663,-0.19999999999999973,7725898.525412818,0.2282094830103981,1.7575641749936404
1200,1285,nigeria,0.2,-3.281217336654663,-0.19999999999999973,7725898.525412818,0.2282094830103981,1.7575641749936404
1201,1286,nigeria,0.2,-3.281217336654663,-0.19999999999999973,7725898.525412818,0.2282094830103981,1.7575641749936404
1202,1287,nigeria,0.2,-3.281217336654663,-0.19999999999999973,7725898.525412818,0.2282094830103981,1.7575641749936404
1203,1288,nigeria,0.2,-3.281217336654663,-0.19999999999999973,7725898.525412818,0.2282094830103981,1.7575641749936404
1204,1289,nigeria,0.2,-3.281217336654663,-0.19999999999999973,7725898.525412818,0.2282094830103981,1.7575641749936404
1205,1290,nigeria,0.2,-3.281217336654663,-0.19999999999999973,7725898.525412818,0.2282094830103981,1.7575641749936404
1206,1292,nigeria,0.4,-3.5046773552894592,-0.3999999999999999,27282519.361727543,0.22954344724489933,-0.8550784466676578
1207,1293,nigeria,0.4,-3.5046773552894592,-0.3999999999999999,27282519.361727543,0.22954344724489933,-0.8550784466676578
1208,1294,nigeria,0.4,-3.5046773552894592,-0.3999999999999999,27282519.361727543,0.22954344724489933,-0.8550784466676578
1209,1295,nigeria,0.4,-3.5046773552894592,-0.3999999999999999,27282519.361727543,0.22954344724489933,-0.8550784466676578
1210,1296,nigeria,0.4,-3.5046773552894592,-0.3999999999999999,27282519.361727543,0.22954344724489933,-0.8550784466676578
1211,1297,nigeria,0.4,-3.5046773552894592,-0.3999999999999999,27282519.361727543,0.22954344724489933,-0.8550784466676578
1212,1298,nigeria,0.4,-3.5046773552894592,-0.3999999999999999,27282519.361727543,0.22954344724489933,-0.8550784466676578
1213,1299,nigeria,0.4,-3.5046773552894592,-0.3999999999999999,27282519.361727543,0.22954344724489933,-0.8550784466676578
1214,1300,nigeria,0.4,-3.5046773552894592,-0.3999999999999999,27282519.361727543,0.22954344724489933,-0.8550784466676578
1215,1301,nigeria,0.4,-3.5046773552894592,-0.3999999999999999,27282519.361727543,0.22954344724489933,-0.8550784466676578
1216,1302,nigeria,0.4,-3.5046773552894592,-0.3999999999999999,27282519.361727543,0.22954344724489933,-0.8550784466676578
1217,1303,nigeria,0.4,-3.5046773552894592,-0.3999999999999999,27282519.361727543,0.22954344724489933,-0.8550784466676578
1218,1304,nigeria,0.4,-3.5046773552894592,-0.3999999999999999,27282519.361727543,0.22954344724489933,-0.8550784466676578
1219,1305,nigeria,0.4,-3.5046773552894592,-0.3999999999999999,27282519.361727543,0.22954344724489933,-0.8550784466676578
1220,1306,nigeria,0.4,-3.5046773552894592,-0.3999999999999999,27282519.361727543,0.22954344724489933,-0.8550784466676578
1221,1307,nigeria,0.4,-3.5046773552894592,-0.3999999999999999,27282519.361727543,0.22954344724489933,-0.8550784466676578
1222,1308,nigeria,0.4,-3.5046773552894592,-0.3999999999999999,27282519.361727543,0.22954344724489933,-0.8550784466676578
1223,1309,nigeria,0.4,-3.5046773552894592,-0.3999999999999999,27282519.361727543,0.22954344724489933,-0.8550784466676578
1224,1310,nigeria,0.4,-3.5046773552894592,-0.3999999999999999,27282519.361727543,0.22954344724489933,-0.8550784466676578
1225,1311,nigeria,0.4,-3.5046773552894592,-0.3999999999999999,27282519.361727543,0.22954344724489933,-0.8550784466676578
1226,1312,nigeria,0.4,-3.5046773552894592,-0.3999999999999999,27282519.361727543,0.22954344724489933,-0.8550784466676578
1227,1313,nigeria,0.4,-3.5046773552894592,-0.3999999999999999,27282519.361727543,0.22954344724489933,-0.8550784466676578
1228,1314,nigeria,0.4,-3.5046773552894592,-0.3999999999999999,27282519.361727543,0.22954344724489933,-0.8550784466676578
1229,1315,nigeria,0.4,-3.5046773552894592,-0.3999999999999999,27282519.361727543,0.22954344724489933,-0.8550784466676578
1230,1316,nigeria,0.4,-3.5046773552894592,-0.3999999999999999,27282519.361727543,0.22954344724489933,-0.8550784466676578
1231,1317,nigeria,0.4,-3.5046773552894592,-0.3999999999999999,27282519.361727543,0.22954344724489933,-0.8550784466676578
1232,1318,nigeria,0.4,-3.5046773552894592,-0.3999999999999999,27282519.361727543,0.22954344724489933,-0.8550784466676578
1233,1319,nigeria,0.4,-3.5046773552894592,-0.3999999999999999,27282519.361727543,0.22954344724489933,-0.8550784466676578
1234,1320,nigeria,0.4,-3.5046773552894592,-0.3999999999999999,27282519.361727543,0.22954344724489933,-0.8550784466676578
1235,1321,nigeria,0.4,-3.5046773552894592,-0.3999999999999999,27282519.361727543,0.22954344724489933,-0.8550784466676578
1236,1322,nigeria,0.4,-3.5046773552894592,-0.3999999999999999,27282519.361727543,0.22954344724489933,-0.8550784466676578
1237,1323,nigeria,0.4,-3.5046773552894592,-0.3999999999999999,27282519.361727543,0.22954344724489933,-0.8550784466676578
1238,1324,nigeria,0.4,-3.5046773552894592,-0.3999999999999999,27282519.361727543,0.22954344724489933,-0.8550784466676578
1239,1325,nigeria,0.4,-1.5650039315223694,-0.3999999999999999,5925550.494626737,0.19997115338154656,0.09328783179042
1240,1326,nigeria,0.4,-1.5650039315223694,-0.3999999999999999,5925550.494626737,0.19997115338154656,0.09328783179042
1241,1327,nigeria,0.4,-1.5650039315223694,-0.3999999999999999,5925550.494626737,0.19997115338154656,0.09328783179042
1242,1328,nigeria,0.4,-1.5650039315223694,-0.3999999999999999,5925550.494626737,0.19997115338154656,0.09328783179042
1243,1329,nigeria,0.4,-1.5650039315223694,-0.3999999999999999,5925550.494626737,0.19997115338154656,0.09328783179042
1244,1330,nigeria,0.4,-1.5650039315223694,-0.3999999999999999,5925550.494626737,0.19997115338154656,0.09328783179042
1245,1331,nigeria,0.4,-1.5650039315223694,-0.3999999999999999,5925550.494626737,0.19997115338154656,0.09328783179042
1246,1332,nigeria,0.4,-1.5650039315223694,-0.3999999999999999,5925550.494626737,0.19997115338154656,0.09328783179042
1247,1333,nigeria,0.4,-1.5650039315223694,-0.3999999999999999,5925550.494626737,0.19997115338154656,0.09328783179042
1248,1334,nigeria,0.4,-1.5650039315223694,-0.3999999999999999,5925550.494626737,0.19997115338154656,0.09328783179042
1249,1335,nigeria,0.4,-1.5650039315223694,-0.3999999999999999,5925550.494626737,0.19997115338154656,0.09328783179042
1250,1336,nigeria,0.4,-1.5650039315223694,-0.3999999999999999,5925550.494626737,0.19997115338154656,0.09328783179042
1251,1338,nigeria,0.4,-1.5650039315223694,-0.3999999999999999,5925550.494626737,0.19997115338154656,0.09328783179042
1252,1339,nigeria,0.4,-1.5650039315223694,-0.3999999999999999,5925550.494626737,0.19997115338154656,0.09328783179042
1253,1340,nigeria,0.4,-1.5650039315223694,-0.3999999999999999,5925550.494626737,0.19997115338154656,0.09328783179042
1254,1341,nigeria,0.4,-1.5650039315223694,-0.3999999999999999,5925550.494626737,0.19997115338154656,0.09328783179042
1255,1342,nigeria,0.4,-1.5650039315223694,-0.3999999999999999,5925550.494626737,0.19997115338154656,0.09328783179042
1256,1343,nigeria,0.4,-1.5650039315223694,-0.3999999999999999,5925550.494626737,0.19997115338154656,0.09328783179042
1257,1344,nigeria,0.4,-1.5650039315223694,-0.3999999999999999,5925550.494626737,0.19997115338154656,0.09328783179042
1258,1345,nigeria,0.4,-1.5650039315223694,-0.3999999999999999,5925550.494626737,0.19997115338154656,0.09328783179042
1259,1346,nigeria,0.4,-1.5650039315223694,-0.3999999999999999,5925550.494626737,0.19997115338154656,0.09328783179042
1260,1347,nigeria,0.4,-1.5650039315223694,-0.3999999999999999,5925550.494626737,0.19997115338154656,0.09328783179042
1261,1348,nigeria,0.4,-1.5650039315223694,-0.3999999999999999,5925550.494626737,0.19997115338154656,0.09328783179042
1262,1349,nigeria,0.4,-1.5650039315223694,-0.3999999999999999,5925550.494626737,0.19997115338154656,0.09328783179042
1263,1350,nigeria,0.4,-1.5650039315223694,-0.3999999999999999,5925550.494626737,0.19997115338154656,0.09328783179042
1264,1351,nigeria,0.4,-1.5650039315223694,-0.3999999999999999,5925550.494626737,0.19997115338154656,0.09328783179042
1265,1352,nigeria,0.4,-1.5650039315223694,-0.3999999999999999,5925550.494626737,0.19997115338154656,0.09328783179042
1266,1353,nigeria,0.4,-1.5650039315223694,-0.3999999999999999,5925550.494626737,0.19997115338154656,0.09328783179042
1267,1354,nigeria,0.4,-1.5650039315223694,-0.3999999999999999,5925550.494626737,0.19997115338154656,0.09328783179042
1268,1355,nigeria,0.4,-1.5650039315223694,-0.3999999999999999,5925550.494626737,0.19997115338154656,0.09328783179042
1269,1356,nigeria,0.4,-1.5650039315223694,-0.3999999999999999,5925550.494626737,0.19997115338154656,0.09328783179042
1270,1357,nigeria,0.4,-1.5650039315223694,-0.3999999999999999,5925550.494626737,0.19997115338154656,0.09328783179042
1271,1358,nigeria,0.4,-1.5650039315223694,-0.3999999999999999,5925550.494626737,0.19997115338154656,0.09328783179042
1272,1359,nigeria,0.4,-1.5650039315223694,-0.3999999999999999,5925550.494626737,0.19997115338154656,0.09328783179042
1273,1360,nigeria,0.4,-1.5650039315223694,-0.3999999999999999,5925550.494626737,0.19997115338154656,0.09328783179042
1274,1361,nigeria,0.4,-1.5650039315223694,-0.3999999999999999,5925550.494626737,0.19997115338154656,0.09328783179042
1275,1362,nigeria,0.4,-1.5650039315223694,-0.3999999999999999,5925550.494626737,0.19997115338154656,0.09328783179042
1276,1363,nigeria,0.4,-1.5650039315223694,-0.3999999999999999,5925550.494626737,0.19997115338154656,0.09328783179042
1277,1364,nigeria,0.2,-2.7079737186431885,-0.19999999999999973,2467961.4140472594,0.275462416574474,1.0788654867105996
1278,1365,nigeria,0.2,-2.7079737186431885,-0.19999999999999973,2467961.4140472594,0.275462416574474,1.0788654867105996
1279,1366,nigeria,0.2,-2.7079737186431885,-0.19999999999999973,2467961.4140472594,0.275462416574474,1.0788654867105996
1280,1367,nigeria,0.2,-2.7079737186431885,-0.19999999999999973,2467961.4140472594,0.275462416574474,1.0788654867105996
1281,1368,nigeria,0.2,-2.7079737186431885,-0.19999999999999973,2467961.4140472594,0.275462416574474,1.0788654867105996
1282,1369,nigeria,0.2,-2.7079737186431885,-0.19999999999999973,2467961.4140472594,0.275462416574474,1.0788654867105996
1283,1371,nigeria,0.2,-2.7079737186431885,-0.19999999999999973,2467961.4140472594,0.275462416574474,1.0788654867105996
1284,1372,nigeria,0.2,-2.7079737186431885,-0.19999999999999973,2467961.4140472594,0.275462416574474,1.0788654867105996
1285,1373,nigeria,0.2,-2.7079737186431885,-0.19999999999999973,2467961.4140472594,0.275462416574474,1.0788654867105996
1286,1374,nigeria,0.2,-2.7079737186431885,-0.19999999999999973,2467961.4140472594,0.275462416574474,1.0788654867105996
1287,1375,nigeria,0.2,-2.7079737186431885,-0.19999999999999973,2467961.4140472594,0.275462416574474,1.0788654867105996
1288,1376,nigeria,0.2,-2.7079737186431885,-0.19999999999999973,2467961.4140472594,0.275462416574474,1.0788654867105996
1289,1377,nigeria,0.2,-2.7079737186431885,-0.19999999999999973,2467961.4140472594,0.275462416574474,1.0788654867105996
1290,1378,nigeria,0.2,-2.7079737186431885,-0.19999999999999973,2467961.4140472594,0.275462416574474,1.0788654867105996
1291,1379,nigeria,0.2,-2.7079737186431885,-0.19999999999999973,2467961.4140472594,0.275462416574474,1.0788654867105996
1292,1380,nigeria,0.2,-2.7079737186431885,-0.19999999999999973,2467961.4140472594,0.275462416574474,1.0788654867105996
1293,1381,nigeria,0.2,-2.7079737186431885,-0.19999999999999973,2467961.4140472594,0.275462416574474,1.0788654867105996
1294,1382,nigeria,0.2,-2.7079737186431885,-0.19999999999999973,2467961.4140472594,0.275462416574474,1.0788654867105996
1295,1383,nigeria,0.2,-2.7079737186431885,-0.19999999999999973,2467961.4140472594,0.275462416574474,1.0788654867105996
1296,1384,nigeria,0.2,-2.5222535133361816,-0.19999999999999973,3776112.713370154,0.22269376837157226,1.0371952591755074
1297,1385,nigeria,0.2,-2.5222535133361816,-0.19999999999999973,3776112.713370154,0.22269376837157226,1.0371952591755074
1298,1386,nigeria,0.2,-2.5222535133361816,-0.19999999999999973,3776112.713370154,0.22269376837157226,1.0371952591755074
1299,1387,nigeria,0.2,-2.5222535133361816,-0.19999999999999973,3776112.713370154,0.22269376837157226,1.0371952591755074
1300,1388,nigeria,0.2,-2.5222535133361816,-0.19999999999999973,3776112.713370154,0.22269376837157226,1.0371952591755074
1301,1389,nigeria,0.2,-2.5222535133361816,-0.19999999999999973,3776112.713370154,0.22269376837157226,1.0371952591755074
1302,1390,nigeria,0.2,-2.5222535133361816,-0.19999999999999973,3776112.713370154,0.22269376837157226,1.0371952591755074
1303,1391,nigeria,0.2,-2.5222535133361816,-0.19999999999999973,3776112.713370154,0.22269376837157226,1.0371952591755074
1304,1392,nigeria,0.2,-2.5222535133361816,-0.19999999999999973,3776112.713370154,0.22269376837157226,1.0371952591755074
1305,1393,nigeria,0.2,-2.5222535133361816,-0.19999999999999973,3776112.713370154,0.22269376837157226,1.0371952591755074
1306,1394,nigeria,0.2,-2.5222535133361816,-0.19999999999999973,3776112.713370154,0.22269376837157226,1.0371952591755074
1307,1395,nigeria,0.2,-2.5222535133361816,-0.19999999999999973,3776112.713370154,0.22269376837157226,1.0371952591755074
1308,1396,nigeria,0.2,-2.5222535133361816,-0.19999999999999973,3776112.713370154,0.22269376837157226,1.0371952591755074
1309,1397,nigeria,0.2,-2.5222535133361816,-0.19999999999999973,3776112.713370154,0.22269376837157226,1.0371952591755074
1310,1398,nigeria,0.2,-2.5222535133361816,-0.19999999999999973,3776112.713370154,0.22269376837157226,1.0371952591755074
1311,1399,nigeria,0.2,-2.5222535133361816,-0.19999999999999973,3776112.713370154,0.22269376837157226,1.0371952591755074
1312,1400,nigeria,0.2,-2.5222535133361816,-0.19999999999999973,3776112.713370154,0.22269376837157226,1.0371952591755074
1313,1401,nigeria,0.2,-2.5222535133361816,-0.19999999999999973,3776112.713370154,0.22269376837157226,1.0371952591755074
1314,1402,nigeria,0.2,-2.5222535133361816,-0.19999999999999973,3776112.713370154,0.22269376837157226,1.0371952591755074
1315,1403,nigeria,0.2,-2.5222535133361816,-0.19999999999999973,3776112.713370154,0.22269376837157226,1.0371952591755074
1316,1404,nigeria,0.2,-2.5222535133361816,-0.19999999999999973,3776112.713370154,0.22269376837157226,1.0371952591755074
1317,1405,nigeria,0.2,-2.5222535133361816,-0.19999999999999973,3776112.713370154,0.22269376837157226,1.0371952591755074
1318,1406,nigeria,0.2,-2.5222535133361816,-0.19999999999999973,3776112.713370154,0.22269376837157226,1.0371952591755074
1319,1407,nigeria,0.2,-2.5222535133361816,-0.19999999999999973,3776112.713370154,0.22269376837157226,1.0371952591755074
1320,1408,nigeria,0.2,-2.5222535133361816,-0.19999999999999973,3776112.713370154,0.22269376837157226,1.0371952591755074
1321,1409,nigeria,0.0,0.0,0.0,0.0,0.29963143255944774,0.0
1322,1410,nigeria,0.0,0.0,0.0,0.0,0.29963143255944774,0.0
1323,1411,nigeria,0.0,0.0,0.0,0.0,0.29963143255944774,0.0
1324,1412,nigeria,0.0,0.0,0.0,0.0,0.29963143255944774,0.0
1325,1413,nigeria,0.0,0.0,0.0,0.0,0.29963143255944774,0.0
1326,1414,nigeria,0.0,0.0,0.0,0.0,0.29963143255944774,0.0
1327,1415,nigeria,0.0,0.0,0.0,0.0,0.29963143255944774,0.0
1328,1416,nigeria,0.0,0.0,0.0,0.0,0.29963143255944774,0.0
1329,1417,nigeria,0.0,0.0,0.0,0.0,0.29963143255944774,0.0
1330,1418,nigeria,0.0,0.0,0.0,0.0,0.29963143255944774,0.0
1331,1419,nigeria,0.0,0.0,0.0,0.0,0.29963143255944774,0.0
1332,1420,nigeria,0.0,0.0,0.0,0.0,0.29963143255944774,0.0
1333,1421,nigeria,0.0,0.0,0.0,0.0,0.29963143255944774,0.0
1334,1422,nigeria,0.0,0.0,0.0,0.0,0.29963143255944774,0.0
1335,1423,nigeria,0.0,0.0,0.0,0.0,0.29963143255944774,0.0
1336,1424,nigeria,0.0,0.0,0.0,0.0,0.29963143255944774,0.0
1337,1425,nigeria,0.0,0.0,0.0,0.0,0.29963143255944774,0.0
1338,1426,nigeria,0.0,0.0,0.0,0.0,0.29963143255944774,0.0
1339,1427,nigeria,0.0,0.0,0.0,0.0,0.29963143255944774,0.0
1340,1428,nigeria,0.0,0.0,0.0,0.0,0.29963143255944774,0.0
1341,1429,nigeria,0.0,0.0,0.0,0.0,0.27979363566108245,0.0
1342,1430,nigeria,0.0,0.0,0.0,0.0,0.27979363566108245,0.0
1343,1431,nigeria,0.0,0.0,0.0,0.0,0.27979363566108245,0.0
1344,1432,nigeria,0.0,0.0,0.0,0.0,0.27979363566108245,0.0
1345,1433,nigeria,0.0,0.0,0.0,0.0,0.27979363566108245,0.0
1346,1434,nigeria,0.0,0.0,0.0,0.0,0.27979363566108245,0.0
1347,1435,nigeria,0.0,0.0,0.0,0.0,0.27979363566108245,0.0
1348,1436,nigeria,0.0,0.0,0.0,0.0,0.27979363566108245,0.0
1349,1437,nigeria,0.0,0.0,0.0,0.0,0.27979363566108245,0.0
1350,1438,nigeria,0.0,0.0,0.0,0.0,0.27979363566108245,0.0
1351,1439,nigeria,0.0,0.0,0.0,0.0,0.27979363566108245,0.0
1352,1440,nigeria,0.0,0.0,0.0,0.0,0.27979363566108245,0.0
1353,1441,nigeria,0.0,0.0,0.0,0.0,0.27979363566108245,0.0
1354,1442,nigeria,0.0,0.0,0.0,0.0,0.27979363566108245,0.0
1355,1443,nigeria,0.0,0.0,0.0,0.0,0.27979363566108245,0.0
1356,1444,nigeria,0.0,0.0,0.0,0.0,0.27979363566108245,0.0
1357,1445,nigeria,0.0,0.0,0.0,0.0,0.27979363566108245,0.0
1358,1446,nigeria,0.0,0.0,0.0,0.0,0.27979363566108245,0.0
1359,1447,nigeria,0.0,0.0,0.0,0.0,0.27979363566108245,0.0
1360,1448,nigeria,0.0,0.0,0.0,0.0,0.27979363566108245,0.0
1361,1449,nigeria,0.0,0.0,0.0,0.0,0.27979363566108245,0.0
1362,1450,nigeria,0.0,0.0,0.0,0.0,0.27979363566108245,0.0
1363,1451,nigeria,0.0,0.0,0.0,0.0,0.27979363566108245,0.0
1364,1452,nigeria,0.0,0.0,0.0,0.0,0.27979363566108245,0.0
1365,1453,nigeria,0.0,0.0,0.0,0.0,0.27979363566108245,0.0
1366,1454,nigeria,0.2,-1.2770644426345825,-0.19999999999999973,70672.08402132674,0.13600685774353374,-1.5485699866785063
1367,1455,nigeria,0.2,-1.2770644426345825,-0.19999999999999973,70672.08402132674,0.13600685774353374,-1.5485699866785063
1368,1456,nigeria,0.2,-1.2770644426345825,-0.19999999999999973,70672.08402132674,0.13600685774353374,-1.5485699866785063
1369,1457,nigeria,0.2,-1.2770644426345825,-0.19999999999999973,70672.08402132674,0.13600685774353374,-1.5485699866785063
1370,1458,nigeria,0.2,-1.2770644426345825,-0.19999999999999973,70672.08402132674,0.13600685774353374,-1.5485699866785063
1371,1459,nigeria,0.2,-1.2770644426345825,-0.19999999999999973,70672.08402132674,0.13600685774353374,-1.5485699866785063
1372,1460,nigeria,0.2,-1.2770644426345825,-0.19999999999999973,70672.08402132674,0.13600685774353374,-1.5485699866785063
1373,1461,nigeria,0.2,-1.2770644426345825,-0.19999999999999973,70672.08402132674,0.13600685774353374,-1.5485699866785063
1374,1462,nigeria,0.2,-1.2770644426345825,-0.19999999999999973,70672.08402132674,0.13600685774353374,-1.5485699866785063
1375,1463,nigeria,0.2,-1.2770644426345825,-0.19999999999999973,70672.08402132674,0.13600685774353374,-1.5485699866785063
1376,1464,nigeria,0.2,-1.2770644426345825,-0.19999999999999973,70672.08402132674,0.13600685774353374,-1.5485699866785063
1377,1465,nigeria,0.2,-1.2770644426345825,-0.19999999999999973,70672.08402132674,0.13600685774353374,-1.5485699866785063
1378,1466,nigeria,0.2,-1.2770644426345825,-0.19999999999999973,70672.08402132674,0.13600685774353374,-1.5485699866785063
1379,1467,nigeria,0.2,-1.2770644426345825,-0.19999999999999973,70672.08402132674,0.13600685774353374,-1.5485699866785063
1380,1468,nigeria,0.2,-1.2770644426345825,-0.19999999999999973,70672.08402132674,0.13600685774353374,-1.5485699866785063
1381,1469,nigeria,0.2,-1.2770644426345825,-0.19999999999999973,70672.08402132674,0.13600685774353374,-1.5485699866785063
1382,1470,nigeria,0.2,-1.2770644426345825,-0.19999999999999973,70672.08402132674,0.13600685774353374,-1.5485699866785063
1383,1471,nigeria,0.2,-1.2770644426345825,-0.19999999999999973,70672.08402132674,0.13600685774353374,-1.5485699866785063
1384,1472,nigeria,0.2,-1.2770644426345825,-0.19999999999999973,70672.08402132674,0.13600685774353374,-1.5485699866785063
1385,1473,nigeria,0.2,-1.2770644426345825,-0.19999999999999973,70672.08402132674,0.13600685774353374,-1.5485699866785063
1386,1474,nigeria,0.0,0.0,0.0,0.0,0.10164416577434121,0.0
1387,1475,nigeria,0.0,0.0,0.0,0.0,0.10164416577434121,0.0
1388,1476,nigeria,0.0,0.0,0.0,0.0,0.10164416577434121,0.0
1389,1477,nigeria,0.0,0.0,0.0,0.0,0.10164416577434121,0.0
1390,1478,nigeria,0.0,0.0,0.0,0.0,0.10164416577434121,0.0
1391,1479,nigeria,0.0,0.0,0.0,0.0,0.10164416577434121,0.0
1392,1480,nigeria,0.0,0.0,0.0,0.0,0.10164416577434121,0.0
1393,1481,nigeria,0.0,0.0,0.0,0.0,0.10164416577434121,0.0
1394,1482,nigeria,0.0,0.0,0.0,0.0,0.10164416577434121,0.0
1395,1483,nigeria,0.0,0.0,0.0,0.0,0.10164416577434121,0.0
1396,1484,nigeria,0.0,0.0,0.0,0.0,0.10164416577434121,0.0
1397,1485,nigeria,0.0,0.0,0.0,0.0,0.10164416577434121,0.0
1398,1486,nigeria,0.0,0.0,0.0,0.0,0.10164416577434121,0.0
1399,1487,nigeria,0.0,0.0,0.0,0.0,0.10164416577434121,0.0
1400,1488,nigeria,0.0,0.0,0.0,0.0,0.10164416577434121,0.0
1401,1489,nigeria,0.0,0.0,0.0,0.0,0.10164416577434121,0.0
1402,1490,nigeria,0.0,0.0,0.0,0.0,0.10164416577434121,0.0
1403,1491,nigeria,0.0,0.0,0.0,0.0,0.10164416577434121,0.0
1404,1492,nigeria,0.0,0.0,0.0,0.0,0.10164416577434121,0.0
1405,1493,nigeria,0.0,0.0,0.0,0.0,0.10164416577434121,0.0
1406,1494,nigeria,0.0,0.0,0.0,0.0,0.10164416577434121,0.0
1407,1495,nigeria,0.0,0.0,0.0,0.0,0.10164416577434121,0.0
1408,1496,nigeria,0.0,0.0,0.0,0.0,0.10164416577434121,0.0
1409,1497,nigeria,0.0,0.0,0.0,0.0,0.10164416577434121,0.0
1410,1498,nigeria,0.0,0.0,0.0,0.0,0.10164416577434121,0.0
1411,1499,nigeria,0.0,0.0,0.0,0.0,0.2586386211501452,0.0
1412,1500,nigeria,0.0,0.0,0.0,0.0,0.2586386211501452,0.0
1413,1501,nigeria,0.0,0.0,0.0,0.0,0.2586386211501452,0.0
1414,1502,nigeria,0.0,0.0,0.0,0.0,0.2586386211501452,0.0
1415,1503,nigeria,0.0,0.0,0.0,0.0,0.2586386211501452,0.0
1416,1504,nigeria,0.0,0.0,0.0,0.0,0.2586386211501452,0.0
1417,1505,nigeria,0.0,0.0,0.0,0.0,0.2586386211501452,0.0
1418,1506,nigeria,0.0,0.0,0.0,0.0,0.2586386211501452,0.0
1419,1507,nigeria,0.0,0.0,0.0,0.0,0.2586386211501452,0.0
1420,1508,nigeria,0.0,0.0,0.0,0.0,0.2586386211501452,0.0
1421,1509,nigeria,0.0,0.0,0.0,0.0,0.2586386211501452,0.0
1422,1510,nigeria,0.0,0.0,0.0,0.0,0.2586386211501452,0.0
1423,1511,nigeria,0.0,0.0,0.0,0.0,0.2586386211501452,0.0
1424,1512,nigeria,0.0,0.0,0.0,0.0,0.2586386211501452,0.0
1425,1513,nigeria,0.0,0.0,0.0,0.0,0.2586386211501452,0.0
1426,1514,nigeria,0.0,0.0,0.0,0.0,0.2586386211501452,0.0
1427,1515,nigeria,0.0,0.0,0.0,0.0,0.2586386211501452,0.0
1428,1516,nigeria,0.0,0.0,0.0,0.0,0.2586386211501452,0.0
1429,1517,nigeria,0.0,0.0,0.0,0.0,0.2586386211501452,0.0
1430,1518,nigeria,0.0,0.0,0.0,0.0,0.2586386211501452,0.0
1431,1519,nigeria,0.0,0.0,0.0,0.0,0.2586386211501452,0.0
1432,1520,nigeria,0.0,0.0,0.0,0.0,0.2586386211501452,0.0
1433,1521,nigeria,0.0,0.0,0.0,0.0,0.2586386211501452,0.0
1434,1522,nigeria,0.0,0.0,0.0,0.0,0.2586386211501452,0.0
1435,1523,nigeria,0.0,0.0,0.0,0.0,0.2586386211501452,0.0
1436,1524,nigeria,0.0,0.0,0.0,0.0,0.24924597601658718,0.0
1437,1525,nigeria,0.0,0.0,0.0,0.0,0.24924597601658718,0.0
1438,1526,nigeria,0.0,0.0,0.0,0.0,0.24924597601658718,0.0
1439,1527,nigeria,0.0,0.0,0.0,0.0,0.24924597601658718,0.0
1440,1528,nigeria,0.0,0.0,0.0,0.0,0.24924597601658718,0.0
1441,1529,nigeria,0.0,0.0,0.0,0.0,0.24924597601658718,0.0
1442,1530,nigeria,0.0,0.0,0.0,0.0,0.24924597601658718,0.0
1443,1531,nigeria,0.0,0.0,0.0,0.0,0.24924597601658718,0.0
1444,1532,nigeria,0.0,0.0,0.0,0.0,0.24924597601658718,0.0
1445,1533,nigeria,0.0,0.0,0.0,0.0,0.24924597601658718,0.0
1446,1534,nigeria,0.0,0.0,0.0,0.0,0.24924597601658718,0.0
1447,1535,nigeria,0.0,0.0,0.0,0.0,0.24924597601658718,0.0
1448,1536,nigeria,0.0,0.0,0.0,0.0,0.24924597601658718,0.0
1449,1537,nigeria,0.0,0.0,0.0,0.0,0.24924597601658718,0.0
1450,1538,nigeria,0.0,0.0,0.0,0.0,0.24924597601658718,0.0
1451,1539,nigeria,0.0,0.0,0.0,0.0,0.24924597601658718,0.0
1452,1540,nigeria,0.0,0.0,0.0,0.0,0.24924597601658718,0.0
1453,1541,nigeria,0.0,0.0,0.0,0.0,0.24924597601658718,0.0
1454,1542,nigeria,0.0,0.0,0.0,0.0,0.24924597601658718,0.0
1455,1543,nigeria,0.0,0.0,0.0,0.0,0.24924597601658718,0.0
1456,1544,nigeria,0.0,0.0,0.0,0.0,0.28548831549487363,0.0
1457,1545,nigeria,0.0,0.0,0.0,0.0,0.28548831549487363,0.0
1458,1546,nigeria,0.0,0.0,0.0,0.0,0.28548831549487363,0.0
1459,1547,nigeria,0.0,0.0,0.0,0.0,0.28548831549487363,0.0
1460,1548,nigeria,0.0,0.0,0.0,0.0,0.28548831549487363,0.0
1461,1549,nigeria,0.0,0.0,0.0,0.0,0.28548831549487363,0.0
1462,1550,nigeria,0.0,0.0,0.0,0.0,0.28548831549487363,0.0
1463,1551,nigeria,0.0,0.0,0.0,0.0,0.28548831549487363,0.0
1464,1552,nigeria,0.0,0.0,0.0,0.0,0.28548831549487363,0.0
1465,1553,nigeria,0.0,0.0,0.0,0.0,0.28548831549487363,0.0
1466,1554,nigeria,0.0,0.0,0.0,0.0,0.28548831549487363,0.0
1467,1555,nigeria,0.0,0.0,0.0,0.0,0.28548831549487363,0.0
1468,1556,nigeria,0.0,0.0,0.0,0.0,0.28548831549487363,0.0
1469,1557,nigeria,0.0,0.0,0.0,0.0,0.28548831549487363,0.0
1470,1558,nigeria,0.0,0.0,0.0,0.0,0.28548831549487363,0.0
1471,1559,nigeria,0.0,0.0,0.0,0.0,0.28548831549487363,0.0
1472,1560,nigeria,0.0,0.0,0.0,0.0,0.28548831549487363,0.0
1473,1561,nigeria,0.0,0.0,0.0,0.0,0.28548831549487363,0.0
1474,1562,nigeria,0.0,0.0,0.0,0.0,0.28548831549487363,0.0
1475,1563,nigeria,0.0,0.0,0.0,0.0,0.28548831549487363,0.0
1476,1564,nigeria,0.0,0.0,0.0,0.0,0.2341131379945558,0.0
1477,1565,nigeria,0.0,0.0,0.0,0.0,0.2341131379945558,0.0
1478,1566,nigeria,0.0,0.0,0.0,0.0,0.2341131379945558,0.0
1479,1567,nigeria,0.0,0.0,0.0,0.0,0.2341131379945558,0.0
1480,1568,nigeria,0.0,0.0,0.0,0.0,0.2341131379945558,0.0
1481,1569,nigeria,0.0,0.0,0.0,0.0,0.2341131379945558,0.0
1482,1570,nigeria,0.0,0.0,0.0,0.0,0.2341131379945558,0.0
1483,1571,nigeria,0.0,0.0,0.0,0.0,0.2341131379945558,0.0
1484,1572,nigeria,0.0,0.0,0.0,0.0,0.2341131379945558,0.0
1485,1573,nigeria,0.0,0.0,0.0,0.0,0.2341131379945558,0.0
1486,1574,nigeria,0.0,0.0,0.0,0.0,0.2341131379945558,0.0
1487,1575,nigeria,0.0,0.0,0.0,0.0,0.2341131379945558,0.0
1488,1576,nigeria,0.0,0.0,0.0,0.0,0.2341131379945558,0.0
1489,1577,nigeria,0.0,0.0,0.0,0.0,0.2341131379945558,0.0
1490,1578,nigeria,0.0,0.0,0.0,0.0,0.2341131379945558,0.0
1491,1579,nigeria,0.0,0.0,0.0,0.0,0.2341131379945558,0.0
1492,1580,nigeria,0.0,0.0,0.0,0.0,0.2341131379945558,0.0
1493,1581,nigeria,0.0,0.0,0.0,0.0,0.2341131379945558,0.0
1494,1582,nigeria,0.0,0.0,0.0,0.0,0.2341131379945558,0.0
1495,1583,nigeria,0.0,0.0,0.0,0.0,0.2341131379945558,0.0
1496,1584,nigeria,0.0,0.0,0.0,0.0,0.2341131379945558,0.0
1497,1585,nigeria,0.0,0.0,0.0,0.0,0.2341131379945558,0.0
1498,1586,nigeria,0.0,0.0,0.0,0.0,0.2341131379945558,0.0
1499,1587,nigeria,0.0,0.0,0.0,0.0,0.2543256017255567,0.0
1500,1588,nigeria,0.0,0.0,0.0,0.0,0.2543256017255567,0.0
1501,1589,nigeria,0.0,0.0,0.0,0.0,0.2543256017255567,0.0
1502,1590,nigeria,0.0,0.0,0.0,0.0,0.2543256017255567,0.0
1503,1591,nigeria,0.0,0.0,0.0,0.0,0.2543256017255567,0.0
1504,1592,nigeria,0.0,0.0,0.0,0.0,0.2543256017255567,0.0
1505,1593,nigeria,0.0,0.0,0.0,0.0,0.2543256017255567,0.0
1506,1594,nigeria,0.0,0.0,0.0,0.0,0.2543256017255567,0.0
1507,1595,nigeria,0.0,0.0,0.0,0.0,0.2543256017255567,0.0
1508,1596,nigeria,0.0,0.0,0.0,0.0,0.2543256017255567,0.0
1509,1597,nigeria,0.0,0.0,0.0,0.0,0.2543256017255567,0.0
1510,1598,nigeria,0.0,0.0,0.0,0.0,0.2543256017255567,0.0
1511,1599,nigeria,0.0,0.0,0.0,0.0,0.2543256017255567,0.0
1512,1600,nigeria,0.0,0.0,0.0,0.0,0.2543256017255567,0.0
1513,1601,nigeria,0.0,0.0,0.0,0.0,0.2543256017255567,0.0
1514,1602,nigeria,0.0,0.0,0.0,0.0,0.2543256017255567,0.0
1515,1603,nigeria,0.0,0.0,0.0,0.0,0.2543256017255567,0.0
1516,1604,nigeria,0.0,0.0,0.0,0.0,0.2543256017255567,0.0
1517,1605,nigeria,0.0,0.0,0.0,0.0,0.2543256017255567,0.0
1518,1606,nigeria,0.0,0.0,0.0,0.0,0.2543256017255567,0.0
1519,1607,nigeria,0.0,0.0,0.0,0.0,0.2543256017255567,0.0
1520,1608,nigeria,0.0,0.0,0.0,0.0,0.2543256017255567,0.0
1521,1609,nigeria,0.0,0.0,0.0,0.0,0.2543256017255567,0.0
1522,1610,nigeria,0.0,0.0,0.0,0.0,0.2543256017255567,0.0
1523,1611,nigeria,0.0,0.0,0.0,0.0,0.2543256017255567,0.0
1524,1612,nigeria,0.0,0.0,0.0,0.0,0.17161610687138512,0.0
1525,1613,nigeria,0.0,0.0,0.0,0.0,0.17161610687138512,0.0
1526,1614,nigeria,0.0,0.0,0.0,0.0,0.17161610687138512,0.0
1527,1615,nigeria,0.0,0.0,0.0,0.0,0.17161610687138512,0.0
1528,1616,nigeria,0.0,0.0,0.0,0.0,0.17161610687138512,0.0
1529,1617,nigeria,0.0,0.0,0.0,0.0,0.17161610687138512,0.0
1530,1618,nigeria,0.0,0.0,0.0,0.0,0.17161610687138512,0.0
1531,1619,nigeria,0.0,0.0,0.0,0.0,0.17161610687138512,0.0
1532,1620,nigeria,0.0,0.0,0.0,0.0,0.17161610687138512,0.0
1533,1621,nigeria,0.0,0.0,0.0,0.0,0.17161610687138512,0.0
1534,1622,nigeria,0.0,0.0,0.0,0.0,0.17161610687138512,0.0
1535,1623,nigeria,0.0,0.0,0.0,0.0,0.17161610687138512,0.0
1536,1624,nigeria,0.0,0.0,0.0,0.0,0.17161610687138512,0.0
1537,1625,nigeria,0.0,0.0,0.0,0.0,0.17161610687138512,0.0
1538,1626,nigeria,0.0,0.0,0.0,0.0,0.17161610687138512,0.0
1539,1627,nigeria,0.0,0.0,0.0,0.0,0.17161610687138512,0.0
1540,1628,nigeria,0.0,0.0,0.0,0.0,0.17161610687138512,0.0
1541,1629,nigeria,0.0,0.0,0.0,0.0,0.17161610687138512,0.0
1542,1630,nigeria,0.0,0.0,0.0,0.0,0.17161610687138512,0.0
1543,1631,nigeria,0.0,0.0,0.0,0.0,0.17161610687138512,0.0
1544,1632,nigeria,0.0,0.0,0.0,0.0,0.17161610687138512,0.0
1545,1633,nigeria,0.0,0.0,0.0,0.0,0.17161610687138512,0.0
1546,1635,nigeria,0.0,0.0,0.0,0.0,0.17161610687138512,0.0
1547,1636,nigeria,0.0,0.0,0.0,0.0,0.17161610687138512,0.0
1548,1637,nigeria,0.0,0.0,0.0,0.0,0.212423012069446,0.0
1549,1638,nigeria,0.0,0.0,0.0,0.0,0.212423012069446,0.0
1550,1639,nigeria,0.0,0.0,0.0,0.0,0.212423012069446,0.0
1551,1640,nigeria,0.0,0.0,0.0,0.0,0.212423012069446,0.0
1552,1641,nigeria,0.0,0.0,0.0,0.0,0.212423012069446,0.0
1553,1643,nigeria,0.0,0.0,0.0,0.0,0.212423012069446,0.0
1554,1644,nigeria,0.0,0.0,0.0,0.0,0.212423012069446,0.0
1555,1645,nigeria,0.0,0.0,0.0,0.0,0.212423012069446,0.0
1556,1646,nigeria,0.0,0.0,0.0,0.0,0.212423012069446,0.0
1557,1647,nigeria,0.0,0.0,0.0,0.0,0.212423012069446,0.0
1558,1648,nigeria,0.0,0.0,0.0,0.0,0.212423012069446,0.0
1559,1649,nigeria,0.0,0.0,0.0,0.0,0.212423012069446,0.0
1560,1650,nigeria,0.0,0.0,0.0,0.0,0.212423012069446,0.0
1561,1651,nigeria,0.0,0.0,0.0,0.0,0.212423012069446,0.0
1562,1652,nigeria,0.0,0.0,0.0,0.0,0.212423012069446,0.0
1563,1653,nigeria,0.0,0.0,0.0,0.0,0.212423012069446,0.0
1564,1654,nigeria,0.0,0.0,0.0,0.0,0.212423012069446,0.0
1565,1655,nigeria,0.0,0.0,0.0,0.0,0.212423012069446,0.0
1566,1656,nigeria,0.2,-3.6637420654296875,-0.19999999999999973,10887093.403280033,0.27141833946796184,1.1568370451987207
1567,1657,nigeria,0.2,-3.6637420654296875,-0.19999999999999973,10887093.403280033,0.27141833946796184,1.1568370451987207
1568,1658,nigeria,0.2,-3.6637420654296875,-0.19999999999999973,10887093.403280033,0.27141833946796184,1.1568370451987207
1569,1659,nigeria,0.2,-3.6637420654296875,-0.19999999999999973,10887093.403280033,0.27141833946796184,1.1568370451987207
1570,1660,nigeria,0.2,-3.6637420654296875,-0.19999999999999973,10887093.403280033,0.27141833946796184,1.1568370451987207
1571,1661,nigeria,0.2,-3.6637420654296875,-0.19999999999999973,10887093.403280033,0.27141833946796184,1.1568370451987207
1572,1662,nigeria,0.2,-3.6637420654296875,-0.19999999999999973,10887093.403280033,0.27141833946796184,1.1568370451987207
1573,1663,nigeria,0.2,-3.6637420654296875,-0.19999999999999973,10887093.403280033,0.27141833946796184,1.1568370451987207
1574,1664,nigeria,0.2,-3.6637420654296875,-0.19999999999999973,10887093.403280033,0.27141833946796184,1.1568370451987207
1575,1665,nigeria,0.2,-3.6637420654296875,-0.19999999999999973,10887093.403280033,0.27141833946796184,1.1568370451987207
1576,1666,nigeria,0.2,-3.6637420654296875,-0.19999999999999973,10887093.403280033,0.27141833946796184,1.1568370451987207
1577,1667,nigeria,0.2,-3.6637420654296875,-0.19999999999999973,10887093.403280033,0.27141833946796184,1.1568370451987207
1578,1668,nigeria,0.2,-3.6637420654296875,-0.19999999999999973,10887093.403280033,0.27141833946796184,1.1568370451987207
1579,1669,nigeria,0.2,-3.6637420654296875,-0.19999999999999973,10887093.403280033,0.27141833946796184,1.1568370451987207
1580,1670,nigeria,0.2,-3.6637420654296875,-0.19999999999999973,10887093.403280033,0.27141833946796184,1.1568370451987207
1581,1671,nigeria,0.2,-3.6637420654296875,-0.19999999999999973,10887093.403280033,0.27141833946796184,1.1568370451987207
1582,1672,nigeria,0.2,-3.6637420654296875,-0.19999999999999973,10887093.403280033,0.27141833946796184,1.1568370451987207
1583,1673,nigeria,0.2,-3.6637420654296875,-0.19999999999999973,10887093.403280033,0.27141833946796184,1.1568370451987207
1584,1674,nigeria,0.2,-3.6637420654296875,-0.19999999999999973,10887093.403280033,0.27141833946796184,1.1568370451987207
1585,1675,nigeria,0.2,-3.6637420654296875,-0.19999999999999973,10887093.403280033,0.27141833946796184,1.1568370451987207
1586,1676,nigeria,0.0,0.0,0.0,0.0,0.17841646367339684,0.0
1587,1677,nigeria,0.0,0.0,0.0,0.0,0.17841646367339684,0.0
1588,1678,nigeria,0.0,0.0,0.0,0.0,0.17841646367339684,0.0
1589,1679,nigeria,0.0,0.0,0.0,0.0,0.17841646367339684,0.0
1590,1682,nigeria,0.0,0.0,0.0,0.0,0.17841646367339684,0.0
1591,1683,nigeria,0.0,0.0,0.0,0.0,0.17841646367339684,0.0
1592,1684,nigeria,0.0,0.0,0.0,0.0,0.17841646367339684,0.0
1593,1685,nigeria,0.0,0.0,0.0,0.0,0.17841646367339684,0.0
1594,1686,nigeria,0.0,0.0,0.0,0.0,0.17841646367339684,0.0
1595,1687,nigeria,0.0,0.0,0.0,0.0,0.17841646367339684,0.0
1596,1688,nigeria,0.0,0.0,0.0,0.0,0.17841646367339684,0.0
1597,1689,nigeria,0.0,0.0,0.0,0.0,0.17841646367339684,0.0
1598,1690,nigeria,0.0,0.0,0.0,0.0,0.17841646367339684,0.0
1599,1691,nigeria,0.0,0.0,0.0,0.0,0.17841646367339684,0.0
1600,1693,nigeria,0.0,0.0,0.0,0.0,0.17841646367339684,0.0
1601,1695,nigeria,0.0,0.0,0.0,0.0,0.17841646367339684,0.0
1602,1696,nigeria,0.0,0.0,0.0,0.0,0.2060767023739678,0.0
1603,1697,nigeria,0.0,0.0,0.0,0.0,0.2060767023739678,0.0
1604,1698,nigeria,0.0,0.0,0.0,0.0,0.2060767023739678,0.0
1605,1699,nigeria,0.0,0.0,0.0,0.0,0.2060767023739678,0.0
1606,1700,nigeria,0.0,0.0,0.0,0.0,0.2060767023739678,0.0
1607,1701,nigeria,0.0,0.0,0.0,0.0,0.2060767023739678,0.0
1608,1702,nigeria,0.0,0.0,0.0,0.0,0.2060767023739678,0.0
1609,1703,nigeria,0.0,0.0,0.0,0.0,0.2060767023739678,0.0
1610,1704,nigeria,0.0,0.0,0.0,0.0,0.2060767023739678,0.0
1611,1705,nigeria,0.0,0.0,0.0,0.0,0.2060767023739678,0.0
1612,1706,nigeria,0.0,0.0,0.0,0.0,0.2060767023739678,0.0
1613,1707,nigeria,0.0,0.0,0.0,0.0,0.2060767023739678,0.0
1614,1708,nigeria,0.0,0.0,0.0,0.0,0.2060767023739678,0.0
1615,1709,nigeria,0.0,0.0,0.0,0.0,0.2060767023739678,0.0
1616,1710,nigeria,0.0,0.0,0.0,0.0,0.2060767023739678,0.0
1617,1711,nigeria,0.0,0.0,0.0,0.0,0.2060767023739678,0.0
1618,1712,nigeria,0.0,0.0,0.0,0.0,0.2060767023739678,0.0
1619,1713,nigeria,0.0,0.0,0.0,0.0,0.2060767023739678,0.0
1620,1714,nigeria,0.0,0.0,0.0,0.0,0.2060767023739678,0.0
1621,1715,nigeria,0.0,0.0,0.0,0.0,0.2060767023739678,0.0
1622,1717,nigeria,0.0,0.0,0.0,0.0,0.16116810544533616,0.0
1623,1722,nigeria,0.0,0.0,0.0,0.0,0.16116810544533616,0.0
1624,1723,nigeria,0.0,0.0,0.0,0.0,0.16116810544533616,0.0
1625,1725,nigeria,0.0,0.0,0.0,0.0,0.16116810544533616,0.0
1626,1726,nigeria,0.0,0.0,0.0,0.0,0.16116810544533616,0.0
1627,1727,nigeria,0.0,0.0,0.0,0.0,0.16116810544533616,0.0
1628,1728,nigeria,0.0,0.0,0.0,0.0,0.16116810544533616,0.0
1629,1735,nigeria,0.0,0.0,0.0,0.0,0.16116810544533616,0.0
1630,1736,nigeria,0.0,0.0,0.0,0.0,0.16116810544533616,0.0
1631,1737,nigeria,0.0,0.0,0.0,0.0,0.16116810544533616,0.0
1632,1738,nigeria,0.0,0.0,0.0,0.0,0.16116810544533616,0.0
1633,1739,nigeria,0.0,0.0,0.0,0.0,0.16116810544533616,0.0
1634,1740,nigeria,0.0,0.0,0.0,0.0,0.16116810544533616,0.0
1635,1742,nigeria,0.0,0.0,0.0,0.0,0.16116810544533616,0.0
1636,1744,nigeria,0.0,0.0,0.0,0.0,0.16116810544533616,0.0
1637,1745,nigeria,0.0,0.0,0.0,0.0,0.16116810544533616,0.0
1638,1746,nigeria,0.0,0.0,0.0,0.0,0.16116810544533616,0.0
1639,1747,nigeria,0.0,0.0,0.0,0.0,0.16116810544533616,0.0
1640,1748,nigeria,0.0,0.0,0.0,0.0,0.16116810544533616,0.0
1641,1749,nigeria,0.0,0.0,0.0,0.0,0.16116810544533616,0.0
1642,1751,nigeria,0.0,0.0,0.0,0.0,0.16116810544533616,0.0
1643,1752,nigeria,0.0,0.0,0.0,0.0,0.16116810544533616,0.0
1644,1753,nigeria,0.0,0.0,0.0,0.0,0.16116810544533616,0.0
1645,1754,nigeria,0.0,0.0,0.0,0.0,0.16116810544533616,0.0
1646,1755,nigeria,0.0,0.0,0.0,0.0,0.16116810544533616,0.0
1647,1756,nigeria,0.0,0.0,0.0,0.0,0.16116810544533616,0.0
1648,1757,nigeria,0.0,0.0,0.0,0.0,0.16116810544533616,0.0
1649,1758,nigeria,0.0,0.0,0.0,0.0,0.16116810544533616,0.0
1650,1759,nigeria,0.0,0.0,0.0,0.0,0.16116810544533616,0.0
1651,1760,nigeria,0.0,0.0,0.0,0.0,0.16116810544533616,0.0
1652,1761,nigeria,0.0,0.0,0.0,0.0,0.16116810544533616,0.0
1653,1762,nigeria,0.0,0.0,0.0,0.0,0.16116810544533616,0.0
1654,1764,nigeria,0.0,0.0,0.0,0.0,0.16116810544533616,0.0
1655,1766,nigeria,0.0,0.0,0.0,0.0,0.16116810544533616,0.0
1656,1767,nigeria,0.0,0.0,0.0,0.0,0.16116810544533616,0.0
1657,1768,nigeria,0.0,0.0,0.0,0.0,0.16743302251298092,0.0
1658,1772,nigeria,0.0,0.0,0.0,0.0,0.16743302251298092,0.0
1659,1773,nigeria,0.0,0.0,0.0,0.0,0.16743302251298092,0.0
1660,1774,nigeria,0.0,0.0,0.0,0.0,0.16743302251298092,0.0
1661,1780,nigeria,0.0,0.0,0.0,0.0,0.16743302251298092,0.0
1662,1781,nigeria,0.0,0.0,0.0,0.0,0.16743302251298092,0.0
1663,1782,nigeria,0.0,0.0,0.0,0.0,0.16743302251298092,0.0
1664,1783,nigeria,0.0,0.0,0.0,0.0,0.16743302251298092,0.0
1665,1784,nigeria,0.0,0.0,0.0,0.0,0.16743302251298092,0.0
1666,1785,nigeria,0.0,0.0,0.0,0.0,0.16743302251298092,0.0
1667,1786,nigeria,0.0,0.0,0.0,0.0,0.16743302251298092,0.0
1668,1787,nigeria,0.0,0.0,0.0,0.0,0.16743302251298092,0.0
1669,1788,nigeria,0.2,-1.531394600868225,-0.19999999999999984,49465662.51415213,0.18064022824989617,-1.0031882440128488
1670,1789,nigeria,0.2,-1.531394600868225,-0.19999999999999984,49465662.51415213,0.18064022824989617,-1.0031882440128488
1671,1790,nigeria,0.2,-1.531394600868225,-0.19999999999999984,49465662.51415213,0.18064022824989617,-1.0031882440128488
1672,1791,nigeria,0.2,-1.531394600868225,-0.19999999999999984,49465662.51415213,0.18064022824989617,-1.0031882440128488
1673,1792,nigeria,0.2,-1.531394600868225,-0.19999999999999984,49465662.51415213,0.18064022824989617,-1.0031882440128488
1674,1793,nigeria,0.2,-1.531394600868225,-0.19999999999999984,49465662.51415213,0.18064022824989617,-1.0031882440128488
1675,1794,nigeria,0.2,-1.531394600868225,-0.19999999999999984,49465662.51415213,0.18064022824989617,-1.0031882440128488
1676,1795,nigeria,0.2,-1.531394600868225,-0.19999999999999984,49465662.51415213,0.18064022824989617,-1.0031882440128488
1677,1796,nigeria,0.2,-1.531394600868225,-0.19999999999999984,49465662.51415213,0.18064022824989617,-1.0031882440128488
1678,1797,nigeria,0.2,-1.531394600868225,-0.19999999999999984,49465662.51415213,0.18064022824989617,-1.0031882440128488
1679,1798,nigeria,0.2,-1.531394600868225,-0.19999999999999984,49465662.51415213,0.18064022824989617,-1.0031882440128488
1680,1799,nigeria,0.2,-1.531394600868225,-0.19999999999999984,49465662.51415213,0.18064022824989617,-1.0031882440128488
1681,1800,nigeria,0.2,-1.531394600868225,-0.19999999999999984,49465662.51415213,0.18064022824989617,-1.0031882440128488
1682,1801,nigeria,0.2,-1.531394600868225,-0.19999999999999984,49465662.51415213,0.18064022824989617,-1.0031882440128488
1683,1802,nigeria,0.2,-1.531394600868225,-0.19999999999999984,49465662.51415213,0.18064022824989617,-1.0031882440128488
1684,1803,nigeria,0.2,-1.531394600868225,-0.19999999999999984,49465662.51415213,0.18064022824989617,-1.0031882440128488
1685,1804,nigeria,0.2,-1.531394600868225,-0.19999999999999984,49465662.51415213,0.18064022824989617,-1.0031882440128488
1686,1805,nigeria,0.2,-1.531394600868225,-0.19999999999999984,49465662.51415213,0.18064022824989617,-1.0031882440128488
1687,1806,nigeria,0.2,-1.531394600868225,-0.19999999999999984,49465662.51415213,0.18064022824989617,-1.0031882440128488
1688,1807,nigeria,0.2,-1.531394600868225,-0.19999999999999984,49465662.51415213,0.18064022824989617,-1.0031882440128488
1689,1808,nigeria,0.2,-1.531394600868225,-0.19999999999999984,49465662.51415213,0.18064022824989617,-1.0031882440128488
1690,1809,nigeria,0.2,-1.531394600868225,-0.19999999999999984,49465662.51415213,0.18064022824989617,-1.0031882440128488
1691,1810,nigeria,0.2,-1.531394600868225,-0.19999999999999984,49465662.51415213,0.18064022824989617,-1.0031882440128488
1692,1811,nigeria,0.2,-1.531394600868225,-0.19999999999999984,49465662.51415213,0.18064022824989617,-1.0031882440128488
1693,1812,nigeria,0.2,-1.531394600868225,-0.19999999999999984,49465662.51415213,0.18064022824989617,-1.0031882440128488
1694,1813,nigeria,0.2,-1.531394600868225,-0.19999999999999984,49465662.51415213,0.18064022824989617,-1.0031882440128488
1695,1814,nigeria,0.2,-1.531394600868225,-0.19999999999999984,49465662.51415213,0.18064022824989617,-1.0031882440128488
1696,1815,nigeria,0.2,-1.531394600868225,-0.19999999999999984,49465662.51415213,0.18064022824989617,-1.0031882440128488
1697,1816,nigeria,0.2,-1.531394600868225,-0.19999999999999984,49465662.51415213,0.18064022824989617,-1.0031882440128488
1698,1817,nigeria,0.2,-1.531394600868225,-0.19999999999999984,49465662.51415213,0.18064022824989617,-1.0031882440128488
1699,1818,nigeria,0.2,-1.531394600868225,-0.19999999999999984,49465662.51415213,0.18064022824989617,-1.0031882440128488
1700,1819,nigeria,0.2,-1.531394600868225,-0.19999999999999984,49465662.51415213,0.18064022824989617,-1.0031882440128488
1701,1820,nigeria,0.2,-1.531394600868225,-0.19999999999999984,49465662.51415213,0.18064022824989617,-1.0031882440128488
1702,1821,nigeria,0.2,-1.531394600868225,-0.19999999999999984,49465662.51415213,0.18064022824989617,-1.0031882440128488
1703,1822,nigeria,0.2,-3.5190534591674805,-0.19999999999999984,47636285.20065093,0.19905805805288973,-0.5463500907257104
1704,1823,nigeria,0.2,-3.5190534591674805,-0.19999999999999984,47636285.20065093,0.19905805805288973,-0.5463500907257104
1705,1824,nigeria,0.2,-3.5190534591674805,-0.19999999999999984,47636285.20065093,0.19905805805288973,-0.5463500907257104
1706,1825,nigeria,0.2,-3.5190534591674805,-0.19999999999999984,47636285.20065093,0.19905805805288973,-0.5463500907257104
1707,1826,nigeria,0.2,-3.5190534591674805,-0.19999999999999984,47636285.20065093,0.19905805805288973,-0.5463500907257104
1708,1828,nigeria,0.2,-3.5190534591674805,-0.19999999999999984,47636285.20065093,0.19905805805288973,-0.5463500907257104
1709,1829,nigeria,0.2,-3.5190534591674805,-0.19999999999999984,47636285.20065093,0.19905805805288973,-0.5463500907257104
1710,1830,nigeria,0.2,-3.5190534591674805,-0.19999999999999984,47636285.20065093,0.19905805805288973,-0.5463500907257104
1711,1832,nigeria,0.2,-3.5190534591674805,-0.19999999999999984,47636285.20065093,0.19905805805288973,-0.5463500907257104
1712,1833,nigeria,0.2,-3.5190534591674805,-0.19999999999999984,47636285.20065093,0.19905805805288973,-0.5463500907257104
1713,1834,nigeria,0.2,-3.5190534591674805,-0.19999999999999984,47636285.20065093,0.19905805805288973,-0.5463500907257104
1714,1835,nigeria,0.2,-3.5190534591674805,-0.19999999999999984,47636285.20065093,0.19905805805288973,-0.5463500907257104
1715,1836,nigeria,0.0,0.0,0.0,0.0,0.21682229823939297,0.0
1716,1837,nigeria,0.0,0.0,0.0,0.0,0.21682229823939297,0.0
1717,1838,nigeria,0.0,0.0,0.0,0.0,0.21682229823939297,0.0
1718,1839,nigeria,0.0,0.0,0.0,0.0,0.21682229823939297,0.0
1719,1840,nigeria,0.0,0.0,0.0,0.0,0.21682229823939297,0.0
1720,1841,nigeria,0.0,0.0,0.0,0.0,0.21682229823939297,0.0
1721,1842,nigeria,0.0,0.0,0.0,0.0,0.21682229823939297,0.0
1722,1843,nigeria,0.0,0.0,0.0,0.0,0.21682229823939297,0.0
1723,1844,nigeria,0.0,0.0,0.0,0.0,0.21682229823939297,0.0
1724,1845,nigeria,0.0,0.0,0.0,0.0,0.21682229823939297,0.0
1725,1846,nigeria,0.0,0.0,0.0,0.0,0.21682229823939297,0.0
1726,1847,nigeria,0.0,0.0,0.0,0.0,0.21682229823939297,0.0
1727,1848,nigeria,0.0,0.0,0.0,0.0,0.21682229823939297,0.0
1728,1849,nigeria,0.0,0.0,0.0,0.0,0.21682229823939297,0.0
1729,1850,nigeria,0.0,0.0,0.0,0.0,0.21682229823939297,0.0
1730,1851,nigeria,0.0,0.0,0.0,0.0,0.21682229823939297,0.0
1731,1852,nigeria,0.0,0.0,0.0,0.0,0.21682229823939297,0.0
1732,1853,nigeria,0.0,0.0,0.0,0.0,0.21682229823939297,0.0
1733,1854,nigeria,0.0,0.0,0.0,0.0,0.21682229823939297,0.0
1734,1855,nigeria,0.0,0.0,0.0,0.0,0.21682229823939297,0.0
1735,1856,nigeria,0.0,0.0,0.0,0.0,0.21682229823939297,0.0
1736,1857,nigeria,0.0,0.0,0.0,0.0,0.21682229823939297,0.0
1737,1858,nigeria,0.0,0.0,0.0,0.0,0.21682229823939297,0.0
1738,1859,nigeria,0.0,0.0,0.0,0.0,0.21682229823939297,0.0
1739,1860,nigeria,0.0,0.0,0.0,0.0,0.21682229823939297,0.0
1740,1861,nigeria,0.0,0.0,0.0,0.0,0.21682229823939297,0.0
1741,1862,nigeria,0.0,0.0,0.0,0.0,0.21682229823939297,0.0
1742,1863,nigeria,0.0,0.0,0.0,0.0,0.21682229823939297,0.0
1743,1864,nigeria,0.0,0.0,0.0,0.0,0.21682229823939297,0.0
1744,1865,nigeria,0.0,0.0,0.0,0.0,0.21682229823939297,0.0
1745,1866,nigeria,0.0,0.0,0.0,0.0,0.21682229823939297,0.0
1746,1867,nigeria,0.0,0.0,0.0,0.0,0.21682229823939297,0.0
1747,1868,nigeria,0.0,0.0,0.0,0.0,0.21682229823939297,0.0
1748,1869,nigeria,0.0,0.0,0.0,0.0,0.24654078444123445,0.0
1749,1870,nigeria,0.0,0.0,0.0,0.0,0.24654078444123445,0.0
1750,1871,nigeria,0.0,0.0,0.0,0.0,0.24654078444123445,0.0
1751,1872,nigeria,0.0,0.0,0.0,0.0,0.24654078444123445,0.0
1752,1873,nigeria,0.0,0.0,0.0,0.0,0.24654078444123445,0.0
1753,1874,nigeria,0.0,0.0,0.0,0.0,0.24654078444123445,0.0
1754,1875,nigeria,0.0,0.0,0.0,0.0,0.24654078444123445,0.0
1755,1876,nigeria,0.0,0.0,0.0,0.0,0.24654078444123445,0.0
1756,1877,nigeria,0.0,0.0,0.0,0.0,0.24654078444123445,0.0
1757,1878,nigeria,0.0,0.0,0.0,0.0,0.24654078444123445,0.0
1758,1879,nigeria,0.0,0.0,0.0,0.0,0.24654078444123445,0.0
1759,1880,nigeria,0.0,0.0,0.0,0.0,0.24654078444123445,0.0
1760,1881,nigeria,0.0,0.0,0.0,0.0,0.24654078444123445,0.0
1761,1882,nigeria,0.0,0.0,0.0,0.0,0.24654078444123445,0.0
1762,1883,nigeria,0.0,0.0,0.0,0.0,0.24654078444123445,0.0
1763,1884,nigeria,0.0,0.0,0.0,0.0,0.24654078444123445,0.0
1764,1885,nigeria,0.0,0.0,0.0,0.0,0.24654078444123445,0.0
1765,1886,nigeria,0.0,0.0,0.0,0.0,0.24654078444123445,0.0
1766,1887,nigeria,0.0,0.0,0.0,0.0,0.24654078444123445,0.0
1767,1888,nigeria,0.0,0.0,0.0,0.0,0.24654078444123445,0.0
1768,1889,nigeria,0.0,0.0,0.0,0.0,0.25367846105751757,0.0
1769,1890,nigeria,0.0,0.0,0.0,0.0,0.25367846105751757,0.0
1770,1891,nigeria,0.0,0.0,0.0,0.0,0.25367846105751757,0.0
1771,1892,nigeria,0.0,0.0,0.0,0.0,0.25367846105751757,0.0
1772,1893,nigeria,0.0,0.0,0.0,0.0,0.25367846105751757,0.0
1773,1894,nigeria,0.0,0.0,0.0,0.0,0.25367846105751757,0.0
1774,1895,nigeria,0.0,0.0,0.0,0.0,0.25367846105751757,0.0
1775,1896,nigeria,0.0,0.0,0.0,0.0,0.25367846105751757,0.0
1776,1897,nigeria,0.0,0.0,0.0,0.0,0.25367846105751757,0.0
1777,1898,nigeria,0.0,0.0,0.0,0.0,0.25367846105751757,0.0
1778,1899,nigeria,0.0,0.0,0.0,0.0,0.25367846105751757,0.0
1779,1900,nigeria,0.0,0.0,0.0,0.0,0.25367846105751757,0.0
1780,1901,nigeria,0.0,0.0,0.0,0.0,0.25367846105751757,0.0
1781,1902,nigeria,0.0,0.0,0.0,0.0,0.25367846105751757,0.0
1782,1903,nigeria,0.0,0.0,0.0,0.0,0.25367846105751757,0.0
1783,1904,nigeria,0.0,0.0,0.0,0.0,0.25367846105751757,0.0
1784,1905,nigeria,0.0,0.0,0.0,0.0,0.25367846105751757,0.0
1785,1906,nigeria,0.0,0.0,0.0,0.0,0.25367846105751757,0.0
1786,1907,nigeria,0.0,0.0,0.0,0.0,0.25367846105751757,0.0
1787,1908,nigeria,0.0,0.0,0.0,0.0,0.25367846105751757,0.0
1788,1909,nigeria,0.0,0.0,0.0,0.0,0.23964073128929445,0.0
1789,1910,nigeria,0.0,0.0,0.0,0.0,0.23964073128929445,0.0
1790,1911,nigeria,0.0,0.0,0.0,0.0,0.23964073128929445,0.0
1791,1912,nigeria,0.0,0.0,0.0,0.0,0.23964073128929445,0.0
1792,1913,nigeria,0.0,0.0,0.0,0.0,0.23964073128929445,0.0
1793,1914,nigeria,0.0,0.0,0.0,0.0,0.23964073128929445,0.0
1794,1915,nigeria,0.0,0.0,0.0,0.0,0.23964073128929445,0.0
1795,1916,nigeria,0.0,0.0,0.0,0.0,0.23964073128929445,0.0
1796,1917,nigeria,0.0,0.0,0.0,0.0,0.23964073128929445,0.0
1797,1918,nigeria,0.0,0.0,0.0,0.0,0.23964073128929445,0.0
1798,1919,nigeria,0.0,0.0,0.0,0.0,0.23964073128929445,0.0
1799,1920,nigeria,0.0,0.0,0.0,0.0,0.23964073128929445,0.0
1800,1921,nigeria,0.0,0.0,0.0,0.0,0.23964073128929445,0.0
1801,1922,nigeria,0.0,0.0,0.0,0.0,0.23964073128929445,0.0
1802,1923,nigeria,0.0,0.0,0.0,0.0,0.23964073128929445,0.0
1803,1924,nigeria,0.0,0.0,0.0,0.0,0.23964073128929445,0.0
1804,1925,nigeria,0.0,0.0,0.0,0.0,0.23964073128929445,0.0
1805,1926,nigeria,0.0,0.0,0.0,0.0,0.23964073128929445,0.0
1806,1927,nigeria,0.0,0.0,0.0,0.0,0.23964073128929445,0.0
1807,1928,nigeria,0.0,0.0,0.0,0.0,0.25496614559381464,0.0
1808,1929,nigeria,0.0,0.0,0.0,0.0,0.25496614559381464,0.0
1809,1930,nigeria,0.0,0.0,0.0,0.0,0.25496614559381464,0.0
1810,1931,nigeria,0.0,0.0,0.0,0.0,0.25496614559381464,0.0
1811,1932,nigeria,0.0,0.0,0.0,0.0,0.25496614559381464,0.0
1812,1933,nigeria,0.0,0.0,0.0,0.0,0.25496614559381464,0.0
1813,1934,nigeria,0.0,0.0,0.0,0.0,0.25496614559381464,0.0
1814,1935,nigeria,0.0,0.0,0.0,0.0,0.25496614559381464,0.0
1815,1936,nigeria,0.0,0.0,0.0,0.0,0.25496614559381464,0.0
1816,1937,nigeria,0.0,0.0,0.0,0.0,0.25496614559381464,0.0
1817,1939,nigeria,0.0,0.0,0.0,0.0,0.25496614559381464,0.0
1818,1940,nigeria,0.0,0.0,0.0,0.0,0.25496614559381464,0.0
1819,1941,nigeria,0.0,0.0,0.0,0.0,0.25496614559381464,0.0
1820,1943,nigeria,0.0,0.0,0.0,0.0,0.25496614559381464,0.0
1821,1944,nigeria,0.0,0.0,0.0,0.0,0.25496614559381464,0.0
1822,1945,nigeria,0.0,0.0,0.0,0.0,0.25496614559381464,0.0
1823,1946,nigeria,0.0,0.0,0.0,0.0,0.25496614559381464,0.0
1824,1947,nigeria,0.0,0.0,0.0,0.0,0.25496614559381464,0.0
1825,1948,nigeria,0.0,0.0,0.0,0.0,0.25496614559381464,0.0
1826,1949,nigeria,0.0,0.0,0.0,0.0,0.25496614559381464,0.0
1827,1950,nigeria,0.0,0.0,0.0,0.0,0.25496614559381464,0.0
1828,1951,nigeria,0.0,0.0,0.0,0.0,0.25496614559381464,0.0
1829,1952,nigeria,0.0,0.0,0.0,0.0,0.25496614559381464,0.0
1830,1953,nigeria,0.0,0.0,0.0,0.0,0.3195766073031811,0.0
1831,1954,nigeria,0.0,0.0,0.0,0.0,0.3195766073031811,0.0
1832,1955,nigeria,0.0,0.0,0.0,0.0,0.3195766073031811,0.0
1833,1956,nigeria,0.0,0.0,0.0,0.0,0.3195766073031811,0.0
1834,1957,nigeria,0.0,0.0,0.0,0.0,0.3195766073031811,0.0
1835,1958,nigeria,0.0,0.0,0.0,0.0,0.3195766073031811,0.0
1836,1959,nigeria,0.0,0.0,0.0,0.0,0.3195766073031811,0.0
1837,1960,nigeria,0.0,0.0,0.0,0.0,0.3195766073031811,0.0
1838,1961,nigeria,0.0,0.0,0.0,0.0,0.3195766073031811,0.0
1839,1962,nigeria,0.0,0.0,0.0,0.0,0.3195766073031811,0.0
1840,1963,nigeria,0.0,0.0,0.0,0.0,0.3195766073031811,0.0
1841,1964,nigeria,0.0,0.0,0.0,0.0,0.3195766073031811,0.0
1842,1965,nigeria,0.0,0.0,0.0,0.0,0.3195766073031811,0.0
1843,1966,nigeria,0.0,0.0,0.0,0.0,0.3195766073031811,0.0
1844,1967,nigeria,0.0,0.0,0.0,0.0,0.3195766073031811,0.0
1845,1968,nigeria,0.0,0.0,0.0,0.0,0.3195766073031811,0.0
1846,1969,nigeria,0.0,0.0,0.0,0.0,0.3195766073031811,0.0
1847,1970,nigeria,0.0,0.0,0.0,0.0,0.3195766073031811,0.0
1848,1971,nigeria,0.0,0.0,0.0,0.0,0.3195766073031811,0.0
1849,1972,nigeria,0.0,0.0,0.0,0.0,0.3195766073031811,0.0
1850,1973,nigeria,0.0,0.0,0.0,0.0,0.3195766073031811,0.0
1851,1974,nigeria,0.0,0.0,0.0,0.0,0.3195766073031811,0.0
1852,1975,nigeria,0.0,0.0,0.0,0.0,0.3195766073031811,0.0
1853,1976,nigeria,0.0,0.0,0.0,0.0,0.3195766073031811,0.0
1854,1977,nigeria,0.0,0.0,0.0,0.0,0.3195766073031811,0.0
1855,1978,nigeria,0.0,0.0,0.0,0.0,0.2529449340256944,0.0
1856,1979,nigeria,0.0,0.0,0.0,0.0,0.2529449340256944,0.0
1857,1980,nigeria,0.0,0.0,0.0,0.0,0.2529449340256944,0.0
1858,1981,nigeria,0.0,0.0,0.0,0.0,0.2529449340256944,0.0
1859,1982,nigeria,0.0,0.0,0.0,0.0,0.2529449340256944,0.0
1860,1983,nigeria,0.0,0.0,0.0,0.0,0.2529449340256944,0.0
1861,1984,nigeria,0.0,0.0,0.0,0.0,0.2529449340256944,0.0
1862,1985,nigeria,0.0,0.0,0.0,0.0,0.2529449340256944,0.0
1863,1986,nigeria,0.0,0.0,0.0,0.0,0.2529449340256944,0.0
1864,1987,nigeria,0.0,0.0,0.0,0.0,0.2529449340256944,0.0
1865,1988,nigeria,0.0,0.0,0.0,0.0,0.2529449340256944,0.0
1866,1989,nigeria,0.0,0.0,0.0,0.0,0.2529449340256944,0.0
1867,1990,nigeria,0.0,0.0,0.0,0.0,0.2529449340256944,0.0
1868,1991,nigeria,0.0,0.0,0.0,0.0,0.2529449340256944,0.0
1869,1992,nigeria,0.0,0.0,0.0,0.0,0.2529449340256944,0.0
1870,1993,nigeria,0.0,0.0,0.0,0.0,0.2529449340256944,0.0
1871,1994,nigeria,0.0,0.0,0.0,0.0,0.2529449340256944,0.0
1872,1995,nigeria,0.0,0.0,0.0,0.0,0.2529449340256944,0.0
1873,1996,nigeria,0.0,0.0,0.0,0.0,0.2529449340256944,0.0
1874,1997,nigeria,0.0,0.0,0.0,0.0,0.2529449340256944,0.0
1875,1998,nigeria,0.0,0.0,0.0,0.0,0.288908610702764,0.0
1876,1999,nigeria,0.0,0.0,0.0,0.0,0.288908610702764,0.0
1877,2000,nigeria,0.0,0.0,0.0,0.0,0.288908610702764,0.0
1878,2001,nigeria,0.0,0.0,0.0,0.0,0.288908610702764,0.0
1879,2002,nigeria,0.0,0.0,0.0,0.0,0.288908610702764,0.0
1880,2003,nigeria,0.0,0.0,0.0,0.0,0.288908610702764,0.0
1881,2004,nigeria,0.0,0.0,0.0,0.0,0.288908610702764,0.0
1882,2005,nigeria,0.0,0.0,0.0,0.0,0.288908610702764,0.0
1883,2007,nigeria,0.0,0.0,0.0,0.0,0.288908610702764,0.0
1884,2008,nigeria,0.0,0.0,0.0,0.0,0.288908610702764,0.0
1885,2009,nigeria,0.0,0.0,0.0,0.0,0.288908610702764,0.0
1886,2010,nigeria,0.0,0.0,0.0,0.0,0.288908610702764,0.0
1887,2011,nigeria,0.0,0.0,0.0,0.0,0.288908610702764,0.0
1888,2012,nigeria,0.0,0.0,0.0,0.0,0.288908610702764,0.0
1889,2013,nigeria,0.0,0.0,0.0,0.0,0.288908610702764,0.0
1890,2014,nigeria,0.0,0.0,0.0,0.0,0.288908610702764,0.0
1891,2015,nigeria,0.0,0.0,0.0,0.0,0.288908610702764,0.0
1892,2016,nigeria,0.0,0.0,0.0,0.0,0.288908610702764,0.0
1893,2018,nigeria,0.0,0.0,0.0,0.0,0.288908610702764,0.0
1894,2019,nigeria,0.0,0.0,0.0,0.0,0.288908610702764,0.0
1895,2020,nigeria,0.0,0.0,0.0,0.0,0.25496614559381464,0.0
1896,2021,nigeria,0.0,0.0,0.0,0.0,0.25496614559381464,0.0
1897,2022,nigeria,0.0,0.0,0.0,0.0,0.25496614559381464,0.0
1898,2023,nigeria,0.0,0.0,0.0,0.0,0.25496614559381464,0.0
1899,2024,nigeria,0.0,0.0,0.0,0.0,0.25496614559381464,0.0
1900,2025,nigeria,0.0,0.0,0.0,0.0,0.25496614559381464,0.0
1901,2026,nigeria,0.0,0.0,0.0,0.0,0.25496614559381464,0.0
1902,2027,nigeria,0.0,0.0,0.0,0.0,0.25496614559381464,0.0
1903,2028,nigeria,0.0,0.0,0.0,0.0,0.25496614559381464,0.0
1904,2029,nigeria,0.0,0.0,0.0,0.0,0.25496614559381464,0.0
1905,2030,nigeria,0.0,0.0,0.0,0.0,0.25496614559381464,0.0
1906,2031,nigeria,0.0,0.0,0.0,0.0,0.25496614559381464,0.0
1907,2032,nigeria,0.0,0.0,0.0,0.0,0.25496614559381464,0.0
1908,2033,nigeria,0.0,0.0,0.0,0.0,0.25496614559381464,0.0
1909,2034,nigeria,0.0,0.0,0.0,0.0,0.25496614559381464,0.0
1910,2035,nigeria,0.0,0.0,0.0,0.0,0.25496614559381464,0.0
1911,2036,nigeria,0.0,0.0,0.0,0.0,0.25496614559381464,0.0
1912,2037,nigeria,0.0,0.0,0.0,0.0,0.25496614559381464,0.0
1913,2038,nigeria,0.0,0.0,0.0,0.0,0.25496614559381464,0.0
1914,2039,nigeria,0.0,0.0,0.0,0.0,0.25496614559381464,0.0
1915,2040,nigeria,0.0,0.0,0.0,0.0,0.25816392876885474,0.0
1916,2041,nigeria,0.0,0.0,0.0,0.0,0.25816392876885474,0.0
1917,2043,nigeria,0.0,0.0,0.0,0.0,0.25816392876885474,0.0
1918,2044,nigeria,0.0,0.0,0.0,0.0,0.25816392876885474,0.0
1919,2045,nigeria,0.0,0.0,0.0,0.0,0.25816392876885474,0.0
1920,2046,nigeria,0.0,0.0,0.0,0.0,0.25816392876885474,0.0
1921,2047,nigeria,0.0,0.0,0.0,0.0,0.25816392876885474,0.0
1922,2049,nigeria,0.0,0.0,0.0,0.0,0.25816392876885474,0.0
1923,2050,nigeria,0.0,0.0,0.0,0.0,0.25816392876885474,0.0
1924,2051,nigeria,0.0,0.0,0.0,0.0,0.25816392876885474,0.0
1925,2052,nigeria,0.0,0.0,0.0,0.0,0.25816392876885474,0.0
1926,2053,nigeria,0.0,0.0,0.0,0.0,0.25816392876885474,0.0
1927,2054,nigeria,0.0,0.0,0.0,0.0,0.25816392876885474,0.0
1928,2055,nigeria,0.0,0.0,0.0,0.0,0.25816392876885474,0.0
1929,2056,nigeria,0.0,0.0,0.0,0.0,0.25816392876885474,0.0
1930,2057,nigeria,0.0,0.0,0.0,0.0,0.25816392876885474,0.0
1931,2058,nigeria,0.0,0.0,0.0,0.0,0.25816392876885474,0.0
1932,2059,nigeria,0.0,0.0,0.0,0.0,0.25816392876885474,0.0
1933,2060,nigeria,0.0,0.0,0.0,0.0,0.25816392876885474,0.0
1934,2061,nigeria,0.0,0.0,0.0,0.0,0.25816392876885474,0.0
1935,2062,nigeria,0.0,0.0,0.0,0.0,0.25816392876885474,0.0
1936,2063,nigeria,0.0,0.0,0.0,0.0,0.25816392876885474,0.0
1937,2064,nigeria,0.0,0.0,0.0,0.0,0.25816392876885474,0.0
1938,2065,nigeria,0.0,0.0,0.0,0.0,0.2505250057062802,0.0
1939,2066,nigeria,0.0,0.0,0.0,0.0,0.2505250057062802,0.0
1940,2067,nigeria,0.0,0.0,0.0,0.0,0.2505250057062802,0.0
1941,2068,nigeria,0.0,0.0,0.0,0.0,0.2505250057062802,0.0
1942,2069,nigeria,0.0,0.0,0.0,0.0,0.2505250057062802,0.0
1943,2070,nigeria,0.0,0.0,0.0,0.0,0.2505250057062802,0.0
1944,2071,nigeria,0.0,0.0,0.0,0.0,0.2505250057062802,0.0
1945,2072,nigeria,0.0,0.0,0.0,0.0,0.2505250057062802,0.0
1946,2073,nigeria,0.0,0.0,0.0,0.0,0.2505250057062802,0.0
1947,2074,nigeria,0.0,0.0,0.0,0.0,0.2505250057062802,0.0
1948,2075,nigeria,0.0,0.0,0.0,0.0,0.2505250057062802,0.0
1949,2076,nigeria,0.0,0.0,0.0,0.0,0.2505250057062802,0.0
1950,2077,nigeria,0.0,0.0,0.0,0.0,0.2505250057062802,0.0
1951,2078,nigeria,0.0,0.0,0.0,0.0,0.2505250057062802,0.0
1952,2079,nigeria,0.0,0.0,0.0,0.0,0.2505250057062802,0.0
1953,2080,nigeria,0.0,0.0,0.0,0.0,0.2505250057062802,0.0
1954,2081,nigeria,0.0,0.0,0.0,0.0,0.2505250057062802,0.0
1955,2082,nigeria,0.0,0.0,0.0,0.0,0.2505250057062802,0.0
1956,2083,nigeria,0.0,0.0,0.0,0.0,0.2505250057062802,0.0
1957,2084,nigeria,0.0,0.0,0.0,0.0,0.2505250057062802,0.0
1958,2085,nigeria,0.2,-3.0008277893066406,-0.19999999999999973,1368977.7077238217,0.2509936844393209,-0.7771717063087209
1959,2086,nigeria,0.2,-3.0008277893066406,-0.19999999999999973,1368977.7077238217,0.2509936844393209,-0.7771717063087209
1960,2087,nigeria,0.2,-3.0008277893066406,-0.19999999999999973,1368977.7077238217,0.2509936844393209,-0.7771717063087209
1961,2088,nigeria,0.2,-3.0008277893066406,-0.19999999999999973,1368977.7077238217,0.2509936844393209,-0.7771717063087209
1962,2089,nigeria,0.2,-3.0008277893066406,-0.19999999999999973,1368977.7077238217,0.2509936844393209,-0.7771717063087209
1963,2090,nigeria,0.2,-3.0008277893066406,-0.19999999999999973,1368977.7077238217,0.2509936844393209,-0.7771717063087209
1964,2091,nigeria,0.2,-3.0008277893066406,-0.19999999999999973,1368977.7077238217,0.2509936844393209,-0.7771717063087209
1965,2092,nigeria,0.2,-3.0008277893066406,-0.19999999999999973,1368977.7077238217,0.2509936844393209,-0.7771717063087209
1966,2093,nigeria,0.2,-3.0008277893066406,-0.19999999999999973,1368977.7077238217,0.2509936844393209,-0.7771717063087209
1967,2094,nigeria,0.2,-3.0008277893066406,-0.19999999999999973,1368977.7077238217,0.2509936844393209,-0.7771717063087209
1968,2095,nigeria,0.2,-3.0008277893066406,-0.19999999999999973,1368977.7077238217,0.2509936844393209,-0.7771717063087209
1969,2096,nigeria,0.2,-3.0008277893066406,-0.19999999999999973,1368977.7077238217,0.2509936844393209,-0.7771717063087209
1970,2097,nigeria,0.2,-3.0008277893066406,-0.19999999999999973,1368977.7077238217,0.2509936844393209,-0.7771717063087209
1971,2098,nigeria,0.2,-3.0008277893066406,-0.19999999999999973,1368977.7077238217,0.2509936844393209,-0.7771717063087209
1972,2099,nigeria,0.2,-3.0008277893066406,-0.19999999999999973,1368977.7077238217,0.2509936844393209,-0.7771717063087209
1973,2100,nigeria,0.2,-3.0008277893066406,-0.19999999999999973,1368977.7077238217,0.2509936844393209,-0.7771717063087209
1974,2101,nigeria,0.2,-3.0008277893066406,-0.19999999999999973,1368977.7077238217,0.2509936844393209,-0.7771717063087209
1975,2102,nigeria,0.2,-3.0008277893066406,-0.19999999999999973,1368977.7077238217,0.2509936844393209,-0.7771717063087209
1976,2103,nigeria,0.2,-3.0008277893066406,-0.19999999999999973,1368977.7077238217,0.2509936844393209,-0.7771717063087209
1977,2104,nigeria,0.2,-3.0008277893066406,-0.19999999999999973,1368977.7077238217,0.2509936844393209,-0.7771717063087209
1978,2105,nigeria,0.0,0.0,0.0,0.0,0.3082417025464986,0.0
1979,2106,nigeria,0.0,0.0,0.0,0.0,0.3082417025464986,0.0
1980,2107,nigeria,0.0,0.0,0.0,0.0,0.3082417025464986,0.0
1981,2108,nigeria,0.0,0.0,0.0,0.0,0.3082417025464986,0.0
1982,2109,nigeria,0.0,0.0,0.0,0.0,0.3082417025464986,0.0
1983,2110,nigeria,0.0,0.0,0.0,0.0,0.3082417025464986,0.0
1984,2111,nigeria,0.0,0.0,0.0,0.0,0.3082417025464986,0.0
1985,2112,nigeria,0.0,0.0,0.0,0.0,0.3082417025464986,0.0
1986,2113,nigeria,0.0,0.0,0.0,0.0,0.3082417025464986,0.0
1987,2114,nigeria,0.0,0.0,0.0,0.0,0.3082417025464986,0.0
1988,2115,nigeria,0.0,0.0,0.0,0.0,0.3082417025464986,0.0
1989,2116,nigeria,0.0,0.0,0.0,0.0,0.3082417025464986,0.0
1990,2117,nigeria,0.0,0.0,0.0,0.0,0.3082417025464986,0.0
1991,2118,nigeria,0.0,0.0,0.0,0.0,0.3082417025464986,0.0
1992,2119,nigeria,0.0,0.0,0.0,0.0,0.3082417025464986,0.0
1993,2120,nigeria,0.0,0.0,0.0,0.0,0.3082417025464986,0.0
1994,2121,nigeria,0.0,0.0,0.0,0.0,0.3082417025464986,0.0
1995,2122,nigeria,0.0,0.0,0.0,0.0,0.3082417025464986,0.0
1996,2123,nigeria,0.0,0.0,0.0,0.0,0.3082417025464986,0.0
1997,2125,nigeria,0.4,-3.5046773552894592,-0.3999999999999999,27282519.361727543,0.22954344724489933,-0.8550784466676578
1998,2126,nigeria,0.4,-3.5046773552894592,-0.3999999999999999,27282519.361727543,0.22954344724489933,-0.8550784466676578
1999,2127,nigeria,0.4,-3.5046773552894592,-0.3999999999999999,27282519.361727543,0.22954344724489933,-0.8550784466676578
2000,2128,nigeria,0.4,-3.5046773552894592,-0.3999999999999999,27282519.361727543,0.22954344724489933,-0.8550784466676578
2001,2129,nigeria,0.4,-3.5046773552894592,-0.3999999999999999,27282519.361727543,0.22954344724489933,-0.8550784466676578
2002,2130,nigeria,0.4,-3.5046773552894592,-0.3999999999999999,27282519.361727543,0.22954344724489933,-0.8550784466676578
2003,2131,nigeria,0.4,-3.5046773552894592,-0.3999999999999999,27282519.361727543,0.22954344724489933,-0.8550784466676578
2004,2132,nigeria,0.4,-3.5046773552894592,-0.3999999999999999,27282519.361727543,0.22954344724489933,-0.8550784466676578
2005,2133,nigeria,0.4,-3.5046773552894592,-0.3999999999999999,27282519.361727543,0.22954344724489933,-0.8550784466676578
2006,2134,nigeria,0.4,-3.5046773552894592,-0.3999999999999999,27282519.361727543,0.22954344724489933,-0.8550784466676578
2007,2135,nigeria,0.4,-3.5046773552894592,-0.3999999999999999,27282519.361727543,0.22954344724489933,-0.8550784466676578
2008,2136,nigeria,0.4,-3.5046773552894592,-0.3999999999999999,27282519.361727543,0.22954344724489933,-0.8550784466676578
2009,2137,nigeria,0.4,-3.5046773552894592,-0.3999999999999999,27282519.361727543,0.22954344724489933,-0.8550784466676578
2010,2138,nigeria,0.4,-3.5046773552894592,-0.3999999999999999,27282519.361727543,0.22954344724489933,-0.8550784466676578
2011,2139,nigeria,0.4,-3.5046773552894592,-0.3999999999999999,27282519.361727543,0.22954344724489933,-0.8550784466676578
2012,2140,nigeria,0.4,-3.5046773552894592,-0.3999999999999999,27282519.361727543,0.22954344724489933,-0.8550784466676578
2013,2141,nigeria,0.4,-3.5046773552894592,-0.3999999999999999,27282519.361727543,0.22954344724489933,-0.8550784466676578
2014,2142,nigeria,0.4,-3.5046773552894592,-0.3999999999999999,27282519.361727543,0.22954344724489933,-0.8550784466676578
2015,2143,nigeria,0.4,-3.5046773552894592,-0.3999999999999999,27282519.361727543,0.22954344724489933,-0.8550784466676578
2016,2144,nigeria,0.4,-3.5046773552894592,-0.3999999999999999,27282519.361727543,0.22954344724489933,-0.8550784466676578
2017,2145,nigeria,0.4,-3.5046773552894592,-0.3999999999999999,27282519.361727543,0.22954344724489933,-0.8550784466676578
2018,2146,nigeria,0.4,-3.5046773552894592,-0.3999999999999999,27282519.361727543,0.22954344724489933,-0.8550784466676578
2019,2147,nigeria,0.4,-3.5046773552894592,-0.3999999999999999,27282519.361727543,0.22954344724489933,-0.8550784466676578
2020,2148,nigeria,0.4,-3.5046773552894592,-0.3999999999999999,27282519.361727543,0.22954344724489933,-0.8550784466676578
2021,2149,nigeria,0.4,-3.5046773552894592,-0.3999999999999999,27282519.361727543,0.22954344724489933,-0.8550784466676578
2022,2150,nigeria,0.4,-3.5046773552894592,-0.3999999999999999,27282519.361727543,0.22954344724489933,-0.8550784466676578
2023,2151,nigeria,0.4,-3.5046773552894592,-0.3999999999999999,27282519.361727543,0.22954344724489933,-0.8550784466676578
2024,2152,nigeria,0.4,-3.5046773552894592,-0.3999999999999999,27282519.361727543,0.22954344724489933,-0.8550784466676578
2025,2153,nigeria,0.4,-3.5046773552894592,-0.3999999999999999,27282519.361727543,0.22954344724489933,-0.8550784466676578
2026,2154,nigeria,0.4,-3.5046773552894592,-0.3999999999999999,27282519.361727543,0.22954344724489933,-0.8550784466676578
2027,2155,nigeria,0.4,-3.5046773552894592,-0.3999999999999999,27282519.361727543,0.22954344724489933,-0.8550784466676578
2028,2156,nigeria,0.4,-3.5046773552894592,-0.3999999999999999,27282519.361727543,0.22954344724489933,-0.8550784466676578
2029,2157,nigeria,0.4,-3.5046773552894592,-0.3999999999999999,27282519.361727543,0.22954344724489933,-0.8550784466676578
2030,2158,nigeria,0.4,-3.5046773552894592,-0.3999999999999999,27282519.361727543,0.22954344724489933,-0.8550784466676578
2031,2159,nigeria,0.0,0.0,0.0,0.0,0.2709425112615579,0.0
2032,2160,nigeria,0.0,0.0,0.0,0.0,0.2709425112615579,0.0
2033,2161,nigeria,0.0,0.0,0.0,0.0,0.2709425112615579,0.0
2034,2162,nigeria,0.0,0.0,0.0,0.0,0.2709425112615579,0.0
2035,2163,nigeria,0.0,0.0,0.0,0.0,0.2709425112615579,0.0
2036,2164,nigeria,0.0,0.0,0.0,0.0,0.2709425112615579,0.0
2037,2165,nigeria,0.0,0.0,0.0,0.0,0.2709425112615579,0.0
2038,2166,nigeria,0.0,0.0,0.0,0.0,0.2709425112615579,0.0
2039,2167,nigeria,0.0,0.0,0.0,0.0,0.2709425112615579,0.0
2040,2168,nigeria,0.0,0.0,0.0,0.0,0.2709425112615579,0.0
2041,2170,nigeria,0.0,0.0,0.0,0.0,0.2709425112615579,0.0
2042,2171,nigeria,0.0,0.0,0.0,0.0,0.2709425112615579,0.0
2043,2172,nigeria,0.0,0.0,0.0,0.0,0.2709425112615579,0.0
2044,2173,nigeria,0.0,0.0,0.0,0.0,0.2709425112615579,0.0
2045,2174,nigeria,0.0,0.0,0.0,0.0,0.2709425112615579,0.0
2046,2175,nigeria,0.0,0.0,0.0,0.0,0.2709425112615579,0.0
2047,2176,nigeria,0.0,0.0,0.0,0.0,0.2709425112615579,0.0
2048,2177,nigeria,0.0,0.0,0.0,0.0,0.2709425112615579,0.0
2049,2178,nigeria,0.0,0.0,0.0,0.0,0.2709425112615579,0.0
2050,2179,nigeria,0.2,-5.400215148925781,-0.19999999999999973,5866835.553130646,0.24510772990462085,-0.05356311984324513
2051,2180,nigeria,0.2,-5.400215148925781,-0.19999999999999973,5866835.553130646,0.24510772990462085,-0.05356311984324513
2052,2181,nigeria,0.2,-5.400215148925781,-0.19999999999999973,5866835.553130646,0.24510772990462085,-0.05356311984324513
2053,2182,nigeria,0.2,-5.400215148925781,-0.19999999999999973,5866835.553130646,0.24510772990462085,-0.05356311984324513
2054,2183,nigeria,0.2,-5.400215148925781,-0.19999999999999973,5866835.553130646,0.24510772990462085,-0.05356311984324513
2055,2184,nigeria,0.2,-5.400215148925781,-0.19999999999999973,5866835.553130646,0.24510772990462085,-0.05356311984324513
2056,2185,nigeria,0.2,-5.400215148925781,-0.19999999999999973,5866835.553130646,0.24510772990462085,-0.05356311984324513
2057,2186,nigeria,0.2,-5.400215148925781,-0.19999999999999973,5866835.553130646,0.24510772990462085,-0.05356311984324513
2058,2187,nigeria,0.2,-5.400215148925781,-0.19999999999999973,5866835.553130646,0.24510772990462085,-0.05356311984324513
2059,2188,nigeria,0.2,-5.400215148925781,-0.19999999999999973,5866835.553130646,0.24510772990462085,-0.05356311984324513
2060,2189,nigeria,0.2,-5.400215148925781,-0.19999999999999973,5866835.553130646,0.24510772990462085,-0.05356311984324513
2061,2190,nigeria,0.2,-5.400215148925781,-0.19999999999999973,5866835.553130646,0.24510772990462085,-0.05356311984324513
2062,2191,nigeria,0.2,-5.400215148925781,-0.19999999999999973,5866835.553130646,0.24510772990462085,-0.05356311984324513
2063,2192,nigeria,0.2,-5.400215148925781,-0.19999999999999973,5866835.553130646,0.24510772990462085,-0.05356311984324513
2064,2193,nigeria,0.2,-5.400215148925781,-0.19999999999999973,5866835.553130646,0.24510772990462085,-0.05356311984324513
2065,2194,nigeria,0.2,-5.400215148925781,-0.19999999999999973,5866835.553130646,0.24510772990462085,-0.05356311984324513
2066,2195,nigeria,0.2,-5.400215148925781,-0.19999999999999973,5866835.553130646,0.24510772990462085,-0.05356311984324513
2067,2196,nigeria,0.2,-5.400215148925781,-0.19999999999999973,5866835.553130646,0.24510772990462085,-0.05356311984324513
2068,2197,nigeria,0.2,-5.400215148925781,-0.19999999999999973,5866835.553130646,0.24510772990462085,-0.05356311984324513
2069,2198,nigeria,0.2,-5.400215148925781,-0.19999999999999973,5866835.553130646,0.24510772990462085,-0.05356311984324513
2070,2199,nigeria,0.2,-5.400215148925781,-0.19999999999999973,5866835.553130646,0.24510772990462085,-0.05356311984324513
2071,2200,nigeria,0.2,-5.400215148925781,-0.19999999999999973,5866835.553130646,0.24510772990462085,-0.05356311984324513
2072,2201,nigeria,0.2,-5.400215148925781,-0.19999999999999973,5866835.553130646,0.24510772990462085,-0.05356311984324513
2073,2202,nigeria,0.2,-5.400215148925781,-0.19999999999999973,5866835.553130646,0.24510772990462085,-0.05356311984324513
2074,2203,nigeria,0.2,-5.400215148925781,-0.19999999999999973,5866835.553130646,0.24510772990462085,-0.05356311984324513
2075,2204,nigeria,0.2,-5.400215148925781,-0.19999999999999973,5866835.553130646,0.24510772990462085,-0.05356311984324513
2076,2205,nigeria,0.2,-5.400215148925781,-0.19999999999999973,5866835.553130646,0.24510772990462085,-0.05356311984324513
2077,2206,nigeria,0.2,-5.400215148925781,-0.19999999999999973,5866835.553130646,0.24510772990462085,-0.05356311984324513
2078,2207,nigeria,0.2,-5.400215148925781,-0.19999999999999973,5866835.553130646,0.24510772990462085,-0.05356311984324513
2079,2208,nigeria,0.2,-5.400215148925781,-0.19999999999999973,5866835.553130646,0.24510772990462085,-0.05356311984324513
2080,2209,nigeria,0.2,-5.400215148925781,-0.19999999999999973,5866835.553130646,0.24510772990462085,-0.05356311984324513
2081,2210,nigeria,0.2,-5.400215148925781,-0.19999999999999973,5866835.553130646,0.24510772990462085,-0.05356311984324513
2082,2211,nigeria,0.2,-5.400215148925781,-0.19999999999999973,5866835.553130646,0.24510772990462085,-0.05356311984324513
2083,2212,nigeria,0.2,-5.400215148925781,-0.19999999999999973,5866835.553130646,0.24510772990462085,-0.05356311984324513
2084,2213,nigeria,0.0,0.0,0.0,0.0,0.20445006061153456,0.0
2085,2214,nigeria,0.0,0.0,0.0,0.0,0.20445006061153456,0.0
2086,2215,nigeria,0.0,0.0,0.0,0.0,0.20445006061153456,0.0
2087,2216,nigeria,0.0,0.0,0.0,0.0,0.20445006061153456,0.0
2088,2217,nigeria,0.0,0.0,0.0,0.0,0.20445006061153456,0.0
2089,2218,nigeria,0.0,0.0,0.0,0.0,0.20445006061153456,0.0
2090,2219,nigeria,0.0,0.0,0.0,0.0,0.20445006061153456,0.0
2091,2220,nigeria,0.0,0.0,0.0,0.0,0.20445006061153456,0.0
2092,2221,nigeria,0.0,0.0,0.0,0.0,0.20445006061153456,0.0
2093,2222,nigeria,0.0,0.0,0.0,0.0,0.20445006061153456,0.0
2094,2223,nigeria,0.0,0.0,0.0,0.0,0.20445006061153456,0.0
2095,2224,nigeria,0.0,0.0,0.0,0.0,0.20445006061153456,0.0
2096,2225,nigeria,0.0,0.0,0.0,0.0,0.20445006061153456,0.0
2097,2226,nigeria,0.0,0.0,0.0,0.0,0.20445006061153456,0.0
2098,2227,nigeria,0.0,0.0,0.0,0.0,0.20445006061153456,0.0
2099,2228,nigeria,0.0,0.0,0.0,0.0,0.20445006061153456,0.0
2100,2229,nigeria,0.0,0.0,0.0,0.0,0.20445006061153456,0.0
2101,2230,nigeria,0.0,0.0,0.0,0.0,0.20445006061153456,0.0
2102,2231,nigeria,0.0,0.0,0.0,0.0,0.20445006061153456,0.0
2103,2232,nigeria,0.0,0.0,0.0,0.0,0.20445006061153456,0.0
2104,2233,nigeria,0.0,0.0,0.0,0.0,0.20445006061153456,0.0
2105,2234,nigeria,0.0,0.0,0.0,0.0,0.20445006061153456,0.0
2106,2235,nigeria,0.0,0.0,0.0,0.0,0.20445006061153456,0.0
2107,2236,nigeria,0.0,0.0,0.0,0.0,0.20445006061153456,0.0
2108,2237,nigeria,0.0,0.0,0.0,0.0,0.20445006061153456,0.0
2109,2238,nigeria,0.0,0.0,0.0,0.0,0.20445006061153456,0.0
2110,2239,nigeria,0.0,0.0,0.0,0.0,0.20445006061153456,0.0
2111,2240,nigeria,0.0,0.0,0.0,0.0,0.20445006061153456,0.0
2112,2241,nigeria,0.0,0.0,0.0,0.0,0.20445006061153456,0.0
2113,2242,nigeria,0.0,0.0,0.0,0.0,0.20445006061153456,0.0
2114,2243,nigeria,0.0,0.0,0.0,0.0,0.20445006061153456,0.0
2115,2244,nigeria,0.0,0.0,0.0,0.0,0.20445006061153456,0.0
2116,2245,nigeria,0.0,0.0,0.0,0.0,0.20445006061153456,0.0
2117,2246,nigeria,0.0,0.0,0.0,0.0,0.20445006061153456,0.0
