house,district,census_tract,country,hh_size,migrant_num,wealth_index,remit,lat,long
1,kampala,busabala road d,senegal,2,1,3.0017660760606,0,0.276867,32.57624
2,kampala,busabala road d,senegal,1,0,3.20415828498991,NA,0.276867,32.57624
3,kampala,busabala road d,senegal,3,2,3.26792957093286,1,0.276867,32.57624
4,kampala,busabala road d,senegal,3,1,3.88018108866505,1,0.276867,32.57624
5,kampala,busabala road d,senegal,1,1,2.69778851089632,1,0.276867,32.57624
6,kampala,busabala road d,senegal,1,1,3.16124191293422,0,0.276867,32.57624
7,kampala,busabala road d,senegal,2,0,2.81788960437273,NA,0.276867,32.57624
8,kampala,busabala road d,senegal,3,0,2.83542527997348,NA,0.276867,32.57624
9,kampala,busabala road d,senegal,2,1,4.19169226427388,0,0.276867,32.57624
10,kampala,busabala road d,senegal,2,1,3.16124191293422,0,0.276867,32.57624
11,kampala,ssebalijja zone b,senegal,3,2,3.58418352577131,0,0.31136,32.56829
12,kampala,ssebalijja zone b,senegal,4,0,3.13263099823042,NA,0.31136,32.56829
13,kampala,ssebalijja zone b,senegal,2,1,2.61195576678493,0,0.31136,32.56829
14,kampala,ssebalijja zone b,senegal,2,1,3.6137952034208,0,0.31136,32.56829
15,kampala,ssebalijja zone b,senegal,5,0,3.43397622357638,NA,0.31136,32.56829
17,kampala,ssebalijja zone b,senegal,3,4,3.83726471660935,0,0.31136,32.56829
18,kampala,ssebalijja zone b,senegal,4,2,3.57989188856574,0,0.31136,32.56829
19,kampala,ssebalijja zone b,senegal,4,1,3.07540916882282,0,0.31136,32.56829
20,kampala,ssebalijja zone b,senegal,2,5,2.89528581047947,1,0.31136,32.56829
21,kampala,kizungu zone a,senegal,5,0,1.24740402622381,1,0.27584,32.59018
22,kampala,kizungu zone a,senegal,2,1,3.90879200336884,0,0.27584,32.59018
23,kampala,kizungu zone a,senegal,15,1,2.71465616607694,1,0.27584,32.59018
24,kampala,kizungu zone a,senegal,4,1,2.43438713483976,0,0.27584,32.59018
25,kampala,kizungu zone a,senegal,5,0,3.57703079709536,NA,0.27584,32.59018
26,kampala,kizungu zone a,senegal,6,2,-0.728916391615514,0,0.27584,32.59018
27,kampala,kizungu zone a,senegal,5,0,3.58724898091815,NA,0.27584,32.59018
28,kampala,kizungu zone a,senegal,3,0,3.11832554087852,NA,0.27584,32.59018
29,kampala,kizungu zone a,senegal,5,2,3.57703079709536,0,0.27584,32.59018
30,kampala,kizungu zone a,senegal,5,1,3.53685011221948,0,0.27584,32.59018
31,manafwa,kaboole/butinga,senegal,4,1,-0.163884677753636,1,0.88334,34.42642
32,manafwa,kaboole/butinga,senegal,3,0,-1.06362067748632,NA,0.88334,34.42642
33,manafwa,kaboole/butinga,senegal,3,0,-1.96212708493153,1,0.88334,34.42642
34,manafwa,kaboole/butinga,senegal,3,1,-1.00753680992402,0,0.88334,34.42642
35,manafwa,kaboole/butinga,senegal,5,1,-1.81111230227455,0,0.88334,34.42642
36,manafwa,kaboole/butinga,senegal,6,0,-1.48643914982937,NA,0.88334,34.42642
37,manafwa,kaboole/butinga,senegal,5,0,-0.94051950478684,NA,0.88334,34.42642
38,manafwa,kaboole/butinga,senegal,6,0,-2.5372884586048,NA,0.88334,34.42642
39,manafwa,kaboole/butinga,senegal,2,1,-1.11770614481294,1,0.88334,34.42642
40,manafwa,kaboole/butinga,senegal,10,0,-2.62585688989601,1,0.88334,34.42642
41,kamuli,bugaga/bunangwe,senegal,6,0,-1.3088705178842,NA,0.96222,33.25307
42,kamuli,bugaga/bunangwe,senegal,8,0,-0.107189452111504,NA,0.96222,33.25307
43,kamuli,bugaga/bunangwe,senegal,6,0,-2.5372884586048,NA,0.96222,33.25307
44,kamuli,bugaga/bunangwe,senegal,9,6,-1.98521684783201,0,0.96222,33.25307
45,kamuli,bugaga/bunangwe,senegal,2,8,-1.71097410081126,0,0.96222,33.25307
46,kamuli,bugaga/bunangwe,senegal,8,3,-0.389320905068341,1,0.96222,33.25307
47,kamuli,bugaga/bunangwe,senegal,8,0,-0.145116187040045,1,0.96222,33.25307
48,kamuli,bugaga/bunangwe,senegal,8,0,-2.56295629371127,NA,0.96222,33.25307
49,kamuli,bugaga/bunangwe,senegal,5,1,-1.35383344746973,0,0.96222,33.25307
50,kamuli,bugaga/bunangwe,senegal,5,0,-0.989403834649006,NA,0.96222,33.25307
51,nebbi,paila west/central,senegal,12,1,-2.21962531726571,0,2.46547,31.31556
52,nebbi,paila west/central,senegal,6,1,-1.60703477437482,1,2.46547,31.31556
53,nebbi,paila west/central,senegal,5,1,-0.643083647504122,1,2.46547,31.31556
54,nebbi,paila west/central,senegal,10,1,-1.36229767887037,0,2.46547,31.31556
55,nebbi,paila west/central,senegal,13,1,-1.19044158693564,0,2.46547,31.31556
56,nebbi,paila west/central,senegal,8,1,-2.51141323108082,0,2.46547,31.31556
57,nebbi,paila west/central,senegal,6,1,-1.0831506567964,0,2.46547,31.31556
58,nebbi,paila west/central,senegal,7,0,-2.64016234724791,NA,2.46547,31.31556
59,nebbi,paila west/central,senegal,3,0,-2.46849685902512,NA,2.46547,31.31556
60,nebbi,paila west/central,senegal,2,0,-1.73939173303141,NA,2.46547,31.31556
61,kaliro,bubbumbi,senegal,2,3,-2.42558048696943,0,0.97722,33.49732
62,kaliro,bubbumbi,senegal,6,6,-2.04795982904293,1,0.97722,33.49732
63,kaliro,bubbumbi,senegal,10,3,-0.728916391615514,0,0.97722,33.49732
64,kaliro,bubbumbi,senegal,8,0,-2.6830787193036,NA,0.97722,33.49732
65,kaliro,bubbumbi,senegal,7,0,-0.853808921590043,NA,0.97722,33.49732
66,kaliro,bubbumbi,senegal,5,0,-0.37438549658949,NA,0.97722,33.49732
67,kaliro,bubbumbi,senegal,5,0,-1.16331953153461,NA,0.97722,33.49732
68,kaliro,bubbumbi,senegal,12,5,-0.76324948926007,0,0.97722,33.49732
69,kaliro,bubbumbi,senegal,5,0,-2.48280231637702,NA,0.97722,33.49732
70,kaliro,bubbumbi,senegal,5,0,-1.6934289340169,NA,0.97722,33.49732
71,masaka,lwayebele,senegal,4,3,-0.625917098681844,0,0.7724068404,32.26219094
72,masaka,lwayebele,senegal,8,2,-0.728916391615514,0,0.7724068404,32.26219094
73,masaka,lwayebele,senegal,5,6,-1.67975342779196,0,0.7724068404,32.26219094
74,masaka,lwayebele,senegal,6,0,-2.05169531894132,NA,0.7724068404,32.26219094
75,masaka,lwayebele,senegal,5,0,-0.324946346984798,NA,0.7724068404,32.26219094
76,masaka,lwayebele,senegal,5,0,-0.66454183353197,NA,0.7724068404,32.26219094
77,masaka,lwayebele,senegal,4,1,-2.45419140167322,0,0.7724068404,32.26219094
78,masaka,lwayebele,senegal,4,0,-2.22851297017578,NA,0.7724068404,32.26219094
79,masaka,lwayebele,senegal,9,0,-0.839606811599636,NA,0.7724068404,32.26219094
80,masaka,lwayebele,senegal,1,0,-1.24610746631748,NA,0.7724068404,32.26219094
81,masaka,maida,senegal,2,2,-0.678407943468866,0,-0.3857,31.3233
82,masaka,maida,senegal,6,0,3.01495712116638,NA,-0.3857,31.3233
83,masaka,maida,senegal,5,0,2.81791093648865,NA,-0.3857,31.3233
84,masaka,maida,senegal,3,0,0.526385117627002,NA,-0.3857,31.3233
85,masaka,maida,senegal,6,2,1.29066819294205,1,-0.3857,31.3233
86,masaka,maida,senegal,7,0,0.454857830867509,NA,-0.3857,31.3233
87,masaka,maida,senegal,3,2,-0.381728828977389,1,-0.3857,31.3233
88,masaka,maida,senegal,6,3,1.77719128752461,1,-0.3857,31.3233
89,masaka,maida,senegal,6,4,1.97746769045119,0,-0.3857,31.3233
90,masaka,maida,senegal,10,3,1.17908562559725,1,-0.3857,31.3233
91,kampala,zone iv c,senegal,1,1,4.16308134957009,1,0.3231601739,32.55801405
92,kampala,zone iv c,senegal,1,1,1.90185936224908,0,0.3231601739,32.55801405
93,kampala,zone iv c,senegal,4,1,2.79250890791778,0,0.3231601739,32.55801405
94,kampala,zone iv c,senegal,2,0,3.56272533974346,NA,0.3231601739,32.55801405
95,kampala,zone iv c,senegal,2,1,3.07540916882282,0,0.3231601739,32.55801405
96,kampala,zone iv c,senegal,4,1,2.82953917230713,0,0.3231601739,32.55801405
97,kampala,zone iv c,senegal,1,0,3.16124191293422,NA,0.3231601739,32.55801405
98,kampala,zone iv c,senegal,1,1,2.69778851089632,0,0.3231601739,32.55801405
99,kampala,zone iv c,senegal,2,0,3.07540916882282,NA,0.3231601739,32.55801405
100,kampala,zone iv c,senegal,3,1,2.83542527997348,0,0.3231601739,32.55801405
101,kanungu,market lc1,senegal,2,0,1.25529829647151,NA,1.18778,30.78382
102,kanungu,market lc1,senegal,2,0,0.245514351419237,NA,1.18778,30.78382
103,kanungu,market lc1,senegal,4,0,0.952825291331586,NA,1.18778,30.78382
105,kanungu,market lc1,senegal,6,0,0.282128240185836,NA,1.18778,30.78382
106,kanungu,market lc1,senegal,1,0,3.55105222220989,NA,1.18778,30.78382
107,kanungu,market lc1,senegal,3,0,3.50813585015419,NA,1.18778,30.78382
108,kanungu,market lc1,senegal,1,0,1.21032352366576,NA,1.18778,30.78382
109,kanungu,market lc1,senegal,6,1,-0.148325073172977,0,1.18778,30.78382
110,kanungu,market lc1,senegal,3,0,0.237922275328285,NA,1.18778,30.78382
111,ntungamo,cell 5,senegal,1,0,3.16124191293422,NA,0.33094,31.08708
112,ntungamo,cell 5,senegal,1,0,3.16124191293422,NA,0.33094,31.08708
113,ntungamo,cell 5,senegal,4,0,3.23954104660105,NA,0.33094,31.08708
114,ntungamo,cell 5,senegal,1,0,3.16124191293422,NA,0.33094,31.08708
115,ntungamo,cell 5,senegal,1,0,3.20415828498991,NA,0.33094,31.08708
116,ntungamo,cell 5,senegal,4,0,3.90558311723591,NA,0.33094,31.08708
117,ntungamo,cell 5,senegal,3,1,1.89065507599021,0,0.33094,31.08708
118,ntungamo,cell 5,senegal,5,1,0.152089531216893,1,0.33094,31.08708
119,ntungamo,cell 5,senegal,5,0,1.60191358913391,NA,0.33094,31.08708
120,ntungamo,cell 5,senegal,9,1,0.297879791915692,1,0.33094,31.08708
121,ibanda,jubilee street,senegal,3,0,-0.00206161352105888,NA,-0.1321,30.4953
122,ibanda,jubilee street,senegal,4,0,3.07540916882282,NA,-0.1321,30.4953
124,ibanda,jubilee street,senegal,4,0,0.815231287179235,NA,-0.1321,30.4953
125,ibanda,jubilee street,senegal,4,0,3.53411442503967,NA,-0.1321,30.4953
126,ibanda,jubilee street,senegal,1,0,0.908656107381578,NA,-0.1321,30.4953
127,ibanda,jubilee street,senegal,6,1,-0.233387988486113,0,-0.1321,30.4953
128,ibanda,jubilee street,senegal,3,0,1.93132110014665,NA,-0.1321,30.4953
129,ibanda,jubilee street,senegal,6,0,3.09648647308206,NA,-0.1321,30.4953
130,ibanda,jubilee street,senegal,5,0,0.520082634337905,NA,-0.1321,30.4953
131,iganga,kasokoso central,senegal,6,0,-0.820015087275446,NA,0.41667,33.01667
132,iganga,kasokoso central,senegal,3,0,0.721202286521396,NA,0.41667,33.01667
134,iganga,kasokoso central,senegal,1,0,-0.00614265496368405,NA,0.41667,33.01667
135,iganga,kasokoso central,senegal,12,0,3.51980896768777,NA,0.41667,33.01667
136,iganga,kasokoso central,senegal,6,1,0.438302025616357,0,0.41667,33.01667
138,iganga,kasokoso central,senegal,5,0,0.254963419859996,NA,0.41667,33.01667
139,iganga,kasokoso central,senegal,6,0,0.204011211819432,NA,0.41667,33.01667
140,iganga,kasokoso central,senegal,1,0,1.53942884052174,NA,0.41667,33.01667
143,jinja,masese,senegal,4,2,2.90374368060004,0,0.447,33.22827
144,jinja,masese,senegal,7,0,-1.08716978046789,NA,0.447,33.22827
145,jinja,masese,senegal,4,0,-0.182318124808776,NA,0.447,33.22827
146,jinja,masese,senegal,4,1,1.46383153838123,1,0.447,33.22827
147,jinja,masese,senegal,4,0,-0.829671548133718,NA,0.447,33.22827
148,jinja,masese,senegal,3,0,0.109173159161197,NA,0.447,33.22827
149,jinja,masese,senegal,6,0,0.13380637978386,NA,0.447,33.22827
150,jinja,masese,senegal,10,1,0.0924286444746228,1,0.447,33.22827
151,kampala,barracks zone c,senegal,2,0,3.14776372917691,NA,0.273034,32.61746
152,kampala,barracks zone c,senegal,3,4,3.60564171179916,0,0.273034,32.61746
153,kampala,barracks zone c,senegal,3,4,2.52612302267354,0,0.273034,32.61746
154,kampala,barracks zone c,senegal,2,0,2.42805574549788,NA,0.273034,32.61746
155,kampala,barracks zone c,senegal,2,0,4.16308134957009,NA,0.273034,32.61746
156,kampala,barracks zone c,senegal,6,3,3.51980896768777,1,0.273034,32.61746
157,kampala,barracks zone c,senegal,4,2,3.00531704954506,0,0.273034,32.61746
158,kampala,barracks zone c,senegal,5,0,2.13756340850189,NA,0.273034,32.61746
159,kampala,barracks zone c,senegal,5,0,2.74241683539388,NA,0.273034,32.61746
160,kampala,barracks zone c,senegal,12,9,3.57989188856574,1,0.273034,32.61746
161,manafwa,bufumbula,senegal,2,0,-2.51141323108082,NA,0.83942,34.2169
162,manafwa,bufumbula,senegal,3,1,-2.46849685902512,0,0.83942,34.2169
163,manafwa,bufumbula,senegal,3,0,-1.35769003366229,NA,0.83942,34.2169
164,manafwa,bufumbula,senegal,4,1,-1.09336955403542,1,0.83942,34.2169
165,manafwa,bufumbula,senegal,5,0,-1.16375887894961,NA,0.83942,34.2169
166,manafwa,bufumbula,senegal,5,0,-0.700305476911717,NA,0.83942,34.2169
167,manafwa,bufumbula,senegal,7,1,0.297042903938854,1,0.83942,34.2169
168,manafwa,bufumbula,senegal,8,1,-1.40060640571798,1,0.83942,34.2169
169,manafwa,bufumbula,senegal,6,1,1.26491836970864,1,0.83942,34.2169
170,manafwa,bufumbula,senegal,12,1,-0.814749135726905,1,0.83942,34.2169
171,kamuli,bubaale b,senegal,3,3,0.273303926788964,0,0.70551,33.21661
172,kamuli,bubaale b,senegal,3,2,-0.385288785324811,0,0.70551,33.21661
173,kamuli,bubaale b,senegal,4,0,-0.960242766580568,NA,0.70551,33.21661
174,kamuli,bubaale b,senegal,6,2,-1.2782025377648,0,0.70551,33.21661
175,kamuli,bubaale b,senegal,7,2,-0.0453599774958222,0,0.70551,33.21661
176,kamuli,bubaale b,senegal,11,1,-1.02933099600538,0,0.70551,33.21661
177,kamuli,bubaale b,senegal,7,1,0.116794141304932,1,0.70551,33.21661
178,kamuli,bubaale b,senegal,5,0,-0.444726537908619,NA,0.70551,33.21661
179,kamuli,bubaale b,senegal,12,4,-1.2782025377648,1,0.70551,33.21661
180,kamuli,bubaale b,senegal,9,0,-0.202720008366707,NA,0.70551,33.21661
181,bushenyi,nyakashojwa,senegal,9,0,-1.48643914982937,NA,-0.45022,30.15452
183,bushenyi,nyakashojwa,senegal,8,0,-0.821462516987852,NA,-0.45022,30.15452
184,bushenyi,nyakashojwa,senegal,7,0,-2.29322352831283,NA,-0.45022,30.15452
185,bushenyi,nyakashojwa,senegal,3,1,-1.29043707082906,0,-0.45022,30.15452
186,bushenyi,nyakashojwa,senegal,9,1,-1.48643914982937,0,-0.45022,30.15452
187,bushenyi,nyakashojwa,senegal,9,2,-1.48643914982937,1,-0.45022,30.15452
188,bushenyi,nyakashojwa,senegal,4,1,-2.04795982904293,1,-0.45022,30.15452
189,bushenyi,nyakashojwa,senegal,6,1,-0.0739708921996193,1,-0.45022,30.15452
190,bushenyi,nyakashojwa,senegal,5,0,1.86264203971694,NA,-0.45022,30.15452
192,kamuli,buluuta,senegal,2,0,-1.71097410081126,NA,0.76194,33.36393
193,kamuli,buluuta,senegal,5,1,-1.31189525685691,0,0.76194,33.36393
194,kamuli,buluuta,senegal,8,1,-1.89694504638594,0,0.76194,33.36393
195,kamuli,buluuta,senegal,5,0,-1.63376804727463,NA,0.76194,33.36393
196,kamuli,buluuta,senegal,6,0,0.127450746282611,NA,0.76194,33.36393
197,kamuli,buluuta,senegal,6,0,-1.33335344288476,NA,0.76194,33.36393
199,kamuli,buluuta,senegal,11,1,-1.440644373024,1,0.76194,33.36393
200,kamuli,buluuta,senegal,12,1,-1.87405631462291,0,0.76194,33.36393
201,kabarole,muhangi,senegal,4,0,-1.96212708493153,NA,0.63333,30.48333
202,kabarole,muhangi,senegal,4,3,-1.34338457631039,1,0.63333,30.48333
203,kabarole,muhangi,senegal,9,0,-2.13379257315432,NA,0.63333,30.48333
204,kabarole,muhangi,senegal,5,0,-2.44703867299727,NA,0.63333,30.48333
205,kabarole,muhangi,senegal,3,0,-2.46849685902512,NA,0.63333,30.48333
206,kabarole,muhangi,senegal,7,1,-0.657389104856021,1,0.63333,30.48333
207,kabarole,muhangi,senegal,7,0,-1.37914821969013,NA,0.63333,30.48333
208,kabarole,muhangi,senegal,4,0,-1.94496053610926,NA,0.63333,30.48333
209,kabarole,muhangi,senegal,9,4,-1.35769003366229,0,0.63333,30.48333
210,kabarole,muhangi,senegal,1,0,-1.91921071287584,NA,0.63333,30.48333
211,kasese,mughete,senegal,6,7,-1.63969814720664,1,0.09829,29.94447
212,kasese,mughete,senegal,3,0,-2.0516519027777,NA,0.09829,29.94447
213,kasese,mughete,senegal,9,3,-1.35910326611818,1,0.09829,29.94447
214,kasese,mughete,senegal,6,0,-0.346404533012646,NA,0.09829,29.94447
215,kasese,mughete,senegal,3,0,-0.745483376966995,NA,0.09829,29.94447
216,kasese,mughete,senegal,1,0,-1.57961522632867,NA,0.09829,29.94447
217,kasese,mughete,senegal,1,0,-0.893619754874298,NA,0.09829,29.94447
218,kasese,mughete,senegal,1,0,-1.29671496542363,NA,0.09829,29.94447
219,kasese,mughete,senegal,3,0,-0.864712210325364,NA,0.09829,29.94447
220,kasese,mughete,senegal,5,5,-1.64398978441221,1,0.09829,29.94447
221,kamuli,mukasa/dening,senegal,3,0,2.90777984032757,1,0.93199,34.29049
222,kamuli,mukasa/dening,senegal,5,2,1.24740402622381,0,0.93199,34.29049
224,kamuli,mukasa/dening,senegal,7,0,1.24346018368079,NA,0.93199,34.29049
225,kamuli,mukasa/dening,senegal,10,1,1.82010765958031,1,0.93199,34.29049
226,kamuli,mukasa/dening,senegal,5,0,2.39147076278407,NA,0.93199,34.29049
227,kamuli,mukasa/dening,senegal,12,3,1.82869093399145,1,0.93199,34.29049
228,kamuli,mukasa/dening,senegal,5,0,0.219639123895252,NA,0.93199,34.29049
229,kamuli,mukasa/dening,senegal,6,3,0.397636001459915,0,0.93199,34.29049
230,kamuli,mukasa/dening,senegal,5,1,0.780147860062782,1,0.93199,34.29049
231,jinja,nizam,senegal,5,0,3.246693775277,NA,0.43322,33.2096
232,jinja,nizam,senegal,5,1,2.82111982262158,1,0.43322,33.2096
233,jinja,nizam,senegal,1,0,3.8456256006485,NA,0.43322,33.2096
234,jinja,nizam,senegal,3,0,3.70851560044226,NA,0.43322,33.2096
235,jinja,nizam,senegal,7,1,1.98298884225451,1,0.43322,33.2096
236,jinja,nizam,senegal,12,1,3.37381131457146,1,0.43322,33.2096
237,jinja,nizam,senegal,3,1,1.91353247978265,0,0.43322,33.2096
238,jinja,nizam,senegal,5,0,2.43213678694051,NA,0.43322,33.2096
239,jinja,nizam,senegal,6,6,2.93352966356099,1,0.43322,33.2096
240,jinja,nizam,senegal,3,0,2.18884066459674,NA,0.43322,33.2096
241,masaka,falkland,senegal,1,3,3.30226266857742,0,-0.34216,31.74136
242,masaka,falkland,senegal,2,0,4.16308134957009,NA,-0.34216,31.74136
243,masaka,falkland,senegal,4,0,2.90374368060004,NA,-0.34216,31.74136
244,masaka,falkland,senegal,1,0,2.45780462204698,NA,-0.34216,31.74136
245,masaka,falkland,senegal,3,8,2.77903072416048,1,-0.34216,31.74136
246,masaka,falkland,senegal,5,0,0.584092286315155,NA,-0.34216,31.74136
247,masaka,falkland,senegal,5,0,1.55852838580351,NA,-0.34216,31.74136
248,masaka,falkland,senegal,5,2,2.53501067558361,0,-0.34216,31.74136
249,masaka,falkland,senegal,6,0,2.73207819237726,NA,-0.34216,31.74136
250,rukungiri,rusheshe,senegal,3,5,-0.338725200571235,0,-0.71873,29.9849
251,rukungiri,rusheshe,senegal,5,1,0.347680550028698,1,-0.71873,29.9849
252,rukungiri,rusheshe,senegal,2,0,-1.33316016040111,NA,-0.71873,29.9849
253,rukungiri,rusheshe,senegal,6,0,-1.40060640571798,NA,-0.71873,29.9849
254,rukungiri,rusheshe,senegal,5,0,-0.700305476911717,NA,-0.71873,29.9849
255,rukungiri,rusheshe,senegal,2,1,-1.26182615612527,1,-0.71873,29.9849
256,rukungiri,rusheshe,senegal,3,1,-0.686000019559818,1,-0.71873,29.9849
257,rukungiri,rusheshe,senegal,3,0,-2.00504345698723,NA,-0.71873,29.9849
258,rukungiri,rusheshe,senegal,3,0,-1.48643914982937,NA,-0.71873,29.9849
259,rukungiri,rusheshe,senegal,2,1,-1.96212708493153,1,-0.71873,29.9849
260,ntungamo,kahenje,senegal,8,1,-1.43349164434805,1,-0.83127,30.05351
261,ntungamo,kahenje,senegal,9,1,0.534365119897547,0,-0.83127,30.05351
262,ntungamo,kahenje,senegal,3,1,-0.643083647504122,1,-0.83127,30.05351
263,ntungamo,kahenje,senegal,2,0,-1.96212708493153,NA,-0.83127,30.05351
264,ntungamo,kahenje,senegal,4,0,-1.43593070168273,NA,-0.83127,30.05351
265,ntungamo,kahenje,senegal,9,1,-1.48643914982937,0,-0.83127,30.05351
266,ntungamo,kahenje,senegal,5,1,-1.37199549101419,1,-0.83127,30.05351
267,ntungamo,kahenje,senegal,4,0,-1.70836434249575,NA,-0.83127,30.05351
268,ntungamo,kahenje,senegal,12,0,-1.57227189394077,NA,-0.83127,30.05351
269,ntungamo,kahenje,senegal,3,0,-1.62253159838436,NA,-0.83127,30.05351
270,ntungamo,rutoma/rurama,senegal,6,0,-2.59724597519221,NA,-0.47,30.59611
271,ntungamo,rutoma/rurama,senegal,5,0,-2.09087620109862,NA,-0.47,30.59611
272,ntungamo,rutoma/rurama,senegal,7,0,-2.54002414578461,NA,-0.47,30.59611
273,ntungamo,rutoma/rurama,senegal,6,1,-0.399811074759534,1,-0.47,30.59611
274,ntungamo,rutoma/rurama,senegal,3,0,-1.96212708493153,NA,-0.47,30.59611
275,ntungamo,rutoma/rurama,senegal,1,0,-1.2718572895509,NA,-0.47,30.59611
276,ntungamo,rutoma/rurama,senegal,7,0,-2.07657074374672,NA,-0.47,30.59611
277,ntungamo,rutoma/rurama,senegal,5,0,-1.37199549101419,NA,-0.47,30.59611
279,ntungamo,rutoma/rurama,senegal,6,0,-1.31477366160659,NA,-0.47,30.59611
280,bushenyi,buraro ii,senegal,4,1,-1.34971596565227,0,-0.73043,30.18502
281,bushenyi,buraro ii,senegal,3,0,-0.162745380573887,NA,-0.73043,30.18502
282,bushenyi,buraro ii,senegal,5,2,-0.0592834429286533,1,-0.73043,30.18502
283,bushenyi,buraro ii,senegal,5,0,-0.00206161352105888,NA,-0.73043,30.18502
284,bushenyi,buraro ii,senegal,2,0,-1.93351617022774,NA,-0.73043,30.18502
285,bushenyi,buraro ii,senegal,8,0,-0.702362542327325,NA,-0.73043,30.18502
286,bushenyi,buraro ii,senegal,4,1,-1.34338457631039,1,-0.73043,30.18502
287,bushenyi,buraro ii,senegal,7,0,-0.738126185707072,NA,-0.73043,30.18502
288,bushenyi,buraro ii,senegal,2,0,-2.04795982904293,NA,-0.73043,30.18502
289,bushenyi,buraro ii,senegal,6,0,-0.794908667699663,NA,-0.73043,30.18502
290,masaka,binyonyi b,senegal,5,0,-0.70428317099285,NA,-0.31549,31.7601
291,masaka,binyonyi b,senegal,6,0,3.39105985152068,NA,-0.31549,31.7601
292,masaka,binyonyi b,senegal,2,0,2.95069621238327,NA,-0.31549,31.7601
293,masaka,binyonyi b,senegal,3,0,2.58234408913544,NA,-0.31549,31.7601
294,masaka,binyonyi b,senegal,5,1,-0.182614754653912,1,-0.31549,31.7601
295,masaka,binyonyi b,senegal,3,0,-0.0721487899198576,NA,-0.31549,31.7601
296,masaka,binyonyi b,senegal,6,4,-0.507215654199203,0,-0.31549,31.7601
297,masaka,binyonyi b,senegal,3,1,1.50686155973735,0,-0.31549,31.7601
298,masaka,binyonyi b,senegal,4,0,0.311803257348523,NA,-0.31549,31.7601
299,masaka,binyonyi b,senegal,4,0,-0.620804122142204,NA,-0.31549,31.7601
301,lira,obutowelo a/b,senegal,11,0,1.71996945811702,NA,2.229544,32.88052
302,lira,obutowelo a/b,senegal,2,4,-1.58115954685084,0,2.229544,32.88052
303,lira,obutowelo a/b,senegal,7,0,0.773244200745178,1,2.229544,32.88052
304,lira,obutowelo a/b,senegal,5,0,-1.09307292419028,NA,2.229544,32.88052
305,lira,obutowelo a/b,senegal,3,4,-0.14805926663737,1,2.229544,32.88052
306,lira,obutowelo a/b,senegal,7,1,2.73611435210479,1,2.229544,32.88052
307,lira,obutowelo a/b,senegal,5,0,1.20646541314558,NA,2.229544,32.88052
308,lira,obutowelo a/b,senegal,9,0,-0.814749135726905,NA,2.229544,32.88052
309,lira,obutowelo a/b,senegal,1,0,-1.21319534978261,NA,2.229544,32.88052
310,lira,obutowelo a/b,senegal,3,0,0.20892936870542,NA,2.229544,32.88052
311,wakiso,kisimbiri b,senegal,4,0,3.85157017396125,NA,0.40524,32.48069
312,wakiso,kisimbiri b,senegal,3,0,2.47730350689546,NA,0.40524,32.48069
313,wakiso,kisimbiri b,senegal,2,2,2.99361258443896,0,0.40524,32.48069
314,wakiso,kisimbiri b,senegal,4,1,2.96786276120554,0,0.40524,32.48069
315,wakiso,kisimbiri b,senegal,4,2,2.96786276120554,1,0.40524,32.48069
316,wakiso,kisimbiri b,senegal,1,0,2.52021987895115,NA,0.40524,32.48069
317,wakiso,kisimbiri b,senegal,2,0,1.97093373280187,NA,0.40524,32.48069
318,wakiso,kisimbiri b,senegal,1,2,3.20415828498991,0,0.40524,32.48069
319,wakiso,kisimbiri b,senegal,1,2,2.77570565264409,0,0.40524,32.48069
320,wakiso,kisimbiri b,senegal,3,1,3.83726471660935,0,0.40524,32.48069
321,kampala,kikandwa d,senegal,4,2,3.2335964732883,0,0.31188,32.55126
322,kampala,kikandwa d,senegal,5,3,2.74959253586209,1,0.31188,32.55126
323,kampala,kikandwa d,senegal,1,0,3.20415828498991,1,0.31188,32.55126
324,kampala,kikandwa d,senegal,6,6,3.54555879092119,0,0.31188,32.55126
325,kampala,kikandwa d,senegal,9,0,2.28515053722552,1,0.31188,32.55126
326,kampala,kikandwa d,senegal,3,0,3.47914294353133,NA,0.31188,32.55126
327,kampala,kikandwa d,senegal,3,0,1.50284385780792,NA,0.31188,32.55126
328,kampala,kikandwa d,senegal,7,0,3.40761565677183,NA,0.31188,32.55126
329,kampala,kikandwa d,senegal,4,0,3.58812736831433,NA,0.31188,32.55126
330,kampala,kikandwa d,senegal,8,0,-0.728916391615514,NA,0.31188,32.55126
331,mityana,nabutaka/mpiriggwa,senegal,4,0,-1.76505956813789,NA,0.48333,32.16667
332,mityana,nabutaka/mpiriggwa,senegal,6,1,-2.59724597519221,0,0.48333,32.16667
333,mityana,nabutaka/mpiriggwa,senegal,1,0,-0.317267014543387,1,0.48333,32.16667
334,mityana,nabutaka/mpiriggwa,senegal,3,0,-1.07478977275725,NA,0.48333,32.16667
335,mityana,nabutaka/mpiriggwa,senegal,6,0,-1.09336955403542,NA,0.48333,32.16667
336,mityana,nabutaka/mpiriggwa,senegal,2,1,-0.600167275448426,0,0.48333,32.16667
337,mityana,nabutaka/mpiriggwa,senegal,4,0,-0.853016511288974,NA,0.48333,32.16667
338,mityana,nabutaka/mpiriggwa,senegal,11,0,-0.793290949699057,NA,0.48333,32.16667
340,mityana,nabutaka/mpiriggwa,senegal,1,0,-0.767183767177582,NA,0.48333,32.16667
341,mityana,kiyudaya a,senegal,4,1,3.86279214947078,0,0.469325,32.07691
342,mityana,kiyudaya a,senegal,9,1,3.16086103116561,1,0.469325,32.07691
343,mityana,kiyudaya a,senegal,9,3,2.24100798311109,1,0.469325,32.07691
345,mityana,kiyudaya a,senegal,5,0,3.28245741865675,NA,0.469325,32.07691
346,mityana,kiyudaya a,senegal,3,0,2.93148837425467,1,0.469325,32.07691
347,mityana,kiyudaya a,senegal,3,2,3.26792957093286,0,0.469325,32.07691
348,mityana,kiyudaya a,senegal,8,1,2.93843439179592,1,0.469325,32.07691
349,mityana,kiyudaya a,senegal,2,1,4.19169226427388,1,0.469325,32.07691
350,mityana,nkazebuku/kabayenga,senegal,5,0,-1.98358527095938,NA,0.27767,31.9483
351,mityana,nkazebuku/kabayenga,senegal,4,0,-0.936195860145458,NA,0.27767,31.9483
352,mityana,nkazebuku/kabayenga,senegal,5,1,-2.09087620109862,0,0.27767,31.9483
353,mityana,nkazebuku/kabayenga,senegal,9,1,-2.33133328890108,0,0.27767,31.9483
354,mityana,nkazebuku/kabayenga,senegal,12,1,-0.82938791436062,0,0.27767,31.9483
355,mityana,nkazebuku/kabayenga,senegal,6,0,-1.68758770806565,NA,0.27767,31.9483
356,mityana,nkazebuku/kabayenga,senegal,2,0,-0.317267014543387,NA,0.27767,31.9483
357,mityana,nkazebuku/kabayenga,senegal,7,0,-1.21189977296349,NA,0.27767,31.9483
358,mityana,nkazebuku/kabayenga,senegal,8,0,-1.24316657708479,NA,0.27767,31.9483
359,mityana,kiyudaya a,senegal,5,5,1.89840568309668,1,0.469325,32.07691
360,mityana,nkazebuku/kabayenga,senegal,3,0,-1.66699229096223,1,0.27767,31.9483
361,masaka,kisanje west,senegal,8,2,-0.446016130710474,1,-0.20285,31.83421
362,masaka,kisanje west,senegal,7,2,-0.394516484243639,0,-0.20285,31.83421
363,masaka,kisanje west,senegal,3,5,-0.621625461476274,1,-0.20285,31.83421
364,masaka,kisanje west,senegal,9,0,-0.686000019559818,NA,-0.20285,31.83421
365,masaka,kisanje west,senegal,5,0,-0.700305476911717,NA,-0.20285,31.83421
366,masaka,kisanje west,senegal,2,0,-0.600167275448426,1,-0.20285,31.83421
367,masaka,kisanje west,senegal,6,2,-1.46210255905185,0,-0.20285,31.83421
368,masaka,kisanje west,senegal,8,0,-1.54793530316324,NA,-0.20285,31.83421
369,masaka,kisanje west,senegal,4,1,-0.38879430130288,1,-0.20285,31.83421
370,masaka,kisanje west,senegal,8,0,-1.43349164434805,NA,-0.20285,31.83421
371,mpigi,ssabwe lci,senegal,5,1,1.92739858971955,0,0.21699,32.31852
372,mpigi,ssabwe lci,senegal,4,0,1.96602332456967,1,0.21699,32.31852
373,mpigi,ssabwe lci,senegal,13,0,2.75757253813263,NA,0.21699,32.31852
374,mpigi,ssabwe lci,senegal,4,5,3.14776372917691,1,0.21699,32.31852
375,mpigi,ssabwe lci,senegal,5,1,-0.703514363044649,0,0.21699,32.31852
376,mpigi,ssabwe lci,senegal,7,3,-0.757527306319311,1,0.21699,32.31852
377,mpigi,ssabwe lci,senegal,4,1,-0.643083647504122,0,0.21699,32.31852
378,mpigi,ssabwe lci,senegal,4,1,-0.617681618933257,0,0.21699,32.31852
379,mpigi,ssabwe lci,senegal,1,0,-2.09976385400869,NA,0.21699,32.31852
380,mpigi,ssabwe lci,senegal,5,2,-0.0235197995489068,1,0.21699,32.31852
381,kiboga,kigabwa,senegal,5,0,-0.32562789858254,NA,1.18112,31.46015
382,kiboga,kigabwa,senegal,10,0,-0.432237277124037,1,1.18112,31.46015
383,kiboga,kigabwa,senegal,2,4,-0.99731791268501,1,1.18112,31.46015
384,kiboga,kigabwa,senegal,9,0,-0.0933233421746075,1,1.18112,31.46015
385,kiboga,kigabwa,senegal,9,0,-0.556954273547594,NA,1.18112,31.46015
386,kiboga,kigabwa,senegal,6,0,-0.814749135726905,NA,1.18112,31.46015
387,kiboga,kigabwa,senegal,1,0,-0.988957028645856,NA,1.18112,31.46015
388,kiboga,kigabwa,senegal,5,0,-1.77822706364448,NA,1.18112,31.46015
389,kiboga,kigabwa,senegal,9,0,-2.53287141710867,NA,1.18112,31.46015
390,kiboga,kigabwa,senegal,1,0,-1.03187340070155,NA,1.18112,31.46015
391,mbale,busaja cell,senegal,3,3,-1.01809454711512,1,1.104642579,34.19942777
392,mbale,busaja cell,senegal,6,3,-1.5244643212087,0,1.104642579,34.19942777
393,mbale,busaja cell,senegal,6,2,-1.02673906492737,1,1.104642579,34.19942777
394,mbale,busaja cell,senegal,4,1,-0.367423371625491,1,1.104642579,34.19942777
395,mbale,busaja cell,senegal,5,0,-0.231137640586859,NA,1.104642579,34.19942777
396,mbale,busaja cell,senegal,11,1,0.0865068177701453,1,1.104642579,34.19942777
397,mbale,busaja cell,senegal,13,0,-0.866875301874159,NA,1.104642579,34.19942777
398,mbale,busaja cell,senegal,1,0,-0.486340571688152,NA,1.104642579,34.19942777
399,mbale,busaja cell,senegal,10,1,0.413033289555121,1,1.104642579,34.19942777
400,mbale,busaja cell,senegal,5,0,-1.2352861657091,NA,1.104642579,34.19942777
401,wakiso,katabi busambaga,senegal,3,2,2.48955189883175,0,0.08927,32.46758
402,wakiso,katabi busambaga,senegal,2,1,1.99177314780309,0,0.08927,32.46758
403,wakiso,katabi busambaga,senegal,4,0,3.13263099823042,NA,0.08927,32.46758
404,wakiso,katabi busambaga,senegal,1,1,3.01936240767238,1,0.08927,32.46758
405,wakiso,katabi busambaga,senegal,2,1,3.92309746072074,0,0.08927,32.46758
406,wakiso,katabi busambaga,senegal,3,0,3.83726471660935,NA,0.08927,32.46758
407,wakiso,katabi busambaga,senegal,1,0,3.45964405868285,NA,0.08927,32.46758
408,wakiso,katabi busambaga,senegal,3,2,2.5179695310519,0,0.08927,32.46758
409,wakiso,katabi busambaga,senegal,3,0,3.88018108866505,NA,0.08927,32.46758
410,wakiso,katabi busambaga,senegal,4,1,2.95069621238327,0,0.08927,32.46758
411,kampala,kironde,senegal,1,1,1.87286645562621,0,0.29088,32.56056
412,kampala,kironde,senegal,2,1,2.82419744411543,0,0.29088,32.56056
413,kampala,kironde,senegal,1,0,0.569301489682698,NA,0.29088,32.56056
414,kampala,kironde,senegal,6,0,1.22200199765294,NA,0.29088,32.56056
415,kampala,kironde,senegal,5,0,1.4460040203194,NA,0.29088,32.56056
416,kampala,kironde,senegal,9,0,1.03865803544298,NA,0.29088,32.56056
417,kampala,kironde,senegal,4,0,3.57989188856574,NA,0.29088,32.56056
418,kampala,kironde,senegal,4,0,1.28626290643606,NA,0.29088,32.56056
419,kampala,kironde,senegal,5,2,0.44055237351561,1,0.29088,32.56056
420,kampala,kironde,senegal,2,0,1.45792839465884,NA,0.29088,32.56056
421,kampala,aggrey zone a,senegal,1,1,1.54376113877023,0,0.347704,32.57887
422,kampala,aggrey zone a,senegal,8,0,-0.961012595378824,NA,0.347704,32.57887
423,kampala,aggrey zone a,senegal,2,0,2.50674169519385,1,0.347704,32.57887
424,kampala,aggrey zone a,senegal,2,1,1.82235800747956,0,0.347704,32.57887
425,kampala,aggrey zone a,senegal,2,0,1.45792839465884,NA,0.347704,32.57887
426,kampala,aggrey zone a,senegal,7,1,3.53674676485799,0,0.347704,32.57887
427,kampala,aggrey zone a,senegal,5,0,4.10585952016249,NA,0.347704,32.57887
428,kampala,aggrey zone a,senegal,6,0,3.35039382736424,NA,0.347704,32.57887
429,kampala,aggrey zone a,senegal,3,0,1.50084476671453,NA,0.347704,32.57887
430,kampala,aggrey zone a,senegal,4,1,0.483468745571306,1,0.347704,32.57887
431,wakiso,ggangu,senegal,4,0,3.56272533974346,NA,0.25243,32.58863
432,wakiso,ggangu,senegal,5,0,2.86448147635281,NA,0.25243,32.58863
433,wakiso,ggangu,senegal,2,2,1.97093373280187,0,0.25243,32.58863
434,wakiso,ggangu,senegal,2,1,1.54576022986362,0,0.25243,32.58863
435,wakiso,ggangu,senegal,1,2,2.56313625100685,0,0.25243,32.58863
436,wakiso,ggangu,senegal,3,1,3.58418352577131,1,0.25243,32.58863
437,wakiso,ggangu,senegal,3,1,1.30150335242245,0,0.25243,32.58863
438,wakiso,ggangu,senegal,1,2,2.05676647691326,0,0.25243,32.58863
439,wakiso,ggangu,senegal,2,1,2.77570565264409,0,0.25243,32.58863
440,wakiso,ggangu,senegal,2,0,1.68803347189683,NA,0.25243,32.58863
441,kampala,kawaala,senegal,1,0,3.16124191293422,NA,0.23455,31.64268
442,kampala,kawaala,senegal,2,1,1.81605016773686,0,0.23455,31.64268
443,kampala,kawaala,senegal,2,0,2.79250890791778,NA,0.23455,31.64268
444,kampala,kawaala,senegal,5,0,0.44055237351561,NA,0.23455,31.64268
445,kampala,kawaala,senegal,4,0,2.20870870334232,NA,0.23455,31.64268
446,kampala,kawaala,senegal,3,1,-0.0310545201439236,0,0.23455,31.64268
447,kampala,kawaala,senegal,1,0,3.86165480213419,1,0.23455,31.64268
448,kampala,kawaala,senegal,6,0,3.54555879092119,NA,0.23455,31.64268
449,kampala,kawaala,senegal,1,0,1.90188291184825,NA,0.23455,31.64268
450,kampala,kawaala,senegal,2,0,2.0989504286419,NA,0.23455,31.64268
451,wakiso,maganjo b lc 1,senegal,3,0,2.51388848960927,NA,0.39521,32.54295
452,wakiso,maganjo b lc 1,senegal,1,0,1.94479928390395,NA,0.39521,32.54295
453,wakiso,maganjo b lc 1,senegal,2,0,3.07540916882282,NA,0.39521,32.54295
454,wakiso,maganjo b lc 1,senegal,5,0,2.10300792048535,NA,0.39521,32.54295
455,wakiso,maganjo b lc 1,senegal,4,0,0.556667617051722,NA,0.39521,32.54295
456,wakiso,maganjo b lc 1,senegal,2,0,1.31846469919185,NA,0.39521,32.54295
457,wakiso,maganjo b lc 1,senegal,2,0,2.20276413002957,NA,0.39521,32.54295
458,wakiso,maganjo b lc 1,senegal,4,0,3.07540916882282,NA,0.39521,32.54295
459,wakiso,maganjo b lc 1,senegal,6,0,2.93352966356099,NA,0.39521,32.54295
460,wakiso,maganjo b lc 1,senegal,8,0,-0.411460642693932,NA,0.39521,32.54295
461,kamwenge,mabale 1,senegal,2,0,-1.00326248599775,NA,1.04222,30.89028
462,kamwenge,mabale 1,senegal,5,0,-2.48280231637702,NA,1.04222,30.89028
463,kamwenge,mabale 1,senegal,4,0,-1.29760711278431,NA,1.04222,30.89028
464,kamwenge,mabale 1,senegal,5,0,-2.48280231637702,NA,1.04222,30.89028
465,kamwenge,mabale 1,senegal,3,0,-1.72214319608219,NA,1.04222,30.89028
466,kamwenge,mabale 1,senegal,5,0,-2.41127502961753,NA,1.04222,30.89028
467,kamwenge,mabale 1,senegal,3,0,-1.82114343570018,NA,1.04222,30.89028
468,kamwenge,mabale 1,senegal,4,1,-1.29760711278431,0,1.04222,30.89028
469,kamwenge,mabale 1,senegal,4,0,-1.96212708493153,NA,1.04222,30.89028
470,kamwenge,mabale 1,senegal,5,0,-1.04488926525159,NA,1.04222,30.89028
472,kampala,kifumbira lc 1,senegal,3,1,3.35039382736424,1,0.34489,32.58444
473,kampala,kifumbira lc 1,senegal,8,2,2.73528707851019,1,0.34489,32.58444
474,kampala,kifumbira lc 1,senegal,6,2,3.9914158613473,1,0.34489,32.58444
475,kampala,kifumbira lc 1,senegal,3,0,3.88018108866505,NA,0.34489,32.58444
476,kampala,kifumbira lc 1,senegal,5,0,2.86448147635281,NA,0.34489,32.58444
477,kampala,kifumbira lc 1,senegal,7,0,3.44828168092828,NA,0.34489,32.58444
478,kampala,kifumbira lc 1,senegal,8,3,-0.17410909366291,1,0.34489,32.58444
479,kampala,kifumbira lc 1,senegal,7,3,0.828493216660636,0,0.34489,32.58444
480,kampala,kifumbira lc 1,senegal,8,4,3.79412595418167,1,0.34489,32.58444
481,lira,akono,senegal,7,0,-1.21924310535139,NA,2.48815,32.8787
482,lira,akono,senegal,4,1,-1.03534308406434,1,2.48815,32.8787
483,lira,akono,senegal,3,1,-0.814749135726905,1,2.48815,32.8787
484,lira,akono,senegal,13,7,-0.795054816716064,1,2.48815,32.8787
485,lira,akono,senegal,7,0,-0.889818629901147,NA,2.48815,32.8787
486,lira,akono,senegal,6,0,-1.39090859357417,NA,2.48815,32.8787
487,lira,akono,senegal,9,2,-1.59085167521894,1,2.48815,32.8787
488,lira,akono,senegal,6,1,-1.47674133768556,1,2.48815,32.8787
489,lira,akono,senegal,4,0,-1.56257408179695,NA,2.48815,32.8787
490,lira,akono,senegal,8,0,-1.56257408179695,NA,2.48815,32.8787
491,lira,oloro,senegal,8,0,-1.78772590952894,NA,2.40947,33.00955
492,lira,oloro,senegal,6,0,-1.60703477437482,NA,2.40947,33.00955
493,lira,oloro,senegal,8,0,-2.25117931156683,NA,2.40947,33.00955
494,lira,oloro,senegal,7,0,-1.36811632331881,NA,2.40947,33.00955
495,lira,oloro,senegal,5,1,-1.30662016998495,0,2.40947,33.00955
496,lira,oloro,senegal,4,0,-1.73050408012134,NA,2.40947,33.00955
497,lira,oloro,senegal,10,0,-1.84494773893653,NA,2.40947,33.00955
498,lira,oloro,senegal,1,3,-2.09976385400869,1,2.40947,33.00955
499,lira,oloro,senegal,4,0,-1.25481614501918,NA,2.40947,33.00955
500,lira,oloro,senegal,3,0,-1.36177107510491,NA,2.40947,33.00955
501,wakiso,lwadda bb,senegal,6,1,2.29250762957792,1,0.45274,32.52671
502,wakiso,lwadda bb,senegal,4,1,3.53411442503967,0,0.45274,32.52671
503,wakiso,lwadda bb,senegal,8,1,3.53411442503967,0,0.45274,32.52671
504,wakiso,lwadda bb,senegal,5,1,1.28637655573649,0,0.45274,32.52671
505,wakiso,lwadda bb,senegal,5,0,-1.08909523010915,NA,0.45274,32.52671
506,wakiso,lwadda bb,senegal,2,0,3.29676287600864,NA,0.45274,32.52671
507,wakiso,lwadda bb,senegal,1,0,2.18478317275329,NA,0.45274,32.52671
508,wakiso,lwadda bb,senegal,1,0,2.18478317275329,NA,0.45274,32.52671
509,wakiso,lwadda bb,senegal,2,0,3.07540916882282,NA,0.45274,32.52671
510,wakiso,lwadda bb,senegal,1,0,2.22769954480899,NA,0.45274,32.52671
511,wakiso,namasuba central a,senegal,5,0,2.10857050187903,NA,0.2698,32.5691
512,wakiso,namasuba central a,senegal,3,0,2.83542527997348,NA,0.2698,32.5691
513,wakiso,namasuba central a,senegal,4,1,2.15148687393472,0,0.2698,32.5691
514,wakiso,namasuba central a,senegal,6,1,3.51980896768777,1,0.2698,32.5691
515,wakiso,namasuba central a,senegal,5,1,3.8587229026372,0,0.2698,32.5691
516,wakiso,namasuba central a,senegal,3,1,2.1418668006976,0,0.2698,32.5691
517,wakiso,namasuba central a,senegal,2,0,2.0989504286419,NA,0.2698,32.5691
518,wakiso,namasuba central a,senegal,1,0,2.18478317275329,NA,0.2698,32.5691
519,wakiso,namasuba central a,senegal,2,0,3.07540916882282,NA,0.2698,32.5691
520,wakiso,namasuba central a,senegal,2,0,3.90879200336884,NA,0.2698,32.5691
521,jinja,katende east a,senegal,6,0,2.14592429254104,NA,0.46768,33.23175
522,jinja,katende east a,senegal,7,0,3.11915281447312,NA,0.46768,33.23175
523,jinja,katende east a,senegal,7,1,-0.0664361716046026,0,0.46768,33.23175
524,jinja,katende east a,senegal,7,0,0.596336466476358,NA,0.46768,33.23175
525,jinja,katende east a,senegal,3,0,2.99361258443896,1,0.46768,33.23175
527,jinja,katende east a,senegal,6,1,0.672686945450875,1,0.46768,33.23175
528,jinja,katende east a,senegal,11,0,3.93419403193971,NA,0.46768,33.23175
529,jinja,katende east a,senegal,6,0,-0.764240687580257,NA,0.46768,33.23175
530,jinja,katende east a,senegal,5,0,-0.0235197995489068,NA,0.46768,33.23175
531,masaka,nanfabirye,senegal,7,1,-1.40488072964425,0,-0.04623,31.62112
532,masaka,nanfabirye,senegal,5,6,-2.01934891433913,1,-0.04623,31.62112
533,masaka,nanfabirye,senegal,4,1,-0.728916391615514,0,-0.04623,31.62112
534,masaka,nanfabirye,senegal,4,0,0.286401228777658,NA,-0.04623,31.62112
535,masaka,nanfabirye,senegal,4,5,-0.625917098681844,0,-0.04623,31.62112
536,masaka,nanfabirye,senegal,8,3,-0.671694562207919,1,-0.04623,31.62112
537,masaka,nanfabirye,senegal,7,8,0.317070544231512,1,-0.04623,31.62112
538,masaka,nanfabirye,senegal,5,5,-1.98358527095938,0,-0.04623,31.62112
539,masaka,nanfabirye,senegal,5,0,-0.700305476911717,NA,-0.04623,31.62112
540,masaka,nanfabirye,senegal,9,1,-1.33335344288476,0,-0.04623,31.62112
541,budaka,kavule,senegal,5,1,-0.373199251149126,1,1.10215,33.5512
542,budaka,kavule,senegal,4,2,-1.62750478718767,0,1.10215,33.5512
543,budaka,kavule,senegal,11,0,-1.39343636376273,NA,1.10215,33.5512
544,budaka,kavule,senegal,2,1,-0.922230669578095,0,1.10215,33.5512
545,budaka,kavule,senegal,7,1,-1.42921732042178,1,1.10215,33.5512
546,budaka,kavule,senegal,4,0,-2.04795982904293,NA,1.10215,33.5512
547,budaka,kavule,senegal,10,1,-0.700305476911717,0,1.10215,33.5512
548,budaka,kavule,senegal,6,1,-0.728916391615514,1,1.10215,33.5512
549,budaka,kavule,senegal,5,1,-0.771832763671209,0,1.10215,33.5512
550,budaka,kavule,senegal,8,0,-1.249591623061,NA,1.10215,33.5512
551,mbale,bumakika ii,senegal,4,0,-1.09336955403542,NA,0.85729,34.20117
552,mbale,bumakika ii,senegal,7,0,-1.2062359035903,NA,0.85729,34.20117
553,mbale,bumakika ii,senegal,3,0,-0.494507922181816,NA,0.85729,34.20117
554,mbale,bumakika ii,senegal,8,0,-0.786138221023108,NA,0.85729,34.20117
555,mbale,bumakika ii,senegal,9,0,-1.82255666815607,NA,0.85729,34.20117
556,mbale,bumakika ii,senegal,7,0,-2.64016234724791,NA,0.85729,34.20117
557,mbale,bumakika ii,senegal,1,0,-2.14268022606439,NA,0.85729,34.20117
558,mbale,bumakika ii,senegal,5,0,-0.994439507935331,NA,0.85729,34.20117
559,mbale,bumakika ii,senegal,4,0,-1.31477366160659,1,0.85729,34.20117
560,mbale,bumakika ii,senegal,9,0,-0.718081232135114,NA,0.85729,34.20117
561,kabarole,kyegobe cell,senegal,6,2,-0.745660906302088,0,0.62902,30.28624
562,kabarole,kyegobe cell,senegal,8,3,2.93843439179592,1,0.62902,30.28624
563,kabarole,kyegobe cell,senegal,4,1,-1.88002983071854,0,0.62902,30.28624
564,kabarole,kyegobe cell,senegal,2,0,-0.674133619542595,NA,0.62902,30.28624
565,kabarole,kyegobe cell,senegal,4,1,-2.34348323275643,0,0.62902,30.28624
566,kabarole,kyegobe cell,senegal,6,3,1.9059404036917,1,0.62902,30.28624
567,kabarole,kyegobe cell,senegal,3,1,-1.95622394120915,0,0.62902,30.28624
568,kabarole,kyegobe cell,senegal,6,5,-0.0449779855767546,0,0.62902,30.28624
569,kabarole,kyegobe cell,senegal,2,0,-2.17181774453365,NA,0.62902,30.28624
570,kabarole,kyegobe cell,senegal,9,0,-0.874410022469176,NA,0.62902,30.28624
571,kasese,kamaiba central c,senegal,5,1,0.293935949372675,1,0.16271,30.07359
572,kasese,kamaiba central c,senegal,3,2,0.948881448788569,1,0.16271,30.07359
573,kasese,kamaiba central c,senegal,7,0,1.52005260484313,NA,0.16271,30.07359
574,kasese,kamaiba central c,senegal,6,0,0.661037377516476,NA,0.16271,30.07359
575,kasese,kamaiba central c,senegal,2,2,1.7213297707154,0,0.16271,30.07359
576,kasese,kamaiba central c,senegal,3,1,2.87834165202918,1,0.16271,30.07359
577,kasese,kamaiba central c,senegal,8,0,0.569683481601765,NA,0.16271,30.07359
578,kasese,kamaiba central c,senegal,7,0,0.181139793335693,NA,0.16271,30.07359
579,kasese,kamaiba central c,senegal,3,2,0.280838647383981,1,0.16271,30.07359
580,kasese,kamaiba central c,senegal,6,1,1.21032352366576,1,0.16271,30.07359
581,kasese,misika lc1,senegal,5,0,-1.03240000446701,NA,0.272082,30.03133
582,kasese,misika lc1,senegal,4,4,-0.693046722102581,1,0.272082,30.03133
583,kasese,misika lc1,senegal,4,0,-1.70836434249575,NA,0.272082,30.03133
584,kasese,misika lc1,senegal,6,0,-1.79419708660714,NA,0.272082,30.03133
585,kasese,misika lc1,senegal,5,0,-1.8289599670412,NA,0.272082,30.03133
586,kasese,misika lc1,senegal,5,0,-1.03240000446701,NA,0.272082,30.03133
587,kasese,misika lc1,senegal,7,0,-0.417931819772139,NA,0.272082,30.03133
588,kasese,misika lc1,senegal,4,0,-1.43863157709731,NA,0.272082,30.03133
589,kasese,misika lc1,senegal,3,0,-2.12890137247795,NA,0.272082,30.03133
590,kasese,misika lc1,senegal,9,0,-0.993757956337588,1,0.272082,30.03133
591,kasese,town centre i,senegal,4,0,1.17146464345351,NA,0.18066,30.08224
592,kasese,town centre i,senegal,4,0,0.0606813676898553,NA,0.18066,30.08224
593,kasese,town centre i,senegal,4,1,0.512461652194171,0,0.18066,30.08224
594,kasese,town centre i,senegal,2,2,0.807035030632788,1,0.18066,30.08224
595,kasese,town centre i,senegal,1,2,2.18478317275329,0,0.18066,30.08224
596,kasese,town centre i,senegal,1,2,1.54376113877023,0,0.18066,30.08224
597,kasese,town centre i,senegal,1,3,3.20415828498991,1,0.18066,30.08224
598,kasese,town centre i,senegal,6,5,1.77719128752461,0,0.18066,30.08224
599,kasese,town centre i,senegal,5,5,1.84466108244066,0,0.18066,30.08224
600,kasese,town centre i,senegal,1,0,0.598294396305562,NA,0.18066,30.08224
601,arua,vudrikali/aliso,senegal,15,1,-1.43382496562987,0,3.02379,31.11722
602,arua,vudrikali/aliso,senegal,9,0,-1.79419708660714,NA,3.02379,31.11722
603,arua,vudrikali/aliso,senegal,6,1,-0.621151302296044,0,3.02379,31.11722
604,arua,vudrikali/aliso,senegal,6,1,-0.389320905068341,0,3.02379,31.11722
605,arua,vudrikali/aliso,senegal,1,1,-1.76852925150067,0,3.02379,31.11722
606,arua,vudrikali/aliso,senegal,8,1,-0.719218579471702,0,3.02379,31.11722
607,arua,vudrikali/aliso,senegal,5,3,-1.15092470472483,0,3.02379,31.11722
608,arua,vudrikali/aliso,senegal,3,0,-2.27979022627063,NA,3.02379,31.11722
609,arua,vudrikali/aliso,senegal,3,0,-2.15104111010354,NA,3.02379,31.11722
610,arua,vudrikali/aliso,senegal,6,0,-1.06254955591727,NA,3.02379,31.11722
611,arua,pajulo/ombavu,senegal,11,1,-0.862273152990688,1,2.68333,30.87462
612,arua,pajulo/ombavu,senegal,6,1,-2.42558048696943,1,2.68333,30.87462
613,arua,pajulo/ombavu,senegal,8,1,-0.958011626237141,0,2.68333,30.87462
614,arua,pajulo/ombavu,senegal,9,5,-1.17520324483113,1,2.68333,30.87462
615,arua,pajulo/ombavu,senegal,9,1,-1.81633682423273,0,2.68333,30.87462
616,arua,pajulo/ombavu,senegal,2,6,-1.15650012414047,0,2.68333,30.87462
617,arua,pajulo/ombavu,senegal,3,1,0.145071734726913,1,2.68333,30.87462
618,arua,pajulo/ombavu,senegal,4,1,-1.40060640571798,1,2.68333,30.87462
619,arua,pajulo/ombavu,senegal,6,0,-2.04795982904293,1,2.68333,30.87462
620,arua,pajulo/ombavu,senegal,6,0,-1.0868861466948,NA,2.68333,30.87462
621,nebbi,yugu/rada/ogwok,senegal,4,1,-2.36562297038202,0,2.4535,30.90608
622,nebbi,yugu/rada/ogwok,senegal,8,1,-1.45782823512558,1,2.4535,30.90608
623,nebbi,yugu/rada/ogwok,senegal,6,1,-1.79419708660714,0,2.4535,30.90608
624,nebbi,yugu/rada/ogwok,senegal,8,1,-1.90216956834413,0,2.4535,30.90608
625,nebbi,yugu/rada/ogwok,senegal,3,1,-1.66776109891043,1,2.4535,30.90608
626,nebbi,yugu/rada/ogwok,senegal,5,1,0.311916906648952,0,2.4535,30.90608
627,nebbi,yugu/rada/ogwok,senegal,7,0,-1.1897600353379,NA,2.4535,30.90608
628,nebbi,yugu/rada/ogwok,senegal,8,0,-2.6830787193036,NA,2.4535,30.90608
629,nebbi,yugu/rada/ogwok,senegal,5,0,-1.77342045217704,NA,2.4535,30.90608
630,nebbi,yugu/rada/ogwok,senegal,2,0,-1.73939173303141,NA,2.4535,30.90608
631,nebbi,mvule/awanjiri/aleng,senegal,2,1,-2.14268022606439,0,1.06692,34.1898
632,nebbi,mvule/awanjiri/aleng,senegal,5,4,1.93416932647643,1,1.06692,34.1898
633,nebbi,mvule/awanjiri/aleng,senegal,2,1,-1.9110572212542,0,1.06692,34.1898
634,nebbi,mvule/awanjiri/aleng,senegal,2,1,-2.42558048696943,1,1.06692,34.1898
635,nebbi,mvule/awanjiri/aleng,senegal,4,1,-1.73050408012134,1,1.06692,34.1898
636,nebbi,mvule/awanjiri/aleng,senegal,4,1,-0.446016130710474,1,1.06692,34.1898
637,nebbi,mvule/awanjiri/aleng,senegal,6,2,-0.814749135726905,1,1.06692,34.1898
638,nebbi,mvule/awanjiri/aleng,senegal,4,0,-0.707018858172663,NA,1.06692,34.1898
639,nebbi,mvule/awanjiri/aleng,senegal,6,0,-0.721324315524562,NA,1.06692,34.1898
640,nebbi,mvule/awanjiri/aleng,senegal,3,0,-0.814749135726905,NA,1.06692,34.1898
641,nebbi,olyeko/kyera/ayila,senegal,4,0,-2.51141323108082,NA,2.35314,30.88857
642,nebbi,olyeko/kyera/ayila,senegal,2,0,-2.22851297017578,NA,2.35314,30.88857
643,nebbi,olyeko/kyera/ayila,senegal,3,0,-2.31434571428717,NA,2.35314,30.88857
644,nebbi,olyeko/kyera/ayila,senegal,5,1,-1.77342045217704,1,2.35314,30.88857
645,nebbi,olyeko/kyera/ayila,senegal,1,2,-2.38266411491373,0,2.35314,30.88857
646,nebbi,olyeko/kyera/ayila,senegal,4,1,-2.04795982904293,0,2.35314,30.88857
647,nebbi,olyeko/kyera/ayila,senegal,1,1,-0.985668344750612,0,2.35314,30.88857
648,nebbi,olyeko/kyera/ayila,senegal,4,0,-2.51141323108082,NA,2.35314,30.88857
649,nebbi,olyeko/kyera/ayila,senegal,4,0,-1.73939173303141,NA,2.35314,30.88857
650,nebbi,olyeko/kyera/ayila,senegal,7,0,-2.62312120271619,NA,2.35314,30.88857
651,wakiso,kamuli c a,senegal,10,1,2.15025708211371,0,0.34983,2.64256
652,wakiso,kamuli c a,senegal,3,0,0.391304612118035,NA,0.34983,2.64256
653,wakiso,kamuli c a,senegal,3,1,0.575204633405085,0,0.34983,2.64256
654,wakiso,kamuli c a,senegal,3,0,2.98957642471143,NA,0.34983,2.64256
655,wakiso,kamuli c a,senegal,1,0,3.16124191293422,NA,0.34983,2.64256
656,wakiso,kamuli c a,senegal,1,0,3.61994716915106,NA,0.34983,2.64256
657,wakiso,kamuli c a,senegal,4,0,0.378646495327689,NA,0.34983,2.64256
658,wakiso,kamuli c a,senegal,5,0,1.92739858971955,NA,0.34983,2.64256
659,wakiso,kamuli c a,senegal,5,1,2.4983808111547,1,0.34983,2.64256
660,wakiso,kamuli c a,senegal,2,0,-1.11770614481294,1,0.34983,2.64256
661,mukono,namumira b,senegal,5,1,0.92394603400915,0,0.58914,32.70173
662,mukono,namumira b,senegal,5,0,-1.94230047577632,1,0.58914,32.70173
663,mukono,namumira b,senegal,4,1,-0.15165014468937,0,0.58914,32.70173
664,mukono,namumira b,senegal,9,0,2.24100798311109,NA,0.58914,32.70173
665,mukono,namumira b,senegal,3,1,0.114712190955696,0,0.58914,32.70173
667,mukono,namumira b,senegal,5,0,0.553076738999722,NA,0.58914,32.70173
668,mukono,namumira b,senegal,1,0,0.0118618519117722,NA,0.58914,32.70173
669,mukono,namumira b,senegal,3,0,0.114735740554875,NA,0.58914,32.70173
670,mukono,namumira b,senegal,4,0,0.358777121247664,NA,0.58914,32.70173
671,kisoro,bukara,senegal,1,0,-1.71097410081126,NA,-1.29114,29.62956
672,kisoro,bukara,senegal,4,0,-1.89938410372062,NA,-1.29114,29.62956
673,kisoro,bukara,senegal,5,0,-1.64398978441221,NA,-1.29114,29.62956
674,kisoro,bukara,senegal,3,1,-1.29043707082906,1,-1.29114,29.62956
675,kisoro,bukara,senegal,3,1,-2.46849685902512,0,-1.29114,29.62956
676,kisoro,bukara,senegal,1,0,-2.42558048696943,NA,-1.29114,29.62956
677,kisoro,bukara,senegal,6,1,-0.678407943468866,0,-1.29114,29.62956
678,kisoro,bukara,senegal,7,1,-0.757527306319311,1,-1.29114,29.62956
679,kisoro,bukara,senegal,3,0,-1.39301432962703,NA,-1.29114,29.62956
680,mukono,kabembe,senegal,2,1,0.483468745571306,0,0.66296,33.10365
681,mukono,kabembe,senegal,3,0,-0.368544270638236,NA,0.66296,33.10365
682,mukono,kabembe,senegal,5,2,-1.03020315131508,0,0.66296,33.10365
683,mukono,kabembe,senegal,1,1,2.5456005754061,0,0.66296,33.10365
684,mukono,kabembe,senegal,11,4,-0.554515216212918,0,0.66296,33.10365
685,mukono,kabembe,senegal,5,1,-1.41918618699615,0,0.66296,33.10365
686,mukono,kabembe,senegal,1,1,2.95294656028252,0,0.66296,33.10365
687,mukono,kabembe,senegal,3,0,-0.861746549225226,NA,0.66296,33.10365
688,mukono,kabembe,senegal,3,0,1.58237411863022,NA,0.66296,33.10365
689,mukono,kabembe,senegal,1,0,2.95294656028252,NA,0.66296,33.10365
691,kampala,lubowa zone e,senegal,6,0,2.50629641351832,1,0.24144,32.55585
692,kampala,lubowa zone e,senegal,4,0,2.83587056164901,NA,0.24144,32.55585
693,kampala,lubowa zone e,senegal,1,0,2.52021987895115,NA,0.24144,32.55585
694,kampala,lubowa zone e,senegal,5,0,2.17688890250559,NA,0.24144,32.55585
695,kampala,lubowa zone e,senegal,5,1,0.588509327811292,0,0.24144,32.55585
696,kampala,lubowa zone e,senegal,5,0,1.84145219630773,NA,0.24144,32.55585
698,kampala,lubowa zone e,senegal,3,0,2.50629641351832,1,0.24144,32.55585
699,kampala,lubowa zone e,senegal,13,0,3.36960166549283,1,0.24144,32.55585
701,wakiso,nansana east,senegal,4,1,3.13263099823042,0,0.36289,32.538
702,wakiso,nansana east,senegal,4,0,2.95069621238327,NA,0.36289,32.538
703,wakiso,nansana east,senegal,3,0,3.16124191293422,NA,0.36289,32.538
704,wakiso,nansana east,senegal,1,0,3.56497568764272,NA,0.36289,32.538
705,wakiso,nansana east,senegal,3,2,1.53742974942835,0,0.36289,32.538
706,wakiso,nansana east,senegal,1,2,3.63139153503258,0,0.36289,32.538
707,wakiso,nansana east,senegal,2,1,3.18985282763801,1,0.36289,32.538
708,wakiso,nansana east,senegal,3,1,3.60564171179916,0,0.36289,32.538
709,wakiso,nansana east,senegal,4,1,3.07540916882282,0,0.36289,32.538
710,wakiso,nansana east,senegal,1,3,3.63139153503258,1,0.36289,32.538
711,mbale,bunandutu,senegal,3,1,-0.862665652795535,1,1.05206,34.23564
713,mbale,bunandutu,senegal,5,1,-0.802500743790615,1,1.05206,34.23564
714,mbale,bunandutu,senegal,7,0,-1.50143580170934,NA,1.05206,34.23564
715,mbale,bunandutu,senegal,2,1,-1.27688835626841,0,1.05206,34.23564
716,mbale,bunandutu,senegal,9,0,-1.42839598108771,NA,1.05206,34.23564
717,mbale,bunandutu,senegal,6,2,-0.716667999679224,1,1.05206,34.23564
718,mbale,bunandutu,senegal,4,0,-1.22303777377281,NA,1.05206,34.23564
719,mbale,bunandutu,senegal,5,0,-1.91330756915345,NA,1.05206,34.23564
720,mbale,bunandutu,senegal,2,0,-1.78455845298636,NA,1.05206,34.23564
721,mbale,doko,senegal,3,0,0.386498000650591,NA,0.93333,34.05
722,mbale,doko,senegal,1,0,0.562970100340818,NA,0.93333,34.05
723,mbale,doko,senegal,2,0,0.477137356229427,NA,0.93333,34.05
724,mbale,doko,senegal,5,0,3.03249279676713,NA,0.93333,34.05
725,mbale,doko,senegal,4,0,0.866495175726235,NA,0.93333,34.05
726,mbale,doko,senegal,2,0,0.477137356229427,NA,0.93333,34.05
727,mbale,doko,senegal,2,0,-1.12403753415482,NA,0.93333,34.05
728,mbale,doko,senegal,2,0,-0.924924454633086,NA,0.93333,34.05
729,mbale,doko,senegal,4,0,-0.300225870011676,NA,0.93333,34.05
730,mbale,doko,senegal,5,1,-0.849498157288936,0,0.93333,34.05
731,kampala,namungoona,senegal,5,1,2.92923802635542,0,0.34012,32.54613
732,kampala,namungoona,senegal,6,1,3.51980896768777,0,0.34012,32.54613
733,kampala,namungoona,senegal,6,0,0.483468745571306,NA,0.34012,32.54613
734,kampala,namungoona,senegal,5,0,4.10585952016249,NA,0.34012,32.54613
735,kampala,namungoona,senegal,2,1,3.23915905468198,0,0.34012,32.54613
736,kampala,namungoona,senegal,3,2,0.114735740554875,0,0.34012,32.54613
737,kampala,namungoona,senegal,2,1,2.40371915472036,0,0.34012,32.54613
738,kampala,namungoona,senegal,2,1,2.82419744411543,1,0.34012,32.54613
739,kampala,namungoona,senegal,1,1,2.93556348143677,0,0.34012,32.54613
740,kampala,namungoona,senegal,1,0,2.52021987895115,NA,0.34012,32.54613
741,kampala,musoke,senegal,2,3,3.16124191293422,0,0.30072,32.57473
742,kampala,musoke,senegal,3,1,2.98957642471143,0,0.30072,32.57473
743,kampala,musoke,senegal,3,0,0.397636001459915,NA,0.30072,32.57473
744,kampala,musoke,senegal,2,1,3.07540916882282,0,0.30072,32.57473
745,kampala,musoke,senegal,1,0,0.569301489682698,NA,0.30072,32.57473
746,kampala,musoke,senegal,2,0,1.54376113877023,NA,0.30072,32.57473
747,kampala,musoke,senegal,9,0,0.2450700585189,NA,0.30072,32.57473
748,kampala,musoke,senegal,7,1,1.02876467410188,0,0.30072,32.57473
749,kampala,musoke,senegal,3,2,3.52205931558702,0,0.30072,32.57473
750,kampala,musoke,senegal,10,1,2.17688890250559,0,0.30072,32.57473
751,kampala,kigaga,senegal,3,0,3.11832554087852,NA,0.30261,32.5309
752,kampala,kigaga,senegal,5,1,3.56272533974346,0,0.30261,32.5309
753,kampala,kigaga,senegal,1,3,3.69962794753219,1,0.30261,32.5309
754,kampala,kigaga,senegal,4,1,3.56272533974346,1,0.30261,32.5309
755,kampala,kigaga,senegal,1,0,3.20415828498991,NA,0.30261,32.5309
756,kampala,kigaga,senegal,3,2,3.86708378667635,0,0.30261,32.5309
757,kampala,kigaga,senegal,1,1,2.69778851089632,0,0.30261,32.5309
758,kampala,kigaga,senegal,2,0,2.61195576678493,NA,0.30261,32.5309
759,kampala,kigaga,senegal,2,1,3.0017660760606,0,0.30261,32.5309
760,kampala,kigaga,senegal,3,1,2.2432227617685,0,0.30261,32.5309
761,jinja,bufuta,senegal,11,7,-2.57578778916436,0,0.60324,33.08398
762,jinja,bufuta,senegal,1,6,-0.571556360744629,1,0.60324,33.08398
763,jinja,bufuta,senegal,8,3,0.10879116724213,0,0.60324,33.08398
764,jinja,bufuta,senegal,9,2,-0.467474316738322,1,0.60324,33.08398
765,jinja,bufuta,senegal,4,1,-1.54793530316324,0,0.60324,33.08398
766,jinja,bufuta,senegal,4,7,-0.643083647504122,0,0.60324,33.08398
767,jinja,bufuta,senegal,10,0,-0.986414623949689,NA,0.60324,33.08398
768,jinja,bufuta,senegal,8,9,-0.764240687580257,1,0.60324,33.08398
769,jinja,bufuta,senegal,6,9,-1.37626981494046,1,0.60324,33.08398
770,jinja,bufuta,senegal,4,4,-1.28937163303573,1,0.60324,33.08398
772,kampala,mulimira,senegal,14,5,3.14776372917691,1,0.351332,32.59246
773,kampala,mulimira,senegal,2,0,4.16308134957009,NA,0.351332,32.59246
774,kampala,mulimira,senegal,6,0,2.52612302267354,NA,0.351332,32.59246
775,kampala,mulimira,senegal,7,1,2.57260235550364,1,0.351332,32.59246
776,kampala,mulimira,senegal,6,0,2.98502931002782,NA,0.351332,32.59246
777,kampala,mulimira,senegal,8,2,1.93659495516005,1,0.351332,32.59246
778,kampala,mulimira,senegal,6,0,2.98502931002782,NA,0.351332,32.59246
779,kampala,mulimira,senegal,6,0,3.88018108866505,NA,0.351332,32.59246
780,kampala,mulimira,senegal,8,1,2.89919656591643,1,0.351332,32.59246
781,kampala,kiruddu buziga,senegal,5,0,0.225970513237131,NA,0.25577,32.62395
782,kampala,kiruddu buziga,senegal,3,0,0.0801802525383328,NA,0.25577,32.62395
784,kampala,kiruddu buziga,senegal,8,2,1.92928403151251,0,0.25577,32.62395
785,kampala,kiruddu buziga,senegal,9,1,1.88019058045828,0,0.25577,32.62395
786,kampala,kiruddu buziga,senegal,8,0,0.426246916163712,NA,0.25577,32.62395
787,kampala,kiruddu buziga,senegal,7,0,3.52839224209891,NA,0.25577,32.62395
788,kampala,kiruddu buziga,senegal,10,1,1.96634320195464,0,0.25577,32.62395
789,kampala,kiruddu buziga,senegal,3,0,1.82641014286941,NA,0.25577,32.62395
790,kampala,kiruddu buziga,senegal,3,2,3.59705843738802,0,0.25577,32.62395
791,kampala,nakinyuguzi zone c,senegal,3,0,0.526385117627002,NA,0.26815,32.60222
792,kampala,nakinyuguzi zone c,senegal,8,3,2.89919656591643,1,0.26815,32.60222
793,kampala,nakinyuguzi zone c,senegal,5,1,2.84650051907653,0,0.26815,32.60222
794,kampala,nakinyuguzi zone c,senegal,5,0,0.225970513237131,NA,0.26815,32.60222
795,kampala,nakinyuguzi zone c,senegal,2,0,0.569301489682698,NA,0.26815,32.60222
796,kampala,nakinyuguzi zone c,senegal,6,2,3.51980896768777,0,0.26815,32.60222
797,kampala,nakinyuguzi zone c,senegal,4,1,3.56272533974346,0,0.26815,32.60222
798,kampala,nakinyuguzi zone c,senegal,6,3,3.54555879092119,0,0.26815,32.60222
799,kampala,nakinyuguzi zone c,senegal,2,2,4.20599772162578,1,0.26815,32.60222
800,kampala,nakinyuguzi zone c,senegal,2,0,-0.163884677753636,NA,0.26815,32.60222
801,wakiso,"kawafu ""a""",senegal,2,1,3.16124191293422,1,0.098,32.501
802,wakiso,"kawafu ""a""",senegal,2,0,2.0989504286419,NA,0.098,32.501
803,wakiso,"kawafu ""a""",senegal,6,1,2.95069621238327,0,0.098,32.501
804,wakiso,"kawafu ""a""",senegal,4,0,2.84973073732538,NA,0.098,32.501
805,wakiso,"kawafu ""a""",senegal,7,1,2.93639075503137,0,0.098,32.501
806,wakiso,"kawafu ""a""",senegal,1,0,1.94479928390395,NA,0.098,32.501
807,wakiso,"kawafu ""a""",senegal,5,1,-0.0592834429286533,0,0.098,32.501
808,wakiso,"kawafu ""a""",senegal,1,1,3.16124191293422,0,0.098,32.501
809,wakiso,"kawafu ""a""",senegal,8,0,0.23921186813014,NA,0.098,32.501
810,wakiso,"kawafu ""a""",senegal,4,1,0.540690574978901,1,0.098,32.501
811,mpigi,kasozi-ntenga,senegal,8,4,-0.389320905068341,0,0.08161,31.94261
812,mpigi,kasozi-ntenga,senegal,10,0,-1.88263958903404,NA,0.08161,31.94261
813,mpigi,kasozi-ntenga,senegal,9,0,-0.750374577643361,NA,0.08161,31.94261
814,mpigi,kasozi-ntenga,senegal,8,0,-1.19236979365341,NA,0.08161,31.94261
815,mpigi,kasozi-ntenga,senegal,3,0,-1.96212708493153,NA,0.08161,31.94261
816,mpigi,kasozi-ntenga,senegal,7,0,-1.51231437735336,NA,0.08161,31.94261
817,mpigi,kasozi-ntenga,senegal,8,0,-2.28005603280624,NA,0.08161,31.94261
818,mpigi,kasozi-ntenga,senegal,3,0,-1.79680684492265,NA,0.08161,31.94261
819,mpigi,kasozi-ntenga,senegal,3,0,-1.79680684492265,NA,0.08161,31.94261
820,mpigi,kasozi-ntenga,senegal,5,0,-0.454377014749628,NA,0.08161,31.94261
821,iganga,bubogo b,senegal,5,1,-0.551729751589411,0,0.66611,33.47934
822,iganga,bubogo b,senegal,6,9,-0.403099758654778,0,0.66611,33.47934
823,iganga,bubogo b,senegal,1,0,-0.338285853156232,NA,0.66611,33.47934
824,iganga,bubogo b,senegal,6,0,-0.995302276859759,NA,0.66611,33.47934
825,iganga,bubogo b,senegal,6,0,-0.580340666293208,NA,0.66611,33.47934
826,iganga,bubogo b,senegal,2,0,-0.627338079791529,NA,0.66611,33.47934
827,iganga,bubogo b,senegal,5,0,-0.97229977030974,NA,0.66611,33.47934
828,iganga,bubogo b,senegal,7,0,-0.892989803747345,NA,0.66611,33.47934
829,iganga,bubogo b,senegal,4,0,-1.70836434249575,NA,0.66611,33.47934
830,iganga,bubogo b,senegal,6,0,-1.38000530483885,NA,0.66611,33.47934
831,iganga,"idudi ""c""",senegal,6,0,2.67212067578985,NA,0.62319,33.6174
832,iganga,"idudi ""c""",senegal,3,1,-0.249717421865028,1,0.62319,33.6174
833,iganga,"idudi ""c""",senegal,5,0,0.913966411119336,NA,0.62319,33.6174
834,iganga,"idudi ""c""",senegal,11,1,-1.06465529197013,0,0.62319,33.6174
835,iganga,"idudi ""c""",senegal,3,0,1.05463990162587,NA,0.62319,33.6174
836,iganga,"idudi ""c""",senegal,1,2,0.641210768361258,1,0.62319,33.6174
837,iganga,"idudi ""c""",senegal,14,8,-1.99280892392296,1,0.62319,33.6174
838,iganga,"idudi ""c""",senegal,8,0,-0.00565249157305886,NA,0.62319,33.6174
839,iganga,"idudi ""c""",senegal,3,0,-0.532617682770067,NA,0.62319,33.6174
840,iganga,"idudi ""c""",senegal,4,8,-1.37626981494046,1,0.62319,33.6174
841,iganga,bukenke,senegal,16,5,-0.560986393291125,1,0.55361,33.62855
842,iganga,bukenke,senegal,6,1,-2.04795982904293,0,0.55361,33.62855
843,iganga,bukenke,senegal,8,9,-1.67370567222317,1,0.55361,33.62855
844,iganga,bukenke,senegal,10,0,-0.360709990364544,NA,0.55361,33.62855
845,iganga,bukenke,senegal,5,1,-0.360709990364544,0,0.55361,33.62855
846,iganga,bukenke,senegal,6,0,-0.789347107156041,NA,0.55361,33.62855
847,iganga,bukenke,senegal,3,0,-1.98521684783201,NA,0.55361,33.62855
848,iganga,bukenke,senegal,8,2,-1.49315253109032,1,0.55361,33.62855
849,iganga,bukenke,senegal,5,0,-2.3054580613771,NA,0.55361,33.62855
851,lira,ireda central,senegal,3,0,-0.803796320609733,1,2.22985,32.89252
852,lira,ireda central,senegal,2,0,-1.11847495276114,NA,2.22985,32.89252
853,lira,ireda central,senegal,6,3,0.247542348565408,1,2.22985,32.89252
854,lira,ireda central,senegal,3,0,-1.5334365633277,NA,2.22985,32.89252
855,lira,ireda central,senegal,11,0,2.38389572274915,NA,2.22985,32.89252
856,lira,ireda central,senegal,5,0,2.59972123372067,NA,2.22985,32.89252
857,lira,ireda central,senegal,12,0,1.34113104058291,NA,2.22985,32.89252
858,lira,ireda central,senegal,4,0,0.0124371263144851,NA,2.22985,32.89252
859,lira,ireda central,senegal,7,0,-0.187839276612095,NA,2.22985,32.89252
860,lira,ireda central,senegal,5,0,-0.58206667714064,NA,2.22985,32.89252
861,oyam,olaka/atyeto,senegal,9,0,-1.3977280009683,NA,2.30034154,32.63836793
862,oyam,olaka/atyeto,senegal,6,1,-2.07383505656691,0,2.30034154,32.63836793
863,oyam,olaka/atyeto,senegal,8,0,-2.02229199393645,NA,2.30034154,32.63836793
864,oyam,olaka/atyeto,senegal,5,2,-1.33623184763444,1,2.30034154,32.63836793
865,oyam,olaka/atyeto,senegal,6,0,-1.81633682423273,1,2.30034154,32.63836793
866,oyam,olaka/atyeto,senegal,6,0,-1.9252593312446,1,2.30034154,32.63836793
867,oyam,olaka/atyeto,senegal,8,0,-1.25481614501918,NA,2.30034154,32.63836793
868,oyam,olaka/atyeto,senegal,8,1,-0.694583293970957,0,2.30034154,32.63836793
869,oyam,olaka/atyeto,senegal,9,3,-0.653812740518046,1,2.30034154,32.63836793
870,oyam,olaka/atyeto,senegal,6,1,-0.728916391615514,1,2.30034154,32.63836793
871,kampala,busega central,senegal,4,0,2.65787368408435,NA,0.30932,32.51896
872,kampala,busega central,senegal,8,2,-0.268447498765304,0,0.30932,32.51896
873,kampala,busega central,senegal,8,2,2.9602331839512,1,0.30932,32.51896
874,kampala,busega central,senegal,3,0,1.23178170969361,NA,0.30932,32.51896
875,kampala,busega central,senegal,14,1,2.88632165429972,0,0.30932,32.51896
876,kampala,busega central,senegal,7,0,-0.0163670708729575,1,0.30932,32.51896
877,kampala,busega central,senegal,5,1,3.26815196130485,1,0.30932,32.51896
878,kampala,busega central,senegal,7,0,1.8791993821381,NA,0.30932,32.51896
879,kampala,busega central,senegal,8,4,0.920898389099639,0,0.30932,32.51896
880,kampala,busega central,senegal,1,3,3.64195556507706,0,0.30932,32.51896
881,masaka,gayaza nabowa,senegal,7,2,-1.86833413168215,1,-0.62889,31.48459
882,masaka,gayaza nabowa,senegal,3,5,-1.96212708493153,1,-0.62889,31.48459
883,masaka,gayaza nabowa,senegal,4,0,3.30522710740929,NA,-0.62889,31.48459
884,masaka,gayaza nabowa,senegal,4,6,0.348542550405689,1,-0.62889,31.48459
885,masaka,gayaza nabowa,senegal,6,0,0.617564946383695,NA,-0.62889,31.48459
886,masaka,gayaza nabowa,senegal,3,1,2.90777984032757,0,-0.62889,31.48459
887,masaka,gayaza nabowa,senegal,4,1,-1.75389047286696,1,-0.62889,31.48459
888,masaka,gayaza nabowa,senegal,1,0,-1.53065109870419,NA,-0.62889,31.48459
889,masaka,gayaza nabowa,senegal,5,4,1.96316223309929,1,-0.62889,31.48459
890,masaka,gayaza nabowa,senegal,4,4,1.67948730389754,1,-0.62889,31.48459
891,pallisa,kagumu 1,senegal,9,0,-2.49424668225854,NA,1.08955,33.85497
892,pallisa,kagumu 1,senegal,3,0,-1.46210255905185,NA,1.08955,33.85497
893,pallisa,kagumu 1,senegal,6,1,-0.728916391615514,0,1.08955,33.85497
894,pallisa,kagumu 1,senegal,6,0,-1.57102506606372,NA,1.08955,33.85497
895,pallisa,kagumu 1,senegal,4,0,-1.29043707082906,NA,1.08955,33.85497
896,pallisa,kagumu 1,senegal,3,0,-1.92555596108974,NA,1.08955,33.85497
897,pallisa,kagumu 1,senegal,5,0,-1.63376804727463,NA,1.08955,33.85497
898,pallisa,kagumu 1,senegal,7,0,-0.707458205587666,NA,1.08955,33.85497
899,pallisa,kagumu 1,senegal,9,0,-1.3977280009683,NA,1.08955,33.85497
900,pallisa,kagumu 1,senegal,2,0,-1.26182615612527,NA,1.08955,33.85497
901,kampala,muyenga lc i,senegal,3,1,3.51980896768777,1,0.29911,32.61857
902,kampala,muyenga lc i,senegal,4,1,3.47689259563207,1,0.29911,32.61857
903,kampala,muyenga lc i,senegal,2,0,3.47689259563207,NA,0.29911,32.61857
906,kampala,muyenga lc i,senegal,9,0,2.65028160799339,NA,0.29911,32.61857
907,kampala,muyenga lc i,senegal,12,0,3.47689259563207,NA,0.29911,32.61857
908,kampala,muyenga lc i,senegal,12,0,2.77903072416048,1,0.29911,32.61857
909,kampala,muyenga lc i,senegal,1,1,3.64855808385486,0,0.29911,32.61857
910,kampala,muyenga lc i,senegal,4,0,0.358777121247664,NA,0.29911,32.61857
912,mukono,bagala,senegal,2,3,3.90879200336884,1,0.64822,33.17245
913,mukono,bagala,senegal,1,0,1.7213297707154,1,0.64822,33.17245
914,mukono,bagala,senegal,5,2,3.03249279676713,1,0.64822,33.17245
915,mukono,bagala,senegal,7,6,0.595662056487241,0,0.64822,33.17245
916,mukono,bagala,senegal,1,0,1.99402349570235,NA,0.64822,33.17245
917,mukono,bagala,senegal,4,0,0.684127140416954,NA,0.64822,33.17245
918,mukono,bagala,senegal,4,1,2.96417439614057,1,0.64822,33.17245
919,mukono,bagala,senegal,11,0,2.02140328325068,NA,0.64822,33.17245
920,mukono,bagala,senegal,8,0,2.35214526878037,NA,0.64822,33.17245
921,kampala,gogonya 1 zone g,senegal,6,1,0.169130675748604,1,0.29483,32.5934
922,kampala,gogonya 1 zone g,senegal,4,1,2.90374368060004,1,0.29483,32.5934
923,kampala,gogonya 1 zone g,senegal,4,1,3.4652194780985,0,0.29483,32.5934
924,kampala,gogonya 1 zone g,senegal,3,0,2.01311768453051,NA,0.29483,32.5934
926,kampala,gogonya 1 zone g,senegal,2,0,1.99992663942473,NA,0.29483,32.5934
927,kampala,gogonya 1 zone g,senegal,3,1,0.191680831756197,1,0.29483,32.5934
928,kampala,gogonya 1 zone g,senegal,6,1,1.29615626777715,0,0.29483,32.5934
929,kampala,gogonya 1 zone g,senegal,6,0,3.70851560044226,NA,0.29483,32.5934
930,kampala,gogonya 1 zone g,senegal,5,1,-1.19763574520195,0,0.29483,32.5934
931,lira,baridike,senegal,12,8,-0.509980409648452,1,2.18621,32.93502
932,lira,baridike,senegal,7,0,-1.15808011217247,1,2.18621,32.93502
933,lira,baridike,senegal,11,0,-1.55883859189856,NA,2.18621,32.93502
934,lira,baridike,senegal,8,0,-2.056847481953,NA,2.18621,32.93502
935,lira,baridike,senegal,3,1,-1.25610397318451,1,2.18621,32.93502
936,lira,baridike,senegal,3,0,-1.2561117218383,NA,2.18621,32.93502
937,lira,baridike,senegal,7,1,-0.677416745148679,1,2.18621,32.93502
938,lira,baridike,senegal,3,0,-2.00504345698723,NA,2.18621,32.93502
939,lira,baridike,senegal,4,0,-1.31904798553286,NA,2.18621,32.93502
940,lira,baridike,senegal,1,0,-1.31885470304922,NA,2.18621,32.93502
941,bushenyi,rugarama ii,senegal,5,0,-1.67975342779196,NA,-0.27491,30.43991
943,bushenyi,rugarama ii,senegal,1,4,-2.04306862836656,0,-0.27491,30.43991
944,bushenyi,rugarama ii,senegal,4,1,-1.62253159838436,0,-0.27491,30.43991
945,bushenyi,rugarama ii,senegal,3,1,-1.60107341235651,0,-0.27491,30.43991
946,bushenyi,rugarama ii,senegal,5,0,-0.996636361087267,NA,-0.27491,30.43991
947,bushenyi,rugarama ii,senegal,6,0,-1.09633521513555,NA,-0.27491,30.43991
949,bushenyi,rugarama ii,senegal,4,0,-0.30348816095695,NA,-0.27491,30.43991
950,bushenyi,rugarama ii,senegal,4,0,-1.65114251308816,NA,-0.27491,30.43991
951,butalejja,busolwe south b,senegal,5,0,-0.0525127061717715,NA,0.84837,33.93236
952,butalejja,busolwe south b,senegal,3,1,0.0801802525383328,0,0.84837,33.93236
953,butalejja,busolwe south b,senegal,12,0,-1.54793530316324,NA,0.84837,33.93236
954,butalejja,busolwe south b,senegal,7,0,1.50367113140252,1,0.84837,33.93236
955,butalejja,busolwe south b,senegal,4,1,-0.625917098681844,1,0.84837,33.93236
956,butalejja,busolwe south b,senegal,2,0,-1.6506159093227,1,0.84837,33.93236
957,butalejja,busolwe south b,senegal,5,1,2.82194709621618,0,0.84837,33.93236
958,butalejja,busolwe south b,senegal,8,0,-0.17410909366291,NA,0.84837,33.93236
959,butalejja,busolwe south b,senegal,4,1,-0.81769221532423,1,0.84837,33.93236
960,butalejja,busolwe south b,senegal,5,0,-1.34765890023666,NA,0.84837,33.93236
961,sironko,bukisa,senegal,5,1,-1.29025002043191,1,0.85264,34.38154
962,sironko,bukisa,senegal,4,0,-2.22851297017578,NA,0.85264,34.38154
963,sironko,bukisa,senegal,9,1,-2.59724597519221,1,0.85264,34.38154
964,sironko,bukisa,senegal,3,1,-0.600167275448426,1,0.85264,34.38154
965,sironko,bukisa,senegal,4,1,-0.643083647504122,0,0.85264,34.38154
966,sironko,bukisa,senegal,3,1,-1.35769003366229,0,0.85264,34.38154
967,sironko,bukisa,senegal,8,1,-1.36627330807343,0,0.85264,34.38154
968,sironko,bukisa,senegal,6,0,-1.48643914982937,1,0.85264,34.38154
969,sironko,bukisa,senegal,6,0,-2.51141323108082,NA,0.85264,34.38154
970,sironko,bukisa,senegal,8,1,-1.86405980775588,0,0.85264,34.38154
971,bududa,buraba,senegal,7,0,-2.64016234724791,NA,1.08676,34.40457
972,bududa,buraba,senegal,5,1,-2.09722144931252,1,1.08676,34.40457
973,bududa,buraba,senegal,6,1,-2.25765048864504,0,1.08676,34.40457
974,bududa,buraba,senegal,7,1,-2.25712388487958,0,1.08676,34.40457
975,bududa,buraba,senegal,7,0,-1.73697525719955,NA,1.08676,34.40457
976,bududa,buraba,senegal,1,1,-0.727602210119123,0,1.08676,34.40457
977,bududa,buraba,senegal,1,1,-1.80308473951721,0,1.08676,34.40457
978,bududa,buraba,senegal,6,0,-1.85089231224928,NA,1.08676,34.40457
979,bududa,buraba,senegal,6,1,-2.22851297017578,0,1.08676,34.40457
980,bududa,buraba,senegal,5,1,-1.04289017415821,0,1.08676,34.40457
981,pallisa,rarak\kaucho b,senegal,5,0,-1.16375887894961,NA,1.18376,33.71364
982,pallisa,rarak\kaucho b,senegal,1,2,2.91531345077213,1,1.18376,33.71364
983,pallisa,rarak\kaucho b,senegal,6,1,-1.33335344288476,0,1.18376,33.71364
984,pallisa,rarak\kaucho b,senegal,3,1,0.972398035566474,1,1.18376,33.71364
985,pallisa,rarak\kaucho b,senegal,2,0,0.703397690495086,1,1.18376,33.71364
986,pallisa,rarak\kaucho b,senegal,1,0,-0.102388524419771,NA,1.18376,33.71364
987,pallisa,rarak\kaucho b,senegal,2,0,-0.835574691856105,NA,1.18376,33.71364
988,pallisa,rarak\kaucho b,senegal,2,0,-1.75389047286696,NA,1.18376,33.71364
989,pallisa,rarak\kaucho b,senegal,1,0,-1.39351835188968,NA,1.18376,33.71364
990,pallisa,rarak\kaucho b,senegal,4,0,2.96786276120554,NA,1.18376,33.71364
991,kampala,wheeling zone c,senegal,3,0,1.54350988196437,1,0.292038,32.6046
992,kampala,wheeling zone c,senegal,4,0,1.4985708692161,NA,0.292038,32.6046
993,kampala,wheeling zone c,senegal,3,0,0.910641339602944,NA,0.292038,32.6046
994,kampala,wheeling zone c,senegal,4,0,1.9202458610436,NA,0.292038,32.6046
995,kampala,wheeling zone c,senegal,1,0,1.53742974942835,NA,0.292038,32.6046
996,kampala,wheeling zone c,senegal,5,0,2.89026549684274,NA,0.292038,32.6046
997,kampala,wheeling zone c,senegal,2,0,-0.149577885067289,NA,0.292038,32.6046
998,kampala,wheeling zone c,senegal,3,0,2.22339615261328,1,0.292038,32.6046
999,kampala,wheeling zone c,senegal,4,7,2.96786276120554,1,0.292038,32.6046
1000,kampala,wheeling zone c,senegal,2,0,-0.627338079791529,1,0.292038,32.6046
1001,busia,custom road b,senegal,9,0,0.9845851021943,NA,0.3860537751,34.03459414
1002,busia,custom road b,senegal,4,0,-0.950544954436756,NA,0.3860537751,34.03459414
1003,busia,custom road b,senegal,3,0,0.391304612118035,NA,0.3860537751,34.03459414
1004,busia,custom road b,senegal,8,0,1.92728494041912,NA,0.3860537751,34.03459414
1005,busia,custom road b,senegal,11,0,-1.45344504516756,NA,0.3860537751,34.03459414
1006,busia,custom road b,senegal,3,3,-1.39301432962703,0,0.3860537751,34.03459414
1007,busia,custom road b,senegal,6,0,-0.839310181754499,NA,0.3860537751,34.03459414
1008,busia,custom road b,senegal,7,1,2.4779850584932,0,0.3860537751,34.03459414
1009,busia,custom road b,senegal,3,0,0.218627180849232,NA,0.3860537751,34.03459414
1010,busia,custom road b,senegal,2,0,-0.0106526365859926,NA,0.3860537751,34.03459414
1011,mayuge,nango beach,senegal,9,1,-1.77437047745193,0,0.19358,33.47831
1012,mayuge,nango beach,senegal,6,1,-1.25576617029407,0,0.19358,33.47831
1013,mayuge,nango beach,senegal,7,1,-0.699391970316484,0,0.19358,33.47831
1014,mayuge,nango beach,senegal,3,1,-1.6426557001847,0,0.19358,33.47831
1015,mayuge,nango beach,senegal,8,3,-1.43349164434805,0,0.19358,33.47831
1016,mayuge,nango beach,senegal,6,1,-1.83972321697835,0,0.19358,33.47831
1017,mayuge,nango beach,senegal,5,1,-2.09087620109862,0,0.19358,33.47831
1018,mayuge,nango beach,senegal,2,0,-0.481340426675218,NA,0.19358,33.47831
1019,mayuge,nango beach,senegal,7,0,0.244166408319705,NA,0.19358,33.47831
1020,mayuge,nango beach,senegal,4,0,-0.389320905068341,NA,0.19358,33.47831
1021,tororo,agururu a ward cell,senegal,5,0,0.185349442414317,NA,0.699084,34.17119
1022,tororo,agururu a ward cell,senegal,9,4,1.12983786419967,0,0.699084,34.17119
1023,tororo,agururu a ward cell,senegal,3,2,0.144491471108679,1,0.699084,34.17119
1024,tororo,agururu a ward cell,senegal,4,2,1.9202458610436,0,0.699084,34.17119
1025,tororo,agururu a ward cell,senegal,7,2,0.742215141116979,1,0.699084,34.17119
1026,tororo,agururu a ward cell,senegal,7,3,2.58334485208113,0,0.699084,34.17119
1027,tororo,agururu a ward cell,senegal,4,0,-0.624013008275137,NA,0.699084,34.17119
1028,tororo,agururu a ward cell,senegal,5,0,0.866992547220194,NA,0.699084,34.17119
1029,tororo,agururu a ward cell,senegal,3,1,-0.389604538841439,0,0.699084,34.17119
1030,tororo,agururu a ward cell,senegal,1,0,-0.529256943743848,NA,0.699084,34.17119
1031,mayuge,ntafungirwa,senegal,6,5,-0.63082182691678,1,0.52572,33.50214
1032,mayuge,ntafungirwa,senegal,2,1,-2.51141323108082,0,0.52572,33.50214
1033,mayuge,ntafungirwa,senegal,7,0,0.0814698453401884,NA,0.52572,33.50214
1034,mayuge,ntafungirwa,senegal,3,3,-1.96212708493153,0,0.52572,33.50214
1035,mayuge,ntafungirwa,senegal,6,0,-1.55682295607331,NA,0.52572,33.50214
1036,mayuge,ntafungirwa,senegal,5,4,-2.55432960313651,1,0.52572,33.50214
1037,mayuge,ntafungirwa,senegal,5,0,-1.88263958903404,NA,0.52572,33.50214
1038,mayuge,ntafungirwa,senegal,9,2,-2.13379257315432,1,0.52572,33.50214
1039,mayuge,ntafungirwa,senegal,10,0,-2.09722144931252,1,0.52572,33.50214
1040,mayuge,ntafungirwa,senegal,10,0,-1.49071347375564,NA,0.52572,33.50214
1041,busia,busabi,senegal,8,1,-1.57227189394077,0,0.7683,33.8733
1042,busia,busabi,senegal,5,2,-1.4968654394859,0,0.7683,33.8733
1043,busia,busabi,senegal,3,0,-2.00504345698723,NA,0.7683,33.8733
1044,busia,busabi,senegal,3,1,-1.05496316360203,1,0.7683,33.8733
1045,busia,busabi,senegal,3,2,-1.25610397318451,1,0.7683,33.8733
1046,busia,busabi,senegal,1,1,0.991797820844265,1,0.7683,33.8733
1047,busia,busabi,senegal,7,9,-1.42921732042178,1,0.7683,33.8733
1048,busia,busabi,senegal,7,0,-1.34910675925115,NA,0.7683,33.8733
1049,busia,busabi,senegal,5,1,-1.32899932119618,0,0.7683,33.8733
1050,busia,busabi,senegal,1,0,-1.53065109870419,1,0.7683,33.8733
1051,tororo,kagwara b,senegal,11,5,1.74734924566535,1,0.66711,34.12378
1052,tororo,kagwara b,senegal,2,0,-2.51141323108082,NA,0.66711,34.12378
1053,tororo,kagwara b,senegal,8,1,-1.36403528187619,0,0.66711,34.12378
1054,tororo,kagwara b,senegal,4,3,1.32500129058661,0,0.66711,34.12378
1055,tororo,kagwara b,senegal,4,8,-0.0306725282248561,1,0.66711,34.12378
1056,tororo,kagwara b,senegal,4,1,-0.75958437173492,0,0.66711,34.12378
1057,tororo,kagwara b,senegal,7,7,-1.14087014718657,1,0.66711,34.12378
1058,tororo,kagwara b,senegal,7,0,-2.17670894521001,NA,0.66711,34.12378
1059,tororo,kagwara b,senegal,5,0,-0.432237277124037,1,0.66711,34.12378
1060,tororo,kagwara b,senegal,1,0,-1.67922682402649,NA,0.66711,34.12378
1061,iganga,kakumbi,senegal,4,6,-1.29043707082906,1,0.67603,33.41566
1062,iganga,kakumbi,senegal,5,0,-1.77534865889481,NA,0.67603,33.41566
1063,iganga,kakumbi,senegal,1,1,0.251845740761116,0,0.67603,33.41566
1064,iganga,kakumbi,senegal,5,0,-1.31189525685691,NA,0.67603,33.41566
1065,iganga,kakumbi,senegal,8,1,-0.728916391615514,0,0.67603,33.41566
1066,iganga,kakumbi,senegal,3,5,-0.656949757441018,1,0.67603,33.41566
1067,iganga,kakumbi,senegal,5,0,-0.618560006329439,NA,0.67603,33.41566
1068,iganga,kakumbi,senegal,2,0,-1.15303044077769,NA,0.67603,33.41566
1069,iganga,kakumbi,senegal,6,0,-1.48643914982937,NA,0.67603,33.41566
1070,iganga,kakumbi,senegal,9,4,-1.3977280009683,1,0.67603,33.41566
1071,bugiri,buswiriri,senegal,7,0,-1.96847233314544,NA,0.54415,33.81082
1072,bugiri,buswiriri,senegal,5,0,-1.65940021487128,NA,0.54415,33.81082
1073,bugiri,buswiriri,senegal,10,1,-1.55037436049792,0,0.54415,33.81082
1074,bugiri,buswiriri,senegal,6,5,-1.72771861549784,0,0.54415,33.81082
1075,bugiri,buswiriri,senegal,6,4,-2.85474420752638,0,0.54415,33.81082
1076,bugiri,buswiriri,senegal,6,1,-2.13379257315432,0,0.54415,33.81082
1077,bugiri,buswiriri,senegal,1,1,-1.36177107510491,0,0.54415,33.81082
1078,bugiri,buswiriri,senegal,7,0,-2.64016234724791,NA,0.54415,33.81082
1079,bugiri,buswiriri,senegal,4,0,-1.43593070168273,NA,0.54415,33.81082
1080,bugiri,buswiriri,senegal,8,0,-2.21962531726571,NA,0.54415,33.81082
1081,tororo,pajokwo,senegal,6,0,-1.57102506606372,NA,0.6266,34.04194
1082,tororo,pajokwo,senegal,3,0,-2.59724597519221,NA,0.6266,34.04194
1083,tororo,pajokwo,senegal,5,5,-1.37199549101419,0,0.6266,34.04194
1084,tororo,pajokwo,senegal,5,3,-1.81111230227455,0,0.6266,34.04194
1085,tororo,pajokwo,senegal,3,3,-1.07220395189746,0,0.6266,34.04194
1086,tororo,pajokwo,senegal,8,2,-1.3419367172959,1,0.6266,34.04194
1087,tororo,pajokwo,senegal,7,0,-0.757527306319311,NA,0.6266,34.04194
1088,tororo,pajokwo,senegal,9,0,-2.64878903782267,NA,0.6266,34.04194
1089,tororo,pajokwo,senegal,10,0,-1.41918618699615,NA,0.6266,34.04194
1090,tororo,pajokwo,senegal,8,3,-2.36562297038202,0,0.6266,34.04194
1091,bugiri,bukerekere,senegal,6,4,-0.643083647504122,0,0.36215,33.80567
1092,bugiri,bukerekere,senegal,10,2,-1.41918618699615,0,0.36215,33.80567
1093,bugiri,bukerekere,senegal,6,0,-0.227848956691614,NA,0.36215,33.80567
1094,bugiri,bukerekere,senegal,2,2,-2.14268022606439,1,0.36215,33.80567
1095,bugiri,bukerekere,senegal,4,0,-1.28937163303573,NA,0.36215,33.80567
1096,bugiri,bukerekere,senegal,7,2,-2.65767669073274,0,0.36215,33.80567
1097,bugiri,bukerekere,senegal,7,2,0.216932342768222,0,0.36215,33.80567
1098,bugiri,bukerekere,senegal,4,0,-0.935906175803041,NA,0.36215,33.80567
1099,bugiri,bukerekere,senegal,10,1,-3.19807518397195,0,0.36215,33.80567
1100,bugiri,bukerekere,senegal,2,2,-1.61648384281558,1,0.36215,33.80567
1101,gulu,forest cell,senegal,6,0,-2.25438819769976,NA,2.768430394,32.28993145
1102,gulu,forest cell,senegal,7,0,-1.85925319628843,NA,2.768430394,32.28993145
1103,gulu,forest cell,senegal,3,1,-0.886083140002753,1,2.768430394,32.28993145
1104,gulu,forest cell,senegal,13,0,-1.47961690253668,NA,2.768430394,32.28993145
1105,gulu,forest cell,senegal,2,0,-0.505677017452745,NA,2.768430394,32.28993145
1106,gulu,forest cell,senegal,4,0,-2.08272270947698,NA,2.768430394,32.28993145
1107,gulu,forest cell,senegal,4,1,-0.971915884114145,0,2.768430394,32.28993145
1108,gulu,forest cell,senegal,5,0,-1.70510205155048,NA,2.768430394,32.28993145
1109,gulu,forest cell,senegal,2,0,-0.99731791268501,NA,2.768430394,32.28993145
1110,gulu,forest cell,senegal,3,0,-0.886083140002753,NA,2.768430394,32.28993145
1111,gulu,ochaga,senegal,5,1,-2.23687385421493,0,2.64337,32.28041
1112,gulu,ochaga,senegal,1,1,-2.10812473804784,1,2.64337,32.28041
1113,gulu,ochaga,senegal,10,0,-2.45145571449341,NA,2.64337,32.28041
1114,gulu,ochaga,senegal,8,0,-2.42605368592255,NA,2.64337,32.28041
1115,gulu,ochaga,senegal,4,0,-1.25481614501918,NA,2.64337,32.28041
1116,gulu,ochaga,senegal,10,4,-1.64840682590835,0,2.64337,32.28041
1117,gulu,ochaga,senegal,4,0,-1.73050408012134,NA,2.64337,32.28041
1118,gulu,ochaga,senegal,5,2,-2.16855545358837,0,2.64337,32.28041
1119,gulu,ochaga,senegal,4,0,-1.25481614501918,NA,2.64337,32.28041
1120,gulu,ochaga,senegal,11,1,-2.33701205567822,0,2.64337,32.28041
1121,kaabong,lobatou,senegal,5,0,-2.55432960313651,NA,3.66412,34.0566
1122,kaabong,lobatou,senegal,3,0,-2.46849685902512,NA,3.66412,34.0566
1123,kaabong,lobatou,senegal,8,0,-2.6830787193036,NA,3.66412,34.0566
1124,kaabong,lobatou,senegal,6,0,-2.51141323108082,NA,3.66412,34.0566
1125,kaabong,lobatou,senegal,5,0,-2.27142934223147,NA,3.66412,34.0566
1126,kaabong,lobatou,senegal,9,0,-2.44309483045426,NA,3.66412,34.0566
1127,kaabong,lobatou,senegal,7,0,-2.35726208634287,NA,3.66412,34.0566
1128,kaabong,lobatou,senegal,6,0,-2.31434571428717,NA,3.66412,34.0566
1129,kaabong,lobatou,senegal,7,0,-2.25712388487958,NA,3.66412,34.0566
1130,kaabong,lobatou,senegal,9,0,-2.44309483045426,NA,3.66412,34.0566
1131,amuria,osepai/dokolomoru,senegal,4,1,-1.34338457631039,1,1.97411,33.65013
1132,amuria,osepai/dokolomoru,senegal,6,0,-0.6602501963264,NA,1.97411,33.65013
1133,amuria,osepai/dokolomoru,senegal,4,0,-1.34338457631039,NA,1.97411,33.65013
1134,amuria,osepai/dokolomoru,senegal,7,0,-2.48995504505297,NA,1.97411,33.65013
1135,amuria,osepai/dokolomoru,senegal,8,0,-2.51141323108082,NA,1.97411,33.65013
1136,amuria,osepai/dokolomoru,senegal,2,0,-1.87629434082014,NA,1.97411,33.65013
1137,amuria,osepai/dokolomoru,senegal,9,0,-0.750374577643361,NA,1.97411,33.65013
1138,amuria,osepai/dokolomoru,senegal,3,1,-1.48643914982937,1,1.97411,33.65013
1139,amuria,osepai/dokolomoru,senegal,5,1,-1.04607551069196,1,1.97411,33.65013
1140,amuria,osepai/dokolomoru,senegal,6,1,-1.23886318488908,1,1.97411,33.65013
1141,amuru,andara c,senegal,7,0,-1.72819181445096,NA,2.98495,32.01994
1142,amuru,andara c,senegal,7,0,-2.32270659832632,NA,2.98495,32.01994
1143,amuru,andara c,senegal,7,0,-1.75911499482514,NA,2.98495,32.01994
1144,amuru,andara c,senegal,8,0,-1.90216956834413,NA,2.98495,32.01994
1145,amuru,andara c,senegal,4,0,-2.08272270947698,NA,2.98495,32.01994
1146,amuru,andara c,senegal,5,0,-1.95397359330989,NA,2.98495,32.01994
1147,amuru,andara c,senegal,8,1,-2.36562297038202,1,2.98495,32.01994
1148,amuru,andara c,senegal,7,0,-1.75911499482514,NA,2.98495,32.01994
1149,amuru,andara c,senegal,8,0,-2.25117931156683,NA,2.98495,32.01994
1150,amuru,andara c,senegal,4,0,-2.08272270947698,NA,2.98495,32.01994
1151,gulu,layibi centre a,senegal,6,1,-0.814749135726905,1,2.74065,32.29671
1152,gulu,layibi centre a,senegal,10,0,-1.52223664474724,NA,2.74065,32.29671
1153,gulu,layibi centre a,senegal,9,0,-0.943498251893993,NA,2.74065,32.29671
1154,gulu,layibi centre a,senegal,5,0,-1.03637769854815,NA,2.74065,32.29671
1155,gulu,layibi centre a,senegal,7,0,-1.40488072964425,NA,2.74065,32.29671
1156,gulu,layibi centre a,senegal,8,1,-1.140372486204,1,2.74065,32.29671
1157,gulu,layibi centre a,senegal,5,1,-0.089620368479882,0,2.74065,32.29671
1158,gulu,layibi centre a,senegal,5,2,-1.55652632622817,0,2.74065,32.29671
1159,gulu,layibi centre a,senegal,7,3,-1.5476386733181,0,2.74065,32.29671
1160,gulu,layibi centre a,senegal,3,0,-1.99688996536559,NA,2.74065,32.29671
1161,apac,otwori ipiny,senegal,4,0,-2.36562297038202,NA,2.13403,32.81462
1162,apac,otwori ipiny,senegal,9,0,-1.34438437902897,NA,2.13403,32.81462
1163,apac,otwori ipiny,senegal,4,0,-1.11847495276114,NA,2.13403,32.81462
1164,apac,otwori ipiny,senegal,5,0,-1.0010534025834,1,2.13403,32.81462
1165,apac,otwori ipiny,senegal,8,0,-1.29658903655932,NA,2.13403,32.81462
1166,apac,otwori ipiny,senegal,5,0,0.157628563011391,NA,2.13403,32.81462
1167,apac,otwori ipiny,senegal,9,0,-1.16898340090779,NA,2.13403,32.81462
1168,apac,otwori ipiny,senegal,3,0,-0.951523135879635,NA,2.13403,32.81462
1169,apac,otwori ipiny,senegal,11,0,-0.711875247083803,NA,2.13403,32.81462
1170,apac,otwori ipiny,senegal,1,0,-0.643083647504122,NA,2.13403,32.81462
1171,pader,moyo,senegal,4,0,-2.19395748215924,NA,3.65806,31.72776
1172,pader,moyo,senegal,10,0,-2.59771917414533,NA,3.65806,31.72776
1173,pader,moyo,senegal,4,0,-1.55883859189856,NA,3.65806,31.72776
1174,pader,moyo,senegal,8,0,-1.17569678216874,NA,3.65806,31.72776
1175,pader,moyo,senegal,5,0,-2.16534656745544,NA,3.65806,31.72776
1176,pader,moyo,senegal,4,0,-1.70783773873029,NA,3.65806,31.72776
1177,pader,moyo,senegal,5,0,-2.19990205547198,NA,3.65806,31.72776
1178,pader,moyo,senegal,1,0,-2.14268022606439,NA,3.65806,31.72776
1179,pader,moyo,senegal,6,0,-2.57184394662134,NA,3.65806,31.72776
1180,pader,moyo,senegal,1,0,-1.91921071287584,NA,3.65806,31.72776
1181,pader,lalal west,senegal,9,0,-1.13993313878899,NA,2.74658,33.47523
1182,pader,lalal west,senegal,1,0,0.343623058185253,NA,2.74658,33.47523
1183,pader,lalal west,senegal,9,0,-2.46849685902512,NA,2.74658,33.47523
1184,pader,lalal west,senegal,1,0,-0.282711526526845,NA,2.74658,33.47523
1185,pader,lalal west,senegal,7,0,-1.73939173303141,NA,2.74658,33.47523
1186,pader,lalal west,senegal,1,0,-2.36835865756183,NA,2.74658,33.47523
1187,pader,lalal west,senegal,11,1,-1.55883859189856,0,2.74658,33.47523
1188,pader,lalal west,senegal,6,0,-1.14464681013027,NA,2.74658,33.47523
1189,pader,lalal west,senegal,5,0,-0.881627425992771,NA,2.74658,33.47523
1190,pader,lalal west,senegal,11,0,-1.5397818115416,NA,2.74658,33.47523
1191,nakapiripirit,lobulio,senegal,3,0,-1.48643914982937,NA,3.492,34.12477
1192,nakapiripirit,lobulio,senegal,4,0,-2.6830787193036,NA,3.492,34.12477
1193,nakapiripirit,lobulio,senegal,6,0,-1.95981481926115,NA,3.492,34.12477
1194,nakapiripirit,lobulio,senegal,1,0,-1.21319534978261,NA,3.492,34.12477
1196,nakapiripirit,lobulio,senegal,4,0,-2.45419140167322,NA,3.492,34.12477
1197,nakapiripirit,lobulio,senegal,6,0,-2.51514872097921,NA,3.492,34.12477
1198,nakapiripirit,lobulio,senegal,5,0,-2.76891146341499,NA,3.492,34.12477
1199,nakapiripirit,lobulio,senegal,7,0,-2.17670894521001,NA,3.492,34.12477
1200,nakapiripirit,lobulio,senegal,6,0,-2.20739078420144,NA,3.492,34.12477
1201,kampala,mutungo zone b,senegal,4,3,2.95069621238327,1,0.31591,32.64256
1202,kampala,mutungo zone b,senegal,1,0,2.18478317275329,NA,0.31591,32.64256
1203,kampala,mutungo zone b,senegal,1,1,2.20276413002957,0,0.31591,32.64256
1204,kampala,mutungo zone b,senegal,2,2,3.90879200336884,1,0.31591,32.64256
1205,kampala,mutungo zone b,senegal,1,0,4.22030317897768,1,0.31591,32.64256
1206,kampala,mutungo zone b,senegal,4,0,4.07724860545869,NA,0.31591,32.64256
1207,kampala,mutungo zone b,senegal,2,1,2.05676647691326,0,0.31591,32.64256
1208,kampala,mutungo zone b,senegal,1,1,3.9028474300561,0,0.31591,32.64256
1209,kampala,mutungo zone b,senegal,3,0,3.8456256006485,NA,0.31591,32.64256
1210,kampala,mutungo zone b,senegal,1,1,4.22030317897768,1,0.31591,32.64256
1211,kampala,kinawataka zone,senegal,4,0,1.6443611299149,NA,0.8651,33.60492
1212,kampala,kinawataka zone,senegal,2,0,-1.23936720715173,NA,0.8651,33.60492
1213,kampala,kinawataka zone,senegal,5,3,0.911967320025947,0,0.8651,33.60492
1214,kampala,kinawataka zone,senegal,9,3,-0.930927718776215,0,0.8651,33.60492
1215,kampala,kinawataka zone,senegal,2,2,2.14592429254104,1,0.8651,33.60492
1216,kampala,kinawataka zone,senegal,1,0,3.20415828498991,NA,0.8651,33.60492
1217,kampala,kinawataka zone,senegal,6,0,2.73207819237726,NA,0.8651,33.60492
1218,kampala,kinawataka zone,senegal,5,1,3.75143197249796,0,0.8651,33.60492
1219,kampala,kinawataka zone,senegal,6,0,1.44729361312125,NA,0.8651,33.60492
1220,kampala,kinawataka zone,senegal,3,0,0.614276262488451,NA,0.8651,33.60492
1221,kampala,kirombe zone b,senegal,2,0,4.16308134957009,NA,0.321906,32.65445
1222,kampala,kirombe zone b,senegal,1,1,2.74070488295202,0,0.321906,32.65445
1223,kampala,kirombe zone b,senegal,4,1,1.82769973567126,0,0.321906,32.65445
1224,kampala,kirombe zone b,senegal,2,1,2.96644178009586,0,0.321906,32.65445
1225,kampala,kirombe zone b,senegal,2,0,2.61195576678493,NA,0.321906,32.65445
1226,kampala,kirombe zone b,senegal,2,1,3.07540916882282,0,0.321906,32.65445
1227,kampala,kirombe zone b,senegal,1,0,4.22030317897768,NA,0.321906,32.65445
1228,kampala,kirombe zone b,senegal,2,1,3.276512845344,0,0.321906,32.65445
1229,kampala,kirombe zone b,senegal,2,0,3.276512845344,1,0.321906,32.65445
1230,kampala,kirombe zone b,senegal,2,0,2.51388848960927,NA,0.321906,32.65445
1231,kampala,kasenke zone b,senegal,4,1,3.10078986527777,0,0.3331595259,32.60719748
1232,kampala,kasenke zone b,senegal,3,1,2.22339615261328,0,0.3331595259,32.60719748
1233,kampala,kasenke zone b,senegal,4,0,-1.47069358211678,NA,0.3331595259,32.60719748
1234,kampala,kasenke zone b,senegal,4,1,0.845899267298641,0,0.3331595259,32.60719748
1235,kampala,kasenke zone b,senegal,1,1,1.90819075159095,1,0.3331595259,32.60719748
1236,kampala,kasenke zone b,senegal,5,1,1.41501202260314,1,0.3331595259,32.60719748
1238,kampala,kasenke zone b,senegal,2,0,1.28947179256899,NA,0.3331595259,32.60719748
1239,kampala,kasenke zone b,senegal,2,1,2.43438713483976,1,0.3331595259,32.60719748
1240,kampala,kasenke zone b,senegal,1,0,2.52021987895115,NA,0.3331595259,32.60719748
1241,kampala,kisaasi central,senegal,1,0,2.69778851089632,NA,0.37998,32.60071
1242,kampala,kisaasi central,senegal,2,1,2.43438713483976,0,0.37998,32.60071
1243,kampala,kisaasi central,senegal,3,1,3.51980896768777,0,0.37998,32.60071
1244,kampala,kisaasi central,senegal,2,1,2.26631252466898,0,0.37998,32.60071
1245,kampala,kisaasi central,senegal,1,0,4.16308134957009,NA,0.37998,32.60071
1246,kampala,kisaasi central,senegal,3,1,4.18453953559793,0,0.37998,32.60071
1247,kampala,kisaasi central,senegal,1,0,0.656423826595945,NA,0.37998,32.60071
1248,kampala,kisaasi central,senegal,2,1,4.19169226427388,0,0.37998,32.60071
1249,kampala,kisaasi central,senegal,1,1,2.90816072209618,0,0.37998,32.60071
1250,kampala,kisaasi central,senegal,2,0,1.53742974942835,NA,0.37998,32.60071
1251,mukono,nkoko a,senegal,4,2,2.303097986431,1,0.39765,32.92922
1252,mukono,nkoko a,senegal,1,1,0.618163770385587,0,0.39765,32.92922
1253,mukono,nkoko a,senegal,3,0,3.11832554087852,NA,0.39765,32.92922
1254,mukono,nkoko a,senegal,10,1,2.20909069526138,0,0.39765,32.92922
1255,mukono,nkoko a,senegal,5,1,2.98288349142504,0,0.39765,32.92922
1256,mukono,nkoko a,senegal,6,0,2.22339615261328,NA,0.39765,32.92922
1257,mukono,nkoko a,senegal,1,1,-1.21319534978261,0,0.39765,32.92922
1258,mukono,nkoko a,senegal,1,0,2.61810773251519,NA,0.39765,32.92922
1259,mukono,nkoko a,senegal,8,0,2.21481287820214,NA,0.39765,32.92922
1260,mukono,nkoko a,senegal,8,0,2.86486346827187,NA,0.39765,32.92922
1261,hoima,bujumbura,senegal,4,2,0.245543257472019,0,-0.5913,29.846
1262,hoima,bujumbura,senegal,5,1,-0.0235197995489068,1,-0.5913,29.846
1263,hoima,bujumbura,senegal,3,0,0.237922275328285,NA,-0.5913,29.846
1264,hoima,bujumbura,senegal,10,4,-0.0878943576324505,0,-0.5913,29.846
1266,hoima,bujumbura,senegal,3,3,2.83542527997348,0,-0.5913,29.846
1267,hoima,bujumbura,senegal,2,1,0.286401228777658,1,-0.5913,29.846
1268,hoima,bujumbura,senegal,3,0,-0.643083647504122,NA,-0.5913,29.846
1269,hoima,bujumbura,senegal,4,1,1.58642625402006,0,-0.5913,29.846
1270,hoima,bujumbura,senegal,3,3,3.3024850589494,1,-0.5913,29.846
1271,masindi,kinumi,senegal,2,1,-1.24752069877337,1,1.70249,31.86349
1272,masindi,kinumi,senegal,1,1,-1.4023240166728,1,1.70249,31.86349
1273,masindi,kinumi,senegal,5,1,-0.477066102748947,0,1.70249,31.86349
1274,masindi,kinumi,senegal,9,1,0.22608416253756,0,1.70249,31.86349
1275,masindi,kinumi,senegal,7,2,-0.707458205587666,1,1.70249,31.86349
1276,masindi,kinumi,senegal,3,0,-0.643083647504122,NA,1.70249,31.86349
1277,masindi,kinumi,senegal,1,0,-1.91921071287584,NA,1.70249,31.86349
1278,masindi,kinumi,senegal,2,1,-2.04795982904293,0,1.70249,31.86349
1279,masindi,kinumi,senegal,3,0,-0.686000019559818,NA,1.70249,31.86349
1280,masindi,kinumi,senegal,2,0,-1.37626981494046,NA,1.70249,31.86349
1281,kibaale,kirangwa,senegal,1,0,-1.22177087553995,NA,0.80527,31.09624
1282,kibaale,kirangwa,senegal,1,0,-1.89775252684799,NA,0.80527,31.09624
1283,kibaale,kirangwa,senegal,4,1,-1.37626981494046,1,0.80527,31.09624
1284,kibaale,kirangwa,senegal,2,0,-1.93351617022774,NA,0.80527,31.09624
1285,kibaale,kirangwa,senegal,4,1,-1.96212708493153,0,0.80527,31.09624
1286,kibaale,kirangwa,senegal,1,0,-2.02161044233871,NA,0.80527,31.09624
1287,kibaale,kirangwa,senegal,2,0,-2.42558048696943,NA,0.80527,31.09624
1288,kibaale,kirangwa,senegal,4,0,-1.34338457631039,NA,0.80527,31.09624
1289,kibaale,kirangwa,senegal,1,0,-1.90490525552394,NA,0.80527,31.09624
1290,kibaale,kirangwa,senegal,2,0,-1.93351617022774,NA,0.80527,31.09624
1291,kibaale,nyansoro,senegal,3,2,-0.823636788636975,1,0.78849,30.10394
1292,kibaale,nyansoro,senegal,1,0,-1.6363104519708,NA,0.78849,30.10394
1293,kibaale,nyansoro,senegal,5,1,-1.77534865889481,0,0.78849,30.10394
1294,kibaale,nyansoro,senegal,1,0,-0.989725836594058,NA,0.78849,30.10394
1295,kibaale,nyansoro,senegal,6,0,-0.20890483601903,NA,0.78849,30.10394
1296,kibaale,nyansoro,senegal,2,0,-1.299028093894,NA,0.78849,30.10394
1297,kibaale,nyansoro,senegal,6,0,-0.686000019559818,NA,0.78849,30.10394
1298,kibaale,nyansoro,senegal,4,2,-1.99073799963533,1,0.78849,30.10394
1299,kibaale,nyansoro,senegal,5,1,-2.19990205547198,0,0.78849,30.10394
1300,kibaale,nyansoro,senegal,4,1,-0.38879430130288,0,0.78849,30.10394
1302,gulu,bar-dege farm cell,senegal,4,0,-0.823340158791839,NA,2.797161,32.26934
1303,gulu,bar-dege farm cell,senegal,5,0,-1.88263958903404,NA,2.797161,32.26934
1304,gulu,bar-dege farm cell,senegal,5,0,-1.13628592609111,NA,2.797161,32.26934
1305,gulu,bar-dege farm cell,senegal,9,1,-1.59085167521894,1,2.797161,32.26934
1306,gulu,bar-dege farm cell,senegal,6,1,-1.46210255905185,1,2.797161,32.26934
1307,gulu,bar-dege farm cell,senegal,6,1,-1.54660405883429,0,2.797161,32.26934
1308,gulu,bar-dege farm cell,senegal,2,0,-1.00403129394596,NA,2.797161,32.26934
1309,gulu,bar-dege farm cell,senegal,12,1,-1.11748375444096,1,2.797161,32.26934
1310,gulu,bar-dege farm cell,senegal,6,0,-1.8252244771428,NA,2.797161,32.26934
1311,apac,owang central,senegal,6,0,-1.37493857061151,NA,2.01913,32.52614
1312,apac,owang central,senegal,5,0,-0.382849727990135,NA,2.01913,32.52614
1313,apac,owang central,senegal,5,0,-0.382849727990135,NA,2.01913,32.52614
1314,apac,owang central,senegal,4,0,-0.583126130916715,NA,2.01913,32.52614
1315,apac,owang central,senegal,2,1,-1.24752069877337,1,2.01913,32.52614
1316,apac,owang central,senegal,1,0,-1.96212708493153,NA,2.01913,32.52614
1317,apac,owang central,senegal,3,0,-2.13379257315432,NA,2.01913,32.52614
1318,apac,owang central,senegal,4,0,-1.43593070168273,NA,2.01913,32.52614
1319,apac,owang central,senegal,5,0,-2.76891146341499,NA,2.01913,32.52614
1320,apac,owang central,senegal,6,0,-2.13379257315432,NA,2.01913,32.52614
1321,apac,aduku township,senegal,5,0,-0.643083647504122,NA,2.001887,32.71701
1322,apac,aduku township,senegal,1,0,-1.6363104519708,NA,2.001887,32.71701
1323,apac,aduku township,senegal,2,0,-0.366514775940962,NA,2.001887,32.71701
1324,apac,aduku township,senegal,1,0,-0.426175662683232,NA,2.001887,32.71701
1325,apac,aduku township,senegal,4,0,-0.931249859957703,NA,2.001887,32.71701
1326,apac,aduku township,senegal,1,0,-1.67922682402649,NA,2.001887,32.71701
1327,apac,aduku township,senegal,5,1,-1.44352277777368,0,2.001887,32.71701
1328,apac,aduku township,senegal,4,1,0.943787120862677,0,2.001887,32.71701
1329,apac,aduku township,senegal,4,0,1.91986386912453,NA,2.001887,32.71701
1330,apac,aduku township,senegal,8,0,-0.931249859957703,NA,2.001887,32.71701
1331,kabale,rwakaraba b,senegal,4,0,2.79352946399603,NA,-1.24498,29.97316
1332,kabale,rwakaraba b,senegal,4,1,0.0265493011827383,1,-1.24498,29.97316
1333,kabale,rwakaraba b,senegal,3,0,0.302296833411829,NA,-1.24498,29.97316
1334,kabale,rwakaraba b,senegal,4,1,-0.00206161352105888,1,-1.24498,29.97316
1335,kabale,rwakaraba b,senegal,4,0,2.95069621238327,NA,-1.24498,29.97316
1336,kabale,rwakaraba b,senegal,7,1,-0.367862719040494,1,-1.24498,29.97316
1337,kabale,rwakaraba b,senegal,6,0,-1.35769003366229,1,-1.24498,29.97316
1338,kabale,rwakaraba b,senegal,4,3,2.95069621238327,0,-1.24498,29.97316
1339,kabale,rwakaraba b,senegal,9,1,1.84156584560816,0,-1.24498,29.97316
1340,kabale,rwakaraba b,senegal,4,0,2.96786276120554,NA,-1.24498,29.97316
1341,luwero,mpangati,senegal,4,0,-0.625917098681844,NA,0.524318,32.49622
1342,luwero,mpangati,senegal,5,0,-1.41918618699615,NA,0.524318,32.49622
1343,luwero,mpangati,senegal,1,0,-0.614033385385322,NA,0.524318,32.49622
1344,luwero,mpangati,senegal,8,1,-0.694583293970957,1,0.524318,32.49622
1345,luwero,mpangati,senegal,12,2,-1.46210255905185,1,0.524318,32.49622
1346,luwero,mpangati,senegal,3,1,-1.82114343570018,0,0.524318,32.49622
1347,luwero,mpangati,senegal,1,2,-0.565841926457664,0,0.524318,32.49622
1348,luwero,mpangati,senegal,7,1,0.231677147535124,0,0.524318,32.49622
1349,luwero,mpangati,senegal,6,3,-0.6602501963264,1,0.524318,32.49622
1351,luwero,ntawawulwa,senegal,5,6,-2.55432960313651,1,0.66685,32.64197
1352,luwero,ntawawulwa,senegal,8,3,0.564775707115004,1,0.66685,32.64197
1354,luwero,ntawawulwa,senegal,7,1,-0.707458205587666,1,0.66685,32.64197
1355,luwero,ntawawulwa,senegal,6,1,-1.37626981494046,1,0.66685,32.64197
1356,luwero,ntawawulwa,senegal,2,3,-1.29043707082906,0,0.66685,32.64197
1357,luwero,ntawawulwa,senegal,4,0,-0.118909904947883,NA,0.66685,32.64197
1358,luwero,ntawawulwa,senegal,2,1,-1.67922682402649,0,0.66685,32.64197
1359,luwero,ntawawulwa,senegal,6,0,-1.11770614481294,NA,0.66685,32.64197
1360,luwero,ntawawulwa,senegal,1,0,-1.6220049946189,NA,0.66685,32.64197
1361,soroti,aswi,senegal,3,1,-2.00504345698723,0,1.41827,33.26408
1362,soroti,aswi,senegal,3,1,-1.94066889890369,1,1.41827,33.26408
1363,soroti,aswi,senegal,5,0,-1.37199549101419,NA,1.41827,33.26408
1364,soroti,aswi,senegal,9,0,-1.8468932589336,NA,1.41827,33.26408
1365,soroti,aswi,senegal,5,1,-0.628778190152223,1,1.41827,33.26408
1366,soroti,aswi,senegal,12,0,-1.48643914982937,NA,1.41827,33.26408
1367,soroti,aswi,senegal,12,0,-1.89839290540043,1,1.41827,33.26408
1368,soroti,aswi,senegal,6,0,-0.686000019559818,NA,1.41827,33.26408
1369,soroti,aswi,senegal,5,1,-0.700305476911717,0,1.41827,33.26408
1401,kyenjojo,kaigoro,senegal,4,1,-1.49960112666571,0,0.58136,30.52402
1402,kyenjojo,kaigoro,senegal,6,1,-2.85474420752638,0,0.58136,30.52402
1403,kyenjojo,kaigoro,senegal,10,2,-0.843360050430702,1,0.58136,30.52402
1404,kyenjojo,kaigoro,senegal,5,0,-0.986414623949689,NA,0.58136,30.52402
1405,kyenjojo,kaigoro,senegal,4,0,-0.285367415944345,NA,0.58136,30.52402
1406,kyenjojo,kaigoro,senegal,5,1,-1.65810463805216,0,0.58136,30.52402
1407,kyenjojo,kaigoro,senegal,1,0,-1.11099874756926,NA,0.58136,30.52402
1408,kyenjojo,kaigoro,senegal,1,0,-1.6363104519708,NA,0.58136,30.52402
1409,kyenjojo,kaigoro,senegal,10,2,-1.44352277777368,0,0.58136,30.52402
1410,kyenjojo,kaigoro,senegal,5,0,-1.65810463805216,NA,0.58136,30.52402
1411,bundibugyo,bugombwa central,senegal,7,0,-0.888011346720519,NA,0.69299,30.05738
1412,bundibugyo,bugombwa central,senegal,8,2,-1.40060640571798,0,0.69299,30.05738
1413,bundibugyo,bugombwa central,senegal,3,2,-0.716667999679224,0,0.69299,30.05738
1415,bundibugyo,bugombwa central,senegal,1,1,-2.09976385400869,0,0.69299,30.05738
1416,bundibugyo,bugombwa central,senegal,6,0,-1.20430769687254,NA,0.69299,30.05738
1417,bundibugyo,bugombwa central,senegal,5,1,-1.98358527095938,1,0.69299,30.05738
1418,bundibugyo,bugombwa central,senegal,6,0,-0.556954273547594,NA,0.69299,30.05738
1419,bundibugyo,bugombwa central,senegal,5,0,-1.31189525685691,NA,0.69299,30.05738
1420,bundibugyo,bugombwa central,senegal,4,1,-1.34338457631039,1,0.69299,30.05738
1421,masindi,nyangahya,senegal,3,0,0.605915378449297,NA,1.63576,31.6976
1422,masindi,nyangahya,senegal,4,0,-0.728916391615514,NA,1.63576,31.6976
1423,masindi,nyangahya,senegal,1,0,-1.00753680992402,NA,1.63576,31.6976
1424,masindi,nyangahya,senegal,2,1,3.00791804179086,1,1.63576,31.6976
1425,masindi,nyangahya,senegal,7,2,1.88448221766385,1,1.63576,31.6976
1426,masindi,nyangahya,senegal,6,2,-0.686000019559818,1,1.63576,31.6976
1427,masindi,nyangahya,senegal,1,3,-1.75389047286696,1,1.63576,31.6976
1428,masindi,nyangahya,senegal,3,2,-0.643083647504122,0,1.63576,31.6976
1429,masindi,nyangahya,senegal,5,2,2.21029885062459,1,1.63576,31.6976
1430,masindi,nyangahya,senegal,4,2,-0.671694562207919,0,1.63576,31.6976
1431,hoima,katanga zavu,senegal,2,0,-1.28616274690279,NA,1.45481,31.17483
1432,hoima,katanga zavu,senegal,5,0,-2.48280231637702,NA,1.45481,31.17483
1433,hoima,katanga zavu,senegal,3,0,-2.46849685902512,NA,1.45481,31.17483
1434,hoima,katanga zavu,senegal,1,0,-2.38266411491373,NA,1.45481,31.17483
1435,hoima,katanga zavu,senegal,2,0,-2.42558048696943,NA,1.45481,31.17483
1436,hoima,katanga zavu,senegal,6,0,-1.40060640571798,NA,1.45481,31.17483
1437,hoima,katanga zavu,senegal,3,0,-1.96212708493153,NA,1.45481,31.17483
1438,hoima,katanga zavu,senegal,10,0,-2.62585688989601,NA,1.45481,31.17483
1439,hoima,katanga zavu,senegal,4,0,-1.70783773873029,NA,1.45481,31.17483
1440,hoima,katanga zavu,senegal,4,0,-1.40060640571798,NA,1.45481,31.17483
1441,buliisa,muvulei ajiigo,senegal,9,1,-2.06941801507077,0,2.192923746,31.48996065
1442,buliisa,muvulei ajiigo,senegal,4,0,-1.99073799963533,NA,2.192923746,31.48996065
1443,buliisa,muvulei ajiigo,senegal,2,1,-1.93351617022774,0,2.192923746,31.48996065
1444,buliisa,muvulei ajiigo,senegal,4,1,-1.93351617022774,0,2.192923746,31.48996065
1445,buliisa,muvulei ajiigo,senegal,5,1,-1.98358527095938,0,2.192923746,31.48996065
1446,buliisa,muvulei ajiigo,senegal,5,0,-1.33623184763444,NA,2.192923746,31.48996065
1447,buliisa,muvulei ajiigo,senegal,1,1,-1.2718572895509,0,2.192923746,31.48996065
1448,buliisa,muvulei ajiigo,senegal,4,0,-1.29760711278431,NA,2.192923746,31.48996065
1449,buliisa,muvulei ajiigo,senegal,6,1,-2.00504345698723,0,2.192923746,31.48996065
1450,buliisa,muvulei ajiigo,senegal,3,0,-1.96212708493153,NA,2.192923746,31.48996065
1451,kampala,"lower nsooba ""f""",senegal,2,0,0.0200153435334133,NA,0.35045,32.57514
1452,kampala,"lower nsooba ""f""",senegal,4,1,3.07540916882282,0,0.35045,32.57514
1453,kampala,"lower nsooba ""f""",senegal,1,2,3.93740291807264,1,0.35045,32.57514
1454,kampala,"lower nsooba ""f""",senegal,1,1,-0.749741947744714,0,0.35045,32.57514
1455,kampala,"lower nsooba ""f""",senegal,2,1,2.90695256673297,0,0.35045,32.57514
1456,kampala,"lower nsooba ""f""",senegal,2,3,2.43438713483976,0,0.35045,32.57514
1457,kampala,"lower nsooba ""f""",senegal,1,1,3.21846374234181,0,0.35045,32.57514
1458,kampala,"lower nsooba ""f""",senegal,2,0,3.16124191293422,NA,0.35045,32.57514
1459,kampala,"lower nsooba ""f""",senegal,1,1,1.54376113877023,0,0.35045,32.57514
1460,kampala,"lower nsooba ""f""",senegal,3,0,0.397636001459915,NA,0.35045,32.57514
1461,kampala,bataka a,senegal,1,0,3.16124191293422,NA,0.405804,32.44391
1462,kampala,bataka a,senegal,2,0,3.56272533974346,NA,0.405804,32.44391
1463,kampala,bataka a,senegal,2,2,2.18478317275329,0,0.405804,32.44391
1464,kampala,bataka a,senegal,1,1,3.60564171179916,0,0.405804,32.44391
1465,kampala,bataka a,senegal,1,0,3.20415828498991,NA,0.405804,32.44391
1466,kampala,bataka a,senegal,4,1,2.18047978055759,0,0.405804,32.44391
1467,kampala,bataka a,senegal,2,1,3.16124191293422,0,0.405804,32.44391
1468,kampala,bataka a,senegal,1,1,4.16308134957009,0,0.405804,32.44391
1469,kampala,bataka a,senegal,4,1,2.95069621238327,0,0.405804,32.44391
1470,kampala,bataka a,senegal,2,1,2.97930712708706,0,0.405804,32.44391
1471,kampala,"industrial area ""d""",senegal,10,0,2.43213678694051,NA,0.3177,32.61207
1472,kampala,"industrial area ""d""",senegal,3,0,3.11832554087852,NA,0.3177,32.61207
1473,kampala,"industrial area ""d""",senegal,1,0,1.21032352366576,NA,0.3177,32.61207
1474,kampala,"industrial area ""d""",senegal,5,0,3.56272533974346,NA,0.3177,32.61207
1475,kampala,"industrial area ""d""",senegal,2,0,3.16124191293422,NA,0.3177,32.61207
1476,kampala,"industrial area ""d""",senegal,6,0,1.03865803544298,NA,0.3177,32.61207
1477,kampala,"industrial area ""d""",senegal,1,0,0.0995166983029255,NA,0.3177,32.61207
1478,kampala,"industrial area ""d""",senegal,6,0,0.0738488631964538,NA,0.3177,32.61207
1479,kampala,"industrial area ""d""",senegal,1,1,0.746870121627868,0,0.3177,32.61207
1480,kampala,"industrial area ""d""",senegal,5,0,-0.346688166785743,NA,0.3177,32.61207
1481,kampala,"good hope zone ""c""",senegal,4,1,3.07540916882282,1,0.3681,32.563
1482,kampala,"good hope zone ""c""",senegal,9,4,3.49405914445435,1,0.3681,32.563
1483,kampala,"good hope zone ""c""",senegal,1,0,4.16308134957009,NA,0.3681,32.563
1484,kampala,"good hope zone ""c""",senegal,4,0,3.90558311723591,NA,0.3681,32.563
1485,kampala,"good hope zone ""c""",senegal,2,1,3.59133625444726,0,0.3681,32.563
1486,kampala,"good hope zone ""c""",senegal,2,0,1.58442716292667,NA,0.3681,32.563
1487,kampala,"good hope zone ""c""",senegal,2,1,3.16124191293422,0,0.3681,32.563
1488,kampala,"good hope zone ""c""",senegal,1,2,4.20599772162578,0,0.3681,32.563
1489,kampala,"good hope zone ""c""",senegal,3,0,3.11832554087852,NA,0.3681,32.563
1490,kampala,"good hope zone ""c""",senegal,4,0,3.90558311723591,NA,0.3681,32.563
1491,kampala,kawaala road zone c,senegal,7,1,0.030932491140758,0,0.34763,32.55798
1492,kampala,kawaala road zone c,senegal,6,1,0.721202286521396,0,0.34763,32.55798
1493,kampala,kawaala road zone c,senegal,4,0,0.489371889293693,NA,0.34763,32.55798
1494,kampala,kawaala road zone c,senegal,2,1,1.21032352366576,0,0.34763,32.55798
1495,kampala,kawaala road zone c,senegal,6,0,0.166012996649724,NA,0.34763,32.55798
1496,kampala,kawaala road zone c,senegal,1,1,2.22769954480899,0,0.34763,32.55798
1497,kampala,kawaala road zone c,senegal,2,0,1.30783474176433,NA,0.34763,32.55798
1498,kampala,kawaala road zone c,senegal,2,0,2.0989504286419,NA,0.34763,32.55798
1499,kampala,kawaala road zone c,senegal,5,1,0.274154172175817,0,0.34763,32.55798
1500,kampala,kawaala road zone c,senegal,3,1,2.01311768453051,0,0.34763,32.55798
1501,yumbe,ambataraku,senegal,4,3,-0.972981321907483,1,3.33594,31.24232
1502,yumbe,ambataraku,senegal,5,1,-1.77976570039094,1,3.33594,31.24232
1503,yumbe,ambataraku,senegal,7,1,-1.2221186702025,1,3.33594,31.24232
1504,yumbe,ambataraku,senegal,6,1,-0.368544270638236,0,3.33594,31.24232
1505,yumbe,ambataraku,senegal,6,1,-0.368544270638236,0,3.33594,31.24232
1506,yumbe,ambataraku,senegal,2,1,-1.9110572212542,1,3.33594,31.24232
1507,yumbe,ambataraku,senegal,9,1,-1.0416475171966,1,3.33594,31.24232
1508,yumbe,ambataraku,senegal,9,0,-0.43291882872178,NA,3.33594,31.24232
1509,yumbe,ambataraku,senegal,4,2,-1.46504563864917,1,3.33594,31.24232
1510,yumbe,ambataraku,senegal,4,0,-1.0831506567964,NA,3.33594,31.24232
1511,koboko,yamiro/ arumadri/ ab,senegal,4,1,-1.69393295627955,1,3.43578,31.07471
1512,koboko,yamiro/ arumadri/ ab,senegal,6,1,-0.960746788843216,1,3.43578,31.07471
1513,koboko,yamiro/ arumadri/ ab,senegal,3,1,-2.15104111010354,1,3.43578,31.07471
1514,koboko,yamiro/ arumadri/ ab,senegal,8,0,-0.468682472101526,NA,3.43578,31.07471
1515,koboko,yamiro/ arumadri/ ab,senegal,3,0,-1.14464681013027,NA,3.43578,31.07471
1516,koboko,yamiro/ arumadri/ ab,senegal,7,0,-1.14838230002866,NA,3.43578,31.07471
1517,koboko,yamiro/ arumadri/ ab,senegal,1,0,-1.15353446304034,NA,3.43578,31.07471
1518,koboko,yamiro/ arumadri/ ab,senegal,8,0,-1.35433746973238,NA,3.43578,31.07471
1519,koboko,yamiro/ arumadri/ ab,senegal,3,0,-1.47935109600107,NA,3.43578,31.07471
1520,koboko,yamiro/ arumadri/ ab,senegal,3,0,-0.972981321907483,NA,3.43578,31.07471
1521,moyo,lionga south,senegal,5,1,0.276153263269205,1,3.02755,31.43969
1522,moyo,lionga south,senegal,6,1,-1.05881406601887,0,3.02755,31.43969
1523,moyo,lionga south,senegal,6,2,-0.861746549225226,0,3.02755,31.43969
1524,moyo,lionga south,senegal,4,0,-2.08272270947698,1,3.02755,31.43969
1525,moyo,lionga south,senegal,5,0,-1.49365655335297,NA,3.02755,31.43969
1526,moyo,lionga south,senegal,3,0,-2.15104111010354,1,3.02755,31.43969
1527,moyo,lionga south,senegal,3,0,-1.14464681013027,NA,3.02755,31.43969
1528,moyo,lionga south,senegal,7,0,-2.22256839686303,NA,3.02755,31.43969
1529,moyo,lionga south,senegal,10,0,-0.454377014749628,1,3.02755,31.43969
1530,moyo,lionga south,senegal,5,0,0.0431051064338908,1,3.02755,31.43969
1531,adjumani,atura,senegal,4,1,-1.69393295627955,0,2.12162,32.32608
1532,adjumani,atura,senegal,3,0,-1.81144562355637,NA,2.12162,32.32608
1533,adjumani,atura,senegal,5,0,-1.36229767887037,1,2.12162,32.32608
1534,adjumani,atura,senegal,7,0,-0.872304286416316,1,2.12162,32.32608
1535,adjumani,atura,senegal,4,0,-1.39090859357417,1,2.12162,32.32608
1536,adjumani,atura,senegal,4,0,-1.21722746952614,NA,2.12162,32.32608
1537,adjumani,atura,senegal,7,0,-1.06770171892894,1,2.12162,32.32608
1538,adjumani,atura,senegal,6,0,-1.73050408012134,NA,2.12162,32.32608
1539,adjumani,atura,senegal,5,0,-0.0432542414429625,NA,2.12162,32.32608
1540,adjumani,atura,senegal,6,0,-0.157697900258151,1,2.12162,32.32608
1541,koboko,alimakondra,senegal,1,1,-0.572173315799543,1,3.420377,30.9621
1542,koboko,alimakondra,senegal,2,1,-0.658006059910935,1,3.420377,30.9621
1543,koboko,alimakondra,senegal,6,1,-0.0658174005779781,1,3.420377,30.9621
1544,koboko,alimakondra,senegal,12,1,-0.921407435967497,1,3.420377,30.9621
1545,koboko,alimakondra,senegal,6,2,-0.970669056237095,1,3.420377,30.9621
1546,koboko,alimakondra,senegal,8,1,-0.245443097938757,1,3.420377,30.9621
1547,koboko,alimakondra,senegal,4,1,-1.54660405883429,1,3.420377,30.9621
1548,koboko,alimakondra,senegal,4,0,0.590378793941937,NA,3.420377,30.9621
1549,koboko,alimakondra,senegal,1,0,-0.430133364098273,NA,3.420377,30.9621
1550,koboko,alimakondra,senegal,5,0,-0.386058614123067,NA,3.420377,30.9621
1551,kabale,nyamashamba,senegal,3,0,-1.75022535534181,NA,-1.05385,29.94735
1552,kabale,nyamashamba,senegal,4,1,-0.702362542327325,0,-1.05385,29.94735
1553,kabale,nyamashamba,senegal,7,0,-0.738126185707072,NA,-1.05385,29.94735
1554,kabale,nyamashamba,senegal,10,1,-2.16240348785811,0,-1.05385,29.94735
1555,kabale,nyamashamba,senegal,3,1,-1.29964686492062,0,-1.05385,29.94735
1556,kabale,nyamashamba,senegal,5,1,-2.01934891433913,0,-1.05385,29.94735
1557,kabale,nyamashamba,senegal,8,4,-1.40693779505986,0,-1.05385,29.94735
1558,kabale,nyamashamba,senegal,6,0,-0.690918176445806,NA,-1.05385,29.94735
1559,kabale,nyamashamba,senegal,4,0,-1.34971596565227,NA,-1.05385,29.94735
1560,kabale,nyamashamba,senegal,4,2,-0.673751627623528,1,-1.05385,29.94735
1561,mbarara,"rwentondo ""b""",senegal,9,0,-0.756705966985241,1,-0.7976,29.9558
1562,mbarara,"rwentondo ""b""",senegal,9,1,2.88203001709415,0,-0.7976,29.9558
1563,mbarara,"rwentondo ""b""",senegal,4,1,1.9488567757474,0,-0.7976,29.9558
1564,mbarara,"rwentondo ""b""",senegal,12,0,-0.906913269180176,NA,-0.7976,29.9558
1565,mbarara,"rwentondo ""b""",senegal,4,2,0.034723848240966,0,-0.7976,29.9558
1567,mbarara,"rwentondo ""b""",senegal,3,1,1.58442716292667,1,-0.7976,29.9558
1569,mbarara,"rwentondo ""b""",senegal,3,0,-1.54457456413702,NA,-0.7976,29.9558
1570,mbarara,"rwentondo ""b""",senegal,3,5,-0.649415036846001,0,-0.7976,29.9558
1571,mubende,kasambya,senegal,5,0,-1.98358527095938,NA,0.26895,31.33879
1572,mubende,kasambya,senegal,3,1,-0.360183386599083,1,0.26895,31.33879
1573,mubende,kasambya,senegal,1,2,-1.96212708493153,1,0.26895,31.33879
1574,mubende,kasambya,senegal,4,1,-0.446016130710474,0,0.26895,31.33879
1575,mubende,kasambya,senegal,7,2,-0.757527306319311,1,0.26895,31.33879
1576,mubende,kasambya,senegal,5,1,-1.06475863933162,1,0.26895,31.33879
1577,mubende,kasambya,senegal,3,0,-1.26897888480122,NA,0.26895,31.33879
1578,mubende,kasambya,senegal,3,1,-0.621625461476274,1,0.26895,31.33879
1579,mubende,kasambya,senegal,3,1,-1.67922682402649,0,0.26895,31.33879
1580,mubende,kasambya,senegal,1,0,-1.6363104519708,NA,0.26895,31.33879
1581,wakiso,"butto lc 1 ""c""",senegal,8,1,1.5712361178209,0,0.37226,32.6731
1582,wakiso,"butto lc 1 ""c""",senegal,8,2,2.9602331839512,0,0.37226,32.6731
1583,wakiso,"butto lc 1 ""c""",senegal,11,3,0.84038228641076,1,0.37226,32.6731
1584,wakiso,"butto lc 1 ""c""",senegal,6,4,-0.303771794730047,1,0.37226,32.6731
1585,wakiso,"butto lc 1 ""c""",senegal,8,5,2.44951986578626,1,0.37226,32.6731
1586,wakiso,"butto lc 1 ""c""",senegal,2,1,-0.0815689523078338,1,0.37226,32.6731
1587,wakiso,"butto lc 1 ""c""",senegal,11,0,3.1764779912422,NA,0.37226,32.6731
1588,wakiso,"butto lc 1 ""c""",senegal,6,0,-0.274350642487691,NA,0.37226,32.6731
1589,wakiso,"butto lc 1 ""c""",senegal,5,4,2.89347438297567,1,0.37226,32.6731
1590,wakiso,"butto lc 1 ""c""",senegal,6,3,0.748928522377925,1,0.37226,32.6731
1591,luwero,kiyenje,senegal,11,2,-0.8719709651345,1,0.154152,32.36414
1592,luwero,kiyenje,senegal,5,1,0.123096624594029,0,0.154152,32.36414
1593,luwero,kiyenje,senegal,4,2,-0.944793828713111,0,0.154152,32.36414
1594,luwero,kiyenje,senegal,7,1,2.49651134502405,1,0.154152,32.36414
1595,luwero,kiyenje,senegal,3,0,-1.33335344288476,NA,0.154152,32.36414
1596,luwero,kiyenje,senegal,5,0,-0.386058614123067,NA,0.154152,32.36414
1597,luwero,kiyenje,senegal,6,0,-0.728916391615514,1,0.154152,32.36414
1598,luwero,kiyenje,senegal,6,2,-0.643083647504122,1,0.154152,32.36414
1599,luwero,kiyenje,senegal,5,1,-0.846303130028027,1,0.154152,32.36414
1600,luwero,kiyenje,senegal,6,9,0.288459629527715,1,0.154152,32.36414
1601,kampala,kanyanya quarters d,senegal,6,1,2.80086979195694,0,0.46383,31.12193
1602,kampala,kanyanya quarters d,senegal,7,3,3.52839224209891,0,0.46383,31.12193
1603,kampala,kanyanya quarters d,senegal,4,1,3.57989188856574,0,0.46383,31.12193
1604,kampala,kanyanya quarters d,senegal,1,0,3.20415828498991,NA,0.46383,31.12193
1605,kampala,kanyanya quarters d,senegal,2,0,3.6142249862103,NA,0.46383,31.12193
1606,kampala,kanyanya quarters d,senegal,5,2,2.92923802635542,1,0.46383,31.12193
1607,kampala,kanyanya quarters d,senegal,5,3,2.92923802635542,0,0.46383,31.12193
1608,kampala,kanyanya quarters d,senegal,4,0,3.07540916882282,NA,0.46383,31.12193
1609,kampala,kanyanya quarters d,senegal,5,0,3.75143197249796,NA,0.46383,31.12193
1610,kampala,kanyanya quarters d,senegal,1,0,3.88018108866505,NA,0.46383,31.12193
1611,kampala,lugoba zone c,senegal,6,1,2.93352966356099,0,0.37304,32.55312
1612,kampala,lugoba zone c,senegal,1,0,2.24200500216089,NA,0.37304,32.55312
1613,kampala,lugoba zone c,senegal,15,2,2.8755925612858,0,0.37304,32.55312
1614,kampala,lugoba zone c,senegal,2,1,3.59133625444726,0,0.37304,32.55312
1615,kampala,lugoba zone c,senegal,2,2,2.97930712708706,0,0.37304,32.55312
1616,kampala,lugoba zone c,senegal,10,0,2.28379895087622,NA,0.37304,32.55312
1617,kampala,lugoba zone c,senegal,2,0,1.45792839465884,NA,0.37304,32.55312
1618,kampala,lugoba zone c,senegal,2,0,3.59133625444726,NA,0.37304,32.55312
1619,kampala,lugoba zone c,senegal,3,0,1.37209565054745,NA,0.37304,32.55312
1620,kampala,lugoba zone c,senegal,5,0,4.10585952016249,NA,0.37304,32.55312
1621,kampala,keti falawo m,senegal,3,1,3.58418352577131,0,0.36617,32.56294
1622,kampala,keti falawo m,senegal,6,0,2.90777984032757,NA,0.36617,32.56294
1623,kampala,keti falawo m,senegal,5,1,2.5036640737,0,0.36617,32.56294
1624,kampala,keti falawo m,senegal,1,0,2.87834165202918,NA,0.36617,32.56294
1625,kampala,keti falawo m,senegal,1,1,2.88670253606833,1,0.36617,32.56294
1626,kampala,keti falawo m,senegal,3,0,3.16124191293422,NA,0.36617,32.56294
1627,kampala,keti falawo m,senegal,4,1,3.57989188856574,0,0.36617,32.56294
1628,kampala,keti falawo m,senegal,5,0,3.82295925925745,NA,0.36617,32.56294
1629,kampala,keti falawo m,senegal,3,1,1.99790405809676,1,0.36617,32.56294
1630,kampala,keti falawo m,senegal,3,0,1.21161311646762,NA,0.36617,32.56294
1631,kitgum,katunguru pwod ating,senegal,7,0,-2.34022094181115,NA,3.538939498,32.55655648
1632,kitgum,katunguru pwod ating,senegal,6,0,-2.25438819769976,NA,3.538939498,32.55655648
1633,kitgum,katunguru pwod ating,senegal,5,0,-2.23687385421493,NA,3.538939498,32.55655648
1634,kitgum,katunguru pwod ating,senegal,1,0,-1.8252244771428,NA,3.538939498,32.55655648
1635,kitgum,katunguru pwod ating,senegal,6,0,-2.25438819769976,NA,3.538939498,32.55655648
1636,kitgum,katunguru pwod ating,senegal,4,0,-1.9110572212542,NA,3.538939498,32.55655648
1637,kitgum,katunguru pwod ating,senegal,10,0,-2.30840114097442,NA,3.538939498,32.55655648
1638,kitgum,katunguru pwod ating,senegal,8,0,-2.70895394682759,NA,3.538939498,32.55655648
1642,kitgum,lotukubor,senegal,7,0,-1.7090458940935,NA,3.44106,33.0038
1644,kitgum,lotukubor,senegal,9,0,-1.81633682423273,NA,3.44106,33.0038
1645,kitgum,lotukubor,senegal,8,0,-1.90216956834413,NA,3.44106,33.0038
1646,kitgum,lotukubor,senegal,9,1,-1.59085167521894,0,3.44106,33.0038
1647,kitgum,lotukubor,senegal,5,0,-0.942688092660251,NA,3.44106,33.0038
1648,kitgum,lotukubor,senegal,9,1,-2.06894385589054,0,3.44106,33.0038
1649,kitgum,lotukubor,senegal,5,0,-1.43382496562987,NA,3.44106,33.0038
1650,kitgum,lotukubor,senegal,5,1,-1.43382496562987,1,3.44106,33.0038
1651,kitgum,auch,senegal,6,0,-1.92555596108974,NA,3.27612,32.877
1652,kitgum,auch,senegal,7,2,-1.12198046873921,0,3.27612,32.877
1653,kitgum,auch,senegal,2,2,-0.600167275448426,1,3.27612,32.877
1654,kitgum,auch,senegal,7,0,-1.62153351421036,1,3.27612,32.877
1655,kitgum,auch,senegal,11,1,-0.692130929853489,0,3.27612,32.877
1656,kitgum,auch,senegal,5,0,-1.81432118840748,NA,3.27612,32.877
1657,kitgum,auch,senegal,5,1,-0.703514363044649,1,3.27612,32.877
1658,kitgum,auch,senegal,5,0,-0.771832763671209,NA,3.27612,32.877
1659,kitgum,auch,senegal,5,1,-1.81432118840748,0,3.27612,32.877
1660,kitgum,auch,senegal,5,1,-0.417405216006677,1,3.27612,32.877
1661,rakai,kisansa,senegal,1,0,-0.600167275448426,NA,-0.71182,31.42733
1662,rakai,kisansa,senegal,5,3,-0.66454183353197,1,-0.71182,31.42733
1663,rakai,kisansa,senegal,1,0,-0.95031498051643,NA,-0.71182,31.42733
1664,rakai,kisansa,senegal,5,3,-2.01934891433913,1,-0.71182,31.42733
1666,rakai,kisansa,senegal,9,0,-0.750374577643361,NA,-0.71182,31.42733
1667,rakai,kisansa,senegal,6,0,0.607914469542686,NA,-0.71182,31.42733
1668,rakai,kisansa,senegal,5,2,-0.30348816095695,0,-0.71182,31.42733
1669,rakai,kisansa,senegal,4,0,-1.06101091917081,NA,-0.71182,31.42733
1670,rakai,kisansa,senegal,6,0,0.0102002070662827,NA,-0.71182,31.42733
1671,mpigi,butenga,senegal,8,0,-1.54793530316324,NA,0.19,31.67472
1672,mpigi,butenga,senegal,7,4,-1.35481162891261,0,0.19,31.67472
1673,mpigi,butenga,senegal,14,7,-0.757527306319311,0,0.19,31.67472
1674,mpigi,butenga,senegal,10,3,-0.771832763671209,0,0.19,31.67472
1675,mpigi,butenga,senegal,10,7,-1.35155912336862,0,0.19,31.67472
1676,mpigi,butenga,senegal,8,4,-0.671694562207919,1,0.19,31.67472
1677,mpigi,butenga,senegal,9,0,-1.35910326611818,NA,0.19,31.67472
1678,mpigi,butenga,senegal,5,0,-0.994439507935331,NA,0.19,31.67472
1680,wakiso,buwoya,senegal,4,0,-0.44845518804515,NA,0.28149,33.05336
1681,wakiso,buwoya,senegal,6,5,-1.35769003366229,0,0.28149,33.05336
1682,wakiso,buwoya,senegal,2,0,-0.643083647504122,NA,0.28149,33.05336
1683,wakiso,buwoya,senegal,6,2,-0.686000019559818,1,0.28149,33.05336
1684,wakiso,buwoya,senegal,6,1,-0.643083647504122,0,0.28149,33.05336
1685,wakiso,buwoya,senegal,7,0,-1.50501893110754,NA,0.28149,33.05336
1686,wakiso,buwoya,senegal,1,3,-0.317267014543387,0,0.28149,33.05336
1687,wakiso,buwoya,senegal,6,4,-1.33335344288476,1,0.28149,33.05336
1688,wakiso,buwoya,senegal,4,0,-1.31477366160659,NA,0.28149,33.05336
1689,wakiso,buwoya,senegal,10,2,-2.76891146341499,1,0.28149,33.05336
1690,wakiso,kiyanja c,senegal,5,0,3.39331019941993,NA,0.35124,32.57049
1691,wakiso,kiyanja c,senegal,10,0,2.79295418959331,NA,0.35124,32.57049
1692,wakiso,kiyanja c,senegal,5,2,0.230387554733268,1,0.35124,32.57049
1693,wakiso,kiyanja c,senegal,5,4,-0.417405216006677,1,0.35124,32.57049
1694,wakiso,kiyanja c,senegal,11,2,-0.747199543048546,0,0.35124,32.57049
1695,wakiso,kiyanja c,senegal,7,0,2.96142530539719,NA,0.35124,32.57049
1697,wakiso,kiyanja c,senegal,6,0,1.91353247978265,NA,0.35124,32.57049
1698,wakiso,kiyanja c,senegal,6,0,0.94340512894361,NA,0.35124,32.57049
1699,wakiso,kiyanja c,senegal,6,2,-0.446016130710474,0,0.35124,32.57049
1700,kayunga,kyerima a,senegal,11,5,-1.02933099600538,0,0.79663,32.88084
1701,kayunga,kyerima a,senegal,5,4,0.241849523382703,0,0.79663,32.88084
1702,kayunga,kyerima a,senegal,7,0,-0.857665507782601,NA,0.79663,32.88084
1703,kayunga,kyerima a,senegal,6,3,-0.814749135726905,1,0.79663,32.88084
1704,kayunga,kyerima a,senegal,4,3,-0.728916391615514,1,0.79663,32.88084
1705,kayunga,kyerima a,senegal,6,2,-0.814749135726905,0,0.79663,32.88084
1706,kayunga,kyerima a,senegal,10,5,-1.41557834450665,1,0.79663,32.88084
1707,kayunga,kyerima a,senegal,4,0,-1.9110572212542,NA,0.79663,32.88084
1708,kayunga,kyerima a,senegal,7,0,-1.50501893110754,1,0.79663,32.88084
1709,kayunga,kyerima a,senegal,6,1,-1.0306265728245,0,0.79663,32.88084
1710,mukono,vuluga,senegal,2,2,-0.910238340696568,0,0.33525,33.06539
1711,mukono,vuluga,senegal,4,3,-0.728916391615514,1,0.33525,33.06539
1712,mukono,vuluga,senegal,1,3,-0.625706502918899,1,0.33525,33.06539
1713,mukono,vuluga,senegal,10,1,-1.10392729122651,0,0.33525,33.06539
1714,mukono,vuluga,senegal,7,3,-0.707458205587666,0,0.33525,33.06539
1715,mukono,vuluga,senegal,5,1,-1.44352277777368,1,0.33525,33.06539
1716,mukono,vuluga,senegal,8,1,-1.93672505636067,0,0.33525,33.06539
1717,mukono,vuluga,senegal,6,3,-1.33335344288476,1,0.33525,33.06539
1718,mukono,vuluga,senegal,3,3,-1.28044056396203,1,0.33525,33.06539
1719,mukono,vuluga,senegal,12,4,-0.728916391615514,0,0.33525,33.06539
1720,isingiro,omubushami,senegal,7,0,-1.25278665032191,NA,-0.89312,30.69656
1721,isingiro,omubushami,senegal,9,0,-1.30406390641676,NA,-0.89312,30.69656
1722,isingiro,omubushami,senegal,4,0,-1.34971596565227,NA,-0.89312,30.69656
1723,isingiro,omubushami,senegal,6,0,-2.59724597519221,NA,-0.89312,30.69656
1724,isingiro,omubushami,senegal,3,0,-1.03820479004343,NA,-0.89312,30.69656
1725,isingiro,omubushami,senegal,7,0,-0.570877738980425,NA,-0.89312,30.69656
1726,isingiro,omubushami,senegal,5,0,-1.12441952607389,NA,-0.89312,30.69656
1727,isingiro,omubushami,senegal,5,0,-0.695209813651376,NA,-0.89312,30.69656
1728,isingiro,omubushami,senegal,3,0,-1.31477366160659,NA,-0.89312,30.69656
1729,isingiro,omubushami,senegal,1,2,-0.995288417987735,0,-0.89312,30.69656
1730,isingiro,rugorogoro,senegal,3,3,-0.295398549369973,1,-0.90876,30.83994
1731,isingiro,rugorogoro,senegal,6,3,-2.46849685902512,0,-0.90876,30.83994
1732,isingiro,rugorogoro,senegal,5,2,0.173957996390307,0,-0.90876,30.83994
1733,isingiro,rugorogoro,senegal,9,0,-1.49277053917125,NA,-0.90876,30.83994
1734,isingiro,rugorogoro,senegal,10,0,-0.802500743790615,NA,-0.90876,30.83994
1735,isingiro,rugorogoro,senegal,10,0,-1.37832688035606,NA,-0.90876,30.83994
1736,isingiro,rugorogoro,senegal,9,0,-1.42206459174583,NA,-0.90876,30.83994
1738,isingiro,rugorogoro,senegal,6,1,-1.11574684363357,1,-0.90876,30.83994
1739,isingiro,rugorogoro,senegal,3,1,-1.62253159838436,0,-0.90876,30.83994
1740,mbarara,rwebikona b,senegal,3,0,1.24465662131032,NA,-0.61579,30.6503
1741,mbarara,rwebikona b,senegal,8,0,2.21872640811689,NA,-0.61579,30.6503
1742,mbarara,rwebikona b,senegal,6,2,2.56088590310759,1,-0.61579,30.6503
1743,mbarara,rwebikona b,senegal,2,0,1.45792839465884,NA,-0.61579,30.6503
1744,mbarara,rwebikona b,senegal,6,0,3.51980896768777,NA,-0.61579,30.6503
1745,mbarara,rwebikona b,senegal,5,1,1.08157440749867,1,-0.61579,30.6503
1746,mbarara,rwebikona b,senegal,8,3,2.97930712708706,1,-0.61579,30.6503
1747,mbarara,rwebikona b,senegal,3,1,2.22339615261328,1,-0.61579,30.6503
1748,mbarara,rwebikona b,senegal,1,1,2.86916686046758,1,-0.61579,30.6503
1749,mbarara,rwebikona b,senegal,6,1,2.97930712708706,0,-0.61579,30.6503
1750,kisoro,bukara,senegal,5,0,-0.0235197995489068,NA,-1.29114,29.62956
1751,rakai,kiwoomya,senegal,3,5,-1.26897888480122,0,0.61,31.61
1752,rakai,kiwoomya,senegal,3,0,-2.42558048696943,NA,0.61,31.61
1753,rakai,kiwoomya,senegal,7,6,-1.32907911895849,1,0.61,31.61
1754,rakai,kiwoomya,senegal,7,0,-0.757527306319311,NA,0.61,31.61
1755,rakai,kiwoomya,senegal,8,0,-1.13072200936299,NA,0.61,31.61
1756,rakai,kiwoomya,senegal,5,0,-1.50834266728949,NA,0.61,31.61
1757,rakai,kiwoomya,senegal,4,0,-1.31477366160659,NA,0.61,31.61
1758,rakai,kiwoomya,senegal,4,0,-0.625917098681844,NA,0.61,31.61
1759,rakai,kiwoomya,senegal,4,0,-1.31477366160659,NA,0.61,31.61
1760,rakai,kiwoomya,senegal,8,2,-2.51141323108082,1,0.61,31.61
1761,nyadri,ayivu b,senegal,5,1,-0.149608288671175,0,3.21595,30.90117
1762,nyadri,ayivu b,senegal,7,1,-1.65101658422385,1,3.21595,30.90117
1763,nyadri,ayivu b,senegal,13,0,-1.11031371248571,NA,3.21595,30.90117
1764,nyadri,ayivu b,senegal,6,0,-0.960746788843216,NA,3.21595,30.90117
1765,nyadri,ayivu b,senegal,5,0,-1.77342045217704,NA,3.21595,30.90117
1766,nyadri,ayivu b,senegal,4,0,-1.73050408012134,NA,3.21595,30.90117
1767,nyadri,ayivu b,senegal,3,0,-0.700638798193533,NA,3.21595,30.90117
1768,nyadri,ayivu b,senegal,4,0,-1.03667432839328,NA,3.21595,30.90117
1769,nyadri,ayivu b,senegal,7,0,-1.21189977296349,NA,3.21595,30.90117
1770,nyadri,ayivu b,senegal,6,0,-1.60810021216816,NA,3.21595,30.90117
1771,nyadri,cina,senegal,6,0,-0.686000019559818,NA,3.47504,31.13882
1772,nyadri,cina,senegal,4,0,-1.46504563864917,NA,3.47504,31.13882
1773,nyadri,cina,senegal,9,1,-0.394294093871654,0,3.47504,31.13882
1774,nyadri,cina,senegal,11,1,-2.03091868451121,0,3.47504,31.13882
1775,nyadri,cina,senegal,6,1,-2.25438819769976,1,3.47504,31.13882
1776,nyadri,cina,senegal,2,1,-1.9110572212542,0,3.47504,31.13882
1777,nyadri,cina,senegal,7,0,-1.55087838276056,NA,3.47504,31.13882
1778,nyadri,cina,senegal,5,0,-1.1260670288521,NA,3.47504,31.13882
1779,nyadri,cina,senegal,8,0,-0.786138221023108,NA,3.47504,31.13882
1780,nyadri,cina,senegal,5,0,-0.843166767947057,NA,3.47504,31.13882
1781,mubende,kituule,senegal,2,0,-2.11406931136059,NA,0.7472,31.4402
1782,mubende,kituule,senegal,5,0,-1.12799523556986,NA,0.7472,31.4402
1783,mubende,kituule,senegal,4,0,-2.51141323108082,NA,0.7472,31.4402
1784,mubende,kituule,senegal,1,0,-1.90490525552394,NA,0.7472,31.4402
1785,mubende,kituule,senegal,5,0,-0.66454183353197,NA,0.7472,31.4402
1786,mubende,kituule,senegal,7,0,-2.35726208634287,NA,0.7472,31.4402
1787,mubende,kituule,senegal,1,0,-2.36835865756183,NA,0.7472,31.4402
1788,mubende,kituule,senegal,1,1,-1.6363104519708,0,0.7472,31.4402
1789,mubende,kituule,senegal,6,0,-1.48643914982937,NA,0.7472,31.4402
1790,mubende,kituule,senegal,4,1,-2.51141323108082,0,0.7472,31.4402
1801,rakai,byembogo,senegal,5,0,-2.48280231637702,NA,-0.37044,30.69117
1802,rakai,byembogo,senegal,3,0,-1.29043707082906,NA,-0.37044,30.69117
1803,rakai,byembogo,senegal,6,0,-1.82114343570018,NA,-0.37044,30.69117
1804,rakai,byembogo,senegal,6,0,-1.40060640571798,NA,-0.37044,30.69117
1805,rakai,byembogo,senegal,7,0,-0.707458205587666,NA,-0.37044,30.69117
1806,rakai,byembogo,senegal,4,4,-0.671694562207919,1,-0.37044,30.69117
1807,rakai,byembogo,senegal,4,0,-0.167019704500158,NA,-0.37044,30.69117
1808,rakai,byembogo,senegal,9,1,0.288459629527715,0,-0.37044,30.69117
1809,rakai,byembogo,senegal,6,0,-1.02858471680631,NA,-0.37044,30.69117
1810,rakai,byembogo,senegal,3,0,-1.12250707250468,NA,-0.37044,30.69117
1811,kalangala,kalangala lc1,senegal,7,0,-0.367862719040494,NA,1.26405,31.43367
1812,kalangala,kalangala lc1,senegal,11,1,0.824189824464928,0,1.26405,31.43367
1813,kalangala,kalangala lc1,senegal,3,0,-0.814749135726905,NA,1.26405,31.43367
1814,kalangala,kalangala lc1,senegal,5,1,-1.37199549101419,1,1.26405,31.43367
1815,kalangala,kalangala lc1,senegal,4,0,-0.728916391615514,NA,1.26405,31.43367
1816,kalangala,kalangala lc1,senegal,6,1,-1.40060640571798,0,1.26405,31.43367
1817,kalangala,kalangala lc1,senegal,5,0,-1.34765890023666,NA,1.26405,31.43367
1818,kalangala,kalangala lc1,senegal,1,0,0.429414372706286,NA,1.26405,31.43367
1819,kalangala,kalangala lc1,senegal,11,1,-0.714610934263615,0,1.26405,31.43367
1820,kalangala,kalangala lc1,senegal,5,1,-0.452729511971421,1,1.26405,31.43367
1821,ssembabule,kabasanda,senegal,4,2,-0.614472732800325,0,0.2745,32.20688
1822,ssembabule,kabasanda,senegal,9,5,-1.3977280009683,0,0.2745,32.20688
1823,ssembabule,kabasanda,senegal,4,1,-0.38879430130288,0,0.2745,32.20688
1824,ssembabule,kabasanda,senegal,7,0,-0.657389104856021,NA,0.2745,32.20688
1825,ssembabule,kabasanda,senegal,4,2,-1.99073799963533,0,0.2745,32.20688
1826,ssembabule,kabasanda,senegal,5,2,-0.700305476911717,1,0.2745,32.20688
1827,ssembabule,kabasanda,senegal,8,0,-0.900581879838297,NA,0.2745,32.20688
1828,ssembabule,kabasanda,senegal,5,0,-0.771832763671209,NA,0.2745,32.20688
1829,ssembabule,kabasanda,senegal,6,0,-1.14945342159771,NA,0.2745,32.20688
1830,ssembabule,kabasanda,senegal,6,0,-0.728916391615514,NA,0.2745,32.20688
1831,nakasongola,kanyonyi,senegal,9,2,-0.447604942658297,1,1.4931,32.23153
1832,nakasongola,kanyonyi,senegal,1,0,-2.42558048696943,NA,1.4931,32.23153
1833,nakasongola,kanyonyi,senegal,3,0,-2.12890137247795,NA,1.4931,32.23153
1834,nakasongola,kanyonyi,senegal,9,0,-2.13379257315432,NA,1.4931,32.23153
1835,nakasongola,kanyonyi,senegal,1,1,-0.988957028645856,0,1.4931,32.23153
1836,nakasongola,kanyonyi,senegal,6,1,-1.92555596108974,0,1.4931,32.23153
1837,nakasongola,kanyonyi,senegal,5,2,-0.643083647504122,1,1.4931,32.23153
1838,nakasongola,kanyonyi,senegal,2,2,-1.67922682402649,1,1.4931,32.23153
1839,nakasongola,kanyonyi,senegal,5,1,-1.80797594019358,0,1.4931,32.23153
1840,nakasongola,kanyonyi,senegal,2,1,-1.31477366160659,0,1.4931,32.23153
1841,mukono,kigulu b,senegal,2,0,-1.12492354833654,NA,0.25302,32.92197
1842,mukono,kigulu b,senegal,3,0,-1.68758770806565,NA,0.25302,32.92197
1843,mukono,kigulu b,senegal,6,1,-1.37626981494046,0,0.25302,32.92197
1844,mukono,kigulu b,senegal,3,0,-1.01589769396318,NA,0.25302,32.92197
1845,mukono,kigulu b,senegal,1,1,-0.282711526526845,0,0.25302,32.92197
1846,mukono,kigulu b,senegal,4,0,-1.73050408012134,NA,0.25302,32.92197
1847,mukono,kigulu b,senegal,4,1,-1.78250138757075,0,0.25302,32.92197
1848,mukono,kigulu b,senegal,2,1,-1.72527955816316,1,0.25302,32.92197
1849,mukono,kigulu b,senegal,4,6,-1.31904798553286,0,0.25302,32.92197
1850,mukono,kigulu b,senegal,9,0,-1.46210255905185,NA,0.25302,32.92197
1853,mukono,buziika,senegal,2,4,2.60380227516329,0,0.38898,33.16902
1854,mukono,buziika,senegal,4,0,1.12449077955437,NA,0.38898,33.16902
1855,mukono,buziika,senegal,8,7,0.311803257348523,1,0.38898,33.16902
1856,mukono,buziika,senegal,8,0,-1.57381053068722,NA,0.38898,33.16902
1857,mukono,buziika,senegal,1,1,-0.541505335680137,0,0.38898,33.16902
1858,mukono,buziika,senegal,3,1,1.03865803544298,1,0.38898,33.16902
1859,mukono,buziika,senegal,2,6,0.241210959223529,0,0.38898,33.16902
1860,mukono,buziika,senegal,12,7,0.159710513360628,1,0.38898,33.16902
1861,mukono,bukamunye a,senegal,1,0,-1.4448183545928,NA,0.39249,33.245
1862,mukono,bukamunye a,senegal,6,1,-1.38515746785053,0,0.39249,33.245
1863,mukono,bukamunye a,senegal,4,2,-0.595813153759844,1,0.39249,33.245
1864,mukono,bukamunye a,senegal,5,3,0.602073243591432,0,0.39249,33.245
1865,mukono,bukamunye a,senegal,1,0,-2.056847481953,NA,0.39249,33.245
1868,mukono,bukamunye a,senegal,2,0,-0.978925895220228,NA,0.39249,33.245
1869,mukono,bukamunye a,senegal,9,8,-1.79574140712932,0,0.39249,33.245
1870,mukono,bukamunye a,senegal,1,1,-2.07830566798084,0,0.39249,33.245
1871,kabale,rutoma,senegal,8,0,-1.46415962446746,NA,-0.47,30.59611
1872,kabale,rutoma,senegal,5,0,-1.44985416711556,NA,-0.47,30.59611
1873,kabale,rutoma,senegal,2,1,-0.645140712919731,1,-0.47,30.59611
1874,kabale,rutoma,senegal,4,1,-1.34971596565227,1,-0.47,30.59611
1875,kabale,rutoma,senegal,5,2,-1.37832688035606,1,-0.47,30.59611
1876,kabale,rutoma,senegal,6,0,-1.37626981494046,NA,-0.47,30.59611
1877,kabale,rutoma,senegal,6,0,-2.85474420752638,NA,-0.47,30.59611
1878,kabale,rutoma,senegal,5,1,-1.34256323697632,0,-0.47,30.59611
1879,kabale,rutoma,senegal,3,3,-1.29964686492062,1,-0.47,30.59611
1880,kabale,rutoma,senegal,1,1,-1.44443636267373,0,-0.47,30.59611
1881,kayunga,kawuku lc 1,senegal,16,4,-1.26389084832641,0,0.78189,32.98388
1882,kayunga,kawuku lc 1,senegal,5,3,-1.6661295220378,0,0.78189,32.98388
1883,kayunga,kawuku lc 1,senegal,1,0,-0.317267014543387,NA,0.78189,32.98388
1884,kayunga,kawuku lc 1,senegal,10,6,-1.44352277777368,1,0.78189,32.98388
1885,kayunga,kawuku lc 1,senegal,7,4,-1.07191136800757,0,0.78189,32.98388
1886,kayunga,kawuku lc 1,senegal,3,1,-0.12096830569794,0,0.78189,32.98388
1887,kayunga,kawuku lc 1,senegal,8,7,-1.34338457631039,1,0.78189,32.98388
1888,kayunga,kawuku lc 1,senegal,7,1,-1.35644320578524,1,0.78189,32.98388
1889,kayunga,kawuku lc 1,senegal,7,6,-1.70990866301792,1,0.78189,32.98388
1891,bushenyi,cell b b,senegal,6,1,0.800732547343691,1,-0.54722,30.14089
1892,bushenyi,cell b b,senegal,3,0,3.22523558924915,NA,-0.54722,30.14089
1893,bushenyi,cell b b,senegal,4,0,4.07724860545869,NA,-0.54722,30.14089
1895,bushenyi,cell b b,senegal,1,0,3.16124191293422,NA,-0.54722,30.14089
1896,bushenyi,cell b b,senegal,2,0,1.45792839465884,NA,-0.54722,30.14089
1897,bushenyi,cell b b,senegal,5,0,2.38513937344219,NA,-0.54722,30.14089
1898,bushenyi,cell b b,senegal,1,0,1.54376113877023,NA,-0.54722,30.14089
1899,bushenyi,cell b b,senegal,1,0,3.20415828498991,NA,-0.54722,30.14089
1900,bushenyi,cell b b,senegal,2,0,3.16124191293422,NA,-0.54722,30.14089
1901,katakwi,amoru,senegal,8,0,-2.47708013343626,NA,1.828051,33.94521
1902,katakwi,amoru,senegal,12,1,-1.40060640571798,0,1.828051,33.94521
1903,katakwi,amoru,senegal,4,0,-2.45419140167322,NA,1.828051,33.94521
1904,katakwi,amoru,senegal,6,0,-2.51141323108082,NA,1.828051,33.94521
1905,katakwi,amoru,senegal,5,1,-1.83544889305208,0,1.828051,33.94521
1906,katakwi,amoru,senegal,3,0,-2.46849685902512,NA,1.828051,33.94521
1907,katakwi,amoru,senegal,4,1,-2.45419140167322,1,1.828051,33.94521
1908,katakwi,amoru,senegal,7,0,-1.38077979656276,NA,1.828051,33.94521
1909,katakwi,amoru,senegal,7,0,-2.94057695163778,NA,1.828051,33.94521
1910,katakwi,amoru,senegal,11,1,-2.57578778916436,1,1.828051,33.94521
1911,mbarara,kibingo central,senegal,5,0,-0.190471616430417,NA,-0.48155,30.19629
1913,mbarara,kibingo central,senegal,2,0,0.0685335279547256,NA,-0.48155,30.19629
1914,mbarara,kibingo central,senegal,3,0,-0.673751627623528,NA,-0.48155,30.19629
1915,mbarara,kibingo central,senegal,7,0,-2.02650164301508,NA,-0.48155,30.19629
1917,mbarara,kibingo central,senegal,6,0,-1.66544797044006,NA,-0.48155,30.19629
1918,mbarara,kibingo central,senegal,6,0,-1.66544797044006,NA,-0.48155,30.19629
1919,mbarara,kibingo central,senegal,5,0,-0.996636361087267,NA,-0.48155,30.19629
1920,mbarara,kibingo central,senegal,1,0,-1.27818867889277,NA,-0.48155,30.19629
1921,kumi,oduoro,senegal,4,1,-2.21962531726571,0,1.51285,34.02067
1922,kumi,oduoro,senegal,10,1,-0.771832763671209,1,1.51285,34.02067
1923,kumi,oduoro,senegal,4,0,-2.04795982904293,NA,1.51285,34.02067
1924,kumi,oduoro,senegal,5,0,-0.700305476911717,NA,1.51285,34.02067
1925,kumi,oduoro,senegal,4,0,-0.671694562207919,NA,1.51285,34.02067
1926,kumi,oduoro,senegal,6,1,-1.33335344288476,0,1.51285,34.02067
1927,kumi,oduoro,senegal,5,1,-1.33623184763444,1,1.51285,34.02067
1928,kumi,oduoro,senegal,5,1,-1.37199549101419,1,1.51285,34.02067
1929,kumi,oduoro,senegal,4,1,-1.31904798553286,0,1.51285,34.02067
1930,kumi,oduoro,senegal,9,1,-1.10053959599067,1,1.51285,34.02067
1931,kanungu,rwenkyende,senegal,3,0,-2.00504345698723,NA,-1.04929,30.42347
1932,kanungu,rwenkyende,senegal,1,0,-1.75632953020163,NA,-1.04929,30.42347
1933,kanungu,rwenkyende,senegal,2,1,-1.59392068368056,0,-1.04929,30.42347
1934,kanungu,rwenkyende,senegal,3,0,-2.00504345698723,NA,-1.04929,30.42347
1935,kanungu,rwenkyende,senegal,3,0,-0.747683546994657,NA,-1.04929,30.42347
1936,kanungu,rwenkyende,senegal,7,1,-1.10211109465919,1,-1.04929,30.42347
1937,kanungu,rwenkyende,senegal,4,0,-0.448981791810612,NA,-1.04929,30.42347
1938,kanungu,rwenkyende,senegal,8,1,-2.17181774453365,0,-1.04929,30.42347
1939,kanungu,rwenkyende,senegal,9,2,-0.12787883019115,1,-1.04929,30.42347
1940,kanungu,rwenkyende,senegal,7,0,-1.73697525719955,NA,-1.04929,30.42347
1941,soroti,nursery cell,senegal,3,0,-0.867321968640873,NA,1.717982228,33.61115407
1942,soroti,nursery cell,senegal,1,1,1.33277015654375,1,1.717982228,33.61115407
1943,soroti,nursery cell,senegal,3,1,2.09464703644619,1,1.717982228,33.61115407
1944,soroti,nursery cell,senegal,3,0,0.800732547343691,NA,1.717982228,33.61115407
1945,soroti,nursery cell,senegal,4,0,-0.480009182346272,NA,1.717982228,33.61115407
1946,soroti,nursery cell,senegal,5,0,2.21755492666203,NA,1.717982228,33.61115407
1947,soroti,nursery cell,senegal,1,1,-0.643083647504122,0,1.717982228,33.61115407
1948,soroti,nursery cell,senegal,7,0,-1.00366316089891,NA,1.717982228,33.61115407
1949,soroti,nursery cell,senegal,10,2,1.85941182146809,1,1.717982228,33.61115407
1950,soroti,nursery cell,senegal,8,1,1.91939067017141,1,1.717982228,33.61115407
1951,soroti,akerei,senegal,11,0,-1.10104888647683,NA,1.69821,33.5412
1952,soroti,akerei,senegal,9,0,0.013712860244317,1,1.69821,33.5412
1953,soroti,akerei,senegal,10,0,-1.41918618699615,NA,1.69821,33.5412
1954,soroti,akerei,senegal,13,0,-1.94701414711759,NA,1.69821,33.5412
1955,soroti,akerei,senegal,10,0,-2.3054580613771,NA,1.69821,33.5412
1956,soroti,akerei,senegal,7,0,-2.64016234724791,NA,1.69821,33.5412
1957,soroti,akerei,senegal,6,1,-0.814749135726905,0,1.69821,33.5412
1959,soroti,akerei,senegal,11,1,-2.3483744334328,0,1.69821,33.5412
1961,soroti,akerei,senegal,2,0,-1.47099021196192,NA,1.69821,33.5412
