,house,country,frequency,severity,dispersion,area,NDVI_mean,SVI_severity
0,1,south_africa,0.2,-11.63033676147461,-0.19999999999999973,49114185.30398226,0.21580417573981384,1.3370096705639969
1,2,south_africa,0.2,-11.63033676147461,-0.19999999999999973,49114185.30398226,0.21580417573981384,1.3370096705639969
2,3,south_africa,0.2,-11.63033676147461,-0.19999999999999973,49114185.30398226,0.21580417573981384,1.3370096705639969
3,4,south_africa,0.2,-11.63033676147461,-0.19999999999999973,49114185.30398226,0.21580417573981384,1.3370096705639969
4,5,south_africa,0.2,-11.63033676147461,-0.19999999999999973,49114185.30398226,0.21580417573981384,1.3370096705639969
5,6,south_africa,0.2,-11.63033676147461,-0.19999999999999973,49114185.30398226,0.21580417573981384,1.3370096705639969
6,7,south_africa,0.2,-11.63033676147461,-0.19999999999999973,49114185.30398226,0.21580417573981384,1.3370096705639969
7,8,south_africa,0.2,-11.63033676147461,-0.19999999999999973,49114185.30398226,0.21580417573981384,1.3370096705639969
8,9,south_africa,0.2,-11.63033676147461,-0.19999999999999973,49114185.30398226,0.21580417573981384,1.3370096705639969
9,10,south_africa,0.2,-11.63033676147461,-0.19999999999999973,49114185.30398226,0.21580417573981384,1.3370096705639969
10,11,south_africa,0.2,-11.63033676147461,-0.19999999999999973,49114185.30398226,0.21580417573981384,1.3370096705639969
11,12,south_africa,0.2,-11.63033676147461,-0.19999999999999973,49114185.30398226,0.21580417573981384,1.3370096705639969
12,13,south_africa,0.2,-11.63033676147461,-0.19999999999999973,49114185.30398226,0.21580417573981384,1.3370096705639969
13,14,south_africa,0.2,-11.63033676147461,-0.19999999999999973,49114185.30398226,0.21580417573981384,1.3370096705639969
14,15,south_africa,0.2,-11.63033676147461,-0.19999999999999973,49114185.30398226,0.21580417573981384,1.3370096705639969
15,16,south_africa,0.2,-11.63033676147461,-0.19999999999999973,49114185.30398226,0.21580417573981384,1.3370096705639969
16,17,south_africa,0.2,-11.63033676147461,-0.19999999999999973,49114185.30398226,0.21580417573981384,1.3370096705639969
17,18,south_africa,0.2,-11.63033676147461,-0.19999999999999973,49114185.30398226,0.21580417573981384,1.3370096705639969
18,19,south_africa,0.2,-11.63033676147461,-0.19999999999999973,49114185.30398226,0.21580417573981384,1.3370096705639969
19,20,south_africa,0.2,-11.63033676147461,-0.19999999999999973,49114185.30398226,0.21580417573981384,1.3370096705639969
20,21,south_africa,0.2,-11.63033676147461,-0.19999999999999973,49114185.30398226,0.21580417573981384,1.3370096705639969
21,22,south_africa,0.2,-11.63033676147461,-0.19999999999999973,49114185.30398226,0.21580417573981384,1.3370096705639969
22,23,south_africa,0.2,-11.63033676147461,-0.19999999999999973,49114185.30398226,0.21580417573981384,1.3370096705639969
23,24,south_africa,0.2,-11.63033676147461,-0.19999999999999973,49114185.30398226,0.21580417573981384,1.3370096705639969
24,25,south_africa,0.2,-11.63033676147461,-0.19999999999999973,49114185.30398226,0.21580417573981384,1.3370096705639969
25,26,south_africa,0.2,-11.63033676147461,-0.19999999999999973,49114185.30398226,0.21580417573981384,1.3370096705639969
26,27,south_africa,0.2,-11.63033676147461,-0.19999999999999973,49114185.30398226,0.21580417573981384,1.3370096705639969
27,28,south_africa,0.2,-11.63033676147461,-0.19999999999999973,49114185.30398226,0.21580417573981384,1.3370096705639969
28,29,south_africa,0.2,-11.63033676147461,-0.19999999999999973,49114185.30398226,0.21580417573981384,1.3370096705639969
29,30,south_africa,0.2,-11.63033676147461,-0.19999999999999973,49114185.30398226,0.21580417573981384,1.3370096705639969
30,31,south_africa,0.6,-1.4368954102198284,1.4,64294352.34747751,0.19147113092458548,0.5335805931046423
31,32,south_africa,0.6,-1.4368954102198284,1.4,64294352.34747751,0.19147113092458548,0.5335805931046423
32,33,south_africa,0.6,-1.4368954102198284,1.4,64294352.34747751,0.19147113092458548,0.5335805931046423
33,34,south_africa,0.6,-1.4368954102198284,1.4,64294352.34747751,0.19147113092458548,0.5335805931046423
34,35,south_africa,0.6,-1.4368954102198284,1.4,64294352.34747751,0.19147113092458548,0.5335805931046423
35,36,south_africa,0.6,-1.4368954102198284,1.4,64294352.34747751,0.19147113092458548,0.5335805931046423
36,37,south_africa,0.6,-1.4368954102198284,1.4,64294352.34747751,0.19147113092458548,0.5335805931046423
37,38,south_africa,0.6,-1.4368954102198284,1.4,64294352.34747751,0.19147113092458548,0.5335805931046423
38,39,south_africa,0.6,-1.4368954102198284,1.4,64294352.34747751,0.19147113092458548,0.5335805931046423
39,40,south_africa,0.6,-1.4368954102198284,1.4,64294352.34747751,0.19147113092458548,0.5335805931046423
40,41,south_africa,0.6,-1.4368954102198284,1.4,64294352.34747751,0.19147113092458548,0.5335805931046423
41,42,south_africa,0.6,-1.4368954102198284,1.4,64294352.34747751,0.19147113092458548,0.5335805931046423
42,43,south_africa,0.2,-7.187578201293945,-0.19999999999999973,54445252.64605572,0.21300591176629552,0.8718482475459208
43,44,south_africa,0.2,-7.187578201293945,-0.19999999999999973,54445252.64605572,0.21300591176629552,0.8718482475459208
44,45,south_africa,0.2,-7.187578201293945,-0.19999999999999973,54445252.64605572,0.21300591176629552,0.8718482475459208
45,46,south_africa,0.2,-7.187578201293945,-0.19999999999999973,54445252.64605572,0.21300591176629552,0.8718482475459208
46,47,south_africa,0.2,-7.187578201293945,-0.19999999999999973,54445252.64605572,0.21300591176629552,0.8718482475459208
47,48,south_africa,0.2,-7.187578201293945,-0.19999999999999973,54445252.64605572,0.21300591176629552,0.8718482475459208
48,49,south_africa,0.2,-7.187578201293945,-0.19999999999999973,54445252.64605572,0.21300591176629552,0.8718482475459208
49,50,south_africa,0.2,-7.187578201293945,-0.19999999999999973,54445252.64605572,0.21300591176629552,0.8718482475459208
50,51,south_africa,0.2,-7.187578201293945,-0.19999999999999973,54445252.64605572,0.21300591176629552,0.8718482475459208
51,52,south_africa,0.2,-7.187578201293945,-0.19999999999999973,54445252.64605572,0.21300591176629552,0.8718482475459208
52,53,south_africa,0.2,-7.187578201293945,-0.19999999999999973,54445252.64605572,0.21300591176629552,0.8718482475459208
53,54,south_africa,0.2,-7.187578201293945,-0.19999999999999973,54445252.64605572,0.21300591176629552,0.8718482475459208
54,55,south_africa,0.2,-7.187578201293945,-0.19999999999999973,54445252.64605572,0.21300591176629552,0.8718482475459208
55,56,south_africa,0.2,-7.187578201293945,-0.19999999999999973,54445252.64605572,0.21300591176629552,0.8718482475459208
56,57,south_africa,0.2,-7.187578201293945,-0.19999999999999973,54445252.64605572,0.21300591176629552,0.8718482475459208
57,58,south_africa,0.2,-7.187578201293945,-0.19999999999999973,54445252.64605572,0.21300591176629552,0.8718482475459208
58,59,south_africa,0.2,-7.187578201293945,-0.19999999999999973,54445252.64605572,0.21300591176629552,0.8718482475459208
59,60,south_africa,0.2,-7.187578201293945,-0.19999999999999973,54445252.64605572,0.21300591176629552,0.8718482475459208
60,61,south_africa,0.4,-3.456752359867096,0.6000000000000005,49007263.05084727,0.20785712153916097,0.5063736633711087
61,62,south_africa,0.4,-3.456752359867096,0.6000000000000005,49007263.05084727,0.20785712153916097,0.5063736633711087
62,63,south_africa,0.4,-3.456752359867096,0.6000000000000005,49007263.05084727,0.20785712153916097,0.5063736633711087
63,64,south_africa,0.4,-3.456752359867096,0.6000000000000005,49007263.05084727,0.20785712153916097,0.5063736633711087
64,65,south_africa,0.4,-3.456752359867096,0.6000000000000005,49007263.05084727,0.20785712153916097,0.5063736633711087
65,66,south_africa,0.4,-3.456752359867096,0.6000000000000005,49007263.05084727,0.20785712153916097,0.5063736633711087
66,68,south_africa,0.4,-3.456752359867096,0.6000000000000005,49007263.05084727,0.20785712153916097,0.5063736633711087
67,69,south_africa,0.4,-3.456752359867096,0.6000000000000005,49007263.05084727,0.20785712153916097,0.5063736633711087
68,70,south_africa,0.4,-3.456752359867096,0.6000000000000005,49007263.05084727,0.20785712153916097,0.5063736633711087
69,71,south_africa,0.4,-3.456752359867096,0.6000000000000005,49007263.05084727,0.20785712153916097,0.5063736633711087
70,72,south_africa,0.4,-3.456752359867096,0.6000000000000005,49007263.05084727,0.20785712153916097,0.5063736633711087
71,73,south_africa,0.4,-2.852091073989868,0.6000000000000005,58781821.706515275,0.18952102886487507,0.3892216336553347
72,74,south_africa,0.4,-2.852091073989868,0.6000000000000005,58781821.706515275,0.18952102886487507,0.3892216336553347
73,75,south_africa,0.4,-2.852091073989868,0.6000000000000005,58781821.706515275,0.18952102886487507,0.3892216336553347
74,76,south_africa,0.4,-2.852091073989868,0.6000000000000005,58781821.706515275,0.18952102886487507,0.3892216336553347
75,77,south_africa,0.4,-2.852091073989868,0.6000000000000005,58781821.706515275,0.18952102886487507,0.3892216336553347
76,78,south_africa,0.4,-2.852091073989868,0.6000000000000005,58781821.706515275,0.18952102886487507,0.3892216336553347
77,79,south_africa,0.4,-2.852091073989868,0.6000000000000005,58781821.706515275,0.18952102886487507,0.3892216336553347
78,80,south_africa,0.4,-2.852091073989868,0.6000000000000005,58781821.706515275,0.18952102886487507,0.3892216336553347
79,81,south_africa,0.4,-2.852091073989868,0.6000000000000005,58781821.706515275,0.18952102886487507,0.3892216336553347
80,82,south_africa,0.4,-2.852091073989868,0.6000000000000005,58781821.706515275,0.18952102886487507,0.3892216336553347
81,83,south_africa,0.4,-2.852091073989868,0.6000000000000005,58781821.706515275,0.18952102886487507,0.3892216336553347
82,84,south_africa,0.4,-2.852091073989868,0.6000000000000005,58781821.706515275,0.18952102886487507,0.3892216336553347
83,85,south_africa,0.4,-2.852091073989868,0.6000000000000005,58781821.706515275,0.18952102886487507,0.3892216336553347
84,86,south_africa,0.4,-2.852091073989868,0.6000000000000005,58781821.706515275,0.18952102886487507,0.3892216336553347
85,87,south_africa,0.4,-2.852091073989868,0.6000000000000005,58781821.706515275,0.18952102886487507,0.3892216336553347
86,88,south_africa,0.4,-2.852091073989868,0.6000000000000005,58781821.706515275,0.18952102886487507,0.3892216336553347
87,89,south_africa,0.4,-2.852091073989868,0.6000000000000005,58781821.706515275,0.18952102886487507,0.3892216336553347
88,90,south_africa,0.4,-2.852091073989868,0.6000000000000005,58781821.706515275,0.18952102886487507,0.3892216336553347
89,91,south_africa,0.4,-2.852091073989868,0.6000000000000005,58781821.706515275,0.18952102886487507,0.3892216336553347
90,92,south_africa,0.4,-2.852091073989868,0.6000000000000005,58781821.706515275,0.18952102886487507,0.3892216336553347
91,93,south_africa,0.4,-2.852091073989868,0.6000000000000005,58781821.706515275,0.18952102886487507,0.3892216336553347
92,94,south_africa,0.4,-2.852091073989868,0.6000000000000005,58781821.706515275,0.18952102886487507,0.3892216336553347
93,95,south_africa,0.4,-2.852091073989868,0.6000000000000005,58781821.706515275,0.18952102886487507,0.3892216336553347
94,96,south_africa,0.4,-2.852091073989868,0.6000000000000005,58781821.706515275,0.18952102886487507,0.3892216336553347
95,97,south_africa,,,,,,
96,98,south_africa,,,,,,
97,99,south_africa,,,,,,
98,100,south_africa,,,,,,
99,101,south_africa,,,,,,
100,102,south_africa,,,,,,
101,103,south_africa,0.2,-11.43429946899414,-0.19999999999999973,49114185.30398226,0.22379707290925693,-0.5684778622066742
102,104,south_africa,0.2,-11.43429946899414,-0.19999999999999973,49114185.30398226,0.22379707290925693,-0.5684778622066742
103,106,south_africa,0.2,-11.43429946899414,-0.19999999999999973,49114185.30398226,0.22379707290925693,-0.5684778622066742
104,107,south_africa,0.2,-11.43429946899414,-0.19999999999999973,49114185.30398226,0.22379707290925693,-0.5684778622066742
105,108,south_africa,0.2,-11.43429946899414,-0.19999999999999973,49114185.30398226,0.22379707290925693,-0.5684778622066742
106,109,south_africa,0.2,-11.43429946899414,-0.19999999999999973,49114185.30398226,0.22379707290925693,-0.5684778622066742
107,110,south_africa,0.2,-11.43429946899414,-0.19999999999999973,49114185.30398226,0.22379707290925693,-0.5684778622066742
108,111,south_africa,0.2,-11.43429946899414,-0.19999999999999973,49114185.30398226,0.22379707290925693,-0.5684778622066742
109,112,south_africa,0.2,-11.43429946899414,-0.19999999999999973,49114185.30398226,0.22379707290925693,-0.5684778622066742
110,113,south_africa,0.2,-11.43429946899414,-0.19999999999999973,49114185.30398226,0.22379707290925693,-0.5684778622066742
111,114,south_africa,0.2,-11.43429946899414,-0.19999999999999973,49114185.30398226,0.22379707290925693,-0.5684778622066742
112,115,south_africa,0.2,-10.283400535583496,-0.19999999999999973,49114185.30398226,0.20422239787619154,-1.4255080855888385
113,116,south_africa,0.2,-10.283400535583496,-0.19999999999999973,49114185.30398226,0.20422239787619154,-1.4255080855888385
114,117,south_africa,0.2,-10.283400535583496,-0.19999999999999973,49114185.30398226,0.20422239787619154,-1.4255080855888385
115,118,south_africa,0.2,-10.283400535583496,-0.19999999999999973,49114185.30398226,0.20422239787619154,-1.4255080855888385
116,119,south_africa,0.2,-10.283400535583496,-0.19999999999999973,49114185.30398226,0.20422239787619154,-1.4255080855888385
117,120,south_africa,0.2,-10.283400535583496,-0.19999999999999973,49114185.30398226,0.20422239787619154,-1.4255080855888385
118,121,south_africa,0.2,-10.283400535583496,-0.19999999999999973,49114185.30398226,0.20422239787619154,-1.4255080855888385
119,122,south_africa,0.2,-10.283400535583496,-0.19999999999999973,49114185.30398226,0.20422239787619154,-1.4255080855888385
120,123,south_africa,0.2,-10.283400535583496,-0.19999999999999973,49114185.30398226,0.20422239787619154,-1.4255080855888385
121,124,south_africa,0.2,-10.283400535583496,-0.19999999999999973,49114185.30398226,0.20422239787619154,-1.4255080855888385
122,125,south_africa,0.2,-10.283400535583496,-0.19999999999999973,49114185.30398226,0.20422239787619154,-1.4255080855888385
123,126,south_africa,0.2,-10.283400535583496,-0.19999999999999973,49114185.30398226,0.20422239787619154,-1.4255080855888385
124,127,south_africa,0.2,-10.283400535583496,-0.19999999999999973,49114185.30398226,0.20422239787619154,-1.4255080855888385
125,128,south_africa,0.2,-10.283400535583496,-0.19999999999999973,49114185.30398226,0.20422239787619154,-1.4255080855888385
126,129,south_africa,0.2,-10.283400535583496,-0.19999999999999973,49114185.30398226,0.20422239787619154,-1.4255080855888385
127,130,south_africa,0.2,-10.283400535583496,-0.19999999999999973,49114185.30398226,0.20422239787619154,-1.4255080855888385
128,131,south_africa,0.2,-10.283400535583496,-0.19999999999999973,49114185.30398226,0.20422239787619154,-1.4255080855888385
129,132,south_africa,0.2,-10.283400535583496,-0.19999999999999973,49114185.30398226,0.20422239787619154,-1.4255080855888385
130,133,south_africa,0.2,-10.283400535583496,-0.19999999999999973,49114185.30398226,0.20422239787619154,-1.4255080855888385
131,134,south_africa,0.2,-10.283400535583496,-0.19999999999999973,49114185.30398226,0.20422239787619154,-1.4255080855888385
132,135,south_africa,0.2,-10.283400535583496,-0.19999999999999973,49114185.30398226,0.20422239787619154,-1.4255080855888385
133,136,south_africa,0.2,-10.283400535583496,-0.19999999999999973,49114185.30398226,0.20422239787619154,-1.4255080855888385
134,137,south_africa,0.2,-10.283400535583496,-0.19999999999999973,49114185.30398226,0.20422239787619154,-1.4255080855888385
135,138,south_africa,0.2,-10.283400535583496,-0.19999999999999973,49114185.30398226,0.20422239787619154,-1.4255080855888385
136,139,south_africa,0.2,-10.283400535583496,-0.19999999999999973,49114185.30398226,0.20422239787619154,-1.4255080855888385
137,140,south_africa,0.2,-10.283400535583496,-0.19999999999999973,49114185.30398226,0.20422239787619154,-1.4255080855888385
138,141,south_africa,0.2,-10.283400535583496,-0.19999999999999973,49114185.30398226,0.20422239787619154,-1.4255080855888385
139,144,south_africa,0.2,-10.283400535583496,-0.19999999999999973,49114185.30398226,0.20422239787619154,-1.4255080855888385
140,147,south_africa,0.2,-10.283400535583496,-0.19999999999999973,49114185.30398226,0.20422239787619154,-1.4255080855888385
141,148,south_africa,0.2,-10.283400535583496,-0.19999999999999973,49114185.30398226,0.20422239787619154,-1.4255080855888385
142,149,south_africa,0.2,-10.283400535583496,-0.19999999999999973,49114185.30398226,0.20422239787619154,-1.4255080855888385
143,150,south_africa,0.2,-10.283400535583496,-0.19999999999999973,49114185.30398226,0.20422239787619154,-1.4255080855888385
144,151,south_africa,0.2,-10.283400535583496,-0.19999999999999973,49114185.30398226,0.20422239787619154,-1.4255080855888385
145,152,south_africa,0.2,-10.283400535583496,-0.19999999999999973,49114185.30398226,0.20422239787619154,-1.4255080855888385
146,153,south_africa,0.2,-10.283400535583496,-0.19999999999999973,49114185.30398226,0.20422239787619154,-1.4255080855888385
147,154,south_africa,0.2,-10.283400535583496,-0.19999999999999973,49114185.30398226,0.20422239787619154,-1.4255080855888385
148,155,south_africa,0.2,-10.283400535583496,-0.19999999999999973,49114185.30398226,0.20422239787619154,-1.4255080855888385
149,156,south_africa,0.2,-10.283400535583496,-0.19999999999999973,49114185.30398226,0.20422239787619154,-1.4255080855888385
150,157,south_africa,0.2,-10.283400535583496,-0.19999999999999973,49114185.30398226,0.20422239787619154,-1.4255080855888385
151,158,south_africa,0.2,-10.283400535583496,-0.19999999999999973,49114185.30398226,0.20422239787619154,-1.4255080855888385
152,159,south_africa,0.2,-10.283400535583496,-0.19999999999999973,49114185.30398226,0.20422239787619154,-1.4255080855888385
153,160,south_africa,0.2,-10.283400535583496,-0.19999999999999973,49114185.30398226,0.20422239787619154,-1.4255080855888385
154,161,south_africa,0.2,-10.283400535583496,-0.19999999999999973,49114185.30398226,0.20422239787619154,-1.4255080855888385
155,162,south_africa,0.2,-10.283400535583496,-0.19999999999999973,49114185.30398226,0.20422239787619154,-1.4255080855888385
156,163,south_africa,0.2,-10.283400535583496,-0.19999999999999973,49114185.30398226,0.20422239787619154,-1.4255080855888385
157,164,south_africa,0.2,-10.283400535583496,-0.19999999999999973,49114185.30398226,0.20422239787619154,-1.4255080855888385
158,165,south_africa,0.2,-10.283400535583496,-0.19999999999999973,49114185.30398226,0.20422239787619154,-1.4255080855888385
159,166,south_africa,0.2,-10.283400535583496,-0.19999999999999973,49114185.30398226,0.20422239787619154,-1.4255080855888385
160,168,south_africa,0.2,-10.283400535583496,-0.19999999999999973,49114185.30398226,0.20422239787619154,-1.4255080855888385
161,169,south_africa,0.2,-10.283400535583496,-0.19999999999999973,49114185.30398226,0.20422239787619154,-1.4255080855888385
162,170,south_africa,0.2,-10.283400535583496,-0.19999999999999973,49114185.30398226,0.20422239787619154,-1.4255080855888385
163,171,south_africa,0.2,-10.283400535583496,-0.19999999999999973,49114185.30398226,0.20422239787619154,-1.4255080855888385
164,172,south_africa,0.2,-10.283400535583496,-0.19999999999999973,49114185.30398226,0.20422239787619154,-1.4255080855888385
165,173,south_africa,0.2,-10.283400535583496,-0.19999999999999973,49114185.30398226,0.20422239787619154,-1.4255080855888385
166,174,south_africa,0.2,-10.283400535583496,-0.19999999999999973,49114185.30398226,0.20422239787619154,-1.4255080855888385
167,175,south_africa,0.2,-10.283400535583496,-0.19999999999999973,49114185.30398226,0.20422239787619154,-1.4255080855888385
168,176,south_africa,0.2,-10.283400535583496,-0.19999999999999973,49114185.30398226,0.20422239787619154,-1.4255080855888385
169,177,south_africa,0.2,-10.283400535583496,-0.19999999999999973,49114185.30398226,0.20422239787619154,-1.4255080855888385
170,178,south_africa,0.2,-10.283400535583496,-0.19999999999999973,49114185.30398226,0.20422239787619154,-1.4255080855888385
171,179,south_africa,0.2,-10.283400535583496,-0.19999999999999973,49114185.30398226,0.20422239787619154,-1.4255080855888385
172,180,south_africa,0.2,-10.283400535583496,-0.19999999999999973,49114185.30398226,0.20422239787619154,-1.4255080855888385
173,181,south_africa,0.2,-10.283400535583496,-0.19999999999999973,49114185.30398226,0.20422239787619154,-1.4255080855888385
174,182,south_africa,0.2,-10.283400535583496,-0.19999999999999973,49114185.30398226,0.20422239787619154,-1.4255080855888385
175,183,south_africa,0.2,-10.283400535583496,-0.19999999999999973,49114185.30398226,0.20422239787619154,-1.4255080855888385
176,184,south_africa,0.2,-10.283400535583496,-0.19999999999999973,49114185.30398226,0.20422239787619154,-1.4255080855888385
177,185,south_africa,0.2,-10.283400535583496,-0.19999999999999973,49114185.30398226,0.20422239787619154,-1.4255080855888385
178,186,south_africa,0.2,-10.283400535583496,-0.19999999999999973,49114185.30398226,0.20422239787619154,-1.4255080855888385
179,187,south_africa,0.2,-10.283400535583496,-0.19999999999999973,49114185.30398226,0.20422239787619154,-1.4255080855888385
180,188,south_africa,0.2,-10.283400535583496,-0.19999999999999973,49114185.30398226,0.20422239787619154,-1.4255080855888385
181,189,south_africa,0.2,-10.283400535583496,-0.19999999999999973,49114185.30398226,0.20422239787619154,-1.4255080855888385
182,190,south_africa,0.2,-10.283400535583496,-0.19999999999999973,49114185.30398226,0.20422239787619154,-1.4255080855888385
183,191,south_africa,0.2,-10.283400535583496,-0.19999999999999973,49114185.30398226,0.20422239787619154,-1.4255080855888385
184,192,south_africa,0.2,-10.283400535583496,-0.19999999999999973,49114185.30398226,0.20422239787619154,-1.4255080855888385
185,193,south_africa,0.2,-10.283400535583496,-0.19999999999999973,49114185.30398226,0.20422239787619154,-1.4255080855888385
186,194,south_africa,0.2,-10.283400535583496,-0.19999999999999973,49114185.30398226,0.20422239787619154,-1.4255080855888385
187,195,south_africa,0.2,-10.283400535583496,-0.19999999999999973,49114185.30398226,0.20422239787619154,-1.4255080855888385
188,196,south_africa,0.2,-10.283400535583496,-0.19999999999999973,49114185.30398226,0.20422239787619154,-1.4255080855888385
189,197,south_africa,0.2,-10.283400535583496,-0.19999999999999973,49114185.30398226,0.20422239787619154,-1.4255080855888385
190,198,south_africa,0.2,-10.283400535583496,-0.19999999999999973,49114185.30398226,0.20422239787619154,-1.4255080855888385
191,199,south_africa,0.2,-10.283400535583496,-0.19999999999999973,49114185.30398226,0.20422239787619154,-1.4255080855888385
192,200,south_africa,0.2,-10.283400535583496,-0.19999999999999973,49114185.30398226,0.20422239787619154,-1.4255080855888385
193,201,south_africa,0.2,-10.283400535583496,-0.19999999999999973,49114185.30398226,0.20422239787619154,-1.4255080855888385
194,202,south_africa,0.2,-10.283400535583496,-0.19999999999999973,49114185.30398226,0.20422239787619154,-1.4255080855888385
195,204,south_africa,0.2,-10.283400535583496,-0.19999999999999973,49114185.30398226,0.20422239787619154,-1.4255080855888385
196,205,south_africa,0.2,-10.283400535583496,-0.19999999999999973,49114185.30398226,0.20422239787619154,-1.4255080855888385
197,206,south_africa,0.2,-10.283400535583496,-0.19999999999999973,49114185.30398226,0.20422239787619154,-1.4255080855888385
198,207,south_africa,0.2,-10.283400535583496,-0.19999999999999973,49114185.30398226,0.20422239787619154,-1.4255080855888385
199,208,south_africa,0.2,-10.283400535583496,-0.19999999999999973,49114185.30398226,0.20422239787619154,-1.4255080855888385
200,209,south_africa,0.2,-10.283400535583496,-0.19999999999999973,49114185.30398226,0.20422239787619154,-1.4255080855888385
201,210,south_africa,0.2,-10.283400535583496,-0.19999999999999973,49114185.30398226,0.20422239787619154,-1.4255080855888385
202,211,south_africa,0.2,-10.283400535583496,-0.19999999999999973,49114185.30398226,0.20422239787619154,-1.4255080855888385
203,212,south_africa,0.2,-10.283400535583496,-0.19999999999999973,49114185.30398226,0.20422239787619154,-1.4255080855888385
204,213,south_africa,0.2,-10.283400535583496,-0.19999999999999973,49114185.30398226,0.20422239787619154,-1.4255080855888385
205,214,south_africa,0.2,-10.283400535583496,-0.19999999999999973,49114185.30398226,0.20422239787619154,-1.4255080855888385
206,215,south_africa,0.2,-10.283400535583496,-0.19999999999999973,49114185.30398226,0.20422239787619154,-1.4255080855888385
207,216,south_africa,0.2,-10.283400535583496,-0.19999999999999973,49114185.30398226,0.20422239787619154,-1.4255080855888385
208,218,south_africa,0.2,-10.283400535583496,-0.19999999999999973,49114185.30398226,0.20422239787619154,-1.4255080855888385
209,219,south_africa,0.2,-10.283400535583496,-0.19999999999999973,49114185.30398226,0.20422239787619154,-1.4255080855888385
210,220,south_africa,0.2,-10.283400535583496,-0.19999999999999973,49114185.30398226,0.20422239787619154,-1.4255080855888385
211,221,south_africa,0.2,-10.283400535583496,-0.19999999999999973,49114185.30398226,0.20422239787619154,-1.4255080855888385
212,222,south_africa,0.2,-10.283400535583496,-0.19999999999999973,49114185.30398226,0.20422239787619154,-1.4255080855888385
213,223,south_africa,0.2,-10.283400535583496,-0.19999999999999973,49114185.30398226,0.20422239787619154,-1.4255080855888385
214,224,south_africa,0.2,-10.283400535583496,-0.19999999999999973,49114185.30398226,0.20422239787619154,-1.4255080855888385
215,225,south_africa,0.2,-10.283400535583496,-0.19999999999999973,49114185.30398226,0.20422239787619154,-1.4255080855888385
216,226,south_africa,0.2,-10.283400535583496,-0.19999999999999973,49114185.30398226,0.20422239787619154,-1.4255080855888385
217,227,south_africa,0.2,-10.283400535583496,-0.19999999999999973,49114185.30398226,0.20422239787619154,-1.4255080855888385
218,228,south_africa,0.2,-10.283400535583496,-0.19999999999999973,49114185.30398226,0.20422239787619154,-1.4255080855888385
219,229,south_africa,0.2,-10.283400535583496,-0.19999999999999973,49114185.30398226,0.20422239787619154,-1.4255080855888385
220,230,south_africa,0.2,-10.283400535583496,-0.19999999999999973,49114185.30398226,0.20422239787619154,-1.4255080855888385
221,232,south_africa,0.2,-10.283400535583496,-0.19999999999999973,49114185.30398226,0.20422239787619154,-1.4255080855888385
222,233,south_africa,0.2,-10.283400535583496,-0.19999999999999973,49114185.30398226,0.20422239787619154,-1.4255080855888385
223,234,south_africa,0.2,-10.283400535583496,-0.19999999999999973,49114185.30398226,0.20422239787619154,-1.4255080855888385
224,235,south_africa,0.2,-10.283400535583496,-0.19999999999999973,49114185.30398226,0.20422239787619154,-1.4255080855888385
225,236,south_africa,0.2,-10.283400535583496,-0.19999999999999973,49114185.30398226,0.20422239787619154,-1.4255080855888385
226,237,south_africa,0.2,-10.283400535583496,-0.19999999999999973,49114185.30398226,0.20422239787619154,-1.4255080855888385
227,238,south_africa,0.2,-10.283400535583496,-0.19999999999999973,49114185.30398226,0.20422239787619154,-1.4255080855888385
228,239,south_africa,0.2,-10.283400535583496,-0.19999999999999973,49114185.30398226,0.20422239787619154,-1.4255080855888385
229,240,south_africa,0.2,-10.283400535583496,-0.19999999999999973,49114185.30398226,0.20422239787619154,-1.4255080855888385
230,241,south_africa,0.2,-10.283400535583496,-0.19999999999999973,49114185.30398226,0.20422239787619154,-1.4255080855888385
231,242,south_africa,0.2,-10.283400535583496,-0.19999999999999973,49114185.30398226,0.20422239787619154,-1.4255080855888385
232,243,south_africa,0.2,-10.283400535583496,-0.19999999999999973,49114185.30398226,0.20422239787619154,-1.4255080855888385
233,244,south_africa,0.2,-10.283400535583496,-0.19999999999999973,49114185.30398226,0.20422239787619154,-1.4255080855888385
234,245,south_africa,0.2,-10.283400535583496,-0.19999999999999973,49114185.30398226,0.20422239787619154,-1.4255080855888385
235,246,south_africa,0.2,-10.283400535583496,-0.19999999999999973,49114185.30398226,0.20422239787619154,-1.4255080855888385
236,248,south_africa,0.2,-10.283400535583496,-0.19999999999999973,49114185.30398226,0.20422239787619154,-1.4255080855888385
237,249,south_africa,0.2,-10.283400535583496,-0.19999999999999973,49114185.30398226,0.20422239787619154,-1.4255080855888385
238,250,south_africa,0.2,-10.283400535583496,-0.19999999999999973,49114185.30398226,0.20422239787619154,-1.4255080855888385
239,253,south_africa,0.2,-10.283400535583496,-0.19999999999999973,49114185.30398226,0.20422239787619154,-1.4255080855888385
240,254,south_africa,0.2,-10.283400535583496,-0.19999999999999973,49114185.30398226,0.20422239787619154,-1.4255080855888385
241,255,south_africa,0.2,-10.283400535583496,-0.19999999999999973,49114185.30398226,0.20422239787619154,-1.4255080855888385
242,257,south_africa,0.2,-10.283400535583496,-0.19999999999999973,49114185.30398226,0.20422239787619154,-1.4255080855888385
243,258,south_africa,0.2,-10.283400535583496,-0.19999999999999973,49114185.30398226,0.20422239787619154,-1.4255080855888385
244,259,south_africa,0.2,-10.283400535583496,-0.19999999999999973,49114185.30398226,0.20422239787619154,-1.4255080855888385
245,260,south_africa,0.2,-10.283400535583496,-0.19999999999999973,49114185.30398226,0.20422239787619154,-1.4255080855888385
246,261,south_africa,0.2,-10.283400535583496,-0.19999999999999973,49114185.30398226,0.20422239787619154,-1.4255080855888385
247,262,south_africa,0.2,-10.283400535583496,-0.19999999999999973,49114185.30398226,0.20422239787619154,-1.4255080855888385
248,263,south_africa,0.2,-10.283400535583496,-0.19999999999999973,49114185.30398226,0.20422239787619154,-1.4255080855888385
249,264,south_africa,0.2,-10.283400535583496,-0.19999999999999973,49114185.30398226,0.20422239787619154,-1.4255080855888385
250,265,south_africa,0.2,-10.283400535583496,-0.19999999999999973,49114185.30398226,0.20422239787619154,-1.4255080855888385
251,266,south_africa,0.2,-10.283400535583496,-0.19999999999999973,49114185.30398226,0.20422239787619154,-1.4255080855888385
252,267,south_africa,0.2,-10.283400535583496,-0.19999999999999973,49114185.30398226,0.20422239787619154,-1.4255080855888385
253,268,south_africa,0.2,-10.283400535583496,-0.19999999999999973,49114185.30398226,0.20422239787619154,-1.4255080855888385
254,269,south_africa,0.2,-10.283400535583496,-0.19999999999999973,49114185.30398226,0.20422239787619154,-1.4255080855888385
255,270,south_africa,0.2,-10.283400535583496,-0.19999999999999973,49114185.30398226,0.20422239787619154,-1.4255080855888385
256,271,south_africa,0.2,-10.283400535583496,-0.19999999999999973,49114185.30398226,0.20422239787619154,-1.4255080855888385
257,272,south_africa,0.2,-10.283400535583496,-0.19999999999999973,49114185.30398226,0.20422239787619154,-1.4255080855888385
258,273,south_africa,0.2,-10.283400535583496,-0.19999999999999973,49114185.30398226,0.20422239787619154,-1.4255080855888385
259,274,south_africa,0.2,-10.283400535583496,-0.19999999999999973,49114185.30398226,0.20422239787619154,-1.4255080855888385
260,275,south_africa,0.2,-10.283400535583496,-0.19999999999999973,49114185.30398226,0.20422239787619154,-1.4255080855888385
261,276,south_africa,0.2,-10.283400535583496,-0.19999999999999973,49114185.30398226,0.20422239787619154,-1.4255080855888385
262,277,south_africa,0.2,-10.283400535583496,-0.19999999999999973,49114185.30398226,0.20422239787619154,-1.4255080855888385
263,278,south_africa,0.2,-10.283400535583496,-0.19999999999999973,49114185.30398226,0.20422239787619154,-1.4255080855888385
264,279,south_africa,0.2,-10.283400535583496,-0.19999999999999973,49114185.30398226,0.20422239787619154,-1.4255080855888385
265,280,south_africa,0.2,-10.283400535583496,-0.19999999999999973,49114185.30398226,0.20422239787619154,-1.4255080855888385
266,281,south_africa,0.2,-10.283400535583496,-0.19999999999999973,49114185.30398226,0.20422239787619154,-1.4255080855888385
267,282,south_africa,0.2,-10.283400535583496,-0.19999999999999973,49114185.30398226,0.20422239787619154,-1.4255080855888385
268,283,south_africa,0.2,-10.283400535583496,-0.19999999999999973,49114185.30398226,0.20422239787619154,-1.4255080855888385
269,284,south_africa,0.2,-10.283400535583496,-0.19999999999999973,49114185.30398226,0.20422239787619154,-1.4255080855888385
270,285,south_africa,0.2,-10.283400535583496,-0.19999999999999973,49114185.30398226,0.20422239787619154,-1.4255080855888385
271,286,south_africa,0.2,-10.283400535583496,-0.19999999999999973,49114185.30398226,0.20422239787619154,-1.4255080855888385
272,287,south_africa,0.2,-10.283400535583496,-0.19999999999999973,49114185.30398226,0.20422239787619154,-1.4255080855888385
273,288,south_africa,0.2,-10.283400535583496,-0.19999999999999973,49114185.30398226,0.20422239787619154,-1.4255080855888385
274,289,south_africa,0.2,-10.283400535583496,-0.19999999999999973,49114185.30398226,0.20422239787619154,-1.4255080855888385
275,290,south_africa,0.2,-10.283400535583496,-0.19999999999999973,49114185.30398226,0.20422239787619154,-1.4255080855888385
276,291,south_africa,0.2,-10.283400535583496,-0.19999999999999973,49114185.30398226,0.20422239787619154,-1.4255080855888385
277,292,south_africa,0.2,-10.283400535583496,-0.19999999999999973,49114185.30398226,0.20422239787619154,-1.4255080855888385
278,294,south_africa,0.2,-10.283400535583496,-0.19999999999999973,49114185.30398226,0.20422239787619154,-1.4255080855888385
279,295,south_africa,0.2,-10.283400535583496,-0.19999999999999973,49114185.30398226,0.20422239787619154,-1.4255080855888385
280,296,south_africa,0.2,-10.283400535583496,-0.19999999999999973,49114185.30398226,0.20422239787619154,-1.4255080855888385
281,297,south_africa,0.2,-10.283400535583496,-0.19999999999999973,49114185.30398226,0.20422239787619154,-1.4255080855888385
282,298,south_africa,0.2,-10.283400535583496,-0.19999999999999973,49114185.30398226,0.20422239787619154,-1.4255080855888385
283,299,south_africa,0.2,-10.283400535583496,-0.19999999999999973,49114185.30398226,0.20422239787619154,-1.4255080855888385
284,300,south_africa,0.2,-10.283400535583496,-0.19999999999999973,49114185.30398226,0.20422239787619154,-1.4255080855888385
285,301,south_africa,0.2,-10.283400535583496,-0.19999999999999973,49114185.30398226,0.20422239787619154,-1.4255080855888385
286,302,south_africa,0.2,-10.283400535583496,-0.19999999999999973,49114185.30398226,0.20422239787619154,-1.4255080855888385
287,303,south_africa,0.2,-10.283400535583496,-0.19999999999999973,49114185.30398226,0.20422239787619154,-1.4255080855888385
288,304,south_africa,0.2,-10.283400535583496,-0.19999999999999973,49114185.30398226,0.20422239787619154,-1.4255080855888385
289,305,south_africa,0.2,-10.283400535583496,-0.19999999999999973,49114185.30398226,0.20422239787619154,-1.4255080855888385
290,306,south_africa,0.2,-10.283400535583496,-0.19999999999999973,49114185.30398226,0.20422239787619154,-1.4255080855888385
291,307,south_africa,0.2,-10.283400535583496,-0.19999999999999973,49114185.30398226,0.20422239787619154,-1.4255080855888385
292,308,south_africa,0.2,-10.283400535583496,-0.19999999999999973,49114185.30398226,0.20422239787619154,-1.4255080855888385
293,309,south_africa,0.2,-10.283400535583496,-0.19999999999999973,49114185.30398226,0.20422239787619154,-1.4255080855888385
294,311,south_africa,0.2,-10.283400535583496,-0.19999999999999973,49114185.30398226,0.20422239787619154,-1.4255080855888385
295,313,south_africa,0.2,-10.283400535583496,-0.19999999999999973,49114185.30398226,0.20422239787619154,-1.4255080855888385
296,314,south_africa,0.2,-10.283400535583496,-0.19999999999999973,49114185.30398226,0.20422239787619154,-1.4255080855888385
297,315,south_africa,0.2,-10.283400535583496,-0.19999999999999973,49114185.30398226,0.20422239787619154,-1.4255080855888385
298,316,south_africa,0.2,-10.283400535583496,-0.19999999999999973,49114185.30398226,0.20422239787619154,-1.4255080855888385
299,317,south_africa,0.2,-10.283400535583496,-0.19999999999999973,49114185.30398226,0.20422239787619154,-1.4255080855888385
300,318,south_africa,0.2,-10.283400535583496,-0.19999999999999973,49114185.30398226,0.20422239787619154,-1.4255080855888385
301,319,south_africa,0.2,-10.283400535583496,-0.19999999999999973,49114185.30398226,0.20422239787619154,-1.4255080855888385
302,320,south_africa,0.2,-10.283400535583496,-0.19999999999999973,49114185.30398226,0.20422239787619154,-1.4255080855888385
303,321,south_africa,0.2,-10.283400535583496,-0.19999999999999973,49114185.30398226,0.20422239787619154,-1.4255080855888385
304,322,south_africa,0.2,-10.283400535583496,-0.19999999999999973,49114185.30398226,0.20422239787619154,-1.4255080855888385
305,323,south_africa,0.2,-10.283400535583496,-0.19999999999999973,49114185.30398226,0.20422239787619154,-1.4255080855888385
306,324,south_africa,0.2,-10.283400535583496,-0.19999999999999973,49114185.30398226,0.20422239787619154,-1.4255080855888385
307,325,south_africa,0.2,-10.283400535583496,-0.19999999999999973,49114185.30398226,0.20422239787619154,-1.4255080855888385
308,326,south_africa,0.2,-10.283400535583496,-0.19999999999999973,49114185.30398226,0.20422239787619154,-1.4255080855888385
309,327,south_africa,0.2,-10.283400535583496,-0.19999999999999973,49114185.30398226,0.20422239787619154,-1.4255080855888385
310,328,south_africa,0.2,-10.283400535583496,-0.19999999999999973,49114185.30398226,0.20422239787619154,-1.4255080855888385
311,329,south_africa,0.2,-10.283400535583496,-0.19999999999999973,49114185.30398226,0.20422239787619154,-1.4255080855888385
312,330,south_africa,0.2,-10.283400535583496,-0.19999999999999973,49114185.30398226,0.20422239787619154,-1.4255080855888385
313,331,south_africa,0.2,-10.283400535583496,-0.19999999999999973,49114185.30398226,0.20422239787619154,-1.4255080855888385
314,332,south_africa,0.2,-10.283400535583496,-0.19999999999999973,49114185.30398226,0.20422239787619154,-1.4255080855888385
315,333,south_africa,0.2,-10.283400535583496,-0.19999999999999973,49114185.30398226,0.20422239787619154,-1.4255080855888385
316,334,south_africa,0.2,-10.283400535583496,-0.19999999999999973,49114185.30398226,0.20422239787619154,-1.4255080855888385
317,335,south_africa,0.2,-10.283400535583496,-0.19999999999999973,49114185.30398226,0.20422239787619154,-1.4255080855888385
318,336,south_africa,0.2,-10.283400535583496,-0.19999999999999973,49114185.30398226,0.20422239787619154,-1.4255080855888385
319,337,south_africa,0.2,-10.283400535583496,-0.19999999999999973,49114185.30398226,0.20422239787619154,-1.4255080855888385
320,338,south_africa,0.2,-10.283400535583496,-0.19999999999999973,49114185.30398226,0.20422239787619154,-1.4255080855888385
321,339,south_africa,0.2,-10.283400535583496,-0.19999999999999973,49114185.30398226,0.20422239787619154,-1.4255080855888385
322,340,south_africa,0.2,-10.283400535583496,-0.19999999999999973,49114185.30398226,0.20422239787619154,-1.4255080855888385
323,341,south_africa,0.2,-10.283400535583496,-0.19999999999999973,49114185.30398226,0.20422239787619154,-1.4255080855888385
324,342,south_africa,0.2,-10.283400535583496,-0.19999999999999973,49114185.30398226,0.20422239787619154,-1.4255080855888385
325,343,south_africa,0.2,-10.283400535583496,-0.19999999999999973,49114185.30398226,0.20422239787619154,-1.4255080855888385
326,344,south_africa,0.2,-10.283400535583496,-0.19999999999999973,49114185.30398226,0.20422239787619154,-1.4255080855888385
327,345,south_africa,0.2,-10.283400535583496,-0.19999999999999973,49114185.30398226,0.20422239787619154,-1.4255080855888385
328,346,south_africa,0.2,-10.283400535583496,-0.19999999999999973,49114185.30398226,0.20422239787619154,-1.4255080855888385
329,347,south_africa,0.2,-10.283400535583496,-0.19999999999999973,49114185.30398226,0.20422239787619154,-1.4255080855888385
330,348,south_africa,0.2,-10.283400535583496,-0.19999999999999973,49114185.30398226,0.20422239787619154,-1.4255080855888385
331,349,south_africa,0.2,-9.840176582336426,-0.19999999999999973,49114185.30398226,0.1648997315028671,1.3186228563283973
332,350,south_africa,0.2,-9.840176582336426,-0.19999999999999973,49114185.30398226,0.1648997315028671,1.3186228563283973
333,351,south_africa,0.2,-9.840176582336426,-0.19999999999999973,49114185.30398226,0.1648997315028671,1.3186228563283973
334,352,south_africa,0.2,-9.840176582336426,-0.19999999999999973,49114185.30398226,0.1648997315028671,1.3186228563283973
335,353,south_africa,0.2,-9.840176582336426,-0.19999999999999973,49114185.30398226,0.1648997315028671,1.3186228563283973
336,354,south_africa,0.2,-9.840176582336426,-0.19999999999999973,49114185.30398226,0.1648997315028671,1.3186228563283973
337,355,south_africa,0.2,-9.840176582336426,-0.19999999999999973,49114185.30398226,0.1648997315028671,1.3186228563283973
338,357,south_africa,0.2,-9.840176582336426,-0.19999999999999973,49114185.30398226,0.1648997315028671,1.3186228563283973
339,358,south_africa,0.2,-9.840176582336426,-0.19999999999999973,49114185.30398226,0.1648997315028671,1.3186228563283973
340,359,south_africa,0.2,-9.840176582336426,-0.19999999999999973,49114185.30398226,0.1648997315028671,1.3186228563283973
341,360,south_africa,0.2,-9.840176582336426,-0.19999999999999973,49114185.30398226,0.1648997315028671,1.3186228563283973
342,361,south_africa,0.2,-9.840176582336426,-0.19999999999999973,49114185.30398226,0.1648997315028671,1.3186228563283973
343,362,south_africa,0.2,-9.840176582336426,-0.19999999999999973,49114185.30398226,0.1648997315028671,1.3186228563283973
344,363,south_africa,0.2,-9.840176582336426,-0.19999999999999973,49114185.30398226,0.1648997315028671,1.3186228563283973
345,364,south_africa,0.2,-9.840176582336426,-0.19999999999999973,49114185.30398226,0.1648997315028671,1.3186228563283973
346,365,south_africa,0.2,-9.840176582336426,-0.19999999999999973,49114185.30398226,0.1648997315028671,1.3186228563283973
347,366,south_africa,0.2,-9.840176582336426,-0.19999999999999973,49114185.30398226,0.1648997315028671,1.3186228563283973
348,367,south_africa,0.2,-9.840176582336426,-0.19999999999999973,49114185.30398226,0.1648997315028671,1.3186228563283973
349,368,south_africa,0.2,-9.840176582336426,-0.19999999999999973,49114185.30398226,0.1648997315028671,1.3186228563283973
350,369,south_africa,0.2,-9.840176582336426,-0.19999999999999973,49114185.30398226,0.1648997315028671,1.3186228563283973
351,370,south_africa,0.2,-9.840176582336426,-0.19999999999999973,49114185.30398226,0.1648997315028671,1.3186228563283973
352,371,south_africa,0.2,-9.840176582336426,-0.19999999999999973,49114185.30398226,0.1648997315028671,1.3186228563283973
353,372,south_africa,0.2,-9.840176582336426,-0.19999999999999973,49114185.30398226,0.1648997315028671,1.3186228563283973
354,373,south_africa,0.2,-9.840176582336426,-0.19999999999999973,49114185.30398226,0.1648997315028671,1.3186228563283973
355,374,south_africa,0.2,-9.840176582336426,-0.19999999999999973,49114185.30398226,0.1648997315028671,1.3186228563283973
356,375,south_africa,0.2,-9.840176582336426,-0.19999999999999973,49114185.30398226,0.1648997315028671,1.3186228563283973
357,376,south_africa,0.2,-9.840176582336426,-0.19999999999999973,49114185.30398226,0.1648997315028671,1.3186228563283973
358,378,south_africa,0.2,-9.840176582336426,-0.19999999999999973,49114185.30398226,0.1648997315028671,1.3186228563283973
359,379,south_africa,0.2,-9.840176582336426,-0.19999999999999973,49114185.30398226,0.1648997315028671,1.3186228563283973
360,380,south_africa,0.2,-9.840176582336426,-0.19999999999999973,49114185.30398226,0.1648997315028671,1.3186228563283973
361,381,south_africa,0.2,-9.840176582336426,-0.19999999999999973,49114185.30398226,0.1648997315028671,1.3186228563283973
362,382,south_africa,0.2,-9.840176582336426,-0.19999999999999973,49114185.30398226,0.1648997315028671,1.3186228563283973
363,383,south_africa,0.2,-9.840176582336426,-0.19999999999999973,49114185.30398226,0.1648997315028671,1.3186228563283973
364,384,south_africa,0.2,-9.840176582336426,-0.19999999999999973,49114185.30398226,0.1648997315028671,1.3186228563283973
365,385,south_africa,0.2,-9.840176582336426,-0.19999999999999973,49114185.30398226,0.1648997315028671,1.3186228563283973
366,386,south_africa,0.2,-9.840176582336426,-0.19999999999999973,49114185.30398226,0.1648997315028671,1.3186228563283973
367,387,south_africa,0.2,-9.840176582336426,-0.19999999999999973,49114185.30398226,0.1648997315028671,1.3186228563283973
368,388,south_africa,0.2,-9.840176582336426,-0.19999999999999973,49114185.30398226,0.1648997315028671,1.3186228563283973
369,389,south_africa,0.2,-9.840176582336426,-0.19999999999999973,49114185.30398226,0.1648997315028671,1.3186228563283973
370,390,south_africa,0.2,-9.840176582336426,-0.19999999999999973,49114185.30398226,0.1648997315028671,1.3186228563283973
371,391,south_africa,0.2,-9.840176582336426,-0.19999999999999973,49114185.30398226,0.1648997315028671,1.3186228563283973
372,392,south_africa,0.2,-9.840176582336426,-0.19999999999999973,49114185.30398226,0.1648997315028671,1.3186228563283973
373,393,south_africa,0.2,-9.840176582336426,-0.19999999999999973,49114185.30398226,0.1648997315028671,1.3186228563283973
374,394,south_africa,0.2,-9.840176582336426,-0.19999999999999973,49114185.30398226,0.1648997315028671,1.3186228563283973
375,395,south_africa,0.2,-9.840176582336426,-0.19999999999999973,49114185.30398226,0.1648997315028671,1.3186228563283973
376,396,south_africa,0.2,-9.840176582336426,-0.19999999999999973,49114185.30398226,0.1648997315028671,1.3186228563283973
377,397,south_africa,0.2,-9.840176582336426,-0.19999999999999973,49114185.30398226,0.1648997315028671,1.3186228563283973
378,398,south_africa,0.2,-9.840176582336426,-0.19999999999999973,49114185.30398226,0.1648997315028671,1.3186228563283973
379,399,south_africa,0.2,-9.840176582336426,-0.19999999999999973,49114185.30398226,0.1648997315028671,1.3186228563283973
380,400,south_africa,0.2,-9.840176582336426,-0.19999999999999973,49114185.30398226,0.1648997315028671,1.3186228563283973
381,401,south_africa,0.2,-9.840176582336426,-0.19999999999999973,49114185.30398226,0.1648997315028671,1.3186228563283973
382,402,south_africa,0.2,-9.840176582336426,-0.19999999999999973,49114185.30398226,0.1648997315028671,1.3186228563283973
383,403,south_africa,0.2,-9.840176582336426,-0.19999999999999973,49114185.30398226,0.1648997315028671,1.3186228563283973
384,405,south_africa,0.2,-9.840176582336426,-0.19999999999999973,49114185.30398226,0.1648997315028671,1.3186228563283973
385,406,south_africa,0.2,-9.840176582336426,-0.19999999999999973,49114185.30398226,0.1648997315028671,1.3186228563283973
386,407,south_africa,0.2,-9.840176582336426,-0.19999999999999973,49114185.30398226,0.1648997315028671,1.3186228563283973
387,409,south_africa,0.2,-9.840176582336426,-0.19999999999999973,49114185.30398226,0.1648997315028671,1.3186228563283973
388,410,south_africa,0.2,-9.840176582336426,-0.19999999999999973,49114185.30398226,0.1648997315028671,1.3186228563283973
389,411,south_africa,0.2,-9.840176582336426,-0.19999999999999973,49114185.30398226,0.1648997315028671,1.3186228563283973
390,413,south_africa,0.2,-9.840176582336426,-0.19999999999999973,49114185.30398226,0.1648997315028671,1.3186228563283973
391,414,south_africa,0.2,-9.840176582336426,-0.19999999999999973,49114185.30398226,0.1648997315028671,1.3186228563283973
392,415,south_africa,0.2,-9.840176582336426,-0.19999999999999973,49114185.30398226,0.1648997315028671,1.3186228563283973
393,416,south_africa,0.2,-9.840176582336426,-0.19999999999999973,49114185.30398226,0.1648997315028671,1.3186228563283973
394,417,south_africa,0.2,-9.840176582336426,-0.19999999999999973,49114185.30398226,0.1648997315028671,1.3186228563283973
395,418,south_africa,0.2,-9.840176582336426,-0.19999999999999973,49114185.30398226,0.1648997315028671,1.3186228563283973
396,419,south_africa,0.2,-9.840176582336426,-0.19999999999999973,49114185.30398226,0.1648997315028671,1.3186228563283973
397,420,south_africa,0.2,-9.840176582336426,-0.19999999999999973,49114185.30398226,0.1648997315028671,1.3186228563283973
398,421,south_africa,0.2,-9.840176582336426,-0.19999999999999973,49114185.30398226,0.1648997315028671,1.3186228563283973
399,422,south_africa,0.2,-9.840176582336426,-0.19999999999999973,49114185.30398226,0.1648997315028671,1.3186228563283973
400,423,south_africa,0.2,-9.840176582336426,-0.19999999999999973,49114185.30398226,0.1648997315028671,1.3186228563283973
401,424,south_africa,0.2,-9.840176582336426,-0.19999999999999973,49114185.30398226,0.1648997315028671,1.3186228563283973
402,425,south_africa,0.2,-9.840176582336426,-0.19999999999999973,49114185.30398226,0.1648997315028671,1.3186228563283973
403,426,south_africa,0.2,-9.840176582336426,-0.19999999999999973,49114185.30398226,0.1648997315028671,1.3186228563283973
404,427,south_africa,0.2,-9.840176582336426,-0.19999999999999973,49114185.30398226,0.1648997315028671,1.3186228563283973
405,428,south_africa,0.2,-9.840176582336426,-0.19999999999999973,49114185.30398226,0.1648997315028671,1.3186228563283973
406,429,south_africa,0.2,-9.840176582336426,-0.19999999999999973,49114185.30398226,0.1648997315028671,1.3186228563283973
407,430,south_africa,0.2,-9.840176582336426,-0.19999999999999973,49114185.30398226,0.1648997315028671,1.3186228563283973
408,431,south_africa,0.2,-9.840176582336426,-0.19999999999999973,49114185.30398226,0.1648997315028671,1.3186228563283973
409,432,south_africa,0.2,-9.840176582336426,-0.19999999999999973,49114185.30398226,0.1648997315028671,1.3186228563283973
410,433,south_africa,0.2,-9.840176582336426,-0.19999999999999973,49114185.30398226,0.1648997315028671,1.3186228563283973
411,434,south_africa,0.2,-9.840176582336426,-0.19999999999999973,49114185.30398226,0.1648997315028671,1.3186228563283973
412,435,south_africa,0.2,-9.840176582336426,-0.19999999999999973,49114185.30398226,0.1648997315028671,1.3186228563283973
413,436,south_africa,0.2,-9.840176582336426,-0.19999999999999973,49114185.30398226,0.1648997315028671,1.3186228563283973
414,437,south_africa,0.2,-9.840176582336426,-0.19999999999999973,49114185.30398226,0.1648997315028671,1.3186228563283973
415,438,south_africa,0.2,-9.840176582336426,-0.19999999999999973,49114185.30398226,0.1648997315028671,1.3186228563283973
416,440,south_africa,0.2,-9.840176582336426,-0.19999999999999973,49114185.30398226,0.1648997315028671,1.3186228563283973
417,441,south_africa,0.2,-9.840176582336426,-0.19999999999999973,49114185.30398226,0.1648997315028671,1.3186228563283973
418,442,south_africa,0.2,-9.840176582336426,-0.19999999999999973,49114185.30398226,0.1648997315028671,1.3186228563283973
419,443,south_africa,0.2,-9.840176582336426,-0.19999999999999973,49114185.30398226,0.1648997315028671,1.3186228563283973
420,444,south_africa,0.2,-9.840176582336426,-0.19999999999999973,49114185.30398226,0.1648997315028671,1.3186228563283973
421,446,south_africa,0.2,-9.840176582336426,-0.19999999999999973,49114185.30398226,0.1648997315028671,1.3186228563283973
422,447,south_africa,0.2,-9.840176582336426,-0.19999999999999973,49114185.30398226,0.1648997315028671,1.3186228563283973
423,448,south_africa,0.2,-9.840176582336426,-0.19999999999999973,49114185.30398226,0.1648997315028671,1.3186228563283973
424,449,south_africa,0.2,-9.840176582336426,-0.19999999999999973,49114185.30398226,0.1648997315028671,1.3186228563283973
425,450,south_africa,0.2,-9.840176582336426,-0.19999999999999973,49114185.30398226,0.1648997315028671,1.3186228563283973
426,451,south_africa,0.2,-9.840176582336426,-0.19999999999999973,49114185.30398226,0.1648997315028671,1.3186228563283973
427,452,south_africa,0.2,-9.840176582336426,-0.19999999999999973,49114185.30398226,0.1648997315028671,1.3186228563283973
428,453,south_africa,0.2,-9.840176582336426,-0.19999999999999973,49114185.30398226,0.1648997315028671,1.3186228563283973
429,454,south_africa,0.2,-9.840176582336426,-0.19999999999999973,49114185.30398226,0.1648997315028671,1.3186228563283973
430,455,south_africa,0.2,-9.840176582336426,-0.19999999999999973,49114185.30398226,0.1648997315028671,1.3186228563283973
431,456,south_africa,0.2,-9.840176582336426,-0.19999999999999973,49114185.30398226,0.1648997315028671,1.3186228563283973
432,457,south_africa,0.2,-9.840176582336426,-0.19999999999999973,49114185.30398226,0.1648997315028671,1.3186228563283973
433,458,south_africa,0.2,-9.840176582336426,-0.19999999999999973,49114185.30398226,0.1648997315028671,1.3186228563283973
434,459,south_africa,0.2,-9.840176582336426,-0.19999999999999973,49114185.30398226,0.1648997315028671,1.3186228563283973
435,460,south_africa,0.2,-9.840176582336426,-0.19999999999999973,49114185.30398226,0.1648997315028671,1.3186228563283973
436,461,south_africa,0.2,-9.840176582336426,-0.19999999999999973,49114185.30398226,0.1648997315028671,1.3186228563283973
437,462,south_africa,0.2,-9.840176582336426,-0.19999999999999973,49114185.30398226,0.1648997315028671,1.3186228563283973
438,463,south_africa,0.2,-9.840176582336426,-0.19999999999999973,49114185.30398226,0.1648997315028671,1.3186228563283973
439,464,south_africa,0.2,-9.840176582336426,-0.19999999999999973,49114185.30398226,0.1648997315028671,1.3186228563283973
440,465,south_africa,0.2,-9.840176582336426,-0.19999999999999973,49114185.30398226,0.1648997315028671,1.3186228563283973
441,466,south_africa,0.2,-9.840176582336426,-0.19999999999999973,49114185.30398226,0.1648997315028671,1.3186228563283973
442,467,south_africa,0.2,-9.840176582336426,-0.19999999999999973,49114185.30398226,0.1648997315028671,1.3186228563283973
443,468,south_africa,0.2,-9.840176582336426,-0.19999999999999973,49114185.30398226,0.1648997315028671,1.3186228563283973
444,469,south_africa,0.2,-9.840176582336426,-0.19999999999999973,49114185.30398226,0.1648997315028671,1.3186228563283973
445,470,south_africa,0.2,-9.840176582336426,-0.19999999999999973,49114185.30398226,0.1648997315028671,1.3186228563283973
446,471,south_africa,0.2,-9.840176582336426,-0.19999999999999973,49114185.30398226,0.1648997315028671,1.3186228563283973
447,472,south_africa,0.2,-9.840176582336426,-0.19999999999999973,49114185.30398226,0.1648997315028671,1.3186228563283973
448,473,south_africa,0.2,-9.840176582336426,-0.19999999999999973,49114185.30398226,0.1648997315028671,1.3186228563283973
449,474,south_africa,0.2,-9.840176582336426,-0.19999999999999973,49114185.30398226,0.1648997315028671,1.3186228563283973
450,475,south_africa,0.2,-9.840176582336426,-0.19999999999999973,49114185.30398226,0.1648997315028671,1.3186228563283973
451,476,south_africa,0.2,-9.840176582336426,-0.19999999999999973,49114185.30398226,0.1648997315028671,1.3186228563283973
452,477,south_africa,0.2,-9.840176582336426,-0.19999999999999973,49114185.30398226,0.1648997315028671,1.3186228563283973
453,478,south_africa,0.2,-9.840176582336426,-0.19999999999999973,49114185.30398226,0.1648997315028671,1.3186228563283973
454,479,south_africa,0.2,-9.840176582336426,-0.19999999999999973,49114185.30398226,0.1648997315028671,1.3186228563283973
455,480,south_africa,0.2,-9.840176582336426,-0.19999999999999973,49114185.30398226,0.1648997315028671,1.3186228563283973
456,481,south_africa,0.2,-9.840176582336426,-0.19999999999999973,49114185.30398226,0.1648997315028671,1.3186228563283973
457,482,south_africa,0.2,-9.840176582336426,-0.19999999999999973,49114185.30398226,0.1648997315028671,1.3186228563283973
458,483,south_africa,0.2,-9.840176582336426,-0.19999999999999973,49114185.30398226,0.1648997315028671,1.3186228563283973
459,484,south_africa,0.2,-9.840176582336426,-0.19999999999999973,49114185.30398226,0.1648997315028671,1.3186228563283973
460,485,south_africa,0.2,-9.840176582336426,-0.19999999999999973,49114185.30398226,0.1648997315028671,1.3186228563283973
461,486,south_africa,0.2,-9.840176582336426,-0.19999999999999973,49114185.30398226,0.1648997315028671,1.3186228563283973
462,487,south_africa,0.2,-9.840176582336426,-0.19999999999999973,49114185.30398226,0.1648997315028671,1.3186228563283973
463,488,south_africa,0.2,-9.840176582336426,-0.19999999999999973,49114185.30398226,0.1648997315028671,1.3186228563283973
464,489,south_africa,0.2,-9.840176582336426,-0.19999999999999973,49114185.30398226,0.1648997315028671,1.3186228563283973
465,490,south_africa,0.2,-9.840176582336426,-0.19999999999999973,49114185.30398226,0.1648997315028671,1.3186228563283973
466,491,south_africa,0.2,-9.840176582336426,-0.19999999999999973,49114185.30398226,0.1648997315028671,1.3186228563283973
467,492,south_africa,0.2,-9.840176582336426,-0.19999999999999973,49114185.30398226,0.1648997315028671,1.3186228563283973
468,493,south_africa,0.2,-9.840176582336426,-0.19999999999999973,49114185.30398226,0.1648997315028671,1.3186228563283973
469,494,south_africa,0.2,-9.840176582336426,-0.19999999999999973,49114185.30398226,0.1648997315028671,1.3186228563283973
470,495,south_africa,0.2,-9.840176582336426,-0.19999999999999973,49114185.30398226,0.1648997315028671,1.3186228563283973
471,496,south_africa,0.2,-9.840176582336426,-0.19999999999999973,49114185.30398226,0.1648997315028671,1.3186228563283973
472,497,south_africa,0.2,-9.840176582336426,-0.19999999999999973,49114185.30398226,0.1648997315028671,1.3186228563283973
473,498,south_africa,0.2,-9.840176582336426,-0.19999999999999973,49114185.30398226,0.1648997315028671,1.3186228563283973
474,499,south_africa,0.2,-9.840176582336426,-0.19999999999999973,49114185.30398226,0.1648997315028671,1.3186228563283973
475,500,south_africa,0.2,-9.840176582336426,-0.19999999999999973,49114185.30398226,0.1648997315028671,1.3186228563283973
476,501,south_africa,0.2,-9.840176582336426,-0.19999999999999973,49114185.30398226,0.1648997315028671,1.3186228563283973
477,502,south_africa,0.2,-9.840176582336426,-0.19999999999999973,49114185.30398226,0.1648997315028671,1.3186228563283973
478,503,south_africa,0.2,-9.840176582336426,-0.19999999999999973,49114185.30398226,0.1648997315028671,1.3186228563283973
479,504,south_africa,0.2,-9.840176582336426,-0.19999999999999973,49114185.30398226,0.1648997315028671,1.3186228563283973
480,505,south_africa,0.2,-9.840176582336426,-0.19999999999999973,49114185.30398226,0.1648997315028671,1.3186228563283973
481,506,south_africa,0.2,-9.840176582336426,-0.19999999999999973,49114185.30398226,0.1648997315028671,1.3186228563283973
482,507,south_africa,0.2,-9.840176582336426,-0.19999999999999973,49114185.30398226,0.1648997315028671,1.3186228563283973
483,508,south_africa,0.2,-9.840176582336426,-0.19999999999999973,49114185.30398226,0.1648997315028671,1.3186228563283973
484,509,south_africa,0.2,-9.840176582336426,-0.19999999999999973,49114185.30398226,0.1648997315028671,1.3186228563283973
485,510,south_africa,0.2,-9.840176582336426,-0.19999999999999973,49114185.30398226,0.1648997315028671,1.3186228563283973
486,511,south_africa,0.2,-9.840176582336426,-0.19999999999999973,49114185.30398226,0.1648997315028671,1.3186228563283973
487,512,south_africa,0.2,-9.840176582336426,-0.19999999999999973,49114185.30398226,0.1648997315028671,1.3186228563283973
488,513,south_africa,0.2,-9.840176582336426,-0.19999999999999973,49114185.30398226,0.1648997315028671,1.3186228563283973
489,514,south_africa,0.2,-9.840176582336426,-0.19999999999999973,49114185.30398226,0.1648997315028671,1.3186228563283973
490,515,south_africa,0.2,-9.840176582336426,-0.19999999999999973,49114185.30398226,0.1648997315028671,1.3186228563283973
491,516,south_africa,0.2,-9.840176582336426,-0.19999999999999973,49114185.30398226,0.1648997315028671,1.3186228563283973
492,517,south_africa,0.2,-9.840176582336426,-0.19999999999999973,49114185.30398226,0.1648997315028671,1.3186228563283973
493,518,south_africa,0.2,-9.840176582336426,-0.19999999999999973,49114185.30398226,0.1648997315028671,1.3186228563283973
494,520,south_africa,0.2,-9.840176582336426,-0.19999999999999973,49114185.30398226,0.1648997315028671,1.3186228563283973
495,521,south_africa,0.2,-9.840176582336426,-0.19999999999999973,49114185.30398226,0.1648997315028671,1.3186228563283973
496,522,south_africa,0.2,-9.840176582336426,-0.19999999999999973,49114185.30398226,0.1648997315028671,1.3186228563283973
497,523,south_africa,0.2,-9.840176582336426,-0.19999999999999973,49114185.30398226,0.1648997315028671,1.3186228563283973
498,524,south_africa,0.2,-9.840176582336426,-0.19999999999999973,49114185.30398226,0.1648997315028671,1.3186228563283973
499,525,south_africa,0.2,-9.840176582336426,-0.19999999999999973,49114185.30398226,0.1648997315028671,1.3186228563283973
500,526,south_africa,0.2,-9.840176582336426,-0.19999999999999973,49114185.30398226,0.1648997315028671,1.3186228563283973
501,527,south_africa,0.2,-9.840176582336426,-0.19999999999999973,49114185.30398226,0.1648997315028671,1.3186228563283973
502,528,south_africa,0.2,-9.840176582336426,-0.19999999999999973,49114185.30398226,0.1648997315028671,1.3186228563283973
503,529,south_africa,0.2,-9.840176582336426,-0.19999999999999973,49114185.30398226,0.1648997315028671,1.3186228563283973
504,531,south_africa,0.2,-9.840176582336426,-0.19999999999999973,49114185.30398226,0.1648997315028671,1.3186228563283973
505,532,south_africa,0.2,-9.840176582336426,-0.19999999999999973,49114185.30398226,0.1648997315028671,1.3186228563283973
506,533,south_africa,0.2,-9.840176582336426,-0.19999999999999973,49114185.30398226,0.1648997315028671,1.3186228563283973
507,534,south_africa,0.2,-9.840176582336426,-0.19999999999999973,49114185.30398226,0.1648997315028671,1.3186228563283973
508,535,south_africa,0.2,-9.840176582336426,-0.19999999999999973,49114185.30398226,0.1648997315028671,1.3186228563283973
509,536,south_africa,0.2,-9.840176582336426,-0.19999999999999973,49114185.30398226,0.1648997315028671,1.3186228563283973
510,537,south_africa,0.2,-9.840176582336426,-0.19999999999999973,49114185.30398226,0.1648997315028671,1.3186228563283973
511,538,south_africa,0.2,-9.840176582336426,-0.19999999999999973,49114185.30398226,0.1648997315028671,1.3186228563283973
512,539,south_africa,0.2,-9.840176582336426,-0.19999999999999973,49114185.30398226,0.1648997315028671,1.3186228563283973
513,540,south_africa,0.2,-9.840176582336426,-0.19999999999999973,49114185.30398226,0.1648997315028671,1.3186228563283973
514,541,south_africa,0.2,-9.840176582336426,-0.19999999999999973,49114185.30398226,0.1648997315028671,1.3186228563283973
515,542,south_africa,0.2,-9.840176582336426,-0.19999999999999973,49114185.30398226,0.1648997315028671,1.3186228563283973
516,543,south_africa,0.2,-9.840176582336426,-0.19999999999999973,49114185.30398226,0.1648997315028671,1.3186228563283973
517,544,south_africa,0.2,-9.840176582336426,-0.19999999999999973,49114185.30398226,0.1648997315028671,1.3186228563283973
518,545,south_africa,0.2,-9.840176582336426,-0.19999999999999973,49114185.30398226,0.1648997315028671,1.3186228563283973
519,546,south_africa,0.2,-9.840176582336426,-0.19999999999999973,49114185.30398226,0.1648997315028671,1.3186228563283973
520,547,south_africa,0.2,-9.840176582336426,-0.19999999999999973,49114185.30398226,0.1648997315028671,1.3186228563283973
521,548,south_africa,0.2,-9.840176582336426,-0.19999999999999973,49114185.30398226,0.1648997315028671,1.3186228563283973
522,549,south_africa,0.2,-9.840176582336426,-0.19999999999999973,49114185.30398226,0.1648997315028671,1.3186228563283973
523,550,south_africa,0.2,-9.840176582336426,-0.19999999999999973,49114185.30398226,0.1648997315028671,1.3186228563283973
524,551,south_africa,0.2,-9.840176582336426,-0.19999999999999973,49114185.30398226,0.1648997315028671,1.3186228563283973
525,553,south_africa,0.2,-9.840176582336426,-0.19999999999999973,49114185.30398226,0.1648997315028671,1.3186228563283973
526,554,south_africa,0.2,-9.840176582336426,-0.19999999999999973,49114185.30398226,0.1648997315028671,1.3186228563283973
527,555,south_africa,0.2,-9.840176582336426,-0.19999999999999973,49114185.30398226,0.1648997315028671,1.3186228563283973
528,556,south_africa,0.2,-9.840176582336426,-0.19999999999999973,49114185.30398226,0.1648997315028671,1.3186228563283973
529,557,south_africa,0.2,-9.840176582336426,-0.19999999999999973,49114185.30398226,0.1648997315028671,1.3186228563283973
530,558,south_africa,0.2,-9.840176582336426,-0.19999999999999973,49114185.30398226,0.1648997315028671,1.3186228563283973
531,559,south_africa,0.2,-9.840176582336426,-0.19999999999999973,49114185.30398226,0.1648997315028671,1.3186228563283973
532,560,south_africa,0.2,-9.840176582336426,-0.19999999999999973,49114185.30398226,0.1648997315028671,1.3186228563283973
533,561,south_africa,0.2,-9.840176582336426,-0.19999999999999973,49114185.30398226,0.1648997315028671,1.3186228563283973
534,562,south_africa,0.2,-9.840176582336426,-0.19999999999999973,49114185.30398226,0.1648997315028671,1.3186228563283973
535,563,south_africa,0.2,-9.840176582336426,-0.19999999999999973,49114185.30398226,0.1648997315028671,1.3186228563283973
536,564,south_africa,0.2,-9.840176582336426,-0.19999999999999973,49114185.30398226,0.1648997315028671,1.3186228563283973
537,565,south_africa,0.2,-9.840176582336426,-0.19999999999999973,49114185.30398226,0.1648997315028671,1.3186228563283973
538,566,south_africa,0.2,-9.840176582336426,-0.19999999999999973,49114185.30398226,0.1648997315028671,1.3186228563283973
539,567,south_africa,0.2,-9.840176582336426,-0.19999999999999973,49114185.30398226,0.1648997315028671,1.3186228563283973
540,568,south_africa,0.2,-9.840176582336426,-0.19999999999999973,49114185.30398226,0.1648997315028671,1.3186228563283973
541,569,south_africa,0.2,-9.840176582336426,-0.19999999999999973,49114185.30398226,0.1648997315028671,1.3186228563283973
542,570,south_africa,0.2,-9.840176582336426,-0.19999999999999973,49114185.30398226,0.1648997315028671,1.3186228563283973
543,571,south_africa,0.2,-9.840176582336426,-0.19999999999999973,49114185.30398226,0.1648997315028671,1.3186228563283973
544,572,south_africa,0.2,-9.840176582336426,-0.19999999999999973,49114185.30398226,0.1648997315028671,1.3186228563283973
545,573,south_africa,0.2,-9.840176582336426,-0.19999999999999973,49114185.30398226,0.1648997315028671,1.3186228563283973
546,574,south_africa,0.2,-9.840176582336426,-0.19999999999999973,49114185.30398226,0.1648997315028671,1.3186228563283973
547,575,south_africa,0.2,-9.840176582336426,-0.19999999999999973,49114185.30398226,0.1648997315028671,1.3186228563283973
548,576,south_africa,0.2,-9.840176582336426,-0.19999999999999973,49114185.30398226,0.1648997315028671,1.3186228563283973
549,577,south_africa,0.2,-9.840176582336426,-0.19999999999999973,49114185.30398226,0.1648997315028671,1.3186228563283973
550,578,south_africa,0.2,-9.840176582336426,-0.19999999999999973,49114185.30398226,0.1648997315028671,1.3186228563283973
551,579,south_africa,0.2,-9.840176582336426,-0.19999999999999973,49114185.30398226,0.1648997315028671,1.3186228563283973
552,580,south_africa,0.2,-9.840176582336426,-0.19999999999999973,49114185.30398226,0.1648997315028671,1.3186228563283973
553,581,south_africa,0.2,-9.840176582336426,-0.19999999999999973,49114185.30398226,0.1648997315028671,1.3186228563283973
554,582,south_africa,0.2,-9.840176582336426,-0.19999999999999973,49114185.30398226,0.1648997315028671,1.3186228563283973
555,583,south_africa,0.2,-9.840176582336426,-0.19999999999999973,49114185.30398226,0.1648997315028671,1.3186228563283973
556,584,south_africa,0.2,-9.840176582336426,-0.19999999999999973,49114185.30398226,0.1648997315028671,1.3186228563283973
557,585,south_africa,0.2,-9.840176582336426,-0.19999999999999973,49114185.30398226,0.1648997315028671,1.3186228563283973
558,586,south_africa,0.2,-9.840176582336426,-0.19999999999999973,49114185.30398226,0.1648997315028671,1.3186228563283973
559,587,south_africa,0.2,-9.840176582336426,-0.19999999999999973,49114185.30398226,0.1648997315028671,1.3186228563283973
560,588,south_africa,0.2,-9.840176582336426,-0.19999999999999973,49114185.30398226,0.1648997315028671,1.3186228563283973
561,589,south_africa,0.2,-9.840176582336426,-0.19999999999999973,49114185.30398226,0.1648997315028671,1.3186228563283973
562,590,south_africa,0.2,-9.840176582336426,-0.19999999999999973,49114185.30398226,0.1648997315028671,1.3186228563283973
563,591,south_africa,0.2,-9.840176582336426,-0.19999999999999973,49114185.30398226,0.1648997315028671,1.3186228563283973
564,592,south_africa,0.2,-9.840176582336426,-0.19999999999999973,49114185.30398226,0.1648997315028671,1.3186228563283973
565,593,south_africa,0.2,-9.840176582336426,-0.19999999999999973,49114185.30398226,0.1648997315028671,1.3186228563283973
566,594,south_africa,0.2,-9.840176582336426,-0.19999999999999973,49114185.30398226,0.1648997315028671,1.3186228563283973
567,595,south_africa,0.2,-9.840176582336426,-0.19999999999999973,49114185.30398226,0.1648997315028671,1.3186228563283973
568,596,south_africa,0.2,-9.840176582336426,-0.19999999999999973,49114185.30398226,0.1648997315028671,1.3186228563283973
569,597,south_africa,0.2,-9.840176582336426,-0.19999999999999973,49114185.30398226,0.1648997315028671,1.3186228563283973
570,598,south_africa,0.2,-9.840176582336426,-0.19999999999999973,49114185.30398226,0.1648997315028671,1.3186228563283973
571,599,south_africa,0.2,-9.840176582336426,-0.19999999999999973,49114185.30398226,0.1648997315028671,1.3186228563283973
572,600,south_africa,0.2,-9.840176582336426,-0.19999999999999973,49114185.30398226,0.1648997315028671,1.3186228563283973
573,601,south_africa,0.2,-9.840176582336426,-0.19999999999999973,49114185.30398226,0.1648997315028671,1.3186228563283973
574,602,south_africa,0.2,-9.840176582336426,-0.19999999999999973,49114185.30398226,0.1648997315028671,1.3186228563283973
575,603,south_africa,0.2,-9.840176582336426,-0.19999999999999973,49114185.30398226,0.1648997315028671,1.3186228563283973
576,604,south_africa,0.2,-9.840176582336426,-0.19999999999999973,49114185.30398226,0.1648997315028671,1.3186228563283973
577,605,south_africa,0.2,-9.840176582336426,-0.19999999999999973,49114185.30398226,0.1648997315028671,1.3186228563283973
578,606,south_africa,0.2,-9.840176582336426,-0.19999999999999973,49114185.30398226,0.1648997315028671,1.3186228563283973
579,607,south_africa,0.2,-9.840176582336426,-0.19999999999999973,49114185.30398226,0.1648997315028671,1.3186228563283973
580,608,south_africa,0.2,-9.840176582336426,-0.19999999999999973,49114185.30398226,0.1648997315028671,1.3186228563283973
581,609,south_africa,0.2,-9.840176582336426,-0.19999999999999973,49114185.30398226,0.1648997315028671,1.3186228563283973
582,610,south_africa,0.2,-9.840176582336426,-0.19999999999999973,49114185.30398226,0.1648997315028671,1.3186228563283973
583,611,south_africa,0.2,-9.840176582336426,-0.19999999999999973,49114185.30398226,0.1648997315028671,1.3186228563283973
584,612,south_africa,0.2,-9.840176582336426,-0.19999999999999973,49114185.30398226,0.1648997315028671,1.3186228563283973
585,613,south_africa,0.2,-9.840176582336426,-0.19999999999999973,49114185.30398226,0.1648997315028671,1.3186228563283973
586,614,south_africa,0.2,-9.840176582336426,-0.19999999999999973,49114185.30398226,0.1648997315028671,1.3186228563283973
587,615,south_africa,0.2,-9.840176582336426,-0.19999999999999973,49114185.30398226,0.1648997315028671,1.3186228563283973
588,616,south_africa,0.2,-9.840176582336426,-0.19999999999999973,49114185.30398226,0.1648997315028671,1.3186228563283973
589,617,south_africa,0.2,-9.840176582336426,-0.19999999999999973,49114185.30398226,0.1648997315028671,1.3186228563283973
590,618,south_africa,0.2,-9.840176582336426,-0.19999999999999973,49114185.30398226,0.1648997315028671,1.3186228563283973
591,619,south_africa,0.2,-9.840176582336426,-0.19999999999999973,49114185.30398226,0.1648997315028671,1.3186228563283973
592,620,south_africa,0.2,-9.840176582336426,-0.19999999999999973,49114185.30398226,0.1648997315028671,1.3186228563283973
593,621,south_africa,0.2,-9.840176582336426,-0.19999999999999973,49114185.30398226,0.1648997315028671,1.3186228563283973
594,622,south_africa,0.2,-9.840176582336426,-0.19999999999999973,49114185.30398226,0.1648997315028671,1.3186228563283973
595,623,south_africa,0.2,-9.840176582336426,-0.19999999999999973,49114185.30398226,0.1648997315028671,1.3186228563283973
596,624,south_africa,0.2,-9.840176582336426,-0.19999999999999973,49114185.30398226,0.1648997315028671,1.3186228563283973
597,625,south_africa,0.2,-9.840176582336426,-0.19999999999999973,49114185.30398226,0.1648997315028671,1.3186228563283973
598,626,south_africa,0.2,-9.840176582336426,-0.19999999999999973,49114185.30398226,0.1648997315028671,1.3186228563283973
599,627,south_africa,0.2,-9.840176582336426,-0.19999999999999973,49114185.30398226,0.1648997315028671,1.3186228563283973
600,628,south_africa,0.2,-9.840176582336426,-0.19999999999999973,49114185.30398226,0.1648997315028671,1.3186228563283973
601,629,south_africa,0.2,-9.840176582336426,-0.19999999999999973,49114185.30398226,0.1648997315028671,1.3186228563283973
602,630,south_africa,0.2,-9.840176582336426,-0.19999999999999973,49114185.30398226,0.1648997315028671,1.3186228563283973
603,631,south_africa,0.2,-9.840176582336426,-0.19999999999999973,49114185.30398226,0.1648997315028671,1.3186228563283973
604,632,south_africa,0.2,-9.840176582336426,-0.19999999999999973,49114185.30398226,0.1648997315028671,1.3186228563283973
605,633,south_africa,0.2,-9.840176582336426,-0.19999999999999973,49114185.30398226,0.1648997315028671,1.3186228563283973
606,634,south_africa,0.2,-9.840176582336426,-0.19999999999999973,49114185.30398226,0.1648997315028671,1.3186228563283973
607,635,south_africa,0.2,-9.840176582336426,-0.19999999999999973,49114185.30398226,0.1648997315028671,1.3186228563283973
608,636,south_africa,0.2,-9.840176582336426,-0.19999999999999973,49114185.30398226,0.1648997315028671,1.3186228563283973
609,637,south_africa,0.2,-9.840176582336426,-0.19999999999999973,49114185.30398226,0.1648997315028671,1.3186228563283973
610,638,south_africa,0.2,-9.840176582336426,-0.19999999999999973,49114185.30398226,0.1648997315028671,1.3186228563283973
611,639,south_africa,0.2,-9.840176582336426,-0.19999999999999973,49114185.30398226,0.1648997315028671,1.3186228563283973
612,640,south_africa,0.2,-9.840176582336426,-0.19999999999999973,49114185.30398226,0.1648997315028671,1.3186228563283973
613,641,south_africa,0.2,-9.840176582336426,-0.19999999999999973,49114185.30398226,0.1648997315028671,1.3186228563283973
614,642,south_africa,0.2,-9.840176582336426,-0.19999999999999973,49114185.30398226,0.1648997315028671,1.3186228563283973
615,643,south_africa,0.2,-9.840176582336426,-0.19999999999999973,49114185.30398226,0.1648997315028671,1.3186228563283973
616,644,south_africa,0.2,-9.840176582336426,-0.19999999999999973,49114185.30398226,0.1648997315028671,1.3186228563283973
617,645,south_africa,0.2,-9.840176582336426,-0.19999999999999973,49114185.30398226,0.1648997315028671,1.3186228563283973
618,646,south_africa,0.2,-9.840176582336426,-0.19999999999999973,49114185.30398226,0.1648997315028671,1.3186228563283973
619,647,south_africa,0.2,-9.840176582336426,-0.19999999999999973,49114185.30398226,0.1648997315028671,1.3186228563283973
620,648,south_africa,0.2,-9.840176582336426,-0.19999999999999973,49114185.30398226,0.1648997315028671,1.3186228563283973
621,649,south_africa,0.2,-9.840176582336426,-0.19999999999999973,49114185.30398226,0.1648997315028671,1.3186228563283973
622,650,south_africa,0.2,-9.840176582336426,-0.19999999999999973,49114185.30398226,0.1648997315028671,1.3186228563283973
623,651,south_africa,0.2,-9.840176582336426,-0.19999999999999973,49114185.30398226,0.1648997315028671,1.3186228563283973
624,652,south_africa,0.2,-9.840176582336426,-0.19999999999999973,49114185.30398226,0.1648997315028671,1.3186228563283973
625,653,south_africa,0.2,-9.840176582336426,-0.19999999999999973,49114185.30398226,0.1648997315028671,1.3186228563283973
626,654,south_africa,0.2,-9.840176582336426,-0.19999999999999973,49114185.30398226,0.1648997315028671,1.3186228563283973
627,655,south_africa,0.2,-9.840176582336426,-0.19999999999999973,49114185.30398226,0.1648997315028671,1.3186228563283973
628,656,south_africa,0.2,-9.840176582336426,-0.19999999999999973,49114185.30398226,0.1648997315028671,1.3186228563283973
629,657,south_africa,0.2,-9.840176582336426,-0.19999999999999973,49114185.30398226,0.1648997315028671,1.3186228563283973
630,658,south_africa,0.2,-9.840176582336426,-0.19999999999999973,49114185.30398226,0.1648997315028671,1.3186228563283973
631,659,south_africa,0.2,-9.840176582336426,-0.19999999999999973,49114185.30398226,0.1648997315028671,1.3186228563283973
632,660,south_africa,0.2,-9.840176582336426,-0.19999999999999973,49114185.30398226,0.1648997315028671,1.3186228563283973
633,661,south_africa,0.2,-9.840176582336426,-0.19999999999999973,49114185.30398226,0.1648997315028671,1.3186228563283973
634,662,south_africa,0.2,-9.840176582336426,-0.19999999999999973,49114185.30398226,0.1648997315028671,1.3186228563283973
635,663,south_africa,0.2,-9.840176582336426,-0.19999999999999973,49114185.30398226,0.1648997315028671,1.3186228563283973
636,664,south_africa,0.2,-9.840176582336426,-0.19999999999999973,49114185.30398226,0.1648997315028671,1.3186228563283973
637,665,south_africa,0.2,-9.840176582336426,-0.19999999999999973,49114185.30398226,0.1648997315028671,1.3186228563283973
638,667,south_africa,0.2,-11.63033676147461,-0.19999999999999973,49114185.30398226,0.21580417573981384,1.3370096705639969
639,668,south_africa,0.2,-11.63033676147461,-0.19999999999999973,49114185.30398226,0.21580417573981384,1.3370096705639969
640,669,south_africa,0.2,-11.63033676147461,-0.19999999999999973,49114185.30398226,0.21580417573981384,1.3370096705639969
641,670,south_africa,0.2,-11.63033676147461,-0.19999999999999973,49114185.30398226,0.21580417573981384,1.3370096705639969
642,671,south_africa,0.2,-11.63033676147461,-0.19999999999999973,49114185.30398226,0.21580417573981384,1.3370096705639969
643,672,south_africa,0.2,-11.63033676147461,-0.19999999999999973,49114185.30398226,0.21580417573981384,1.3370096705639969
644,673,south_africa,0.2,-11.63033676147461,-0.19999999999999973,49114185.30398226,0.21580417573981384,1.3370096705639969
645,674,south_africa,0.2,-11.63033676147461,-0.19999999999999973,49114185.30398226,0.21580417573981384,1.3370096705639969
646,675,south_africa,0.2,-11.63033676147461,-0.19999999999999973,49114185.30398226,0.21580417573981384,1.3370096705639969
647,676,south_africa,0.2,-11.63033676147461,-0.19999999999999973,49114185.30398226,0.21580417573981384,1.3370096705639969
648,677,south_africa,0.2,-11.63033676147461,-0.19999999999999973,49114185.30398226,0.21580417573981384,1.3370096705639969
649,678,south_africa,0.2,-11.63033676147461,-0.19999999999999973,49114185.30398226,0.21580417573981384,1.3370096705639969
650,679,south_africa,0.2,-11.63033676147461,-0.19999999999999973,49114185.30398226,0.21580417573981384,1.3370096705639969
651,680,south_africa,0.2,-11.63033676147461,-0.19999999999999973,49114185.30398226,0.21580417573981384,1.3370096705639969
652,682,south_africa,0.2,-11.63033676147461,-0.19999999999999973,49114185.30398226,0.21580417573981384,1.3370096705639969
653,683,south_africa,0.2,-11.63033676147461,-0.19999999999999973,49114185.30398226,0.21580417573981384,1.3370096705639969
654,684,south_africa,0.2,-11.63033676147461,-0.19999999999999973,49114185.30398226,0.21580417573981384,1.3370096705639969
655,685,south_africa,0.2,-11.63033676147461,-0.19999999999999973,49114185.30398226,0.21580417573981384,1.3370096705639969
656,686,south_africa,0.2,-11.63033676147461,-0.19999999999999973,49114185.30398226,0.21580417573981384,1.3370096705639969
657,687,south_africa,0.2,-11.63033676147461,-0.19999999999999973,49114185.30398226,0.21580417573981384,1.3370096705639969
658,688,south_africa,0.2,-11.63033676147461,-0.19999999999999973,49114185.30398226,0.21580417573981384,1.3370096705639969
659,690,south_africa,0.2,-11.63033676147461,-0.19999999999999973,49114185.30398226,0.21580417573981384,1.3370096705639969
660,691,south_africa,0.2,-11.63033676147461,-0.19999999999999973,49114185.30398226,0.21580417573981384,1.3370096705639969
661,692,south_africa,0.2,-11.63033676147461,-0.19999999999999973,49114185.30398226,0.21580417573981384,1.3370096705639969
662,694,south_africa,0.2,-11.63033676147461,-0.19999999999999973,49114185.30398226,0.21580417573981384,1.3370096705639969
663,695,south_africa,0.2,-11.63033676147461,-0.19999999999999973,49114185.30398226,0.21580417573981384,1.3370096705639969
664,696,south_africa,0.2,-11.63033676147461,-0.19999999999999973,49114185.30398226,0.21580417573981384,1.3370096705639969
665,697,south_africa,0.2,-11.63033676147461,-0.19999999999999973,49114185.30398226,0.21580417573981384,1.3370096705639969
666,698,south_africa,0.2,-11.63033676147461,-0.19999999999999973,49114185.30398226,0.21580417573981384,1.3370096705639969
667,699,south_africa,0.2,-11.63033676147461,-0.19999999999999973,49114185.30398226,0.21580417573981384,1.3370096705639969
668,700,south_africa,0.2,-11.63033676147461,-0.19999999999999973,49114185.30398226,0.21580417573981384,1.3370096705639969
669,701,south_africa,0.2,-11.63033676147461,-0.19999999999999973,49114185.30398226,0.21580417573981384,1.3370096705639969
670,702,south_africa,0.2,-11.63033676147461,-0.19999999999999973,49114185.30398226,0.21580417573981384,1.3370096705639969
671,703,south_africa,0.2,-11.63033676147461,-0.19999999999999973,49114185.30398226,0.21580417573981384,1.3370096705639969
672,704,south_africa,0.2,-11.63033676147461,-0.19999999999999973,49114185.30398226,0.21580417573981384,1.3370096705639969
673,705,south_africa,0.2,-11.63033676147461,-0.19999999999999973,49114185.30398226,0.21580417573981384,1.3370096705639969
674,706,south_africa,0.2,-11.63033676147461,-0.19999999999999973,49114185.30398226,0.21580417573981384,1.3370096705639969
675,707,south_africa,0.2,-11.63033676147461,-0.19999999999999973,49114185.30398226,0.21580417573981384,1.3370096705639969
676,708,south_africa,0.2,-11.63033676147461,-0.19999999999999973,49114185.30398226,0.21580417573981384,1.3370096705639969
677,709,south_africa,0.2,-11.63033676147461,-0.19999999999999973,49114185.30398226,0.21580417573981384,1.3370096705639969
678,710,south_africa,0.2,-11.63033676147461,-0.19999999999999973,49114185.30398226,0.21580417573981384,1.3370096705639969
679,711,south_africa,0.2,-11.63033676147461,-0.19999999999999973,49114185.30398226,0.21580417573981384,1.3370096705639969
680,712,south_africa,0.2,-11.63033676147461,-0.19999999999999973,49114185.30398226,0.21580417573981384,1.3370096705639969
681,713,south_africa,0.2,-11.63033676147461,-0.19999999999999973,49114185.30398226,0.21580417573981384,1.3370096705639969
682,714,south_africa,0.2,-11.63033676147461,-0.19999999999999973,49114185.30398226,0.21580417573981384,1.3370096705639969
683,715,south_africa,0.2,-11.63033676147461,-0.19999999999999973,49114185.30398226,0.21580417573981384,1.3370096705639969
684,716,south_africa,0.2,-11.63033676147461,-0.19999999999999973,49114185.30398226,0.21580417573981384,1.3370096705639969
685,717,south_africa,0.2,-11.63033676147461,-0.19999999999999973,49114185.30398226,0.21580417573981384,1.3370096705639969
686,718,south_africa,0.2,-11.63033676147461,-0.19999999999999973,49114185.30398226,0.21580417573981384,1.3370096705639969
687,719,south_africa,0.2,-11.63033676147461,-0.19999999999999973,49114185.30398226,0.21580417573981384,1.3370096705639969
688,720,south_africa,0.2,-11.63033676147461,-0.19999999999999973,49114185.30398226,0.21580417573981384,1.3370096705639969
689,721,south_africa,0.2,-11.63033676147461,-0.19999999999999973,49114185.30398226,0.21580417573981384,1.3370096705639969
690,722,south_africa,0.2,-11.63033676147461,-0.19999999999999973,49114185.30398226,0.21580417573981384,1.3370096705639969
691,723,south_africa,0.2,-11.63033676147461,-0.19999999999999973,49114185.30398226,0.21580417573981384,1.3370096705639969
692,724,south_africa,0.2,-11.63033676147461,-0.19999999999999973,49114185.30398226,0.21580417573981384,1.3370096705639969
693,725,south_africa,0.2,-11.63033676147461,-0.19999999999999973,49114185.30398226,0.21580417573981384,1.3370096705639969
694,726,south_africa,0.2,-11.63033676147461,-0.19999999999999973,49114185.30398226,0.21580417573981384,1.3370096705639969
695,727,south_africa,0.2,-11.63033676147461,-0.19999999999999973,49114185.30398226,0.21580417573981384,1.3370096705639969
696,728,south_africa,0.2,-11.63033676147461,-0.19999999999999973,49114185.30398226,0.21580417573981384,1.3370096705639969
697,729,south_africa,0.2,-11.63033676147461,-0.19999999999999973,49114185.30398226,0.21580417573981384,1.3370096705639969
698,730,south_africa,0.2,-11.63033676147461,-0.19999999999999973,49114185.30398226,0.21580417573981384,1.3370096705639969
699,731,south_africa,0.2,-11.63033676147461,-0.19999999999999973,49114185.30398226,0.21580417573981384,1.3370096705639969
700,732,south_africa,0.2,-11.63033676147461,-0.19999999999999973,49114185.30398226,0.21580417573981384,1.3370096705639969
701,733,south_africa,0.2,-11.63033676147461,-0.19999999999999973,49114185.30398226,0.21580417573981384,1.3370096705639969
702,734,south_africa,0.2,-11.63033676147461,-0.19999999999999973,49114185.30398226,0.21580417573981384,1.3370096705639969
703,735,south_africa,0.2,-11.63033676147461,-0.19999999999999973,49114185.30398226,0.21580417573981384,1.3370096705639969
704,736,south_africa,0.2,-11.63033676147461,-0.19999999999999973,49114185.30398226,0.21580417573981384,1.3370096705639969
705,737,south_africa,0.2,-11.63033676147461,-0.19999999999999973,49114185.30398226,0.21580417573981384,1.3370096705639969
706,738,south_africa,0.2,-11.63033676147461,-0.19999999999999973,49114185.30398226,0.21580417573981384,1.3370096705639969
707,739,south_africa,0.2,-11.63033676147461,-0.19999999999999973,49114185.30398226,0.21580417573981384,1.3370096705639969
708,740,south_africa,0.2,-11.63033676147461,-0.19999999999999973,49114185.30398226,0.21580417573981384,1.3370096705639969
709,741,south_africa,0.2,-11.63033676147461,-0.19999999999999973,49114185.30398226,0.21580417573981384,1.3370096705639969
710,742,south_africa,0.2,-11.63033676147461,-0.19999999999999973,49114185.30398226,0.21580417573981384,1.3370096705639969
711,743,south_africa,0.2,-11.63033676147461,-0.19999999999999973,49114185.30398226,0.21580417573981384,1.3370096705639969
712,744,south_africa,0.2,-11.63033676147461,-0.19999999999999973,49114185.30398226,0.21580417573981384,1.3370096705639969
713,745,south_africa,0.2,-11.63033676147461,-0.19999999999999973,49114185.30398226,0.21580417573981384,1.3370096705639969
714,746,south_africa,0.2,-11.63033676147461,-0.19999999999999973,49114185.30398226,0.21580417573981384,1.3370096705639969
715,747,south_africa,0.2,-11.63033676147461,-0.19999999999999973,49114185.30398226,0.21580417573981384,1.3370096705639969
716,748,south_africa,0.2,-11.63033676147461,-0.19999999999999973,49114185.30398226,0.21580417573981384,1.3370096705639969
717,749,south_africa,0.2,-11.63033676147461,-0.19999999999999973,49114185.30398226,0.21580417573981384,1.3370096705639969
718,750,south_africa,0.2,-11.63033676147461,-0.19999999999999973,49114185.30398226,0.21580417573981384,1.3370096705639969
719,751,south_africa,0.2,-11.63033676147461,-0.19999999999999973,49114185.30398226,0.21580417573981384,1.3370096705639969
720,752,south_africa,0.2,-11.63033676147461,-0.19999999999999973,49114185.30398226,0.21580417573981384,1.3370096705639969
721,753,south_africa,0.2,-11.63033676147461,-0.19999999999999973,49114185.30398226,0.21580417573981384,1.3370096705639969
722,754,south_africa,0.2,-11.63033676147461,-0.19999999999999973,49114185.30398226,0.21580417573981384,1.3370096705639969
723,755,south_africa,0.2,-11.63033676147461,-0.19999999999999973,49114185.30398226,0.21580417573981384,1.3370096705639969
724,756,south_africa,0.2,-11.63033676147461,-0.19999999999999973,49114185.30398226,0.21580417573981384,1.3370096705639969
725,757,south_africa,0.2,-11.63033676147461,-0.19999999999999973,49114185.30398226,0.21580417573981384,1.3370096705639969
726,758,south_africa,0.2,-11.63033676147461,-0.19999999999999973,49114185.30398226,0.21580417573981384,1.3370096705639969
727,759,south_africa,0.2,-11.63033676147461,-0.19999999999999973,49114185.30398226,0.21580417573981384,1.3370096705639969
728,760,south_africa,0.2,-11.63033676147461,-0.19999999999999973,49114185.30398226,0.21580417573981384,1.3370096705639969
729,761,south_africa,0.2,-11.63033676147461,-0.19999999999999973,49114185.30398226,0.21580417573981384,1.3370096705639969
730,762,south_africa,0.2,-11.63033676147461,-0.19999999999999973,49114185.30398226,0.21580417573981384,1.3370096705639969
731,763,south_africa,0.2,-11.63033676147461,-0.19999999999999973,49114185.30398226,0.21580417573981384,1.3370096705639969
732,764,south_africa,0.2,-11.63033676147461,-0.19999999999999973,49114185.30398226,0.21580417573981384,1.3370096705639969
733,765,south_africa,0.2,-11.63033676147461,-0.19999999999999973,49114185.30398226,0.21580417573981384,1.3370096705639969
734,766,south_africa,0.2,-11.63033676147461,-0.19999999999999973,49114185.30398226,0.21580417573981384,1.3370096705639969
735,767,south_africa,0.2,-11.63033676147461,-0.19999999999999973,49114185.30398226,0.21580417573981384,1.3370096705639969
736,768,south_africa,0.2,-11.63033676147461,-0.19999999999999973,49114185.30398226,0.21580417573981384,1.3370096705639969
737,769,south_africa,0.2,-11.63033676147461,-0.19999999999999973,49114185.30398226,0.21580417573981384,1.3370096705639969
738,770,south_africa,0.2,-11.63033676147461,-0.19999999999999973,49114185.30398226,0.21580417573981384,1.3370096705639969
739,771,south_africa,0.2,-11.63033676147461,-0.19999999999999973,49114185.30398226,0.21580417573981384,1.3370096705639969
740,772,south_africa,0.2,-11.63033676147461,-0.19999999999999973,49114185.30398226,0.21580417573981384,1.3370096705639969
741,773,south_africa,0.2,-11.63033676147461,-0.19999999999999973,49114185.30398226,0.21580417573981384,1.3370096705639969
742,774,south_africa,0.2,-11.63033676147461,-0.19999999999999973,49114185.30398226,0.21580417573981384,1.3370096705639969
743,775,south_africa,0.2,-11.63033676147461,-0.19999999999999973,49114185.30398226,0.21580417573981384,1.3370096705639969
744,776,south_africa,0.2,-11.63033676147461,-0.19999999999999973,49114185.30398226,0.21580417573981384,1.3370096705639969
745,777,south_africa,0.2,-11.63033676147461,-0.19999999999999973,49114185.30398226,0.21580417573981384,1.3370096705639969
746,778,south_africa,0.2,-11.63033676147461,-0.19999999999999973,49114185.30398226,0.21580417573981384,1.3370096705639969
747,779,south_africa,0.2,-11.63033676147461,-0.19999999999999973,49114185.30398226,0.21580417573981384,1.3370096705639969
748,780,south_africa,0.2,-11.63033676147461,-0.19999999999999973,49114185.30398226,0.21580417573981384,1.3370096705639969
749,781,south_africa,0.2,-11.63033676147461,-0.19999999999999973,49114185.30398226,0.21580417573981384,1.3370096705639969
750,782,south_africa,0.2,-11.63033676147461,-0.19999999999999973,49114185.30398226,0.21580417573981384,1.3370096705639969
751,783,south_africa,0.2,-11.63033676147461,-0.19999999999999973,49114185.30398226,0.21580417573981384,1.3370096705639969
752,784,south_africa,0.2,-11.63033676147461,-0.19999999999999973,49114185.30398226,0.21580417573981384,1.3370096705639969
753,785,south_africa,0.2,-11.63033676147461,-0.19999999999999973,49114185.30398226,0.21580417573981384,1.3370096705639969
754,786,south_africa,0.2,-11.63033676147461,-0.19999999999999973,49114185.30398226,0.21580417573981384,1.3370096705639969
755,787,south_africa,0.2,-11.63033676147461,-0.19999999999999973,49114185.30398226,0.21580417573981384,1.3370096705639969
756,788,south_africa,0.2,-11.63033676147461,-0.19999999999999973,49114185.30398226,0.21580417573981384,1.3370096705639969
757,789,south_africa,0.2,-11.63033676147461,-0.19999999999999973,49114185.30398226,0.21580417573981384,1.3370096705639969
758,790,south_africa,0.2,-11.63033676147461,-0.19999999999999973,49114185.30398226,0.21580417573981384,1.3370096705639969
759,791,south_africa,0.2,-11.63033676147461,-0.19999999999999973,49114185.30398226,0.21580417573981384,1.3370096705639969
760,792,south_africa,0.2,-11.63033676147461,-0.19999999999999973,49114185.30398226,0.21580417573981384,1.3370096705639969
761,793,south_africa,0.2,-11.63033676147461,-0.19999999999999973,49114185.30398226,0.21580417573981384,1.3370096705639969
762,794,south_africa,0.2,-11.63033676147461,-0.19999999999999973,49114185.30398226,0.21580417573981384,1.3370096705639969
763,795,south_africa,0.2,-11.63033676147461,-0.19999999999999973,49114185.30398226,0.21580417573981384,1.3370096705639969
764,796,south_africa,0.2,-11.63033676147461,-0.19999999999999973,49114185.30398226,0.21580417573981384,1.3370096705639969
765,797,south_africa,0.2,-11.63033676147461,-0.19999999999999973,49114185.30398226,0.21580417573981384,1.3370096705639969
766,798,south_africa,0.2,-11.63033676147461,-0.19999999999999973,49114185.30398226,0.21580417573981384,1.3370096705639969
767,799,south_africa,0.2,-11.63033676147461,-0.19999999999999973,49114185.30398226,0.21580417573981384,1.3370096705639969
768,800,south_africa,0.2,-11.63033676147461,-0.19999999999999973,49114185.30398226,0.21580417573981384,1.3370096705639969
769,801,south_africa,0.2,-11.63033676147461,-0.19999999999999973,49114185.30398226,0.21580417573981384,1.3370096705639969
770,802,south_africa,0.2,-11.63033676147461,-0.19999999999999973,49114185.30398226,0.21580417573981384,1.3370096705639969
771,803,south_africa,0.2,-11.63033676147461,-0.19999999999999973,49114185.30398226,0.21580417573981384,1.3370096705639969
772,804,south_africa,0.2,-11.63033676147461,-0.19999999999999973,49114185.30398226,0.21580417573981384,1.3370096705639969
773,805,south_africa,0.2,-11.63033676147461,-0.19999999999999973,49114185.30398226,0.21580417573981384,1.3370096705639969
774,806,south_africa,0.2,-11.63033676147461,-0.19999999999999973,49114185.30398226,0.21580417573981384,1.3370096705639969
775,807,south_africa,0.2,-11.63033676147461,-0.19999999999999973,49114185.30398226,0.21580417573981384,1.3370096705639969
776,808,south_africa,0.2,-11.63033676147461,-0.19999999999999973,49114185.30398226,0.21580417573981384,1.3370096705639969
777,809,south_africa,0.2,-11.63033676147461,-0.19999999999999973,49114185.30398226,0.21580417573981384,1.3370096705639969
778,810,south_africa,0.2,-11.63033676147461,-0.19999999999999973,49114185.30398226,0.21580417573981384,1.3370096705639969
779,812,south_africa,0.2,-11.63033676147461,-0.19999999999999973,49114185.30398226,0.21580417573981384,1.3370096705639969
780,813,south_africa,0.2,-11.63033676147461,-0.19999999999999973,49114185.30398226,0.21580417573981384,1.3370096705639969
781,814,south_africa,0.2,-11.63033676147461,-0.19999999999999973,49114185.30398226,0.21580417573981384,1.3370096705639969
782,815,south_africa,0.2,-11.63033676147461,-0.19999999999999973,49114185.30398226,0.21580417573981384,1.3370096705639969
783,816,south_africa,0.2,-11.63033676147461,-0.19999999999999973,49114185.30398226,0.21580417573981384,1.3370096705639969
784,817,south_africa,0.2,-11.63033676147461,-0.19999999999999973,49114185.30398226,0.21580417573981384,1.3370096705639969
785,818,south_africa,0.2,-11.63033676147461,-0.19999999999999973,49114185.30398226,0.21580417573981384,1.3370096705639969
786,819,south_africa,0.2,-11.63033676147461,-0.19999999999999973,49114185.30398226,0.21580417573981384,1.3370096705639969
787,820,south_africa,0.2,-11.63033676147461,-0.19999999999999973,49114185.30398226,0.21580417573981384,1.3370096705639969
788,821,south_africa,0.2,-11.63033676147461,-0.19999999999999973,49114185.30398226,0.21580417573981384,1.3370096705639969
789,822,south_africa,0.2,-11.63033676147461,-0.19999999999999973,49114185.30398226,0.21580417573981384,1.3370096705639969
790,823,south_africa,0.2,-11.63033676147461,-0.19999999999999973,49114185.30398226,0.21580417573981384,1.3370096705639969
791,824,south_africa,0.2,-11.63033676147461,-0.19999999999999973,49114185.30398226,0.21580417573981384,1.3370096705639969
792,825,south_africa,0.2,-11.63033676147461,-0.19999999999999973,49114185.30398226,0.21580417573981384,1.3370096705639969
793,826,south_africa,0.2,-11.63033676147461,-0.19999999999999973,49114185.30398226,0.21580417573981384,1.3370096705639969
794,827,south_africa,0.2,-11.63033676147461,-0.19999999999999973,49114185.30398226,0.21580417573981384,1.3370096705639969
795,828,south_africa,0.2,-11.63033676147461,-0.19999999999999973,49114185.30398226,0.21580417573981384,1.3370096705639969
796,829,south_africa,0.2,-11.63033676147461,-0.19999999999999973,49114185.30398226,0.21580417573981384,1.3370096705639969
797,830,south_africa,0.2,-11.63033676147461,-0.19999999999999973,49114185.30398226,0.21580417573981384,1.3370096705639969
798,831,south_africa,0.2,-11.63033676147461,-0.19999999999999973,49114185.30398226,0.21580417573981384,1.3370096705639969
799,832,south_africa,0.2,-11.63033676147461,-0.19999999999999973,49114185.30398226,0.21580417573981384,1.3370096705639969
800,833,south_africa,0.2,-11.63033676147461,-0.19999999999999973,49114185.30398226,0.21580417573981384,1.3370096705639969
801,834,south_africa,0.2,-11.63033676147461,-0.19999999999999973,49114185.30398226,0.21580417573981384,1.3370096705639969
802,835,south_africa,0.2,-11.63033676147461,-0.19999999999999973,49114185.30398226,0.21580417573981384,1.3370096705639969
803,836,south_africa,0.2,-11.63033676147461,-0.19999999999999973,49114185.30398226,0.21580417573981384,1.3370096705639969
804,837,south_africa,0.2,-11.63033676147461,-0.19999999999999973,49114185.30398226,0.21580417573981384,1.3370096705639969
805,838,south_africa,0.2,-11.63033676147461,-0.19999999999999973,49114185.30398226,0.21580417573981384,1.3370096705639969
806,839,south_africa,0.2,-11.63033676147461,-0.19999999999999973,49114185.30398226,0.21580417573981384,1.3370096705639969
807,840,south_africa,0.2,-11.63033676147461,-0.19999999999999973,49114185.30398226,0.21580417573981384,1.3370096705639969
808,841,south_africa,0.2,-11.63033676147461,-0.19999999999999973,49114185.30398226,0.21580417573981384,1.3370096705639969
809,842,south_africa,0.2,-11.63033676147461,-0.19999999999999973,49114185.30398226,0.21580417573981384,1.3370096705639969
810,843,south_africa,0.2,-11.63033676147461,-0.19999999999999973,49114185.30398226,0.21580417573981384,1.3370096705639969
811,844,south_africa,0.2,-11.63033676147461,-0.19999999999999973,49114185.30398226,0.21580417573981384,1.3370096705639969
812,845,south_africa,0.2,-11.63033676147461,-0.19999999999999973,49114185.30398226,0.21580417573981384,1.3370096705639969
813,846,south_africa,0.2,-11.63033676147461,-0.19999999999999973,49114185.30398226,0.21580417573981384,1.3370096705639969
814,847,south_africa,0.2,-11.63033676147461,-0.19999999999999973,49114185.30398226,0.21580417573981384,1.3370096705639969
815,848,south_africa,0.2,-11.63033676147461,-0.19999999999999973,49114185.30398226,0.21580417573981384,1.3370096705639969
816,849,south_africa,0.2,-11.63033676147461,-0.19999999999999973,49114185.30398226,0.21580417573981384,1.3370096705639969
817,850,south_africa,0.2,-11.63033676147461,-0.19999999999999973,49114185.30398226,0.21580417573981384,1.3370096705639969
818,851,south_africa,0.2,-11.63033676147461,-0.19999999999999973,49114185.30398226,0.21580417573981384,1.3370096705639969
819,852,south_africa,0.2,-11.63033676147461,-0.19999999999999973,49114185.30398226,0.21580417573981384,1.3370096705639969
820,853,south_africa,0.2,-11.63033676147461,-0.19999999999999973,49114185.30398226,0.21580417573981384,1.3370096705639969
821,854,south_africa,0.2,-11.63033676147461,-0.19999999999999973,49114185.30398226,0.21580417573981384,1.3370096705639969
822,855,south_africa,0.2,-11.63033676147461,-0.19999999999999973,49114185.30398226,0.21580417573981384,1.3370096705639969
823,856,south_africa,0.2,-11.63033676147461,-0.19999999999999973,49114185.30398226,0.21580417573981384,1.3370096705639969
824,857,south_africa,0.2,-11.63033676147461,-0.19999999999999973,49114185.30398226,0.21580417573981384,1.3370096705639969
825,858,south_africa,0.2,-11.63033676147461,-0.19999999999999973,49114185.30398226,0.21580417573981384,1.3370096705639969
826,859,south_africa,0.2,-11.63033676147461,-0.19999999999999973,49114185.30398226,0.21580417573981384,1.3370096705639969
827,860,south_africa,0.2,-11.63033676147461,-0.19999999999999973,49114185.30398226,0.21580417573981384,1.3370096705639969
828,861,south_africa,0.2,-11.63033676147461,-0.19999999999999973,49114185.30398226,0.21580417573981384,1.3370096705639969
829,862,south_africa,0.2,-11.63033676147461,-0.19999999999999973,49114185.30398226,0.21580417573981384,1.3370096705639969
830,863,south_africa,0.2,-11.63033676147461,-0.19999999999999973,49114185.30398226,0.21580417573981384,1.3370096705639969
831,864,south_africa,0.2,-11.63033676147461,-0.19999999999999973,49114185.30398226,0.21580417573981384,1.3370096705639969
832,865,south_africa,0.2,-11.63033676147461,-0.19999999999999973,49114185.30398226,0.21580417573981384,1.3370096705639969
833,866,south_africa,0.2,-11.63033676147461,-0.19999999999999973,49114185.30398226,0.21580417573981384,1.3370096705639969
834,867,south_africa,0.2,-11.63033676147461,-0.19999999999999973,49114185.30398226,0.21580417573981384,1.3370096705639969
835,868,south_africa,0.2,-11.63033676147461,-0.19999999999999973,49114185.30398226,0.21580417573981384,1.3370096705639969
836,869,south_africa,0.2,-11.63033676147461,-0.19999999999999973,49114185.30398226,0.21580417573981384,1.3370096705639969
837,870,south_africa,0.2,-11.63033676147461,-0.19999999999999973,49114185.30398226,0.21580417573981384,1.3370096705639969
838,871,south_africa,0.2,-11.63033676147461,-0.19999999999999973,49114185.30398226,0.21580417573981384,1.3370096705639969
839,872,south_africa,0.2,-11.63033676147461,-0.19999999999999973,49114185.30398226,0.21580417573981384,1.3370096705639969
840,873,south_africa,0.2,-11.63033676147461,-0.19999999999999973,49114185.30398226,0.21580417573981384,1.3370096705639969
841,874,south_africa,0.2,-11.63033676147461,-0.19999999999999973,49114185.30398226,0.21580417573981384,1.3370096705639969
842,875,south_africa,0.2,-11.63033676147461,-0.19999999999999973,49114185.30398226,0.21580417573981384,1.3370096705639969
843,876,south_africa,0.2,-11.63033676147461,-0.19999999999999973,49114185.30398226,0.21580417573981384,1.3370096705639969
844,877,south_africa,0.2,-11.63033676147461,-0.19999999999999973,49114185.30398226,0.21580417573981384,1.3370096705639969
845,878,south_africa,0.2,-11.63033676147461,-0.19999999999999973,49114185.30398226,0.21580417573981384,1.3370096705639969
846,879,south_africa,0.2,-11.63033676147461,-0.19999999999999973,49114185.30398226,0.21580417573981384,1.3370096705639969
847,880,south_africa,0.2,-11.63033676147461,-0.19999999999999973,49114185.30398226,0.21580417573981384,1.3370096705639969
848,881,south_africa,0.2,-11.63033676147461,-0.19999999999999973,49114185.30398226,0.21580417573981384,1.3370096705639969
849,882,south_africa,0.2,-11.63033676147461,-0.19999999999999973,49114185.30398226,0.21580417573981384,1.3370096705639969
850,883,south_africa,0.2,-11.63033676147461,-0.19999999999999973,49114185.30398226,0.21580417573981384,1.3370096705639969
851,884,south_africa,0.2,-11.63033676147461,-0.19999999999999973,49114185.30398226,0.21580417573981384,1.3370096705639969
852,885,south_africa,0.2,-11.63033676147461,-0.19999999999999973,49114185.30398226,0.21580417573981384,1.3370096705639969
853,886,south_africa,0.2,-11.63033676147461,-0.19999999999999973,49114185.30398226,0.21580417573981384,1.3370096705639969
854,887,south_africa,0.2,-11.63033676147461,-0.19999999999999973,49114185.30398226,0.21580417573981384,1.3370096705639969
855,888,south_africa,0.2,-11.63033676147461,-0.19999999999999973,49114185.30398226,0.21580417573981384,1.3370096705639969
856,889,south_africa,0.2,-11.63033676147461,-0.19999999999999973,49114185.30398226,0.21580417573981384,1.3370096705639969
857,890,south_africa,0.2,-11.63033676147461,-0.19999999999999973,49114185.30398226,0.21580417573981384,1.3370096705639969
858,891,south_africa,0.2,-11.63033676147461,-0.19999999999999973,49114185.30398226,0.21580417573981384,1.3370096705639969
859,892,south_africa,0.2,-11.63033676147461,-0.19999999999999973,49114185.30398226,0.21580417573981384,1.3370096705639969
860,893,south_africa,0.2,-11.63033676147461,-0.19999999999999973,49114185.30398226,0.21580417573981384,1.3370096705639969
861,894,south_africa,0.2,-11.63033676147461,-0.19999999999999973,49114185.30398226,0.21580417573981384,1.3370096705639969
862,895,south_africa,0.2,-11.63033676147461,-0.19999999999999973,49114185.30398226,0.21580417573981384,1.3370096705639969
863,896,south_africa,0.2,-11.63033676147461,-0.19999999999999973,49114185.30398226,0.21580417573981384,1.3370096705639969
864,897,south_africa,0.2,-11.63033676147461,-0.19999999999999973,49114185.30398226,0.21580417573981384,1.3370096705639969
865,898,south_africa,0.2,-11.63033676147461,-0.19999999999999973,49114185.30398226,0.21580417573981384,1.3370096705639969
866,899,south_africa,0.2,-11.63033676147461,-0.19999999999999973,49114185.30398226,0.21580417573981384,1.3370096705639969
867,900,south_africa,0.2,-11.63033676147461,-0.19999999999999973,49114185.30398226,0.21580417573981384,1.3370096705639969
868,901,south_africa,0.2,-11.63033676147461,-0.19999999999999973,49114185.30398226,0.21580417573981384,1.3370096705639969
869,902,south_africa,0.2,-11.63033676147461,-0.19999999999999973,49114185.30398226,0.21580417573981384,1.3370096705639969
870,903,south_africa,0.2,-11.63033676147461,-0.19999999999999973,49114185.30398226,0.21580417573981384,1.3370096705639969
871,904,south_africa,0.2,-11.63033676147461,-0.19999999999999973,49114185.30398226,0.21580417573981384,1.3370096705639969
872,905,south_africa,0.2,-11.63033676147461,-0.19999999999999973,49114185.30398226,0.21580417573981384,1.3370096705639969
873,906,south_africa,0.2,-11.63033676147461,-0.19999999999999973,49114185.30398226,0.21580417573981384,1.3370096705639969
874,907,south_africa,0.2,-11.63033676147461,-0.19999999999999973,49114185.30398226,0.21580417573981384,1.3370096705639969
875,908,south_africa,0.2,-11.63033676147461,-0.19999999999999973,49114185.30398226,0.21580417573981384,1.3370096705639969
876,909,south_africa,0.2,-11.63033676147461,-0.19999999999999973,49114185.30398226,0.21580417573981384,1.3370096705639969
877,910,south_africa,0.2,-11.63033676147461,-0.19999999999999973,49114185.30398226,0.21580417573981384,1.3370096705639969
878,911,south_africa,0.2,-11.63033676147461,-0.19999999999999973,49114185.30398226,0.21580417573981384,1.3370096705639969
879,912,south_africa,0.2,-11.63033676147461,-0.19999999999999973,49114185.30398226,0.21580417573981384,1.3370096705639969
880,913,south_africa,0.2,-11.63033676147461,-0.19999999999999973,49114185.30398226,0.21580417573981384,1.3370096705639969
881,914,south_africa,0.2,-11.63033676147461,-0.19999999999999973,49114185.30398226,0.21580417573981384,1.3370096705639969
882,915,south_africa,0.2,-11.63033676147461,-0.19999999999999973,49114185.30398226,0.21580417573981384,1.3370096705639969
883,916,south_africa,0.2,-11.63033676147461,-0.19999999999999973,49114185.30398226,0.21580417573981384,1.3370096705639969
884,917,south_africa,0.2,-11.63033676147461,-0.19999999999999973,49114185.30398226,0.21580417573981384,1.3370096705639969
885,918,south_africa,0.2,-11.63033676147461,-0.19999999999999973,49114185.30398226,0.21580417573981384,1.3370096705639969
886,919,south_africa,0.2,-11.63033676147461,-0.19999999999999973,49114185.30398226,0.21580417573981384,1.3370096705639969
887,920,south_africa,0.2,-11.63033676147461,-0.19999999999999973,49114185.30398226,0.21580417573981384,1.3370096705639969
888,921,south_africa,0.2,-11.63033676147461,-0.19999999999999973,49114185.30398226,0.21580417573981384,1.3370096705639969
889,922,south_africa,0.2,-11.63033676147461,-0.19999999999999973,49114185.30398226,0.21580417573981384,1.3370096705639969
890,923,south_africa,0.2,-11.63033676147461,-0.19999999999999973,49114185.30398226,0.21580417573981384,1.3370096705639969
891,924,south_africa,0.2,-11.63033676147461,-0.19999999999999973,49114185.30398226,0.21580417573981384,1.3370096705639969
892,925,south_africa,0.2,-11.63033676147461,-0.19999999999999973,49114185.30398226,0.21580417573981384,1.3370096705639969
893,926,south_africa,0.2,-11.63033676147461,-0.19999999999999973,49114185.30398226,0.21580417573981384,1.3370096705639969
894,927,south_africa,0.2,-11.63033676147461,-0.19999999999999973,49114185.30398226,0.21580417573981384,1.3370096705639969
895,928,south_africa,0.2,-11.63033676147461,-0.19999999999999973,49114185.30398226,0.21580417573981384,1.3370096705639969
896,929,south_africa,0.2,-11.63033676147461,-0.19999999999999973,49114185.30398226,0.21580417573981384,1.3370096705639969
897,930,south_africa,0.2,-11.63033676147461,-0.19999999999999973,49114185.30398226,0.21580417573981384,1.3370096705639969
898,931,south_africa,0.2,-11.63033676147461,-0.19999999999999973,49114185.30398226,0.21580417573981384,1.3370096705639969
899,932,south_africa,0.2,-11.63033676147461,-0.19999999999999973,49114185.30398226,0.21580417573981384,1.3370096705639969
900,933,south_africa,0.2,-11.63033676147461,-0.19999999999999973,49114185.30398226,0.21580417573981384,1.3370096705639969
901,934,south_africa,0.2,-11.63033676147461,-0.19999999999999973,49114185.30398226,0.21580417573981384,1.3370096705639969
902,935,south_africa,0.2,-11.63033676147461,-0.19999999999999973,49114185.30398226,0.21580417573981384,1.3370096705639969
903,936,south_africa,0.2,-11.63033676147461,-0.19999999999999973,49114185.30398226,0.21580417573981384,1.3370096705639969
904,937,south_africa,0.2,-11.63033676147461,-0.19999999999999973,49114185.30398226,0.21580417573981384,1.3370096705639969
905,938,south_africa,0.2,-11.63033676147461,-0.19999999999999973,49114185.30398226,0.21580417573981384,1.3370096705639969
906,939,south_africa,0.2,-11.63033676147461,-0.19999999999999973,49114185.30398226,0.21580417573981384,1.3370096705639969
907,940,south_africa,0.2,-11.63033676147461,-0.19999999999999973,49114185.30398226,0.21580417573981384,1.3370096705639969
908,941,south_africa,0.2,-11.63033676147461,-0.19999999999999973,49114185.30398226,0.21580417573981384,1.3370096705639969
909,942,south_africa,0.2,-11.63033676147461,-0.19999999999999973,49114185.30398226,0.21580417573981384,1.3370096705639969
910,943,south_africa,0.2,-11.63033676147461,-0.19999999999999973,49114185.30398226,0.21580417573981384,1.3370096705639969
911,944,south_africa,0.2,-11.63033676147461,-0.19999999999999973,49114185.30398226,0.21580417573981384,1.3370096705639969
912,945,south_africa,0.2,-11.63033676147461,-0.19999999999999973,49114185.30398226,0.21580417573981384,1.3370096705639969
913,946,south_africa,0.2,-11.63033676147461,-0.19999999999999973,49114185.30398226,0.21580417573981384,1.3370096705639969
914,947,south_africa,0.2,-11.63033676147461,-0.19999999999999973,49114185.30398226,0.21580417573981384,1.3370096705639969
915,948,south_africa,0.2,-11.63033676147461,-0.19999999999999973,49114185.30398226,0.21580417573981384,1.3370096705639969
916,949,south_africa,0.2,-11.63033676147461,-0.19999999999999973,49114185.30398226,0.21580417573981384,1.3370096705639969
917,950,south_africa,0.2,-11.63033676147461,-0.19999999999999973,49114185.30398226,0.21580417573981384,1.3370096705639969
918,951,south_africa,0.2,-11.63033676147461,-0.19999999999999973,49114185.30398226,0.21580417573981384,1.3370096705639969
919,952,south_africa,0.2,-11.63033676147461,-0.19999999999999973,49114185.30398226,0.21580417573981384,1.3370096705639969
920,953,south_africa,0.2,-11.63033676147461,-0.19999999999999973,49114185.30398226,0.21580417573981384,1.3370096705639969
921,954,south_africa,0.2,-11.63033676147461,-0.19999999999999973,49114185.30398226,0.21580417573981384,1.3370096705639969
922,955,south_africa,0.2,-11.63033676147461,-0.19999999999999973,49114185.30398226,0.21580417573981384,1.3370096705639969
923,956,south_africa,0.2,-11.63033676147461,-0.19999999999999973,49114185.30398226,0.21580417573981384,1.3370096705639969
924,957,south_africa,0.2,-11.63033676147461,-0.19999999999999973,49114185.30398226,0.21580417573981384,1.3370096705639969
925,958,south_africa,0.2,-11.695194244384766,-0.19999999999999973,49114185.30398226,0.21350812364529786,-0.8938650447891023
926,960,south_africa,0.2,-11.695194244384766,-0.19999999999999973,49114185.30398226,0.21350812364529786,-0.8938650447891023
927,961,south_africa,0.2,-11.695194244384766,-0.19999999999999973,49114185.30398226,0.21350812364529786,-0.8938650447891023
928,962,south_africa,0.2,-11.695194244384766,-0.19999999999999973,49114185.30398226,0.21350812364529786,-0.8938650447891023
929,963,south_africa,0.2,-11.695194244384766,-0.19999999999999973,49114185.30398226,0.21350812364529786,-0.8938650447891023
930,964,south_africa,0.2,-11.695194244384766,-0.19999999999999973,49114185.30398226,0.21350812364529786,-0.8938650447891023
931,965,south_africa,0.2,-11.695194244384766,-0.19999999999999973,49114185.30398226,0.21350812364529786,-0.8938650447891023
932,966,south_africa,0.2,-11.695194244384766,-0.19999999999999973,49114185.30398226,0.21350812364529786,-0.8938650447891023
933,967,south_africa,0.2,-11.695194244384766,-0.19999999999999973,49114185.30398226,0.21350812364529786,-0.8938650447891023
934,968,south_africa,0.2,-11.695194244384766,-0.19999999999999973,49114185.30398226,0.21350812364529786,-0.8938650447891023
935,969,south_africa,0.2,-11.695194244384766,-0.19999999999999973,49114185.30398226,0.21350812364529786,-0.8938650447891023
936,970,south_africa,0.6,-1.4368954102198284,1.4,64294352.34747751,0.19147113092458548,0.5335805931046423
937,971,south_africa,0.6,-1.4368954102198284,1.4,64294352.34747751,0.19147113092458548,0.5335805931046423
938,972,south_africa,0.6,-1.4368954102198284,1.4,64294352.34747751,0.19147113092458548,0.5335805931046423
939,973,south_africa,0.6,-1.4368954102198284,1.4,64294352.34747751,0.19147113092458548,0.5335805931046423
940,974,south_africa,0.6,-1.4368954102198284,1.4,64294352.34747751,0.19147113092458548,0.5335805931046423
941,975,south_africa,0.6,-1.4368954102198284,1.4,64294352.34747751,0.19147113092458548,0.5335805931046423
942,976,south_africa,0.6,-1.4368954102198284,1.4,64294352.34747751,0.19147113092458548,0.5335805931046423
943,977,south_africa,0.6,-1.4368954102198284,1.4,64294352.34747751,0.19147113092458548,0.5335805931046423
944,979,south_africa,0.6,-1.4368954102198284,1.4,64294352.34747751,0.19147113092458548,0.5335805931046423
945,980,south_africa,0.6,-1.4368954102198284,1.4,64294352.34747751,0.19147113092458548,0.5335805931046423
946,981,south_africa,0.6,-1.4368954102198284,1.4,64294352.34747751,0.19147113092458548,0.5335805931046423
947,982,south_africa,0.6,-1.4368954102198284,1.4,64294352.34747751,0.19147113092458548,0.5335805931046423
948,983,south_africa,0.6,-1.4368954102198284,1.4,64294352.34747751,0.19147113092458548,0.5335805931046423
949,984,south_africa,0.6,-1.4368954102198284,1.4,64294352.34747751,0.19147113092458548,0.5335805931046423
950,985,south_africa,0.6,-1.4368954102198284,1.4,64294352.34747751,0.19147113092458548,0.5335805931046423
951,986,south_africa,0.6,-1.4368954102198284,1.4,64294352.34747751,0.19147113092458548,0.5335805931046423
952,987,south_africa,0.6,-1.4368954102198284,1.4,64294352.34747751,0.19147113092458548,0.5335805931046423
953,988,south_africa,0.6,-1.4368954102198284,1.4,64294352.34747751,0.19147113092458548,0.5335805931046423
954,989,south_africa,0.6,-1.4368954102198284,1.4,64294352.34747751,0.19147113092458548,0.5335805931046423
955,990,south_africa,0.6,-1.4368954102198284,1.4,64294352.34747751,0.19147113092458548,0.5335805931046423
956,991,south_africa,0.6,-1.4368954102198284,1.4,64294352.34747751,0.19147113092458548,0.5335805931046423
957,992,south_africa,0.6,-1.4368954102198284,1.4,64294352.34747751,0.19147113092458548,0.5335805931046423
958,993,south_africa,0.6,-1.4368954102198284,1.4,64294352.34747751,0.19147113092458548,0.5335805931046423
959,994,south_africa,0.6,-1.4368954102198284,1.4,64294352.34747751,0.19147113092458548,0.5335805931046423
960,995,south_africa,0.6,-1.4368954102198284,1.4,64294352.34747751,0.19147113092458548,0.5335805931046423
961,996,south_africa,0.6,-1.4368954102198284,1.4,64294352.34747751,0.19147113092458548,0.5335805931046423
962,997,south_africa,0.6,-1.4368954102198284,1.4,64294352.34747751,0.19147113092458548,0.5335805931046423
963,998,south_africa,0.6,-1.4368954102198284,1.4,64294352.34747751,0.19147113092458548,0.5335805931046423
964,999,south_africa,0.6,-1.4368954102198284,1.4,64294352.34747751,0.19147113092458548,0.5335805931046423
965,1000,south_africa,0.6,-1.4368954102198284,1.4,64294352.34747751,0.19147113092458548,0.5335805931046423
966,1001,south_africa,0.6,-1.4368954102198284,1.4,64294352.34747751,0.19147113092458548,0.5335805931046423
967,1002,south_africa,0.6,-1.4368954102198284,1.4,64294352.34747751,0.19147113092458548,0.5335805931046423
968,1003,south_africa,0.2,-11.695194244384766,-0.19999999999999973,49114185.30398226,0.21350812364529786,-0.8938650447891023
969,1004,south_africa,0.2,-11.695194244384766,-0.19999999999999973,49114185.30398226,0.21350812364529786,-0.8938650447891023
970,1005,south_africa,0.2,-11.695194244384766,-0.19999999999999973,49114185.30398226,0.21350812364529786,-0.8938650447891023
971,1006,south_africa,0.2,-11.695194244384766,-0.19999999999999973,49114185.30398226,0.21350812364529786,-0.8938650447891023
972,1007,south_africa,0.2,-11.695194244384766,-0.19999999999999973,49114185.30398226,0.21350812364529786,-0.8938650447891023
973,1008,south_africa,0.8,-4.094201743602753,0.20000000000000018,102888551.10136655,0.24954281058042352,0.02956891090465441
974,1009,south_africa,0.8,-4.094201743602753,0.20000000000000018,102888551.10136655,0.24954281058042352,0.02956891090465441
975,1010,south_africa,0.8,-4.094201743602753,0.20000000000000018,102888551.10136655,0.24954281058042352,0.02956891090465441
976,1011,south_africa,0.8,-4.094201743602753,0.20000000000000018,102888551.10136655,0.24954281058042352,0.02956891090465441
977,1012,south_africa,0.8,-4.094201743602753,0.20000000000000018,102888551.10136655,0.24954281058042352,0.02956891090465441
978,1013,south_africa,0.8,-4.094201743602753,0.20000000000000018,102888551.10136655,0.24954281058042352,0.02956891090465441
979,1014,south_africa,0.8,-4.094201743602753,0.20000000000000018,102888551.10136655,0.24954281058042352,0.02956891090465441
980,1015,south_africa,0.8,-4.094201743602753,0.20000000000000018,102888551.10136655,0.24954281058042352,0.02956891090465441
981,1016,south_africa,0.8,-4.094201743602753,0.20000000000000018,102888551.10136655,0.24954281058042352,0.02956891090465441
982,1017,south_africa,0.8,-4.094201743602753,0.20000000000000018,102888551.10136655,0.24954281058042352,0.02956891090465441
983,1018,south_africa,0.8,-4.094201743602753,0.20000000000000018,102888551.10136655,0.24954281058042352,0.02956891090465441
984,1019,south_africa,0.8,-4.094201743602753,0.20000000000000018,102888551.10136655,0.24954281058042352,0.02956891090465441
985,1020,south_africa,0.8,-4.094201743602753,0.20000000000000018,102888551.10136655,0.24954281058042352,0.02956891090465441
986,1021,south_africa,0.8,-4.094201743602753,0.20000000000000018,102888551.10136655,0.24954281058042352,0.02956891090465441
987,1022,south_africa,0.8,-4.094201743602753,0.20000000000000018,102888551.10136655,0.24954281058042352,0.02956891090465441
988,1024,south_africa,0.8,-4.094201743602753,0.20000000000000018,102888551.10136655,0.24954281058042352,0.02956891090465441
989,1025,south_africa,0.8,-4.094201743602753,0.20000000000000018,102888551.10136655,0.24954281058042352,0.02956891090465441
990,1026,south_africa,0.8,-4.094201743602753,0.20000000000000018,102888551.10136655,0.24954281058042352,0.02956891090465441
991,1027,south_africa,0.8,-4.094201743602753,0.20000000000000018,102888551.10136655,0.24954281058042352,0.02956891090465441
992,1028,south_africa,0.8,-4.094201743602753,0.20000000000000018,102888551.10136655,0.24954281058042352,0.02956891090465441
993,1029,south_africa,0.8,-4.094201743602753,0.20000000000000018,102888551.10136655,0.24954281058042352,0.02956891090465441
994,1030,south_africa,0.8,-4.094201743602753,0.20000000000000018,102888551.10136655,0.24954281058042352,0.02956891090465441
995,1031,south_africa,0.8,-4.094201743602753,0.20000000000000018,102888551.10136655,0.24954281058042352,0.02956891090465441
996,1032,south_africa,0.8,-4.094201743602753,0.20000000000000018,102888551.10136655,0.24954281058042352,0.02956891090465441
997,1033,south_africa,0.8,-4.094201743602753,0.20000000000000018,102888551.10136655,0.24954281058042352,0.02956891090465441
998,1034,south_africa,0.8,-4.094201743602753,0.20000000000000018,102888551.10136655,0.24954281058042352,0.02956891090465441
999,1035,south_africa,0.8,-4.094201743602753,0.20000000000000018,102888551.10136655,0.24954281058042352,0.02956891090465441
1000,1036,south_africa,0.8,-4.094201743602753,0.20000000000000018,102888551.10136655,0.24954281058042352,0.02956891090465441
1001,1037,south_africa,0.8,-4.094201743602753,0.20000000000000018,102888551.10136655,0.24954281058042352,0.02956891090465441
1002,1038,south_africa,0.8,-4.094201743602753,0.20000000000000018,102888551.10136655,0.24954281058042352,0.02956891090465441
1003,1039,south_africa,0.8,-4.094201743602753,0.20000000000000018,102888551.10136655,0.24954281058042352,0.02956891090465441
1004,1040,south_africa,0.8,-4.094201743602753,0.20000000000000018,102888551.10136655,0.24954281058042352,0.02956891090465441
1005,1041,south_africa,0.8,-4.094201743602753,0.20000000000000018,102888551.10136655,0.24954281058042352,0.02956891090465441
1006,1042,south_africa,0.8,-4.094201743602753,0.20000000000000018,102888551.10136655,0.24954281058042352,0.02956891090465441
1007,1044,south_africa,0.8,-4.094201743602753,0.20000000000000018,102888551.10136655,0.24954281058042352,0.02956891090465441
1008,1045,south_africa,0.8,-4.094201743602753,0.20000000000000018,102888551.10136655,0.24954281058042352,0.02956891090465441
1009,1046,south_africa,0.8,-4.094201743602753,0.20000000000000018,102888551.10136655,0.24954281058042352,0.02956891090465441
1010,1047,south_africa,0.8,-4.094201743602753,0.20000000000000018,102888551.10136655,0.24954281058042352,0.02956891090465441
1011,1048,south_africa,0.8,-4.094201743602753,0.20000000000000018,102888551.10136655,0.24954281058042352,0.02956891090465441
1012,1049,south_africa,0.8,-4.094201743602753,0.20000000000000018,102888551.10136655,0.24954281058042352,0.02956891090465441
1013,1050,south_africa,0.8,-4.094201743602753,0.20000000000000018,102888551.10136655,0.24954281058042352,0.02956891090465441
1014,1051,south_africa,0.8,-4.094201743602753,0.20000000000000018,102888551.10136655,0.24954281058042352,0.02956891090465441
1015,1052,south_africa,0.8,-4.094201743602753,0.20000000000000018,102888551.10136655,0.24954281058042352,0.02956891090465441
1016,1053,south_africa,0.8,-4.094201743602753,0.20000000000000018,102888551.10136655,0.24954281058042352,0.02956891090465441
1017,1054,south_africa,0.8,-4.094201743602753,0.20000000000000018,102888551.10136655,0.24954281058042352,0.02956891090465441
1018,1055,south_africa,0.8,-4.094201743602753,0.20000000000000018,102888551.10136655,0.24954281058042352,0.02956891090465441
1019,1056,south_africa,0.8,-4.094201743602753,0.20000000000000018,102888551.10136655,0.24954281058042352,0.02956891090465441
1020,1057,south_africa,0.8,-4.094201743602753,0.20000000000000018,102888551.10136655,0.24954281058042352,0.02956891090465441
1021,1058,south_africa,0.8,-4.094201743602753,0.20000000000000018,102888551.10136655,0.24954281058042352,0.02956891090465441
1022,1059,south_africa,0.8,-4.094201743602753,0.20000000000000018,102888551.10136655,0.24954281058042352,0.02956891090465441
1023,1060,south_africa,0.8,-4.094201743602753,0.20000000000000018,102888551.10136655,0.24954281058042352,0.02956891090465441
1024,1061,south_africa,0.8,-4.094201743602753,0.20000000000000018,102888551.10136655,0.24954281058042352,0.02956891090465441
1025,1062,south_africa,0.8,-4.094201743602753,0.20000000000000018,102888551.10136655,0.24954281058042352,0.02956891090465441
1026,1063,south_africa,0.8,-4.094201743602753,0.20000000000000018,102888551.10136655,0.24954281058042352,0.02956891090465441
1027,1064,south_africa,0.8,-4.094201743602753,0.20000000000000018,102888551.10136655,0.24954281058042352,0.02956891090465441
1028,1065,south_africa,0.8,-4.094201743602753,0.20000000000000018,102888551.10136655,0.24954281058042352,0.02956891090465441
1029,1066,south_africa,0.8,-4.094201743602753,0.20000000000000018,102888551.10136655,0.24954281058042352,0.02956891090465441
1030,1067,south_africa,0.8,-4.094201743602753,0.20000000000000018,102888551.10136655,0.24954281058042352,0.02956891090465441
1031,1068,south_africa,0.8,-4.094201743602753,0.20000000000000018,102888551.10136655,0.24954281058042352,0.02956891090465441
1032,1069,south_africa,0.8,-4.094201743602753,0.20000000000000018,102888551.10136655,0.24954281058042352,0.02956891090465441
1033,1070,south_africa,0.8,-4.094201743602753,0.20000000000000018,102888551.10136655,0.24954281058042352,0.02956891090465441
1034,1071,south_africa,0.8,-4.094201743602753,0.20000000000000018,102888551.10136655,0.24954281058042352,0.02956891090465441
1035,1072,south_africa,0.8,-4.094201743602753,0.20000000000000018,102888551.10136655,0.24954281058042352,0.02956891090465441
1036,1073,south_africa,0.8,-4.094201743602753,0.20000000000000018,102888551.10136655,0.24954281058042352,0.02956891090465441
1037,1074,south_africa,0.8,-4.094201743602753,0.20000000000000018,102888551.10136655,0.24954281058042352,0.02956891090465441
1038,1075,south_africa,0.8,-4.094201743602753,0.20000000000000018,102888551.10136655,0.24954281058042352,0.02956891090465441
1039,1076,south_africa,0.8,-4.094201743602753,0.20000000000000018,102888551.10136655,0.24954281058042352,0.02956891090465441
1040,1077,south_africa,0.8,-4.094201743602753,0.20000000000000018,102888551.10136655,0.24954281058042352,0.02956891090465441
1041,1078,south_africa,0.8,-4.094201743602753,0.20000000000000018,102888551.10136655,0.24954281058042352,0.02956891090465441
1042,1079,south_africa,0.8,-4.094201743602753,0.20000000000000018,102888551.10136655,0.24954281058042352,0.02956891090465441
1043,1080,south_africa,0.8,-4.094201743602753,0.20000000000000018,102888551.10136655,0.24954281058042352,0.02956891090465441
1044,1081,south_africa,0.8,-4.094201743602753,0.20000000000000018,102888551.10136655,0.24954281058042352,0.02956891090465441
1045,1082,south_africa,0.8,-4.094201743602753,0.20000000000000018,102888551.10136655,0.24954281058042352,0.02956891090465441
1046,1083,south_africa,0.8,-4.094201743602753,0.20000000000000018,102888551.10136655,0.24954281058042352,0.02956891090465441
1047,1084,south_africa,0.8,-4.094201743602753,0.20000000000000018,102888551.10136655,0.24954281058042352,0.02956891090465441
1048,1085,south_africa,0.8,-4.094201743602753,0.20000000000000018,102888551.10136655,0.24954281058042352,0.02956891090465441
1049,1086,south_africa,0.8,-4.094201743602753,0.20000000000000018,102888551.10136655,0.24954281058042352,0.02956891090465441
1050,1087,south_africa,0.8,-4.094201743602753,0.20000000000000018,102888551.10136655,0.24954281058042352,0.02956891090465441
1051,1088,south_africa,0.8,-4.094201743602753,0.20000000000000018,102888551.10136655,0.24954281058042352,0.02956891090465441
1052,1089,south_africa,0.8,-4.094201743602753,0.20000000000000018,102888551.10136655,0.24954281058042352,0.02956891090465441
1053,1090,south_africa,0.8,-4.094201743602753,0.20000000000000018,102888551.10136655,0.24954281058042352,0.02956891090465441
1054,1091,south_africa,0.8,-4.094201743602753,0.20000000000000018,102888551.10136655,0.24954281058042352,0.02956891090465441
1055,1092,south_africa,0.8,-4.094201743602753,0.20000000000000018,102888551.10136655,0.24954281058042352,0.02956891090465441
1056,1093,south_africa,0.8,-4.094201743602753,0.20000000000000018,102888551.10136655,0.24954281058042352,0.02956891090465441
1057,1094,south_africa,0.8,-4.094201743602753,0.20000000000000018,102888551.10136655,0.24954281058042352,0.02956891090465441
1058,1095,south_africa,0.8,-4.094201743602753,0.20000000000000018,102888551.10136655,0.24954281058042352,0.02956891090465441
1059,1096,south_africa,0.8,-4.094201743602753,0.20000000000000018,102888551.10136655,0.24954281058042352,0.02956891090465441
1060,1097,south_africa,0.8,-4.094201743602753,0.20000000000000018,102888551.10136655,0.24954281058042352,0.02956891090465441
1061,1098,south_africa,0.8,-4.094201743602753,0.20000000000000018,102888551.10136655,0.24954281058042352,0.02956891090465441
1062,1099,south_africa,0.2,-16.097476959228516,-0.19999999999999973,83960093.27069236,0.21798848824982064,-6.2231415758135284
1063,1100,south_africa,0.2,-16.097476959228516,-0.19999999999999973,83960093.27069236,0.21798848824982064,-6.2231415758135284
1064,1101,south_africa,0.2,-16.097476959228516,-0.19999999999999973,83960093.27069236,0.21798848824982064,-6.2231415758135284
1065,1102,south_africa,0.2,-16.097476959228516,-0.19999999999999973,83960093.27069236,0.21798848824982064,-6.2231415758135284
1066,1103,south_africa,0.2,-16.097476959228516,-0.19999999999999973,83960093.27069236,0.21798848824982064,-6.2231415758135284
1067,1104,south_africa,0.2,-16.097476959228516,-0.19999999999999973,83960093.27069236,0.21798848824982064,-6.2231415758135284
1068,1105,south_africa,0.2,-16.097476959228516,-0.19999999999999973,83960093.27069236,0.21798848824982064,-6.2231415758135284
1069,1106,south_africa,0.2,-16.097476959228516,-0.19999999999999973,83960093.27069236,0.21798848824982064,-6.2231415758135284
1070,1107,south_africa,0.2,-16.097476959228516,-0.19999999999999973,83960093.27069236,0.21798848824982064,-6.2231415758135284
1071,1108,south_africa,0.2,-16.097476959228516,-0.19999999999999973,83960093.27069236,0.21798848824982064,-6.2231415758135284
1072,1109,south_africa,0.2,-16.097476959228516,-0.19999999999999973,83960093.27069236,0.21798848824982064,-6.2231415758135284
1073,1110,south_africa,0.2,-16.097476959228516,-0.19999999999999973,83960093.27069236,0.21798848824982064,-6.2231415758135284
1074,1111,south_africa,0.2,-16.097476959228516,-0.19999999999999973,83960093.27069236,0.21798848824982064,-6.2231415758135284
1075,1112,south_africa,0.2,-16.097476959228516,-0.19999999999999973,83960093.27069236,0.21798848824982064,-6.2231415758135284
1076,1113,south_africa,0.2,-16.097476959228516,-0.19999999999999973,83960093.27069236,0.21798848824982064,-6.2231415758135284
1077,1114,south_africa,0.2,-16.097476959228516,-0.19999999999999973,83960093.27069236,0.21798848824982064,-6.2231415758135284
1078,1115,south_africa,0.2,-16.097476959228516,-0.19999999999999973,83960093.27069236,0.21798848824982064,-6.2231415758135284
1079,1116,south_africa,0.2,-16.097476959228516,-0.19999999999999973,83960093.27069236,0.21798848824982064,-6.2231415758135284
1080,1117,south_africa,,,,,,
1081,1118,south_africa,,,,,,
1082,1119,south_africa,,,,,,
1083,1120,south_africa,,,,,,
1084,1121,south_africa,,,,,,
1085,1122,south_africa,,,,,,
1086,1123,south_africa,0.2,-13.92869758605957,-0.19999999999999973,83960093.27069236,0.22591059021417523,-3.5646739313968707
1087,1124,south_africa,0.2,-13.92869758605957,-0.19999999999999973,83960093.27069236,0.22591059021417523,-3.5646739313968707
1088,1125,south_africa,0.2,-13.92869758605957,-0.19999999999999973,83960093.27069236,0.22591059021417523,-3.5646739313968707
1089,1126,south_africa,0.2,-13.92869758605957,-0.19999999999999973,83960093.27069236,0.22591059021417523,-3.5646739313968707
1090,1127,south_africa,0.2,-13.92869758605957,-0.19999999999999973,83960093.27069236,0.22591059021417523,-3.5646739313968707
1091,1128,south_africa,0.2,-13.92869758605957,-0.19999999999999973,83960093.27069236,0.22591059021417523,-3.5646739313968707
1092,1129,south_africa,0.2,-13.92869758605957,-0.19999999999999973,83960093.27069236,0.22591059021417523,-3.5646739313968707
1093,1130,south_africa,0.2,-13.92869758605957,-0.19999999999999973,83960093.27069236,0.22591059021417523,-3.5646739313968707
1094,1131,south_africa,0.2,-13.92869758605957,-0.19999999999999973,83960093.27069236,0.22591059021417523,-3.5646739313968707
1095,1132,south_africa,0.2,-13.92869758605957,-0.19999999999999973,83960093.27069236,0.22591059021417523,-3.5646739313968707
1096,1133,south_africa,0.2,-13.92869758605957,-0.19999999999999973,83960093.27069236,0.22591059021417523,-3.5646739313968707
1097,1134,south_africa,0.2,-13.92869758605957,-0.19999999999999973,83960093.27069236,0.22591059021417523,-3.5646739313968707
1098,1135,south_africa,0.2,-13.92869758605957,-0.19999999999999973,83960093.27069236,0.22591059021417523,-3.5646739313968707
1099,1136,south_africa,0.2,-13.92869758605957,-0.19999999999999973,83960093.27069236,0.22591059021417523,-3.5646739313968707
1100,1137,south_africa,0.2,-13.92869758605957,-0.19999999999999973,83960093.27069236,0.22591059021417523,-3.5646739313968707
1101,1138,south_africa,0.2,-13.92869758605957,-0.19999999999999973,83960093.27069236,0.22591059021417523,-3.5646739313968707
1102,1139,south_africa,0.2,-13.92869758605957,-0.19999999999999973,83960093.27069236,0.22591059021417523,-3.5646739313968707
1103,1140,south_africa,0.2,-13.92869758605957,-0.19999999999999973,83960093.27069236,0.22591059021417523,-3.5646739313968707
1104,1141,south_africa,0.2,-16.889148712158203,-0.19999999999999973,78824013.9199337,0.22937648988798465,-4.222886942128425
1105,1142,south_africa,0.2,-16.889148712158203,-0.19999999999999973,78824013.9199337,0.22937648988798465,-4.222886942128425
1106,1143,south_africa,0.2,-16.889148712158203,-0.19999999999999973,78824013.9199337,0.22937648988798465,-4.222886942128425
1107,1144,south_africa,0.2,-16.889148712158203,-0.19999999999999973,78824013.9199337,0.22937648988798465,-4.222886942128425
1108,1145,south_africa,0.2,-16.889148712158203,-0.19999999999999973,78824013.9199337,0.22937648988798465,-4.222886942128425
1109,1146,south_africa,0.2,-16.889148712158203,-0.19999999999999973,78824013.9199337,0.22937648988798465,-4.222886942128425
1110,1147,south_africa,0.2,-16.889148712158203,-0.19999999999999973,78824013.9199337,0.22937648988798465,-4.222886942128425
1111,1148,south_africa,0.2,-16.889148712158203,-0.19999999999999973,78824013.9199337,0.22937648988798465,-4.222886942128425
1112,1149,south_africa,0.2,-16.889148712158203,-0.19999999999999973,78824013.9199337,0.22937648988798465,-4.222886942128425
1113,1150,south_africa,0.2,-16.889148712158203,-0.19999999999999973,78824013.9199337,0.22937648988798465,-4.222886942128425
1114,1151,south_africa,0.2,-16.889148712158203,-0.19999999999999973,78824013.9199337,0.22937648988798465,-4.222886942128425
1115,1152,south_africa,0.2,-16.889148712158203,-0.19999999999999973,78824013.9199337,0.22937648988798465,-4.222886942128425
1116,1153,south_africa,0.2,-16.889148712158203,-0.19999999999999973,78824013.9199337,0.22937648988798465,-4.222886942128425
1117,1154,south_africa,0.2,-16.889148712158203,-0.19999999999999973,78824013.9199337,0.22937648988798465,-4.222886942128425
1118,1155,south_africa,0.2,-16.889148712158203,-0.19999999999999973,78824013.9199337,0.22937648988798465,-4.222886942128425
1119,1156,south_africa,0.2,-16.889148712158203,-0.19999999999999973,78824013.9199337,0.22937648988798465,-4.222886942128425
1120,1157,south_africa,0.2,-16.889148712158203,-0.19999999999999973,78824013.9199337,0.22937648988798465,-4.222886942128425
1121,1158,south_africa,0.2,-16.889148712158203,-0.19999999999999973,78824013.9199337,0.22937648988798465,-4.222886942128425
1122,1159,south_africa,0.2,-16.889148712158203,-0.19999999999999973,78824013.9199337,0.22937648988798465,-4.222886942128425
1123,1160,south_africa,0.2,-16.889148712158203,-0.19999999999999973,78824013.9199337,0.22937648988798465,-4.222886942128425
1124,1161,south_africa,0.2,-16.889148712158203,-0.19999999999999973,78824013.9199337,0.22937648988798465,-4.222886942128425
1125,1162,south_africa,0.2,-16.889148712158203,-0.19999999999999973,78824013.9199337,0.22937648988798465,-4.222886942128425
1126,1163,south_africa,0.2,-16.889148712158203,-0.19999999999999973,78824013.9199337,0.22937648988798465,-4.222886942128425
1127,1164,south_africa,0.2,-16.889148712158203,-0.19999999999999973,78824013.9199337,0.22937648988798465,-4.222886942128425
1128,1165,south_africa,0.2,-16.889148712158203,-0.19999999999999973,78824013.9199337,0.22937648988798465,-4.222886942128425
1129,1166,south_africa,0.2,-16.889148712158203,-0.19999999999999973,78824013.9199337,0.22937648988798465,-4.222886942128425
1130,1167,south_africa,0.2,-16.889148712158203,-0.19999999999999973,78824013.9199337,0.22937648988798465,-4.222886942128425
1131,1168,south_africa,0.2,-16.889148712158203,-0.19999999999999973,78824013.9199337,0.22937648988798465,-4.222886942128425
1132,1169,south_africa,0.2,-16.889148712158203,-0.19999999999999973,78824013.9199337,0.22937648988798465,-4.222886942128425
1133,1170,south_africa,0.2,-16.889148712158203,-0.19999999999999973,78824013.9199337,0.22937648988798465,-4.222886942128425
1134,1171,south_africa,0.2,-16.889148712158203,-0.19999999999999973,78824013.9199337,0.22937648988798465,-4.222886942128425
1135,1172,south_africa,0.2,-16.889148712158203,-0.19999999999999973,78824013.9199337,0.22937648988798465,-4.222886942128425
1136,1173,south_africa,0.2,-16.889148712158203,-0.19999999999999973,78824013.9199337,0.22937648988798465,-4.222886942128425
1137,1174,south_africa,0.2,-16.889148712158203,-0.19999999999999973,78824013.9199337,0.22937648988798465,-4.222886942128425
1138,1175,south_africa,0.2,-16.889148712158203,-0.19999999999999973,78824013.9199337,0.22937648988798465,-4.222886942128425
1139,1176,south_africa,0.2,-16.889148712158203,-0.19999999999999973,78824013.9199337,0.22937648988798465,-4.222886942128425
1140,1177,south_africa,0.2,-16.889148712158203,-0.19999999999999973,78824013.9199337,0.22937648988798465,-4.222886942128425
1141,1178,south_africa,0.2,-16.889148712158203,-0.19999999999999973,78824013.9199337,0.22937648988798465,-4.222886942128425
1142,1179,south_africa,0.2,-16.889148712158203,-0.19999999999999973,78824013.9199337,0.22937648988798465,-4.222886942128425
1143,1180,south_africa,0.2,-16.889148712158203,-0.19999999999999973,78824013.9199337,0.22937648988798465,-4.222886942128425
1144,1181,south_africa,0.2,-16.889148712158203,-0.19999999999999973,78824013.9199337,0.22937648988798465,-4.222886942128425
1145,1182,south_africa,0.2,-16.889148712158203,-0.19999999999999973,78824013.9199337,0.22937648988798465,-4.222886942128425
1146,1183,south_africa,0.2,-16.889148712158203,-0.19999999999999973,78824013.9199337,0.22937648988798465,-4.222886942128425
1147,1184,south_africa,0.2,-16.889148712158203,-0.19999999999999973,78824013.9199337,0.22937648988798465,-4.222886942128425
1148,1185,south_africa,0.2,-16.889148712158203,-0.19999999999999973,78824013.9199337,0.22937648988798465,-4.222886942128425
1149,1186,south_africa,0.2,-16.889148712158203,-0.19999999999999973,78824013.9199337,0.22937648988798465,-4.222886942128425
1150,1187,south_africa,0.2,-16.889148712158203,-0.19999999999999973,78824013.9199337,0.22937648988798465,-4.222886942128425
1151,1188,south_africa,0.2,-16.889148712158203,-0.19999999999999973,78824013.9199337,0.22937648988798465,-4.222886942128425
1152,1189,south_africa,0.2,-16.889148712158203,-0.19999999999999973,78824013.9199337,0.22937648988798465,-4.222886942128425
1153,1190,south_africa,0.2,-16.889148712158203,-0.19999999999999973,78824013.9199337,0.22937648988798465,-4.222886942128425
1154,1191,south_africa,0.2,-16.889148712158203,-0.19999999999999973,78824013.9199337,0.22937648988798465,-4.222886942128425
1155,1192,south_africa,0.2,-16.889148712158203,-0.19999999999999973,78824013.9199337,0.22937648988798465,-4.222886942128425
1156,1193,south_africa,0.2,-16.889148712158203,-0.19999999999999973,78824013.9199337,0.22937648988798465,-4.222886942128425
1157,1194,south_africa,0.2,-16.889148712158203,-0.19999999999999973,78824013.9199337,0.22937648988798465,-4.222886942128425
1158,1195,south_africa,0.2,-16.889148712158203,-0.19999999999999973,78824013.9199337,0.22937648988798465,-4.222886942128425
1159,1196,south_africa,0.2,-16.889148712158203,-0.19999999999999973,78824013.9199337,0.22937648988798465,-4.222886942128425
1160,1197,south_africa,0.2,-16.889148712158203,-0.19999999999999973,78824013.9199337,0.22937648988798465,-4.222886942128425
1161,1198,south_africa,0.2,-16.889148712158203,-0.19999999999999973,78824013.9199337,0.22937648988798465,-4.222886942128425
1162,1199,south_africa,0.2,-16.889148712158203,-0.19999999999999973,78824013.9199337,0.22937648988798465,-4.222886942128425
1163,1200,south_africa,0.2,-16.889148712158203,-0.19999999999999973,78824013.9199337,0.22937648988798465,-4.222886942128425
1164,1201,south_africa,0.2,-16.889148712158203,-0.19999999999999973,78824013.9199337,0.22937648988798465,-4.222886942128425
1165,1202,south_africa,0.2,-16.889148712158203,-0.19999999999999973,78824013.9199337,0.22937648988798465,-4.222886942128425
1166,1203,south_africa,0.2,-16.889148712158203,-0.19999999999999973,78824013.9199337,0.22937648988798465,-4.222886942128425
1167,1204,south_africa,0.2,-16.889148712158203,-0.19999999999999973,78824013.9199337,0.22937648988798465,-4.222886942128425
1168,1205,south_africa,0.2,-16.889148712158203,-0.19999999999999973,78824013.9199337,0.22937648988798465,-4.222886942128425
1169,1206,south_africa,0.2,-16.889148712158203,-0.19999999999999973,78824013.9199337,0.22937648988798465,-4.222886942128425
1170,1208,south_africa,0.6,-9.48685747385025,0.06666666666666665,45827488.749313086,0.1994680297325861,-0.2708942460765291
1171,1209,south_africa,0.6,-9.48685747385025,0.06666666666666665,45827488.749313086,0.1994680297325861,-0.2708942460765291
1172,1210,south_africa,0.6,-9.48685747385025,0.06666666666666665,45827488.749313086,0.1994680297325861,-0.2708942460765291
1173,1211,south_africa,0.6,-9.48685747385025,0.06666666666666665,45827488.749313086,0.1994680297325861,-0.2708942460765291
1174,1212,south_africa,0.6,-9.48685747385025,0.06666666666666665,45827488.749313086,0.1994680297325861,-0.2708942460765291
1175,1213,south_africa,0.6,-9.48685747385025,0.06666666666666665,45827488.749313086,0.1994680297325861,-0.2708942460765291
1176,1214,south_africa,0.6,-9.48685747385025,0.06666666666666665,45827488.749313086,0.1994680297325861,-0.2708942460765291
1177,1215,south_africa,0.6,-9.48685747385025,0.06666666666666665,45827488.749313086,0.1994680297325861,-0.2708942460765291
1178,1216,south_africa,0.6,-9.48685747385025,0.06666666666666665,45827488.749313086,0.1994680297325861,-0.2708942460765291
1179,1217,south_africa,0.6,-9.48685747385025,0.06666666666666665,45827488.749313086,0.1994680297325861,-0.2708942460765291
1180,1218,south_africa,0.6,-9.48685747385025,0.06666666666666665,45827488.749313086,0.1994680297325861,-0.2708942460765291
1181,1219,south_africa,0.6,-9.48685747385025,0.06666666666666665,45827488.749313086,0.1994680297325861,-0.2708942460765291
1182,1220,south_africa,0.6,-9.48685747385025,0.06666666666666665,45827488.749313086,0.1994680297325861,-0.2708942460765291
1183,1221,south_africa,0.6,-9.48685747385025,0.06666666666666665,45827488.749313086,0.1994680297325861,-0.2708942460765291
1184,1222,south_africa,0.6,-9.48685747385025,0.06666666666666665,45827488.749313086,0.1994680297325861,-0.2708942460765291
1185,1223,south_africa,0.6,-9.48685747385025,0.06666666666666665,45827488.749313086,0.1994680297325861,-0.2708942460765291
1186,1224,south_africa,0.6,-9.48685747385025,0.06666666666666665,45827488.749313086,0.1994680297325861,-0.2708942460765291
1187,1225,south_africa,0.4,-7.583635926246643,0.6000000000000005,83466967.51196219,0.19162853332738922,-1.3404583181796161
1188,1226,south_africa,0.4,-7.583635926246643,0.6000000000000005,83466967.51196219,0.19162853332738922,-1.3404583181796161
1189,1227,south_africa,0.4,-7.583635926246643,0.6000000000000005,83466967.51196219,0.19162853332738922,-1.3404583181796161
1190,1228,south_africa,0.4,-7.583635926246643,0.6000000000000005,83466967.51196219,0.19162853332738922,-1.3404583181796161
1191,1229,south_africa,0.4,-7.583635926246643,0.6000000000000005,83466967.51196219,0.19162853332738922,-1.3404583181796161
1192,1230,south_africa,0.4,-7.583635926246643,0.6000000000000005,83466967.51196219,0.19162853332738922,-1.3404583181796161
1193,1231,south_africa,0.4,-7.583635926246643,0.6000000000000005,83466967.51196219,0.19162853332738922,-1.3404583181796161
1194,1232,south_africa,0.4,-7.583635926246643,0.6000000000000005,83466967.51196219,0.19162853332738922,-1.3404583181796161
1195,1233,south_africa,0.4,-7.583635926246643,0.6000000000000005,83466967.51196219,0.19162853332738922,-1.3404583181796161
1196,1234,south_africa,0.4,-7.583635926246643,0.6000000000000005,83466967.51196219,0.19162853332738922,-1.3404583181796161
1197,1235,south_africa,0.4,-7.583635926246643,0.6000000000000005,83466967.51196219,0.19162853332738922,-1.3404583181796161
1198,1236,south_africa,0.4,-7.583635926246643,0.6000000000000005,83466967.51196219,0.19162853332738922,-1.3404583181796161
1199,1237,south_africa,0.4,-7.583635926246643,0.6000000000000005,83466967.51196219,0.19162853332738922,-1.3404583181796161
1200,1238,south_africa,0.4,-7.583635926246643,0.6000000000000005,83466967.51196219,0.19162853332738922,-1.3404583181796161
1201,1239,south_africa,0.4,-7.583635926246643,0.6000000000000005,83466967.51196219,0.19162853332738922,-1.3404583181796161
1202,1240,south_africa,0.4,-7.583635926246643,0.6000000000000005,83466967.51196219,0.19162853332738922,-1.3404583181796161
1203,1241,south_africa,0.4,-7.583635926246643,0.6000000000000005,83466967.51196219,0.19162853332738922,-1.3404583181796161
1204,1242,south_africa,0.4,-7.583635926246643,0.6000000000000005,83466967.51196219,0.19162853332738922,-1.3404583181796161
1205,1243,south_africa,0.4,-7.583635926246643,0.6000000000000005,83466967.51196219,0.19162853332738922,-1.3404583181796161
1206,1244,south_africa,0.4,-7.583635926246643,0.6000000000000005,83466967.51196219,0.19162853332738922,-1.3404583181796161
1207,1245,south_africa,0.4,-7.583635926246643,0.6000000000000005,83466967.51196219,0.19162853332738922,-1.3404583181796161
1208,1246,south_africa,0.4,-7.583635926246643,0.6000000000000005,83466967.51196219,0.19162853332738922,-1.3404583181796161
1209,1247,south_africa,0.4,-7.583635926246643,0.6000000000000005,83466967.51196219,0.19162853332738922,-1.3404583181796161
1210,1248,south_africa,0.4,-7.583635926246643,0.6000000000000005,83466967.51196219,0.19162853332738922,-1.3404583181796161
1211,1249,south_africa,0.4,-7.583635926246643,0.6000000000000005,83466967.51196219,0.19162853332738922,-1.3404583181796161
1212,1250,south_africa,0.4,-7.583635926246643,0.6000000000000005,83466967.51196219,0.19162853332738922,-1.3404583181796161
1213,1251,south_africa,0.4,-7.583635926246643,0.6000000000000005,83466967.51196219,0.19162853332738922,-1.3404583181796161
1214,1252,south_africa,0.4,-7.583635926246643,0.6000000000000005,83466967.51196219,0.19162853332738922,-1.3404583181796161
1215,1253,south_africa,0.4,-7.583635926246643,0.6000000000000005,83466967.51196219,0.19162853332738922,-1.3404583181796161
1216,1254,south_africa,0.4,-7.583635926246643,0.6000000000000005,83466967.51196219,0.19162853332738922,-1.3404583181796161
1217,1255,south_africa,0.4,-7.583635926246643,0.6000000000000005,83466967.51196219,0.19162853332738922,-1.3404583181796161
1218,1256,south_africa,0.4,-7.583635926246643,0.6000000000000005,83466967.51196219,0.19162853332738922,-1.3404583181796161
1219,1257,south_africa,0.4,-7.583635926246643,0.6000000000000005,83466967.51196219,0.19162853332738922,-1.3404583181796161
1220,1258,south_africa,0.4,-7.583635926246643,0.6000000000000005,83466967.51196219,0.19162853332738922,-1.3404583181796161
1221,1259,south_africa,0.4,-7.583635926246643,0.6000000000000005,83466967.51196219,0.19162853332738922,-1.3404583181796161
1222,1260,south_africa,0.4,-7.583635926246643,0.6000000000000005,83466967.51196219,0.19162853332738922,-1.3404583181796161
1223,1261,south_africa,0.4,-7.583635926246643,0.6000000000000005,83466967.51196219,0.19162853332738922,-1.3404583181796161
1224,1262,south_africa,0.4,-7.583635926246643,0.6000000000000005,83466967.51196219,0.19162853332738922,-1.3404583181796161
1225,1263,south_africa,0.4,-7.583635926246643,0.6000000000000005,83466967.51196219,0.19162853332738922,-1.3404583181796161
1226,1264,south_africa,0.4,-7.583635926246643,0.6000000000000005,83466967.51196219,0.19162853332738922,-1.3404583181796161
1227,1265,south_africa,0.4,-7.583635926246643,0.6000000000000005,83466967.51196219,0.19162853332738922,-1.3404583181796161
1228,1266,south_africa,0.4,-7.583635926246643,0.6000000000000005,83466967.51196219,0.19162853332738922,-1.3404583181796161
1229,1267,south_africa,0.2,-16.781055450439453,-0.19999999999999973,78824013.9199337,0.2049040802173136,-4.4242014879498415
1230,1268,south_africa,0.2,-16.781055450439453,-0.19999999999999973,78824013.9199337,0.2049040802173136,-4.4242014879498415
1231,1269,south_africa,0.2,-16.781055450439453,-0.19999999999999973,78824013.9199337,0.2049040802173136,-4.4242014879498415
1232,1270,south_africa,0.2,-16.781055450439453,-0.19999999999999973,78824013.9199337,0.2049040802173136,-4.4242014879498415
1233,1271,south_africa,0.2,-16.781055450439453,-0.19999999999999973,78824013.9199337,0.2049040802173136,-4.4242014879498415
1234,1272,south_africa,0.2,-16.781055450439453,-0.19999999999999973,78824013.9199337,0.2049040802173136,-4.4242014879498415
1235,1273,south_africa,0.2,-17.498775482177734,-0.19999999999999973,78824013.9199337,0.21528768452607167,-3.4410035229085594
1236,1274,south_africa,0.2,-17.498775482177734,-0.19999999999999973,78824013.9199337,0.21528768452607167,-3.4410035229085594
1237,1275,south_africa,0.2,-17.498775482177734,-0.19999999999999973,78824013.9199337,0.21528768452607167,-3.4410035229085594
1238,1276,south_africa,0.2,-17.498775482177734,-0.19999999999999973,78824013.9199337,0.21528768452607167,-3.4410035229085594
1239,1277,south_africa,0.2,-17.498775482177734,-0.19999999999999973,78824013.9199337,0.21528768452607167,-3.4410035229085594
1240,1278,south_africa,0.2,-17.498775482177734,-0.19999999999999973,78824013.9199337,0.21528768452607167,-3.4410035229085594
1241,1279,south_africa,0.2,-17.498775482177734,-0.19999999999999973,78824013.9199337,0.21528768452607167,-3.4410035229085594
1242,1280,south_africa,0.2,-17.498775482177734,-0.19999999999999973,78824013.9199337,0.21528768452607167,-3.4410035229085594
1243,1281,south_africa,0.2,-17.498775482177734,-0.19999999999999973,78824013.9199337,0.21528768452607167,-3.4410035229085594
1244,1282,south_africa,0.2,-17.498775482177734,-0.19999999999999973,78824013.9199337,0.21528768452607167,-3.4410035229085594
1245,1283,south_africa,0.2,-17.498775482177734,-0.19999999999999973,78824013.9199337,0.21528768452607167,-3.4410035229085594
1246,1284,south_africa,0.2,-17.498775482177734,-0.19999999999999973,78824013.9199337,0.21528768452607167,-3.4410035229085594
1247,1285,south_africa,0.2,-17.498775482177734,-0.19999999999999973,78824013.9199337,0.21528768452607167,-3.4410035229085594
1248,1286,south_africa,0.2,-17.498775482177734,-0.19999999999999973,78824013.9199337,0.21528768452607167,-3.4410035229085594
1249,1287,south_africa,0.2,-17.498775482177734,-0.19999999999999973,78824013.9199337,0.21528768452607167,-3.4410035229085594
1250,1288,south_africa,0.2,-17.498775482177734,-0.19999999999999973,78824013.9199337,0.21528768452607167,-3.4410035229085594
1251,1289,south_africa,0.2,-17.498775482177734,-0.19999999999999973,78824013.9199337,0.21528768452607167,-3.4410035229085594
1252,1290,south_africa,0.2,-17.498775482177734,-0.19999999999999973,78824013.9199337,0.21528768452607167,-3.4410035229085594
1253,1291,south_africa,0.2,-17.498775482177734,-0.19999999999999973,78824013.9199337,0.21528768452607167,-3.4410035229085594
1254,1292,south_africa,0.2,-17.498775482177734,-0.19999999999999973,78824013.9199337,0.21528768452607167,-3.4410035229085594
1255,1293,south_africa,0.2,-17.498775482177734,-0.19999999999999973,78824013.9199337,0.21528768452607167,-3.4410035229085594
1256,1294,south_africa,0.2,-17.498775482177734,-0.19999999999999973,78824013.9199337,0.21528768452607167,-3.4410035229085594
1257,1295,south_africa,0.2,-17.498775482177734,-0.19999999999999973,78824013.9199337,0.21528768452607167,-3.4410035229085594
1258,1296,south_africa,0.2,-17.498775482177734,-0.19999999999999973,78824013.9199337,0.21528768452607167,-3.4410035229085594
1259,1297,south_africa,0.2,-17.498775482177734,-0.19999999999999973,78824013.9199337,0.21528768452607167,-3.4410035229085594
1260,1298,south_africa,0.2,-17.498775482177734,-0.19999999999999973,78824013.9199337,0.21528768452607167,-3.4410035229085594
1261,1299,south_africa,0.2,-17.498775482177734,-0.19999999999999973,78824013.9199337,0.21528768452607167,-3.4410035229085594
1262,1300,south_africa,0.2,-17.498775482177734,-0.19999999999999973,78824013.9199337,0.21528768452607167,-3.4410035229085594
1263,1301,south_africa,0.2,-17.498775482177734,-0.19999999999999973,78824013.9199337,0.21528768452607167,-3.4410035229085594
1264,1302,south_africa,0.2,-17.498775482177734,-0.19999999999999973,78824013.9199337,0.21528768452607167,-3.4410035229085594
1265,1303,south_africa,0.2,-17.498775482177734,-0.19999999999999973,78824013.9199337,0.21528768452607167,-3.4410035229085594
1266,1304,south_africa,0.2,-17.498775482177734,-0.19999999999999973,78824013.9199337,0.21528768452607167,-3.4410035229085594
1267,1305,south_africa,0.2,-17.498775482177734,-0.19999999999999973,78824013.9199337,0.21528768452607167,-3.4410035229085594
1268,1306,south_africa,0.2,-17.498775482177734,-0.19999999999999973,78824013.9199337,0.21528768452607167,-3.4410035229085594
1269,1307,south_africa,0.2,-17.498775482177734,-0.19999999999999973,78824013.9199337,0.21528768452607167,-3.4410035229085594
1270,1309,south_africa,0.4,-6.37152099609375,0.6000000000000005,89554418.66815479,0.2632961563512243,-0.9515707578128363
1271,1310,south_africa,0.4,-6.37152099609375,0.6000000000000005,89554418.66815479,0.2632961563512243,-0.9515707578128363
1272,1311,south_africa,0.4,-6.37152099609375,0.6000000000000005,89554418.66815479,0.2632961563512243,-0.9515707578128363
1273,1312,south_africa,0.4,-6.37152099609375,0.6000000000000005,89554418.66815479,0.2632961563512243,-0.9515707578128363
1274,1313,south_africa,0.4,-6.37152099609375,0.6000000000000005,89554418.66815479,0.2632961563512243,-0.9515707578128363
1275,1314,south_africa,0.4,-6.37152099609375,0.6000000000000005,89554418.66815479,0.2632961563512243,-0.9515707578128363
1276,1315,south_africa,0.4,-6.37152099609375,0.6000000000000005,89554418.66815479,0.2632961563512243,-0.9515707578128363
1277,1316,south_africa,0.4,-6.37152099609375,0.6000000000000005,89554418.66815479,0.2632961563512243,-0.9515707578128363
1278,1317,south_africa,0.4,-6.37152099609375,0.6000000000000005,89554418.66815479,0.2632961563512243,-0.9515707578128363
1279,1318,south_africa,0.4,-6.37152099609375,0.6000000000000005,89554418.66815479,0.2632961563512243,-0.9515707578128363
1280,1319,south_africa,0.4,-6.37152099609375,0.6000000000000005,89554418.66815479,0.2632961563512243,-0.9515707578128363
1281,1320,south_africa,0.4,-6.37152099609375,0.6000000000000005,89554418.66815479,0.2632961563512243,-0.9515707578128363
1282,1321,south_africa,0.4,-6.37152099609375,0.6000000000000005,89554418.66815479,0.2632961563512243,-0.9515707578128363
1283,1322,south_africa,0.4,-6.37152099609375,0.6000000000000005,89554418.66815479,0.2632961563512243,-0.9515707578128363
1284,1323,south_africa,0.4,-6.37152099609375,0.6000000000000005,89554418.66815479,0.2632961563512243,-0.9515707578128363
1285,1324,south_africa,0.4,-6.37152099609375,0.6000000000000005,89554418.66815479,0.2632961563512243,-0.9515707578128363
1286,1325,south_africa,0.4,-6.37152099609375,0.6000000000000005,89554418.66815479,0.2632961563512243,-0.9515707578128363
1287,1326,south_africa,0.4,-6.37152099609375,0.6000000000000005,89554418.66815479,0.2632961563512243,-0.9515707578128363
1288,1327,south_africa,0.4,-6.37152099609375,0.6000000000000005,89554418.66815479,0.2632961563512243,-0.9515707578128363
1289,1328,south_africa,0.4,-6.37152099609375,0.6000000000000005,89554418.66815479,0.2632961563512243,-0.9515707578128363
1290,1329,south_africa,0.4,-6.37152099609375,0.6000000000000005,89554418.66815479,0.2632961563512243,-0.9515707578128363
1291,1330,south_africa,0.4,-6.37152099609375,0.6000000000000005,89554418.66815479,0.2632961563512243,-0.9515707578128363
1292,1331,south_africa,0.4,-6.37152099609375,0.6000000000000005,89554418.66815479,0.2632961563512243,-0.9515707578128363
1293,1332,south_africa,0.4,-6.37152099609375,0.6000000000000005,89554418.66815479,0.2632961563512243,-0.9515707578128363
1294,1333,south_africa,0.4,-6.37152099609375,0.6000000000000005,89554418.66815479,0.2632961563512243,-0.9515707578128363
1295,1334,south_africa,0.4,-6.37152099609375,0.6000000000000005,89554418.66815479,0.2632961563512243,-0.9515707578128363
1296,1335,south_africa,0.4,-6.37152099609375,0.6000000000000005,89554418.66815479,0.2632961563512243,-0.9515707578128363
1297,1336,south_africa,0.4,-6.37152099609375,0.6000000000000005,89554418.66815479,0.2632961563512243,-0.9515707578128363
1298,1337,south_africa,0.4,-6.37152099609375,0.6000000000000005,89554418.66815479,0.2632961563512243,-0.9515707578128363
1299,1339,south_africa,0.4,-6.37152099609375,0.6000000000000005,89554418.66815479,0.2632961563512243,-0.9515707578128363
1300,1340,south_africa,0.4,-6.37152099609375,0.6000000000000005,89554418.66815479,0.2632961563512243,-0.9515707578128363
1301,1341,south_africa,0.4,-6.37152099609375,0.6000000000000005,89554418.66815479,0.2632961563512243,-0.9515707578128363
1302,1342,south_africa,0.4,-6.37152099609375,0.6000000000000005,89554418.66815479,0.2632961563512243,-0.9515707578128363
1303,1343,south_africa,0.4,-6.37152099609375,0.6000000000000005,89554418.66815479,0.2632961563512243,-0.9515707578128363
1304,1345,south_africa,0.0,0.0,0.0,0.0,0.21076155748407102,0.0
1305,1346,south_africa,0.0,0.0,0.0,0.0,0.21076155748407102,0.0
1306,1347,south_africa,0.0,0.0,0.0,0.0,0.21076155748407102,0.0
1307,1348,south_africa,0.0,0.0,0.0,0.0,0.21076155748407102,0.0
1308,1349,south_africa,0.0,0.0,0.0,0.0,0.21076155748407102,0.0
1309,1350,south_africa,0.0,0.0,0.0,0.0,0.21076155748407102,0.0
1310,1351,south_africa,0.0,0.0,0.0,0.0,0.21076155748407102,0.0
1311,1352,south_africa,0.0,0.0,0.0,0.0,0.21076155748407102,0.0
1312,1353,south_africa,0.0,0.0,0.0,0.0,0.21076155748407102,0.0
1313,1354,south_africa,0.0,0.0,0.0,0.0,0.21076155748407102,0.0
1314,1355,south_africa,0.0,0.0,0.0,0.0,0.21076155748407102,0.0
1315,1356,south_africa,0.0,0.0,0.0,0.0,0.21076155748407102,0.0
1316,1357,south_africa,0.0,0.0,0.0,0.0,0.21076155748407102,0.0
1317,1358,south_africa,0.0,0.0,0.0,0.0,0.21076155748407102,0.0
1318,1359,south_africa,0.0,0.0,0.0,0.0,0.21076155748407102,0.0
1319,1360,south_africa,0.0,0.0,0.0,0.0,0.21076155748407102,0.0
1320,1361,south_africa,0.0,0.0,0.0,0.0,0.21076155748407102,0.0
1321,1362,south_africa,0.0,0.0,0.0,0.0,0.21076155748407102,0.0
1322,1363,south_africa,0.0,0.0,0.0,0.0,0.21076155748407102,0.0
1323,1364,south_africa,0.0,0.0,0.0,0.0,0.21076155748407102,0.0
1324,1365,south_africa,0.0,0.0,0.0,0.0,0.21076155748407102,0.0
1325,1366,south_africa,0.0,0.0,0.0,0.0,0.21076155748407102,0.0
1326,1367,south_africa,0.0,0.0,0.0,0.0,0.21076155748407102,0.0
1327,1368,south_africa,0.0,0.0,0.0,0.0,0.21076155748407102,0.0
1328,1369,south_africa,0.0,0.0,0.0,0.0,0.21076155748407102,0.0
1329,1370,south_africa,0.2,-8.050085067749023,-0.19999999999999973,112557099.47884016,0.20050997174705149,-3.393954861108038
1330,1371,south_africa,0.2,-8.050085067749023,-0.19999999999999973,112557099.47884016,0.20050997174705149,-3.393954861108038
1331,1372,south_africa,0.2,-8.050085067749023,-0.19999999999999973,112557099.47884016,0.20050997174705149,-3.393954861108038
1332,1373,south_africa,0.2,-8.050085067749023,-0.19999999999999973,112557099.47884016,0.20050997174705149,-3.393954861108038
1333,1374,south_africa,0.2,-8.050085067749023,-0.19999999999999973,112557099.47884016,0.20050997174705149,-3.393954861108038
1334,1375,south_africa,0.2,-8.050085067749023,-0.19999999999999973,112557099.47884016,0.20050997174705149,-3.393954861108038
1335,1376,south_africa,0.2,-8.050085067749023,-0.19999999999999973,112557099.47884016,0.20050997174705149,-3.393954861108038
1336,1377,south_africa,0.2,-8.050085067749023,-0.19999999999999973,112557099.47884016,0.20050997174705149,-3.393954861108038
1337,1378,south_africa,0.2,-8.050085067749023,-0.19999999999999973,112557099.47884016,0.20050997174705149,-3.393954861108038
1338,1379,south_africa,0.2,-8.050085067749023,-0.19999999999999973,112557099.47884016,0.20050997174705149,-3.393954861108038
1339,1380,south_africa,0.2,-8.050085067749023,-0.19999999999999973,112557099.47884016,0.20050997174705149,-3.393954861108038
1340,1381,south_africa,0.2,-16.193941116333008,-0.19999999999999973,78824013.9199337,0.20864808807924584,-6.015103798844682
1341,1382,south_africa,0.2,-16.193941116333008,-0.19999999999999973,78824013.9199337,0.20864808807924584,-6.015103798844682
1342,1383,south_africa,0.2,-16.193941116333008,-0.19999999999999973,78824013.9199337,0.20864808807924584,-6.015103798844682
1343,1384,south_africa,0.2,-16.193941116333008,-0.19999999999999973,78824013.9199337,0.20864808807924584,-6.015103798844682
1344,1385,south_africa,0.2,-16.193941116333008,-0.19999999999999973,78824013.9199337,0.20864808807924584,-6.015103798844682
1345,1386,south_africa,0.2,-16.193941116333008,-0.19999999999999973,78824013.9199337,0.20864808807924584,-6.015103798844682
1346,1387,south_africa,0.2,-16.193941116333008,-0.19999999999999973,78824013.9199337,0.20864808807924584,-6.015103798844682
1347,1388,south_africa,0.2,-16.193941116333008,-0.19999999999999973,78824013.9199337,0.20864808807924584,-6.015103798844682
1348,1389,south_africa,0.2,-16.193941116333008,-0.19999999999999973,78824013.9199337,0.20864808807924584,-6.015103798844682
1349,1390,south_africa,0.2,-16.193941116333008,-0.19999999999999973,78824013.9199337,0.20864808807924584,-6.015103798844682
1350,1391,south_africa,0.2,-16.193941116333008,-0.19999999999999973,78824013.9199337,0.20864808807924584,-6.015103798844682
1351,1392,south_africa,0.2,-16.193941116333008,-0.19999999999999973,78824013.9199337,0.20864808807924584,-6.015103798844682
1352,1393,south_africa,0.2,-16.193941116333008,-0.19999999999999973,78824013.9199337,0.20864808807924584,-6.015103798844682
1353,1394,south_africa,0.2,-16.193941116333008,-0.19999999999999973,78824013.9199337,0.20864808807924584,-6.015103798844682
1354,1395,south_africa,0.2,-16.193941116333008,-0.19999999999999973,78824013.9199337,0.20864808807924584,-6.015103798844682
1355,1396,south_africa,0.2,-16.193941116333008,-0.19999999999999973,78824013.9199337,0.20864808807924584,-6.015103798844682
1356,1397,south_africa,0.2,-16.193941116333008,-0.19999999999999973,78824013.9199337,0.20864808807924584,-6.015103798844682
1357,1398,south_africa,0.2,-16.193941116333008,-0.19999999999999973,78824013.9199337,0.20864808807924584,-6.015103798844682
1358,1399,south_africa,0.2,-16.193941116333008,-0.19999999999999973,78824013.9199337,0.20864808807924584,-6.015103798844682
1359,1400,south_africa,0.2,-16.193941116333008,-0.19999999999999973,78824013.9199337,0.20864808807924584,-6.015103798844682
1360,1401,south_africa,0.2,-16.193941116333008,-0.19999999999999973,78824013.9199337,0.20864808807924584,-6.015103798844682
1361,1402,south_africa,0.2,-16.193941116333008,-0.19999999999999973,78824013.9199337,0.20864808807924584,-6.015103798844682
1362,1403,south_africa,0.2,-16.193941116333008,-0.19999999999999973,78824013.9199337,0.20864808807924584,-6.015103798844682
1363,1404,south_africa,0.2,-16.193941116333008,-0.19999999999999973,78824013.9199337,0.20864808807924584,-6.015103798844682
1364,1405,south_africa,0.2,-16.193941116333008,-0.19999999999999973,78824013.9199337,0.20864808807924584,-6.015103798844682
1365,1406,south_africa,0.2,-16.193941116333008,-0.19999999999999973,78824013.9199337,0.20864808807924584,-6.015103798844682
1366,1407,south_africa,0.2,-16.193941116333008,-0.19999999999999973,78824013.9199337,0.20864808807924584,-6.015103798844682
1367,1408,south_africa,0.2,-16.193941116333008,-0.19999999999999973,78824013.9199337,0.20864808807924584,-6.015103798844682
1368,1409,south_africa,0.2,-16.193941116333008,-0.19999999999999973,78824013.9199337,0.20864808807924584,-6.015103798844682
1369,1410,south_africa,0.2,-16.193941116333008,-0.19999999999999973,78824013.9199337,0.20864808807924584,-6.015103798844682
1370,1411,south_africa,0.2,-16.193941116333008,-0.19999999999999973,78824013.9199337,0.20864808807924584,-6.015103798844682
1371,1412,south_africa,0.2,-16.193941116333008,-0.19999999999999973,78824013.9199337,0.20864808807924584,-6.015103798844682
1372,1413,south_africa,0.2,-16.193941116333008,-0.19999999999999973,78824013.9199337,0.20864808807924584,-6.015103798844682
1373,1414,south_africa,0.2,-16.193941116333008,-0.19999999999999973,78824013.9199337,0.20864808807924584,-6.015103798844682
1374,1415,south_africa,0.2,-16.193941116333008,-0.19999999999999973,78824013.9199337,0.20864808807924584,-6.015103798844682
1375,1416,south_africa,0.2,-16.193941116333008,-0.19999999999999973,78824013.9199337,0.20864808807924584,-6.015103798844682
1376,1417,south_africa,0.2,-16.193941116333008,-0.19999999999999973,78824013.9199337,0.20864808807924584,-6.015103798844682
1377,1418,south_africa,0.2,-16.193941116333008,-0.19999999999999973,78824013.9199337,0.20864808807924584,-6.015103798844682
1378,1419,south_africa,0.2,-16.193941116333008,-0.19999999999999973,78824013.9199337,0.20864808807924584,-6.015103798844682
1379,1420,south_africa,0.2,-16.193941116333008,-0.19999999999999973,78824013.9199337,0.20864808807924584,-6.015103798844682
1380,1421,south_africa,0.2,-16.193941116333008,-0.19999999999999973,78824013.9199337,0.20864808807924584,-6.015103798844682
1381,1422,south_africa,0.2,-16.193941116333008,-0.19999999999999973,78824013.9199337,0.20864808807924584,-6.015103798844682
1382,1423,south_africa,0.2,-16.193941116333008,-0.19999999999999973,78824013.9199337,0.20864808807924584,-6.015103798844682
1383,1424,south_africa,0.2,-16.193941116333008,-0.19999999999999973,78824013.9199337,0.20864808807924584,-6.015103798844682
1384,1425,south_africa,0.2,-16.193941116333008,-0.19999999999999973,78824013.9199337,0.20864808807924584,-6.015103798844682
1385,1426,south_africa,0.2,-16.193941116333008,-0.19999999999999973,78824013.9199337,0.20864808807924584,-6.015103798844682
1386,1427,south_africa,0.2,-16.193941116333008,-0.19999999999999973,78824013.9199337,0.20864808807924584,-6.015103798844682
1387,1428,south_africa,0.2,-16.193941116333008,-0.19999999999999973,78824013.9199337,0.20864808807924584,-6.015103798844682
1388,1429,south_africa,0.2,-16.193941116333008,-0.19999999999999973,78824013.9199337,0.20864808807924584,-6.015103798844682
1389,1430,south_africa,0.2,-16.193941116333008,-0.19999999999999973,78824013.9199337,0.20864808807924584,-6.015103798844682
1390,1431,south_africa,0.2,-16.193941116333008,-0.19999999999999973,78824013.9199337,0.20864808807924584,-6.015103798844682
1391,1432,south_africa,0.2,-16.193941116333008,-0.19999999999999973,78824013.9199337,0.20864808807924584,-6.015103798844682
1392,1433,south_africa,0.2,-16.193941116333008,-0.19999999999999973,78824013.9199337,0.20864808807924584,-6.015103798844682
1393,1434,south_africa,0.2,-16.193941116333008,-0.19999999999999973,78824013.9199337,0.20864808807924584,-6.015103798844682
1394,1435,south_africa,0.2,-10.465250015258789,-0.19999999999999973,97783049.70400968,0.20129941150980338,-0.5632333404688005
1395,1436,south_africa,0.2,-10.465250015258789,-0.19999999999999973,97783049.70400968,0.20129941150980338,-0.5632333404688005
1396,1437,south_africa,0.2,-10.465250015258789,-0.19999999999999973,97783049.70400968,0.20129941150980338,-0.5632333404688005
1397,1438,south_africa,0.2,-10.465250015258789,-0.19999999999999973,97783049.70400968,0.20129941150980338,-0.5632333404688005
1398,1439,south_africa,0.2,-10.465250015258789,-0.19999999999999973,97783049.70400968,0.20129941150980338,-0.5632333404688005
1399,1440,south_africa,0.2,-10.465250015258789,-0.19999999999999973,97783049.70400968,0.20129941150980338,-0.5632333404688005
1400,1441,south_africa,0.2,-10.465250015258789,-0.19999999999999973,97783049.70400968,0.20129941150980338,-0.5632333404688005
1401,1442,south_africa,0.2,-10.465250015258789,-0.19999999999999973,97783049.70400968,0.20129941150980338,-0.5632333404688005
1402,1443,south_africa,0.2,-10.465250015258789,-0.19999999999999973,97783049.70400968,0.20129941150980338,-0.5632333404688005
1403,1444,south_africa,0.2,-10.465250015258789,-0.19999999999999973,97783049.70400968,0.20129941150980338,-0.5632333404688005
1404,1445,south_africa,0.2,-10.465250015258789,-0.19999999999999973,97783049.70400968,0.20129941150980338,-0.5632333404688005
1405,1446,south_africa,0.2,-10.465250015258789,-0.19999999999999973,97783049.70400968,0.20129941150980338,-0.5632333404688005
1406,1447,south_africa,0.2,-10.465250015258789,-0.19999999999999973,97783049.70400968,0.20129941150980338,-0.5632333404688005
1407,1448,south_africa,0.2,-10.465250015258789,-0.19999999999999973,97783049.70400968,0.20129941150980338,-0.5632333404688005
1408,1449,south_africa,0.2,-10.465250015258789,-0.19999999999999973,97783049.70400968,0.20129941150980338,-0.5632333404688005
1409,1450,south_africa,0.2,-10.465250015258789,-0.19999999999999973,97783049.70400968,0.20129941150980338,-0.5632333404688005
1410,1451,south_africa,0.2,-10.465250015258789,-0.19999999999999973,97783049.70400968,0.20129941150980338,-0.5632333404688005
1411,1452,south_africa,0.2,-10.465250015258789,-0.19999999999999973,97783049.70400968,0.20129941150980338,-0.5632333404688005
1412,1453,south_africa,0.2,-10.465250015258789,-0.19999999999999973,97783049.70400968,0.20129941150980338,-0.5632333404688005
1413,1454,south_africa,0.2,-10.465250015258789,-0.19999999999999973,97783049.70400968,0.20129941150980338,-0.5632333404688005
1414,1455,south_africa,0.2,-10.465250015258789,-0.19999999999999973,97783049.70400968,0.20129941150980338,-0.5632333404688005
1415,1456,south_africa,0.2,-10.465250015258789,-0.19999999999999973,97783049.70400968,0.20129941150980338,-0.5632333404688005
1416,1457,south_africa,0.2,-10.465250015258789,-0.19999999999999973,97783049.70400968,0.20129941150980338,-0.5632333404688005
1417,1458,south_africa,0.2,-10.465250015258789,-0.19999999999999973,97783049.70400968,0.20129941150980338,-0.5632333404688005
1418,1459,south_africa,0.2,-10.465250015258789,-0.19999999999999973,97783049.70400968,0.20129941150980338,-0.5632333404688005
1419,1460,south_africa,0.2,-10.465250015258789,-0.19999999999999973,97783049.70400968,0.20129941150980338,-0.5632333404688005
1420,1461,south_africa,0.2,-10.465250015258789,-0.19999999999999973,97783049.70400968,0.20129941150980338,-0.5632333404688005
1421,1462,south_africa,0.2,-10.465250015258789,-0.19999999999999973,97783049.70400968,0.20129941150980338,-0.5632333404688005
1422,1463,south_africa,0.2,-10.465250015258789,-0.19999999999999973,97783049.70400968,0.20129941150980338,-0.5632333404688005
1423,1464,south_africa,0.2,-10.465250015258789,-0.19999999999999973,97783049.70400968,0.20129941150980338,-0.5632333404688005
1424,1465,south_africa,0.2,-10.465250015258789,-0.19999999999999973,97783049.70400968,0.20129941150980338,-0.5632333404688005
1425,1466,south_africa,0.2,-10.465250015258789,-0.19999999999999973,97783049.70400968,0.20129941150980338,-0.5632333404688005
1426,1467,south_africa,0.2,-10.465250015258789,-0.19999999999999973,97783049.70400968,0.20129941150980338,-0.5632333404688005
1427,1468,south_africa,0.2,-10.465250015258789,-0.19999999999999973,97783049.70400968,0.20129941150980338,-0.5632333404688005
1428,1469,south_africa,0.2,-10.465250015258789,-0.19999999999999973,97783049.70400968,0.20129941150980338,-0.5632333404688005
1429,1471,south_africa,0.2,-10.465250015258789,-0.19999999999999973,97783049.70400968,0.20129941150980338,-0.5632333404688005
1430,1472,south_africa,0.2,-10.465250015258789,-0.19999999999999973,97783049.70400968,0.20129941150980338,-0.5632333404688005
1431,1473,south_africa,0.2,-10.465250015258789,-0.19999999999999973,97783049.70400968,0.20129941150980338,-0.5632333404688005
1432,1474,south_africa,0.2,-10.465250015258789,-0.19999999999999973,97783049.70400968,0.20129941150980338,-0.5632333404688005
1433,1475,south_africa,0.2,-10.465250015258789,-0.19999999999999973,97783049.70400968,0.20129941150980338,-0.5632333404688005
1434,1476,south_africa,0.2,-10.465250015258789,-0.19999999999999973,97783049.70400968,0.20129941150980338,-0.5632333404688005
1435,1477,south_africa,0.2,-10.465250015258789,-0.19999999999999973,97783049.70400968,0.20129941150980338,-0.5632333404688005
1436,1478,south_africa,0.2,-10.465250015258789,-0.19999999999999973,97783049.70400968,0.20129941150980338,-0.5632333404688005
1437,1479,south_africa,0.2,-10.465250015258789,-0.19999999999999973,97783049.70400968,0.20129941150980338,-0.5632333404688005
1438,1480,south_africa,0.2,-10.465250015258789,-0.19999999999999973,97783049.70400968,0.20129941150980338,-0.5632333404688005
1439,1481,south_africa,0.2,-10.465250015258789,-0.19999999999999973,97783049.70400968,0.20129941150980338,-0.5632333404688005
1440,1482,south_africa,0.2,-10.465250015258789,-0.19999999999999973,97783049.70400968,0.20129941150980338,-0.5632333404688005
1441,1483,south_africa,0.2,-10.465250015258789,-0.19999999999999973,97783049.70400968,0.20129941150980338,-0.5632333404688005
1442,1484,south_africa,0.2,-10.465250015258789,-0.19999999999999973,97783049.70400968,0.20129941150980338,-0.5632333404688005
1443,1485,south_africa,0.2,-10.465250015258789,-0.19999999999999973,97783049.70400968,0.20129941150980338,-0.5632333404688005
1444,1486,south_africa,0.2,-10.465250015258789,-0.19999999999999973,97783049.70400968,0.20129941150980338,-0.5632333404688005
1445,1487,south_africa,0.2,-10.465250015258789,-0.19999999999999973,97783049.70400968,0.20129941150980338,-0.5632333404688005
1446,1488,south_africa,0.2,-10.465250015258789,-0.19999999999999973,97783049.70400968,0.20129941150980338,-0.5632333404688005
1447,1489,south_africa,0.2,-10.465250015258789,-0.19999999999999973,97783049.70400968,0.20129941150980338,-0.5632333404688005
1448,1490,south_africa,0.2,-10.465250015258789,-0.19999999999999973,97783049.70400968,0.20129941150980338,-0.5632333404688005
1449,1491,south_africa,0.2,-10.465250015258789,-0.19999999999999973,97783049.70400968,0.20129941150980338,-0.5632333404688005
1450,1492,south_africa,0.2,-10.465250015258789,-0.19999999999999973,97783049.70400968,0.20129941150980338,-0.5632333404688005
1451,1493,south_africa,0.2,-10.465250015258789,-0.19999999999999973,97783049.70400968,0.20129941150980338,-0.5632333404688005
1452,1494,south_africa,0.2,-10.465250015258789,-0.19999999999999973,97783049.70400968,0.20129941150980338,-0.5632333404688005
1453,1495,south_africa,0.2,-10.465250015258789,-0.19999999999999973,97783049.70400968,0.20129941150980338,-0.5632333404688005
1454,1496,south_africa,0.2,-10.465250015258789,-0.19999999999999973,97783049.70400968,0.20129941150980338,-0.5632333404688005
1455,1497,south_africa,0.2,-10.465250015258789,-0.19999999999999973,97783049.70400968,0.20129941150980338,-0.5632333404688005
1456,1499,south_africa,0.2,-10.465250015258789,-0.19999999999999973,97783049.70400968,0.20129941150980338,-0.5632333404688005
1457,1500,south_africa,0.2,-10.465250015258789,-0.19999999999999973,97783049.70400968,0.20129941150980338,-0.5632333404688005
1458,1501,south_africa,0.2,-10.465250015258789,-0.19999999999999973,97783049.70400968,0.20129941150980338,-0.5632333404688005
1459,1502,south_africa,0.2,-10.465250015258789,-0.19999999999999973,97783049.70400968,0.20129941150980338,-0.5632333404688005
1460,1503,south_africa,0.2,-10.465250015258789,-0.19999999999999973,97783049.70400968,0.20129941150980338,-0.5632333404688005
1461,1504,south_africa,0.2,-10.465250015258789,-0.19999999999999973,97783049.70400968,0.20129941150980338,-0.5632333404688005
1462,1505,south_africa,0.2,-10.465250015258789,-0.19999999999999973,97783049.70400968,0.20129941150980338,-0.5632333404688005
1463,1506,south_africa,0.2,-10.465250015258789,-0.19999999999999973,97783049.70400968,0.20129941150980338,-0.5632333404688005
1464,1507,south_africa,0.2,-10.465250015258789,-0.19999999999999973,97783049.70400968,0.20129941150980338,-0.5632333404688005
1465,1508,south_africa,0.2,-10.465250015258789,-0.19999999999999973,97783049.70400968,0.20129941150980338,-0.5632333404688005
1466,1509,south_africa,0.2,-10.465250015258789,-0.19999999999999973,97783049.70400968,0.20129941150980338,-0.5632333404688005
1467,1510,south_africa,0.2,-10.465250015258789,-0.19999999999999973,97783049.70400968,0.20129941150980338,-0.5632333404688005
1468,1511,south_africa,0.2,-10.465250015258789,-0.19999999999999973,97783049.70400968,0.20129941150980338,-0.5632333404688005
1469,1512,south_africa,0.2,-10.465250015258789,-0.19999999999999973,97783049.70400968,0.20129941150980338,-0.5632333404688005
1470,1513,south_africa,0.2,-10.465250015258789,-0.19999999999999973,97783049.70400968,0.20129941150980338,-0.5632333404688005
1471,1514,south_africa,0.2,-10.465250015258789,-0.19999999999999973,97783049.70400968,0.20129941150980338,-0.5632333404688005
1472,1515,south_africa,0.2,-10.465250015258789,-0.19999999999999973,97783049.70400968,0.20129941150980338,-0.5632333404688005
1473,1516,south_africa,0.2,-10.465250015258789,-0.19999999999999973,97783049.70400968,0.20129941150980338,-0.5632333404688005
1474,1517,south_africa,0.2,-10.465250015258789,-0.19999999999999973,97783049.70400968,0.20129941150980338,-0.5632333404688005
1475,1518,south_africa,0.2,-10.465250015258789,-0.19999999999999973,97783049.70400968,0.20129941150980338,-0.5632333404688005
1476,1519,south_africa,0.2,-10.465250015258789,-0.19999999999999973,97783049.70400968,0.20129941150980338,-0.5632333404688005
1477,1520,south_africa,0.2,-10.465250015258789,-0.19999999999999973,97783049.70400968,0.20129941150980338,-0.5632333404688005
1478,1521,south_africa,0.2,-10.465250015258789,-0.19999999999999973,97783049.70400968,0.20129941150980338,-0.5632333404688005
1479,1522,south_africa,0.2,-10.465250015258789,-0.19999999999999973,97783049.70400968,0.20129941150980338,-0.5632333404688005
1480,1523,south_africa,0.2,-10.465250015258789,-0.19999999999999973,97783049.70400968,0.20129941150980338,-0.5632333404688005
1481,1524,south_africa,0.2,-10.465250015258789,-0.19999999999999973,97783049.70400968,0.20129941150980338,-0.5632333404688005
1482,1525,south_africa,0.2,-10.465250015258789,-0.19999999999999973,97783049.70400968,0.20129941150980338,-0.5632333404688005
1483,1526,south_africa,0.2,-10.465250015258789,-0.19999999999999973,97783049.70400968,0.20129941150980338,-0.5632333404688005
1484,1527,south_africa,0.2,-10.465250015258789,-0.19999999999999973,97783049.70400968,0.20129941150980338,-0.5632333404688005
1485,1528,south_africa,0.2,-10.465250015258789,-0.19999999999999973,97783049.70400968,0.20129941150980338,-0.5632333404688005
1486,1529,south_africa,0.2,-10.465250015258789,-0.19999999999999973,97783049.70400968,0.20129941150980338,-0.5632333404688005
1487,1530,south_africa,0.2,-10.465250015258789,-0.19999999999999973,97783049.70400968,0.20129941150980338,-0.5632333404688005
1488,1532,south_africa,0.2,-10.465250015258789,-0.19999999999999973,97783049.70400968,0.20129941150980338,-0.5632333404688005
1489,1533,south_africa,0.2,-10.465250015258789,-0.19999999999999973,97783049.70400968,0.20129941150980338,-0.5632333404688005
1490,1534,south_africa,0.2,-10.465250015258789,-0.19999999999999973,97783049.70400968,0.20129941150980338,-0.5632333404688005
1491,1535,south_africa,0.2,-10.465250015258789,-0.19999999999999973,97783049.70400968,0.20129941150980338,-0.5632333404688005
1492,1536,south_africa,0.2,-10.465250015258789,-0.19999999999999973,97783049.70400968,0.20129941150980338,-0.5632333404688005
1493,1538,south_africa,0.2,-10.465250015258789,-0.19999999999999973,97783049.70400968,0.20129941150980338,-0.5632333404688005
1494,1539,south_africa,0.2,-10.465250015258789,-0.19999999999999973,97783049.70400968,0.20129941150980338,-0.5632333404688005
1495,1540,south_africa,0.2,-10.465250015258789,-0.19999999999999973,97783049.70400968,0.20129941150980338,-0.5632333404688005
1496,1541,south_africa,0.2,-10.465250015258789,-0.19999999999999973,97783049.70400968,0.20129941150980338,-0.5632333404688005
1497,1542,south_africa,0.2,-10.465250015258789,-0.19999999999999973,97783049.70400968,0.20129941150980338,-0.5632333404688005
1498,1543,south_africa,0.2,-10.465250015258789,-0.19999999999999973,97783049.70400968,0.20129941150980338,-0.5632333404688005
1499,1544,south_africa,0.2,-10.465250015258789,-0.19999999999999973,97783049.70400968,0.20129941150980338,-0.5632333404688005
1500,1545,south_africa,0.2,-10.465250015258789,-0.19999999999999973,97783049.70400968,0.20129941150980338,-0.5632333404688005
1501,1546,south_africa,0.2,-10.465250015258789,-0.19999999999999973,97783049.70400968,0.20129941150980338,-0.5632333404688005
1502,1547,south_africa,0.2,-10.465250015258789,-0.19999999999999973,97783049.70400968,0.20129941150980338,-0.5632333404688005
1503,1548,south_africa,0.2,-10.465250015258789,-0.19999999999999973,97783049.70400968,0.20129941150980338,-0.5632333404688005
1504,1549,south_africa,0.2,-10.465250015258789,-0.19999999999999973,97783049.70400968,0.20129941150980338,-0.5632333404688005
1505,1550,south_africa,0.2,-10.465250015258789,-0.19999999999999973,97783049.70400968,0.20129941150980338,-0.5632333404688005
1506,1551,south_africa,0.2,-10.465250015258789,-0.19999999999999973,97783049.70400968,0.20129941150980338,-0.5632333404688005
1507,1552,south_africa,0.2,-10.465250015258789,-0.19999999999999973,97783049.70400968,0.20129941150980338,-0.5632333404688005
1508,1553,south_africa,0.2,-10.465250015258789,-0.19999999999999973,97783049.70400968,0.20129941150980338,-0.5632333404688005
1509,1554,south_africa,0.2,-10.465250015258789,-0.19999999999999973,97783049.70400968,0.20129941150980338,-0.5632333404688005
1510,1555,south_africa,0.2,-10.465250015258789,-0.19999999999999973,97783049.70400968,0.20129941150980338,-0.5632333404688005
1511,1556,south_africa,0.2,-10.465250015258789,-0.19999999999999973,97783049.70400968,0.20129941150980338,-0.5632333404688005
1512,1557,south_africa,0.2,-10.465250015258789,-0.19999999999999973,97783049.70400968,0.20129941150980338,-0.5632333404688005
1513,1558,south_africa,0.2,-10.465250015258789,-0.19999999999999973,97783049.70400968,0.20129941150980338,-0.5632333404688005
1514,1559,south_africa,0.2,-10.465250015258789,-0.19999999999999973,97783049.70400968,0.20129941150980338,-0.5632333404688005
1515,1560,south_africa,0.2,-10.465250015258789,-0.19999999999999973,97783049.70400968,0.20129941150980338,-0.5632333404688005
1516,1561,south_africa,0.2,-10.465250015258789,-0.19999999999999973,97783049.70400968,0.20129941150980338,-0.5632333404688005
1517,1562,south_africa,0.2,-10.465250015258789,-0.19999999999999973,97783049.70400968,0.20129941150980338,-0.5632333404688005
1518,1563,south_africa,0.2,-10.465250015258789,-0.19999999999999973,97783049.70400968,0.20129941150980338,-0.5632333404688005
1519,1564,south_africa,0.2,-10.465250015258789,-0.19999999999999973,97783049.70400968,0.20129941150980338,-0.5632333404688005
1520,1565,south_africa,0.2,-10.465250015258789,-0.19999999999999973,97783049.70400968,0.20129941150980338,-0.5632333404688005
1521,1566,south_africa,0.2,-10.465250015258789,-0.19999999999999973,97783049.70400968,0.20129941150980338,-0.5632333404688005
1522,1567,south_africa,0.2,-10.465250015258789,-0.19999999999999973,97783049.70400968,0.20129941150980338,-0.5632333404688005
1523,1568,south_africa,0.2,-10.465250015258789,-0.19999999999999973,97783049.70400968,0.20129941150980338,-0.5632333404688005
1524,1569,south_africa,0.2,-10.465250015258789,-0.19999999999999973,97783049.70400968,0.20129941150980338,-0.5632333404688005
1525,1570,south_africa,0.2,-10.465250015258789,-0.19999999999999973,97783049.70400968,0.20129941150980338,-0.5632333404688005
1526,1571,south_africa,0.2,-10.465250015258789,-0.19999999999999973,97783049.70400968,0.20129941150980338,-0.5632333404688005
1527,1572,south_africa,0.2,-10.465250015258789,-0.19999999999999973,97783049.70400968,0.20129941150980338,-0.5632333404688005
1528,1573,south_africa,0.2,-10.465250015258789,-0.19999999999999973,97783049.70400968,0.20129941150980338,-0.5632333404688005
1529,1574,south_africa,0.2,-10.465250015258789,-0.19999999999999973,97783049.70400968,0.20129941150980338,-0.5632333404688005
1530,1575,south_africa,0.2,-10.465250015258789,-0.19999999999999973,97783049.70400968,0.20129941150980338,-0.5632333404688005
1531,1576,south_africa,0.2,-10.465250015258789,-0.19999999999999973,97783049.70400968,0.20129941150980338,-0.5632333404688005
1532,1577,south_africa,0.2,-10.465250015258789,-0.19999999999999973,97783049.70400968,0.20129941150980338,-0.5632333404688005
1533,1578,south_africa,0.2,-10.465250015258789,-0.19999999999999973,97783049.70400968,0.20129941150980338,-0.5632333404688005
1534,1579,south_africa,0.2,-10.465250015258789,-0.19999999999999973,97783049.70400968,0.20129941150980338,-0.5632333404688005
1535,1580,south_africa,0.2,-10.465250015258789,-0.19999999999999973,97783049.70400968,0.20129941150980338,-0.5632333404688005
1536,1581,south_africa,0.2,-10.465250015258789,-0.19999999999999973,97783049.70400968,0.20129941150980338,-0.5632333404688005
1537,1582,south_africa,0.2,-10.465250015258789,-0.19999999999999973,97783049.70400968,0.20129941150980338,-0.5632333404688005
1538,1583,south_africa,0.2,-10.465250015258789,-0.19999999999999973,97783049.70400968,0.20129941150980338,-0.5632333404688005
1539,1584,south_africa,0.2,-10.465250015258789,-0.19999999999999973,97783049.70400968,0.20129941150980338,-0.5632333404688005
1540,1585,south_africa,0.2,-10.465250015258789,-0.19999999999999973,97783049.70400968,0.20129941150980338,-0.5632333404688005
1541,1586,south_africa,0.2,-10.465250015258789,-0.19999999999999973,97783049.70400968,0.20129941150980338,-0.5632333404688005
1542,1587,south_africa,0.2,-10.465250015258789,-0.19999999999999973,97783049.70400968,0.20129941150980338,-0.5632333404688005
1543,1588,south_africa,0.2,-10.465250015258789,-0.19999999999999973,97783049.70400968,0.20129941150980338,-0.5632333404688005
1544,1589,south_africa,0.2,-10.465250015258789,-0.19999999999999973,97783049.70400968,0.20129941150980338,-0.5632333404688005
1545,1590,south_africa,0.2,-10.465250015258789,-0.19999999999999973,97783049.70400968,0.20129941150980338,-0.5632333404688005
1546,1591,south_africa,0.2,-10.465250015258789,-0.19999999999999973,97783049.70400968,0.20129941150980338,-0.5632333404688005
1547,1592,south_africa,0.2,-10.465250015258789,-0.19999999999999973,97783049.70400968,0.20129941150980338,-0.5632333404688005
1548,1593,south_africa,0.2,-10.465250015258789,-0.19999999999999973,97783049.70400968,0.20129941150980338,-0.5632333404688005
1549,1594,south_africa,0.2,-10.465250015258789,-0.19999999999999973,97783049.70400968,0.20129941150980338,-0.5632333404688005
1550,1595,south_africa,0.2,-10.465250015258789,-0.19999999999999973,97783049.70400968,0.20129941150980338,-0.5632333404688005
1551,1596,south_africa,0.2,-10.465250015258789,-0.19999999999999973,97783049.70400968,0.20129941150980338,-0.5632333404688005
1552,1597,south_africa,0.2,-10.465250015258789,-0.19999999999999973,97783049.70400968,0.20129941150980338,-0.5632333404688005
1553,1598,south_africa,0.2,-10.465250015258789,-0.19999999999999973,97783049.70400968,0.20129941150980338,-0.5632333404688005
1554,1599,south_africa,0.2,-10.465250015258789,-0.19999999999999973,97783049.70400968,0.20129941150980338,-0.5632333404688005
1555,1600,south_africa,0.2,-10.465250015258789,-0.19999999999999973,97783049.70400968,0.20129941150980338,-0.5632333404688005
1556,1601,south_africa,0.2,-10.465250015258789,-0.19999999999999973,97783049.70400968,0.20129941150980338,-0.5632333404688005
1557,1602,south_africa,0.2,-10.465250015258789,-0.19999999999999973,97783049.70400968,0.20129941150980338,-0.5632333404688005
1558,1603,south_africa,0.2,-10.465250015258789,-0.19999999999999973,97783049.70400968,0.20129941150980338,-0.5632333404688005
1559,1604,south_africa,0.2,-10.465250015258789,-0.19999999999999973,97783049.70400968,0.20129941150980338,-0.5632333404688005
1560,1605,south_africa,0.2,-10.465250015258789,-0.19999999999999973,97783049.70400968,0.20129941150980338,-0.5632333404688005
1561,1606,south_africa,0.2,-10.465250015258789,-0.19999999999999973,97783049.70400968,0.20129941150980338,-0.5632333404688005
1562,1607,south_africa,0.2,-10.465250015258789,-0.19999999999999973,97783049.70400968,0.20129941150980338,-0.5632333404688005
1563,1608,south_africa,0.2,-10.465250015258789,-0.19999999999999973,97783049.70400968,0.20129941150980338,-0.5632333404688005
1564,1609,south_africa,0.2,-10.465250015258789,-0.19999999999999973,97783049.70400968,0.20129941150980338,-0.5632333404688005
1565,1610,south_africa,0.2,-10.465250015258789,-0.19999999999999973,97783049.70400968,0.20129941150980338,-0.5632333404688005
1566,1611,south_africa,0.2,-10.465250015258789,-0.19999999999999973,97783049.70400968,0.20129941150980338,-0.5632333404688005
1567,1612,south_africa,0.2,-10.465250015258789,-0.19999999999999973,97783049.70400968,0.20129941150980338,-0.5632333404688005
1568,1613,south_africa,0.2,-10.465250015258789,-0.19999999999999973,97783049.70400968,0.20129941150980338,-0.5632333404688005
1569,1614,south_africa,0.2,-10.465250015258789,-0.19999999999999973,97783049.70400968,0.20129941150980338,-0.5632333404688005
1570,1615,south_africa,0.2,-10.465250015258789,-0.19999999999999973,97783049.70400968,0.20129941150980338,-0.5632333404688005
1571,1616,south_africa,0.2,-10.465250015258789,-0.19999999999999973,97783049.70400968,0.20129941150980338,-0.5632333404688005
1572,1617,south_africa,0.2,-10.465250015258789,-0.19999999999999973,97783049.70400968,0.20129941150980338,-0.5632333404688005
1573,1618,south_africa,0.2,-10.465250015258789,-0.19999999999999973,97783049.70400968,0.20129941150980338,-0.5632333404688005
1574,1619,south_africa,0.2,-10.465250015258789,-0.19999999999999973,97783049.70400968,0.20129941150980338,-0.5632333404688005
1575,1620,south_africa,0.2,-10.465250015258789,-0.19999999999999973,97783049.70400968,0.20129941150980338,-0.5632333404688005
1576,1622,south_africa,0.4,-6.721545338630676,0.6000000000000005,89825425.98056923,0.22317287489609314,-0.4733019598285212
1577,1623,south_africa,0.4,-6.721545338630676,0.6000000000000005,89825425.98056923,0.22317287489609314,-0.4733019598285212
1578,1624,south_africa,0.4,-6.721545338630676,0.6000000000000005,89825425.98056923,0.22317287489609314,-0.4733019598285212
1579,1625,south_africa,0.4,-6.721545338630676,0.6000000000000005,89825425.98056923,0.22317287489609314,-0.4733019598285212
1580,1626,south_africa,0.4,-6.721545338630676,0.6000000000000005,89825425.98056923,0.22317287489609314,-0.4733019598285212
1581,1627,south_africa,0.4,-6.721545338630676,0.6000000000000005,89825425.98056923,0.22317287489609314,-0.4733019598285212
1582,1628,south_africa,0.4,-6.721545338630676,0.6000000000000005,89825425.98056923,0.22317287489609314,-0.4733019598285212
1583,1629,south_africa,0.4,-6.721545338630676,0.6000000000000005,89825425.98056923,0.22317287489609314,-0.4733019598285212
1584,1630,south_africa,0.4,-6.721545338630676,0.6000000000000005,89825425.98056923,0.22317287489609314,-0.4733019598285212
1585,1631,south_africa,0.4,-6.721545338630676,0.6000000000000005,89825425.98056923,0.22317287489609314,-0.4733019598285212
1586,1632,south_africa,0.4,-6.721545338630676,0.6000000000000005,89825425.98056923,0.22317287489609314,-0.4733019598285212
1587,1633,south_africa,0.4,-6.721545338630676,0.6000000000000005,89825425.98056923,0.22317287489609314,-0.4733019598285212
1588,1634,south_africa,0.4,-6.721545338630676,0.6000000000000005,89825425.98056923,0.22317287489609314,-0.4733019598285212
1589,1635,south_africa,0.4,-6.721545338630676,0.6000000000000005,89825425.98056923,0.22317287489609314,-0.4733019598285212
1590,1636,south_africa,0.4,-6.721545338630676,0.6000000000000005,89825425.98056923,0.22317287489609314,-0.4733019598285212
1591,1637,south_africa,0.4,-6.721545338630676,0.6000000000000005,89825425.98056923,0.22317287489609314,-0.4733019598285212
1592,1638,south_africa,0.4,-6.721545338630676,0.6000000000000005,89825425.98056923,0.22317287489609314,-0.4733019598285212
1593,1639,south_africa,0.4,-6.721545338630676,0.6000000000000005,89825425.98056923,0.22317287489609314,-0.4733019598285212
1594,1640,south_africa,0.2,-9.346210479736328,-0.19999999999999973,46711474.22908437,0.23293166541261084,0.7444661215589186
1595,1641,south_africa,0.2,-9.346210479736328,-0.19999999999999973,46711474.22908437,0.23293166541261084,0.7444661215589186
1596,1642,south_africa,0.2,-9.346210479736328,-0.19999999999999973,46711474.22908437,0.23293166541261084,0.7444661215589186
1597,1643,south_africa,0.2,-9.346210479736328,-0.19999999999999973,46711474.22908437,0.23293166541261084,0.7444661215589186
1598,1644,south_africa,0.2,-9.346210479736328,-0.19999999999999973,46711474.22908437,0.23293166541261084,0.7444661215589186
1599,1645,south_africa,0.2,-9.346210479736328,-0.19999999999999973,46711474.22908437,0.23293166541261084,0.7444661215589186
1600,1646,south_africa,0.2,-9.346210479736328,-0.19999999999999973,46711474.22908437,0.23293166541261084,0.7444661215589186
1601,1647,south_africa,0.2,-9.346210479736328,-0.19999999999999973,46711474.22908437,0.23293166541261084,0.7444661215589186
1602,1648,south_africa,0.2,-9.346210479736328,-0.19999999999999973,46711474.22908437,0.23293166541261084,0.7444661215589186
1603,1649,south_africa,0.2,-9.346210479736328,-0.19999999999999973,46711474.22908437,0.23293166541261084,0.7444661215589186
1604,1650,south_africa,0.2,-9.346210479736328,-0.19999999999999973,46711474.22908437,0.23293166541261084,0.7444661215589186
1605,1651,south_africa,0.2,-9.346210479736328,-0.19999999999999973,46711474.22908437,0.23293166541261084,0.7444661215589186
1606,1652,south_africa,0.2,-9.346210479736328,-0.19999999999999973,46711474.22908437,0.23293166541261084,0.7444661215589186
1607,1653,south_africa,0.2,-9.346210479736328,-0.19999999999999973,46711474.22908437,0.23293166541261084,0.7444661215589186
1608,1654,south_africa,0.2,-9.346210479736328,-0.19999999999999973,46711474.22908437,0.23293166541261084,0.7444661215589186
1609,1655,south_africa,0.2,-9.346210479736328,-0.19999999999999973,46711474.22908437,0.23293166541261084,0.7444661215589186
1610,1656,south_africa,0.2,-9.346210479736328,-0.19999999999999973,46711474.22908437,0.23293166541261084,0.7444661215589186
1611,1657,south_africa,0.2,-9.346210479736328,-0.19999999999999973,46711474.22908437,0.23293166541261084,0.7444661215589186
1612,1658,south_africa,0.2,-9.346210479736328,-0.19999999999999973,46711474.22908437,0.23293166541261084,0.7444661215589186
1613,1659,south_africa,0.2,-9.346210479736328,-0.19999999999999973,46711474.22908437,0.23293166541261084,0.7444661215589186
1614,1660,south_africa,0.2,-9.346210479736328,-0.19999999999999973,46711474.22908437,0.23293166541261084,0.7444661215589186
1615,1661,south_africa,0.2,-9.346210479736328,-0.19999999999999973,46711474.22908437,0.23293166541261084,0.7444661215589186
1616,1662,south_africa,0.2,-9.346210479736328,-0.19999999999999973,46711474.22908437,0.23293166541261084,0.7444661215589186
1617,1663,south_africa,0.2,-9.346210479736328,-0.19999999999999973,46711474.22908437,0.23293166541261084,0.7444661215589186
1618,1664,south_africa,0.2,-9.346210479736328,-0.19999999999999973,46711474.22908437,0.23293166541261084,0.7444661215589186
1619,1665,south_africa,0.2,-9.346210479736328,-0.19999999999999973,46711474.22908437,0.23293166541261084,0.7444661215589186
1620,1666,south_africa,0.2,-9.346210479736328,-0.19999999999999973,46711474.22908437,0.23293166541261084,0.7444661215589186
1621,1667,south_africa,0.2,-9.346210479736328,-0.19999999999999973,46711474.22908437,0.23293166541261084,0.7444661215589186
1622,1668,south_africa,0.2,-9.346210479736328,-0.19999999999999973,46711474.22908437,0.23293166541261084,0.7444661215589186
1623,1669,south_africa,0.2,-9.346210479736328,-0.19999999999999973,46711474.22908437,0.23293166541261084,0.7444661215589186
1624,1670,south_africa,0.2,-9.346210479736328,-0.19999999999999973,46711474.22908437,0.23293166541261084,0.7444661215589186
1625,1671,south_africa,0.2,-9.346210479736328,-0.19999999999999973,46711474.22908437,0.23293166541261084,0.7444661215589186
1626,1672,south_africa,0.2,-9.346210479736328,-0.19999999999999973,46711474.22908437,0.23293166541261084,0.7444661215589186
1627,1673,south_africa,0.2,-9.346210479736328,-0.19999999999999973,46711474.22908437,0.23293166541261084,0.7444661215589186
1628,1674,south_africa,0.2,-9.346210479736328,-0.19999999999999973,46711474.22908437,0.23293166541261084,0.7444661215589186
1629,1675,south_africa,0.2,-9.346210479736328,-0.19999999999999973,46711474.22908437,0.23293166541261084,0.7444661215589186
1630,1676,south_africa,0.2,-9.346210479736328,-0.19999999999999973,46711474.22908437,0.23293166541261084,0.7444661215589186
1631,1677,south_africa,0.2,-9.346210479736328,-0.19999999999999973,46711474.22908437,0.23293166541261084,0.7444661215589186
1632,1678,south_africa,0.2,-9.346210479736328,-0.19999999999999973,46711474.22908437,0.23293166541261084,0.7444661215589186
1633,1679,south_africa,0.2,-9.346210479736328,-0.19999999999999973,46711474.22908437,0.23293166541261084,0.7444661215589186
1634,1680,south_africa,0.2,-9.346210479736328,-0.19999999999999973,46711474.22908437,0.23293166541261084,0.7444661215589186
1635,1681,south_africa,0.2,-9.346210479736328,-0.19999999999999973,46711474.22908437,0.23293166541261084,0.7444661215589186
1636,1682,south_africa,0.2,-9.346210479736328,-0.19999999999999973,46711474.22908437,0.23293166541261084,0.7444661215589186
1637,1683,south_africa,0.2,-9.346210479736328,-0.19999999999999973,46711474.22908437,0.23293166541261084,0.7444661215589186
1638,1684,south_africa,0.2,-9.346210479736328,-0.19999999999999973,46711474.22908437,0.23293166541261084,0.7444661215589186
1639,1685,south_africa,0.2,-9.346210479736328,-0.19999999999999973,46711474.22908437,0.23293166541261084,0.7444661215589186
1640,1686,south_africa,0.2,-9.346210479736328,-0.19999999999999973,46711474.22908437,0.23293166541261084,0.7444661215589186
1641,1687,south_africa,0.2,-9.346210479736328,-0.19999999999999973,46711474.22908437,0.23293166541261084,0.7444661215589186
1642,1688,south_africa,0.2,-9.346210479736328,-0.19999999999999973,46711474.22908437,0.23293166541261084,0.7444661215589186
1643,1689,south_africa,0.2,-9.346210479736328,-0.19999999999999973,46711474.22908437,0.23293166541261084,0.7444661215589186
1644,1690,south_africa,0.2,-9.346210479736328,-0.19999999999999973,46711474.22908437,0.23293166541261084,0.7444661215589186
1645,1691,south_africa,0.2,-9.346210479736328,-0.19999999999999973,46711474.22908437,0.23293166541261084,0.7444661215589186
1646,1692,south_africa,0.2,-9.346210479736328,-0.19999999999999973,46711474.22908437,0.23293166541261084,0.7444661215589186
1647,1693,south_africa,0.2,-9.346210479736328,-0.19999999999999973,46711474.22908437,0.23293166541261084,0.7444661215589186
1648,1694,south_africa,0.2,-9.346210479736328,-0.19999999999999973,46711474.22908437,0.23293166541261084,0.7444661215589186
1649,1695,south_africa,0.2,-9.346210479736328,-0.19999999999999973,46711474.22908437,0.23293166541261084,0.7444661215589186
1650,1696,south_africa,0.2,-9.346210479736328,-0.19999999999999973,46711474.22908437,0.23293166541261084,0.7444661215589186
1651,1697,south_africa,0.2,-9.346210479736328,-0.19999999999999973,46711474.22908437,0.23293166541261084,0.7444661215589186
1652,1698,south_africa,0.2,-9.346210479736328,-0.19999999999999973,46711474.22908437,0.23293166541261084,0.7444661215589186
1653,1699,south_africa,0.2,-9.346210479736328,-0.19999999999999973,46711474.22908437,0.23293166541261084,0.7444661215589186
1654,1700,south_africa,0.2,-9.346210479736328,-0.19999999999999973,46711474.22908437,0.23293166541261084,0.7444661215589186
1655,1701,south_africa,0.2,-9.346210479736328,-0.19999999999999973,46711474.22908437,0.23293166541261084,0.7444661215589186
1656,1702,south_africa,0.2,-9.346210479736328,-0.19999999999999973,46711474.22908437,0.23293166541261084,0.7444661215589186
1657,1703,south_africa,0.2,-9.346210479736328,-0.19999999999999973,46711474.22908437,0.23293166541261084,0.7444661215589186
1658,1704,south_africa,0.2,-9.346210479736328,-0.19999999999999973,46711474.22908437,0.23293166541261084,0.7444661215589186
1659,1705,south_africa,0.2,-9.346210479736328,-0.19999999999999973,46711474.22908437,0.23293166541261084,0.7444661215589186
1660,1706,south_africa,0.2,-9.346210479736328,-0.19999999999999973,46711474.22908437,0.23293166541261084,0.7444661215589186
1661,1707,south_africa,0.2,-9.346210479736328,-0.19999999999999973,46711474.22908437,0.23293166541261084,0.7444661215589186
1662,1708,south_africa,0.2,-9.346210479736328,-0.19999999999999973,46711474.22908437,0.23293166541261084,0.7444661215589186
1663,1709,south_africa,0.2,-9.346210479736328,-0.19999999999999973,46711474.22908437,0.23293166541261084,0.7444661215589186
1664,1710,south_africa,0.2,-9.346210479736328,-0.19999999999999973,46711474.22908437,0.23293166541261084,0.7444661215589186
1665,1711,south_africa,0.2,-9.346210479736328,-0.19999999999999973,46711474.22908437,0.23293166541261084,0.7444661215589186
1666,1712,south_africa,0.2,-9.346210479736328,-0.19999999999999973,46711474.22908437,0.23293166541261084,0.7444661215589186
1667,1713,south_africa,0.2,-9.346210479736328,-0.19999999999999973,46711474.22908437,0.23293166541261084,0.7444661215589186
1668,1714,south_africa,0.2,-9.346210479736328,-0.19999999999999973,46711474.22908437,0.23293166541261084,0.7444661215589186
1669,1715,south_africa,0.2,-9.346210479736328,-0.19999999999999973,46711474.22908437,0.23293166541261084,0.7444661215589186
1670,1716,south_africa,0.2,-9.346210479736328,-0.19999999999999973,46711474.22908437,0.23293166541261084,0.7444661215589186
1671,1717,south_africa,0.2,-9.346210479736328,-0.19999999999999973,46711474.22908437,0.23293166541261084,0.7444661215589186
1672,1718,south_africa,0.2,-9.346210479736328,-0.19999999999999973,46711474.22908437,0.23293166541261084,0.7444661215589186
1673,1719,south_africa,0.2,-9.346210479736328,-0.19999999999999973,46711474.22908437,0.23293166541261084,0.7444661215589186
1674,1720,south_africa,0.2,-9.346210479736328,-0.19999999999999973,46711474.22908437,0.23293166541261084,0.7444661215589186
1675,1721,south_africa,0.2,-9.346210479736328,-0.19999999999999973,46711474.22908437,0.23293166541261084,0.7444661215589186
1676,1722,south_africa,0.2,-9.346210479736328,-0.19999999999999973,46711474.22908437,0.23293166541261084,0.7444661215589186
1677,1723,south_africa,0.2,-9.346210479736328,-0.19999999999999973,46711474.22908437,0.23293166541261084,0.7444661215589186
1678,1724,south_africa,0.2,-9.346210479736328,-0.19999999999999973,46711474.22908437,0.23293166541261084,0.7444661215589186
1679,1725,south_africa,0.2,-9.346210479736328,-0.19999999999999973,46711474.22908437,0.23293166541261084,0.7444661215589186
1680,1726,south_africa,0.2,-9.346210479736328,-0.19999999999999973,46711474.22908437,0.23293166541261084,0.7444661215589186
1681,1727,south_africa,0.2,-9.346210479736328,-0.19999999999999973,46711474.22908437,0.23293166541261084,0.7444661215589186
1682,1728,south_africa,0.2,-9.346210479736328,-0.19999999999999973,46711474.22908437,0.23293166541261084,0.7444661215589186
1683,1729,south_africa,0.2,-9.346210479736328,-0.19999999999999973,46711474.22908437,0.23293166541261084,0.7444661215589186
1684,1730,south_africa,0.2,-9.346210479736328,-0.19999999999999973,46711474.22908437,0.23293166541261084,0.7444661215589186
1685,1731,south_africa,0.2,-10.625545501708984,-0.19999999999999973,90342285.54362689,0.21719807933925583,1.023618790732032
1686,1732,south_africa,0.2,-10.625545501708984,-0.19999999999999973,90342285.54362689,0.21719807933925583,1.023618790732032
1687,1733,south_africa,0.2,-10.625545501708984,-0.19999999999999973,90342285.54362689,0.21719807933925583,1.023618790732032
1688,1734,south_africa,0.2,-10.625545501708984,-0.19999999999999973,90342285.54362689,0.21719807933925583,1.023618790732032
1689,1735,south_africa,0.2,-10.625545501708984,-0.19999999999999973,90342285.54362689,0.21719807933925583,1.023618790732032
1690,1736,south_africa,0.2,-10.625545501708984,-0.19999999999999973,90342285.54362689,0.21719807933925583,1.023618790732032
1691,1737,south_africa,0.2,-10.625545501708984,-0.19999999999999973,90342285.54362689,0.21719807933925583,1.023618790732032
1692,1738,south_africa,0.2,-10.625545501708984,-0.19999999999999973,90342285.54362689,0.21719807933925583,1.023618790732032
1693,1739,south_africa,0.2,-10.625545501708984,-0.19999999999999973,90342285.54362689,0.21719807933925583,1.023618790732032
1694,1740,south_africa,0.2,-10.625545501708984,-0.19999999999999973,90342285.54362689,0.21719807933925583,1.023618790732032
1695,1741,south_africa,0.2,-10.625545501708984,-0.19999999999999973,90342285.54362689,0.21719807933925583,1.023618790732032
1696,1742,south_africa,0.4,-8.685599565505981,-0.3999999999999999,80835642.39141122,0.19678019110907394,-2.5186309516365477
1697,1743,south_africa,0.4,-8.685599565505981,-0.3999999999999999,80835642.39141122,0.19678019110907394,-2.5186309516365477
1698,1744,south_africa,0.4,-8.685599565505981,-0.3999999999999999,80835642.39141122,0.19678019110907394,-2.5186309516365477
1699,1745,south_africa,0.4,-8.685599565505981,-0.3999999999999999,80835642.39141122,0.19678019110907394,-2.5186309516365477
1700,1746,south_africa,0.4,-8.685599565505981,-0.3999999999999999,80835642.39141122,0.19678019110907394,-2.5186309516365477
1701,1747,south_africa,0.4,-8.685599565505981,-0.3999999999999999,80835642.39141122,0.19678019110907394,-2.5186309516365477
1702,1748,south_africa,0.4,-8.685599565505981,-0.3999999999999999,80835642.39141122,0.19678019110907394,-2.5186309516365477
1703,1749,south_africa,0.4,-8.685599565505981,-0.3999999999999999,80835642.39141122,0.19678019110907394,-2.5186309516365477
1704,1750,south_africa,0.4,-8.685599565505981,-0.3999999999999999,80835642.39141122,0.19678019110907394,-2.5186309516365477
1705,1751,south_africa,0.4,-8.685599565505981,-0.3999999999999999,80835642.39141122,0.19678019110907394,-2.5186309516365477
1706,1752,south_africa,0.4,-8.685599565505981,-0.3999999999999999,80835642.39141122,0.19678019110907394,-2.5186309516365477
1707,1753,south_africa,0.4,-8.685599565505981,-0.3999999999999999,80835642.39141122,0.19678019110907394,-2.5186309516365477
1708,1754,south_africa,0.4,-8.685599565505981,-0.3999999999999999,80835642.39141122,0.19678019110907394,-2.5186309516365477
1709,1755,south_africa,0.4,-8.685599565505981,-0.3999999999999999,80835642.39141122,0.19678019110907394,-2.5186309516365477
1710,1756,south_africa,0.4,-8.685599565505981,-0.3999999999999999,80835642.39141122,0.19678019110907394,-2.5186309516365477
1711,1757,south_africa,0.4,-8.685599565505981,-0.3999999999999999,80835642.39141122,0.19678019110907394,-2.5186309516365477
1712,1758,south_africa,0.4,-8.685599565505981,-0.3999999999999999,80835642.39141122,0.19678019110907394,-2.5186309516365477
1713,1759,south_africa,0.4,-8.685599565505981,-0.3999999999999999,80835642.39141122,0.19678019110907394,-2.5186309516365477
1714,1760,south_africa,0.4,-8.685599565505981,-0.3999999999999999,80835642.39141122,0.19678019110907394,-2.5186309516365477
1715,1761,south_africa,0.4,-8.685599565505981,-0.3999999999999999,80835642.39141122,0.19678019110907394,-2.5186309516365477
1716,1762,south_africa,0.4,-8.685599565505981,-0.3999999999999999,80835642.39141122,0.19678019110907394,-2.5186309516365477
1717,1763,south_africa,0.4,-8.685599565505981,-0.3999999999999999,80835642.39141122,0.19678019110907394,-2.5186309516365477
1718,1764,south_africa,0.4,-8.685599565505981,-0.3999999999999999,80835642.39141122,0.19678019110907394,-2.5186309516365477
1719,1765,south_africa,0.4,-8.685599565505981,-0.3999999999999999,80835642.39141122,0.19678019110907394,-2.5186309516365477
1720,1766,south_africa,0.4,-8.685599565505981,-0.3999999999999999,80835642.39141122,0.19678019110907394,-2.5186309516365477
1721,1767,south_africa,0.4,-8.685599565505981,-0.3999999999999999,80835642.39141122,0.19678019110907394,-2.5186309516365477
1722,1768,south_africa,0.4,-8.685599565505981,-0.3999999999999999,80835642.39141122,0.19678019110907394,-2.5186309516365477
1723,1769,south_africa,0.4,-8.685599565505981,-0.3999999999999999,80835642.39141122,0.19678019110907394,-2.5186309516365477
1724,1770,south_africa,0.4,-8.685599565505981,-0.3999999999999999,80835642.39141122,0.19678019110907394,-2.5186309516365477
1725,1771,south_africa,0.4,-8.685599565505981,-0.3999999999999999,80835642.39141122,0.19678019110907394,-2.5186309516365477
1726,1772,south_africa,0.4,-8.685599565505981,-0.3999999999999999,80835642.39141122,0.19678019110907394,-2.5186309516365477
1727,1773,south_africa,0.4,-8.685599565505981,-0.3999999999999999,80835642.39141122,0.19678019110907394,-2.5186309516365477
1728,1774,south_africa,0.4,-8.685599565505981,-0.3999999999999999,80835642.39141122,0.19678019110907394,-2.5186309516365477
1729,1775,south_africa,0.4,-8.685599565505981,-0.3999999999999999,80835642.39141122,0.19678019110907394,-2.5186309516365477
1730,1776,south_africa,0.4,-8.685599565505981,-0.3999999999999999,80835642.39141122,0.19678019110907394,-2.5186309516365477
1731,1777,south_africa,0.4,-8.685599565505981,-0.3999999999999999,80835642.39141122,0.19678019110907394,-2.5186309516365477
1732,1778,south_africa,0.4,-8.685599565505981,-0.3999999999999999,80835642.39141122,0.19678019110907394,-2.5186309516365477
1733,1779,south_africa,0.4,-8.685599565505981,-0.3999999999999999,80835642.39141122,0.19678019110907394,-2.5186309516365477
1734,1780,south_africa,0.4,-8.685599565505981,-0.3999999999999999,80835642.39141122,0.19678019110907394,-2.5186309516365477
1735,1781,south_africa,0.4,-8.685599565505981,-0.3999999999999999,80835642.39141122,0.19678019110907394,-2.5186309516365477
1736,1782,south_africa,0.4,-11.391603469848633,-0.3999999999999999,62562294.44551508,0.213177637907311,0.21434861131189373
1737,1784,south_africa,0.4,-11.391603469848633,-0.3999999999999999,62562294.44551508,0.213177637907311,0.21434861131189373
1738,1785,south_africa,0.4,-11.391603469848633,-0.3999999999999999,62562294.44551508,0.213177637907311,0.21434861131189373
1739,1786,south_africa,0.4,-11.391603469848633,-0.3999999999999999,62562294.44551508,0.213177637907311,0.21434861131189373
1740,1787,south_africa,0.4,-11.391603469848633,-0.3999999999999999,62562294.44551508,0.213177637907311,0.21434861131189373
1741,1789,south_africa,0.4,-11.391603469848633,-0.3999999999999999,62562294.44551508,0.213177637907311,0.21434861131189373
1742,1790,south_africa,0.4,-11.391603469848633,-0.3999999999999999,62562294.44551508,0.213177637907311,0.21434861131189373
1743,1791,south_africa,0.4,-11.391603469848633,-0.3999999999999999,62562294.44551508,0.213177637907311,0.21434861131189373
1744,1792,south_africa,0.4,-11.391603469848633,-0.3999999999999999,62562294.44551508,0.213177637907311,0.21434861131189373
1745,1793,south_africa,0.4,-11.391603469848633,-0.3999999999999999,62562294.44551508,0.213177637907311,0.21434861131189373
1746,1795,south_africa,0.4,-11.391603469848633,-0.3999999999999999,62562294.44551508,0.213177637907311,0.21434861131189373
1747,1796,south_africa,0.4,-11.391603469848633,-0.3999999999999999,62562294.44551508,0.213177637907311,0.21434861131189373
1748,1797,south_africa,0.4,-11.391603469848633,-0.3999999999999999,62562294.44551508,0.213177637907311,0.21434861131189373
1749,1798,south_africa,0.4,-11.391603469848633,-0.3999999999999999,62562294.44551508,0.213177637907311,0.21434861131189373
1750,1799,south_africa,0.4,-11.391603469848633,-0.3999999999999999,62562294.44551508,0.213177637907311,0.21434861131189373
1751,1800,south_africa,0.4,-11.391603469848633,-0.3999999999999999,62562294.44551508,0.213177637907311,0.21434861131189373
1752,1801,south_africa,0.4,-11.391603469848633,-0.3999999999999999,62562294.44551508,0.213177637907311,0.21434861131189373
1753,1802,south_africa,0.4,-11.391603469848633,-0.3999999999999999,62562294.44551508,0.213177637907311,0.21434861131189373
1754,1803,south_africa,0.4,-11.391603469848633,-0.3999999999999999,62562294.44551508,0.213177637907311,0.21434861131189373
1755,1804,south_africa,0.4,-11.391603469848633,-0.3999999999999999,62562294.44551508,0.213177637907311,0.21434861131189373
1756,1805,south_africa,0.4,-11.391603469848633,-0.3999999999999999,62562294.44551508,0.213177637907311,0.21434861131189373
1757,1806,south_africa,0.4,-11.391603469848633,-0.3999999999999999,62562294.44551508,0.213177637907311,0.21434861131189373
1758,1807,south_africa,0.4,-11.391603469848633,-0.3999999999999999,62562294.44551508,0.213177637907311,0.21434861131189373
1759,1808,south_africa,0.4,-11.391603469848633,-0.3999999999999999,62562294.44551508,0.213177637907311,0.21434861131189373
1760,1809,south_africa,0.4,-11.391603469848633,-0.3999999999999999,62562294.44551508,0.213177637907311,0.21434861131189373
1761,1810,south_africa,0.4,-11.391603469848633,-0.3999999999999999,62562294.44551508,0.213177637907311,0.21434861131189373
1762,1812,south_africa,0.4,-11.391603469848633,-0.3999999999999999,62562294.44551508,0.213177637907311,0.21434861131189373
1763,1813,south_africa,0.4,-11.391603469848633,-0.3999999999999999,62562294.44551508,0.213177637907311,0.21434861131189373
1764,1815,south_africa,0.4,-11.391603469848633,-0.3999999999999999,62562294.44551508,0.213177637907311,0.21434861131189373
1765,1816,south_africa,0.4,-11.391603469848633,-0.3999999999999999,62562294.44551508,0.213177637907311,0.21434861131189373
1766,1817,south_africa,0.4,-11.391603469848633,-0.3999999999999999,62562294.44551508,0.213177637907311,0.21434861131189373
1767,1818,south_africa,0.4,-11.391603469848633,-0.3999999999999999,62562294.44551508,0.213177637907311,0.21434861131189373
1768,1819,south_africa,0.4,-11.391603469848633,-0.3999999999999999,62562294.44551508,0.213177637907311,0.21434861131189373
1769,1820,south_africa,0.4,-11.391603469848633,-0.3999999999999999,62562294.44551508,0.213177637907311,0.21434861131189373
1770,1821,south_africa,0.4,-11.391603469848633,-0.3999999999999999,62562294.44551508,0.213177637907311,0.21434861131189373
1771,1822,south_africa,0.4,-11.391603469848633,-0.3999999999999999,62562294.44551508,0.213177637907311,0.21434861131189373
1772,1823,south_africa,0.4,-11.391603469848633,-0.3999999999999999,62562294.44551508,0.213177637907311,0.21434861131189373
1773,1824,south_africa,0.4,-11.391603469848633,-0.3999999999999999,62562294.44551508,0.213177637907311,0.21434861131189373
1774,1825,south_africa,0.4,-11.391603469848633,-0.3999999999999999,62562294.44551508,0.213177637907311,0.21434861131189373
1775,1826,south_africa,0.4,-11.391603469848633,-0.3999999999999999,62562294.44551508,0.213177637907311,0.21434861131189373
1776,1827,south_africa,0.4,-11.391603469848633,-0.3999999999999999,62562294.44551508,0.213177637907311,0.21434861131189373
1777,1828,south_africa,0.4,-11.391603469848633,-0.3999999999999999,62562294.44551508,0.213177637907311,0.21434861131189373
1778,1829,south_africa,0.4,-11.391603469848633,-0.3999999999999999,62562294.44551508,0.213177637907311,0.21434861131189373
1779,1830,south_africa,0.4,-11.391603469848633,-0.3999999999999999,62562294.44551508,0.213177637907311,0.21434861131189373
1780,1831,south_africa,0.4,-11.391603469848633,-0.3999999999999999,62562294.44551508,0.213177637907311,0.21434861131189373
1781,1832,south_africa,0.4,-11.391603469848633,-0.3999999999999999,62562294.44551508,0.213177637907311,0.21434861131189373
1782,1833,south_africa,0.4,-11.391603469848633,-0.3999999999999999,62562294.44551508,0.213177637907311,0.21434861131189373
1783,1834,south_africa,0.4,-11.391603469848633,-0.3999999999999999,62562294.44551508,0.213177637907311,0.21434861131189373
1784,1835,south_africa,0.4,-11.391603469848633,-0.3999999999999999,62562294.44551508,0.213177637907311,0.21434861131189373
1785,1836,south_africa,0.4,-11.391603469848633,-0.3999999999999999,62562294.44551508,0.213177637907311,0.21434861131189373
1786,1837,south_africa,0.4,-11.391603469848633,-0.3999999999999999,62562294.44551508,0.213177637907311,0.21434861131189373
1787,1838,south_africa,0.4,-11.391603469848633,-0.3999999999999999,62562294.44551508,0.213177637907311,0.21434861131189373
1788,1839,south_africa,0.4,-11.391603469848633,-0.3999999999999999,62562294.44551508,0.213177637907311,0.21434861131189373
1789,1840,south_africa,0.4,-11.391603469848633,-0.3999999999999999,62562294.44551508,0.213177637907311,0.21434861131189373
1790,1841,south_africa,0.4,-11.391603469848633,-0.3999999999999999,62562294.44551508,0.213177637907311,0.21434861131189373
1791,1843,south_africa,0.4,-11.391603469848633,-0.3999999999999999,62562294.44551508,0.213177637907311,0.21434861131189373
1792,1844,south_africa,0.4,-11.391603469848633,-0.3999999999999999,62562294.44551508,0.213177637907311,0.21434861131189373
1793,1845,south_africa,0.4,-11.391603469848633,-0.3999999999999999,62562294.44551508,0.213177637907311,0.21434861131189373
1794,1846,south_africa,0.4,-11.391603469848633,-0.3999999999999999,62562294.44551508,0.213177637907311,0.21434861131189373
1795,1847,south_africa,0.4,-11.391603469848633,-0.3999999999999999,62562294.44551508,0.213177637907311,0.21434861131189373
1796,1848,south_africa,0.4,-11.391603469848633,-0.3999999999999999,62562294.44551508,0.213177637907311,0.21434861131189373
1797,1849,south_africa,0.4,-11.391603469848633,-0.3999999999999999,62562294.44551508,0.213177637907311,0.21434861131189373
1798,1850,south_africa,0.4,-11.391603469848633,-0.3999999999999999,62562294.44551508,0.213177637907311,0.21434861131189373
1799,1851,south_africa,0.4,-11.391603469848633,-0.3999999999999999,62562294.44551508,0.213177637907311,0.21434861131189373
1800,1852,south_africa,0.4,-6.196373164653778,-0.3999999999999999,40856742.53354409,0.21909877366428718,-1.3294370853401727
1801,1853,south_africa,0.4,-6.196373164653778,-0.3999999999999999,40856742.53354409,0.21909877366428718,-1.3294370853401727
1802,1854,south_africa,0.4,-6.196373164653778,-0.3999999999999999,40856742.53354409,0.21909877366428718,-1.3294370853401727
1803,1855,south_africa,0.4,-6.196373164653778,-0.3999999999999999,40856742.53354409,0.21909877366428718,-1.3294370853401727
1804,1856,south_africa,0.4,-6.196373164653778,-0.3999999999999999,40856742.53354409,0.21909877366428718,-1.3294370853401727
1805,1857,south_africa,0.4,-6.196373164653778,-0.3999999999999999,40856742.53354409,0.21909877366428718,-1.3294370853401727
1806,1858,south_africa,0.4,-6.196373164653778,-0.3999999999999999,40856742.53354409,0.21909877366428718,-1.3294370853401727
1807,1859,south_africa,0.4,-6.196373164653778,-0.3999999999999999,40856742.53354409,0.21909877366428718,-1.3294370853401727
1808,1860,south_africa,0.4,-6.196373164653778,-0.3999999999999999,40856742.53354409,0.21909877366428718,-1.3294370853401727
1809,1861,south_africa,0.4,-6.196373164653778,-0.3999999999999999,40856742.53354409,0.21909877366428718,-1.3294370853401727
1810,1862,south_africa,0.4,-6.196373164653778,-0.3999999999999999,40856742.53354409,0.21909877366428718,-1.3294370853401727
1811,1863,south_africa,0.4,-6.196373164653778,-0.3999999999999999,40856742.53354409,0.21909877366428718,-1.3294370853401727
1812,1864,south_africa,0.4,-6.196373164653778,-0.3999999999999999,40856742.53354409,0.21909877366428718,-1.3294370853401727
1813,1865,south_africa,0.4,-6.196373164653778,-0.3999999999999999,40856742.53354409,0.21909877366428718,-1.3294370853401727
1814,1866,south_africa,0.4,-6.196373164653778,-0.3999999999999999,40856742.53354409,0.21909877366428718,-1.3294370853401727
1815,1867,south_africa,0.4,-6.196373164653778,-0.3999999999999999,40856742.53354409,0.21909877366428718,-1.3294370853401727
1816,1868,south_africa,0.4,-6.196373164653778,-0.3999999999999999,40856742.53354409,0.21909877366428718,-1.3294370853401727
1817,1869,south_africa,0.4,-6.196373164653778,-0.3999999999999999,40856742.53354409,0.21909877366428718,-1.3294370853401727
1818,1870,south_africa,0.4,-6.196373164653778,-0.3999999999999999,40856742.53354409,0.21909877366428718,-1.3294370853401727
1819,1871,south_africa,0.4,-6.196373164653778,-0.3999999999999999,40856742.53354409,0.21909877366428718,-1.3294370853401727
1820,1872,south_africa,0.4,-6.196373164653778,-0.3999999999999999,40856742.53354409,0.21909877366428718,-1.3294370853401727
1821,1873,south_africa,0.4,-6.196373164653778,-0.3999999999999999,40856742.53354409,0.21909877366428718,-1.3294370853401727
1822,1874,south_africa,0.4,-6.196373164653778,-0.3999999999999999,40856742.53354409,0.21909877366428718,-1.3294370853401727
1823,1875,south_africa,0.4,-6.196373164653778,-0.3999999999999999,40856742.53354409,0.21909877366428718,-1.3294370853401727
1824,1876,south_africa,0.4,-6.196373164653778,-0.3999999999999999,40856742.53354409,0.21909877366428718,-1.3294370853401727
1825,1878,south_africa,0.4,-6.196373164653778,-0.3999999999999999,40856742.53354409,0.21909877366428718,-1.3294370853401727
1826,1879,south_africa,0.4,-6.196373164653778,-0.3999999999999999,40856742.53354409,0.21909877366428718,-1.3294370853401727
1827,1880,south_africa,0.4,-6.196373164653778,-0.3999999999999999,40856742.53354409,0.21909877366428718,-1.3294370853401727
1828,1881,south_africa,0.4,-6.196373164653778,-0.3999999999999999,40856742.53354409,0.21909877366428718,-1.3294370853401727
1829,1882,south_africa,0.4,-6.196373164653778,-0.3999999999999999,40856742.53354409,0.21909877366428718,-1.3294370853401727
1830,1883,south_africa,0.4,-6.196373164653778,-0.3999999999999999,40856742.53354409,0.21909877366428718,-1.3294370853401727
1831,1884,south_africa,0.4,-6.196373164653778,-0.3999999999999999,40856742.53354409,0.21909877366428718,-1.3294370853401727
1832,1885,south_africa,0.4,-6.196373164653778,-0.3999999999999999,40856742.53354409,0.21909877366428718,-1.3294370853401727
1833,1886,south_africa,0.4,-6.196373164653778,-0.3999999999999999,40856742.53354409,0.21909877366428718,-1.3294370853401727
1834,1887,south_africa,0.4,-6.196373164653778,-0.3999999999999999,40856742.53354409,0.21909877366428718,-1.3294370853401727
1835,1888,south_africa,0.4,-6.196373164653778,-0.3999999999999999,40856742.53354409,0.21909877366428718,-1.3294370853401727
1836,1890,south_africa,0.4,-6.196373164653778,-0.3999999999999999,40856742.53354409,0.21909877366428718,-1.3294370853401727
1837,1891,south_africa,0.4,-6.196373164653778,-0.3999999999999999,40856742.53354409,0.21909877366428718,-1.3294370853401727
1838,1892,south_africa,0.4,-6.196373164653778,-0.3999999999999999,40856742.53354409,0.21909877366428718,-1.3294370853401727
1839,1893,south_africa,0.4,-6.196373164653778,-0.3999999999999999,40856742.53354409,0.21909877366428718,-1.3294370853401727
1840,1894,south_africa,0.4,-6.196373164653778,-0.3999999999999999,40856742.53354409,0.21909877366428718,-1.3294370853401727
1841,1895,south_africa,0.4,-6.196373164653778,-0.3999999999999999,40856742.53354409,0.21909877366428718,-1.3294370853401727
1842,1896,south_africa,0.4,-6.196373164653778,-0.3999999999999999,40856742.53354409,0.21909877366428718,-1.3294370853401727
1843,1897,south_africa,0.4,-6.196373164653778,-0.3999999999999999,40856742.53354409,0.21909877366428718,-1.3294370853401727
1844,1898,south_africa,0.4,-6.196373164653778,-0.3999999999999999,40856742.53354409,0.21909877366428718,-1.3294370853401727
1845,1899,south_africa,0.4,-6.196373164653778,-0.3999999999999999,40856742.53354409,0.21909877366428718,-1.3294370853401727
1846,1901,south_africa,0.4,-6.196373164653778,-0.3999999999999999,40856742.53354409,0.21909877366428718,-1.3294370853401727
1847,1902,south_africa,0.4,-6.196373164653778,-0.3999999999999999,40856742.53354409,0.21909877366428718,-1.3294370853401727
1848,1903,south_africa,0.4,-6.196373164653778,-0.3999999999999999,40856742.53354409,0.21909877366428718,-1.3294370853401727
1849,1904,south_africa,0.4,-6.196373164653778,-0.3999999999999999,40856742.53354409,0.21909877366428718,-1.3294370853401727
1850,1906,south_africa,0.4,-6.196373164653778,-0.3999999999999999,40856742.53354409,0.21909877366428718,-1.3294370853401727
1851,1907,south_africa,0.4,-6.196373164653778,-0.3999999999999999,40856742.53354409,0.21909877366428718,-1.3294370853401727
1852,1908,south_africa,0.4,-6.196373164653778,-0.3999999999999999,40856742.53354409,0.21909877366428718,-1.3294370853401727
1853,1909,south_africa,0.4,-6.196373164653778,-0.3999999999999999,40856742.53354409,0.21909877366428718,-1.3294370853401727
1854,1910,south_africa,0.4,-6.196373164653778,-0.3999999999999999,40856742.53354409,0.21909877366428718,-1.3294370853401727
1855,1911,south_africa,0.4,-6.196373164653778,-0.3999999999999999,40856742.53354409,0.21909877366428718,-1.3294370853401727
1856,1912,south_africa,0.4,-6.196373164653778,-0.3999999999999999,40856742.53354409,0.21909877366428718,-1.3294370853401727
1857,1913,south_africa,0.4,-6.196373164653778,-0.3999999999999999,40856742.53354409,0.21909877366428718,-1.3294370853401727
1858,1914,south_africa,0.4,-6.196373164653778,-0.3999999999999999,40856742.53354409,0.21909877366428718,-1.3294370853401727
1859,1915,south_africa,0.4,-6.196373164653778,-0.3999999999999999,40856742.53354409,0.21909877366428718,-1.3294370853401727
1860,1916,south_africa,0.4,-6.196373164653778,-0.3999999999999999,40856742.53354409,0.21909877366428718,-1.3294370853401727
1861,1917,south_africa,0.4,-6.196373164653778,-0.3999999999999999,40856742.53354409,0.21909877366428718,-1.3294370853401727
1862,1918,south_africa,0.4,-6.196373164653778,-0.3999999999999999,40856742.53354409,0.21909877366428718,-1.3294370853401727
1863,1919,south_africa,0.4,-6.196373164653778,-0.3999999999999999,40856742.53354409,0.21909877366428718,-1.3294370853401727
1864,1920,south_africa,0.4,-6.196373164653778,-0.3999999999999999,40856742.53354409,0.21909877366428718,-1.3294370853401727
1865,1921,south_africa,0.4,-6.196373164653778,-0.3999999999999999,40856742.53354409,0.21909877366428718,-1.3294370853401727
1866,1922,south_africa,0.2,-11.583758354187012,-0.19999999999999973,90342285.54362689,0.20588173359727419,-0.5408125461514578
1867,1923,south_africa,0.2,-11.583758354187012,-0.19999999999999973,90342285.54362689,0.20588173359727419,-0.5408125461514578
1868,1924,south_africa,0.2,-11.583758354187012,-0.19999999999999973,90342285.54362689,0.20588173359727419,-0.5408125461514578
1869,1925,south_africa,0.2,-11.583758354187012,-0.19999999999999973,90342285.54362689,0.20588173359727419,-0.5408125461514578
1870,1926,south_africa,0.2,-11.583758354187012,-0.19999999999999973,90342285.54362689,0.20588173359727419,-0.5408125461514578
1871,1927,south_africa,0.2,-11.583758354187012,-0.19999999999999973,90342285.54362689,0.20588173359727419,-0.5408125461514578
1872,1928,south_africa,0.2,-11.583758354187012,-0.19999999999999973,90342285.54362689,0.20588173359727419,-0.5408125461514578
1873,1929,south_africa,0.2,-11.583758354187012,-0.19999999999999973,90342285.54362689,0.20588173359727419,-0.5408125461514578
1874,1930,south_africa,0.2,-11.583758354187012,-0.19999999999999973,90342285.54362689,0.20588173359727419,-0.5408125461514578
1875,1931,south_africa,0.2,-11.583758354187012,-0.19999999999999973,90342285.54362689,0.20588173359727419,-0.5408125461514578
1876,1932,south_africa,0.2,-11.583758354187012,-0.19999999999999973,90342285.54362689,0.20588173359727419,-0.5408125461514578
1877,1933,south_africa,0.2,-11.583758354187012,-0.19999999999999973,90342285.54362689,0.20588173359727419,-0.5408125461514578
1878,1934,south_africa,0.2,-11.583758354187012,-0.19999999999999973,90342285.54362689,0.20588173359727419,-0.5408125461514578
1879,1935,south_africa,0.2,-11.583758354187012,-0.19999999999999973,90342285.54362689,0.20588173359727419,-0.5408125461514578
1880,1936,south_africa,0.2,-11.583758354187012,-0.19999999999999973,90342285.54362689,0.20588173359727419,-0.5408125461514578
1881,1937,south_africa,0.2,-11.583758354187012,-0.19999999999999973,90342285.54362689,0.20588173359727419,-0.5408125461514578
1882,1938,south_africa,0.2,-11.583758354187012,-0.19999999999999973,90342285.54362689,0.20588173359727419,-0.5408125461514578
1883,1939,south_africa,0.2,-11.583758354187012,-0.19999999999999973,90342285.54362689,0.20588173359727419,-0.5408125461514578
1884,1940,south_africa,0.2,-11.583758354187012,-0.19999999999999973,90342285.54362689,0.20588173359727419,-0.5408125461514578
1885,1941,south_africa,0.2,-11.583758354187012,-0.19999999999999973,90342285.54362689,0.20588173359727419,-0.5408125461514578
1886,1942,south_africa,0.2,-11.583758354187012,-0.19999999999999973,90342285.54362689,0.20588173359727419,-0.5408125461514578
1887,1943,south_africa,0.2,-11.583758354187012,-0.19999999999999973,90342285.54362689,0.20588173359727419,-0.5408125461514578
1888,1944,south_africa,0.2,-11.583758354187012,-0.19999999999999973,90342285.54362689,0.20588173359727419,-0.5408125461514578
1889,1945,south_africa,0.2,-11.583758354187012,-0.19999999999999973,90342285.54362689,0.20588173359727419,-0.5408125461514578
1890,1946,south_africa,0.2,-11.583758354187012,-0.19999999999999973,90342285.54362689,0.20588173359727419,-0.5408125461514578
1891,1947,south_africa,0.2,-11.583758354187012,-0.19999999999999973,90342285.54362689,0.20588173359727419,-0.5408125461514578
1892,1949,south_africa,0.2,-11.583758354187012,-0.19999999999999973,90342285.54362689,0.20588173359727419,-0.5408125461514578
1893,1950,south_africa,0.2,-11.583758354187012,-0.19999999999999973,90342285.54362689,0.20588173359727419,-0.5408125461514578
1894,1951,south_africa,0.2,-11.583758354187012,-0.19999999999999973,90342285.54362689,0.20588173359727419,-0.5408125461514578
1895,1952,south_africa,0.2,-11.583758354187012,-0.19999999999999973,90342285.54362689,0.20588173359727419,-0.5408125461514578
1896,1953,south_africa,0.2,-11.583758354187012,-0.19999999999999973,90342285.54362689,0.20588173359727419,-0.5408125461514578
1897,1954,south_africa,0.2,-11.583758354187012,-0.19999999999999973,90342285.54362689,0.20588173359727419,-0.5408125461514578
1898,1955,south_africa,0.2,-11.583758354187012,-0.19999999999999973,90342285.54362689,0.20588173359727419,-0.5408125461514578
1899,1956,south_africa,0.2,-11.583758354187012,-0.19999999999999973,90342285.54362689,0.20588173359727419,-0.5408125461514578
1900,1957,south_africa,0.2,-11.583758354187012,-0.19999999999999973,90342285.54362689,0.20588173359727419,-0.5408125461514578
1901,1958,south_africa,0.2,-11.764562606811523,-0.19999999999999973,90460854.7523826,0.21081003647249963,-2.31243039083342
1902,1959,south_africa,0.2,-11.764562606811523,-0.19999999999999973,90460854.7523826,0.21081003647249963,-2.31243039083342
1903,1960,south_africa,0.2,-11.764562606811523,-0.19999999999999973,90460854.7523826,0.21081003647249963,-2.31243039083342
1904,1961,south_africa,0.2,-11.764562606811523,-0.19999999999999973,90460854.7523826,0.21081003647249963,-2.31243039083342
1905,1962,south_africa,0.2,-11.764562606811523,-0.19999999999999973,90460854.7523826,0.21081003647249963,-2.31243039083342
1906,1963,south_africa,0.2,-11.764562606811523,-0.19999999999999973,90460854.7523826,0.21081003647249963,-2.31243039083342
1907,1964,south_africa,0.2,-11.764562606811523,-0.19999999999999973,90460854.7523826,0.21081003647249963,-2.31243039083342
1908,1965,south_africa,0.2,-11.764562606811523,-0.19999999999999973,90460854.7523826,0.21081003647249963,-2.31243039083342
1909,1966,south_africa,0.2,-11.764562606811523,-0.19999999999999973,90460854.7523826,0.21081003647249963,-2.31243039083342
1910,1967,south_africa,0.2,-11.764562606811523,-0.19999999999999973,90460854.7523826,0.21081003647249963,-2.31243039083342
1911,1968,south_africa,0.2,-11.764562606811523,-0.19999999999999973,90460854.7523826,0.21081003647249963,-2.31243039083342
1912,1969,south_africa,0.2,-11.764562606811523,-0.19999999999999973,90460854.7523826,0.21081003647249963,-2.31243039083342
1913,1970,south_africa,0.2,-11.764562606811523,-0.19999999999999973,90460854.7523826,0.21081003647249963,-2.31243039083342
1914,1971,south_africa,0.2,-11.764562606811523,-0.19999999999999973,90460854.7523826,0.21081003647249963,-2.31243039083342
1915,1972,south_africa,0.2,-11.764562606811523,-0.19999999999999973,90460854.7523826,0.21081003647249963,-2.31243039083342
1916,1973,south_africa,0.2,-11.764562606811523,-0.19999999999999973,90460854.7523826,0.21081003647249963,-2.31243039083342
1917,1974,south_africa,0.2,-11.764562606811523,-0.19999999999999973,90460854.7523826,0.21081003647249963,-2.31243039083342
1918,1975,south_africa,0.2,-11.764562606811523,-0.19999999999999973,90460854.7523826,0.21081003647249963,-2.31243039083342
1919,1976,south_africa,,,,,,
1920,1977,south_africa,,,,,,
1921,1978,south_africa,,,,,,
1922,1979,south_africa,,,,,,
1923,1980,south_africa,,,,,,
1924,1981,south_africa,,,,,,
1925,1982,south_africa,0.6,-6.806057453155518,0.06666666666666665,93203971.1957959,0.23881879530111966,-0.5705440093891452
1926,1983,south_africa,0.6,-6.806057453155518,0.06666666666666665,93203971.1957959,0.23881879530111966,-0.5705440093891452
1927,1985,south_africa,0.6,-6.806057453155518,0.06666666666666665,93203971.1957959,0.23881879530111966,-0.5705440093891452
1928,1986,south_africa,0.6,-6.806057453155518,0.06666666666666665,93203971.1957959,0.23881879530111966,-0.5705440093891452
1929,1987,south_africa,0.6,-6.806057453155518,0.06666666666666665,93203971.1957959,0.23881879530111966,-0.5705440093891452
1930,1988,south_africa,0.6,-6.806057453155518,0.06666666666666665,93203971.1957959,0.23881879530111966,-0.5705440093891452
1931,1989,south_africa,0.8,-4.094201743602753,0.20000000000000018,102888551.10136655,0.24954281058042352,0.02956891090465441
1932,1990,south_africa,0.8,-4.094201743602753,0.20000000000000018,102888551.10136655,0.24954281058042352,0.02956891090465441
1933,1991,south_africa,0.8,-4.094201743602753,0.20000000000000018,102888551.10136655,0.24954281058042352,0.02956891090465441
1934,1992,south_africa,0.8,-4.094201743602753,0.20000000000000018,102888551.10136655,0.24954281058042352,0.02956891090465441
1935,1993,south_africa,0.8,-4.094201743602753,0.20000000000000018,102888551.10136655,0.24954281058042352,0.02956891090465441
1936,1994,south_africa,0.8,-4.094201743602753,0.20000000000000018,102888551.10136655,0.24954281058042352,0.02956891090465441
1937,1995,south_africa,0.8,-4.094201743602753,0.20000000000000018,102888551.10136655,0.24954281058042352,0.02956891090465441
1938,1996,south_africa,0.8,-4.094201743602753,0.20000000000000018,102888551.10136655,0.24954281058042352,0.02956891090465441
1939,1997,south_africa,0.8,-4.094201743602753,0.20000000000000018,102888551.10136655,0.24954281058042352,0.02956891090465441
1940,1998,south_africa,0.8,-4.094201743602753,0.20000000000000018,102888551.10136655,0.24954281058042352,0.02956891090465441
1941,1999,south_africa,0.8,-4.094201743602753,0.20000000000000018,102888551.10136655,0.24954281058042352,0.02956891090465441
1942,2000,south_africa,0.8,-4.094201743602753,0.20000000000000018,102888551.10136655,0.24954281058042352,0.02956891090465441
1943,2001,south_africa,0.8,-4.094201743602753,0.20000000000000018,102888551.10136655,0.24954281058042352,0.02956891090465441
1944,2002,south_africa,0.8,-4.094201743602753,0.20000000000000018,102888551.10136655,0.24954281058042352,0.02956891090465441
1945,2003,south_africa,0.8,-4.094201743602753,0.20000000000000018,102888551.10136655,0.24954281058042352,0.02956891090465441
1946,2004,south_africa,0.8,-4.094201743602753,0.20000000000000018,102888551.10136655,0.24954281058042352,0.02956891090465441
1947,2005,south_africa,0.8,-4.094201743602753,0.20000000000000018,102888551.10136655,0.24954281058042352,0.02956891090465441
1948,2006,south_africa,0.8,-4.094201743602753,0.20000000000000018,102888551.10136655,0.24954281058042352,0.02956891090465441
1949,2007,south_africa,0.8,-4.094201743602753,0.20000000000000018,102888551.10136655,0.24954281058042352,0.02956891090465441
1950,2008,south_africa,0.8,-4.094201743602753,0.20000000000000018,102888551.10136655,0.24954281058042352,0.02956891090465441
1951,2009,south_africa,0.8,-4.094201743602753,0.20000000000000018,102888551.10136655,0.24954281058042352,0.02956891090465441
1952,2010,south_africa,0.8,-4.094201743602753,0.20000000000000018,102888551.10136655,0.24954281058042352,0.02956891090465441
1953,2011,south_africa,0.8,-4.094201743602753,0.20000000000000018,102888551.10136655,0.24954281058042352,0.02956891090465441
1954,2012,south_africa,0.8,-4.094201743602753,0.20000000000000018,102888551.10136655,0.24954281058042352,0.02956891090465441
1955,2013,south_africa,0.8,-4.094201743602753,0.20000000000000018,102888551.10136655,0.24954281058042352,0.02956891090465441
1956,2014,south_africa,0.8,-4.094201743602753,0.20000000000000018,102888551.10136655,0.24954281058042352,0.02956891090465441
1957,2015,south_africa,0.2,-16.097476959228516,-0.19999999999999973,83960093.27069236,0.21798848824982064,-6.2231415758135284
1958,2016,south_africa,0.2,-16.097476959228516,-0.19999999999999973,83960093.27069236,0.21798848824982064,-6.2231415758135284
1959,2017,south_africa,0.2,-16.097476959228516,-0.19999999999999973,83960093.27069236,0.21798848824982064,-6.2231415758135284
1960,2018,south_africa,0.2,-16.097476959228516,-0.19999999999999973,83960093.27069236,0.21798848824982064,-6.2231415758135284
1961,2019,south_africa,0.2,-16.097476959228516,-0.19999999999999973,83960093.27069236,0.21798848824982064,-6.2231415758135284
1962,2020,south_africa,0.2,-16.097476959228516,-0.19999999999999973,83960093.27069236,0.21798848824982064,-6.2231415758135284
1963,2021,south_africa,0.2,-16.097476959228516,-0.19999999999999973,83960093.27069236,0.21798848824982064,-6.2231415758135284
1964,2022,south_africa,0.2,-16.097476959228516,-0.19999999999999973,83960093.27069236,0.21798848824982064,-6.2231415758135284
1965,2023,south_africa,0.2,-16.097476959228516,-0.19999999999999973,83960093.27069236,0.21798848824982064,-6.2231415758135284
1966,2024,south_africa,0.2,-16.097476959228516,-0.19999999999999973,83960093.27069236,0.21798848824982064,-6.2231415758135284
1967,2026,south_africa,0.2,-16.097476959228516,-0.19999999999999973,83960093.27069236,0.21798848824982064,-6.2231415758135284
