,house,country,frequency,severity,dispersion,area,NDVI_mean,SVI_severity
0,1,senegal,0.8,-11.035107990105947,0.7000000000000004,456601754.39662856,0.26081066048879575,-0.25600785640358414
1,2,senegal,0.8,-11.035107990105947,0.7000000000000004,456601754.39662856,0.26081066048879575,-0.25600785640358414
2,3,senegal,0.8,-11.035107990105947,0.7000000000000004,456601754.39662856,0.26081066048879575,-0.25600785640358414
3,4,senegal,0.8,-11.035107990105947,0.7000000000000004,456601754.39662856,0.26081066048879575,-0.25600785640358414
4,5,senegal,0.8,-11.035107990105947,0.7000000000000004,456601754.39662856,0.26081066048879575,-0.25600785640358414
5,6,senegal,0.8,-11.035107990105947,0.7000000000000004,456601754.39662856,0.26081066048879575,-0.25600785640358414
6,7,senegal,0.8,-11.035107990105947,0.7000000000000004,456601754.39662856,0.26081066048879575,-0.25600785640358414
7,8,senegal,0.8,-11.035107990105947,0.7000000000000004,456601754.39662856,0.26081066048879575,-0.25600785640358414
8,9,senegal,0.8,-11.035107990105947,0.7000000000000004,456601754.39662856,0.26081066048879575,-0.25600785640358414
9,10,senegal,0.8,-11.035107990105947,0.7000000000000004,456601754.39662856,0.26081066048879575,-0.25600785640358414
10,11,senegal,0.8,-8.782543381055197,-0.29999999999999993,512412637.56764907,0.25546881562277934,-2.451237175238454
11,12,senegal,0.8,-8.782543381055197,-0.29999999999999993,512412637.56764907,0.25546881562277934,-2.451237175238454
12,13,senegal,0.8,-8.782543381055197,-0.29999999999999993,512412637.56764907,0.25546881562277934,-2.451237175238454
13,14,senegal,0.8,-8.782543381055197,-0.29999999999999993,512412637.56764907,0.25546881562277934,-2.451237175238454
14,15,senegal,0.8,-8.782543381055197,-0.29999999999999993,512412637.56764907,0.25546881562277934,-2.451237175238454
15,17,senegal,0.8,-8.782543381055197,-0.29999999999999993,512412637.56764907,0.25546881562277934,-2.451237175238454
16,18,senegal,0.8,-8.782543381055197,-0.29999999999999993,512412637.56764907,0.25546881562277934,-2.451237175238454
17,19,senegal,0.8,-8.782543381055197,-0.29999999999999993,512412637.56764907,0.25546881562277934,-2.451237175238454
18,20,senegal,0.8,-8.782543381055197,-0.29999999999999993,512412637.56764907,0.25546881562277934,-2.451237175238454
19,21,senegal,0.8,-11.035107990105947,0.7000000000000004,456601754.39662856,0.26081066048879575,-0.25600785640358414
20,22,senegal,0.8,-11.035107990105947,0.7000000000000004,456601754.39662856,0.26081066048879575,-0.25600785640358414
21,23,senegal,0.8,-11.035107990105947,0.7000000000000004,456601754.39662856,0.26081066048879575,-0.25600785640358414
22,24,senegal,0.8,-11.035107990105947,0.7000000000000004,456601754.39662856,0.26081066048879575,-0.25600785640358414
23,25,senegal,0.8,-11.035107990105947,0.7000000000000004,456601754.39662856,0.26081066048879575,-0.25600785640358414
24,26,senegal,0.8,-11.035107990105947,0.7000000000000004,456601754.39662856,0.26081066048879575,-0.25600785640358414
25,27,senegal,0.8,-11.035107990105947,0.7000000000000004,456601754.39662856,0.26081066048879575,-0.25600785640358414
26,28,senegal,0.8,-11.035107990105947,0.7000000000000004,456601754.39662856,0.26081066048879575,-0.25600785640358414
27,29,senegal,0.8,-11.035107990105947,0.7000000000000004,456601754.39662856,0.26081066048879575,-0.25600785640358414
28,30,senegal,0.8,-11.035107990105947,0.7000000000000004,456601754.39662856,0.26081066048879575,-0.25600785640358414
29,31,senegal,0.2,-2.841681957244873,-0.19999999999999973,862347995.4509518,0.18719740849726496,2.2893286422904766
30,32,senegal,0.2,-2.841681957244873,-0.19999999999999973,862347995.4509518,0.18719740849726496,2.2893286422904766
31,33,senegal,0.2,-2.841681957244873,-0.19999999999999973,862347995.4509518,0.18719740849726496,2.2893286422904766
32,34,senegal,0.2,-2.841681957244873,-0.19999999999999973,862347995.4509518,0.18719740849726496,2.2893286422904766
33,35,senegal,0.2,-2.841681957244873,-0.19999999999999973,862347995.4509518,0.18719740849726496,2.2893286422904766
34,36,senegal,0.2,-2.841681957244873,-0.19999999999999973,862347995.4509518,0.18719740849726496,2.2893286422904766
35,37,senegal,0.2,-2.841681957244873,-0.19999999999999973,862347995.4509518,0.18719740849726496,2.2893286422904766
36,38,senegal,0.2,-2.841681957244873,-0.19999999999999973,862347995.4509518,0.18719740849726496,2.2893286422904766
37,39,senegal,0.2,-2.841681957244873,-0.19999999999999973,862347995.4509518,0.18719740849726496,2.2893286422904766
38,40,senegal,0.2,-2.841681957244873,-0.19999999999999973,862347995.4509518,0.18719740849726496,2.2893286422904766
39,41,senegal,0.8,-9.75383973121643,-0.29999999999999993,376532215.71193093,0.2563411037087269,1.1383995910314029
40,42,senegal,0.8,-9.75383973121643,-0.29999999999999993,376532215.71193093,0.2563411037087269,1.1383995910314029
41,43,senegal,0.8,-9.75383973121643,-0.29999999999999993,376532215.71193093,0.2563411037087269,1.1383995910314029
42,44,senegal,0.8,-9.75383973121643,-0.29999999999999993,376532215.71193093,0.2563411037087269,1.1383995910314029
43,45,senegal,0.8,-9.75383973121643,-0.29999999999999993,376532215.71193093,0.2563411037087269,1.1383995910314029
44,46,senegal,0.8,-9.75383973121643,-0.29999999999999993,376532215.71193093,0.2563411037087269,1.1383995910314029
45,47,senegal,0.8,-9.75383973121643,-0.29999999999999993,376532215.71193093,0.2563411037087269,1.1383995910314029
46,48,senegal,0.8,-9.75383973121643,-0.29999999999999993,376532215.71193093,0.2563411037087269,1.1383995910314029
47,49,senegal,0.8,-9.75383973121643,-0.29999999999999993,376532215.71193093,0.2563411037087269,1.1383995910314029
48,50,senegal,0.8,-9.75383973121643,-0.29999999999999993,376532215.71193093,0.2563411037087269,1.1383995910314029
49,51,senegal,0.8,-7.810425937175751,-0.29999999999999993,343736988.2958941,0.27632125282439374,-0.45203479753126397
50,52,senegal,0.8,-7.810425937175751,-0.29999999999999993,343736988.2958941,0.27632125282439374,-0.45203479753126397
51,53,senegal,0.8,-7.810425937175751,-0.29999999999999993,343736988.2958941,0.27632125282439374,-0.45203479753126397
52,54,senegal,0.8,-7.810425937175751,-0.29999999999999993,343736988.2958941,0.27632125282439374,-0.45203479753126397
53,55,senegal,0.8,-7.810425937175751,-0.29999999999999993,343736988.2958941,0.27632125282439374,-0.45203479753126397
54,56,senegal,0.8,-7.810425937175751,-0.29999999999999993,343736988.2958941,0.27632125282439374,-0.45203479753126397
55,57,senegal,0.8,-7.810425937175751,-0.29999999999999993,343736988.2958941,0.27632125282439374,-0.45203479753126397
56,58,senegal,0.8,-7.810425937175751,-0.29999999999999993,343736988.2958941,0.27632125282439374,-0.45203479753126397
57,59,senegal,0.8,-7.810425937175751,-0.29999999999999993,343736988.2958941,0.27632125282439374,-0.45203479753126397
58,60,senegal,0.8,-7.810425937175751,-0.29999999999999993,343736988.2958941,0.27632125282439374,-0.45203479753126397
59,61,senegal,0.4,-10.970535278320312,-0.3999999999999999,502485171.26667404,0.26105373248101804,1.7586649556814904
60,62,senegal,0.4,-10.970535278320312,-0.3999999999999999,502485171.26667404,0.26105373248101804,1.7586649556814904
61,63,senegal,0.4,-10.970535278320312,-0.3999999999999999,502485171.26667404,0.26105373248101804,1.7586649556814904
62,64,senegal,0.4,-10.970535278320312,-0.3999999999999999,502485171.26667404,0.26105373248101804,1.7586649556814904
63,65,senegal,0.4,-10.970535278320312,-0.3999999999999999,502485171.26667404,0.26105373248101804,1.7586649556814904
64,66,senegal,0.4,-10.970535278320312,-0.3999999999999999,502485171.26667404,0.26105373248101804,1.7586649556814904
65,67,senegal,0.4,-10.970535278320312,-0.3999999999999999,502485171.26667404,0.26105373248101804,1.7586649556814904
66,68,senegal,0.4,-10.970535278320312,-0.3999999999999999,502485171.26667404,0.26105373248101804,1.7586649556814904
67,69,senegal,0.4,-10.970535278320312,-0.3999999999999999,502485171.26667404,0.26105373248101804,1.7586649556814904
68,70,senegal,0.4,-10.970535278320312,-0.3999999999999999,502485171.26667404,0.26105373248101804,1.7586649556814904
69,71,senegal,1.0,-8.975050330162048,1.4,521007513.49330074,0.27699687142457513,0.6590525105226303
70,72,senegal,1.0,-8.975050330162048,1.4,521007513.49330074,0.27699687142457513,0.6590525105226303
71,73,senegal,1.0,-8.975050330162048,1.4,521007513.49330074,0.27699687142457513,0.6590525105226303
72,74,senegal,1.0,-8.975050330162048,1.4,521007513.49330074,0.27699687142457513,0.6590525105226303
73,75,senegal,1.0,-8.975050330162048,1.4,521007513.49330074,0.27699687142457513,0.6590525105226303
74,76,senegal,1.0,-8.975050330162048,1.4,521007513.49330074,0.27699687142457513,0.6590525105226303
75,77,senegal,1.0,-8.975050330162048,1.4,521007513.49330074,0.27699687142457513,0.6590525105226303
76,78,senegal,1.0,-8.975050330162048,1.4,521007513.49330074,0.27699687142457513,0.6590525105226303
77,79,senegal,1.0,-8.975050330162048,1.4,521007513.49330074,0.27699687142457513,0.6590525105226303
78,80,senegal,1.0,-8.975050330162048,1.4,521007513.49330074,0.27699687142457513,0.6590525105226303
79,81,senegal,1.0,-7.941944758097331,-0.19999999999999996,323689678.46217114,0.22278446458264606,-0.41391619212594
80,82,senegal,1.0,-7.941944758097331,-0.19999999999999996,323689678.46217114,0.22278446458264606,-0.41391619212594
81,83,senegal,1.0,-7.941944758097331,-0.19999999999999996,323689678.46217114,0.22278446458264606,-0.41391619212594
82,84,senegal,1.0,-7.941944758097331,-0.19999999999999996,323689678.46217114,0.22278446458264606,-0.41391619212594
83,85,senegal,1.0,-7.941944758097331,-0.19999999999999996,323689678.46217114,0.22278446458264606,-0.41391619212594
84,86,senegal,1.0,-7.941944758097331,-0.19999999999999996,323689678.46217114,0.22278446458264606,-0.41391619212594
85,87,senegal,1.0,-7.941944758097331,-0.19999999999999996,323689678.46217114,0.22278446458264606,-0.41391619212594
86,88,senegal,1.0,-7.941944758097331,-0.19999999999999996,323689678.46217114,0.22278446458264606,-0.41391619212594
87,89,senegal,1.0,-7.941944758097331,-0.19999999999999996,323689678.46217114,0.22278446458264606,-0.41391619212594
88,90,senegal,1.0,-7.941944758097331,-0.19999999999999996,323689678.46217114,0.22278446458264606,-0.41391619212594
89,91,senegal,0.8,-8.782543381055197,-0.29999999999999993,512412637.56764907,0.25546881562277934,-2.451237175238454
90,92,senegal,0.8,-8.782543381055197,-0.29999999999999993,512412637.56764907,0.25546881562277934,-2.451237175238454
91,93,senegal,0.8,-8.782543381055197,-0.29999999999999993,512412637.56764907,0.25546881562277934,-2.451237175238454
92,94,senegal,0.8,-8.782543381055197,-0.29999999999999993,512412637.56764907,0.25546881562277934,-2.451237175238454
93,95,senegal,0.8,-8.782543381055197,-0.29999999999999993,512412637.56764907,0.25546881562277934,-2.451237175238454
94,96,senegal,0.8,-8.782543381055197,-0.29999999999999993,512412637.56764907,0.25546881562277934,-2.451237175238454
95,97,senegal,0.8,-8.782543381055197,-0.29999999999999993,512412637.56764907,0.25546881562277934,-2.451237175238454
96,98,senegal,0.8,-8.782543381055197,-0.29999999999999993,512412637.56764907,0.25546881562277934,-2.451237175238454
97,99,senegal,0.8,-8.782543381055197,-0.29999999999999993,512412637.56764907,0.25546881562277934,-2.451237175238454
98,100,senegal,0.8,-8.782543381055197,-0.29999999999999993,512412637.56764907,0.25546881562277934,-2.451237175238454
99,101,senegal,0.4,-16.41440773010254,-0.3999999999999999,261888087.09294543,0.26728540699609893,1.0348735950073709
100,102,senegal,0.4,-16.41440773010254,-0.3999999999999999,261888087.09294543,0.26728540699609893,1.0348735950073709
101,103,senegal,0.4,-16.41440773010254,-0.3999999999999999,261888087.09294543,0.26728540699609893,1.0348735950073709
102,105,senegal,0.4,-16.41440773010254,-0.3999999999999999,261888087.09294543,0.26728540699609893,1.0348735950073709
103,106,senegal,0.4,-16.41440773010254,-0.3999999999999999,261888087.09294543,0.26728540699609893,1.0348735950073709
104,107,senegal,0.4,-16.41440773010254,-0.3999999999999999,261888087.09294543,0.26728540699609893,1.0348735950073709
105,108,senegal,0.4,-16.41440773010254,-0.3999999999999999,261888087.09294543,0.26728540699609893,1.0348735950073709
106,109,senegal,0.4,-16.41440773010254,-0.3999999999999999,261888087.09294543,0.26728540699609893,1.0348735950073709
107,110,senegal,0.4,-16.41440773010254,-0.3999999999999999,261888087.09294543,0.26728540699609893,1.0348735950073709
108,111,senegal,1.0,-5.953220009803772,-0.19999999999999996,320043228.4982137,0.24453602632665258,-0.33379716872259163
109,112,senegal,1.0,-5.953220009803772,-0.19999999999999996,320043228.4982137,0.24453602632665258,-0.33379716872259163
110,113,senegal,1.0,-5.953220009803772,-0.19999999999999996,320043228.4982137,0.24453602632665258,-0.33379716872259163
111,114,senegal,1.0,-5.953220009803772,-0.19999999999999996,320043228.4982137,0.24453602632665258,-0.33379716872259163
112,115,senegal,1.0,-5.953220009803772,-0.19999999999999996,320043228.4982137,0.24453602632665258,-0.33379716872259163
113,116,senegal,1.0,-5.953220009803772,-0.19999999999999996,320043228.4982137,0.24453602632665258,-0.33379716872259163
114,117,senegal,1.0,-5.953220009803772,-0.19999999999999996,320043228.4982137,0.24453602632665258,-0.33379716872259163
115,118,senegal,1.0,-5.953220009803772,-0.19999999999999996,320043228.4982137,0.24453602632665258,-0.33379716872259163
116,119,senegal,1.0,-5.953220009803772,-0.19999999999999996,320043228.4982137,0.24453602632665258,-0.33379716872259163
117,120,senegal,1.0,-5.953220009803772,-0.19999999999999996,320043228.4982137,0.24453602632665258,-0.33379716872259163
118,121,senegal,1.2,-2.9265525341033936,0.1333333333333333,271144849.86662394,0.22619234347509204,-0.05397604288535174
119,122,senegal,1.2,-2.9265525341033936,0.1333333333333333,271144849.86662394,0.22619234347509204,-0.05397604288535174
120,124,senegal,1.2,-2.9265525341033936,0.1333333333333333,271144849.86662394,0.22619234347509204,-0.05397604288535174
121,125,senegal,1.2,-2.9265525341033936,0.1333333333333333,271144849.86662394,0.22619234347509204,-0.05397604288535174
122,126,senegal,1.2,-2.9265525341033936,0.1333333333333333,271144849.86662394,0.22619234347509204,-0.05397604288535174
123,127,senegal,1.2,-2.9265525341033936,0.1333333333333333,271144849.86662394,0.22619234347509204,-0.05397604288535174
124,128,senegal,1.2,-2.9265525341033936,0.1333333333333333,271144849.86662394,0.22619234347509204,-0.05397604288535174
125,129,senegal,1.2,-2.9265525341033936,0.1333333333333333,271144849.86662394,0.22619234347509204,-0.05397604288535174
126,130,senegal,1.2,-2.9265525341033936,0.1333333333333333,271144849.86662394,0.22619234347509204,-0.05397604288535174
127,131,senegal,0.6,-6.898715317249298,0.06666666666666665,354244015.7618467,0.3073916199421672,0.5084202069650556
128,132,senegal,0.6,-6.898715317249298,0.06666666666666665,354244015.7618467,0.3073916199421672,0.5084202069650556
129,134,senegal,0.6,-6.898715317249298,0.06666666666666665,354244015.7618467,0.3073916199421672,0.5084202069650556
130,135,senegal,0.6,-6.898715317249298,0.06666666666666665,354244015.7618467,0.3073916199421672,0.5084202069650556
131,136,senegal,0.6,-6.898715317249298,0.06666666666666665,354244015.7618467,0.3073916199421672,0.5084202069650556
132,138,senegal,0.6,-6.898715317249298,0.06666666666666665,354244015.7618467,0.3073916199421672,0.5084202069650556
133,139,senegal,0.6,-6.898715317249298,0.06666666666666665,354244015.7618467,0.3073916199421672,0.5084202069650556
134,140,senegal,0.6,-6.898715317249298,0.06666666666666665,354244015.7618467,0.3073916199421672,0.5084202069650556
135,143,senegal,0.8,-8.302666783332825,0.20000000000000018,469673320.22108465,0.23001467333252776,0.1428124034727723
136,144,senegal,0.8,-8.302666783332825,0.20000000000000018,469673320.22108465,0.23001467333252776,0.1428124034727723
137,145,senegal,0.8,-8.302666783332825,0.20000000000000018,469673320.22108465,0.23001467333252776,0.1428124034727723
138,146,senegal,0.8,-8.302666783332825,0.20000000000000018,469673320.22108465,0.23001467333252776,0.1428124034727723
139,147,senegal,0.8,-8.302666783332825,0.20000000000000018,469673320.22108465,0.23001467333252776,0.1428124034727723
140,148,senegal,0.8,-8.302666783332825,0.20000000000000018,469673320.22108465,0.23001467333252776,0.1428124034727723
141,149,senegal,0.8,-8.302666783332825,0.20000000000000018,469673320.22108465,0.23001467333252776,0.1428124034727723
142,150,senegal,0.8,-8.302666783332825,0.20000000000000018,469673320.22108465,0.23001467333252776,0.1428124034727723
143,151,senegal,0.8,-10.37350215514501,0.7000000000000004,456601754.39662856,0.26565951554946565,0.7992249347224134
144,152,senegal,0.8,-10.37350215514501,0.7000000000000004,456601754.39662856,0.26565951554946565,0.7992249347224134
145,153,senegal,0.8,-10.37350215514501,0.7000000000000004,456601754.39662856,0.26565951554946565,0.7992249347224134
146,154,senegal,0.8,-10.37350215514501,0.7000000000000004,456601754.39662856,0.26565951554946565,0.7992249347224134
147,155,senegal,0.8,-10.37350215514501,0.7000000000000004,456601754.39662856,0.26565951554946565,0.7992249347224134
148,156,senegal,0.8,-10.37350215514501,0.7000000000000004,456601754.39662856,0.26565951554946565,0.7992249347224134
149,157,senegal,0.8,-10.37350215514501,0.7000000000000004,456601754.39662856,0.26565951554946565,0.7992249347224134
150,158,senegal,0.8,-10.37350215514501,0.7000000000000004,456601754.39662856,0.26565951554946565,0.7992249347224134
151,159,senegal,0.8,-10.37350215514501,0.7000000000000004,456601754.39662856,0.26565951554946565,0.7992249347224134
152,160,senegal,0.8,-10.37350215514501,0.7000000000000004,456601754.39662856,0.26565951554946565,0.7992249347224134
153,161,senegal,0.4,-4.7139976024627686,-0.3999999999999999,807717763.1880072,0.18183112483827443,0.31208183214518803
154,162,senegal,0.4,-4.7139976024627686,-0.3999999999999999,807717763.1880072,0.18183112483827443,0.31208183214518803
155,163,senegal,0.4,-4.7139976024627686,-0.3999999999999999,807717763.1880072,0.18183112483827443,0.31208183214518803
156,164,senegal,0.4,-4.7139976024627686,-0.3999999999999999,807717763.1880072,0.18183112483827443,0.31208183214518803
157,165,senegal,0.4,-4.7139976024627686,-0.3999999999999999,807717763.1880072,0.18183112483827443,0.31208183214518803
158,166,senegal,0.4,-4.7139976024627686,-0.3999999999999999,807717763.1880072,0.18183112483827443,0.31208183214518803
159,167,senegal,0.4,-4.7139976024627686,-0.3999999999999999,807717763.1880072,0.18183112483827443,0.31208183214518803
160,168,senegal,0.4,-4.7139976024627686,-0.3999999999999999,807717763.1880072,0.18183112483827443,0.31208183214518803
161,169,senegal,0.4,-4.7139976024627686,-0.3999999999999999,807717763.1880072,0.18183112483827443,0.31208183214518803
162,170,senegal,0.4,-4.7139976024627686,-0.3999999999999999,807717763.1880072,0.18183112483827443,0.31208183214518803
163,171,senegal,0.6,-15.977753639221191,0.06666666666666665,458121742.44123894,0.2613172173559624,2.487155955580541
164,172,senegal,0.6,-15.977753639221191,0.06666666666666665,458121742.44123894,0.2613172173559624,2.487155955580541
165,173,senegal,0.6,-15.977753639221191,0.06666666666666665,458121742.44123894,0.2613172173559624,2.487155955580541
166,174,senegal,0.6,-15.977753639221191,0.06666666666666665,458121742.44123894,0.2613172173559624,2.487155955580541
167,175,senegal,0.6,-15.977753639221191,0.06666666666666665,458121742.44123894,0.2613172173559624,2.487155955580541
168,176,senegal,0.6,-15.977753639221191,0.06666666666666665,458121742.44123894,0.2613172173559624,2.487155955580541
169,177,senegal,0.6,-15.977753639221191,0.06666666666666665,458121742.44123894,0.2613172173559624,2.487155955580541
170,178,senegal,0.6,-15.977753639221191,0.06666666666666665,458121742.44123894,0.2613172173559624,2.487155955580541
171,179,senegal,0.6,-15.977753639221191,0.06666666666666665,458121742.44123894,0.2613172173559624,2.487155955580541
172,180,senegal,0.6,-15.977753639221191,0.06666666666666665,458121742.44123894,0.2613172173559624,2.487155955580541
173,181,senegal,0.2,-7.8516340255737305,-0.19999999999999984,698457298.6621181,0.22805457132910772,-0.36488634517049096
174,183,senegal,0.2,-7.8516340255737305,-0.19999999999999984,698457298.6621181,0.22805457132910772,-0.36488634517049096
175,184,senegal,0.2,-7.8516340255737305,-0.19999999999999984,698457298.6621181,0.22805457132910772,-0.36488634517049096
176,185,senegal,0.2,-7.8516340255737305,-0.19999999999999984,698457298.6621181,0.22805457132910772,-0.36488634517049096
177,186,senegal,0.2,-7.8516340255737305,-0.19999999999999984,698457298.6621181,0.22805457132910772,-0.36488634517049096
178,187,senegal,0.2,-7.8516340255737305,-0.19999999999999984,698457298.6621181,0.22805457132910772,-0.36488634517049096
179,188,senegal,0.2,-7.8516340255737305,-0.19999999999999984,698457298.6621181,0.22805457132910772,-0.36488634517049096
180,189,senegal,0.2,-7.8516340255737305,-0.19999999999999984,698457298.6621181,0.22805457132910772,-0.36488634517049096
181,190,senegal,0.2,-7.8516340255737305,-0.19999999999999984,698457298.6621181,0.22805457132910772,-0.36488634517049096
182,192,senegal,0.6,-11.988901138305664,0.06666666666666665,521062344.63882047,0.2576298003037101,2.7755553847034755
183,193,senegal,0.6,-11.988901138305664,0.06666666666666665,521062344.63882047,0.2576298003037101,2.7755553847034755
184,194,senegal,0.6,-11.988901138305664,0.06666666666666665,521062344.63882047,0.2576298003037101,2.7755553847034755
185,195,senegal,0.6,-11.988901138305664,0.06666666666666665,521062344.63882047,0.2576298003037101,2.7755553847034755
186,196,senegal,0.6,-11.988901138305664,0.06666666666666665,521062344.63882047,0.2576298003037101,2.7755553847034755
187,197,senegal,0.6,-11.988901138305664,0.06666666666666665,521062344.63882047,0.2576298003037101,2.7755553847034755
188,199,senegal,0.6,-11.988901138305664,0.06666666666666665,521062344.63882047,0.2576298003037101,2.7755553847034755
189,200,senegal,0.6,-11.988901138305664,0.06666666666666665,521062344.63882047,0.2576298003037101,2.7755553847034755
190,201,senegal,0.6,-4.569313615560532,0.06666666666666665,402685032.9606293,0.25318986215219785,1.8442727330941548
191,202,senegal,0.6,-4.569313615560532,0.06666666666666665,402685032.9606293,0.25318986215219785,1.8442727330941548
192,203,senegal,0.6,-4.569313615560532,0.06666666666666665,402685032.9606293,0.25318986215219785,1.8442727330941548
193,204,senegal,0.6,-4.569313615560532,0.06666666666666665,402685032.9606293,0.25318986215219785,1.8442727330941548
194,205,senegal,0.6,-4.569313615560532,0.06666666666666665,402685032.9606293,0.25318986215219785,1.8442727330941548
195,206,senegal,0.6,-4.569313615560532,0.06666666666666665,402685032.9606293,0.25318986215219785,1.8442727330941548
196,207,senegal,0.6,-4.569313615560532,0.06666666666666665,402685032.9606293,0.25318986215219785,1.8442727330941548
197,208,senegal,0.6,-4.569313615560532,0.06666666666666665,402685032.9606293,0.25318986215219785,1.8442727330941548
198,209,senegal,0.6,-4.569313615560532,0.06666666666666665,402685032.9606293,0.25318986215219785,1.8442727330941548
199,210,senegal,0.6,-4.569313615560532,0.06666666666666665,402685032.9606293,0.25318986215219785,1.8442727330941548
200,211,senegal,0.8,-2.985230048497518,-0.29999999999999993,520808638.965319,0.23814169704506902,1.9911947074049718
201,212,senegal,0.8,-2.985230048497518,-0.29999999999999993,520808638.965319,0.23814169704506902,1.9911947074049718
202,213,senegal,0.8,-2.985230048497518,-0.29999999999999993,520808638.965319,0.23814169704506902,1.9911947074049718
203,214,senegal,0.8,-2.985230048497518,-0.29999999999999993,520808638.965319,0.23814169704506902,1.9911947074049718
204,215,senegal,0.8,-2.985230048497518,-0.29999999999999993,520808638.965319,0.23814169704506902,1.9911947074049718
205,216,senegal,0.8,-2.985230048497518,-0.29999999999999993,520808638.965319,0.23814169704506902,1.9911947074049718
206,217,senegal,0.8,-2.985230048497518,-0.29999999999999993,520808638.965319,0.23814169704506902,1.9911947074049718
207,218,senegal,0.8,-2.985230048497518,-0.29999999999999993,520808638.965319,0.23814169704506902,1.9911947074049718
208,219,senegal,0.8,-2.985230048497518,-0.29999999999999993,520808638.965319,0.23814169704506902,1.9911947074049718
209,220,senegal,0.8,-2.985230048497518,-0.29999999999999993,520808638.965319,0.23814169704506902,1.9911947074049718
210,221,senegal,0.2,-3.0346686840057373,-0.19999999999999973,862347995.4509518,0.15098265884856046,0.5995745040469622
211,222,senegal,0.2,-3.0346686840057373,-0.19999999999999973,862347995.4509518,0.15098265884856046,0.5995745040469622
212,224,senegal,0.2,-3.0346686840057373,-0.19999999999999973,862347995.4509518,0.15098265884856046,0.5995745040469622
213,225,senegal,0.2,-3.0346686840057373,-0.19999999999999973,862347995.4509518,0.15098265884856046,0.5995745040469622
214,226,senegal,0.2,-3.0346686840057373,-0.19999999999999973,862347995.4509518,0.15098265884856046,0.5995745040469622
215,227,senegal,0.2,-3.0346686840057373,-0.19999999999999973,862347995.4509518,0.15098265884856046,0.5995745040469622
216,228,senegal,0.2,-3.0346686840057373,-0.19999999999999973,862347995.4509518,0.15098265884856046,0.5995745040469622
217,229,senegal,0.2,-3.0346686840057373,-0.19999999999999973,862347995.4509518,0.15098265884856046,0.5995745040469622
218,230,senegal,0.2,-3.0346686840057373,-0.19999999999999973,862347995.4509518,0.15098265884856046,0.5995745040469622
219,231,senegal,0.6,-10.412088871002197,0.06666666666666665,480288660.6874645,0.24496786669346196,-0.7531714152988322
220,232,senegal,0.6,-10.412088871002197,0.06666666666666665,480288660.6874645,0.24496786669346196,-0.7531714152988322
221,233,senegal,0.6,-10.412088871002197,0.06666666666666665,480288660.6874645,0.24496786669346196,-0.7531714152988322
222,234,senegal,0.6,-10.412088871002197,0.06666666666666665,480288660.6874645,0.24496786669346196,-0.7531714152988322
223,235,senegal,0.6,-10.412088871002197,0.06666666666666665,480288660.6874645,0.24496786669346196,-0.7531714152988322
224,236,senegal,0.6,-10.412088871002197,0.06666666666666665,480288660.6874645,0.24496786669346196,-0.7531714152988322
225,237,senegal,0.6,-10.412088871002197,0.06666666666666665,480288660.6874645,0.24496786669346196,-0.7531714152988322
226,238,senegal,0.6,-10.412088871002197,0.06666666666666665,480288660.6874645,0.24496786669346196,-0.7531714152988322
227,239,senegal,0.6,-10.412088871002197,0.06666666666666665,480288660.6874645,0.24496786669346196,-0.7531714152988322
228,240,senegal,0.6,-10.412088871002197,0.06666666666666665,480288660.6874645,0.24496786669346196,-0.7531714152988322
229,241,senegal,0.6,-11.18351137638092,0.06666666666666665,509209668.15675384,0.30873302731053015,-0.8639202196873461
230,242,senegal,0.6,-11.18351137638092,0.06666666666666665,509209668.15675384,0.30873302731053015,-0.8639202196873461
231,243,senegal,0.6,-11.18351137638092,0.06666666666666665,509209668.15675384,0.30873302731053015,-0.8639202196873461
232,244,senegal,0.6,-11.18351137638092,0.06666666666666665,509209668.15675384,0.30873302731053015,-0.8639202196873461
233,245,senegal,0.6,-11.18351137638092,0.06666666666666665,509209668.15675384,0.30873302731053015,-0.8639202196873461
234,246,senegal,0.6,-11.18351137638092,0.06666666666666665,509209668.15675384,0.30873302731053015,-0.8639202196873461
235,247,senegal,0.6,-11.18351137638092,0.06666666666666665,509209668.15675384,0.30873302731053015,-0.8639202196873461
236,248,senegal,0.6,-11.18351137638092,0.06666666666666665,509209668.15675384,0.30873302731053015,-0.8639202196873461
237,249,senegal,0.6,-11.18351137638092,0.06666666666666665,509209668.15675384,0.30873302731053015,-0.8639202196873461
238,250,senegal,0.2,-13.139143943786621,-0.19999999999999984,555859733.3012921,0.20856089730525093,2.967680288645687
239,251,senegal,0.2,-13.139143943786621,-0.19999999999999984,555859733.3012921,0.20856089730525093,2.967680288645687
240,252,senegal,0.2,-13.139143943786621,-0.19999999999999984,555859733.3012921,0.20856089730525093,2.967680288645687
241,253,senegal,0.2,-13.139143943786621,-0.19999999999999984,555859733.3012921,0.20856089730525093,2.967680288645687
242,254,senegal,0.2,-13.139143943786621,-0.19999999999999984,555859733.3012921,0.20856089730525093,2.967680288645687
243,255,senegal,0.2,-13.139143943786621,-0.19999999999999984,555859733.3012921,0.20856089730525093,2.967680288645687
244,256,senegal,0.2,-13.139143943786621,-0.19999999999999984,555859733.3012921,0.20856089730525093,2.967680288645687
245,257,senegal,0.2,-13.139143943786621,-0.19999999999999984,555859733.3012921,0.20856089730525093,2.967680288645687
246,258,senegal,0.2,-13.139143943786621,-0.19999999999999984,555859733.3012921,0.20856089730525093,2.967680288645687
247,259,senegal,0.2,-13.139143943786621,-0.19999999999999984,555859733.3012921,0.20856089730525093,2.967680288645687
248,260,senegal,0.2,-11.998303413391113,-0.19999999999999984,555859733.3012921,0.21015878569030272,1.247388647281579
249,261,senegal,0.2,-11.998303413391113,-0.19999999999999984,555859733.3012921,0.21015878569030272,1.247388647281579
250,262,senegal,0.2,-11.998303413391113,-0.19999999999999984,555859733.3012921,0.21015878569030272,1.247388647281579
251,263,senegal,0.2,-11.998303413391113,-0.19999999999999984,555859733.3012921,0.21015878569030272,1.247388647281579
252,264,senegal,0.2,-11.998303413391113,-0.19999999999999984,555859733.3012921,0.21015878569030272,1.247388647281579
253,265,senegal,0.2,-11.998303413391113,-0.19999999999999984,555859733.3012921,0.21015878569030272,1.247388647281579
254,266,senegal,0.2,-11.998303413391113,-0.19999999999999984,555859733.3012921,0.21015878569030272,1.247388647281579
255,267,senegal,0.2,-11.998303413391113,-0.19999999999999984,555859733.3012921,0.21015878569030272,1.247388647281579
256,268,senegal,0.2,-11.998303413391113,-0.19999999999999984,555859733.3012921,0.21015878569030272,1.247388647281579
257,269,senegal,0.2,-11.998303413391113,-0.19999999999999984,555859733.3012921,0.21015878569030272,1.247388647281579
258,270,senegal,0.6,-6.1851656039555865,-0.5999999999999999,688118406.1933945,0.21117212554515352,-1.8911581787053295
259,271,senegal,0.6,-6.1851656039555865,-0.5999999999999999,688118406.1933945,0.21117212554515352,-1.8911581787053295
260,272,senegal,0.6,-6.1851656039555865,-0.5999999999999999,688118406.1933945,0.21117212554515352,-1.8911581787053295
261,273,senegal,0.6,-6.1851656039555865,-0.5999999999999999,688118406.1933945,0.21117212554515352,-1.8911581787053295
262,274,senegal,0.6,-6.1851656039555865,-0.5999999999999999,688118406.1933945,0.21117212554515352,-1.8911581787053295
263,275,senegal,0.6,-6.1851656039555865,-0.5999999999999999,688118406.1933945,0.21117212554515352,-1.8911581787053295
264,276,senegal,0.6,-6.1851656039555865,-0.5999999999999999,688118406.1933945,0.21117212554515352,-1.8911581787053295
265,277,senegal,0.6,-6.1851656039555865,-0.5999999999999999,688118406.1933945,0.21117212554515352,-1.8911581787053295
266,279,senegal,0.6,-6.1851656039555865,-0.5999999999999999,688118406.1933945,0.21117212554515352,-1.8911581787053295
267,280,senegal,0.2,-10.662936210632324,-0.19999999999999984,666941950.5412158,0.19024128405286578,-2.96244119209948
268,281,senegal,0.2,-10.662936210632324,-0.19999999999999984,666941950.5412158,0.19024128405286578,-2.96244119209948
269,282,senegal,0.2,-10.662936210632324,-0.19999999999999984,666941950.5412158,0.19024128405286578,-2.96244119209948
270,283,senegal,0.2,-10.662936210632324,-0.19999999999999984,666941950.5412158,0.19024128405286578,-2.96244119209948
271,284,senegal,0.2,-10.662936210632324,-0.19999999999999984,666941950.5412158,0.19024128405286578,-2.96244119209948
272,285,senegal,0.2,-10.662936210632324,-0.19999999999999984,666941950.5412158,0.19024128405286578,-2.96244119209948
273,286,senegal,0.2,-10.662936210632324,-0.19999999999999984,666941950.5412158,0.19024128405286578,-2.96244119209948
274,287,senegal,0.2,-10.662936210632324,-0.19999999999999984,666941950.5412158,0.19024128405286578,-2.96244119209948
275,288,senegal,0.2,-10.662936210632324,-0.19999999999999984,666941950.5412158,0.19024128405286578,-2.96244119209948
276,289,senegal,0.2,-10.662936210632324,-0.19999999999999984,666941950.5412158,0.19024128405286578,-2.96244119209948
277,290,senegal,0.6,-11.485020875930786,0.06666666666666665,509209668.15675384,0.3044904173484288,-1.089162890858688
278,291,senegal,0.6,-11.485020875930786,0.06666666666666665,509209668.15675384,0.3044904173484288,-1.089162890858688
279,292,senegal,0.6,-11.485020875930786,0.06666666666666665,509209668.15675384,0.3044904173484288,-1.089162890858688
280,293,senegal,0.6,-11.485020875930786,0.06666666666666665,509209668.15675384,0.3044904173484288,-1.089162890858688
281,294,senegal,0.6,-11.485020875930786,0.06666666666666665,509209668.15675384,0.3044904173484288,-1.089162890858688
282,295,senegal,0.6,-11.485020875930786,0.06666666666666665,509209668.15675384,0.3044904173484288,-1.089162890858688
283,296,senegal,0.6,-11.485020875930786,0.06666666666666665,509209668.15675384,0.3044904173484288,-1.089162890858688
284,297,senegal,0.6,-11.485020875930786,0.06666666666666665,509209668.15675384,0.3044904173484288,-1.089162890858688
285,298,senegal,0.6,-11.485020875930786,0.06666666666666665,509209668.15675384,0.3044904173484288,-1.089162890858688
286,299,senegal,0.6,-11.485020875930786,0.06666666666666665,509209668.15675384,0.3044904173484288,-1.089162890858688
287,301,senegal,1.0,-9.190072801378038,0.19999999999999996,403645355.20856506,0.28015126370170423,0.5739206496363755
288,302,senegal,1.0,-9.190072801378038,0.19999999999999996,403645355.20856506,0.28015126370170423,0.5739206496363755
289,303,senegal,1.0,-9.190072801378038,0.19999999999999996,403645355.20856506,0.28015126370170423,0.5739206496363755
290,304,senegal,1.0,-9.190072801378038,0.19999999999999996,403645355.20856506,0.28015126370170423,0.5739206496363755
291,305,senegal,1.0,-9.190072801378038,0.19999999999999996,403645355.20856506,0.28015126370170423,0.5739206496363755
292,306,senegal,1.0,-9.190072801378038,0.19999999999999996,403645355.20856506,0.28015126370170423,0.5739206496363755
293,307,senegal,1.0,-9.190072801378038,0.19999999999999996,403645355.20856506,0.28015126370170423,0.5739206496363755
294,308,senegal,1.0,-9.190072801378038,0.19999999999999996,403645355.20856506,0.28015126370170423,0.5739206496363755
295,309,senegal,1.0,-9.190072801378038,0.19999999999999996,403645355.20856506,0.28015126370170423,0.5739206496363755
296,310,senegal,1.0,-9.190072801378038,0.19999999999999996,403645355.20856506,0.28015126370170423,0.5739206496363755
297,311,senegal,0.8,-5.761496543884277,0.20000000000000018,425740978.5919343,0.24466645869169637,-2.289174074415547
298,312,senegal,0.8,-5.761496543884277,0.20000000000000018,425740978.5919343,0.24466645869169637,-2.289174074415547
299,313,senegal,0.8,-5.761496543884277,0.20000000000000018,425740978.5919343,0.24466645869169637,-2.289174074415547
300,314,senegal,0.8,-5.761496543884277,0.20000000000000018,425740978.5919343,0.24466645869169637,-2.289174074415547
301,315,senegal,0.8,-5.761496543884277,0.20000000000000018,425740978.5919343,0.24466645869169637,-2.289174074415547
302,316,senegal,0.8,-5.761496543884277,0.20000000000000018,425740978.5919343,0.24466645869169637,-2.289174074415547
303,317,senegal,0.8,-5.761496543884277,0.20000000000000018,425740978.5919343,0.24466645869169637,-2.289174074415547
304,318,senegal,0.8,-5.761496543884277,0.20000000000000018,425740978.5919343,0.24466645869169637,-2.289174074415547
305,319,senegal,0.8,-5.761496543884277,0.20000000000000018,425740978.5919343,0.24466645869169637,-2.289174074415547
306,320,senegal,0.8,-5.761496543884277,0.20000000000000018,425740978.5919343,0.24466645869169637,-2.289174074415547
307,321,senegal,0.8,-8.782543381055197,-0.29999999999999993,512412637.56764907,0.25546881562277934,-2.451237175238454
308,322,senegal,0.8,-8.782543381055197,-0.29999999999999993,512412637.56764907,0.25546881562277934,-2.451237175238454
309,323,senegal,0.8,-8.782543381055197,-0.29999999999999993,512412637.56764907,0.25546881562277934,-2.451237175238454
310,324,senegal,0.8,-8.782543381055197,-0.29999999999999993,512412637.56764907,0.25546881562277934,-2.451237175238454
311,325,senegal,0.8,-8.782543381055197,-0.29999999999999993,512412637.56764907,0.25546881562277934,-2.451237175238454
312,326,senegal,0.8,-8.782543381055197,-0.29999999999999993,512412637.56764907,0.25546881562277934,-2.451237175238454
313,327,senegal,0.8,-8.782543381055197,-0.29999999999999993,512412637.56764907,0.25546881562277934,-2.451237175238454
314,328,senegal,0.8,-8.782543381055197,-0.29999999999999993,512412637.56764907,0.25546881562277934,-2.451237175238454
315,329,senegal,0.8,-8.782543381055197,-0.29999999999999993,512412637.56764907,0.25546881562277934,-2.451237175238454
316,330,senegal,0.8,-8.782543381055197,-0.29999999999999993,512412637.56764907,0.25546881562277934,-2.451237175238454
317,331,senegal,0.8,-8.13144020239512,-0.29999999999999993,382468642.09497017,0.2771313551997768,-0.8716880818182292
318,332,senegal,0.8,-8.13144020239512,-0.29999999999999993,382468642.09497017,0.2771313551997768,-0.8716880818182292
319,333,senegal,0.8,-8.13144020239512,-0.29999999999999993,382468642.09497017,0.2771313551997768,-0.8716880818182292
320,334,senegal,0.8,-8.13144020239512,-0.29999999999999993,382468642.09497017,0.2771313551997768,-0.8716880818182292
321,335,senegal,0.8,-8.13144020239512,-0.29999999999999993,382468642.09497017,0.2771313551997768,-0.8716880818182292
322,336,senegal,0.8,-8.13144020239512,-0.29999999999999993,382468642.09497017,0.2771313551997768,-0.8716880818182292
323,337,senegal,0.8,-8.13144020239512,-0.29999999999999993,382468642.09497017,0.2771313551997768,-0.8716880818182292
324,338,senegal,0.8,-8.13144020239512,-0.29999999999999993,382468642.09497017,0.2771313551997768,-0.8716880818182292
325,340,senegal,0.8,-8.13144020239512,-0.29999999999999993,382468642.09497017,0.2771313551997768,-0.8716880818182292
326,341,senegal,0.8,-8.29553747177124,-0.29999999999999993,382462738.17175186,0.2666164578290994,0.3831162606623235
327,342,senegal,0.8,-8.29553747177124,-0.29999999999999993,382462738.17175186,0.2666164578290994,0.3831162606623235
328,343,senegal,0.8,-8.29553747177124,-0.29999999999999993,382462738.17175186,0.2666164578290994,0.3831162606623235
329,345,senegal,0.8,-8.29553747177124,-0.29999999999999993,382462738.17175186,0.2666164578290994,0.3831162606623235
330,346,senegal,0.8,-8.29553747177124,-0.29999999999999993,382462738.17175186,0.2666164578290994,0.3831162606623235
331,347,senegal,0.8,-8.29553747177124,-0.29999999999999993,382462738.17175186,0.2666164578290994,0.3831162606623235
332,348,senegal,0.8,-8.29553747177124,-0.29999999999999993,382462738.17175186,0.2666164578290994,0.3831162606623235
333,349,senegal,0.8,-8.29553747177124,-0.29999999999999993,382462738.17175186,0.2666164578290994,0.3831162606623235
334,350,senegal,0.8,-9.161591082811356,-0.8,213649418.17419702,0.27344683891819554,1.1226026552612387
335,351,senegal,0.8,-9.161591082811356,-0.8,213649418.17419702,0.27344683891819554,1.1226026552612387
336,352,senegal,0.8,-9.161591082811356,-0.8,213649418.17419702,0.27344683891819554,1.1226026552612387
337,353,senegal,0.8,-9.161591082811356,-0.8,213649418.17419702,0.27344683891819554,1.1226026552612387
338,354,senegal,0.8,-9.161591082811356,-0.8,213649418.17419702,0.27344683891819554,1.1226026552612387
339,355,senegal,0.8,-9.161591082811356,-0.8,213649418.17419702,0.27344683891819554,1.1226026552612387
340,356,senegal,0.8,-9.161591082811356,-0.8,213649418.17419702,0.27344683891819554,1.1226026552612387
341,357,senegal,0.8,-9.161591082811356,-0.8,213649418.17419702,0.27344683891819554,1.1226026552612387
342,358,senegal,0.8,-9.161591082811356,-0.8,213649418.17419702,0.27344683891819554,1.1226026552612387
343,359,senegal,0.8,-8.29553747177124,-0.29999999999999993,382462738.17175186,0.2666164578290994,0.3831162606623235
344,360,senegal,0.8,-9.161591082811356,-0.8,213649418.17419702,0.27344683891819554,1.1226026552612387
345,361,senegal,0.6,-8.905259569485983,-0.5999999999999999,417116773.38722056,0.2789459299279369,-1.7202411024297894
346,362,senegal,0.6,-8.905259569485983,-0.5999999999999999,417116773.38722056,0.2789459299279369,-1.7202411024297894
347,363,senegal,0.6,-8.905259569485983,-0.5999999999999999,417116773.38722056,0.2789459299279369,-1.7202411024297894
348,364,senegal,0.6,-8.905259569485983,-0.5999999999999999,417116773.38722056,0.2789459299279369,-1.7202411024297894
349,365,senegal,0.6,-8.905259569485983,-0.5999999999999999,417116773.38722056,0.2789459299279369,-1.7202411024297894
350,366,senegal,0.6,-8.905259569485983,-0.5999999999999999,417116773.38722056,0.2789459299279369,-1.7202411024297894
351,367,senegal,0.6,-8.905259569485983,-0.5999999999999999,417116773.38722056,0.2789459299279369,-1.7202411024297894
352,368,senegal,0.6,-8.905259569485983,-0.5999999999999999,417116773.38722056,0.2789459299279369,-1.7202411024297894
353,369,senegal,0.6,-8.905259569485983,-0.5999999999999999,417116773.38722056,0.2789459299279369,-1.7202411024297894
354,370,senegal,0.6,-8.905259569485983,-0.5999999999999999,417116773.38722056,0.2789459299279369,-1.7202411024297894
355,371,senegal,0.6,-10.24788224697113,0.06666666666666665,485299975.5252021,0.29663930617983103,1.602156465676643
356,372,senegal,0.6,-10.24788224697113,0.06666666666666665,485299975.5252021,0.29663930617983103,1.602156465676643
357,373,senegal,0.6,-10.24788224697113,0.06666666666666665,485299975.5252021,0.29663930617983103,1.602156465676643
358,374,senegal,0.6,-10.24788224697113,0.06666666666666665,485299975.5252021,0.29663930617983103,1.602156465676643
359,375,senegal,0.6,-10.24788224697113,0.06666666666666665,485299975.5252021,0.29663930617983103,1.602156465676643
360,376,senegal,0.6,-10.24788224697113,0.06666666666666665,485299975.5252021,0.29663930617983103,1.602156465676643
361,377,senegal,0.6,-10.24788224697113,0.06666666666666665,485299975.5252021,0.29663930617983103,1.602156465676643
362,378,senegal,0.6,-10.24788224697113,0.06666666666666665,485299975.5252021,0.29663930617983103,1.602156465676643
363,379,senegal,0.6,-10.24788224697113,0.06666666666666665,485299975.5252021,0.29663930617983103,1.602156465676643
364,380,senegal,0.6,-10.24788224697113,0.06666666666666665,485299975.5252021,0.29663930617983103,1.602156465676643
365,381,senegal,0.4,-19.65275764465332,-0.3999999999999999,234254858.85910836,0.2657121579827864,-0.6085754913680017
366,382,senegal,0.4,-19.65275764465332,-0.3999999999999999,234254858.85910836,0.2657121579827864,-0.6085754913680017
367,383,senegal,0.4,-19.65275764465332,-0.3999999999999999,234254858.85910836,0.2657121579827864,-0.6085754913680017
368,384,senegal,0.4,-19.65275764465332,-0.3999999999999999,234254858.85910836,0.2657121579827864,-0.6085754913680017
369,385,senegal,0.4,-19.65275764465332,-0.3999999999999999,234254858.85910836,0.2657121579827864,-0.6085754913680017
370,386,senegal,0.4,-19.65275764465332,-0.3999999999999999,234254858.85910836,0.2657121579827864,-0.6085754913680017
371,387,senegal,0.4,-19.65275764465332,-0.3999999999999999,234254858.85910836,0.2657121579827864,-0.6085754913680017
372,388,senegal,0.4,-19.65275764465332,-0.3999999999999999,234254858.85910836,0.2657121579827864,-0.6085754913680017
373,389,senegal,0.4,-19.65275764465332,-0.3999999999999999,234254858.85910836,0.2657121579827864,-0.6085754913680017
374,390,senegal,0.4,-19.65275764465332,-0.3999999999999999,234254858.85910836,0.2657121579827864,-0.6085754913680017
375,391,senegal,0.4,-4.454689264297485,-0.3999999999999999,807717763.1880072,0.13872971858439392,-0.27766961373308696
376,392,senegal,0.4,-4.454689264297485,-0.3999999999999999,807717763.1880072,0.13872971858439392,-0.27766961373308696
377,393,senegal,0.4,-4.454689264297485,-0.3999999999999999,807717763.1880072,0.13872971858439392,-0.27766961373308696
378,394,senegal,0.4,-4.454689264297485,-0.3999999999999999,807717763.1880072,0.13872971858439392,-0.27766961373308696
379,395,senegal,0.4,-4.454689264297485,-0.3999999999999999,807717763.1880072,0.13872971858439392,-0.27766961373308696
380,396,senegal,0.4,-4.454689264297485,-0.3999999999999999,807717763.1880072,0.13872971858439392,-0.27766961373308696
381,397,senegal,0.4,-4.454689264297485,-0.3999999999999999,807717763.1880072,0.13872971858439392,-0.27766961373308696
382,398,senegal,0.4,-4.454689264297485,-0.3999999999999999,807717763.1880072,0.13872971858439392,-0.27766961373308696
383,399,senegal,0.4,-4.454689264297485,-0.3999999999999999,807717763.1880072,0.13872971858439392,-0.27766961373308696
384,400,senegal,0.4,-4.454689264297485,-0.3999999999999999,807717763.1880072,0.13872971858439392,-0.27766961373308696
385,401,senegal,0.6,-11.237145066261292,0.06666666666666665,485299975.5252021,0.2541698121126216,-0.7468883573059047
386,402,senegal,0.6,-11.237145066261292,0.06666666666666665,485299975.5252021,0.2541698121126216,-0.7468883573059047
387,403,senegal,0.6,-11.237145066261292,0.06666666666666665,485299975.5252021,0.2541698121126216,-0.7468883573059047
388,404,senegal,0.6,-11.237145066261292,0.06666666666666665,485299975.5252021,0.2541698121126216,-0.7468883573059047
389,405,senegal,0.6,-11.237145066261292,0.06666666666666665,485299975.5252021,0.2541698121126216,-0.7468883573059047
390,406,senegal,0.6,-11.237145066261292,0.06666666666666665,485299975.5252021,0.2541698121126216,-0.7468883573059047
391,407,senegal,0.6,-11.237145066261292,0.06666666666666665,485299975.5252021,0.2541698121126216,-0.7468883573059047
392,408,senegal,0.6,-11.237145066261292,0.06666666666666665,485299975.5252021,0.2541698121126216,-0.7468883573059047
393,409,senegal,0.6,-11.237145066261292,0.06666666666666665,485299975.5252021,0.2541698121126216,-0.7468883573059047
394,410,senegal,0.6,-11.237145066261292,0.06666666666666665,485299975.5252021,0.2541698121126216,-0.7468883573059047
395,411,senegal,0.8,-8.782543381055197,-0.29999999999999993,512412637.56764907,0.25546881562277934,-2.451237175238454
396,412,senegal,0.8,-8.782543381055197,-0.29999999999999993,512412637.56764907,0.25546881562277934,-2.451237175238454
397,413,senegal,0.8,-8.782543381055197,-0.29999999999999993,512412637.56764907,0.25546881562277934,-2.451237175238454
398,414,senegal,0.8,-8.782543381055197,-0.29999999999999993,512412637.56764907,0.25546881562277934,-2.451237175238454
399,415,senegal,0.8,-8.782543381055197,-0.29999999999999993,512412637.56764907,0.25546881562277934,-2.451237175238454
400,416,senegal,0.8,-8.782543381055197,-0.29999999999999993,512412637.56764907,0.25546881562277934,-2.451237175238454
401,417,senegal,0.8,-8.782543381055197,-0.29999999999999993,512412637.56764907,0.25546881562277934,-2.451237175238454
402,418,senegal,0.8,-8.782543381055197,-0.29999999999999993,512412637.56764907,0.25546881562277934,-2.451237175238454
403,419,senegal,0.8,-8.782543381055197,-0.29999999999999993,512412637.56764907,0.25546881562277934,-2.451237175238454
404,420,senegal,0.8,-8.782543381055197,-0.29999999999999993,512412637.56764907,0.25546881562277934,-2.451237175238454
405,421,senegal,0.6,-10.321795016527176,0.06666666666666665,354069086.9448339,0.2538452646607163,-2.174479278574381
406,422,senegal,0.6,-10.321795016527176,0.06666666666666665,354069086.9448339,0.2538452646607163,-2.174479278574381
407,423,senegal,0.6,-10.321795016527176,0.06666666666666665,354069086.9448339,0.2538452646607163,-2.174479278574381
408,424,senegal,0.6,-10.321795016527176,0.06666666666666665,354069086.9448339,0.2538452646607163,-2.174479278574381
409,425,senegal,0.6,-10.321795016527176,0.06666666666666665,354069086.9448339,0.2538452646607163,-2.174479278574381
410,426,senegal,0.6,-10.321795016527176,0.06666666666666665,354069086.9448339,0.2538452646607163,-2.174479278574381
411,427,senegal,0.6,-10.321795016527176,0.06666666666666665,354069086.9448339,0.2538452646607163,-2.174479278574381
412,428,senegal,0.6,-10.321795016527176,0.06666666666666665,354069086.9448339,0.2538452646607163,-2.174479278574381
413,429,senegal,0.6,-10.321795016527176,0.06666666666666665,354069086.9448339,0.2538452646607163,-2.174479278574381
414,430,senegal,0.6,-10.321795016527176,0.06666666666666665,354069086.9448339,0.2538452646607163,-2.174479278574381
415,431,senegal,0.8,-10.37350215514501,0.7000000000000004,456601754.39662856,0.26565951554946565,0.7992249347224134
416,432,senegal,0.8,-10.37350215514501,0.7000000000000004,456601754.39662856,0.26565951554946565,0.7992249347224134
417,433,senegal,0.8,-10.37350215514501,0.7000000000000004,456601754.39662856,0.26565951554946565,0.7992249347224134
418,434,senegal,0.8,-10.37350215514501,0.7000000000000004,456601754.39662856,0.26565951554946565,0.7992249347224134
419,435,senegal,0.8,-10.37350215514501,0.7000000000000004,456601754.39662856,0.26565951554946565,0.7992249347224134
420,436,senegal,0.8,-10.37350215514501,0.7000000000000004,456601754.39662856,0.26565951554946565,0.7992249347224134
421,437,senegal,0.8,-10.37350215514501,0.7000000000000004,456601754.39662856,0.26565951554946565,0.7992249347224134
422,438,senegal,0.8,-10.37350215514501,0.7000000000000004,456601754.39662856,0.26565951554946565,0.7992249347224134
423,439,senegal,0.8,-10.37350215514501,0.7000000000000004,456601754.39662856,0.26565951554946565,0.7992249347224134
424,440,senegal,0.8,-10.37350215514501,0.7000000000000004,456601754.39662856,0.26565951554946565,0.7992249347224134
425,441,senegal,0.4,-18.794641494750977,-0.3999999999999999,281081288.66592056,0.2495543151623698,-1.4589983774881243
426,442,senegal,0.4,-18.794641494750977,-0.3999999999999999,281081288.66592056,0.2495543151623698,-1.4589983774881243
427,443,senegal,0.4,-18.794641494750977,-0.3999999999999999,281081288.66592056,0.2495543151623698,-1.4589983774881243
428,444,senegal,0.4,-18.794641494750977,-0.3999999999999999,281081288.66592056,0.2495543151623698,-1.4589983774881243
429,445,senegal,0.4,-18.794641494750977,-0.3999999999999999,281081288.66592056,0.2495543151623698,-1.4589983774881243
430,446,senegal,0.4,-18.794641494750977,-0.3999999999999999,281081288.66592056,0.2495543151623698,-1.4589983774881243
431,447,senegal,0.4,-18.794641494750977,-0.3999999999999999,281081288.66592056,0.2495543151623698,-1.4589983774881243
432,448,senegal,0.4,-18.794641494750977,-0.3999999999999999,281081288.66592056,0.2495543151623698,-1.4589983774881243
433,449,senegal,0.4,-18.794641494750977,-0.3999999999999999,281081288.66592056,0.2495543151623698,-1.4589983774881243
434,450,senegal,0.4,-18.794641494750977,-0.3999999999999999,281081288.66592056,0.2495543151623698,-1.4589983774881243
435,451,senegal,0.6,-10.1736681163311,0.06666666666666665,398721305.8632402,0.24901200447611882,-3.5933945954353765
436,452,senegal,0.6,-10.1736681163311,0.06666666666666665,398721305.8632402,0.24901200447611882,-3.5933945954353765
437,453,senegal,0.6,-10.1736681163311,0.06666666666666665,398721305.8632402,0.24901200447611882,-3.5933945954353765
438,454,senegal,0.6,-10.1736681163311,0.06666666666666665,398721305.8632402,0.24901200447611882,-3.5933945954353765
439,455,senegal,0.6,-10.1736681163311,0.06666666666666665,398721305.8632402,0.24901200447611882,-3.5933945954353765
440,456,senegal,0.6,-10.1736681163311,0.06666666666666665,398721305.8632402,0.24901200447611882,-3.5933945954353765
441,457,senegal,0.6,-10.1736681163311,0.06666666666666665,398721305.8632402,0.24901200447611882,-3.5933945954353765
442,458,senegal,0.6,-10.1736681163311,0.06666666666666665,398721305.8632402,0.24901200447611882,-3.5933945954353765
443,459,senegal,0.6,-10.1736681163311,0.06666666666666665,398721305.8632402,0.24901200447611882,-3.5933945954353765
444,460,senegal,0.6,-10.1736681163311,0.06666666666666665,398721305.8632402,0.24901200447611882,-3.5933945954353765
445,461,senegal,0.4,-18.066705465316772,-0.3999999999999999,237617159.98841062,0.2931426682209999,1.9127388945159305
446,462,senegal,0.4,-18.066705465316772,-0.3999999999999999,237617159.98841062,0.2931426682209999,1.9127388945159305
447,463,senegal,0.4,-18.066705465316772,-0.3999999999999999,237617159.98841062,0.2931426682209999,1.9127388945159305
448,464,senegal,0.4,-18.066705465316772,-0.3999999999999999,237617159.98841062,0.2931426682209999,1.9127388945159305
449,465,senegal,0.4,-18.066705465316772,-0.3999999999999999,237617159.98841062,0.2931426682209999,1.9127388945159305
450,466,senegal,0.4,-18.066705465316772,-0.3999999999999999,237617159.98841062,0.2931426682209999,1.9127388945159305
451,467,senegal,0.4,-18.066705465316772,-0.3999999999999999,237617159.98841062,0.2931426682209999,1.9127388945159305
452,468,senegal,0.4,-18.066705465316772,-0.3999999999999999,237617159.98841062,0.2931426682209999,1.9127388945159305
453,469,senegal,0.4,-18.066705465316772,-0.3999999999999999,237617159.98841062,0.2931426682209999,1.9127388945159305
454,470,senegal,0.4,-18.066705465316772,-0.3999999999999999,237617159.98841062,0.2931426682209999,1.9127388945159305
455,472,senegal,0.6,-10.321795016527176,0.06666666666666665,354069086.9448339,0.2538452646607163,-2.174479278574381
456,473,senegal,0.6,-10.321795016527176,0.06666666666666665,354069086.9448339,0.2538452646607163,-2.174479278574381
457,474,senegal,0.6,-10.321795016527176,0.06666666666666665,354069086.9448339,0.2538452646607163,-2.174479278574381
458,475,senegal,0.6,-10.321795016527176,0.06666666666666665,354069086.9448339,0.2538452646607163,-2.174479278574381
459,476,senegal,0.6,-10.321795016527176,0.06666666666666665,354069086.9448339,0.2538452646607163,-2.174479278574381
460,477,senegal,0.6,-10.321795016527176,0.06666666666666665,354069086.9448339,0.2538452646607163,-2.174479278574381
461,478,senegal,0.6,-10.321795016527176,0.06666666666666665,354069086.9448339,0.2538452646607163,-2.174479278574381
462,479,senegal,0.6,-10.321795016527176,0.06666666666666665,354069086.9448339,0.2538452646607163,-2.174479278574381
463,480,senegal,0.6,-10.321795016527176,0.06666666666666665,354069086.9448339,0.2538452646607163,-2.174479278574381
464,481,senegal,0.8,-7.793081760406494,0.20000000000000018,500326296.5139264,0.29112824773432483,0.913363723648041
465,482,senegal,0.8,-7.793081760406494,0.20000000000000018,500326296.5139264,0.29112824773432483,0.913363723648041
466,483,senegal,0.8,-7.793081760406494,0.20000000000000018,500326296.5139264,0.29112824773432483,0.913363723648041
467,484,senegal,0.8,-7.793081760406494,0.20000000000000018,500326296.5139264,0.29112824773432483,0.913363723648041
468,485,senegal,0.8,-7.793081760406494,0.20000000000000018,500326296.5139264,0.29112824773432483,0.913363723648041
469,486,senegal,0.8,-7.793081760406494,0.20000000000000018,500326296.5139264,0.29112824773432483,0.913363723648041
470,487,senegal,0.8,-7.793081760406494,0.20000000000000018,500326296.5139264,0.29112824773432483,0.913363723648041
471,488,senegal,0.8,-7.793081760406494,0.20000000000000018,500326296.5139264,0.29112824773432483,0.913363723648041
472,489,senegal,0.8,-7.793081760406494,0.20000000000000018,500326296.5139264,0.29112824773432483,0.913363723648041
473,490,senegal,0.8,-7.793081760406494,0.20000000000000018,500326296.5139264,0.29112824773432483,0.913363723648041
474,491,senegal,0.8,-7.44552218914032,0.20000000000000018,516822763.6794803,0.28718557821928065,-0.4755274041545148
475,492,senegal,0.8,-7.44552218914032,0.20000000000000018,516822763.6794803,0.28718557821928065,-0.4755274041545148
476,493,senegal,0.8,-7.44552218914032,0.20000000000000018,516822763.6794803,0.28718557821928065,-0.4755274041545148
477,494,senegal,0.8,-7.44552218914032,0.20000000000000018,516822763.6794803,0.28718557821928065,-0.4755274041545148
478,495,senegal,0.8,-7.44552218914032,0.20000000000000018,516822763.6794803,0.28718557821928065,-0.4755274041545148
479,496,senegal,0.8,-7.44552218914032,0.20000000000000018,516822763.6794803,0.28718557821928065,-0.4755274041545148
480,497,senegal,0.8,-7.44552218914032,0.20000000000000018,516822763.6794803,0.28718557821928065,-0.4755274041545148
481,498,senegal,0.8,-7.44552218914032,0.20000000000000018,516822763.6794803,0.28718557821928065,-0.4755274041545148
482,499,senegal,0.8,-7.44552218914032,0.20000000000000018,516822763.6794803,0.28718557821928065,-0.4755274041545148
483,500,senegal,0.8,-7.44552218914032,0.20000000000000018,516822763.6794803,0.28718557821928065,-0.4755274041545148
484,501,senegal,0.8,-4.848722338676453,0.20000000000000018,441359857.871297,0.25708027575996334,-0.33288823997254857
485,502,senegal,0.8,-4.848722338676453,0.20000000000000018,441359857.871297,0.25708027575996334,-0.33288823997254857
486,503,senegal,0.8,-4.848722338676453,0.20000000000000018,441359857.871297,0.25708027575996334,-0.33288823997254857
487,504,senegal,0.8,-4.848722338676453,0.20000000000000018,441359857.871297,0.25708027575996334,-0.33288823997254857
488,505,senegal,0.8,-4.848722338676453,0.20000000000000018,441359857.871297,0.25708027575996334,-0.33288823997254857
489,506,senegal,0.8,-4.848722338676453,0.20000000000000018,441359857.871297,0.25708027575996334,-0.33288823997254857
490,507,senegal,0.8,-4.848722338676453,0.20000000000000018,441359857.871297,0.25708027575996334,-0.33288823997254857
491,508,senegal,0.8,-4.848722338676453,0.20000000000000018,441359857.871297,0.25708027575996334,-0.33288823997254857
492,509,senegal,0.8,-4.848722338676453,0.20000000000000018,441359857.871297,0.25708027575996334,-0.33288823997254857
493,510,senegal,0.8,-4.848722338676453,0.20000000000000018,441359857.871297,0.25708027575996334,-0.33288823997254857
494,511,senegal,0.6,-11.475944519042969,0.06666666666666665,559188256.5856735,0.27347234569396506,-2.076763736228391
495,512,senegal,0.6,-11.475944519042969,0.06666666666666665,559188256.5856735,0.27347234569396506,-2.076763736228391
496,513,senegal,0.6,-11.475944519042969,0.06666666666666665,559188256.5856735,0.27347234569396506,-2.076763736228391
497,514,senegal,0.6,-11.475944519042969,0.06666666666666665,559188256.5856735,0.27347234569396506,-2.076763736228391
498,515,senegal,0.6,-11.475944519042969,0.06666666666666665,559188256.5856735,0.27347234569396506,-2.076763736228391
499,516,senegal,0.6,-11.475944519042969,0.06666666666666665,559188256.5856735,0.27347234569396506,-2.076763736228391
500,517,senegal,0.6,-11.475944519042969,0.06666666666666665,559188256.5856735,0.27347234569396506,-2.076763736228391
501,518,senegal,0.6,-11.475944519042969,0.06666666666666665,559188256.5856735,0.27347234569396506,-2.076763736228391
502,519,senegal,0.6,-11.475944519042969,0.06666666666666665,559188256.5856735,0.27347234569396506,-2.076763736228391
503,520,senegal,0.6,-11.475944519042969,0.06666666666666665,559188256.5856735,0.27347234569396506,-2.076763736228391
504,521,senegal,0.8,-8.302666783332825,0.20000000000000018,469673320.22108465,0.23001467333252776,0.1428124034727723
505,522,senegal,0.8,-8.302666783332825,0.20000000000000018,469673320.22108465,0.23001467333252776,0.1428124034727723
506,523,senegal,0.8,-8.302666783332825,0.20000000000000018,469673320.22108465,0.23001467333252776,0.1428124034727723
507,524,senegal,0.8,-8.302666783332825,0.20000000000000018,469673320.22108465,0.23001467333252776,0.1428124034727723
508,525,senegal,0.8,-8.302666783332825,0.20000000000000018,469673320.22108465,0.23001467333252776,0.1428124034727723
509,527,senegal,0.8,-8.302666783332825,0.20000000000000018,469673320.22108465,0.23001467333252776,0.1428124034727723
510,528,senegal,0.8,-8.302666783332825,0.20000000000000018,469673320.22108465,0.23001467333252776,0.1428124034727723
511,529,senegal,0.8,-8.302666783332825,0.20000000000000018,469673320.22108465,0.23001467333252776,0.1428124034727723
512,530,senegal,0.8,-8.302666783332825,0.20000000000000018,469673320.22108465,0.23001467333252776,0.1428124034727723
513,531,senegal,0.8,-9.685117483139038,-0.29999999999999993,363930007.8684744,0.24919220534499736,-0.8728252868997729
514,532,senegal,0.8,-9.685117483139038,-0.29999999999999993,363930007.8684744,0.24919220534499736,-0.8728252868997729
515,533,senegal,0.8,-9.685117483139038,-0.29999999999999993,363930007.8684744,0.24919220534499736,-0.8728252868997729
516,534,senegal,0.8,-9.685117483139038,-0.29999999999999993,363930007.8684744,0.24919220534499736,-0.8728252868997729
517,535,senegal,0.8,-9.685117483139038,-0.29999999999999993,363930007.8684744,0.24919220534499736,-0.8728252868997729
518,536,senegal,0.8,-9.685117483139038,-0.29999999999999993,363930007.8684744,0.24919220534499736,-0.8728252868997729
519,537,senegal,0.8,-9.685117483139038,-0.29999999999999993,363930007.8684744,0.24919220534499736,-0.8728252868997729
520,538,senegal,0.8,-9.685117483139038,-0.29999999999999993,363930007.8684744,0.24919220534499736,-0.8728252868997729
521,539,senegal,0.8,-9.685117483139038,-0.29999999999999993,363930007.8684744,0.24919220534499736,-0.8728252868997729
522,540,senegal,0.8,-9.685117483139038,-0.29999999999999993,363930007.8684744,0.24919220534499736,-0.8728252868997729
523,541,senegal,0.6,-9.659858107566833,0.06666666666666665,535783720.25157374,0.26354130519900576,0.690335069192511
524,542,senegal,0.6,-9.659858107566833,0.06666666666666665,535783720.25157374,0.26354130519900576,0.690335069192511
525,543,senegal,0.6,-9.659858107566833,0.06666666666666665,535783720.25157374,0.26354130519900576,0.690335069192511
526,544,senegal,0.6,-9.659858107566833,0.06666666666666665,535783720.25157374,0.26354130519900576,0.690335069192511
527,545,senegal,0.6,-9.659858107566833,0.06666666666666665,535783720.25157374,0.26354130519900576,0.690335069192511
528,546,senegal,0.6,-9.659858107566833,0.06666666666666665,535783720.25157374,0.26354130519900576,0.690335069192511
529,547,senegal,0.6,-9.659858107566833,0.06666666666666665,535783720.25157374,0.26354130519900576,0.690335069192511
530,548,senegal,0.6,-9.659858107566833,0.06666666666666665,535783720.25157374,0.26354130519900576,0.690335069192511
531,549,senegal,0.6,-9.659858107566833,0.06666666666666665,535783720.25157374,0.26354130519900576,0.690335069192511
532,550,senegal,0.6,-9.659858107566833,0.06666666666666665,535783720.25157374,0.26354130519900576,0.690335069192511
533,551,senegal,0.4,-4.7139976024627686,-0.3999999999999999,807717763.1880072,0.18183112483827443,0.31208183214518803
534,552,senegal,0.4,-4.7139976024627686,-0.3999999999999999,807717763.1880072,0.18183112483827443,0.31208183214518803
535,553,senegal,0.4,-4.7139976024627686,-0.3999999999999999,807717763.1880072,0.18183112483827443,0.31208183214518803
536,554,senegal,0.4,-4.7139976024627686,-0.3999999999999999,807717763.1880072,0.18183112483827443,0.31208183214518803
537,555,senegal,0.4,-4.7139976024627686,-0.3999999999999999,807717763.1880072,0.18183112483827443,0.31208183214518803
538,556,senegal,0.4,-4.7139976024627686,-0.3999999999999999,807717763.1880072,0.18183112483827443,0.31208183214518803
539,557,senegal,0.4,-4.7139976024627686,-0.3999999999999999,807717763.1880072,0.18183112483827443,0.31208183214518803
540,558,senegal,0.4,-4.7139976024627686,-0.3999999999999999,807717763.1880072,0.18183112483827443,0.31208183214518803
541,559,senegal,0.4,-4.7139976024627686,-0.3999999999999999,807717763.1880072,0.18183112483827443,0.31208183214518803
542,560,senegal,0.4,-4.7139976024627686,-0.3999999999999999,807717763.1880072,0.18183112483827443,0.31208183214518803
543,561,senegal,0.4,-7.233438968658447,0.6000000000000003,447500315.712825,0.26525017530647166,1.1877785447179374
544,562,senegal,0.4,-7.233438968658447,0.6000000000000003,447500315.712825,0.26525017530647166,1.1877785447179374
545,563,senegal,0.4,-7.233438968658447,0.6000000000000003,447500315.712825,0.26525017530647166,1.1877785447179374
546,564,senegal,0.4,-7.233438968658447,0.6000000000000003,447500315.712825,0.26525017530647166,1.1877785447179374
547,565,senegal,0.4,-7.233438968658447,0.6000000000000003,447500315.712825,0.26525017530647166,1.1877785447179374
548,566,senegal,0.4,-7.233438968658447,0.6000000000000003,447500315.712825,0.26525017530647166,1.1877785447179374
549,567,senegal,0.4,-7.233438968658447,0.6000000000000003,447500315.712825,0.26525017530647166,1.1877785447179374
550,568,senegal,0.4,-7.233438968658447,0.6000000000000003,447500315.712825,0.26525017530647166,1.1877785447179374
551,569,senegal,0.4,-7.233438968658447,0.6000000000000003,447500315.712825,0.26525017530647166,1.1877785447179374
552,570,senegal,0.4,-7.233438968658447,0.6000000000000003,447500315.712825,0.26525017530647166,1.1877785447179374
553,571,senegal,0.6,-4.037182062864304,0.06666666666666665,661167306.5596004,0.24966953391623897,1.6754439935640368
554,572,senegal,0.6,-4.037182062864304,0.06666666666666665,661167306.5596004,0.24966953391623897,1.6754439935640368
555,573,senegal,0.6,-4.037182062864304,0.06666666666666665,661167306.5596004,0.24966953391623897,1.6754439935640368
556,574,senegal,0.6,-4.037182062864304,0.06666666666666665,661167306.5596004,0.24966953391623897,1.6754439935640368
557,575,senegal,0.6,-4.037182062864304,0.06666666666666665,661167306.5596004,0.24966953391623897,1.6754439935640368
558,576,senegal,0.6,-4.037182062864304,0.06666666666666665,661167306.5596004,0.24966953391623897,1.6754439935640368
559,577,senegal,0.6,-4.037182062864304,0.06666666666666665,661167306.5596004,0.24966953391623897,1.6754439935640368
560,578,senegal,0.6,-4.037182062864304,0.06666666666666665,661167306.5596004,0.24966953391623897,1.6754439935640368
561,579,senegal,0.6,-4.037182062864304,0.06666666666666665,661167306.5596004,0.24966953391623897,1.6754439935640368
562,580,senegal,0.6,-4.037182062864304,0.06666666666666665,661167306.5596004,0.24966953391623897,1.6754439935640368
563,581,senegal,0.6,-5.266289204359055,0.06666666666666665,495290562.05417633,0.23438056396339652,2.2340802351032236
564,582,senegal,0.6,-5.266289204359055,0.06666666666666665,495290562.05417633,0.23438056396339652,2.2340802351032236
565,583,senegal,0.6,-5.266289204359055,0.06666666666666665,495290562.05417633,0.23438056396339652,2.2340802351032236
566,584,senegal,0.6,-5.266289204359055,0.06666666666666665,495290562.05417633,0.23438056396339652,2.2340802351032236
567,585,senegal,0.6,-5.266289204359055,0.06666666666666665,495290562.05417633,0.23438056396339652,2.2340802351032236
568,586,senegal,0.6,-5.266289204359055,0.06666666666666665,495290562.05417633,0.23438056396339652,2.2340802351032236
569,587,senegal,0.6,-5.266289204359055,0.06666666666666665,495290562.05417633,0.23438056396339652,2.2340802351032236
570,588,senegal,0.6,-5.266289204359055,0.06666666666666665,495290562.05417633,0.23438056396339652,2.2340802351032236
571,589,senegal,0.6,-5.266289204359055,0.06666666666666665,495290562.05417633,0.23438056396339652,2.2340802351032236
572,590,senegal,0.6,-5.266289204359055,0.06666666666666665,495290562.05417633,0.23438056396339652,2.2340802351032236
573,591,senegal,0.8,-4.046691536903381,0.20000000000000018,443569983.31801736,0.25909935663554473,2.0711572046751483
574,592,senegal,0.8,-4.046691536903381,0.20000000000000018,443569983.31801736,0.25909935663554473,2.0711572046751483
575,593,senegal,0.8,-4.046691536903381,0.20000000000000018,443569983.31801736,0.25909935663554473,2.0711572046751483
576,594,senegal,0.8,-4.046691536903381,0.20000000000000018,443569983.31801736,0.25909935663554473,2.0711572046751483
577,595,senegal,0.8,-4.046691536903381,0.20000000000000018,443569983.31801736,0.25909935663554473,2.0711572046751483
578,596,senegal,0.8,-4.046691536903381,0.20000000000000018,443569983.31801736,0.25909935663554473,2.0711572046751483
579,597,senegal,0.8,-4.046691536903381,0.20000000000000018,443569983.31801736,0.25909935663554473,2.0711572046751483
580,598,senegal,0.8,-4.046691536903381,0.20000000000000018,443569983.31801736,0.25909935663554473,2.0711572046751483
581,599,senegal,0.8,-4.046691536903381,0.20000000000000018,443569983.31801736,0.25909935663554473,2.0711572046751483
582,600,senegal,0.8,-4.046691536903381,0.20000000000000018,443569983.31801736,0.25909935663554473,2.0711572046751483
583,601,senegal,1.0,-7.594168066978455,-0.6,160560603.88357878,0.2827840139203176,0.2075878808620475
584,602,senegal,1.0,-7.594168066978455,-0.6,160560603.88357878,0.2827840139203176,0.2075878808620475
585,603,senegal,1.0,-7.594168066978455,-0.6,160560603.88357878,0.2827840139203176,0.2075878808620475
586,604,senegal,1.0,-7.594168066978455,-0.6,160560603.88357878,0.2827840139203176,0.2075878808620475
587,605,senegal,1.0,-7.594168066978455,-0.6,160560603.88357878,0.2827840139203176,0.2075878808620475
588,606,senegal,1.0,-7.594168066978455,-0.6,160560603.88357878,0.2827840139203176,0.2075878808620475
589,607,senegal,1.0,-7.594168066978455,-0.6,160560603.88357878,0.2827840139203176,0.2075878808620475
590,608,senegal,1.0,-7.594168066978455,-0.6,160560603.88357878,0.2827840139203176,0.2075878808620475
591,609,senegal,1.0,-7.594168066978455,-0.6,160560603.88357878,0.2827840139203176,0.2075878808620475
592,610,senegal,1.0,-7.594168066978455,-0.6,160560603.88357878,0.2827840139203176,0.2075878808620475
593,611,senegal,1.0,-7.435898259282112,-0.6,157399505.07441205,0.27911655892573706,-0.4932759006943919
594,612,senegal,1.0,-7.435898259282112,-0.6,157399505.07441205,0.27911655892573706,-0.4932759006943919
595,613,senegal,1.0,-7.435898259282112,-0.6,157399505.07441205,0.27911655892573706,-0.4932759006943919
596,614,senegal,1.0,-7.435898259282112,-0.6,157399505.07441205,0.27911655892573706,-0.4932759006943919
597,615,senegal,1.0,-7.435898259282112,-0.6,157399505.07441205,0.27911655892573706,-0.4932759006943919
598,616,senegal,1.0,-7.435898259282112,-0.6,157399505.07441205,0.27911655892573706,-0.4932759006943919
599,617,senegal,1.0,-7.435898259282112,-0.6,157399505.07441205,0.27911655892573706,-0.4932759006943919
600,618,senegal,1.0,-7.435898259282112,-0.6,157399505.07441205,0.27911655892573706,-0.4932759006943919
601,619,senegal,1.0,-7.435898259282112,-0.6,157399505.07441205,0.27911655892573706,-0.4932759006943919
602,620,senegal,1.0,-7.435898259282112,-0.6,157399505.07441205,0.27911655892573706,-0.4932759006943919
603,621,senegal,0.6,-11.28417201836904,-0.5999999999999999,278567767.7328157,0.28376026303838564,0.24668238155660327
604,622,senegal,0.6,-11.28417201836904,-0.5999999999999999,278567767.7328157,0.28376026303838564,0.24668238155660327
605,623,senegal,0.6,-11.28417201836904,-0.5999999999999999,278567767.7328157,0.28376026303838564,0.24668238155660327
606,624,senegal,0.6,-11.28417201836904,-0.5999999999999999,278567767.7328157,0.28376026303838564,0.24668238155660327
607,625,senegal,0.6,-11.28417201836904,-0.5999999999999999,278567767.7328157,0.28376026303838564,0.24668238155660327
608,626,senegal,0.6,-11.28417201836904,-0.5999999999999999,278567767.7328157,0.28376026303838564,0.24668238155660327
609,627,senegal,0.6,-11.28417201836904,-0.5999999999999999,278567767.7328157,0.28376026303838564,0.24668238155660327
610,628,senegal,0.6,-11.28417201836904,-0.5999999999999999,278567767.7328157,0.28376026303838564,0.24668238155660327
611,629,senegal,0.6,-11.28417201836904,-0.5999999999999999,278567767.7328157,0.28376026303838564,0.24668238155660327
612,630,senegal,0.6,-11.28417201836904,-0.5999999999999999,278567767.7328157,0.28376026303838564,0.24668238155660327
613,631,senegal,0.6,-2.596154272556305,0.06666666666666665,806647345.606452,0.14073017144469535,0.0070227220789400024
614,632,senegal,0.6,-2.596154272556305,0.06666666666666665,806647345.606452,0.14073017144469535,0.0070227220789400024
615,633,senegal,0.6,-2.596154272556305,0.06666666666666665,806647345.606452,0.14073017144469535,0.0070227220789400024
616,634,senegal,0.6,-2.596154272556305,0.06666666666666665,806647345.606452,0.14073017144469535,0.0070227220789400024
617,635,senegal,0.6,-2.596154272556305,0.06666666666666665,806647345.606452,0.14073017144469535,0.0070227220789400024
618,636,senegal,0.6,-2.596154272556305,0.06666666666666665,806647345.606452,0.14073017144469535,0.0070227220789400024
619,637,senegal,0.6,-2.596154272556305,0.06666666666666665,806647345.606452,0.14073017144469535,0.0070227220789400024
620,638,senegal,0.6,-2.596154272556305,0.06666666666666665,806647345.606452,0.14073017144469535,0.0070227220789400024
621,639,senegal,0.6,-2.596154272556305,0.06666666666666665,806647345.606452,0.14073017144469535,0.0070227220789400024
622,640,senegal,0.6,-2.596154272556305,0.06666666666666665,806647345.606452,0.14073017144469535,0.0070227220789400024
623,641,senegal,0.8,-7.310192545255025,-0.29999999999999993,251641533.78233308,0.29520587026219697,-0.25563469174848846
624,642,senegal,0.8,-7.310192545255025,-0.29999999999999993,251641533.78233308,0.29520587026219697,-0.25563469174848846
625,643,senegal,0.8,-7.310192545255025,-0.29999999999999993,251641533.78233308,0.29520587026219697,-0.25563469174848846
626,644,senegal,0.8,-7.310192545255025,-0.29999999999999993,251641533.78233308,0.29520587026219697,-0.25563469174848846
627,645,senegal,0.8,-7.310192545255025,-0.29999999999999993,251641533.78233308,0.29520587026219697,-0.25563469174848846
628,646,senegal,0.8,-7.310192545255025,-0.29999999999999993,251641533.78233308,0.29520587026219697,-0.25563469174848846
629,647,senegal,0.8,-7.310192545255025,-0.29999999999999993,251641533.78233308,0.29520587026219697,-0.25563469174848846
630,648,senegal,0.8,-7.310192545255025,-0.29999999999999993,251641533.78233308,0.29520587026219697,-0.25563469174848846
631,649,senegal,0.8,-7.310192545255025,-0.29999999999999993,251641533.78233308,0.29520587026219697,-0.25563469174848846
632,650,senegal,0.8,-7.310192545255025,-0.29999999999999993,251641533.78233308,0.29520587026219697,-0.25563469174848846
633,651,senegal,0.0,0.0,0.0,0.0,,0.0
634,652,senegal,0.0,0.0,0.0,0.0,,0.0
635,653,senegal,0.0,0.0,0.0,0.0,,0.0
636,654,senegal,0.0,0.0,0.0,0.0,,0.0
637,655,senegal,0.0,0.0,0.0,0.0,,0.0
638,656,senegal,0.0,0.0,0.0,0.0,,0.0
639,657,senegal,0.0,0.0,0.0,0.0,,0.0
640,658,senegal,0.0,0.0,0.0,0.0,,0.0
641,659,senegal,0.0,0.0,0.0,0.0,,0.0
642,660,senegal,0.0,0.0,0.0,0.0,,0.0
643,661,senegal,1.0,-5.574219438764785,0.19999999999999996,596444238.0256505,0.24916542429214578,0.9812236609785664
644,662,senegal,1.0,-5.574219438764785,0.19999999999999996,596444238.0256505,0.24916542429214578,0.9812236609785664
645,663,senegal,1.0,-5.574219438764785,0.19999999999999996,596444238.0256505,0.24916542429214578,0.9812236609785664
646,664,senegal,1.0,-5.574219438764785,0.19999999999999996,596444238.0256505,0.24916542429214578,0.9812236609785664
647,665,senegal,1.0,-5.574219438764785,0.19999999999999996,596444238.0256505,0.24916542429214578,0.9812236609785664
648,667,senegal,1.0,-5.574219438764785,0.19999999999999996,596444238.0256505,0.24916542429214578,0.9812236609785664
649,668,senegal,1.0,-5.574219438764785,0.19999999999999996,596444238.0256505,0.24916542429214578,0.9812236609785664
650,669,senegal,1.0,-5.574219438764785,0.19999999999999996,596444238.0256505,0.24916542429214578,0.9812236609785664
651,670,senegal,1.0,-5.574219438764785,0.19999999999999996,596444238.0256505,0.24916542429214578,0.9812236609785664
652,671,senegal,0.6,-2.3728898763656616,0.06666666666666665,639249022.0518256,0.18836013923950526,-0.18283596710926325
653,672,senegal,0.6,-2.3728898763656616,0.06666666666666665,639249022.0518256,0.18836013923950526,-0.18283596710926325
654,673,senegal,0.6,-2.3728898763656616,0.06666666666666665,639249022.0518256,0.18836013923950526,-0.18283596710926325
655,674,senegal,0.6,-2.3728898763656616,0.06666666666666665,639249022.0518256,0.18836013923950526,-0.18283596710926325
656,675,senegal,0.6,-2.3728898763656616,0.06666666666666665,639249022.0518256,0.18836013923950526,-0.18283596710926325
657,676,senegal,0.6,-2.3728898763656616,0.06666666666666665,639249022.0518256,0.18836013923950526,-0.18283596710926325
658,677,senegal,0.6,-2.3728898763656616,0.06666666666666665,639249022.0518256,0.18836013923950526,-0.18283596710926325
659,678,senegal,0.6,-2.3728898763656616,0.06666666666666665,639249022.0518256,0.18836013923950526,-0.18283596710926325
660,679,senegal,0.6,-2.3728898763656616,0.06666666666666665,639249022.0518256,0.18836013923950526,-0.18283596710926325
661,680,senegal,0.8,-10.070681869983673,0.20000000000000018,467676769.86300325,0.2722727325836399,1.4218135643690284
662,681,senegal,0.8,-10.070681869983673,0.20000000000000018,467676769.86300325,0.2722727325836399,1.4218135643690284
663,682,senegal,0.8,-10.070681869983673,0.20000000000000018,467676769.86300325,0.2722727325836399,1.4218135643690284
664,683,senegal,0.8,-10.070681869983673,0.20000000000000018,467676769.86300325,0.2722727325836399,1.4218135643690284
665,684,senegal,0.8,-10.070681869983673,0.20000000000000018,467676769.86300325,0.2722727325836399,1.4218135643690284
666,685,senegal,0.8,-10.070681869983673,0.20000000000000018,467676769.86300325,0.2722727325836399,1.4218135643690284
667,686,senegal,0.8,-10.070681869983673,0.20000000000000018,467676769.86300325,0.2722727325836399,1.4218135643690284
668,687,senegal,0.8,-10.070681869983673,0.20000000000000018,467676769.86300325,0.2722727325836399,1.4218135643690284
669,688,senegal,0.8,-10.070681869983673,0.20000000000000018,467676769.86300325,0.2722727325836399,1.4218135643690284
670,689,senegal,0.8,-10.070681869983673,0.20000000000000018,467676769.86300325,0.2722727325836399,1.4218135643690284
671,691,senegal,0.6,-11.475944519042969,0.06666666666666665,559188256.5856735,0.27347234569396506,-2.076763736228391
672,692,senegal,0.6,-11.475944519042969,0.06666666666666665,559188256.5856735,0.27347234569396506,-2.076763736228391
673,693,senegal,0.6,-11.475944519042969,0.06666666666666665,559188256.5856735,0.27347234569396506,-2.076763736228391
674,694,senegal,0.6,-11.475944519042969,0.06666666666666665,559188256.5856735,0.27347234569396506,-2.076763736228391
675,695,senegal,0.6,-11.475944519042969,0.06666666666666665,559188256.5856735,0.27347234569396506,-2.076763736228391
676,696,senegal,0.6,-11.475944519042969,0.06666666666666665,559188256.5856735,0.27347234569396506,-2.076763736228391
677,698,senegal,0.6,-11.475944519042969,0.06666666666666665,559188256.5856735,0.27347234569396506,-2.076763736228391
678,699,senegal,0.6,-11.475944519042969,0.06666666666666665,559188256.5856735,0.27347234569396506,-2.076763736228391
679,701,senegal,0.6,-11.351326644420624,0.06666666666666665,402603819.13377357,0.2414606615007841,-4.5511444872869635
680,702,senegal,0.6,-11.351326644420624,0.06666666666666665,402603819.13377357,0.2414606615007841,-4.5511444872869635
681,703,senegal,0.6,-11.351326644420624,0.06666666666666665,402603819.13377357,0.2414606615007841,-4.5511444872869635
682,704,senegal,0.6,-11.351326644420624,0.06666666666666665,402603819.13377357,0.2414606615007841,-4.5511444872869635
683,705,senegal,0.6,-11.351326644420624,0.06666666666666665,402603819.13377357,0.2414606615007841,-4.5511444872869635
684,706,senegal,0.6,-11.351326644420624,0.06666666666666665,402603819.13377357,0.2414606615007841,-4.5511444872869635
685,707,senegal,0.6,-11.351326644420624,0.06666666666666665,402603819.13377357,0.2414606615007841,-4.5511444872869635
686,708,senegal,0.6,-11.351326644420624,0.06666666666666665,402603819.13377357,0.2414606615007841,-4.5511444872869635
687,709,senegal,0.6,-11.351326644420624,0.06666666666666665,402603819.13377357,0.2414606615007841,-4.5511444872869635
688,710,senegal,0.6,-11.351326644420624,0.06666666666666665,402603819.13377357,0.2414606615007841,-4.5511444872869635
689,711,senegal,0.4,-1.435979962348938,-0.3999999999999999,805259399.7437739,0.13582014684430024,-0.15072648269414438
690,713,senegal,0.4,-1.435979962348938,-0.3999999999999999,805259399.7437739,0.13582014684430024,-0.15072648269414438
691,714,senegal,0.4,-1.435979962348938,-0.3999999999999999,805259399.7437739,0.13582014684430024,-0.15072648269414438
692,715,senegal,0.4,-1.435979962348938,-0.3999999999999999,805259399.7437739,0.13582014684430024,-0.15072648269414438
693,716,senegal,0.4,-1.435979962348938,-0.3999999999999999,805259399.7437739,0.13582014684430024,-0.15072648269414438
694,717,senegal,0.4,-1.435979962348938,-0.3999999999999999,805259399.7437739,0.13582014684430024,-0.15072648269414438
695,718,senegal,0.4,-1.435979962348938,-0.3999999999999999,805259399.7437739,0.13582014684430024,-0.15072648269414438
696,719,senegal,0.4,-1.435979962348938,-0.3999999999999999,805259399.7437739,0.13582014684430024,-0.15072648269414438
697,720,senegal,0.4,-1.435979962348938,-0.3999999999999999,805259399.7437739,0.13582014684430024,-0.15072648269414438
698,721,senegal,0.6,-4.797715365886688,0.06666666666666665,671368751.0187923,0.18903324184169604,-0.03135778265650013
699,722,senegal,0.6,-4.797715365886688,0.06666666666666665,671368751.0187923,0.18903324184169604,-0.03135778265650013
700,723,senegal,0.6,-4.797715365886688,0.06666666666666665,671368751.0187923,0.18903324184169604,-0.03135778265650013
701,724,senegal,0.6,-4.797715365886688,0.06666666666666665,671368751.0187923,0.18903324184169604,-0.03135778265650013
702,725,senegal,0.6,-4.797715365886688,0.06666666666666665,671368751.0187923,0.18903324184169604,-0.03135778265650013
703,726,senegal,0.6,-4.797715365886688,0.06666666666666665,671368751.0187923,0.18903324184169604,-0.03135778265650013
704,727,senegal,0.6,-4.797715365886688,0.06666666666666665,671368751.0187923,0.18903324184169604,-0.03135778265650013
705,728,senegal,0.6,-4.797715365886688,0.06666666666666665,671368751.0187923,0.18903324184169604,-0.03135778265650013
706,729,senegal,0.6,-4.797715365886688,0.06666666666666665,671368751.0187923,0.18903324184169604,-0.03135778265650013
707,730,senegal,0.6,-4.797715365886688,0.06666666666666665,671368751.0187923,0.18903324184169604,-0.03135778265650013
708,731,senegal,0.6,-11.351326644420624,0.06666666666666665,402603819.13377357,0.2414606615007841,-4.5511444872869635
709,732,senegal,0.6,-11.351326644420624,0.06666666666666665,402603819.13377357,0.2414606615007841,-4.5511444872869635
710,733,senegal,0.6,-11.351326644420624,0.06666666666666665,402603819.13377357,0.2414606615007841,-4.5511444872869635
711,734,senegal,0.6,-11.351326644420624,0.06666666666666665,402603819.13377357,0.2414606615007841,-4.5511444872869635
712,735,senegal,0.6,-11.351326644420624,0.06666666666666665,402603819.13377357,0.2414606615007841,-4.5511444872869635
713,736,senegal,0.6,-11.351326644420624,0.06666666666666665,402603819.13377357,0.2414606615007841,-4.5511444872869635
714,737,senegal,0.6,-11.351326644420624,0.06666666666666665,402603819.13377357,0.2414606615007841,-4.5511444872869635
715,738,senegal,0.6,-11.351326644420624,0.06666666666666665,402603819.13377357,0.2414606615007841,-4.5511444872869635
716,739,senegal,0.6,-11.351326644420624,0.06666666666666665,402603819.13377357,0.2414606615007841,-4.5511444872869635
717,740,senegal,0.6,-11.351326644420624,0.06666666666666665,402603819.13377357,0.2414606615007841,-4.5511444872869635
718,741,senegal,0.8,-8.782543381055197,-0.29999999999999993,512412637.56764907,0.25546881562277934,-2.451237175238454
719,742,senegal,0.8,-8.782543381055197,-0.29999999999999993,512412637.56764907,0.25546881562277934,-2.451237175238454
720,743,senegal,0.8,-8.782543381055197,-0.29999999999999993,512412637.56764907,0.25546881562277934,-2.451237175238454
721,744,senegal,0.8,-8.782543381055197,-0.29999999999999993,512412637.56764907,0.25546881562277934,-2.451237175238454
722,745,senegal,0.8,-8.782543381055197,-0.29999999999999993,512412637.56764907,0.25546881562277934,-2.451237175238454
723,746,senegal,0.8,-8.782543381055197,-0.29999999999999993,512412637.56764907,0.25546881562277934,-2.451237175238454
724,747,senegal,0.8,-8.782543381055197,-0.29999999999999993,512412637.56764907,0.25546881562277934,-2.451237175238454
725,748,senegal,0.8,-8.782543381055197,-0.29999999999999993,512412637.56764907,0.25546881562277934,-2.451237175238454
726,749,senegal,0.8,-8.782543381055197,-0.29999999999999993,512412637.56764907,0.25546881562277934,-2.451237175238454
727,750,senegal,0.8,-8.782543381055197,-0.29999999999999993,512412637.56764907,0.25546881562277934,-2.451237175238454
728,751,senegal,0.8,-8.782543381055197,-0.29999999999999993,512412637.56764907,0.25546881562277934,-2.451237175238454
729,752,senegal,0.8,-8.782543381055197,-0.29999999999999993,512412637.56764907,0.25546881562277934,-2.451237175238454
730,753,senegal,0.8,-8.782543381055197,-0.29999999999999993,512412637.56764907,0.25546881562277934,-2.451237175238454
731,754,senegal,0.8,-8.782543381055197,-0.29999999999999993,512412637.56764907,0.25546881562277934,-2.451237175238454
732,755,senegal,0.8,-8.782543381055197,-0.29999999999999993,512412637.56764907,0.25546881562277934,-2.451237175238454
733,756,senegal,0.8,-8.782543381055197,-0.29999999999999993,512412637.56764907,0.25546881562277934,-2.451237175238454
734,757,senegal,0.8,-8.782543381055197,-0.29999999999999993,512412637.56764907,0.25546881562277934,-2.451237175238454
735,758,senegal,0.8,-8.782543381055197,-0.29999999999999993,512412637.56764907,0.25546881562277934,-2.451237175238454
736,759,senegal,0.8,-8.782543381055197,-0.29999999999999993,512412637.56764907,0.25546881562277934,-2.451237175238454
737,760,senegal,0.8,-8.782543381055197,-0.29999999999999993,512412637.56764907,0.25546881562277934,-2.451237175238454
738,761,senegal,0.8,-10.617350399494171,0.20000000000000018,459715311.30693007,0.27977184794849,1.365105348626281
739,762,senegal,0.8,-10.617350399494171,0.20000000000000018,459715311.30693007,0.27977184794849,1.365105348626281
740,763,senegal,0.8,-10.617350399494171,0.20000000000000018,459715311.30693007,0.27977184794849,1.365105348626281
741,764,senegal,0.8,-10.617350399494171,0.20000000000000018,459715311.30693007,0.27977184794849,1.365105348626281
742,765,senegal,0.8,-10.617350399494171,0.20000000000000018,459715311.30693007,0.27977184794849,1.365105348626281
743,766,senegal,0.8,-10.617350399494171,0.20000000000000018,459715311.30693007,0.27977184794849,1.365105348626281
744,767,senegal,0.8,-10.617350399494171,0.20000000000000018,459715311.30693007,0.27977184794849,1.365105348626281
745,768,senegal,0.8,-10.617350399494171,0.20000000000000018,459715311.30693007,0.27977184794849,1.365105348626281
746,769,senegal,0.8,-10.617350399494171,0.20000000000000018,459715311.30693007,0.27977184794849,1.365105348626281
747,770,senegal,0.8,-10.617350399494171,0.20000000000000018,459715311.30693007,0.27977184794849,1.365105348626281
748,772,senegal,0.6,-10.321795016527176,0.06666666666666665,354069086.9448339,0.2538452646607163,-2.174479278574381
749,773,senegal,0.6,-10.321795016527176,0.06666666666666665,354069086.9448339,0.2538452646607163,-2.174479278574381
750,774,senegal,0.6,-10.321795016527176,0.06666666666666665,354069086.9448339,0.2538452646607163,-2.174479278574381
751,775,senegal,0.6,-10.321795016527176,0.06666666666666665,354069086.9448339,0.2538452646607163,-2.174479278574381
752,776,senegal,0.6,-10.321795016527176,0.06666666666666665,354069086.9448339,0.2538452646607163,-2.174479278574381
753,777,senegal,0.6,-10.321795016527176,0.06666666666666665,354069086.9448339,0.2538452646607163,-2.174479278574381
754,778,senegal,0.6,-10.321795016527176,0.06666666666666665,354069086.9448339,0.2538452646607163,-2.174479278574381
755,779,senegal,0.6,-10.321795016527176,0.06666666666666665,354069086.9448339,0.2538452646607163,-2.174479278574381
756,780,senegal,0.6,-10.321795016527176,0.06666666666666665,354069086.9448339,0.2538452646607163,-2.174479278574381
757,781,senegal,0.8,-10.37350215514501,0.7000000000000004,456601754.39662856,0.26565951554946565,0.7992249347224134
758,782,senegal,0.8,-10.37350215514501,0.7000000000000004,456601754.39662856,0.26565951554946565,0.7992249347224134
759,784,senegal,0.8,-10.37350215514501,0.7000000000000004,456601754.39662856,0.26565951554946565,0.7992249347224134
760,785,senegal,0.8,-10.37350215514501,0.7000000000000004,456601754.39662856,0.26565951554946565,0.7992249347224134
761,786,senegal,0.8,-10.37350215514501,0.7000000000000004,456601754.39662856,0.26565951554946565,0.7992249347224134
762,787,senegal,0.8,-10.37350215514501,0.7000000000000004,456601754.39662856,0.26565951554946565,0.7992249347224134
763,788,senegal,0.8,-10.37350215514501,0.7000000000000004,456601754.39662856,0.26565951554946565,0.7992249347224134
764,789,senegal,0.8,-10.37350215514501,0.7000000000000004,456601754.39662856,0.26565951554946565,0.7992249347224134
765,790,senegal,0.8,-10.37350215514501,0.7000000000000004,456601754.39662856,0.26565951554946565,0.7992249347224134
766,791,senegal,0.8,-10.37350215514501,0.7000000000000004,456601754.39662856,0.26565951554946565,0.7992249347224134
767,792,senegal,0.8,-10.37350215514501,0.7000000000000004,456601754.39662856,0.26565951554946565,0.7992249347224134
768,793,senegal,0.8,-10.37350215514501,0.7000000000000004,456601754.39662856,0.26565951554946565,0.7992249347224134
769,794,senegal,0.8,-10.37350215514501,0.7000000000000004,456601754.39662856,0.26565951554946565,0.7992249347224134
770,795,senegal,0.8,-10.37350215514501,0.7000000000000004,456601754.39662856,0.26565951554946565,0.7992249347224134
771,796,senegal,0.8,-10.37350215514501,0.7000000000000004,456601754.39662856,0.26565951554946565,0.7992249347224134
772,797,senegal,0.8,-10.37350215514501,0.7000000000000004,456601754.39662856,0.26565951554946565,0.7992249347224134
773,798,senegal,0.8,-10.37350215514501,0.7000000000000004,456601754.39662856,0.26565951554946565,0.7992249347224134
774,799,senegal,0.8,-10.37350215514501,0.7000000000000004,456601754.39662856,0.26565951554946565,0.7992249347224134
775,800,senegal,0.8,-10.37350215514501,0.7000000000000004,456601754.39662856,0.26565951554946565,0.7992249347224134
776,801,senegal,0.6,-11.382635712623596,0.06666666666666665,485299975.5252021,0.2300316678667697,-3.2798250668182583
777,802,senegal,0.6,-11.382635712623596,0.06666666666666665,485299975.5252021,0.2300316678667697,-3.2798250668182583
778,803,senegal,0.6,-11.382635712623596,0.06666666666666665,485299975.5252021,0.2300316678667697,-3.2798250668182583
779,804,senegal,0.6,-11.382635712623596,0.06666666666666665,485299975.5252021,0.2300316678667697,-3.2798250668182583
780,805,senegal,0.6,-11.382635712623596,0.06666666666666665,485299975.5252021,0.2300316678667697,-3.2798250668182583
781,806,senegal,0.6,-11.382635712623596,0.06666666666666665,485299975.5252021,0.2300316678667697,-3.2798250668182583
782,807,senegal,0.6,-11.382635712623596,0.06666666666666665,485299975.5252021,0.2300316678667697,-3.2798250668182583
783,808,senegal,0.6,-11.382635712623596,0.06666666666666665,485299975.5252021,0.2300316678667697,-3.2798250668182583
784,809,senegal,0.6,-11.382635712623596,0.06666666666666665,485299975.5252021,0.2300316678667697,-3.2798250668182583
785,810,senegal,0.6,-11.382635712623596,0.06666666666666665,485299975.5252021,0.2300316678667697,-3.2798250668182583
786,811,senegal,0.6,-10.936006863911947,-0.5999999999999999,293904613.2957485,0.28179804723807744,1.224668209213535
787,812,senegal,0.6,-10.936006863911947,-0.5999999999999999,293904613.2957485,0.28179804723807744,1.224668209213535
788,813,senegal,0.6,-10.936006863911947,-0.5999999999999999,293904613.2957485,0.28179804723807744,1.224668209213535
789,814,senegal,0.6,-10.936006863911947,-0.5999999999999999,293904613.2957485,0.28179804723807744,1.224668209213535
790,815,senegal,0.6,-10.936006863911947,-0.5999999999999999,293904613.2957485,0.28179804723807744,1.224668209213535
791,816,senegal,0.6,-10.936006863911947,-0.5999999999999999,293904613.2957485,0.28179804723807744,1.224668209213535
792,817,senegal,0.6,-10.936006863911947,-0.5999999999999999,293904613.2957485,0.28179804723807744,1.224668209213535
793,818,senegal,0.6,-10.936006863911947,-0.5999999999999999,293904613.2957485,0.28179804723807744,1.224668209213535
794,819,senegal,0.6,-10.936006863911947,-0.5999999999999999,293904613.2957485,0.28179804723807744,1.224668209213535
795,820,senegal,0.6,-10.936006863911947,-0.5999999999999999,293904613.2957485,0.28179804723807744,1.224668209213535
796,821,senegal,0.6,-11.05456805229187,0.06666666666666665,489563513.459616,0.26839281376337143,1.4300332484061493
797,822,senegal,0.6,-11.05456805229187,0.06666666666666665,489563513.459616,0.26839281376337143,1.4300332484061493
798,823,senegal,0.6,-11.05456805229187,0.06666666666666665,489563513.459616,0.26839281376337143,1.4300332484061493
799,824,senegal,0.6,-11.05456805229187,0.06666666666666665,489563513.459616,0.26839281376337143,1.4300332484061493
800,825,senegal,0.6,-11.05456805229187,0.06666666666666665,489563513.459616,0.26839281376337143,1.4300332484061493
801,826,senegal,0.6,-11.05456805229187,0.06666666666666665,489563513.459616,0.26839281376337143,1.4300332484061493
802,827,senegal,0.6,-11.05456805229187,0.06666666666666665,489563513.459616,0.26839281376337143,1.4300332484061493
803,828,senegal,0.6,-11.05456805229187,0.06666666666666665,489563513.459616,0.26839281376337143,1.4300332484061493
804,829,senegal,0.6,-11.05456805229187,0.06666666666666665,489563513.459616,0.26839281376337143,1.4300332484061493
805,830,senegal,0.6,-11.05456805229187,0.06666666666666665,489563513.459616,0.26839281376337143,1.4300332484061493
806,831,senegal,0.4,-12.076708316802979,-0.3999999999999999,502485171.26667404,0.26875696220984263,0.967179513250456
807,832,senegal,0.4,-12.076708316802979,-0.3999999999999999,502485171.26667404,0.26875696220984263,0.967179513250456
808,833,senegal,0.4,-12.076708316802979,-0.3999999999999999,502485171.26667404,0.26875696220984263,0.967179513250456
809,834,senegal,0.4,-12.076708316802979,-0.3999999999999999,502485171.26667404,0.26875696220984263,0.967179513250456
810,835,senegal,0.4,-12.076708316802979,-0.3999999999999999,502485171.26667404,0.26875696220984263,0.967179513250456
811,836,senegal,0.4,-12.076708316802979,-0.3999999999999999,502485171.26667404,0.26875696220984263,0.967179513250456
812,837,senegal,0.4,-12.076708316802979,-0.3999999999999999,502485171.26667404,0.26875696220984263,0.967179513250456
813,838,senegal,0.4,-12.076708316802979,-0.3999999999999999,502485171.26667404,0.26875696220984263,0.967179513250456
814,839,senegal,0.4,-12.076708316802979,-0.3999999999999999,502485171.26667404,0.26875696220984263,0.967179513250456
815,840,senegal,0.4,-12.076708316802979,-0.3999999999999999,502485171.26667404,0.26875696220984263,0.967179513250456
816,841,senegal,0.6,-10.451930105686188,0.06666666666666665,496308228.79190207,0.26710918362122155,0.18484289190440062
817,842,senegal,0.6,-10.451930105686188,0.06666666666666665,496308228.79190207,0.26710918362122155,0.18484289190440062
818,843,senegal,0.6,-10.451930105686188,0.06666666666666665,496308228.79190207,0.26710918362122155,0.18484289190440062
819,844,senegal,0.6,-10.451930105686188,0.06666666666666665,496308228.79190207,0.26710918362122155,0.18484289190440062
820,845,senegal,0.6,-10.451930105686188,0.06666666666666665,496308228.79190207,0.26710918362122155,0.18484289190440062
821,846,senegal,0.6,-10.451930105686188,0.06666666666666665,496308228.79190207,0.26710918362122155,0.18484289190440062
822,847,senegal,0.6,-10.451930105686188,0.06666666666666665,496308228.79190207,0.26710918362122155,0.18484289190440062
823,848,senegal,0.6,-10.451930105686188,0.06666666666666665,496308228.79190207,0.26710918362122155,0.18484289190440062
824,849,senegal,0.6,-10.451930105686188,0.06666666666666665,496308228.79190207,0.26710918362122155,0.18484289190440062
825,851,senegal,1.0,-9.190072801378038,0.19999999999999996,403645355.20856506,0.28015126370170423,0.5739206496363755
826,852,senegal,1.0,-9.190072801378038,0.19999999999999996,403645355.20856506,0.28015126370170423,0.5739206496363755
827,853,senegal,1.0,-9.190072801378038,0.19999999999999996,403645355.20856506,0.28015126370170423,0.5739206496363755
828,854,senegal,1.0,-9.190072801378038,0.19999999999999996,403645355.20856506,0.28015126370170423,0.5739206496363755
829,855,senegal,1.0,-9.190072801378038,0.19999999999999996,403645355.20856506,0.28015126370170423,0.5739206496363755
830,856,senegal,1.0,-9.190072801378038,0.19999999999999996,403645355.20856506,0.28015126370170423,0.5739206496363755
831,857,senegal,1.0,-9.190072801378038,0.19999999999999996,403645355.20856506,0.28015126370170423,0.5739206496363755
832,858,senegal,1.0,-9.190072801378038,0.19999999999999996,403645355.20856506,0.28015126370170423,0.5739206496363755
833,859,senegal,1.0,-9.190072801378038,0.19999999999999996,403645355.20856506,0.28015126370170423,0.5739206496363755
834,860,senegal,1.0,-9.190072801378038,0.19999999999999996,403645355.20856506,0.28015126370170423,0.5739206496363755
835,861,senegal,1.2,-5.483435750007629,0.13333333333333353,376923984.78314525,0.29924605893066103,-0.2918241661766593
836,862,senegal,1.2,-5.483435750007629,0.13333333333333353,376923984.78314525,0.29924605893066103,-0.2918241661766593
837,863,senegal,1.2,-5.483435750007629,0.13333333333333353,376923984.78314525,0.29924605893066103,-0.2918241661766593
838,864,senegal,1.2,-5.483435750007629,0.13333333333333353,376923984.78314525,0.29924605893066103,-0.2918241661766593
839,865,senegal,1.2,-5.483435750007629,0.13333333333333353,376923984.78314525,0.29924605893066103,-0.2918241661766593
840,866,senegal,1.2,-5.483435750007629,0.13333333333333353,376923984.78314525,0.29924605893066103,-0.2918241661766593
841,867,senegal,1.2,-5.483435750007629,0.13333333333333353,376923984.78314525,0.29924605893066103,-0.2918241661766593
842,868,senegal,1.2,-5.483435750007629,0.13333333333333353,376923984.78314525,0.29924605893066103,-0.2918241661766593
843,869,senegal,1.2,-5.483435750007629,0.13333333333333353,376923984.78314525,0.29924605893066103,-0.2918241661766593
844,870,senegal,1.2,-5.483435750007629,0.13333333333333353,376923984.78314525,0.29924605893066103,-0.2918241661766593
845,871,senegal,0.8,-8.696479002634684,-0.29999999999999993,490673357.61543846,0.26227045146119543,-3.4587962096243174
846,872,senegal,0.8,-8.696479002634684,-0.29999999999999993,490673357.61543846,0.26227045146119543,-3.4587962096243174
847,873,senegal,0.8,-8.696479002634684,-0.29999999999999993,490673357.61543846,0.26227045146119543,-3.4587962096243174
848,874,senegal,0.8,-8.696479002634684,-0.29999999999999993,490673357.61543846,0.26227045146119543,-3.4587962096243174
849,875,senegal,0.8,-8.696479002634684,-0.29999999999999993,490673357.61543846,0.26227045146119543,-3.4587962096243174
850,876,senegal,0.8,-8.696479002634684,-0.29999999999999993,490673357.61543846,0.26227045146119543,-3.4587962096243174
851,877,senegal,0.8,-8.696479002634684,-0.29999999999999993,490673357.61543846,0.26227045146119543,-3.4587962096243174
852,878,senegal,0.8,-8.696479002634684,-0.29999999999999993,490673357.61543846,0.26227045146119543,-3.4587962096243174
853,879,senegal,0.8,-8.696479002634684,-0.29999999999999993,490673357.61543846,0.26227045146119543,-3.4587962096243174
854,880,senegal,0.8,-8.696479002634684,-0.29999999999999993,490673357.61543846,0.26227045146119543,-3.4587962096243174
855,881,senegal,0.8,-7.226794322331746,-0.29999999999999993,400060150.68009,0.266843156096636,1.3407582567904548
856,882,senegal,0.8,-7.226794322331746,-0.29999999999999993,400060150.68009,0.266843156096636,1.3407582567904548
857,883,senegal,0.8,-7.226794322331746,-0.29999999999999993,400060150.68009,0.266843156096636,1.3407582567904548
858,884,senegal,0.8,-7.226794322331746,-0.29999999999999993,400060150.68009,0.266843156096636,1.3407582567904548
859,885,senegal,0.8,-7.226794322331746,-0.29999999999999993,400060150.68009,0.266843156096636,1.3407582567904548
860,886,senegal,0.8,-7.226794322331746,-0.29999999999999993,400060150.68009,0.266843156096636,1.3407582567904548
861,887,senegal,0.8,-7.226794322331746,-0.29999999999999993,400060150.68009,0.266843156096636,1.3407582567904548
862,888,senegal,0.8,-7.226794322331746,-0.29999999999999993,400060150.68009,0.266843156096636,1.3407582567904548
863,889,senegal,0.8,-7.226794322331746,-0.29999999999999993,400060150.68009,0.266843156096636,1.3407582567904548
864,890,senegal,0.8,-7.226794322331746,-0.29999999999999993,400060150.68009,0.266843156096636,1.3407582567904548
865,891,senegal,0.6,-5.353855222463608,0.06666666666666665,739001440.4536328,0.1917064091607012,-0.008758444423218131
866,892,senegal,0.6,-5.353855222463608,0.06666666666666665,739001440.4536328,0.1917064091607012,-0.008758444423218131
867,893,senegal,0.6,-5.353855222463608,0.06666666666666665,739001440.4536328,0.1917064091607012,-0.008758444423218131
868,894,senegal,0.6,-5.353855222463608,0.06666666666666665,739001440.4536328,0.1917064091607012,-0.008758444423218131
869,895,senegal,0.6,-5.353855222463608,0.06666666666666665,739001440.4536328,0.1917064091607012,-0.008758444423218131
870,896,senegal,0.6,-5.353855222463608,0.06666666666666665,739001440.4536328,0.1917064091607012,-0.008758444423218131
871,897,senegal,0.6,-5.353855222463608,0.06666666666666665,739001440.4536328,0.1917064091607012,-0.008758444423218131
872,898,senegal,0.6,-5.353855222463608,0.06666666666666665,739001440.4536328,0.1917064091607012,-0.008758444423218131
873,899,senegal,0.6,-5.353855222463608,0.06666666666666665,739001440.4536328,0.1917064091607012,-0.008758444423218131
874,900,senegal,0.6,-5.353855222463608,0.06666666666666665,739001440.4536328,0.1917064091607012,-0.008758444423218131
875,901,senegal,0.8,-11.035107990105947,0.7000000000000004,456601754.39662856,0.26081066048879575,-0.25600785640358414
876,902,senegal,0.8,-11.035107990105947,0.7000000000000004,456601754.39662856,0.26081066048879575,-0.25600785640358414
877,903,senegal,0.8,-11.035107990105947,0.7000000000000004,456601754.39662856,0.26081066048879575,-0.25600785640358414
878,906,senegal,0.8,-11.035107990105947,0.7000000000000004,456601754.39662856,0.26081066048879575,-0.25600785640358414
879,907,senegal,0.8,-11.035107990105947,0.7000000000000004,456601754.39662856,0.26081066048879575,-0.25600785640358414
880,908,senegal,0.8,-11.035107990105947,0.7000000000000004,456601754.39662856,0.26081066048879575,-0.25600785640358414
881,909,senegal,0.8,-11.035107990105947,0.7000000000000004,456601754.39662856,0.26081066048879575,-0.25600785640358414
882,910,senegal,0.8,-11.035107990105947,0.7000000000000004,456601754.39662856,0.26081066048879575,-0.25600785640358414
883,912,senegal,0.8,-10.83836966753006,0.20000000000000018,453495371.95995235,0.2724630943926577,1.0594464350432604
884,913,senegal,0.8,-10.83836966753006,0.20000000000000018,453495371.95995235,0.2724630943926577,1.0594464350432604
885,914,senegal,0.8,-10.83836966753006,0.20000000000000018,453495371.95995235,0.2724630943926577,1.0594464350432604
886,915,senegal,0.8,-10.83836966753006,0.20000000000000018,453495371.95995235,0.2724630943926577,1.0594464350432604
887,916,senegal,0.8,-10.83836966753006,0.20000000000000018,453495371.95995235,0.2724630943926577,1.0594464350432604
888,917,senegal,0.8,-10.83836966753006,0.20000000000000018,453495371.95995235,0.2724630943926577,1.0594464350432604
889,918,senegal,0.8,-10.83836966753006,0.20000000000000018,453495371.95995235,0.2724630943926577,1.0594464350432604
890,919,senegal,0.8,-10.83836966753006,0.20000000000000018,453495371.95995235,0.2724630943926577,1.0594464350432604
891,920,senegal,0.8,-10.83836966753006,0.20000000000000018,453495371.95995235,0.2724630943926577,1.0594464350432604
892,921,senegal,0.8,-11.035107990105947,0.7000000000000004,456601754.39662856,0.26081066048879575,-0.25600785640358414
893,922,senegal,0.8,-11.035107990105947,0.7000000000000004,456601754.39662856,0.26081066048879575,-0.25600785640358414
894,923,senegal,0.8,-11.035107990105947,0.7000000000000004,456601754.39662856,0.26081066048879575,-0.25600785640358414
895,924,senegal,0.8,-11.035107990105947,0.7000000000000004,456601754.39662856,0.26081066048879575,-0.25600785640358414
896,926,senegal,0.8,-11.035107990105947,0.7000000000000004,456601754.39662856,0.26081066048879575,-0.25600785640358414
897,927,senegal,0.8,-11.035107990105947,0.7000000000000004,456601754.39662856,0.26081066048879575,-0.25600785640358414
898,928,senegal,0.8,-11.035107990105947,0.7000000000000004,456601754.39662856,0.26081066048879575,-0.25600785640358414
899,929,senegal,0.8,-11.035107990105947,0.7000000000000004,456601754.39662856,0.26081066048879575,-0.25600785640358414
900,930,senegal,0.8,-11.035107990105947,0.7000000000000004,456601754.39662856,0.26081066048879575,-0.25600785640358414
901,931,senegal,1.0,-9.560730954011282,-0.19999999999999996,352379021.4826677,0.283469594430792,0.46761881416802104
902,932,senegal,1.0,-9.560730954011282,-0.19999999999999996,352379021.4826677,0.283469594430792,0.46761881416802104
903,933,senegal,1.0,-9.560730954011282,-0.19999999999999996,352379021.4826677,0.283469594430792,0.46761881416802104
904,934,senegal,1.0,-9.560730954011282,-0.19999999999999996,352379021.4826677,0.283469594430792,0.46761881416802104
905,935,senegal,1.0,-9.560730954011282,-0.19999999999999996,352379021.4826677,0.283469594430792,0.46761881416802104
906,936,senegal,1.0,-9.560730954011282,-0.19999999999999996,352379021.4826677,0.283469594430792,0.46761881416802104
907,937,senegal,1.0,-9.560730954011282,-0.19999999999999996,352379021.4826677,0.283469594430792,0.46761881416802104
908,938,senegal,1.0,-9.560730954011282,-0.19999999999999996,352379021.4826677,0.283469594430792,0.46761881416802104
909,939,senegal,1.0,-9.560730954011282,-0.19999999999999996,352379021.4826677,0.283469594430792,0.46761881416802104
910,940,senegal,1.0,-9.560730954011282,-0.19999999999999996,352379021.4826677,0.283469594430792,0.46761881416802104
911,941,senegal,0.4,-4.851397335529327,-0.3999999999999999,349327042.39313674,0.20993318218532,0.29060956378456637
912,943,senegal,0.4,-4.851397335529327,-0.3999999999999999,349327042.39313674,0.20993318218532,0.29060956378456637
913,944,senegal,0.4,-4.851397335529327,-0.3999999999999999,349327042.39313674,0.20993318218532,0.29060956378456637
914,945,senegal,0.4,-4.851397335529327,-0.3999999999999999,349327042.39313674,0.20993318218532,0.29060956378456637
915,946,senegal,0.4,-4.851397335529327,-0.3999999999999999,349327042.39313674,0.20993318218532,0.29060956378456637
916,947,senegal,0.4,-4.851397335529327,-0.3999999999999999,349327042.39313674,0.20993318218532,0.29060956378456637
917,949,senegal,0.4,-4.851397335529327,-0.3999999999999999,349327042.39313674,0.20993318218532,0.29060956378456637
918,950,senegal,0.4,-4.851397335529327,-0.3999999999999999,349327042.39313674,0.20993318218532,0.29060956378456637
919,951,senegal,0.6,-5.711919784545898,0.06666666666666665,634866545.7564801,0.21374671367397244,0.6037533817612374
920,952,senegal,0.6,-5.711919784545898,0.06666666666666665,634866545.7564801,0.21374671367397244,0.6037533817612374
921,953,senegal,0.6,-5.711919784545898,0.06666666666666665,634866545.7564801,0.21374671367397244,0.6037533817612374
922,954,senegal,0.6,-5.711919784545898,0.06666666666666665,634866545.7564801,0.21374671367397244,0.6037533817612374
923,955,senegal,0.6,-5.711919784545898,0.06666666666666665,634866545.7564801,0.21374671367397244,0.6037533817612374
924,956,senegal,0.6,-5.711919784545898,0.06666666666666665,634866545.7564801,0.21374671367397244,0.6037533817612374
925,957,senegal,0.6,-5.711919784545898,0.06666666666666665,634866545.7564801,0.21374671367397244,0.6037533817612374
926,958,senegal,0.6,-5.711919784545898,0.06666666666666665,634866545.7564801,0.21374671367397244,0.6037533817612374
927,959,senegal,0.6,-5.711919784545898,0.06666666666666665,634866545.7564801,0.21374671367397244,0.6037533817612374
928,960,senegal,0.6,-5.711919784545898,0.06666666666666665,634866545.7564801,0.21374671367397244,0.6037533817612374
929,961,senegal,0.2,-2.958272695541382,-0.19999999999999973,862347995.4509518,0.19120246749132802,0.7940930675472687
930,962,senegal,0.2,-2.958272695541382,-0.19999999999999973,862347995.4509518,0.19120246749132802,0.7940930675472687
931,963,senegal,0.2,-2.958272695541382,-0.19999999999999973,862347995.4509518,0.19120246749132802,0.7940930675472687
932,964,senegal,0.2,-2.958272695541382,-0.19999999999999973,862347995.4509518,0.19120246749132802,0.7940930675472687
933,965,senegal,0.2,-2.958272695541382,-0.19999999999999973,862347995.4509518,0.19120246749132802,0.7940930675472687
934,966,senegal,0.2,-2.958272695541382,-0.19999999999999973,862347995.4509518,0.19120246749132802,0.7940930675472687
935,967,senegal,0.2,-2.958272695541382,-0.19999999999999973,862347995.4509518,0.19120246749132802,0.7940930675472687
936,968,senegal,0.2,-2.958272695541382,-0.19999999999999973,862347995.4509518,0.19120246749132802,0.7940930675472687
937,969,senegal,0.2,-2.958272695541382,-0.19999999999999973,862347995.4509518,0.19120246749132802,0.7940930675472687
938,970,senegal,0.2,-2.958272695541382,-0.19999999999999973,862347995.4509518,0.19120246749132802,0.7940930675472687
939,971,senegal,0.4,-2.288664937019348,-0.3999999999999999,808392489.5776492,0.13090790798469257,-0.2096719182085542
940,972,senegal,0.4,-2.288664937019348,-0.3999999999999999,808392489.5776492,0.13090790798469257,-0.2096719182085542
941,973,senegal,0.4,-2.288664937019348,-0.3999999999999999,808392489.5776492,0.13090790798469257,-0.2096719182085542
942,974,senegal,0.4,-2.288664937019348,-0.3999999999999999,808392489.5776492,0.13090790798469257,-0.2096719182085542
943,975,senegal,0.4,-2.288664937019348,-0.3999999999999999,808392489.5776492,0.13090790798469257,-0.2096719182085542
944,976,senegal,0.4,-2.288664937019348,-0.3999999999999999,808392489.5776492,0.13090790798469257,-0.2096719182085542
945,977,senegal,0.4,-2.288664937019348,-0.3999999999999999,808392489.5776492,0.13090790798469257,-0.2096719182085542
946,978,senegal,0.4,-2.288664937019348,-0.3999999999999999,808392489.5776492,0.13090790798469257,-0.2096719182085542
947,979,senegal,0.4,-2.288664937019348,-0.3999999999999999,808392489.5776492,0.13090790798469257,-0.2096719182085542
948,980,senegal,0.4,-2.288664937019348,-0.3999999999999999,808392489.5776492,0.13090790798469257,-0.2096719182085542
949,981,senegal,0.6,-8.856571912765503,0.06666666666666665,540731299.7168199,0.22075995443260568,0.9015914266370166
950,982,senegal,0.6,-8.856571912765503,0.06666666666666665,540731299.7168199,0.22075995443260568,0.9015914266370166
951,983,senegal,0.6,-8.856571912765503,0.06666666666666665,540731299.7168199,0.22075995443260568,0.9015914266370166
952,984,senegal,0.6,-8.856571912765503,0.06666666666666665,540731299.7168199,0.22075995443260568,0.9015914266370166
953,985,senegal,0.6,-8.856571912765503,0.06666666666666665,540731299.7168199,0.22075995443260568,0.9015914266370166
954,986,senegal,0.6,-8.856571912765503,0.06666666666666665,540731299.7168199,0.22075995443260568,0.9015914266370166
955,987,senegal,0.6,-8.856571912765503,0.06666666666666665,540731299.7168199,0.22075995443260568,0.9015914266370166
956,988,senegal,0.6,-8.856571912765503,0.06666666666666665,540731299.7168199,0.22075995443260568,0.9015914266370166
957,989,senegal,0.6,-8.856571912765503,0.06666666666666665,540731299.7168199,0.22075995443260568,0.9015914266370166
958,990,senegal,0.6,-8.856571912765503,0.06666666666666665,540731299.7168199,0.22075995443260568,0.9015914266370166
959,991,senegal,0.8,-11.035107990105947,0.7000000000000004,456601754.39662856,0.26081066048879575,-0.25600785640358414
960,992,senegal,0.8,-11.035107990105947,0.7000000000000004,456601754.39662856,0.26081066048879575,-0.25600785640358414
961,993,senegal,0.8,-11.035107990105947,0.7000000000000004,456601754.39662856,0.26081066048879575,-0.25600785640358414
962,994,senegal,0.8,-11.035107990105947,0.7000000000000004,456601754.39662856,0.26081066048879575,-0.25600785640358414
963,995,senegal,0.8,-11.035107990105947,0.7000000000000004,456601754.39662856,0.26081066048879575,-0.25600785640358414
964,996,senegal,0.8,-11.035107990105947,0.7000000000000004,456601754.39662856,0.26081066048879575,-0.25600785640358414
965,997,senegal,0.8,-11.035107990105947,0.7000000000000004,456601754.39662856,0.26081066048879575,-0.25600785640358414
966,998,senegal,0.8,-11.035107990105947,0.7000000000000004,456601754.39662856,0.26081066048879575,-0.25600785640358414
967,999,senegal,0.8,-11.035107990105947,0.7000000000000004,456601754.39662856,0.26081066048879575,-0.25600785640358414
968,1000,senegal,0.8,-11.035107990105947,0.7000000000000004,456601754.39662856,0.26081066048879575,-0.25600785640358414
969,1001,senegal,0.6,-5.048938512802124,0.06666666666666665,562500985.5452913,0.2847703802340382,0.8602914083475577
970,1002,senegal,0.6,-5.048938512802124,0.06666666666666665,562500985.5452913,0.2847703802340382,0.8602914083475577
971,1003,senegal,0.6,-5.048938512802124,0.06666666666666665,562500985.5452913,0.2847703802340382,0.8602914083475577
972,1004,senegal,0.6,-5.048938512802124,0.06666666666666665,562500985.5452913,0.2847703802340382,0.8602914083475577
973,1005,senegal,0.6,-5.048938512802124,0.06666666666666665,562500985.5452913,0.2847703802340382,0.8602914083475577
974,1006,senegal,0.6,-5.048938512802124,0.06666666666666665,562500985.5452913,0.2847703802340382,0.8602914083475577
975,1007,senegal,0.6,-5.048938512802124,0.06666666666666665,562500985.5452913,0.2847703802340382,0.8602914083475577
976,1008,senegal,0.6,-5.048938512802124,0.06666666666666665,562500985.5452913,0.2847703802340382,0.8602914083475577
977,1009,senegal,0.6,-5.048938512802124,0.06666666666666665,562500985.5452913,0.2847703802340382,0.8602914083475577
978,1010,senegal,0.6,-5.048938512802124,0.06666666666666665,562500985.5452913,0.2847703802340382,0.8602914083475577
979,1011,senegal,0.8,-5.287298818429311,-0.29999999999999993,452969958.2131381,0.34088891760139495,0.0
980,1012,senegal,0.8,-5.287298818429311,-0.29999999999999993,452969958.2131381,0.34088891760139495,0.0
981,1013,senegal,0.8,-5.287298818429311,-0.29999999999999993,452969958.2131381,0.34088891760139495,0.0
982,1014,senegal,0.8,-5.287298818429311,-0.29999999999999993,452969958.2131381,0.34088891760139495,0.0
983,1015,senegal,0.8,-5.287298818429311,-0.29999999999999993,452969958.2131381,0.34088891760139495,0.0
984,1016,senegal,0.8,-5.287298818429311,-0.29999999999999993,452969958.2131381,0.34088891760139495,0.0
985,1017,senegal,0.8,-5.287298818429311,-0.29999999999999993,452969958.2131381,0.34088891760139495,0.0
986,1018,senegal,0.8,-5.287298818429311,-0.29999999999999993,452969958.2131381,0.34088891760139495,0.0
987,1019,senegal,0.8,-5.287298818429311,-0.29999999999999993,452969958.2131381,0.34088891760139495,0.0
988,1020,senegal,0.8,-5.287298818429311,-0.29999999999999993,452969958.2131381,0.34088891760139495,0.0
989,1021,senegal,0.6,-3.033998519182205,0.06666666666666665,806647345.606452,0.22826541945455786,0.25205976008867825
990,1022,senegal,0.6,-3.033998519182205,0.06666666666666665,806647345.606452,0.22826541945455786,0.25205976008867825
991,1023,senegal,0.6,-3.033998519182205,0.06666666666666665,806647345.606452,0.22826541945455786,0.25205976008867825
992,1024,senegal,0.6,-3.033998519182205,0.06666666666666665,806647345.606452,0.22826541945455786,0.25205976008867825
993,1025,senegal,0.6,-3.033998519182205,0.06666666666666665,806647345.606452,0.22826541945455786,0.25205976008867825
994,1026,senegal,0.6,-3.033998519182205,0.06666666666666665,806647345.606452,0.22826541945455786,0.25205976008867825
995,1027,senegal,0.6,-3.033998519182205,0.06666666666666665,806647345.606452,0.22826541945455786,0.25205976008867825
996,1028,senegal,0.6,-3.033998519182205,0.06666666666666665,806647345.606452,0.22826541945455786,0.25205976008867825
997,1029,senegal,0.6,-3.033998519182205,0.06666666666666665,806647345.606452,0.22826541945455786,0.25205976008867825
998,1030,senegal,0.6,-3.033998519182205,0.06666666666666665,806647345.606452,0.22826541945455786,0.25205976008867825
999,1031,senegal,0.6,-9.434719383716583,0.06666666666666665,479971768.5336979,0.26312585457954657,0.8366331611195807
1000,1032,senegal,0.6,-9.434719383716583,0.06666666666666665,479971768.5336979,0.26312585457954657,0.8366331611195807
1001,1033,senegal,0.6,-9.434719383716583,0.06666666666666665,479971768.5336979,0.26312585457954657,0.8366331611195807
1002,1034,senegal,0.6,-9.434719383716583,0.06666666666666665,479971768.5336979,0.26312585457954657,0.8366331611195807
1003,1035,senegal,0.6,-9.434719383716583,0.06666666666666665,479971768.5336979,0.26312585457954657,0.8366331611195807
1004,1036,senegal,0.6,-9.434719383716583,0.06666666666666665,479971768.5336979,0.26312585457954657,0.8366331611195807
1005,1037,senegal,0.6,-9.434719383716583,0.06666666666666665,479971768.5336979,0.26312585457954657,0.8366331611195807
1006,1038,senegal,0.6,-9.434719383716583,0.06666666666666665,479971768.5336979,0.26312585457954657,0.8366331611195807
1007,1039,senegal,0.6,-9.434719383716583,0.06666666666666665,479971768.5336979,0.26312585457954657,0.8366331611195807
1008,1040,senegal,0.6,-9.434719383716583,0.06666666666666665,479971768.5336979,0.26312585457954657,0.8366331611195807
1009,1041,senegal,0.6,-8.384722232818604,0.06666666666666665,584461072.9726201,0.25487128845847223,2.047639460346117
1010,1042,senegal,0.6,-8.384722232818604,0.06666666666666665,584461072.9726201,0.25487128845847223,2.047639460346117
1011,1043,senegal,0.6,-8.384722232818604,0.06666666666666665,584461072.9726201,0.25487128845847223,2.047639460346117
1012,1044,senegal,0.6,-8.384722232818604,0.06666666666666665,584461072.9726201,0.25487128845847223,2.047639460346117
1013,1045,senegal,0.6,-8.384722232818604,0.06666666666666665,584461072.9726201,0.25487128845847223,2.047639460346117
1014,1046,senegal,0.6,-8.384722232818604,0.06666666666666665,584461072.9726201,0.25487128845847223,2.047639460346117
1015,1047,senegal,0.6,-8.384722232818604,0.06666666666666665,584461072.9726201,0.25487128845847223,2.047639460346117
1016,1048,senegal,0.6,-8.384722232818604,0.06666666666666665,584461072.9726201,0.25487128845847223,2.047639460346117
1017,1049,senegal,0.6,-8.384722232818604,0.06666666666666665,584461072.9726201,0.25487128845847223,2.047639460346117
1018,1050,senegal,0.6,-8.384722232818604,0.06666666666666665,584461072.9726201,0.25487128845847223,2.047639460346117
1019,1051,senegal,0.4,-3.37736713886261,-0.3999999999999999,823041279.5225763,0.24613037570135415,0.5301216861447664
1020,1052,senegal,0.4,-3.37736713886261,-0.3999999999999999,823041279.5225763,0.24613037570135415,0.5301216861447664
1021,1053,senegal,0.4,-3.37736713886261,-0.3999999999999999,823041279.5225763,0.24613037570135415,0.5301216861447664
1022,1054,senegal,0.4,-3.37736713886261,-0.3999999999999999,823041279.5225763,0.24613037570135415,0.5301216861447664
1023,1055,senegal,0.4,-3.37736713886261,-0.3999999999999999,823041279.5225763,0.24613037570135415,0.5301216861447664
1024,1056,senegal,0.4,-3.37736713886261,-0.3999999999999999,823041279.5225763,0.24613037570135415,0.5301216861447664
1025,1057,senegal,0.4,-3.37736713886261,-0.3999999999999999,823041279.5225763,0.24613037570135415,0.5301216861447664
1026,1058,senegal,0.4,-3.37736713886261,-0.3999999999999999,823041279.5225763,0.24613037570135415,0.5301216861447664
1027,1059,senegal,0.4,-3.37736713886261,-0.3999999999999999,823041279.5225763,0.24613037570135415,0.5301216861447664
1028,1060,senegal,0.4,-3.37736713886261,-0.3999999999999999,823041279.5225763,0.24613037570135415,0.5301216861447664
1029,1061,senegal,0.8,-8.753301978111267,0.20000000000000018,509665084.0945296,0.2621590095048466,2.0181596742249295
1030,1062,senegal,0.8,-8.753301978111267,0.20000000000000018,509665084.0945296,0.2621590095048466,2.0181596742249295
1031,1063,senegal,0.8,-8.753301978111267,0.20000000000000018,509665084.0945296,0.2621590095048466,2.0181596742249295
1032,1064,senegal,0.8,-8.753301978111267,0.20000000000000018,509665084.0945296,0.2621590095048466,2.0181596742249295
1033,1065,senegal,0.8,-8.753301978111267,0.20000000000000018,509665084.0945296,0.2621590095048466,2.0181596742249295
1034,1066,senegal,0.8,-8.753301978111267,0.20000000000000018,509665084.0945296,0.2621590095048466,2.0181596742249295
1035,1067,senegal,0.8,-8.753301978111267,0.20000000000000018,509665084.0945296,0.2621590095048466,2.0181596742249295
1036,1068,senegal,0.8,-8.753301978111267,0.20000000000000018,509665084.0945296,0.2621590095048466,2.0181596742249295
1037,1069,senegal,0.8,-8.753301978111267,0.20000000000000018,509665084.0945296,0.2621590095048466,2.0181596742249295
1038,1070,senegal,0.8,-8.753301978111267,0.20000000000000018,509665084.0945296,0.2621590095048466,2.0181596742249295
1039,1071,senegal,0.4,-9.612617254257202,-0.3999999999999999,525892736.4959421,0.2650650466264267,1.9920669234116302
1040,1072,senegal,0.4,-9.612617254257202,-0.3999999999999999,525892736.4959421,0.2650650466264267,1.9920669234116302
1041,1073,senegal,0.4,-9.612617254257202,-0.3999999999999999,525892736.4959421,0.2650650466264267,1.9920669234116302
1042,1074,senegal,0.4,-9.612617254257202,-0.3999999999999999,525892736.4959421,0.2650650466264267,1.9920669234116302
1043,1075,senegal,0.4,-9.612617254257202,-0.3999999999999999,525892736.4959421,0.2650650466264267,1.9920669234116302
1044,1076,senegal,0.4,-9.612617254257202,-0.3999999999999999,525892736.4959421,0.2650650466264267,1.9920669234116302
1045,1077,senegal,0.4,-9.612617254257202,-0.3999999999999999,525892736.4959421,0.2650650466264267,1.9920669234116302
1046,1078,senegal,0.4,-9.612617254257202,-0.3999999999999999,525892736.4959421,0.2650650466264267,1.9920669234116302
1047,1079,senegal,0.4,-9.612617254257202,-0.3999999999999999,525892736.4959421,0.2650650466264267,1.9920669234116302
1048,1080,senegal,0.4,-9.612617254257202,-0.3999999999999999,525892736.4959421,0.2650650466264267,1.9920669234116302
1049,1081,senegal,0.6,-3.0260360836982727,0.06666666666666665,806647345.606452,0.25072188115529415,0.08685363241734206
1050,1082,senegal,0.6,-3.0260360836982727,0.06666666666666665,806647345.606452,0.25072188115529415,0.08685363241734206
1051,1083,senegal,0.6,-3.0260360836982727,0.06666666666666665,806647345.606452,0.25072188115529415,0.08685363241734206
1052,1084,senegal,0.6,-3.0260360836982727,0.06666666666666665,806647345.606452,0.25072188115529415,0.08685363241734206
1053,1085,senegal,0.6,-3.0260360836982727,0.06666666666666665,806647345.606452,0.25072188115529415,0.08685363241734206
1054,1086,senegal,0.6,-3.0260360836982727,0.06666666666666665,806647345.606452,0.25072188115529415,0.08685363241734206
1055,1087,senegal,0.6,-3.0260360836982727,0.06666666666666665,806647345.606452,0.25072188115529415,0.08685363241734206
1056,1088,senegal,0.6,-3.0260360836982727,0.06666666666666665,806647345.606452,0.25072188115529415,0.08685363241734206
1057,1089,senegal,0.6,-3.0260360836982727,0.06666666666666665,806647345.606452,0.25072188115529415,0.08685363241734206
1058,1090,senegal,0.6,-3.0260360836982727,0.06666666666666665,806647345.606452,0.25072188115529415,0.08685363241734206
1059,1091,senegal,0.4,-9.962094783782959,-0.3999999999999999,526009924.10406667,0.30097151164365965,0.4521398122752296
1060,1092,senegal,0.4,-9.962094783782959,-0.3999999999999999,526009924.10406667,0.30097151164365965,0.4521398122752296
1061,1093,senegal,0.4,-9.962094783782959,-0.3999999999999999,526009924.10406667,0.30097151164365965,0.4521398122752296
1062,1094,senegal,0.4,-9.962094783782959,-0.3999999999999999,526009924.10406667,0.30097151164365965,0.4521398122752296
1063,1095,senegal,0.4,-9.962094783782959,-0.3999999999999999,526009924.10406667,0.30097151164365965,0.4521398122752296
1064,1096,senegal,0.4,-9.962094783782959,-0.3999999999999999,526009924.10406667,0.30097151164365965,0.4521398122752296
1065,1097,senegal,0.4,-9.962094783782959,-0.3999999999999999,526009924.10406667,0.30097151164365965,0.4521398122752296
1066,1098,senegal,0.4,-9.962094783782959,-0.3999999999999999,526009924.10406667,0.30097151164365965,0.4521398122752296
1067,1099,senegal,0.4,-9.962094783782959,-0.3999999999999999,526009924.10406667,0.30097151164365965,0.4521398122752296
1068,1100,senegal,0.4,-9.962094783782959,-0.3999999999999999,526009924.10406667,0.30097151164365965,0.4521398122752296
1069,1101,senegal,1.2,-7.867934902509053,0.13333333333333353,305674296.2938032,0.2794240216670141,0.5130755926267985
1070,1102,senegal,1.2,-7.867934902509053,0.13333333333333353,305674296.2938032,0.2794240216670141,0.5130755926267985
1071,1103,senegal,1.2,-7.867934902509053,0.13333333333333353,305674296.2938032,0.2794240216670141,0.5130755926267985
1072,1104,senegal,1.2,-7.867934902509053,0.13333333333333353,305674296.2938032,0.2794240216670141,0.5130755926267985
1073,1105,senegal,1.2,-7.867934902509053,0.13333333333333353,305674296.2938032,0.2794240216670141,0.5130755926267985
1074,1106,senegal,1.2,-7.867934902509053,0.13333333333333353,305674296.2938032,0.2794240216670141,0.5130755926267985
1075,1107,senegal,1.2,-7.867934902509053,0.13333333333333353,305674296.2938032,0.2794240216670141,0.5130755926267985
1076,1108,senegal,1.2,-7.867934902509053,0.13333333333333353,305674296.2938032,0.2794240216670141,0.5130755926267985
1077,1109,senegal,1.2,-7.867934902509053,0.13333333333333353,305674296.2938032,0.2794240216670141,0.5130755926267985
1078,1110,senegal,1.2,-7.867934902509053,0.13333333333333353,305674296.2938032,0.2794240216670141,0.5130755926267985
1079,1111,senegal,1.2,-8.229936056666903,0.13333333333333353,291394616.9802454,0.3055048360682403,0.666469461840072
1080,1112,senegal,1.2,-8.229936056666903,0.13333333333333353,291394616.9802454,0.3055048360682403,0.666469461840072
1081,1113,senegal,1.2,-8.229936056666903,0.13333333333333353,291394616.9802454,0.3055048360682403,0.666469461840072
1082,1114,senegal,1.2,-8.229936056666903,0.13333333333333353,291394616.9802454,0.3055048360682403,0.666469461840072
1083,1115,senegal,1.2,-8.229936056666903,0.13333333333333353,291394616.9802454,0.3055048360682403,0.666469461840072
1084,1116,senegal,1.2,-8.229936056666903,0.13333333333333353,291394616.9802454,0.3055048360682403,0.666469461840072
1085,1117,senegal,1.2,-8.229936056666903,0.13333333333333353,291394616.9802454,0.3055048360682403,0.666469461840072
1086,1118,senegal,1.2,-8.229936056666903,0.13333333333333353,291394616.9802454,0.3055048360682403,0.666469461840072
1087,1119,senegal,1.2,-8.229936056666903,0.13333333333333353,291394616.9802454,0.3055048360682403,0.666469461840072
1088,1120,senegal,1.2,-8.229936056666903,0.13333333333333353,291394616.9802454,0.3055048360682403,0.666469461840072
1089,1121,senegal,0.6,-4.046163737773895,0.06666666666666665,394987767.9079912,0.2278670203237006,-2.942375104127146
1090,1122,senegal,0.6,-4.046163737773895,0.06666666666666665,394987767.9079912,0.2278670203237006,-2.942375104127146
1091,1123,senegal,0.6,-4.046163737773895,0.06666666666666665,394987767.9079912,0.2278670203237006,-2.942375104127146
1092,1124,senegal,0.6,-4.046163737773895,0.06666666666666665,394987767.9079912,0.2278670203237006,-2.942375104127146
1093,1125,senegal,0.6,-4.046163737773895,0.06666666666666665,394987767.9079912,0.2278670203237006,-2.942375104127146
1094,1126,senegal,0.6,-4.046163737773895,0.06666666666666665,394987767.9079912,0.2278670203237006,-2.942375104127146
1095,1127,senegal,0.6,-4.046163737773895,0.06666666666666665,394987767.9079912,0.2278670203237006,-2.942375104127146
1096,1128,senegal,0.6,-4.046163737773895,0.06666666666666665,394987767.9079912,0.2278670203237006,-2.942375104127146
1097,1129,senegal,0.6,-4.046163737773895,0.06666666666666665,394987767.9079912,0.2278670203237006,-2.942375104127146
1098,1130,senegal,0.6,-4.046163737773895,0.06666666666666665,394987767.9079912,0.2278670203237006,-2.942375104127146
1099,1131,senegal,0.8,-7.171606520811717,0.7000000000000004,565988043.8115228,0.2647485866746838,3.030498327388871
1100,1132,senegal,0.8,-7.171606520811717,0.7000000000000004,565988043.8115228,0.2647485866746838,3.030498327388871
1101,1133,senegal,0.8,-7.171606520811717,0.7000000000000004,565988043.8115228,0.2647485866746838,3.030498327388871
1102,1134,senegal,0.8,-7.171606520811717,0.7000000000000004,565988043.8115228,0.2647485866746838,3.030498327388871
1103,1135,senegal,0.8,-7.171606520811717,0.7000000000000004,565988043.8115228,0.2647485866746838,3.030498327388871
1104,1136,senegal,0.8,-7.171606520811717,0.7000000000000004,565988043.8115228,0.2647485866746838,3.030498327388871
1105,1137,senegal,0.8,-7.171606520811717,0.7000000000000004,565988043.8115228,0.2647485866746838,3.030498327388871
1106,1138,senegal,0.8,-7.171606520811717,0.7000000000000004,565988043.8115228,0.2647485866746838,3.030498327388871
1107,1139,senegal,0.8,-7.171606520811717,0.7000000000000004,565988043.8115228,0.2647485866746838,3.030498327388871
1108,1140,senegal,0.8,-7.171606520811717,0.7000000000000004,565988043.8115228,0.2647485866746838,3.030498327388871
1109,1141,senegal,0.8,-14.827320416768393,-0.29999999999999993,381056972.2131495,0.29609562721335425,-0.29243601686174864
1110,1142,senegal,0.8,-14.827320416768393,-0.29999999999999993,381056972.2131495,0.29609562721335425,-0.29243601686174864
1111,1143,senegal,0.8,-14.827320416768393,-0.29999999999999993,381056972.2131495,0.29609562721335425,-0.29243601686174864
1112,1144,senegal,0.8,-14.827320416768393,-0.29999999999999993,381056972.2131495,0.29609562721335425,-0.29243601686174864
1113,1145,senegal,0.8,-14.827320416768393,-0.29999999999999993,381056972.2131495,0.29609562721335425,-0.29243601686174864
1114,1146,senegal,0.8,-14.827320416768393,-0.29999999999999993,381056972.2131495,0.29609562721335425,-0.29243601686174864
1115,1147,senegal,0.8,-14.827320416768393,-0.29999999999999993,381056972.2131495,0.29609562721335425,-0.29243601686174864
1116,1148,senegal,0.8,-14.827320416768393,-0.29999999999999993,381056972.2131495,0.29609562721335425,-0.29243601686174864
1117,1149,senegal,0.8,-14.827320416768393,-0.29999999999999993,381056972.2131495,0.29609562721335425,-0.29243601686174864
1118,1150,senegal,0.8,-14.827320416768393,-0.29999999999999993,381056972.2131495,0.29609562721335425,-0.29243601686174864
1119,1151,senegal,1.2,-7.867934902509053,0.13333333333333353,305674296.2938032,0.2794240216670141,0.5130755926267985
1120,1152,senegal,1.2,-7.867934902509053,0.13333333333333353,305674296.2938032,0.2794240216670141,0.5130755926267985
1121,1153,senegal,1.2,-7.867934902509053,0.13333333333333353,305674296.2938032,0.2794240216670141,0.5130755926267985
1122,1154,senegal,1.2,-7.867934902509053,0.13333333333333353,305674296.2938032,0.2794240216670141,0.5130755926267985
1123,1155,senegal,1.2,-7.867934902509053,0.13333333333333353,305674296.2938032,0.2794240216670141,0.5130755926267985
1124,1156,senegal,1.2,-7.867934902509053,0.13333333333333353,305674296.2938032,0.2794240216670141,0.5130755926267985
1125,1157,senegal,1.2,-7.867934902509053,0.13333333333333353,305674296.2938032,0.2794240216670141,0.5130755926267985
1126,1158,senegal,1.2,-7.867934902509053,0.13333333333333353,305674296.2938032,0.2794240216670141,0.5130755926267985
1127,1159,senegal,1.2,-7.867934902509053,0.13333333333333353,305674296.2938032,0.2794240216670141,0.5130755926267985
1128,1160,senegal,1.2,-7.867934902509053,0.13333333333333353,305674296.2938032,0.2794240216670141,0.5130755926267985
1129,1161,senegal,1.0,-9.57976441913181,0.19999999999999996,403645355.20856506,0.2832236094049101,0.9675416461035704
1130,1162,senegal,1.0,-9.57976441913181,0.19999999999999996,403645355.20856506,0.2832236094049101,0.9675416461035704
1131,1163,senegal,1.0,-9.57976441913181,0.19999999999999996,403645355.20856506,0.2832236094049101,0.9675416461035704
1132,1164,senegal,1.0,-9.57976441913181,0.19999999999999996,403645355.20856506,0.2832236094049101,0.9675416461035704
1133,1165,senegal,1.0,-9.57976441913181,0.19999999999999996,403645355.20856506,0.2832236094049101,0.9675416461035704
1134,1166,senegal,1.0,-9.57976441913181,0.19999999999999996,403645355.20856506,0.2832236094049101,0.9675416461035704
1135,1167,senegal,1.0,-9.57976441913181,0.19999999999999996,403645355.20856506,0.2832236094049101,0.9675416461035704
1136,1168,senegal,1.0,-9.57976441913181,0.19999999999999996,403645355.20856506,0.2832236094049101,0.9675416461035704
1137,1169,senegal,1.0,-9.57976441913181,0.19999999999999996,403645355.20856506,0.2832236094049101,0.9675416461035704
1138,1170,senegal,1.0,-9.57976441913181,0.19999999999999996,403645355.20856506,0.2832236094049101,0.9675416461035704
1139,1171,senegal,1.0,-12.499345645308495,-0.6,300382010.1269898,0.29035883021928355,3.3682952164913225
1140,1172,senegal,1.0,-12.499345645308495,-0.6,300382010.1269898,0.29035883021928355,3.3682952164913225
1141,1173,senegal,1.0,-12.499345645308495,-0.6,300382010.1269898,0.29035883021928355,3.3682952164913225
1142,1174,senegal,1.0,-12.499345645308495,-0.6,300382010.1269898,0.29035883021928355,3.3682952164913225
1143,1175,senegal,1.0,-12.499345645308495,-0.6,300382010.1269898,0.29035883021928355,3.3682952164913225
1144,1176,senegal,1.0,-12.499345645308495,-0.6,300382010.1269898,0.29035883021928355,3.3682952164913225
1145,1177,senegal,1.0,-12.499345645308495,-0.6,300382010.1269898,0.29035883021928355,3.3682952164913225
1146,1178,senegal,1.0,-12.499345645308495,-0.6,300382010.1269898,0.29035883021928355,3.3682952164913225
1147,1179,senegal,1.0,-12.499345645308495,-0.6,300382010.1269898,0.29035883021928355,3.3682952164913225
1148,1180,senegal,1.0,-12.499345645308495,-0.6,300382010.1269898,0.29035883021928355,3.3682952164913225
1149,1181,senegal,1.0,-5.043486639857292,-0.6,398208018.71803874,0.2600879812686593,1.0489874562576174
1150,1182,senegal,1.0,-5.043486639857292,-0.6,398208018.71803874,0.2600879812686593,1.0489874562576174
1151,1183,senegal,1.0,-5.043486639857292,-0.6,398208018.71803874,0.2600879812686593,1.0489874562576174
1152,1184,senegal,1.0,-5.043486639857292,-0.6,398208018.71803874,0.2600879812686593,1.0489874562576174
1153,1185,senegal,1.0,-5.043486639857292,-0.6,398208018.71803874,0.2600879812686593,1.0489874562576174
1154,1186,senegal,1.0,-5.043486639857292,-0.6,398208018.71803874,0.2600879812686593,1.0489874562576174
1155,1187,senegal,1.0,-5.043486639857292,-0.6,398208018.71803874,0.2600879812686593,1.0489874562576174
1156,1188,senegal,1.0,-5.043486639857292,-0.6,398208018.71803874,0.2600879812686593,1.0489874562576174
1157,1189,senegal,1.0,-5.043486639857292,-0.6,398208018.71803874,0.2600879812686593,1.0489874562576174
1158,1190,senegal,1.0,-5.043486639857292,-0.6,398208018.71803874,0.2600879812686593,1.0489874562576174
1159,1191,senegal,0.6,-4.836386680603027,0.06666666666666665,367339428.07987946,0.22301777510073797,-2.52606626893338
1160,1192,senegal,0.6,-4.836386680603027,0.06666666666666665,367339428.07987946,0.22301777510073797,-2.52606626893338
1161,1193,senegal,0.6,-4.836386680603027,0.06666666666666665,367339428.07987946,0.22301777510073797,-2.52606626893338
1162,1194,senegal,0.6,-4.836386680603027,0.06666666666666665,367339428.07987946,0.22301777510073797,-2.52606626893338
1163,1196,senegal,0.6,-4.836386680603027,0.06666666666666665,367339428.07987946,0.22301777510073797,-2.52606626893338
1164,1197,senegal,0.6,-4.836386680603027,0.06666666666666665,367339428.07987946,0.22301777510073797,-2.52606626893338
1165,1198,senegal,0.6,-4.836386680603027,0.06666666666666665,367339428.07987946,0.22301777510073797,-2.52606626893338
1166,1199,senegal,0.6,-4.836386680603027,0.06666666666666665,367339428.07987946,0.22301777510073797,-2.52606626893338
1167,1200,senegal,0.6,-4.836386680603027,0.06666666666666665,367339428.07987946,0.22301777510073797,-2.52606626893338
1168,1201,senegal,0.6,-11.403090000152588,0.06666666666666665,534746737.9299893,0.27892109378917757,0.8387273432636677
1169,1202,senegal,0.6,-11.403090000152588,0.06666666666666665,534746737.9299893,0.27892109378917757,0.8387273432636677
1170,1203,senegal,0.6,-11.403090000152588,0.06666666666666665,534746737.9299893,0.27892109378917757,0.8387273432636677
1171,1204,senegal,0.6,-11.403090000152588,0.06666666666666665,534746737.9299893,0.27892109378917757,0.8387273432636677
1172,1205,senegal,0.6,-11.403090000152588,0.06666666666666665,534746737.9299893,0.27892109378917757,0.8387273432636677
1173,1206,senegal,0.6,-11.403090000152588,0.06666666666666665,534746737.9299893,0.27892109378917757,0.8387273432636677
1174,1207,senegal,0.6,-11.403090000152588,0.06666666666666665,534746737.9299893,0.27892109378917757,0.8387273432636677
1175,1208,senegal,0.6,-11.403090000152588,0.06666666666666665,534746737.9299893,0.27892109378917757,0.8387273432636677
1176,1209,senegal,0.6,-11.403090000152588,0.06666666666666665,534746737.9299893,0.27892109378917757,0.8387273432636677
1177,1210,senegal,0.6,-11.403090000152588,0.06666666666666665,534746737.9299893,0.27892109378917757,0.8387273432636677
1178,1211,senegal,0.4,-10.127720355987549,-0.3999999999999999,510346557.6511912,0.25145204131939525,2.716851903993204
1179,1212,senegal,0.4,-10.127720355987549,-0.3999999999999999,510346557.6511912,0.25145204131939525,2.716851903993204
1180,1213,senegal,0.4,-10.127720355987549,-0.3999999999999999,510346557.6511912,0.25145204131939525,2.716851903993204
1181,1214,senegal,0.4,-10.127720355987549,-0.3999999999999999,510346557.6511912,0.25145204131939525,2.716851903993204
1182,1215,senegal,0.4,-10.127720355987549,-0.3999999999999999,510346557.6511912,0.25145204131939525,2.716851903993204
1183,1216,senegal,0.4,-10.127720355987549,-0.3999999999999999,510346557.6511912,0.25145204131939525,2.716851903993204
1184,1217,senegal,0.4,-10.127720355987549,-0.3999999999999999,510346557.6511912,0.25145204131939525,2.716851903993204
1185,1218,senegal,0.4,-10.127720355987549,-0.3999999999999999,510346557.6511912,0.25145204131939525,2.716851903993204
1186,1219,senegal,0.4,-10.127720355987549,-0.3999999999999999,510346557.6511912,0.25145204131939525,2.716851903993204
1187,1220,senegal,0.4,-10.127720355987549,-0.3999999999999999,510346557.6511912,0.25145204131939525,2.716851903993204
1188,1221,senegal,0.6,-11.403090000152588,0.06666666666666665,534746737.9299893,0.27892109378917757,0.8387273432636677
1189,1222,senegal,0.6,-11.403090000152588,0.06666666666666665,534746737.9299893,0.27892109378917757,0.8387273432636677
1190,1223,senegal,0.6,-11.403090000152588,0.06666666666666665,534746737.9299893,0.27892109378917757,0.8387273432636677
1191,1224,senegal,0.6,-11.403090000152588,0.06666666666666665,534746737.9299893,0.27892109378917757,0.8387273432636677
1192,1225,senegal,0.6,-11.403090000152588,0.06666666666666665,534746737.9299893,0.27892109378917757,0.8387273432636677
1193,1226,senegal,0.6,-11.403090000152588,0.06666666666666665,534746737.9299893,0.27892109378917757,0.8387273432636677
1194,1227,senegal,0.6,-11.403090000152588,0.06666666666666665,534746737.9299893,0.27892109378917757,0.8387273432636677
1195,1228,senegal,0.6,-11.403090000152588,0.06666666666666665,534746737.9299893,0.27892109378917757,0.8387273432636677
1196,1229,senegal,0.6,-11.403090000152588,0.06666666666666665,534746737.9299893,0.27892109378917757,0.8387273432636677
1197,1230,senegal,0.6,-11.403090000152588,0.06666666666666665,534746737.9299893,0.27892109378917757,0.8387273432636677
1198,1231,senegal,0.6,-10.321795016527176,0.06666666666666665,354069086.9448339,0.2538452646607163,-2.174479278574381
1199,1232,senegal,0.6,-10.321795016527176,0.06666666666666665,354069086.9448339,0.2538452646607163,-2.174479278574381
1200,1233,senegal,0.6,-10.321795016527176,0.06666666666666665,354069086.9448339,0.2538452646607163,-2.174479278574381
1201,1234,senegal,0.6,-10.321795016527176,0.06666666666666665,354069086.9448339,0.2538452646607163,-2.174479278574381
1202,1235,senegal,0.6,-10.321795016527176,0.06666666666666665,354069086.9448339,0.2538452646607163,-2.174479278574381
1203,1236,senegal,0.6,-10.321795016527176,0.06666666666666665,354069086.9448339,0.2538452646607163,-2.174479278574381
1204,1238,senegal,0.6,-10.321795016527176,0.06666666666666665,354069086.9448339,0.2538452646607163,-2.174479278574381
1205,1239,senegal,0.6,-10.321795016527176,0.06666666666666665,354069086.9448339,0.2538452646607163,-2.174479278574381
1206,1240,senegal,0.6,-10.321795016527176,0.06666666666666665,354069086.9448339,0.2538452646607163,-2.174479278574381
1207,1241,senegal,0.8,-4.928056299686432,0.20000000000000018,377206246.40299463,0.26179733652643,-1.34476947036856
1208,1242,senegal,0.8,-4.928056299686432,0.20000000000000018,377206246.40299463,0.26179733652643,-1.34476947036856
1209,1243,senegal,0.8,-4.928056299686432,0.20000000000000018,377206246.40299463,0.26179733652643,-1.34476947036856
1210,1244,senegal,0.8,-4.928056299686432,0.20000000000000018,377206246.40299463,0.26179733652643,-1.34476947036856
1211,1245,senegal,0.8,-4.928056299686432,0.20000000000000018,377206246.40299463,0.26179733652643,-1.34476947036856
1212,1246,senegal,0.8,-4.928056299686432,0.20000000000000018,377206246.40299463,0.26179733652643,-1.34476947036856
1213,1247,senegal,0.8,-4.928056299686432,0.20000000000000018,377206246.40299463,0.26179733652643,-1.34476947036856
1214,1248,senegal,0.8,-4.928056299686432,0.20000000000000018,377206246.40299463,0.26179733652643,-1.34476947036856
1215,1249,senegal,0.8,-4.928056299686432,0.20000000000000018,377206246.40299463,0.26179733652643,-1.34476947036856
1216,1250,senegal,0.8,-4.928056299686432,0.20000000000000018,377206246.40299463,0.26179733652643,-1.34476947036856
1217,1251,senegal,0.6,-9.74372661113739,0.06666666666666665,452941214.70840883,0.2943627398902158,1.2578935224736458
1218,1252,senegal,0.6,-9.74372661113739,0.06666666666666665,452941214.70840883,0.2943627398902158,1.2578935224736458
1219,1253,senegal,0.6,-9.74372661113739,0.06666666666666665,452941214.70840883,0.2943627398902158,1.2578935224736458
1220,1254,senegal,0.6,-9.74372661113739,0.06666666666666665,452941214.70840883,0.2943627398902158,1.2578935224736458
1221,1255,senegal,0.6,-9.74372661113739,0.06666666666666665,452941214.70840883,0.2943627398902158,1.2578935224736458
1222,1256,senegal,0.6,-9.74372661113739,0.06666666666666665,452941214.70840883,0.2943627398902158,1.2578935224736458
1223,1257,senegal,0.6,-9.74372661113739,0.06666666666666665,452941214.70840883,0.2943627398902158,1.2578935224736458
1224,1258,senegal,0.6,-9.74372661113739,0.06666666666666665,452941214.70840883,0.2943627398902158,1.2578935224736458
1225,1259,senegal,0.6,-9.74372661113739,0.06666666666666665,452941214.70840883,0.2943627398902158,1.2578935224736458
1226,1260,senegal,0.6,-9.74372661113739,0.06666666666666665,452941214.70840883,0.2943627398902158,1.2578935224736458
1227,1261,senegal,0.8,-6.310012340545654,-0.29999999999999993,377449747.20671016,0.2160660794981256,-0.14187228791196071
1228,1262,senegal,0.8,-6.310012340545654,-0.29999999999999993,377449747.20671016,0.2160660794981256,-0.14187228791196071
1229,1263,senegal,0.8,-6.310012340545654,-0.29999999999999993,377449747.20671016,0.2160660794981256,-0.14187228791196071
1230,1264,senegal,0.8,-6.310012340545654,-0.29999999999999993,377449747.20671016,0.2160660794981256,-0.14187228791196071
1231,1266,senegal,0.8,-6.310012340545654,-0.29999999999999993,377449747.20671016,0.2160660794981256,-0.14187228791196071
1232,1267,senegal,0.8,-6.310012340545654,-0.29999999999999993,377449747.20671016,0.2160660794981256,-0.14187228791196071
1233,1268,senegal,0.8,-6.310012340545654,-0.29999999999999993,377449747.20671016,0.2160660794981256,-0.14187228791196071
1234,1269,senegal,0.8,-6.310012340545654,-0.29999999999999993,377449747.20671016,0.2160660794981256,-0.14187228791196071
1235,1270,senegal,0.8,-6.310012340545654,-0.29999999999999993,377449747.20671016,0.2160660794981256,-0.14187228791196071
1236,1271,senegal,0.6,-12.209609717130661,0.06666666666666665,231748162.00345123,0.25376821691757623,3.3619430316413093
1237,1272,senegal,0.6,-12.209609717130661,0.06666666666666665,231748162.00345123,0.25376821691757623,3.3619430316413093
1238,1273,senegal,0.6,-12.209609717130661,0.06666666666666665,231748162.00345123,0.25376821691757623,3.3619430316413093
1239,1274,senegal,0.6,-12.209609717130661,0.06666666666666665,231748162.00345123,0.25376821691757623,3.3619430316413093
1240,1275,senegal,0.6,-12.209609717130661,0.06666666666666665,231748162.00345123,0.25376821691757623,3.3619430316413093
1241,1276,senegal,0.6,-12.209609717130661,0.06666666666666665,231748162.00345123,0.25376821691757623,3.3619430316413093
1242,1277,senegal,0.6,-12.209609717130661,0.06666666666666665,231748162.00345123,0.25376821691757623,3.3619430316413093
1243,1278,senegal,0.6,-12.209609717130661,0.06666666666666665,231748162.00345123,0.25376821691757623,3.3619430316413093
1244,1279,senegal,0.6,-12.209609717130661,0.06666666666666665,231748162.00345123,0.25376821691757623,3.3619430316413093
1245,1280,senegal,0.6,-12.209609717130661,0.06666666666666665,231748162.00345123,0.25376821691757623,3.3619430316413093
1246,1281,senegal,0.8,-6.472099224726359,-0.29999999999999993,192738702.58766326,0.2715704622078177,0.43634811976125776
1247,1282,senegal,0.8,-6.472099224726359,-0.29999999999999993,192738702.58766326,0.2715704622078177,0.43634811976125776
1248,1283,senegal,0.8,-6.472099224726359,-0.29999999999999993,192738702.58766326,0.2715704622078177,0.43634811976125776
1249,1284,senegal,0.8,-6.472099224726359,-0.29999999999999993,192738702.58766326,0.2715704622078177,0.43634811976125776
1250,1285,senegal,0.8,-6.472099224726359,-0.29999999999999993,192738702.58766326,0.2715704622078177,0.43634811976125776
1251,1286,senegal,0.8,-6.472099224726359,-0.29999999999999993,192738702.58766326,0.2715704622078177,0.43634811976125776
1252,1287,senegal,0.8,-6.472099224726359,-0.29999999999999993,192738702.58766326,0.2715704622078177,0.43634811976125776
1253,1288,senegal,0.8,-6.472099224726359,-0.29999999999999993,192738702.58766326,0.2715704622078177,0.43634811976125776
1254,1289,senegal,0.8,-6.472099224726359,-0.29999999999999993,192738702.58766326,0.2715704622078177,0.43634811976125776
1255,1290,senegal,0.8,-6.472099224726359,-0.29999999999999993,192738702.58766326,0.2715704622078177,0.43634811976125776
1256,1291,senegal,0.4,-8.293699264526367,-0.3999999999999999,346848414.3573241,0.24684674637631704,-1.6844146316077664
1257,1292,senegal,0.4,-8.293699264526367,-0.3999999999999999,346848414.3573241,0.24684674637631704,-1.6844146316077664
1258,1293,senegal,0.4,-8.293699264526367,-0.3999999999999999,346848414.3573241,0.24684674637631704,-1.6844146316077664
1259,1294,senegal,0.4,-8.293699264526367,-0.3999999999999999,346848414.3573241,0.24684674637631704,-1.6844146316077664
1260,1295,senegal,0.4,-8.293699264526367,-0.3999999999999999,346848414.3573241,0.24684674637631704,-1.6844146316077664
1261,1296,senegal,0.4,-8.293699264526367,-0.3999999999999999,346848414.3573241,0.24684674637631704,-1.6844146316077664
1262,1297,senegal,0.4,-8.293699264526367,-0.3999999999999999,346848414.3573241,0.24684674637631704,-1.6844146316077664
1263,1298,senegal,0.4,-8.293699264526367,-0.3999999999999999,346848414.3573241,0.24684674637631704,-1.6844146316077664
1264,1299,senegal,0.4,-8.293699264526367,-0.3999999999999999,346848414.3573241,0.24684674637631704,-1.6844146316077664
1265,1300,senegal,0.4,-8.293699264526367,-0.3999999999999999,346848414.3573241,0.24684674637631704,-1.6844146316077664
1266,1302,senegal,1.0,-8.553364356358847,-0.19999999999999996,380428895.8150898,0.2693765192783846,0.47571058672517935
1267,1303,senegal,1.0,-8.553364356358847,-0.19999999999999996,380428895.8150898,0.2693765192783846,0.47571058672517935
1268,1304,senegal,1.0,-8.553364356358847,-0.19999999999999996,380428895.8150898,0.2693765192783846,0.47571058672517935
1269,1305,senegal,1.0,-8.553364356358847,-0.19999999999999996,380428895.8150898,0.2693765192783846,0.47571058672517935
1270,1306,senegal,1.0,-8.553364356358847,-0.19999999999999996,380428895.8150898,0.2693765192783846,0.47571058672517935
1271,1307,senegal,1.0,-8.553364356358847,-0.19999999999999996,380428895.8150898,0.2693765192783846,0.47571058672517935
1272,1308,senegal,1.0,-8.553364356358847,-0.19999999999999996,380428895.8150898,0.2693765192783846,0.47571058672517935
1273,1309,senegal,1.0,-8.553364356358847,-0.19999999999999996,380428895.8150898,0.2693765192783846,0.47571058672517935
1274,1310,senegal,1.0,-8.553364356358847,-0.19999999999999996,380428895.8150898,0.2693765192783846,0.47571058672517935
1275,1311,senegal,1.2,-9.930590639511744,0.13333333333333353,320304171.7908543,0.3075905681604126,-1.0365532573036378
1276,1312,senegal,1.2,-9.930590639511744,0.13333333333333353,320304171.7908543,0.3075905681604126,-1.0365532573036378
1277,1313,senegal,1.2,-9.930590639511744,0.13333333333333353,320304171.7908543,0.3075905681604126,-1.0365532573036378
1278,1314,senegal,1.2,-9.930590639511744,0.13333333333333353,320304171.7908543,0.3075905681604126,-1.0365532573036378
1279,1315,senegal,1.2,-9.930590639511744,0.13333333333333353,320304171.7908543,0.3075905681604126,-1.0365532573036378
1280,1316,senegal,1.2,-9.930590639511744,0.13333333333333353,320304171.7908543,0.3075905681604126,-1.0365532573036378
1281,1317,senegal,1.2,-9.930590639511744,0.13333333333333353,320304171.7908543,0.3075905681604126,-1.0365532573036378
1282,1318,senegal,1.2,-9.930590639511744,0.13333333333333353,320304171.7908543,0.3075905681604126,-1.0365532573036378
1283,1319,senegal,1.2,-9.930590639511744,0.13333333333333353,320304171.7908543,0.3075905681604126,-1.0365532573036378
1284,1320,senegal,1.2,-9.930590639511744,0.13333333333333353,320304171.7908543,0.3075905681604126,-1.0365532573036378
1285,1321,senegal,0.8,-10.179611285527548,-0.29999999999999993,354662441.11745155,0.29848737472944115,-2.0542851909247255
1286,1322,senegal,0.8,-10.179611285527548,-0.29999999999999993,354662441.11745155,0.29848737472944115,-2.0542851909247255
1287,1323,senegal,0.8,-10.179611285527548,-0.29999999999999993,354662441.11745155,0.29848737472944115,-2.0542851909247255
1288,1324,senegal,0.8,-10.179611285527548,-0.29999999999999993,354662441.11745155,0.29848737472944115,-2.0542851909247255
1289,1325,senegal,0.8,-10.179611285527548,-0.29999999999999993,354662441.11745155,0.29848737472944115,-2.0542851909247255
1290,1326,senegal,0.8,-10.179611285527548,-0.29999999999999993,354662441.11745155,0.29848737472944115,-2.0542851909247255
1291,1327,senegal,0.8,-10.179611285527548,-0.29999999999999993,354662441.11745155,0.29848737472944115,-2.0542851909247255
1292,1328,senegal,0.8,-10.179611285527548,-0.29999999999999993,354662441.11745155,0.29848737472944115,-2.0542851909247255
1293,1329,senegal,0.8,-10.179611285527548,-0.29999999999999993,354662441.11745155,0.29848737472944115,-2.0542851909247255
1294,1330,senegal,0.8,-10.179611285527548,-0.29999999999999993,354662441.11745155,0.29848737472944115,-2.0542851909247255
1295,1331,senegal,0.2,-9.458704948425293,-0.19999999999999984,666941950.5412158,0.18604129477008055,1.229519157402453
1296,1332,senegal,0.2,-9.458704948425293,-0.19999999999999984,666941950.5412158,0.18604129477008055,1.229519157402453
1297,1333,senegal,0.2,-9.458704948425293,-0.19999999999999984,666941950.5412158,0.18604129477008055,1.229519157402453
1298,1334,senegal,0.2,-9.458704948425293,-0.19999999999999984,666941950.5412158,0.18604129477008055,1.229519157402453
1299,1335,senegal,0.2,-9.458704948425293,-0.19999999999999984,666941950.5412158,0.18604129477008055,1.229519157402453
1300,1336,senegal,0.2,-9.458704948425293,-0.19999999999999984,666941950.5412158,0.18604129477008055,1.229519157402453
1301,1337,senegal,0.2,-9.458704948425293,-0.19999999999999984,666941950.5412158,0.18604129477008055,1.229519157402453
1302,1338,senegal,0.2,-9.458704948425293,-0.19999999999999984,666941950.5412158,0.18604129477008055,1.229519157402453
1303,1339,senegal,0.2,-9.458704948425293,-0.19999999999999984,666941950.5412158,0.18604129477008055,1.229519157402453
1304,1340,senegal,0.2,-9.458704948425293,-0.19999999999999984,666941950.5412158,0.18604129477008055,1.229519157402453
1305,1341,senegal,1.0,-5.13268784681956,0.19999999999999996,537070535.5530356,0.2610457096315459,-0.8874794952513357
1306,1342,senegal,1.0,-5.13268784681956,0.19999999999999996,537070535.5530356,0.2610457096315459,-0.8874794952513357
1307,1343,senegal,1.0,-5.13268784681956,0.19999999999999996,537070535.5530356,0.2610457096315459,-0.8874794952513357
1308,1344,senegal,1.0,-5.13268784681956,0.19999999999999996,537070535.5530356,0.2610457096315459,-0.8874794952513357
1309,1345,senegal,1.0,-5.13268784681956,0.19999999999999996,537070535.5530356,0.2610457096315459,-0.8874794952513357
1310,1346,senegal,1.0,-5.13268784681956,0.19999999999999996,537070535.5530356,0.2610457096315459,-0.8874794952513357
1311,1347,senegal,1.0,-5.13268784681956,0.19999999999999996,537070535.5530356,0.2610457096315459,-0.8874794952513357
1312,1348,senegal,1.0,-5.13268784681956,0.19999999999999996,537070535.5530356,0.2610457096315459,-0.8874794952513357
1313,1349,senegal,1.0,-5.13268784681956,0.19999999999999996,537070535.5530356,0.2610457096315459,-0.8874794952513357
1314,1351,senegal,0.8,-8.012320617834726,0.7000000000000004,593659198.1157697,0.25142974115180533,0.49551646744353894
1315,1352,senegal,0.8,-8.012320617834726,0.7000000000000004,593659198.1157697,0.25142974115180533,0.49551646744353894
1316,1354,senegal,0.8,-8.012320617834726,0.7000000000000004,593659198.1157697,0.25142974115180533,0.49551646744353894
1317,1355,senegal,0.8,-8.012320617834726,0.7000000000000004,593659198.1157697,0.25142974115180533,0.49551646744353894
1318,1356,senegal,0.8,-8.012320617834726,0.7000000000000004,593659198.1157697,0.25142974115180533,0.49551646744353894
1319,1357,senegal,0.8,-8.012320617834726,0.7000000000000004,593659198.1157697,0.25142974115180533,0.49551646744353894
1320,1358,senegal,0.8,-8.012320617834726,0.7000000000000004,593659198.1157697,0.25142974115180533,0.49551646744353894
1321,1359,senegal,0.8,-8.012320617834726,0.7000000000000004,593659198.1157697,0.25142974115180533,0.49551646744353894
1322,1360,senegal,0.8,-8.012320617834726,0.7000000000000004,593659198.1157697,0.25142974115180533,0.49551646744353894
1323,1361,senegal,0.4,-19.394161701202393,-0.3999999999999999,307287813.5684978,0.19615347841175063,0.0
1324,1362,senegal,0.4,-19.394161701202393,-0.3999999999999999,307287813.5684978,0.19615347841175063,0.0
1325,1363,senegal,0.4,-19.394161701202393,-0.3999999999999999,307287813.5684978,0.19615347841175063,0.0
1326,1364,senegal,0.4,-19.394161701202393,-0.3999999999999999,307287813.5684978,0.19615347841175063,0.0
1327,1365,senegal,0.4,-19.394161701202393,-0.3999999999999999,307287813.5684978,0.19615347841175063,0.0
1328,1366,senegal,0.4,-19.394161701202393,-0.3999999999999999,307287813.5684978,0.19615347841175063,0.0
1329,1367,senegal,0.4,-19.394161701202393,-0.3999999999999999,307287813.5684978,0.19615347841175063,0.0
1330,1368,senegal,0.4,-19.394161701202393,-0.3999999999999999,307287813.5684978,0.19615347841175063,0.0
1331,1369,senegal,0.4,-19.394161701202393,-0.3999999999999999,307287813.5684978,0.19615347841175063,0.0
1332,1401,senegal,0.4,-6.127578258514404,-0.3999999999999999,427202292.97493494,0.25720449392596134,2.1367640839828606
1333,1402,senegal,0.4,-6.127578258514404,-0.3999999999999999,427202292.97493494,0.25720449392596134,2.1367640839828606
1334,1403,senegal,0.4,-6.127578258514404,-0.3999999999999999,427202292.97493494,0.25720449392596134,2.1367640839828606
1335,1404,senegal,0.4,-6.127578258514404,-0.3999999999999999,427202292.97493494,0.25720449392596134,2.1367640839828606
1336,1405,senegal,0.4,-6.127578258514404,-0.3999999999999999,427202292.97493494,0.25720449392596134,2.1367640839828606
1337,1406,senegal,0.4,-6.127578258514404,-0.3999999999999999,427202292.97493494,0.25720449392596134,2.1367640839828606
1338,1407,senegal,0.4,-6.127578258514404,-0.3999999999999999,427202292.97493494,0.25720449392596134,2.1367640839828606
1339,1408,senegal,0.4,-6.127578258514404,-0.3999999999999999,427202292.97493494,0.25720449392596134,2.1367640839828606
1340,1409,senegal,0.4,-6.127578258514404,-0.3999999999999999,427202292.97493494,0.25720449392596134,2.1367640839828606
1341,1410,senegal,0.4,-6.127578258514404,-0.3999999999999999,427202292.97493494,0.25720449392596134,2.1367640839828606
1342,1411,senegal,0.2,-8.384692192077637,-0.19999999999999984,698457298.6621181,0.216944082656804,0.31125047623264473
1343,1412,senegal,0.2,-8.384692192077637,-0.19999999999999984,698457298.6621181,0.216944082656804,0.31125047623264473
1344,1413,senegal,0.2,-8.384692192077637,-0.19999999999999984,698457298.6621181,0.216944082656804,0.31125047623264473
1345,1415,senegal,0.2,-8.384692192077637,-0.19999999999999984,698457298.6621181,0.216944082656804,0.31125047623264473
1346,1416,senegal,0.2,-8.384692192077637,-0.19999999999999984,698457298.6621181,0.216944082656804,0.31125047623264473
1347,1417,senegal,0.2,-8.384692192077637,-0.19999999999999984,698457298.6621181,0.216944082656804,0.31125047623264473
1348,1418,senegal,0.2,-8.384692192077637,-0.19999999999999984,698457298.6621181,0.216944082656804,0.31125047623264473
1349,1419,senegal,0.2,-8.384692192077637,-0.19999999999999984,698457298.6621181,0.216944082656804,0.31125047623264473
1350,1420,senegal,0.2,-8.384692192077637,-0.19999999999999984,698457298.6621181,0.216944082656804,0.31125047623264473
1351,1421,senegal,0.8,-9.49792793393135,-0.8,148477177.0748941,0.2616181064881795,0.23234557651088728
1352,1422,senegal,0.8,-9.49792793393135,-0.8,148477177.0748941,0.2616181064881795,0.23234557651088728
1353,1423,senegal,0.8,-9.49792793393135,-0.8,148477177.0748941,0.2616181064881795,0.23234557651088728
1354,1424,senegal,0.8,-9.49792793393135,-0.8,148477177.0748941,0.2616181064881795,0.23234557651088728
1355,1425,senegal,0.8,-9.49792793393135,-0.8,148477177.0748941,0.2616181064881795,0.23234557651088728
1356,1426,senegal,0.8,-9.49792793393135,-0.8,148477177.0748941,0.2616181064881795,0.23234557651088728
1357,1427,senegal,0.8,-9.49792793393135,-0.8,148477177.0748941,0.2616181064881795,0.23234557651088728
1358,1428,senegal,0.8,-9.49792793393135,-0.8,148477177.0748941,0.2616181064881795,0.23234557651088728
1359,1429,senegal,0.8,-9.49792793393135,-0.8,148477177.0748941,0.2616181064881795,0.23234557651088728
1360,1430,senegal,0.8,-9.49792793393135,-0.8,148477177.0748941,0.2616181064881795,0.23234557651088728
1361,1431,senegal,0.4,-18.99394726753235,-0.3999999999999999,243614495.58062005,0.25276901822114783,0.9175890441595054
1362,1432,senegal,0.4,-18.99394726753235,-0.3999999999999999,243614495.58062005,0.25276901822114783,0.9175890441595054
1363,1433,senegal,0.4,-18.99394726753235,-0.3999999999999999,243614495.58062005,0.25276901822114783,0.9175890441595054
1364,1434,senegal,0.4,-18.99394726753235,-0.3999999999999999,243614495.58062005,0.25276901822114783,0.9175890441595054
1365,1435,senegal,0.4,-18.99394726753235,-0.3999999999999999,243614495.58062005,0.25276901822114783,0.9175890441595054
1366,1436,senegal,0.4,-18.99394726753235,-0.3999999999999999,243614495.58062005,0.25276901822114783,0.9175890441595054
1367,1437,senegal,0.4,-18.99394726753235,-0.3999999999999999,243614495.58062005,0.25276901822114783,0.9175890441595054
1368,1438,senegal,0.4,-18.99394726753235,-0.3999999999999999,243614495.58062005,0.25276901822114783,0.9175890441595054
1369,1439,senegal,0.4,-18.99394726753235,-0.3999999999999999,243614495.58062005,0.25276901822114783,0.9175890441595054
1370,1440,senegal,0.4,-18.99394726753235,-0.3999999999999999,243614495.58062005,0.25276901822114783,0.9175890441595054
1371,1441,senegal,0.6,-11.32332976659139,-0.5999999999999999,484347623.4450793,0.2822741959457054,2.8826244347995846
1372,1442,senegal,0.6,-11.32332976659139,-0.5999999999999999,484347623.4450793,0.2822741959457054,2.8826244347995846
1373,1443,senegal,0.6,-11.32332976659139,-0.5999999999999999,484347623.4450793,0.2822741959457054,2.8826244347995846
1374,1444,senegal,0.6,-11.32332976659139,-0.5999999999999999,484347623.4450793,0.2822741959457054,2.8826244347995846
1375,1445,senegal,0.6,-11.32332976659139,-0.5999999999999999,484347623.4450793,0.2822741959457054,2.8826244347995846
1376,1446,senegal,0.6,-11.32332976659139,-0.5999999999999999,484347623.4450793,0.2822741959457054,2.8826244347995846
1377,1447,senegal,0.6,-11.32332976659139,-0.5999999999999999,484347623.4450793,0.2822741959457054,2.8826244347995846
1378,1448,senegal,0.6,-11.32332976659139,-0.5999999999999999,484347623.4450793,0.2822741959457054,2.8826244347995846
1379,1449,senegal,0.6,-11.32332976659139,-0.5999999999999999,484347623.4450793,0.2822741959457054,2.8826244347995846
1380,1450,senegal,0.6,-11.32332976659139,-0.5999999999999999,484347623.4450793,0.2822741959457054,2.8826244347995846
1381,1451,senegal,0.6,-10.321795016527176,0.06666666666666665,354069086.9448339,0.2538452646607163,-2.174479278574381
1382,1452,senegal,0.6,-10.321795016527176,0.06666666666666665,354069086.9448339,0.2538452646607163,-2.174479278574381
1383,1453,senegal,0.6,-10.321795016527176,0.06666666666666665,354069086.9448339,0.2538452646607163,-2.174479278574381
1384,1454,senegal,0.6,-10.321795016527176,0.06666666666666665,354069086.9448339,0.2538452646607163,-2.174479278574381
1385,1455,senegal,0.6,-10.321795016527176,0.06666666666666665,354069086.9448339,0.2538452646607163,-2.174479278574381
1386,1456,senegal,0.6,-10.321795016527176,0.06666666666666665,354069086.9448339,0.2538452646607163,-2.174479278574381
1387,1457,senegal,0.6,-10.321795016527176,0.06666666666666665,354069086.9448339,0.2538452646607163,-2.174479278574381
1388,1458,senegal,0.6,-10.321795016527176,0.06666666666666665,354069086.9448339,0.2538452646607163,-2.174479278574381
1389,1459,senegal,0.6,-10.321795016527176,0.06666666666666665,354069086.9448339,0.2538452646607163,-2.174479278574381
1390,1460,senegal,0.6,-10.321795016527176,0.06666666666666665,354069086.9448339,0.2538452646607163,-2.174479278574381
1391,1461,senegal,0.8,-5.753115862607956,0.20000000000000018,425740978.5919343,0.24881422568016753,-2.007570627551011
1392,1462,senegal,0.8,-5.753115862607956,0.20000000000000018,425740978.5919343,0.24881422568016753,-2.007570627551011
1393,1463,senegal,0.8,-5.753115862607956,0.20000000000000018,425740978.5919343,0.24881422568016753,-2.007570627551011
1394,1464,senegal,0.8,-5.753115862607956,0.20000000000000018,425740978.5919343,0.24881422568016753,-2.007570627551011
1395,1465,senegal,0.8,-5.753115862607956,0.20000000000000018,425740978.5919343,0.24881422568016753,-2.007570627551011
1396,1466,senegal,0.8,-5.753115862607956,0.20000000000000018,425740978.5919343,0.24881422568016753,-2.007570627551011
1397,1467,senegal,0.8,-5.753115862607956,0.20000000000000018,425740978.5919343,0.24881422568016753,-2.007570627551011
1398,1468,senegal,0.8,-5.753115862607956,0.20000000000000018,425740978.5919343,0.24881422568016753,-2.007570627551011
1399,1469,senegal,0.8,-5.753115862607956,0.20000000000000018,425740978.5919343,0.24881422568016753,-2.007570627551011
1400,1470,senegal,0.8,-5.753115862607956,0.20000000000000018,425740978.5919343,0.24881422568016753,-2.007570627551011
1401,1471,senegal,0.8,-11.035107990105947,0.7000000000000004,456601754.39662856,0.26081066048879575,-0.25600785640358414
1402,1472,senegal,0.8,-11.035107990105947,0.7000000000000004,456601754.39662856,0.26081066048879575,-0.25600785640358414
1403,1473,senegal,0.8,-11.035107990105947,0.7000000000000004,456601754.39662856,0.26081066048879575,-0.25600785640358414
1404,1474,senegal,0.8,-11.035107990105947,0.7000000000000004,456601754.39662856,0.26081066048879575,-0.25600785640358414
1405,1475,senegal,0.8,-11.035107990105947,0.7000000000000004,456601754.39662856,0.26081066048879575,-0.25600785640358414
1406,1476,senegal,0.8,-11.035107990105947,0.7000000000000004,456601754.39662856,0.26081066048879575,-0.25600785640358414
1407,1477,senegal,0.8,-11.035107990105947,0.7000000000000004,456601754.39662856,0.26081066048879575,-0.25600785640358414
1408,1478,senegal,0.8,-11.035107990105947,0.7000000000000004,456601754.39662856,0.26081066048879575,-0.25600785640358414
1409,1479,senegal,0.8,-11.035107990105947,0.7000000000000004,456601754.39662856,0.26081066048879575,-0.25600785640358414
1410,1480,senegal,0.8,-11.035107990105947,0.7000000000000004,456601754.39662856,0.26081066048879575,-0.25600785640358414
1411,1481,senegal,0.6,-11.351326644420624,0.06666666666666665,402603819.13377357,0.2414606615007841,-4.5511444872869635
1412,1482,senegal,0.6,-11.351326644420624,0.06666666666666665,402603819.13377357,0.2414606615007841,-4.5511444872869635
1413,1483,senegal,0.6,-11.351326644420624,0.06666666666666665,402603819.13377357,0.2414606615007841,-4.5511444872869635
1414,1484,senegal,0.6,-11.351326644420624,0.06666666666666665,402603819.13377357,0.2414606615007841,-4.5511444872869635
1415,1485,senegal,0.6,-11.351326644420624,0.06666666666666665,402603819.13377357,0.2414606615007841,-4.5511444872869635
1416,1486,senegal,0.6,-11.351326644420624,0.06666666666666665,402603819.13377357,0.2414606615007841,-4.5511444872869635
1417,1487,senegal,0.6,-11.351326644420624,0.06666666666666665,402603819.13377357,0.2414606615007841,-4.5511444872869635
1418,1488,senegal,0.6,-11.351326644420624,0.06666666666666665,402603819.13377357,0.2414606615007841,-4.5511444872869635
1419,1489,senegal,0.6,-11.351326644420624,0.06666666666666665,402603819.13377357,0.2414606615007841,-4.5511444872869635
1420,1490,senegal,0.6,-11.351326644420624,0.06666666666666665,402603819.13377357,0.2414606615007841,-4.5511444872869635
1421,1491,senegal,0.6,-11.351326644420624,0.06666666666666665,402603819.13377357,0.2414606615007841,-4.5511444872869635
1422,1492,senegal,0.6,-11.351326644420624,0.06666666666666665,402603819.13377357,0.2414606615007841,-4.5511444872869635
1423,1493,senegal,0.6,-11.351326644420624,0.06666666666666665,402603819.13377357,0.2414606615007841,-4.5511444872869635
1424,1494,senegal,0.6,-11.351326644420624,0.06666666666666665,402603819.13377357,0.2414606615007841,-4.5511444872869635
1425,1495,senegal,0.6,-11.351326644420624,0.06666666666666665,402603819.13377357,0.2414606615007841,-4.5511444872869635
1426,1496,senegal,0.6,-11.351326644420624,0.06666666666666665,402603819.13377357,0.2414606615007841,-4.5511444872869635
1427,1497,senegal,0.6,-11.351326644420624,0.06666666666666665,402603819.13377357,0.2414606615007841,-4.5511444872869635
1428,1498,senegal,0.6,-11.351326644420624,0.06666666666666665,402603819.13377357,0.2414606615007841,-4.5511444872869635
1429,1499,senegal,0.6,-11.351326644420624,0.06666666666666665,402603819.13377357,0.2414606615007841,-4.5511444872869635
1430,1500,senegal,0.6,-11.351326644420624,0.06666666666666665,402603819.13377357,0.2414606615007841,-4.5511444872869635
1431,1501,senegal,1.0,-7.151655673980713,-0.6,222259878.4644874,0.2879491384416678,2.2556293887338144
1432,1502,senegal,1.0,-7.151655673980713,-0.6,222259878.4644874,0.2879491384416678,2.2556293887338144
1433,1503,senegal,1.0,-7.151655673980713,-0.6,222259878.4644874,0.2879491384416678,2.2556293887338144
1434,1504,senegal,1.0,-7.151655673980713,-0.6,222259878.4644874,0.2879491384416678,2.2556293887338144
1435,1505,senegal,1.0,-7.151655673980713,-0.6,222259878.4644874,0.2879491384416678,2.2556293887338144
1436,1506,senegal,1.0,-7.151655673980713,-0.6,222259878.4644874,0.2879491384416678,2.2556293887338144
1437,1507,senegal,1.0,-7.151655673980713,-0.6,222259878.4644874,0.2879491384416678,2.2556293887338144
1438,1508,senegal,1.0,-7.151655673980713,-0.6,222259878.4644874,0.2879491384416678,2.2556293887338144
1439,1509,senegal,1.0,-7.151655673980713,-0.6,222259878.4644874,0.2879491384416678,2.2556293887338144
1440,1510,senegal,1.0,-7.151655673980713,-0.6,222259878.4644874,0.2879491384416678,2.2556293887338144
1441,1511,senegal,0.8,-10.249279896418253,-0.29999999999999993,171073107.55453146,0.2829329588689622,0.82103591010865
1442,1512,senegal,0.8,-10.249279896418253,-0.29999999999999993,171073107.55453146,0.2829329588689622,0.82103591010865
1443,1513,senegal,0.8,-10.249279896418253,-0.29999999999999993,171073107.55453146,0.2829329588689622,0.82103591010865
1444,1514,senegal,0.8,-10.249279896418253,-0.29999999999999993,171073107.55453146,0.2829329588689622,0.82103591010865
1445,1515,senegal,0.8,-10.249279896418253,-0.29999999999999993,171073107.55453146,0.2829329588689622,0.82103591010865
1446,1516,senegal,0.8,-10.249279896418253,-0.29999999999999993,171073107.55453146,0.2829329588689622,0.82103591010865
1447,1517,senegal,0.8,-10.249279896418253,-0.29999999999999993,171073107.55453146,0.2829329588689622,0.82103591010865
1448,1518,senegal,0.8,-10.249279896418253,-0.29999999999999993,171073107.55453146,0.2829329588689622,0.82103591010865
1449,1519,senegal,0.8,-10.249279896418253,-0.29999999999999993,171073107.55453146,0.2829329588689622,0.82103591010865
1450,1520,senegal,0.8,-10.249279896418253,-0.29999999999999993,171073107.55453146,0.2829329588689622,0.82103591010865
1451,1521,senegal,0.8,-12.738709608713785,-0.29999999999999993,382790017.55608183,0.30224461030223404,4.406765784869087
1452,1522,senegal,0.8,-12.738709608713785,-0.29999999999999993,382790017.55608183,0.30224461030223404,4.406765784869087
1453,1523,senegal,0.8,-12.738709608713785,-0.29999999999999993,382790017.55608183,0.30224461030223404,4.406765784869087
1454,1524,senegal,0.8,-12.738709608713785,-0.29999999999999993,382790017.55608183,0.30224461030223404,4.406765784869087
1455,1525,senegal,0.8,-12.738709608713785,-0.29999999999999993,382790017.55608183,0.30224461030223404,4.406765784869087
1456,1526,senegal,0.8,-12.738709608713785,-0.29999999999999993,382790017.55608183,0.30224461030223404,4.406765784869087
1457,1527,senegal,0.8,-12.738709608713785,-0.29999999999999993,382790017.55608183,0.30224461030223404,4.406765784869087
1458,1528,senegal,0.8,-12.738709608713785,-0.29999999999999993,382790017.55608183,0.30224461030223404,4.406765784869087
1459,1529,senegal,0.8,-12.738709608713785,-0.29999999999999993,382790017.55608183,0.30224461030223404,4.406765784869087
1460,1530,senegal,0.8,-12.738709608713785,-0.29999999999999993,382790017.55608183,0.30224461030223404,4.406765784869087
1461,1531,senegal,1.0,-10.076217432816824,-0.19999999999999996,361307777.00792867,0.301358521066234,-0.6350516238746594
1462,1532,senegal,1.0,-10.076217432816824,-0.19999999999999996,361307777.00792867,0.301358521066234,-0.6350516238746594
1463,1533,senegal,1.0,-10.076217432816824,-0.19999999999999996,361307777.00792867,0.301358521066234,-0.6350516238746594
1464,1534,senegal,1.0,-10.076217432816824,-0.19999999999999996,361307777.00792867,0.301358521066234,-0.6350516238746594
1465,1535,senegal,1.0,-10.076217432816824,-0.19999999999999996,361307777.00792867,0.301358521066234,-0.6350516238746594
1466,1536,senegal,1.0,-10.076217432816824,-0.19999999999999996,361307777.00792867,0.301358521066234,-0.6350516238746594
1467,1537,senegal,1.0,-10.076217432816824,-0.19999999999999996,361307777.00792867,0.301358521066234,-0.6350516238746594
1468,1538,senegal,1.0,-10.076217432816824,-0.19999999999999996,361307777.00792867,0.301358521066234,-0.6350516238746594
1469,1539,senegal,1.0,-10.076217432816824,-0.19999999999999996,361307777.00792867,0.301358521066234,-0.6350516238746594
1470,1540,senegal,1.0,-10.076217432816824,-0.19999999999999996,361307777.00792867,0.301358521066234,-0.6350516238746594
1471,1541,senegal,1.2,-9.30986750125885,-0.5333333333333332,247053992.46678147,0.27978870617381413,1.2746453549620136
1472,1542,senegal,1.2,-9.30986750125885,-0.5333333333333332,247053992.46678147,0.27978870617381413,1.2746453549620136
1473,1543,senegal,1.2,-9.30986750125885,-0.5333333333333332,247053992.46678147,0.27978870617381413,1.2746453549620136
1474,1544,senegal,1.2,-9.30986750125885,-0.5333333333333332,247053992.46678147,0.27978870617381413,1.2746453549620136
1475,1545,senegal,1.2,-9.30986750125885,-0.5333333333333332,247053992.46678147,0.27978870617381413,1.2746453549620136
1476,1546,senegal,1.2,-9.30986750125885,-0.5333333333333332,247053992.46678147,0.27978870617381413,1.2746453549620136
1477,1547,senegal,1.2,-9.30986750125885,-0.5333333333333332,247053992.46678147,0.27978870617381413,1.2746453549620136
1478,1548,senegal,1.2,-9.30986750125885,-0.5333333333333332,247053992.46678147,0.27978870617381413,1.2746453549620136
1479,1549,senegal,1.2,-9.30986750125885,-0.5333333333333332,247053992.46678147,0.27978870617381413,1.2746453549620136
1480,1550,senegal,1.2,-9.30986750125885,-0.5333333333333332,247053992.46678147,0.27978870617381413,1.2746453549620136
1481,1551,senegal,0.6,-5.856993913650513,0.06666666666666665,222323166.1627874,0.19415209767650796,-1.0383305599626502
1482,1552,senegal,0.6,-5.856993913650513,0.06666666666666665,222323166.1627874,0.19415209767650796,-1.0383305599626502
1483,1553,senegal,0.6,-5.856993913650513,0.06666666666666665,222323166.1627874,0.19415209767650796,-1.0383305599626502
1484,1554,senegal,0.6,-5.856993913650513,0.06666666666666665,222323166.1627874,0.19415209767650796,-1.0383305599626502
1485,1555,senegal,0.6,-5.856993913650513,0.06666666666666665,222323166.1627874,0.19415209767650796,-1.0383305599626502
1486,1556,senegal,0.6,-5.856993913650513,0.06666666666666665,222323166.1627874,0.19415209767650796,-1.0383305599626502
1487,1557,senegal,0.6,-5.856993913650513,0.06666666666666665,222323166.1627874,0.19415209767650796,-1.0383305599626502
1488,1558,senegal,0.6,-5.856993913650513,0.06666666666666665,222323166.1627874,0.19415209767650796,-1.0383305599626502
1489,1559,senegal,0.6,-5.856993913650513,0.06666666666666665,222323166.1627874,0.19415209767650796,-1.0383305599626502
1490,1560,senegal,0.6,-5.856993913650513,0.06666666666666665,222323166.1627874,0.19415209767650796,-1.0383305599626502
1491,1561,senegal,0.4,-7.0567867159843445,-0.3999999999999999,714108432.3953826,0.22428881569205364,0.8990430353871579
1492,1562,senegal,0.4,-7.0567867159843445,-0.3999999999999999,714108432.3953826,0.22428881569205364,0.8990430353871579
1493,1563,senegal,0.4,-7.0567867159843445,-0.3999999999999999,714108432.3953826,0.22428881569205364,0.8990430353871579
1494,1564,senegal,0.4,-7.0567867159843445,-0.3999999999999999,714108432.3953826,0.22428881569205364,0.8990430353871579
1495,1565,senegal,0.4,-7.0567867159843445,-0.3999999999999999,714108432.3953826,0.22428881569205364,0.8990430353871579
1496,1567,senegal,0.4,-7.0567867159843445,-0.3999999999999999,714108432.3953826,0.22428881569205364,0.8990430353871579
1497,1569,senegal,0.4,-7.0567867159843445,-0.3999999999999999,714108432.3953826,0.22428881569205364,0.8990430353871579
1498,1570,senegal,0.4,-7.0567867159843445,-0.3999999999999999,714108432.3953826,0.22428881569205364,0.8990430353871579
1499,1571,senegal,0.6,-7.837266127268474,-0.5999999999999999,312783935.5001383,0.2299110256037878,-0.4573742557581582
1500,1572,senegal,0.6,-7.837266127268474,-0.5999999999999999,312783935.5001383,0.2299110256037878,-0.4573742557581582
1501,1573,senegal,0.6,-7.837266127268474,-0.5999999999999999,312783935.5001383,0.2299110256037878,-0.4573742557581582
1502,1574,senegal,0.6,-7.837266127268474,-0.5999999999999999,312783935.5001383,0.2299110256037878,-0.4573742557581582
1503,1575,senegal,0.6,-7.837266127268474,-0.5999999999999999,312783935.5001383,0.2299110256037878,-0.4573742557581582
1504,1576,senegal,0.6,-7.837266127268474,-0.5999999999999999,312783935.5001383,0.2299110256037878,-0.4573742557581582
1505,1577,senegal,0.6,-7.837266127268474,-0.5999999999999999,312783935.5001383,0.2299110256037878,-0.4573742557581582
1506,1578,senegal,0.6,-7.837266127268474,-0.5999999999999999,312783935.5001383,0.2299110256037878,-0.4573742557581582
1507,1579,senegal,0.6,-7.837266127268474,-0.5999999999999999,312783935.5001383,0.2299110256037878,-0.4573742557581582
1508,1580,senegal,0.6,-7.837266127268474,-0.5999999999999999,312783935.5001383,0.2299110256037878,-0.4573742557581582
1509,1581,senegal,0.8,-5.935027033090591,0.20000000000000018,391485531.38186127,0.2737583515691086,-0.8369458531469086
1510,1582,senegal,0.8,-5.935027033090591,0.20000000000000018,391485531.38186127,0.2737583515691086,-0.8369458531469086
1511,1583,senegal,0.8,-5.935027033090591,0.20000000000000018,391485531.38186127,0.2737583515691086,-0.8369458531469086
1512,1584,senegal,0.8,-5.935027033090591,0.20000000000000018,391485531.38186127,0.2737583515691086,-0.8369458531469086
1513,1585,senegal,0.8,-5.935027033090591,0.20000000000000018,391485531.38186127,0.2737583515691086,-0.8369458531469086
1514,1586,senegal,0.8,-5.935027033090591,0.20000000000000018,391485531.38186127,0.2737583515691086,-0.8369458531469086
1515,1587,senegal,0.8,-5.935027033090591,0.20000000000000018,391485531.38186127,0.2737583515691086,-0.8369458531469086
1516,1588,senegal,0.8,-5.935027033090591,0.20000000000000018,391485531.38186127,0.2737583515691086,-0.8369458531469086
1517,1589,senegal,0.8,-5.935027033090591,0.20000000000000018,391485531.38186127,0.2737583515691086,-0.8369458531469086
1518,1590,senegal,0.8,-5.935027033090591,0.20000000000000018,391485531.38186127,0.2737583515691086,-0.8369458531469086
1519,1591,senegal,0.8,-6.75065263112386,-0.29999999999999993,488085015.43508285,0.31005284413824,1.7278644885729129
1520,1592,senegal,0.8,-6.75065263112386,-0.29999999999999993,488085015.43508285,0.31005284413824,1.7278644885729129
1521,1593,senegal,0.8,-6.75065263112386,-0.29999999999999993,488085015.43508285,0.31005284413824,1.7278644885729129
1522,1594,senegal,0.8,-6.75065263112386,-0.29999999999999993,488085015.43508285,0.31005284413824,1.7278644885729129
1523,1595,senegal,0.8,-6.75065263112386,-0.29999999999999993,488085015.43508285,0.31005284413824,1.7278644885729129
1524,1596,senegal,0.8,-6.75065263112386,-0.29999999999999993,488085015.43508285,0.31005284413824,1.7278644885729129
1525,1597,senegal,0.8,-6.75065263112386,-0.29999999999999993,488085015.43508285,0.31005284413824,1.7278644885729129
1526,1598,senegal,0.8,-6.75065263112386,-0.29999999999999993,488085015.43508285,0.31005284413824,1.7278644885729129
1527,1599,senegal,0.8,-6.75065263112386,-0.29999999999999993,488085015.43508285,0.31005284413824,1.7278644885729129
1528,1600,senegal,0.8,-6.75065263112386,-0.29999999999999993,488085015.43508285,0.31005284413824,1.7278644885729129
1529,1601,senegal,0.4,-8.67376697063446,-0.3999999999999999,218104011.47784504,0.24648325527199946,-0.7413395640233513
1530,1602,senegal,0.4,-8.67376697063446,-0.3999999999999999,218104011.47784504,0.24648325527199946,-0.7413395640233513
1531,1603,senegal,0.4,-8.67376697063446,-0.3999999999999999,218104011.47784504,0.24648325527199946,-0.7413395640233513
1532,1604,senegal,0.4,-8.67376697063446,-0.3999999999999999,218104011.47784504,0.24648325527199946,-0.7413395640233513
1533,1605,senegal,0.4,-8.67376697063446,-0.3999999999999999,218104011.47784504,0.24648325527199946,-0.7413395640233513
1534,1606,senegal,0.4,-8.67376697063446,-0.3999999999999999,218104011.47784504,0.24648325527199946,-0.7413395640233513
1535,1607,senegal,0.4,-8.67376697063446,-0.3999999999999999,218104011.47784504,0.24648325527199946,-0.7413395640233513
1536,1608,senegal,0.4,-8.67376697063446,-0.3999999999999999,218104011.47784504,0.24648325527199946,-0.7413395640233513
1537,1609,senegal,0.4,-8.67376697063446,-0.3999999999999999,218104011.47784504,0.24648325527199946,-0.7413395640233513
1538,1610,senegal,0.4,-8.67376697063446,-0.3999999999999999,218104011.47784504,0.24648325527199946,-0.7413395640233513
1539,1611,senegal,0.6,-11.351326644420624,0.06666666666666665,402603819.13377357,0.2414606615007841,-4.5511444872869635
1540,1612,senegal,0.6,-11.351326644420624,0.06666666666666665,402603819.13377357,0.2414606615007841,-4.5511444872869635
1541,1613,senegal,0.6,-11.351326644420624,0.06666666666666665,402603819.13377357,0.2414606615007841,-4.5511444872869635
1542,1614,senegal,0.6,-11.351326644420624,0.06666666666666665,402603819.13377357,0.2414606615007841,-4.5511444872869635
1543,1615,senegal,0.6,-11.351326644420624,0.06666666666666665,402603819.13377357,0.2414606615007841,-4.5511444872869635
1544,1616,senegal,0.6,-11.351326644420624,0.06666666666666665,402603819.13377357,0.2414606615007841,-4.5511444872869635
1545,1617,senegal,0.6,-11.351326644420624,0.06666666666666665,402603819.13377357,0.2414606615007841,-4.5511444872869635
1546,1618,senegal,0.6,-11.351326644420624,0.06666666666666665,402603819.13377357,0.2414606615007841,-4.5511444872869635
1547,1619,senegal,0.6,-11.351326644420624,0.06666666666666665,402603819.13377357,0.2414606615007841,-4.5511444872869635
1548,1620,senegal,0.6,-11.351326644420624,0.06666666666666665,402603819.13377357,0.2414606615007841,-4.5511444872869635
1549,1621,senegal,0.6,-11.351326644420624,0.06666666666666665,402603819.13377357,0.2414606615007841,-4.5511444872869635
1550,1622,senegal,0.6,-11.351326644420624,0.06666666666666665,402603819.13377357,0.2414606615007841,-4.5511444872869635
1551,1623,senegal,0.6,-11.351326644420624,0.06666666666666665,402603819.13377357,0.2414606615007841,-4.5511444872869635
1552,1624,senegal,0.6,-11.351326644420624,0.06666666666666665,402603819.13377357,0.2414606615007841,-4.5511444872869635
1553,1625,senegal,0.6,-11.351326644420624,0.06666666666666665,402603819.13377357,0.2414606615007841,-4.5511444872869635
1554,1626,senegal,0.6,-11.351326644420624,0.06666666666666665,402603819.13377357,0.2414606615007841,-4.5511444872869635
1555,1627,senegal,0.6,-11.351326644420624,0.06666666666666665,402603819.13377357,0.2414606615007841,-4.5511444872869635
1556,1628,senegal,0.6,-11.351326644420624,0.06666666666666665,402603819.13377357,0.2414606615007841,-4.5511444872869635
1557,1629,senegal,0.6,-11.351326644420624,0.06666666666666665,402603819.13377357,0.2414606615007841,-4.5511444872869635
1558,1630,senegal,0.6,-11.351326644420624,0.06666666666666665,402603819.13377357,0.2414606615007841,-4.5511444872869635
1559,1631,senegal,0.8,-9.316825250784555,-0.29999999999999993,383492169.0299026,0.25836743363829784,-0.023318057838992583
1560,1632,senegal,0.8,-9.316825250784555,-0.29999999999999993,383492169.0299026,0.25836743363829784,-0.023318057838992583
1561,1633,senegal,0.8,-9.316825250784555,-0.29999999999999993,383492169.0299026,0.25836743363829784,-0.023318057838992583
1562,1634,senegal,0.8,-9.316825250784555,-0.29999999999999993,383492169.0299026,0.25836743363829784,-0.023318057838992583
1563,1635,senegal,0.8,-9.316825250784555,-0.29999999999999993,383492169.0299026,0.25836743363829784,-0.023318057838992583
1564,1636,senegal,0.8,-9.316825250784555,-0.29999999999999993,383492169.0299026,0.25836743363829784,-0.023318057838992583
1565,1637,senegal,0.8,-9.316825250784555,-0.29999999999999993,383492169.0299026,0.25836743363829784,-0.023318057838992583
1566,1638,senegal,0.8,-9.316825250784555,-0.29999999999999993,383492169.0299026,0.25836743363829784,-0.023318057838992583
1567,1642,senegal,0.6,-11.457229614257812,0.06666666666666665,436523914.6322828,0.23854747250745287,-2.0795272649227265
1568,1644,senegal,0.6,-11.457229614257812,0.06666666666666665,436523914.6322828,0.23854747250745287,-2.0795272649227265
1569,1645,senegal,0.6,-11.457229614257812,0.06666666666666665,436523914.6322828,0.23854747250745287,-2.0795272649227265
1570,1646,senegal,0.6,-11.457229614257812,0.06666666666666665,436523914.6322828,0.23854747250745287,-2.0795272649227265
1571,1647,senegal,0.6,-11.457229614257812,0.06666666666666665,436523914.6322828,0.23854747250745287,-2.0795272649227265
1572,1648,senegal,0.6,-11.457229614257812,0.06666666666666665,436523914.6322828,0.23854747250745287,-2.0795272649227265
1573,1649,senegal,0.6,-11.457229614257812,0.06666666666666665,436523914.6322828,0.23854747250745287,-2.0795272649227265
1574,1650,senegal,0.6,-11.457229614257812,0.06666666666666665,436523914.6322828,0.23854747250745287,-2.0795272649227265
1575,1651,senegal,0.8,-10.018530488014221,-0.29999999999999993,430496822.4132136,0.252743355384904,-0.1162969891511086
1576,1652,senegal,0.8,-10.018530488014221,-0.29999999999999993,430496822.4132136,0.252743355384904,-0.1162969891511086
1577,1653,senegal,0.8,-10.018530488014221,-0.29999999999999993,430496822.4132136,0.252743355384904,-0.1162969891511086
1578,1654,senegal,0.8,-10.018530488014221,-0.29999999999999993,430496822.4132136,0.252743355384904,-0.1162969891511086
1579,1655,senegal,0.8,-10.018530488014221,-0.29999999999999993,430496822.4132136,0.252743355384904,-0.1162969891511086
1580,1656,senegal,0.8,-10.018530488014221,-0.29999999999999993,430496822.4132136,0.252743355384904,-0.1162969891511086
1581,1657,senegal,0.8,-10.018530488014221,-0.29999999999999993,430496822.4132136,0.252743355384904,-0.1162969891511086
1582,1658,senegal,0.8,-10.018530488014221,-0.29999999999999993,430496822.4132136,0.252743355384904,-0.1162969891511086
1583,1659,senegal,0.8,-10.018530488014221,-0.29999999999999993,430496822.4132136,0.252743355384904,-0.1162969891511086
1584,1660,senegal,0.8,-10.018530488014221,-0.29999999999999993,430496822.4132136,0.252743355384904,-0.1162969891511086
1585,1661,senegal,0.6,-6.112844626108806,-0.5999999999999999,424803376.982218,0.25723968119685986,0.565334475798677
1586,1662,senegal,0.6,-6.112844626108806,-0.5999999999999999,424803376.982218,0.25723968119685986,0.565334475798677
1587,1663,senegal,0.6,-6.112844626108806,-0.5999999999999999,424803376.982218,0.25723968119685986,0.565334475798677
1588,1664,senegal,0.6,-6.112844626108806,-0.5999999999999999,424803376.982218,0.25723968119685986,0.565334475798677
1589,1666,senegal,0.6,-6.112844626108806,-0.5999999999999999,424803376.982218,0.25723968119685986,0.565334475798677
1590,1667,senegal,0.6,-6.112844626108806,-0.5999999999999999,424803376.982218,0.25723968119685986,0.565334475798677
1591,1668,senegal,0.6,-6.112844626108806,-0.5999999999999999,424803376.982218,0.25723968119685986,0.565334475798677
1592,1669,senegal,0.6,-6.112844626108806,-0.5999999999999999,424803376.982218,0.25723968119685986,0.565334475798677
1593,1670,senegal,0.6,-6.112844626108806,-0.5999999999999999,424803376.982218,0.25723968119685986,0.565334475798677
1594,1671,senegal,0.4,-18.744680404663086,-0.3999999999999999,281081288.66592056,0.24840347603388965,1.416391383309915
1595,1672,senegal,0.4,-18.744680404663086,-0.3999999999999999,281081288.66592056,0.24840347603388965,1.416391383309915
1596,1673,senegal,0.4,-18.744680404663086,-0.3999999999999999,281081288.66592056,0.24840347603388965,1.416391383309915
1597,1674,senegal,0.4,-18.744680404663086,-0.3999999999999999,281081288.66592056,0.24840347603388965,1.416391383309915
1598,1675,senegal,0.4,-18.744680404663086,-0.3999999999999999,281081288.66592056,0.24840347603388965,1.416391383309915
1599,1676,senegal,0.4,-18.744680404663086,-0.3999999999999999,281081288.66592056,0.24840347603388965,1.416391383309915
1600,1677,senegal,0.4,-18.744680404663086,-0.3999999999999999,281081288.66592056,0.24840347603388965,1.416391383309915
1601,1678,senegal,0.4,-18.744680404663086,-0.3999999999999999,281081288.66592056,0.24840347603388965,1.416391383309915
1602,1680,senegal,0.8,-6.775255382061005,0.20000000000000018,562830976.4465029,0.31607798374074747,0.5047931655143165
1603,1681,senegal,0.8,-6.775255382061005,0.20000000000000018,562830976.4465029,0.31607798374074747,0.5047931655143165
1604,1682,senegal,0.8,-6.775255382061005,0.20000000000000018,562830976.4465029,0.31607798374074747,0.5047931655143165
1605,1683,senegal,0.8,-6.775255382061005,0.20000000000000018,562830976.4465029,0.31607798374074747,0.5047931655143165
1606,1684,senegal,0.8,-6.775255382061005,0.20000000000000018,562830976.4465029,0.31607798374074747,0.5047931655143165
1607,1685,senegal,0.8,-6.775255382061005,0.20000000000000018,562830976.4465029,0.31607798374074747,0.5047931655143165
1608,1686,senegal,0.8,-6.775255382061005,0.20000000000000018,562830976.4465029,0.31607798374074747,0.5047931655143165
1609,1687,senegal,0.8,-6.775255382061005,0.20000000000000018,562830976.4465029,0.31607798374074747,0.5047931655143165
1610,1688,senegal,0.8,-6.775255382061005,0.20000000000000018,562830976.4465029,0.31607798374074747,0.5047931655143165
1611,1689,senegal,0.8,-6.775255382061005,0.20000000000000018,562830976.4465029,0.31607798374074747,0.5047931655143165
1612,1690,senegal,0.6,-11.351326644420624,0.06666666666666665,402603819.13377357,0.2414606615007841,-4.5511444872869635
1613,1691,senegal,0.6,-11.351326644420624,0.06666666666666665,402603819.13377357,0.2414606615007841,-4.5511444872869635
1614,1692,senegal,0.6,-11.351326644420624,0.06666666666666665,402603819.13377357,0.2414606615007841,-4.5511444872869635
1615,1693,senegal,0.6,-11.351326644420624,0.06666666666666665,402603819.13377357,0.2414606615007841,-4.5511444872869635
1616,1694,senegal,0.6,-11.351326644420624,0.06666666666666665,402603819.13377357,0.2414606615007841,-4.5511444872869635
1617,1695,senegal,0.6,-11.351326644420624,0.06666666666666665,402603819.13377357,0.2414606615007841,-4.5511444872869635
1618,1697,senegal,0.6,-11.351326644420624,0.06666666666666665,402603819.13377357,0.2414606615007841,-4.5511444872869635
1619,1698,senegal,0.6,-11.351326644420624,0.06666666666666665,402603819.13377357,0.2414606615007841,-4.5511444872869635
1620,1699,senegal,0.6,-11.351326644420624,0.06666666666666665,402603819.13377357,0.2414606615007841,-4.5511444872869635
1621,1700,senegal,0.6,-8.988755226135254,0.06666666666666665,548138760.0285858,0.2508867732423267,1.5075568573609353
1622,1701,senegal,0.6,-8.988755226135254,0.06666666666666665,548138760.0285858,0.2508867732423267,1.5075568573609353
1623,1702,senegal,0.6,-8.988755226135254,0.06666666666666665,548138760.0285858,0.2508867732423267,1.5075568573609353
1624,1703,senegal,0.6,-8.988755226135254,0.06666666666666665,548138760.0285858,0.2508867732423267,1.5075568573609353
1625,1704,senegal,0.6,-8.988755226135254,0.06666666666666665,548138760.0285858,0.2508867732423267,1.5075568573609353
1626,1705,senegal,0.6,-8.988755226135254,0.06666666666666665,548138760.0285858,0.2508867732423267,1.5075568573609353
1627,1706,senegal,0.6,-8.988755226135254,0.06666666666666665,548138760.0285858,0.2508867732423267,1.5075568573609353
1628,1707,senegal,0.6,-8.988755226135254,0.06666666666666665,548138760.0285858,0.2508867732423267,1.5075568573609353
1629,1708,senegal,0.6,-8.988755226135254,0.06666666666666665,548138760.0285858,0.2508867732423267,1.5075568573609353
1630,1709,senegal,0.6,-8.988755226135254,0.06666666666666665,548138760.0285858,0.2508867732423267,1.5075568573609353
1631,1710,senegal,0.8,-6.850022107362747,0.20000000000000018,562830976.4465029,0.31573888044472376,0.3809070092900494
1632,1711,senegal,0.8,-6.850022107362747,0.20000000000000018,562830976.4465029,0.31573888044472376,0.3809070092900494
1633,1712,senegal,0.8,-6.850022107362747,0.20000000000000018,562830976.4465029,0.31573888044472376,0.3809070092900494
1634,1713,senegal,0.8,-6.850022107362747,0.20000000000000018,562830976.4465029,0.31573888044472376,0.3809070092900494
1635,1714,senegal,0.8,-6.850022107362747,0.20000000000000018,562830976.4465029,0.31573888044472376,0.3809070092900494
1636,1715,senegal,0.8,-6.850022107362747,0.20000000000000018,562830976.4465029,0.31573888044472376,0.3809070092900494
1637,1716,senegal,0.8,-6.850022107362747,0.20000000000000018,562830976.4465029,0.31573888044472376,0.3809070092900494
1638,1717,senegal,0.8,-6.850022107362747,0.20000000000000018,562830976.4465029,0.31573888044472376,0.3809070092900494
1639,1718,senegal,0.8,-6.850022107362747,0.20000000000000018,562830976.4465029,0.31573888044472376,0.3809070092900494
1640,1719,senegal,0.8,-6.850022107362747,0.20000000000000018,562830976.4465029,0.31573888044472376,0.3809070092900494
1641,1720,senegal,0.8,-6.421578844388326,-0.29999999999999993,610963897.2009434,0.1913983832377356,-2.7854866074992692
1642,1721,senegal,0.8,-6.421578844388326,-0.29999999999999993,610963897.2009434,0.1913983832377356,-2.7854866074992692
1643,1722,senegal,0.8,-6.421578844388326,-0.29999999999999993,610963897.2009434,0.1913983832377356,-2.7854866074992692
1644,1723,senegal,0.8,-6.421578844388326,-0.29999999999999993,610963897.2009434,0.1913983832377356,-2.7854866074992692
1645,1724,senegal,0.8,-6.421578844388326,-0.29999999999999993,610963897.2009434,0.1913983832377356,-2.7854866074992692
1646,1725,senegal,0.8,-6.421578844388326,-0.29999999999999993,610963897.2009434,0.1913983832377356,-2.7854866074992692
1647,1726,senegal,0.8,-6.421578844388326,-0.29999999999999993,610963897.2009434,0.1913983832377356,-2.7854866074992692
1648,1727,senegal,0.8,-6.421578844388326,-0.29999999999999993,610963897.2009434,0.1913983832377356,-2.7854866074992692
1649,1728,senegal,0.8,-6.421578844388326,-0.29999999999999993,610963897.2009434,0.1913983832377356,-2.7854866074992692
1650,1729,senegal,0.8,-6.421578844388326,-0.29999999999999993,610963897.2009434,0.1913983832377356,-2.7854866074992692
1651,1730,senegal,1.0,-4.459308644135793,-0.19999999999999996,493610603.20393866,0.19299533513796296,-0.2938283001645159
1652,1731,senegal,1.0,-4.459308644135793,-0.19999999999999996,493610603.20393866,0.19299533513796296,-0.2938283001645159
1653,1732,senegal,1.0,-4.459308644135793,-0.19999999999999996,493610603.20393866,0.19299533513796296,-0.2938283001645159
1654,1733,senegal,1.0,-4.459308644135793,-0.19999999999999996,493610603.20393866,0.19299533513796296,-0.2938283001645159
1655,1734,senegal,1.0,-4.459308644135793,-0.19999999999999996,493610603.20393866,0.19299533513796296,-0.2938283001645159
1656,1735,senegal,1.0,-4.459308644135793,-0.19999999999999996,493610603.20393866,0.19299533513796296,-0.2938283001645159
1657,1736,senegal,1.0,-4.459308644135793,-0.19999999999999996,493610603.20393866,0.19299533513796296,-0.2938283001645159
1658,1738,senegal,1.0,-4.459308644135793,-0.19999999999999996,493610603.20393866,0.19299533513796296,-0.2938283001645159
1659,1739,senegal,1.0,-4.459308644135793,-0.19999999999999996,493610603.20393866,0.19299533513796296,-0.2938283001645159
1660,1740,senegal,0.8,-7.15166958173116,-0.29999999999999993,439433865.1890474,0.20356073033844937,-0.9782057881239318
1661,1741,senegal,0.8,-7.15166958173116,-0.29999999999999993,439433865.1890474,0.20356073033844937,-0.9782057881239318
1662,1742,senegal,0.8,-7.15166958173116,-0.29999999999999993,439433865.1890474,0.20356073033844937,-0.9782057881239318
1663,1743,senegal,0.8,-7.15166958173116,-0.29999999999999993,439433865.1890474,0.20356073033844937,-0.9782057881239318
1664,1744,senegal,0.8,-7.15166958173116,-0.29999999999999993,439433865.1890474,0.20356073033844937,-0.9782057881239318
1665,1745,senegal,0.8,-7.15166958173116,-0.29999999999999993,439433865.1890474,0.20356073033844937,-0.9782057881239318
1666,1746,senegal,0.8,-7.15166958173116,-0.29999999999999993,439433865.1890474,0.20356073033844937,-0.9782057881239318
1667,1747,senegal,0.8,-7.15166958173116,-0.29999999999999993,439433865.1890474,0.20356073033844937,-0.9782057881239318
1668,1748,senegal,0.8,-7.15166958173116,-0.29999999999999993,439433865.1890474,0.20356073033844937,-0.9782057881239318
1669,1749,senegal,0.8,-7.15166958173116,-0.29999999999999993,439433865.1890474,0.20356073033844937,-0.9782057881239318
1670,1750,senegal,0.6,-2.3728898763656616,0.06666666666666665,639249022.0518256,0.18836013923950526,-0.18283596710926325
1671,1751,senegal,0.6,-8.079214851061503,-0.5999999999999999,136263731.55058515,0.26087495186833404,-2.4670237657943694
1672,1752,senegal,0.6,-8.079214851061503,-0.5999999999999999,136263731.55058515,0.26087495186833404,-2.4670237657943694
1673,1753,senegal,0.6,-8.079214851061503,-0.5999999999999999,136263731.55058515,0.26087495186833404,-2.4670237657943694
1674,1754,senegal,0.6,-8.079214851061503,-0.5999999999999999,136263731.55058515,0.26087495186833404,-2.4670237657943694
1675,1755,senegal,0.6,-8.079214851061503,-0.5999999999999999,136263731.55058515,0.26087495186833404,-2.4670237657943694
1676,1756,senegal,0.6,-8.079214851061503,-0.5999999999999999,136263731.55058515,0.26087495186833404,-2.4670237657943694
1677,1757,senegal,0.6,-8.079214851061503,-0.5999999999999999,136263731.55058515,0.26087495186833404,-2.4670237657943694
1678,1758,senegal,0.6,-8.079214851061503,-0.5999999999999999,136263731.55058515,0.26087495186833404,-2.4670237657943694
1679,1759,senegal,0.6,-8.079214851061503,-0.5999999999999999,136263731.55058515,0.26087495186833404,-2.4670237657943694
1680,1760,senegal,0.6,-8.079214851061503,-0.5999999999999999,136263731.55058515,0.26087495186833404,-2.4670237657943694
1681,1761,senegal,1.0,-8.653627902269363,-0.6,212117884.3252522,0.287559244194438,1.7009277144958244
1682,1762,senegal,1.0,-8.653627902269363,-0.6,212117884.3252522,0.287559244194438,1.7009277144958244
1683,1763,senegal,1.0,-8.653627902269363,-0.6,212117884.3252522,0.287559244194438,1.7009277144958244
1684,1764,senegal,1.0,-8.653627902269363,-0.6,212117884.3252522,0.287559244194438,1.7009277144958244
1685,1765,senegal,1.0,-8.653627902269363,-0.6,212117884.3252522,0.287559244194438,1.7009277144958244
1686,1766,senegal,1.0,-8.653627902269363,-0.6,212117884.3252522,0.287559244194438,1.7009277144958244
1687,1767,senegal,1.0,-8.653627902269363,-0.6,212117884.3252522,0.287559244194438,1.7009277144958244
1688,1768,senegal,1.0,-8.653627902269363,-0.6,212117884.3252522,0.287559244194438,1.7009277144958244
1689,1769,senegal,1.0,-8.653627902269363,-0.6,212117884.3252522,0.287559244194438,1.7009277144958244
1690,1770,senegal,1.0,-8.653627902269363,-0.6,212117884.3252522,0.287559244194438,1.7009277144958244
1691,1771,senegal,0.6,-15.88599713643392,-0.5999999999999999,167642112.73550707,0.2909913593880512,2.348697856160634
1692,1772,senegal,0.6,-15.88599713643392,-0.5999999999999999,167642112.73550707,0.2909913593880512,2.348697856160634
1693,1773,senegal,0.6,-15.88599713643392,-0.5999999999999999,167642112.73550707,0.2909913593880512,2.348697856160634
1694,1774,senegal,0.6,-15.88599713643392,-0.5999999999999999,167642112.73550707,0.2909913593880512,2.348697856160634
1695,1775,senegal,0.6,-15.88599713643392,-0.5999999999999999,167642112.73550707,0.2909913593880512,2.348697856160634
1696,1776,senegal,0.6,-15.88599713643392,-0.5999999999999999,167642112.73550707,0.2909913593880512,2.348697856160634
1697,1777,senegal,0.6,-15.88599713643392,-0.5999999999999999,167642112.73550707,0.2909913593880512,2.348697856160634
1698,1778,senegal,0.6,-15.88599713643392,-0.5999999999999999,167642112.73550707,0.2909913593880512,2.348697856160634
1699,1779,senegal,0.6,-15.88599713643392,-0.5999999999999999,167642112.73550707,0.2909913593880512,2.348697856160634
1700,1780,senegal,0.6,-15.88599713643392,-0.5999999999999999,167642112.73550707,0.2909913593880512,2.348697856160634
1701,1781,senegal,0.2,-20.425220489501953,-0.19999999999999984,267513670.5425283,0.2692828892080736,-2.2660843207223516
1702,1782,senegal,0.2,-20.425220489501953,-0.19999999999999984,267513670.5425283,0.2692828892080736,-2.2660843207223516
1703,1783,senegal,0.2,-20.425220489501953,-0.19999999999999984,267513670.5425283,0.2692828892080736,-2.2660843207223516
1704,1784,senegal,0.2,-20.425220489501953,-0.19999999999999984,267513670.5425283,0.2692828892080736,-2.2660843207223516
1705,1785,senegal,0.2,-20.425220489501953,-0.19999999999999984,267513670.5425283,0.2692828892080736,-2.2660843207223516
1706,1786,senegal,0.2,-20.425220489501953,-0.19999999999999984,267513670.5425283,0.2692828892080736,-2.2660843207223516
1707,1787,senegal,0.2,-20.425220489501953,-0.19999999999999984,267513670.5425283,0.2692828892080736,-2.2660843207223516
1708,1788,senegal,0.2,-20.425220489501953,-0.19999999999999984,267513670.5425283,0.2692828892080736,-2.2660843207223516
1709,1789,senegal,0.2,-20.425220489501953,-0.19999999999999984,267513670.5425283,0.2692828892080736,-2.2660843207223516
1710,1790,senegal,0.2,-20.425220489501953,-0.19999999999999984,267513670.5425283,0.2692828892080736,-2.2660843207223516
1711,1801,senegal,1.2,-4.839995622634888,-0.5333333333333332,346212479.70874727,0.20896324580500533,-0.6047054386629722
1712,1802,senegal,1.2,-4.839995622634888,-0.5333333333333332,346212479.70874727,0.20896324580500533,-0.6047054386629722
1713,1803,senegal,1.2,-4.839995622634888,-0.5333333333333332,346212479.70874727,0.20896324580500533,-0.6047054386629722
1714,1804,senegal,1.2,-4.839995622634888,-0.5333333333333332,346212479.70874727,0.20896324580500533,-0.6047054386629722
1715,1805,senegal,1.2,-4.839995622634888,-0.5333333333333332,346212479.70874727,0.20896324580500533,-0.6047054386629722
1716,1806,senegal,1.2,-4.839995622634888,-0.5333333333333332,346212479.70874727,0.20896324580500533,-0.6047054386629722
1717,1807,senegal,1.2,-4.839995622634888,-0.5333333333333332,346212479.70874727,0.20896324580500533,-0.6047054386629722
1718,1808,senegal,1.2,-4.839995622634888,-0.5333333333333332,346212479.70874727,0.20896324580500533,-0.6047054386629722
1719,1809,senegal,1.2,-4.839995622634888,-0.5333333333333332,346212479.70874727,0.20896324580500533,-0.6047054386629722
1720,1810,senegal,1.2,-4.839995622634888,-0.5333333333333332,346212479.70874727,0.20896324580500533,-0.6047054386629722
1721,1811,senegal,0.6,-16.187768936157227,0.06666666666666665,237745098.12221536,0.26566088880203237,1.4408171634598927
1722,1812,senegal,0.6,-16.187768936157227,0.06666666666666665,237745098.12221536,0.26566088880203237,1.4408171634598927
1723,1813,senegal,0.6,-16.187768936157227,0.06666666666666665,237745098.12221536,0.26566088880203237,1.4408171634598927
1724,1814,senegal,0.6,-16.187768936157227,0.06666666666666665,237745098.12221536,0.26566088880203237,1.4408171634598927
1725,1815,senegal,0.6,-16.187768936157227,0.06666666666666665,237745098.12221536,0.26566088880203237,1.4408171634598927
1726,1816,senegal,0.6,-16.187768936157227,0.06666666666666665,237745098.12221536,0.26566088880203237,1.4408171634598927
1727,1817,senegal,0.6,-16.187768936157227,0.06666666666666665,237745098.12221536,0.26566088880203237,1.4408171634598927
1728,1818,senegal,0.6,-16.187768936157227,0.06666666666666665,237745098.12221536,0.26566088880203237,1.4408171634598927
1729,1819,senegal,0.6,-16.187768936157227,0.06666666666666665,237745098.12221536,0.26566088880203237,1.4408171634598927
1730,1820,senegal,0.6,-16.187768936157227,0.06666666666666665,237745098.12221536,0.26566088880203237,1.4408171634598927
1731,1821,senegal,0.8,-10.674359480539957,-0.29999999999999993,312287289.4081296,0.2861174677715993,1.3225311475627017
1732,1822,senegal,0.8,-10.674359480539957,-0.29999999999999993,312287289.4081296,0.2861174677715993,1.3225311475627017
1733,1823,senegal,0.8,-10.674359480539957,-0.29999999999999993,312287289.4081296,0.2861174677715993,1.3225311475627017
1734,1824,senegal,0.8,-10.674359480539957,-0.29999999999999993,312287289.4081296,0.2861174677715993,1.3225311475627017
1735,1825,senegal,0.8,-10.674359480539957,-0.29999999999999993,312287289.4081296,0.2861174677715993,1.3225311475627017
1736,1826,senegal,0.8,-10.674359480539957,-0.29999999999999993,312287289.4081296,0.2861174677715993,1.3225311475627017
1737,1827,senegal,0.8,-10.674359480539957,-0.29999999999999993,312287289.4081296,0.2861174677715993,1.3225311475627017
1738,1828,senegal,0.8,-10.674359480539957,-0.29999999999999993,312287289.4081296,0.2861174677715993,1.3225311475627017
1739,1829,senegal,0.8,-10.674359480539957,-0.29999999999999993,312287289.4081296,0.2861174677715993,1.3225311475627017
1740,1830,senegal,0.8,-10.674359480539957,-0.29999999999999993,312287289.4081296,0.2861174677715993,1.3225311475627017
1741,1831,senegal,0.2,-20.912874221801758,-0.19999999999999984,470995319.1880053,0.2628183159464744,-1.4040129744751961
1742,1832,senegal,0.2,-20.912874221801758,-0.19999999999999984,470995319.1880053,0.2628183159464744,-1.4040129744751961
1743,1833,senegal,0.2,-20.912874221801758,-0.19999999999999984,470995319.1880053,0.2628183159464744,-1.4040129744751961
1744,1834,senegal,0.2,-20.912874221801758,-0.19999999999999984,470995319.1880053,0.2628183159464744,-1.4040129744751961
1745,1835,senegal,0.2,-20.912874221801758,-0.19999999999999984,470995319.1880053,0.2628183159464744,-1.4040129744751961
1746,1836,senegal,0.2,-20.912874221801758,-0.19999999999999984,470995319.1880053,0.2628183159464744,-1.4040129744751961
1747,1837,senegal,0.2,-20.912874221801758,-0.19999999999999984,470995319.1880053,0.2628183159464744,-1.4040129744751961
1748,1838,senegal,0.2,-20.912874221801758,-0.19999999999999984,470995319.1880053,0.2628183159464744,-1.4040129744751961
1749,1839,senegal,0.2,-20.912874221801758,-0.19999999999999984,470995319.1880053,0.2628183159464744,-1.4040129744751961
1750,1840,senegal,0.2,-20.912874221801758,-0.19999999999999984,470995319.1880053,0.2628183159464744,-1.4040129744751961
1751,1841,senegal,0.6,-8.179419189691544,0.06666666666666665,452941214.70840883,0.331213438470401,1.2141539665162528
1752,1842,senegal,0.6,-8.179419189691544,0.06666666666666665,452941214.70840883,0.331213438470401,1.2141539665162528
1753,1843,senegal,0.6,-8.179419189691544,0.06666666666666665,452941214.70840883,0.331213438470401,1.2141539665162528
1754,1844,senegal,0.6,-8.179419189691544,0.06666666666666665,452941214.70840883,0.331213438470401,1.2141539665162528
1755,1845,senegal,0.6,-8.179419189691544,0.06666666666666665,452941214.70840883,0.331213438470401,1.2141539665162528
1756,1846,senegal,0.6,-8.179419189691544,0.06666666666666665,452941214.70840883,0.331213438470401,1.2141539665162528
1757,1847,senegal,0.6,-8.179419189691544,0.06666666666666665,452941214.70840883,0.331213438470401,1.2141539665162528
1758,1848,senegal,0.6,-8.179419189691544,0.06666666666666665,452941214.70840883,0.331213438470401,1.2141539665162528
1759,1849,senegal,0.6,-8.179419189691544,0.06666666666666665,452941214.70840883,0.331213438470401,1.2141539665162528
1760,1850,senegal,0.6,-8.179419189691544,0.06666666666666665,452941214.70840883,0.331213438470401,1.2141539665162528
1761,1853,senegal,0.6,-9.08170685172081,0.06666666666666665,498548941.90584445,0.28641817444693535,-1.09221443026658
1762,1854,senegal,0.6,-9.08170685172081,0.06666666666666665,498548941.90584445,0.28641817444693535,-1.09221443026658
1763,1855,senegal,0.6,-9.08170685172081,0.06666666666666665,498548941.90584445,0.28641817444693535,-1.09221443026658
1764,1856,senegal,0.6,-9.08170685172081,0.06666666666666665,498548941.90584445,0.28641817444693535,-1.09221443026658
1765,1857,senegal,0.6,-9.08170685172081,0.06666666666666665,498548941.90584445,0.28641817444693535,-1.09221443026658
1766,1858,senegal,0.6,-9.08170685172081,0.06666666666666665,498548941.90584445,0.28641817444693535,-1.09221443026658
1767,1859,senegal,0.6,-9.08170685172081,0.06666666666666665,498548941.90584445,0.28641817444693535,-1.09221443026658
1768,1860,senegal,0.6,-9.08170685172081,0.06666666666666665,498548941.90584445,0.28641817444693535,-1.09221443026658
1769,1861,senegal,0.4,-13.748846530914307,-0.3999999999999999,506730002.0597102,0.20189750341743956,-0.5001995322131607
1770,1862,senegal,0.4,-13.748846530914307,-0.3999999999999999,506730002.0597102,0.20189750341743956,-0.5001995322131607
1771,1863,senegal,0.4,-13.748846530914307,-0.3999999999999999,506730002.0597102,0.20189750341743956,-0.5001995322131607
1772,1864,senegal,0.4,-13.748846530914307,-0.3999999999999999,506730002.0597102,0.20189750341743956,-0.5001995322131607
1773,1865,senegal,0.4,-13.748846530914307,-0.3999999999999999,506730002.0597102,0.20189750341743956,-0.5001995322131607
1774,1868,senegal,0.4,-13.748846530914307,-0.3999999999999999,506730002.0597102,0.20189750341743956,-0.5001995322131607
1775,1869,senegal,0.4,-13.748846530914307,-0.3999999999999999,506730002.0597102,0.20189750341743956,-0.5001995322131607
1776,1870,senegal,0.4,-13.748846530914307,-0.3999999999999999,506730002.0597102,0.20189750341743956,-0.5001995322131607
1777,1871,senegal,0.6,-6.1851656039555865,-0.5999999999999999,688118406.1933945,0.21117212554515352,-1.8911581787053295
1778,1872,senegal,0.6,-6.1851656039555865,-0.5999999999999999,688118406.1933945,0.21117212554515352,-1.8911581787053295
1779,1873,senegal,0.6,-6.1851656039555865,-0.5999999999999999,688118406.1933945,0.21117212554515352,-1.8911581787053295
1780,1874,senegal,0.6,-6.1851656039555865,-0.5999999999999999,688118406.1933945,0.21117212554515352,-1.8911581787053295
1781,1875,senegal,0.6,-6.1851656039555865,-0.5999999999999999,688118406.1933945,0.21117212554515352,-1.8911581787053295
1782,1876,senegal,0.6,-6.1851656039555865,-0.5999999999999999,688118406.1933945,0.21117212554515352,-1.8911581787053295
1783,1877,senegal,0.6,-6.1851656039555865,-0.5999999999999999,688118406.1933945,0.21117212554515352,-1.8911581787053295
1784,1878,senegal,0.6,-6.1851656039555865,-0.5999999999999999,688118406.1933945,0.21117212554515352,-1.8911581787053295
1785,1879,senegal,0.6,-6.1851656039555865,-0.5999999999999999,688118406.1933945,0.21117212554515352,-1.8911581787053295
1786,1880,senegal,0.6,-6.1851656039555865,-0.5999999999999999,688118406.1933945,0.21117212554515352,-1.8911581787053295
1787,1881,senegal,0.4,-15.742889881134033,-0.3999999999999999,531733976.64633274,0.2581796086815494,1.9709481068375863
1788,1882,senegal,0.4,-15.742889881134033,-0.3999999999999999,531733976.64633274,0.2581796086815494,1.9709481068375863
1789,1883,senegal,0.4,-15.742889881134033,-0.3999999999999999,531733976.64633274,0.2581796086815494,1.9709481068375863
1790,1884,senegal,0.4,-15.742889881134033,-0.3999999999999999,531733976.64633274,0.2581796086815494,1.9709481068375863
1791,1885,senegal,0.4,-15.742889881134033,-0.3999999999999999,531733976.64633274,0.2581796086815494,1.9709481068375863
1792,1886,senegal,0.4,-15.742889881134033,-0.3999999999999999,531733976.64633274,0.2581796086815494,1.9709481068375863
1793,1887,senegal,0.4,-15.742889881134033,-0.3999999999999999,531733976.64633274,0.2581796086815494,1.9709481068375863
1794,1888,senegal,0.4,-15.742889881134033,-0.3999999999999999,531733976.64633274,0.2581796086815494,1.9709481068375863
1795,1889,senegal,0.4,-15.742889881134033,-0.3999999999999999,531733976.64633274,0.2581796086815494,1.9709481068375863
1796,1891,senegal,0.2,-10.952871322631836,-0.19999999999999984,666941950.5412158,0.2089827121344225,-1.0822618398549295
1797,1892,senegal,0.2,-10.952871322631836,-0.19999999999999984,666941950.5412158,0.2089827121344225,-1.0822618398549295
1798,1893,senegal,0.2,-10.952871322631836,-0.19999999999999984,666941950.5412158,0.2089827121344225,-1.0822618398549295
1799,1895,senegal,0.2,-10.952871322631836,-0.19999999999999984,666941950.5412158,0.2089827121344225,-1.0822618398549295
1800,1896,senegal,0.2,-10.952871322631836,-0.19999999999999984,666941950.5412158,0.2089827121344225,-1.0822618398549295
1801,1897,senegal,0.2,-10.952871322631836,-0.19999999999999984,666941950.5412158,0.2089827121344225,-1.0822618398549295
1802,1898,senegal,0.2,-10.952871322631836,-0.19999999999999984,666941950.5412158,0.2089827121344225,-1.0822618398549295
1803,1899,senegal,0.2,-10.952871322631836,-0.19999999999999984,666941950.5412158,0.2089827121344225,-1.0822618398549295
1804,1900,senegal,0.2,-10.952871322631836,-0.19999999999999984,666941950.5412158,0.2089827121344225,-1.0822618398549295
1805,1901,senegal,0.8,-5.896156370639801,0.7000000000000004,551047373.2138413,0.25618128791223943,1.8734640358607504
1806,1902,senegal,0.8,-5.896156370639801,0.7000000000000004,551047373.2138413,0.25618128791223943,1.8734640358607504
1807,1903,senegal,0.8,-5.896156370639801,0.7000000000000004,551047373.2138413,0.25618128791223943,1.8734640358607504
1808,1904,senegal,0.8,-5.896156370639801,0.7000000000000004,551047373.2138413,0.25618128791223943,1.8734640358607504
1809,1905,senegal,0.8,-5.896156370639801,0.7000000000000004,551047373.2138413,0.25618128791223943,1.8734640358607504
1810,1906,senegal,0.8,-5.896156370639801,0.7000000000000004,551047373.2138413,0.25618128791223943,1.8734640358607504
1811,1907,senegal,0.8,-5.896156370639801,0.7000000000000004,551047373.2138413,0.25618128791223943,1.8734640358607504
1812,1908,senegal,0.8,-5.896156370639801,0.7000000000000004,551047373.2138413,0.25618128791223943,1.8734640358607504
1813,1909,senegal,0.8,-5.896156370639801,0.7000000000000004,551047373.2138413,0.25618128791223943,1.8734640358607504
1814,1910,senegal,0.8,-5.896156370639801,0.7000000000000004,551047373.2138413,0.25618128791223943,1.8734640358607504
1815,1911,senegal,0.2,-10.184093475341797,-0.19999999999999984,666941950.5412158,0.21190928092555672,-1.1915637579326699
1816,1913,senegal,0.2,-10.184093475341797,-0.19999999999999984,666941950.5412158,0.21190928092555672,-1.1915637579326699
1817,1914,senegal,0.2,-10.184093475341797,-0.19999999999999984,666941950.5412158,0.21190928092555672,-1.1915637579326699
1818,1915,senegal,0.2,-10.184093475341797,-0.19999999999999984,666941950.5412158,0.21190928092555672,-1.1915637579326699
1819,1917,senegal,0.2,-10.184093475341797,-0.19999999999999984,666941950.5412158,0.21190928092555672,-1.1915637579326699
1820,1918,senegal,0.2,-10.184093475341797,-0.19999999999999984,666941950.5412158,0.21190928092555672,-1.1915637579326699
1821,1919,senegal,0.2,-10.184093475341797,-0.19999999999999984,666941950.5412158,0.21190928092555672,-1.1915637579326699
1822,1920,senegal,0.2,-10.184093475341797,-0.19999999999999984,666941950.5412158,0.21190928092555672,-1.1915637579326699
1823,1921,senegal,0.6,-6.407699108123779,0.06666666666666665,585305886.8285749,0.23800511644987243,1.3451210467929804
1824,1922,senegal,0.6,-6.407699108123779,0.06666666666666665,585305886.8285749,0.23800511644987243,1.3451210467929804
1825,1923,senegal,0.6,-6.407699108123779,0.06666666666666665,585305886.8285749,0.23800511644987243,1.3451210467929804
1826,1924,senegal,0.6,-6.407699108123779,0.06666666666666665,585305886.8285749,0.23800511644987243,1.3451210467929804
1827,1925,senegal,0.6,-6.407699108123779,0.06666666666666665,585305886.8285749,0.23800511644987243,1.3451210467929804
1828,1926,senegal,0.6,-6.407699108123779,0.06666666666666665,585305886.8285749,0.23800511644987243,1.3451210467929804
1829,1927,senegal,0.6,-6.407699108123779,0.06666666666666665,585305886.8285749,0.23800511644987243,1.3451210467929804
1830,1928,senegal,0.6,-6.407699108123779,0.06666666666666665,585305886.8285749,0.23800511644987243,1.3451210467929804
1831,1929,senegal,0.6,-6.407699108123779,0.06666666666666665,585305886.8285749,0.23800511644987243,1.3451210467929804
1832,1930,senegal,0.6,-6.407699108123779,0.06666666666666665,585305886.8285749,0.23800511644987243,1.3451210467929804
1833,1931,senegal,0.6,-7.928843855857849,0.06666666666666665,510972526.16162413,0.1950797888483733,-1.8608584821354848
1834,1932,senegal,0.6,-7.928843855857849,0.06666666666666665,510972526.16162413,0.1950797888483733,-1.8608584821354848
1835,1933,senegal,0.6,-7.928843855857849,0.06666666666666665,510972526.16162413,0.1950797888483733,-1.8608584821354848
1836,1934,senegal,0.6,-7.928843855857849,0.06666666666666665,510972526.16162413,0.1950797888483733,-1.8608584821354848
1837,1935,senegal,0.6,-7.928843855857849,0.06666666666666665,510972526.16162413,0.1950797888483733,-1.8608584821354848
1838,1936,senegal,0.6,-7.928843855857849,0.06666666666666665,510972526.16162413,0.1950797888483733,-1.8608584821354848
1839,1937,senegal,0.6,-7.928843855857849,0.06666666666666665,510972526.16162413,0.1950797888483733,-1.8608584821354848
1840,1938,senegal,0.6,-7.928843855857849,0.06666666666666665,510972526.16162413,0.1950797888483733,-1.8608584821354848
1841,1939,senegal,0.6,-7.928843855857849,0.06666666666666665,510972526.16162413,0.1950797888483733,-1.8608584821354848
1842,1940,senegal,0.6,-7.928843855857849,0.06666666666666665,510972526.16162413,0.1950797888483733,-1.8608584821354848
1843,1941,senegal,0.4,-8.674299001693726,-0.3999999999999999,557779009.8056456,0.27566857767662095,1.4545358624914169
1844,1942,senegal,0.4,-8.674299001693726,-0.3999999999999999,557779009.8056456,0.27566857767662095,1.4545358624914169
1845,1943,senegal,0.4,-8.674299001693726,-0.3999999999999999,557779009.8056456,0.27566857767662095,1.4545358624914169
1846,1944,senegal,0.4,-8.674299001693726,-0.3999999999999999,557779009.8056456,0.27566857767662095,1.4545358624914169
1847,1945,senegal,0.4,-8.674299001693726,-0.3999999999999999,557779009.8056456,0.27566857767662095,1.4545358624914169
1848,1946,senegal,0.4,-8.674299001693726,-0.3999999999999999,557779009.8056456,0.27566857767662095,1.4545358624914169
1849,1947,senegal,0.4,-8.674299001693726,-0.3999999999999999,557779009.8056456,0.27566857767662095,1.4545358624914169
1850,1948,senegal,0.4,-8.674299001693726,-0.3999999999999999,557779009.8056456,0.27566857767662095,1.4545358624914169
1851,1949,senegal,0.4,-8.674299001693726,-0.3999999999999999,557779009.8056456,0.27566857767662095,1.4545358624914169
1852,1950,senegal,0.4,-8.674299001693726,-0.3999999999999999,557779009.8056456,0.27566857767662095,1.4545358624914169
1853,1951,senegal,0.6,-7.133998990058899,-0.5999999999999999,465199361.4414932,0.2785493596651296,1.2269975944773786
1854,1952,senegal,0.6,-7.133998990058899,-0.5999999999999999,465199361.4414932,0.2785493596651296,1.2269975944773786
1855,1953,senegal,0.6,-7.133998990058899,-0.5999999999999999,465199361.4414932,0.2785493596651296,1.2269975944773786
1856,1954,senegal,0.6,-7.133998990058899,-0.5999999999999999,465199361.4414932,0.2785493596651296,1.2269975944773786
1857,1955,senegal,0.6,-7.133998990058899,-0.5999999999999999,465199361.4414932,0.2785493596651296,1.2269975944773786
1858,1956,senegal,0.6,-7.133998990058899,-0.5999999999999999,465199361.4414932,0.2785493596651296,1.2269975944773786
1859,1957,senegal,0.6,-7.133998990058899,-0.5999999999999999,465199361.4414932,0.2785493596651296,1.2269975944773786
1860,1959,senegal,0.6,-7.133998990058899,-0.5999999999999999,465199361.4414932,0.2785493596651296,1.2269975944773786
1861,1961,senegal,0.6,-7.133998990058899,-0.5999999999999999,465199361.4414932,0.2785493596651296,1.2269975944773786
